sample_index,status,partial_completion_applied,partial_completion_error,partial_completion_missing_pieces,partial_completion_legal_translations,partial_completion_candidates,rounds_attempted,rounds_accepted,total_global_candidates,total_poses,total_recorded_poses,total_completion_candidates,total_recorded_completion_candidates,completion_beam_width,selected_row_shift,selected_column_shift,selected_completion_index,selected_completion_origin,prediction_changed,beam_prediction_changed_vs_s1a3,initial_e1_mean_adjacency_score,final_e1_mean_adjacency_score,final_e1_mutual_top1_edges,baseline_correct_pieces,completed_baseline_correct_pieces,s1a3_reference_correct_pieces,selected_correct_pieces,piece_change,beam_piece_change_vs_s1a3,baseline_PA,baseline_AA,baseline_HA,baseline_VA,baseline_SRA,baseline_NA,completed_baseline_PA,completed_baseline_AA,completed_baseline_HA,completed_baseline_VA,completed_baseline_SRA,completed_baseline_NA,s1a3_reference_PA,s1a3_reference_AA,s1a3_reference_HA,s1a3_reference_VA,s1a3_reference_SRA,s1a3_reference_NA,selected_PA,selected_AA,selected_HA,selected_VA,selected_SRA,selected_NA
0,no_strict_e1_improvement,0,,,,,1,0,1,1,1,1,1,4,0,0,-1,current,0,0,0.7438791121045748,0.7438791121045748,8,3,3,3,3,0,0,0,0.3333333333333333,1.0,0.0,0.5,0.75,0,0.3333333333333333,1.0,0.0,0.5,0.75,0,0.3333333333333333,1.0,0.0,0.5,0.75,0,0.3333333333333333,1.0,0.0,0.5,0.75
1,partial_completed__max_rounds,1,,3,2,4,1,1,2,1,1,2,2,4,0,0,0,s1a3_greedy,1,0,0.6261295601725578,0.5085829521218935,5,4,0,0,0,-4,0,0,0.4444444444444444,0.3333333333333333,0.16666666666666666,0.25,0.25,0,0.0,0.3333333333333333,0.16666666666666666,0.25,0.3333333333333333,0,0.0,0.3333333333333333,0.16666666666666666,0.25,0.4166666666666667,0,0.0,0.3333333333333333,0.16666666666666666,0.25,0.4166666666666667
2,small_component,0,,,,,1,0,0,0,0,0,0,4,0,0,-1,current,0,0,0.954532211025556,0.954532211025556,3,0,0,0,0,0,0,0,0.0,0.16666666666666666,0.16666666666666666,0.16666666666666666,0.25,0,0.0,0.16666666666666666,0.16666666666666666,0.16666666666666666,0.25,0,0.0,0.16666666666666666,0.16666666666666666,0.16666666666666666,0.25,0,0.0,0.16666666666666666,0.16666666666666666,0.16666666666666666,0.25
3,partial_completed__no_strict_e1_improvement,1,,3,2,3,1,0,1,1,1,1,1,4,0,0,-1,current,1,0,0.4603128160039584,0.4603128160039584,10,6,0,0,0,-6,0,0,0.6666666666666666,0.6666666666666666,0.5,0.5833333333333334,0.5833333333333334,0,0.0,1.0,0.5,0.75,0.75,0,0.0,1.0,0.5,0.75,0.75,0,0.0,1.0,0.5,0.75,0.75
4,no_strict_e1_improvement,0,,,,,1,0,1,1,1,2,2,4,0,0,-1,current,0,0,0.6275377521912257,0.6275377521912257,4,0,0,0,0,0,0,0,0.0,0.16666666666666666,0.3333333333333333,0.25,0.4166666666666667,0,0.0,0.16666666666666666,0.3333333333333333,0.25,0.4166666666666667,0,0.0,0.16666666666666666,0.3333333333333333,0.25,0.4166666666666667,0,0.0,0.16666666666666666,0.3333333333333333,0.25,0.4166666666666667
5,no_strict_e1_improvement,0,,,,,1,0,1,1,1,1,1,4,0,0,-1,current,0,0,0.6361452974379063,0.6361452974379063,11,9,9,9,9,0,0,1,1.0,1.0,1.0,1.0,1.0,1,1.0,1.0,1.0,1.0,1.0,1,1.0,1.0,1.0,1.0,1.0,1,1.0,1.0,1.0,1.0,1.0
6,no_strict_e1_improvement,0,,,,,1,0,1,1,1,1,1,4,0,0,-1,current,0,0,0.8035543163617452,0.8035543163617452,10,9,9,9,9,0,0,1,1.0,1.0,1.0,1.0,1.0,1,1.0,1.0,1.0,1.0,1.0,1,1.0,1.0,1.0,1.0,1.0,1,1.0,1.0,1.0,1.0,1.0
7,partial_completed__no_strict_e1_improvement,1,,3,2,4,1,0,1,1,1,1,1,4,0,0,-1,current,1,0,0.7600687518715858,0.7600687518715858,8,5,7,7,7,2,0,0,0.5555555555555556,0.3333333333333333,0.5,0.4166666666666667,0.4166666666666667,0,0.7777777777777778,0.6666666666666666,0.6666666666666666,0.6666666666666666,0.75,0,0.7777777777777778,0.6666666666666666,0.6666666666666666,0.6666666666666666,0.75,0,0.7777777777777778,0.6666666666666666,0.6666666666666666,0.6666666666666666,0.75
8,no_strict_e1_improvement,0,,,,,1,0,2,2,2,6,6,4,0,0,-1,current,0,0,0.7008487731218338,0.7008487731218338,8,0,0,0,0,0,0,0,0.0,0.5,0.8333333333333334,0.6666666666666666,0.6666666666666666,0,0.0,0.5,0.8333333333333334,0.6666666666666666,0.6666666666666666,0,0.0,0.5,0.8333333333333334,0.6666666666666666,0.6666666666666666,0,0.0,0.5,0.8333333333333334,0.6666666666666666,0.6666666666666666
9,no_strict_e1_improvement,0,,,,,1,0,1,1,1,1,1,4,0,0,-1,current,0,0,0.5025332843263944,0.5025332843263944,8,1,1,1,1,0,0,0,0.1111111111111111,0.16666666666666666,0.3333333333333333,0.25,0.4166666666666667,0,0.1111111111111111,0.16666666666666666,0.3333333333333333,0.25,0.4166666666666667,0,0.1111111111111111,0.16666666666666666,0.3333333333333333,0.25,0.4166666666666667,0,0.1111111111111111,0.16666666666666666,0.3333333333333333,0.25,0.4166666666666667
10,small_component,0,,,,,1,0,0,0,0,0,0,4,0,0,-1,current,0,0,0.6346472625931104,0.6346472625931104,8,7,7,7,7,0,0,0,0.7777777777777778,0.6666666666666666,0.3333333333333333,0.5,0.5833333333333334,0,0.7777777777777778,0.6666666666666666,0.3333333333333333,0.5,0.5833333333333334,0,0.7777777777777778,0.6666666666666666,0.3333333333333333,0.5,0.5833333333333334,0,0.7777777777777778,0.6666666666666666,0.3333333333333333,0.5,0.5833333333333334
11,small_component,0,,,,,1,0,0,0,0,0,0,4,0,0,-1,current,0,0,0.7471719558040301,0.7471719558040301,4,5,5,5,5,0,0,0,0.5555555555555556,0.6666666666666666,0.16666666666666666,0.4166666666666667,0.75,0,0.5555555555555556,0.6666666666666666,0.16666666666666666,0.4166666666666667,0.75,0,0.5555555555555556,0.6666666666666666,0.16666666666666666,0.4166666666666667,0.75,0,0.5555555555555556,0.6666666666666666,0.16666666666666666,0.4166666666666667,0.75
12,max_rounds,0,,,,,1,1,3,2,2,6,6,4,0,0,0,s1a3_greedy,1,0,0.6530529434482256,0.48278044164180756,8,2,2,3,3,1,0,0,0.2222222222222222,0.16666666666666666,0.6666666666666666,0.4166666666666667,0.5833333333333334,0,0.2222222222222222,0.16666666666666666,0.6666666666666666,0.4166666666666667,0.5833333333333334,0,0.3333333333333333,0.0,1.0,0.5,0.75,0,0.3333333333333333,0.0,1.0,0.5,0.75
13,no_strict_e1_improvement,0,,,,,1,0,1,1,1,1,1,4,0,0,-1,current,0,0,0.5633555501699448,0.5633555501699448,8,9,9,9,9,0,0,1,1.0,1.0,1.0,1.0,1.0,1,1.0,1.0,1.0,1.0,1.0,1,1.0,1.0,1.0,1.0,1.0,1,1.0,1.0,1.0,1.0,1.0
14,no_strict_e1_improvement,0,,,,,1,0,1,1,1,1,1,4,0,0,-1,current,0,0,0.713286911447843,0.713286911447843,12,9,9,9,9,0,0,1,1.0,1.0,1.0,1.0,1.0,1,1.0,1.0,1.0,1.0,1.0,1,1.0,1.0,1.0,1.0,1.0,1,1.0,1.0,1.0,1.0,1.0
15,max_rounds,0,,,,,1,1,3,2,2,8,8,4,-1,0,0,s1a3_greedy,1,0,0.7961067060629526,0.7685643037160238,7,0,0,2,2,2,0,0,0.0,0.3333333333333333,0.5,0.4166666666666667,0.5833333333333334,0,0.0,0.3333333333333333,0.5,0.4166666666666667,0.5833333333333334,0,0.2222222222222222,0.3333333333333333,0.5,0.4166666666666667,0.5833333333333334,0,0.2222222222222222,0.3333333333333333,0.5,0.4166666666666667,0.5833333333333334
16,no_strict_e1_improvement,0,,,,,1,0,1,1,1,1,1,4,0,0,-1,current,0,0,0.6662746767203013,0.6662746767203013,7,0,0,0,0,0,0,0,0.0,1.0,0.5,0.75,0.75,0,0.0,1.0,0.5,0.75,0.75,0,0.0,1.0,0.5,0.75,0.75,0,0.0,1.0,0.5,0.75,0.75
17,no_strict_e1_improvement,0,,,,,1,0,1,1,1,1,1,4,0,0,-1,current,0,0,0.5590143675605456,0.5590143675605456,9,9,9,9,9,0,0,1,1.0,1.0,1.0,1.0,1.0,1,1.0,1.0,1.0,1.0,1.0,1,1.0,1.0,1.0,1.0,1.0,1,1.0,1.0,1.0,1.0,1.0
18,no_strict_e1_improvement,0,,,,,1,0,1,1,1,1,1,4,0,0,-1,current,0,0,0.6345900148153305,0.6345900148153305,7,0,0,0,0,0,0,0,0.0,0.5,0.6666666666666666,0.5833333333333334,0.5833333333333334,0,0.0,0.5,0.6666666666666666,0.5833333333333334,0.5833333333333334,0,0.0,0.5,0.6666666666666666,0.5833333333333334,0.5833333333333334,0,0.0,0.5,0.6666666666666666,0.5833333333333334,0.5833333333333334
19,no_strict_e1_improvement,0,,,,,1,0,1,1,1,1,1,4,0,0,-1,current,0,0,0.5802800158659617,0.5802800158659617,10,9,9,9,9,0,0,1,1.0,1.0,1.0,1.0,1.0,1,1.0,1.0,1.0,1.0,1.0,1,1.0,1.0,1.0,1.0,1.0,1,1.0,1.0,1.0,1.0,1.0
20,no_strict_e1_improvement,0,,,,,1,0,1,1,1,1,1,4,0,0,-1,current,0,0,0.5612120578686396,0.5612120578686396,8,0,0,0,0,0,0,0,0.0,1.0,0.5,0.75,0.75,0,0.0,1.0,0.5,0.75,0.75,0,0.0,1.0,0.5,0.75,0.75,0,0.0,1.0,0.5,0.75,0.75
21,no_strict_e1_improvement,0,,,,,1,0,1,1,1,1,1,4,0,0,-1,current,0,0,0.644867941737175,0.644867941737175,9,9,9,9,9,0,0,1,1.0,1.0,1.0,1.0,1.0,1,1.0,1.0,1.0,1.0,1.0,1,1.0,1.0,1.0,1.0,1.0,1,1.0,1.0,1.0,1.0,1.0
22,no_strict_e1_improvement,0,,,,,1,0,2,2,2,6,6,4,0,0,-1,current,0,0,0.6169612829883894,0.6169612829883894,10,9,9,9,9,0,0,1,1.0,1.0,1.0,1.0,1.0,1,1.0,1.0,1.0,1.0,1.0,1,1.0,1.0,1.0,1.0,1.0,1,1.0,1.0,1.0,1.0,1.0
23,no_strict_e1_improvement,0,,,,,1,0,1,1,1,1,1,4,0,0,-1,current,0,0,0.6244161576032639,0.6244161576032639,5,0,0,0,0,0,0,0,0.0,0.6666666666666666,0.16666666666666666,0.4166666666666667,0.5,0,0.0,0.6666666666666666,0.16666666666666666,0.4166666666666667,0.5,0,0.0,0.6666666666666666,0.16666666666666666,0.4166666666666667,0.5,0,0.0,0.6666666666666666,0.16666666666666666,0.4166666666666667,0.5
24,max_rounds,0,,,,,1,1,2,2,2,5,5,4,0,1,0,s1a3_greedy,1,0,0.6498022750020027,0.629026564459006,11,0,0,9,9,9,0,0,0.0,0.5,1.0,0.75,0.75,0,0.0,0.5,1.0,0.75,0.75,1,1.0,1.0,1.0,1.0,1.0,1,1.0,1.0,1.0,1.0,1.0
25,max_rounds,0,,,,,1,1,2,2,2,6,6,4,0,1,0,s1a3_greedy,1,0,0.63396588464578,0.6184184749921163,7,2,2,5,5,3,0,0,0.2222222222222222,0.16666666666666666,0.6666666666666666,0.4166666666666667,0.75,0,0.2222222222222222,0.16666666666666666,0.6666666666666666,0.4166666666666667,0.75,0,0.5555555555555556,0.3333333333333333,0.6666666666666666,0.5,0.6666666666666666,0,0.5555555555555556,0.3333333333333333,0.6666666666666666,0.5,0.6666666666666666
26,no_strict_e1_improvement,0,,,,,1,0,1,1,1,1,1,4,0,0,-1,current,0,0,0.6585966770847639,0.6585966770847639,9,9,9,9,9,0,0,1,1.0,1.0,1.0,1.0,1.0,1,1.0,1.0,1.0,1.0,1.0,1,1.0,1.0,1.0,1.0,1.0,1,1.0,1.0,1.0,1.0,1.0
27,max_rounds,0,,,,,1,1,3,2,2,8,8,4,0,1,1,profiled_beam,1,1,0.920075091222922,0.8311863814791044,6,1,1,1,0,-1,-1,0,0.1111111111111111,0.16666666666666666,0.5,0.3333333333333333,0.6666666666666666,0,0.1111111111111111,0.16666666666666666,0.5,0.3333333333333333,0.6666666666666666,0,0.1111111111111111,0.16666666666666666,0.5,0.3333333333333333,0.5833333333333334,0,0.0,0.3333333333333333,0.6666666666666666,0.5,0.6666666666666666
28,no_strict_e1_improvement,0,,,,,1,0,5,4,4,15,15,4,0,0,-1,current,0,0,0.6950038770834605,0.6950038770834605,7,3,3,3,3,0,0,0,0.3333333333333333,0.0,1.0,0.5,0.75,0,0.3333333333333333,0.0,1.0,0.5,0.75,0,0.3333333333333333,0.0,1.0,0.5,0.75,0,0.3333333333333333,0.0,1.0,0.5,0.75
29,no_strict_e1_improvement,0,,,,,1,0,1,1,1,1,1,4,0,0,-1,current,0,0,0.5362333084146181,0.5362333084146181,7,0,0,0,0,0,0,0,0.0,0.3333333333333333,0.16666666666666666,0.25,0.5833333333333334,0,0.0,0.3333333333333333,0.16666666666666666,0.25,0.5833333333333334,0,0.0,0.3333333333333333,0.16666666666666666,0.25,0.5833333333333334,0,0.0,0.3333333333333333,0.16666666666666666,0.25,0.5833333333333334
30,max_rounds,0,,,,,1,1,4,4,4,10,10,4,1,-1,0,s1a3_greedy,1,0,0.806461326777935,0.6058148741722107,9,0,0,9,9,9,0,0,0.0,0.5,0.5,0.5,0.5,0,0.0,0.5,0.5,0.5,0.5,1,1.0,1.0,1.0,1.0,1.0,1,1.0,1.0,1.0,1.0,1.0
31,no_strict_e1_improvement,0,,,,,1,0,1,1,1,1,1,4,0,0,-1,current,0,0,0.6471078097820282,0.6471078097820282,9,0,0,0,0,0,0,0,0.0,0.5,1.0,0.75,0.75,0,0.0,0.5,1.0,0.75,0.75,0,0.0,0.5,1.0,0.75,0.75,0,0.0,0.5,1.0,0.75,0.75
32,max_rounds,0,,,,,1,1,4,4,4,15,15,4,1,0,0,s1a3_greedy,1,0,0.7550597637891769,0.7549126793940862,6,0,0,1,1,1,0,0,0.0,0.3333333333333333,0.3333333333333333,0.3333333333333333,0.5833333333333334,0,0.0,0.3333333333333333,0.3333333333333333,0.3333333333333333,0.5833333333333334,0,0.1111111111111111,0.3333333333333333,0.3333333333333333,0.3333333333333333,0.5,0,0.1111111111111111,0.3333333333333333,0.3333333333333333,0.3333333333333333,0.5
33,no_strict_e1_improvement,0,,,,,1,0,1,1,1,1,1,4,0,0,-1,current,0,0,0.5253056238094965,0.5253056238094965,8,9,9,9,9,0,0,1,1.0,1.0,1.0,1.0,1.0,1,1.0,1.0,1.0,1.0,1.0,1,1.0,1.0,1.0,1.0,1.0,1,1.0,1.0,1.0,1.0,1.0
34,partial_completed__no_strict_e1_improvement,1,,3,2,3,1,0,2,2,2,7,7,4,0,0,-1,current,1,0,0.8176439652840296,0.8176439652840296,7,6,9,9,9,3,0,0,0.6666666666666666,0.5,0.6666666666666666,0.5833333333333334,0.5833333333333334,1,1.0,1.0,1.0,1.0,1.0,1,1.0,1.0,1.0,1.0,1.0,1,1.0,1.0,1.0,1.0,1.0
35,no_strict_e1_improvement,0,,,,,1,0,1,1,1,1,1,4,0,0,-1,current,0,0,0.681255134443442,0.681255134443442,8,7,7,7,7,0,0,0,0.7777777777777778,0.6666666666666666,0.6666666666666666,0.6666666666666666,0.75,0,0.7777777777777778,0.6666666666666666,0.6666666666666666,0.6666666666666666,0.75,0,0.7777777777777778,0.6666666666666666,0.6666666666666666,0.6666666666666666,0.75,0,0.7777777777777778,0.6666666666666666,0.6666666666666666,0.6666666666666666,0.75
36,no_strict_e1_improvement,0,,,,,1,0,1,1,1,1,1,4,0,0,-1,current,0,0,0.7424985741575559,0.7424985741575559,9,0,0,0,0,0,0,0,0.0,0.5,0.8333333333333334,0.6666666666666666,0.6666666666666666,0,0.0,0.5,0.8333333333333334,0.6666666666666666,0.6666666666666666,0,0.0,0.5,0.8333333333333334,0.6666666666666666,0.6666666666666666,0,0.0,0.5,0.8333333333333334,0.6666666666666666,0.6666666666666666
37,no_strict_e1_improvement,0,,,,,1,0,1,1,1,1,1,4,0,0,-1,current,0,0,0.588464210430781,0.588464210430781,6,0,0,0,0,0,0,0,0.0,0.5,1.0,0.75,0.75,0,0.0,0.5,1.0,0.75,0.75,0,0.0,0.5,1.0,0.75,0.75,0,0.0,0.5,1.0,0.75,0.75
38,no_strict_e1_improvement,0,,,,,1,0,1,1,1,1,1,4,0,0,-1,current,0,0,0.646280455092589,0.646280455092589,9,9,9,9,9,0,0,1,1.0,1.0,1.0,1.0,1.0,1,1.0,1.0,1.0,1.0,1.0,1,1.0,1.0,1.0,1.0,1.0,1,1.0,1.0,1.0,1.0,1.0
39,no_strict_e1_improvement,0,,,,,1,0,1,1,1,1,1,4,0,0,-1,current,0,0,0.5816090926527977,0.5816090926527977,9,0,0,0,0,0,0,0,0.0,0.5,1.0,0.75,0.75,0,0.0,0.5,1.0,0.75,0.75,0,0.0,0.5,1.0,0.75,0.75,0,0.0,0.5,1.0,0.75,0.75
40,no_strict_e1_improvement,0,,,,,1,0,1,1,1,1,1,4,0,0,-1,current,0,0,0.5424748385945956,0.5424748385945956,6,0,0,0,0,0,0,0,0.0,0.5,0.6666666666666666,0.5833333333333334,0.6666666666666666,0,0.0,0.5,0.6666666666666666,0.5833333333333334,0.6666666666666666,0,0.0,0.5,0.6666666666666666,0.5833333333333334,0.6666666666666666,0,0.0,0.5,0.6666666666666666,0.5833333333333334,0.6666666666666666
41,max_rounds,0,,,,,1,1,2,2,2,6,6,4,0,-1,0,s1a3_greedy,1,0,0.6418006420135498,0.6045205717285475,6,0,0,9,9,9,0,0,0.0,0.5,1.0,0.75,0.75,0,0.0,0.5,1.0,0.75,0.75,1,1.0,1.0,1.0,1.0,1.0,1,1.0,1.0,1.0,1.0,1.0
42,small_component,0,,,,,1,0,0,0,0,0,0,4,0,0,-1,current,0,0,0.5651056120793024,0.5651056120793024,8,9,9,9,9,0,0,1,1.0,1.0,1.0,1.0,1.0,1,1.0,1.0,1.0,1.0,1.0,1,1.0,1.0,1.0,1.0,1.0,1,1.0,1.0,1.0,1.0,1.0
43,no_strict_e1_improvement,0,,,,,1,0,2,2,2,7,7,4,0,0,-1,current,0,0,0.6372132872541746,0.6372132872541746,9,9,9,9,9,0,0,1,1.0,1.0,1.0,1.0,1.0,1,1.0,1.0,1.0,1.0,1.0,1,1.0,1.0,1.0,1.0,1.0,1,1.0,1.0,1.0,1.0,1.0
44,no_strict_e1_improvement,0,,,,,1,0,1,1,1,1,1,4,0,0,-1,current,0,0,0.6104769582549731,0.6104769582549731,9,0,0,0,0,0,0,0,0.0,0.5,0.8333333333333334,0.6666666666666666,0.6666666666666666,0,0.0,0.5,0.8333333333333334,0.6666666666666666,0.6666666666666666,0,0.0,0.5,0.8333333333333334,0.6666666666666666,0.6666666666666666,0,0.0,0.5,0.8333333333333334,0.6666666666666666,0.6666666666666666
45,max_rounds,0,,,,,1,1,3,2,2,7,7,4,0,-1,1,profiled_beam,1,1,0.795447364449501,0.7279061128695806,5,0,0,0,1,1,1,0,0.0,0.5,0.5,0.5,0.5,0,0.0,0.5,0.5,0.5,0.5,0,0.0,0.5,0.5,0.5,0.5,0,0.1111111111111111,0.6666666666666666,0.3333333333333333,0.5,0.5833333333333334
46,max_rounds,0,,,,,1,1,3,2,2,6,6,4,0,1,0,s1a3_greedy,1,0,0.684540775914987,0.5643924077351888,10,0,0,9,9,9,0,0,0.0,0.5,0.8333333333333334,0.6666666666666666,0.6666666666666666,0,0.0,0.5,0.8333333333333334,0.6666666666666666,0.6666666666666666,1,1.0,1.0,1.0,1.0,1.0,1,1.0,1.0,1.0,1.0,1.0
47,no_strict_e1_improvement,0,,,,,1,0,1,1,1,1,1,4,0,0,-1,current,0,0,0.5919687300920486,0.5919687300920486,9,9,9,9,9,0,0,1,1.0,1.0,1.0,1.0,1.0,1,1.0,1.0,1.0,1.0,1.0,1,1.0,1.0,1.0,1.0,1.0,1,1.0,1.0,1.0,1.0,1.0
48,small_component,0,,,,,1,0,0,0,0,0,0,4,0,0,-1,current,0,0,0.9290162771940231,0.9290162771940231,3,0,0,0,0,0,0,0,0.0,0.5,0.6666666666666666,0.5833333333333334,0.5833333333333334,0,0.0,0.5,0.6666666666666666,0.5833333333333334,0.5833333333333334,0,0.0,0.5,0.6666666666666666,0.5833333333333334,0.5833333333333334,0,0.0,0.5,0.6666666666666666,0.5833333333333334,0.5833333333333334
49,no_strict_e1_improvement,0,,,,,1,0,2,2,2,7,7,4,0,0,-1,current,0,0,0.699607123931249,0.699607123931249,9,0,0,0,0,0,0,0,0.0,0.5,1.0,0.75,0.75,0,0.0,0.5,1.0,0.75,0.75,0,0.0,0.5,1.0,0.75,0.75,0,0.0,0.5,1.0,0.75,0.75
50,no_strict_e1_improvement,0,,,,,1,0,1,1,1,1,1,4,0,0,-1,current,0,0,0.6361037890116373,0.6361037890116373,9,9,9,9,9,0,0,1,1.0,1.0,1.0,1.0,1.0,1,1.0,1.0,1.0,1.0,1.0,1,1.0,1.0,1.0,1.0,1.0,1,1.0,1.0,1.0,1.0,1.0
51,no_strict_e1_improvement,0,,,,,1,0,1,1,1,1,1,4,0,0,-1,current,0,0,0.49519871175289154,0.49519871175289154,9,0,0,0,0,0,0,0,0.0,0.5,1.0,0.75,0.75,0,0.0,0.5,1.0,0.75,0.75,0,0.0,0.5,1.0,0.75,0.75,0,0.0,0.5,1.0,0.75,0.75
52,no_strict_e1_improvement,0,,,,,1,0,1,1,1,1,1,4,0,0,-1,current,0,0,0.45952945947647095,0.45952945947647095,8,3,3,3,3,0,0,0,0.3333333333333333,0.6666666666666666,0.5,0.5833333333333334,0.5833333333333334,0,0.3333333333333333,0.6666666666666666,0.5,0.5833333333333334,0.5833333333333334,0,0.3333333333333333,0.6666666666666666,0.5,0.5833333333333334,0.5833333333333334,0,0.3333333333333333,0.6666666666666666,0.5,0.5833333333333334,0.5833333333333334
53,no_strict_e1_improvement,0,,,,,1,0,1,1,1,1,1,4,0,0,-1,current,0,0,0.6983685692151388,0.6983685692151388,9,0,0,0,0,0,0,0,0.0,0.5,0.5,0.5,0.5,0,0.0,0.5,0.5,0.5,0.5,0,0.0,0.5,0.5,0.5,0.5,0,0.0,0.5,0.5,0.5,0.5
54,no_strict_e1_improvement,0,,,,,1,0,2,2,2,5,5,4,0,0,-1,current,0,0,0.6817387317617735,0.6817387317617735,8,3,3,3,3,0,0,0,0.3333333333333333,0.0,1.0,0.5,0.75,0,0.3333333333333333,0.0,1.0,0.5,0.75,0,0.3333333333333333,0.0,1.0,0.5,0.75,0,0.3333333333333333,0.0,1.0,0.5,0.75
55,max_rounds,0,,,,,1,1,3,2,2,5,5,4,0,0,0,s1a3_greedy,1,0,0.8064718892176946,0.8028425524632136,4,0,0,0,0,0,0,0,0.0,0.16666666666666666,0.6666666666666666,0.4166666666666667,0.6666666666666666,0,0.0,0.16666666666666666,0.6666666666666666,0.4166666666666667,0.6666666666666666,0,0.0,0.0,0.8333333333333334,0.4166666666666667,0.6666666666666666,0,0.0,0.0,0.8333333333333334,0.4166666666666667,0.6666666666666666
56,partial_completed__no_strict_e1_improvement,1,,3,2,4,1,0,1,1,1,1,1,4,0,0,-1,current,1,0,0.6793053771058718,0.6793053771058718,10,0,0,0,0,0,0,0,0.0,0.5,0.6666666666666666,0.5833333333333334,0.5833333333333334,0,0.0,0.5,1.0,0.75,0.75,0,0.0,0.5,1.0,0.75,0.75,0,0.0,0.5,1.0,0.75,0.75
57,no_strict_e1_improvement,0,,,,,1,0,1,1,1,1,1,4,0,0,-1,current,0,0,0.645230603714784,0.645230603714784,9,9,9,9,9,0,0,1,1.0,1.0,1.0,1.0,1.0,1,1.0,1.0,1.0,1.0,1.0,1,1.0,1.0,1.0,1.0,1.0,1,1.0,1.0,1.0,1.0,1.0
58,max_rounds,0,,,,,1,1,3,2,2,8,8,4,0,-1,1,profiled_beam,1,1,0.6918137470881144,0.6842090661327044,8,1,1,0,0,-1,0,0,0.1111111111111111,0.6666666666666666,0.3333333333333333,0.5,0.6666666666666666,0,0.1111111111111111,0.6666666666666666,0.3333333333333333,0.5,0.6666666666666666,0,0.0,0.5,0.6666666666666666,0.5833333333333334,0.5833333333333334,0,0.0,0.5,0.3333333333333333,0.4166666666666667,0.5
59,no_strict_e1_improvement,0,,,,,1,0,2,2,2,6,6,4,0,0,-1,current,0,0,0.6806902438402176,0.6806902438402176,6,6,6,6,6,0,0,0,0.6666666666666666,0.8333333333333334,0.5,0.6666666666666666,0.6666666666666666,0,0.6666666666666666,0.8333333333333334,0.5,0.6666666666666666,0.6666666666666666,0,0.6666666666666666,0.8333333333333334,0.5,0.6666666666666666,0.6666666666666666,0,0.6666666666666666,0.8333333333333334,0.5,0.6666666666666666,0.6666666666666666
60,max_rounds,0,,,,,1,1,3,2,2,7,7,4,0,0,0,s1a3_greedy,1,0,0.5022872189680735,0.47768240918715793,6,2,2,3,3,1,0,0,0.2222222222222222,0.6666666666666666,0.16666666666666666,0.4166666666666667,0.5833333333333334,0,0.2222222222222222,0.6666666666666666,0.16666666666666666,0.4166666666666667,0.5833333333333334,0,0.3333333333333333,1.0,0.0,0.5,0.75,0,0.3333333333333333,1.0,0.0,0.5,0.75
61,small_component,0,,,,,1,0,0,0,0,0,0,4,0,0,-1,current,0,0,0.8669429769118627,0.8669429769118627,4,2,2,2,2,0,0,0,0.2222222222222222,0.16666666666666666,0.16666666666666666,0.16666666666666666,0.3333333333333333,0,0.2222222222222222,0.16666666666666666,0.16666666666666666,0.16666666666666666,0.3333333333333333,0,0.2222222222222222,0.16666666666666666,0.16666666666666666,0.16666666666666666,0.3333333333333333,0,0.2222222222222222,0.16666666666666666,0.16666666666666666,0.16666666666666666,0.3333333333333333
62,small_component,0,,,,,1,0,0,0,0,0,0,4,0,0,-1,current,0,0,0.7190224081277847,0.7190224081277847,9,9,9,9,9,0,0,1,1.0,1.0,1.0,1.0,1.0,1,1.0,1.0,1.0,1.0,1.0,1,1.0,1.0,1.0,1.0,1.0,1,1.0,1.0,1.0,1.0,1.0
63,no_strict_e1_improvement,0,,,,,1,0,1,1,1,1,1,4,0,0,-1,current,0,0,0.5765505507588387,0.5765505507588387,9,0,0,0,0,0,0,0,0.0,0.5,1.0,0.75,0.75,0,0.0,0.5,1.0,0.75,0.75,0,0.0,0.5,1.0,0.75,0.75,0,0.0,0.5,1.0,0.75,0.75
64,no_strict_e1_improvement,0,,,,,1,0,1,1,1,2,2,4,0,0,-1,current,0,0,0.6140648151437441,0.6140648151437441,5,0,0,0,0,0,0,0,0.0,0.8333333333333334,0.0,0.4166666666666667,0.4166666666666667,0,0.0,0.8333333333333334,0.0,0.4166666666666667,0.4166666666666667,0,0.0,0.8333333333333334,0.0,0.4166666666666667,0.4166666666666667,0,0.0,0.8333333333333334,0.0,0.4166666666666667,0.4166666666666667
65,partial_completed__max_rounds,1,,3,2,4,1,1,5,4,4,15,15,4,-1,0,0,s1a3_greedy,1,0,0.8546963085730871,0.7351448908448219,6,0,0,0,0,0,0,0,0.0,0.0,0.3333333333333333,0.16666666666666666,0.16666666666666666,0,0.0,0.0,0.3333333333333333,0.16666666666666666,0.25,0,0.0,0.0,0.6666666666666666,0.3333333333333333,0.3333333333333333,0,0.0,0.0,0.6666666666666666,0.3333333333333333,0.3333333333333333
66,no_strict_e1_improvement,0,,,,,1,0,1,1,1,1,1,4,0,0,-1,current,0,0,0.6042575413982073,0.6042575413982073,8,9,9,9,9,0,0,1,1.0,1.0,1.0,1.0,1.0,1,1.0,1.0,1.0,1.0,1.0,1,1.0,1.0,1.0,1.0,1.0,1,1.0,1.0,1.0,1.0,1.0
67,no_strict_e1_improvement,0,,,,,1,0,1,1,1,1,1,4,0,0,-1,current,0,0,0.5638178947071234,0.5638178947071234,11,0,0,0,0,0,0,0,0.0,1.0,0.5,0.75,0.75,0,0.0,1.0,0.5,0.75,0.75,0,0.0,1.0,0.5,0.75,0.75,0,0.0,1.0,0.5,0.75,0.75
68,max_rounds,0,,,,,1,1,2,2,2,7,7,4,0,-1,0,s1a3_greedy,1,0,0.7404347707827886,0.6793385396401087,10,0,0,9,9,9,0,0,0.0,0.5,1.0,0.75,0.75,0,0.0,0.5,1.0,0.75,0.75,1,1.0,1.0,1.0,1.0,1.0,1,1.0,1.0,1.0,1.0,1.0
69,no_strict_e1_improvement,0,,,,,1,0,1,1,1,1,1,4,0,0,-1,current,0,0,0.537597676118215,0.537597676118215,11,9,9,9,9,0,0,1,1.0,1.0,1.0,1.0,1.0,1,1.0,1.0,1.0,1.0,1.0,1,1.0,1.0,1.0,1.0,1.0,1,1.0,1.0,1.0,1.0,1.0
70,no_strict_e1_improvement,0,,,,,1,0,2,2,2,6,6,4,0,0,-1,current,0,0,0.6724988544980685,0.6724988544980685,9,9,9,9,9,0,0,1,1.0,1.0,1.0,1.0,1.0,1,1.0,1.0,1.0,1.0,1.0,1,1.0,1.0,1.0,1.0,1.0,1,1.0,1.0,1.0,1.0,1.0
71,no_strict_e1_improvement,0,,,,,1,0,1,1,1,1,1,4,0,0,-1,current,0,0,0.6051190619667371,0.6051190619667371,7,0,0,0,0,0,0,0,0.0,0.5,1.0,0.75,0.75,0,0.0,0.5,1.0,0.75,0.75,0,0.0,0.5,1.0,0.75,0.75,0,0.0,0.5,1.0,0.75,0.75
72,no_strict_e1_improvement,0,,,,,1,0,1,1,1,1,1,4,0,0,-1,current,0,0,0.7557308524847031,0.7557308524847031,8,9,9,9,9,0,0,1,1.0,1.0,1.0,1.0,1.0,1,1.0,1.0,1.0,1.0,1.0,1,1.0,1.0,1.0,1.0,1.0,1,1.0,1.0,1.0,1.0,1.0
73,no_strict_e1_improvement,0,,,,,1,0,1,1,1,1,1,4,0,0,-1,current,0,0,0.6575641532739004,0.6575641532739004,10,0,0,0,0,0,0,0,0.0,0.5,0.3333333333333333,0.4166666666666667,0.75,0,0.0,0.5,0.3333333333333333,0.4166666666666667,0.75,0,0.0,0.5,0.3333333333333333,0.4166666666666667,0.75,0,0.0,0.5,0.3333333333333333,0.4166666666666667,0.75
74,max_rounds,0,,,,,1,1,2,2,2,6,6,4,0,1,0,s1a3_greedy,1,0,0.854012650748094,0.8449392765760422,7,5,5,2,2,-3,0,0,0.5555555555555556,0.3333333333333333,0.6666666666666666,0.5,0.6666666666666666,0,0.5555555555555556,0.3333333333333333,0.6666666666666666,0.5,0.6666666666666666,0,0.2222222222222222,0.16666666666666666,0.6666666666666666,0.4166666666666667,0.5833333333333334,0,0.2222222222222222,0.16666666666666666,0.6666666666666666,0.4166666666666667,0.5833333333333334
75,no_strict_e1_improvement,0,,,,,1,0,1,1,1,1,1,4,0,0,-1,current,0,0,0.6994755864143372,0.6994755864143372,4,4,4,4,4,0,0,0,0.4444444444444444,0.5,0.16666666666666666,0.3333333333333333,0.5833333333333334,0,0.4444444444444444,0.5,0.16666666666666666,0.3333333333333333,0.5833333333333334,0,0.4444444444444444,0.5,0.16666666666666666,0.3333333333333333,0.5833333333333334,0,0.4444444444444444,0.5,0.16666666666666666,0.3333333333333333,0.5833333333333334
76,no_strict_e1_improvement,0,,,,,1,0,2,2,2,7,7,4,0,0,-1,current,0,0,0.7062223305304846,0.7062223305304846,7,9,9,9,9,0,0,1,1.0,1.0,1.0,1.0,1.0,1,1.0,1.0,1.0,1.0,1.0,1,1.0,1.0,1.0,1.0,1.0,1,1.0,1.0,1.0,1.0,1.0
77,max_rounds,0,,,,,1,1,5,4,4,14,14,4,0,0,1,profiled_beam,1,1,0.7605342343449593,0.6622800926367441,7,2,2,3,5,3,2,0,0.2222222222222222,0.16666666666666666,0.5,0.3333333333333333,0.4166666666666667,0,0.2222222222222222,0.16666666666666666,0.5,0.3333333333333333,0.4166666666666667,0,0.3333333333333333,0.0,1.0,0.5,0.75,0,0.5555555555555556,0.3333333333333333,0.6666666666666666,0.5,0.6666666666666666
78,partial_completed__no_strict_e1_improvement,1,,3,2,4,1,0,4,4,4,14,14,4,0,0,-1,current,1,0,0.7277610152959824,0.7277610152959824,7,0,0,0,0,0,0,0,0.0,0.3333333333333333,0.0,0.16666666666666666,0.16666666666666666,0,0.0,0.5,0.0,0.25,0.5,0,0.0,0.5,0.0,0.25,0.5,0,0.0,0.5,0.0,0.25,0.5
79,no_strict_e1_improvement,0,,,,,1,0,2,2,2,7,7,4,0,0,-1,current,0,0,0.7598049441973368,0.7598049441973368,8,0,0,0,0,0,0,0,0.0,0.5,0.8333333333333334,0.6666666666666666,0.6666666666666666,0,0.0,0.5,0.8333333333333334,0.6666666666666666,0.6666666666666666,0,0.0,0.5,0.8333333333333334,0.6666666666666666,0.6666666666666666,0,0.0,0.5,0.8333333333333334,0.6666666666666666,0.6666666666666666
80,no_strict_e1_improvement,0,,,,,1,0,1,1,1,1,1,4,0,0,-1,current,0,0,0.6169992710153261,0.6169992710153261,9,9,9,9,9,0,0,1,1.0,1.0,1.0,1.0,1.0,1,1.0,1.0,1.0,1.0,1.0,1,1.0,1.0,1.0,1.0,1.0,1,1.0,1.0,1.0,1.0,1.0
81,no_strict_e1_improvement,0,,,,,1,0,1,1,1,1,1,4,0,0,-1,current,0,0,0.6302594964702924,0.6302594964702924,10,9,9,9,9,0,0,1,1.0,1.0,1.0,1.0,1.0,1,1.0,1.0,1.0,1.0,1.0,1,1.0,1.0,1.0,1.0,1.0,1,1.0,1.0,1.0,1.0,1.0
82,no_strict_e1_improvement,0,,,,,1,0,1,1,1,1,1,4,0,0,-1,current,0,0,0.6520167117317518,0.6520167117317518,7,9,9,9,9,0,0,1,1.0,1.0,1.0,1.0,1.0,1,1.0,1.0,1.0,1.0,1.0,1,1.0,1.0,1.0,1.0,1.0,1,1.0,1.0,1.0,1.0,1.0
83,no_strict_e1_improvement,0,,,,,1,0,1,1,1,2,2,4,0,0,-1,current,0,0,0.6572054425875345,0.6572054425875345,7,4,4,4,4,0,0,0,0.4444444444444444,0.5,0.16666666666666666,0.3333333333333333,0.4166666666666667,0,0.4444444444444444,0.5,0.16666666666666666,0.3333333333333333,0.4166666666666667,0,0.4444444444444444,0.5,0.16666666666666666,0.3333333333333333,0.4166666666666667,0,0.4444444444444444,0.5,0.16666666666666666,0.3333333333333333,0.4166666666666667
84,no_strict_e1_improvement,0,,,,,1,0,1,1,1,1,1,4,0,0,-1,current,0,0,0.49766680349906284,0.49766680349906284,10,0,0,0,0,0,0,0,0.0,1.0,0.5,0.75,0.75,0,0.0,1.0,0.5,0.75,0.75,0,0.0,1.0,0.5,0.75,0.75,0,0.0,1.0,0.5,0.75,0.75
85,partial_completed__max_rounds,1,,3,2,4,1,1,3,2,2,7,7,4,0,0,1,profiled_beam,1,1,0.6588359425465266,0.6233206937710444,7,3,3,3,3,0,0,0,0.3333333333333333,0.0,0.6666666666666666,0.3333333333333333,0.3333333333333333,0,0.3333333333333333,0.0,0.8333333333333334,0.4166666666666667,0.4166666666666667,0,0.3333333333333333,0.0,0.8333333333333334,0.4166666666666667,0.4166666666666667,0,0.3333333333333333,0.0,1.0,0.5,0.75
86,max_rounds,0,,,,,1,1,5,4,4,15,15,4,0,0,1,profiled_beam,1,1,0.8464705993731817,0.7952867796023687,7,6,6,6,9,3,3,0,0.6666666666666666,0.5,0.8333333333333334,0.6666666666666666,0.6666666666666666,0,0.6666666666666666,0.5,0.8333333333333334,0.6666666666666666,0.6666666666666666,0,0.6666666666666666,0.5,0.8333333333333334,0.6666666666666666,0.6666666666666666,1,1.0,1.0,1.0,1.0,1.0
87,small_component,0,,,,,1,0,0,0,0,0,0,4,0,0,-1,current,0,0,0.6095514173309008,0.6095514173309008,7,9,9,9,9,0,0,1,1.0,1.0,1.0,1.0,1.0,1,1.0,1.0,1.0,1.0,1.0,1,1.0,1.0,1.0,1.0,1.0,1,1.0,1.0,1.0,1.0,1.0
88,max_rounds,0,,,,,1,1,2,2,2,6,6,4,-1,0,0,s1a3_greedy,1,0,0.7085865164796511,0.614804781973362,8,0,0,0,0,0,0,0,0.0,0.5,0.5,0.5,0.5,0,0.0,0.5,0.5,0.5,0.5,0,0.0,0.5,1.0,0.75,0.75,0,0.0,0.5,1.0,0.75,0.75
89,no_strict_e1_improvement,0,,,,,1,0,1,1,1,1,1,4,0,0,-1,current,0,0,0.5669101228316625,0.5669101228316625,9,0,0,0,0,0,0,0,0.0,0.5,1.0,0.75,0.75,0,0.0,0.5,1.0,0.75,0.75,0,0.0,0.5,1.0,0.75,0.75,0,0.0,0.5,1.0,0.75,0.75
90,no_strict_e1_improvement,0,,,,,1,0,1,1,1,1,1,4,0,0,-1,current,0,0,0.6990680595239004,0.6990680595239004,8,0,0,0,0,0,0,0,0.0,0.5,1.0,0.75,0.75,0,0.0,0.5,1.0,0.75,0.75,0,0.0,0.5,1.0,0.75,0.75,0,0.0,0.5,1.0,0.75,0.75
91,no_strict_e1_improvement,0,,,,,1,0,1,1,1,1,1,4,0,0,-1,current,0,0,0.5352750805517038,0.5352750805517038,11,0,0,0,0,0,0,0,0.0,1.0,0.5,0.75,0.75,0,0.0,1.0,0.5,0.75,0.75,0,0.0,1.0,0.5,0.75,0.75,0,0.0,1.0,0.5,0.75,0.75
92,no_strict_e1_improvement,0,,,,,1,0,1,1,1,1,1,4,0,0,-1,current,0,0,0.6810588538646698,0.6810588538646698,11,9,9,9,9,0,0,1,1.0,1.0,1.0,1.0,1.0,1,1.0,1.0,1.0,1.0,1.0,1,1.0,1.0,1.0,1.0,1.0,1,1.0,1.0,1.0,1.0,1.0
93,max_rounds,0,,,,,1,1,2,2,2,6,6,4,0,1,0,s1a3_greedy,1,0,0.7621976857384046,0.7218839824199677,7,3,3,3,3,0,0,0,0.3333333333333333,0.0,1.0,0.5,1.0,0,0.3333333333333333,0.0,1.0,0.5,1.0,0,0.3333333333333333,0.0,1.0,0.5,0.75,0,0.3333333333333333,0.0,1.0,0.5,0.75
94,no_strict_e1_improvement,0,,,,,1,0,1,1,1,1,1,4,0,0,-1,current,0,0,0.6910999442140261,0.6910999442140261,9,0,0,0,0,0,0,0,0.0,0.5,1.0,0.75,0.75,0,0.0,0.5,1.0,0.75,0.75,0,0.0,0.5,1.0,0.75,0.75,0,0.0,0.5,1.0,0.75,0.75
95,partial_completed__small_component,1,,3,2,4,1,0,0,0,0,0,0,4,0,0,-1,current,1,0,0.7350026518106461,0.7350026518106461,6,4,5,5,5,1,0,0,0.4444444444444444,0.16666666666666666,0.3333333333333333,0.25,0.3333333333333333,0,0.5555555555555556,0.16666666666666666,0.3333333333333333,0.25,0.5,0,0.5555555555555556,0.16666666666666666,0.3333333333333333,0.25,0.5,0,0.5555555555555556,0.16666666666666666,0.3333333333333333,0.25,0.5
96,no_strict_e1_improvement,0,,,,,1,0,1,1,1,1,1,4,0,0,-1,current,0,0,0.672418383260568,0.672418383260568,9,9,9,9,9,0,0,1,1.0,1.0,1.0,1.0,1.0,1,1.0,1.0,1.0,1.0,1.0,1,1.0,1.0,1.0,1.0,1.0,1,1.0,1.0,1.0,1.0,1.0
97,no_strict_e1_improvement,0,,,,,1,0,1,1,1,1,1,4,0,0,-1,current,0,0,0.5211825147271156,0.5211825147271156,12,9,9,9,9,0,0,1,1.0,1.0,1.0,1.0,1.0,1,1.0,1.0,1.0,1.0,1.0,1,1.0,1.0,1.0,1.0,1.0,1,1.0,1.0,1.0,1.0,1.0
98,no_strict_e1_improvement,0,,,,,1,0,1,1,1,1,1,4,0,0,-1,current,0,0,0.7523474593957266,0.7523474593957266,7,0,0,0,0,0,0,0,0.0,0.5,1.0,0.75,0.75,0,0.0,0.5,1.0,0.75,0.75,0,0.0,0.5,1.0,0.75,0.75,0,0.0,0.5,1.0,0.75,0.75
99,small_component,0,,,,,1,0,0,0,0,0,0,4,0,0,-1,current,0,0,0.6858860502640406,0.6858860502640406,8,9,9,9,9,0,0,1,1.0,1.0,1.0,1.0,1.0,1,1.0,1.0,1.0,1.0,1.0,1,1.0,1.0,1.0,1.0,1.0,1,1.0,1.0,1.0,1.0,1.0
100,no_strict_e1_improvement,0,,,,,1,0,1,1,1,1,1,4,0,0,-1,current,0,0,0.5174143984913826,0.5174143984913826,9,9,9,9,9,0,0,1,1.0,1.0,1.0,1.0,1.0,1,1.0,1.0,1.0,1.0,1.0,1,1.0,1.0,1.0,1.0,1.0,1,1.0,1.0,1.0,1.0,1.0
101,no_strict_e1_improvement,0,,,,,1,0,1,1,1,1,1,4,0,0,-1,current,0,0,0.5085206106305122,0.5085206106305122,11,9,9,9,9,0,0,1,1.0,1.0,1.0,1.0,1.0,1,1.0,1.0,1.0,1.0,1.0,1,1.0,1.0,1.0,1.0,1.0,1,1.0,1.0,1.0,1.0,1.0
102,max_rounds,0,,,,,1,1,3,2,2,7,7,4,0,-1,0,s1a3_greedy,1,0,0.8448471352458,0.7154385596513748,8,0,0,9,9,9,0,0,0.0,0.5,0.6666666666666666,0.5833333333333334,0.75,0,0.0,0.5,0.6666666666666666,0.5833333333333334,0.75,1,1.0,1.0,1.0,1.0,1.0,1,1.0,1.0,1.0,1.0,1.0
103,small_component,0,,,,,1,0,0,0,0,0,0,4,0,0,-1,current,0,0,0.7289339900016785,0.7289339900016785,5,1,1,1,1,0,0,0,0.1111111111111111,0.16666666666666666,0.3333333333333333,0.25,0.3333333333333333,0,0.1111111111111111,0.16666666666666666,0.3333333333333333,0.25,0.3333333333333333,0,0.1111111111111111,0.16666666666666666,0.3333333333333333,0.25,0.3333333333333333,0,0.1111111111111111,0.16666666666666666,0.3333333333333333,0.25,0.3333333333333333
104,max_rounds,0,,,,,1,1,3,2,2,7,7,4,0,0,0,s1a3_greedy,1,0,0.7665905604759852,0.7256729900836945,7,0,0,0,0,0,0,0,0.0,0.3333333333333333,0.6666666666666666,0.5,0.6666666666666666,0,0.0,0.3333333333333333,0.6666666666666666,0.5,0.6666666666666666,0,0.0,0.5,0.8333333333333334,0.6666666666666666,0.6666666666666666,0,0.0,0.5,0.8333333333333334,0.6666666666666666,0.6666666666666666
105,max_rounds,0,,,,,1,1,2,2,2,6,6,4,0,-1,0,s1a3_greedy,1,0,0.5822063932816187,0.5782484163840612,4,1,1,4,4,3,0,0,0.1111111111111111,0.3333333333333333,0.16666666666666666,0.25,0.4166666666666667,0,0.1111111111111111,0.3333333333333333,0.16666666666666666,0.25,0.4166666666666667,0,0.4444444444444444,0.5,0.16666666666666666,0.3333333333333333,0.4166666666666667,0,0.4444444444444444,0.5,0.16666666666666666,0.3333333333333333,0.4166666666666667
106,no_strict_e1_improvement,0,,,,,1,0,1,1,1,1,1,4,0,0,-1,current,0,0,0.558288094898065,0.558288094898065,12,0,0,0,0,0,0,0,0.0,0.5,1.0,0.75,0.75,0,0.0,0.5,1.0,0.75,0.75,0,0.0,0.5,1.0,0.75,0.75,0,0.0,0.5,1.0,0.75,0.75
107,max_rounds,0,,,,,1,1,3,2,2,6,6,4,0,1,1,profiled_beam,1,1,0.7444340338309606,0.6669692620635033,5,0,0,0,0,0,0,0,0.0,0.16666666666666666,0.6666666666666666,0.4166666666666667,0.5,0,0.0,0.16666666666666666,0.6666666666666666,0.4166666666666667,0.5,0,0.0,0.16666666666666666,0.6666666666666666,0.4166666666666667,0.5,0,0.0,0.5,1.0,0.75,0.75
108,no_strict_e1_improvement,0,,,,,1,0,2,2,2,7,7,4,0,0,-1,current,0,0,0.5854471524556478,0.5854471524556478,11,9,9,9,9,0,0,1,1.0,1.0,1.0,1.0,1.0,1,1.0,1.0,1.0,1.0,1.0,1,1.0,1.0,1.0,1.0,1.0,1,1.0,1.0,1.0,1.0,1.0
109,no_strict_e1_improvement,0,,,,,1,0,1,1,1,1,1,4,0,0,-1,current,0,0,0.7975908294320107,0.7975908294320107,10,9,9,9,9,0,0,1,1.0,1.0,1.0,1.0,1.0,1,1.0,1.0,1.0,1.0,1.0,1,1.0,1.0,1.0,1.0,1.0,1,1.0,1.0,1.0,1.0,1.0
110,no_strict_e1_improvement,0,,,,,1,0,1,1,1,1,1,4,0,0,-1,current,0,0,0.5656378219525019,0.5656378219525019,9,0,0,0,0,0,0,0,0.0,0.5,1.0,0.75,0.75,0,0.0,0.5,1.0,0.75,0.75,0,0.0,0.5,1.0,0.75,0.75,0,0.0,0.5,1.0,0.75,0.75
111,no_strict_e1_improvement,0,,,,,1,0,1,1,1,1,1,4,0,0,-1,current,0,0,0.6802148073911667,0.6802148073911667,8,9,9,9,9,0,0,1,1.0,1.0,1.0,1.0,1.0,1,1.0,1.0,1.0,1.0,1.0,1,1.0,1.0,1.0,1.0,1.0,1,1.0,1.0,1.0,1.0,1.0
112,no_strict_e1_improvement,0,,,,,1,0,1,1,1,1,1,4,0,0,-1,current,0,0,0.5847633257508278,0.5847633257508278,12,9,9,9,9,0,0,1,1.0,1.0,1.0,1.0,1.0,1,1.0,1.0,1.0,1.0,1.0,1,1.0,1.0,1.0,1.0,1.0,1,1.0,1.0,1.0,1.0,1.0
113,no_strict_e1_improvement,0,,,,,1,0,1,1,1,1,1,4,0,0,-1,current,0,0,0.5655812695622444,0.5655812695622444,10,0,0,0,0,0,0,0,0.0,0.5,1.0,0.75,0.75,0,0.0,0.5,1.0,0.75,0.75,0,0.0,0.5,1.0,0.75,0.75,0,0.0,0.5,1.0,0.75,0.75
114,no_strict_e1_improvement,0,,,,,1,0,1,1,1,1,1,4,0,0,-1,current,0,0,0.5797372907400131,0.5797372907400131,8,7,7,7,7,0,0,0,0.7777777777777778,0.6666666666666666,0.6666666666666666,0.6666666666666666,0.75,0,0.7777777777777778,0.6666666666666666,0.6666666666666666,0.6666666666666666,0.75,0,0.7777777777777778,0.6666666666666666,0.6666666666666666,0.6666666666666666,0.75,0,0.7777777777777778,0.6666666666666666,0.6666666666666666,0.6666666666666666,0.75
115,max_rounds,0,,,,,1,1,5,4,4,15,15,4,0,0,1,profiled_beam,1,1,0.7563350449005762,0.6197089180350304,4,3,3,0,0,-3,0,0,0.3333333333333333,0.5,0.6666666666666666,0.5833333333333334,0.5833333333333334,0,0.3333333333333333,0.5,0.6666666666666666,0.5833333333333334,0.5833333333333334,0,0.0,0.5,0.5,0.5,0.5,0,0.0,1.0,0.5,0.75,0.75
116,no_strict_e1_improvement,0,,,,,1,0,1,1,1,1,1,4,0,0,-1,current,0,0,0.7792946274081866,0.7792946274081866,6,0,0,0,0,0,0,0,0.0,0.5,0.8333333333333334,0.6666666666666666,0.6666666666666666,0,0.0,0.5,0.8333333333333334,0.6666666666666666,0.6666666666666666,0,0.0,0.5,0.8333333333333334,0.6666666666666666,0.6666666666666666,0,0.0,0.5,0.8333333333333334,0.6666666666666666,0.6666666666666666
117,no_strict_e1_improvement,0,,,,,1,0,1,1,1,1,1,4,0,0,-1,current,0,0,0.6465448612968127,0.6465448612968127,7,9,9,9,9,0,0,1,1.0,1.0,1.0,1.0,1.0,1,1.0,1.0,1.0,1.0,1.0,1,1.0,1.0,1.0,1.0,1.0,1,1.0,1.0,1.0,1.0,1.0
118,no_strict_e1_improvement,0,,,,,1,0,1,1,1,1,1,4,0,0,-1,current,0,0,0.46793745706478757,0.46793745706478757,7,9,9,9,9,0,0,1,1.0,1.0,1.0,1.0,1.0,1,1.0,1.0,1.0,1.0,1.0,1,1.0,1.0,1.0,1.0,1.0,1,1.0,1.0,1.0,1.0,1.0
119,max_rounds,0,,,,,1,1,2,2,2,6,6,4,0,-1,0,s1a3_greedy,1,0,0.8529100169738134,0.8292980541785558,9,1,1,1,1,0,0,0,0.1111111111111111,0.3333333333333333,0.6666666666666666,0.5,0.5833333333333334,0,0.1111111111111111,0.3333333333333333,0.6666666666666666,0.5,0.5833333333333334,0,0.1111111111111111,0.3333333333333333,0.6666666666666666,0.5,0.5833333333333334,0,0.1111111111111111,0.3333333333333333,0.6666666666666666,0.5,0.5833333333333334
120,small_component,0,,,,,1,0,0,0,0,0,0,4,0,0,-1,current,0,0,0.6732417121529579,0.6732417121529579,7,0,0,0,0,0,0,0,0.0,0.5,1.0,0.75,0.75,0,0.0,0.5,1.0,0.75,0.75,0,0.0,0.5,1.0,0.75,0.75,0,0.0,0.5,1.0,0.75,0.75
121,no_strict_e1_improvement,0,,,,,1,0,1,1,1,1,1,4,0,0,-1,current,0,0,0.6624639009435972,0.6624639009435972,9,0,0,0,0,0,0,0,0.0,0.5,1.0,0.75,0.75,0,0.0,0.5,1.0,0.75,0.75,0,0.0,0.5,1.0,0.75,0.75,0,0.0,0.5,1.0,0.75,0.75
122,no_strict_e1_improvement,0,,,,,1,0,1,1,1,2,2,4,0,0,-1,current,0,0,0.8099453374743462,0.8099453374743462,7,0,0,0,0,0,0,0,0.0,0.5,1.0,0.75,0.75,0,0.0,0.5,1.0,0.75,0.75,0,0.0,0.5,1.0,0.75,0.75,0,0.0,0.5,1.0,0.75,0.75
123,no_strict_e1_improvement,0,,,,,1,0,2,2,2,7,7,4,0,0,-1,current,0,0,0.690347746014595,0.690347746014595,9,9,9,9,9,0,0,1,1.0,1.0,1.0,1.0,1.0,1,1.0,1.0,1.0,1.0,1.0,1,1.0,1.0,1.0,1.0,1.0,1,1.0,1.0,1.0,1.0,1.0
124,max_rounds,0,,,,,1,1,2,2,2,6,6,4,0,-1,1,profiled_beam,1,1,0.8073955525954565,0.8019805997610092,6,0,0,0,0,0,0,0,0.0,1.0,0.5,0.75,0.75,0,0.0,1.0,0.5,0.75,0.75,0,0.0,1.0,0.5,0.75,0.75,0,0.0,0.5,0.6666666666666666,0.5833333333333334,0.5833333333333334
125,max_rounds,0,,,,,1,1,5,4,4,16,16,4,0,0,1,profiled_beam,1,1,0.8375115493933359,0.6959440931677818,4,2,2,3,4,2,1,0,0.2222222222222222,0.6666666666666666,0.0,0.3333333333333333,0.4166666666666667,0,0.2222222222222222,0.6666666666666666,0.0,0.3333333333333333,0.4166666666666667,0,0.3333333333333333,0.5,0.0,0.25,0.6666666666666666,0,0.4444444444444444,0.6666666666666666,0.16666666666666666,0.4166666666666667,0.5
126,max_rounds,0,,,,,1,1,2,2,2,7,7,4,0,1,0,s1a3_greedy,1,0,0.6721667349338531,0.6224244832992554,9,0,0,9,9,9,0,0,0.0,0.5,1.0,0.75,0.75,0,0.0,0.5,1.0,0.75,0.75,1,1.0,1.0,1.0,1.0,1.0,1,1.0,1.0,1.0,1.0,1.0
127,max_rounds,0,,,,,1,1,3,2,2,6,6,4,0,0,1,profiled_beam,1,1,0.7933570519089699,0.6365176513791084,7,6,6,7,9,3,2,0,0.6666666666666666,0.5,0.8333333333333334,0.6666666666666666,0.6666666666666666,0,0.6666666666666666,0.5,0.8333333333333334,0.6666666666666666,0.6666666666666666,0,0.7777777777777778,0.6666666666666666,0.6666666666666666,0.6666666666666666,0.75,1,1.0,1.0,1.0,1.0,1.0
128,no_strict_e1_improvement,0,,,,,1,0,1,1,1,1,1,4,0,0,-1,current,0,0,0.6929500252008438,0.6929500252008438,9,9,9,9,9,0,0,1,1.0,1.0,1.0,1.0,1.0,1,1.0,1.0,1.0,1.0,1.0,1,1.0,1.0,1.0,1.0,1.0,1,1.0,1.0,1.0,1.0,1.0
129,max_rounds,0,,,,,1,1,2,2,2,7,7,4,0,-1,0,s1a3_greedy,1,0,0.758765901128451,0.7323757658402125,7,0,0,9,9,9,0,0,0.0,0.5,1.0,0.75,0.75,0,0.0,0.5,1.0,0.75,0.75,1,1.0,1.0,1.0,1.0,1.0,1,1.0,1.0,1.0,1.0,1.0
130,no_strict_e1_improvement,0,,,,,1,0,1,1,1,1,1,4,0,0,-1,current,0,0,0.5971792762478193,0.5971792762478193,7,4,4,4,4,0,0,0,0.4444444444444444,0.5,0.3333333333333333,0.4166666666666667,0.5833333333333334,0,0.4444444444444444,0.5,0.3333333333333333,0.4166666666666667,0.5833333333333334,0,0.4444444444444444,0.5,0.3333333333333333,0.4166666666666667,0.5833333333333334,0,0.4444444444444444,0.5,0.3333333333333333,0.4166666666666667,0.5833333333333334
131,max_rounds,0,,,,,1,1,5,4,4,16,16,4,1,0,1,profiled_beam,1,1,0.5981424922744433,0.5824552004535993,4,2,2,2,0,-2,-2,0,0.2222222222222222,0.0,0.0,0.0,0.4166666666666667,0,0.2222222222222222,0.0,0.0,0.0,0.4166666666666667,0,0.2222222222222222,0.0,0.0,0.0,0.4166666666666667,0,0.0,0.0,0.0,0.0,0.25
132,no_strict_e1_improvement,0,,,,,1,0,1,1,1,1,1,4,0,0,-1,current,0,0,0.6448188498616219,0.6448188498616219,8,9,9,9,9,0,0,1,1.0,1.0,1.0,1.0,1.0,1,1.0,1.0,1.0,1.0,1.0,1,1.0,1.0,1.0,1.0,1.0,1,1.0,1.0,1.0,1.0,1.0
133,no_strict_e1_improvement,0,,,,,1,0,1,1,1,1,1,4,0,0,-1,current,0,0,0.6395034541686376,0.6395034541686376,10,9,9,9,9,0,0,1,1.0,1.0,1.0,1.0,1.0,1,1.0,1.0,1.0,1.0,1.0,1,1.0,1.0,1.0,1.0,1.0,1,1.0,1.0,1.0,1.0,1.0
134,no_strict_e1_improvement,0,,,,,1,0,1,1,1,1,1,4,0,0,-1,current,0,0,0.4681942177315553,0.4681942177315553,8,0,0,0,0,0,0,0,0.0,0.5,1.0,0.75,0.75,0,0.0,0.5,1.0,0.75,0.75,0,0.0,0.5,1.0,0.75,0.75,0,0.0,0.5,1.0,0.75,0.75
135,no_strict_e1_improvement,0,,,,,1,0,1,1,1,1,1,4,0,0,-1,current,0,0,0.47371022403240204,0.47371022403240204,11,0,0,0,0,0,0,0,0.0,0.5,0.5,0.5,0.5,0,0.0,0.5,0.5,0.5,0.5,0,0.0,0.5,0.5,0.5,0.5,0,0.0,0.5,0.5,0.5,0.5
136,no_strict_e1_improvement,0,,,,,1,0,1,1,1,1,1,4,0,0,-1,current,0,0,0.6781713763872782,0.6781713763872782,9,9,9,9,9,0,0,1,1.0,1.0,1.0,1.0,1.0,1,1.0,1.0,1.0,1.0,1.0,1,1.0,1.0,1.0,1.0,1.0,1,1.0,1.0,1.0,1.0,1.0
137,no_strict_e1_improvement,0,,,,,1,0,1,1,1,1,1,4,0,0,-1,current,0,0,0.6332188993692398,0.6332188993692398,7,9,9,9,9,0,0,1,1.0,1.0,1.0,1.0,1.0,1,1.0,1.0,1.0,1.0,1.0,1,1.0,1.0,1.0,1.0,1.0,1,1.0,1.0,1.0,1.0,1.0
138,no_strict_e1_improvement,0,,,,,1,0,1,1,1,1,1,4,0,0,-1,current,0,0,0.6219246238470078,0.6219246238470078,10,9,9,9,9,0,0,1,1.0,1.0,1.0,1.0,1.0,1,1.0,1.0,1.0,1.0,1.0,1,1.0,1.0,1.0,1.0,1.0,1,1.0,1.0,1.0,1.0,1.0
139,max_rounds,0,,,,,1,1,2,2,2,6,6,4,-1,0,0,s1a3_greedy,1,0,0.7246344710389773,0.6378833428025246,10,0,0,9,9,9,0,0,0.0,1.0,0.5,0.75,0.75,0,0.0,1.0,0.5,0.75,0.75,1,1.0,1.0,1.0,1.0,1.0,1,1.0,1.0,1.0,1.0,1.0
140,max_rounds,0,,,,,1,1,3,2,2,7,7,4,0,0,0,s1a3_greedy,1,0,0.8475649828712145,0.7106825336813927,6,7,7,9,9,2,0,0,0.7777777777777778,0.6666666666666666,0.6666666666666666,0.6666666666666666,0.8333333333333334,0,0.7777777777777778,0.6666666666666666,0.6666666666666666,0.6666666666666666,0.8333333333333334,1,1.0,1.0,1.0,1.0,1.0,1,1.0,1.0,1.0,1.0,1.0
141,no_strict_e1_improvement,0,,,,,1,0,2,2,2,7,7,4,0,0,-1,current,0,0,0.5752709582448006,0.5752709582448006,11,9,9,9,9,0,0,1,1.0,1.0,1.0,1.0,1.0,1,1.0,1.0,1.0,1.0,1.0,1,1.0,1.0,1.0,1.0,1.0,1,1.0,1.0,1.0,1.0,1.0
142,no_strict_e1_improvement,0,,,,,1,0,1,1,1,1,1,4,0,0,-1,current,0,0,0.5977315356334051,0.5977315356334051,11,0,0,0,0,0,0,0,0.0,0.5,1.0,0.75,0.75,0,0.0,0.5,1.0,0.75,0.75,0,0.0,0.5,1.0,0.75,0.75,0,0.0,0.5,1.0,0.75,0.75
143,max_rounds,0,,,,,1,1,5,4,4,16,16,4,0,0,1,profiled_beam,1,1,0.7573856463034948,0.6537761936585108,5,0,0,0,3,3,3,0,0.0,0.16666666666666666,0.5,0.3333333333333333,0.4166666666666667,0,0.0,0.16666666666666666,0.5,0.3333333333333333,0.4166666666666667,0,0.0,0.16666666666666666,0.3333333333333333,0.25,0.3333333333333333,0,0.3333333333333333,0.6666666666666666,0.16666666666666666,0.4166666666666667,0.5833333333333334
144,no_strict_e1_improvement,0,,,,,1,0,1,1,1,1,1,4,0,0,-1,current,0,0,0.7223009839653969,0.7223009839653969,10,9,9,9,9,0,0,1,1.0,1.0,1.0,1.0,1.0,1,1.0,1.0,1.0,1.0,1.0,1,1.0,1.0,1.0,1.0,1.0,1,1.0,1.0,1.0,1.0,1.0
145,max_rounds,0,,,,,1,1,3,2,2,6,6,4,0,0,0,s1a3_greedy,1,0,0.8263095530370871,0.6339168238143126,8,7,7,9,9,2,0,0,0.7777777777777778,0.6666666666666666,0.6666666666666666,0.6666666666666666,0.75,0,0.7777777777777778,0.6666666666666666,0.6666666666666666,0.6666666666666666,0.75,1,1.0,1.0,1.0,1.0,1.0,1,1.0,1.0,1.0,1.0,1.0
146,no_strict_e1_improvement,0,,,,,1,0,1,1,1,1,1,4,0,0,-1,current,0,0,0.6066240444779396,0.6066240444779396,8,0,0,0,0,0,0,0,0.0,0.5,1.0,0.75,0.75,0,0.0,0.5,1.0,0.75,0.75,0,0.0,0.5,1.0,0.75,0.75,0,0.0,0.5,1.0,0.75,0.75
147,no_strict_e1_improvement,0,,,,,1,0,1,1,1,1,1,4,0,0,-1,current,0,0,0.5738287741939226,0.5738287741939226,9,0,0,0,0,0,0,0,0.0,0.5,0.5,0.5,0.5,0,0.0,0.5,0.5,0.5,0.5,0,0.0,0.5,0.5,0.5,0.5,0,0.0,0.5,0.5,0.5,0.5
148,no_strict_e1_improvement,0,,,,,1,0,1,1,1,1,1,4,0,0,-1,current,0,0,0.7081881811221441,0.7081881811221441,9,9,9,9,9,0,0,1,1.0,1.0,1.0,1.0,1.0,1,1.0,1.0,1.0,1.0,1.0,1,1.0,1.0,1.0,1.0,1.0,1,1.0,1.0,1.0,1.0,1.0
149,no_strict_e1_improvement,0,,,,,1,0,1,1,1,1,1,4,0,0,-1,current,0,0,0.6074410627285639,0.6074410627285639,7,7,7,7,7,0,0,0,0.7777777777777778,0.6666666666666666,0.6666666666666666,0.6666666666666666,0.75,0,0.7777777777777778,0.6666666666666666,0.6666666666666666,0.6666666666666666,0.75,0,0.7777777777777778,0.6666666666666666,0.6666666666666666,0.6666666666666666,0.75,0,0.7777777777777778,0.6666666666666666,0.6666666666666666,0.6666666666666666,0.75
150,no_strict_e1_improvement,0,,,,,1,0,1,1,1,1,1,4,0,0,-1,current,0,0,0.44438739369312924,0.44438739369312924,8,0,0,0,0,0,0,0,0.0,0.5,1.0,0.75,0.75,0,0.0,0.5,1.0,0.75,0.75,0,0.0,0.5,1.0,0.75,0.75,0,0.0,0.5,1.0,0.75,0.75
151,small_component,0,,,,,1,0,0,0,0,0,0,4,0,0,-1,current,0,0,0.8613244841496149,0.8613244841496149,4,1,1,1,1,0,0,0,0.1111111111111111,0.16666666666666666,0.0,0.08333333333333333,0.4166666666666667,0,0.1111111111111111,0.16666666666666666,0.0,0.08333333333333333,0.4166666666666667,0,0.1111111111111111,0.16666666666666666,0.0,0.08333333333333333,0.4166666666666667,0,0.1111111111111111,0.16666666666666666,0.0,0.08333333333333333,0.4166666666666667
152,max_rounds,0,,,,,1,1,3,2,2,7,7,4,0,0,0,s1a3_greedy,1,0,0.7037804573774338,0.6238418916861216,7,7,7,9,9,2,0,0,0.7777777777777778,0.6666666666666666,0.6666666666666666,0.6666666666666666,0.8333333333333334,0,0.7777777777777778,0.6666666666666666,0.6666666666666666,0.6666666666666666,0.8333333333333334,1,1.0,1.0,1.0,1.0,1.0,1,1.0,1.0,1.0,1.0,1.0
153,small_component,0,,,,,1,0,0,0,0,0,0,4,0,0,-1,current,0,0,0.7529824152588844,0.7529824152588844,5,0,0,0,0,0,0,0,0.0,0.16666666666666666,0.5,0.3333333333333333,0.4166666666666667,0,0.0,0.16666666666666666,0.5,0.3333333333333333,0.4166666666666667,0,0.0,0.16666666666666666,0.5,0.3333333333333333,0.4166666666666667,0,0.0,0.16666666666666666,0.5,0.3333333333333333,0.4166666666666667
154,partial_completed__max_rounds,1,,3,2,4,1,1,3,2,2,6,6,4,0,0,0,s1a3_greedy,1,0,0.8510411630074183,0.7017082273960114,8,5,7,9,9,4,0,0,0.5555555555555556,0.3333333333333333,0.5,0.4166666666666667,0.4166666666666667,0,0.7777777777777778,0.6666666666666666,0.6666666666666666,0.6666666666666666,0.75,1,1.0,1.0,1.0,1.0,1.0,1,1.0,1.0,1.0,1.0,1.0
155,no_strict_e1_improvement,0,,,,,1,0,1,1,1,1,1,4,0,0,-1,current,0,0,0.5256925796469053,0.5256925796469053,12,9,9,9,9,0,0,1,1.0,1.0,1.0,1.0,1.0,1,1.0,1.0,1.0,1.0,1.0,1,1.0,1.0,1.0,1.0,1.0,1,1.0,1.0,1.0,1.0,1.0
156,max_rounds,0,,,,,1,1,5,4,4,13,13,4,-1,0,0,s1a3_greedy,1,0,0.706732506553332,0.6839856952428818,4,0,0,1,1,1,0,0,0.0,1.0,0.5,0.75,0.75,0,0.0,1.0,0.5,0.75,0.75,0,0.1111111111111111,0.6666666666666666,0.3333333333333333,0.5,0.5833333333333334,0,0.1111111111111111,0.6666666666666666,0.3333333333333333,0.5,0.5833333333333334
157,max_rounds,0,,,,,1,1,3,2,2,5,5,4,0,-1,0,s1a3_greedy,1,0,0.5363028347492218,0.49749894440174103,6,0,0,0,0,0,0,0,0.0,0.16666666666666666,0.5,0.3333333333333333,0.4166666666666667,0,0.0,0.16666666666666666,0.5,0.3333333333333333,0.4166666666666667,0,0.0,0.5,0.8333333333333334,0.6666666666666666,0.6666666666666666,0,0.0,0.5,0.8333333333333334,0.6666666666666666,0.6666666666666666
158,max_rounds,0,,,,,1,1,2,2,2,5,5,4,0,1,0,s1a3_greedy,1,0,0.575324813524882,0.57212333381176,7,0,0,9,9,9,0,0,0.0,0.5,1.0,0.75,0.75,0,0.0,0.5,1.0,0.75,0.75,1,1.0,1.0,1.0,1.0,1.0,1,1.0,1.0,1.0,1.0,1.0
159,no_strict_e1_improvement,0,,,,,1,0,1,1,1,2,2,4,0,0,-1,current,0,0,0.49768651525179547,0.49768651525179547,9,6,6,6,6,0,0,0,0.6666666666666666,0.5,0.5,0.5,0.6666666666666666,0,0.6666666666666666,0.5,0.5,0.5,0.6666666666666666,0,0.6666666666666666,0.5,0.5,0.5,0.6666666666666666,0,0.6666666666666666,0.5,0.5,0.5,0.6666666666666666
160,no_strict_e1_improvement,0,,,,,1,0,1,1,1,1,1,4,0,0,-1,current,0,0,0.561445876955986,0.561445876955986,10,0,0,0,0,0,0,0,0.0,1.0,0.5,0.75,0.75,0,0.0,1.0,0.5,0.75,0.75,0,0.0,1.0,0.5,0.75,0.75,0,0.0,1.0,0.5,0.75,0.75
161,no_strict_e1_improvement,0,,,,,1,0,1,1,1,1,1,4,0,0,-1,current,0,0,0.6060000086824099,0.6060000086824099,11,9,9,9,9,0,0,1,1.0,1.0,1.0,1.0,1.0,1,1.0,1.0,1.0,1.0,1.0,1,1.0,1.0,1.0,1.0,1.0,1,1.0,1.0,1.0,1.0,1.0
162,no_strict_e1_improvement,0,,,,,1,0,1,1,1,1,1,4,0,0,-1,current,0,0,0.6251026764512062,0.6251026764512062,10,9,9,9,9,0,0,1,1.0,1.0,1.0,1.0,1.0,1,1.0,1.0,1.0,1.0,1.0,1,1.0,1.0,1.0,1.0,1.0,1,1.0,1.0,1.0,1.0,1.0
163,max_rounds,0,,,,,1,1,3,2,2,5,5,4,0,1,0,s1a3_greedy,1,0,0.825147862235705,0.7266496270895004,10,0,0,9,9,9,0,0,0.0,0.5,0.8333333333333334,0.6666666666666666,0.6666666666666666,0,0.0,0.5,0.8333333333333334,0.6666666666666666,0.6666666666666666,1,1.0,1.0,1.0,1.0,1.0,1,1.0,1.0,1.0,1.0,1.0
164,no_strict_e1_improvement,0,,,,,1,0,2,2,2,6,6,4,0,0,-1,current,0,0,0.7227264071504275,0.7227264071504275,9,0,0,0,0,0,0,0,0.0,0.5,0.8333333333333334,0.6666666666666666,0.6666666666666666,0,0.0,0.5,0.8333333333333334,0.6666666666666666,0.6666666666666666,0,0.0,0.5,0.8333333333333334,0.6666666666666666,0.6666666666666666,0,0.0,0.5,0.8333333333333334,0.6666666666666666,0.6666666666666666
165,max_rounds,0,,,,,1,1,3,2,2,8,8,4,-1,0,1,profiled_beam,1,1,0.7653295000394186,0.6768102298180262,7,0,0,7,6,6,-1,0,0.0,0.6666666666666666,0.5,0.5833333333333334,0.6666666666666666,0,0.0,0.6666666666666666,0.5,0.5833333333333334,0.6666666666666666,0,0.7777777777777778,0.6666666666666666,0.6666666666666666,0.6666666666666666,0.75,0,0.6666666666666666,0.8333333333333334,0.5,0.6666666666666666,0.6666666666666666
166,no_strict_e1_improvement,0,,,,,1,0,2,2,2,7,7,4,0,0,-1,current,0,0,0.7281583932538828,0.7281583932538828,10,9,9,9,9,0,0,1,1.0,1.0,1.0,1.0,1.0,1,1.0,1.0,1.0,1.0,1.0,1,1.0,1.0,1.0,1.0,1.0,1,1.0,1.0,1.0,1.0,1.0
167,no_strict_e1_improvement,0,,,,,1,0,1,1,1,1,1,4,0,0,-1,current,0,0,0.742042750120163,0.742042750120163,9,0,0,0,0,0,0,0,0.0,0.5,1.0,0.75,0.75,0,0.0,0.5,1.0,0.75,0.75,0,0.0,0.5,1.0,0.75,0.75,0,0.0,0.5,1.0,0.75,0.75
168,no_strict_e1_improvement,0,,,,,1,0,1,1,1,1,1,4,0,0,-1,current,0,0,0.7068739533424377,0.7068739533424377,5,0,0,0,0,0,0,0,0.0,1.0,0.5,0.75,0.75,0,0.0,1.0,0.5,0.75,0.75,0,0.0,1.0,0.5,0.75,0.75,0,0.0,1.0,0.5,0.75,0.75
169,small_component,0,,,,,1,0,0,0,0,0,0,4,0,0,-1,current,0,0,0.727044922610124,0.727044922610124,7,0,0,0,0,0,0,0,0.0,1.0,0.5,0.75,0.75,0,0.0,1.0,0.5,0.75,0.75,0,0.0,1.0,0.5,0.75,0.75,0,0.0,1.0,0.5,0.75,0.75
170,no_strict_e1_improvement,0,,,,,1,0,4,4,4,15,15,4,0,0,-1,current,0,0,0.5622837307552496,0.5622837307552496,7,1,1,1,1,0,0,0,0.1111111111111111,0.16666666666666666,0.16666666666666666,0.16666666666666666,0.5,0,0.1111111111111111,0.16666666666666666,0.16666666666666666,0.16666666666666666,0.5,0,0.1111111111111111,0.16666666666666666,0.16666666666666666,0.16666666666666666,0.5,0,0.1111111111111111,0.16666666666666666,0.16666666666666666,0.16666666666666666,0.5
171,no_strict_e1_improvement,0,,,,,1,0,2,2,2,5,5,4,0,0,-1,current,0,0,0.7800125628709793,0.7800125628709793,7,0,0,0,0,0,0,0,0.0,0.6666666666666666,0.16666666666666666,0.4166666666666667,0.5,0,0.0,0.6666666666666666,0.16666666666666666,0.4166666666666667,0.5,0,0.0,0.6666666666666666,0.16666666666666666,0.4166666666666667,0.5,0,0.0,0.6666666666666666,0.16666666666666666,0.4166666666666667,0.5
172,no_strict_e1_improvement,0,,,,,1,0,1,1,1,1,1,4,0,0,-1,current,0,0,0.680054229994615,0.680054229994615,8,9,9,9,9,0,0,1,1.0,1.0,1.0,1.0,1.0,1,1.0,1.0,1.0,1.0,1.0,1,1.0,1.0,1.0,1.0,1.0,1,1.0,1.0,1.0,1.0,1.0
173,no_strict_e1_improvement,0,,,,,1,0,1,1,1,1,1,4,0,0,-1,current,0,0,0.5691161602735519,0.5691161602735519,12,9,9,9,9,0,0,1,1.0,1.0,1.0,1.0,1.0,1,1.0,1.0,1.0,1.0,1.0,1,1.0,1.0,1.0,1.0,1.0,1,1.0,1.0,1.0,1.0,1.0
174,no_strict_e1_improvement,0,,,,,1,0,1,1,1,1,1,4,0,0,-1,current,0,0,0.7095031638940176,0.7095031638940176,9,9,9,9,9,0,0,1,1.0,1.0,1.0,1.0,1.0,1,1.0,1.0,1.0,1.0,1.0,1,1.0,1.0,1.0,1.0,1.0,1,1.0,1.0,1.0,1.0,1.0
175,no_strict_e1_improvement,0,,,,,1,0,2,2,2,6,6,4,0,0,-1,current,0,0,0.7015346561868986,0.7015346561868986,4,7,7,7,7,0,0,0,0.7777777777777778,0.6666666666666666,0.6666666666666666,0.6666666666666666,0.8333333333333334,0,0.7777777777777778,0.6666666666666666,0.6666666666666666,0.6666666666666666,0.8333333333333334,0,0.7777777777777778,0.6666666666666666,0.6666666666666666,0.6666666666666666,0.8333333333333334,0,0.7777777777777778,0.6666666666666666,0.6666666666666666,0.6666666666666666,0.8333333333333334
176,no_strict_e1_improvement,0,,,,,1,0,1,1,1,1,1,4,0,0,-1,current,0,0,0.4811223807434241,0.4811223807434241,11,0,0,0,0,0,0,0,0.0,0.5,0.5,0.5,0.5,0,0.0,0.5,0.5,0.5,0.5,0,0.0,0.5,0.5,0.5,0.5,0,0.0,0.5,0.5,0.5,0.5
177,no_strict_e1_improvement,0,,,,,1,0,1,1,1,1,1,4,0,0,-1,current,0,0,0.7597730507453283,0.7597730507453283,8,0,0,0,0,0,0,0,0.0,0.5,0.8333333333333334,0.6666666666666666,0.6666666666666666,0,0.0,0.5,0.8333333333333334,0.6666666666666666,0.6666666666666666,0,0.0,0.5,0.8333333333333334,0.6666666666666666,0.6666666666666666,0,0.0,0.5,0.8333333333333334,0.6666666666666666,0.6666666666666666
178,no_strict_e1_improvement,0,,,,,1,0,1,1,1,1,1,4,0,0,-1,current,0,0,0.5282080297668775,0.5282080297668775,7,0,0,0,0,0,0,0,0.0,0.8333333333333334,0.5,0.6666666666666666,0.6666666666666666,0,0.0,0.8333333333333334,0.5,0.6666666666666666,0.6666666666666666,0,0.0,0.8333333333333334,0.5,0.6666666666666666,0.6666666666666666,0,0.0,0.8333333333333334,0.5,0.6666666666666666,0.6666666666666666
179,no_strict_e1_improvement,0,,,,,1,0,1,1,1,1,1,4,0,0,-1,current,0,0,0.6242347210645676,0.6242347210645676,8,9,9,9,9,0,0,1,1.0,1.0,1.0,1.0,1.0,1,1.0,1.0,1.0,1.0,1.0,1,1.0,1.0,1.0,1.0,1.0,1,1.0,1.0,1.0,1.0,1.0
180,small_component,0,,,,,1,0,0,0,0,0,0,4,0,0,-1,current,0,0,0.7433033014337221,0.7433033014337221,7,0,0,0,0,0,0,0,0.0,0.3333333333333333,0.0,0.16666666666666666,0.5833333333333334,0,0.0,0.3333333333333333,0.0,0.16666666666666666,0.5833333333333334,0,0.0,0.3333333333333333,0.0,0.16666666666666666,0.5833333333333334,0,0.0,0.3333333333333333,0.0,0.16666666666666666,0.5833333333333334
181,no_strict_e1_improvement,0,,,,,1,0,1,1,1,1,1,4,0,0,-1,current,0,0,0.5515353754162788,0.5515353754162788,12,9,9,9,9,0,0,1,1.0,1.0,1.0,1.0,1.0,1,1.0,1.0,1.0,1.0,1.0,1,1.0,1.0,1.0,1.0,1.0,1,1.0,1.0,1.0,1.0,1.0
182,no_strict_e1_improvement,0,,,,,1,0,1,1,1,1,1,4,0,0,-1,current,0,0,0.5600197414557139,0.5600197414557139,10,9,9,9,9,0,0,1,1.0,1.0,1.0,1.0,1.0,1,1.0,1.0,1.0,1.0,1.0,1,1.0,1.0,1.0,1.0,1.0,1,1.0,1.0,1.0,1.0,1.0
183,partial_completed__no_strict_e1_improvement,1,,3,2,3,1,0,4,4,4,13,13,4,0,0,-1,current,1,0,0.7351007163524628,0.7351007163524628,7,0,0,0,0,0,0,0,0.0,0.16666666666666666,0.16666666666666666,0.16666666666666666,0.25,0,0.0,0.3333333333333333,0.16666666666666666,0.25,0.5,0,0.0,0.3333333333333333,0.16666666666666666,0.25,0.5,0,0.0,0.3333333333333333,0.16666666666666666,0.25,0.5
184,no_strict_e1_improvement,0,,,,,1,0,1,1,1,1,1,4,0,0,-1,current,0,0,0.6381268675128619,0.6381268675128619,7,7,7,7,7,0,0,0,0.7777777777777778,0.6666666666666666,0.6666666666666666,0.6666666666666666,0.75,0,0.7777777777777778,0.6666666666666666,0.6666666666666666,0.6666666666666666,0.75,0,0.7777777777777778,0.6666666666666666,0.6666666666666666,0.6666666666666666,0.75,0,0.7777777777777778,0.6666666666666666,0.6666666666666666,0.6666666666666666,0.75
185,max_rounds,0,,,,,1,1,4,4,4,13,13,4,0,1,1,profiled_beam,1,1,0.5882040013869604,0.568564717968305,7,1,1,1,7,6,6,0,0.1111111111111111,0.3333333333333333,0.6666666666666666,0.5,0.5833333333333334,0,0.1111111111111111,0.3333333333333333,0.6666666666666666,0.5,0.5833333333333334,0,0.1111111111111111,0.3333333333333333,0.6666666666666666,0.5,0.5833333333333334,0,0.7777777777777778,0.6666666666666666,0.6666666666666666,0.6666666666666666,0.75
186,max_rounds,0,,,,,1,1,3,2,2,6,6,4,1,0,0,s1a3_greedy,1,0,0.7257001847028732,0.5977303485075632,7,0,0,0,0,0,0,0,0.0,0.16666666666666666,0.16666666666666666,0.16666666666666666,0.16666666666666666,0,0.0,0.16666666666666666,0.16666666666666666,0.16666666666666666,0.16666666666666666,0,0.0,0.3333333333333333,0.16666666666666666,0.25,0.3333333333333333,0,0.0,0.3333333333333333,0.16666666666666666,0.25,0.3333333333333333
187,small_component,0,,,,,1,0,0,0,0,0,0,4,0,0,-1,current,0,0,0.761205330491066,0.761205330491066,7,4,4,4,4,0,0,0,0.4444444444444444,0.16666666666666666,0.5,0.3333333333333333,0.3333333333333333,0,0.4444444444444444,0.16666666666666666,0.5,0.3333333333333333,0.3333333333333333,0,0.4444444444444444,0.16666666666666666,0.5,0.3333333333333333,0.3333333333333333,0,0.4444444444444444,0.16666666666666666,0.5,0.3333333333333333,0.3333333333333333
188,no_strict_e1_improvement,0,,,,,1,0,2,2,2,7,7,4,0,0,-1,current,0,0,0.6787565847237905,0.6787565847237905,9,0,0,0,0,0,0,0,0.0,0.5,1.0,0.75,0.75,0,0.0,0.5,1.0,0.75,0.75,0,0.0,0.5,1.0,0.75,0.75,0,0.0,0.5,1.0,0.75,0.75
189,no_strict_e1_improvement,0,,,,,1,0,1,1,1,1,1,4,0,0,-1,current,0,0,0.6890941361586252,0.6890941361586252,11,0,0,0,0,0,0,0,0.0,0.5,1.0,0.75,0.75,0,0.0,0.5,1.0,0.75,0.75,0,0.0,0.5,1.0,0.75,0.75,0,0.0,0.5,1.0,0.75,0.75
190,max_rounds,0,,,,,1,1,5,4,4,16,16,4,0,0,1,profiled_beam,1,1,0.8639040316144625,0.7216707890232404,4,2,2,1,1,-1,0,0,0.2222222222222222,0.0,0.0,0.0,0.3333333333333333,0,0.2222222222222222,0.0,0.0,0.0,0.3333333333333333,0,0.1111111111111111,0.0,0.0,0.0,0.3333333333333333,0,0.1111111111111111,0.3333333333333333,0.0,0.16666666666666666,0.5
191,no_strict_e1_improvement,0,,,,,1,0,1,1,1,1,1,4,0,0,-1,current,0,0,0.631516213218371,0.631516213218371,6,0,0,0,0,0,0,0,0.0,0.5,1.0,0.75,0.75,0,0.0,0.5,1.0,0.75,0.75,0,0.0,0.5,1.0,0.75,0.75,0,0.0,0.5,1.0,0.75,0.75
192,no_strict_e1_improvement,0,,,,,1,0,1,1,1,1,1,4,0,0,-1,current,0,0,0.6244084139664968,0.6244084139664968,9,0,0,0,0,0,0,0,0.0,0.5,1.0,0.75,0.75,0,0.0,0.5,1.0,0.75,0.75,0,0.0,0.5,1.0,0.75,0.75,0,0.0,0.5,1.0,0.75,0.75
193,max_rounds,0,,,,,1,1,5,4,4,16,16,4,0,0,1,profiled_beam,1,1,0.8788433571656545,0.81016656011343,7,7,7,7,5,-2,-2,0,0.7777777777777778,0.6666666666666666,0.3333333333333333,0.5,0.6666666666666666,0,0.7777777777777778,0.6666666666666666,0.3333333333333333,0.5,0.6666666666666666,0,0.7777777777777778,0.6666666666666666,0.3333333333333333,0.5,0.6666666666666666,0,0.5555555555555556,0.3333333333333333,0.6666666666666666,0.5,0.8333333333333334
194,no_strict_e1_improvement,0,,,,,1,0,1,1,1,1,1,4,0,0,-1,current,0,0,0.49185724804798764,0.49185724804798764,12,9,9,9,9,0,0,1,1.0,1.0,1.0,1.0,1.0,1,1.0,1.0,1.0,1.0,1.0,1,1.0,1.0,1.0,1.0,1.0,1,1.0,1.0,1.0,1.0,1.0
195,no_strict_e1_improvement,0,,,,,1,0,4,4,4,12,12,4,0,0,-1,current,0,0,0.7927669957280159,0.7927669957280159,3,2,2,2,2,0,0,0,0.2222222222222222,0.3333333333333333,0.16666666666666666,0.25,0.5,0,0.2222222222222222,0.3333333333333333,0.16666666666666666,0.25,0.5,0,0.2222222222222222,0.3333333333333333,0.16666666666666666,0.25,0.5,0,0.2222222222222222,0.3333333333333333,0.16666666666666666,0.25,0.5
196,no_strict_e1_improvement,0,,,,,1,0,1,1,1,1,1,4,0,0,-1,current,0,0,0.6357092037796974,0.6357092037796974,9,6,6,6,6,0,0,0,0.6666666666666666,0.5,0.8333333333333334,0.6666666666666666,0.6666666666666666,0,0.6666666666666666,0.5,0.8333333333333334,0.6666666666666666,0.6666666666666666,0,0.6666666666666666,0.5,0.8333333333333334,0.6666666666666666,0.6666666666666666,0,0.6666666666666666,0.5,0.8333333333333334,0.6666666666666666,0.6666666666666666
197,no_strict_e1_improvement,0,,,,,1,0,1,1,1,1,1,4,0,0,-1,current,0,0,0.6476431787014008,0.6476431787014008,9,9,9,9,9,0,0,1,1.0,1.0,1.0,1.0,1.0,1,1.0,1.0,1.0,1.0,1.0,1,1.0,1.0,1.0,1.0,1.0,1,1.0,1.0,1.0,1.0,1.0
198,max_rounds,0,,,,,1,1,3,2,2,7,7,4,0,0,1,profiled_beam,1,1,0.6329551115632057,0.6088456387321154,6,0,0,0,0,0,0,0,0.0,0.6666666666666666,0.0,0.3333333333333333,0.3333333333333333,0,0.0,0.6666666666666666,0.0,0.3333333333333333,0.3333333333333333,0,0.0,0.6666666666666666,0.5,0.5833333333333334,0.5833333333333334,0,0.0,0.8333333333333334,0.5,0.6666666666666666,0.6666666666666666
199,small_component,0,,,,,1,0,0,0,0,0,0,4,0,0,-1,current,0,0,0.7404310802618662,0.7404310802618662,6,5,5,5,5,0,0,0,0.5555555555555556,0.3333333333333333,0.6666666666666666,0.5,0.8333333333333334,0,0.5555555555555556,0.3333333333333333,0.6666666666666666,0.5,0.8333333333333334,0,0.5555555555555556,0.3333333333333333,0.6666666666666666,0.5,0.8333333333333334,0,0.5555555555555556,0.3333333333333333,0.6666666666666666,0.5,0.8333333333333334
200,no_strict_e1_improvement,0,,,,,1,0,1,1,1,1,1,4,0,0,-1,current,0,0,0.7158026819427808,0.7158026819427808,9,9,9,9,9,0,0,1,1.0,1.0,1.0,1.0,1.0,1,1.0,1.0,1.0,1.0,1.0,1,1.0,1.0,1.0,1.0,1.0,1,1.0,1.0,1.0,1.0,1.0
201,no_strict_e1_improvement,0,,,,,1,0,1,1,1,1,1,4,0,0,-1,current,0,0,0.5833367134133974,0.5833367134133974,8,0,0,0,0,0,0,0,0.0,1.0,0.5,0.75,0.75,0,0.0,1.0,0.5,0.75,0.75,0,0.0,1.0,0.5,0.75,0.75,0,0.0,1.0,0.5,0.75,0.75
202,max_rounds,0,,,,,1,1,3,2,2,6,6,4,0,0,1,profiled_beam,1,1,0.7784034609794617,0.7560472985108694,7,0,0,0,0,0,0,0,0.0,0.5,1.0,0.75,0.75,0,0.0,0.5,1.0,0.75,0.75,0,0.0,0.5,1.0,0.75,0.75,0,0.0,0.5,0.8333333333333334,0.6666666666666666,0.6666666666666666
203,no_strict_e1_improvement,0,,,,,1,0,1,1,1,1,1,4,0,0,-1,current,0,0,0.6876091907421747,0.6876091907421747,7,7,7,7,7,0,0,0,0.7777777777777778,0.6666666666666666,0.6666666666666666,0.6666666666666666,0.75,0,0.7777777777777778,0.6666666666666666,0.6666666666666666,0.6666666666666666,0.75,0,0.7777777777777778,0.6666666666666666,0.6666666666666666,0.6666666666666666,0.75,0,0.7777777777777778,0.6666666666666666,0.6666666666666666,0.6666666666666666,0.75
204,no_strict_e1_improvement,0,,,,,1,0,2,2,2,7,7,4,0,0,-1,current,0,0,0.6219169249137243,0.6219169249137243,7,9,9,9,9,0,0,1,1.0,1.0,1.0,1.0,1.0,1,1.0,1.0,1.0,1.0,1.0,1,1.0,1.0,1.0,1.0,1.0,1,1.0,1.0,1.0,1.0,1.0
205,no_strict_e1_improvement,0,,,,,1,0,1,1,1,1,1,4,0,0,-1,current,0,0,0.6297631189227104,0.6297631189227104,8,9,9,9,9,0,0,1,1.0,1.0,1.0,1.0,1.0,1,1.0,1.0,1.0,1.0,1.0,1,1.0,1.0,1.0,1.0,1.0,1,1.0,1.0,1.0,1.0,1.0
206,no_strict_e1_improvement,0,,,,,1,0,1,1,1,1,1,4,0,0,-1,current,0,0,0.5643824910124143,0.5643824910124143,8,9,9,9,9,0,0,1,1.0,1.0,1.0,1.0,1.0,1,1.0,1.0,1.0,1.0,1.0,1,1.0,1.0,1.0,1.0,1.0,1,1.0,1.0,1.0,1.0,1.0
207,no_strict_e1_improvement,0,,,,,1,0,2,2,2,7,7,4,0,0,-1,current,0,0,0.6217212056120237,0.6217212056120237,9,9,9,9,9,0,0,1,1.0,1.0,1.0,1.0,1.0,1,1.0,1.0,1.0,1.0,1.0,1,1.0,1.0,1.0,1.0,1.0,1,1.0,1.0,1.0,1.0,1.0
208,no_strict_e1_improvement,0,,,,,1,0,1,1,1,1,1,4,0,0,-1,current,0,0,0.5726647277673086,0.5726647277673086,9,9,9,9,9,0,0,1,1.0,1.0,1.0,1.0,1.0,1,1.0,1.0,1.0,1.0,1.0,1,1.0,1.0,1.0,1.0,1.0,1,1.0,1.0,1.0,1.0,1.0
209,max_rounds,0,,,,,1,1,5,4,4,15,15,4,1,-1,1,profiled_beam,1,1,0.9418976008892059,0.8094687809546789,5,0,0,3,3,3,0,0,0.0,0.16666666666666666,0.16666666666666666,0.16666666666666666,0.3333333333333333,0,0.0,0.16666666666666666,0.16666666666666666,0.16666666666666666,0.3333333333333333,0,0.3333333333333333,0.16666666666666666,0.16666666666666666,0.16666666666666666,0.4166666666666667,0,0.3333333333333333,0.16666666666666666,0.16666666666666666,0.16666666666666666,0.3333333333333333
210,no_strict_e1_improvement,0,,,,,1,0,1,1,1,1,1,4,0,0,-1,current,0,0,0.6700875535607338,0.6700875535607338,8,0,0,0,0,0,0,0,0.0,0.6666666666666666,0.0,0.3333333333333333,0.3333333333333333,0,0.0,0.6666666666666666,0.0,0.3333333333333333,0.3333333333333333,0,0.0,0.6666666666666666,0.0,0.3333333333333333,0.3333333333333333,0,0.0,0.6666666666666666,0.0,0.3333333333333333,0.3333333333333333
211,no_strict_e1_improvement,0,,,,,1,0,1,1,1,1,1,4,0,0,-1,current,0,0,0.6002187331517538,0.6002187331517538,7,0,0,0,0,0,0,0,0.0,0.6666666666666666,0.5,0.5833333333333334,0.6666666666666666,0,0.0,0.6666666666666666,0.5,0.5833333333333334,0.6666666666666666,0,0.0,0.6666666666666666,0.5,0.5833333333333334,0.6666666666666666,0,0.0,0.6666666666666666,0.5,0.5833333333333334,0.6666666666666666
212,no_strict_e1_improvement,0,,,,,1,0,1,1,1,1,1,4,0,0,-1,current,0,0,0.6995211193958918,0.6995211193958918,11,0,0,0,0,0,0,0,0.0,0.5,1.0,0.75,0.75,0,0.0,0.5,1.0,0.75,0.75,0,0.0,0.5,1.0,0.75,0.75,0,0.0,0.5,1.0,0.75,0.75
213,max_rounds,0,,,,,1,1,3,2,2,6,6,4,0,0,1,profiled_beam,1,1,0.6953580603003502,0.5990096206466357,6,3,3,3,3,0,0,0,0.3333333333333333,0.0,0.8333333333333334,0.4166666666666667,0.4166666666666667,0,0.3333333333333333,0.0,0.8333333333333334,0.4166666666666667,0.4166666666666667,0,0.3333333333333333,0.0,0.8333333333333334,0.4166666666666667,0.4166666666666667,0,0.3333333333333333,0.0,1.0,0.5,0.75
214,no_strict_e1_improvement,0,,,,,1,0,1,1,1,1,1,4,0,0,-1,current,0,0,0.6100302909811338,0.6100302909811338,9,0,0,0,0,0,0,0,0.0,0.5,1.0,0.75,0.75,0,0.0,0.5,1.0,0.75,0.75,0,0.0,0.5,1.0,0.75,0.75,0,0.0,0.5,1.0,0.75,0.75
215,no_strict_e1_improvement,0,,,,,1,0,1,1,1,2,2,4,0,0,-1,current,0,0,0.6523394634326299,0.6523394634326299,8,3,3,3,3,0,0,0,0.3333333333333333,0.5,0.6666666666666666,0.5833333333333334,0.5833333333333334,0,0.3333333333333333,0.5,0.6666666666666666,0.5833333333333334,0.5833333333333334,0,0.3333333333333333,0.5,0.6666666666666666,0.5833333333333334,0.5833333333333334,0,0.3333333333333333,0.5,0.6666666666666666,0.5833333333333334,0.5833333333333334
216,no_strict_e1_improvement,0,,,,,1,0,1,1,1,2,2,4,0,0,-1,current,0,0,0.6704875106612841,0.6704875106612841,7,0,0,0,0,0,0,0,0.0,0.5,0.5,0.5,0.5,0,0.0,0.5,0.5,0.5,0.5,0,0.0,0.5,0.5,0.5,0.5,0,0.0,0.5,0.5,0.5,0.5
217,no_strict_e1_improvement,0,,,,,1,0,1,1,1,1,1,4,0,0,-1,current,0,0,0.6192170009016991,0.6192170009016991,11,9,9,9,9,0,0,1,1.0,1.0,1.0,1.0,1.0,1,1.0,1.0,1.0,1.0,1.0,1,1.0,1.0,1.0,1.0,1.0,1,1.0,1.0,1.0,1.0,1.0
218,no_strict_e1_improvement,0,,,,,1,0,1,1,1,1,1,4,0,0,-1,current,0,0,0.6252615228295326,0.6252615228295326,11,0,0,0,0,0,0,0,0.0,0.5,1.0,0.75,0.75,0,0.0,0.5,1.0,0.75,0.75,0,0.0,0.5,1.0,0.75,0.75,0,0.0,0.5,1.0,0.75,0.75
219,max_rounds,0,,,,,1,1,3,2,2,6,6,4,0,-1,0,s1a3_greedy,1,0,0.6785116543372472,0.522646019856135,9,7,7,0,0,-7,0,0,0.7777777777777778,0.6666666666666666,0.6666666666666666,0.6666666666666666,0.75,0,0.7777777777777778,0.6666666666666666,0.6666666666666666,0.6666666666666666,0.75,0,0.0,0.5,1.0,0.75,0.75,0,0.0,0.5,1.0,0.75,0.75
220,no_strict_e1_improvement,0,,,,,1,0,1,1,1,1,1,4,0,0,-1,current,0,0,0.6107490360736847,0.6107490360736847,9,9,9,9,9,0,0,1,1.0,1.0,1.0,1.0,1.0,1,1.0,1.0,1.0,1.0,1.0,1,1.0,1.0,1.0,1.0,1.0,1,1.0,1.0,1.0,1.0,1.0
221,no_strict_e1_improvement,0,,,,,1,0,1,1,1,1,1,4,0,0,-1,current,0,0,0.8063903202613195,0.8063903202613195,9,9,9,9,9,0,0,1,1.0,1.0,1.0,1.0,1.0,1,1.0,1.0,1.0,1.0,1.0,1,1.0,1.0,1.0,1.0,1.0,1,1.0,1.0,1.0,1.0,1.0
222,no_strict_e1_improvement,0,,,,,1,0,1,1,1,1,1,4,0,0,-1,current,0,0,0.7068255320191383,0.7068255320191383,11,0,0,0,0,0,0,0,0.0,0.5,1.0,0.75,0.75,0,0.0,0.5,1.0,0.75,0.75,0,0.0,0.5,1.0,0.75,0.75,0,0.0,0.5,1.0,0.75,0.75
223,no_strict_e1_improvement,0,,,,,1,0,1,1,1,1,1,4,0,0,-1,current,0,0,0.622240699827671,0.622240699827671,9,9,9,9,9,0,0,1,1.0,1.0,1.0,1.0,1.0,1,1.0,1.0,1.0,1.0,1.0,1,1.0,1.0,1.0,1.0,1.0,1,1.0,1.0,1.0,1.0,1.0
224,small_component,0,,,,,1,0,0,0,0,0,0,4,0,0,-1,current,0,0,0.49900591000914574,0.49900591000914574,6,5,5,5,5,0,0,0,0.5555555555555556,0.3333333333333333,0.3333333333333333,0.3333333333333333,0.5833333333333334,0,0.5555555555555556,0.3333333333333333,0.3333333333333333,0.3333333333333333,0.5833333333333334,0,0.5555555555555556,0.3333333333333333,0.3333333333333333,0.3333333333333333,0.5833333333333334,0,0.5555555555555556,0.3333333333333333,0.3333333333333333,0.3333333333333333,0.5833333333333334
225,small_component,0,,,,,1,0,0,0,0,0,0,4,0,0,-1,current,0,0,0.6120545528829098,0.6120545528829098,6,7,7,7,7,0,0,0,0.7777777777777778,0.6666666666666666,0.6666666666666666,0.6666666666666666,0.75,0,0.7777777777777778,0.6666666666666666,0.6666666666666666,0.6666666666666666,0.75,0,0.7777777777777778,0.6666666666666666,0.6666666666666666,0.6666666666666666,0.75,0,0.7777777777777778,0.6666666666666666,0.6666666666666666,0.6666666666666666,0.75
226,partial_completed__small_component,1,,3,2,4,1,0,0,0,0,0,0,4,0,0,-1,current,1,0,0.7515465890367826,0.7515465890367826,4,0,0,0,0,0,0,0,0.0,0.5,0.0,0.25,0.25,0,0.0,0.6666666666666666,0.0,0.3333333333333333,0.3333333333333333,0,0.0,0.6666666666666666,0.0,0.3333333333333333,0.3333333333333333,0,0.0,0.6666666666666666,0.0,0.3333333333333333,0.3333333333333333
227,no_strict_e1_improvement,0,,,,,1,0,1,1,1,1,1,4,0,0,-1,current,0,0,0.635154090821743,0.635154090821743,7,0,0,0,0,0,0,0,0.0,0.3333333333333333,0.16666666666666666,0.25,0.5,0,0.0,0.3333333333333333,0.16666666666666666,0.25,0.5,0,0.0,0.3333333333333333,0.16666666666666666,0.25,0.5,0,0.0,0.3333333333333333,0.16666666666666666,0.25,0.5
228,no_strict_e1_improvement,0,,,,,1,0,1,1,1,1,1,4,0,0,-1,current,0,0,0.6974844411015511,0.6974844411015511,10,0,0,0,0,0,0,0,0.0,0.5,1.0,0.75,0.75,0,0.0,0.5,1.0,0.75,0.75,0,0.0,0.5,1.0,0.75,0.75,0,0.0,0.5,1.0,0.75,0.75
229,no_strict_e1_improvement,0,,,,,1,0,2,2,2,6,6,4,0,0,-1,current,0,0,0.5903008505702019,0.5903008505702019,8,6,6,6,6,0,0,0,0.6666666666666666,0.8333333333333334,0.5,0.6666666666666666,0.6666666666666666,0,0.6666666666666666,0.8333333333333334,0.5,0.6666666666666666,0.6666666666666666,0,0.6666666666666666,0.8333333333333334,0.5,0.6666666666666666,0.6666666666666666,0,0.6666666666666666,0.8333333333333334,0.5,0.6666666666666666,0.6666666666666666
230,no_strict_e1_improvement,0,,,,,1,0,1,1,1,1,1,4,0,0,-1,current,0,0,0.5711003690958023,0.5711003690958023,11,9,9,9,9,0,0,1,1.0,1.0,1.0,1.0,1.0,1,1.0,1.0,1.0,1.0,1.0,1,1.0,1.0,1.0,1.0,1.0,1,1.0,1.0,1.0,1.0,1.0
231,no_strict_e1_improvement,0,,,,,1,0,4,4,4,15,15,4,0,0,-1,current,0,0,0.8621079375346502,0.8621079375346502,7,5,5,5,5,0,0,0,0.5555555555555556,0.3333333333333333,0.6666666666666666,0.5,0.6666666666666666,0,0.5555555555555556,0.3333333333333333,0.6666666666666666,0.5,0.6666666666666666,0,0.5555555555555556,0.3333333333333333,0.6666666666666666,0.5,0.6666666666666666,0,0.5555555555555556,0.3333333333333333,0.6666666666666666,0.5,0.6666666666666666
232,no_strict_e1_improvement,0,,,,,1,0,1,1,1,1,1,4,0,0,-1,current,0,0,0.5834590072433153,0.5834590072433153,8,9,9,9,9,0,0,1,1.0,1.0,1.0,1.0,1.0,1,1.0,1.0,1.0,1.0,1.0,1,1.0,1.0,1.0,1.0,1.0,1,1.0,1.0,1.0,1.0,1.0
233,no_strict_e1_improvement,0,,,,,1,0,1,1,1,1,1,4,0,0,-1,current,0,0,0.62809586028258,0.62809586028258,9,9,9,9,9,0,0,1,1.0,1.0,1.0,1.0,1.0,1,1.0,1.0,1.0,1.0,1.0,1,1.0,1.0,1.0,1.0,1.0,1,1.0,1.0,1.0,1.0,1.0
234,max_rounds,0,,,,,1,1,4,4,4,13,13,4,-1,-1,0,s1a3_greedy,1,0,0.7510600810249647,0.7237283959984779,4,3,3,0,0,-3,0,0,0.3333333333333333,0.3333333333333333,0.0,0.16666666666666666,0.3333333333333333,0,0.3333333333333333,0.3333333333333333,0.0,0.16666666666666666,0.3333333333333333,0,0.0,0.0,0.16666666666666666,0.08333333333333333,0.3333333333333333,0,0.0,0.0,0.16666666666666666,0.08333333333333333,0.3333333333333333
235,no_strict_e1_improvement,0,,,,,1,0,2,2,2,6,6,4,0,0,-1,current,0,0,0.7170125817259153,0.7170125817259153,11,9,9,9,9,0,0,1,1.0,1.0,1.0,1.0,1.0,1,1.0,1.0,1.0,1.0,1.0,1,1.0,1.0,1.0,1.0,1.0,1,1.0,1.0,1.0,1.0,1.0
236,no_strict_e1_improvement,0,,,,,1,0,1,1,1,1,1,4,0,0,-1,current,0,0,0.5870614523688952,0.5870614523688952,9,9,9,9,9,0,0,1,1.0,1.0,1.0,1.0,1.0,1,1.0,1.0,1.0,1.0,1.0,1,1.0,1.0,1.0,1.0,1.0,1,1.0,1.0,1.0,1.0,1.0
237,partial_completed__no_strict_e1_improvement,1,,3,2,3,1,0,1,1,1,1,1,4,0,0,-1,current,1,0,0.5130163629849752,0.5130163629849752,9,6,9,9,9,3,0,0,0.6666666666666666,0.5,0.6666666666666666,0.5833333333333334,0.5833333333333334,1,1.0,1.0,1.0,1.0,1.0,1,1.0,1.0,1.0,1.0,1.0,1,1.0,1.0,1.0,1.0,1.0
238,partial_completed__max_rounds,1,,3,2,3,1,1,5,4,4,11,11,4,0,1,0,s1a3_greedy,1,0,0.790815761933724,0.6766365605096022,8,1,1,9,9,8,0,0,0.1111111111111111,0.0,0.5,0.25,0.3333333333333333,0,0.1111111111111111,0.3333333333333333,0.6666666666666666,0.5,0.5833333333333334,1,1.0,1.0,1.0,1.0,1.0,1,1.0,1.0,1.0,1.0,1.0
239,max_rounds,0,,,,,1,1,3,2,2,7,7,4,0,1,0,s1a3_greedy,1,0,0.7889178345600764,0.6618898312250773,7,0,0,9,9,9,0,0,0.0,0.5,0.6666666666666666,0.5833333333333334,0.75,0,0.0,0.5,0.6666666666666666,0.5833333333333334,0.75,1,1.0,1.0,1.0,1.0,1.0,1,1.0,1.0,1.0,1.0,1.0
240,no_strict_e1_improvement,0,,,,,1,0,1,1,1,1,1,4,0,0,-1,current,0,0,0.7140042384465536,0.7140042384465536,7,0,0,0,0,0,0,0,0.0,0.5,0.5,0.5,0.5,0,0.0,0.5,0.5,0.5,0.5,0,0.0,0.5,0.5,0.5,0.5,0,0.0,0.5,0.5,0.5,0.5
241,no_strict_e1_improvement,0,,,,,1,0,1,1,1,1,1,4,0,0,-1,current,0,0,0.6288288111488024,0.6288288111488024,10,0,0,0,0,0,0,0,0.0,0.5,1.0,0.75,0.75,0,0.0,0.5,1.0,0.75,0.75,0,0.0,0.5,1.0,0.75,0.75,0,0.0,0.5,1.0,0.75,0.75
242,partial_completed__max_rounds,1,,3,2,4,1,1,3,2,2,6,6,4,0,1,1,profiled_beam,1,1,0.5937784599761168,0.5501732838650545,8,0,0,0,0,0,0,0,0.0,0.16666666666666666,0.3333333333333333,0.25,0.25,0,0.0,0.16666666666666666,0.5,0.3333333333333333,0.3333333333333333,0,0.0,0.16666666666666666,0.5,0.3333333333333333,0.3333333333333333,0,0.0,0.3333333333333333,0.5,0.4166666666666667,0.5833333333333334
243,no_strict_e1_improvement,0,,,,,1,0,1,1,1,1,1,4,0,0,-1,current,0,0,0.6513873289028803,0.6513873289028803,11,9,9,9,9,0,0,1,1.0,1.0,1.0,1.0,1.0,1,1.0,1.0,1.0,1.0,1.0,1,1.0,1.0,1.0,1.0,1.0,1,1.0,1.0,1.0,1.0,1.0
244,max_rounds,0,,,,,1,1,5,4,4,15,15,4,0,1,1,profiled_beam,1,1,0.6890936568379402,0.6665212785204252,5,6,6,0,0,-6,0,0,0.6666666666666666,0.5,0.8333333333333334,0.6666666666666666,0.6666666666666666,0,0.6666666666666666,0.5,0.8333333333333334,0.6666666666666666,0.6666666666666666,0,0.0,0.5,1.0,0.75,0.75,0,0.0,0.5,0.8333333333333334,0.6666666666666666,0.6666666666666666
245,no_strict_e1_improvement,0,,,,,1,0,1,1,1,1,1,4,0,0,-1,current,0,0,0.4949526811639468,0.4949526811639468,9,0,0,0,0,0,0,0,0.0,0.5,0.5,0.5,0.5,0,0.0,0.5,0.5,0.5,0.5,0,0.0,0.5,0.5,0.5,0.5,0,0.0,0.5,0.5,0.5,0.5
246,no_strict_e1_improvement,0,,,,,1,0,2,2,2,6,6,4,0,0,-1,current,0,0,0.7561189780632654,0.7561189780632654,9,0,0,0,0,0,0,0,0.0,0.5,1.0,0.75,0.75,0,0.0,0.5,1.0,0.75,0.75,0,0.0,0.5,1.0,0.75,0.75,0,0.0,0.5,1.0,0.75,0.75
247,no_strict_e1_improvement,0,,,,,1,0,1,1,1,1,1,4,0,0,-1,current,0,0,0.6120251019795736,0.6120251019795736,9,9,9,9,9,0,0,1,1.0,1.0,1.0,1.0,1.0,1,1.0,1.0,1.0,1.0,1.0,1,1.0,1.0,1.0,1.0,1.0,1,1.0,1.0,1.0,1.0,1.0
248,no_strict_e1_improvement,0,,,,,1,0,1,1,1,1,1,4,0,0,-1,current,0,0,0.4438355267047882,0.4438355267047882,8,9,9,9,9,0,0,1,1.0,1.0,1.0,1.0,1.0,1,1.0,1.0,1.0,1.0,1.0,1,1.0,1.0,1.0,1.0,1.0,1,1.0,1.0,1.0,1.0,1.0
249,no_strict_e1_improvement,0,,,,,1,0,1,1,1,1,1,4,0,0,-1,current,0,0,0.7328600138425827,0.7328600138425827,6,0,0,0,0,0,0,0,0.0,0.0,0.5,0.25,0.5,0,0.0,0.0,0.5,0.25,0.5,0,0.0,0.0,0.5,0.25,0.5,0,0.0,0.0,0.5,0.25,0.5
250,no_strict_e1_improvement,0,,,,,1,0,4,4,4,14,14,4,0,0,-1,current,0,0,0.4957272931933403,0.4957272931933403,6,0,0,0,0,0,0,0,0.0,0.6666666666666666,0.5,0.5833333333333334,0.6666666666666666,0,0.0,0.6666666666666666,0.5,0.5833333333333334,0.6666666666666666,0,0.0,0.6666666666666666,0.5,0.5833333333333334,0.6666666666666666,0,0.0,0.6666666666666666,0.5,0.5833333333333334,0.6666666666666666
251,no_strict_e1_improvement,0,,,,,1,0,1,1,1,1,1,4,0,0,-1,current,0,0,0.6208939428130785,0.6208939428130785,10,9,9,9,9,0,0,1,1.0,1.0,1.0,1.0,1.0,1,1.0,1.0,1.0,1.0,1.0,1,1.0,1.0,1.0,1.0,1.0,1,1.0,1.0,1.0,1.0,1.0
252,no_strict_e1_improvement,0,,,,,1,0,1,1,1,1,1,4,0,0,-1,current,0,0,0.6009295557936033,0.6009295557936033,9,9,9,9,9,0,0,1,1.0,1.0,1.0,1.0,1.0,1,1.0,1.0,1.0,1.0,1.0,1,1.0,1.0,1.0,1.0,1.0,1,1.0,1.0,1.0,1.0,1.0
253,no_strict_e1_improvement,0,,,,,1,0,1,1,1,1,1,4,0,0,-1,current,0,0,0.6559163381656011,0.6559163381656011,9,9,9,9,9,0,0,1,1.0,1.0,1.0,1.0,1.0,1,1.0,1.0,1.0,1.0,1.0,1,1.0,1.0,1.0,1.0,1.0,1,1.0,1.0,1.0,1.0,1.0
254,max_rounds,0,,,,,1,1,5,4,4,15,15,4,0,-1,1,profiled_beam,1,1,0.9612813144922256,0.8342782407999039,3,4,4,3,5,1,2,0,0.4444444444444444,0.16666666666666666,0.5,0.3333333333333333,0.5833333333333334,0,0.4444444444444444,0.16666666666666666,0.5,0.3333333333333333,0.5833333333333334,0,0.3333333333333333,0.0,0.8333333333333334,0.4166666666666667,0.6666666666666666,0,0.5555555555555556,0.3333333333333333,0.6666666666666666,0.5,0.6666666666666666
255,no_strict_e1_improvement,0,,,,,1,0,1,1,1,1,1,4,0,0,-1,current,0,0,0.6597807705402374,0.6597807705402374,8,0,0,0,0,0,0,0,0.0,0.8333333333333334,0.5,0.6666666666666666,0.6666666666666666,0,0.0,0.8333333333333334,0.5,0.6666666666666666,0.6666666666666666,0,0.0,0.8333333333333334,0.5,0.6666666666666666,0.6666666666666666,0,0.0,0.8333333333333334,0.5,0.6666666666666666,0.6666666666666666
256,no_strict_e1_improvement,0,,,,,1,0,1,1,1,1,1,4,0,0,-1,current,0,0,0.586215170721213,0.586215170721213,9,0,0,0,0,0,0,0,0.0,0.5,1.0,0.75,0.75,0,0.0,0.5,1.0,0.75,0.75,0,0.0,0.5,1.0,0.75,0.75,0,0.0,0.5,1.0,0.75,0.75
257,max_rounds,0,,,,,1,1,4,4,4,13,13,4,0,-1,0,s1a3_greedy,1,0,0.7956389809648196,0.6244385689496994,5,0,0,9,9,9,0,0,0.0,0.5,0.6666666666666666,0.5833333333333334,0.6666666666666666,0,0.0,0.5,0.6666666666666666,0.5833333333333334,0.6666666666666666,1,1.0,1.0,1.0,1.0,1.0,1,1.0,1.0,1.0,1.0,1.0
258,no_strict_e1_improvement,0,,,,,1,0,1,1,1,1,1,4,0,0,-1,current,0,0,0.6151350264747938,0.6151350264747938,6,0,0,0,0,0,0,0,0.0,0.6666666666666666,0.5,0.5833333333333334,0.5833333333333334,0,0.0,0.6666666666666666,0.5,0.5833333333333334,0.5833333333333334,0,0.0,0.6666666666666666,0.5,0.5833333333333334,0.5833333333333334,0,0.0,0.6666666666666666,0.5,0.5833333333333334,0.5833333333333334
259,no_strict_e1_improvement,0,,,,,1,0,4,4,4,15,15,4,0,0,-1,current,0,0,0.5979880690574646,0.5979880690574646,7,9,9,9,9,0,0,1,1.0,1.0,1.0,1.0,1.0,1,1.0,1.0,1.0,1.0,1.0,1,1.0,1.0,1.0,1.0,1.0,1,1.0,1.0,1.0,1.0,1.0
260,no_strict_e1_improvement,0,,,,,1,0,2,2,2,6,6,4,0,0,-1,current,0,0,0.6208275717993578,0.6208275717993578,9,9,9,9,9,0,0,1,1.0,1.0,1.0,1.0,1.0,1,1.0,1.0,1.0,1.0,1.0,1,1.0,1.0,1.0,1.0,1.0,1,1.0,1.0,1.0,1.0,1.0
261,partial_completed__small_component,1,,3,2,4,1,0,0,0,0,0,0,4,0,0,-1,current,1,0,0.896451878050963,0.896451878050963,4,0,1,1,1,1,0,0,0.0,0.3333333333333333,0.3333333333333333,0.3333333333333333,0.5,0,0.1111111111111111,0.3333333333333333,0.3333333333333333,0.3333333333333333,0.6666666666666666,0,0.1111111111111111,0.3333333333333333,0.3333333333333333,0.3333333333333333,0.6666666666666666,0,0.1111111111111111,0.3333333333333333,0.3333333333333333,0.3333333333333333,0.6666666666666666
262,max_rounds,0,,,,,1,1,3,2,2,8,8,4,-1,0,1,profiled_beam,1,1,0.7348339830835661,0.6486209332942963,9,0,0,7,7,7,0,0,0.0,0.6666666666666666,0.5,0.5833333333333334,0.6666666666666666,0,0.0,0.6666666666666666,0.5,0.5833333333333334,0.6666666666666666,0,0.7777777777777778,0.6666666666666666,0.6666666666666666,0.6666666666666666,0.8333333333333334,0,0.7777777777777778,0.6666666666666666,0.6666666666666666,0.6666666666666666,0.75
263,small_component,0,,,,,1,0,0,0,0,0,0,4,0,0,-1,current,0,0,0.6714835365613302,0.6714835365613302,2,0,0,0,0,0,0,0,0.0,0.0,0.5,0.25,0.3333333333333333,0,0.0,0.0,0.5,0.25,0.3333333333333333,0,0.0,0.0,0.5,0.25,0.3333333333333333,0,0.0,0.0,0.5,0.25,0.3333333333333333
264,max_rounds,0,,,,,1,1,3,2,2,7,7,4,0,1,1,profiled_beam,1,1,0.7724977831045786,0.7051612511277199,6,1,1,0,0,-1,0,0,0.1111111111111111,0.6666666666666666,0.3333333333333333,0.5,0.5833333333333334,0,0.1111111111111111,0.6666666666666666,0.3333333333333333,0.5,0.5833333333333334,0,0.0,1.0,0.5,0.75,0.75,0,0.0,0.5,0.5,0.5,0.5
265,no_strict_e1_improvement,0,,,,,1,0,1,1,1,1,1,4,0,0,-1,current,0,0,0.6150665258367857,0.6150665258367857,9,0,0,0,0,0,0,0,0.0,0.5,1.0,0.75,0.75,0,0.0,0.5,1.0,0.75,0.75,0,0.0,0.5,1.0,0.75,0.75,0,0.0,0.5,1.0,0.75,0.75
266,no_strict_e1_improvement,0,,,,,1,0,1,1,1,1,1,4,0,0,-1,current,0,0,0.6535143479704857,0.6535143479704857,11,9,9,9,9,0,0,1,1.0,1.0,1.0,1.0,1.0,1,1.0,1.0,1.0,1.0,1.0,1,1.0,1.0,1.0,1.0,1.0,1,1.0,1.0,1.0,1.0,1.0
267,no_strict_e1_improvement,0,,,,,1,0,2,2,2,7,7,4,0,0,-1,current,0,0,0.7513634786009789,0.7513634786009789,9,9,9,9,9,0,0,1,1.0,1.0,1.0,1.0,1.0,1,1.0,1.0,1.0,1.0,1.0,1,1.0,1.0,1.0,1.0,1.0,1,1.0,1.0,1.0,1.0,1.0
268,no_strict_e1_improvement,0,,,,,1,0,2,2,2,6,6,4,0,0,-1,current,0,0,0.5894235769907633,0.5894235769907633,7,9,9,9,9,0,0,1,1.0,1.0,1.0,1.0,1.0,1,1.0,1.0,1.0,1.0,1.0,1,1.0,1.0,1.0,1.0,1.0,1,1.0,1.0,1.0,1.0,1.0
269,no_strict_e1_improvement,0,,,,,1,0,1,1,1,1,1,4,0,0,-1,current,0,0,0.5567372639973959,0.5567372639973959,6,9,9,9,9,0,0,1,1.0,1.0,1.0,1.0,1.0,1,1.0,1.0,1.0,1.0,1.0,1,1.0,1.0,1.0,1.0,1.0,1,1.0,1.0,1.0,1.0,1.0
270,no_strict_e1_improvement,0,,,,,1,0,4,4,4,13,13,4,0,0,-1,current,0,0,0.8713348855574926,0.8713348855574926,6,1,1,1,1,0,0,0,0.1111111111111111,0.16666666666666666,0.0,0.08333333333333333,0.5833333333333334,0,0.1111111111111111,0.16666666666666666,0.0,0.08333333333333333,0.5833333333333334,0,0.1111111111111111,0.16666666666666666,0.0,0.08333333333333333,0.5833333333333334,0,0.1111111111111111,0.16666666666666666,0.0,0.08333333333333333,0.5833333333333334
271,no_strict_e1_improvement,0,,,,,1,0,1,1,1,1,1,4,0,0,-1,current,0,0,0.620450975994269,0.620450975994269,10,9,9,9,9,0,0,1,1.0,1.0,1.0,1.0,1.0,1,1.0,1.0,1.0,1.0,1.0,1,1.0,1.0,1.0,1.0,1.0,1,1.0,1.0,1.0,1.0,1.0
272,no_strict_e1_improvement,0,,,,,1,0,1,1,1,1,1,4,0,0,-1,current,0,0,0.7069921915729841,0.7069921915729841,9,0,0,0,0,0,0,0,0.0,0.5,0.5,0.5,0.5,0,0.0,0.5,0.5,0.5,0.5,0,0.0,0.5,0.5,0.5,0.5,0,0.0,0.5,0.5,0.5,0.5
273,no_strict_e1_improvement,0,,,,,1,0,1,1,1,1,1,4,0,0,-1,current,0,0,0.3892986650268237,0.3892986650268237,7,0,0,0,0,0,0,0,0.0,1.0,0.5,0.75,0.75,0,0.0,1.0,0.5,0.75,0.75,0,0.0,1.0,0.5,0.75,0.75,0,0.0,1.0,0.5,0.75,0.75
274,partial_completed__no_strict_e1_improvement,1,,3,2,3,1,0,1,1,1,1,1,4,0,0,-1,current,1,0,0.6755921890338262,0.6755921890338262,8,0,0,0,0,0,0,0,0.0,0.3333333333333333,0.5,0.4166666666666667,0.4166666666666667,0,0.0,0.5,0.6666666666666666,0.5833333333333334,0.5833333333333334,0,0.0,0.5,0.6666666666666666,0.5833333333333334,0.5833333333333334,0,0.0,0.5,0.6666666666666666,0.5833333333333334,0.5833333333333334
275,no_strict_e1_improvement,0,,,,,1,0,1,1,1,1,1,4,0,0,-1,current,0,0,0.6908781851331393,0.6908781851331393,9,0,0,0,0,0,0,0,0.0,0.5,1.0,0.75,0.75,0,0.0,0.5,1.0,0.75,0.75,0,0.0,0.5,1.0,0.75,0.75,0,0.0,0.5,1.0,0.75,0.75
276,max_rounds,0,,,,,1,1,4,4,4,13,13,4,-1,1,0,s1a3_greedy,1,0,0.6808571666479111,0.6256106942892075,6,0,0,0,0,0,0,0,0.0,0.3333333333333333,0.16666666666666666,0.25,0.4166666666666667,0,0.0,0.3333333333333333,0.16666666666666666,0.25,0.4166666666666667,0,0.0,0.6666666666666666,0.5,0.5833333333333334,0.6666666666666666,0,0.0,0.6666666666666666,0.5,0.5833333333333334,0.6666666666666666
277,no_strict_e1_improvement,0,,,,,1,0,1,1,1,1,1,4,0,0,-1,current,0,0,0.7428271224101385,0.7428271224101385,8,0,0,0,0,0,0,0,0.0,0.5,1.0,0.75,0.75,0,0.0,0.5,1.0,0.75,0.75,0,0.0,0.5,1.0,0.75,0.75,0,0.0,0.5,1.0,0.75,0.75
278,no_strict_e1_improvement,0,,,,,1,0,1,1,1,1,1,4,0,0,-1,current,0,0,0.6866150026520094,0.6866150026520094,9,9,9,9,9,0,0,1,1.0,1.0,1.0,1.0,1.0,1,1.0,1.0,1.0,1.0,1.0,1,1.0,1.0,1.0,1.0,1.0,1,1.0,1.0,1.0,1.0,1.0
279,no_strict_e1_improvement,0,,,,,1,0,1,1,1,1,1,4,0,0,-1,current,0,0,0.6108006983995438,0.6108006983995438,12,0,0,0,0,0,0,0,0.0,1.0,0.5,0.75,0.75,0,0.0,1.0,0.5,0.75,0.75,0,0.0,1.0,0.5,0.75,0.75,0,0.0,1.0,0.5,0.75,0.75
280,no_strict_e1_improvement,0,,,,,1,0,1,1,1,1,1,4,0,0,-1,current,0,0,0.7995093762874603,0.7995093762874603,7,0,0,0,0,0,0,0,0.0,0.5,0.8333333333333334,0.6666666666666666,0.6666666666666666,0,0.0,0.5,0.8333333333333334,0.6666666666666666,0.6666666666666666,0,0.0,0.5,0.8333333333333334,0.6666666666666666,0.6666666666666666,0,0.0,0.5,0.8333333333333334,0.6666666666666666,0.6666666666666666
281,partial_completed__small_component,1,,3,2,4,1,0,0,0,0,0,0,4,0,0,-1,current,1,0,0.630951223274072,0.630951223274072,6,1,0,0,0,-1,0,0,0.1111111111111111,0.0,0.16666666666666666,0.08333333333333333,0.3333333333333333,0,0.0,0.3333333333333333,0.16666666666666666,0.25,0.6666666666666666,0,0.0,0.3333333333333333,0.16666666666666666,0.25,0.6666666666666666,0,0.0,0.3333333333333333,0.16666666666666666,0.25,0.6666666666666666
282,no_strict_e1_improvement,0,,,,,1,0,1,1,1,1,1,4,0,0,-1,current,0,0,0.46605628232161206,0.46605628232161206,8,0,0,0,0,0,0,0,0.0,0.5,1.0,0.75,0.75,0,0.0,0.5,1.0,0.75,0.75,0,0.0,0.5,1.0,0.75,0.75,0,0.0,0.5,1.0,0.75,0.75
283,max_rounds,0,,,,,1,1,3,2,2,6,6,4,0,0,0,s1a3_greedy,1,0,0.5969937294721603,0.5484777539968491,7,0,0,0,0,0,0,0,0.0,0.6666666666666666,0.5,0.5833333333333334,0.75,0,0.0,0.6666666666666666,0.5,0.5833333333333334,0.75,0,0.0,1.0,0.5,0.75,0.75,0,0.0,1.0,0.5,0.75,0.75
284,small_component,0,,,,,1,0,0,0,0,0,0,4,0,0,-1,current,0,0,0.9501964449882507,0.9501964449882507,5,2,2,2,2,0,0,0,0.2222222222222222,0.3333333333333333,0.3333333333333333,0.3333333333333333,0.5,0,0.2222222222222222,0.3333333333333333,0.3333333333333333,0.3333333333333333,0.5,0,0.2222222222222222,0.3333333333333333,0.3333333333333333,0.3333333333333333,0.5,0,0.2222222222222222,0.3333333333333333,0.3333333333333333,0.3333333333333333,0.5
285,no_strict_e1_improvement,0,,,,,1,0,1,1,1,1,1,4,0,0,-1,current,0,0,0.5319012415905794,0.5319012415905794,7,9,9,9,9,0,0,1,1.0,1.0,1.0,1.0,1.0,1,1.0,1.0,1.0,1.0,1.0,1,1.0,1.0,1.0,1.0,1.0,1,1.0,1.0,1.0,1.0,1.0
286,partial_completed__no_strict_e1_improvement,1,,3,2,4,1,0,1,1,1,1,1,4,0,0,-1,current,1,0,0.5841246284544468,0.5841246284544468,9,0,9,9,9,9,0,0,0.0,0.5,0.6666666666666666,0.5833333333333334,0.5833333333333334,1,1.0,1.0,1.0,1.0,1.0,1,1.0,1.0,1.0,1.0,1.0,1,1.0,1.0,1.0,1.0,1.0
287,no_strict_e1_improvement,0,,,,,1,0,1,1,1,1,1,4,0,0,-1,current,0,0,0.6175695086518923,0.6175695086518923,9,9,9,9,9,0,0,1,1.0,1.0,1.0,1.0,1.0,1,1.0,1.0,1.0,1.0,1.0,1,1.0,1.0,1.0,1.0,1.0,1,1.0,1.0,1.0,1.0,1.0
288,no_strict_e1_improvement,0,,,,,1,0,1,1,1,1,1,4,0,0,-1,current,0,0,0.622516838212808,0.622516838212808,11,9,9,9,9,0,0,1,1.0,1.0,1.0,1.0,1.0,1,1.0,1.0,1.0,1.0,1.0,1,1.0,1.0,1.0,1.0,1.0,1,1.0,1.0,1.0,1.0,1.0
289,no_strict_e1_improvement,0,,,,,1,0,1,1,1,1,1,4,0,0,-1,current,0,0,0.6589334309101105,0.6589334309101105,8,0,0,0,0,0,0,0,0.0,0.8333333333333334,0.5,0.6666666666666666,0.6666666666666666,0,0.0,0.8333333333333334,0.5,0.6666666666666666,0.6666666666666666,0,0.0,0.8333333333333334,0.5,0.6666666666666666,0.6666666666666666,0,0.0,0.8333333333333334,0.5,0.6666666666666666,0.6666666666666666
290,small_component,0,,,,,1,0,0,0,0,0,0,4,0,0,-1,current,0,0,0.6242129951715469,0.6242129951715469,6,7,7,7,7,0,0,0,0.7777777777777778,0.6666666666666666,0.6666666666666666,0.6666666666666666,0.8333333333333334,0,0.7777777777777778,0.6666666666666666,0.6666666666666666,0.6666666666666666,0.8333333333333334,0,0.7777777777777778,0.6666666666666666,0.6666666666666666,0.6666666666666666,0.8333333333333334,0,0.7777777777777778,0.6666666666666666,0.6666666666666666,0.6666666666666666,0.8333333333333334
291,no_strict_e1_improvement,0,,,,,1,0,4,4,4,15,15,4,0,0,-1,current,0,0,0.6570026824871699,0.6570026824871699,8,9,9,9,9,0,0,1,1.0,1.0,1.0,1.0,1.0,1,1.0,1.0,1.0,1.0,1.0,1,1.0,1.0,1.0,1.0,1.0,1,1.0,1.0,1.0,1.0,1.0
292,no_strict_e1_improvement,0,,,,,1,0,1,1,1,1,1,4,0,0,-1,current,0,0,0.606320525209109,0.606320525209109,7,0,0,0,0,0,0,0,0.0,0.3333333333333333,0.5,0.4166666666666667,0.5,0,0.0,0.3333333333333333,0.5,0.4166666666666667,0.5,0,0.0,0.3333333333333333,0.5,0.4166666666666667,0.5,0,0.0,0.3333333333333333,0.5,0.4166666666666667,0.5
293,no_strict_e1_improvement,0,,,,,1,0,1,1,1,1,1,4,0,0,-1,current,0,0,0.6781729136904081,0.6781729136904081,10,9,9,9,9,0,0,1,1.0,1.0,1.0,1.0,1.0,1,1.0,1.0,1.0,1.0,1.0,1,1.0,1.0,1.0,1.0,1.0,1,1.0,1.0,1.0,1.0,1.0
294,max_rounds,0,,,,,1,1,4,4,4,15,15,4,0,-1,1,profiled_beam,1,1,0.80565095692873,0.7583984757463137,7,1,1,1,4,3,3,0,0.1111111111111111,0.3333333333333333,0.3333333333333333,0.3333333333333333,0.4166666666666667,0,0.1111111111111111,0.3333333333333333,0.3333333333333333,0.3333333333333333,0.4166666666666667,0,0.1111111111111111,0.3333333333333333,0.3333333333333333,0.3333333333333333,0.4166666666666667,0,0.4444444444444444,0.5,0.3333333333333333,0.4166666666666667,0.5
295,max_rounds,0,,,,,1,1,3,2,2,7,7,4,0,0,0,s1a3_greedy,1,0,0.7806104297439257,0.6514732241630554,7,7,7,9,9,2,0,0,0.7777777777777778,0.6666666666666666,0.6666666666666666,0.6666666666666666,0.75,0,0.7777777777777778,0.6666666666666666,0.6666666666666666,0.6666666666666666,0.75,1,1.0,1.0,1.0,1.0,1.0,1,1.0,1.0,1.0,1.0,1.0
296,small_component,0,,,,,1,0,0,0,0,0,0,4,0,0,-1,current,0,0,0.5887243921558062,0.5887243921558062,6,0,0,0,0,0,0,0,0.0,0.5,0.5,0.5,0.5,0,0.0,0.5,0.5,0.5,0.5,0,0.0,0.5,0.5,0.5,0.5,0,0.0,0.5,0.5,0.5,0.5
297,no_strict_e1_improvement,0,,,,,1,0,1,1,1,1,1,4,0,0,-1,current,0,0,0.5881271784504255,0.5881271784504255,10,9,9,9,9,0,0,1,1.0,1.0,1.0,1.0,1.0,1,1.0,1.0,1.0,1.0,1.0,1,1.0,1.0,1.0,1.0,1.0,1,1.0,1.0,1.0,1.0,1.0
298,no_strict_e1_improvement,0,,,,,1,0,1,1,1,1,1,4,0,0,-1,current,0,0,0.5652656778693199,0.5652656778693199,6,0,0,0,0,0,0,0,0.0,0.5,1.0,0.75,0.75,0,0.0,0.5,1.0,0.75,0.75,0,0.0,0.5,1.0,0.75,0.75,0,0.0,0.5,1.0,0.75,0.75
299,no_strict_e1_improvement,0,,,,,1,0,1,1,1,1,1,4,0,0,-1,current,0,0,0.5952638735373815,0.5952638735373815,10,0,0,0,0,0,0,0,0.0,0.5,1.0,0.75,0.75,0,0.0,0.5,1.0,0.75,0.75,0,0.0,0.5,1.0,0.75,0.75,0,0.0,0.5,1.0,0.75,0.75
300,small_component,0,,,,,1,0,0,0,0,0,0,4,0,0,-1,current,0,0,0.9404023240009943,0.9404023240009943,7,6,6,6,6,0,0,0,0.6666666666666666,0.3333333333333333,0.5,0.4166666666666667,0.5833333333333334,0,0.6666666666666666,0.3333333333333333,0.5,0.4166666666666667,0.5833333333333334,0,0.6666666666666666,0.3333333333333333,0.5,0.4166666666666667,0.5833333333333334,0,0.6666666666666666,0.3333333333333333,0.5,0.4166666666666667,0.5833333333333334
301,max_rounds,0,,,,,1,1,2,2,2,6,6,4,1,0,0,s1a3_greedy,1,0,0.5950121382872263,0.5927285104990005,8,3,3,6,6,3,0,0,0.3333333333333333,0.5,0.6666666666666666,0.5833333333333334,0.5833333333333334,0,0.3333333333333333,0.5,0.6666666666666666,0.5833333333333334,0.5833333333333334,0,0.6666666666666666,0.5,0.8333333333333334,0.6666666666666666,0.6666666666666666,0,0.6666666666666666,0.5,0.8333333333333334,0.6666666666666666,0.6666666666666666
302,max_rounds,0,,,,,1,1,5,4,4,14,14,4,0,1,0,s1a3_greedy,1,0,0.7520410592357317,0.7215147192279497,5,0,0,9,9,9,0,0,0.0,0.3333333333333333,0.6666666666666666,0.5,0.5,0,0.0,0.3333333333333333,0.6666666666666666,0.5,0.5,1,1.0,1.0,1.0,1.0,1.0,1,1.0,1.0,1.0,1.0,1.0
303,no_strict_e1_improvement,0,,,,,1,0,1,1,1,1,1,4,0,0,-1,current,0,0,0.5876716276009878,0.5876716276009878,7,9,9,9,9,0,0,1,1.0,1.0,1.0,1.0,1.0,1,1.0,1.0,1.0,1.0,1.0,1,1.0,1.0,1.0,1.0,1.0,1,1.0,1.0,1.0,1.0,1.0
304,no_strict_e1_improvement,0,,,,,1,0,1,1,1,1,1,4,0,0,-1,current,0,0,0.6233192086219788,0.6233192086219788,10,9,9,9,9,0,0,1,1.0,1.0,1.0,1.0,1.0,1,1.0,1.0,1.0,1.0,1.0,1,1.0,1.0,1.0,1.0,1.0,1,1.0,1.0,1.0,1.0,1.0
305,no_strict_e1_improvement,0,,,,,1,0,1,1,1,1,1,4,0,0,-1,current,0,0,0.6618940830230713,0.6618940830230713,9,0,0,0,0,0,0,0,0.0,0.5,1.0,0.75,0.75,0,0.0,0.5,1.0,0.75,0.75,0,0.0,0.5,1.0,0.75,0.75,0,0.0,0.5,1.0,0.75,0.75
306,no_strict_e1_improvement,0,,,,,1,0,2,2,2,5,5,4,0,0,-1,current,0,0,0.7091393545269966,0.7091393545269966,8,0,0,0,0,0,0,0,0.0,0.5,1.0,0.75,0.75,0,0.0,0.5,1.0,0.75,0.75,0,0.0,0.5,1.0,0.75,0.75,0,0.0,0.5,1.0,0.75,0.75
307,max_rounds,0,,,,,1,1,3,2,2,7,7,4,0,0,0,s1a3_greedy,1,0,0.766116609176,0.6528536478678385,5,7,7,9,9,2,0,0,0.7777777777777778,0.6666666666666666,0.6666666666666666,0.6666666666666666,0.8333333333333334,0,0.7777777777777778,0.6666666666666666,0.6666666666666666,0.6666666666666666,0.8333333333333334,1,1.0,1.0,1.0,1.0,1.0,1,1.0,1.0,1.0,1.0,1.0
308,partial_completed__max_rounds,1,,3,2,4,1,1,4,4,4,14,14,4,-1,0,1,profiled_beam,1,1,0.6300356114904085,0.6211734265089035,4,0,6,6,3,3,-3,0,0.0,0.5,0.6666666666666666,0.5833333333333334,0.5833333333333334,0,0.6666666666666666,0.5,0.8333333333333334,0.6666666666666666,0.6666666666666666,0,0.6666666666666666,0.5,0.8333333333333334,0.6666666666666666,0.6666666666666666,0,0.3333333333333333,0.0,0.6666666666666666,0.3333333333333333,0.6666666666666666
309,small_component,0,,,,,1,0,0,0,0,0,0,4,0,0,-1,current,0,0,0.6566484719514847,0.6566484719514847,7,0,0,0,0,0,0,0,0.0,1.0,0.5,0.75,0.75,0,0.0,1.0,0.5,0.75,0.75,0,0.0,1.0,0.5,0.75,0.75,0,0.0,1.0,0.5,0.75,0.75
310,max_rounds,0,,,,,1,1,3,2,2,6,6,4,-1,0,0,s1a3_greedy,1,0,0.7049108222126961,0.4842433308561643,6,0,0,9,9,9,0,0,0.0,0.6666666666666666,0.5,0.5833333333333334,0.6666666666666666,0,0.0,0.6666666666666666,0.5,0.5833333333333334,0.6666666666666666,1,1.0,1.0,1.0,1.0,1.0,1,1.0,1.0,1.0,1.0,1.0
311,max_rounds,0,,,,,1,1,5,4,4,15,15,4,0,0,0,s1a3_greedy,1,0,0.6442505791783333,0.6379025354981422,5,0,0,0,0,0,0,0,0.0,0.0,0.0,0.0,0.25,0,0.0,0.0,0.0,0.0,0.25,0,0.0,0.0,0.0,0.0,0.25,0,0.0,0.0,0.0,0.0,0.25
312,no_strict_e1_improvement,0,,,,,1,0,1,1,1,1,1,4,0,0,-1,current,0,0,0.6106331075231234,0.6106331075231234,11,9,9,9,9,0,0,1,1.0,1.0,1.0,1.0,1.0,1,1.0,1.0,1.0,1.0,1.0,1,1.0,1.0,1.0,1.0,1.0,1,1.0,1.0,1.0,1.0,1.0
313,no_strict_e1_improvement,0,,,,,1,0,1,1,1,1,1,4,0,0,-1,current,0,0,0.6507808193564415,0.6507808193564415,5,0,0,0,0,0,0,0,0.0,0.5,0.5,0.5,0.5,0,0.0,0.5,0.5,0.5,0.5,0,0.0,0.5,0.5,0.5,0.5,0,0.0,0.5,0.5,0.5,0.5
314,max_rounds,0,,,,,1,1,5,4,4,14,14,4,0,0,0,s1a3_greedy,1,0,0.6694405600428581,0.6550208056966463,5,0,0,1,1,1,0,0,0.0,0.3333333333333333,0.3333333333333333,0.3333333333333333,0.5833333333333334,0,0.0,0.3333333333333333,0.3333333333333333,0.3333333333333333,0.5833333333333334,0,0.1111111111111111,0.5,0.16666666666666666,0.3333333333333333,0.6666666666666666,0,0.1111111111111111,0.5,0.16666666666666666,0.3333333333333333,0.6666666666666666
315,no_strict_e1_improvement,0,,,,,1,0,1,1,1,1,1,4,0,0,-1,current,0,0,0.6509015634655952,0.6509015634655952,7,0,0,0,0,0,0,0,0.0,0.5,0.5,0.5,0.5,0,0.0,0.5,0.5,0.5,0.5,0,0.0,0.5,0.5,0.5,0.5,0,0.0,0.5,0.5,0.5,0.5
316,max_rounds,0,,,,,1,1,2,2,2,6,6,4,-1,0,0,s1a3_greedy,1,0,0.6654823745290438,0.6012174114584923,6,0,0,0,0,0,0,0,0.0,0.5,0.3333333333333333,0.4166666666666667,0.5833333333333334,0,0.0,0.5,0.3333333333333333,0.4166666666666667,0.5833333333333334,0,0.0,0.5,0.6666666666666666,0.5833333333333334,0.6666666666666666,0,0.0,0.5,0.6666666666666666,0.5833333333333334,0.6666666666666666
317,max_rounds,0,,,,,1,1,5,4,4,12,12,4,0,1,1,profiled_beam,1,1,0.9113777776559194,0.7813407381375631,7,0,0,7,9,9,2,0,0.0,0.3333333333333333,0.5,0.4166666666666667,0.5833333333333334,0,0.0,0.3333333333333333,0.5,0.4166666666666667,0.5833333333333334,0,0.7777777777777778,0.5,0.5,0.5,0.8333333333333334,1,1.0,1.0,1.0,1.0,1.0
318,no_strict_e1_improvement,0,,,,,1,0,1,1,1,1,1,4,0,0,-1,current,0,0,0.6603339140613874,0.6603339140613874,8,0,0,0,0,0,0,0,0.0,0.6666666666666666,0.5,0.5833333333333334,0.6666666666666666,0,0.0,0.6666666666666666,0.5,0.5833333333333334,0.6666666666666666,0,0.0,0.6666666666666666,0.5,0.5833333333333334,0.6666666666666666,0,0.0,0.6666666666666666,0.5,0.5833333333333334,0.6666666666666666
319,no_strict_e1_improvement,0,,,,,1,0,1,1,1,1,1,4,0,0,-1,current,0,0,0.557355505724748,0.557355505724748,12,9,9,9,9,0,0,1,1.0,1.0,1.0,1.0,1.0,1,1.0,1.0,1.0,1.0,1.0,1,1.0,1.0,1.0,1.0,1.0,1,1.0,1.0,1.0,1.0,1.0
320,no_strict_e1_improvement,0,,,,,1,0,1,1,1,1,1,4,0,0,-1,current,0,0,0.5295969744523367,0.5295969744523367,11,9,9,9,9,0,0,1,1.0,1.0,1.0,1.0,1.0,1,1.0,1.0,1.0,1.0,1.0,1,1.0,1.0,1.0,1.0,1.0,1,1.0,1.0,1.0,1.0,1.0
321,no_strict_e1_improvement,0,,,,,1,0,1,1,1,1,1,4,0,0,-1,current,0,0,0.5649090111255646,0.5649090111255646,8,0,0,0,0,0,0,0,0.0,1.0,0.5,0.75,0.75,0,0.0,1.0,0.5,0.75,0.75,0,0.0,1.0,0.5,0.75,0.75,0,0.0,1.0,0.5,0.75,0.75
322,no_strict_e1_improvement,0,,,,,1,0,1,1,1,1,1,4,0,0,-1,current,0,0,0.6712781737248102,0.6712781737248102,12,0,0,0,0,0,0,0,0.0,0.5,1.0,0.75,0.75,0,0.0,0.5,1.0,0.75,0.75,0,0.0,0.5,1.0,0.75,0.75,0,0.0,0.5,1.0,0.75,0.75
323,max_rounds,0,,,,,1,1,3,2,2,7,7,4,-1,0,0,s1a3_greedy,1,0,0.7602735509475073,0.6356057499845823,9,0,0,9,9,9,0,0,0.0,0.8333333333333334,0.5,0.6666666666666666,0.6666666666666666,0,0.0,0.8333333333333334,0.5,0.6666666666666666,0.6666666666666666,1,1.0,1.0,1.0,1.0,1.0,1,1.0,1.0,1.0,1.0,1.0
324,no_strict_e1_improvement,0,,,,,1,0,1,1,1,1,1,4,0,0,-1,current,0,0,0.6310939292112986,0.6310939292112986,11,0,0,0,0,0,0,0,0.0,0.5,1.0,0.75,0.75,0,0.0,0.5,1.0,0.75,0.75,0,0.0,0.5,1.0,0.75,0.75,0,0.0,0.5,1.0,0.75,0.75
325,no_strict_e1_improvement,0,,,,,1,0,1,1,1,1,1,4,0,0,-1,current,0,0,0.6927869245409966,0.6927869245409966,10,9,9,9,9,0,0,1,1.0,1.0,1.0,1.0,1.0,1,1.0,1.0,1.0,1.0,1.0,1,1.0,1.0,1.0,1.0,1.0,1,1.0,1.0,1.0,1.0,1.0
326,no_strict_e1_improvement,0,,,,,1,0,2,2,2,7,7,4,0,0,-1,current,0,0,0.5954960832993189,0.5954960832993189,6,0,0,0,0,0,0,0,0.0,0.16666666666666666,0.3333333333333333,0.25,0.5,0,0.0,0.16666666666666666,0.3333333333333333,0.25,0.5,0,0.0,0.16666666666666666,0.3333333333333333,0.25,0.5,0,0.0,0.16666666666666666,0.3333333333333333,0.25,0.5
327,no_strict_e1_improvement,0,,,,,1,0,1,1,1,1,1,4,0,0,-1,current,0,0,0.584204855064551,0.584204855064551,7,6,6,6,6,0,0,0,0.6666666666666666,0.5,0.5,0.5,0.6666666666666666,0,0.6666666666666666,0.5,0.5,0.5,0.6666666666666666,0,0.6666666666666666,0.5,0.5,0.5,0.6666666666666666,0,0.6666666666666666,0.5,0.5,0.5,0.6666666666666666
328,no_strict_e1_improvement,0,,,,,1,0,2,2,2,6,6,4,0,0,-1,current,0,0,0.7633167107899984,0.7633167107899984,6,0,0,0,0,0,0,0,0.0,0.16666666666666666,0.3333333333333333,0.25,0.3333333333333333,0,0.0,0.16666666666666666,0.3333333333333333,0.25,0.3333333333333333,0,0.0,0.16666666666666666,0.3333333333333333,0.25,0.3333333333333333,0,0.0,0.16666666666666666,0.3333333333333333,0.25,0.3333333333333333
329,partial_completed__no_strict_e1_improvement,1,,3,2,4,1,0,2,2,2,8,8,4,0,0,-1,current,1,0,0.663294717669487,0.663294717669487,7,6,9,9,9,3,0,0,0.6666666666666666,0.6666666666666666,0.5,0.5833333333333334,0.5833333333333334,1,1.0,1.0,1.0,1.0,1.0,1,1.0,1.0,1.0,1.0,1.0,1,1.0,1.0,1.0,1.0,1.0
330,no_strict_e1_improvement,0,,,,,1,0,1,1,1,1,1,4,0,0,-1,current,0,0,0.701582724849383,0.701582724849383,10,9,9,9,9,0,0,1,1.0,1.0,1.0,1.0,1.0,1,1.0,1.0,1.0,1.0,1.0,1,1.0,1.0,1.0,1.0,1.0,1,1.0,1.0,1.0,1.0,1.0
331,no_strict_e1_improvement,0,,,,,1,0,1,1,1,1,1,4,0,0,-1,current,0,0,0.7757555469870567,0.7757555469870567,9,6,6,6,6,0,0,0,0.6666666666666666,0.8333333333333334,0.5,0.6666666666666666,0.6666666666666666,0,0.6666666666666666,0.8333333333333334,0.5,0.6666666666666666,0.6666666666666666,0,0.6666666666666666,0.8333333333333334,0.5,0.6666666666666666,0.6666666666666666,0,0.6666666666666666,0.8333333333333334,0.5,0.6666666666666666,0.6666666666666666
332,no_strict_e1_improvement,0,,,,,1,0,1,1,1,1,1,4,0,0,-1,current,0,0,0.4914249988893668,0.4914249988893668,10,9,9,9,9,0,0,1,1.0,1.0,1.0,1.0,1.0,1,1.0,1.0,1.0,1.0,1.0,1,1.0,1.0,1.0,1.0,1.0,1,1.0,1.0,1.0,1.0,1.0
333,no_strict_e1_improvement,0,,,,,1,0,1,1,1,1,1,4,0,0,-1,current,0,0,0.622000110646089,0.622000110646089,11,9,9,9,9,0,0,1,1.0,1.0,1.0,1.0,1.0,1,1.0,1.0,1.0,1.0,1.0,1,1.0,1.0,1.0,1.0,1.0,1,1.0,1.0,1.0,1.0,1.0
334,no_strict_e1_improvement,0,,,,,1,0,1,1,1,1,1,4,0,0,-1,current,0,0,0.5805522426962852,0.5805522426962852,7,0,0,0,0,0,0,0,0.0,0.16666666666666666,0.3333333333333333,0.25,0.3333333333333333,0,0.0,0.16666666666666666,0.3333333333333333,0.25,0.3333333333333333,0,0.0,0.16666666666666666,0.3333333333333333,0.25,0.3333333333333333,0,0.0,0.16666666666666666,0.3333333333333333,0.25,0.3333333333333333
335,no_strict_e1_improvement,0,,,,,1,0,1,1,1,1,1,4,0,0,-1,current,0,0,0.6407775158683459,0.6407775158683459,9,9,9,9,9,0,0,1,1.0,1.0,1.0,1.0,1.0,1,1.0,1.0,1.0,1.0,1.0,1,1.0,1.0,1.0,1.0,1.0,1,1.0,1.0,1.0,1.0,1.0
336,no_strict_e1_improvement,0,,,,,1,0,1,1,1,1,1,4,0,0,-1,current,0,0,0.672421837846438,0.672421837846438,8,0,0,0,0,0,0,0,0.0,0.5,1.0,0.75,0.75,0,0.0,0.5,1.0,0.75,0.75,0,0.0,0.5,1.0,0.75,0.75,0,0.0,0.5,1.0,0.75,0.75
337,max_rounds,0,,,,,1,1,3,2,2,7,7,4,0,0,0,s1a3_greedy,1,0,0.7007832154631615,0.5998052035768827,7,1,1,0,0,-1,0,0,0.1111111111111111,0.3333333333333333,0.6666666666666666,0.5,0.5833333333333334,0,0.1111111111111111,0.3333333333333333,0.6666666666666666,0.5,0.5833333333333334,0,0.0,0.5,1.0,0.75,0.75,0,0.0,0.5,1.0,0.75,0.75
338,max_rounds,0,,,,,1,1,4,4,4,10,10,4,-1,-1,1,profiled_beam,1,1,0.6578037279347578,0.6516026730338732,4,0,0,0,0,0,0,0,0.0,0.0,0.8333333333333334,0.4166666666666667,0.4166666666666667,0,0.0,0.0,0.8333333333333334,0.4166666666666667,0.4166666666666667,0,0.0,0.0,0.5,0.25,0.25,0,0.0,0.5,0.5,0.5,0.5
339,max_rounds,0,,,,,1,1,2,2,2,6,6,4,0,1,0,s1a3_greedy,1,0,0.7634496142466863,0.7220645348230997,7,0,0,0,0,0,0,0,0.0,0.5,0.5,0.5,0.5,0,0.0,0.5,0.5,0.5,0.5,0,0.0,1.0,0.5,0.75,0.75,0,0.0,1.0,0.5,0.75,0.75
340,no_strict_e1_improvement,0,,,,,1,0,1,1,1,1,1,4,0,0,-1,current,0,0,0.7740128959218661,0.7740128959218661,8,0,0,0,0,0,0,0,0.0,0.5,0.6666666666666666,0.5833333333333334,0.5833333333333334,0,0.0,0.5,0.6666666666666666,0.5833333333333334,0.5833333333333334,0,0.0,0.5,0.6666666666666666,0.5833333333333334,0.5833333333333334,0,0.0,0.5,0.6666666666666666,0.5833333333333334,0.5833333333333334
341,small_component,0,,,,,1,0,0,0,0,0,0,4,0,0,-1,current,0,0,0.7755875363945961,0.7755875363945961,6,0,0,0,0,0,0,0,0.0,0.3333333333333333,0.3333333333333333,0.3333333333333333,0.3333333333333333,0,0.0,0.3333333333333333,0.3333333333333333,0.3333333333333333,0.3333333333333333,0,0.0,0.3333333333333333,0.3333333333333333,0.3333333333333333,0.3333333333333333,0,0.0,0.3333333333333333,0.3333333333333333,0.3333333333333333,0.3333333333333333
342,small_component,0,,,,,1,0,0,0,0,0,0,4,0,0,-1,current,0,0,0.7338665500283241,0.7338665500283241,5,6,6,6,6,0,0,0,0.6666666666666666,0.5,0.3333333333333333,0.4166666666666667,0.5833333333333334,0,0.6666666666666666,0.5,0.3333333333333333,0.4166666666666667,0.5833333333333334,0,0.6666666666666666,0.5,0.3333333333333333,0.4166666666666667,0.5833333333333334,0,0.6666666666666666,0.5,0.3333333333333333,0.4166666666666667,0.5833333333333334
343,small_component,0,,,,,1,0,0,0,0,0,0,4,0,0,-1,current,0,0,0.9063444137573242,0.9063444137573242,5,2,2,2,2,0,0,0,0.2222222222222222,0.3333333333333333,0.0,0.16666666666666666,0.4166666666666667,0,0.2222222222222222,0.3333333333333333,0.0,0.16666666666666666,0.4166666666666667,0,0.2222222222222222,0.3333333333333333,0.0,0.16666666666666666,0.4166666666666667,0,0.2222222222222222,0.3333333333333333,0.0,0.16666666666666666,0.4166666666666667
344,max_rounds,0,,,,,1,1,3,2,2,7,7,4,-1,0,0,s1a3_greedy,1,0,0.8914548580845197,0.764870656033357,10,0,0,0,0,0,0,0,0.0,0.3333333333333333,0.6666666666666666,0.5,0.5833333333333334,0,0.0,0.3333333333333333,0.6666666666666666,0.5,0.5833333333333334,0,0.0,0.5,0.8333333333333334,0.6666666666666666,0.6666666666666666,0,0.0,0.5,0.8333333333333334,0.6666666666666666,0.6666666666666666
345,partial_completed__max_rounds,1,,3,2,4,1,1,2,1,1,2,2,4,0,0,0,s1a3_greedy,1,0,0.7205613180994987,0.6305790568391482,7,0,0,0,0,0,0,0,0.0,0.3333333333333333,0.16666666666666666,0.25,0.25,0,0.0,0.3333333333333333,0.16666666666666666,0.25,0.25,0,0.0,0.5,0.5,0.5,0.5,0,0.0,0.5,0.5,0.5,0.5
346,max_rounds,0,,,,,1,1,4,4,4,13,13,4,1,1,0,s1a3_greedy,1,0,0.7552346959710121,0.7297291780511538,5,0,0,0,0,0,0,0,0.0,0.5,0.5,0.5,0.5,0,0.0,0.5,0.5,0.5,0.5,0,0.0,0.5,0.6666666666666666,0.5833333333333334,0.5833333333333334,0,0.0,0.5,0.6666666666666666,0.5833333333333334,0.5833333333333334
347,no_strict_e1_improvement,0,,,,,1,0,1,1,1,1,1,4,0,0,-1,current,0,0,0.4256491884589195,0.4256491884589195,9,9,9,9,9,0,0,1,1.0,1.0,1.0,1.0,1.0,1,1.0,1.0,1.0,1.0,1.0,1,1.0,1.0,1.0,1.0,1.0,1,1.0,1.0,1.0,1.0,1.0
348,no_strict_e1_improvement,0,,,,,1,0,1,1,1,1,1,4,0,0,-1,current,0,0,0.6484675407409668,0.6484675407409668,10,9,9,9,9,0,0,1,1.0,1.0,1.0,1.0,1.0,1,1.0,1.0,1.0,1.0,1.0,1,1.0,1.0,1.0,1.0,1.0,1,1.0,1.0,1.0,1.0,1.0
349,no_strict_e1_improvement,0,,,,,1,0,1,1,1,1,1,4,0,0,-1,current,0,0,0.6735434159636497,0.6735434159636497,8,0,0,0,0,0,0,0,0.0,0.5,1.0,0.75,0.75,0,0.0,0.5,1.0,0.75,0.75,0,0.0,0.5,1.0,0.75,0.75,0,0.0,0.5,1.0,0.75,0.75
350,max_rounds,0,,,,,1,1,2,2,2,7,7,4,1,0,0,s1a3_greedy,1,0,0.47896894564231235,0.43782035758097965,6,0,0,0,0,0,0,0,0.0,0.6666666666666666,0.5,0.5833333333333334,0.5833333333333334,0,0.0,0.6666666666666666,0.5,0.5833333333333334,0.5833333333333334,0,0.0,0.8333333333333334,0.5,0.6666666666666666,0.6666666666666666,0,0.0,0.8333333333333334,0.5,0.6666666666666666,0.6666666666666666
351,no_strict_e1_improvement,0,,,,,1,0,1,1,1,1,1,4,0,0,-1,current,0,0,0.6371031552553177,0.6371031552553177,9,9,9,9,9,0,0,1,1.0,1.0,1.0,1.0,1.0,1,1.0,1.0,1.0,1.0,1.0,1,1.0,1.0,1.0,1.0,1.0,1,1.0,1.0,1.0,1.0,1.0
352,max_rounds,0,,,,,1,1,5,4,4,10,10,4,0,-1,1,profiled_beam,1,1,0.7722304463386536,0.65677560120821,5,2,2,0,0,-2,0,0,0.2222222222222222,0.6666666666666666,0.16666666666666666,0.4166666666666667,0.5833333333333334,0,0.2222222222222222,0.6666666666666666,0.16666666666666666,0.4166666666666667,0.5833333333333334,0,0.0,0.5,0.3333333333333333,0.4166666666666667,0.75,0,0.0,0.5,0.3333333333333333,0.4166666666666667,0.5833333333333334
353,no_strict_e1_improvement,0,,,,,1,0,2,2,2,7,7,4,0,0,-1,current,0,0,0.6169692228237788,0.6169692228237788,8,9,9,9,9,0,0,1,1.0,1.0,1.0,1.0,1.0,1,1.0,1.0,1.0,1.0,1.0,1,1.0,1.0,1.0,1.0,1.0,1,1.0,1.0,1.0,1.0,1.0
354,max_rounds,0,,,,,1,1,3,2,2,6,6,4,0,1,0,s1a3_greedy,1,0,0.738004595041275,0.7098777890205383,7,0,0,0,0,0,0,0,0.0,0.5,0.5,0.5,0.5,0,0.0,0.5,0.5,0.5,0.5,0,0.0,1.0,0.5,0.75,0.75,0,0.0,1.0,0.5,0.75,0.75
355,max_rounds,0,,,,,1,1,3,2,2,7,7,4,0,0,1,profiled_beam,1,1,0.7193170239528021,0.6958418140808741,7,1,1,1,3,2,2,0,0.1111111111111111,0.6666666666666666,0.3333333333333333,0.5,0.6666666666666666,0,0.1111111111111111,0.6666666666666666,0.3333333333333333,0.5,0.6666666666666666,0,0.1111111111111111,0.6666666666666666,0.3333333333333333,0.5,0.6666666666666666,0,0.3333333333333333,0.5,0.6666666666666666,0.5833333333333334,0.5833333333333334
356,no_strict_e1_improvement,0,,,,,1,0,1,1,1,1,1,4,0,0,-1,current,0,0,0.5411651370426019,0.5411651370426019,8,0,0,0,0,0,0,0,0.0,0.5,0.8333333333333334,0.6666666666666666,0.6666666666666666,0,0.0,0.5,0.8333333333333334,0.6666666666666666,0.6666666666666666,0,0.0,0.5,0.8333333333333334,0.6666666666666666,0.6666666666666666,0,0.0,0.5,0.8333333333333334,0.6666666666666666,0.6666666666666666
357,no_strict_e1_improvement,0,,,,,1,0,1,1,1,1,1,4,0,0,-1,current,0,0,0.5651952922344208,0.5651952922344208,9,9,9,9,9,0,0,1,1.0,1.0,1.0,1.0,1.0,1,1.0,1.0,1.0,1.0,1.0,1,1.0,1.0,1.0,1.0,1.0,1,1.0,1.0,1.0,1.0,1.0
358,no_strict_e1_improvement,0,,,,,1,0,1,1,1,1,1,4,0,0,-1,current,0,0,0.6163473874330521,0.6163473874330521,9,9,9,9,9,0,0,1,1.0,1.0,1.0,1.0,1.0,1,1.0,1.0,1.0,1.0,1.0,1,1.0,1.0,1.0,1.0,1.0,1,1.0,1.0,1.0,1.0,1.0
359,max_rounds,0,,,,,1,1,5,4,4,14,14,4,-1,-1,0,s1a3_greedy,1,0,0.4763602415720622,0.3826490268111229,5,5,5,0,0,-5,0,0,0.5555555555555556,0.3333333333333333,0.3333333333333333,0.3333333333333333,0.5,0,0.5555555555555556,0.3333333333333333,0.3333333333333333,0.3333333333333333,0.5,0,0.0,0.16666666666666666,0.16666666666666666,0.16666666666666666,0.3333333333333333,0,0.0,0.16666666666666666,0.16666666666666666,0.16666666666666666,0.3333333333333333
360,no_strict_e1_improvement,0,,,,,1,0,1,1,1,1,1,4,0,0,-1,current,0,0,0.6335076838731766,0.6335076838731766,8,9,9,9,9,0,0,1,1.0,1.0,1.0,1.0,1.0,1,1.0,1.0,1.0,1.0,1.0,1,1.0,1.0,1.0,1.0,1.0,1,1.0,1.0,1.0,1.0,1.0
361,no_strict_e1_improvement,0,,,,,1,0,1,1,1,1,1,4,0,0,-1,current,0,0,0.5781338512897491,0.5781338512897491,11,9,9,9,9,0,0,1,1.0,1.0,1.0,1.0,1.0,1,1.0,1.0,1.0,1.0,1.0,1,1.0,1.0,1.0,1.0,1.0,1,1.0,1.0,1.0,1.0,1.0
362,no_strict_e1_improvement,0,,,,,1,0,1,1,1,1,1,4,0,0,-1,current,0,0,0.5771533300479254,0.5771533300479254,7,0,0,0,0,0,0,0,0.0,0.8333333333333334,0.5,0.6666666666666666,0.6666666666666666,0,0.0,0.8333333333333334,0.5,0.6666666666666666,0.6666666666666666,0,0.0,0.8333333333333334,0.5,0.6666666666666666,0.6666666666666666,0,0.0,0.8333333333333334,0.5,0.6666666666666666,0.6666666666666666
363,max_rounds,0,,,,,1,1,5,4,4,14,14,4,0,1,1,profiled_beam,1,1,0.7578291073441505,0.6517851650714874,6,7,7,0,1,-6,1,0,0.7777777777777778,0.6666666666666666,0.6666666666666666,0.6666666666666666,0.6666666666666666,0,0.7777777777777778,0.6666666666666666,0.6666666666666666,0.6666666666666666,0.6666666666666666,0,0.0,0.3333333333333333,0.5,0.4166666666666667,0.5,0,0.1111111111111111,0.3333333333333333,0.6666666666666666,0.5,0.5833333333333334
364,no_strict_e1_improvement,0,,,,,1,0,1,1,1,1,1,4,0,0,-1,current,0,0,0.6231764281789461,0.6231764281789461,10,0,0,0,0,0,0,0,0.0,1.0,0.5,0.75,0.75,0,0.0,1.0,0.5,0.75,0.75,0,0.0,1.0,0.5,0.75,0.75,0,0.0,1.0,0.5,0.75,0.75
365,no_strict_e1_improvement,0,,,,,1,0,1,1,1,1,1,4,0,0,-1,current,0,0,0.6106148883700371,0.6106148883700371,8,0,0,0,0,0,0,0,0.0,0.5,0.3333333333333333,0.4166666666666667,0.5,0,0.0,0.5,0.3333333333333333,0.4166666666666667,0.5,0,0.0,0.5,0.3333333333333333,0.4166666666666667,0.5,0,0.0,0.5,0.3333333333333333,0.4166666666666667,0.5
366,no_strict_e1_improvement,0,,,,,1,0,1,1,1,1,1,4,0,0,-1,current,0,0,0.7663446813821793,0.7663446813821793,8,1,1,1,1,0,0,0,0.1111111111111111,0.3333333333333333,0.6666666666666666,0.5,0.5833333333333334,0,0.1111111111111111,0.3333333333333333,0.6666666666666666,0.5,0.5833333333333334,0,0.1111111111111111,0.3333333333333333,0.6666666666666666,0.5,0.5833333333333334,0,0.1111111111111111,0.3333333333333333,0.6666666666666666,0.5,0.5833333333333334
367,no_strict_e1_improvement,0,,,,,1,0,1,1,1,1,1,4,0,0,-1,current,0,0,0.6606216058135033,0.6606216058135033,10,0,0,0,0,0,0,0,0.0,1.0,0.5,0.75,0.75,0,0.0,1.0,0.5,0.75,0.75,0,0.0,1.0,0.5,0.75,0.75,0,0.0,1.0,0.5,0.75,0.75
368,no_strict_e1_improvement,0,,,,,1,0,1,1,1,1,1,4,0,0,-1,current,0,0,0.6841136862834295,0.6841136862834295,7,0,0,0,0,0,0,0,0.0,0.5,0.8333333333333334,0.6666666666666666,0.6666666666666666,0,0.0,0.5,0.8333333333333334,0.6666666666666666,0.6666666666666666,0,0.0,0.5,0.8333333333333334,0.6666666666666666,0.6666666666666666,0,0.0,0.5,0.8333333333333334,0.6666666666666666,0.6666666666666666
369,max_rounds,0,,,,,1,1,3,2,2,7,7,4,0,1,0,s1a3_greedy,1,0,0.6819434563318888,0.5781386916836103,8,0,0,9,9,9,0,0,0.0,0.5,0.6666666666666666,0.5833333333333334,0.6666666666666666,0,0.0,0.5,0.6666666666666666,0.5833333333333334,0.6666666666666666,1,1.0,1.0,1.0,1.0,1.0,1,1.0,1.0,1.0,1.0,1.0
370,no_strict_e1_improvement,0,,,,,1,0,1,1,1,1,1,4,0,0,-1,current,0,0,0.538006187727054,0.538006187727054,9,9,9,9,9,0,0,1,1.0,1.0,1.0,1.0,1.0,1,1.0,1.0,1.0,1.0,1.0,1,1.0,1.0,1.0,1.0,1.0,1,1.0,1.0,1.0,1.0,1.0
371,no_strict_e1_improvement,0,,,,,1,0,1,1,1,1,1,4,0,0,-1,current,0,0,0.6581423530975977,0.6581423530975977,11,9,9,9,9,0,0,1,1.0,1.0,1.0,1.0,1.0,1,1.0,1.0,1.0,1.0,1.0,1,1.0,1.0,1.0,1.0,1.0,1,1.0,1.0,1.0,1.0,1.0
372,partial_completed__no_strict_e1_improvement,1,,3,2,4,1,0,4,4,4,14,14,4,0,0,-1,current,1,0,0.8508559316396713,0.8508559316396713,8,3,3,3,3,0,0,0,0.3333333333333333,0.0,0.6666666666666666,0.3333333333333333,0.3333333333333333,0,0.3333333333333333,0.0,1.0,0.5,0.75,0,0.3333333333333333,0.0,1.0,0.5,0.75,0,0.3333333333333333,0.0,1.0,0.5,0.75
373,max_rounds,0,,,,,1,1,4,4,4,15,15,4,0,1,1,profiled_beam,1,1,0.7513605902592341,0.6931725045045217,7,0,0,6,9,9,3,0,0.0,0.5,1.0,0.75,0.75,0,0.0,0.5,1.0,0.75,0.75,0,0.6666666666666666,0.5,0.8333333333333334,0.6666666666666666,0.6666666666666666,1,1.0,1.0,1.0,1.0,1.0
374,no_strict_e1_improvement,0,,,,,1,0,2,2,2,8,8,4,0,0,-1,current,0,0,0.6927473048369089,0.6927473048369089,6,9,9,9,9,0,0,1,1.0,1.0,1.0,1.0,1.0,1,1.0,1.0,1.0,1.0,1.0,1,1.0,1.0,1.0,1.0,1.0,1,1.0,1.0,1.0,1.0,1.0
375,max_rounds,0,,,,,1,1,3,2,2,6,6,4,-1,0,0,s1a3_greedy,1,0,0.7903068934877714,0.598024400571982,7,0,0,9,9,9,0,0,0.0,0.8333333333333334,0.5,0.6666666666666666,0.6666666666666666,0,0.0,0.8333333333333334,0.5,0.6666666666666666,0.6666666666666666,1,1.0,1.0,1.0,1.0,1.0,1,1.0,1.0,1.0,1.0,1.0
376,no_strict_e1_improvement,0,,,,,1,0,1,1,1,1,1,4,0,0,-1,current,0,0,0.6310564751426379,0.6310564751426379,12,9,9,9,9,0,0,1,1.0,1.0,1.0,1.0,1.0,1,1.0,1.0,1.0,1.0,1.0,1,1.0,1.0,1.0,1.0,1.0,1,1.0,1.0,1.0,1.0,1.0
377,max_rounds,0,,,,,1,1,3,2,2,6,6,4,1,0,1,profiled_beam,1,1,0.6818843757112821,0.5746099973718325,4,0,0,3,1,1,-2,0,0.0,0.5,0.5,0.5,0.5,0,0.0,0.5,0.5,0.5,0.5,0,0.3333333333333333,0.6666666666666666,0.5,0.5833333333333334,0.5833333333333334,0,0.1111111111111111,0.3333333333333333,0.6666666666666666,0.5,0.5833333333333334
378,no_strict_e1_improvement,0,,,,,1,0,1,1,1,1,1,4,0,0,-1,current,0,0,0.642797609170278,0.642797609170278,8,9,9,9,9,0,0,1,1.0,1.0,1.0,1.0,1.0,1,1.0,1.0,1.0,1.0,1.0,1,1.0,1.0,1.0,1.0,1.0,1,1.0,1.0,1.0,1.0,1.0
379,partial_completed__no_strict_e1_improvement,1,,3,2,4,1,0,2,2,2,7,7,4,0,0,-1,current,1,0,0.7577182228366534,0.7577182228366534,7,3,3,3,3,0,0,0,0.3333333333333333,0.0,0.6666666666666666,0.3333333333333333,0.3333333333333333,0,0.3333333333333333,0.0,0.8333333333333334,0.4166666666666667,0.4166666666666667,0,0.3333333333333333,0.0,0.8333333333333334,0.4166666666666667,0.4166666666666667,0,0.3333333333333333,0.0,0.8333333333333334,0.4166666666666667,0.4166666666666667
380,no_strict_e1_improvement,0,,,,,1,0,2,2,2,6,6,4,0,0,-1,current,0,0,0.5830675736069679,0.5830675736069679,5,0,0,0,0,0,0,0,0.0,0.5,0.16666666666666666,0.3333333333333333,0.4166666666666667,0,0.0,0.5,0.16666666666666666,0.3333333333333333,0.4166666666666667,0,0.0,0.5,0.16666666666666666,0.3333333333333333,0.4166666666666667,0,0.0,0.5,0.16666666666666666,0.3333333333333333,0.4166666666666667
381,small_component,0,,,,,1,0,0,0,0,0,0,4,0,0,-1,current,0,0,0.632013035317262,0.632013035317262,6,0,0,0,0,0,0,0,0.0,0.3333333333333333,0.0,0.16666666666666666,0.16666666666666666,0,0.0,0.3333333333333333,0.0,0.16666666666666666,0.16666666666666666,0,0.0,0.3333333333333333,0.0,0.16666666666666666,0.16666666666666666,0,0.0,0.3333333333333333,0.0,0.16666666666666666,0.16666666666666666
382,max_rounds,0,,,,,1,1,5,4,4,14,14,4,0,0,0,s1a3_greedy,1,0,0.7879290878772736,0.7576619337002436,6,0,0,0,0,0,0,0,0.0,0.16666666666666666,0.6666666666666666,0.4166666666666667,0.5,0,0.0,0.16666666666666666,0.6666666666666666,0.4166666666666667,0.5,0,0.0,0.5,1.0,0.75,0.75,0,0.0,0.5,1.0,0.75,0.75
383,no_strict_e1_improvement,0,,,,,1,0,1,1,1,1,1,4,0,0,-1,current,0,0,0.6953147401412328,0.6953147401412328,7,0,0,0,0,0,0,0,0.0,0.5,1.0,0.75,0.75,0,0.0,0.5,1.0,0.75,0.75,0,0.0,0.5,1.0,0.75,0.75,0,0.0,0.5,1.0,0.75,0.75
384,partial_completed__no_strict_e1_improvement,1,,3,2,2,1,0,1,1,1,1,1,4,0,0,-1,current,1,0,0.6133761877814928,0.6133761877814928,8,0,0,0,0,0,0,0,0.0,0.3333333333333333,0.3333333333333333,0.3333333333333333,0.3333333333333333,0,0.0,0.6666666666666666,0.5,0.5833333333333334,0.6666666666666666,0,0.0,0.6666666666666666,0.5,0.5833333333333334,0.6666666666666666,0,0.0,0.6666666666666666,0.5,0.5833333333333334,0.6666666666666666
385,partial_completed__small_component,1,,3,2,4,1,0,0,0,0,0,0,4,0,0,-1,current,1,0,0.7180982505281767,0.7180982505281767,6,0,0,0,0,0,0,0,0.0,0.0,0.16666666666666666,0.08333333333333333,0.08333333333333333,0,0.0,0.16666666666666666,0.16666666666666666,0.16666666666666666,0.25,0,0.0,0.16666666666666666,0.16666666666666666,0.16666666666666666,0.25,0,0.0,0.16666666666666666,0.16666666666666666,0.16666666666666666,0.25
386,no_strict_e1_improvement,0,,,,,1,0,2,2,2,5,5,4,0,0,-1,current,0,0,0.6608971630533537,0.6608971630533537,9,9,9,9,9,0,0,1,1.0,1.0,1.0,1.0,1.0,1,1.0,1.0,1.0,1.0,1.0,1,1.0,1.0,1.0,1.0,1.0,1,1.0,1.0,1.0,1.0,1.0
387,small_component,0,,,,,1,0,0,0,0,0,0,4,0,0,-1,current,0,0,0.6630416264136633,0.6630416264136633,4,0,0,0,0,0,0,0,0.0,0.3333333333333333,0.0,0.16666666666666666,0.3333333333333333,0,0.0,0.3333333333333333,0.0,0.16666666666666666,0.3333333333333333,0,0.0,0.3333333333333333,0.0,0.16666666666666666,0.3333333333333333,0,0.0,0.3333333333333333,0.0,0.16666666666666666,0.3333333333333333
388,no_strict_e1_improvement,0,,,,,1,0,1,1,1,1,1,4,0,0,-1,current,0,0,0.6316828553875288,0.6316828553875288,8,9,9,9,9,0,0,1,1.0,1.0,1.0,1.0,1.0,1,1.0,1.0,1.0,1.0,1.0,1,1.0,1.0,1.0,1.0,1.0,1,1.0,1.0,1.0,1.0,1.0
389,no_strict_e1_improvement,0,,,,,1,0,1,1,1,1,1,4,0,0,-1,current,0,0,0.6047408108909925,0.6047408108909925,10,0,0,0,0,0,0,0,0.0,0.5,1.0,0.75,0.75,0,0.0,0.5,1.0,0.75,0.75,0,0.0,0.5,1.0,0.75,0.75,0,0.0,0.5,1.0,0.75,0.75
390,no_strict_e1_improvement,0,,,,,1,0,2,2,2,8,8,4,0,0,-1,current,0,0,0.6923528239130974,0.6923528239130974,7,3,3,3,3,0,0,0,0.3333333333333333,0.0,1.0,0.5,0.75,0,0.3333333333333333,0.0,1.0,0.5,0.75,0,0.3333333333333333,0.0,1.0,0.5,0.75,0,0.3333333333333333,0.0,1.0,0.5,0.75
391,partial_completed__max_rounds,1,,3,2,4,1,1,5,4,4,11,11,4,0,0,0,s1a3_greedy,1,0,0.8236750513315201,0.7144415626923243,8,0,0,0,0,0,0,0,0.0,0.3333333333333333,0.16666666666666666,0.25,0.25,0,0.0,0.6666666666666666,0.16666666666666666,0.4166666666666667,0.5,0,0.0,1.0,0.5,0.75,0.75,0,0.0,1.0,0.5,0.75,0.75
392,no_strict_e1_improvement,0,,,,,1,0,1,1,1,1,1,4,0,0,-1,current,0,0,0.5525816654165586,0.5525816654165586,10,9,9,9,9,0,0,1,1.0,1.0,1.0,1.0,1.0,1,1.0,1.0,1.0,1.0,1.0,1,1.0,1.0,1.0,1.0,1.0,1,1.0,1.0,1.0,1.0,1.0
393,partial_completed__max_rounds,1,,3,2,4,1,1,2,2,2,6,6,4,0,1,1,profiled_beam,1,1,0.6511826664209366,0.6481110552946726,6,3,3,3,3,0,0,0,0.3333333333333333,0.0,0.6666666666666666,0.3333333333333333,0.3333333333333333,0,0.3333333333333333,0.0,1.0,0.5,0.75,0,0.3333333333333333,0.0,1.0,0.5,0.75,0,0.3333333333333333,0.0,0.8333333333333334,0.4166666666666667,0.4166666666666667
394,no_strict_e1_improvement,0,,,,,1,0,1,1,1,1,1,4,0,0,-1,current,0,0,0.6924793794751167,0.6924793794751167,11,0,0,0,0,0,0,0,0.0,0.5,1.0,0.75,0.75,0,0.0,0.5,1.0,0.75,0.75,0,0.0,0.5,1.0,0.75,0.75,0,0.0,0.5,1.0,0.75,0.75
395,max_rounds,0,,,,,1,1,3,2,2,7,7,4,0,1,1,profiled_beam,1,1,0.6368109186490377,0.6047534123063087,8,0,0,0,0,0,0,0,0.0,1.0,0.5,0.75,0.75,0,0.0,1.0,0.5,0.75,0.75,0,0.0,0.5,0.3333333333333333,0.4166666666666667,0.5,0,0.0,0.5,0.6666666666666666,0.5833333333333334,0.5833333333333334
396,no_strict_e1_improvement,0,,,,,1,0,1,1,1,1,1,4,0,0,-1,current,0,0,0.6308321729302406,0.6308321729302406,8,0,0,0,0,0,0,0,0.0,0.6666666666666666,0.16666666666666666,0.4166666666666667,0.5,0,0.0,0.6666666666666666,0.16666666666666666,0.4166666666666667,0.5,0,0.0,0.6666666666666666,0.16666666666666666,0.4166666666666667,0.5,0,0.0,0.6666666666666666,0.16666666666666666,0.4166666666666667,0.5
397,no_strict_e1_improvement,0,,,,,1,0,1,1,1,1,1,4,0,0,-1,current,0,0,0.651297261317571,0.651297261317571,8,9,9,9,9,0,0,1,1.0,1.0,1.0,1.0,1.0,1,1.0,1.0,1.0,1.0,1.0,1,1.0,1.0,1.0,1.0,1.0,1,1.0,1.0,1.0,1.0,1.0
398,max_rounds,0,,,,,1,1,5,4,4,16,16,4,0,1,1,profiled_beam,1,1,0.701387790342172,0.6063671857118607,4,1,1,0,2,1,2,0,0.1111111111111111,0.16666666666666666,0.16666666666666666,0.16666666666666666,0.25,0,0.1111111111111111,0.16666666666666666,0.16666666666666666,0.16666666666666666,0.25,0,0.0,0.16666666666666666,0.16666666666666666,0.16666666666666666,0.3333333333333333,0,0.2222222222222222,0.16666666666666666,0.6666666666666666,0.4166666666666667,0.5833333333333334
399,no_strict_e1_improvement,0,,,,,1,0,1,1,1,1,1,4,0,0,-1,current,0,0,0.6092874631285667,0.6092874631285667,8,0,0,0,0,0,0,0,0.0,0.16666666666666666,0.3333333333333333,0.25,0.4166666666666667,0,0.0,0.16666666666666666,0.3333333333333333,0.25,0.4166666666666667,0,0.0,0.16666666666666666,0.3333333333333333,0.25,0.4166666666666667,0,0.0,0.16666666666666666,0.3333333333333333,0.25,0.4166666666666667
400,no_strict_e1_improvement,0,,,,,1,0,4,4,4,16,16,4,0,0,-1,current,0,0,0.6207781781752905,0.6207781781752905,8,9,9,9,9,0,0,1,1.0,1.0,1.0,1.0,1.0,1,1.0,1.0,1.0,1.0,1.0,1,1.0,1.0,1.0,1.0,1.0,1,1.0,1.0,1.0,1.0,1.0
401,no_strict_e1_improvement,0,,,,,1,0,2,2,2,7,7,4,0,0,-1,current,0,0,0.6945642431577047,0.6945642431577047,9,7,7,7,7,0,0,0,0.7777777777777778,0.6666666666666666,0.6666666666666666,0.6666666666666666,0.75,0,0.7777777777777778,0.6666666666666666,0.6666666666666666,0.6666666666666666,0.75,0,0.7777777777777778,0.6666666666666666,0.6666666666666666,0.6666666666666666,0.75,0,0.7777777777777778,0.6666666666666666,0.6666666666666666,0.6666666666666666,0.75
402,no_strict_e1_improvement,0,,,,,1,0,1,1,1,1,1,4,0,0,-1,current,0,0,0.6347301155328751,0.6347301155328751,10,9,9,9,9,0,0,1,1.0,1.0,1.0,1.0,1.0,1,1.0,1.0,1.0,1.0,1.0,1,1.0,1.0,1.0,1.0,1.0,1,1.0,1.0,1.0,1.0,1.0
403,no_strict_e1_improvement,0,,,,,1,0,1,1,1,1,1,4,0,0,-1,current,0,0,0.5830634733041128,0.5830634733041128,10,9,9,9,9,0,0,1,1.0,1.0,1.0,1.0,1.0,1,1.0,1.0,1.0,1.0,1.0,1,1.0,1.0,1.0,1.0,1.0,1,1.0,1.0,1.0,1.0,1.0
404,max_rounds,0,,,,,1,1,5,4,4,16,16,4,-1,0,1,profiled_beam,1,1,0.8302846228082975,0.7843059177199999,7,1,1,0,0,-1,0,0,0.1111111111111111,0.0,0.3333333333333333,0.16666666666666666,0.4166666666666667,0,0.1111111111111111,0.0,0.3333333333333333,0.16666666666666666,0.4166666666666667,0,0.0,0.0,0.6666666666666666,0.3333333333333333,0.3333333333333333,0,0.0,0.0,0.6666666666666666,0.3333333333333333,0.3333333333333333
405,no_strict_e1_improvement,0,,,,,1,0,1,1,1,1,1,4,0,0,-1,current,0,0,0.5741031815608343,0.5741031815608343,7,9,9,9,9,0,0,1,1.0,1.0,1.0,1.0,1.0,1,1.0,1.0,1.0,1.0,1.0,1,1.0,1.0,1.0,1.0,1.0,1,1.0,1.0,1.0,1.0,1.0
406,no_strict_e1_improvement,0,,,,,1,0,2,2,2,7,7,4,0,0,-1,current,0,0,0.7248082235455513,0.7248082235455513,9,9,9,9,9,0,0,1,1.0,1.0,1.0,1.0,1.0,1,1.0,1.0,1.0,1.0,1.0,1,1.0,1.0,1.0,1.0,1.0,1,1.0,1.0,1.0,1.0,1.0
407,small_component,0,,,,,1,0,0,0,0,0,0,4,0,0,-1,current,0,0,0.6544095501303673,0.6544095501303673,5,4,4,4,4,0,0,0,0.4444444444444444,0.5,0.16666666666666666,0.3333333333333333,0.6666666666666666,0,0.4444444444444444,0.5,0.16666666666666666,0.3333333333333333,0.6666666666666666,0,0.4444444444444444,0.5,0.16666666666666666,0.3333333333333333,0.6666666666666666,0,0.4444444444444444,0.5,0.16666666666666666,0.3333333333333333,0.6666666666666666
408,no_strict_e1_improvement,0,,,,,1,0,1,1,1,1,1,4,0,0,-1,current,0,0,0.5733384961883227,0.5733384961883227,6,9,9,9,9,0,0,1,1.0,1.0,1.0,1.0,1.0,1,1.0,1.0,1.0,1.0,1.0,1,1.0,1.0,1.0,1.0,1.0,1,1.0,1.0,1.0,1.0,1.0
409,max_rounds,0,,,,,1,1,3,2,2,6,6,4,0,1,0,s1a3_greedy,1,0,0.8082831874489784,0.7769384508331617,7,0,0,0,0,0,0,0,0.0,0.0,0.8333333333333334,0.4166666666666667,0.4166666666666667,0,0.0,0.0,0.8333333333333334,0.4166666666666667,0.4166666666666667,0,0.0,0.5,0.8333333333333334,0.6666666666666666,0.6666666666666666,0,0.0,0.5,0.8333333333333334,0.6666666666666666,0.6666666666666666
410,max_rounds,0,,,,,1,1,2,2,2,6,6,4,1,0,1,profiled_beam,1,1,0.677710464845101,0.6348753434916338,5,0,0,0,0,0,0,0,0.0,1.0,0.5,0.75,0.75,0,0.0,1.0,0.5,0.75,0.75,0,0.0,0.6666666666666666,0.16666666666666666,0.4166666666666667,0.5,0,0.0,1.0,0.5,0.75,0.75
411,no_strict_e1_improvement,0,,,,,1,0,1,1,1,1,1,4,0,0,-1,current,0,0,0.5010878319541613,0.5010878319541613,11,9,9,9,9,0,0,1,1.0,1.0,1.0,1.0,1.0,1,1.0,1.0,1.0,1.0,1.0,1,1.0,1.0,1.0,1.0,1.0,1,1.0,1.0,1.0,1.0,1.0
412,no_strict_e1_improvement,0,,,,,1,0,1,1,1,1,1,4,0,0,-1,current,0,0,0.7098226994276047,0.7098226994276047,9,0,0,0,0,0,0,0,0.0,0.5,1.0,0.75,0.75,0,0.0,0.5,1.0,0.75,0.75,0,0.0,0.5,1.0,0.75,0.75,0,0.0,0.5,1.0,0.75,0.75
413,no_strict_e1_improvement,0,,,,,1,0,1,1,1,1,1,4,0,0,-1,current,0,0,0.6529015998045603,0.6529015998045603,11,9,9,9,9,0,0,1,1.0,1.0,1.0,1.0,1.0,1,1.0,1.0,1.0,1.0,1.0,1,1.0,1.0,1.0,1.0,1.0,1,1.0,1.0,1.0,1.0,1.0
414,no_strict_e1_improvement,0,,,,,1,0,1,1,1,1,1,4,0,0,-1,current,0,0,0.5080740998188654,0.5080740998188654,11,9,9,9,9,0,0,1,1.0,1.0,1.0,1.0,1.0,1,1.0,1.0,1.0,1.0,1.0,1,1.0,1.0,1.0,1.0,1.0,1,1.0,1.0,1.0,1.0,1.0
415,no_strict_e1_improvement,0,,,,,1,0,1,1,1,1,1,4,0,0,-1,current,0,0,0.5080324932932854,0.5080324932932854,10,0,0,0,0,0,0,0,0.0,0.5,1.0,0.75,0.75,0,0.0,0.5,1.0,0.75,0.75,0,0.0,0.5,1.0,0.75,0.75,0,0.0,0.5,1.0,0.75,0.75
416,max_rounds,0,,,,,1,1,5,4,4,14,14,4,1,1,0,s1a3_greedy,1,0,0.8316873783866564,0.6732516884803772,6,0,0,9,9,9,0,0,0.0,0.3333333333333333,0.3333333333333333,0.3333333333333333,0.3333333333333333,0,0.0,0.3333333333333333,0.3333333333333333,0.3333333333333333,0.3333333333333333,1,1.0,1.0,1.0,1.0,1.0,1,1.0,1.0,1.0,1.0,1.0
417,no_strict_e1_improvement,0,,,,,1,0,1,1,1,1,1,4,0,0,-1,current,0,0,0.6349743778506914,0.6349743778506914,11,9,9,9,9,0,0,1,1.0,1.0,1.0,1.0,1.0,1,1.0,1.0,1.0,1.0,1.0,1,1.0,1.0,1.0,1.0,1.0,1,1.0,1.0,1.0,1.0,1.0
418,no_strict_e1_improvement,0,,,,,1,0,2,2,2,7,7,4,0,0,-1,current,0,0,0.5578285033504168,0.5578285033504168,9,9,9,9,9,0,0,1,1.0,1.0,1.0,1.0,1.0,1,1.0,1.0,1.0,1.0,1.0,1,1.0,1.0,1.0,1.0,1.0,1,1.0,1.0,1.0,1.0,1.0
419,partial_completed__no_strict_e1_improvement,1,,3,2,3,1,0,1,1,1,1,1,4,0,0,-1,current,1,0,0.5805634061495463,0.5805634061495463,8,3,3,3,3,0,0,0,0.3333333333333333,0.6666666666666666,0.0,0.3333333333333333,0.3333333333333333,0,0.3333333333333333,1.0,0.0,0.5,0.75,0,0.3333333333333333,1.0,0.0,0.5,0.75,0,0.3333333333333333,1.0,0.0,0.5,0.75
420,no_strict_e1_improvement,0,,,,,1,0,1,1,1,1,1,4,0,0,-1,current,0,0,0.7035164261857668,0.7035164261857668,9,7,7,7,7,0,0,0,0.7777777777777778,0.6666666666666666,0.6666666666666666,0.6666666666666666,0.75,0,0.7777777777777778,0.6666666666666666,0.6666666666666666,0.6666666666666666,0.75,0,0.7777777777777778,0.6666666666666666,0.6666666666666666,0.6666666666666666,0.75,0,0.7777777777777778,0.6666666666666666,0.6666666666666666,0.6666666666666666,0.75
421,no_strict_e1_improvement,0,,,,,1,0,1,1,1,1,1,4,0,0,-1,current,0,0,0.6139389425516129,0.6139389425516129,11,9,9,9,9,0,0,1,1.0,1.0,1.0,1.0,1.0,1,1.0,1.0,1.0,1.0,1.0,1,1.0,1.0,1.0,1.0,1.0,1,1.0,1.0,1.0,1.0,1.0
422,no_strict_e1_improvement,0,,,,,1,0,1,1,1,1,1,4,0,0,-1,current,0,0,0.5551812623937925,0.5551812623937925,12,9,9,9,9,0,0,1,1.0,1.0,1.0,1.0,1.0,1,1.0,1.0,1.0,1.0,1.0,1,1.0,1.0,1.0,1.0,1.0,1,1.0,1.0,1.0,1.0,1.0
423,max_rounds,0,,,,,1,1,5,4,4,14,14,4,1,1,0,s1a3_greedy,1,0,0.6862210358182589,0.5650936216115952,5,1,1,2,2,1,0,0,0.1111111111111111,0.16666666666666666,0.5,0.3333333333333333,0.5,0,0.1111111111111111,0.16666666666666666,0.5,0.3333333333333333,0.5,0,0.2222222222222222,0.6666666666666666,0.16666666666666666,0.4166666666666667,0.5833333333333334,0,0.2222222222222222,0.6666666666666666,0.16666666666666666,0.4166666666666667,0.5833333333333334
424,max_rounds,0,,,,,1,1,3,2,2,7,7,4,1,0,0,s1a3_greedy,1,0,0.6613737642765045,0.5427668939034144,6,0,0,0,0,0,0,0,0.0,0.6666666666666666,0.0,0.3333333333333333,0.3333333333333333,0,0.0,0.6666666666666666,0.0,0.3333333333333333,0.3333333333333333,0,0.0,0.5,0.0,0.25,0.5,0,0.0,0.5,0.0,0.25,0.5
425,no_strict_e1_improvement,0,,,,,1,0,2,2,2,7,7,4,0,0,-1,current,0,0,0.5732158372799555,0.5732158372799555,9,0,0,0,0,0,0,0,0.0,0.5,1.0,0.75,0.75,0,0.0,0.5,1.0,0.75,0.75,0,0.0,0.5,1.0,0.75,0.75,0,0.0,0.5,1.0,0.75,0.75
426,partial_completed__small_component,1,,3,2,4,1,0,0,0,0,0,0,4,0,0,-1,current,1,0,0.8322681138912836,0.8322681138912836,2,0,3,3,3,3,0,0,0.0,0.0,0.16666666666666666,0.08333333333333333,0.08333333333333333,0,0.3333333333333333,0.0,0.16666666666666666,0.08333333333333333,0.16666666666666666,0,0.3333333333333333,0.0,0.16666666666666666,0.08333333333333333,0.16666666666666666,0,0.3333333333333333,0.0,0.16666666666666666,0.08333333333333333,0.16666666666666666
427,max_rounds,0,,,,,1,1,5,4,4,10,10,4,0,0,1,profiled_beam,1,1,0.6882146423061689,0.6868351971109709,6,9,9,9,7,-2,-2,1,1.0,1.0,1.0,1.0,1.0,1,1.0,1.0,1.0,1.0,1.0,1,1.0,1.0,1.0,1.0,1.0,0,0.7777777777777778,0.6666666666666666,0.6666666666666666,0.6666666666666666,0.75
428,no_strict_e1_improvement,0,,,,,1,0,1,1,1,1,1,4,0,0,-1,current,0,0,0.680006705224514,0.680006705224514,10,0,0,0,0,0,0,0,0.0,0.5,1.0,0.75,0.75,0,0.0,0.5,1.0,0.75,0.75,0,0.0,0.5,1.0,0.75,0.75,0,0.0,0.5,1.0,0.75,0.75
429,partial_completed__no_strict_e1_improvement,1,,3,2,4,1,0,1,1,1,1,1,4,0,0,-1,current,1,0,0.596405545870463,0.596405545870463,5,0,2,2,2,2,0,0,0.0,0.0,0.5,0.25,0.5833333333333334,0,0.2222222222222222,0.16666666666666666,0.6666666666666666,0.4166666666666667,0.75,0,0.2222222222222222,0.16666666666666666,0.6666666666666666,0.4166666666666667,0.75,0,0.2222222222222222,0.16666666666666666,0.6666666666666666,0.4166666666666667,0.75
430,no_strict_e1_improvement,0,,,,,1,0,1,1,1,1,1,4,0,0,-1,current,0,0,0.6149014035860697,0.6149014035860697,11,9,9,9,9,0,0,1,1.0,1.0,1.0,1.0,1.0,1,1.0,1.0,1.0,1.0,1.0,1,1.0,1.0,1.0,1.0,1.0,1,1.0,1.0,1.0,1.0,1.0
431,small_component,0,,,,,1,0,0,0,0,0,0,4,0,0,-1,current,0,0,0.7541310911377271,0.7541310911377271,5,2,2,2,2,0,0,0,0.2222222222222222,0.5,0.5,0.5,0.5,0,0.2222222222222222,0.5,0.5,0.5,0.5,0,0.2222222222222222,0.5,0.5,0.5,0.5,0,0.2222222222222222,0.5,0.5,0.5,0.5
432,max_rounds,0,,,,,1,1,3,2,2,8,8,4,1,0,0,s1a3_greedy,1,0,0.7104988222320875,0.7084844087560972,7,0,0,0,0,0,0,0,0.0,0.5,0.0,0.25,0.3333333333333333,0,0.0,0.5,0.0,0.25,0.3333333333333333,0,0.0,0.5,0.16666666666666666,0.3333333333333333,0.4166666666666667,0,0.0,0.5,0.16666666666666666,0.3333333333333333,0.4166666666666667
433,no_strict_e1_improvement,0,,,,,1,0,1,1,1,1,1,4,0,0,-1,current,0,0,0.651642215748628,0.651642215748628,12,0,0,0,0,0,0,0,0.0,0.5,1.0,0.75,0.75,0,0.0,0.5,1.0,0.75,0.75,0,0.0,0.5,1.0,0.75,0.75,0,0.0,0.5,1.0,0.75,0.75
434,no_strict_e1_improvement,0,,,,,1,0,2,2,2,6,6,4,0,0,-1,current,0,0,0.6498478477199873,0.6498478477199873,8,9,9,9,9,0,0,1,1.0,1.0,1.0,1.0,1.0,1,1.0,1.0,1.0,1.0,1.0,1,1.0,1.0,1.0,1.0,1.0,1,1.0,1.0,1.0,1.0,1.0
435,no_strict_e1_improvement,0,,,,,1,0,1,1,1,1,1,4,0,0,-1,current,0,0,0.5365070899327596,0.5365070899327596,10,6,6,6,6,0,0,0,0.6666666666666666,0.8333333333333334,0.5,0.6666666666666666,0.6666666666666666,0,0.6666666666666666,0.8333333333333334,0.5,0.6666666666666666,0.6666666666666666,0,0.6666666666666666,0.8333333333333334,0.5,0.6666666666666666,0.6666666666666666,0,0.6666666666666666,0.8333333333333334,0.5,0.6666666666666666,0.6666666666666666
436,max_rounds,0,,,,,1,1,4,4,4,14,14,4,0,1,1,profiled_beam,1,1,0.5604697143038114,0.552816241979599,4,0,0,0,0,0,0,0,0.0,0.16666666666666666,0.3333333333333333,0.25,0.5,0,0.0,0.16666666666666666,0.3333333333333333,0.25,0.5,0,0.0,0.16666666666666666,0.3333333333333333,0.25,0.5,0,0.0,0.16666666666666666,0.3333333333333333,0.25,0.3333333333333333
437,no_strict_e1_improvement,0,,,,,1,0,1,1,1,1,1,4,0,0,-1,current,0,0,0.6279630164305369,0.6279630164305369,10,9,9,9,9,0,0,1,1.0,1.0,1.0,1.0,1.0,1,1.0,1.0,1.0,1.0,1.0,1,1.0,1.0,1.0,1.0,1.0,1,1.0,1.0,1.0,1.0,1.0
438,max_rounds,0,,,,,1,1,5,4,4,14,14,4,0,-1,1,profiled_beam,1,1,0.7380719433228174,0.7006851211190224,6,5,5,3,3,-2,0,0,0.5555555555555556,0.3333333333333333,0.5,0.4166666666666667,0.5,0,0.5555555555555556,0.3333333333333333,0.5,0.4166666666666667,0.5,0,0.3333333333333333,0.0,1.0,0.5,0.75,0,0.3333333333333333,0.0,1.0,0.5,0.75
439,no_strict_e1_improvement,0,,,,,1,0,1,1,1,1,1,4,0,0,-1,current,0,0,0.5006309300661087,0.5006309300661087,8,0,0,0,0,0,0,0,0.0,1.0,0.5,0.75,0.75,0,0.0,1.0,0.5,0.75,0.75,0,0.0,1.0,0.5,0.75,0.75,0,0.0,1.0,0.5,0.75,0.75
440,max_rounds,0,,,,,1,1,3,2,2,7,7,4,0,0,1,profiled_beam,1,1,0.6002820084492365,0.5401321202516556,7,2,2,2,5,3,3,0,0.2222222222222222,0.16666666666666666,0.6666666666666666,0.4166666666666667,0.5833333333333334,0,0.2222222222222222,0.16666666666666666,0.6666666666666666,0.4166666666666667,0.5833333333333334,0,0.2222222222222222,0.16666666666666666,0.6666666666666666,0.4166666666666667,0.5833333333333334,0,0.5555555555555556,0.3333333333333333,0.6666666666666666,0.5,0.6666666666666666
441,no_strict_e1_improvement,0,,,,,1,0,1,1,1,1,1,4,0,0,-1,current,0,0,0.594371442993482,0.594371442993482,8,9,9,9,9,0,0,1,1.0,1.0,1.0,1.0,1.0,1,1.0,1.0,1.0,1.0,1.0,1,1.0,1.0,1.0,1.0,1.0,1,1.0,1.0,1.0,1.0,1.0
442,small_component,0,,,,,1,0,0,0,0,0,0,4,0,0,-1,current,0,0,0.7888011236985525,0.7888011236985525,9,0,0,0,0,0,0,0,0.0,0.16666666666666666,0.6666666666666666,0.4166666666666667,0.5,0,0.0,0.16666666666666666,0.6666666666666666,0.4166666666666667,0.5,0,0.0,0.16666666666666666,0.6666666666666666,0.4166666666666667,0.5,0,0.0,0.16666666666666666,0.6666666666666666,0.4166666666666667,0.5
443,no_strict_e1_improvement,0,,,,,1,0,1,1,1,2,2,4,0,0,-1,current,0,0,0.7371537610888481,0.7371537610888481,6,0,0,0,0,0,0,0,0.0,0.5,0.6666666666666666,0.5833333333333334,0.6666666666666666,0,0.0,0.5,0.6666666666666666,0.5833333333333334,0.6666666666666666,0,0.0,0.5,0.6666666666666666,0.5833333333333334,0.6666666666666666,0,0.0,0.5,0.6666666666666666,0.5833333333333334,0.6666666666666666
444,max_rounds,0,,,,,1,1,3,2,2,6,6,4,0,0,0,s1a3_greedy,1,0,0.4956766540805499,0.46718716869751614,5,6,6,7,7,1,0,0,0.6666666666666666,0.5,0.5,0.5,0.5833333333333334,0,0.6666666666666666,0.5,0.5,0.5,0.5833333333333334,0,0.7777777777777778,0.5,0.6666666666666666,0.5833333333333334,0.5833333333333334,0,0.7777777777777778,0.5,0.6666666666666666,0.5833333333333334,0.5833333333333334
445,no_strict_e1_improvement,0,,,,,1,0,1,1,1,1,1,4,0,0,-1,current,0,0,0.5498422384262085,0.5498422384262085,8,9,9,9,9,0,0,1,1.0,1.0,1.0,1.0,1.0,1,1.0,1.0,1.0,1.0,1.0,1,1.0,1.0,1.0,1.0,1.0,1,1.0,1.0,1.0,1.0,1.0
446,max_rounds,0,,,,,1,1,5,4,4,10,10,4,1,0,1,profiled_beam,1,1,0.7667176946997643,0.6408688649535179,5,1,1,0,0,-1,0,0,0.1111111111111111,0.16666666666666666,0.5,0.3333333333333333,0.5,0,0.1111111111111111,0.16666666666666666,0.5,0.3333333333333333,0.5,0,0.0,0.6666666666666666,0.5,0.5833333333333334,0.5833333333333334,0,0.0,0.3333333333333333,0.5,0.4166666666666667,0.5
447,no_strict_e1_improvement,0,,,,,1,0,1,1,1,1,1,4,0,0,-1,current,0,0,0.6167300020654997,0.6167300020654997,7,3,3,3,3,0,0,0,0.3333333333333333,0.0,1.0,0.5,0.75,0,0.3333333333333333,0.0,1.0,0.5,0.75,0,0.3333333333333333,0.0,1.0,0.5,0.75,0,0.3333333333333333,0.0,1.0,0.5,0.75
448,small_component,0,,,,,1,0,0,0,0,0,0,4,0,0,-1,current,0,0,0.7348248834411303,0.7348248834411303,6,0,0,0,0,0,0,0,0.0,0.6666666666666666,0.0,0.3333333333333333,0.3333333333333333,0,0.0,0.6666666666666666,0.0,0.3333333333333333,0.3333333333333333,0,0.0,0.6666666666666666,0.0,0.3333333333333333,0.3333333333333333,0,0.0,0.6666666666666666,0.0,0.3333333333333333,0.3333333333333333
449,max_rounds,0,,,,,1,1,3,2,2,6,6,4,0,1,0,s1a3_greedy,1,0,0.5492565929889679,0.5221727391084036,7,0,0,9,9,9,0,0,0.0,0.5,0.8333333333333334,0.6666666666666666,0.6666666666666666,0,0.0,0.5,0.8333333333333334,0.6666666666666666,0.6666666666666666,1,1.0,1.0,1.0,1.0,1.0,1,1.0,1.0,1.0,1.0,1.0
450,max_rounds,0,,,,,1,1,5,4,4,13,13,4,0,-1,1,profiled_beam,1,1,0.8708014289538065,0.7278153647979101,7,0,0,0,0,0,0,0,0.0,0.16666666666666666,0.6666666666666666,0.4166666666666667,0.5833333333333334,0,0.0,0.16666666666666666,0.6666666666666666,0.4166666666666667,0.5833333333333334,0,0.0,0.5,1.0,0.75,0.75,0,0.0,0.5,1.0,0.75,0.75
451,no_strict_e1_improvement,0,,,,,1,0,1,1,1,1,1,4,0,0,-1,current,0,0,0.7968148092428843,0.7968148092428843,7,0,0,0,0,0,0,0,0.0,0.5,0.8333333333333334,0.6666666666666666,0.6666666666666666,0,0.0,0.5,0.8333333333333334,0.6666666666666666,0.6666666666666666,0,0.0,0.5,0.8333333333333334,0.6666666666666666,0.6666666666666666,0,0.0,0.5,0.8333333333333334,0.6666666666666666,0.6666666666666666
452,no_strict_e1_improvement,0,,,,,1,0,2,2,2,6,6,4,0,0,-1,current,0,0,0.7345331509908041,0.7345331509908041,9,0,0,0,0,0,0,0,0.0,0.5,1.0,0.75,0.75,0,0.0,0.5,1.0,0.75,0.75,0,0.0,0.5,1.0,0.75,0.75,0,0.0,0.5,1.0,0.75,0.75
453,no_strict_e1_improvement,0,,,,,1,0,1,1,1,1,1,4,0,0,-1,current,0,0,0.6250401213765144,0.6250401213765144,9,9,9,9,9,0,0,1,1.0,1.0,1.0,1.0,1.0,1,1.0,1.0,1.0,1.0,1.0,1,1.0,1.0,1.0,1.0,1.0,1,1.0,1.0,1.0,1.0,1.0
454,no_strict_e1_improvement,0,,,,,1,0,2,2,2,6,6,4,0,0,-1,current,0,0,0.6991219446063042,0.6991219446063042,8,5,5,5,5,0,0,0,0.5555555555555556,0.3333333333333333,0.3333333333333333,0.3333333333333333,0.5833333333333334,0,0.5555555555555556,0.3333333333333333,0.3333333333333333,0.3333333333333333,0.5833333333333334,0,0.5555555555555556,0.3333333333333333,0.3333333333333333,0.3333333333333333,0.5833333333333334,0,0.5555555555555556,0.3333333333333333,0.3333333333333333,0.3333333333333333,0.5833333333333334
455,max_rounds,0,,,,,1,1,5,4,4,13,13,4,0,0,0,s1a3_greedy,1,0,0.6643443082769712,0.6617002661029497,6,3,3,3,3,0,0,0,0.3333333333333333,0.0,1.0,0.5,0.75,0,0.3333333333333333,0.0,1.0,0.5,0.75,0,0.3333333333333333,0.0,0.6666666666666666,0.3333333333333333,0.5,0,0.3333333333333333,0.0,0.6666666666666666,0.3333333333333333,0.5
456,partial_completed__small_component,1,,3,2,4,1,0,0,0,0,0,0,4,0,0,-1,current,1,0,0.9786703462402025,0.9786703462402025,5,0,0,0,0,0,0,0,0.0,0.0,0.3333333333333333,0.16666666666666666,0.4166666666666667,0,0.0,0.0,0.5,0.25,0.6666666666666666,0,0.0,0.0,0.5,0.25,0.6666666666666666,0,0.0,0.0,0.5,0.25,0.6666666666666666
457,no_strict_e1_improvement,0,,,,,1,0,1,1,1,1,1,4,0,0,-1,current,0,0,0.6367430314421654,0.6367430314421654,11,9,9,9,9,0,0,1,1.0,1.0,1.0,1.0,1.0,1,1.0,1.0,1.0,1.0,1.0,1,1.0,1.0,1.0,1.0,1.0,1,1.0,1.0,1.0,1.0,1.0
458,no_strict_e1_improvement,0,,,,,1,0,2,2,2,6,6,4,0,0,-1,current,0,0,0.8424440721670786,0.8424440721670786,5,5,5,5,5,0,0,0,0.5555555555555556,0.3333333333333333,0.5,0.4166666666666667,0.75,0,0.5555555555555556,0.3333333333333333,0.5,0.4166666666666667,0.75,0,0.5555555555555556,0.3333333333333333,0.5,0.4166666666666667,0.75,0,0.5555555555555556,0.3333333333333333,0.5,0.4166666666666667,0.75
459,no_strict_e1_improvement,0,,,,,1,0,1,1,1,1,1,4,0,0,-1,current,0,0,0.6561732317010561,0.6561732317010561,10,0,0,0,0,0,0,0,0.0,0.6666666666666666,0.5,0.5833333333333334,0.5833333333333334,0,0.0,0.6666666666666666,0.5,0.5833333333333334,0.5833333333333334,0,0.0,0.6666666666666666,0.5,0.5833333333333334,0.5833333333333334,0,0.0,0.6666666666666666,0.5,0.5833333333333334,0.5833333333333334
460,no_strict_e1_improvement,0,,,,,1,0,1,1,1,1,1,4,0,0,-1,current,0,0,0.5697337513168653,0.5697337513168653,9,0,0,0,0,0,0,0,0.0,0.5,1.0,0.75,0.75,0,0.0,0.5,1.0,0.75,0.75,0,0.0,0.5,1.0,0.75,0.75,0,0.0,0.5,1.0,0.75,0.75
461,small_component,0,,,,,1,0,0,0,0,0,0,4,0,0,-1,current,0,0,0.8333392217755318,0.8333392217755318,4,6,6,6,6,0,0,0,0.6666666666666666,0.3333333333333333,0.3333333333333333,0.3333333333333333,0.5,0,0.6666666666666666,0.3333333333333333,0.3333333333333333,0.3333333333333333,0.5,0,0.6666666666666666,0.3333333333333333,0.3333333333333333,0.3333333333333333,0.5,0,0.6666666666666666,0.3333333333333333,0.3333333333333333,0.3333333333333333,0.5
462,partial_completed__small_component,1,,3,2,4,1,0,0,0,0,0,0,4,0,0,-1,current,1,0,0.9162722279628118,0.9162722279628118,5,0,0,0,0,0,0,0,0.0,0.16666666666666666,0.16666666666666666,0.16666666666666666,0.25,0,0.0,0.16666666666666666,0.16666666666666666,0.16666666666666666,0.25,0,0.0,0.16666666666666666,0.16666666666666666,0.16666666666666666,0.25,0,0.0,0.16666666666666666,0.16666666666666666,0.16666666666666666,0.25
463,no_strict_e1_improvement,0,,,,,1,0,1,1,1,1,1,4,0,0,-1,current,0,0,0.5881164645155271,0.5881164645155271,10,9,9,9,9,0,0,1,1.0,1.0,1.0,1.0,1.0,1,1.0,1.0,1.0,1.0,1.0,1,1.0,1.0,1.0,1.0,1.0,1,1.0,1.0,1.0,1.0,1.0
464,partial_completed__small_component,1,,3,2,4,1,0,0,0,0,0,0,4,0,0,-1,current,1,0,0.7880126163363457,0.7880126163363457,6,3,3,3,3,0,0,0,0.3333333333333333,0.0,0.6666666666666666,0.3333333333333333,0.3333333333333333,0,0.3333333333333333,0.0,0.8333333333333334,0.4166666666666667,0.4166666666666667,0,0.3333333333333333,0.0,0.8333333333333334,0.4166666666666667,0.4166666666666667,0,0.3333333333333333,0.0,0.8333333333333334,0.4166666666666667,0.4166666666666667
465,no_strict_e1_improvement,0,,,,,1,0,1,1,1,1,1,4,0,0,-1,current,0,0,0.5375287756323814,0.5375287756323814,9,9,9,9,9,0,0,1,1.0,1.0,1.0,1.0,1.0,1,1.0,1.0,1.0,1.0,1.0,1,1.0,1.0,1.0,1.0,1.0,1,1.0,1.0,1.0,1.0,1.0
466,no_strict_e1_improvement,0,,,,,1,0,2,2,2,6,6,4,0,0,-1,current,0,0,0.7162873422106107,0.7162873422106107,11,9,9,9,9,0,0,1,1.0,1.0,1.0,1.0,1.0,1,1.0,1.0,1.0,1.0,1.0,1,1.0,1.0,1.0,1.0,1.0,1,1.0,1.0,1.0,1.0,1.0
467,no_strict_e1_improvement,0,,,,,1,0,1,1,1,1,1,4,0,0,-1,current,0,0,0.5047948285937309,0.5047948285937309,7,0,0,0,0,0,0,0,0.0,0.5,0.16666666666666666,0.3333333333333333,0.4166666666666667,0,0.0,0.5,0.16666666666666666,0.3333333333333333,0.4166666666666667,0,0.0,0.5,0.16666666666666666,0.3333333333333333,0.4166666666666667,0,0.0,0.5,0.16666666666666666,0.3333333333333333,0.4166666666666667
468,no_strict_e1_improvement,0,,,,,1,0,1,1,1,1,1,4,0,0,-1,current,0,0,0.6577690616250038,0.6577690616250038,10,9,9,9,9,0,0,1,1.0,1.0,1.0,1.0,1.0,1,1.0,1.0,1.0,1.0,1.0,1,1.0,1.0,1.0,1.0,1.0,1,1.0,1.0,1.0,1.0,1.0
469,small_component,0,,,,,1,0,0,0,0,0,0,4,0,0,-1,current,0,0,0.8788676808277766,0.8788676808277766,6,5,5,5,5,0,0,0,0.5555555555555556,0.5,0.3333333333333333,0.4166666666666667,0.5833333333333334,0,0.5555555555555556,0.5,0.3333333333333333,0.4166666666666667,0.5833333333333334,0,0.5555555555555556,0.5,0.3333333333333333,0.4166666666666667,0.5833333333333334,0,0.5555555555555556,0.5,0.3333333333333333,0.4166666666666667,0.5833333333333334
470,max_rounds,0,,,,,1,1,2,2,2,6,6,4,0,1,0,s1a3_greedy,1,0,0.7845518092314402,0.6595886200666428,7,0,0,9,9,9,0,0,0.0,0.5,1.0,0.75,0.75,0,0.0,0.5,1.0,0.75,0.75,1,1.0,1.0,1.0,1.0,1.0,1,1.0,1.0,1.0,1.0,1.0
471,no_strict_e1_improvement,0,,,,,1,0,1,1,1,1,1,4,0,0,-1,current,0,0,0.8300911436478297,0.8300911436478297,8,0,0,0,0,0,0,0,0.0,0.5,0.8333333333333334,0.6666666666666666,0.6666666666666666,0,0.0,0.5,0.8333333333333334,0.6666666666666666,0.6666666666666666,0,0.0,0.5,0.8333333333333334,0.6666666666666666,0.6666666666666666,0,0.0,0.5,0.8333333333333334,0.6666666666666666,0.6666666666666666
472,max_rounds,0,,,,,1,1,5,4,4,12,12,4,0,0,0,s1a3_greedy,1,0,0.7963881070415179,0.6957607691486677,8,7,7,9,9,2,0,0,0.7777777777777778,0.6666666666666666,0.6666666666666666,0.6666666666666666,0.8333333333333334,0,0.7777777777777778,0.6666666666666666,0.6666666666666666,0.6666666666666666,0.8333333333333334,1,1.0,1.0,1.0,1.0,1.0,1,1.0,1.0,1.0,1.0,1.0
473,no_strict_e1_improvement,0,,,,,1,0,1,1,1,1,1,4,0,0,-1,current,0,0,0.5958603024482727,0.5958603024482727,10,9,9,9,9,0,0,1,1.0,1.0,1.0,1.0,1.0,1,1.0,1.0,1.0,1.0,1.0,1,1.0,1.0,1.0,1.0,1.0,1,1.0,1.0,1.0,1.0,1.0
474,no_strict_e1_improvement,0,,,,,1,0,2,2,2,6,6,4,0,0,-1,current,0,0,0.6739280993739764,0.6739280993739764,10,9,9,9,9,0,0,1,1.0,1.0,1.0,1.0,1.0,1,1.0,1.0,1.0,1.0,1.0,1,1.0,1.0,1.0,1.0,1.0,1,1.0,1.0,1.0,1.0,1.0
475,small_component,0,,,,,1,0,0,0,0,0,0,4,0,0,-1,current,0,0,0.9286492417256037,0.9286492417256037,5,0,0,0,0,0,0,0,0.0,0.16666666666666666,0.3333333333333333,0.25,0.3333333333333333,0,0.0,0.16666666666666666,0.3333333333333333,0.25,0.3333333333333333,0,0.0,0.16666666666666666,0.3333333333333333,0.25,0.3333333333333333,0,0.0,0.16666666666666666,0.3333333333333333,0.25,0.3333333333333333
476,max_rounds,0,,,,,1,1,2,2,2,6,6,4,0,-1,0,s1a3_greedy,1,0,0.6132171154022217,0.5682330454389254,4,0,0,0,0,0,0,0,0.0,0.5,0.6666666666666666,0.5833333333333334,0.5833333333333334,0,0.0,0.5,0.6666666666666666,0.5833333333333334,0.5833333333333334,0,0.0,1.0,0.5,0.75,0.75,0,0.0,1.0,0.5,0.75,0.75
477,no_strict_e1_improvement,0,,,,,1,0,2,2,2,6,6,4,0,0,-1,current,0,0,0.6056119377414385,0.6056119377414385,9,3,3,3,3,0,0,0,0.3333333333333333,0.0,1.0,0.5,0.75,0,0.3333333333333333,0.0,1.0,0.5,0.75,0,0.3333333333333333,0.0,1.0,0.5,0.75,0,0.3333333333333333,0.0,1.0,0.5,0.75
478,no_strict_e1_improvement,0,,,,,1,0,1,1,1,1,1,4,0,0,-1,current,0,0,0.5417336647709211,0.5417336647709211,8,9,9,9,9,0,0,1,1.0,1.0,1.0,1.0,1.0,1,1.0,1.0,1.0,1.0,1.0,1,1.0,1.0,1.0,1.0,1.0,1,1.0,1.0,1.0,1.0,1.0
479,small_component,0,,,,,1,0,0,0,0,0,0,4,0,0,-1,current,0,0,0.5724905580282211,0.5724905580282211,4,0,0,0,0,0,0,0,0.0,0.8333333333333334,0.0,0.4166666666666667,0.4166666666666667,0,0.0,0.8333333333333334,0.0,0.4166666666666667,0.4166666666666667,0,0.0,0.8333333333333334,0.0,0.4166666666666667,0.4166666666666667,0,0.0,0.8333333333333334,0.0,0.4166666666666667,0.4166666666666667
480,no_strict_e1_improvement,0,,,,,1,0,2,2,2,8,8,4,0,0,-1,current,0,0,0.7070964102943739,0.7070964102943739,11,9,9,9,9,0,0,1,1.0,1.0,1.0,1.0,1.0,1,1.0,1.0,1.0,1.0,1.0,1,1.0,1.0,1.0,1.0,1.0,1,1.0,1.0,1.0,1.0,1.0
481,small_component,0,,,,,1,0,0,0,0,0,0,4,0,0,-1,current,0,0,0.7209101418654124,0.7209101418654124,5,1,1,1,1,0,0,0,0.1111111111111111,0.16666666666666666,0.3333333333333333,0.25,0.5833333333333334,0,0.1111111111111111,0.16666666666666666,0.3333333333333333,0.25,0.5833333333333334,0,0.1111111111111111,0.16666666666666666,0.3333333333333333,0.25,0.5833333333333334,0,0.1111111111111111,0.16666666666666666,0.3333333333333333,0.25,0.5833333333333334
482,no_strict_e1_improvement,0,,,,,1,0,1,1,1,1,1,4,0,0,-1,current,0,0,0.5982066517074903,0.5982066517074903,9,9,9,9,9,0,0,1,1.0,1.0,1.0,1.0,1.0,1,1.0,1.0,1.0,1.0,1.0,1,1.0,1.0,1.0,1.0,1.0,1,1.0,1.0,1.0,1.0,1.0
483,no_strict_e1_improvement,0,,,,,1,0,2,2,2,6,6,4,0,0,-1,current,0,0,0.7133243506153425,0.7133243506153425,8,9,9,9,9,0,0,1,1.0,1.0,1.0,1.0,1.0,1,1.0,1.0,1.0,1.0,1.0,1,1.0,1.0,1.0,1.0,1.0,1,1.0,1.0,1.0,1.0,1.0
484,no_strict_e1_improvement,0,,,,,1,0,1,1,1,1,1,4,0,0,-1,current,0,0,0.6789340600371361,0.6789340600371361,6,0,0,0,0,0,0,0,0.0,0.5,0.3333333333333333,0.4166666666666667,0.5,0,0.0,0.5,0.3333333333333333,0.4166666666666667,0.5,0,0.0,0.5,0.3333333333333333,0.4166666666666667,0.5,0,0.0,0.5,0.3333333333333333,0.4166666666666667,0.5
485,partial_completed__no_strict_e1_improvement,1,,3,2,4,1,0,1,1,1,1,1,4,0,0,-1,current,1,0,0.5596149911483129,0.5596149911483129,7,0,0,0,0,0,0,0,0.0,0.0,0.3333333333333333,0.16666666666666666,0.16666666666666666,0,0.0,0.5,0.5,0.5,0.5,0,0.0,0.5,0.5,0.5,0.5,0,0.0,0.5,0.5,0.5,0.5
486,max_rounds,0,,,,,1,1,5,4,4,12,12,4,0,0,1,profiled_beam,1,1,0.6913680185874304,0.6590910255908966,7,4,4,5,7,3,2,0,0.4444444444444444,0.16666666666666666,0.5,0.3333333333333333,0.4166666666666667,0,0.4444444444444444,0.16666666666666666,0.5,0.3333333333333333,0.4166666666666667,0,0.5555555555555556,0.3333333333333333,0.3333333333333333,0.3333333333333333,0.5,0,0.7777777777777778,0.6666666666666666,0.6666666666666666,0.6666666666666666,0.75
487,small_component,0,,,,,1,0,0,0,0,0,0,4,0,0,-1,current,0,0,0.6860371778408686,0.6860371778408686,7,3,3,3,3,0,0,0,0.3333333333333333,0.3333333333333333,0.16666666666666666,0.25,0.4166666666666667,0,0.3333333333333333,0.3333333333333333,0.16666666666666666,0.25,0.4166666666666667,0,0.3333333333333333,0.3333333333333333,0.16666666666666666,0.25,0.4166666666666667,0,0.3333333333333333,0.3333333333333333,0.16666666666666666,0.25,0.4166666666666667
488,no_strict_e1_improvement,0,,,,,1,0,1,1,1,1,1,4,0,0,-1,current,0,0,0.6679829508066177,0.6679829508066177,6,1,1,1,1,0,0,0,0.1111111111111111,0.3333333333333333,0.6666666666666666,0.5,0.5833333333333334,0,0.1111111111111111,0.3333333333333333,0.6666666666666666,0.5,0.5833333333333334,0,0.1111111111111111,0.3333333333333333,0.6666666666666666,0.5,0.5833333333333334,0,0.1111111111111111,0.3333333333333333,0.6666666666666666,0.5,0.5833333333333334
489,small_component,0,,,,,1,0,0,0,0,0,0,4,0,0,-1,current,0,0,0.8400796204805374,0.8400796204805374,6,0,0,0,0,0,0,0,0.0,0.6666666666666666,0.16666666666666666,0.4166666666666667,0.5833333333333334,0,0.0,0.6666666666666666,0.16666666666666666,0.4166666666666667,0.5833333333333334,0,0.0,0.6666666666666666,0.16666666666666666,0.4166666666666667,0.5833333333333334,0,0.0,0.6666666666666666,0.16666666666666666,0.4166666666666667,0.5833333333333334
490,partial_completed__no_strict_e1_improvement,1,,3,2,4,1,0,2,2,2,6,6,4,0,0,-1,current,1,0,0.7753519763549169,0.7753519763549169,8,3,3,3,3,0,0,0,0.3333333333333333,0.0,0.5,0.25,0.25,0,0.3333333333333333,0.5,0.6666666666666666,0.5833333333333334,0.5833333333333334,0,0.3333333333333333,0.5,0.6666666666666666,0.5833333333333334,0.5833333333333334,0,0.3333333333333333,0.5,0.6666666666666666,0.5833333333333334,0.5833333333333334
491,max_rounds,0,,,,,1,1,3,2,2,7,7,4,0,0,0,s1a3_greedy,1,0,0.6642139131824175,0.577321968972683,8,7,7,9,9,2,0,0,0.7777777777777778,0.6666666666666666,0.6666666666666666,0.6666666666666666,0.75,0,0.7777777777777778,0.6666666666666666,0.6666666666666666,0.6666666666666666,0.75,1,1.0,1.0,1.0,1.0,1.0,1,1.0,1.0,1.0,1.0,1.0
492,no_strict_e1_improvement,0,,,,,1,0,1,1,1,1,1,4,0,0,-1,current,0,0,0.6119194452961286,0.6119194452961286,7,1,1,1,1,0,0,0,0.1111111111111111,0.3333333333333333,0.6666666666666666,0.5,0.5833333333333334,0,0.1111111111111111,0.3333333333333333,0.6666666666666666,0.5,0.5833333333333334,0,0.1111111111111111,0.3333333333333333,0.6666666666666666,0.5,0.5833333333333334,0,0.1111111111111111,0.3333333333333333,0.6666666666666666,0.5,0.5833333333333334
493,no_strict_e1_improvement,0,,,,,1,0,1,1,1,1,1,4,0,0,-1,current,0,0,0.620297409594059,0.620297409594059,10,0,0,0,0,0,0,0,0.0,0.5,1.0,0.75,0.75,0,0.0,0.5,1.0,0.75,0.75,0,0.0,0.5,1.0,0.75,0.75,0,0.0,0.5,1.0,0.75,0.75
494,no_strict_e1_improvement,0,,,,,1,0,1,1,1,1,1,4,0,0,-1,current,0,0,0.6265294502178828,0.6265294502178828,9,0,0,0,0,0,0,0,0.0,1.0,0.5,0.75,0.75,0,0.0,1.0,0.5,0.75,0.75,0,0.0,1.0,0.5,0.75,0.75,0,0.0,1.0,0.5,0.75,0.75
495,small_component,0,,,,,1,0,0,0,0,0,0,4,0,0,-1,current,0,0,0.6394204969207445,0.6394204969207445,4,4,4,4,4,0,0,0,0.4444444444444444,0.5,0.16666666666666666,0.3333333333333333,0.4166666666666667,0,0.4444444444444444,0.5,0.16666666666666666,0.3333333333333333,0.4166666666666667,0,0.4444444444444444,0.5,0.16666666666666666,0.3333333333333333,0.4166666666666667,0,0.4444444444444444,0.5,0.16666666666666666,0.3333333333333333,0.4166666666666667
496,no_strict_e1_improvement,0,,,,,1,0,1,1,1,1,1,4,0,0,-1,current,0,0,0.551617314418157,0.551617314418157,8,0,0,0,0,0,0,0,0.0,0.5,1.0,0.75,0.75,0,0.0,0.5,1.0,0.75,0.75,0,0.0,0.5,1.0,0.75,0.75,0,0.0,0.5,1.0,0.75,0.75
497,no_strict_e1_improvement,0,,,,,1,0,1,1,1,1,1,4,0,0,-1,current,0,0,0.7953375478585561,0.7953375478585561,9,0,0,0,0,0,0,0,0.0,0.5,1.0,0.75,0.75,0,0.0,0.5,1.0,0.75,0.75,0,0.0,0.5,1.0,0.75,0.75,0,0.0,0.5,1.0,0.75,0.75
498,no_strict_e1_improvement,0,,,,,1,0,1,1,1,1,1,4,0,0,-1,current,0,0,0.6972620636224747,0.6972620636224747,8,9,9,9,9,0,0,1,1.0,1.0,1.0,1.0,1.0,1,1.0,1.0,1.0,1.0,1.0,1,1.0,1.0,1.0,1.0,1.0,1,1.0,1.0,1.0,1.0,1.0
499,no_strict_e1_improvement,0,,,,,1,0,2,2,2,7,7,4,0,0,-1,current,0,0,0.5943551262219747,0.5943551262219747,9,9,9,9,9,0,0,1,1.0,1.0,1.0,1.0,1.0,1,1.0,1.0,1.0,1.0,1.0,1,1.0,1.0,1.0,1.0,1.0,1,1.0,1.0,1.0,1.0,1.0
500,no_strict_e1_improvement,0,,,,,1,0,1,1,1,1,1,4,0,0,-1,current,0,0,0.5142880156636238,0.5142880156636238,9,9,9,9,9,0,0,1,1.0,1.0,1.0,1.0,1.0,1,1.0,1.0,1.0,1.0,1.0,1,1.0,1.0,1.0,1.0,1.0,1,1.0,1.0,1.0,1.0,1.0
501,no_strict_e1_improvement,0,,,,,1,0,1,1,1,1,1,4,0,0,-1,current,0,0,0.5909252365430196,0.5909252365430196,9,9,9,9,9,0,0,1,1.0,1.0,1.0,1.0,1.0,1,1.0,1.0,1.0,1.0,1.0,1,1.0,1.0,1.0,1.0,1.0,1,1.0,1.0,1.0,1.0,1.0
502,no_strict_e1_improvement,0,,,,,1,0,1,1,1,1,1,4,0,0,-1,current,0,0,0.6590168103575706,0.6590168103575706,7,0,0,0,0,0,0,0,0.0,1.0,0.5,0.75,0.75,0,0.0,1.0,0.5,0.75,0.75,0,0.0,1.0,0.5,0.75,0.75,0,0.0,1.0,0.5,0.75,0.75
503,no_strict_e1_improvement,0,,,,,1,0,1,1,1,1,1,4,0,0,-1,current,0,0,0.7399720673759779,0.7399720673759779,9,0,0,0,0,0,0,0,0.0,0.5,0.8333333333333334,0.6666666666666666,0.6666666666666666,0,0.0,0.5,0.8333333333333334,0.6666666666666666,0.6666666666666666,0,0.0,0.5,0.8333333333333334,0.6666666666666666,0.6666666666666666,0,0.0,0.5,0.8333333333333334,0.6666666666666666,0.6666666666666666
504,no_strict_e1_improvement,0,,,,,1,0,1,1,1,1,1,4,0,0,-1,current,0,0,0.593176856637001,0.593176856637001,9,9,9,9,9,0,0,1,1.0,1.0,1.0,1.0,1.0,1,1.0,1.0,1.0,1.0,1.0,1,1.0,1.0,1.0,1.0,1.0,1,1.0,1.0,1.0,1.0,1.0
505,partial_completed__small_component,1,,3,2,4,1,0,0,0,0,0,0,4,0,0,-1,current,1,0,0.7849709143241247,0.7849709143241247,5,0,0,0,0,0,0,0,0.0,0.3333333333333333,0.0,0.16666666666666666,0.16666666666666666,0,0.0,0.3333333333333333,0.0,0.16666666666666666,0.4166666666666667,0,0.0,0.3333333333333333,0.0,0.16666666666666666,0.4166666666666667,0,0.0,0.3333333333333333,0.0,0.16666666666666666,0.4166666666666667
506,max_rounds,0,,,,,1,1,3,2,2,6,6,4,0,0,0,s1a3_greedy,1,0,0.7698482821385065,0.6429837097724279,6,1,1,0,0,-1,0,0,0.1111111111111111,0.3333333333333333,0.6666666666666666,0.5,0.5833333333333334,0,0.1111111111111111,0.3333333333333333,0.6666666666666666,0.5,0.5833333333333334,0,0.0,0.5,1.0,0.75,0.75,0,0.0,0.5,1.0,0.75,0.75
507,no_strict_e1_improvement,0,,,,,1,0,1,1,1,1,1,4,0,0,-1,current,0,0,0.6625889216860136,0.6625889216860136,9,9,9,9,9,0,0,1,1.0,1.0,1.0,1.0,1.0,1,1.0,1.0,1.0,1.0,1.0,1,1.0,1.0,1.0,1.0,1.0,1,1.0,1.0,1.0,1.0,1.0
508,max_rounds,0,,,,,1,1,3,2,2,7,7,4,1,0,0,s1a3_greedy,1,0,0.6616499871015549,0.6075284158190092,7,0,0,0,0,0,0,0,0.0,0.5,1.0,0.75,0.75,0,0.0,0.5,1.0,0.75,0.75,0,0.0,0.6666666666666666,0.5,0.5833333333333334,0.5833333333333334,0,0.0,0.6666666666666666,0.5,0.5833333333333334,0.5833333333333334
509,max_rounds,0,,,,,1,1,2,2,2,7,7,4,0,-1,0,s1a3_greedy,1,0,0.792997196316719,0.6849866434931755,9,0,0,9,9,9,0,0,0.0,0.5,1.0,0.75,0.75,0,0.0,0.5,1.0,0.75,0.75,1,1.0,1.0,1.0,1.0,1.0,1,1.0,1.0,1.0,1.0,1.0
510,max_rounds,0,,,,,1,1,5,4,4,16,16,4,0,0,1,profiled_beam,1,1,0.7048922901352247,0.661235623061657,4,4,4,5,7,3,2,0,0.4444444444444444,0.3333333333333333,0.3333333333333333,0.3333333333333333,0.5,0,0.4444444444444444,0.3333333333333333,0.3333333333333333,0.3333333333333333,0.5,0,0.5555555555555556,0.5,0.3333333333333333,0.4166666666666667,0.5,0,0.7777777777777778,0.3333333333333333,0.6666666666666666,0.5,0.5833333333333334
511,max_rounds,0,,,,,1,1,2,2,2,8,8,4,0,1,1,profiled_beam,1,1,0.8715663626790047,0.8357005889217058,5,4,4,1,1,-3,0,0,0.4444444444444444,0.16666666666666666,0.3333333333333333,0.25,0.5,0,0.4444444444444444,0.16666666666666666,0.3333333333333333,0.25,0.5,0,0.1111111111111111,0.16666666666666666,0.3333333333333333,0.25,0.3333333333333333,0,0.1111111111111111,0.16666666666666666,0.3333333333333333,0.25,0.5833333333333334
512,no_strict_e1_improvement,0,,,,,1,0,1,1,1,1,1,4,0,0,-1,current,0,0,0.5812952220439911,0.5812952220439911,6,0,0,0,0,0,0,0,0.0,0.6666666666666666,0.5,0.5833333333333334,0.75,0,0.0,0.6666666666666666,0.5,0.5833333333333334,0.75,0,0.0,0.6666666666666666,0.5,0.5833333333333334,0.75,0,0.0,0.6666666666666666,0.5,0.5833333333333334,0.75
513,no_strict_e1_improvement,0,,,,,1,0,1,1,1,1,1,4,0,0,-1,current,0,0,0.49493291477362317,0.49493291477362317,7,0,0,0,0,0,0,0,0.0,0.8333333333333334,0.0,0.4166666666666667,0.4166666666666667,0,0.0,0.8333333333333334,0.0,0.4166666666666667,0.4166666666666667,0,0.0,0.8333333333333334,0.0,0.4166666666666667,0.4166666666666667,0,0.0,0.8333333333333334,0.0,0.4166666666666667,0.4166666666666667
514,max_rounds,0,,,,,1,1,4,4,4,16,16,4,0,1,1,profiled_beam,1,1,0.7683127373456955,0.7581753681103388,5,1,1,1,4,3,3,0,0.1111111111111111,0.16666666666666666,0.5,0.3333333333333333,0.5833333333333334,0,0.1111111111111111,0.16666666666666666,0.5,0.3333333333333333,0.5833333333333334,0,0.1111111111111111,0.16666666666666666,0.5,0.3333333333333333,0.5833333333333334,0,0.4444444444444444,0.0,0.3333333333333333,0.16666666666666666,0.4166666666666667
515,no_strict_e1_improvement,0,,,,,1,0,1,1,1,1,1,4,0,0,-1,current,0,0,0.5061487903197607,0.5061487903197607,11,9,9,9,9,0,0,1,1.0,1.0,1.0,1.0,1.0,1,1.0,1.0,1.0,1.0,1.0,1,1.0,1.0,1.0,1.0,1.0,1,1.0,1.0,1.0,1.0,1.0
516,max_rounds,0,,,,,1,1,5,4,4,15,15,4,0,0,0,s1a3_greedy,1,0,0.8058765592674414,0.758926909416914,7,0,0,0,0,0,0,0,0.0,0.5,1.0,0.75,0.75,0,0.0,0.5,1.0,0.75,0.75,0,0.0,0.16666666666666666,0.5,0.3333333333333333,0.4166666666666667,0,0.0,0.16666666666666666,0.5,0.3333333333333333,0.4166666666666667
517,small_component,0,,,,,1,0,0,0,0,0,0,4,0,0,-1,current,0,0,0.87387698640426,0.87387698640426,7,4,4,4,4,0,0,0,0.4444444444444444,0.5,0.3333333333333333,0.4166666666666667,0.5,0,0.4444444444444444,0.5,0.3333333333333333,0.4166666666666667,0.5,0,0.4444444444444444,0.5,0.3333333333333333,0.4166666666666667,0.5,0,0.4444444444444444,0.5,0.3333333333333333,0.4166666666666667,0.5
518,no_strict_e1_improvement,0,,,,,1,0,1,1,1,1,1,4,0,0,-1,current,0,0,0.6667007729411125,0.6667007729411125,8,9,9,9,9,0,0,1,1.0,1.0,1.0,1.0,1.0,1,1.0,1.0,1.0,1.0,1.0,1,1.0,1.0,1.0,1.0,1.0,1,1.0,1.0,1.0,1.0,1.0
519,no_strict_e1_improvement,0,,,,,1,0,2,2,2,6,6,4,0,0,-1,current,0,0,0.6041668032606443,0.6041668032606443,8,0,0,0,0,0,0,0,0.0,0.5,1.0,0.75,0.75,0,0.0,0.5,1.0,0.75,0.75,0,0.0,0.5,1.0,0.75,0.75,0,0.0,0.5,1.0,0.75,0.75
520,max_rounds,0,,,,,1,1,4,4,4,16,16,4,0,1,1,profiled_beam,1,1,0.7185585225621859,0.6371157541871071,5,0,0,1,0,0,-1,0,0.0,0.16666666666666666,0.16666666666666666,0.16666666666666666,0.3333333333333333,0,0.0,0.16666666666666666,0.16666666666666666,0.16666666666666666,0.3333333333333333,0,0.1111111111111111,0.16666666666666666,0.16666666666666666,0.16666666666666666,0.5,0,0.0,0.3333333333333333,0.16666666666666666,0.25,0.5
521,no_strict_e1_improvement,0,,,,,1,0,1,1,1,1,1,4,0,0,-1,current,0,0,0.5074147482713064,0.5074147482713064,10,0,0,0,0,0,0,0,0.0,0.5,1.0,0.75,0.75,0,0.0,0.5,1.0,0.75,0.75,0,0.0,0.5,1.0,0.75,0.75,0,0.0,0.5,1.0,0.75,0.75
522,max_rounds,0,,,,,1,1,5,4,4,12,12,4,-1,1,0,s1a3_greedy,1,0,0.7218812803427378,0.6286816621820132,8,0,0,9,9,9,0,0,0.0,0.5,0.6666666666666666,0.5833333333333334,0.5833333333333334,0,0.0,0.5,0.6666666666666666,0.5833333333333334,0.5833333333333334,1,1.0,1.0,1.0,1.0,1.0,1,1.0,1.0,1.0,1.0,1.0
523,no_strict_e1_improvement,0,,,,,1,0,1,1,1,1,1,4,0,0,-1,current,0,0,0.5272017518679301,0.5272017518679301,12,0,0,0,0,0,0,0,0.0,0.5,1.0,0.75,0.75,0,0.0,0.5,1.0,0.75,0.75,0,0.0,0.5,1.0,0.75,0.75,0,0.0,0.5,1.0,0.75,0.75
524,partial_completed__max_rounds,1,,3,2,4,1,1,5,4,4,13,13,4,0,0,0,s1a3_greedy,1,0,0.7942320431272188,0.630512016514937,8,0,0,0,0,0,0,0,0.0,0.3333333333333333,0.16666666666666666,0.25,0.25,0,0.0,0.5,0.16666666666666666,0.3333333333333333,0.4166666666666667,0,0.0,1.0,0.5,0.75,0.75,0,0.0,1.0,0.5,0.75,0.75
525,no_strict_e1_improvement,0,,,,,1,0,1,1,1,1,1,4,0,0,-1,current,0,0,0.4241608108083407,0.4241608108083407,10,9,9,9,9,0,0,1,1.0,1.0,1.0,1.0,1.0,1,1.0,1.0,1.0,1.0,1.0,1,1.0,1.0,1.0,1.0,1.0,1,1.0,1.0,1.0,1.0,1.0
526,no_strict_e1_improvement,0,,,,,1,0,1,1,1,1,1,4,0,0,-1,current,0,0,0.629571167131265,0.629571167131265,11,9,9,9,9,0,0,1,1.0,1.0,1.0,1.0,1.0,1,1.0,1.0,1.0,1.0,1.0,1,1.0,1.0,1.0,1.0,1.0,1,1.0,1.0,1.0,1.0,1.0
527,small_component,0,,,,,1,0,0,0,0,0,0,4,0,0,-1,current,0,0,0.725159486134847,0.725159486134847,6,5,5,5,5,0,0,0,0.5555555555555556,0.6666666666666666,0.3333333333333333,0.5,0.6666666666666666,0,0.5555555555555556,0.6666666666666666,0.3333333333333333,0.5,0.6666666666666666,0,0.5555555555555556,0.6666666666666666,0.3333333333333333,0.5,0.6666666666666666,0,0.5555555555555556,0.6666666666666666,0.3333333333333333,0.5,0.6666666666666666
528,no_strict_e1_improvement,0,,,,,1,0,1,1,1,1,1,4,0,0,-1,current,0,0,0.617227184275786,0.617227184275786,10,9,9,9,9,0,0,1,1.0,1.0,1.0,1.0,1.0,1,1.0,1.0,1.0,1.0,1.0,1,1.0,1.0,1.0,1.0,1.0,1,1.0,1.0,1.0,1.0,1.0
529,no_strict_e1_improvement,0,,,,,1,0,1,1,1,1,1,4,0,0,-1,current,0,0,0.6356528749068578,0.6356528749068578,8,9,9,9,9,0,0,1,1.0,1.0,1.0,1.0,1.0,1,1.0,1.0,1.0,1.0,1.0,1,1.0,1.0,1.0,1.0,1.0,1,1.0,1.0,1.0,1.0,1.0
530,no_strict_e1_improvement,0,,,,,1,0,1,1,1,1,1,4,0,0,-1,current,0,0,0.5890797028938929,0.5890797028938929,9,9,9,9,9,0,0,1,1.0,1.0,1.0,1.0,1.0,1,1.0,1.0,1.0,1.0,1.0,1,1.0,1.0,1.0,1.0,1.0,1,1.0,1.0,1.0,1.0,1.0
531,max_rounds,0,,,,,1,1,5,4,4,10,10,4,0,0,0,s1a3_greedy,1,0,0.6604124456644058,0.65232914686203,6,7,7,9,9,2,0,0,0.7777777777777778,0.6666666666666666,0.6666666666666666,0.6666666666666666,0.75,0,0.7777777777777778,0.6666666666666666,0.6666666666666666,0.6666666666666666,0.75,1,1.0,1.0,1.0,1.0,1.0,1,1.0,1.0,1.0,1.0,1.0
532,no_strict_e1_improvement,0,,,,,1,0,1,1,1,1,1,4,0,0,-1,current,0,0,0.6672990222771963,0.6672990222771963,10,9,9,9,9,0,0,1,1.0,1.0,1.0,1.0,1.0,1,1.0,1.0,1.0,1.0,1.0,1,1.0,1.0,1.0,1.0,1.0,1,1.0,1.0,1.0,1.0,1.0
533,max_rounds,0,,,,,1,1,5,4,4,14,14,4,0,0,0,s1a3_greedy,1,0,0.8481621046861013,0.70657646159331,6,6,6,9,9,3,0,0,0.6666666666666666,0.5,0.5,0.5,0.5833333333333334,0,0.6666666666666666,0.5,0.5,0.5,0.5833333333333334,1,1.0,1.0,1.0,1.0,1.0,1,1.0,1.0,1.0,1.0,1.0
534,small_component,0,,,,,1,0,0,0,0,0,0,4,0,0,-1,current,0,0,0.7435389161109924,0.7435389161109924,5,0,0,0,0,0,0,0,0.0,0.16666666666666666,0.16666666666666666,0.16666666666666666,0.6666666666666666,0,0.0,0.16666666666666666,0.16666666666666666,0.16666666666666666,0.6666666666666666,0,0.0,0.16666666666666666,0.16666666666666666,0.16666666666666666,0.6666666666666666,0,0.0,0.16666666666666666,0.16666666666666666,0.16666666666666666,0.6666666666666666
535,no_strict_e1_improvement,0,,,,,1,0,1,1,1,1,1,4,0,0,-1,current,0,0,0.5800090879201889,0.5800090879201889,9,0,0,0,0,0,0,0,0.0,1.0,0.5,0.75,0.75,0,0.0,1.0,0.5,0.75,0.75,0,0.0,1.0,0.5,0.75,0.75,0,0.0,1.0,0.5,0.75,0.75
536,max_rounds,0,,,,,1,1,3,2,2,6,6,4,0,-1,0,s1a3_greedy,1,0,0.6702327976624171,0.5580073595046997,10,0,0,9,9,9,0,0,0.0,0.5,0.8333333333333334,0.6666666666666666,0.6666666666666666,0,0.0,0.5,0.8333333333333334,0.6666666666666666,0.6666666666666666,1,1.0,1.0,1.0,1.0,1.0,1,1.0,1.0,1.0,1.0,1.0
537,small_component,0,,,,,1,0,0,0,0,0,0,4,0,0,-1,current,0,0,0.567534051835537,0.567534051835537,5,1,1,1,1,0,0,0,0.1111111111111111,0.0,0.0,0.0,0.4166666666666667,0,0.1111111111111111,0.0,0.0,0.0,0.4166666666666667,0,0.1111111111111111,0.0,0.0,0.0,0.4166666666666667,0,0.1111111111111111,0.0,0.0,0.0,0.4166666666666667
538,no_strict_e1_improvement,0,,,,,1,0,1,1,1,1,1,4,0,0,-1,current,0,0,0.6479455952843031,0.6479455952843031,9,9,9,9,9,0,0,1,1.0,1.0,1.0,1.0,1.0,1,1.0,1.0,1.0,1.0,1.0,1,1.0,1.0,1.0,1.0,1.0,1,1.0,1.0,1.0,1.0,1.0
539,no_strict_e1_improvement,0,,,,,1,0,1,1,1,1,1,4,0,0,-1,current,0,0,0.6720850914716721,0.6720850914716721,9,9,9,9,9,0,0,1,1.0,1.0,1.0,1.0,1.0,1,1.0,1.0,1.0,1.0,1.0,1,1.0,1.0,1.0,1.0,1.0,1,1.0,1.0,1.0,1.0,1.0
540,no_strict_e1_improvement,0,,,,,1,0,1,1,1,1,1,4,0,0,-1,current,0,0,0.6498222375909487,0.6498222375909487,5,9,9,9,9,0,0,1,1.0,1.0,1.0,1.0,1.0,1,1.0,1.0,1.0,1.0,1.0,1,1.0,1.0,1.0,1.0,1.0,1,1.0,1.0,1.0,1.0,1.0
541,no_strict_e1_improvement,0,,,,,1,0,1,1,1,1,1,4,0,0,-1,current,0,0,0.7586343561609586,0.7586343561609586,6,0,0,0,0,0,0,0,0.0,0.5,1.0,0.75,0.75,0,0.0,0.5,1.0,0.75,0.75,0,0.0,0.5,1.0,0.75,0.75,0,0.0,0.5,1.0,0.75,0.75
542,no_strict_e1_improvement,0,,,,,1,0,1,1,1,1,1,4,0,0,-1,current,0,0,0.7035741582512856,0.7035741582512856,8,0,0,0,0,0,0,0,0.0,0.5,1.0,0.75,0.75,0,0.0,0.5,1.0,0.75,0.75,0,0.0,0.5,1.0,0.75,0.75,0,0.0,0.5,1.0,0.75,0.75
543,max_rounds,0,,,,,1,1,3,2,2,8,8,4,1,0,1,profiled_beam,1,1,0.7313769459724426,0.7122414360443751,5,1,1,1,0,-1,-1,0,0.1111111111111111,0.5,0.16666666666666666,0.3333333333333333,0.4166666666666667,0,0.1111111111111111,0.5,0.16666666666666666,0.3333333333333333,0.4166666666666667,0,0.1111111111111111,0.5,0.16666666666666666,0.3333333333333333,0.4166666666666667,0,0.0,0.5,0.16666666666666666,0.3333333333333333,0.5
544,no_strict_e1_improvement,0,,,,,1,0,1,1,1,1,1,4,0,0,-1,current,0,0,0.6734643777211508,0.6734643777211508,8,0,0,0,0,0,0,0,0.0,0.5,1.0,0.75,0.75,0,0.0,0.5,1.0,0.75,0.75,0,0.0,0.5,1.0,0.75,0.75,0,0.0,0.5,1.0,0.75,0.75
545,no_strict_e1_improvement,0,,,,,1,0,2,2,2,6,6,4,0,0,-1,current,0,0,0.7802755211790403,0.7802755211790403,10,9,9,9,9,0,0,1,1.0,1.0,1.0,1.0,1.0,1,1.0,1.0,1.0,1.0,1.0,1,1.0,1.0,1.0,1.0,1.0,1,1.0,1.0,1.0,1.0,1.0
546,no_strict_e1_improvement,0,,,,,1,0,1,1,1,1,1,4,0,0,-1,current,0,0,0.6232010846336683,0.6232010846336683,10,9,9,9,9,0,0,1,1.0,1.0,1.0,1.0,1.0,1,1.0,1.0,1.0,1.0,1.0,1,1.0,1.0,1.0,1.0,1.0,1,1.0,1.0,1.0,1.0,1.0
547,no_strict_e1_improvement,0,,,,,1,0,4,4,4,15,15,4,0,0,-1,current,0,0,0.7510915522774061,0.7510915522774061,5,9,9,9,9,0,0,1,1.0,1.0,1.0,1.0,1.0,1,1.0,1.0,1.0,1.0,1.0,1,1.0,1.0,1.0,1.0,1.0,1,1.0,1.0,1.0,1.0,1.0
548,partial_completed__no_strict_e1_improvement,1,,3,2,3,1,0,1,1,1,1,1,4,0,0,-1,current,1,0,0.5671666537721952,0.5671666537721952,8,6,0,0,0,-6,0,0,0.6666666666666666,0.6666666666666666,0.5,0.5833333333333334,0.5833333333333334,0,0.0,1.0,0.5,0.75,0.75,0,0.0,1.0,0.5,0.75,0.75,0,0.0,1.0,0.5,0.75,0.75
549,no_strict_e1_improvement,0,,,,,1,0,1,1,1,1,1,4,0,0,-1,current,0,0,0.6418493886788686,0.6418493886788686,10,9,9,9,9,0,0,1,1.0,1.0,1.0,1.0,1.0,1,1.0,1.0,1.0,1.0,1.0,1,1.0,1.0,1.0,1.0,1.0,1,1.0,1.0,1.0,1.0,1.0
550,no_strict_e1_improvement,0,,,,,1,0,2,2,2,6,6,4,0,0,-1,current,0,0,0.6993569259842237,0.6993569259842237,7,9,9,9,9,0,0,1,1.0,1.0,1.0,1.0,1.0,1,1.0,1.0,1.0,1.0,1.0,1,1.0,1.0,1.0,1.0,1.0,1,1.0,1.0,1.0,1.0,1.0
551,small_component,0,,,,,1,0,0,0,0,0,0,4,0,0,-1,current,0,0,0.5963652953505516,0.5963652953505516,3,3,3,3,3,0,0,0,0.3333333333333333,0.3333333333333333,0.16666666666666666,0.25,0.4166666666666667,0,0.3333333333333333,0.3333333333333333,0.16666666666666666,0.25,0.4166666666666667,0,0.3333333333333333,0.3333333333333333,0.16666666666666666,0.25,0.4166666666666667,0,0.3333333333333333,0.3333333333333333,0.16666666666666666,0.25,0.4166666666666667
552,max_rounds,0,,,,,1,1,4,4,4,16,16,4,0,-1,0,s1a3_greedy,1,0,0.8210045124093691,0.7981211965282758,8,2,2,2,2,0,0,0,0.2222222222222222,0.16666666666666666,0.6666666666666666,0.4166666666666667,0.5833333333333334,0,0.2222222222222222,0.16666666666666666,0.6666666666666666,0.4166666666666667,0.5833333333333334,0,0.2222222222222222,0.16666666666666666,0.6666666666666666,0.4166666666666667,0.5833333333333334,0,0.2222222222222222,0.16666666666666666,0.6666666666666666,0.4166666666666667,0.5833333333333334
553,max_rounds,0,,,,,1,1,2,2,2,5,5,4,0,1,0,s1a3_greedy,1,0,0.5025578613082567,0.48196739703416824,8,0,0,0,0,0,0,0,0.0,0.5,1.0,0.75,0.75,0,0.0,0.5,1.0,0.75,0.75,0,0.0,0.5,1.0,0.75,0.75,0,0.0,0.5,1.0,0.75,0.75
554,no_strict_e1_improvement,0,,,,,1,0,1,1,1,1,1,4,0,0,-1,current,0,0,0.5265059893329939,0.5265059893329939,10,9,9,9,9,0,0,1,1.0,1.0,1.0,1.0,1.0,1,1.0,1.0,1.0,1.0,1.0,1,1.0,1.0,1.0,1.0,1.0,1,1.0,1.0,1.0,1.0,1.0
555,small_component,0,,,,,1,0,0,0,0,0,0,4,0,0,-1,current,0,0,0.8007496520876884,0.8007496520876884,5,2,2,2,2,0,0,0,0.2222222222222222,0.16666666666666666,0.16666666666666666,0.16666666666666666,0.5,0,0.2222222222222222,0.16666666666666666,0.16666666666666666,0.16666666666666666,0.5,0,0.2222222222222222,0.16666666666666666,0.16666666666666666,0.16666666666666666,0.5,0,0.2222222222222222,0.16666666666666666,0.16666666666666666,0.16666666666666666,0.5
556,no_strict_e1_improvement,0,,,,,1,0,1,1,1,1,1,4,0,0,-1,current,0,0,0.6875785067677498,0.6875785067677498,11,9,9,9,9,0,0,1,1.0,1.0,1.0,1.0,1.0,1,1.0,1.0,1.0,1.0,1.0,1,1.0,1.0,1.0,1.0,1.0,1,1.0,1.0,1.0,1.0,1.0
557,small_component,0,,,,,1,0,0,0,0,0,0,4,0,0,-1,current,0,0,0.8438597793380419,0.8438597793380419,5,3,3,3,3,0,0,0,0.3333333333333333,0.0,0.16666666666666666,0.08333333333333333,0.3333333333333333,0,0.3333333333333333,0.0,0.16666666666666666,0.08333333333333333,0.3333333333333333,0,0.3333333333333333,0.0,0.16666666666666666,0.08333333333333333,0.3333333333333333,0,0.3333333333333333,0.0,0.16666666666666666,0.08333333333333333,0.3333333333333333
558,max_rounds,0,,,,,1,1,5,4,4,15,15,4,0,0,1,profiled_beam,1,1,0.41079476724068326,0.39864085614681244,5,1,1,1,1,0,0,0,0.1111111111111111,0.3333333333333333,0.16666666666666666,0.25,0.4166666666666667,0,0.1111111111111111,0.3333333333333333,0.16666666666666666,0.25,0.4166666666666667,0,0.1111111111111111,0.3333333333333333,0.16666666666666666,0.25,0.4166666666666667,0,0.1111111111111111,0.3333333333333333,0.16666666666666666,0.25,0.5
559,partial_completed__small_component,1,,3,2,4,1,0,0,0,0,0,0,4,0,0,-1,current,1,0,0.81477024157842,0.81477024157842,7,0,0,0,0,0,0,0,0.0,0.0,0.3333333333333333,0.16666666666666666,0.16666666666666666,0,0.0,0.0,0.6666666666666666,0.3333333333333333,0.3333333333333333,0,0.0,0.0,0.6666666666666666,0.3333333333333333,0.3333333333333333,0,0.0,0.0,0.6666666666666666,0.3333333333333333,0.3333333333333333
560,no_strict_e1_improvement,0,,,,,1,0,1,1,1,2,2,4,0,0,-1,current,0,0,0.7253823379675547,0.7253823379675547,6,5,5,5,5,0,0,0,0.5555555555555556,0.3333333333333333,0.3333333333333333,0.3333333333333333,0.6666666666666666,0,0.5555555555555556,0.3333333333333333,0.3333333333333333,0.3333333333333333,0.6666666666666666,0,0.5555555555555556,0.3333333333333333,0.3333333333333333,0.3333333333333333,0.6666666666666666,0,0.5555555555555556,0.3333333333333333,0.3333333333333333,0.3333333333333333,0.6666666666666666
561,no_strict_e1_improvement,0,,,,,1,0,2,2,2,6,6,4,0,0,-1,current,0,0,0.7266001825531324,0.7266001825531324,8,0,0,0,0,0,0,0,0.0,0.5,1.0,0.75,0.75,0,0.0,0.5,1.0,0.75,0.75,0,0.0,0.5,1.0,0.75,0.75,0,0.0,0.5,1.0,0.75,0.75
562,no_strict_e1_improvement,0,,,,,1,0,1,1,1,1,1,4,0,0,-1,current,0,0,0.6625679731369019,0.6625679731369019,9,0,0,0,0,0,0,0,0.0,0.5,0.5,0.5,0.5,0,0.0,0.5,0.5,0.5,0.5,0,0.0,0.5,0.5,0.5,0.5,0,0.0,0.5,0.5,0.5,0.5
563,no_strict_e1_improvement,0,,,,,1,0,1,1,1,1,1,4,0,0,-1,current,0,0,0.6692584057648977,0.6692584057648977,9,0,0,0,0,0,0,0,0.0,0.5,1.0,0.75,0.75,0,0.0,0.5,1.0,0.75,0.75,0,0.0,0.5,1.0,0.75,0.75,0,0.0,0.5,1.0,0.75,0.75
564,no_strict_e1_improvement,0,,,,,1,0,1,1,1,1,1,4,0,0,-1,current,0,0,0.7744653026262919,0.7744653026262919,8,6,6,6,6,0,0,0,0.6666666666666666,0.5,0.8333333333333334,0.6666666666666666,0.6666666666666666,0,0.6666666666666666,0.5,0.8333333333333334,0.6666666666666666,0.6666666666666666,0,0.6666666666666666,0.5,0.8333333333333334,0.6666666666666666,0.6666666666666666,0,0.6666666666666666,0.5,0.8333333333333334,0.6666666666666666,0.6666666666666666
565,small_component,0,,,,,1,0,0,0,0,0,0,4,0,0,-1,current,0,0,0.78094781935215,0.78094781935215,6,4,4,4,4,0,0,0,0.4444444444444444,0.3333333333333333,0.16666666666666666,0.25,0.5,0,0.4444444444444444,0.3333333333333333,0.16666666666666666,0.25,0.5,0,0.4444444444444444,0.3333333333333333,0.16666666666666666,0.25,0.5,0,0.4444444444444444,0.3333333333333333,0.16666666666666666,0.25,0.5
566,small_component,0,,,,,1,0,0,0,0,0,0,4,0,0,-1,current,0,0,0.9564728041489919,0.9564728041489919,4,0,0,0,0,0,0,0,0.0,0.0,0.0,0.0,0.3333333333333333,0,0.0,0.0,0.0,0.0,0.3333333333333333,0,0.0,0.0,0.0,0.0,0.3333333333333333,0,0.0,0.0,0.0,0.0,0.3333333333333333
567,small_component,0,,,,,1,0,0,0,0,0,0,4,0,0,-1,current,0,0,0.7739254832267761,0.7739254832267761,7,3,3,3,3,0,0,0,0.3333333333333333,0.16666666666666666,0.5,0.3333333333333333,0.5,0,0.3333333333333333,0.16666666666666666,0.5,0.3333333333333333,0.5,0,0.3333333333333333,0.16666666666666666,0.5,0.3333333333333333,0.5,0,0.3333333333333333,0.16666666666666666,0.5,0.3333333333333333,0.5
568,max_rounds,0,,,,,1,1,3,2,2,6,6,4,0,0,0,s1a3_greedy,1,0,0.6111178745826086,0.540592739979426,4,3,3,0,0,-3,0,0,0.3333333333333333,0.5,0.6666666666666666,0.5833333333333334,0.5833333333333334,0,0.3333333333333333,0.5,0.6666666666666666,0.5833333333333334,0.5833333333333334,0,0.0,1.0,0.5,0.75,0.75,0,0.0,1.0,0.5,0.75,0.75
569,no_strict_e1_improvement,0,,,,,1,0,1,1,1,1,1,4,0,0,-1,current,0,0,0.7928227335214615,0.7928227335214615,8,0,0,0,0,0,0,0,0.0,0.8333333333333334,0.5,0.6666666666666666,0.6666666666666666,0,0.0,0.8333333333333334,0.5,0.6666666666666666,0.6666666666666666,0,0.0,0.8333333333333334,0.5,0.6666666666666666,0.6666666666666666,0,0.0,0.8333333333333334,0.5,0.6666666666666666,0.6666666666666666
570,max_rounds,0,,,,,1,1,3,2,2,8,8,4,0,0,1,profiled_beam,1,1,0.580633449057738,0.5746052290002505,2,3,3,3,3,0,0,0,0.3333333333333333,1.0,0.0,0.5,0.75,0,0.3333333333333333,1.0,0.0,0.5,0.75,0,0.3333333333333333,1.0,0.0,0.5,0.75,0,0.3333333333333333,0.8333333333333334,0.0,0.4166666666666667,0.4166666666666667
571,no_strict_e1_improvement,0,,,,,1,0,1,1,1,1,1,4,0,0,-1,current,0,0,0.6835510979096094,0.6835510979096094,9,9,9,9,9,0,0,1,1.0,1.0,1.0,1.0,1.0,1,1.0,1.0,1.0,1.0,1.0,1,1.0,1.0,1.0,1.0,1.0,1,1.0,1.0,1.0,1.0,1.0
572,no_strict_e1_improvement,0,,,,,1,0,1,1,1,1,1,4,0,0,-1,current,0,0,0.6180994908014933,0.6180994908014933,10,9,9,9,9,0,0,1,1.0,1.0,1.0,1.0,1.0,1,1.0,1.0,1.0,1.0,1.0,1,1.0,1.0,1.0,1.0,1.0,1,1.0,1.0,1.0,1.0,1.0
573,no_strict_e1_improvement,0,,,,,1,0,5,4,4,15,15,4,0,0,-1,current,0,0,0.7618258918325106,0.7618258918325106,8,1,1,1,1,0,0,0,0.1111111111111111,0.0,0.6666666666666666,0.3333333333333333,0.5833333333333334,0,0.1111111111111111,0.0,0.6666666666666666,0.3333333333333333,0.5833333333333334,0,0.1111111111111111,0.0,0.6666666666666666,0.3333333333333333,0.5833333333333334,0,0.1111111111111111,0.0,0.6666666666666666,0.3333333333333333,0.5833333333333334
574,max_rounds,0,,,,,1,1,2,2,2,8,8,4,-1,0,0,s1a3_greedy,1,0,0.7212877745429674,0.7005809446175894,7,0,0,9,9,9,0,0,0.0,0.6666666666666666,0.5,0.5833333333333334,0.6666666666666666,0,0.0,0.6666666666666666,0.5,0.5833333333333334,0.6666666666666666,1,1.0,1.0,1.0,1.0,1.0,1,1.0,1.0,1.0,1.0,1.0
575,small_component,0,,,,,1,0,0,0,0,0,0,4,0,0,-1,current,0,0,0.7875011612971624,0.7875011612971624,5,5,5,5,5,0,0,0,0.5555555555555556,0.3333333333333333,0.5,0.4166666666666667,0.5,0,0.5555555555555556,0.3333333333333333,0.5,0.4166666666666667,0.5,0,0.5555555555555556,0.3333333333333333,0.5,0.4166666666666667,0.5,0,0.5555555555555556,0.3333333333333333,0.5,0.4166666666666667,0.5
576,max_rounds,0,,,,,1,1,2,2,2,7,7,4,0,-1,0,s1a3_greedy,1,0,0.7403304601709048,0.6861756121118864,8,0,0,9,9,9,0,0,0.0,0.5,1.0,0.75,0.75,0,0.0,0.5,1.0,0.75,0.75,1,1.0,1.0,1.0,1.0,1.0,1,1.0,1.0,1.0,1.0,1.0
577,no_strict_e1_improvement,0,,,,,1,0,1,1,1,1,1,4,0,0,-1,current,0,0,0.643586074312528,0.643586074312528,8,0,0,0,0,0,0,0,0.0,1.0,0.5,0.75,0.75,0,0.0,1.0,0.5,0.75,0.75,0,0.0,1.0,0.5,0.75,0.75,0,0.0,1.0,0.5,0.75,0.75
578,no_strict_e1_improvement,0,,,,,1,0,1,1,1,1,1,4,0,0,-1,current,0,0,0.7020023142298063,0.7020023142298063,10,9,9,9,9,0,0,1,1.0,1.0,1.0,1.0,1.0,1,1.0,1.0,1.0,1.0,1.0,1,1.0,1.0,1.0,1.0,1.0,1,1.0,1.0,1.0,1.0,1.0
579,no_strict_e1_improvement,0,,,,,1,0,1,1,1,1,1,4,0,0,-1,current,0,0,0.6808945660789808,0.6808945660789808,12,0,0,0,0,0,0,0,0.0,0.5,1.0,0.75,0.75,0,0.0,0.5,1.0,0.75,0.75,0,0.0,0.5,1.0,0.75,0.75,0,0.0,0.5,1.0,0.75,0.75
580,no_strict_e1_improvement,0,,,,,1,0,1,1,1,1,1,4,0,0,-1,current,0,0,0.5877865801254908,0.5877865801254908,11,9,9,9,9,0,0,1,1.0,1.0,1.0,1.0,1.0,1,1.0,1.0,1.0,1.0,1.0,1,1.0,1.0,1.0,1.0,1.0,1,1.0,1.0,1.0,1.0,1.0
581,no_strict_e1_improvement,0,,,,,1,0,1,1,1,1,1,4,0,0,-1,current,0,0,0.6871942381064097,0.6871942381064097,10,0,0,0,0,0,0,0,0.0,0.5,1.0,0.75,0.75,0,0.0,0.5,1.0,0.75,0.75,0,0.0,0.5,1.0,0.75,0.75,0,0.0,0.5,1.0,0.75,0.75
582,partial_completed__no_strict_e1_improvement,1,,3,2,2,1,0,1,1,1,1,1,4,0,0,-1,current,1,0,0.6803203970193863,0.6803203970193863,10,0,0,0,0,0,0,0,0.0,0.0,0.6666666666666666,0.3333333333333333,0.3333333333333333,0,0.0,0.5,1.0,0.75,0.75,0,0.0,0.5,1.0,0.75,0.75,0,0.0,0.5,1.0,0.75,0.75
583,max_rounds,0,,,,,1,1,2,2,2,7,7,4,-1,0,0,s1a3_greedy,1,0,0.6580469384789467,0.5336683914065361,5,0,0,9,9,9,0,0,0.0,0.6666666666666666,0.5,0.5833333333333334,0.6666666666666666,0,0.0,0.6666666666666666,0.5,0.5833333333333334,0.6666666666666666,1,1.0,1.0,1.0,1.0,1.0,1,1.0,1.0,1.0,1.0,1.0
584,no_strict_e1_improvement,0,,,,,1,0,2,2,2,6,6,4,0,0,-1,current,0,0,0.6350819990038872,0.6350819990038872,6,0,0,0,0,0,0,0,0.0,0.5,1.0,0.75,0.75,0,0.0,0.5,1.0,0.75,0.75,0,0.0,0.5,1.0,0.75,0.75,0,0.0,0.5,1.0,0.75,0.75
585,no_strict_e1_improvement,0,,,,,1,0,1,1,1,1,1,4,0,0,-1,current,0,0,0.623789593577385,0.623789593577385,10,0,0,0,0,0,0,0,0.0,1.0,0.5,0.75,0.75,0,0.0,1.0,0.5,0.75,0.75,0,0.0,1.0,0.5,0.75,0.75,0,0.0,1.0,0.5,0.75,0.75
586,no_strict_e1_improvement,0,,,,,1,0,2,2,2,6,6,4,0,0,-1,current,0,0,0.6911162038644155,0.6911162038644155,9,9,9,9,9,0,0,1,1.0,1.0,1.0,1.0,1.0,1,1.0,1.0,1.0,1.0,1.0,1,1.0,1.0,1.0,1.0,1.0,1,1.0,1.0,1.0,1.0,1.0
587,max_rounds,0,,,,,1,1,3,2,2,8,8,4,0,-1,1,profiled_beam,1,1,0.5554170285662016,0.5358491664131483,4,0,0,0,1,1,1,0,0.0,0.16666666666666666,0.3333333333333333,0.25,0.5833333333333334,0,0.0,0.16666666666666666,0.3333333333333333,0.25,0.5833333333333334,0,0.0,0.3333333333333333,0.5,0.4166666666666667,0.5,0,0.1111111111111111,0.0,0.5,0.25,0.3333333333333333
588,max_rounds,0,,,,,1,1,2,2,2,5,5,4,0,-1,0,s1a3_greedy,1,0,0.6118804936607679,0.5821414887905121,7,0,0,0,0,0,0,0,0.0,0.5,0.8333333333333334,0.6666666666666666,0.6666666666666666,0,0.0,0.5,0.8333333333333334,0.6666666666666666,0.6666666666666666,0,0.0,0.5,0.6666666666666666,0.5833333333333334,0.5833333333333334,0,0.0,0.5,0.6666666666666666,0.5833333333333334,0.5833333333333334
589,max_rounds,0,,,,,1,1,5,4,4,14,14,4,-1,-1,0,s1a3_greedy,1,0,0.8053598552942276,0.7359300628304482,6,0,0,0,0,0,0,0,0.0,0.16666666666666666,0.5,0.3333333333333333,0.5,0,0.0,0.16666666666666666,0.5,0.3333333333333333,0.5,0,0.0,0.5,0.3333333333333333,0.4166666666666667,0.5,0,0.0,0.5,0.3333333333333333,0.4166666666666667,0.5
590,no_strict_e1_improvement,0,,,,,1,0,1,1,1,1,1,4,0,0,-1,current,0,0,0.6453248932957649,0.6453248932957649,11,0,0,0,0,0,0,0,0.0,0.5,1.0,0.75,0.75,0,0.0,0.5,1.0,0.75,0.75,0,0.0,0.5,1.0,0.75,0.75,0,0.0,0.5,1.0,0.75,0.75
591,small_component,0,,,,,1,0,0,0,0,0,0,4,0,0,-1,current,0,0,0.8973833248019218,0.8973833248019218,5,1,1,1,1,0,0,0,0.1111111111111111,0.16666666666666666,0.16666666666666666,0.16666666666666666,0.3333333333333333,0,0.1111111111111111,0.16666666666666666,0.16666666666666666,0.16666666666666666,0.3333333333333333,0,0.1111111111111111,0.16666666666666666,0.16666666666666666,0.16666666666666666,0.3333333333333333,0,0.1111111111111111,0.16666666666666666,0.16666666666666666,0.16666666666666666,0.3333333333333333
592,no_strict_e1_improvement,0,,,,,1,0,1,1,1,1,1,4,0,0,-1,current,0,0,0.7818548232316971,0.7818548232316971,6,0,0,0,0,0,0,0,0.0,0.3333333333333333,0.16666666666666666,0.25,0.25,0,0.0,0.3333333333333333,0.16666666666666666,0.25,0.25,0,0.0,0.3333333333333333,0.16666666666666666,0.25,0.25,0,0.0,0.3333333333333333,0.16666666666666666,0.25,0.25
593,small_component,0,,,,,1,0,0,0,0,0,0,4,0,0,-1,current,0,0,0.6932550370693207,0.6932550370693207,7,9,9,9,9,0,0,1,1.0,1.0,1.0,1.0,1.0,1,1.0,1.0,1.0,1.0,1.0,1,1.0,1.0,1.0,1.0,1.0,1,1.0,1.0,1.0,1.0,1.0
594,no_strict_e1_improvement,0,,,,,1,0,1,1,1,1,1,4,0,0,-1,current,0,0,0.6358097394307455,0.6358097394307455,9,0,0,0,0,0,0,0,0.0,0.5,1.0,0.75,0.75,0,0.0,0.5,1.0,0.75,0.75,0,0.0,0.5,1.0,0.75,0.75,0,0.0,0.5,1.0,0.75,0.75
595,partial_completed__max_rounds,1,,3,2,4,1,1,5,4,4,15,15,4,1,0,0,s1a3_greedy,1,0,0.8108614087104797,0.7176878154277802,8,4,4,3,3,-1,0,0,0.4444444444444444,0.5,0.16666666666666666,0.3333333333333333,0.3333333333333333,0,0.4444444444444444,0.6666666666666666,0.16666666666666666,0.4166666666666667,0.5,0,0.3333333333333333,1.0,0.0,0.5,0.75,0,0.3333333333333333,1.0,0.0,0.5,0.75
596,no_strict_e1_improvement,0,,,,,1,0,1,1,1,1,1,4,0,0,-1,current,0,0,0.6915537416934967,0.6915537416934967,8,9,9,9,9,0,0,1,1.0,1.0,1.0,1.0,1.0,1,1.0,1.0,1.0,1.0,1.0,1,1.0,1.0,1.0,1.0,1.0,1,1.0,1.0,1.0,1.0,1.0
597,no_strict_e1_improvement,0,,,,,1,0,1,1,1,1,1,4,0,0,-1,current,0,0,0.7795173227787018,0.7795173227787018,7,0,0,0,0,0,0,0,0.0,0.5,1.0,0.75,0.75,0,0.0,0.5,1.0,0.75,0.75,0,0.0,0.5,1.0,0.75,0.75,0,0.0,0.5,1.0,0.75,0.75
598,max_rounds,0,,,,,1,1,2,2,2,6,6,4,0,-1,1,profiled_beam,1,1,0.7945953086018562,0.7482117389639219,8,9,9,0,0,-9,0,1,1.0,1.0,1.0,1.0,1.0,1,1.0,1.0,1.0,1.0,1.0,0,0.0,0.5,0.8333333333333334,0.6666666666666666,0.6666666666666666,0,0.0,0.5,1.0,0.75,0.75
599,no_strict_e1_improvement,0,,,,,1,0,1,1,1,1,1,4,0,0,-1,current,0,0,0.718270905315876,0.718270905315876,9,9,9,9,9,0,0,1,1.0,1.0,1.0,1.0,1.0,1,1.0,1.0,1.0,1.0,1.0,1,1.0,1.0,1.0,1.0,1.0,1,1.0,1.0,1.0,1.0,1.0
600,no_strict_e1_improvement,0,,,,,1,0,1,1,1,1,1,4,0,0,-1,current,0,0,0.5758613000313441,0.5758613000313441,9,0,0,0,0,0,0,0,0.0,0.5,0.8333333333333334,0.6666666666666666,0.6666666666666666,0,0.0,0.5,0.8333333333333334,0.6666666666666666,0.6666666666666666,0,0.0,0.5,0.8333333333333334,0.6666666666666666,0.6666666666666666,0,0.0,0.5,0.8333333333333334,0.6666666666666666,0.6666666666666666
601,no_strict_e1_improvement,0,,,,,1,0,1,1,1,1,1,4,0,0,-1,current,0,0,0.5500959505637487,0.5500959505637487,10,9,9,9,9,0,0,1,1.0,1.0,1.0,1.0,1.0,1,1.0,1.0,1.0,1.0,1.0,1,1.0,1.0,1.0,1.0,1.0,1,1.0,1.0,1.0,1.0,1.0
602,small_component,0,,,,,1,0,0,0,0,0,0,4,0,0,-1,current,0,0,0.7294995014866194,0.7294995014866194,8,4,4,4,4,0,0,0,0.4444444444444444,0.5,0.16666666666666666,0.3333333333333333,0.5,0,0.4444444444444444,0.5,0.16666666666666666,0.3333333333333333,0.5,0,0.4444444444444444,0.5,0.16666666666666666,0.3333333333333333,0.5,0,0.4444444444444444,0.5,0.16666666666666666,0.3333333333333333,0.5
603,no_strict_e1_improvement,0,,,,,1,0,1,1,1,1,1,4,0,0,-1,current,0,0,0.717572309076786,0.717572309076786,8,0,0,0,0,0,0,0,0.0,0.5,1.0,0.75,0.75,0,0.0,0.5,1.0,0.75,0.75,0,0.0,0.5,1.0,0.75,0.75,0,0.0,0.5,1.0,0.75,0.75
604,max_rounds,0,,,,,1,1,5,4,4,11,11,4,-1,0,1,profiled_beam,1,1,0.6904132713874181,0.5713575556874275,5,0,0,0,0,0,0,0,0.0,0.0,0.6666666666666666,0.3333333333333333,0.4166666666666667,0,0.0,0.0,0.6666666666666666,0.3333333333333333,0.4166666666666667,0,0.0,0.0,0.6666666666666666,0.3333333333333333,0.3333333333333333,0,0.0,0.5,0.8333333333333334,0.6666666666666666,0.6666666666666666
605,max_rounds,0,,,,,1,1,5,4,4,14,14,4,1,0,0,s1a3_greedy,1,0,0.7433526565631231,0.7275176296631495,7,1,1,0,0,-1,0,0,0.1111111111111111,0.3333333333333333,0.6666666666666666,0.5,0.5833333333333334,0,0.1111111111111111,0.3333333333333333,0.6666666666666666,0.5,0.5833333333333334,0,0.0,0.5,0.16666666666666666,0.3333333333333333,0.4166666666666667,0,0.0,0.5,0.16666666666666666,0.3333333333333333,0.4166666666666667
606,small_component,0,,,,,1,0,0,0,0,0,0,4,0,0,-1,current,0,0,0.88923808435599,0.88923808435599,5,2,2,2,2,0,0,0,0.2222222222222222,0.16666666666666666,0.3333333333333333,0.25,0.4166666666666667,0,0.2222222222222222,0.16666666666666666,0.3333333333333333,0.25,0.4166666666666667,0,0.2222222222222222,0.16666666666666666,0.3333333333333333,0.25,0.4166666666666667,0,0.2222222222222222,0.16666666666666666,0.3333333333333333,0.25,0.4166666666666667
607,no_strict_e1_improvement,0,,,,,1,0,1,1,1,1,1,4,0,0,-1,current,0,0,0.5920903484026591,0.5920903484026591,9,0,0,0,0,0,0,0,0.0,0.5,1.0,0.75,0.75,0,0.0,0.5,1.0,0.75,0.75,0,0.0,0.5,1.0,0.75,0.75,0,0.0,0.5,1.0,0.75,0.75
608,max_rounds,0,,,,,1,1,2,2,2,6,6,4,-1,0,0,s1a3_greedy,1,0,0.6169472287098566,0.5581982433795929,8,0,0,9,9,9,0,0,0.0,1.0,0.5,0.75,0.75,0,0.0,1.0,0.5,0.75,0.75,1,1.0,1.0,1.0,1.0,1.0,1,1.0,1.0,1.0,1.0,1.0
609,no_strict_e1_improvement,0,,,,,1,0,1,1,1,1,1,4,0,0,-1,current,0,0,0.5370104064544042,0.5370104064544042,10,0,0,0,0,0,0,0,0.0,0.5,1.0,0.75,0.75,0,0.0,0.5,1.0,0.75,0.75,0,0.0,0.5,1.0,0.75,0.75,0,0.0,0.5,1.0,0.75,0.75
610,no_strict_e1_improvement,0,,,,,1,0,1,1,1,1,1,4,0,0,-1,current,0,0,0.572917714715004,0.572917714715004,7,0,0,0,0,0,0,0,0.0,0.6666666666666666,0.5,0.5833333333333334,0.5833333333333334,0,0.0,0.6666666666666666,0.5,0.5833333333333334,0.5833333333333334,0,0.0,0.6666666666666666,0.5,0.5833333333333334,0.5833333333333334,0,0.0,0.6666666666666666,0.5,0.5833333333333334,0.5833333333333334
611,max_rounds,0,,,,,1,1,3,2,2,6,6,4,0,0,0,s1a3_greedy,1,0,0.8361261313160261,0.7421369776129723,6,7,7,9,9,2,0,0,0.7777777777777778,0.6666666666666666,0.6666666666666666,0.6666666666666666,0.8333333333333334,0,0.7777777777777778,0.6666666666666666,0.6666666666666666,0.6666666666666666,0.8333333333333334,1,1.0,1.0,1.0,1.0,1.0,1,1.0,1.0,1.0,1.0,1.0
612,no_strict_e1_improvement,0,,,,,1,0,1,1,1,1,1,4,0,0,-1,current,0,0,0.5729766090710958,0.5729766090710958,10,9,9,9,9,0,0,1,1.0,1.0,1.0,1.0,1.0,1,1.0,1.0,1.0,1.0,1.0,1,1.0,1.0,1.0,1.0,1.0,1,1.0,1.0,1.0,1.0,1.0
613,no_strict_e1_improvement,0,,,,,1,0,1,1,1,1,1,4,0,0,-1,current,0,0,0.5860003630320231,0.5860003630320231,10,0,0,0,0,0,0,0,0.0,1.0,0.5,0.75,0.75,0,0.0,1.0,0.5,0.75,0.75,0,0.0,1.0,0.5,0.75,0.75,0,0.0,1.0,0.5,0.75,0.75
614,no_strict_e1_improvement,0,,,,,1,0,1,1,1,1,1,4,0,0,-1,current,0,0,0.6185673152407011,0.6185673152407011,7,0,0,0,0,0,0,0,0.0,0.6666666666666666,0.5,0.5833333333333334,0.75,0,0.0,0.6666666666666666,0.5,0.5833333333333334,0.75,0,0.0,0.6666666666666666,0.5,0.5833333333333334,0.75,0,0.0,0.6666666666666666,0.5,0.5833333333333334,0.75
615,max_rounds,0,,,,,1,1,5,4,4,13,13,4,1,1,0,s1a3_greedy,1,0,0.5635390902558962,0.531341257194678,3,3,3,0,0,-3,0,0,0.3333333333333333,0.0,1.0,0.5,0.75,0,0.3333333333333333,0.0,1.0,0.5,0.75,0,0.0,0.16666666666666666,0.5,0.3333333333333333,0.5,0,0.0,0.16666666666666666,0.5,0.3333333333333333,0.5
616,partial_completed__no_strict_e1_improvement,1,,3,2,3,1,0,1,1,1,1,1,4,0,0,-1,current,1,0,0.5991296023130417,0.5991296023130417,6,0,7,7,7,7,0,0,0.0,0.5,0.6666666666666666,0.5833333333333334,0.5833333333333334,0,0.7777777777777778,0.6666666666666666,0.6666666666666666,0.6666666666666666,0.8333333333333334,0,0.7777777777777778,0.6666666666666666,0.6666666666666666,0.6666666666666666,0.8333333333333334,0,0.7777777777777778,0.6666666666666666,0.6666666666666666,0.6666666666666666,0.8333333333333334
617,max_rounds,0,,,,,1,1,3,2,2,7,7,4,0,0,1,profiled_beam,1,1,0.6517475048700968,0.6275237500667572,6,1,1,1,1,0,0,0,0.1111111111111111,0.16666666666666666,0.0,0.08333333333333333,0.3333333333333333,0,0.1111111111111111,0.16666666666666666,0.0,0.08333333333333333,0.3333333333333333,0,0.1111111111111111,0.3333333333333333,0.0,0.16666666666666666,0.4166666666666667,0,0.1111111111111111,0.3333333333333333,0.0,0.16666666666666666,0.4166666666666667
618,no_strict_e1_improvement,0,,,,,1,0,1,1,1,1,1,4,0,0,-1,current,0,0,0.7625351796547571,0.7625351796547571,9,9,9,9,9,0,0,1,1.0,1.0,1.0,1.0,1.0,1,1.0,1.0,1.0,1.0,1.0,1,1.0,1.0,1.0,1.0,1.0,1,1.0,1.0,1.0,1.0,1.0
619,max_rounds,0,,,,,1,1,2,2,2,6,6,4,0,-1,0,s1a3_greedy,1,0,0.6734176824490229,0.6341061318914095,7,0,0,0,0,0,0,0,0.0,0.6666666666666666,0.5,0.5833333333333334,0.6666666666666666,0,0.0,0.6666666666666666,0.5,0.5833333333333334,0.6666666666666666,0,0.0,0.3333333333333333,0.5,0.4166666666666667,0.5,0,0.0,0.3333333333333333,0.5,0.4166666666666667,0.5
620,no_strict_e1_improvement,0,,,,,1,0,1,1,1,1,1,4,0,0,-1,current,0,0,0.619868092238903,0.619868092238903,7,0,0,0,0,0,0,0,0.0,0.5,0.8333333333333334,0.6666666666666666,0.6666666666666666,0,0.0,0.5,0.8333333333333334,0.6666666666666666,0.6666666666666666,0,0.0,0.5,0.8333333333333334,0.6666666666666666,0.6666666666666666,0,0.0,0.5,0.8333333333333334,0.6666666666666666,0.6666666666666666
621,max_rounds,0,,,,,1,1,5,4,4,12,12,4,1,0,0,s1a3_greedy,1,0,0.7546377753218015,0.6327830577890078,7,0,0,7,7,7,0,0,0.0,0.5,0.5,0.5,0.5,0,0.0,0.5,0.5,0.5,0.5,0,0.7777777777777778,0.6666666666666666,0.6666666666666666,0.6666666666666666,0.75,0,0.7777777777777778,0.6666666666666666,0.6666666666666666,0.6666666666666666,0.75
622,max_rounds,0,,,,,1,1,5,4,4,15,15,4,0,1,0,s1a3_greedy,1,0,0.7797519117593765,0.6952985922495524,7,0,0,9,9,9,0,0,0.0,0.5,1.0,0.75,0.75,0,0.0,0.5,1.0,0.75,0.75,1,1.0,1.0,1.0,1.0,1.0,1,1.0,1.0,1.0,1.0,1.0
623,max_rounds,0,,,,,1,1,5,4,4,15,15,4,0,-1,1,profiled_beam,1,1,0.7670300627748171,0.7059396107991537,6,0,0,0,0,0,0,0,0.0,0.16666666666666666,0.6666666666666666,0.4166666666666667,0.4166666666666667,0,0.0,0.16666666666666666,0.6666666666666666,0.4166666666666667,0.4166666666666667,0,0.0,0.16666666666666666,0.6666666666666666,0.4166666666666667,0.5,0,0.0,0.5,1.0,0.75,0.75
624,partial_completed__no_strict_e1_improvement,1,,3,2,3,1,0,1,1,1,1,1,4,0,0,-1,current,1,0,0.7774891207615534,0.7774891207615534,8,0,9,9,9,9,0,0,0.0,0.5,0.6666666666666666,0.5833333333333334,0.5833333333333334,1,1.0,1.0,1.0,1.0,1.0,1,1.0,1.0,1.0,1.0,1.0,1,1.0,1.0,1.0,1.0,1.0
625,no_strict_e1_improvement,0,,,,,1,0,1,1,1,1,1,4,0,0,-1,current,0,0,0.6725528463721275,0.6725528463721275,9,9,9,9,9,0,0,1,1.0,1.0,1.0,1.0,1.0,1,1.0,1.0,1.0,1.0,1.0,1,1.0,1.0,1.0,1.0,1.0,1,1.0,1.0,1.0,1.0,1.0
626,partial_completed__small_component,1,,3,2,4,1,0,0,0,0,0,0,4,0,0,-1,current,1,0,0.8382555345694224,0.8382555345694224,6,0,0,0,0,0,0,0,0.0,0.0,0.3333333333333333,0.16666666666666666,0.16666666666666666,0,0.0,0.0,0.3333333333333333,0.16666666666666666,0.25,0,0.0,0.0,0.3333333333333333,0.16666666666666666,0.25,0,0.0,0.0,0.3333333333333333,0.16666666666666666,0.25
627,max_rounds,0,,,,,1,1,3,2,2,7,7,4,0,1,0,s1a3_greedy,1,0,0.831369069715341,0.682614433268706,10,0,0,0,0,0,0,0,0.0,0.5,0.6666666666666666,0.5833333333333334,0.5833333333333334,0,0.0,0.5,0.6666666666666666,0.5833333333333334,0.5833333333333334,0,0.0,1.0,0.5,0.75,0.75,0,0.0,1.0,0.5,0.75,0.75
628,max_rounds,0,,,,,1,1,2,2,2,7,7,4,0,1,1,profiled_beam,1,1,0.6954094469547272,0.6730913619200388,8,9,9,9,0,-9,-9,1,1.0,1.0,1.0,1.0,1.0,1,1.0,1.0,1.0,1.0,1.0,1,1.0,1.0,1.0,1.0,1.0,0,0.0,0.5,1.0,0.75,0.75
629,max_rounds,0,,,,,1,1,5,4,4,14,14,4,0,1,0,s1a3_greedy,1,0,0.91473588347435,0.797142451008161,6,1,1,9,9,8,0,0,0.1111111111111111,0.3333333333333333,0.6666666666666666,0.5,0.5833333333333334,0,0.1111111111111111,0.3333333333333333,0.6666666666666666,0.5,0.5833333333333334,1,1.0,1.0,1.0,1.0,1.0,1,1.0,1.0,1.0,1.0,1.0
630,max_rounds,0,,,,,1,1,5,4,4,14,14,4,0,1,0,s1a3_greedy,1,0,0.5279397269090017,0.4015524412194888,4,0,0,0,0,0,0,0,0.0,0.16666666666666666,0.0,0.08333333333333333,0.25,0,0.0,0.16666666666666666,0.0,0.08333333333333333,0.25,0,0.0,0.5,0.5,0.5,0.5,0,0.0,0.5,0.5,0.5,0.5
631,small_component,0,,,,,1,0,0,0,0,0,0,4,0,0,-1,current,0,0,0.7024307685593764,0.7024307685593764,7,0,0,0,0,0,0,0,0.0,0.5,0.5,0.5,0.5,0,0.0,0.5,0.5,0.5,0.5,0,0.0,0.5,0.5,0.5,0.5,0,0.0,0.5,0.5,0.5,0.5
632,no_strict_e1_improvement,0,,,,,1,0,1,1,1,1,1,4,0,0,-1,current,0,0,0.6170249034961065,0.6170249034961065,10,0,0,0,0,0,0,0,0.0,0.5,0.5,0.5,0.5,0,0.0,0.5,0.5,0.5,0.5,0,0.0,0.5,0.5,0.5,0.5,0,0.0,0.5,0.5,0.5,0.5
633,no_strict_e1_improvement,0,,,,,1,0,1,1,1,1,1,4,0,0,-1,current,0,0,0.604195865492026,0.604195865492026,9,0,0,0,0,0,0,0,0.0,0.5,0.5,0.5,0.5,0,0.0,0.5,0.5,0.5,0.5,0,0.0,0.5,0.5,0.5,0.5,0,0.0,0.5,0.5,0.5,0.5
634,small_component,0,,,,,1,0,0,0,0,0,0,4,0,0,-1,current,0,0,0.7833512425422668,0.7833512425422668,6,0,0,0,0,0,0,0,0.0,0.16666666666666666,0.3333333333333333,0.25,0.4166666666666667,0,0.0,0.16666666666666666,0.3333333333333333,0.25,0.4166666666666667,0,0.0,0.16666666666666666,0.3333333333333333,0.25,0.4166666666666667,0,0.0,0.16666666666666666,0.3333333333333333,0.25,0.4166666666666667
635,no_strict_e1_improvement,0,,,,,1,0,1,1,1,1,1,4,0,0,-1,current,0,0,0.6273716042439142,0.6273716042439142,9,1,1,1,1,0,0,0,0.1111111111111111,0.3333333333333333,0.6666666666666666,0.5,0.5833333333333334,0,0.1111111111111111,0.3333333333333333,0.6666666666666666,0.5,0.5833333333333334,0,0.1111111111111111,0.3333333333333333,0.6666666666666666,0.5,0.5833333333333334,0,0.1111111111111111,0.3333333333333333,0.6666666666666666,0.5,0.5833333333333334
636,max_rounds,0,,,,,1,1,3,2,2,8,8,4,0,0,0,s1a3_greedy,1,0,0.5790724754333496,0.5647338355580965,6,6,6,7,7,1,0,0,0.6666666666666666,0.8333333333333334,0.5,0.6666666666666666,0.6666666666666666,0,0.6666666666666666,0.8333333333333334,0.5,0.6666666666666666,0.6666666666666666,0,0.7777777777777778,0.6666666666666666,0.6666666666666666,0.6666666666666666,0.75,0,0.7777777777777778,0.6666666666666666,0.6666666666666666,0.6666666666666666,0.75
637,no_strict_e1_improvement,0,,,,,1,0,1,1,1,1,1,4,0,0,-1,current,0,0,0.6727312927444776,0.6727312927444776,6,0,0,0,0,0,0,0,0.0,0.5,0.3333333333333333,0.4166666666666667,0.5,0,0.0,0.5,0.3333333333333333,0.4166666666666667,0.5,0,0.0,0.5,0.3333333333333333,0.4166666666666667,0.5,0,0.0,0.5,0.3333333333333333,0.4166666666666667,0.5
638,no_strict_e1_improvement,0,,,,,1,0,1,1,1,1,1,4,0,0,-1,current,0,0,0.7341125855843226,0.7341125855843226,11,9,9,9,9,0,0,1,1.0,1.0,1.0,1.0,1.0,1,1.0,1.0,1.0,1.0,1.0,1,1.0,1.0,1.0,1.0,1.0,1,1.0,1.0,1.0,1.0,1.0
639,small_component,0,,,,,1,0,0,0,0,0,0,4,0,0,-1,current,0,0,0.8380722726384798,0.8380722726384798,7,3,3,3,3,0,0,0,0.3333333333333333,0.0,1.0,0.5,0.75,0,0.3333333333333333,0.0,1.0,0.5,0.75,0,0.3333333333333333,0.0,1.0,0.5,0.75,0,0.3333333333333333,0.0,1.0,0.5,0.75
640,max_rounds,0,,,,,1,1,5,4,4,14,14,4,0,-1,1,profiled_beam,1,1,0.8310496906439463,0.6635423799355825,4,2,2,1,7,5,6,0,0.2222222222222222,0.5,0.3333333333333333,0.4166666666666667,0.5,0,0.2222222222222222,0.5,0.3333333333333333,0.4166666666666667,0.5,0,0.1111111111111111,0.3333333333333333,0.6666666666666666,0.5,0.5833333333333334,0,0.7777777777777778,0.6666666666666666,0.6666666666666666,0.6666666666666666,0.75
641,no_strict_e1_improvement,0,,,,,1,0,1,1,1,1,1,4,0,0,-1,current,0,0,0.6261703843871752,0.6261703843871752,8,9,9,9,9,0,0,1,1.0,1.0,1.0,1.0,1.0,1,1.0,1.0,1.0,1.0,1.0,1,1.0,1.0,1.0,1.0,1.0,1,1.0,1.0,1.0,1.0,1.0
642,no_strict_e1_improvement,0,,,,,1,0,1,1,1,1,1,4,0,0,-1,current,0,0,0.605125459531943,0.605125459531943,12,9,9,9,9,0,0,1,1.0,1.0,1.0,1.0,1.0,1,1.0,1.0,1.0,1.0,1.0,1,1.0,1.0,1.0,1.0,1.0,1,1.0,1.0,1.0,1.0,1.0
643,no_strict_e1_improvement,0,,,,,1,0,1,1,1,1,1,4,0,0,-1,current,0,0,0.6219996263583502,0.6219996263583502,9,9,9,9,9,0,0,1,1.0,1.0,1.0,1.0,1.0,1,1.0,1.0,1.0,1.0,1.0,1,1.0,1.0,1.0,1.0,1.0,1,1.0,1.0,1.0,1.0,1.0
644,max_rounds,0,,,,,1,1,3,2,2,6,6,4,0,0,1,profiled_beam,1,1,0.8023283903797468,0.7998683427770933,7,1,1,1,0,-1,-1,0,0.1111111111111111,0.0,0.5,0.25,0.3333333333333333,0,0.1111111111111111,0.0,0.5,0.25,0.3333333333333333,0,0.1111111111111111,0.0,0.5,0.25,0.3333333333333333,0,0.0,0.0,0.8333333333333334,0.4166666666666667,0.4166666666666667
645,max_rounds,0,,,,,1,1,2,2,2,7,7,4,0,-1,0,s1a3_greedy,1,0,0.6246705005566279,0.518413652976354,8,0,0,9,9,9,0,0,0.0,0.5,1.0,0.75,0.75,0,0.0,0.5,1.0,0.75,0.75,1,1.0,1.0,1.0,1.0,1.0,1,1.0,1.0,1.0,1.0,1.0
646,no_strict_e1_improvement,0,,,,,1,0,2,2,2,8,8,4,0,0,-1,current,0,0,0.6493587965766588,0.6493587965766588,7,0,0,0,0,0,0,0,0.0,1.0,0.5,0.75,0.75,0,0.0,1.0,0.5,0.75,0.75,0,0.0,1.0,0.5,0.75,0.75,0,0.0,1.0,0.5,0.75,0.75
647,max_rounds,0,,,,,1,1,5,4,4,13,13,4,-1,1,1,profiled_beam,1,1,0.7051953275998434,0.6964933027823766,5,0,0,0,0,0,0,0,0.0,0.0,0.5,0.25,0.25,0,0.0,0.0,0.5,0.25,0.25,0,0.0,0.0,0.8333333333333334,0.4166666666666667,0.4166666666666667,0,0.0,0.5,0.8333333333333334,0.6666666666666666,0.6666666666666666
648,partial_completed__max_rounds,1,,3,2,4,1,1,3,2,2,7,7,4,0,0,1,profiled_beam,1,1,0.5985653201738993,0.589866208533446,8,0,0,0,3,3,3,0,0.0,0.3333333333333333,0.5,0.4166666666666667,0.4166666666666667,0,0.0,0.5,1.0,0.75,0.75,0,0.0,0.5,1.0,0.75,0.75,0,0.3333333333333333,0.6666666666666666,0.5,0.5833333333333334,0.5833333333333334
649,no_strict_e1_improvement,0,,,,,1,0,1,1,1,1,1,4,0,0,-1,current,0,0,0.7477980057398478,0.7477980057398478,11,9,9,9,9,0,0,1,1.0,1.0,1.0,1.0,1.0,1,1.0,1.0,1.0,1.0,1.0,1,1.0,1.0,1.0,1.0,1.0,1,1.0,1.0,1.0,1.0,1.0
650,no_strict_e1_improvement,0,,,,,1,0,1,1,1,1,1,4,0,0,-1,current,0,0,0.5364954123894373,0.5364954123894373,9,9,9,9,9,0,0,1,1.0,1.0,1.0,1.0,1.0,1,1.0,1.0,1.0,1.0,1.0,1,1.0,1.0,1.0,1.0,1.0,1,1.0,1.0,1.0,1.0,1.0
651,max_rounds,0,,,,,1,1,4,4,4,15,15,4,0,-1,1,profiled_beam,1,1,0.34879336754481,0.3474388246734937,5,0,0,0,0,0,0,0,0.0,0.3333333333333333,0.16666666666666666,0.25,0.4166666666666667,0,0.0,0.3333333333333333,0.16666666666666666,0.25,0.4166666666666667,0,0.0,0.3333333333333333,0.16666666666666666,0.25,0.4166666666666667,0,0.0,0.3333333333333333,0.0,0.16666666666666666,0.4166666666666667
652,no_strict_e1_improvement,0,,,,,1,0,1,1,1,1,1,4,0,0,-1,current,0,0,0.6056271890799204,0.6056271890799204,9,0,0,0,0,0,0,0,0.0,0.5,1.0,0.75,0.75,0,0.0,0.5,1.0,0.75,0.75,0,0.0,0.5,1.0,0.75,0.75,0,0.0,0.5,1.0,0.75,0.75
653,small_component,0,,,,,1,0,0,0,0,0,0,4,0,0,-1,current,0,0,0.6006156752506892,0.6006156752506892,9,4,4,4,4,0,0,0,0.4444444444444444,0.5,0.3333333333333333,0.4166666666666667,0.5,0,0.4444444444444444,0.5,0.3333333333333333,0.4166666666666667,0.5,0,0.4444444444444444,0.5,0.3333333333333333,0.4166666666666667,0.5,0,0.4444444444444444,0.5,0.3333333333333333,0.4166666666666667,0.5
654,no_strict_e1_improvement,0,,,,,1,0,1,1,1,1,1,4,0,0,-1,current,0,0,0.6604087427258492,0.6604087427258492,11,0,0,0,0,0,0,0,0.0,0.5,1.0,0.75,0.75,0,0.0,0.5,1.0,0.75,0.75,0,0.0,0.5,1.0,0.75,0.75,0,0.0,0.5,1.0,0.75,0.75
655,small_component,0,,,,,1,0,0,0,0,0,0,4,0,0,-1,current,0,0,0.8838046416640282,0.8838046416640282,4,0,0,0,0,0,0,0,0.0,0.5,0.5,0.5,0.5,0,0.0,0.5,0.5,0.5,0.5,0,0.0,0.5,0.5,0.5,0.5,0,0.0,0.5,0.5,0.5,0.5
656,no_strict_e1_improvement,0,,,,,1,0,1,1,1,1,1,4,0,0,-1,current,0,0,0.605382447441419,0.605382447441419,9,0,0,0,0,0,0,0,0.0,1.0,0.5,0.75,0.75,0,0.0,1.0,0.5,0.75,0.75,0,0.0,1.0,0.5,0.75,0.75,0,0.0,1.0,0.5,0.75,0.75
657,no_strict_e1_improvement,0,,,,,1,0,1,1,1,1,1,4,0,0,-1,current,0,0,0.7464508190751076,0.7464508190751076,10,0,0,0,0,0,0,0,0.0,0.5,1.0,0.75,0.75,0,0.0,0.5,1.0,0.75,0.75,0,0.0,0.5,1.0,0.75,0.75,0,0.0,0.5,1.0,0.75,0.75
658,max_rounds,0,,,,,1,1,3,2,2,8,8,4,0,0,1,profiled_beam,1,1,0.7723277260859808,0.7212001259128252,5,0,0,0,0,0,0,0,0.0,0.6666666666666666,0.16666666666666666,0.4166666666666667,0.5,0,0.0,0.6666666666666666,0.16666666666666666,0.4166666666666667,0.5,0,0.0,0.8333333333333334,0.0,0.4166666666666667,0.4166666666666667,0,0.0,1.0,0.5,0.75,0.75
659,no_strict_e1_improvement,0,,,,,1,0,1,1,1,1,1,4,0,0,-1,current,0,0,0.6408995489279429,0.6408995489279429,9,0,0,0,0,0,0,0,0.0,0.5,0.8333333333333334,0.6666666666666666,0.6666666666666666,0,0.0,0.5,0.8333333333333334,0.6666666666666666,0.6666666666666666,0,0.0,0.5,0.8333333333333334,0.6666666666666666,0.6666666666666666,0,0.0,0.5,0.8333333333333334,0.6666666666666666,0.6666666666666666
660,max_rounds,0,,,,,1,1,2,2,2,6,6,4,0,-1,0,s1a3_greedy,1,0,0.709209663172563,0.6769228304425875,7,0,0,0,0,0,0,0,0.0,0.5,1.0,0.75,0.75,0,0.0,0.5,1.0,0.75,0.75,0,0.0,0.5,1.0,0.75,0.75,0,0.0,0.5,1.0,0.75,0.75
661,no_strict_e1_improvement,0,,,,,1,0,1,1,1,1,1,4,0,0,-1,current,0,0,0.5341663410266241,0.5341663410266241,7,9,9,9,9,0,0,1,1.0,1.0,1.0,1.0,1.0,1,1.0,1.0,1.0,1.0,1.0,1,1.0,1.0,1.0,1.0,1.0,1,1.0,1.0,1.0,1.0,1.0
662,no_strict_e1_improvement,0,,,,,1,0,1,1,1,1,1,4,0,0,-1,current,0,0,0.6922817279895147,0.6922817279895147,10,0,0,0,0,0,0,0,0.0,0.8333333333333334,0.5,0.6666666666666666,0.6666666666666666,0,0.0,0.8333333333333334,0.5,0.6666666666666666,0.6666666666666666,0,0.0,0.8333333333333334,0.5,0.6666666666666666,0.6666666666666666,0,0.0,0.8333333333333334,0.5,0.6666666666666666,0.6666666666666666
663,no_strict_e1_improvement,0,,,,,1,0,2,2,2,6,6,4,0,0,-1,current,0,0,0.6862637052933375,0.6862637052933375,9,9,9,9,9,0,0,1,1.0,1.0,1.0,1.0,1.0,1,1.0,1.0,1.0,1.0,1.0,1,1.0,1.0,1.0,1.0,1.0,1,1.0,1.0,1.0,1.0,1.0
664,small_component,0,,,,,1,0,0,0,0,0,0,4,0,0,-1,current,0,0,0.7815216804544131,0.7815216804544131,2,0,0,0,0,0,0,0,0.0,0.8333333333333334,0.0,0.4166666666666667,0.4166666666666667,0,0.0,0.8333333333333334,0.0,0.4166666666666667,0.4166666666666667,0,0.0,0.8333333333333334,0.0,0.4166666666666667,0.4166666666666667,0,0.0,0.8333333333333334,0.0,0.4166666666666667,0.4166666666666667
665,max_rounds,0,,,,,1,1,3,2,2,5,5,4,0,1,1,profiled_beam,1,1,0.6641901408632597,0.580501692990462,8,0,0,0,0,0,0,0,0.0,0.16666666666666666,0.5,0.3333333333333333,0.4166666666666667,0,0.0,0.16666666666666666,0.5,0.3333333333333333,0.4166666666666667,0,0.0,0.16666666666666666,0.3333333333333333,0.25,0.4166666666666667,0,0.0,0.5,0.6666666666666666,0.5833333333333334,0.6666666666666666
666,no_strict_e1_improvement,0,,,,,1,0,1,1,1,1,1,4,0,0,-1,current,0,0,0.6726618260145187,0.6726618260145187,9,9,9,9,9,0,0,1,1.0,1.0,1.0,1.0,1.0,1,1.0,1.0,1.0,1.0,1.0,1,1.0,1.0,1.0,1.0,1.0,1,1.0,1.0,1.0,1.0,1.0
667,small_component,0,,,,,1,0,0,0,0,0,0,4,0,0,-1,current,0,0,0.9139550452431043,0.9139550452431043,5,1,1,1,1,0,0,0,0.1111111111111111,0.0,0.6666666666666666,0.3333333333333333,0.75,0,0.1111111111111111,0.0,0.6666666666666666,0.3333333333333333,0.75,0,0.1111111111111111,0.0,0.6666666666666666,0.3333333333333333,0.75,0,0.1111111111111111,0.0,0.6666666666666666,0.3333333333333333,0.75
668,small_component,0,,,,,1,0,0,0,0,0,0,4,0,0,-1,current,0,0,0.5810575236876806,0.5810575236876806,3,1,1,1,1,0,0,0,0.1111111111111111,0.0,0.0,0.0,0.4166666666666667,0,0.1111111111111111,0.0,0.0,0.0,0.4166666666666667,0,0.1111111111111111,0.0,0.0,0.0,0.4166666666666667,0,0.1111111111111111,0.0,0.0,0.0,0.4166666666666667
669,no_strict_e1_improvement,0,,,,,1,0,1,1,1,1,1,4,0,0,-1,current,0,0,0.5578052252531052,0.5578052252531052,6,9,9,9,9,0,0,1,1.0,1.0,1.0,1.0,1.0,1,1.0,1.0,1.0,1.0,1.0,1,1.0,1.0,1.0,1.0,1.0,1,1.0,1.0,1.0,1.0,1.0
670,max_rounds,0,,,,,1,1,5,4,4,13,13,4,-1,-1,0,s1a3_greedy,1,0,0.7089245120684305,0.6605347792307535,5,5,5,0,0,-5,0,0,0.5555555555555556,0.5,0.3333333333333333,0.4166666666666667,0.5,0,0.5555555555555556,0.5,0.3333333333333333,0.4166666666666667,0.5,0,0.0,0.6666666666666666,0.5,0.5833333333333334,0.5833333333333334,0,0.0,0.6666666666666666,0.5,0.5833333333333334,0.5833333333333334
671,no_strict_e1_improvement,0,,,,,1,0,1,1,1,1,1,4,0,0,-1,current,0,0,0.5803333893418312,0.5803333893418312,9,9,9,9,9,0,0,1,1.0,1.0,1.0,1.0,1.0,1,1.0,1.0,1.0,1.0,1.0,1,1.0,1.0,1.0,1.0,1.0,1,1.0,1.0,1.0,1.0,1.0
672,no_strict_e1_improvement,0,,,,,1,0,1,1,1,1,1,4,0,0,-1,current,0,0,0.6974018141627312,0.6974018141627312,7,0,0,0,0,0,0,0,0.0,0.3333333333333333,0.0,0.16666666666666666,0.25,0,0.0,0.3333333333333333,0.0,0.16666666666666666,0.25,0,0.0,0.3333333333333333,0.0,0.16666666666666666,0.25,0,0.0,0.3333333333333333,0.0,0.16666666666666666,0.25
673,max_rounds,0,,,,,1,1,2,2,2,6,6,4,0,1,0,s1a3_greedy,1,0,0.6725583399335543,0.6705094302694002,7,0,0,9,9,9,0,0,0.0,0.5,1.0,0.75,0.75,0,0.0,0.5,1.0,0.75,0.75,1,1.0,1.0,1.0,1.0,1.0,1,1.0,1.0,1.0,1.0,1.0
674,no_strict_e1_improvement,0,,,,,1,0,1,1,1,1,1,4,0,0,-1,current,0,0,0.5807314092914263,0.5807314092914263,8,9,9,9,9,0,0,1,1.0,1.0,1.0,1.0,1.0,1,1.0,1.0,1.0,1.0,1.0,1,1.0,1.0,1.0,1.0,1.0,1,1.0,1.0,1.0,1.0,1.0
675,no_strict_e1_improvement,0,,,,,1,0,2,2,2,6,6,4,0,0,-1,current,0,0,0.6522685016194979,0.6522685016194979,10,0,0,0,0,0,0,0,0.0,1.0,0.5,0.75,0.75,0,0.0,1.0,0.5,0.75,0.75,0,0.0,1.0,0.5,0.75,0.75,0,0.0,1.0,0.5,0.75,0.75
676,no_strict_e1_improvement,0,,,,,1,0,1,1,1,1,1,4,0,0,-1,current,0,0,0.6454472641150156,0.6454472641150156,6,6,6,6,6,0,0,0,0.6666666666666666,0.0,0.8333333333333334,0.4166666666666667,0.4166666666666667,0,0.6666666666666666,0.0,0.8333333333333334,0.4166666666666667,0.4166666666666667,0,0.6666666666666666,0.0,0.8333333333333334,0.4166666666666667,0.4166666666666667,0,0.6666666666666666,0.0,0.8333333333333334,0.4166666666666667,0.4166666666666667
677,no_strict_e1_improvement,0,,,,,1,0,2,2,2,7,7,4,0,0,-1,current,0,0,0.6562334646781286,0.6562334646781286,8,9,9,9,9,0,0,1,1.0,1.0,1.0,1.0,1.0,1,1.0,1.0,1.0,1.0,1.0,1,1.0,1.0,1.0,1.0,1.0,1,1.0,1.0,1.0,1.0,1.0
678,no_strict_e1_improvement,0,,,,,1,0,1,1,1,1,1,4,0,0,-1,current,0,0,0.7128528008858362,0.7128528008858362,7,0,0,0,0,0,0,0,0.0,0.8333333333333334,0.5,0.6666666666666666,0.6666666666666666,0,0.0,0.8333333333333334,0.5,0.6666666666666666,0.6666666666666666,0,0.0,0.8333333333333334,0.5,0.6666666666666666,0.6666666666666666,0,0.0,0.8333333333333334,0.5,0.6666666666666666,0.6666666666666666
679,no_strict_e1_improvement,0,,,,,1,0,1,1,1,1,1,4,0,0,-1,current,0,0,0.5216965228319168,0.5216965228319168,9,0,0,0,0,0,0,0,0.0,0.5,1.0,0.75,0.75,0,0.0,0.5,1.0,0.75,0.75,0,0.0,0.5,1.0,0.75,0.75,0,0.0,0.5,1.0,0.75,0.75
680,no_strict_e1_improvement,0,,,,,1,0,1,1,1,1,1,4,0,0,-1,current,0,0,0.5697985837856928,0.5697985837856928,8,7,7,7,7,0,0,0,0.7777777777777778,0.6666666666666666,0.6666666666666666,0.6666666666666666,0.8333333333333334,0,0.7777777777777778,0.6666666666666666,0.6666666666666666,0.6666666666666666,0.8333333333333334,0,0.7777777777777778,0.6666666666666666,0.6666666666666666,0.6666666666666666,0.8333333333333334,0,0.7777777777777778,0.6666666666666666,0.6666666666666666,0.6666666666666666,0.8333333333333334
681,partial_completed__no_strict_e1_improvement,1,,3,2,2,1,0,1,1,1,1,1,4,0,0,-1,current,1,0,0.6869955435395241,0.6869955435395241,10,6,9,9,9,3,0,0,0.6666666666666666,0.5,0.6666666666666666,0.5833333333333334,0.5833333333333334,1,1.0,1.0,1.0,1.0,1.0,1,1.0,1.0,1.0,1.0,1.0,1,1.0,1.0,1.0,1.0,1.0
682,no_strict_e1_improvement,0,,,,,1,0,1,1,1,1,1,4,0,0,-1,current,0,0,0.5838657319545746,0.5838657319545746,8,9,9,9,9,0,0,1,1.0,1.0,1.0,1.0,1.0,1,1.0,1.0,1.0,1.0,1.0,1,1.0,1.0,1.0,1.0,1.0,1,1.0,1.0,1.0,1.0,1.0
683,partial_completed__no_strict_e1_improvement,1,,3,2,4,1,0,5,4,4,12,12,4,0,0,-1,current,1,0,0.5805867289503416,0.5805867289503416,6,0,0,0,0,0,0,0,0.0,0.5,0.0,0.25,0.25,0,0.0,0.6666666666666666,0.0,0.3333333333333333,0.3333333333333333,0,0.0,0.6666666666666666,0.0,0.3333333333333333,0.3333333333333333,0,0.0,0.6666666666666666,0.0,0.3333333333333333,0.3333333333333333
684,max_rounds,0,,,,,1,1,5,4,4,13,13,4,0,-1,0,s1a3_greedy,1,0,0.607818953692913,0.5944829533497492,7,0,0,0,0,0,0,0,0.0,0.3333333333333333,0.16666666666666666,0.25,0.3333333333333333,0,0.0,0.3333333333333333,0.16666666666666666,0.25,0.3333333333333333,0,0.0,0.6666666666666666,0.16666666666666666,0.4166666666666667,0.5,0,0.0,0.6666666666666666,0.16666666666666666,0.4166666666666667,0.5
685,no_strict_e1_improvement,0,,,,,1,0,1,1,1,1,1,4,0,0,-1,current,0,0,0.5436098873615265,0.5436098873615265,12,0,0,0,0,0,0,0,0.0,0.5,1.0,0.75,0.75,0,0.0,0.5,1.0,0.75,0.75,0,0.0,0.5,1.0,0.75,0.75,0,0.0,0.5,1.0,0.75,0.75
686,no_strict_e1_improvement,0,,,,,1,0,2,2,2,6,6,4,0,0,-1,current,0,0,0.632559726635615,0.632559726635615,10,0,0,0,0,0,0,0,0.0,0.5,1.0,0.75,0.75,0,0.0,0.5,1.0,0.75,0.75,0,0.0,0.5,1.0,0.75,0.75,0,0.0,0.5,1.0,0.75,0.75
687,max_rounds,0,,,,,1,1,5,4,4,12,12,4,1,0,1,profiled_beam,1,1,0.7604999567071596,0.5982927307486534,5,0,0,1,3,3,2,0,0.0,0.5,0.5,0.5,0.5,0,0.0,0.5,0.5,0.5,0.5,0,0.1111111111111111,0.3333333333333333,0.6666666666666666,0.5,0.6666666666666666,0,0.3333333333333333,0.6666666666666666,0.5,0.5833333333333334,0.5833333333333334
688,max_rounds,0,,,,,1,1,5,4,4,15,15,4,-1,-1,0,s1a3_greedy,1,0,0.8189892222483953,0.7102140213052431,5,0,0,4,4,4,0,0,0.0,0.16666666666666666,0.3333333333333333,0.25,0.3333333333333333,0,0.0,0.16666666666666666,0.3333333333333333,0.25,0.3333333333333333,0,0.4444444444444444,0.3333333333333333,0.5,0.4166666666666667,0.5,0,0.4444444444444444,0.3333333333333333,0.5,0.4166666666666667,0.5
689,no_strict_e1_improvement,0,,,,,1,0,1,1,1,1,1,4,0,0,-1,current,0,0,0.5659006337324778,0.5659006337324778,9,7,7,7,7,0,0,0,0.7777777777777778,0.6666666666666666,0.6666666666666666,0.6666666666666666,0.75,0,0.7777777777777778,0.6666666666666666,0.6666666666666666,0.6666666666666666,0.75,0,0.7777777777777778,0.6666666666666666,0.6666666666666666,0.6666666666666666,0.75,0,0.7777777777777778,0.6666666666666666,0.6666666666666666,0.6666666666666666,0.75
690,small_component,0,,,,,1,0,0,0,0,0,0,4,0,0,-1,current,0,0,0.47927093257506687,0.47927093257506687,6,2,2,2,2,0,0,0,0.2222222222222222,0.16666666666666666,0.3333333333333333,0.25,0.5,0,0.2222222222222222,0.16666666666666666,0.3333333333333333,0.25,0.5,0,0.2222222222222222,0.16666666666666666,0.3333333333333333,0.25,0.5,0,0.2222222222222222,0.16666666666666666,0.3333333333333333,0.25,0.5
691,max_rounds,0,,,,,1,1,4,4,4,13,13,4,1,0,0,s1a3_greedy,1,0,0.8835584918657938,0.8179053018490473,6,0,0,0,0,0,0,0,0.0,0.16666666666666666,0.5,0.3333333333333333,0.4166666666666667,0,0.0,0.16666666666666666,0.5,0.3333333333333333,0.4166666666666667,0,0.0,0.5,0.6666666666666666,0.5833333333333334,0.5833333333333334,0,0.0,0.5,0.6666666666666666,0.5833333333333334,0.5833333333333334
692,no_strict_e1_improvement,0,,,,,1,0,2,2,2,6,6,4,0,0,-1,current,0,0,0.5990015914042791,0.5990015914042791,6,7,7,7,7,0,0,0,0.7777777777777778,0.6666666666666666,0.6666666666666666,0.6666666666666666,0.75,0,0.7777777777777778,0.6666666666666666,0.6666666666666666,0.6666666666666666,0.75,0,0.7777777777777778,0.6666666666666666,0.6666666666666666,0.6666666666666666,0.75,0,0.7777777777777778,0.6666666666666666,0.6666666666666666,0.6666666666666666,0.75
693,no_strict_e1_improvement,0,,,,,1,0,1,1,1,1,1,4,0,0,-1,current,0,0,0.6568303729097048,0.6568303729097048,6,0,0,0,0,0,0,0,0.0,0.5,0.16666666666666666,0.3333333333333333,0.4166666666666667,0,0.0,0.5,0.16666666666666666,0.3333333333333333,0.4166666666666667,0,0.0,0.5,0.16666666666666666,0.3333333333333333,0.4166666666666667,0,0.0,0.5,0.16666666666666666,0.3333333333333333,0.4166666666666667
694,small_component,0,,,,,1,0,0,0,0,0,0,4,0,0,-1,current,0,0,0.7607068568468094,0.7607068568468094,4,0,0,0,0,0,0,0,0.0,0.5,0.3333333333333333,0.4166666666666667,0.5833333333333334,0,0.0,0.5,0.3333333333333333,0.4166666666666667,0.5833333333333334,0,0.0,0.5,0.3333333333333333,0.4166666666666667,0.5833333333333334,0,0.0,0.5,0.3333333333333333,0.4166666666666667,0.5833333333333334
695,no_strict_e1_improvement,0,,,,,1,0,1,1,1,1,1,4,0,0,-1,current,0,0,0.63040013362964,0.63040013362964,9,0,0,0,0,0,0,0,0.0,0.5,1.0,0.75,0.75,0,0.0,0.5,1.0,0.75,0.75,0,0.0,0.5,1.0,0.75,0.75,0,0.0,0.5,1.0,0.75,0.75
696,no_strict_e1_improvement,0,,,,,1,0,1,1,1,1,1,4,0,0,-1,current,0,0,0.7594909916321436,0.7594909916321436,7,0,0,0,0,0,0,0,0.0,0.5,0.8333333333333334,0.6666666666666666,0.6666666666666666,0,0.0,0.5,0.8333333333333334,0.6666666666666666,0.6666666666666666,0,0.0,0.5,0.8333333333333334,0.6666666666666666,0.6666666666666666,0,0.0,0.5,0.8333333333333334,0.6666666666666666,0.6666666666666666
697,no_strict_e1_improvement,0,,,,,1,0,1,1,1,1,1,4,0,0,-1,current,0,0,0.6770437136292458,0.6770437136292458,11,0,0,0,0,0,0,0,0.0,0.5,1.0,0.75,0.75,0,0.0,0.5,1.0,0.75,0.75,0,0.0,0.5,1.0,0.75,0.75,0,0.0,0.5,1.0,0.75,0.75
698,no_strict_e1_improvement,0,,,,,1,0,4,4,4,14,14,4,0,0,-1,current,0,0,0.6693345954020818,0.6693345954020818,8,3,3,3,3,0,0,0,0.3333333333333333,0.0,1.0,0.5,0.75,0,0.3333333333333333,0.0,1.0,0.5,0.75,0,0.3333333333333333,0.0,1.0,0.5,0.75,0,0.3333333333333333,0.0,1.0,0.5,0.75
699,small_component,0,,,,,1,0,0,0,0,0,0,4,0,0,-1,current,0,0,0.9457795371611913,0.9457795371611913,2,2,2,2,2,0,0,0,0.2222222222222222,0.0,0.16666666666666666,0.08333333333333333,0.3333333333333333,0,0.2222222222222222,0.0,0.16666666666666666,0.08333333333333333,0.3333333333333333,0,0.2222222222222222,0.0,0.16666666666666666,0.08333333333333333,0.3333333333333333,0,0.2222222222222222,0.0,0.16666666666666666,0.08333333333333333,0.3333333333333333
700,max_rounds,0,,,,,1,1,3,2,2,8,8,4,0,0,1,profiled_beam,1,1,0.751313125093778,0.7303699453671774,4,7,7,7,9,2,2,0,0.7777777777777778,0.6666666666666666,0.6666666666666666,0.6666666666666666,0.75,0,0.7777777777777778,0.6666666666666666,0.6666666666666666,0.6666666666666666,0.75,0,0.7777777777777778,0.6666666666666666,0.6666666666666666,0.6666666666666666,0.75,1,1.0,1.0,1.0,1.0,1.0
701,max_rounds,0,,,,,1,1,2,2,2,6,6,4,-1,0,0,s1a3_greedy,1,0,0.6539594307541847,0.6411955083409945,8,9,9,0,0,-9,0,1,1.0,1.0,1.0,1.0,1.0,1,1.0,1.0,1.0,1.0,1.0,0,0.0,1.0,0.5,0.75,0.75,0,0.0,1.0,0.5,0.75,0.75
702,max_rounds,0,,,,,1,1,5,4,4,13,13,4,0,1,1,profiled_beam,1,1,0.805680051445961,0.6475102802117666,7,0,0,9,0,0,-9,0,0.0,0.3333333333333333,0.5,0.4166666666666667,0.5,0,0.0,0.3333333333333333,0.5,0.4166666666666667,0.5,1,1.0,1.0,1.0,1.0,1.0,0,0.0,1.0,0.5,0.75,0.75
703,no_strict_e1_improvement,0,,,,,1,0,2,2,2,6,6,4,0,0,-1,current,0,0,0.6777397245168686,0.6777397245168686,11,0,0,0,0,0,0,0,0.0,0.5,1.0,0.75,0.75,0,0.0,0.5,1.0,0.75,0.75,0,0.0,0.5,1.0,0.75,0.75,0,0.0,0.5,1.0,0.75,0.75
704,no_strict_e1_improvement,0,,,,,1,0,1,1,1,1,1,4,0,0,-1,current,0,0,0.6108189101020495,0.6108189101020495,8,9,9,9,9,0,0,1,1.0,1.0,1.0,1.0,1.0,1,1.0,1.0,1.0,1.0,1.0,1,1.0,1.0,1.0,1.0,1.0,1,1.0,1.0,1.0,1.0,1.0
705,no_strict_e1_improvement,0,,,,,1,0,2,2,2,6,6,4,0,0,-1,current,0,0,0.6804814090331396,0.6804814090331396,8,9,9,9,9,0,0,1,1.0,1.0,1.0,1.0,1.0,1,1.0,1.0,1.0,1.0,1.0,1,1.0,1.0,1.0,1.0,1.0,1,1.0,1.0,1.0,1.0,1.0
706,max_rounds,0,,,,,1,1,3,2,2,6,6,4,0,1,0,s1a3_greedy,1,0,0.7096159731348356,0.5930997803807259,9,0,0,9,9,9,0,0,0.0,0.5,0.8333333333333334,0.6666666666666666,0.6666666666666666,0,0.0,0.5,0.8333333333333334,0.6666666666666666,0.6666666666666666,1,1.0,1.0,1.0,1.0,1.0,1,1.0,1.0,1.0,1.0,1.0
707,max_rounds,0,,,,,1,1,3,2,2,6,6,4,0,0,1,profiled_beam,1,1,0.6606182406346003,0.6506386523445448,9,0,0,0,3,3,3,0,0.0,0.5,1.0,0.75,0.75,0,0.0,0.5,1.0,0.75,0.75,0,0.0,0.5,1.0,0.75,0.75,0,0.3333333333333333,0.6666666666666666,0.5,0.5833333333333334,0.5833333333333334
708,no_strict_e1_improvement,0,,,,,1,0,1,1,1,1,1,4,0,0,-1,current,0,0,0.6325267230470976,0.6325267230470976,8,0,0,0,0,0,0,0,0.0,0.5,0.6666666666666666,0.5833333333333334,0.5833333333333334,0,0.0,0.5,0.6666666666666666,0.5833333333333334,0.5833333333333334,0,0.0,0.5,0.6666666666666666,0.5833333333333334,0.5833333333333334,0,0.0,0.5,0.6666666666666666,0.5833333333333334,0.5833333333333334
709,no_strict_e1_improvement,0,,,,,1,0,1,1,1,1,1,4,0,0,-1,current,0,0,0.5331651891271273,0.5331651891271273,12,0,0,0,0,0,0,0,0.0,0.5,1.0,0.75,0.75,0,0.0,0.5,1.0,0.75,0.75,0,0.0,0.5,1.0,0.75,0.75,0,0.0,0.5,1.0,0.75,0.75
710,no_strict_e1_improvement,0,,,,,1,0,1,1,1,1,1,4,0,0,-1,current,0,0,0.5679626911878586,0.5679626911878586,9,9,9,9,9,0,0,1,1.0,1.0,1.0,1.0,1.0,1,1.0,1.0,1.0,1.0,1.0,1,1.0,1.0,1.0,1.0,1.0,1,1.0,1.0,1.0,1.0,1.0
711,no_strict_e1_improvement,0,,,,,1,0,1,1,1,1,1,4,0,0,-1,current,0,0,0.5725495492418607,0.5725495492418607,10,9,9,9,9,0,0,1,1.0,1.0,1.0,1.0,1.0,1,1.0,1.0,1.0,1.0,1.0,1,1.0,1.0,1.0,1.0,1.0,1,1.0,1.0,1.0,1.0,1.0
712,partial_completed__max_rounds,1,,3,2,4,1,1,5,4,4,15,15,4,0,0,1,profiled_beam,1,1,0.8015367786089579,0.6780098130305608,5,1,1,1,4,3,3,0,0.1111111111111111,0.16666666666666666,0.16666666666666666,0.16666666666666666,0.3333333333333333,0,0.1111111111111111,0.16666666666666666,0.16666666666666666,0.16666666666666666,0.3333333333333333,0,0.1111111111111111,0.16666666666666666,0.0,0.08333333333333333,0.5833333333333334,0,0.4444444444444444,0.5,0.16666666666666666,0.3333333333333333,0.5833333333333334
713,no_strict_e1_improvement,0,,,,,1,0,1,1,1,1,1,4,0,0,-1,current,0,0,0.7489082117875417,0.7489082117875417,6,0,0,0,0,0,0,0,0.0,0.5,1.0,0.75,0.75,0,0.0,0.5,1.0,0.75,0.75,0,0.0,0.5,1.0,0.75,0.75,0,0.0,0.5,1.0,0.75,0.75
714,small_component,0,,,,,1,0,0,0,0,0,0,4,0,0,-1,current,0,0,0.8968781158328056,0.8968781158328056,2,0,0,0,0,0,0,0,0.0,0.0,0.3333333333333333,0.16666666666666666,0.4166666666666667,0,0.0,0.0,0.3333333333333333,0.16666666666666666,0.4166666666666667,0,0.0,0.0,0.3333333333333333,0.16666666666666666,0.4166666666666667,0,0.0,0.0,0.3333333333333333,0.16666666666666666,0.4166666666666667
715,max_rounds,0,,,,,1,1,5,4,4,13,13,4,0,0,0,s1a3_greedy,1,0,0.695340151588122,0.4901183247566223,5,4,4,3,3,-1,0,0,0.4444444444444444,0.16666666666666666,0.6666666666666666,0.4166666666666667,0.5,0,0.4444444444444444,0.16666666666666666,0.6666666666666666,0.4166666666666667,0.5,0,0.3333333333333333,0.0,1.0,0.5,0.75,0,0.3333333333333333,0.0,1.0,0.5,0.75
716,max_rounds,0,,,,,1,1,2,2,2,7,7,4,-1,0,0,s1a3_greedy,1,0,0.7567205702265104,0.6929095759987831,7,0,0,9,9,9,0,0,0.0,1.0,0.5,0.75,0.75,0,0.0,1.0,0.5,0.75,0.75,1,1.0,1.0,1.0,1.0,1.0,1,1.0,1.0,1.0,1.0,1.0
717,no_strict_e1_improvement,0,,,,,1,0,1,1,1,1,1,4,0,0,-1,current,0,0,0.5978013724088669,0.5978013724088669,9,1,1,1,1,0,0,0,0.1111111111111111,0.3333333333333333,0.6666666666666666,0.5,0.6666666666666666,0,0.1111111111111111,0.3333333333333333,0.6666666666666666,0.5,0.6666666666666666,0,0.1111111111111111,0.3333333333333333,0.6666666666666666,0.5,0.6666666666666666,0,0.1111111111111111,0.3333333333333333,0.6666666666666666,0.5,0.6666666666666666
718,no_strict_e1_improvement,0,,,,,1,0,1,1,1,1,1,4,0,0,-1,current,0,0,0.6790667598446211,0.6790667598446211,7,0,0,0,0,0,0,0,0.0,0.5,0.5,0.5,0.5,0,0.0,0.5,0.5,0.5,0.5,0,0.0,0.5,0.5,0.5,0.5,0,0.0,0.5,0.5,0.5,0.5
719,no_strict_e1_improvement,0,,,,,1,0,1,1,1,1,1,4,0,0,-1,current,0,0,0.8158923238515854,0.8158923238515854,8,9,9,9,9,0,0,1,1.0,1.0,1.0,1.0,1.0,1,1.0,1.0,1.0,1.0,1.0,1,1.0,1.0,1.0,1.0,1.0,1,1.0,1.0,1.0,1.0,1.0
720,no_strict_e1_improvement,0,,,,,1,0,1,1,1,1,1,4,0,0,-1,current,0,0,0.7362486819426218,0.7362486819426218,10,9,9,9,9,0,0,1,1.0,1.0,1.0,1.0,1.0,1,1.0,1.0,1.0,1.0,1.0,1,1.0,1.0,1.0,1.0,1.0,1,1.0,1.0,1.0,1.0,1.0
721,no_strict_e1_improvement,0,,,,,1,0,1,1,1,1,1,4,0,0,-1,current,0,0,0.5610462004939715,0.5610462004939715,10,0,0,0,0,0,0,0,0.0,0.16666666666666666,0.6666666666666666,0.4166666666666667,0.5,0,0.0,0.16666666666666666,0.6666666666666666,0.4166666666666667,0.5,0,0.0,0.16666666666666666,0.6666666666666666,0.4166666666666667,0.5,0,0.0,0.16666666666666666,0.6666666666666666,0.4166666666666667,0.5
722,no_strict_e1_improvement,0,,,,,1,0,1,1,1,1,1,4,0,0,-1,current,0,0,0.7131961956620216,0.7131961956620216,10,9,9,9,9,0,0,1,1.0,1.0,1.0,1.0,1.0,1,1.0,1.0,1.0,1.0,1.0,1,1.0,1.0,1.0,1.0,1.0,1,1.0,1.0,1.0,1.0,1.0
723,no_strict_e1_improvement,0,,,,,1,0,1,1,1,1,1,4,0,0,-1,current,0,0,0.6271671851476034,0.6271671851476034,8,0,0,0,0,0,0,0,0.0,0.5,0.5,0.5,0.5,0,0.0,0.5,0.5,0.5,0.5,0,0.0,0.5,0.5,0.5,0.5,0,0.0,0.5,0.5,0.5,0.5
724,no_strict_e1_improvement,0,,,,,1,0,1,1,1,1,1,4,0,0,-1,current,0,0,0.597057451804479,0.597057451804479,11,9,9,9,9,0,0,1,1.0,1.0,1.0,1.0,1.0,1,1.0,1.0,1.0,1.0,1.0,1,1.0,1.0,1.0,1.0,1.0,1,1.0,1.0,1.0,1.0,1.0
725,no_strict_e1_improvement,0,,,,,1,0,1,1,1,1,1,4,0,0,-1,current,0,0,0.6068991298476855,0.6068991298476855,9,0,0,0,0,0,0,0,0.0,0.5,1.0,0.75,0.75,0,0.0,0.5,1.0,0.75,0.75,0,0.0,0.5,1.0,0.75,0.75,0,0.0,0.5,1.0,0.75,0.75
726,max_rounds,0,,,,,1,1,2,2,2,6,6,4,0,-1,0,s1a3_greedy,1,0,0.6065367795526981,0.579113328208526,12,9,9,0,0,-9,0,1,1.0,1.0,1.0,1.0,1.0,1,1.0,1.0,1.0,1.0,1.0,0,0.0,0.5,1.0,0.75,0.75,0,0.0,0.5,1.0,0.75,0.75
727,no_strict_e1_improvement,0,,,,,1,0,1,1,1,1,1,4,0,0,-1,current,0,0,0.8086205571889877,0.8086205571889877,6,9,9,9,9,0,0,1,1.0,1.0,1.0,1.0,1.0,1,1.0,1.0,1.0,1.0,1.0,1,1.0,1.0,1.0,1.0,1.0,1,1.0,1.0,1.0,1.0,1.0
728,no_strict_e1_improvement,0,,,,,1,0,1,1,1,1,1,4,0,0,-1,current,0,0,0.5671591137846311,0.5671591137846311,11,9,9,9,9,0,0,1,1.0,1.0,1.0,1.0,1.0,1,1.0,1.0,1.0,1.0,1.0,1,1.0,1.0,1.0,1.0,1.0,1,1.0,1.0,1.0,1.0,1.0
729,no_strict_e1_improvement,0,,,,,1,0,1,1,1,1,1,4,0,0,-1,current,0,0,0.546773354212443,0.546773354212443,9,7,7,7,7,0,0,0,0.7777777777777778,0.6666666666666666,0.6666666666666666,0.6666666666666666,0.75,0,0.7777777777777778,0.6666666666666666,0.6666666666666666,0.6666666666666666,0.75,0,0.7777777777777778,0.6666666666666666,0.6666666666666666,0.6666666666666666,0.75,0,0.7777777777777778,0.6666666666666666,0.6666666666666666,0.6666666666666666,0.75
730,no_strict_e1_improvement,0,,,,,1,0,1,1,1,1,1,4,0,0,-1,current,0,0,0.7101467922329903,0.7101467922329903,9,0,0,0,0,0,0,0,0.0,0.5,1.0,0.75,0.75,0,0.0,0.5,1.0,0.75,0.75,0,0.0,0.5,1.0,0.75,0.75,0,0.0,0.5,1.0,0.75,0.75
731,no_strict_e1_improvement,0,,,,,1,0,1,1,1,1,1,4,0,0,-1,current,0,0,0.6238730996847153,0.6238730996847153,10,9,9,9,9,0,0,1,1.0,1.0,1.0,1.0,1.0,1,1.0,1.0,1.0,1.0,1.0,1,1.0,1.0,1.0,1.0,1.0,1,1.0,1.0,1.0,1.0,1.0
732,small_component,0,,,,,1,0,0,0,0,0,0,4,0,0,-1,current,0,0,0.7234713683525721,0.7234713683525721,6,7,7,7,7,0,0,0,0.7777777777777778,0.6666666666666666,0.6666666666666666,0.6666666666666666,0.8333333333333334,0,0.7777777777777778,0.6666666666666666,0.6666666666666666,0.6666666666666666,0.8333333333333334,0,0.7777777777777778,0.6666666666666666,0.6666666666666666,0.6666666666666666,0.8333333333333334,0,0.7777777777777778,0.6666666666666666,0.6666666666666666,0.6666666666666666,0.8333333333333334
733,no_strict_e1_improvement,0,,,,,1,0,1,1,1,1,1,4,0,0,-1,current,0,0,0.5802160054445267,0.5802160054445267,8,0,0,0,0,0,0,0,0.0,0.5,0.0,0.25,0.6666666666666666,0,0.0,0.5,0.0,0.25,0.6666666666666666,0,0.0,0.5,0.0,0.25,0.6666666666666666,0,0.0,0.5,0.0,0.25,0.6666666666666666
734,no_strict_e1_improvement,0,,,,,1,0,1,1,1,1,1,4,0,0,-1,current,0,0,0.6348626067241033,0.6348626067241033,9,0,0,0,0,0,0,0,0.0,0.5,1.0,0.75,0.75,0,0.0,0.5,1.0,0.75,0.75,0,0.0,0.5,1.0,0.75,0.75,0,0.0,0.5,1.0,0.75,0.75
735,small_component,0,,,,,1,0,0,0,0,0,0,4,0,0,-1,current,0,0,0.6228003402551016,0.6228003402551016,3,0,0,0,0,0,0,0,0.0,0.16666666666666666,0.3333333333333333,0.25,0.4166666666666667,0,0.0,0.16666666666666666,0.3333333333333333,0.25,0.4166666666666667,0,0.0,0.16666666666666666,0.3333333333333333,0.25,0.4166666666666667,0,0.0,0.16666666666666666,0.3333333333333333,0.25,0.4166666666666667
736,no_strict_e1_improvement,0,,,,,1,0,1,1,1,1,1,4,0,0,-1,current,0,0,0.570514847834905,0.570514847834905,11,9,9,9,9,0,0,1,1.0,1.0,1.0,1.0,1.0,1,1.0,1.0,1.0,1.0,1.0,1,1.0,1.0,1.0,1.0,1.0,1,1.0,1.0,1.0,1.0,1.0
737,no_strict_e1_improvement,0,,,,,1,0,2,2,2,6,6,4,0,0,-1,current,0,0,0.7248947620391846,0.7248947620391846,8,9,9,9,9,0,0,1,1.0,1.0,1.0,1.0,1.0,1,1.0,1.0,1.0,1.0,1.0,1,1.0,1.0,1.0,1.0,1.0,1,1.0,1.0,1.0,1.0,1.0
738,max_rounds,0,,,,,1,1,5,4,4,14,14,4,-1,0,1,profiled_beam,1,1,0.8231002911925316,0.7673124199112257,5,0,0,0,2,2,2,0,0.0,0.0,0.3333333333333333,0.16666666666666666,0.5,0,0.0,0.0,0.3333333333333333,0.16666666666666666,0.5,0,0.0,0.0,0.3333333333333333,0.16666666666666666,0.25,0,0.2222222222222222,0.0,0.5,0.25,0.25
739,no_strict_e1_improvement,0,,,,,1,0,1,1,1,1,1,4,0,0,-1,current,0,0,0.6336813494563103,0.6336813494563103,8,9,9,9,9,0,0,1,1.0,1.0,1.0,1.0,1.0,1,1.0,1.0,1.0,1.0,1.0,1,1.0,1.0,1.0,1.0,1.0,1,1.0,1.0,1.0,1.0,1.0
740,max_rounds,0,,,,,1,1,5,4,4,13,13,4,0,0,1,profiled_beam,1,1,0.8515131498376528,0.7339032168189684,6,5,5,3,3,-2,0,0,0.5555555555555556,0.3333333333333333,0.5,0.4166666666666667,0.5,0,0.5555555555555556,0.3333333333333333,0.5,0.4166666666666667,0.5,0,0.3333333333333333,0.0,0.8333333333333334,0.4166666666666667,0.4166666666666667,0,0.3333333333333333,0.0,1.0,0.5,0.75
741,no_strict_e1_improvement,0,,,,,1,0,2,2,2,7,7,4,0,0,-1,current,0,0,0.6026293238004049,0.6026293238004049,9,9,9,9,9,0,0,1,1.0,1.0,1.0,1.0,1.0,1,1.0,1.0,1.0,1.0,1.0,1,1.0,1.0,1.0,1.0,1.0,1,1.0,1.0,1.0,1.0,1.0
742,no_strict_e1_improvement,0,,,,,1,0,1,1,1,1,1,4,0,0,-1,current,0,0,0.6379577318827311,0.6379577318827311,6,0,0,0,0,0,0,0,0.0,0.0,0.8333333333333334,0.4166666666666667,0.4166666666666667,0,0.0,0.0,0.8333333333333334,0.4166666666666667,0.4166666666666667,0,0.0,0.0,0.8333333333333334,0.4166666666666667,0.4166666666666667,0,0.0,0.0,0.8333333333333334,0.4166666666666667,0.4166666666666667
743,no_strict_e1_improvement,0,,,,,1,0,1,1,1,1,1,4,0,0,-1,current,0,0,0.6973388319214185,0.6973388319214185,8,9,9,9,9,0,0,1,1.0,1.0,1.0,1.0,1.0,1,1.0,1.0,1.0,1.0,1.0,1,1.0,1.0,1.0,1.0,1.0,1,1.0,1.0,1.0,1.0,1.0
744,no_strict_e1_improvement,0,,,,,1,0,1,1,1,1,1,4,0,0,-1,current,0,0,0.6392650355895361,0.6392650355895361,11,9,9,9,9,0,0,1,1.0,1.0,1.0,1.0,1.0,1,1.0,1.0,1.0,1.0,1.0,1,1.0,1.0,1.0,1.0,1.0,1,1.0,1.0,1.0,1.0,1.0
745,no_strict_e1_improvement,0,,,,,1,0,1,1,1,1,1,4,0,0,-1,current,0,0,0.6102567712465922,0.6102567712465922,8,9,9,9,9,0,0,1,1.0,1.0,1.0,1.0,1.0,1,1.0,1.0,1.0,1.0,1.0,1,1.0,1.0,1.0,1.0,1.0,1,1.0,1.0,1.0,1.0,1.0
746,small_component,0,,,,,1,0,0,0,0,0,0,4,0,0,-1,current,0,0,0.9803667341669401,0.9803667341669401,4,0,0,0,0,0,0,0,0.0,0.3333333333333333,0.16666666666666666,0.25,0.4166666666666667,0,0.0,0.3333333333333333,0.16666666666666666,0.25,0.4166666666666667,0,0.0,0.3333333333333333,0.16666666666666666,0.25,0.4166666666666667,0,0.0,0.3333333333333333,0.16666666666666666,0.25,0.4166666666666667
747,no_strict_e1_improvement,0,,,,,1,0,1,1,1,1,1,4,0,0,-1,current,0,0,0.8633652478456497,0.8633652478456497,9,0,0,0,0,0,0,0,0.0,0.5,0.8333333333333334,0.6666666666666666,0.6666666666666666,0,0.0,0.5,0.8333333333333334,0.6666666666666666,0.6666666666666666,0,0.0,0.5,0.8333333333333334,0.6666666666666666,0.6666666666666666,0,0.0,0.5,0.8333333333333334,0.6666666666666666,0.6666666666666666
748,partial_completed__no_strict_e1_improvement,1,,3,2,4,1,0,1,1,1,1,1,4,0,0,-1,current,1,0,0.5780102287729582,0.5780102287729582,7,0,6,6,6,6,0,0,0.0,0.6666666666666666,0.5,0.5833333333333334,0.5833333333333334,0,0.6666666666666666,0.8333333333333334,0.5,0.6666666666666666,0.6666666666666666,0,0.6666666666666666,0.8333333333333334,0.5,0.6666666666666666,0.6666666666666666,0,0.6666666666666666,0.8333333333333334,0.5,0.6666666666666666,0.6666666666666666
749,small_component,0,,,,,1,0,0,0,0,0,0,4,0,0,-1,current,0,0,0.9093122035264969,0.9093122035264969,5,2,2,2,2,0,0,0,0.2222222222222222,0.0,0.3333333333333333,0.16666666666666666,0.4166666666666667,0,0.2222222222222222,0.0,0.3333333333333333,0.16666666666666666,0.4166666666666667,0,0.2222222222222222,0.0,0.3333333333333333,0.16666666666666666,0.4166666666666667,0,0.2222222222222222,0.0,0.3333333333333333,0.16666666666666666,0.4166666666666667
750,max_rounds,0,,,,,1,1,5,4,4,13,13,4,1,-1,1,profiled_beam,1,1,0.6540429840485255,0.5886959309379259,4,0,0,0,0,0,0,0,0.0,0.3333333333333333,0.16666666666666666,0.25,0.3333333333333333,0,0.0,0.3333333333333333,0.16666666666666666,0.25,0.3333333333333333,0,0.0,0.6666666666666666,0.0,0.3333333333333333,0.3333333333333333,0,0.0,0.5,0.16666666666666666,0.3333333333333333,0.4166666666666667
751,no_strict_e1_improvement,0,,,,,1,0,1,1,1,1,1,4,0,0,-1,current,0,0,0.6237260152896246,0.6237260152896246,8,0,0,0,0,0,0,0,0.0,0.5,1.0,0.75,0.75,0,0.0,0.5,1.0,0.75,0.75,0,0.0,0.5,1.0,0.75,0.75,0,0.0,0.5,1.0,0.75,0.75
752,max_rounds,0,,,,,1,1,3,2,2,7,7,4,0,0,1,profiled_beam,1,1,0.7316244045893351,0.6611664543549219,8,6,6,6,9,3,3,0,0.6666666666666666,0.8333333333333334,0.5,0.6666666666666666,0.6666666666666666,0,0.6666666666666666,0.8333333333333334,0.5,0.6666666666666666,0.6666666666666666,0,0.6666666666666666,0.8333333333333334,0.5,0.6666666666666666,0.6666666666666666,1,1.0,1.0,1.0,1.0,1.0
753,no_strict_e1_improvement,0,,,,,1,0,4,4,4,13,13,4,0,0,-1,current,0,0,0.5468554596106211,0.5468554596106211,8,9,9,9,9,0,0,1,1.0,1.0,1.0,1.0,1.0,1,1.0,1.0,1.0,1.0,1.0,1,1.0,1.0,1.0,1.0,1.0,1,1.0,1.0,1.0,1.0,1.0
754,max_rounds,0,,,,,1,1,3,2,2,7,7,4,0,0,0,s1a3_greedy,1,0,0.5380184054374695,0.5372946759064993,9,0,0,0,0,0,0,0,0.0,1.0,0.5,0.75,0.75,0,0.0,1.0,0.5,0.75,0.75,0,0.0,0.6666666666666666,0.5,0.5833333333333334,0.6666666666666666,0,0.0,0.6666666666666666,0.5,0.5833333333333334,0.6666666666666666
755,max_rounds,0,,,,,1,1,2,2,2,6,6,4,-1,0,0,s1a3_greedy,1,0,0.7177419811487198,0.5641757200161616,8,0,0,9,9,9,0,0,0.0,1.0,0.5,0.75,0.75,0,0.0,1.0,0.5,0.75,0.75,1,1.0,1.0,1.0,1.0,1.0,1,1.0,1.0,1.0,1.0,1.0
756,no_strict_e1_improvement,0,,,,,1,0,1,1,1,1,1,4,0,0,-1,current,0,0,0.6021816655993462,0.6021816655993462,11,9,9,9,9,0,0,1,1.0,1.0,1.0,1.0,1.0,1,1.0,1.0,1.0,1.0,1.0,1,1.0,1.0,1.0,1.0,1.0,1,1.0,1.0,1.0,1.0,1.0
757,no_strict_e1_improvement,0,,,,,1,0,1,1,1,1,1,4,0,0,-1,current,0,0,0.5674862489104271,0.5674862489104271,10,0,0,0,0,0,0,0,0.0,1.0,0.5,0.75,0.75,0,0.0,1.0,0.5,0.75,0.75,0,0.0,1.0,0.5,0.75,0.75,0,0.0,1.0,0.5,0.75,0.75
758,max_rounds,0,,,,,1,1,5,4,4,16,16,4,0,-1,0,s1a3_greedy,1,0,0.9013876418272654,0.7635670651992162,8,2,2,3,3,1,0,0,0.2222222222222222,0.16666666666666666,0.5,0.3333333333333333,0.4166666666666667,0,0.2222222222222222,0.16666666666666666,0.5,0.3333333333333333,0.4166666666666667,0,0.3333333333333333,0.0,0.6666666666666666,0.3333333333333333,0.5,0,0.3333333333333333,0.0,0.6666666666666666,0.3333333333333333,0.5
759,no_strict_e1_improvement,0,,,,,1,0,1,1,1,1,1,4,0,0,-1,current,0,0,0.48799604550004005,0.48799604550004005,8,7,7,7,7,0,0,0,0.7777777777777778,0.6666666666666666,0.6666666666666666,0.6666666666666666,0.8333333333333334,0,0.7777777777777778,0.6666666666666666,0.6666666666666666,0.6666666666666666,0.8333333333333334,0,0.7777777777777778,0.6666666666666666,0.6666666666666666,0.6666666666666666,0.8333333333333334,0,0.7777777777777778,0.6666666666666666,0.6666666666666666,0.6666666666666666,0.8333333333333334
760,no_strict_e1_improvement,0,,,,,1,0,1,1,1,1,1,4,0,0,-1,current,0,0,0.7780107160409292,0.7780107160409292,8,0,0,0,0,0,0,0,0.0,1.0,0.5,0.75,0.75,0,0.0,1.0,0.5,0.75,0.75,0,0.0,1.0,0.5,0.75,0.75,0,0.0,1.0,0.5,0.75,0.75
761,no_strict_e1_improvement,0,,,,,1,0,1,1,1,1,1,4,0,0,-1,current,0,0,0.6048837924997011,0.6048837924997011,10,9,9,9,9,0,0,1,1.0,1.0,1.0,1.0,1.0,1,1.0,1.0,1.0,1.0,1.0,1,1.0,1.0,1.0,1.0,1.0,1,1.0,1.0,1.0,1.0,1.0
762,no_strict_e1_improvement,0,,,,,1,0,1,1,1,1,1,4,0,0,-1,current,0,0,0.5273595079779625,0.5273595079779625,11,9,9,9,9,0,0,1,1.0,1.0,1.0,1.0,1.0,1,1.0,1.0,1.0,1.0,1.0,1,1.0,1.0,1.0,1.0,1.0,1,1.0,1.0,1.0,1.0,1.0
763,max_rounds,0,,,,,1,1,3,2,2,6,6,4,0,0,1,profiled_beam,1,1,0.630853978296121,0.5991430381933848,8,0,0,9,0,0,-9,0,0.0,0.8333333333333334,0.5,0.6666666666666666,0.6666666666666666,0,0.0,0.8333333333333334,0.5,0.6666666666666666,0.6666666666666666,1,1.0,1.0,1.0,1.0,1.0,0,0.0,1.0,0.5,0.75,0.75
764,no_strict_e1_improvement,0,,,,,1,0,5,4,4,13,13,4,0,0,-1,current,0,0,0.7374157284696897,0.7374157284696897,9,9,9,9,9,0,0,1,1.0,1.0,1.0,1.0,1.0,1,1.0,1.0,1.0,1.0,1.0,1,1.0,1.0,1.0,1.0,1.0,1,1.0,1.0,1.0,1.0,1.0
765,no_strict_e1_improvement,0,,,,,1,0,1,1,1,1,1,4,0,0,-1,current,0,0,0.6032747601469358,0.6032747601469358,9,9,9,9,9,0,0,1,1.0,1.0,1.0,1.0,1.0,1,1.0,1.0,1.0,1.0,1.0,1,1.0,1.0,1.0,1.0,1.0,1,1.0,1.0,1.0,1.0,1.0
766,no_strict_e1_improvement,0,,,,,1,0,1,1,1,1,1,4,0,0,-1,current,0,0,0.6333660831054052,0.6333660831054052,11,0,0,0,0,0,0,0,0.0,0.5,1.0,0.75,0.75,0,0.0,0.5,1.0,0.75,0.75,0,0.0,0.5,1.0,0.75,0.75,0,0.0,0.5,1.0,0.75,0.75
767,no_strict_e1_improvement,0,,,,,1,0,1,1,1,1,1,4,0,0,-1,current,0,0,0.44600554183125496,0.44600554183125496,8,9,9,9,9,0,0,1,1.0,1.0,1.0,1.0,1.0,1,1.0,1.0,1.0,1.0,1.0,1,1.0,1.0,1.0,1.0,1.0,1,1.0,1.0,1.0,1.0,1.0
768,no_strict_e1_improvement,0,,,,,1,0,1,1,1,1,1,4,0,0,-1,current,0,0,0.4609199638168017,0.4609199638168017,9,0,0,0,0,0,0,0,0.0,0.5,0.6666666666666666,0.5833333333333334,0.5833333333333334,0,0.0,0.5,0.6666666666666666,0.5833333333333334,0.5833333333333334,0,0.0,0.5,0.6666666666666666,0.5833333333333334,0.5833333333333334,0,0.0,0.5,0.6666666666666666,0.5833333333333334,0.5833333333333334
769,no_strict_e1_improvement,0,,,,,1,0,1,1,1,1,1,4,0,0,-1,current,0,0,0.6072805126508077,0.6072805126508077,7,9,9,9,9,0,0,1,1.0,1.0,1.0,1.0,1.0,1,1.0,1.0,1.0,1.0,1.0,1,1.0,1.0,1.0,1.0,1.0,1,1.0,1.0,1.0,1.0,1.0
770,no_strict_e1_improvement,0,,,,,1,0,1,1,1,1,1,4,0,0,-1,current,0,0,0.6452919319272041,0.6452919319272041,6,0,0,0,0,0,0,0,0.0,1.0,0.5,0.75,0.75,0,0.0,1.0,0.5,0.75,0.75,0,0.0,1.0,0.5,0.75,0.75,0,0.0,1.0,0.5,0.75,0.75
771,no_strict_e1_improvement,0,,,,,1,0,1,1,1,1,1,4,0,0,-1,current,0,0,0.6856294224659601,0.6856294224659601,8,0,0,0,0,0,0,0,0.0,0.5,0.8333333333333334,0.6666666666666666,0.6666666666666666,0,0.0,0.5,0.8333333333333334,0.6666666666666666,0.6666666666666666,0,0.0,0.5,0.8333333333333334,0.6666666666666666,0.6666666666666666,0,0.0,0.5,0.8333333333333334,0.6666666666666666,0.6666666666666666
772,partial_completed__no_strict_e1_improvement,1,,3,2,4,1,0,1,1,1,1,1,4,0,0,-1,current,1,0,0.5888434424996376,0.5888434424996376,10,0,0,0,0,0,0,0,0.0,0.3333333333333333,0.5,0.4166666666666667,0.4166666666666667,0,0.0,0.5,1.0,0.75,0.75,0,0.0,0.5,1.0,0.75,0.75,0,0.0,0.5,1.0,0.75,0.75
773,partial_completed__no_strict_e1_improvement,1,,3,2,4,1,0,2,2,2,5,5,4,0,0,-1,current,1,0,0.6643717686335245,0.6643717686335245,7,6,0,0,0,-6,0,0,0.6666666666666666,0.5,0.6666666666666666,0.5833333333333334,0.5833333333333334,0,0.0,0.5,0.8333333333333334,0.6666666666666666,0.6666666666666666,0,0.0,0.5,0.8333333333333334,0.6666666666666666,0.6666666666666666,0,0.0,0.5,0.8333333333333334,0.6666666666666666,0.6666666666666666
774,partial_completed__max_rounds,1,,3,2,4,1,1,5,4,4,15,15,4,-1,0,1,profiled_beam,1,1,0.8873587548732758,0.7211590160926183,7,1,0,7,9,8,2,0,0.1111111111111111,0.3333333333333333,0.3333333333333333,0.3333333333333333,0.4166666666666667,0,0.0,0.5,0.3333333333333333,0.4166666666666667,0.5833333333333334,0,0.7777777777777778,0.6666666666666666,0.6666666666666666,0.6666666666666666,0.75,1,1.0,1.0,1.0,1.0,1.0
775,no_strict_e1_improvement,0,,,,,1,0,1,1,1,1,1,4,0,0,-1,current,0,0,0.6404676164189974,0.6404676164189974,10,9,9,9,9,0,0,1,1.0,1.0,1.0,1.0,1.0,1,1.0,1.0,1.0,1.0,1.0,1,1.0,1.0,1.0,1.0,1.0,1,1.0,1.0,1.0,1.0,1.0
776,max_rounds,0,,,,,1,1,3,2,2,8,8,4,0,0,1,profiled_beam,1,1,0.7828406641880671,0.7780109196901321,5,0,0,0,0,0,0,0,0.0,0.16666666666666666,0.16666666666666666,0.16666666666666666,0.3333333333333333,0,0.0,0.16666666666666666,0.16666666666666666,0.16666666666666666,0.3333333333333333,0,0.0,0.16666666666666666,0.16666666666666666,0.16666666666666666,0.3333333333333333,0,0.0,0.3333333333333333,0.16666666666666666,0.25,0.4166666666666667
777,no_strict_e1_improvement,0,,,,,1,0,1,1,1,2,2,4,0,0,-1,current,0,0,0.730947511891524,0.730947511891524,6,0,0,0,0,0,0,0,0.0,0.5,1.0,0.75,0.75,0,0.0,0.5,1.0,0.75,0.75,0,0.0,0.5,1.0,0.75,0.75,0,0.0,0.5,1.0,0.75,0.75
778,no_strict_e1_improvement,0,,,,,1,0,1,1,1,1,1,4,0,0,-1,current,0,0,0.6322706118226051,0.6322706118226051,11,9,9,9,9,0,0,1,1.0,1.0,1.0,1.0,1.0,1,1.0,1.0,1.0,1.0,1.0,1,1.0,1.0,1.0,1.0,1.0,1,1.0,1.0,1.0,1.0,1.0
779,no_strict_e1_improvement,0,,,,,1,0,1,1,1,1,1,4,0,0,-1,current,0,0,0.52866131067276,0.52866131067276,10,0,0,0,0,0,0,0,0.0,0.5,1.0,0.75,0.75,0,0.0,0.5,1.0,0.75,0.75,0,0.0,0.5,1.0,0.75,0.75,0,0.0,0.5,1.0,0.75,0.75
780,no_strict_e1_improvement,0,,,,,1,0,1,1,1,1,1,4,0,0,-1,current,0,0,0.5172943373521169,0.5172943373521169,12,9,9,9,9,0,0,1,1.0,1.0,1.0,1.0,1.0,1,1.0,1.0,1.0,1.0,1.0,1,1.0,1.0,1.0,1.0,1.0,1,1.0,1.0,1.0,1.0,1.0
781,no_strict_e1_improvement,0,,,,,1,0,1,1,1,1,1,4,0,0,-1,current,0,0,0.5108933001756668,0.5108933001756668,6,0,0,0,0,0,0,0,0.0,0.5,0.6666666666666666,0.5833333333333334,0.75,0,0.0,0.5,0.6666666666666666,0.5833333333333334,0.75,0,0.0,0.5,0.6666666666666666,0.5833333333333334,0.75,0,0.0,0.5,0.6666666666666666,0.5833333333333334,0.75
782,max_rounds,0,,,,,1,1,2,2,2,6,6,4,0,1,0,s1a3_greedy,1,0,0.7775721599658331,0.7004754220445951,9,0,0,9,9,9,0,0,0.0,0.5,1.0,0.75,0.75,0,0.0,0.5,1.0,0.75,0.75,1,1.0,1.0,1.0,1.0,1.0,1,1.0,1.0,1.0,1.0,1.0
783,max_rounds,0,,,,,1,1,3,2,2,6,6,4,0,0,1,profiled_beam,1,1,0.6008655726909637,0.5911949326594671,6,7,7,7,9,2,2,0,0.7777777777777778,0.6666666666666666,0.6666666666666666,0.6666666666666666,0.75,0,0.7777777777777778,0.6666666666666666,0.6666666666666666,0.6666666666666666,0.75,0,0.7777777777777778,0.6666666666666666,0.6666666666666666,0.6666666666666666,0.75,1,1.0,1.0,1.0,1.0,1.0
784,no_strict_e1_improvement,0,,,,,1,0,2,2,2,7,7,4,0,0,-1,current,0,0,0.5738315929969152,0.5738315929969152,7,9,9,9,9,0,0,1,1.0,1.0,1.0,1.0,1.0,1,1.0,1.0,1.0,1.0,1.0,1,1.0,1.0,1.0,1.0,1.0,1,1.0,1.0,1.0,1.0,1.0
785,max_rounds,0,,,,,1,1,5,4,4,15,15,4,0,0,1,profiled_beam,1,1,0.7684333150585493,0.7261423294742902,5,1,1,7,0,-1,-7,0,0.1111111111111111,0.3333333333333333,0.5,0.4166666666666667,0.4166666666666667,0,0.1111111111111111,0.3333333333333333,0.5,0.4166666666666667,0.4166666666666667,0,0.7777777777777778,0.6666666666666666,0.5,0.5833333333333334,0.5833333333333334,0,0.0,0.3333333333333333,0.5,0.4166666666666667,0.5833333333333334
786,max_rounds,0,,,,,1,1,3,2,2,6,6,4,1,0,0,s1a3_greedy,1,0,0.6699621677398682,0.6176471511522929,9,0,0,9,9,9,0,0,0.0,0.8333333333333334,0.5,0.6666666666666666,0.6666666666666666,0,0.0,0.8333333333333334,0.5,0.6666666666666666,0.6666666666666666,1,1.0,1.0,1.0,1.0,1.0,1,1.0,1.0,1.0,1.0,1.0
787,no_strict_e1_improvement,0,,,,,1,0,1,1,1,1,1,4,0,0,-1,current,0,0,0.6070966968933741,0.6070966968933741,9,9,9,9,9,0,0,1,1.0,1.0,1.0,1.0,1.0,1,1.0,1.0,1.0,1.0,1.0,1,1.0,1.0,1.0,1.0,1.0,1,1.0,1.0,1.0,1.0,1.0
788,no_strict_e1_improvement,0,,,,,1,0,1,1,1,1,1,4,0,0,-1,current,0,0,0.56800377368927,0.56800377368927,9,9,9,9,9,0,0,1,1.0,1.0,1.0,1.0,1.0,1,1.0,1.0,1.0,1.0,1.0,1,1.0,1.0,1.0,1.0,1.0,1,1.0,1.0,1.0,1.0,1.0
789,no_strict_e1_improvement,0,,,,,1,0,1,1,1,1,1,4,0,0,-1,current,0,0,0.7745818048715591,0.7745818048715591,8,7,7,7,7,0,0,0,0.7777777777777778,0.6666666666666666,0.6666666666666666,0.6666666666666666,0.8333333333333334,0,0.7777777777777778,0.6666666666666666,0.6666666666666666,0.6666666666666666,0.8333333333333334,0,0.7777777777777778,0.6666666666666666,0.6666666666666666,0.6666666666666666,0.8333333333333334,0,0.7777777777777778,0.6666666666666666,0.6666666666666666,0.6666666666666666,0.8333333333333334
790,no_strict_e1_improvement,0,,,,,1,0,1,1,1,1,1,4,0,0,-1,current,0,0,0.7398952866593996,0.7398952866593996,11,9,9,9,9,0,0,1,1.0,1.0,1.0,1.0,1.0,1,1.0,1.0,1.0,1.0,1.0,1,1.0,1.0,1.0,1.0,1.0,1,1.0,1.0,1.0,1.0,1.0
791,max_rounds,0,,,,,1,1,3,2,2,7,7,4,1,0,0,s1a3_greedy,1,0,0.5216100588440895,0.46545204023520154,6,2,2,0,0,-2,0,0,0.2222222222222222,0.5,0.0,0.25,0.3333333333333333,0,0.2222222222222222,0.5,0.0,0.25,0.3333333333333333,0,0.0,0.6666666666666666,0.16666666666666666,0.4166666666666667,0.6666666666666666,0,0.0,0.6666666666666666,0.16666666666666666,0.4166666666666667,0.6666666666666666
792,max_rounds,0,,,,,1,1,5,4,4,9,9,4,0,0,1,profiled_beam,1,1,0.6372523332635561,0.44640301664670307,6,6,6,7,9,3,2,0,0.6666666666666666,0.5,0.5,0.5,0.6666666666666666,0,0.6666666666666666,0.5,0.5,0.5,0.6666666666666666,0,0.7777777777777778,0.6666666666666666,0.6666666666666666,0.6666666666666666,0.75,1,1.0,1.0,1.0,1.0,1.0
793,no_strict_e1_improvement,0,,,,,1,0,1,1,1,1,1,4,0,0,-1,current,0,0,0.6295908863345782,0.6295908863345782,12,9,9,9,9,0,0,1,1.0,1.0,1.0,1.0,1.0,1,1.0,1.0,1.0,1.0,1.0,1,1.0,1.0,1.0,1.0,1.0,1,1.0,1.0,1.0,1.0,1.0
794,no_strict_e1_improvement,0,,,,,1,0,1,1,1,1,1,4,0,0,-1,current,0,0,0.5174278095364571,0.5174278095364571,9,1,1,1,1,0,0,0,0.1111111111111111,0.3333333333333333,0.6666666666666666,0.5,0.6666666666666666,0,0.1111111111111111,0.3333333333333333,0.6666666666666666,0.5,0.6666666666666666,0,0.1111111111111111,0.3333333333333333,0.6666666666666666,0.5,0.6666666666666666,0,0.1111111111111111,0.3333333333333333,0.6666666666666666,0.5,0.6666666666666666
795,no_strict_e1_improvement,0,,,,,1,0,1,1,1,2,2,4,0,0,-1,current,0,0,0.644395555059115,0.644395555059115,5,0,0,0,0,0,0,0,0.0,0.5,0.16666666666666666,0.3333333333333333,0.5,0,0.0,0.5,0.16666666666666666,0.3333333333333333,0.5,0,0.0,0.5,0.16666666666666666,0.3333333333333333,0.5,0,0.0,0.5,0.16666666666666666,0.3333333333333333,0.5
796,no_strict_e1_improvement,0,,,,,1,0,1,1,1,1,1,4,0,0,-1,current,0,0,0.7089463323354721,0.7089463323354721,7,0,0,0,0,0,0,0,0.0,0.5,1.0,0.75,0.75,0,0.0,0.5,1.0,0.75,0.75,0,0.0,0.5,1.0,0.75,0.75,0,0.0,0.5,1.0,0.75,0.75
797,no_strict_e1_improvement,0,,,,,1,0,1,1,1,1,1,4,0,0,-1,current,0,0,0.6399301464358965,0.6399301464358965,11,9,9,9,9,0,0,1,1.0,1.0,1.0,1.0,1.0,1,1.0,1.0,1.0,1.0,1.0,1,1.0,1.0,1.0,1.0,1.0,1,1.0,1.0,1.0,1.0,1.0
798,no_strict_e1_improvement,0,,,,,1,0,1,1,1,1,1,4,0,0,-1,current,0,0,0.6012911473711332,0.6012911473711332,11,9,9,9,9,0,0,1,1.0,1.0,1.0,1.0,1.0,1,1.0,1.0,1.0,1.0,1.0,1,1.0,1.0,1.0,1.0,1.0,1,1.0,1.0,1.0,1.0,1.0
799,no_strict_e1_improvement,0,,,,,1,0,1,1,1,1,1,4,0,0,-1,current,0,0,0.6129663462440172,0.6129663462440172,8,0,0,0,0,0,0,0,0.0,0.5,0.8333333333333334,0.6666666666666666,0.6666666666666666,0,0.0,0.5,0.8333333333333334,0.6666666666666666,0.6666666666666666,0,0.0,0.5,0.8333333333333334,0.6666666666666666,0.6666666666666666,0,0.0,0.5,0.8333333333333334,0.6666666666666666,0.6666666666666666
800,max_rounds,0,,,,,1,1,2,2,2,6,6,4,-1,0,0,s1a3_greedy,1,0,0.7191255788008372,0.6897469113270441,10,0,0,9,9,9,0,0,0.0,1.0,0.5,0.75,0.75,0,0.0,1.0,0.5,0.75,0.75,1,1.0,1.0,1.0,1.0,1.0,1,1.0,1.0,1.0,1.0,1.0
801,no_strict_e1_improvement,0,,,,,1,0,1,1,1,1,1,4,0,0,-1,current,0,0,0.5196718300382296,0.5196718300382296,10,9,9,9,9,0,0,1,1.0,1.0,1.0,1.0,1.0,1,1.0,1.0,1.0,1.0,1.0,1,1.0,1.0,1.0,1.0,1.0,1,1.0,1.0,1.0,1.0,1.0
802,no_strict_e1_improvement,0,,,,,1,0,2,2,2,8,8,4,0,0,-1,current,0,0,0.6051940073569616,0.6051940073569616,7,1,1,1,1,0,0,0,0.1111111111111111,0.3333333333333333,0.6666666666666666,0.5,0.5833333333333334,0,0.1111111111111111,0.3333333333333333,0.6666666666666666,0.5,0.5833333333333334,0,0.1111111111111111,0.3333333333333333,0.6666666666666666,0.5,0.5833333333333334,0,0.1111111111111111,0.3333333333333333,0.6666666666666666,0.5,0.5833333333333334
803,no_strict_e1_improvement,0,,,,,1,0,2,2,2,7,7,4,0,0,-1,current,0,0,0.7643961136539777,0.7643961136539777,11,9,9,9,9,0,0,1,1.0,1.0,1.0,1.0,1.0,1,1.0,1.0,1.0,1.0,1.0,1,1.0,1.0,1.0,1.0,1.0,1,1.0,1.0,1.0,1.0,1.0
804,max_rounds,0,,,,,1,1,3,2,2,7,7,4,0,0,0,s1a3_greedy,1,0,0.6053192714850107,0.5607095658779144,5,0,0,0,0,0,0,0,0.0,0.5,0.16666666666666666,0.3333333333333333,0.4166666666666667,0,0.0,0.5,0.16666666666666666,0.3333333333333333,0.4166666666666667,0,0.0,0.8333333333333334,0.5,0.6666666666666666,0.6666666666666666,0,0.0,0.8333333333333334,0.5,0.6666666666666666,0.6666666666666666
805,max_rounds,0,,,,,1,1,3,2,2,7,7,4,0,0,0,s1a3_greedy,1,0,0.66535434871912,0.6298883333802223,6,7,7,9,9,2,0,0,0.7777777777777778,0.6666666666666666,0.6666666666666666,0.6666666666666666,0.8333333333333334,0,0.7777777777777778,0.6666666666666666,0.6666666666666666,0.6666666666666666,0.8333333333333334,1,1.0,1.0,1.0,1.0,1.0,1,1.0,1.0,1.0,1.0,1.0
806,max_rounds,0,,,,,1,1,3,2,2,7,7,4,0,-1,0,s1a3_greedy,1,0,0.6961405724287033,0.6172428205609322,11,0,0,9,9,9,0,0,0.0,0.5,0.8333333333333334,0.6666666666666666,0.6666666666666666,0,0.0,0.5,0.8333333333333334,0.6666666666666666,0.6666666666666666,1,1.0,1.0,1.0,1.0,1.0,1,1.0,1.0,1.0,1.0,1.0
807,partial_completed__no_strict_e1_improvement,1,,3,2,4,1,0,2,2,2,8,8,4,0,0,-1,current,1,0,0.6886298408110937,0.6886298408110937,6,0,0,0,0,0,0,0,0.0,0.6666666666666666,0.5,0.5833333333333334,0.5833333333333334,0,0.0,0.6666666666666666,0.5,0.5833333333333334,0.6666666666666666,0,0.0,0.6666666666666666,0.5,0.5833333333333334,0.6666666666666666,0,0.0,0.6666666666666666,0.5,0.5833333333333334,0.6666666666666666
808,max_rounds,0,,,,,1,1,2,1,1,2,2,4,0,0,0,s1a3_greedy,1,0,0.6889737024903297,0.679570272564888,6,1,1,0,0,-1,0,0,0.1111111111111111,0.5,0.5,0.5,0.5833333333333334,0,0.1111111111111111,0.5,0.5,0.5,0.5833333333333334,0,0.0,0.3333333333333333,0.6666666666666666,0.5,0.5833333333333334,0,0.0,0.3333333333333333,0.6666666666666666,0.5,0.5833333333333334
809,no_strict_e1_improvement,0,,,,,1,0,1,1,1,1,1,4,0,0,-1,current,0,0,0.6849512085318565,0.6849512085318565,8,9,9,9,9,0,0,1,1.0,1.0,1.0,1.0,1.0,1,1.0,1.0,1.0,1.0,1.0,1,1.0,1.0,1.0,1.0,1.0,1,1.0,1.0,1.0,1.0,1.0
810,small_component,0,,,,,1,0,0,0,0,0,0,4,0,0,-1,current,0,0,0.8610633537173271,0.8610633537173271,6,0,0,0,0,0,0,0,0.0,0.3333333333333333,0.3333333333333333,0.3333333333333333,0.5,0,0.0,0.3333333333333333,0.3333333333333333,0.3333333333333333,0.5,0,0.0,0.3333333333333333,0.3333333333333333,0.3333333333333333,0.5,0,0.0,0.3333333333333333,0.3333333333333333,0.3333333333333333,0.5
811,no_strict_e1_improvement,0,,,,,1,0,1,1,1,1,1,4,0,0,-1,current,0,0,0.695226639509201,0.695226639509201,7,0,0,0,0,0,0,0,0.0,0.5,1.0,0.75,0.75,0,0.0,0.5,1.0,0.75,0.75,0,0.0,0.5,1.0,0.75,0.75,0,0.0,0.5,1.0,0.75,0.75
812,no_strict_e1_improvement,0,,,,,1,0,1,1,1,1,1,4,0,0,-1,current,0,0,0.5596470509966215,0.5596470509966215,10,0,0,0,0,0,0,0,0.0,0.5,1.0,0.75,0.75,0,0.0,0.5,1.0,0.75,0.75,0,0.0,0.5,1.0,0.75,0.75,0,0.0,0.5,1.0,0.75,0.75
813,partial_completed__no_strict_e1_improvement,1,,3,2,3,1,0,1,1,1,1,1,4,0,0,-1,current,1,0,0.6615041246016821,0.6615041246016821,5,6,9,9,9,3,0,0,0.6666666666666666,0.6666666666666666,0.5,0.5833333333333334,0.5833333333333334,1,1.0,1.0,1.0,1.0,1.0,1,1.0,1.0,1.0,1.0,1.0,1,1.0,1.0,1.0,1.0,1.0
814,no_strict_e1_improvement,0,,,,,1,0,1,1,1,1,1,4,0,0,-1,current,0,0,0.5225344424446424,0.5225344424446424,9,9,9,9,9,0,0,1,1.0,1.0,1.0,1.0,1.0,1,1.0,1.0,1.0,1.0,1.0,1,1.0,1.0,1.0,1.0,1.0,1,1.0,1.0,1.0,1.0,1.0
815,no_strict_e1_improvement,0,,,,,1,0,2,2,2,5,5,4,0,0,-1,current,0,0,0.5334298784534136,0.5334298784534136,7,7,7,7,7,0,0,0,0.7777777777777778,0.6666666666666666,0.6666666666666666,0.6666666666666666,0.8333333333333334,0,0.7777777777777778,0.6666666666666666,0.6666666666666666,0.6666666666666666,0.8333333333333334,0,0.7777777777777778,0.6666666666666666,0.6666666666666666,0.6666666666666666,0.8333333333333334,0,0.7777777777777778,0.6666666666666666,0.6666666666666666,0.6666666666666666,0.8333333333333334
816,max_rounds,0,,,,,1,1,5,4,4,14,14,4,0,0,0,s1a3_greedy,1,0,0.7726873829960823,0.7046869223316511,6,7,7,9,9,2,0,0,0.7777777777777778,0.6666666666666666,0.6666666666666666,0.6666666666666666,0.75,0,0.7777777777777778,0.6666666666666666,0.6666666666666666,0.6666666666666666,0.75,1,1.0,1.0,1.0,1.0,1.0,1,1.0,1.0,1.0,1.0,1.0
817,max_rounds,0,,,,,1,1,2,2,2,6,6,4,-1,0,0,s1a3_greedy,1,0,0.6210862323641777,0.5895430917541186,10,0,0,9,9,9,0,0,0.0,1.0,0.5,0.75,0.75,0,0.0,1.0,0.5,0.75,0.75,1,1.0,1.0,1.0,1.0,1.0,1,1.0,1.0,1.0,1.0,1.0
818,max_rounds,0,,,,,1,1,3,2,2,5,5,4,0,-1,1,profiled_beam,1,1,0.8041018644968668,0.6973922948042551,7,6,6,9,0,-6,-9,0,0.6666666666666666,0.5,0.8333333333333334,0.6666666666666666,0.6666666666666666,0,0.6666666666666666,0.5,0.8333333333333334,0.6666666666666666,0.6666666666666666,1,1.0,1.0,1.0,1.0,1.0,0,0.0,0.5,1.0,0.75,0.75
819,no_strict_e1_improvement,0,,,,,1,0,1,1,1,1,1,4,0,0,-1,current,0,0,0.6853343769907951,0.6853343769907951,7,9,9,9,9,0,0,1,1.0,1.0,1.0,1.0,1.0,1,1.0,1.0,1.0,1.0,1.0,1,1.0,1.0,1.0,1.0,1.0,1,1.0,1.0,1.0,1.0,1.0
820,no_strict_e1_improvement,0,,,,,1,0,2,2,2,6,6,4,0,0,-1,current,0,0,0.7923257177074751,0.7923257177074751,8,6,6,6,6,0,0,0,0.6666666666666666,0.8333333333333334,0.0,0.4166666666666667,0.4166666666666667,0,0.6666666666666666,0.8333333333333334,0.0,0.4166666666666667,0.4166666666666667,0,0.6666666666666666,0.8333333333333334,0.0,0.4166666666666667,0.4166666666666667,0,0.6666666666666666,0.8333333333333334,0.0,0.4166666666666667,0.4166666666666667
821,no_strict_e1_improvement,0,,,,,1,0,1,1,1,1,1,4,0,0,-1,current,0,0,0.6397294153769811,0.6397294153769811,8,9,9,9,9,0,0,1,1.0,1.0,1.0,1.0,1.0,1,1.0,1.0,1.0,1.0,1.0,1,1.0,1.0,1.0,1.0,1.0,1,1.0,1.0,1.0,1.0,1.0
822,max_rounds,0,,,,,1,1,3,2,2,6,6,4,1,0,0,s1a3_greedy,1,0,0.770910789569219,0.6451610525449117,7,0,0,9,9,9,0,0,0.0,0.6666666666666666,0.5,0.5833333333333334,0.6666666666666666,0,0.0,0.6666666666666666,0.5,0.5833333333333334,0.6666666666666666,1,1.0,1.0,1.0,1.0,1.0,1,1.0,1.0,1.0,1.0,1.0
823,max_rounds,0,,,,,1,1,3,2,2,6,6,4,0,0,0,s1a3_greedy,1,0,0.6850915886461735,0.5133279773096243,8,0,0,0,0,0,0,0,0.0,0.0,0.8333333333333334,0.4166666666666667,0.4166666666666667,0,0.0,0.0,0.8333333333333334,0.4166666666666667,0.4166666666666667,0,0.0,0.5,1.0,0.75,0.75,0,0.0,0.5,1.0,0.75,0.75
824,small_component,0,,,,,1,0,0,0,0,0,0,4,0,0,-1,current,0,0,0.7077088082830111,0.7077088082830111,4,0,0,0,0,0,0,0,0.0,0.0,0.3333333333333333,0.16666666666666666,0.3333333333333333,0,0.0,0.0,0.3333333333333333,0.16666666666666666,0.3333333333333333,0,0.0,0.0,0.3333333333333333,0.16666666666666666,0.3333333333333333,0,0.0,0.0,0.3333333333333333,0.16666666666666666,0.3333333333333333
825,no_strict_e1_improvement,0,,,,,1,0,1,1,1,2,2,4,0,0,-1,current,0,0,0.6541585698723793,0.6541585698723793,6,0,0,0,0,0,0,0,0.0,0.5,0.6666666666666666,0.5833333333333334,0.6666666666666666,0,0.0,0.5,0.6666666666666666,0.5833333333333334,0.6666666666666666,0,0.0,0.5,0.6666666666666666,0.5833333333333334,0.6666666666666666,0,0.0,0.5,0.6666666666666666,0.5833333333333334,0.6666666666666666
826,partial_completed__no_strict_e1_improvement,1,,3,2,3,1,0,1,1,1,1,1,4,0,0,-1,current,1,0,0.6367889220515887,0.6367889220515887,8,0,0,0,0,0,0,0,0.0,0.6666666666666666,0.5,0.5833333333333334,0.5833333333333334,0,0.0,1.0,0.5,0.75,0.75,0,0.0,1.0,0.5,0.75,0.75,0,0.0,1.0,0.5,0.75,0.75
827,no_strict_e1_improvement,0,,,,,1,0,1,1,1,1,1,4,0,0,-1,current,0,0,0.5413580785195032,0.5413580785195032,10,0,0,0,0,0,0,0,0.0,0.5,1.0,0.75,0.75,0,0.0,0.5,1.0,0.75,0.75,0,0.0,0.5,1.0,0.75,0.75,0,0.0,0.5,1.0,0.75,0.75
828,no_strict_e1_improvement,0,,,,,1,0,1,1,1,1,1,4,0,0,-1,current,0,0,0.7364736298720042,0.7364736298720042,6,0,0,0,0,0,0,0,0.0,0.5,0.6666666666666666,0.5833333333333334,0.5833333333333334,0,0.0,0.5,0.6666666666666666,0.5833333333333334,0.5833333333333334,0,0.0,0.5,0.6666666666666666,0.5833333333333334,0.5833333333333334,0,0.0,0.5,0.6666666666666666,0.5833333333333334,0.5833333333333334
829,no_strict_e1_improvement,0,,,,,1,0,1,1,1,1,1,4,0,0,-1,current,0,0,0.6984020546078682,0.6984020546078682,8,2,2,2,2,0,0,0,0.2222222222222222,0.16666666666666666,0.6666666666666666,0.4166666666666667,0.5833333333333334,0,0.2222222222222222,0.16666666666666666,0.6666666666666666,0.4166666666666667,0.5833333333333334,0,0.2222222222222222,0.16666666666666666,0.6666666666666666,0.4166666666666667,0.5833333333333334,0,0.2222222222222222,0.16666666666666666,0.6666666666666666,0.4166666666666667,0.5833333333333334
830,no_strict_e1_improvement,0,,,,,1,0,2,2,2,6,6,4,0,0,-1,current,0,0,0.6075306832790375,0.6075306832790375,9,9,9,9,9,0,0,1,1.0,1.0,1.0,1.0,1.0,1,1.0,1.0,1.0,1.0,1.0,1,1.0,1.0,1.0,1.0,1.0,1,1.0,1.0,1.0,1.0,1.0
831,max_rounds,0,,,,,1,1,2,2,2,7,7,4,1,0,0,s1a3_greedy,1,0,0.6804376368721327,0.6696494693557421,6,7,7,0,0,-7,0,0,0.7777777777777778,0.6666666666666666,0.6666666666666666,0.6666666666666666,0.75,0,0.7777777777777778,0.6666666666666666,0.6666666666666666,0.6666666666666666,0.75,0,0.0,0.6666666666666666,0.5,0.5833333333333334,0.6666666666666666,0,0.0,0.6666666666666666,0.5,0.5833333333333334,0.6666666666666666
832,partial_completed__small_component,1,,3,2,4,1,0,0,0,0,0,0,4,0,0,-1,current,1,0,0.6616901482144991,0.6616901482144991,5,3,3,3,3,0,0,0,0.3333333333333333,0.0,0.5,0.25,0.25,0,0.3333333333333333,0.3333333333333333,0.6666666666666666,0.5,0.5833333333333334,0,0.3333333333333333,0.3333333333333333,0.6666666666666666,0.5,0.5833333333333334,0,0.3333333333333333,0.3333333333333333,0.6666666666666666,0.5,0.5833333333333334
833,small_component,0,,,,,1,0,0,0,0,0,0,4,0,0,-1,current,0,0,0.46537067741155624,0.46537067741155624,4,1,1,1,1,0,0,0,0.1111111111111111,0.3333333333333333,0.5,0.4166666666666667,0.4166666666666667,0,0.1111111111111111,0.3333333333333333,0.5,0.4166666666666667,0.4166666666666667,0,0.1111111111111111,0.3333333333333333,0.5,0.4166666666666667,0.4166666666666667,0,0.1111111111111111,0.3333333333333333,0.5,0.4166666666666667,0.4166666666666667
834,no_strict_e1_improvement,0,,,,,1,0,1,1,1,1,1,4,0,0,-1,current,0,0,0.7161976049343745,0.7161976049343745,9,0,0,0,0,0,0,0,0.0,0.5,1.0,0.75,0.75,0,0.0,0.5,1.0,0.75,0.75,0,0.0,0.5,1.0,0.75,0.75,0,0.0,0.5,1.0,0.75,0.75
835,no_strict_e1_improvement,0,,,,,1,0,1,1,1,1,1,4,0,0,-1,current,0,0,0.6673415154218674,0.6673415154218674,9,0,0,0,0,0,0,0,0.0,0.5,0.6666666666666666,0.5833333333333334,0.75,0,0.0,0.5,0.6666666666666666,0.5833333333333334,0.75,0,0.0,0.5,0.6666666666666666,0.5833333333333334,0.75,0,0.0,0.5,0.6666666666666666,0.5833333333333334,0.75
836,no_strict_e1_improvement,0,,,,,1,0,1,1,1,1,1,4,0,0,-1,current,0,0,0.6738513906796774,0.6738513906796774,8,9,9,9,9,0,0,1,1.0,1.0,1.0,1.0,1.0,1,1.0,1.0,1.0,1.0,1.0,1,1.0,1.0,1.0,1.0,1.0,1,1.0,1.0,1.0,1.0,1.0
837,max_rounds,0,,,,,1,1,3,2,2,8,8,4,-1,0,0,s1a3_greedy,1,0,0.7049211412668228,0.5960125674804052,7,7,7,0,0,-7,0,0,0.7777777777777778,0.6666666666666666,0.6666666666666666,0.6666666666666666,0.8333333333333334,0,0.7777777777777778,0.6666666666666666,0.6666666666666666,0.6666666666666666,0.8333333333333334,0,0.0,1.0,0.5,0.75,0.75,0,0.0,1.0,0.5,0.75,0.75
838,no_strict_e1_improvement,0,,,,,1,0,1,1,1,1,1,4,0,0,-1,current,0,0,0.7195910885930061,0.7195910885930061,9,0,0,0,0,0,0,0,0.0,0.5,1.0,0.75,0.75,0,0.0,0.5,1.0,0.75,0.75,0,0.0,0.5,1.0,0.75,0.75,0,0.0,0.5,1.0,0.75,0.75
839,no_strict_e1_improvement,0,,,,,1,0,1,1,1,1,1,4,0,0,-1,current,0,0,0.7462410777807236,0.7462410777807236,6,2,2,2,2,0,0,0,0.2222222222222222,0.3333333333333333,0.16666666666666666,0.25,0.5,0,0.2222222222222222,0.3333333333333333,0.16666666666666666,0.25,0.5,0,0.2222222222222222,0.3333333333333333,0.16666666666666666,0.25,0.5,0,0.2222222222222222,0.3333333333333333,0.16666666666666666,0.25,0.5
840,no_strict_e1_improvement,0,,,,,1,0,1,1,1,1,1,4,0,0,-1,current,0,0,0.7209449311097463,0.7209449311097463,7,9,9,9,9,0,0,1,1.0,1.0,1.0,1.0,1.0,1,1.0,1.0,1.0,1.0,1.0,1,1.0,1.0,1.0,1.0,1.0,1,1.0,1.0,1.0,1.0,1.0
841,small_component,0,,,,,1,0,0,0,0,0,0,4,0,0,-1,current,0,0,0.8781928271055222,0.8781928271055222,5,1,1,1,1,0,0,0,0.1111111111111111,0.3333333333333333,0.3333333333333333,0.3333333333333333,0.4166666666666667,0,0.1111111111111111,0.3333333333333333,0.3333333333333333,0.3333333333333333,0.4166666666666667,0,0.1111111111111111,0.3333333333333333,0.3333333333333333,0.3333333333333333,0.4166666666666667,0,0.1111111111111111,0.3333333333333333,0.3333333333333333,0.3333333333333333,0.4166666666666667
842,small_component,0,,,,,1,0,0,0,0,0,0,4,0,0,-1,current,0,0,0.8084527427951494,0.8084527427951494,5,0,0,0,0,0,0,0,0.0,0.16666666666666666,0.0,0.08333333333333333,0.25,0,0.0,0.16666666666666666,0.0,0.08333333333333333,0.25,0,0.0,0.16666666666666666,0.0,0.08333333333333333,0.25,0,0.0,0.16666666666666666,0.0,0.08333333333333333,0.25
843,no_strict_e1_improvement,0,,,,,1,0,1,1,1,1,1,4,0,0,-1,current,0,0,0.5934967423478762,0.5934967423478762,10,9,9,9,9,0,0,1,1.0,1.0,1.0,1.0,1.0,1,1.0,1.0,1.0,1.0,1.0,1,1.0,1.0,1.0,1.0,1.0,1,1.0,1.0,1.0,1.0,1.0
844,max_rounds,0,,,,,1,1,5,4,4,13,13,4,-1,0,0,s1a3_greedy,1,0,0.6565857057770094,0.4997110863526662,7,0,0,9,9,9,0,0,0.0,0.8333333333333334,0.5,0.6666666666666666,0.6666666666666666,0,0.0,0.8333333333333334,0.5,0.6666666666666666,0.6666666666666666,1,1.0,1.0,1.0,1.0,1.0,1,1.0,1.0,1.0,1.0,1.0
845,no_strict_e1_improvement,0,,,,,1,0,1,1,1,1,1,4,0,0,-1,current,0,0,0.5726238116621971,0.5726238116621971,7,6,6,6,6,0,0,0,0.6666666666666666,0.5,0.8333333333333334,0.6666666666666666,0.6666666666666666,0,0.6666666666666666,0.5,0.8333333333333334,0.6666666666666666,0.6666666666666666,0,0.6666666666666666,0.5,0.8333333333333334,0.6666666666666666,0.6666666666666666,0,0.6666666666666666,0.5,0.8333333333333334,0.6666666666666666,0.6666666666666666
846,partial_completed__small_component,1,,3,2,4,1,0,0,0,0,0,0,4,0,0,-1,current,1,0,0.6938780595858892,0.6938780595858892,4,3,3,3,3,0,0,0,0.3333333333333333,0.0,0.5,0.25,0.3333333333333333,0,0.3333333333333333,0.16666666666666666,0.5,0.3333333333333333,0.5833333333333334,0,0.3333333333333333,0.16666666666666666,0.5,0.3333333333333333,0.5833333333333334,0,0.3333333333333333,0.16666666666666666,0.5,0.3333333333333333,0.5833333333333334
847,max_rounds,0,,,,,1,1,5,4,4,15,15,4,1,0,0,s1a3_greedy,1,0,0.7668023084600767,0.6877482061584791,5,4,4,5,5,1,0,0,0.4444444444444444,0.3333333333333333,0.5,0.4166666666666667,0.5,0,0.4444444444444444,0.3333333333333333,0.5,0.4166666666666667,0.5,0,0.5555555555555556,0.6666666666666666,0.3333333333333333,0.5,0.6666666666666666,0,0.5555555555555556,0.6666666666666666,0.3333333333333333,0.5,0.6666666666666666
848,max_rounds,0,,,,,1,1,4,4,4,15,15,4,1,1,1,profiled_beam,1,1,0.9028309533993403,0.8578618516524633,5,1,1,3,5,4,2,0,0.1111111111111111,0.0,0.3333333333333333,0.16666666666666666,0.3333333333333333,0,0.1111111111111111,0.0,0.3333333333333333,0.16666666666666666,0.3333333333333333,0,0.3333333333333333,0.16666666666666666,0.3333333333333333,0.25,0.4166666666666667,0,0.5555555555555556,0.3333333333333333,0.3333333333333333,0.3333333333333333,0.6666666666666666
849,max_rounds,0,,,,,1,1,5,4,4,16,16,4,1,0,1,profiled_beam,1,1,0.8012206802765528,0.7841898451248804,4,0,0,0,1,1,1,0,0.0,0.16666666666666666,0.0,0.08333333333333333,0.25,0,0.0,0.16666666666666666,0.0,0.08333333333333333,0.25,0,0.0,0.5,0.0,0.25,0.5,0,0.1111111111111111,0.16666666666666666,0.0,0.08333333333333333,0.3333333333333333
850,no_strict_e1_improvement,0,,,,,1,0,2,2,2,4,4,4,0,0,-1,current,0,0,0.7112810735901197,0.7112810735901197,6,0,0,0,0,0,0,0,0.0,0.5,0.6666666666666666,0.5833333333333334,0.6666666666666666,0,0.0,0.5,0.6666666666666666,0.5833333333333334,0.6666666666666666,0,0.0,0.5,0.6666666666666666,0.5833333333333334,0.6666666666666666,0,0.0,0.5,0.6666666666666666,0.5833333333333334,0.6666666666666666
851,no_strict_e1_improvement,0,,,,,1,0,1,1,1,1,1,4,0,0,-1,current,0,0,0.5633894552787145,0.5633894552787145,8,9,9,9,9,0,0,1,1.0,1.0,1.0,1.0,1.0,1,1.0,1.0,1.0,1.0,1.0,1,1.0,1.0,1.0,1.0,1.0,1,1.0,1.0,1.0,1.0,1.0
852,no_strict_e1_improvement,0,,,,,1,0,1,1,1,1,1,4,0,0,-1,current,0,0,0.6194533531864485,0.6194533531864485,9,0,0,0,0,0,0,0,0.0,0.5,1.0,0.75,0.75,0,0.0,0.5,1.0,0.75,0.75,0,0.0,0.5,1.0,0.75,0.75,0,0.0,0.5,1.0,0.75,0.75
853,no_strict_e1_improvement,0,,,,,1,0,1,1,1,1,1,4,0,0,-1,current,0,0,0.5358909144997597,0.5358909144997597,12,9,9,9,9,0,0,1,1.0,1.0,1.0,1.0,1.0,1,1.0,1.0,1.0,1.0,1.0,1,1.0,1.0,1.0,1.0,1.0,1,1.0,1.0,1.0,1.0,1.0
854,small_component,0,,,,,1,0,0,0,0,0,0,4,0,0,-1,current,0,0,1.0048726846774418,1.0048726846774418,1,1,1,1,1,0,0,0,0.1111111111111111,0.0,0.16666666666666666,0.08333333333333333,0.16666666666666666,0,0.1111111111111111,0.0,0.16666666666666666,0.08333333333333333,0.16666666666666666,0,0.1111111111111111,0.0,0.16666666666666666,0.08333333333333333,0.16666666666666666,0,0.1111111111111111,0.0,0.16666666666666666,0.08333333333333333,0.16666666666666666
855,no_strict_e1_improvement,0,,,,,1,0,1,1,1,1,1,4,0,0,-1,current,0,0,0.5554245958725611,0.5554245958725611,7,5,5,5,5,0,0,0,0.5555555555555556,0.3333333333333333,0.6666666666666666,0.5,0.8333333333333334,0,0.5555555555555556,0.3333333333333333,0.6666666666666666,0.5,0.8333333333333334,0,0.5555555555555556,0.3333333333333333,0.6666666666666666,0.5,0.8333333333333334,0,0.5555555555555556,0.3333333333333333,0.6666666666666666,0.5,0.8333333333333334
856,no_strict_e1_improvement,0,,,,,1,0,1,1,1,2,2,4,0,0,-1,current,0,0,0.7106338789065679,0.7106338789065679,7,9,9,9,9,0,0,1,1.0,1.0,1.0,1.0,1.0,1,1.0,1.0,1.0,1.0,1.0,1,1.0,1.0,1.0,1.0,1.0,1,1.0,1.0,1.0,1.0,1.0
857,no_strict_e1_improvement,0,,,,,1,0,2,2,2,6,6,4,0,0,-1,current,0,0,0.6883361041545868,0.6883361041545868,7,7,7,7,7,0,0,0,0.7777777777777778,0.6666666666666666,0.6666666666666666,0.6666666666666666,0.8333333333333334,0,0.7777777777777778,0.6666666666666666,0.6666666666666666,0.6666666666666666,0.8333333333333334,0,0.7777777777777778,0.6666666666666666,0.6666666666666666,0.6666666666666666,0.8333333333333334,0,0.7777777777777778,0.6666666666666666,0.6666666666666666,0.6666666666666666,0.8333333333333334
858,no_strict_e1_improvement,0,,,,,1,0,1,1,1,1,1,4,0,0,-1,current,0,0,0.5828623001774152,0.5828623001774152,7,0,0,0,0,0,0,0,0.0,0.3333333333333333,0.16666666666666666,0.25,0.3333333333333333,0,0.0,0.3333333333333333,0.16666666666666666,0.25,0.3333333333333333,0,0.0,0.3333333333333333,0.16666666666666666,0.25,0.3333333333333333,0,0.0,0.3333333333333333,0.16666666666666666,0.25,0.3333333333333333
859,small_component,0,,,,,1,0,0,0,0,0,0,4,0,0,-1,current,0,0,0.6476881901423136,0.6476881901423136,5,4,4,4,4,0,0,0,0.4444444444444444,0.5,0.3333333333333333,0.4166666666666667,0.5,0,0.4444444444444444,0.5,0.3333333333333333,0.4166666666666667,0.5,0,0.4444444444444444,0.5,0.3333333333333333,0.4166666666666667,0.5,0,0.4444444444444444,0.5,0.3333333333333333,0.4166666666666667,0.5
860,no_strict_e1_improvement,0,,,,,1,0,1,1,1,1,1,4,0,0,-1,current,0,0,0.4827943245569865,0.4827943245569865,11,9,9,9,9,0,0,1,1.0,1.0,1.0,1.0,1.0,1,1.0,1.0,1.0,1.0,1.0,1,1.0,1.0,1.0,1.0,1.0,1,1.0,1.0,1.0,1.0,1.0
861,no_strict_e1_improvement,0,,,,,1,0,1,1,1,1,1,4,0,0,-1,current,0,0,0.7113789469003677,0.7113789469003677,8,0,0,0,0,0,0,0,0.0,0.5,1.0,0.75,0.75,0,0.0,0.5,1.0,0.75,0.75,0,0.0,0.5,1.0,0.75,0.75,0,0.0,0.5,1.0,0.75,0.75
862,max_rounds,0,,,,,1,1,3,2,2,7,7,4,0,0,1,profiled_beam,1,1,0.6129475062092146,0.5976246520876884,9,0,0,0,0,0,0,0,0.0,0.0,0.8333333333333334,0.4166666666666667,0.4166666666666667,0,0.0,0.0,0.8333333333333334,0.4166666666666667,0.4166666666666667,0,0.0,0.5,1.0,0.75,0.75,0,0.0,0.5,1.0,0.75,0.75
863,max_rounds,0,,,,,1,1,3,2,2,8,8,4,-1,0,0,s1a3_greedy,1,0,0.63460140923659,0.560009703040123,7,0,0,0,0,0,0,0,0.0,0.5,0.5,0.5,0.5,0,0.0,0.5,0.5,0.5,0.5,0,0.0,0.5,1.0,0.75,0.75,0,0.0,0.5,1.0,0.75,0.75
864,max_rounds,0,,,,,1,1,5,4,4,16,16,4,0,0,0,s1a3_greedy,1,0,0.7657879193623861,0.6968262369434038,6,3,3,2,2,-1,0,0,0.3333333333333333,0.0,0.5,0.25,0.5,0,0.3333333333333333,0.0,0.5,0.25,0.5,0,0.2222222222222222,0.16666666666666666,0.6666666666666666,0.4166666666666667,0.5833333333333334,0,0.2222222222222222,0.16666666666666666,0.6666666666666666,0.4166666666666667,0.5833333333333334
865,no_strict_e1_improvement,0,,,,,1,0,2,2,2,8,8,4,0,0,-1,current,0,0,0.5461324925223986,0.5461324925223986,5,3,3,3,3,0,0,0,0.3333333333333333,0.5,0.6666666666666666,0.5833333333333334,0.5833333333333334,0,0.3333333333333333,0.5,0.6666666666666666,0.5833333333333334,0.5833333333333334,0,0.3333333333333333,0.5,0.6666666666666666,0.5833333333333334,0.5833333333333334,0,0.3333333333333333,0.5,0.6666666666666666,0.5833333333333334,0.5833333333333334
866,max_rounds,0,,,,,1,1,3,2,2,7,7,4,0,1,1,profiled_beam,1,1,0.7718238408366839,0.7259793107708296,7,2,2,3,0,-2,-3,0,0.2222222222222222,0.6666666666666666,0.16666666666666666,0.4166666666666667,0.5833333333333334,0,0.2222222222222222,0.6666666666666666,0.16666666666666666,0.4166666666666667,0.5833333333333334,0,0.3333333333333333,1.0,0.0,0.5,0.75,0,0.0,0.5,0.3333333333333333,0.4166666666666667,0.5833333333333334
867,small_component,0,,,,,1,0,0,0,0,0,0,4,0,0,-1,current,0,0,0.7431861261526743,0.7431861261526743,5,1,1,1,1,0,0,0,0.1111111111111111,0.3333333333333333,0.5,0.4166666666666667,0.5833333333333334,0,0.1111111111111111,0.3333333333333333,0.5,0.4166666666666667,0.5833333333333334,0,0.1111111111111111,0.3333333333333333,0.5,0.4166666666666667,0.5833333333333334,0,0.1111111111111111,0.3333333333333333,0.5,0.4166666666666667,0.5833333333333334
868,max_rounds,0,,,,,1,1,4,4,4,14,14,4,-1,1,1,profiled_beam,1,1,0.6235638583699862,0.5724121034145355,5,2,2,2,0,-2,-2,0,0.2222222222222222,0.16666666666666666,0.6666666666666666,0.4166666666666667,0.5833333333333334,0,0.2222222222222222,0.16666666666666666,0.6666666666666666,0.4166666666666667,0.5833333333333334,0,0.2222222222222222,0.16666666666666666,0.6666666666666666,0.4166666666666667,0.5833333333333334,0,0.0,0.3333333333333333,0.5,0.4166666666666667,0.5833333333333334
869,no_strict_e1_improvement,0,,,,,1,0,1,1,1,1,1,4,0,0,-1,current,0,0,0.5492980579535166,0.5492980579535166,9,9,9,9,9,0,0,1,1.0,1.0,1.0,1.0,1.0,1,1.0,1.0,1.0,1.0,1.0,1,1.0,1.0,1.0,1.0,1.0,1,1.0,1.0,1.0,1.0,1.0
870,no_strict_e1_improvement,0,,,,,1,0,1,1,1,1,1,4,0,0,-1,current,0,0,0.691499782105287,0.691499782105287,5,0,0,0,0,0,0,0,0.0,0.16666666666666666,0.16666666666666666,0.16666666666666666,0.4166666666666667,0,0.0,0.16666666666666666,0.16666666666666666,0.16666666666666666,0.4166666666666667,0,0.0,0.16666666666666666,0.16666666666666666,0.16666666666666666,0.4166666666666667,0,0.0,0.16666666666666666,0.16666666666666666,0.16666666666666666,0.4166666666666667
871,no_strict_e1_improvement,0,,,,,1,0,1,1,1,1,1,4,0,0,-1,current,0,0,0.6087220311164856,0.6087220311164856,8,0,0,0,0,0,0,0,0.0,0.6666666666666666,0.5,0.5833333333333334,0.5833333333333334,0,0.0,0.6666666666666666,0.5,0.5833333333333334,0.5833333333333334,0,0.0,0.6666666666666666,0.5,0.5833333333333334,0.5833333333333334,0,0.0,0.6666666666666666,0.5,0.5833333333333334,0.5833333333333334
872,no_strict_e1_improvement,0,,,,,1,0,1,1,1,1,1,4,0,0,-1,current,0,0,0.7152469977736473,0.7152469977736473,8,0,0,0,0,0,0,0,0.0,0.5,0.5,0.5,0.5,0,0.0,0.5,0.5,0.5,0.5,0,0.0,0.5,0.5,0.5,0.5,0,0.0,0.5,0.5,0.5,0.5
873,no_strict_e1_improvement,0,,,,,1,0,1,1,1,1,1,4,0,0,-1,current,0,0,0.609332708021005,0.609332708021005,8,0,0,0,0,0,0,0,0.0,0.5,0.5,0.5,0.5,0,0.0,0.5,0.5,0.5,0.5,0,0.0,0.5,0.5,0.5,0.5,0,0.0,0.5,0.5,0.5,0.5
874,max_rounds,0,,,,,1,1,2,2,2,7,7,4,0,-1,0,s1a3_greedy,1,0,0.7798307140668234,0.7672628810008367,10,9,9,0,0,-9,0,1,1.0,1.0,1.0,1.0,1.0,1,1.0,1.0,1.0,1.0,1.0,0,0.0,0.5,1.0,0.75,0.75,0,0.0,0.5,1.0,0.75,0.75
875,no_strict_e1_improvement,0,,,,,1,0,1,1,1,1,1,4,0,0,-1,current,0,0,0.623938170572122,0.623938170572122,5,0,0,0,0,0,0,0,0.0,0.5,0.5,0.5,0.5,0,0.0,0.5,0.5,0.5,0.5,0,0.0,0.5,0.5,0.5,0.5,0,0.0,0.5,0.5,0.5,0.5
876,max_rounds,0,,,,,1,1,5,4,4,15,15,4,0,0,0,s1a3_greedy,1,0,0.7178151036302248,0.5809452310204506,8,0,0,3,3,3,0,0,0.0,0.6666666666666666,0.16666666666666666,0.4166666666666667,0.6666666666666666,0,0.0,0.6666666666666666,0.16666666666666666,0.4166666666666667,0.6666666666666666,0,0.3333333333333333,1.0,0.0,0.5,0.75,0,0.3333333333333333,1.0,0.0,0.5,0.75
877,no_strict_e1_improvement,0,,,,,1,0,1,1,1,1,1,4,0,0,-1,current,0,0,0.6242009525497755,0.6242009525497755,9,9,9,9,9,0,0,1,1.0,1.0,1.0,1.0,1.0,1,1.0,1.0,1.0,1.0,1.0,1,1.0,1.0,1.0,1.0,1.0,1,1.0,1.0,1.0,1.0,1.0
878,no_strict_e1_improvement,0,,,,,1,0,2,2,2,7,7,4,0,0,-1,current,0,0,0.6265567342440287,0.6265567342440287,10,9,9,9,9,0,0,1,1.0,1.0,1.0,1.0,1.0,1,1.0,1.0,1.0,1.0,1.0,1,1.0,1.0,1.0,1.0,1.0,1,1.0,1.0,1.0,1.0,1.0
879,small_component,0,,,,,1,0,0,0,0,0,0,4,0,0,-1,current,0,0,0.9361972163120905,0.9361972163120905,7,2,2,2,2,0,0,0,0.2222222222222222,0.0,0.0,0.0,0.3333333333333333,0,0.2222222222222222,0.0,0.0,0.0,0.3333333333333333,0,0.2222222222222222,0.0,0.0,0.0,0.3333333333333333,0,0.2222222222222222,0.0,0.0,0.0,0.3333333333333333
880,no_strict_e1_improvement,0,,,,,1,0,1,1,1,1,1,4,0,0,-1,current,0,0,0.6437216078241667,0.6437216078241667,6,1,1,1,1,0,0,0,0.1111111111111111,0.3333333333333333,0.6666666666666666,0.5,0.5833333333333334,0,0.1111111111111111,0.3333333333333333,0.6666666666666666,0.5,0.5833333333333334,0,0.1111111111111111,0.3333333333333333,0.6666666666666666,0.5,0.5833333333333334,0,0.1111111111111111,0.3333333333333333,0.6666666666666666,0.5,0.5833333333333334
881,no_strict_e1_improvement,0,,,,,1,0,1,1,1,1,1,4,0,0,-1,current,0,0,0.5899864286184311,0.5899864286184311,7,0,0,0,0,0,0,0,0.0,0.5,0.8333333333333334,0.6666666666666666,0.6666666666666666,0,0.0,0.5,0.8333333333333334,0.6666666666666666,0.6666666666666666,0,0.0,0.5,0.8333333333333334,0.6666666666666666,0.6666666666666666,0,0.0,0.5,0.8333333333333334,0.6666666666666666,0.6666666666666666
882,no_strict_e1_improvement,0,,,,,1,0,1,1,1,1,1,4,0,0,-1,current,0,0,0.5231028124690056,0.5231028124690056,6,9,9,9,9,0,0,1,1.0,1.0,1.0,1.0,1.0,1,1.0,1.0,1.0,1.0,1.0,1,1.0,1.0,1.0,1.0,1.0,1,1.0,1.0,1.0,1.0,1.0
883,max_rounds,0,,,,,1,1,4,4,4,11,11,4,-1,0,0,s1a3_greedy,1,0,0.6682500789562861,0.5996961245934168,9,0,0,9,9,9,0,0,0.0,1.0,0.5,0.75,0.75,0,0.0,1.0,0.5,0.75,0.75,1,1.0,1.0,1.0,1.0,1.0,1,1.0,1.0,1.0,1.0,1.0
884,small_component,0,,,,,1,0,0,0,0,0,0,4,0,0,-1,current,0,0,0.6958574453989664,0.6958574453989664,7,0,0,0,0,0,0,0,0.0,0.5,1.0,0.75,0.75,0,0.0,0.5,1.0,0.75,0.75,0,0.0,0.5,1.0,0.75,0.75,0,0.0,0.5,1.0,0.75,0.75
885,no_strict_e1_improvement,0,,,,,1,0,1,1,1,1,1,4,0,0,-1,current,0,0,0.5406864583492279,0.5406864583492279,7,7,7,7,7,0,0,0,0.7777777777777778,0.6666666666666666,0.6666666666666666,0.6666666666666666,0.75,0,0.7777777777777778,0.6666666666666666,0.6666666666666666,0.6666666666666666,0.75,0,0.7777777777777778,0.6666666666666666,0.6666666666666666,0.6666666666666666,0.75,0,0.7777777777777778,0.6666666666666666,0.6666666666666666,0.6666666666666666,0.75
886,partial_completed__no_strict_e1_improvement,1,,3,2,4,1,0,1,1,1,1,1,4,0,0,-1,current,1,0,0.6656951407591502,0.6656951407591502,8,2,5,5,5,3,0,0,0.2222222222222222,0.16666666666666666,0.3333333333333333,0.25,0.4166666666666667,0,0.5555555555555556,0.3333333333333333,0.6666666666666666,0.5,0.6666666666666666,0,0.5555555555555556,0.3333333333333333,0.6666666666666666,0.5,0.6666666666666666,0,0.5555555555555556,0.3333333333333333,0.6666666666666666,0.5,0.6666666666666666
887,no_strict_e1_improvement,0,,,,,1,0,1,1,1,1,1,4,0,0,-1,current,0,0,0.6984238177537918,0.6984238177537918,6,0,0,0,0,0,0,0,0.0,0.5,0.5,0.5,0.5,0,0.0,0.5,0.5,0.5,0.5,0,0.0,0.5,0.5,0.5,0.5,0,0.0,0.5,0.5,0.5,0.5
888,max_rounds,0,,,,,1,1,5,4,4,13,13,4,0,0,1,profiled_beam,1,1,0.7630163927872976,0.7562433729569117,5,5,5,5,7,2,2,0,0.5555555555555556,0.3333333333333333,0.3333333333333333,0.3333333333333333,0.5833333333333334,0,0.5555555555555556,0.3333333333333333,0.3333333333333333,0.3333333333333333,0.5833333333333334,0,0.5555555555555556,0.3333333333333333,0.3333333333333333,0.3333333333333333,0.5833333333333334,0,0.7777777777777778,0.6666666666666666,0.6666666666666666,0.6666666666666666,0.8333333333333334
889,partial_completed__no_strict_e1_improvement,1,,3,2,3,1,0,1,1,1,1,1,4,0,0,-1,current,1,0,0.5628760531544685,0.5628760531544685,10,6,9,9,9,3,0,0,0.6666666666666666,0.6666666666666666,0.5,0.5833333333333334,0.5833333333333334,1,1.0,1.0,1.0,1.0,1.0,1,1.0,1.0,1.0,1.0,1.0,1,1.0,1.0,1.0,1.0,1.0
890,no_strict_e1_improvement,0,,,,,1,0,1,1,1,1,1,4,0,0,-1,current,0,0,0.6721377596259117,0.6721377596259117,10,0,0,0,0,0,0,0,0.0,0.5,0.8333333333333334,0.6666666666666666,0.6666666666666666,0,0.0,0.5,0.8333333333333334,0.6666666666666666,0.6666666666666666,0,0.0,0.5,0.8333333333333334,0.6666666666666666,0.6666666666666666,0,0.0,0.5,0.8333333333333334,0.6666666666666666,0.6666666666666666
891,no_strict_e1_improvement,0,,,,,1,0,1,1,1,1,1,4,0,0,-1,current,0,0,0.6739713524778684,0.6739713524778684,11,0,0,0,0,0,0,0,0.0,0.5,1.0,0.75,0.75,0,0.0,0.5,1.0,0.75,0.75,0,0.0,0.5,1.0,0.75,0.75,0,0.0,0.5,1.0,0.75,0.75
892,no_strict_e1_improvement,0,,,,,1,0,1,1,1,1,1,4,0,0,-1,current,0,0,0.6872943490743637,0.6872943490743637,9,9,9,9,9,0,0,1,1.0,1.0,1.0,1.0,1.0,1,1.0,1.0,1.0,1.0,1.0,1,1.0,1.0,1.0,1.0,1.0,1,1.0,1.0,1.0,1.0,1.0
893,no_strict_e1_improvement,0,,,,,1,0,2,2,2,7,7,4,0,0,-1,current,0,0,0.6776600107550621,0.6776600107550621,7,0,0,0,0,0,0,0,0.0,0.5,0.5,0.5,0.5,0,0.0,0.5,0.5,0.5,0.5,0,0.0,0.5,0.5,0.5,0.5,0,0.0,0.5,0.5,0.5,0.5
894,max_rounds,0,,,,,1,1,3,2,2,8,8,4,0,0,0,s1a3_greedy,1,0,0.7647019450863203,0.7193382407228152,8,1,1,0,0,-1,0,0,0.1111111111111111,0.3333333333333333,0.6666666666666666,0.5,0.5833333333333334,0,0.1111111111111111,0.3333333333333333,0.6666666666666666,0.5,0.5833333333333334,0,0.0,0.5,1.0,0.75,0.75,0,0.0,0.5,1.0,0.75,0.75
895,no_strict_e1_improvement,0,,,,,1,0,1,1,1,1,1,4,0,0,-1,current,0,0,0.552143699179093,0.552143699179093,10,0,0,0,0,0,0,0,0.0,1.0,0.5,0.75,0.75,0,0.0,1.0,0.5,0.75,0.75,0,0.0,1.0,0.5,0.75,0.75,0,0.0,1.0,0.5,0.75,0.75
896,small_component,0,,,,,1,0,0,0,0,0,0,4,0,0,-1,current,0,0,0.6163724561532339,0.6163724561532339,4,1,1,1,1,0,0,0,0.1111111111111111,0.0,0.3333333333333333,0.16666666666666666,0.5,0,0.1111111111111111,0.0,0.3333333333333333,0.16666666666666666,0.5,0,0.1111111111111111,0.0,0.3333333333333333,0.16666666666666666,0.5,0,0.1111111111111111,0.0,0.3333333333333333,0.16666666666666666,0.5
897,no_strict_e1_improvement,0,,,,,1,0,2,2,2,7,7,4,0,0,-1,current,0,0,0.6582655360301336,0.6582655360301336,7,0,0,0,0,0,0,0,0.0,0.3333333333333333,0.5,0.4166666666666667,0.5,0,0.0,0.3333333333333333,0.5,0.4166666666666667,0.5,0,0.0,0.3333333333333333,0.5,0.4166666666666667,0.5,0,0.0,0.3333333333333333,0.5,0.4166666666666667,0.5
898,max_rounds,0,,,,,1,1,4,4,4,12,12,4,-1,0,1,profiled_beam,1,1,0.8565476362903913,0.8003843699892362,6,3,3,3,0,-3,-3,0,0.3333333333333333,0.6666666666666666,0.0,0.3333333333333333,0.3333333333333333,0,0.3333333333333333,0.6666666666666666,0.0,0.3333333333333333,0.3333333333333333,0,0.3333333333333333,0.6666666666666666,0.0,0.3333333333333333,0.3333333333333333,0,0.0,0.8333333333333334,0.0,0.4166666666666667,0.4166666666666667
899,no_strict_e1_improvement,0,,,,,1,0,2,2,2,6,6,4,0,0,-1,current,0,0,0.6674672414859136,0.6674672414859136,8,0,0,0,0,0,0,0,0.0,0.5,1.0,0.75,0.75,0,0.0,0.5,1.0,0.75,0.75,0,0.0,0.5,1.0,0.75,0.75,0,0.0,0.5,1.0,0.75,0.75
900,no_strict_e1_improvement,0,,,,,1,0,1,1,1,1,1,4,0,0,-1,current,0,0,0.7254345566034317,0.7254345566034317,10,0,0,0,0,0,0,0,0.0,0.5,1.0,0.75,0.75,0,0.0,0.5,1.0,0.75,0.75,0,0.0,0.5,1.0,0.75,0.75,0,0.0,0.5,1.0,0.75,0.75
901,partial_completed__no_strict_e1_improvement,1,,3,2,4,1,0,4,4,4,14,14,4,0,0,-1,current,1,0,0.5511980950832367,0.5511980950832367,6,0,1,1,1,1,0,0,0.0,0.16666666666666666,0.3333333333333333,0.25,0.25,0,0.1111111111111111,0.16666666666666666,0.3333333333333333,0.25,0.4166666666666667,0,0.1111111111111111,0.16666666666666666,0.3333333333333333,0.25,0.4166666666666667,0,0.1111111111111111,0.16666666666666666,0.3333333333333333,0.25,0.4166666666666667
902,no_strict_e1_improvement,0,,,,,1,0,1,1,1,1,1,4,0,0,-1,current,0,0,0.6414282470941544,0.6414282470941544,10,9,9,9,9,0,0,1,1.0,1.0,1.0,1.0,1.0,1,1.0,1.0,1.0,1.0,1.0,1,1.0,1.0,1.0,1.0,1.0,1,1.0,1.0,1.0,1.0,1.0
903,max_rounds,0,,,,,1,1,3,2,2,5,5,4,0,0,1,profiled_beam,1,1,0.6692288915316263,0.6580494592587153,6,3,3,3,0,-3,-3,0,0.3333333333333333,0.6666666666666666,0.5,0.5833333333333334,0.5833333333333334,0,0.3333333333333333,0.6666666666666666,0.5,0.5833333333333334,0.5833333333333334,0,0.3333333333333333,0.6666666666666666,0.5,0.5833333333333334,0.5833333333333334,0,0.0,0.5,0.5,0.5,0.5
904,no_strict_e1_improvement,0,,,,,1,0,1,1,1,1,1,4,0,0,-1,current,0,0,0.6092068503300349,0.6092068503300349,6,0,0,0,0,0,0,0,0.0,0.5,0.16666666666666666,0.3333333333333333,0.4166666666666667,0,0.0,0.5,0.16666666666666666,0.3333333333333333,0.4166666666666667,0,0.0,0.5,0.16666666666666666,0.3333333333333333,0.4166666666666667,0,0.0,0.5,0.16666666666666666,0.3333333333333333,0.4166666666666667
905,no_strict_e1_improvement,0,,,,,1,0,1,1,1,1,1,4,0,0,-1,current,0,0,0.7187601054708163,0.7187601054708163,10,9,9,9,9,0,0,1,1.0,1.0,1.0,1.0,1.0,1,1.0,1.0,1.0,1.0,1.0,1,1.0,1.0,1.0,1.0,1.0,1,1.0,1.0,1.0,1.0,1.0
906,max_rounds,0,,,,,1,1,3,2,2,8,8,4,0,0,1,profiled_beam,1,1,0.5866953109701475,0.5764830783009529,6,0,0,0,0,0,0,0,0.0,0.6666666666666666,0.16666666666666666,0.4166666666666667,0.5,0,0.0,0.6666666666666666,0.16666666666666666,0.4166666666666667,0.5,0,0.0,0.6666666666666666,0.16666666666666666,0.4166666666666667,0.5,0,0.0,0.6666666666666666,0.16666666666666666,0.4166666666666667,0.5
907,no_strict_e1_improvement,0,,,,,1,0,1,1,1,1,1,4,0,0,-1,current,0,0,0.6114350830515226,0.6114350830515226,10,0,0,0,0,0,0,0,0.0,1.0,0.5,0.75,0.75,0,0.0,1.0,0.5,0.75,0.75,0,0.0,1.0,0.5,0.75,0.75,0,0.0,1.0,0.5,0.75,0.75
908,max_rounds,0,,,,,1,1,2,2,2,4,4,4,0,-1,0,s1a3_greedy,1,0,0.7643497238556544,0.6852688292662302,6,0,0,0,0,0,0,0,0.0,0.3333333333333333,0.16666666666666666,0.25,0.3333333333333333,0,0.0,0.3333333333333333,0.16666666666666666,0.25,0.3333333333333333,0,0.0,0.6666666666666666,0.16666666666666666,0.4166666666666667,0.5,0,0.0,0.6666666666666666,0.16666666666666666,0.4166666666666667,0.5
909,no_strict_e1_improvement,0,,,,,1,0,2,2,2,6,6,4,0,0,-1,current,0,0,0.6699462085962296,0.6699462085962296,9,9,9,9,9,0,0,1,1.0,1.0,1.0,1.0,1.0,1,1.0,1.0,1.0,1.0,1.0,1,1.0,1.0,1.0,1.0,1.0,1,1.0,1.0,1.0,1.0,1.0
910,max_rounds,0,,,,,1,1,3,2,2,6,6,4,0,-1,0,s1a3_greedy,1,0,0.8325369382898012,0.7083856984972954,9,0,0,9,9,9,0,0,0.0,0.5,0.6666666666666666,0.5833333333333334,0.6666666666666666,0,0.0,0.5,0.6666666666666666,0.5833333333333334,0.6666666666666666,1,1.0,1.0,1.0,1.0,1.0,1,1.0,1.0,1.0,1.0,1.0
911,no_strict_e1_improvement,0,,,,,1,0,1,1,1,1,1,4,0,0,-1,current,0,0,0.5551467811067899,0.5551467811067899,7,0,0,0,0,0,0,0,0.0,0.8333333333333334,0.5,0.6666666666666666,0.6666666666666666,0,0.0,0.8333333333333334,0.5,0.6666666666666666,0.6666666666666666,0,0.0,0.8333333333333334,0.5,0.6666666666666666,0.6666666666666666,0,0.0,0.8333333333333334,0.5,0.6666666666666666,0.6666666666666666
912,small_component,0,,,,,1,0,0,0,0,0,0,4,0,0,-1,current,0,0,0.9415770669778188,0.9415770669778188,6,6,6,6,6,0,0,0,0.6666666666666666,0.5,0.5,0.5,0.6666666666666666,0,0.6666666666666666,0.5,0.5,0.5,0.6666666666666666,0,0.6666666666666666,0.5,0.5,0.5,0.6666666666666666,0,0.6666666666666666,0.5,0.5,0.5,0.6666666666666666
913,no_strict_e1_improvement,0,,,,,1,0,1,1,1,1,1,4,0,0,-1,current,0,0,0.6530680259068807,0.6530680259068807,10,9,9,9,9,0,0,1,1.0,1.0,1.0,1.0,1.0,1,1.0,1.0,1.0,1.0,1.0,1,1.0,1.0,1.0,1.0,1.0,1,1.0,1.0,1.0,1.0,1.0
914,no_strict_e1_improvement,0,,,,,1,0,1,1,1,1,1,4,0,0,-1,current,0,0,0.6471801772713661,0.6471801772713661,9,0,0,0,0,0,0,0,0.0,0.5,1.0,0.75,0.75,0,0.0,0.5,1.0,0.75,0.75,0,0.0,0.5,1.0,0.75,0.75,0,0.0,0.5,1.0,0.75,0.75
915,no_strict_e1_improvement,0,,,,,1,0,1,1,1,1,1,4,0,0,-1,current,0,0,0.634864958624045,0.634864958624045,9,0,0,0,0,0,0,0,0.0,0.5,1.0,0.75,0.75,0,0.0,0.5,1.0,0.75,0.75,0,0.0,0.5,1.0,0.75,0.75,0,0.0,0.5,1.0,0.75,0.75
916,partial_completed__max_rounds,1,,3,2,4,1,1,4,4,4,15,15,4,-1,-1,0,s1a3_greedy,1,0,0.7434824084242185,0.6171392848094305,8,0,1,9,9,9,0,0,0.0,0.3333333333333333,0.3333333333333333,0.3333333333333333,0.4166666666666667,0,0.1111111111111111,0.3333333333333333,0.5,0.4166666666666667,0.5833333333333334,1,1.0,1.0,1.0,1.0,1.0,1,1.0,1.0,1.0,1.0,1.0
917,max_rounds,0,,,,,1,1,3,2,2,6,6,4,0,1,0,s1a3_greedy,1,0,0.8165982514619827,0.6683547149101893,9,0,0,9,9,9,0,0,0.0,0.5,0.8333333333333334,0.6666666666666666,0.6666666666666666,0,0.0,0.5,0.8333333333333334,0.6666666666666666,0.6666666666666666,1,1.0,1.0,1.0,1.0,1.0,1,1.0,1.0,1.0,1.0,1.0
918,small_component,0,,,,,1,0,0,0,0,0,0,4,0,0,-1,current,0,0,0.7948795681198438,0.7948795681198438,5,0,0,0,0,0,0,0,0.0,1.0,0.5,0.75,0.75,0,0.0,1.0,0.5,0.75,0.75,0,0.0,1.0,0.5,0.75,0.75,0,0.0,1.0,0.5,0.75,0.75
919,no_strict_e1_improvement,0,,,,,1,0,1,1,1,1,1,4,0,0,-1,current,0,0,0.6399808526039124,0.6399808526039124,6,0,0,0,0,0,0,0,0.0,0.6666666666666666,0.16666666666666666,0.4166666666666667,0.5,0,0.0,0.6666666666666666,0.16666666666666666,0.4166666666666667,0.5,0,0.0,0.6666666666666666,0.16666666666666666,0.4166666666666667,0.5,0,0.0,0.6666666666666666,0.16666666666666666,0.4166666666666667,0.5
920,max_rounds,0,,,,,1,1,2,2,2,7,7,4,0,-1,0,s1a3_greedy,1,0,0.8575455745061239,0.7378556529680887,11,0,0,9,9,9,0,0,0.0,0.5,1.0,0.75,0.75,0,0.0,0.5,1.0,0.75,0.75,1,1.0,1.0,1.0,1.0,1.0,1,1.0,1.0,1.0,1.0,1.0
921,max_rounds,0,,,,,1,1,5,4,4,14,14,4,0,0,1,profiled_beam,1,1,0.6445171969632307,0.4998199852804343,9,3,3,0,3,0,3,0,0.3333333333333333,0.0,0.8333333333333334,0.4166666666666667,0.4166666666666667,0,0.3333333333333333,0.0,0.8333333333333334,0.4166666666666667,0.4166666666666667,0,0.0,0.0,0.5,0.25,0.5,0,0.3333333333333333,0.0,1.0,0.5,0.75
922,small_component,0,,,,,1,0,0,0,0,0,0,4,0,0,-1,current,0,0,0.6986530174811681,0.6986530174811681,3,0,0,0,0,0,0,0,0.0,0.0,0.0,0.0,0.25,0,0.0,0.0,0.0,0.0,0.25,0,0.0,0.0,0.0,0.0,0.25,0,0.0,0.0,0.0,0.0,0.25
923,no_strict_e1_improvement,0,,,,,1,0,1,1,1,1,1,4,0,0,-1,current,0,0,0.7623300726215044,0.7623300726215044,6,0,0,0,0,0,0,0,0.0,0.5,0.16666666666666666,0.3333333333333333,0.4166666666666667,0,0.0,0.5,0.16666666666666666,0.3333333333333333,0.4166666666666667,0,0.0,0.5,0.16666666666666666,0.3333333333333333,0.4166666666666667,0,0.0,0.5,0.16666666666666666,0.3333333333333333,0.4166666666666667
924,no_strict_e1_improvement,0,,,,,1,0,1,1,1,1,1,4,0,0,-1,current,0,0,0.7764817848801613,0.7764817848801613,7,0,0,0,0,0,0,0,0.0,0.6666666666666666,0.16666666666666666,0.4166666666666667,0.5833333333333334,0,0.0,0.6666666666666666,0.16666666666666666,0.4166666666666667,0.5833333333333334,0,0.0,0.6666666666666666,0.16666666666666666,0.4166666666666667,0.5833333333333334,0,0.0,0.6666666666666666,0.16666666666666666,0.4166666666666667,0.5833333333333334
925,max_rounds,0,,,,,1,1,5,4,4,10,10,4,0,1,1,profiled_beam,1,1,0.5245975231130918,0.42262721061706543,6,4,4,0,0,-4,0,0,0.4444444444444444,0.16666666666666666,0.5,0.3333333333333333,0.4166666666666667,0,0.4444444444444444,0.16666666666666666,0.5,0.3333333333333333,0.4166666666666667,0,0.0,0.16666666666666666,0.5,0.3333333333333333,0.5,0,0.0,0.16666666666666666,0.6666666666666666,0.4166666666666667,0.5
926,no_strict_e1_improvement,0,,,,,1,0,1,1,1,1,1,4,0,0,-1,current,0,0,0.6326900968949,0.6326900968949,7,1,1,1,1,0,0,0,0.1111111111111111,0.3333333333333333,0.6666666666666666,0.5,0.6666666666666666,0,0.1111111111111111,0.3333333333333333,0.6666666666666666,0.5,0.6666666666666666,0,0.1111111111111111,0.3333333333333333,0.6666666666666666,0.5,0.6666666666666666,0,0.1111111111111111,0.3333333333333333,0.6666666666666666,0.5,0.6666666666666666
927,no_strict_e1_improvement,0,,,,,1,0,2,2,2,6,6,4,0,0,-1,current,0,0,0.5650657638907433,0.5650657638907433,7,0,0,0,0,0,0,0,0.0,1.0,0.5,0.75,0.75,0,0.0,1.0,0.5,0.75,0.75,0,0.0,1.0,0.5,0.75,0.75,0,0.0,1.0,0.5,0.75,0.75
928,no_strict_e1_improvement,0,,,,,1,0,1,1,1,1,1,4,0,0,-1,current,0,0,0.683323010802269,0.683323010802269,8,0,0,0,0,0,0,0,0.0,0.5,1.0,0.75,0.75,0,0.0,0.5,1.0,0.75,0.75,0,0.0,0.5,1.0,0.75,0.75,0,0.0,0.5,1.0,0.75,0.75
929,no_strict_e1_improvement,0,,,,,1,0,1,1,1,1,1,4,0,0,-1,current,0,0,0.7104146058360735,0.7104146058360735,8,0,0,0,0,0,0,0,0.0,0.8333333333333334,0.5,0.6666666666666666,0.6666666666666666,0,0.0,0.8333333333333334,0.5,0.6666666666666666,0.6666666666666666,0,0.0,0.8333333333333334,0.5,0.6666666666666666,0.6666666666666666,0,0.0,0.8333333333333334,0.5,0.6666666666666666,0.6666666666666666
930,no_strict_e1_improvement,0,,,,,1,0,1,1,1,1,1,4,0,0,-1,current,0,0,0.753818929195404,0.753818929195404,9,0,0,0,0,0,0,0,0.0,0.5,1.0,0.75,0.75,0,0.0,0.5,1.0,0.75,0.75,0,0.0,0.5,1.0,0.75,0.75,0,0.0,0.5,1.0,0.75,0.75
931,no_strict_e1_improvement,0,,,,,1,0,1,1,1,1,1,4,0,0,-1,current,0,0,0.7382428844769796,0.7382428844769796,9,0,0,0,0,0,0,0,0.0,0.5,1.0,0.75,0.75,0,0.0,0.5,1.0,0.75,0.75,0,0.0,0.5,1.0,0.75,0.75,0,0.0,0.5,1.0,0.75,0.75
932,no_strict_e1_improvement,0,,,,,1,0,1,1,1,1,1,4,0,0,-1,current,0,0,0.5975230609377226,0.5975230609377226,9,9,9,9,9,0,0,1,1.0,1.0,1.0,1.0,1.0,1,1.0,1.0,1.0,1.0,1.0,1,1.0,1.0,1.0,1.0,1.0,1,1.0,1.0,1.0,1.0,1.0
933,no_strict_e1_improvement,0,,,,,1,0,1,1,1,1,1,4,0,0,-1,current,0,0,0.6833454221487045,0.6833454221487045,8,9,9,9,9,0,0,1,1.0,1.0,1.0,1.0,1.0,1,1.0,1.0,1.0,1.0,1.0,1,1.0,1.0,1.0,1.0,1.0,1,1.0,1.0,1.0,1.0,1.0
934,no_strict_e1_improvement,0,,,,,1,0,1,1,1,1,1,4,0,0,-1,current,0,0,0.6098014414310455,0.6098014414310455,11,0,0,0,0,0,0,0,0.0,1.0,0.5,0.75,0.75,0,0.0,1.0,0.5,0.75,0.75,0,0.0,1.0,0.5,0.75,0.75,0,0.0,1.0,0.5,0.75,0.75
935,max_rounds,0,,,,,1,1,5,4,4,16,16,4,-1,1,1,profiled_beam,1,1,0.7274053543806076,0.645977812508742,5,0,0,7,0,0,-7,0,0.0,0.5,0.3333333333333333,0.4166666666666667,0.5833333333333334,0,0.0,0.5,0.3333333333333333,0.4166666666666667,0.5833333333333334,0,0.7777777777777778,0.5,0.5,0.5,0.8333333333333334,0,0.0,0.5,1.0,0.75,0.75
936,max_rounds,0,,,,,1,1,3,2,2,5,5,4,0,0,0,s1a3_greedy,1,0,0.6396389305591583,0.5443103735645612,9,1,1,0,0,-1,0,0,0.1111111111111111,0.3333333333333333,0.6666666666666666,0.5,0.5833333333333334,0,0.1111111111111111,0.3333333333333333,0.6666666666666666,0.5,0.5833333333333334,0,0.0,0.5,1.0,0.75,0.75,0,0.0,0.5,1.0,0.75,0.75
937,no_strict_e1_improvement,0,,,,,1,0,1,1,1,2,2,4,0,0,-1,current,0,0,0.7977496410409609,0.7977496410409609,6,3,3,3,3,0,0,0,0.3333333333333333,0.5,0.6666666666666666,0.5833333333333334,0.5833333333333334,0,0.3333333333333333,0.5,0.6666666666666666,0.5833333333333334,0.5833333333333334,0,0.3333333333333333,0.5,0.6666666666666666,0.5833333333333334,0.5833333333333334,0,0.3333333333333333,0.5,0.6666666666666666,0.5833333333333334,0.5833333333333334
938,no_strict_e1_improvement,0,,,,,1,0,1,1,1,1,1,4,0,0,-1,current,0,0,0.7328467021385828,0.7328467021385828,8,3,3,3,3,0,0,0,0.3333333333333333,0.6666666666666666,0.5,0.5833333333333334,0.5833333333333334,0,0.3333333333333333,0.6666666666666666,0.5,0.5833333333333334,0.5833333333333334,0,0.3333333333333333,0.6666666666666666,0.5,0.5833333333333334,0.5833333333333334,0,0.3333333333333333,0.6666666666666666,0.5,0.5833333333333334,0.5833333333333334
939,no_strict_e1_improvement,0,,,,,1,0,1,1,1,1,1,4,0,0,-1,current,0,0,0.5072738528251648,0.5072738528251648,7,7,7,7,7,0,0,0,0.7777777777777778,0.6666666666666666,0.6666666666666666,0.6666666666666666,0.8333333333333334,0,0.7777777777777778,0.6666666666666666,0.6666666666666666,0.6666666666666666,0.8333333333333334,0,0.7777777777777778,0.6666666666666666,0.6666666666666666,0.6666666666666666,0.8333333333333334,0,0.7777777777777778,0.6666666666666666,0.6666666666666666,0.6666666666666666,0.8333333333333334
940,max_rounds,0,,,,,1,1,3,2,2,8,8,4,0,0,1,profiled_beam,1,1,0.5792148262262344,0.5680022935072581,4,0,0,0,0,0,0,0,0.0,0.8333333333333334,0.0,0.4166666666666667,0.4166666666666667,0,0.0,0.8333333333333334,0.0,0.4166666666666667,0.4166666666666667,0,0.0,0.8333333333333334,0.0,0.4166666666666667,0.4166666666666667,0,0.0,1.0,0.5,0.75,0.75
941,no_strict_e1_improvement,0,,,,,1,0,4,4,4,11,11,4,0,0,-1,current,0,0,0.7063565279046694,0.7063565279046694,6,1,1,1,1,0,0,0,0.1111111111111111,0.0,0.3333333333333333,0.16666666666666666,0.4166666666666667,0,0.1111111111111111,0.0,0.3333333333333333,0.16666666666666666,0.4166666666666667,0,0.1111111111111111,0.0,0.3333333333333333,0.16666666666666666,0.4166666666666667,0,0.1111111111111111,0.0,0.3333333333333333,0.16666666666666666,0.4166666666666667
942,max_rounds,0,,,,,1,1,5,4,4,16,16,4,-1,0,1,profiled_beam,1,1,0.792074590921402,0.5880807414650917,4,2,2,0,0,-2,0,0,0.2222222222222222,0.0,0.16666666666666666,0.08333333333333333,0.3333333333333333,0,0.2222222222222222,0.0,0.16666666666666666,0.08333333333333333,0.3333333333333333,0,0.0,0.0,0.5,0.25,0.5,0,0.0,0.0,0.16666666666666666,0.08333333333333333,0.6666666666666666
943,small_component,0,,,,,1,0,0,0,0,0,0,4,0,0,-1,current,0,0,0.8596924344698588,0.8596924344698588,6,0,0,0,0,0,0,0,0.0,0.3333333333333333,0.16666666666666666,0.25,0.3333333333333333,0,0.0,0.3333333333333333,0.16666666666666666,0.25,0.3333333333333333,0,0.0,0.3333333333333333,0.16666666666666666,0.25,0.3333333333333333,0,0.0,0.3333333333333333,0.16666666666666666,0.25,0.3333333333333333
944,max_rounds,0,,,,,1,1,5,4,4,14,14,4,0,0,1,profiled_beam,1,1,0.8341980502009392,0.7135221535960833,4,1,1,0,0,-1,0,0,0.1111111111111111,0.16666666666666666,0.5,0.3333333333333333,0.4166666666666667,0,0.1111111111111111,0.16666666666666666,0.5,0.3333333333333333,0.4166666666666667,0,0.0,0.16666666666666666,0.6666666666666666,0.4166666666666667,0.5833333333333334,0,0.0,0.5,1.0,0.75,0.75
945,max_rounds,0,,,,,1,1,5,4,4,16,16,4,-1,0,1,profiled_beam,1,1,0.7586219410101572,0.6930950631697973,4,2,2,3,2,0,-1,0,0.2222222222222222,0.16666666666666666,0.16666666666666666,0.16666666666666666,0.4166666666666667,0,0.2222222222222222,0.16666666666666666,0.16666666666666666,0.16666666666666666,0.4166666666666667,0,0.3333333333333333,0.3333333333333333,0.16666666666666666,0.25,0.3333333333333333,0,0.2222222222222222,0.16666666666666666,0.5,0.3333333333333333,0.5
946,max_rounds,0,,,,,1,1,5,4,4,13,13,4,-1,0,1,profiled_beam,1,1,0.6464685027798017,0.6106630936264992,5,0,0,0,0,0,0,0,0.0,0.6666666666666666,0.5,0.5833333333333334,0.75,0,0.0,0.6666666666666666,0.5,0.5833333333333334,0.75,0,0.0,0.3333333333333333,0.16666666666666666,0.25,0.5833333333333334,0,0.0,0.5,0.16666666666666666,0.3333333333333333,0.5
947,no_strict_e1_improvement,0,,,,,1,0,1,1,1,1,1,4,0,0,-1,current,0,0,0.5891317228476206,0.5891317228476206,9,9,9,9,9,0,0,1,1.0,1.0,1.0,1.0,1.0,1,1.0,1.0,1.0,1.0,1.0,1,1.0,1.0,1.0,1.0,1.0,1,1.0,1.0,1.0,1.0,1.0
948,max_rounds,0,,,,,1,1,5,4,4,14,14,4,0,0,0,s1a3_greedy,1,0,0.8887511764963468,0.8435038005312284,6,0,0,1,1,1,0,0,0.0,0.5,0.16666666666666666,0.3333333333333333,0.5833333333333334,0,0.0,0.5,0.16666666666666666,0.3333333333333333,0.5833333333333334,0,0.1111111111111111,0.6666666666666666,0.0,0.3333333333333333,0.6666666666666666,0,0.1111111111111111,0.6666666666666666,0.0,0.3333333333333333,0.6666666666666666
949,max_rounds,0,,,,,1,1,3,2,2,6,6,4,0,0,1,profiled_beam,1,1,0.6826380615433058,0.5990860785047213,7,0,0,0,0,0,0,0,0.0,0.0,0.8333333333333334,0.4166666666666667,0.4166666666666667,0,0.0,0.0,0.8333333333333334,0.4166666666666667,0.4166666666666667,0,0.0,0.0,0.8333333333333334,0.4166666666666667,0.4166666666666667,0,0.0,0.5,1.0,0.75,0.75
950,no_strict_e1_improvement,0,,,,,1,0,1,1,1,1,1,4,0,0,-1,current,0,0,0.6816518604755402,0.6816518604755402,8,0,0,0,0,0,0,0,0.0,0.5,0.8333333333333334,0.6666666666666666,0.6666666666666666,0,0.0,0.5,0.8333333333333334,0.6666666666666666,0.6666666666666666,0,0.0,0.5,0.8333333333333334,0.6666666666666666,0.6666666666666666,0,0.0,0.5,0.8333333333333334,0.6666666666666666,0.6666666666666666
951,no_strict_e1_improvement,0,,,,,1,0,1,1,1,1,1,4,0,0,-1,current,0,0,0.710783526301384,0.710783526301384,10,9,9,9,9,0,0,1,1.0,1.0,1.0,1.0,1.0,1,1.0,1.0,1.0,1.0,1.0,1,1.0,1.0,1.0,1.0,1.0,1,1.0,1.0,1.0,1.0,1.0
952,no_strict_e1_improvement,0,,,,,1,0,1,1,1,1,1,4,0,0,-1,current,0,0,0.6458007643620173,0.6458007643620173,12,0,0,0,0,0,0,0,0.0,0.5,1.0,0.75,0.75,0,0.0,0.5,1.0,0.75,0.75,0,0.0,0.5,1.0,0.75,0.75,0,0.0,0.5,1.0,0.75,0.75
953,max_rounds,0,,,,,1,1,2,1,1,2,2,4,0,0,0,s1a3_greedy,1,0,0.762923372288545,0.676578717927138,6,1,1,0,0,-1,0,0,0.1111111111111111,0.3333333333333333,0.16666666666666666,0.25,0.4166666666666667,0,0.1111111111111111,0.3333333333333333,0.16666666666666666,0.25,0.4166666666666667,0,0.0,0.5,0.16666666666666666,0.3333333333333333,0.5,0,0.0,0.5,0.16666666666666666,0.3333333333333333,0.5
954,small_component,0,,,,,1,0,0,0,0,0,0,4,0,0,-1,current,0,0,0.7711665332317352,0.7711665332317352,5,1,1,1,1,0,0,0,0.1111111111111111,0.0,0.3333333333333333,0.16666666666666666,0.5,0,0.1111111111111111,0.0,0.3333333333333333,0.16666666666666666,0.5,0,0.1111111111111111,0.0,0.3333333333333333,0.16666666666666666,0.5,0,0.1111111111111111,0.0,0.3333333333333333,0.16666666666666666,0.5
955,no_strict_e1_improvement,0,,,,,1,0,1,1,1,1,1,4,0,0,-1,current,0,0,0.6771600420276324,0.6771600420276324,9,9,9,9,9,0,0,1,1.0,1.0,1.0,1.0,1.0,1,1.0,1.0,1.0,1.0,1.0,1,1.0,1.0,1.0,1.0,1.0,1,1.0,1.0,1.0,1.0,1.0
956,no_strict_e1_improvement,0,,,,,1,0,1,1,1,2,2,4,0,0,-1,current,0,0,0.4943653792142868,0.4943653792142868,9,0,0,0,0,0,0,0,0.0,0.6666666666666666,0.5,0.5833333333333334,0.5833333333333334,0,0.0,0.6666666666666666,0.5,0.5833333333333334,0.5833333333333334,0,0.0,0.6666666666666666,0.5,0.5833333333333334,0.5833333333333334,0,0.0,0.6666666666666666,0.5,0.5833333333333334,0.5833333333333334
957,no_strict_e1_improvement,0,,,,,1,0,1,1,1,1,1,4,0,0,-1,current,0,0,0.5683478340506554,0.5683478340506554,7,9,9,9,9,0,0,1,1.0,1.0,1.0,1.0,1.0,1,1.0,1.0,1.0,1.0,1.0,1,1.0,1.0,1.0,1.0,1.0,1,1.0,1.0,1.0,1.0,1.0
958,no_strict_e1_improvement,0,,,,,1,0,2,2,2,7,7,4,0,0,-1,current,0,0,0.7430842518806458,0.7430842518806458,9,9,9,9,9,0,0,1,1.0,1.0,1.0,1.0,1.0,1,1.0,1.0,1.0,1.0,1.0,1,1.0,1.0,1.0,1.0,1.0,1,1.0,1.0,1.0,1.0,1.0
959,max_rounds,0,,,,,1,1,5,4,4,15,15,4,0,1,0,s1a3_greedy,1,0,0.6698521996537844,0.6580580348769823,7,0,0,0,0,0,0,0,0.0,0.5,0.16666666666666666,0.3333333333333333,0.5,0,0.0,0.5,0.16666666666666666,0.3333333333333333,0.5,0,0.0,0.5,0.16666666666666666,0.3333333333333333,0.4166666666666667,0,0.0,0.5,0.16666666666666666,0.3333333333333333,0.4166666666666667
960,no_strict_e1_improvement,0,,,,,1,0,1,1,1,1,1,4,0,0,-1,current,0,0,0.7271174738804499,0.7271174738804499,10,9,9,9,9,0,0,1,1.0,1.0,1.0,1.0,1.0,1,1.0,1.0,1.0,1.0,1.0,1,1.0,1.0,1.0,1.0,1.0,1,1.0,1.0,1.0,1.0,1.0
961,no_strict_e1_improvement,0,,,,,1,0,1,1,1,1,1,4,0,0,-1,current,0,0,0.7088059236605962,0.7088059236605962,8,9,9,9,9,0,0,1,1.0,1.0,1.0,1.0,1.0,1,1.0,1.0,1.0,1.0,1.0,1,1.0,1.0,1.0,1.0,1.0,1,1.0,1.0,1.0,1.0,1.0
962,no_strict_e1_improvement,0,,,,,1,0,2,2,2,7,7,4,0,0,-1,current,0,0,0.761004164814949,0.761004164814949,6,7,7,7,7,0,0,0,0.7777777777777778,0.5,0.5,0.5,0.8333333333333334,0,0.7777777777777778,0.5,0.5,0.5,0.8333333333333334,0,0.7777777777777778,0.5,0.5,0.5,0.8333333333333334,0,0.7777777777777778,0.5,0.5,0.5,0.8333333333333334
963,no_strict_e1_improvement,0,,,,,1,0,1,1,1,1,1,4,0,0,-1,current,0,0,0.5968767429391543,0.5968767429391543,7,0,0,0,0,0,0,0,0.0,0.5,0.5,0.5,0.5,0,0.0,0.5,0.5,0.5,0.5,0,0.0,0.5,0.5,0.5,0.5,0,0.0,0.5,0.5,0.5,0.5
964,small_component,0,,,,,1,0,0,0,0,0,0,4,0,0,-1,current,0,0,0.5990382805466652,0.5990382805466652,5,7,7,7,7,0,0,0,0.7777777777777778,0.6666666666666666,0.6666666666666666,0.6666666666666666,0.8333333333333334,0,0.7777777777777778,0.6666666666666666,0.6666666666666666,0.6666666666666666,0.8333333333333334,0,0.7777777777777778,0.6666666666666666,0.6666666666666666,0.6666666666666666,0.8333333333333334,0,0.7777777777777778,0.6666666666666666,0.6666666666666666,0.6666666666666666,0.8333333333333334
965,max_rounds,0,,,,,1,1,3,2,2,7,7,4,0,1,1,profiled_beam,1,1,0.8282593861222267,0.7336289013425509,8,3,3,3,3,0,0,0,0.3333333333333333,0.0,0.8333333333333334,0.4166666666666667,0.4166666666666667,0,0.3333333333333333,0.0,0.8333333333333334,0.4166666666666667,0.4166666666666667,0,0.3333333333333333,0.0,0.8333333333333334,0.4166666666666667,0.4166666666666667,0,0.3333333333333333,0.0,1.0,0.5,0.75
966,no_strict_e1_improvement,0,,,,,1,0,2,2,2,7,7,4,0,0,-1,current,0,0,0.6529392823576927,0.6529392823576927,7,9,9,9,9,0,0,1,1.0,1.0,1.0,1.0,1.0,1,1.0,1.0,1.0,1.0,1.0,1,1.0,1.0,1.0,1.0,1.0,1,1.0,1.0,1.0,1.0,1.0
967,small_component,0,,,,,1,0,0,0,0,0,0,4,0,0,-1,current,0,0,0.8264007394512495,0.8264007394512495,6,5,5,5,5,0,0,0,0.5555555555555556,0.5,0.3333333333333333,0.4166666666666667,0.4166666666666667,0,0.5555555555555556,0.5,0.3333333333333333,0.4166666666666667,0.4166666666666667,0,0.5555555555555556,0.5,0.3333333333333333,0.4166666666666667,0.4166666666666667,0,0.5555555555555556,0.5,0.3333333333333333,0.4166666666666667,0.4166666666666667
968,small_component,0,,,,,1,0,0,0,0,0,0,4,0,0,-1,current,0,0,0.8781494299570719,0.8781494299570719,3,1,1,1,1,0,0,0,0.1111111111111111,0.0,0.5,0.25,0.3333333333333333,0,0.1111111111111111,0.0,0.5,0.25,0.3333333333333333,0,0.1111111111111111,0.0,0.5,0.25,0.3333333333333333,0,0.1111111111111111,0.0,0.5,0.25,0.3333333333333333
969,no_strict_e1_improvement,0,,,,,1,0,1,1,1,1,1,4,0,0,-1,current,0,0,0.4780353258053462,0.4780353258053462,10,9,9,9,9,0,0,1,1.0,1.0,1.0,1.0,1.0,1,1.0,1.0,1.0,1.0,1.0,1,1.0,1.0,1.0,1.0,1.0,1,1.0,1.0,1.0,1.0,1.0
970,no_strict_e1_improvement,0,,,,,1,0,2,2,2,6,6,4,0,0,-1,current,0,0,0.781489779551824,0.781489779551824,8,9,9,9,9,0,0,1,1.0,1.0,1.0,1.0,1.0,1,1.0,1.0,1.0,1.0,1.0,1,1.0,1.0,1.0,1.0,1.0,1,1.0,1.0,1.0,1.0,1.0
971,no_strict_e1_improvement,0,,,,,1,0,1,1,1,1,1,4,0,0,-1,current,0,0,0.5989477212230364,0.5989477212230364,11,9,9,9,9,0,0,1,1.0,1.0,1.0,1.0,1.0,1,1.0,1.0,1.0,1.0,1.0,1,1.0,1.0,1.0,1.0,1.0,1,1.0,1.0,1.0,1.0,1.0
972,partial_completed__no_strict_e1_improvement,1,,3,2,4,1,0,1,1,1,1,1,4,0,0,-1,current,1,0,0.6875921015938123,0.6875921015938123,10,6,0,0,0,-6,0,0,0.6666666666666666,0.6666666666666666,0.5,0.5833333333333334,0.5833333333333334,0,0.0,0.8333333333333334,0.5,0.6666666666666666,0.6666666666666666,0,0.0,0.8333333333333334,0.5,0.6666666666666666,0.6666666666666666,0,0.0,0.8333333333333334,0.5,0.6666666666666666,0.6666666666666666
973,no_strict_e1_improvement,0,,,,,1,0,4,4,4,15,15,4,0,0,-1,current,0,0,0.911790132522583,0.911790132522583,6,5,5,5,5,0,0,0,0.5555555555555556,0.3333333333333333,0.6666666666666666,0.5,0.6666666666666666,0,0.5555555555555556,0.3333333333333333,0.6666666666666666,0.5,0.6666666666666666,0,0.5555555555555556,0.3333333333333333,0.6666666666666666,0.5,0.6666666666666666,0,0.5555555555555556,0.3333333333333333,0.6666666666666666,0.5,0.6666666666666666
974,no_strict_e1_improvement,0,,,,,1,0,1,1,1,1,1,4,0,0,-1,current,0,0,0.578796905775865,0.578796905775865,11,9,9,9,9,0,0,1,1.0,1.0,1.0,1.0,1.0,1,1.0,1.0,1.0,1.0,1.0,1,1.0,1.0,1.0,1.0,1.0,1,1.0,1.0,1.0,1.0,1.0
975,small_component,0,,,,,1,0,0,0,0,0,0,4,0,0,-1,current,0,0,0.6054752022027969,0.6054752022027969,8,0,0,0,0,0,0,0,0.0,0.6666666666666666,0.16666666666666666,0.4166666666666667,0.5,0,0.0,0.6666666666666666,0.16666666666666666,0.4166666666666667,0.5,0,0.0,0.6666666666666666,0.16666666666666666,0.4166666666666667,0.5,0,0.0,0.6666666666666666,0.16666666666666666,0.4166666666666667,0.5
976,small_component,0,,,,,1,0,0,0,0,0,0,4,0,0,-1,current,0,0,0.7486049234867096,0.7486049234867096,7,0,0,0,0,0,0,0,0.0,0.6666666666666666,0.5,0.5833333333333334,0.5833333333333334,0,0.0,0.6666666666666666,0.5,0.5833333333333334,0.5833333333333334,0,0.0,0.6666666666666666,0.5,0.5833333333333334,0.5833333333333334,0,0.0,0.6666666666666666,0.5,0.5833333333333334,0.5833333333333334
977,partial_completed__small_component,1,,3,2,4,1,0,0,0,0,0,0,4,0,0,-1,current,1,0,0.9395199567079544,0.9395199567079544,5,0,0,0,0,0,0,0,0.0,0.0,0.0,0.0,0.25,0,0.0,0.16666666666666666,0.0,0.08333333333333333,0.5,0,0.0,0.16666666666666666,0.0,0.08333333333333333,0.5,0,0.0,0.16666666666666666,0.0,0.08333333333333333,0.5
978,no_strict_e1_improvement,0,,,,,1,0,2,2,2,5,5,4,0,0,-1,current,0,0,0.6461510260899862,0.6461510260899862,8,9,9,9,9,0,0,1,1.0,1.0,1.0,1.0,1.0,1,1.0,1.0,1.0,1.0,1.0,1,1.0,1.0,1.0,1.0,1.0,1,1.0,1.0,1.0,1.0,1.0
979,no_strict_e1_improvement,0,,,,,1,0,1,1,1,1,1,4,0,0,-1,current,0,0,0.592460572719574,0.592460572719574,11,9,9,9,9,0,0,1,1.0,1.0,1.0,1.0,1.0,1,1.0,1.0,1.0,1.0,1.0,1,1.0,1.0,1.0,1.0,1.0,1,1.0,1.0,1.0,1.0,1.0
980,no_strict_e1_improvement,0,,,,,1,0,1,1,1,1,1,4,0,0,-1,current,0,0,0.5401611303289732,0.5401611303289732,11,9,9,9,9,0,0,1,1.0,1.0,1.0,1.0,1.0,1,1.0,1.0,1.0,1.0,1.0,1,1.0,1.0,1.0,1.0,1.0,1,1.0,1.0,1.0,1.0,1.0
981,no_strict_e1_improvement,0,,,,,1,0,1,1,1,1,1,4,0,0,-1,current,0,0,0.5528062060475349,0.5528062060475349,7,0,0,0,0,0,0,0,0.0,1.0,0.5,0.75,0.75,0,0.0,1.0,0.5,0.75,0.75,0,0.0,1.0,0.5,0.75,0.75,0,0.0,1.0,0.5,0.75,0.75
982,no_strict_e1_improvement,0,,,,,1,0,1,1,1,1,1,4,0,0,-1,current,0,0,0.6083678503831228,0.6083678503831228,10,0,0,0,0,0,0,0,0.0,0.5,1.0,0.75,0.75,0,0.0,0.5,1.0,0.75,0.75,0,0.0,0.5,1.0,0.75,0.75,0,0.0,0.5,1.0,0.75,0.75
983,no_strict_e1_improvement,0,,,,,1,0,1,1,1,1,1,4,0,0,-1,current,0,0,0.6642114669084549,0.6642114669084549,8,0,0,0,0,0,0,0,0.0,0.5,1.0,0.75,0.75,0,0.0,0.5,1.0,0.75,0.75,0,0.0,0.5,1.0,0.75,0.75,0,0.0,0.5,1.0,0.75,0.75
984,no_strict_e1_improvement,0,,,,,1,0,1,1,1,1,1,4,0,0,-1,current,0,0,0.5754843826095263,0.5754843826095263,9,9,9,9,9,0,0,1,1.0,1.0,1.0,1.0,1.0,1,1.0,1.0,1.0,1.0,1.0,1,1.0,1.0,1.0,1.0,1.0,1,1.0,1.0,1.0,1.0,1.0
985,no_strict_e1_improvement,0,,,,,1,0,1,1,1,1,1,4,0,0,-1,current,0,0,0.6095885559916496,0.6095885559916496,8,9,9,9,9,0,0,1,1.0,1.0,1.0,1.0,1.0,1,1.0,1.0,1.0,1.0,1.0,1,1.0,1.0,1.0,1.0,1.0,1,1.0,1.0,1.0,1.0,1.0
986,max_rounds,0,,,,,1,1,2,2,2,6,6,4,1,0,0,s1a3_greedy,1,0,0.5802108322580656,0.5560809349020323,5,0,0,0,0,0,0,0,0.0,0.0,0.5,0.25,0.4166666666666667,0,0.0,0.0,0.5,0.25,0.4166666666666667,0,0.0,0.0,0.5,0.25,0.3333333333333333,0,0.0,0.0,0.5,0.25,0.3333333333333333
987,no_strict_e1_improvement,0,,,,,1,0,2,2,2,7,7,4,0,0,-1,current,0,0,0.5949181839823723,0.5949181839823723,7,9,9,9,9,0,0,1,1.0,1.0,1.0,1.0,1.0,1,1.0,1.0,1.0,1.0,1.0,1,1.0,1.0,1.0,1.0,1.0,1,1.0,1.0,1.0,1.0,1.0
988,max_rounds,0,,,,,1,1,3,2,2,7,7,4,0,0,1,profiled_beam,1,1,0.8114850396911303,0.7292865688602129,7,6,6,0,9,3,9,0,0.6666666666666666,0.8333333333333334,0.5,0.6666666666666666,0.6666666666666666,0,0.6666666666666666,0.8333333333333334,0.5,0.6666666666666666,0.6666666666666666,0,0.0,1.0,0.5,0.75,0.75,1,1.0,1.0,1.0,1.0,1.0
989,no_strict_e1_improvement,0,,,,,1,0,1,1,1,1,1,4,0,0,-1,current,0,0,0.47851252804199856,0.47851252804199856,9,9,9,9,9,0,0,1,1.0,1.0,1.0,1.0,1.0,1,1.0,1.0,1.0,1.0,1.0,1,1.0,1.0,1.0,1.0,1.0,1,1.0,1.0,1.0,1.0,1.0
990,no_strict_e1_improvement,0,,,,,1,0,1,1,1,1,1,4,0,0,-1,current,0,0,0.47369570285081863,0.47369570285081863,10,9,9,9,9,0,0,1,1.0,1.0,1.0,1.0,1.0,1,1.0,1.0,1.0,1.0,1.0,1,1.0,1.0,1.0,1.0,1.0,1,1.0,1.0,1.0,1.0,1.0
991,no_strict_e1_improvement,0,,,,,1,0,1,1,1,2,2,4,0,0,-1,current,0,0,0.681003692249457,0.681003692249457,7,0,0,0,0,0,0,0,0.0,0.5,0.8333333333333334,0.6666666666666666,0.6666666666666666,0,0.0,0.5,0.8333333333333334,0.6666666666666666,0.6666666666666666,0,0.0,0.5,0.8333333333333334,0.6666666666666666,0.6666666666666666,0,0.0,0.5,0.8333333333333334,0.6666666666666666,0.6666666666666666
992,max_rounds,0,,,,,1,1,5,4,4,12,12,4,0,1,0,s1a3_greedy,1,0,0.6559636990229288,0.5732709889610609,5,0,0,0,0,0,0,0,0.0,0.16666666666666666,0.5,0.3333333333333333,0.4166666666666667,0,0.0,0.16666666666666666,0.5,0.3333333333333333,0.4166666666666667,0,0.0,0.5,0.6666666666666666,0.5833333333333334,0.6666666666666666,0,0.0,0.5,0.6666666666666666,0.5833333333333334,0.6666666666666666
993,no_strict_e1_improvement,0,,,,,1,0,1,1,1,1,1,4,0,0,-1,current,0,0,0.6057301958401998,0.6057301958401998,9,0,0,0,0,0,0,0,0.0,1.0,0.5,0.75,0.75,0,0.0,1.0,0.5,0.75,0.75,0,0.0,1.0,0.5,0.75,0.75,0,0.0,1.0,0.5,0.75,0.75
994,max_rounds,0,,,,,1,1,5,4,4,16,16,4,1,0,1,profiled_beam,1,1,0.8188317889968554,0.6965650295217832,6,4,4,1,6,2,5,0,0.4444444444444444,0.16666666666666666,0.5,0.3333333333333333,0.4166666666666667,0,0.4444444444444444,0.16666666666666666,0.5,0.3333333333333333,0.4166666666666667,0,0.1111111111111111,0.0,0.6666666666666666,0.3333333333333333,0.5,0,0.6666666666666666,0.5,0.8333333333333334,0.6666666666666666,0.6666666666666666
995,no_strict_e1_improvement,0,,,,,1,0,1,1,1,1,1,4,0,0,-1,current,0,0,0.711792046825091,0.711792046825091,9,0,0,0,0,0,0,0,0.0,0.5,0.8333333333333334,0.6666666666666666,0.6666666666666666,0,0.0,0.5,0.8333333333333334,0.6666666666666666,0.6666666666666666,0,0.0,0.5,0.8333333333333334,0.6666666666666666,0.6666666666666666,0,0.0,0.5,0.8333333333333334,0.6666666666666666,0.6666666666666666
996,no_strict_e1_improvement,0,,,,,1,0,1,1,1,1,1,4,0,0,-1,current,0,0,0.6000274022420248,0.6000274022420248,8,0,0,0,0,0,0,0,0.0,0.5,1.0,0.75,0.75,0,0.0,0.5,1.0,0.75,0.75,0,0.0,0.5,1.0,0.75,0.75,0,0.0,0.5,1.0,0.75,0.75
997,no_strict_e1_improvement,0,,,,,1,0,1,1,1,1,1,4,0,0,-1,current,0,0,0.6751527960101763,0.6751527960101763,9,9,9,9,9,0,0,1,1.0,1.0,1.0,1.0,1.0,1,1.0,1.0,1.0,1.0,1.0,1,1.0,1.0,1.0,1.0,1.0,1,1.0,1.0,1.0,1.0,1.0
998,max_rounds,0,,,,,1,1,2,2,2,5,5,4,0,-1,0,s1a3_greedy,1,0,0.5970466410120329,0.5639935284852982,9,0,0,9,9,9,0,0,0.0,0.5,1.0,0.75,0.75,0,0.0,0.5,1.0,0.75,0.75,1,1.0,1.0,1.0,1.0,1.0,1,1.0,1.0,1.0,1.0,1.0
999,small_component,0,,,,,1,0,0,0,0,0,0,4,0,0,-1,current,0,0,0.9264677042762438,0.9264677042762438,3,2,2,2,2,0,0,0,0.2222222222222222,0.3333333333333333,0.0,0.16666666666666666,0.5,0,0.2222222222222222,0.3333333333333333,0.0,0.16666666666666666,0.5,0,0.2222222222222222,0.3333333333333333,0.0,0.16666666666666666,0.5,0,0.2222222222222222,0.3333333333333333,0.0,0.16666666666666666,0.5
1000,max_rounds,0,,,,,1,1,3,2,2,6,6,4,1,0,0,s1a3_greedy,1,0,0.7986356591184934,0.6928596397240957,6,0,0,0,0,0,0,0,0.0,0.3333333333333333,0.5,0.4166666666666667,0.5,0,0.0,0.3333333333333333,0.5,0.4166666666666667,0.5,0,0.0,0.5,1.0,0.75,0.75,0,0.0,0.5,1.0,0.75,0.75
1001,no_strict_e1_improvement,0,,,,,1,0,1,1,1,1,1,4,0,0,-1,current,0,0,0.6624361922343572,0.6624361922343572,10,0,0,0,0,0,0,0,0.0,0.5,1.0,0.75,0.75,0,0.0,0.5,1.0,0.75,0.75,0,0.0,0.5,1.0,0.75,0.75,0,0.0,0.5,1.0,0.75,0.75
1002,small_component,0,,,,,1,0,0,0,0,0,0,4,0,0,-1,current,0,0,0.8201797753572464,0.8201797753572464,7,9,9,9,9,0,0,1,1.0,1.0,1.0,1.0,1.0,1,1.0,1.0,1.0,1.0,1.0,1,1.0,1.0,1.0,1.0,1.0,1,1.0,1.0,1.0,1.0,1.0
1003,max_rounds,0,,,,,1,1,4,4,4,14,14,4,-1,1,1,profiled_beam,1,1,0.6087684904535612,0.5532531390587488,5,0,0,0,0,0,0,0,0.0,0.8333333333333334,0.5,0.6666666666666666,0.6666666666666666,0,0.0,0.8333333333333334,0.5,0.6666666666666666,0.6666666666666666,0,0.0,0.6666666666666666,0.5,0.5833333333333334,0.5833333333333334,0,0.0,0.5,0.16666666666666666,0.3333333333333333,0.4166666666666667
1004,max_rounds,0,,,,,1,1,5,4,4,16,16,4,-1,0,1,profiled_beam,1,1,0.5287567029396693,0.5207254911462466,4,2,2,2,3,1,1,0,0.2222222222222222,0.16666666666666666,0.0,0.08333333333333333,0.25,0,0.2222222222222222,0.16666666666666666,0.0,0.08333333333333333,0.25,0,0.2222222222222222,0.16666666666666666,0.0,0.08333333333333333,0.3333333333333333,0,0.3333333333333333,0.16666666666666666,0.16666666666666666,0.16666666666666666,0.3333333333333333
1005,max_rounds,0,,,,,1,1,5,4,4,12,12,4,1,-1,0,s1a3_greedy,1,0,0.7644628038009008,0.6516887719432513,6,0,0,6,6,6,0,0,0.0,0.0,0.5,0.25,0.3333333333333333,0,0.0,0.0,0.5,0.25,0.3333333333333333,0,0.6666666666666666,0.5,0.8333333333333334,0.6666666666666666,0.6666666666666666,0,0.6666666666666666,0.5,0.8333333333333334,0.6666666666666666,0.6666666666666666
1006,no_strict_e1_improvement,0,,,,,1,0,1,1,1,1,1,4,0,0,-1,current,0,0,0.5897289936741194,0.5897289936741194,11,0,0,0,0,0,0,0,0.0,1.0,0.5,0.75,0.75,0,0.0,1.0,0.5,0.75,0.75,0,0.0,1.0,0.5,0.75,0.75,0,0.0,1.0,0.5,0.75,0.75
1007,no_strict_e1_improvement,0,,,,,1,0,1,1,1,1,1,4,0,0,-1,current,0,0,0.6343808174133301,0.6343808174133301,7,7,7,7,7,0,0,0,0.7777777777777778,0.6666666666666666,0.3333333333333333,0.5,0.6666666666666666,0,0.7777777777777778,0.6666666666666666,0.3333333333333333,0.5,0.6666666666666666,0,0.7777777777777778,0.6666666666666666,0.3333333333333333,0.5,0.6666666666666666,0,0.7777777777777778,0.6666666666666666,0.3333333333333333,0.5,0.6666666666666666
1008,no_strict_e1_improvement,0,,,,,1,0,1,1,1,1,1,4,0,0,-1,current,0,0,0.5359633093078932,0.5359633093078932,10,9,9,9,9,0,0,1,1.0,1.0,1.0,1.0,1.0,1,1.0,1.0,1.0,1.0,1.0,1,1.0,1.0,1.0,1.0,1.0,1,1.0,1.0,1.0,1.0,1.0
1009,no_strict_e1_improvement,0,,,,,1,0,1,1,1,1,1,4,0,0,-1,current,0,0,0.6744250034292539,0.6744250034292539,9,9,9,9,9,0,0,1,1.0,1.0,1.0,1.0,1.0,1,1.0,1.0,1.0,1.0,1.0,1,1.0,1.0,1.0,1.0,1.0,1,1.0,1.0,1.0,1.0,1.0
1010,no_strict_e1_improvement,0,,,,,1,0,2,2,2,7,7,4,0,0,-1,current,0,0,0.5173145259420077,0.5173145259420077,7,9,9,9,9,0,0,1,1.0,1.0,1.0,1.0,1.0,1,1.0,1.0,1.0,1.0,1.0,1,1.0,1.0,1.0,1.0,1.0,1,1.0,1.0,1.0,1.0,1.0
1011,no_strict_e1_improvement,0,,,,,1,0,1,1,1,1,1,4,0,0,-1,current,0,0,0.6283212105433146,0.6283212105433146,7,9,9,9,9,0,0,1,1.0,1.0,1.0,1.0,1.0,1,1.0,1.0,1.0,1.0,1.0,1,1.0,1.0,1.0,1.0,1.0,1,1.0,1.0,1.0,1.0,1.0
1012,no_strict_e1_improvement,0,,,,,1,0,1,1,1,1,1,4,0,0,-1,current,0,0,0.5615374917785326,0.5615374917785326,6,0,0,0,0,0,0,0,0.0,0.3333333333333333,0.16666666666666666,0.25,0.4166666666666667,0,0.0,0.3333333333333333,0.16666666666666666,0.25,0.4166666666666667,0,0.0,0.3333333333333333,0.16666666666666666,0.25,0.4166666666666667,0,0.0,0.3333333333333333,0.16666666666666666,0.25,0.4166666666666667
1013,no_strict_e1_improvement,0,,,,,1,0,1,1,1,1,1,4,0,0,-1,current,0,0,0.555875817934672,0.555875817934672,8,9,9,9,9,0,0,1,1.0,1.0,1.0,1.0,1.0,1,1.0,1.0,1.0,1.0,1.0,1,1.0,1.0,1.0,1.0,1.0,1,1.0,1.0,1.0,1.0,1.0
1014,no_strict_e1_improvement,0,,,,,1,0,1,1,1,1,1,4,0,0,-1,current,0,0,0.7855286697546641,0.7855286697546641,6,1,1,1,1,0,0,0,0.1111111111111111,0.3333333333333333,0.6666666666666666,0.5,0.5833333333333334,0,0.1111111111111111,0.3333333333333333,0.6666666666666666,0.5,0.5833333333333334,0,0.1111111111111111,0.3333333333333333,0.6666666666666666,0.5,0.5833333333333334,0,0.1111111111111111,0.3333333333333333,0.6666666666666666,0.5,0.5833333333333334
1015,no_strict_e1_improvement,0,,,,,1,0,1,1,1,1,1,4,0,0,-1,current,0,0,0.6920266921321551,0.6920266921321551,9,0,0,0,0,0,0,0,0.0,0.5,1.0,0.75,0.75,0,0.0,0.5,1.0,0.75,0.75,0,0.0,0.5,1.0,0.75,0.75,0,0.0,0.5,1.0,0.75,0.75
1016,no_strict_e1_improvement,0,,,,,1,0,1,1,1,1,1,4,0,0,-1,current,0,0,0.589391440153122,0.589391440153122,11,0,0,0,0,0,0,0,0.0,0.5,1.0,0.75,0.75,0,0.0,0.5,1.0,0.75,0.75,0,0.0,0.5,1.0,0.75,0.75,0,0.0,0.5,1.0,0.75,0.75
1017,no_strict_e1_improvement,0,,,,,1,0,1,1,1,1,1,4,0,0,-1,current,0,0,0.6398634240031242,0.6398634240031242,9,0,0,0,0,0,0,0,0.0,0.5,1.0,0.75,0.75,0,0.0,0.5,1.0,0.75,0.75,0,0.0,0.5,1.0,0.75,0.75,0,0.0,0.5,1.0,0.75,0.75
1018,small_component,0,,,,,1,0,0,0,0,0,0,4,0,0,-1,current,0,0,0.7654165004690489,0.7654165004690489,5,1,1,1,1,0,0,0,0.1111111111111111,0.16666666666666666,0.5,0.3333333333333333,0.6666666666666666,0,0.1111111111111111,0.16666666666666666,0.5,0.3333333333333333,0.6666666666666666,0,0.1111111111111111,0.16666666666666666,0.5,0.3333333333333333,0.6666666666666666,0,0.1111111111111111,0.16666666666666666,0.5,0.3333333333333333,0.6666666666666666
1019,small_component,0,,,,,1,0,0,0,0,0,0,4,0,0,-1,current,0,0,0.7395605345567068,0.7395605345567068,6,2,2,2,2,0,0,0,0.2222222222222222,0.16666666666666666,0.6666666666666666,0.4166666666666667,0.5833333333333334,0,0.2222222222222222,0.16666666666666666,0.6666666666666666,0.4166666666666667,0.5833333333333334,0,0.2222222222222222,0.16666666666666666,0.6666666666666666,0.4166666666666667,0.5833333333333334,0,0.2222222222222222,0.16666666666666666,0.6666666666666666,0.4166666666666667,0.5833333333333334
1020,small_component,0,,,,,1,0,0,0,0,0,0,4,0,0,-1,current,0,0,0.7723855674266815,0.7723855674266815,7,0,0,0,0,0,0,0,0.0,0.5,0.8333333333333334,0.6666666666666666,0.6666666666666666,0,0.0,0.5,0.8333333333333334,0.6666666666666666,0.6666666666666666,0,0.0,0.5,0.8333333333333334,0.6666666666666666,0.6666666666666666,0,0.0,0.5,0.8333333333333334,0.6666666666666666,0.6666666666666666
1021,partial_completed__max_rounds,1,,3,2,4,1,1,5,4,4,16,16,4,0,-1,0,s1a3_greedy,1,0,0.7020542373259863,0.43253399928410846,6,0,0,6,6,6,0,0,0.0,0.3333333333333333,0.3333333333333333,0.3333333333333333,0.3333333333333333,0,0.0,0.3333333333333333,0.3333333333333333,0.3333333333333333,0.5,0,0.6666666666666666,0.8333333333333334,0.5,0.6666666666666666,0.6666666666666666,0,0.6666666666666666,0.8333333333333334,0.5,0.6666666666666666,0.6666666666666666
1022,no_strict_e1_improvement,0,,,,,1,0,1,1,1,1,1,4,0,0,-1,current,0,0,0.6444496512413025,0.6444496512413025,8,9,9,9,9,0,0,1,1.0,1.0,1.0,1.0,1.0,1,1.0,1.0,1.0,1.0,1.0,1,1.0,1.0,1.0,1.0,1.0,1,1.0,1.0,1.0,1.0,1.0
1023,no_strict_e1_improvement,0,,,,,1,0,1,1,1,1,1,4,0,0,-1,current,0,0,0.679224282503128,0.679224282503128,9,9,9,9,9,0,0,1,1.0,1.0,1.0,1.0,1.0,1,1.0,1.0,1.0,1.0,1.0,1,1.0,1.0,1.0,1.0,1.0,1,1.0,1.0,1.0,1.0,1.0
1024,no_strict_e1_improvement,0,,,,,1,0,1,1,1,1,1,4,0,0,-1,current,0,0,0.6632174104452133,0.6632174104452133,10,9,9,9,9,0,0,1,1.0,1.0,1.0,1.0,1.0,1,1.0,1.0,1.0,1.0,1.0,1,1.0,1.0,1.0,1.0,1.0,1,1.0,1.0,1.0,1.0,1.0
1025,no_strict_e1_improvement,0,,,,,1,0,2,2,2,8,8,4,0,0,-1,current,0,0,0.5039352054397265,0.5039352054397265,9,3,3,3,3,0,0,0,0.3333333333333333,0.6666666666666666,0.5,0.5833333333333334,0.5833333333333334,0,0.3333333333333333,0.6666666666666666,0.5,0.5833333333333334,0.5833333333333334,0,0.3333333333333333,0.6666666666666666,0.5,0.5833333333333334,0.5833333333333334,0,0.3333333333333333,0.6666666666666666,0.5,0.5833333333333334,0.5833333333333334
1026,small_component,0,,,,,1,0,0,0,0,0,0,4,0,0,-1,current,0,0,0.7557670821746191,0.7557670821746191,5,1,1,1,1,0,0,0,0.1111111111111111,0.16666666666666666,0.0,0.08333333333333333,0.3333333333333333,0,0.1111111111111111,0.16666666666666666,0.0,0.08333333333333333,0.3333333333333333,0,0.1111111111111111,0.16666666666666666,0.0,0.08333333333333333,0.3333333333333333,0,0.1111111111111111,0.16666666666666666,0.0,0.08333333333333333,0.3333333333333333
1027,small_component,0,,,,,1,0,0,0,0,0,0,4,0,0,-1,current,0,0,0.7806884969274203,0.7806884969274203,6,1,1,1,1,0,0,0,0.1111111111111111,0.6666666666666666,0.0,0.3333333333333333,0.5833333333333334,0,0.1111111111111111,0.6666666666666666,0.0,0.3333333333333333,0.5833333333333334,0,0.1111111111111111,0.6666666666666666,0.0,0.3333333333333333,0.5833333333333334,0,0.1111111111111111,0.6666666666666666,0.0,0.3333333333333333,0.5833333333333334
1028,max_rounds,0,,,,,1,1,2,2,2,7,7,4,0,-1,1,profiled_beam,1,1,0.7268391499916712,0.6989056915044785,6,0,0,0,0,0,0,0,0.0,0.3333333333333333,0.3333333333333333,0.3333333333333333,0.5,0,0.0,0.3333333333333333,0.3333333333333333,0.3333333333333333,0.5,0,0.0,0.16666666666666666,0.3333333333333333,0.25,0.25,0,0.0,0.16666666666666666,0.3333333333333333,0.25,0.3333333333333333
1029,no_strict_e1_improvement,0,,,,,1,0,2,2,2,6,6,4,0,0,-1,current,0,0,0.6424569164713224,0.6424569164713224,7,9,9,9,9,0,0,1,1.0,1.0,1.0,1.0,1.0,1,1.0,1.0,1.0,1.0,1.0,1,1.0,1.0,1.0,1.0,1.0,1,1.0,1.0,1.0,1.0,1.0
1030,no_strict_e1_improvement,0,,,,,1,0,1,1,1,1,1,4,0,0,-1,current,0,0,0.5189305891593298,0.5189305891593298,12,9,9,9,9,0,0,1,1.0,1.0,1.0,1.0,1.0,1,1.0,1.0,1.0,1.0,1.0,1,1.0,1.0,1.0,1.0,1.0,1,1.0,1.0,1.0,1.0,1.0
1031,no_strict_e1_improvement,0,,,,,1,0,2,2,2,6,6,4,0,0,-1,current,0,0,0.640918197731177,0.640918197731177,9,0,0,0,0,0,0,0,0.0,0.5,1.0,0.75,0.75,0,0.0,0.5,1.0,0.75,0.75,0,0.0,0.5,1.0,0.75,0.75,0,0.0,0.5,1.0,0.75,0.75
1032,no_strict_e1_improvement,0,,,,,1,0,1,1,1,1,1,4,0,0,-1,current,0,0,0.7255766267577807,0.7255766267577807,8,0,0,0,0,0,0,0,0.0,0.5,0.6666666666666666,0.5833333333333334,0.6666666666666666,0,0.0,0.5,0.6666666666666666,0.5833333333333334,0.6666666666666666,0,0.0,0.5,0.6666666666666666,0.5833333333333334,0.6666666666666666,0,0.0,0.5,0.6666666666666666,0.5833333333333334,0.6666666666666666
1033,no_strict_e1_improvement,0,,,,,1,0,1,1,1,1,1,4,0,0,-1,current,0,0,0.6354097897807757,0.6354097897807757,4,0,0,0,0,0,0,0,0.0,0.8333333333333334,0.5,0.6666666666666666,0.6666666666666666,0,0.0,0.8333333333333334,0.5,0.6666666666666666,0.6666666666666666,0,0.0,0.8333333333333334,0.5,0.6666666666666666,0.6666666666666666,0,0.0,0.8333333333333334,0.5,0.6666666666666666,0.6666666666666666
1034,small_component,0,,,,,1,0,0,0,0,0,0,4,0,0,-1,current,0,0,0.8806742976109186,0.8806742976109186,6,0,0,0,0,0,0,0,0.0,0.5,0.6666666666666666,0.5833333333333334,0.6666666666666666,0,0.0,0.5,0.6666666666666666,0.5833333333333334,0.6666666666666666,0,0.0,0.5,0.6666666666666666,0.5833333333333334,0.6666666666666666,0,0.0,0.5,0.6666666666666666,0.5833333333333334,0.6666666666666666
1035,no_strict_e1_improvement,0,,,,,1,0,2,2,2,7,7,4,0,0,-1,current,0,0,0.5258238216241201,0.5258238216241201,9,9,9,9,9,0,0,1,1.0,1.0,1.0,1.0,1.0,1,1.0,1.0,1.0,1.0,1.0,1,1.0,1.0,1.0,1.0,1.0,1,1.0,1.0,1.0,1.0,1.0
1036,no_strict_e1_improvement,0,,,,,1,0,1,1,1,1,1,4,0,0,-1,current,0,0,0.5851457566022873,0.5851457566022873,12,9,9,9,9,0,0,1,1.0,1.0,1.0,1.0,1.0,1,1.0,1.0,1.0,1.0,1.0,1,1.0,1.0,1.0,1.0,1.0,1,1.0,1.0,1.0,1.0,1.0
1037,no_strict_e1_improvement,0,,,,,1,0,4,4,4,14,14,4,0,0,-1,current,0,0,0.7749785954753557,0.7749785954753557,8,6,6,6,6,0,0,0,0.6666666666666666,0.5,0.8333333333333334,0.6666666666666666,0.6666666666666666,0,0.6666666666666666,0.5,0.8333333333333334,0.6666666666666666,0.6666666666666666,0,0.6666666666666666,0.5,0.8333333333333334,0.6666666666666666,0.6666666666666666,0,0.6666666666666666,0.5,0.8333333333333334,0.6666666666666666,0.6666666666666666
1038,no_strict_e1_improvement,0,,,,,1,0,1,1,1,1,1,4,0,0,-1,current,0,0,0.5699841653307279,0.5699841653307279,9,0,0,0,0,0,0,0,0.0,0.5,1.0,0.75,0.75,0,0.0,0.5,1.0,0.75,0.75,0,0.0,0.5,1.0,0.75,0.75,0,0.0,0.5,1.0,0.75,0.75
1039,no_strict_e1_improvement,0,,,,,1,0,1,1,1,1,1,4,0,0,-1,current,0,0,0.6057595585783323,0.6057595585783323,5,0,0,0,0,0,0,0,0.0,1.0,0.5,0.75,0.75,0,0.0,1.0,0.5,0.75,0.75,0,0.0,1.0,0.5,0.75,0.75,0,0.0,1.0,0.5,0.75,0.75
1040,max_rounds,0,,,,,1,1,5,4,4,13,13,4,0,1,0,s1a3_greedy,1,0,0.6755393221974373,0.6259846612811089,6,0,0,0,0,0,0,0,0.0,0.6666666666666666,0.0,0.3333333333333333,0.3333333333333333,0,0.0,0.6666666666666666,0.0,0.3333333333333333,0.3333333333333333,0,0.0,0.8333333333333334,0.5,0.6666666666666666,0.6666666666666666,0,0.0,0.8333333333333334,0.5,0.6666666666666666,0.6666666666666666
1041,no_strict_e1_improvement,0,,,,,1,0,1,1,1,1,1,4,0,0,-1,current,0,0,0.6444542681177458,0.6444542681177458,7,9,9,9,9,0,0,1,1.0,1.0,1.0,1.0,1.0,1,1.0,1.0,1.0,1.0,1.0,1,1.0,1.0,1.0,1.0,1.0,1,1.0,1.0,1.0,1.0,1.0
1042,no_strict_e1_improvement,0,,,,,1,0,1,1,1,1,1,4,0,0,-1,current,0,0,0.5469223782420158,0.5469223782420158,10,0,0,0,0,0,0,0,0.0,0.5,1.0,0.75,0.75,0,0.0,0.5,1.0,0.75,0.75,0,0.0,0.5,1.0,0.75,0.75,0,0.0,0.5,1.0,0.75,0.75
1043,no_strict_e1_improvement,0,,,,,1,0,1,1,1,1,1,4,0,0,-1,current,0,0,0.6582451065381368,0.6582451065381368,10,9,9,9,9,0,0,1,1.0,1.0,1.0,1.0,1.0,1,1.0,1.0,1.0,1.0,1.0,1,1.0,1.0,1.0,1.0,1.0,1,1.0,1.0,1.0,1.0,1.0
1044,no_strict_e1_improvement,0,,,,,1,0,1,1,1,1,1,4,0,0,-1,current,0,0,0.5732513765494028,0.5732513765494028,4,0,0,0,0,0,0,0,0.0,0.16666666666666666,0.5,0.3333333333333333,0.5,0,0.0,0.16666666666666666,0.5,0.3333333333333333,0.5,0,0.0,0.16666666666666666,0.5,0.3333333333333333,0.5,0,0.0,0.16666666666666666,0.5,0.3333333333333333,0.5
1045,small_component,0,,,,,1,0,0,0,0,0,0,4,0,0,-1,current,0,0,0.5147524774074554,0.5147524774074554,7,7,7,7,7,0,0,0,0.7777777777777778,0.5,0.5,0.5,0.8333333333333334,0,0.7777777777777778,0.5,0.5,0.5,0.8333333333333334,0,0.7777777777777778,0.5,0.5,0.5,0.8333333333333334,0,0.7777777777777778,0.5,0.5,0.5,0.8333333333333334
1046,no_strict_e1_improvement,0,,,,,1,0,1,1,1,1,1,4,0,0,-1,current,0,0,0.7669938057661057,0.7669938057661057,10,0,0,0,0,0,0,0,0.0,1.0,0.5,0.75,0.75,0,0.0,1.0,0.5,0.75,0.75,0,0.0,1.0,0.5,0.75,0.75,0,0.0,1.0,0.5,0.75,0.75
1047,no_strict_e1_improvement,0,,,,,1,0,1,1,1,1,1,4,0,0,-1,current,0,0,0.6304930771390597,0.6304930771390597,10,0,0,0,0,0,0,0,0.0,0.5,0.5,0.5,0.5,0,0.0,0.5,0.5,0.5,0.5,0,0.0,0.5,0.5,0.5,0.5,0,0.0,0.5,0.5,0.5,0.5
1048,max_rounds,0,,,,,1,1,3,2,2,6,6,4,0,1,1,profiled_beam,1,1,0.6838319028417269,0.6368647639950117,8,7,7,0,0,-7,0,0,0.7777777777777778,0.6666666666666666,0.6666666666666666,0.6666666666666666,0.75,0,0.7777777777777778,0.6666666666666666,0.6666666666666666,0.6666666666666666,0.75,0,0.0,0.5,1.0,0.75,0.75,0,0.0,0.5,0.6666666666666666,0.5833333333333334,0.6666666666666666
1049,no_strict_e1_improvement,0,,,,,1,0,1,1,1,1,1,4,0,0,-1,current,0,0,0.5563900346557299,0.5563900346557299,8,9,9,9,9,0,0,1,1.0,1.0,1.0,1.0,1.0,1,1.0,1.0,1.0,1.0,1.0,1,1.0,1.0,1.0,1.0,1.0,1,1.0,1.0,1.0,1.0,1.0
1050,no_strict_e1_improvement,0,,,,,1,0,1,1,1,1,1,4,0,0,-1,current,0,0,0.6912539650996526,0.6912539650996526,9,0,0,0,0,0,0,0,0.0,0.5,1.0,0.75,0.75,0,0.0,0.5,1.0,0.75,0.75,0,0.0,0.5,1.0,0.75,0.75,0,0.0,0.5,1.0,0.75,0.75
1051,no_strict_e1_improvement,0,,,,,1,0,2,2,2,5,5,4,0,0,-1,current,0,0,0.5908850431442261,0.5908850431442261,5,5,5,5,5,0,0,0,0.5555555555555556,0.16666666666666666,0.3333333333333333,0.25,0.5,0,0.5555555555555556,0.16666666666666666,0.3333333333333333,0.25,0.5,0,0.5555555555555556,0.16666666666666666,0.3333333333333333,0.25,0.5,0,0.5555555555555556,0.16666666666666666,0.3333333333333333,0.25,0.5
1052,small_component,0,,,,,1,0,0,0,0,0,0,4,0,0,-1,current,0,0,0.7247407312194506,0.7247407312194506,5,0,0,0,0,0,0,0,0.0,0.0,0.16666666666666666,0.08333333333333333,0.3333333333333333,0,0.0,0.0,0.16666666666666666,0.08333333333333333,0.3333333333333333,0,0.0,0.0,0.16666666666666666,0.08333333333333333,0.3333333333333333,0,0.0,0.0,0.16666666666666666,0.08333333333333333,0.3333333333333333
1053,no_strict_e1_improvement,0,,,,,1,0,1,1,1,1,1,4,0,0,-1,current,0,0,0.613695445160071,0.613695445160071,12,9,9,9,9,0,0,1,1.0,1.0,1.0,1.0,1.0,1,1.0,1.0,1.0,1.0,1.0,1,1.0,1.0,1.0,1.0,1.0,1,1.0,1.0,1.0,1.0,1.0
1054,max_rounds,0,,,,,1,1,3,2,2,7,7,4,0,1,1,profiled_beam,1,1,0.7092878570159277,0.6114774545033773,5,0,0,1,4,4,3,0,0.0,0.16666666666666666,0.3333333333333333,0.25,0.4166666666666667,0,0.0,0.16666666666666666,0.3333333333333333,0.25,0.4166666666666667,0,0.1111111111111111,0.16666666666666666,0.3333333333333333,0.25,0.4166666666666667,0,0.4444444444444444,0.16666666666666666,0.5,0.3333333333333333,0.5
1055,no_strict_e1_improvement,0,,,,,1,0,1,1,1,1,1,4,0,0,-1,current,0,0,0.5003501077493032,0.5003501077493032,11,0,0,0,0,0,0,0,0.0,0.5,1.0,0.75,0.75,0,0.0,0.5,1.0,0.75,0.75,0,0.0,0.5,1.0,0.75,0.75,0,0.0,0.5,1.0,0.75,0.75
1056,no_strict_e1_improvement,0,,,,,1,0,2,2,2,6,6,4,0,0,-1,current,0,0,0.6298297668496767,0.6298297668496767,7,0,0,0,0,0,0,0,0.0,0.5,0.3333333333333333,0.4166666666666667,0.5833333333333334,0,0.0,0.5,0.3333333333333333,0.4166666666666667,0.5833333333333334,0,0.0,0.5,0.3333333333333333,0.4166666666666667,0.5833333333333334,0,0.0,0.5,0.3333333333333333,0.4166666666666667,0.5833333333333334
1057,no_strict_e1_improvement,0,,,,,1,0,1,1,1,1,1,4,0,0,-1,current,0,0,0.5904667402307192,0.5904667402307192,11,0,0,0,0,0,0,0,0.0,1.0,0.5,0.75,0.75,0,0.0,1.0,0.5,0.75,0.75,0,0.0,1.0,0.5,0.75,0.75,0,0.0,1.0,0.5,0.75,0.75
1058,no_strict_e1_improvement,0,,,,,1,0,1,1,1,1,1,4,0,0,-1,current,0,0,0.6720516706506411,0.6720516706506411,8,0,0,0,0,0,0,0,0.0,0.5,0.8333333333333334,0.6666666666666666,0.6666666666666666,0,0.0,0.5,0.8333333333333334,0.6666666666666666,0.6666666666666666,0,0.0,0.5,0.8333333333333334,0.6666666666666666,0.6666666666666666,0,0.0,0.5,0.8333333333333334,0.6666666666666666,0.6666666666666666
1059,no_strict_e1_improvement,0,,,,,1,0,1,1,1,1,1,4,0,0,-1,current,0,0,0.5214123899737994,0.5214123899737994,9,9,9,9,9,0,0,1,1.0,1.0,1.0,1.0,1.0,1,1.0,1.0,1.0,1.0,1.0,1,1.0,1.0,1.0,1.0,1.0,1,1.0,1.0,1.0,1.0,1.0
1060,no_strict_e1_improvement,0,,,,,1,0,1,1,1,1,1,4,0,0,-1,current,0,0,0.5868134424090385,0.5868134424090385,10,9,9,9,9,0,0,1,1.0,1.0,1.0,1.0,1.0,1,1.0,1.0,1.0,1.0,1.0,1,1.0,1.0,1.0,1.0,1.0,1,1.0,1.0,1.0,1.0,1.0
1061,max_rounds,0,,,,,1,1,3,2,2,7,7,4,0,0,0,s1a3_greedy,1,0,0.7117926652232806,0.6906455308198929,7,2,2,3,3,1,0,0,0.2222222222222222,0.16666666666666666,0.6666666666666666,0.4166666666666667,0.5833333333333334,0,0.2222222222222222,0.16666666666666666,0.6666666666666666,0.4166666666666667,0.5833333333333334,0,0.3333333333333333,0.0,1.0,0.5,0.75,0,0.3333333333333333,0.0,1.0,0.5,0.75
1062,max_rounds,0,,,,,1,1,3,2,2,5,5,4,0,0,1,profiled_beam,1,1,0.6719618464509646,0.6342791269222895,9,0,0,9,0,0,-9,0,0.0,0.6666666666666666,0.5,0.5833333333333334,0.6666666666666666,0,0.0,0.6666666666666666,0.5,0.5833333333333334,0.6666666666666666,1,1.0,1.0,1.0,1.0,1.0,0,0.0,0.8333333333333334,0.5,0.6666666666666666,0.6666666666666666
1063,no_strict_e1_improvement,0,,,,,1,0,1,1,1,1,1,4,0,0,-1,current,0,0,0.662326047817866,0.662326047817866,9,9,9,9,9,0,0,1,1.0,1.0,1.0,1.0,1.0,1,1.0,1.0,1.0,1.0,1.0,1,1.0,1.0,1.0,1.0,1.0,1,1.0,1.0,1.0,1.0,1.0
1064,no_strict_e1_improvement,0,,,,,1,0,2,2,2,6,6,4,0,0,-1,current,0,0,0.6493066946665446,0.6493066946665446,7,0,0,0,0,0,0,0,0.0,0.5,0.8333333333333334,0.6666666666666666,0.6666666666666666,0,0.0,0.5,0.8333333333333334,0.6666666666666666,0.6666666666666666,0,0.0,0.5,0.8333333333333334,0.6666666666666666,0.6666666666666666,0,0.0,0.5,0.8333333333333334,0.6666666666666666,0.6666666666666666
1065,no_strict_e1_improvement,0,,,,,1,0,1,1,1,1,1,4,0,0,-1,current,0,0,0.6612934445341428,0.6612934445341428,10,9,9,9,9,0,0,1,1.0,1.0,1.0,1.0,1.0,1,1.0,1.0,1.0,1.0,1.0,1,1.0,1.0,1.0,1.0,1.0,1,1.0,1.0,1.0,1.0,1.0
1066,no_strict_e1_improvement,0,,,,,1,0,1,1,1,1,1,4,0,0,-1,current,0,0,0.6599811017513275,0.6599811017513275,12,9,9,9,9,0,0,1,1.0,1.0,1.0,1.0,1.0,1,1.0,1.0,1.0,1.0,1.0,1,1.0,1.0,1.0,1.0,1.0,1,1.0,1.0,1.0,1.0,1.0
1067,no_strict_e1_improvement,0,,,,,1,0,1,1,1,1,1,4,0,0,-1,current,0,0,0.5500678196549416,0.5500678196549416,10,0,0,0,0,0,0,0,0.0,1.0,0.5,0.75,0.75,0,0.0,1.0,0.5,0.75,0.75,0,0.0,1.0,0.5,0.75,0.75,0,0.0,1.0,0.5,0.75,0.75
1068,no_strict_e1_improvement,0,,,,,1,0,1,1,1,1,1,4,0,0,-1,current,0,0,0.6416317249337832,0.6416317249337832,8,0,0,0,0,0,0,0,0.0,0.5,1.0,0.75,0.75,0,0.0,0.5,1.0,0.75,0.75,0,0.0,0.5,1.0,0.75,0.75,0,0.0,0.5,1.0,0.75,0.75
1069,no_strict_e1_improvement,0,,,,,1,0,1,1,1,1,1,4,0,0,-1,current,0,0,0.61177230377992,0.61177230377992,11,9,9,9,9,0,0,1,1.0,1.0,1.0,1.0,1.0,1,1.0,1.0,1.0,1.0,1.0,1,1.0,1.0,1.0,1.0,1.0,1,1.0,1.0,1.0,1.0,1.0
1070,max_rounds,0,,,,,1,1,5,4,4,15,15,4,1,1,0,s1a3_greedy,1,0,0.8553198079268137,0.6844845364491144,8,2,2,9,9,7,0,0,0.2222222222222222,0.5,0.3333333333333333,0.4166666666666667,0.5833333333333334,0,0.2222222222222222,0.5,0.3333333333333333,0.4166666666666667,0.5833333333333334,1,1.0,1.0,1.0,1.0,1.0,1,1.0,1.0,1.0,1.0,1.0
1071,no_strict_e1_improvement,0,,,,,1,0,1,1,1,2,2,4,0,0,-1,current,0,0,0.6953002189596494,0.6953002189596494,6,9,9,9,9,0,0,1,1.0,1.0,1.0,1.0,1.0,1,1.0,1.0,1.0,1.0,1.0,1,1.0,1.0,1.0,1.0,1.0,1,1.0,1.0,1.0,1.0,1.0
1072,no_strict_e1_improvement,0,,,,,1,0,1,1,1,1,1,4,0,0,-1,current,0,0,0.5666120946407318,0.5666120946407318,10,0,0,0,0,0,0,0,0.0,0.5,1.0,0.75,0.75,0,0.0,0.5,1.0,0.75,0.75,0,0.0,0.5,1.0,0.75,0.75,0,0.0,0.5,1.0,0.75,0.75
1073,no_strict_e1_improvement,0,,,,,1,0,2,2,2,7,7,4,0,0,-1,current,0,0,0.6691758371889591,0.6691758371889591,9,9,9,9,9,0,0,1,1.0,1.0,1.0,1.0,1.0,1,1.0,1.0,1.0,1.0,1.0,1,1.0,1.0,1.0,1.0,1.0,1,1.0,1.0,1.0,1.0,1.0
1074,no_strict_e1_improvement,0,,,,,1,0,1,1,1,1,1,4,0,0,-1,current,0,0,0.7239542578657469,0.7239542578657469,7,0,0,0,0,0,0,0,0.0,0.5,1.0,0.75,0.75,0,0.0,0.5,1.0,0.75,0.75,0,0.0,0.5,1.0,0.75,0.75,0,0.0,0.5,1.0,0.75,0.75
1075,no_strict_e1_improvement,0,,,,,1,0,1,1,1,1,1,4,0,0,-1,current,0,0,0.7170722186565399,0.7170722186565399,7,1,1,1,1,0,0,0,0.1111111111111111,0.3333333333333333,0.6666666666666666,0.5,0.6666666666666666,0,0.1111111111111111,0.3333333333333333,0.6666666666666666,0.5,0.6666666666666666,0,0.1111111111111111,0.3333333333333333,0.6666666666666666,0.5,0.6666666666666666,0,0.1111111111111111,0.3333333333333333,0.6666666666666666,0.5,0.6666666666666666
1076,no_strict_e1_improvement,0,,,,,1,0,2,2,2,7,7,4,0,0,-1,current,0,0,0.7255493526657423,0.7255493526657423,10,9,9,9,9,0,0,1,1.0,1.0,1.0,1.0,1.0,1,1.0,1.0,1.0,1.0,1.0,1,1.0,1.0,1.0,1.0,1.0,1,1.0,1.0,1.0,1.0,1.0
1077,max_rounds,0,,,,,1,1,2,2,2,6,6,4,-1,0,1,profiled_beam,1,1,0.7321585093935331,0.6584621916214625,7,0,0,0,1,1,1,0,0.0,0.6666666666666666,0.5,0.5833333333333334,0.5833333333333334,0,0.0,0.6666666666666666,0.5,0.5833333333333334,0.5833333333333334,0,0.0,0.5,1.0,0.75,0.75,0,0.1111111111111111,0.3333333333333333,0.6666666666666666,0.5,0.5833333333333334
1078,no_strict_e1_improvement,0,,,,,1,0,1,1,1,1,1,4,0,0,-1,current,0,0,0.582557866970698,0.582557866970698,9,7,7,7,7,0,0,0,0.7777777777777778,0.6666666666666666,0.6666666666666666,0.6666666666666666,0.8333333333333334,0,0.7777777777777778,0.6666666666666666,0.6666666666666666,0.6666666666666666,0.8333333333333334,0,0.7777777777777778,0.6666666666666666,0.6666666666666666,0.6666666666666666,0.8333333333333334,0,0.7777777777777778,0.6666666666666666,0.6666666666666666,0.6666666666666666,0.8333333333333334
1079,no_strict_e1_improvement,0,,,,,1,0,1,1,1,1,1,4,0,0,-1,current,0,0,0.593010276556015,0.593010276556015,8,0,0,0,0,0,0,0,0.0,0.5,1.0,0.75,0.75,0,0.0,0.5,1.0,0.75,0.75,0,0.0,0.5,1.0,0.75,0.75,0,0.0,0.5,1.0,0.75,0.75
1080,no_strict_e1_improvement,0,,,,,1,0,2,2,2,6,6,4,0,0,-1,current,0,0,0.6462759226560593,0.6462759226560593,11,9,9,9,9,0,0,1,1.0,1.0,1.0,1.0,1.0,1,1.0,1.0,1.0,1.0,1.0,1,1.0,1.0,1.0,1.0,1.0,1,1.0,1.0,1.0,1.0,1.0
1081,no_strict_e1_improvement,0,,,,,1,0,1,1,1,1,1,4,0,0,-1,current,0,0,0.6919432977835337,0.6919432977835337,8,9,9,9,9,0,0,1,1.0,1.0,1.0,1.0,1.0,1,1.0,1.0,1.0,1.0,1.0,1,1.0,1.0,1.0,1.0,1.0,1,1.0,1.0,1.0,1.0,1.0
1082,no_strict_e1_improvement,0,,,,,1,0,1,1,1,1,1,4,0,0,-1,current,0,0,0.715357780456543,0.715357780456543,4,0,0,0,0,0,0,0,0.0,0.0,0.6666666666666666,0.3333333333333333,0.3333333333333333,0,0.0,0.0,0.6666666666666666,0.3333333333333333,0.3333333333333333,0,0.0,0.0,0.6666666666666666,0.3333333333333333,0.3333333333333333,0,0.0,0.0,0.6666666666666666,0.3333333333333333,0.3333333333333333
1083,max_rounds,0,,,,,1,1,3,2,2,6,6,4,0,0,0,s1a3_greedy,1,0,0.6780919780333837,0.6494316483537356,6,7,7,9,9,2,0,0,0.7777777777777778,0.6666666666666666,0.6666666666666666,0.6666666666666666,0.75,0,0.7777777777777778,0.6666666666666666,0.6666666666666666,0.6666666666666666,0.75,1,1.0,1.0,1.0,1.0,1.0,1,1.0,1.0,1.0,1.0,1.0
1084,max_rounds,0,,,,,1,1,2,2,2,6,6,4,-1,0,0,s1a3_greedy,1,0,0.7983833029866219,0.7762206817666689,7,0,0,0,0,0,0,0,0.0,0.5,0.6666666666666666,0.5833333333333334,0.5833333333333334,0,0.0,0.5,0.6666666666666666,0.5833333333333334,0.5833333333333334,0,0.0,0.5,0.8333333333333334,0.6666666666666666,0.6666666666666666,0,0.0,0.5,0.8333333333333334,0.6666666666666666,0.6666666666666666
1085,no_strict_e1_improvement,0,,,,,1,0,1,1,1,1,1,4,0,0,-1,current,0,0,0.6562956099708875,0.6562956099708875,11,0,0,0,0,0,0,0,0.0,0.5,1.0,0.75,0.75,0,0.0,0.5,1.0,0.75,0.75,0,0.0,0.5,1.0,0.75,0.75,0,0.0,0.5,1.0,0.75,0.75
1086,no_strict_e1_improvement,0,,,,,1,0,1,1,1,1,1,4,0,0,-1,current,0,0,0.6537804206212362,0.6537804206212362,8,0,0,0,0,0,0,0,0.0,0.5,0.5,0.5,0.5,0,0.0,0.5,0.5,0.5,0.5,0,0.0,0.5,0.5,0.5,0.5,0,0.0,0.5,0.5,0.5,0.5
1087,small_component,0,,,,,1,0,0,0,0,0,0,4,0,0,-1,current,0,0,0.6493019387125969,0.6493019387125969,4,4,4,4,4,0,0,0,0.4444444444444444,0.3333333333333333,0.16666666666666666,0.25,0.25,0,0.4444444444444444,0.3333333333333333,0.16666666666666666,0.25,0.25,0,0.4444444444444444,0.3333333333333333,0.16666666666666666,0.25,0.25,0,0.4444444444444444,0.3333333333333333,0.16666666666666666,0.25,0.25
1088,no_strict_e1_improvement,0,,,,,1,0,1,1,1,1,1,4,0,0,-1,current,0,0,0.6835587806999683,0.6835587806999683,11,9,9,9,9,0,0,1,1.0,1.0,1.0,1.0,1.0,1,1.0,1.0,1.0,1.0,1.0,1,1.0,1.0,1.0,1.0,1.0,1,1.0,1.0,1.0,1.0,1.0
1089,no_strict_e1_improvement,0,,,,,1,0,1,1,1,1,1,4,0,0,-1,current,0,0,0.5682388357818127,0.5682388357818127,12,9,9,9,9,0,0,1,1.0,1.0,1.0,1.0,1.0,1,1.0,1.0,1.0,1.0,1.0,1,1.0,1.0,1.0,1.0,1.0,1,1.0,1.0,1.0,1.0,1.0
1090,max_rounds,0,,,,,1,1,5,4,4,16,16,4,0,-1,1,profiled_beam,1,1,0.8683947573105494,0.7636509537696838,5,0,0,2,5,5,3,0,0.0,0.16666666666666666,0.3333333333333333,0.25,0.4166666666666667,0,0.0,0.16666666666666666,0.3333333333333333,0.25,0.4166666666666667,0,0.2222222222222222,0.16666666666666666,0.16666666666666666,0.16666666666666666,0.3333333333333333,0,0.5555555555555556,0.6666666666666666,0.3333333333333333,0.5,0.6666666666666666
1091,no_strict_e1_improvement,0,,,,,1,0,2,2,2,7,7,4,0,0,-1,current,0,0,0.36331185201803845,0.36331185201803845,6,9,9,9,9,0,0,1,1.0,1.0,1.0,1.0,1.0,1,1.0,1.0,1.0,1.0,1.0,1,1.0,1.0,1.0,1.0,1.0,1,1.0,1.0,1.0,1.0,1.0
1092,no_strict_e1_improvement,0,,,,,1,0,1,1,1,1,1,4,0,0,-1,current,0,0,0.7759742240111033,0.7759742240111033,11,9,9,9,9,0,0,1,1.0,1.0,1.0,1.0,1.0,1,1.0,1.0,1.0,1.0,1.0,1,1.0,1.0,1.0,1.0,1.0,1,1.0,1.0,1.0,1.0,1.0
1093,no_strict_e1_improvement,0,,,,,1,0,2,2,2,6,6,4,0,0,-1,current,0,0,0.666158601641655,0.666158601641655,9,9,9,9,9,0,0,1,1.0,1.0,1.0,1.0,1.0,1,1.0,1.0,1.0,1.0,1.0,1,1.0,1.0,1.0,1.0,1.0,1,1.0,1.0,1.0,1.0,1.0
1094,no_strict_e1_improvement,0,,,,,1,0,1,1,1,1,1,4,0,0,-1,current,0,0,0.6285831232865652,0.6285831232865652,6,9,9,9,9,0,0,1,1.0,1.0,1.0,1.0,1.0,1,1.0,1.0,1.0,1.0,1.0,1,1.0,1.0,1.0,1.0,1.0,1,1.0,1.0,1.0,1.0,1.0
1095,no_strict_e1_improvement,0,,,,,1,0,1,1,1,1,1,4,0,0,-1,current,0,0,0.6822276587287585,0.6822276587287585,7,0,0,0,0,0,0,0,0.0,0.5,0.8333333333333334,0.6666666666666666,0.6666666666666666,0,0.0,0.5,0.8333333333333334,0.6666666666666666,0.6666666666666666,0,0.0,0.5,0.8333333333333334,0.6666666666666666,0.6666666666666666,0,0.0,0.5,0.8333333333333334,0.6666666666666666,0.6666666666666666
1096,max_rounds,0,,,,,1,1,3,2,2,6,6,4,0,1,0,s1a3_greedy,1,0,0.6824733590086302,0.5696027254064878,7,0,0,7,7,7,0,0,0.0,0.5,0.6666666666666666,0.5833333333333334,0.6666666666666666,0,0.0,0.5,0.6666666666666666,0.5833333333333334,0.6666666666666666,0,0.7777777777777778,0.6666666666666666,0.6666666666666666,0.6666666666666666,0.75,0,0.7777777777777778,0.6666666666666666,0.6666666666666666,0.6666666666666666,0.75
1097,max_rounds,0,,,,,1,1,4,4,4,12,12,4,-1,-1,0,s1a3_greedy,1,0,0.6828890567024549,0.6639123037457466,6,0,0,0,0,0,0,0,0.0,0.16666666666666666,0.5,0.3333333333333333,0.4166666666666667,0,0.0,0.16666666666666666,0.5,0.3333333333333333,0.4166666666666667,0,0.0,0.5,0.6666666666666666,0.5833333333333334,0.6666666666666666,0,0.0,0.5,0.6666666666666666,0.5833333333333334,0.6666666666666666
1098,partial_completed__max_rounds,1,,3,2,3,1,1,4,4,4,15,15,4,1,0,1,profiled_beam,1,1,0.7050073270996412,0.7015173360705376,7,4,7,7,0,-4,-7,0,0.4444444444444444,0.3333333333333333,0.0,0.16666666666666666,0.25,0,0.7777777777777778,0.6666666666666666,0.3333333333333333,0.5,0.5833333333333334,0,0.7777777777777778,0.6666666666666666,0.3333333333333333,0.5,0.5833333333333334,0,0.0,0.5,0.16666666666666666,0.3333333333333333,0.4166666666666667
1099,no_strict_e1_improvement,0,,,,,1,0,2,2,2,7,7,4,0,0,-1,current,0,0,0.7242000152667364,0.7242000152667364,6,3,3,3,3,0,0,0,0.3333333333333333,0.0,1.0,0.5,0.75,0,0.3333333333333333,0.0,1.0,0.5,0.75,0,0.3333333333333333,0.0,1.0,0.5,0.75,0,0.3333333333333333,0.0,1.0,0.5,0.75
1100,max_rounds,0,,,,,1,1,3,2,2,5,5,4,0,0,0,s1a3_greedy,1,0,0.7112374901771545,0.6447338362534841,4,1,1,0,0,-1,0,0,0.1111111111111111,0.5,0.16666666666666666,0.3333333333333333,0.5,0,0.1111111111111111,0.5,0.16666666666666666,0.3333333333333333,0.5,0,0.0,0.6666666666666666,0.16666666666666666,0.4166666666666667,0.5,0,0.0,0.6666666666666666,0.16666666666666666,0.4166666666666667,0.5
1101,no_strict_e1_improvement,0,,,,,1,0,1,1,1,1,1,4,0,0,-1,current,0,0,0.5703538854916891,0.5703538854916891,8,9,9,9,9,0,0,1,1.0,1.0,1.0,1.0,1.0,1,1.0,1.0,1.0,1.0,1.0,1,1.0,1.0,1.0,1.0,1.0,1,1.0,1.0,1.0,1.0,1.0
1102,no_strict_e1_improvement,0,,,,,1,0,1,1,1,1,1,4,0,0,-1,current,0,0,0.5063720494508743,0.5063720494508743,10,0,0,0,0,0,0,0,0.0,0.5,1.0,0.75,0.75,0,0.0,0.5,1.0,0.75,0.75,0,0.0,0.5,1.0,0.75,0.75,0,0.0,0.5,1.0,0.75,0.75
1103,small_component,0,,,,,1,0,0,0,0,0,0,4,0,0,-1,current,0,0,0.8008381923039755,0.8008381923039755,5,4,4,4,4,0,0,0,0.4444444444444444,0.3333333333333333,0.0,0.16666666666666666,0.4166666666666667,0,0.4444444444444444,0.3333333333333333,0.0,0.16666666666666666,0.4166666666666667,0,0.4444444444444444,0.3333333333333333,0.0,0.16666666666666666,0.4166666666666667,0,0.4444444444444444,0.3333333333333333,0.0,0.16666666666666666,0.4166666666666667
1104,no_strict_e1_improvement,0,,,,,1,0,1,1,1,1,1,4,0,0,-1,current,0,0,0.5775379116336504,0.5775379116336504,5,0,0,0,0,0,0,0,0.0,0.3333333333333333,0.16666666666666666,0.25,0.5,0,0.0,0.3333333333333333,0.16666666666666666,0.25,0.5,0,0.0,0.3333333333333333,0.16666666666666666,0.25,0.5,0,0.0,0.3333333333333333,0.16666666666666666,0.25,0.5
1105,small_component,0,,,,,1,0,0,0,0,0,0,4,0,0,-1,current,0,0,0.5068614681561788,0.5068614681561788,6,0,0,0,0,0,0,0,0.0,0.5,0.6666666666666666,0.5833333333333334,0.6666666666666666,0,0.0,0.5,0.6666666666666666,0.5833333333333334,0.6666666666666666,0,0.0,0.5,0.6666666666666666,0.5833333333333334,0.6666666666666666,0,0.0,0.5,0.6666666666666666,0.5833333333333334,0.6666666666666666
1106,no_strict_e1_improvement,0,,,,,1,0,1,1,1,1,1,4,0,0,-1,current,0,0,0.57233194510142,0.57233194510142,8,0,0,0,0,0,0,0,0.0,0.5,0.6666666666666666,0.5833333333333334,0.75,0,0.0,0.5,0.6666666666666666,0.5833333333333334,0.75,0,0.0,0.5,0.6666666666666666,0.5833333333333334,0.75,0,0.0,0.5,0.6666666666666666,0.5833333333333334,0.75
1107,max_rounds,0,,,,,1,1,5,4,4,12,12,4,-1,0,1,profiled_beam,1,1,0.7665809566775957,0.5694485108057658,8,5,5,0,0,-5,0,0,0.5555555555555556,0.5,0.3333333333333333,0.4166666666666667,0.5833333333333334,0,0.5555555555555556,0.5,0.3333333333333333,0.4166666666666667,0.5833333333333334,0,0.0,0.6666666666666666,0.5,0.5833333333333334,0.6666666666666666,0,0.0,1.0,0.5,0.75,0.75
1108,max_rounds,0,,,,,1,1,2,2,2,6,6,4,-1,0,0,s1a3_greedy,1,0,0.7659319899976254,0.6752445536355177,6,0,0,0,0,0,0,0,0.0,0.3333333333333333,0.5,0.4166666666666667,0.5,0,0.0,0.3333333333333333,0.5,0.4166666666666667,0.5,0,0.0,0.5,0.5,0.5,0.5,0,0.0,0.5,0.5,0.5,0.5
1109,no_strict_e1_improvement,0,,,,,1,0,1,1,1,1,1,4,0,0,-1,current,0,0,0.6163651297489802,0.6163651297489802,7,0,0,0,0,0,0,0,0.0,0.5,0.6666666666666666,0.5833333333333334,0.6666666666666666,0,0.0,0.5,0.6666666666666666,0.5833333333333334,0.6666666666666666,0,0.0,0.5,0.6666666666666666,0.5833333333333334,0.6666666666666666,0,0.0,0.5,0.6666666666666666,0.5833333333333334,0.6666666666666666
1110,no_strict_e1_improvement,0,,,,,1,0,1,1,1,1,1,4,0,0,-1,current,0,0,0.7685427318016688,0.7685427318016688,9,9,9,9,9,0,0,1,1.0,1.0,1.0,1.0,1.0,1,1.0,1.0,1.0,1.0,1.0,1,1.0,1.0,1.0,1.0,1.0,1,1.0,1.0,1.0,1.0,1.0
1111,max_rounds,0,,,,,1,1,5,4,4,11,11,4,-1,-1,0,s1a3_greedy,1,0,0.7496632138888041,0.5966750085353851,6,0,0,0,0,0,0,0,0.0,0.5,0.3333333333333333,0.4166666666666667,0.6666666666666666,0,0.0,0.5,0.3333333333333333,0.4166666666666667,0.6666666666666666,0,0.0,0.5,0.8333333333333334,0.6666666666666666,0.6666666666666666,0,0.0,0.5,0.8333333333333334,0.6666666666666666,0.6666666666666666
1112,max_rounds,0,,,,,1,1,5,4,4,13,13,4,0,1,0,s1a3_greedy,1,0,0.7529981732368469,0.6404439757267634,6,0,0,9,9,9,0,0,0.0,0.3333333333333333,0.3333333333333333,0.3333333333333333,0.5833333333333334,0,0.0,0.3333333333333333,0.3333333333333333,0.3333333333333333,0.5833333333333334,1,1.0,1.0,1.0,1.0,1.0,1,1.0,1.0,1.0,1.0,1.0
1113,no_strict_e1_improvement,0,,,,,1,0,1,1,1,1,1,4,0,0,-1,current,0,0,0.6905883848667145,0.6905883848667145,9,9,9,9,9,0,0,1,1.0,1.0,1.0,1.0,1.0,1,1.0,1.0,1.0,1.0,1.0,1,1.0,1.0,1.0,1.0,1.0,1,1.0,1.0,1.0,1.0,1.0
1114,small_component,0,,,,,1,0,0,0,0,0,0,4,0,0,-1,current,0,0,0.6956952785452207,0.6956952785452207,6,0,0,0,0,0,0,0,0.0,0.3333333333333333,0.0,0.16666666666666666,0.3333333333333333,0,0.0,0.3333333333333333,0.0,0.16666666666666666,0.3333333333333333,0,0.0,0.3333333333333333,0.0,0.16666666666666666,0.3333333333333333,0,0.0,0.3333333333333333,0.0,0.16666666666666666,0.3333333333333333
1115,partial_completed__max_rounds,1,,3,2,4,1,1,5,4,4,14,14,4,0,1,0,s1a3_greedy,1,0,0.7080150842666626,0.5507685790459315,7,1,1,5,5,4,0,0,0.1111111111111111,0.16666666666666666,0.16666666666666666,0.16666666666666666,0.25,0,0.1111111111111111,0.3333333333333333,0.16666666666666666,0.25,0.5,0,0.5555555555555556,0.3333333333333333,0.3333333333333333,0.3333333333333333,0.5833333333333334,0,0.5555555555555556,0.3333333333333333,0.3333333333333333,0.3333333333333333,0.5833333333333334
1116,no_strict_e1_improvement,0,,,,,1,0,1,1,1,1,1,4,0,0,-1,current,0,0,0.5471113373835882,0.5471113373835882,10,9,9,9,9,0,0,1,1.0,1.0,1.0,1.0,1.0,1,1.0,1.0,1.0,1.0,1.0,1,1.0,1.0,1.0,1.0,1.0,1,1.0,1.0,1.0,1.0,1.0
1117,no_strict_e1_improvement,0,,,,,1,0,2,2,2,7,7,4,0,0,-1,current,0,0,0.5987976888815562,0.5987976888815562,10,9,9,9,9,0,0,1,1.0,1.0,1.0,1.0,1.0,1,1.0,1.0,1.0,1.0,1.0,1,1.0,1.0,1.0,1.0,1.0,1,1.0,1.0,1.0,1.0,1.0
1118,max_rounds,0,,,,,1,1,2,2,2,7,7,4,0,1,0,s1a3_greedy,1,0,0.7416435604294142,0.6769990026950836,11,0,0,9,9,9,0,0,0.0,0.5,1.0,0.75,0.75,0,0.0,0.5,1.0,0.75,0.75,1,1.0,1.0,1.0,1.0,1.0,1,1.0,1.0,1.0,1.0,1.0
1119,no_strict_e1_improvement,0,,,,,1,0,1,1,1,1,1,4,0,0,-1,current,0,0,0.6447266464432081,0.6447266464432081,10,0,0,0,0,0,0,0,0.0,1.0,0.5,0.75,0.75,0,0.0,1.0,0.5,0.75,0.75,0,0.0,1.0,0.5,0.75,0.75,0,0.0,1.0,0.5,0.75,0.75
1120,no_strict_e1_improvement,0,,,,,1,0,4,4,4,14,14,4,0,0,-1,current,0,0,0.6459431325395902,0.6459431325395902,9,9,9,9,9,0,0,1,1.0,1.0,1.0,1.0,1.0,1,1.0,1.0,1.0,1.0,1.0,1,1.0,1.0,1.0,1.0,1.0,1,1.0,1.0,1.0,1.0,1.0
1121,no_strict_e1_improvement,0,,,,,1,0,1,1,1,1,1,4,0,0,-1,current,0,0,0.6039755791425705,0.6039755791425705,8,0,0,0,0,0,0,0,0.0,0.3333333333333333,0.16666666666666666,0.25,0.4166666666666667,0,0.0,0.3333333333333333,0.16666666666666666,0.25,0.4166666666666667,0,0.0,0.3333333333333333,0.16666666666666666,0.25,0.4166666666666667,0,0.0,0.3333333333333333,0.16666666666666666,0.25,0.4166666666666667
1122,no_strict_e1_improvement,0,,,,,1,0,1,1,1,1,1,4,0,0,-1,current,0,0,0.6512773384650549,0.6512773384650549,9,3,3,3,3,0,0,0,0.3333333333333333,0.6666666666666666,0.5,0.5833333333333334,0.5833333333333334,0,0.3333333333333333,0.6666666666666666,0.5,0.5833333333333334,0.5833333333333334,0,0.3333333333333333,0.6666666666666666,0.5,0.5833333333333334,0.5833333333333334,0,0.3333333333333333,0.6666666666666666,0.5,0.5833333333333334,0.5833333333333334
1123,no_strict_e1_improvement,0,,,,,1,0,5,4,4,15,15,4,0,0,-1,current,0,0,0.7470092251896858,0.7470092251896858,6,0,0,0,0,0,0,0,0.0,0.16666666666666666,0.3333333333333333,0.25,0.25,0,0.0,0.16666666666666666,0.3333333333333333,0.25,0.25,0,0.0,0.16666666666666666,0.3333333333333333,0.25,0.25,0,0.0,0.16666666666666666,0.3333333333333333,0.25,0.25
1124,no_strict_e1_improvement,0,,,,,1,0,1,1,1,1,1,4,0,0,-1,current,0,0,0.6477288827300072,0.6477288827300072,7,0,0,0,0,0,0,0,0.0,0.5,0.6666666666666666,0.5833333333333334,0.5833333333333334,0,0.0,0.5,0.6666666666666666,0.5833333333333334,0.5833333333333334,0,0.0,0.5,0.6666666666666666,0.5833333333333334,0.5833333333333334,0,0.0,0.5,0.6666666666666666,0.5833333333333334,0.5833333333333334
1125,no_strict_e1_improvement,0,,,,,1,0,1,1,1,1,1,4,0,0,-1,current,0,0,0.6332461560765902,0.6332461560765902,10,0,0,0,0,0,0,0,0.0,0.5,1.0,0.75,0.75,0,0.0,0.5,1.0,0.75,0.75,0,0.0,0.5,1.0,0.75,0.75,0,0.0,0.5,1.0,0.75,0.75
1126,max_rounds,0,,,,,1,1,4,4,4,14,14,4,-1,-1,0,s1a3_greedy,1,0,0.7012855460246404,0.5858542968829473,6,1,1,0,0,-1,0,0,0.1111111111111111,0.6666666666666666,0.3333333333333333,0.5,0.5833333333333334,0,0.1111111111111111,0.6666666666666666,0.3333333333333333,0.5,0.5833333333333334,0,0.0,0.5,0.6666666666666666,0.5833333333333334,0.6666666666666666,0,0.0,0.5,0.6666666666666666,0.5833333333333334,0.6666666666666666
1127,partial_completed__no_strict_e1_improvement,1,,3,2,3,1,0,2,2,2,5,5,4,0,0,-1,current,1,0,0.7086079940199852,0.7086079940199852,7,3,3,3,3,0,0,0,0.3333333333333333,0.0,0.6666666666666666,0.3333333333333333,0.3333333333333333,0,0.3333333333333333,0.0,1.0,0.5,0.75,0,0.3333333333333333,0.0,1.0,0.5,0.75,0,0.3333333333333333,0.0,1.0,0.5,0.75
1128,no_strict_e1_improvement,0,,,,,1,0,1,1,1,1,1,4,0,0,-1,current,0,0,0.5016265685359637,0.5016265685359637,6,1,1,1,1,0,0,0,0.1111111111111111,0.6666666666666666,0.3333333333333333,0.5,0.5833333333333334,0,0.1111111111111111,0.6666666666666666,0.3333333333333333,0.5,0.5833333333333334,0,0.1111111111111111,0.6666666666666666,0.3333333333333333,0.5,0.5833333333333334,0,0.1111111111111111,0.6666666666666666,0.3333333333333333,0.5,0.5833333333333334
1129,no_strict_e1_improvement,0,,,,,1,0,1,1,1,1,1,4,0,0,-1,current,0,0,0.5277710581819216,0.5277710581819216,8,0,0,0,0,0,0,0,0.0,0.16666666666666666,0.3333333333333333,0.25,0.4166666666666667,0,0.0,0.16666666666666666,0.3333333333333333,0.25,0.4166666666666667,0,0.0,0.16666666666666666,0.3333333333333333,0.25,0.4166666666666667,0,0.0,0.16666666666666666,0.3333333333333333,0.25,0.4166666666666667
1130,no_strict_e1_improvement,0,,,,,1,0,1,1,1,1,1,4,0,0,-1,current,0,0,0.5746034954984983,0.5746034954984983,6,9,9,9,9,0,0,1,1.0,1.0,1.0,1.0,1.0,1,1.0,1.0,1.0,1.0,1.0,1,1.0,1.0,1.0,1.0,1.0,1,1.0,1.0,1.0,1.0,1.0
1131,no_strict_e1_improvement,0,,,,,1,0,1,1,1,1,1,4,0,0,-1,current,0,0,0.5872295573353767,0.5872295573353767,7,0,0,0,0,0,0,0,0.0,0.16666666666666666,0.5,0.3333333333333333,0.4166666666666667,0,0.0,0.16666666666666666,0.5,0.3333333333333333,0.4166666666666667,0,0.0,0.16666666666666666,0.5,0.3333333333333333,0.4166666666666667,0,0.0,0.16666666666666666,0.5,0.3333333333333333,0.4166666666666667
1132,no_strict_e1_improvement,0,,,,,1,0,1,1,1,1,1,4,0,0,-1,current,0,0,0.6520710065960884,0.6520710065960884,6,0,0,0,0,0,0,0,0.0,0.5,0.0,0.25,0.3333333333333333,0,0.0,0.5,0.0,0.25,0.3333333333333333,0,0.0,0.5,0.0,0.25,0.3333333333333333,0,0.0,0.5,0.0,0.25,0.3333333333333333
1133,max_rounds,0,,,,,1,1,5,4,4,15,15,4,0,1,1,profiled_beam,1,1,0.8181998282670975,0.7109536280234655,7,0,0,7,6,6,-1,0,0.0,0.5,0.8333333333333334,0.6666666666666666,0.6666666666666666,0,0.0,0.5,0.8333333333333334,0.6666666666666666,0.6666666666666666,0,0.7777777777777778,0.6666666666666666,0.6666666666666666,0.6666666666666666,0.8333333333333334,0,0.6666666666666666,0.5,0.8333333333333334,0.6666666666666666,0.6666666666666666
1134,no_strict_e1_improvement,0,,,,,1,0,2,2,2,7,7,4,0,0,-1,current,0,0,0.5263521956900755,0.5263521956900755,7,0,0,0,0,0,0,0,0.0,0.16666666666666666,0.16666666666666666,0.16666666666666666,0.3333333333333333,0,0.0,0.16666666666666666,0.16666666666666666,0.16666666666666666,0.3333333333333333,0,0.0,0.16666666666666666,0.16666666666666666,0.16666666666666666,0.3333333333333333,0,0.0,0.16666666666666666,0.16666666666666666,0.16666666666666666,0.3333333333333333
1135,partial_completed__no_strict_e1_improvement,1,,3,2,4,1,0,2,2,2,6,6,4,0,0,-1,current,1,0,0.6616547231872877,0.6616547231872877,5,0,0,0,0,0,0,0,0.0,0.3333333333333333,0.16666666666666666,0.25,0.25,0,0.0,0.5,0.3333333333333333,0.4166666666666667,0.5833333333333334,0,0.0,0.5,0.3333333333333333,0.4166666666666667,0.5833333333333334,0,0.0,0.5,0.3333333333333333,0.4166666666666667,0.5833333333333334
1136,max_rounds,0,,,,,1,1,4,4,4,12,12,4,-1,0,0,s1a3_greedy,1,0,0.7088735575477282,0.6614727055033048,3,0,0,7,7,7,0,0,0.0,0.3333333333333333,0.16666666666666666,0.25,0.4166666666666667,0,0.0,0.3333333333333333,0.16666666666666666,0.25,0.4166666666666667,0,0.7777777777777778,0.6666666666666666,0.3333333333333333,0.5,0.5833333333333334,0,0.7777777777777778,0.6666666666666666,0.3333333333333333,0.5,0.5833333333333334
1137,no_strict_e1_improvement,0,,,,,1,0,1,1,1,1,1,4,0,0,-1,current,0,0,0.6974071015914282,0.6974071015914282,9,0,0,0,0,0,0,0,0.0,0.5,1.0,0.75,0.75,0,0.0,0.5,1.0,0.75,0.75,0,0.0,0.5,1.0,0.75,0.75,0,0.0,0.5,1.0,0.75,0.75
1138,partial_completed__max_rounds,1,,3,2,4,1,1,4,4,4,16,16,4,-1,0,1,profiled_beam,1,1,0.7501354217529297,0.7221198851863543,6,0,0,0,0,0,0,0,0.0,0.16666666666666666,0.16666666666666666,0.16666666666666666,0.16666666666666666,0,0.0,0.16666666666666666,0.16666666666666666,0.16666666666666666,0.3333333333333333,0,0.0,0.16666666666666666,0.16666666666666666,0.16666666666666666,0.3333333333333333,0,0.0,0.5,0.0,0.25,0.25
1139,no_strict_e1_improvement,0,,,,,1,0,1,1,1,1,1,4,0,0,-1,current,0,0,0.5426518842577934,0.5426518842577934,8,9,9,9,9,0,0,1,1.0,1.0,1.0,1.0,1.0,1,1.0,1.0,1.0,1.0,1.0,1,1.0,1.0,1.0,1.0,1.0,1,1.0,1.0,1.0,1.0,1.0
1140,no_strict_e1_improvement,0,,,,,1,0,1,1,1,1,1,4,0,0,-1,current,0,0,0.5865425864855448,0.5865425864855448,7,0,0,0,0,0,0,0,0.0,0.16666666666666666,0.5,0.3333333333333333,0.4166666666666667,0,0.0,0.16666666666666666,0.5,0.3333333333333333,0.4166666666666667,0,0.0,0.16666666666666666,0.5,0.3333333333333333,0.4166666666666667,0,0.0,0.16666666666666666,0.5,0.3333333333333333,0.4166666666666667
1141,small_component,0,,,,,1,0,0,0,0,0,0,4,0,0,-1,current,0,0,0.5775698572397232,0.5775698572397232,6,0,0,0,0,0,0,0,0.0,0.0,0.5,0.25,0.3333333333333333,0,0.0,0.0,0.5,0.25,0.3333333333333333,0,0.0,0.0,0.5,0.25,0.3333333333333333,0,0.0,0.0,0.5,0.25,0.3333333333333333
1142,max_rounds,0,,,,,1,1,2,2,2,6,6,4,0,-1,0,s1a3_greedy,1,0,0.7176314741373062,0.6530024707317352,8,0,0,9,9,9,0,0,0.0,0.5,1.0,0.75,0.75,0,0.0,0.5,1.0,0.75,0.75,1,1.0,1.0,1.0,1.0,1.0,1,1.0,1.0,1.0,1.0,1.0
1143,small_component,0,,,,,1,0,0,0,0,0,0,4,0,0,-1,current,0,0,0.7780336240927378,0.7780336240927378,3,2,2,2,2,0,0,0,0.2222222222222222,0.0,0.16666666666666666,0.08333333333333333,0.25,0,0.2222222222222222,0.0,0.16666666666666666,0.08333333333333333,0.25,0,0.2222222222222222,0.0,0.16666666666666666,0.08333333333333333,0.25,0,0.2222222222222222,0.0,0.16666666666666666,0.08333333333333333,0.25
1144,max_rounds,0,,,,,1,1,5,4,4,13,13,4,0,1,0,s1a3_greedy,1,0,0.7775398666659991,0.6702797015508016,8,0,0,9,9,9,0,0,0.0,0.5,1.0,0.75,0.75,0,0.0,0.5,1.0,0.75,0.75,1,1.0,1.0,1.0,1.0,1.0,1,1.0,1.0,1.0,1.0,1.0
1145,partial_completed__no_strict_e1_improvement,1,,3,2,4,1,0,2,2,2,8,8,4,0,0,-1,current,1,0,0.6525426805019379,0.6525426805019379,8,3,3,3,3,0,0,0,0.3333333333333333,0.0,0.6666666666666666,0.3333333333333333,0.3333333333333333,0,0.3333333333333333,0.0,1.0,0.5,0.75,0,0.3333333333333333,0.0,1.0,0.5,0.75,0,0.3333333333333333,0.0,1.0,0.5,0.75
1146,no_strict_e1_improvement,0,,,,,1,0,1,1,1,1,1,4,0,0,-1,current,0,0,0.6659824723998705,0.6659824723998705,9,0,0,0,0,0,0,0,0.0,0.5,1.0,0.75,0.75,0,0.0,0.5,1.0,0.75,0.75,0,0.0,0.5,1.0,0.75,0.75,0,0.0,0.5,1.0,0.75,0.75
1147,no_strict_e1_improvement,0,,,,,1,0,1,1,1,1,1,4,0,0,-1,current,0,0,0.5897984007994334,0.5897984007994334,6,0,0,0,0,0,0,0,0.0,0.5,0.5,0.5,0.5,0,0.0,0.5,0.5,0.5,0.5,0,0.0,0.5,0.5,0.5,0.5,0,0.0,0.5,0.5,0.5,0.5
1148,no_strict_e1_improvement,0,,,,,1,0,1,1,1,1,1,4,0,0,-1,current,0,0,0.614992618560791,0.614992618560791,6,0,0,0,0,0,0,0,0.0,0.5,1.0,0.75,0.75,0,0.0,0.5,1.0,0.75,0.75,0,0.0,0.5,1.0,0.75,0.75,0,0.0,0.5,1.0,0.75,0.75
1149,max_rounds,0,,,,,1,1,2,2,2,4,4,4,1,0,0,s1a3_greedy,1,0,0.6745927060643832,0.6562350988388062,6,2,2,0,0,-2,0,0,0.2222222222222222,0.16666666666666666,0.5,0.3333333333333333,0.4166666666666667,0,0.2222222222222222,0.16666666666666666,0.5,0.3333333333333333,0.4166666666666667,0,0.0,0.16666666666666666,0.3333333333333333,0.25,0.4166666666666667,0,0.0,0.16666666666666666,0.3333333333333333,0.25,0.4166666666666667
1150,no_strict_e1_improvement,0,,,,,1,0,1,1,1,1,1,4,0,0,-1,current,0,0,0.6116542145609856,0.6116542145609856,9,0,0,0,0,0,0,0,0.0,0.5,1.0,0.75,0.75,0,0.0,0.5,1.0,0.75,0.75,0,0.0,0.5,1.0,0.75,0.75,0,0.0,0.5,1.0,0.75,0.75
1151,small_component,0,,,,,1,0,0,0,0,0,0,4,0,0,-1,current,0,0,0.7455834696690241,0.7455834696690241,10,0,0,0,0,0,0,0,0.0,1.0,0.5,0.75,0.75,0,0.0,1.0,0.5,0.75,0.75,0,0.0,1.0,0.5,0.75,0.75,0,0.0,1.0,0.5,0.75,0.75
1152,max_rounds,0,,,,,1,1,3,2,2,7,7,4,0,0,0,s1a3_greedy,1,0,0.7605616475145022,0.6980891426404318,6,7,7,9,9,2,0,0,0.7777777777777778,0.6666666666666666,0.6666666666666666,0.6666666666666666,0.75,0,0.7777777777777778,0.6666666666666666,0.6666666666666666,0.6666666666666666,0.75,1,1.0,1.0,1.0,1.0,1.0,1,1.0,1.0,1.0,1.0,1.0
1153,partial_completed__max_rounds,1,,3,2,4,1,1,5,4,4,11,11,4,1,-1,0,s1a3_greedy,1,0,0.7733402426044146,0.5975311150153478,7,0,1,0,0,0,0,0,0.0,0.16666666666666666,0.3333333333333333,0.25,0.25,0,0.1111111111111111,0.16666666666666666,0.5,0.3333333333333333,0.3333333333333333,0,0.0,0.5,0.8333333333333334,0.6666666666666666,0.6666666666666666,0,0.0,0.5,0.8333333333333334,0.6666666666666666,0.6666666666666666
1154,max_rounds,0,,,,,1,1,2,2,2,6,6,4,0,-1,1,profiled_beam,1,1,0.5769758348663648,0.5354666213194529,7,0,0,0,0,0,0,0,0.0,0.5,0.6666666666666666,0.5833333333333334,0.6666666666666666,0,0.0,0.5,0.6666666666666666,0.5833333333333334,0.6666666666666666,0,0.0,0.16666666666666666,0.6666666666666666,0.4166666666666667,0.5,0,0.0,0.5,0.3333333333333333,0.4166666666666667,0.5833333333333334
1155,no_strict_e1_improvement,0,,,,,1,0,1,1,1,1,1,4,0,0,-1,current,0,0,0.6357355266809464,0.6357355266809464,6,0,0,0,0,0,0,0,0.0,0.5,0.5,0.5,0.5,0,0.0,0.5,0.5,0.5,0.5,0,0.0,0.5,0.5,0.5,0.5,0,0.0,0.5,0.5,0.5,0.5
1156,no_strict_e1_improvement,0,,,,,1,0,1,1,1,1,1,4,0,0,-1,current,0,0,0.6094494288166364,0.6094494288166364,8,0,0,0,0,0,0,0,0.0,0.5,0.8333333333333334,0.6666666666666666,0.6666666666666666,0,0.0,0.5,0.8333333333333334,0.6666666666666666,0.6666666666666666,0,0.0,0.5,0.8333333333333334,0.6666666666666666,0.6666666666666666,0,0.0,0.5,0.8333333333333334,0.6666666666666666,0.6666666666666666
1157,no_strict_e1_improvement,0,,,,,1,0,1,1,1,1,1,4,0,0,-1,current,0,0,0.5994636490941048,0.5994636490941048,11,9,9,9,9,0,0,1,1.0,1.0,1.0,1.0,1.0,1,1.0,1.0,1.0,1.0,1.0,1,1.0,1.0,1.0,1.0,1.0,1,1.0,1.0,1.0,1.0,1.0
1158,partial_completed__no_strict_e1_improvement,1,,3,2,4,1,0,1,1,1,1,1,4,0,0,-1,current,1,0,0.6258259986837705,0.6258259986837705,8,0,0,0,0,0,0,0,0.0,0.6666666666666666,0.5,0.5833333333333334,0.5833333333333334,0,0.0,0.8333333333333334,0.5,0.6666666666666666,0.6666666666666666,0,0.0,0.8333333333333334,0.5,0.6666666666666666,0.6666666666666666,0,0.0,0.8333333333333334,0.5,0.6666666666666666,0.6666666666666666
1159,no_strict_e1_improvement,0,,,,,1,0,1,1,1,1,1,4,0,0,-1,current,0,0,0.5084186593691508,0.5084186593691508,9,0,0,0,0,0,0,0,0.0,0.5,0.5,0.5,0.5,0,0.0,0.5,0.5,0.5,0.5,0,0.0,0.5,0.5,0.5,0.5,0,0.0,0.5,0.5,0.5,0.5
1160,no_strict_e1_improvement,0,,,,,1,0,4,4,4,11,11,4,0,0,-1,current,0,0,0.6268222418924173,0.6268222418924173,7,0,0,0,0,0,0,0,0.0,0.8333333333333334,0.5,0.6666666666666666,0.6666666666666666,0,0.0,0.8333333333333334,0.5,0.6666666666666666,0.6666666666666666,0,0.0,0.8333333333333334,0.5,0.6666666666666666,0.6666666666666666,0,0.0,0.8333333333333334,0.5,0.6666666666666666,0.6666666666666666
1161,max_rounds,0,,,,,1,1,3,2,2,6,6,4,0,0,1,profiled_beam,1,1,0.8373985675474008,0.7981395510335764,8,0,0,0,0,0,0,0,0.0,0.3333333333333333,0.6666666666666666,0.5,0.5833333333333334,0,0.0,0.3333333333333333,0.6666666666666666,0.5,0.5833333333333334,0,0.0,0.5,0.8333333333333334,0.6666666666666666,0.6666666666666666,0,0.0,0.5,0.6666666666666666,0.5833333333333334,0.5833333333333334
1162,no_strict_e1_improvement,0,,,,,1,0,1,1,1,1,1,4,0,0,-1,current,0,0,0.57646544277668,0.57646544277668,9,7,7,7,7,0,0,0,0.7777777777777778,0.6666666666666666,0.6666666666666666,0.6666666666666666,0.75,0,0.7777777777777778,0.6666666666666666,0.6666666666666666,0.6666666666666666,0.75,0,0.7777777777777778,0.6666666666666666,0.6666666666666666,0.6666666666666666,0.75,0,0.7777777777777778,0.6666666666666666,0.6666666666666666,0.6666666666666666,0.75
1163,max_rounds,0,,,,,1,1,4,4,4,14,14,4,-1,0,0,s1a3_greedy,1,0,0.6946823224425316,0.690153124431769,7,7,7,0,0,-7,0,0,0.7777777777777778,0.6666666666666666,0.6666666666666666,0.6666666666666666,0.75,0,0.7777777777777778,0.6666666666666666,0.6666666666666666,0.6666666666666666,0.75,0,0.0,0.6666666666666666,0.16666666666666666,0.4166666666666667,0.5,0,0.0,0.6666666666666666,0.16666666666666666,0.4166666666666667,0.5
1164,partial_completed__no_strict_e1_improvement,1,,3,2,4,1,0,1,1,1,1,1,4,0,0,-1,current,1,0,0.5902584890524546,0.5902584890524546,9,0,0,0,0,0,0,0,0.0,0.5,0.6666666666666666,0.5833333333333334,0.5833333333333334,0,0.0,0.5,1.0,0.75,0.75,0,0.0,0.5,1.0,0.75,0.75,0,0.0,0.5,1.0,0.75,0.75
1165,no_strict_e1_improvement,0,,,,,1,0,1,1,1,1,1,4,0,0,-1,current,0,0,0.6038478190700213,0.6038478190700213,9,9,9,9,9,0,0,1,1.0,1.0,1.0,1.0,1.0,1,1.0,1.0,1.0,1.0,1.0,1,1.0,1.0,1.0,1.0,1.0,1,1.0,1.0,1.0,1.0,1.0
1166,no_strict_e1_improvement,0,,,,,1,0,1,1,1,1,1,4,0,0,-1,current,0,0,0.5490971729159355,0.5490971729159355,9,9,9,9,9,0,0,1,1.0,1.0,1.0,1.0,1.0,1,1.0,1.0,1.0,1.0,1.0,1,1.0,1.0,1.0,1.0,1.0,1,1.0,1.0,1.0,1.0,1.0
1167,no_strict_e1_improvement,0,,,,,1,0,2,2,2,5,5,4,0,0,-1,current,0,0,0.5677297214667002,0.5677297214667002,9,9,9,9,9,0,0,1,1.0,1.0,1.0,1.0,1.0,1,1.0,1.0,1.0,1.0,1.0,1,1.0,1.0,1.0,1.0,1.0,1,1.0,1.0,1.0,1.0,1.0
1168,no_strict_e1_improvement,0,,,,,1,0,1,1,1,1,1,4,0,0,-1,current,0,0,0.5481287091970444,0.5481287091970444,10,0,0,0,0,0,0,0,0.0,0.5,1.0,0.75,0.75,0,0.0,0.5,1.0,0.75,0.75,0,0.0,0.5,1.0,0.75,0.75,0,0.0,0.5,1.0,0.75,0.75
1169,max_rounds,0,,,,,1,1,5,4,4,12,12,4,0,-1,1,profiled_beam,1,1,0.6293780952692032,0.5934494684139887,3,1,1,2,3,2,1,0,0.1111111111111111,0.3333333333333333,0.0,0.16666666666666666,0.5,0,0.1111111111111111,0.3333333333333333,0.0,0.16666666666666666,0.5,0,0.2222222222222222,0.6666666666666666,0.16666666666666666,0.4166666666666667,0.5833333333333334,0,0.3333333333333333,1.0,0.0,0.5,0.75
1170,no_strict_e1_improvement,0,,,,,1,0,2,2,2,6,6,4,0,0,-1,current,0,0,0.6372614925106367,0.6372614925106367,6,0,0,0,0,0,0,0,0.0,0.5,0.8333333333333334,0.6666666666666666,0.6666666666666666,0,0.0,0.5,0.8333333333333334,0.6666666666666666,0.6666666666666666,0,0.0,0.5,0.8333333333333334,0.6666666666666666,0.6666666666666666,0,0.0,0.5,0.8333333333333334,0.6666666666666666,0.6666666666666666
1171,max_rounds,0,,,,,1,1,3,2,2,7,7,4,-1,0,1,profiled_beam,1,1,0.7865858152508736,0.6928600867589315,5,0,0,0,1,1,1,0,0.0,0.3333333333333333,0.0,0.16666666666666666,0.3333333333333333,0,0.0,0.3333333333333333,0.0,0.16666666666666666,0.3333333333333333,0,0.0,0.5,0.5,0.5,0.5,0,0.1111111111111111,0.3333333333333333,0.16666666666666666,0.25,0.3333333333333333
1172,no_strict_e1_improvement,0,,,,,1,0,1,1,1,1,1,4,0,0,-1,current,0,0,0.7039150496323904,0.7039150496323904,9,9,9,9,9,0,0,1,1.0,1.0,1.0,1.0,1.0,1,1.0,1.0,1.0,1.0,1.0,1,1.0,1.0,1.0,1.0,1.0,1,1.0,1.0,1.0,1.0,1.0
1173,no_strict_e1_improvement,0,,,,,1,0,2,2,2,6,6,4,0,0,-1,current,0,0,0.6787886892755827,0.6787886892755827,7,0,0,0,0,0,0,0,0.0,0.5,1.0,0.75,0.75,0,0.0,0.5,1.0,0.75,0.75,0,0.0,0.5,1.0,0.75,0.75,0,0.0,0.5,1.0,0.75,0.75
1174,no_strict_e1_improvement,0,,,,,1,0,1,1,1,1,1,4,0,0,-1,current,0,0,0.6246001372734705,0.6246001372734705,8,0,0,0,0,0,0,0,0.0,0.5,0.8333333333333334,0.6666666666666666,0.6666666666666666,0,0.0,0.5,0.8333333333333334,0.6666666666666666,0.6666666666666666,0,0.0,0.5,0.8333333333333334,0.6666666666666666,0.6666666666666666,0,0.0,0.5,0.8333333333333334,0.6666666666666666,0.6666666666666666
1175,max_rounds,0,,,,,1,1,5,4,4,15,15,4,0,0,1,profiled_beam,1,1,0.6923280904690424,0.575180451075236,6,5,5,7,9,4,2,0,0.5555555555555556,0.6666666666666666,0.3333333333333333,0.5,0.5833333333333334,0,0.5555555555555556,0.6666666666666666,0.3333333333333333,0.5,0.5833333333333334,0,0.7777777777777778,0.6666666666666666,0.6666666666666666,0.6666666666666666,0.75,1,1.0,1.0,1.0,1.0,1.0
1176,small_component,0,,,,,1,0,0,0,0,0,0,4,0,0,-1,current,0,0,0.655374656120936,0.655374656120936,4,1,1,1,1,0,0,0,0.1111111111111111,0.16666666666666666,0.3333333333333333,0.25,0.3333333333333333,0,0.1111111111111111,0.16666666666666666,0.3333333333333333,0.25,0.3333333333333333,0,0.1111111111111111,0.16666666666666666,0.3333333333333333,0.25,0.3333333333333333,0,0.1111111111111111,0.16666666666666666,0.3333333333333333,0.25,0.3333333333333333
1177,partial_completed__max_rounds,1,,3,2,3,1,1,4,4,4,16,16,4,-1,-1,1,profiled_beam,1,1,0.765285794933637,0.6764201919237772,5,0,0,0,0,0,0,0,0.0,0.5,0.3333333333333333,0.4166666666666667,0.4166666666666667,0,0.0,0.6666666666666666,0.5,0.5833333333333334,0.5833333333333334,0,0.0,0.5,1.0,0.75,0.75,0,0.0,0.5,1.0,0.75,0.75
1178,no_strict_e1_improvement,0,,,,,1,0,1,1,1,1,1,4,0,0,-1,current,0,0,0.7137688746054968,0.7137688746054968,10,0,0,0,0,0,0,0,0.0,0.5,1.0,0.75,0.75,0,0.0,0.5,1.0,0.75,0.75,0,0.0,0.5,1.0,0.75,0.75,0,0.0,0.5,1.0,0.75,0.75
1179,no_strict_e1_improvement,0,,,,,1,0,1,1,1,1,1,4,0,0,-1,current,0,0,0.5536453376213709,0.5536453376213709,12,9,9,9,9,0,0,1,1.0,1.0,1.0,1.0,1.0,1,1.0,1.0,1.0,1.0,1.0,1,1.0,1.0,1.0,1.0,1.0,1,1.0,1.0,1.0,1.0,1.0
1180,small_component,0,,,,,1,0,0,0,0,0,0,4,0,0,-1,current,0,0,0.6292888621489207,0.6292888621489207,6,0,0,0,0,0,0,0,0.0,1.0,0.5,0.75,0.75,0,0.0,1.0,0.5,0.75,0.75,0,0.0,1.0,0.5,0.75,0.75,0,0.0,1.0,0.5,0.75,0.75
1181,max_rounds,0,,,,,1,1,5,4,4,15,15,4,-1,0,1,profiled_beam,1,1,0.7918498143553734,0.7029928267002106,4,2,2,5,7,5,2,0,0.2222222222222222,0.3333333333333333,0.16666666666666666,0.25,0.5,0,0.2222222222222222,0.3333333333333333,0.16666666666666666,0.25,0.5,0,0.5555555555555556,0.3333333333333333,0.3333333333333333,0.3333333333333333,0.5,0,0.7777777777777778,0.6666666666666666,0.6666666666666666,0.6666666666666666,0.75
1182,no_strict_e1_improvement,0,,,,,1,0,1,1,1,1,1,4,0,0,-1,current,0,0,0.4975464940071106,0.4975464940071106,12,9,9,9,9,0,0,1,1.0,1.0,1.0,1.0,1.0,1,1.0,1.0,1.0,1.0,1.0,1,1.0,1.0,1.0,1.0,1.0,1,1.0,1.0,1.0,1.0,1.0
1183,max_rounds,0,,,,,1,1,5,4,4,15,15,4,1,1,1,profiled_beam,1,1,0.9111155370871226,0.6322841669122378,9,0,0,7,9,9,2,0,0.0,0.3333333333333333,0.6666666666666666,0.5,0.5833333333333334,0,0.0,0.3333333333333333,0.6666666666666666,0.5,0.5833333333333334,0,0.7777777777777778,0.6666666666666666,0.6666666666666666,0.6666666666666666,0.75,1,1.0,1.0,1.0,1.0,1.0
1184,partial_completed__no_strict_e1_improvement,1,,3,2,4,1,0,1,1,1,1,1,4,0,0,-1,current,1,0,0.6343696390589079,0.6343696390589079,9,6,6,6,6,0,0,0,0.6666666666666666,0.6666666666666666,0.5,0.5833333333333334,0.5833333333333334,0,0.6666666666666666,0.8333333333333334,0.5,0.6666666666666666,0.6666666666666666,0,0.6666666666666666,0.8333333333333334,0.5,0.6666666666666666,0.6666666666666666,0,0.6666666666666666,0.8333333333333334,0.5,0.6666666666666666,0.6666666666666666
1185,no_strict_e1_improvement,0,,,,,1,0,2,2,2,7,7,4,0,0,-1,current,0,0,0.6186018610994021,0.6186018610994021,9,9,9,9,9,0,0,1,1.0,1.0,1.0,1.0,1.0,1,1.0,1.0,1.0,1.0,1.0,1,1.0,1.0,1.0,1.0,1.0,1,1.0,1.0,1.0,1.0,1.0
1186,max_rounds,0,,,,,1,1,3,2,2,8,8,4,0,0,1,profiled_beam,1,1,0.6260666077335676,0.613048272828261,6,0,0,0,0,0,0,0,0.0,0.0,0.6666666666666666,0.3333333333333333,0.3333333333333333,0,0.0,0.0,0.6666666666666666,0.3333333333333333,0.3333333333333333,0,0.0,0.0,0.6666666666666666,0.3333333333333333,0.3333333333333333,0,0.0,0.5,0.8333333333333334,0.6666666666666666,0.6666666666666666
1187,no_strict_e1_improvement,0,,,,,1,0,1,1,1,1,1,4,0,0,-1,current,0,0,0.7605158612132072,0.7605158612132072,7,0,0,0,0,0,0,0,0.0,0.5,1.0,0.75,0.75,0,0.0,0.5,1.0,0.75,0.75,0,0.0,0.5,1.0,0.75,0.75,0,0.0,0.5,1.0,0.75,0.75
1188,max_rounds,0,,,,,1,1,2,2,2,8,8,4,1,0,1,profiled_beam,1,1,0.759788749118646,0.7311049376924833,6,0,0,0,3,3,3,0,0.0,0.6666666666666666,0.5,0.5833333333333334,0.5833333333333334,0,0.0,0.6666666666666666,0.5,0.5833333333333334,0.5833333333333334,0,0.0,0.6666666666666666,0.5,0.5833333333333334,0.5833333333333334,0,0.3333333333333333,0.6666666666666666,0.5,0.5833333333333334,0.5833333333333334
1189,no_strict_e1_improvement,0,,,,,1,0,4,4,4,15,15,4,0,0,-1,current,0,0,0.6921921049555143,0.6921921049555143,5,0,0,0,0,0,0,0,0.0,0.0,0.6666666666666666,0.3333333333333333,0.3333333333333333,0,0.0,0.0,0.6666666666666666,0.3333333333333333,0.3333333333333333,0,0.0,0.0,0.6666666666666666,0.3333333333333333,0.3333333333333333,0,0.0,0.0,0.6666666666666666,0.3333333333333333,0.3333333333333333
1190,max_rounds,0,,,,,1,1,5,4,4,14,14,4,1,-1,1,profiled_beam,1,1,0.8103064969182014,0.6196592301130295,7,0,0,7,9,9,2,0,0.0,0.3333333333333333,0.5,0.4166666666666667,0.4166666666666667,0,0.0,0.3333333333333333,0.5,0.4166666666666667,0.4166666666666667,0,0.7777777777777778,0.6666666666666666,0.6666666666666666,0.6666666666666666,0.75,1,1.0,1.0,1.0,1.0,1.0
1191,no_strict_e1_improvement,0,,,,,1,0,1,1,1,1,1,4,0,0,-1,current,0,0,0.6711788525183996,0.6711788525183996,9,0,0,0,0,0,0,0,0.0,0.5,1.0,0.75,0.75,0,0.0,0.5,1.0,0.75,0.75,0,0.0,0.5,1.0,0.75,0.75,0,0.0,0.5,1.0,0.75,0.75
1192,no_strict_e1_improvement,0,,,,,1,0,1,1,1,1,1,4,0,0,-1,current,0,0,0.6023651411135992,0.6023651411135992,9,0,0,0,0,0,0,0,0.0,0.5,1.0,0.75,0.75,0,0.0,0.5,1.0,0.75,0.75,0,0.0,0.5,1.0,0.75,0.75,0,0.0,0.5,1.0,0.75,0.75
1193,no_strict_e1_improvement,0,,,,,1,0,1,1,1,1,1,4,0,0,-1,current,0,0,0.4493350312113762,0.4493350312113762,10,0,0,0,0,0,0,0,0.0,1.0,0.5,0.75,0.75,0,0.0,1.0,0.5,0.75,0.75,0,0.0,1.0,0.5,0.75,0.75,0,0.0,1.0,0.5,0.75,0.75
1194,no_strict_e1_improvement,0,,,,,1,0,1,1,1,1,1,4,0,0,-1,current,0,0,0.5734426230192184,0.5734426230192184,8,6,6,6,6,0,0,0,0.6666666666666666,0.8333333333333334,0.5,0.6666666666666666,0.6666666666666666,0,0.6666666666666666,0.8333333333333334,0.5,0.6666666666666666,0.6666666666666666,0,0.6666666666666666,0.8333333333333334,0.5,0.6666666666666666,0.6666666666666666,0,0.6666666666666666,0.8333333333333334,0.5,0.6666666666666666,0.6666666666666666
1195,small_component,0,,,,,1,0,0,0,0,0,0,4,0,0,-1,current,0,0,0.8456729476650556,0.8456729476650556,7,0,0,0,0,0,0,0,0.0,1.0,0.5,0.75,0.75,0,0.0,1.0,0.5,0.75,0.75,0,0.0,1.0,0.5,0.75,0.75,0,0.0,1.0,0.5,0.75,0.75
1196,no_strict_e1_improvement,0,,,,,1,0,1,1,1,1,1,4,0,0,-1,current,0,0,0.6645111913482348,0.6645111913482348,10,9,9,9,9,0,0,1,1.0,1.0,1.0,1.0,1.0,1,1.0,1.0,1.0,1.0,1.0,1,1.0,1.0,1.0,1.0,1.0,1,1.0,1.0,1.0,1.0,1.0
1197,no_strict_e1_improvement,0,,,,,1,0,1,1,1,1,1,4,0,0,-1,current,0,0,0.5379434376955032,0.5379434376955032,9,9,9,9,9,0,0,1,1.0,1.0,1.0,1.0,1.0,1,1.0,1.0,1.0,1.0,1.0,1,1.0,1.0,1.0,1.0,1.0,1,1.0,1.0,1.0,1.0,1.0
1198,no_strict_e1_improvement,0,,,,,1,0,1,1,1,1,1,4,0,0,-1,current,0,0,0.5860458935300509,0.5860458935300509,9,0,0,0,0,0,0,0,0.0,1.0,0.5,0.75,0.75,0,0.0,1.0,0.5,0.75,0.75,0,0.0,1.0,0.5,0.75,0.75,0,0.0,1.0,0.5,0.75,0.75
1199,no_strict_e1_improvement,0,,,,,1,0,1,1,1,1,1,4,0,0,-1,current,0,0,0.6205248832702637,0.6205248832702637,11,9,9,9,9,0,0,1,1.0,1.0,1.0,1.0,1.0,1,1.0,1.0,1.0,1.0,1.0,1,1.0,1.0,1.0,1.0,1.0,1,1.0,1.0,1.0,1.0,1.0
1200,no_strict_e1_improvement,0,,,,,1,0,1,1,1,1,1,4,0,0,-1,current,0,0,0.585854709148407,0.585854709148407,10,9,9,9,9,0,0,1,1.0,1.0,1.0,1.0,1.0,1,1.0,1.0,1.0,1.0,1.0,1,1.0,1.0,1.0,1.0,1.0,1,1.0,1.0,1.0,1.0,1.0
1201,max_rounds,0,,,,,1,1,4,4,4,13,13,4,-1,1,1,profiled_beam,1,1,0.5222563544909159,0.425558681289355,5,5,5,0,0,-5,0,0,0.5555555555555556,0.3333333333333333,0.3333333333333333,0.3333333333333333,0.5,0,0.5555555555555556,0.3333333333333333,0.3333333333333333,0.3333333333333333,0.5,0,0.0,0.16666666666666666,0.16666666666666666,0.16666666666666666,0.5,0,0.0,0.3333333333333333,0.16666666666666666,0.25,0.3333333333333333
1202,no_strict_e1_improvement,0,,,,,1,0,1,1,1,1,1,4,0,0,-1,current,0,0,0.7243000417947769,0.7243000417947769,7,0,0,0,0,0,0,0,0.0,0.5,0.3333333333333333,0.4166666666666667,0.5833333333333334,0,0.0,0.5,0.3333333333333333,0.4166666666666667,0.5833333333333334,0,0.0,0.5,0.3333333333333333,0.4166666666666667,0.5833333333333334,0,0.0,0.5,0.3333333333333333,0.4166666666666667,0.5833333333333334
1203,no_strict_e1_improvement,0,,,,,1,0,4,4,4,15,15,4,0,0,-1,current,0,0,0.7876266439755758,0.7876266439755758,9,0,0,0,0,0,0,0,0.0,0.5,0.8333333333333334,0.6666666666666666,0.6666666666666666,0,0.0,0.5,0.8333333333333334,0.6666666666666666,0.6666666666666666,0,0.0,0.5,0.8333333333333334,0.6666666666666666,0.6666666666666666,0,0.0,0.5,0.8333333333333334,0.6666666666666666,0.6666666666666666
1204,no_strict_e1_improvement,0,,,,,1,0,1,1,1,1,1,4,0,0,-1,current,0,0,0.6397035544117292,0.6397035544117292,12,9,9,9,9,0,0,1,1.0,1.0,1.0,1.0,1.0,1,1.0,1.0,1.0,1.0,1.0,1,1.0,1.0,1.0,1.0,1.0,1,1.0,1.0,1.0,1.0,1.0
1205,max_rounds,0,,,,,1,1,5,4,4,15,15,4,0,1,0,s1a3_greedy,1,0,0.9144545222322146,0.7539320588111877,8,0,0,9,9,9,0,0,0.0,0.3333333333333333,0.6666666666666666,0.5,0.6666666666666666,0,0.0,0.3333333333333333,0.6666666666666666,0.5,0.6666666666666666,1,1.0,1.0,1.0,1.0,1.0,1,1.0,1.0,1.0,1.0,1.0
1206,no_strict_e1_improvement,0,,,,,1,0,2,2,2,6,6,4,0,0,-1,current,0,0,0.6531765585144361,0.6531765585144361,8,0,0,0,0,0,0,0,0.0,1.0,0.5,0.75,0.75,0,0.0,1.0,0.5,0.75,0.75,0,0.0,1.0,0.5,0.75,0.75,0,0.0,1.0,0.5,0.75,0.75
1207,no_strict_e1_improvement,0,,,,,1,0,1,1,1,1,1,4,0,0,-1,current,0,0,0.5818764194846153,0.5818764194846153,9,0,0,0,0,0,0,0,0.0,0.5,0.5,0.5,0.5,0,0.0,0.5,0.5,0.5,0.5,0,0.0,0.5,0.5,0.5,0.5,0,0.0,0.5,0.5,0.5,0.5
1208,max_rounds,0,,,,,1,1,2,1,1,2,2,4,0,0,0,s1a3_greedy,1,0,0.8088591992855072,0.7120462233821551,7,1,1,0,0,-1,0,0,0.1111111111111111,0.6666666666666666,0.3333333333333333,0.5,0.5,0,0.1111111111111111,0.6666666666666666,0.3333333333333333,0.5,0.5,0,0.0,0.8333333333333334,0.5,0.6666666666666666,0.6666666666666666,0,0.0,0.8333333333333334,0.5,0.6666666666666666,0.6666666666666666
1209,no_strict_e1_improvement,0,,,,,1,0,1,1,1,1,1,4,0,0,-1,current,0,0,0.5079115902384123,0.5079115902384123,10,9,9,9,9,0,0,1,1.0,1.0,1.0,1.0,1.0,1,1.0,1.0,1.0,1.0,1.0,1,1.0,1.0,1.0,1.0,1.0,1,1.0,1.0,1.0,1.0,1.0
1210,no_strict_e1_improvement,0,,,,,1,0,1,1,1,1,1,4,0,0,-1,current,0,0,0.7674820174773535,0.7674820174773535,6,1,1,1,1,0,0,0,0.1111111111111111,0.16666666666666666,0.5,0.3333333333333333,0.4166666666666667,0,0.1111111111111111,0.16666666666666666,0.5,0.3333333333333333,0.4166666666666667,0,0.1111111111111111,0.16666666666666666,0.5,0.3333333333333333,0.4166666666666667,0,0.1111111111111111,0.16666666666666666,0.5,0.3333333333333333,0.4166666666666667
1211,no_strict_e1_improvement,0,,,,,1,0,4,4,4,11,11,4,0,0,-1,current,0,0,0.779160072406133,0.779160072406133,8,9,9,9,9,0,0,1,1.0,1.0,1.0,1.0,1.0,1,1.0,1.0,1.0,1.0,1.0,1,1.0,1.0,1.0,1.0,1.0,1,1.0,1.0,1.0,1.0,1.0
1212,no_strict_e1_improvement,0,,,,,1,0,1,1,1,1,1,4,0,0,-1,current,0,0,0.749628002444903,0.749628002444903,6,0,0,0,0,0,0,0,0.0,0.6666666666666666,0.5,0.5833333333333334,0.6666666666666666,0,0.0,0.6666666666666666,0.5,0.5833333333333334,0.6666666666666666,0,0.0,0.6666666666666666,0.5,0.5833333333333334,0.6666666666666666,0,0.0,0.6666666666666666,0.5,0.5833333333333334,0.6666666666666666
1213,max_rounds,0,,,,,1,1,5,4,4,14,14,4,1,1,0,s1a3_greedy,1,0,0.8766176551580429,0.6869580646355947,9,0,0,9,9,9,0,0,0.0,0.5,0.3333333333333333,0.4166666666666667,0.5,0,0.0,0.5,0.3333333333333333,0.4166666666666667,0.5,1,1.0,1.0,1.0,1.0,1.0,1,1.0,1.0,1.0,1.0,1.0
1214,no_strict_e1_improvement,0,,,,,1,0,2,2,2,7,7,4,0,0,-1,current,0,0,0.45776206254959106,0.45776206254959106,8,2,2,2,2,0,0,0,0.2222222222222222,0.3333333333333333,0.16666666666666666,0.25,0.4166666666666667,0,0.2222222222222222,0.3333333333333333,0.16666666666666666,0.25,0.4166666666666667,0,0.2222222222222222,0.3333333333333333,0.16666666666666666,0.25,0.4166666666666667,0,0.2222222222222222,0.3333333333333333,0.16666666666666666,0.25,0.4166666666666667
1215,small_component,0,,,,,1,0,0,0,0,0,0,4,0,0,-1,current,0,0,0.7537037084499995,0.7537037084499995,6,2,2,2,2,0,0,0,0.2222222222222222,0.16666666666666666,0.6666666666666666,0.4166666666666667,0.5833333333333334,0,0.2222222222222222,0.16666666666666666,0.6666666666666666,0.4166666666666667,0.5833333333333334,0,0.2222222222222222,0.16666666666666666,0.6666666666666666,0.4166666666666667,0.5833333333333334,0,0.2222222222222222,0.16666666666666666,0.6666666666666666,0.4166666666666667,0.5833333333333334
1216,no_strict_e1_improvement,0,,,,,1,0,1,1,1,2,2,4,0,0,-1,current,0,0,0.6797667965292931,0.6797667965292931,8,9,9,9,9,0,0,1,1.0,1.0,1.0,1.0,1.0,1,1.0,1.0,1.0,1.0,1.0,1,1.0,1.0,1.0,1.0,1.0,1,1.0,1.0,1.0,1.0,1.0
1217,max_rounds,0,,,,,1,1,3,2,2,8,8,4,0,0,1,profiled_beam,1,1,0.8673534741004308,0.8267479985952377,6,0,0,6,0,0,-6,0,0.0,0.5,0.3333333333333333,0.4166666666666667,0.6666666666666666,0,0.0,0.5,0.3333333333333333,0.4166666666666667,0.6666666666666666,0,0.6666666666666666,0.5,0.5,0.5,0.6666666666666666,0,0.0,0.5,0.3333333333333333,0.4166666666666667,0.5
1218,no_strict_e1_improvement,0,,,,,1,0,2,2,2,7,7,4,0,0,-1,current,0,0,0.5656628434856733,0.5656628434856733,7,0,0,0,0,0,0,0,0.0,0.8333333333333334,0.5,0.6666666666666666,0.6666666666666666,0,0.0,0.8333333333333334,0.5,0.6666666666666666,0.6666666666666666,0,0.0,0.8333333333333334,0.5,0.6666666666666666,0.6666666666666666,0,0.0,0.8333333333333334,0.5,0.6666666666666666,0.6666666666666666
1219,no_strict_e1_improvement,0,,,,,1,0,2,2,2,6,6,4,0,0,-1,current,0,0,0.5992781470219294,0.5992781470219294,6,0,0,0,0,0,0,0,0.0,0.5,0.6666666666666666,0.5833333333333334,0.5833333333333334,0,0.0,0.5,0.6666666666666666,0.5833333333333334,0.5833333333333334,0,0.0,0.5,0.6666666666666666,0.5833333333333334,0.5833333333333334,0,0.0,0.5,0.6666666666666666,0.5833333333333334,0.5833333333333334
1220,small_component,0,,,,,1,0,0,0,0,0,0,4,0,0,-1,current,0,0,0.8234297235806783,0.8234297235806783,6,0,0,0,0,0,0,0,0.0,0.6666666666666666,0.5,0.5833333333333334,0.6666666666666666,0,0.0,0.6666666666666666,0.5,0.5833333333333334,0.6666666666666666,0,0.0,0.6666666666666666,0.5,0.5833333333333334,0.6666666666666666,0,0.0,0.6666666666666666,0.5,0.5833333333333334,0.6666666666666666
1221,no_strict_e1_improvement,0,,,,,1,0,1,1,1,1,1,4,0,0,-1,current,0,0,0.6433307702342669,0.6433307702342669,7,3,3,3,3,0,0,0,0.3333333333333333,0.0,1.0,0.5,0.75,0,0.3333333333333333,0.0,1.0,0.5,0.75,0,0.3333333333333333,0.0,1.0,0.5,0.75,0,0.3333333333333333,0.0,1.0,0.5,0.75
1222,partial_completed__max_rounds,1,,3,2,3,1,1,2,2,2,6,6,4,-1,0,0,s1a3_greedy,1,0,0.6565115451812744,0.6410990282893181,7,6,9,0,0,-6,0,0,0.6666666666666666,0.6666666666666666,0.5,0.5833333333333334,0.5833333333333334,1,1.0,1.0,1.0,1.0,1.0,0,0.0,0.8333333333333334,0.5,0.6666666666666666,0.6666666666666666,0,0.0,0.8333333333333334,0.5,0.6666666666666666,0.6666666666666666
1223,max_rounds,0,,,,,1,1,3,2,2,8,8,4,1,0,1,profiled_beam,1,1,0.7662410984436671,0.7446860149502754,7,0,0,0,9,9,9,0,0.0,0.8333333333333334,0.5,0.6666666666666666,0.6666666666666666,0,0.0,0.8333333333333334,0.5,0.6666666666666666,0.6666666666666666,0,0.0,0.8333333333333334,0.5,0.6666666666666666,0.6666666666666666,1,1.0,1.0,1.0,1.0,1.0
1224,no_strict_e1_improvement,0,,,,,1,0,1,1,1,1,1,4,0,0,-1,current,0,0,0.47516194979349774,0.47516194979349774,7,0,0,0,0,0,0,0,0.0,1.0,0.5,0.75,0.75,0,0.0,1.0,0.5,0.75,0.75,0,0.0,1.0,0.5,0.75,0.75,0,0.0,1.0,0.5,0.75,0.75
1225,no_strict_e1_improvement,0,,,,,1,0,4,4,4,15,15,4,0,0,-1,current,0,0,0.7021474093198776,0.7021474093198776,7,9,9,9,9,0,0,1,1.0,1.0,1.0,1.0,1.0,1,1.0,1.0,1.0,1.0,1.0,1,1.0,1.0,1.0,1.0,1.0,1,1.0,1.0,1.0,1.0,1.0
1226,small_component,0,,,,,1,0,0,0,0,0,0,4,0,0,-1,current,0,0,0.8249135067065557,0.8249135067065557,3,2,2,2,2,0,0,0,0.2222222222222222,0.0,0.16666666666666666,0.08333333333333333,0.25,0,0.2222222222222222,0.0,0.16666666666666666,0.08333333333333333,0.25,0,0.2222222222222222,0.0,0.16666666666666666,0.08333333333333333,0.25,0,0.2222222222222222,0.0,0.16666666666666666,0.08333333333333333,0.25
1227,small_component,0,,,,,1,0,0,0,0,0,0,4,0,0,-1,current,0,0,0.7595126877228419,0.7595126877228419,5,4,4,4,4,0,0,0,0.4444444444444444,0.16666666666666666,0.5,0.3333333333333333,0.4166666666666667,0,0.4444444444444444,0.16666666666666666,0.5,0.3333333333333333,0.4166666666666667,0,0.4444444444444444,0.16666666666666666,0.5,0.3333333333333333,0.4166666666666667,0,0.4444444444444444,0.16666666666666666,0.5,0.3333333333333333,0.4166666666666667
1228,max_rounds,0,,,,,1,1,5,4,4,14,14,4,0,0,0,s1a3_greedy,1,0,0.6397526909907659,0.6342367803057035,4,0,0,0,0,0,0,0,0.0,0.3333333333333333,0.0,0.16666666666666666,0.4166666666666667,0,0.0,0.3333333333333333,0.0,0.16666666666666666,0.4166666666666667,0,0.0,0.6666666666666666,0.16666666666666666,0.4166666666666667,0.5833333333333334,0,0.0,0.6666666666666666,0.16666666666666666,0.4166666666666667,0.5833333333333334
1229,small_component,0,,,,,1,0,0,0,0,0,0,4,0,0,-1,current,0,0,0.6069496497511864,0.6069496497511864,5,0,0,0,0,0,0,0,0.0,0.0,0.5,0.25,0.5833333333333334,0,0.0,0.0,0.5,0.25,0.5833333333333334,0,0.0,0.0,0.5,0.25,0.5833333333333334,0,0.0,0.0,0.5,0.25,0.5833333333333334
1230,partial_completed__no_strict_e1_improvement,1,,3,2,4,1,0,1,1,1,1,1,4,0,0,-1,current,1,0,0.5235190615057945,0.5235190615057945,6,0,9,9,9,9,0,0,0.0,0.6666666666666666,0.5,0.5833333333333334,0.5833333333333334,1,1.0,1.0,1.0,1.0,1.0,1,1.0,1.0,1.0,1.0,1.0,1,1.0,1.0,1.0,1.0,1.0
1231,no_strict_e1_improvement,0,,,,,1,0,1,1,1,1,1,4,0,0,-1,current,0,0,0.5163805186748505,0.5163805186748505,10,0,0,0,0,0,0,0,0.0,0.5,1.0,0.75,0.75,0,0.0,0.5,1.0,0.75,0.75,0,0.0,0.5,1.0,0.75,0.75,0,0.0,0.5,1.0,0.75,0.75
1232,no_strict_e1_improvement,0,,,,,1,0,1,1,1,1,1,4,0,0,-1,current,0,0,0.5547395025690397,0.5547395025690397,10,9,9,9,9,0,0,1,1.0,1.0,1.0,1.0,1.0,1,1.0,1.0,1.0,1.0,1.0,1,1.0,1.0,1.0,1.0,1.0,1,1.0,1.0,1.0,1.0,1.0
1233,no_strict_e1_improvement,0,,,,,1,0,1,1,1,1,1,4,0,0,-1,current,0,0,0.7456744636098543,0.7456744636098543,8,0,0,0,0,0,0,0,0.0,0.6666666666666666,0.5,0.5833333333333334,0.5833333333333334,0,0.0,0.6666666666666666,0.5,0.5833333333333334,0.5833333333333334,0,0.0,0.6666666666666666,0.5,0.5833333333333334,0.5833333333333334,0,0.0,0.6666666666666666,0.5,0.5833333333333334,0.5833333333333334
1234,partial_completed__no_strict_e1_improvement,1,,3,2,2,1,0,1,1,1,1,1,4,0,0,-1,current,1,0,0.6141912043094635,0.6141912043094635,10,6,9,9,9,3,0,0,0.6666666666666666,0.5,0.6666666666666666,0.5833333333333334,0.5833333333333334,1,1.0,1.0,1.0,1.0,1.0,1,1.0,1.0,1.0,1.0,1.0,1,1.0,1.0,1.0,1.0,1.0
1235,no_strict_e1_improvement,0,,,,,1,0,1,1,1,1,1,4,0,0,-1,current,0,0,0.5232009453078111,0.5232009453078111,11,9,9,9,9,0,0,1,1.0,1.0,1.0,1.0,1.0,1,1.0,1.0,1.0,1.0,1.0,1,1.0,1.0,1.0,1.0,1.0,1,1.0,1.0,1.0,1.0,1.0
1236,no_strict_e1_improvement,0,,,,,1,0,1,1,1,1,1,4,0,0,-1,current,0,0,0.6724993338187536,0.6724993338187536,8,0,0,0,0,0,0,0,0.0,0.5,0.6666666666666666,0.5833333333333334,0.75,0,0.0,0.5,0.6666666666666666,0.5833333333333334,0.75,0,0.0,0.5,0.6666666666666666,0.5833333333333334,0.75,0,0.0,0.5,0.6666666666666666,0.5833333333333334,0.75
1237,max_rounds,0,,,,,1,1,5,4,4,15,15,4,-1,0,0,s1a3_greedy,1,0,0.8440548578898112,0.7672383884588877,5,1,1,7,7,6,0,0,0.1111111111111111,0.3333333333333333,0.3333333333333333,0.3333333333333333,0.4166666666666667,0,0.1111111111111111,0.3333333333333333,0.3333333333333333,0.3333333333333333,0.4166666666666667,0,0.7777777777777778,0.3333333333333333,0.6666666666666666,0.5,0.5833333333333334,0,0.7777777777777778,0.3333333333333333,0.6666666666666666,0.5,0.5833333333333334
1238,no_strict_e1_improvement,0,,,,,1,0,1,1,1,1,1,4,0,0,-1,current,0,0,0.524653414885203,0.524653414885203,10,1,1,1,1,0,0,0,0.1111111111111111,0.3333333333333333,0.6666666666666666,0.5,0.5833333333333334,0,0.1111111111111111,0.3333333333333333,0.6666666666666666,0.5,0.5833333333333334,0,0.1111111111111111,0.3333333333333333,0.6666666666666666,0.5,0.5833333333333334,0,0.1111111111111111,0.3333333333333333,0.6666666666666666,0.5,0.5833333333333334
1239,no_strict_e1_improvement,0,,,,,1,0,2,2,2,6,6,4,0,0,-1,current,0,0,0.5391035750508308,0.5391035750508308,6,0,0,0,0,0,0,0,0.0,0.5,1.0,0.75,0.75,0,0.0,0.5,1.0,0.75,0.75,0,0.0,0.5,1.0,0.75,0.75,0,0.0,0.5,1.0,0.75,0.75
1240,max_rounds,0,,,,,1,1,5,4,4,14,14,4,-1,0,0,s1a3_greedy,1,0,0.7040002892414728,0.4497525840997696,5,0,0,1,1,1,0,0,0.0,0.3333333333333333,0.3333333333333333,0.3333333333333333,0.5,0,0.0,0.3333333333333333,0.3333333333333333,0.3333333333333333,0.5,0,0.1111111111111111,0.3333333333333333,0.6666666666666666,0.5,0.5833333333333334,0,0.1111111111111111,0.3333333333333333,0.6666666666666666,0.5,0.5833333333333334
1241,small_component,0,,,,,1,0,0,0,0,0,0,4,0,0,-1,current,0,0,0.7791647215684255,0.7791647215684255,7,0,0,0,0,0,0,0,0.0,0.6666666666666666,0.5,0.5833333333333334,0.6666666666666666,0,0.0,0.6666666666666666,0.5,0.5833333333333334,0.6666666666666666,0,0.0,0.6666666666666666,0.5,0.5833333333333334,0.6666666666666666,0,0.0,0.6666666666666666,0.5,0.5833333333333334,0.6666666666666666
1242,no_strict_e1_improvement,0,,,,,1,0,1,1,1,1,1,4,0,0,-1,current,0,0,0.7339063882827759,0.7339063882827759,7,0,0,0,0,0,0,0,0.0,0.5,1.0,0.75,0.75,0,0.0,0.5,1.0,0.75,0.75,0,0.0,0.5,1.0,0.75,0.75,0,0.0,0.5,1.0,0.75,0.75
1243,max_rounds,0,,,,,1,1,4,4,4,15,15,4,-1,-1,0,s1a3_greedy,1,0,0.7083986947933832,0.6460051635901133,6,0,0,9,9,9,0,0,0.0,0.6666666666666666,0.3333333333333333,0.5,0.5833333333333334,0,0.0,0.6666666666666666,0.3333333333333333,0.5,0.5833333333333334,1,1.0,1.0,1.0,1.0,1.0,1,1.0,1.0,1.0,1.0,1.0
1244,no_strict_e1_improvement,0,,,,,1,0,1,1,1,1,1,4,0,0,-1,current,0,0,0.6403445651133856,0.6403445651133856,11,0,0,0,0,0,0,0,0.0,0.5,1.0,0.75,0.75,0,0.0,0.5,1.0,0.75,0.75,0,0.0,0.5,1.0,0.75,0.75,0,0.0,0.5,1.0,0.75,0.75
1245,no_strict_e1_improvement,0,,,,,1,0,1,1,1,1,1,4,0,0,-1,current,0,0,0.6589594309528669,0.6589594309528669,10,9,9,9,9,0,0,1,1.0,1.0,1.0,1.0,1.0,1,1.0,1.0,1.0,1.0,1.0,1,1.0,1.0,1.0,1.0,1.0,1,1.0,1.0,1.0,1.0,1.0
1246,no_strict_e1_improvement,0,,,,,1,0,1,1,1,1,1,4,0,0,-1,current,0,0,0.5714100773135821,0.5714100773135821,9,0,0,0,0,0,0,0,0.0,0.16666666666666666,0.5,0.3333333333333333,0.6666666666666666,0,0.0,0.16666666666666666,0.5,0.3333333333333333,0.6666666666666666,0,0.0,0.16666666666666666,0.5,0.3333333333333333,0.6666666666666666,0,0.0,0.16666666666666666,0.5,0.3333333333333333,0.6666666666666666
1247,no_strict_e1_improvement,0,,,,,1,0,1,1,1,1,1,4,0,0,-1,current,0,0,0.5332083577911059,0.5332083577911059,12,9,9,9,9,0,0,1,1.0,1.0,1.0,1.0,1.0,1,1.0,1.0,1.0,1.0,1.0,1,1.0,1.0,1.0,1.0,1.0,1,1.0,1.0,1.0,1.0,1.0
1248,no_strict_e1_improvement,0,,,,,1,0,1,1,1,1,1,4,0,0,-1,current,0,0,0.5956980859239897,0.5956980859239897,11,0,0,0,0,0,0,0,0.0,0.5,1.0,0.75,0.75,0,0.0,0.5,1.0,0.75,0.75,0,0.0,0.5,1.0,0.75,0.75,0,0.0,0.5,1.0,0.75,0.75
1249,small_component,0,,,,,1,0,0,0,0,0,0,4,0,0,-1,current,0,0,0.6463168263435364,0.6463168263435364,5,2,2,2,2,0,0,0,0.2222222222222222,0.16666666666666666,0.3333333333333333,0.25,0.5833333333333334,0,0.2222222222222222,0.16666666666666666,0.3333333333333333,0.25,0.5833333333333334,0,0.2222222222222222,0.16666666666666666,0.3333333333333333,0.25,0.5833333333333334,0,0.2222222222222222,0.16666666666666666,0.3333333333333333,0.25,0.5833333333333334
1250,no_strict_e1_improvement,0,,,,,1,0,1,1,1,1,1,4,0,0,-1,current,0,0,0.5941648607452711,0.5941648607452711,9,0,0,0,0,0,0,0,0.0,1.0,0.5,0.75,0.75,0,0.0,1.0,0.5,0.75,0.75,0,0.0,1.0,0.5,0.75,0.75,0,0.0,1.0,0.5,0.75,0.75
1251,partial_completed__no_strict_e1_improvement,1,,3,2,4,1,0,2,2,2,6,6,4,0,0,-1,current,1,0,0.7109368691841761,0.7109368691841761,7,3,3,3,3,0,0,0,0.3333333333333333,0.0,0.6666666666666666,0.3333333333333333,0.3333333333333333,0,0.3333333333333333,0.0,0.8333333333333334,0.4166666666666667,0.4166666666666667,0,0.3333333333333333,0.0,0.8333333333333334,0.4166666666666667,0.4166666666666667,0,0.3333333333333333,0.0,0.8333333333333334,0.4166666666666667,0.4166666666666667
1252,small_component,0,,,,,1,0,0,0,0,0,0,4,0,0,-1,current,0,0,0.7359196195999781,0.7359196195999781,7,0,0,0,0,0,0,0,0.0,0.0,0.6666666666666666,0.3333333333333333,0.3333333333333333,0,0.0,0.0,0.6666666666666666,0.3333333333333333,0.3333333333333333,0,0.0,0.0,0.6666666666666666,0.3333333333333333,0.3333333333333333,0,0.0,0.0,0.6666666666666666,0.3333333333333333,0.3333333333333333
1253,no_strict_e1_improvement,0,,,,,1,0,1,1,1,1,1,4,0,0,-1,current,0,0,0.7705013180772463,0.7705013180772463,8,9,9,9,9,0,0,1,1.0,1.0,1.0,1.0,1.0,1,1.0,1.0,1.0,1.0,1.0,1,1.0,1.0,1.0,1.0,1.0,1,1.0,1.0,1.0,1.0,1.0
1254,no_strict_e1_improvement,0,,,,,1,0,2,2,2,6,6,4,0,0,-1,current,0,0,0.567878839870294,0.567878839870294,7,0,0,0,0,0,0,0,0.0,1.0,0.5,0.75,0.75,0,0.0,1.0,0.5,0.75,0.75,0,0.0,1.0,0.5,0.75,0.75,0,0.0,1.0,0.5,0.75,0.75
1255,no_strict_e1_improvement,0,,,,,1,0,1,1,1,1,1,4,0,0,-1,current,0,0,0.7661459942658743,0.7661459942658743,8,0,0,0,0,0,0,0,0.0,0.5,0.6666666666666666,0.5833333333333334,0.75,0,0.0,0.5,0.6666666666666666,0.5833333333333334,0.75,0,0.0,0.5,0.6666666666666666,0.5833333333333334,0.75,0,0.0,0.5,0.6666666666666666,0.5833333333333334,0.75
1256,no_strict_e1_improvement,0,,,,,1,0,1,1,1,1,1,4,0,0,-1,current,0,0,0.6565943484505018,0.6565943484505018,9,0,0,0,0,0,0,0,0.0,1.0,0.5,0.75,0.75,0,0.0,1.0,0.5,0.75,0.75,0,0.0,1.0,0.5,0.75,0.75,0,0.0,1.0,0.5,0.75,0.75
1257,no_strict_e1_improvement,0,,,,,1,0,1,1,1,1,1,4,0,0,-1,current,0,0,0.6453324568768343,0.6453324568768343,10,0,0,0,0,0,0,0,0.0,0.5,1.0,0.75,0.75,0,0.0,0.5,1.0,0.75,0.75,0,0.0,0.5,1.0,0.75,0.75,0,0.0,0.5,1.0,0.75,0.75
1258,no_strict_e1_improvement,0,,,,,1,0,1,1,1,1,1,4,0,0,-1,current,0,0,0.5620150764783224,0.5620150764783224,12,9,9,9,9,0,0,1,1.0,1.0,1.0,1.0,1.0,1,1.0,1.0,1.0,1.0,1.0,1,1.0,1.0,1.0,1.0,1.0,1,1.0,1.0,1.0,1.0,1.0
1259,no_strict_e1_improvement,0,,,,,1,0,1,1,1,1,1,4,0,0,-1,current,0,0,0.6149206956227621,0.6149206956227621,8,9,9,9,9,0,0,1,1.0,1.0,1.0,1.0,1.0,1,1.0,1.0,1.0,1.0,1.0,1,1.0,1.0,1.0,1.0,1.0,1,1.0,1.0,1.0,1.0,1.0
1260,no_strict_e1_improvement,0,,,,,1,0,1,1,1,1,1,4,0,0,-1,current,0,0,0.6237944563229879,0.6237944563229879,6,6,6,6,6,0,0,0,0.6666666666666666,0.5,0.8333333333333334,0.6666666666666666,0.6666666666666666,0,0.6666666666666666,0.5,0.8333333333333334,0.6666666666666666,0.6666666666666666,0,0.6666666666666666,0.5,0.8333333333333334,0.6666666666666666,0.6666666666666666,0,0.6666666666666666,0.5,0.8333333333333334,0.6666666666666666,0.6666666666666666
1261,no_strict_e1_improvement,0,,,,,1,0,1,1,1,1,1,4,0,0,-1,current,0,0,0.5876573622226715,0.5876573622226715,3,0,0,0,0,0,0,0,0.0,0.5,0.0,0.25,0.5,0,0.0,0.5,0.0,0.25,0.5,0,0.0,0.5,0.0,0.25,0.5,0,0.0,0.5,0.0,0.25,0.5
1262,no_strict_e1_improvement,0,,,,,1,0,1,1,1,1,1,4,0,0,-1,current,0,0,0.6608579903841019,0.6608579903841019,10,9,9,9,9,0,0,1,1.0,1.0,1.0,1.0,1.0,1,1.0,1.0,1.0,1.0,1.0,1,1.0,1.0,1.0,1.0,1.0,1,1.0,1.0,1.0,1.0,1.0
1263,max_rounds,0,,,,,1,1,2,2,2,6,6,4,0,-1,0,s1a3_greedy,1,0,0.609361951549848,0.6083497405052185,8,0,0,0,0,0,0,0,0.0,0.5,1.0,0.75,0.75,0,0.0,0.5,1.0,0.75,0.75,0,0.0,0.5,1.0,0.75,0.75,0,0.0,0.5,1.0,0.75,0.75
1264,partial_completed__no_strict_e1_improvement,1,,3,2,3,1,0,2,2,2,6,6,4,0,0,-1,current,1,0,0.5773715352018675,0.5773715352018675,8,6,0,0,0,-6,0,0,0.6666666666666666,0.5,0.6666666666666666,0.5833333333333334,0.5833333333333334,0,0.0,0.5,0.8333333333333334,0.6666666666666666,0.6666666666666666,0,0.0,0.5,0.8333333333333334,0.6666666666666666,0.6666666666666666,0,0.0,0.5,0.8333333333333334,0.6666666666666666,0.6666666666666666
1265,partial_completed__small_component,1,,3,2,4,1,0,0,0,0,0,0,4,0,0,-1,current,1,0,0.800620399415493,0.800620399415493,2,0,1,1,1,1,0,0,0.0,0.16666666666666666,0.0,0.08333333333333333,0.16666666666666666,0,0.1111111111111111,0.16666666666666666,0.0,0.08333333333333333,0.3333333333333333,0,0.1111111111111111,0.16666666666666666,0.0,0.08333333333333333,0.3333333333333333,0,0.1111111111111111,0.16666666666666666,0.0,0.08333333333333333,0.3333333333333333
1266,no_strict_e1_improvement,0,,,,,1,0,1,1,1,1,1,4,0,0,-1,current,0,0,0.6003023733695348,0.6003023733695348,10,0,0,0,0,0,0,0,0.0,0.5,1.0,0.75,0.75,0,0.0,0.5,1.0,0.75,0.75,0,0.0,0.5,1.0,0.75,0.75,0,0.0,0.5,1.0,0.75,0.75
1267,no_strict_e1_improvement,0,,,,,1,0,1,1,1,1,1,4,0,0,-1,current,0,0,0.7822250177462896,0.7822250177462896,7,9,9,9,9,0,0,1,1.0,1.0,1.0,1.0,1.0,1,1.0,1.0,1.0,1.0,1.0,1,1.0,1.0,1.0,1.0,1.0,1,1.0,1.0,1.0,1.0,1.0
1268,max_rounds,0,,,,,1,1,3,2,2,7,7,4,1,0,0,s1a3_greedy,1,0,0.7020627136031786,0.6612822090586027,9,0,0,9,9,9,0,0,0.0,0.8333333333333334,0.5,0.6666666666666666,0.6666666666666666,0,0.0,0.8333333333333334,0.5,0.6666666666666666,0.6666666666666666,1,1.0,1.0,1.0,1.0,1.0,1,1.0,1.0,1.0,1.0,1.0
1269,no_strict_e1_improvement,0,,,,,1,0,1,1,1,1,1,4,0,0,-1,current,0,0,0.5551399911443392,0.5551399911443392,7,0,0,0,0,0,0,0,0.0,0.8333333333333334,0.5,0.6666666666666666,0.6666666666666666,0,0.0,0.8333333333333334,0.5,0.6666666666666666,0.6666666666666666,0,0.0,0.8333333333333334,0.5,0.6666666666666666,0.6666666666666666,0,0.0,0.8333333333333334,0.5,0.6666666666666666,0.6666666666666666
1270,no_strict_e1_improvement,0,,,,,1,0,1,1,1,1,1,4,0,0,-1,current,0,0,0.6443522125482559,0.6443522125482559,5,0,0,0,0,0,0,0,0.0,0.0,0.8333333333333334,0.4166666666666667,0.4166666666666667,0,0.0,0.0,0.8333333333333334,0.4166666666666667,0.4166666666666667,0,0.0,0.0,0.8333333333333334,0.4166666666666667,0.4166666666666667,0,0.0,0.0,0.8333333333333334,0.4166666666666667,0.4166666666666667
1271,no_strict_e1_improvement,0,,,,,1,0,1,1,1,1,1,4,0,0,-1,current,0,0,0.5427771111329397,0.5427771111329397,6,0,0,0,0,0,0,0,0.0,0.6666666666666666,0.5,0.5833333333333334,0.5833333333333334,0,0.0,0.6666666666666666,0.5,0.5833333333333334,0.5833333333333334,0,0.0,0.6666666666666666,0.5,0.5833333333333334,0.5833333333333334,0,0.0,0.6666666666666666,0.5,0.5833333333333334,0.5833333333333334
1272,partial_completed__no_strict_e1_improvement,1,,3,2,4,1,0,5,4,4,16,16,4,0,0,-1,current,1,0,0.7816751499970754,0.7816751499970754,6,3,3,3,3,0,0,0,0.3333333333333333,0.0,0.6666666666666666,0.3333333333333333,0.3333333333333333,0,0.3333333333333333,0.0,1.0,0.5,0.75,0,0.3333333333333333,0.0,1.0,0.5,0.75,0,0.3333333333333333,0.0,1.0,0.5,0.75
1273,no_strict_e1_improvement,0,,,,,1,0,1,1,1,1,1,4,0,0,-1,current,0,0,0.6221413612365723,0.6221413612365723,9,9,9,9,9,0,0,1,1.0,1.0,1.0,1.0,1.0,1,1.0,1.0,1.0,1.0,1.0,1,1.0,1.0,1.0,1.0,1.0,1,1.0,1.0,1.0,1.0,1.0
1274,small_component,0,,,,,1,0,0,0,0,0,0,4,0,0,-1,current,0,0,0.800196148455143,0.800196148455143,7,6,6,6,6,0,0,0,0.6666666666666666,0.5,0.3333333333333333,0.4166666666666667,0.5833333333333334,0,0.6666666666666666,0.5,0.3333333333333333,0.4166666666666667,0.5833333333333334,0,0.6666666666666666,0.5,0.3333333333333333,0.4166666666666667,0.5833333333333334,0,0.6666666666666666,0.5,0.3333333333333333,0.4166666666666667,0.5833333333333334
1275,no_strict_e1_improvement,0,,,,,1,0,1,1,1,1,1,4,0,0,-1,current,0,0,0.8035903622706732,0.8035903622706732,6,1,1,1,1,0,0,0,0.1111111111111111,0.6666666666666666,0.3333333333333333,0.5,0.6666666666666666,0,0.1111111111111111,0.6666666666666666,0.3333333333333333,0.5,0.6666666666666666,0,0.1111111111111111,0.6666666666666666,0.3333333333333333,0.5,0.6666666666666666,0,0.1111111111111111,0.6666666666666666,0.3333333333333333,0.5,0.6666666666666666
1276,no_strict_e1_improvement,0,,,,,1,0,1,1,1,1,1,4,0,0,-1,current,0,0,0.6778126209974289,0.6778126209974289,10,0,0,0,0,0,0,0,0.0,0.5,1.0,0.75,0.75,0,0.0,0.5,1.0,0.75,0.75,0,0.0,0.5,1.0,0.75,0.75,0,0.0,0.5,1.0,0.75,0.75
1277,small_component,0,,,,,1,0,0,0,0,0,0,4,0,0,-1,current,0,0,0.7770659774541855,0.7770659774541855,5,1,1,1,1,0,0,0,0.1111111111111111,0.16666666666666666,0.16666666666666666,0.16666666666666666,0.4166666666666667,0,0.1111111111111111,0.16666666666666666,0.16666666666666666,0.16666666666666666,0.4166666666666667,0,0.1111111111111111,0.16666666666666666,0.16666666666666666,0.16666666666666666,0.4166666666666667,0,0.1111111111111111,0.16666666666666666,0.16666666666666666,0.16666666666666666,0.4166666666666667
1278,no_strict_e1_improvement,0,,,,,1,0,1,1,1,1,1,4,0,0,-1,current,0,0,0.7048443978031477,0.7048443978031477,7,0,0,0,0,0,0,0,0.0,0.5,0.8333333333333334,0.6666666666666666,0.6666666666666666,0,0.0,0.5,0.8333333333333334,0.6666666666666666,0.6666666666666666,0,0.0,0.5,0.8333333333333334,0.6666666666666666,0.6666666666666666,0,0.0,0.5,0.8333333333333334,0.6666666666666666,0.6666666666666666
1279,no_strict_e1_improvement,0,,,,,1,0,1,1,1,1,1,4,0,0,-1,current,0,0,0.7404252216219902,0.7404252216219902,9,9,9,9,9,0,0,1,1.0,1.0,1.0,1.0,1.0,1,1.0,1.0,1.0,1.0,1.0,1,1.0,1.0,1.0,1.0,1.0,1,1.0,1.0,1.0,1.0,1.0
1280,no_strict_e1_improvement,0,,,,,1,0,1,1,1,1,1,4,0,0,-1,current,0,0,0.4925791894396146,0.4925791894396146,8,0,0,0,0,0,0,0,0.0,0.8333333333333334,0.5,0.6666666666666666,0.6666666666666666,0,0.0,0.8333333333333334,0.5,0.6666666666666666,0.6666666666666666,0,0.0,0.8333333333333334,0.5,0.6666666666666666,0.6666666666666666,0,0.0,0.8333333333333334,0.5,0.6666666666666666,0.6666666666666666
1281,no_strict_e1_improvement,0,,,,,1,0,2,2,2,7,7,4,0,0,-1,current,0,0,0.6440446004271507,0.6440446004271507,7,0,0,0,0,0,0,0,0.0,0.5,0.8333333333333334,0.6666666666666666,0.6666666666666666,0,0.0,0.5,0.8333333333333334,0.6666666666666666,0.6666666666666666,0,0.0,0.5,0.8333333333333334,0.6666666666666666,0.6666666666666666,0,0.0,0.5,0.8333333333333334,0.6666666666666666,0.6666666666666666
1282,max_rounds,0,,,,,1,1,4,4,4,11,11,4,1,0,0,s1a3_greedy,1,0,0.7809302831689516,0.6303536544243494,11,0,0,9,9,9,0,0,0.0,1.0,0.5,0.75,0.75,0,0.0,1.0,0.5,0.75,0.75,1,1.0,1.0,1.0,1.0,1.0,1,1.0,1.0,1.0,1.0,1.0
1283,max_rounds,0,,,,,1,1,5,4,4,14,14,4,0,-1,1,profiled_beam,1,1,0.7897547235091528,0.6879684378703436,5,5,5,3,5,0,2,0,0.5555555555555556,0.3333333333333333,0.6666666666666666,0.5,0.6666666666666666,0,0.5555555555555556,0.3333333333333333,0.6666666666666666,0.5,0.6666666666666666,0,0.3333333333333333,0.0,1.0,0.5,0.75,0,0.5555555555555556,0.3333333333333333,0.6666666666666666,0.5,0.6666666666666666
1284,no_strict_e1_improvement,0,,,,,1,0,1,1,1,2,2,4,0,0,-1,current,0,0,0.8086665769418081,0.8086665769418081,6,1,1,1,1,0,0,0,0.1111111111111111,0.16666666666666666,0.16666666666666666,0.16666666666666666,0.4166666666666667,0,0.1111111111111111,0.16666666666666666,0.16666666666666666,0.16666666666666666,0.4166666666666667,0,0.1111111111111111,0.16666666666666666,0.16666666666666666,0.16666666666666666,0.4166666666666667,0,0.1111111111111111,0.16666666666666666,0.16666666666666666,0.16666666666666666,0.4166666666666667
1285,no_strict_e1_improvement,0,,,,,1,0,2,2,2,6,6,4,0,0,-1,current,0,0,0.6533163736263911,0.6533163736263911,10,0,0,0,0,0,0,0,0.0,0.5,1.0,0.75,0.75,0,0.0,0.5,1.0,0.75,0.75,0,0.0,0.5,1.0,0.75,0.75,0,0.0,0.5,1.0,0.75,0.75
1286,max_rounds,0,,,,,1,1,5,4,4,14,14,4,0,1,1,profiled_beam,1,1,0.8012845317522684,0.6548165529966354,6,0,0,4,6,6,2,0,0.0,0.0,0.6666666666666666,0.3333333333333333,0.3333333333333333,0,0.0,0.0,0.6666666666666666,0.3333333333333333,0.3333333333333333,0,0.4444444444444444,0.16666666666666666,0.5,0.3333333333333333,0.4166666666666667,0,0.6666666666666666,0.0,0.8333333333333334,0.4166666666666667,0.4166666666666667
1287,no_strict_e1_improvement,0,,,,,1,0,2,2,2,6,6,4,0,0,-1,current,0,0,0.7034198145071665,0.7034198145071665,9,9,9,9,9,0,0,1,1.0,1.0,1.0,1.0,1.0,1,1.0,1.0,1.0,1.0,1.0,1,1.0,1.0,1.0,1.0,1.0,1,1.0,1.0,1.0,1.0,1.0
1288,max_rounds,0,,,,,1,1,3,2,2,6,6,4,0,0,0,s1a3_greedy,1,0,0.6844845116138458,0.6178922181328138,9,7,7,9,9,2,0,0,0.7777777777777778,0.6666666666666666,0.6666666666666666,0.6666666666666666,0.75,0,0.7777777777777778,0.6666666666666666,0.6666666666666666,0.6666666666666666,0.75,1,1.0,1.0,1.0,1.0,1.0,1,1.0,1.0,1.0,1.0,1.0
1289,max_rounds,0,,,,,1,1,5,4,4,11,11,4,-1,0,0,s1a3_greedy,1,0,0.8050579031308492,0.6995578606923422,6,0,0,0,0,0,0,0,0.0,0.3333333333333333,0.5,0.4166666666666667,0.5,0,0.0,0.3333333333333333,0.5,0.4166666666666667,0.5,0,0.0,0.5,1.0,0.75,0.75,0,0.0,0.5,1.0,0.75,0.75
1290,no_strict_e1_improvement,0,,,,,1,0,1,1,1,1,1,4,0,0,-1,current,0,0,0.6802695269385973,0.6802695269385973,7,0,0,0,0,0,0,0,0.0,0.8333333333333334,0.5,0.6666666666666666,0.6666666666666666,0,0.0,0.8333333333333334,0.5,0.6666666666666666,0.6666666666666666,0,0.0,0.8333333333333334,0.5,0.6666666666666666,0.6666666666666666,0,0.0,0.8333333333333334,0.5,0.6666666666666666,0.6666666666666666
1291,max_rounds,0,,,,,1,1,4,4,4,15,15,4,1,1,0,s1a3_greedy,1,0,0.8201796015103658,0.7610224013527235,7,0,0,5,5,5,0,0,0.0,0.5,0.3333333333333333,0.4166666666666667,0.5833333333333334,0,0.0,0.5,0.3333333333333333,0.4166666666666667,0.5833333333333334,0,0.5555555555555556,0.6666666666666666,0.3333333333333333,0.5,0.6666666666666666,0,0.5555555555555556,0.6666666666666666,0.3333333333333333,0.5,0.6666666666666666
1292,max_rounds,0,,,,,1,1,5,4,4,15,15,4,0,1,0,s1a3_greedy,1,0,0.852128100891908,0.8169595872362455,7,5,5,3,3,-2,0,0,0.5555555555555556,0.3333333333333333,0.6666666666666666,0.5,0.6666666666666666,0,0.5555555555555556,0.3333333333333333,0.6666666666666666,0.5,0.6666666666666666,0,0.3333333333333333,0.0,1.0,0.5,0.75,0,0.3333333333333333,0.0,1.0,0.5,0.75
1293,no_strict_e1_improvement,0,,,,,1,0,2,2,2,6,6,4,0,0,-1,current,0,0,0.7037699545423189,0.7037699545423189,8,9,9,9,9,0,0,1,1.0,1.0,1.0,1.0,1.0,1,1.0,1.0,1.0,1.0,1.0,1,1.0,1.0,1.0,1.0,1.0,1,1.0,1.0,1.0,1.0,1.0
1294,no_strict_e1_improvement,0,,,,,1,0,2,2,2,7,7,4,0,0,-1,current,0,0,0.6014892309904099,0.6014892309904099,8,0,0,0,0,0,0,0,0.0,1.0,0.5,0.75,0.75,0,0.0,1.0,0.5,0.75,0.75,0,0.0,1.0,0.5,0.75,0.75,0,0.0,1.0,0.5,0.75,0.75
1295,max_rounds,0,,,,,1,1,2,2,2,6,6,4,0,1,0,s1a3_greedy,1,0,0.7384444425503413,0.732132151722908,8,0,0,9,9,9,0,0,0.0,0.5,1.0,0.75,0.75,0,0.0,0.5,1.0,0.75,0.75,1,1.0,1.0,1.0,1.0,1.0,1,1.0,1.0,1.0,1.0,1.0
1296,no_strict_e1_improvement,0,,,,,1,0,1,1,1,1,1,4,0,0,-1,current,0,0,0.6822721287608147,0.6822721287608147,11,0,0,0,0,0,0,0,0.0,0.5,1.0,0.75,0.75,0,0.0,0.5,1.0,0.75,0.75,0,0.0,0.5,1.0,0.75,0.75,0,0.0,0.5,1.0,0.75,0.75
1297,small_component,0,,,,,1,0,0,0,0,0,0,4,0,0,-1,current,0,0,0.5363155230879784,0.5363155230879784,6,4,4,4,4,0,0,0,0.4444444444444444,0.16666666666666666,0.16666666666666666,0.16666666666666666,0.3333333333333333,0,0.4444444444444444,0.16666666666666666,0.16666666666666666,0.16666666666666666,0.3333333333333333,0,0.4444444444444444,0.16666666666666666,0.16666666666666666,0.16666666666666666,0.3333333333333333,0,0.4444444444444444,0.16666666666666666,0.16666666666666666,0.16666666666666666,0.3333333333333333
1298,no_strict_e1_improvement,0,,,,,1,0,1,1,1,1,1,4,0,0,-1,current,0,0,0.6771737957994143,0.6771737957994143,10,9,9,9,9,0,0,1,1.0,1.0,1.0,1.0,1.0,1,1.0,1.0,1.0,1.0,1.0,1,1.0,1.0,1.0,1.0,1.0,1,1.0,1.0,1.0,1.0,1.0
1299,small_component,0,,,,,1,0,0,0,0,0,0,4,0,0,-1,current,0,0,0.6769470820824305,0.6769470820824305,5,0,0,0,0,0,0,0,0.0,0.5,0.8333333333333334,0.6666666666666666,0.6666666666666666,0,0.0,0.5,0.8333333333333334,0.6666666666666666,0.6666666666666666,0,0.0,0.5,0.8333333333333334,0.6666666666666666,0.6666666666666666,0,0.0,0.5,0.8333333333333334,0.6666666666666666,0.6666666666666666
1300,max_rounds,0,,,,,1,1,3,2,2,6,6,4,0,0,1,profiled_beam,1,1,0.6003609721859297,0.5852388267715772,9,7,7,7,9,2,2,0,0.7777777777777778,0.6666666666666666,0.6666666666666666,0.6666666666666666,0.75,0,0.7777777777777778,0.6666666666666666,0.6666666666666666,0.6666666666666666,0.75,0,0.7777777777777778,0.6666666666666666,0.6666666666666666,0.6666666666666666,0.75,1,1.0,1.0,1.0,1.0,1.0
1301,max_rounds,0,,,,,1,1,5,4,4,13,13,4,0,0,0,s1a3_greedy,1,0,0.800156831741333,0.6262668545047442,5,0,0,0,0,0,0,0,0.0,0.16666666666666666,0.16666666666666666,0.16666666666666666,0.3333333333333333,0,0.0,0.16666666666666666,0.16666666666666666,0.16666666666666666,0.3333333333333333,0,0.0,0.3333333333333333,0.5,0.4166666666666667,0.5,0,0.0,0.3333333333333333,0.5,0.4166666666666667,0.5
1302,max_rounds,0,,,,,1,1,3,2,2,7,7,4,0,-1,1,profiled_beam,1,1,0.6112672761082649,0.5038358593980471,8,7,7,0,0,-7,0,0,0.7777777777777778,0.6666666666666666,0.6666666666666666,0.6666666666666666,0.75,0,0.7777777777777778,0.6666666666666666,0.6666666666666666,0.6666666666666666,0.75,0,0.0,0.5,0.8333333333333334,0.6666666666666666,0.6666666666666666,0,0.0,0.5,0.6666666666666666,0.5833333333333334,0.6666666666666666
1303,no_strict_e1_improvement,0,,,,,1,0,1,1,1,1,1,4,0,0,-1,current,0,0,0.5567970126867294,0.5567970126867294,10,9,9,9,9,0,0,1,1.0,1.0,1.0,1.0,1.0,1,1.0,1.0,1.0,1.0,1.0,1,1.0,1.0,1.0,1.0,1.0,1,1.0,1.0,1.0,1.0,1.0
1304,small_component,0,,,,,1,0,0,0,0,0,0,4,0,0,-1,current,0,0,0.8760535741845766,0.8760535741845766,4,0,0,0,0,0,0,0,0.0,0.0,0.5,0.25,0.25,0,0.0,0.0,0.5,0.25,0.25,0,0.0,0.0,0.5,0.25,0.25,0,0.0,0.0,0.5,0.25,0.25
1305,no_strict_e1_improvement,0,,,,,1,0,1,1,1,1,1,4,0,0,-1,current,0,0,0.512541743616263,0.512541743616263,11,9,9,9,9,0,0,1,1.0,1.0,1.0,1.0,1.0,1,1.0,1.0,1.0,1.0,1.0,1,1.0,1.0,1.0,1.0,1.0,1,1.0,1.0,1.0,1.0,1.0
1306,max_rounds,0,,,,,1,1,2,2,2,6,6,4,0,1,0,s1a3_greedy,1,0,0.6670537168780962,0.5928359851241112,9,0,0,9,9,9,0,0,0.0,0.5,1.0,0.75,0.75,0,0.0,0.5,1.0,0.75,0.75,1,1.0,1.0,1.0,1.0,1.0,1,1.0,1.0,1.0,1.0,1.0
1307,no_strict_e1_improvement,0,,,,,1,0,1,1,1,1,1,4,0,0,-1,current,0,0,0.6545775185028712,0.6545775185028712,8,9,9,9,9,0,0,1,1.0,1.0,1.0,1.0,1.0,1,1.0,1.0,1.0,1.0,1.0,1,1.0,1.0,1.0,1.0,1.0,1,1.0,1.0,1.0,1.0,1.0
1308,no_strict_e1_improvement,0,,,,,1,0,1,1,1,1,1,4,0,0,-1,current,0,0,0.595444438358148,0.595444438358148,10,9,9,9,9,0,0,1,1.0,1.0,1.0,1.0,1.0,1,1.0,1.0,1.0,1.0,1.0,1,1.0,1.0,1.0,1.0,1.0,1,1.0,1.0,1.0,1.0,1.0
1309,max_rounds,0,,,,,1,1,3,2,2,5,5,4,0,0,1,profiled_beam,1,1,0.7736717785398165,0.6299201051394144,8,0,0,0,0,0,0,0,0.0,0.0,0.8333333333333334,0.4166666666666667,0.4166666666666667,0,0.0,0.0,0.8333333333333334,0.4166666666666667,0.4166666666666667,0,0.0,0.5,1.0,0.75,0.75,0,0.0,0.16666666666666666,0.6666666666666666,0.4166666666666667,0.5
1310,no_strict_e1_improvement,0,,,,,1,0,1,1,1,1,1,4,0,0,-1,current,0,0,0.6752494250734647,0.6752494250734647,7,0,0,0,0,0,0,0,0.0,0.5,0.8333333333333334,0.6666666666666666,0.6666666666666666,0,0.0,0.5,0.8333333333333334,0.6666666666666666,0.6666666666666666,0,0.0,0.5,0.8333333333333334,0.6666666666666666,0.6666666666666666,0,0.0,0.5,0.8333333333333334,0.6666666666666666,0.6666666666666666
1311,no_strict_e1_improvement,0,,,,,1,0,1,1,1,1,1,4,0,0,-1,current,0,0,0.6340946952501932,0.6340946952501932,10,9,9,9,9,0,0,1,1.0,1.0,1.0,1.0,1.0,1,1.0,1.0,1.0,1.0,1.0,1,1.0,1.0,1.0,1.0,1.0,1,1.0,1.0,1.0,1.0,1.0
1312,no_strict_e1_improvement,0,,,,,1,0,1,1,1,1,1,4,0,0,-1,current,0,0,0.7020592217644056,0.7020592217644056,6,0,0,0,0,0,0,0,0.0,0.16666666666666666,0.5,0.3333333333333333,0.5,0,0.0,0.16666666666666666,0.5,0.3333333333333333,0.5,0,0.0,0.16666666666666666,0.5,0.3333333333333333,0.5,0,0.0,0.16666666666666666,0.5,0.3333333333333333,0.5
1313,no_strict_e1_improvement,0,,,,,1,0,1,1,1,1,1,4,0,0,-1,current,0,0,0.7139842957258224,0.7139842957258224,7,0,0,0,0,0,0,0,0.0,0.5,1.0,0.75,0.75,0,0.0,0.5,1.0,0.75,0.75,0,0.0,0.5,1.0,0.75,0.75,0,0.0,0.5,1.0,0.75,0.75
1314,max_rounds,0,,,,,1,1,3,2,2,6,6,4,0,1,0,s1a3_greedy,1,0,0.8048273051778475,0.6948116446534792,7,0,0,0,0,0,0,0,0.0,0.16666666666666666,0.3333333333333333,0.25,0.3333333333333333,0,0.0,0.16666666666666666,0.3333333333333333,0.25,0.3333333333333333,0,0.0,0.5,0.5,0.5,0.5,0,0.0,0.5,0.5,0.5,0.5
1315,no_strict_e1_improvement,0,,,,,1,0,1,1,1,1,1,4,0,0,-1,current,0,0,0.49519164363543194,0.49519164363543194,8,0,0,0,0,0,0,0,0.0,0.5,0.3333333333333333,0.4166666666666667,0.5833333333333334,0,0.0,0.5,0.3333333333333333,0.4166666666666667,0.5833333333333334,0,0.0,0.5,0.3333333333333333,0.4166666666666667,0.5833333333333334,0,0.0,0.5,0.3333333333333333,0.4166666666666667,0.5833333333333334
1316,no_strict_e1_improvement,0,,,,,1,0,1,1,1,2,2,4,0,0,-1,current,0,0,0.7428968250751495,0.7428968250751495,7,9,9,9,9,0,0,1,1.0,1.0,1.0,1.0,1.0,1,1.0,1.0,1.0,1.0,1.0,1,1.0,1.0,1.0,1.0,1.0,1,1.0,1.0,1.0,1.0,1.0
1317,partial_completed__no_strict_e1_improvement,1,,3,2,3,1,0,4,4,4,11,11,4,0,0,-1,current,1,0,0.7454859937230746,0.7454859937230746,7,0,9,9,9,9,0,0,0.0,0.5,0.6666666666666666,0.5833333333333334,0.5833333333333334,1,1.0,1.0,1.0,1.0,1.0,1,1.0,1.0,1.0,1.0,1.0,1,1.0,1.0,1.0,1.0,1.0
1318,small_component,0,,,,,1,0,0,0,0,0,0,4,0,0,-1,current,0,0,0.7918135821819305,0.7918135821819305,8,9,9,9,9,0,0,1,1.0,1.0,1.0,1.0,1.0,1,1.0,1.0,1.0,1.0,1.0,1,1.0,1.0,1.0,1.0,1.0,1,1.0,1.0,1.0,1.0,1.0
1319,no_strict_e1_improvement,0,,,,,1,0,1,1,1,1,1,4,0,0,-1,current,0,0,0.6254893218477567,0.6254893218477567,11,0,0,0,0,0,0,0,0.0,0.5,1.0,0.75,0.75,0,0.0,0.5,1.0,0.75,0.75,0,0.0,0.5,1.0,0.75,0.75,0,0.0,0.5,1.0,0.75,0.75
1320,max_rounds,0,,,,,1,1,5,4,4,15,15,4,1,0,1,profiled_beam,1,1,0.5890663340687752,0.4857475981116295,4,0,0,1,3,3,2,0,0.0,0.5,0.5,0.5,0.5,0,0.0,0.5,0.5,0.5,0.5,0,0.1111111111111111,0.3333333333333333,0.6666666666666666,0.5,0.6666666666666666,0,0.3333333333333333,0.6666666666666666,0.5,0.5833333333333334,0.5833333333333334
1321,small_component,0,,,,,1,0,0,0,0,0,0,4,0,0,-1,current,0,0,0.8574542800585429,0.8574542800585429,4,0,0,0,0,0,0,0,0.0,0.16666666666666666,0.3333333333333333,0.25,0.3333333333333333,0,0.0,0.16666666666666666,0.3333333333333333,0.25,0.3333333333333333,0,0.0,0.16666666666666666,0.3333333333333333,0.25,0.3333333333333333,0,0.0,0.16666666666666666,0.3333333333333333,0.25,0.3333333333333333
1322,max_rounds,0,,,,,1,1,3,2,2,7,7,4,1,0,0,s1a3_greedy,1,0,0.8106900801261266,0.6865020543336868,7,0,0,9,9,9,0,0,0.0,0.8333333333333334,0.5,0.6666666666666666,0.6666666666666666,0,0.0,0.8333333333333334,0.5,0.6666666666666666,0.6666666666666666,1,1.0,1.0,1.0,1.0,1.0,1,1.0,1.0,1.0,1.0,1.0
1323,partial_completed__no_strict_e1_improvement,1,,3,2,2,1,0,1,1,1,1,1,4,0,0,-1,current,1,0,0.5833338648080826,0.5833338648080826,9,6,0,0,0,-6,0,0,0.6666666666666666,0.6666666666666666,0.5,0.5833333333333334,0.5833333333333334,0,0.0,1.0,0.5,0.75,0.75,0,0.0,1.0,0.5,0.75,0.75,0,0.0,1.0,0.5,0.75,0.75
1324,no_strict_e1_improvement,0,,,,,1,0,1,1,1,1,1,4,0,0,-1,current,0,0,0.6502669478456179,0.6502669478456179,6,0,0,0,0,0,0,0,0.0,0.5,0.16666666666666666,0.3333333333333333,0.5,0,0.0,0.5,0.16666666666666666,0.3333333333333333,0.5,0,0.0,0.5,0.16666666666666666,0.3333333333333333,0.5,0,0.0,0.5,0.16666666666666666,0.3333333333333333,0.5
1325,max_rounds,0,,,,,1,1,3,2,2,6,6,4,0,1,0,s1a3_greedy,1,0,0.6571657260258993,0.6152931948502859,8,0,0,9,9,9,0,0,0.0,0.5,1.0,0.75,0.75,0,0.0,0.5,1.0,0.75,0.75,1,1.0,1.0,1.0,1.0,1.0,1,1.0,1.0,1.0,1.0,1.0
1326,no_strict_e1_improvement,0,,,,,1,0,1,1,1,1,1,4,0,0,-1,current,0,0,0.5619182288646698,0.5619182288646698,9,9,9,9,9,0,0,1,1.0,1.0,1.0,1.0,1.0,1,1.0,1.0,1.0,1.0,1.0,1,1.0,1.0,1.0,1.0,1.0,1,1.0,1.0,1.0,1.0,1.0
1327,max_rounds,0,,,,,1,1,3,2,2,7,7,4,0,0,0,s1a3_greedy,1,0,0.7580562308430672,0.7560006653269132,6,1,1,0,0,-1,0,0,0.1111111111111111,0.3333333333333333,0.16666666666666666,0.25,0.5,0,0.1111111111111111,0.3333333333333333,0.16666666666666666,0.25,0.5,0,0.0,0.5,0.16666666666666666,0.3333333333333333,0.5,0,0.0,0.5,0.16666666666666666,0.3333333333333333,0.5
1328,no_strict_e1_improvement,0,,,,,1,0,1,1,1,1,1,4,0,0,-1,current,0,0,0.635030098259449,0.635030098259449,10,0,0,0,0,0,0,0,0.0,0.5,1.0,0.75,0.75,0,0.0,0.5,1.0,0.75,0.75,0,0.0,0.5,1.0,0.75,0.75,0,0.0,0.5,1.0,0.75,0.75
1329,max_rounds,0,,,,,1,1,2,2,2,6,6,4,0,1,0,s1a3_greedy,1,0,0.6893232042590777,0.6877636834979057,6,5,5,2,2,-3,0,0,0.5555555555555556,0.3333333333333333,0.6666666666666666,0.5,0.6666666666666666,0,0.5555555555555556,0.3333333333333333,0.6666666666666666,0.5,0.6666666666666666,0,0.2222222222222222,0.16666666666666666,0.6666666666666666,0.4166666666666667,0.5833333333333334,0,0.2222222222222222,0.16666666666666666,0.6666666666666666,0.4166666666666667,0.5833333333333334
1330,no_strict_e1_improvement,0,,,,,1,0,1,1,1,1,1,4,0,0,-1,current,0,0,0.5782238269845644,0.5782238269845644,7,0,0,0,0,0,0,0,0.0,0.16666666666666666,0.5,0.3333333333333333,0.4166666666666667,0,0.0,0.16666666666666666,0.5,0.3333333333333333,0.4166666666666667,0,0.0,0.16666666666666666,0.5,0.3333333333333333,0.4166666666666667,0,0.0,0.16666666666666666,0.5,0.3333333333333333,0.4166666666666667
1331,max_rounds,0,,,,,1,1,2,2,2,8,8,4,1,0,0,s1a3_greedy,1,0,0.5600313097238541,0.5289626469214758,5,0,0,0,0,0,0,0,0.0,0.3333333333333333,0.16666666666666666,0.25,0.4166666666666667,0,0.0,0.3333333333333333,0.16666666666666666,0.25,0.4166666666666667,0,0.0,0.3333333333333333,0.16666666666666666,0.25,0.4166666666666667,0,0.0,0.3333333333333333,0.16666666666666666,0.25,0.4166666666666667
1332,no_strict_e1_improvement,0,,,,,1,0,1,1,1,1,1,4,0,0,-1,current,0,0,0.6443530296285948,0.6443530296285948,8,0,0,0,0,0,0,0,0.0,0.5,0.5,0.5,0.5,0,0.0,0.5,0.5,0.5,0.5,0,0.0,0.5,0.5,0.5,0.5,0,0.0,0.5,0.5,0.5,0.5
1333,no_strict_e1_improvement,0,,,,,1,0,1,1,1,1,1,4,0,0,-1,current,0,0,0.6282530600825945,0.6282530600825945,9,9,9,9,9,0,0,1,1.0,1.0,1.0,1.0,1.0,1,1.0,1.0,1.0,1.0,1.0,1,1.0,1.0,1.0,1.0,1.0,1,1.0,1.0,1.0,1.0,1.0
1334,no_strict_e1_improvement,0,,,,,1,0,1,1,1,1,1,4,0,0,-1,current,0,0,0.6689296786983808,0.6689296786983808,10,0,0,0,0,0,0,0,0.0,0.5,1.0,0.75,0.75,0,0.0,0.5,1.0,0.75,0.75,0,0.0,0.5,1.0,0.75,0.75,0,0.0,0.5,1.0,0.75,0.75
1335,no_strict_e1_improvement,0,,,,,1,0,2,2,2,7,7,4,0,0,-1,current,0,0,0.6649468292792639,0.6649468292792639,6,0,0,0,0,0,0,0,0.0,0.3333333333333333,0.16666666666666666,0.25,0.4166666666666667,0,0.0,0.3333333333333333,0.16666666666666666,0.25,0.4166666666666667,0,0.0,0.3333333333333333,0.16666666666666666,0.25,0.4166666666666667,0,0.0,0.3333333333333333,0.16666666666666666,0.25,0.4166666666666667
1336,no_strict_e1_improvement,0,,,,,1,0,1,1,1,1,1,4,0,0,-1,current,0,0,0.5544039085507393,0.5544039085507393,6,0,0,0,0,0,0,0,0.0,1.0,0.5,0.75,0.75,0,0.0,1.0,0.5,0.75,0.75,0,0.0,1.0,0.5,0.75,0.75,0,0.0,1.0,0.5,0.75,0.75
1337,max_rounds,0,,,,,1,1,3,2,2,7,7,4,1,0,1,profiled_beam,1,1,0.6645193621516228,0.6347311958670616,7,0,0,0,0,0,0,0,0.0,1.0,0.5,0.75,0.75,0,0.0,1.0,0.5,0.75,0.75,0,0.0,0.6666666666666666,0.16666666666666666,0.4166666666666667,0.5,0,0.0,1.0,0.5,0.75,0.75
1338,no_strict_e1_improvement,0,,,,,1,0,1,1,1,1,1,4,0,0,-1,current,0,0,0.6814562380313873,0.6814562380313873,4,0,0,0,0,0,0,0,0.0,0.5,0.6666666666666666,0.5833333333333334,0.5833333333333334,0,0.0,0.5,0.6666666666666666,0.5833333333333334,0.5833333333333334,0,0.0,0.5,0.6666666666666666,0.5833333333333334,0.5833333333333334,0,0.0,0.5,0.6666666666666666,0.5833333333333334,0.5833333333333334
1339,no_strict_e1_improvement,0,,,,,1,0,1,1,1,1,1,4,0,0,-1,current,0,0,0.7357697536547979,0.7357697536547979,9,0,0,0,0,0,0,0,0.0,0.5,1.0,0.75,0.75,0,0.0,0.5,1.0,0.75,0.75,0,0.0,0.5,1.0,0.75,0.75,0,0.0,0.5,1.0,0.75,0.75
1340,no_strict_e1_improvement,0,,,,,1,0,1,1,1,1,1,4,0,0,-1,current,0,0,0.6032622580726942,0.6032622580726942,9,9,9,9,9,0,0,1,1.0,1.0,1.0,1.0,1.0,1,1.0,1.0,1.0,1.0,1.0,1,1.0,1.0,1.0,1.0,1.0,1,1.0,1.0,1.0,1.0,1.0
1341,max_rounds,0,,,,,1,1,3,2,2,7,7,4,0,1,0,s1a3_greedy,1,0,0.757217638194561,0.5953534344832102,10,0,0,9,9,9,0,0,0.0,0.5,0.8333333333333334,0.6666666666666666,0.6666666666666666,0,0.0,0.5,0.8333333333333334,0.6666666666666666,0.6666666666666666,1,1.0,1.0,1.0,1.0,1.0,1,1.0,1.0,1.0,1.0,1.0
1342,small_component,0,,,,,1,0,0,0,0,0,0,4,0,0,-1,current,0,0,0.7023559883236885,0.7023559883236885,6,5,5,5,5,0,0,0,0.5555555555555556,0.3333333333333333,0.3333333333333333,0.3333333333333333,0.5,0,0.5555555555555556,0.3333333333333333,0.3333333333333333,0.3333333333333333,0.5,0,0.5555555555555556,0.3333333333333333,0.3333333333333333,0.3333333333333333,0.5,0,0.5555555555555556,0.3333333333333333,0.3333333333333333,0.3333333333333333,0.5
1343,partial_completed__no_strict_e1_improvement,1,,3,2,3,1,0,1,1,1,1,1,4,0,0,-1,current,1,0,0.6383010447025299,0.6383010447025299,7,0,9,9,9,9,0,0,0.0,0.5,0.6666666666666666,0.5833333333333334,0.5833333333333334,1,1.0,1.0,1.0,1.0,1.0,1,1.0,1.0,1.0,1.0,1.0,1,1.0,1.0,1.0,1.0,1.0
1344,no_strict_e1_improvement,0,,,,,1,0,1,1,1,1,1,4,0,0,-1,current,0,0,0.5653935894370079,0.5653935894370079,11,9,9,9,9,0,0,1,1.0,1.0,1.0,1.0,1.0,1,1.0,1.0,1.0,1.0,1.0,1,1.0,1.0,1.0,1.0,1.0,1,1.0,1.0,1.0,1.0,1.0
1345,no_strict_e1_improvement,0,,,,,1,0,1,1,1,1,1,4,0,0,-1,current,0,0,0.6660214563210806,0.6660214563210806,9,0,0,0,0,0,0,0,0.0,0.5,1.0,0.75,0.75,0,0.0,0.5,1.0,0.75,0.75,0,0.0,0.5,1.0,0.75,0.75,0,0.0,0.5,1.0,0.75,0.75
1346,no_strict_e1_improvement,0,,,,,1,0,1,1,1,1,1,4,0,0,-1,current,0,0,0.6408127993345261,0.6408127993345261,10,0,0,0,0,0,0,0,0.0,0.5,1.0,0.75,0.75,0,0.0,0.5,1.0,0.75,0.75,0,0.0,0.5,1.0,0.75,0.75,0,0.0,0.5,1.0,0.75,0.75
1347,partial_completed__max_rounds,1,,3,2,4,1,1,3,2,2,7,7,4,0,0,1,profiled_beam,1,1,0.7170477509498596,0.7118621269861857,7,0,0,0,1,1,1,0,0.0,0.3333333333333333,0.16666666666666666,0.25,0.25,0,0.0,0.5,0.3333333333333333,0.4166666666666667,0.5833333333333334,0,0.0,0.5,0.3333333333333333,0.4166666666666667,0.5833333333333334,0,0.1111111111111111,0.5,0.16666666666666666,0.3333333333333333,0.4166666666666667
1348,max_rounds,0,,,,,1,1,3,2,2,6,6,4,0,0,0,s1a3_greedy,1,0,0.7261265392104784,0.693337008357048,7,0,0,0,0,0,0,0,0.0,0.16666666666666666,0.3333333333333333,0.25,0.3333333333333333,0,0.0,0.16666666666666666,0.3333333333333333,0.25,0.3333333333333333,0,0.0,0.5,0.5,0.5,0.5,0,0.0,0.5,0.5,0.5,0.5
1349,max_rounds,0,,,,,1,1,5,4,4,15,15,4,0,1,1,profiled_beam,1,1,0.8909402589003245,0.7332030087709427,8,0,0,7,9,9,2,0,0.0,0.5,0.8333333333333334,0.6666666666666666,0.6666666666666666,0,0.0,0.5,0.8333333333333334,0.6666666666666666,0.6666666666666666,0,0.7777777777777778,0.6666666666666666,0.6666666666666666,0.6666666666666666,0.75,1,1.0,1.0,1.0,1.0,1.0
1350,max_rounds,0,,,,,1,1,3,2,2,6,6,4,0,-1,0,s1a3_greedy,1,0,0.6252426008383433,0.5644706338644028,6,9,9,0,0,-9,0,1,1.0,1.0,1.0,1.0,1.0,1,1.0,1.0,1.0,1.0,1.0,0,0.0,0.5,0.6666666666666666,0.5833333333333334,0.6666666666666666,0,0.0,0.5,0.6666666666666666,0.5833333333333334,0.6666666666666666
1351,small_component,0,,,,,1,0,0,0,0,0,0,4,0,0,-1,current,0,0,0.7540389001369476,0.7540389001369476,6,1,1,1,1,0,0,0,0.1111111111111111,0.3333333333333333,0.16666666666666666,0.25,0.5,0,0.1111111111111111,0.3333333333333333,0.16666666666666666,0.25,0.5,0,0.1111111111111111,0.3333333333333333,0.16666666666666666,0.25,0.5,0,0.1111111111111111,0.3333333333333333,0.16666666666666666,0.25,0.5
1352,no_strict_e1_improvement,0,,,,,1,0,1,1,1,1,1,4,0,0,-1,current,0,0,0.532725915312767,0.532725915312767,12,9,9,9,9,0,0,1,1.0,1.0,1.0,1.0,1.0,1,1.0,1.0,1.0,1.0,1.0,1,1.0,1.0,1.0,1.0,1.0,1,1.0,1.0,1.0,1.0,1.0
1353,no_strict_e1_improvement,0,,,,,1,0,1,1,1,1,1,4,0,0,-1,current,0,0,0.5946374088525772,0.5946374088525772,8,0,0,0,0,0,0,0,0.0,1.0,0.5,0.75,0.75,0,0.0,1.0,0.5,0.75,0.75,0,0.0,1.0,0.5,0.75,0.75,0,0.0,1.0,0.5,0.75,0.75
1354,max_rounds,0,,,,,1,1,2,2,2,7,7,4,0,1,1,profiled_beam,1,1,0.5832665438453356,0.5030732130010923,5,7,7,0,0,-7,0,0,0.7777777777777778,0.6666666666666666,0.6666666666666666,0.6666666666666666,0.8333333333333334,0,0.7777777777777778,0.6666666666666666,0.6666666666666666,0.6666666666666666,0.8333333333333334,0,0.0,0.3333333333333333,0.6666666666666666,0.5,0.6666666666666666,0,0.0,0.3333333333333333,0.5,0.4166666666666667,0.5833333333333334
1355,no_strict_e1_improvement,0,,,,,1,0,1,1,1,2,2,4,0,0,-1,current,0,0,0.7304322198033333,0.7304322198033333,8,9,9,9,9,0,0,1,1.0,1.0,1.0,1.0,1.0,1,1.0,1.0,1.0,1.0,1.0,1,1.0,1.0,1.0,1.0,1.0,1,1.0,1.0,1.0,1.0,1.0
1356,no_strict_e1_improvement,0,,,,,1,0,4,4,4,15,15,4,0,0,-1,current,0,0,0.7253969932595888,0.7253969932595888,8,0,0,0,0,0,0,0,0.0,0.5,1.0,0.75,0.75,0,0.0,0.5,1.0,0.75,0.75,0,0.0,0.5,1.0,0.75,0.75,0,0.0,0.5,1.0,0.75,0.75
1357,max_rounds,0,,,,,1,1,5,4,4,16,16,4,0,0,1,profiled_beam,1,1,0.9560602655013403,0.8752629657586416,5,3,3,1,2,-1,1,0,0.3333333333333333,0.3333333333333333,0.0,0.16666666666666666,0.25,0,0.3333333333333333,0.3333333333333333,0.0,0.16666666666666666,0.25,0,0.1111111111111111,0.6666666666666666,0.0,0.3333333333333333,0.5,0,0.2222222222222222,0.5,0.3333333333333333,0.4166666666666667,0.5
1358,small_component,0,,,,,1,0,0,0,0,0,0,4,0,0,-1,current,0,0,0.7583251098791758,0.7583251098791758,5,0,0,0,0,0,0,0,0.0,0.16666666666666666,0.3333333333333333,0.25,0.4166666666666667,0,0.0,0.16666666666666666,0.3333333333333333,0.25,0.4166666666666667,0,0.0,0.16666666666666666,0.3333333333333333,0.25,0.4166666666666667,0,0.0,0.16666666666666666,0.3333333333333333,0.25,0.4166666666666667
1359,no_strict_e1_improvement,0,,,,,1,0,4,4,4,15,15,4,0,0,-1,current,0,0,0.6330989996592203,0.6330989996592203,7,3,3,3,3,0,0,0,0.3333333333333333,0.0,1.0,0.5,0.75,0,0.3333333333333333,0.0,1.0,0.5,0.75,0,0.3333333333333333,0.0,1.0,0.5,0.75,0,0.3333333333333333,0.0,1.0,0.5,0.75
1360,max_rounds,0,,,,,1,1,4,4,4,14,14,4,1,-1,0,s1a3_greedy,1,0,0.9403314540783564,0.743048220872879,9,0,0,9,9,9,0,0,0.0,0.6666666666666666,0.5,0.5833333333333334,0.5833333333333334,0,0.0,0.6666666666666666,0.5,0.5833333333333334,0.5833333333333334,1,1.0,1.0,1.0,1.0,1.0,1,1.0,1.0,1.0,1.0,1.0
1361,no_strict_e1_improvement,0,,,,,1,0,1,1,1,2,2,4,0,0,-1,current,0,0,0.6751327613989512,0.6751327613989512,6,0,0,0,0,0,0,0,0.0,0.16666666666666666,0.5,0.3333333333333333,0.4166666666666667,0,0.0,0.16666666666666666,0.5,0.3333333333333333,0.4166666666666667,0,0.0,0.16666666666666666,0.5,0.3333333333333333,0.4166666666666667,0,0.0,0.16666666666666666,0.5,0.3333333333333333,0.4166666666666667
1362,small_component,0,,,,,1,0,0,0,0,0,0,4,0,0,-1,current,0,0,0.6869762912392616,0.6869762912392616,8,7,7,7,7,0,0,0,0.7777777777777778,0.6666666666666666,0.6666666666666666,0.6666666666666666,0.75,0,0.7777777777777778,0.6666666666666666,0.6666666666666666,0.6666666666666666,0.75,0,0.7777777777777778,0.6666666666666666,0.6666666666666666,0.6666666666666666,0.75,0,0.7777777777777778,0.6666666666666666,0.6666666666666666,0.6666666666666666,0.75
1363,max_rounds,0,,,,,1,1,2,2,2,7,7,4,0,-1,1,profiled_beam,1,1,0.7701468939582506,0.6996636415521303,4,0,0,5,5,5,0,0,0.0,0.3333333333333333,0.6666666666666666,0.5,0.5,0,0.0,0.3333333333333333,0.6666666666666666,0.5,0.5,0,0.5555555555555556,0.3333333333333333,0.6666666666666666,0.5,0.5833333333333334,0,0.5555555555555556,0.3333333333333333,0.5,0.4166666666666667,0.6666666666666666
1364,no_strict_e1_improvement,0,,,,,1,0,1,1,1,1,1,4,0,0,-1,current,0,0,0.5579538904130459,0.5579538904130459,11,0,0,0,0,0,0,0,0.0,0.5,1.0,0.75,0.75,0,0.0,0.5,1.0,0.75,0.75,0,0.0,0.5,1.0,0.75,0.75,0,0.0,0.5,1.0,0.75,0.75
1365,no_strict_e1_improvement,0,,,,,1,0,1,1,1,1,1,4,0,0,-1,current,0,0,0.564210998515288,0.564210998515288,10,0,0,0,0,0,0,0,0.0,1.0,0.5,0.75,0.75,0,0.0,1.0,0.5,0.75,0.75,0,0.0,1.0,0.5,0.75,0.75,0,0.0,1.0,0.5,0.75,0.75
1366,max_rounds,0,,,,,1,1,5,4,4,14,14,4,0,-1,1,profiled_beam,1,1,0.7614377215504646,0.670763298869133,5,1,1,1,1,0,0,0,0.1111111111111111,0.16666666666666666,0.0,0.08333333333333333,0.3333333333333333,0,0.1111111111111111,0.16666666666666666,0.0,0.08333333333333333,0.3333333333333333,0,0.1111111111111111,0.16666666666666666,0.0,0.08333333333333333,0.3333333333333333,0,0.1111111111111111,0.16666666666666666,0.0,0.08333333333333333,0.3333333333333333
1367,no_strict_e1_improvement,0,,,,,1,0,1,1,1,1,1,4,0,0,-1,current,0,0,0.7048495834072431,0.7048495834072431,7,0,0,0,0,0,0,0,0.0,0.8333333333333334,0.5,0.6666666666666666,0.6666666666666666,0,0.0,0.8333333333333334,0.5,0.6666666666666666,0.6666666666666666,0,0.0,0.8333333333333334,0.5,0.6666666666666666,0.6666666666666666,0,0.0,0.8333333333333334,0.5,0.6666666666666666,0.6666666666666666
1368,no_strict_e1_improvement,0,,,,,1,0,1,1,1,2,2,4,0,0,-1,current,0,0,0.5808722650011381,0.5808722650011381,6,0,0,0,0,0,0,0,0.0,0.16666666666666666,0.6666666666666666,0.4166666666666667,0.5833333333333334,0,0.0,0.16666666666666666,0.6666666666666666,0.4166666666666667,0.5833333333333334,0,0.0,0.16666666666666666,0.6666666666666666,0.4166666666666667,0.5833333333333334,0,0.0,0.16666666666666666,0.6666666666666666,0.4166666666666667,0.5833333333333334
1369,no_strict_e1_improvement,0,,,,,1,0,1,1,1,1,1,4,0,0,-1,current,0,0,0.5972401425242424,0.5972401425242424,11,0,0,0,0,0,0,0,0.0,1.0,0.5,0.75,0.75,0,0.0,1.0,0.5,0.75,0.75,0,0.0,1.0,0.5,0.75,0.75,0,0.0,1.0,0.5,0.75,0.75
1370,max_rounds,0,,,,,1,1,5,4,4,13,13,4,0,1,0,s1a3_greedy,1,0,0.7126183869938055,0.5627034132679304,8,0,0,9,9,9,0,0,0.0,0.5,0.6666666666666666,0.5833333333333334,0.75,0,0.0,0.5,0.6666666666666666,0.5833333333333334,0.75,1,1.0,1.0,1.0,1.0,1.0,1,1.0,1.0,1.0,1.0,1.0
1371,no_strict_e1_improvement,0,,,,,1,0,1,1,1,1,1,4,0,0,-1,current,0,0,0.5491852015256882,0.5491852015256882,9,9,9,9,9,0,0,1,1.0,1.0,1.0,1.0,1.0,1,1.0,1.0,1.0,1.0,1.0,1,1.0,1.0,1.0,1.0,1.0,1,1.0,1.0,1.0,1.0,1.0
1372,no_strict_e1_improvement,0,,,,,1,0,1,1,1,1,1,4,0,0,-1,current,0,0,0.6887109180291494,0.6887109180291494,11,9,9,9,9,0,0,1,1.0,1.0,1.0,1.0,1.0,1,1.0,1.0,1.0,1.0,1.0,1,1.0,1.0,1.0,1.0,1.0,1,1.0,1.0,1.0,1.0,1.0
1373,no_strict_e1_improvement,0,,,,,1,0,1,1,1,1,1,4,0,0,-1,current,0,0,0.58205796033144,0.58205796033144,12,0,0,0,0,0,0,0,0.0,1.0,0.5,0.75,0.75,0,0.0,1.0,0.5,0.75,0.75,0,0.0,1.0,0.5,0.75,0.75,0,0.0,1.0,0.5,0.75,0.75
1374,no_strict_e1_improvement,0,,,,,1,0,2,2,2,6,6,4,0,0,-1,current,0,0,0.6236285666624705,0.6236285666624705,8,0,0,0,0,0,0,0,0.0,0.6666666666666666,0.5,0.5833333333333334,0.75,0,0.0,0.6666666666666666,0.5,0.5833333333333334,0.75,0,0.0,0.6666666666666666,0.5,0.5833333333333334,0.75,0,0.0,0.6666666666666666,0.5,0.5833333333333334,0.75
1375,no_strict_e1_improvement,0,,,,,1,0,1,1,1,1,1,4,0,0,-1,current,0,0,0.5867278526226679,0.5867278526226679,7,0,0,0,0,0,0,0,0.0,0.5,1.0,0.75,0.75,0,0.0,0.5,1.0,0.75,0.75,0,0.0,0.5,1.0,0.75,0.75,0,0.0,0.5,1.0,0.75,0.75
1376,no_strict_e1_improvement,0,,,,,1,0,1,1,1,1,1,4,0,0,-1,current,0,0,0.6622264968852202,0.6622264968852202,9,0,0,0,0,0,0,0,0.0,0.8333333333333334,0.5,0.6666666666666666,0.6666666666666666,0,0.0,0.8333333333333334,0.5,0.6666666666666666,0.6666666666666666,0,0.0,0.8333333333333334,0.5,0.6666666666666666,0.6666666666666666,0,0.0,0.8333333333333334,0.5,0.6666666666666666,0.6666666666666666
1377,no_strict_e1_improvement,0,,,,,1,0,1,1,1,1,1,4,0,0,-1,current,0,0,0.6219510237375895,0.6219510237375895,11,9,9,9,9,0,0,1,1.0,1.0,1.0,1.0,1.0,1,1.0,1.0,1.0,1.0,1.0,1,1.0,1.0,1.0,1.0,1.0,1,1.0,1.0,1.0,1.0,1.0
1378,max_rounds,0,,,,,1,1,2,2,2,6,6,4,-1,0,1,profiled_beam,1,1,0.6409452259540558,0.6283214141925176,7,0,0,0,0,0,0,0,0.0,0.5,0.8333333333333334,0.6666666666666666,0.6666666666666666,0,0.0,0.5,0.8333333333333334,0.6666666666666666,0.6666666666666666,0,0.0,0.5,0.8333333333333334,0.6666666666666666,0.6666666666666666,0,0.0,0.5,0.6666666666666666,0.5833333333333334,0.5833333333333334
1379,no_strict_e1_improvement,0,,,,,1,0,1,1,1,1,1,4,0,0,-1,current,0,0,0.6719535862406095,0.6719535862406095,7,9,9,9,9,0,0,1,1.0,1.0,1.0,1.0,1.0,1,1.0,1.0,1.0,1.0,1.0,1,1.0,1.0,1.0,1.0,1.0,1,1.0,1.0,1.0,1.0,1.0
1380,no_strict_e1_improvement,0,,,,,1,0,1,1,1,1,1,4,0,0,-1,current,0,0,0.6179035653670629,0.6179035653670629,10,9,9,9,9,0,0,1,1.0,1.0,1.0,1.0,1.0,1,1.0,1.0,1.0,1.0,1.0,1,1.0,1.0,1.0,1.0,1.0,1,1.0,1.0,1.0,1.0,1.0
1381,no_strict_e1_improvement,0,,,,,1,0,1,1,1,1,1,4,0,0,-1,current,0,0,0.6079788679877917,0.6079788679877917,10,9,9,9,9,0,0,1,1.0,1.0,1.0,1.0,1.0,1,1.0,1.0,1.0,1.0,1.0,1,1.0,1.0,1.0,1.0,1.0,1,1.0,1.0,1.0,1.0,1.0
1382,max_rounds,0,,,,,1,1,3,2,2,7,7,4,0,-1,0,s1a3_greedy,1,0,0.8477395152052244,0.6255829160412153,10,0,0,9,9,9,0,0,0.0,0.5,0.6666666666666666,0.5833333333333334,0.75,0,0.0,0.5,0.6666666666666666,0.5833333333333334,0.75,1,1.0,1.0,1.0,1.0,1.0,1,1.0,1.0,1.0,1.0,1.0
1383,no_strict_e1_improvement,0,,,,,1,0,1,1,1,1,1,4,0,0,-1,current,0,0,0.6153405507405599,0.6153405507405599,11,9,9,9,9,0,0,1,1.0,1.0,1.0,1.0,1.0,1,1.0,1.0,1.0,1.0,1.0,1,1.0,1.0,1.0,1.0,1.0,1,1.0,1.0,1.0,1.0,1.0
1384,no_strict_e1_improvement,0,,,,,1,0,1,1,1,1,1,4,0,0,-1,current,0,0,0.6032407010595003,0.6032407010595003,10,0,0,0,0,0,0,0,0.0,0.5,1.0,0.75,0.75,0,0.0,0.5,1.0,0.75,0.75,0,0.0,0.5,1.0,0.75,0.75,0,0.0,0.5,1.0,0.75,0.75
1385,no_strict_e1_improvement,0,,,,,1,0,1,1,1,1,1,4,0,0,-1,current,0,0,0.5665091425180435,0.5665091425180435,8,0,0,0,0,0,0,0,0.0,0.5,1.0,0.75,0.75,0,0.0,0.5,1.0,0.75,0.75,0,0.0,0.5,1.0,0.75,0.75,0,0.0,0.5,1.0,0.75,0.75
1386,no_strict_e1_improvement,0,,,,,1,0,1,1,1,1,1,4,0,0,-1,current,0,0,0.6146273364623388,0.6146273364623388,8,0,0,0,0,0,0,0,0.0,0.5,1.0,0.75,0.75,0,0.0,0.5,1.0,0.75,0.75,0,0.0,0.5,1.0,0.75,0.75,0,0.0,0.5,1.0,0.75,0.75
1387,no_strict_e1_improvement,0,,,,,1,0,1,1,1,1,1,4,0,0,-1,current,0,0,0.5553421427806219,0.5553421427806219,8,9,9,9,9,0,0,1,1.0,1.0,1.0,1.0,1.0,1,1.0,1.0,1.0,1.0,1.0,1,1.0,1.0,1.0,1.0,1.0,1,1.0,1.0,1.0,1.0,1.0
1388,no_strict_e1_improvement,0,,,,,1,0,1,1,1,1,1,4,0,0,-1,current,0,0,0.7098047037919363,0.7098047037919363,10,9,9,9,9,0,0,1,1.0,1.0,1.0,1.0,1.0,1,1.0,1.0,1.0,1.0,1.0,1,1.0,1.0,1.0,1.0,1.0,1,1.0,1.0,1.0,1.0,1.0
1389,no_strict_e1_improvement,0,,,,,1,0,1,1,1,1,1,4,0,0,-1,current,0,0,0.6385974685351054,0.6385974685351054,10,0,0,0,0,0,0,0,0.0,0.5,1.0,0.75,0.75,0,0.0,0.5,1.0,0.75,0.75,0,0.0,0.5,1.0,0.75,0.75,0,0.0,0.5,1.0,0.75,0.75
1390,no_strict_e1_improvement,0,,,,,1,0,1,1,1,1,1,4,0,0,-1,current,0,0,0.7004122883081436,0.7004122883081436,8,0,0,0,0,0,0,0,0.0,0.5,1.0,0.75,0.75,0,0.0,0.5,1.0,0.75,0.75,0,0.0,0.5,1.0,0.75,0.75,0,0.0,0.5,1.0,0.75,0.75
1391,no_strict_e1_improvement,0,,,,,1,0,1,1,1,1,1,4,0,0,-1,current,0,0,0.7002950434883436,0.7002950434883436,10,0,0,0,0,0,0,0,0.0,0.6666666666666666,0.5,0.5833333333333334,0.6666666666666666,0,0.0,0.6666666666666666,0.5,0.5833333333333334,0.6666666666666666,0,0.0,0.6666666666666666,0.5,0.5833333333333334,0.6666666666666666,0,0.0,0.6666666666666666,0.5,0.5833333333333334,0.6666666666666666
1392,max_rounds,0,,,,,1,1,5,4,4,14,14,4,0,0,1,profiled_beam,1,1,0.6562946885824203,0.568845676879088,6,5,5,7,9,4,2,0,0.5555555555555556,0.3333333333333333,0.5,0.4166666666666667,0.6666666666666666,0,0.5555555555555556,0.3333333333333333,0.5,0.4166666666666667,0.6666666666666666,0,0.7777777777777778,0.6666666666666666,0.6666666666666666,0.6666666666666666,0.8333333333333334,1,1.0,1.0,1.0,1.0,1.0
1393,max_rounds,0,,,,,1,1,5,4,4,16,16,4,0,0,1,profiled_beam,1,1,0.742414986093839,0.7097757309675217,4,7,7,5,6,-1,1,0,0.7777777777777778,0.6666666666666666,0.6666666666666666,0.6666666666666666,0.75,0,0.7777777777777778,0.6666666666666666,0.6666666666666666,0.6666666666666666,0.75,0,0.5555555555555556,0.5,0.3333333333333333,0.4166666666666667,0.4166666666666667,0,0.6666666666666666,0.5,0.5,0.5,0.6666666666666666
1394,no_strict_e1_improvement,0,,,,,1,0,1,1,1,1,1,4,0,0,-1,current,0,0,0.7934622851510843,0.7934622851510843,6,1,1,1,1,0,0,0,0.1111111111111111,0.0,0.6666666666666666,0.3333333333333333,0.4166666666666667,0,0.1111111111111111,0.0,0.6666666666666666,0.3333333333333333,0.4166666666666667,0,0.1111111111111111,0.0,0.6666666666666666,0.3333333333333333,0.4166666666666667,0,0.1111111111111111,0.0,0.6666666666666666,0.3333333333333333,0.4166666666666667
1395,no_strict_e1_improvement,0,,,,,1,0,1,1,1,1,1,4,0,0,-1,current,0,0,0.49440977225701016,0.49440977225701016,9,9,9,9,9,0,0,1,1.0,1.0,1.0,1.0,1.0,1,1.0,1.0,1.0,1.0,1.0,1,1.0,1.0,1.0,1.0,1.0,1,1.0,1.0,1.0,1.0,1.0
1396,max_rounds,0,,,,,1,1,5,4,4,13,13,4,0,-1,0,s1a3_greedy,1,0,0.690737210214138,0.6571778605381647,4,1,1,9,9,8,0,0,0.1111111111111111,0.3333333333333333,0.5,0.4166666666666667,0.5833333333333334,0,0.1111111111111111,0.3333333333333333,0.5,0.4166666666666667,0.5833333333333334,1,1.0,1.0,1.0,1.0,1.0,1,1.0,1.0,1.0,1.0,1.0
1397,no_strict_e1_improvement,0,,,,,1,0,1,1,1,1,1,4,0,0,-1,current,0,0,0.6327032943566641,0.6327032943566641,8,0,0,0,0,0,0,0,0.0,0.5,0.5,0.5,0.5,0,0.0,0.5,0.5,0.5,0.5,0,0.0,0.5,0.5,0.5,0.5,0,0.0,0.5,0.5,0.5,0.5
1398,no_strict_e1_improvement,0,,,,,1,0,1,1,1,1,1,4,0,0,-1,current,0,0,0.5881823947032293,0.5881823947032293,12,9,9,9,9,0,0,1,1.0,1.0,1.0,1.0,1.0,1,1.0,1.0,1.0,1.0,1.0,1,1.0,1.0,1.0,1.0,1.0,1,1.0,1.0,1.0,1.0,1.0
1399,no_strict_e1_improvement,0,,,,,1,0,1,1,1,1,1,4,0,0,-1,current,0,0,0.5528952355186144,0.5528952355186144,6,0,0,0,0,0,0,0,0.0,0.16666666666666666,0.5,0.3333333333333333,0.4166666666666667,0,0.0,0.16666666666666666,0.5,0.3333333333333333,0.4166666666666667,0,0.0,0.16666666666666666,0.5,0.3333333333333333,0.4166666666666667,0,0.0,0.16666666666666666,0.5,0.3333333333333333,0.4166666666666667
1400,partial_completed__no_strict_e1_improvement,1,,3,2,3,1,0,1,1,1,1,1,4,0,0,-1,current,1,0,0.667716366549333,0.667716366549333,8,3,3,3,3,0,0,0,0.3333333333333333,0.6666666666666666,0.0,0.3333333333333333,0.3333333333333333,0,0.3333333333333333,1.0,0.0,0.5,0.75,0,0.3333333333333333,1.0,0.0,0.5,0.75,0,0.3333333333333333,1.0,0.0,0.5,0.75
1401,no_strict_e1_improvement,0,,,,,1,0,1,1,1,2,2,4,0,0,-1,current,0,0,0.7151902417341868,0.7151902417341868,6,0,0,0,0,0,0,0,0.0,0.5,0.8333333333333334,0.6666666666666666,0.6666666666666666,0,0.0,0.5,0.8333333333333334,0.6666666666666666,0.6666666666666666,0,0.0,0.5,0.8333333333333334,0.6666666666666666,0.6666666666666666,0,0.0,0.5,0.8333333333333334,0.6666666666666666,0.6666666666666666
1402,no_strict_e1_improvement,0,,,,,1,0,1,1,1,1,1,4,0,0,-1,current,0,0,0.4341738869746526,0.4341738869746526,7,0,0,0,0,0,0,0,0.0,1.0,0.5,0.75,0.75,0,0.0,1.0,0.5,0.75,0.75,0,0.0,1.0,0.5,0.75,0.75,0,0.0,1.0,0.5,0.75,0.75
1403,no_strict_e1_improvement,0,,,,,1,0,1,1,1,1,1,4,0,0,-1,current,0,0,0.5790879279375076,0.5790879279375076,8,9,9,9,9,0,0,1,1.0,1.0,1.0,1.0,1.0,1,1.0,1.0,1.0,1.0,1.0,1,1.0,1.0,1.0,1.0,1.0,1,1.0,1.0,1.0,1.0,1.0
1404,small_component,0,,,,,1,0,0,0,0,0,0,4,0,0,-1,current,0,0,0.8648728678623835,0.8648728678623835,5,0,0,0,0,0,0,0,0.0,0.16666666666666666,0.3333333333333333,0.25,0.4166666666666667,0,0.0,0.16666666666666666,0.3333333333333333,0.25,0.4166666666666667,0,0.0,0.16666666666666666,0.3333333333333333,0.25,0.4166666666666667,0,0.0,0.16666666666666666,0.3333333333333333,0.25,0.4166666666666667
1405,max_rounds,0,,,,,1,1,4,4,4,11,11,4,-1,-1,1,profiled_beam,1,1,0.7675427868962288,0.7049266919493675,6,0,0,0,0,0,0,0,0.0,0.5,0.0,0.25,0.3333333333333333,0,0.0,0.5,0.0,0.25,0.3333333333333333,0,0.0,0.3333333333333333,0.5,0.4166666666666667,0.75,0,0.0,0.6666666666666666,0.16666666666666666,0.4166666666666667,0.5833333333333334
1406,no_strict_e1_improvement,0,,,,,1,0,2,2,2,6,6,4,0,0,-1,current,0,0,0.5958973740537962,0.5958973740537962,10,9,9,9,9,0,0,1,1.0,1.0,1.0,1.0,1.0,1,1.0,1.0,1.0,1.0,1.0,1,1.0,1.0,1.0,1.0,1.0,1,1.0,1.0,1.0,1.0,1.0
1407,no_strict_e1_improvement,0,,,,,1,0,1,1,1,1,1,4,0,0,-1,current,0,0,0.6760137776533762,0.6760137776533762,10,9,9,9,9,0,0,1,1.0,1.0,1.0,1.0,1.0,1,1.0,1.0,1.0,1.0,1.0,1,1.0,1.0,1.0,1.0,1.0,1,1.0,1.0,1.0,1.0,1.0
1408,no_strict_e1_improvement,0,,,,,1,0,1,1,1,1,1,4,0,0,-1,current,0,0,0.5932487597068151,0.5932487597068151,10,9,9,9,9,0,0,1,1.0,1.0,1.0,1.0,1.0,1,1.0,1.0,1.0,1.0,1.0,1,1.0,1.0,1.0,1.0,1.0,1,1.0,1.0,1.0,1.0,1.0
1409,max_rounds,0,,,,,1,1,5,4,4,12,12,4,0,0,1,profiled_beam,1,1,0.7865026965737343,0.7086457386612892,6,1,1,1,0,-1,-1,0,0.1111111111111111,0.3333333333333333,0.5,0.4166666666666667,0.5,0,0.1111111111111111,0.3333333333333333,0.5,0.4166666666666667,0.5,0,0.1111111111111111,0.3333333333333333,0.5,0.4166666666666667,0.5,0,0.0,0.5,0.6666666666666666,0.5833333333333334,0.75
1410,no_strict_e1_improvement,0,,,,,1,0,2,2,2,6,6,4,0,0,-1,current,0,0,0.7116898397604624,0.7116898397604624,8,3,3,3,3,0,0,0,0.3333333333333333,0.0,1.0,0.5,0.75,0,0.3333333333333333,0.0,1.0,0.5,0.75,0,0.3333333333333333,0.0,1.0,0.5,0.75,0,0.3333333333333333,0.0,1.0,0.5,0.75
1411,max_rounds,0,,,,,1,1,5,4,4,13,13,4,0,0,1,profiled_beam,1,1,0.8220356975992521,0.7411360144615173,8,6,6,6,9,3,3,0,0.6666666666666666,0.8333333333333334,0.5,0.6666666666666666,0.6666666666666666,0,0.6666666666666666,0.8333333333333334,0.5,0.6666666666666666,0.6666666666666666,0,0.6666666666666666,0.8333333333333334,0.5,0.6666666666666666,0.6666666666666666,1,1.0,1.0,1.0,1.0,1.0
1412,no_strict_e1_improvement,0,,,,,1,0,1,1,1,1,1,4,0,0,-1,current,0,0,0.5932655905683836,0.5932655905683836,10,0,0,0,0,0,0,0,0.0,0.5,1.0,0.75,0.75,0,0.0,0.5,1.0,0.75,0.75,0,0.0,0.5,1.0,0.75,0.75,0,0.0,0.5,1.0,0.75,0.75
1413,max_rounds,0,,,,,1,1,3,2,2,8,8,4,0,0,1,profiled_beam,1,1,0.7376143112778664,0.729659785827001,4,0,0,0,0,0,0,0,0.0,0.16666666666666666,0.16666666666666666,0.16666666666666666,0.5,0,0.0,0.16666666666666666,0.16666666666666666,0.16666666666666666,0.5,0,0.0,0.16666666666666666,0.16666666666666666,0.16666666666666666,0.5,0,0.0,0.3333333333333333,0.16666666666666666,0.25,0.4166666666666667
1414,max_rounds,0,,,,,1,1,3,2,2,7,7,4,0,0,1,profiled_beam,1,1,0.7784555355707804,0.7128368268410364,8,6,6,6,9,3,3,0,0.6666666666666666,0.5,0.8333333333333334,0.6666666666666666,0.6666666666666666,0,0.6666666666666666,0.5,0.8333333333333334,0.6666666666666666,0.6666666666666666,0,0.6666666666666666,0.5,0.8333333333333334,0.6666666666666666,0.6666666666666666,1,1.0,1.0,1.0,1.0,1.0
1415,no_strict_e1_improvement,0,,,,,1,0,1,1,1,1,1,4,0,0,-1,current,0,0,0.7273057277003924,0.7273057277003924,8,0,0,0,0,0,0,0,0.0,0.5,1.0,0.75,0.75,0,0.0,0.5,1.0,0.75,0.75,0,0.0,0.5,1.0,0.75,0.75,0,0.0,0.5,1.0,0.75,0.75
1416,no_strict_e1_improvement,0,,,,,1,0,2,2,2,6,6,4,0,0,-1,current,0,0,0.8304941554864248,0.8304941554864248,7,9,9,9,9,0,0,1,1.0,1.0,1.0,1.0,1.0,1,1.0,1.0,1.0,1.0,1.0,1,1.0,1.0,1.0,1.0,1.0,1,1.0,1.0,1.0,1.0,1.0
1417,no_strict_e1_improvement,0,,,,,1,0,1,1,1,1,1,4,0,0,-1,current,0,0,0.6136588801940283,0.6136588801940283,9,9,9,9,9,0,0,1,1.0,1.0,1.0,1.0,1.0,1,1.0,1.0,1.0,1.0,1.0,1,1.0,1.0,1.0,1.0,1.0,1,1.0,1.0,1.0,1.0,1.0
1418,no_strict_e1_improvement,0,,,,,1,0,1,1,1,1,1,4,0,0,-1,current,0,0,0.48671384652455646,0.48671384652455646,6,6,6,6,6,0,0,0,0.6666666666666666,0.8333333333333334,0.5,0.6666666666666666,0.6666666666666666,0,0.6666666666666666,0.8333333333333334,0.5,0.6666666666666666,0.6666666666666666,0,0.6666666666666666,0.8333333333333334,0.5,0.6666666666666666,0.6666666666666666,0,0.6666666666666666,0.8333333333333334,0.5,0.6666666666666666,0.6666666666666666
1419,no_strict_e1_improvement,0,,,,,1,0,4,4,4,12,12,4,0,0,-1,current,0,0,0.8001001079877218,0.8001001079877218,8,0,0,0,0,0,0,0,0.0,0.5,1.0,0.75,0.75,0,0.0,0.5,1.0,0.75,0.75,0,0.0,0.5,1.0,0.75,0.75,0,0.0,0.5,1.0,0.75,0.75
1420,no_strict_e1_improvement,0,,,,,1,0,1,1,1,1,1,4,0,0,-1,current,0,0,0.6542614003022512,0.6542614003022512,9,9,9,9,9,0,0,1,1.0,1.0,1.0,1.0,1.0,1,1.0,1.0,1.0,1.0,1.0,1,1.0,1.0,1.0,1.0,1.0,1,1.0,1.0,1.0,1.0,1.0
1421,no_strict_e1_improvement,0,,,,,1,0,1,1,1,1,1,4,0,0,-1,current,0,0,0.7406250685453415,0.7406250685453415,10,9,9,9,9,0,0,1,1.0,1.0,1.0,1.0,1.0,1,1.0,1.0,1.0,1.0,1.0,1,1.0,1.0,1.0,1.0,1.0,1,1.0,1.0,1.0,1.0,1.0
1422,no_strict_e1_improvement,0,,,,,1,0,1,1,1,2,2,4,0,0,-1,current,0,0,0.5769958794116974,0.5769958794116974,8,3,3,3,3,0,0,0,0.3333333333333333,0.6666666666666666,0.5,0.5833333333333334,0.5833333333333334,0,0.3333333333333333,0.6666666666666666,0.5,0.5833333333333334,0.5833333333333334,0,0.3333333333333333,0.6666666666666666,0.5,0.5833333333333334,0.5833333333333334,0,0.3333333333333333,0.6666666666666666,0.5,0.5833333333333334,0.5833333333333334
1423,small_component,0,,,,,1,0,0,0,0,0,0,4,0,0,-1,current,0,0,0.818857212861379,0.818857212861379,7,4,4,4,4,0,0,0,0.4444444444444444,0.5,0.3333333333333333,0.4166666666666667,0.5,0,0.4444444444444444,0.5,0.3333333333333333,0.4166666666666667,0.5,0,0.4444444444444444,0.5,0.3333333333333333,0.4166666666666667,0.5,0,0.4444444444444444,0.5,0.3333333333333333,0.4166666666666667,0.5
1424,max_rounds,0,,,,,1,1,3,2,2,7,7,4,-1,0,1,profiled_beam,1,1,0.7537522663672765,0.6625740925470988,6,0,0,1,3,3,2,0,0.0,0.6666666666666666,0.5,0.5833333333333334,0.5833333333333334,0,0.0,0.6666666666666666,0.5,0.5833333333333334,0.5833333333333334,0,0.1111111111111111,0.3333333333333333,0.6666666666666666,0.5,0.6666666666666666,0,0.3333333333333333,0.6666666666666666,0.5,0.5833333333333334,0.5833333333333334
1425,max_rounds,0,,,,,1,1,5,4,4,13,13,4,-1,0,0,s1a3_greedy,1,0,0.7516066804528236,0.6370400860905647,6,0,0,5,5,5,0,0,0.0,0.3333333333333333,0.16666666666666666,0.25,0.25,0,0.0,0.3333333333333333,0.16666666666666666,0.25,0.25,0,0.5555555555555556,0.3333333333333333,0.16666666666666666,0.25,0.5,0,0.5555555555555556,0.3333333333333333,0.16666666666666666,0.25,0.5
1426,no_strict_e1_improvement,0,,,,,1,0,1,1,1,1,1,4,0,0,-1,current,0,0,0.7369273702303568,0.7369273702303568,9,0,0,0,0,0,0,0,0.0,0.5,1.0,0.75,0.75,0,0.0,0.5,1.0,0.75,0.75,0,0.0,0.5,1.0,0.75,0.75,0,0.0,0.5,1.0,0.75,0.75
1427,no_strict_e1_improvement,0,,,,,1,0,1,1,1,1,1,4,0,0,-1,current,0,0,0.6161954378088316,0.6161954378088316,10,0,0,0,0,0,0,0,0.0,0.5,1.0,0.75,0.75,0,0.0,0.5,1.0,0.75,0.75,0,0.0,0.5,1.0,0.75,0.75,0,0.0,0.5,1.0,0.75,0.75
1428,no_strict_e1_improvement,0,,,,,1,0,1,1,1,1,1,4,0,0,-1,current,0,0,0.5532184640566508,0.5532184640566508,7,0,0,0,0,0,0,0,0.0,0.5,1.0,0.75,0.75,0,0.0,0.5,1.0,0.75,0.75,0,0.0,0.5,1.0,0.75,0.75,0,0.0,0.5,1.0,0.75,0.75
1429,small_component,0,,,,,1,0,0,0,0,0,0,4,0,0,-1,current,0,0,0.8428222214182218,0.8428222214182218,6,1,1,1,1,0,0,0,0.1111111111111111,0.5,0.0,0.25,0.5833333333333334,0,0.1111111111111111,0.5,0.0,0.25,0.5833333333333334,0,0.1111111111111111,0.5,0.0,0.25,0.5833333333333334,0,0.1111111111111111,0.5,0.0,0.25,0.5833333333333334
1430,no_strict_e1_improvement,0,,,,,1,0,1,1,1,1,1,4,0,0,-1,current,0,0,0.4639627163608869,0.4639627163608869,10,9,9,9,9,0,0,1,1.0,1.0,1.0,1.0,1.0,1,1.0,1.0,1.0,1.0,1.0,1,1.0,1.0,1.0,1.0,1.0,1,1.0,1.0,1.0,1.0,1.0
1431,no_strict_e1_improvement,0,,,,,1,0,1,1,1,1,1,4,0,0,-1,current,0,0,0.4739457741379738,0.4739457741379738,11,0,0,0,0,0,0,0,0.0,0.5,1.0,0.75,0.75,0,0.0,0.5,1.0,0.75,0.75,0,0.0,0.5,1.0,0.75,0.75,0,0.0,0.5,1.0,0.75,0.75
1432,no_strict_e1_improvement,0,,,,,1,0,2,2,2,6,6,4,0,0,-1,current,0,0,0.8019718080759048,0.8019718080759048,6,2,2,2,2,0,0,0,0.2222222222222222,0.16666666666666666,0.6666666666666666,0.4166666666666667,0.5833333333333334,0,0.2222222222222222,0.16666666666666666,0.6666666666666666,0.4166666666666667,0.5833333333333334,0,0.2222222222222222,0.16666666666666666,0.6666666666666666,0.4166666666666667,0.5833333333333334,0,0.2222222222222222,0.16666666666666666,0.6666666666666666,0.4166666666666667,0.5833333333333334
1433,no_strict_e1_improvement,0,,,,,1,0,1,1,1,1,1,4,0,0,-1,current,0,0,0.6087454234560331,0.6087454234560331,9,0,0,0,0,0,0,0,0.0,0.5,1.0,0.75,0.75,0,0.0,0.5,1.0,0.75,0.75,0,0.0,0.5,1.0,0.75,0.75,0,0.0,0.5,1.0,0.75,0.75
1434,small_component,0,,,,,1,0,0,0,0,0,0,4,0,0,-1,current,0,0,0.8583206161856651,0.8583206161856651,7,0,0,0,0,0,0,0,0.0,0.16666666666666666,0.3333333333333333,0.25,0.4166666666666667,0,0.0,0.16666666666666666,0.3333333333333333,0.25,0.4166666666666667,0,0.0,0.16666666666666666,0.3333333333333333,0.25,0.4166666666666667,0,0.0,0.16666666666666666,0.3333333333333333,0.25,0.4166666666666667
1435,no_strict_e1_improvement,0,,,,,1,0,1,1,1,1,1,4,0,0,-1,current,0,0,0.659589983522892,0.659589983522892,10,0,0,0,0,0,0,0,0.0,0.5,1.0,0.75,0.75,0,0.0,0.5,1.0,0.75,0.75,0,0.0,0.5,1.0,0.75,0.75,0,0.0,0.5,1.0,0.75,0.75
1436,no_strict_e1_improvement,0,,,,,1,0,1,1,1,1,1,4,0,0,-1,current,0,0,0.5848502839605013,0.5848502839605013,8,9,9,9,9,0,0,1,1.0,1.0,1.0,1.0,1.0,1,1.0,1.0,1.0,1.0,1.0,1,1.0,1.0,1.0,1.0,1.0,1,1.0,1.0,1.0,1.0,1.0
1437,small_component,0,,,,,1,0,0,0,0,0,0,4,0,0,-1,current,0,0,0.3552527204155922,0.3552527204155922,5,0,0,0,0,0,0,0,0.0,0.5,0.3333333333333333,0.4166666666666667,0.5833333333333334,0,0.0,0.5,0.3333333333333333,0.4166666666666667,0.5833333333333334,0,0.0,0.5,0.3333333333333333,0.4166666666666667,0.5833333333333334,0,0.0,0.5,0.3333333333333333,0.4166666666666667,0.5833333333333334
1438,no_strict_e1_improvement,0,,,,,1,0,1,1,1,1,1,4,0,0,-1,current,0,0,0.5671328430374464,0.5671328430374464,9,3,3,3,3,0,0,0,0.3333333333333333,0.6666666666666666,0.5,0.5833333333333334,0.5833333333333334,0,0.3333333333333333,0.6666666666666666,0.5,0.5833333333333334,0.5833333333333334,0,0.3333333333333333,0.6666666666666666,0.5,0.5833333333333334,0.5833333333333334,0,0.3333333333333333,0.6666666666666666,0.5,0.5833333333333334,0.5833333333333334
1439,no_strict_e1_improvement,0,,,,,1,0,1,1,1,1,1,4,0,0,-1,current,0,0,0.7134594966967901,0.7134594966967901,9,9,9,9,9,0,0,1,1.0,1.0,1.0,1.0,1.0,1,1.0,1.0,1.0,1.0,1.0,1,1.0,1.0,1.0,1.0,1.0,1,1.0,1.0,1.0,1.0,1.0
1440,partial_completed__max_rounds,1,,3,2,4,1,1,5,4,4,14,14,4,1,-1,1,profiled_beam,1,1,0.7426043401161829,0.7197719216346741,4,0,1,0,2,2,2,0,0.0,0.16666666666666666,0.16666666666666666,0.16666666666666666,0.25,0,0.1111111111111111,0.16666666666666666,0.3333333333333333,0.25,0.3333333333333333,0,0.0,0.0,0.5,0.25,0.25,0,0.2222222222222222,0.16666666666666666,0.3333333333333333,0.25,0.3333333333333333
1441,no_strict_e1_improvement,0,,,,,1,0,1,1,1,1,1,4,0,0,-1,current,0,0,0.5215465202927589,0.5215465202927589,10,0,0,0,0,0,0,0,0.0,0.5,1.0,0.75,0.75,0,0.0,0.5,1.0,0.75,0.75,0,0.0,0.5,1.0,0.75,0.75,0,0.0,0.5,1.0,0.75,0.75
1442,no_strict_e1_improvement,0,,,,,1,0,1,1,1,1,1,4,0,0,-1,current,0,0,0.633141410847505,0.633141410847505,10,9,9,9,9,0,0,1,1.0,1.0,1.0,1.0,1.0,1,1.0,1.0,1.0,1.0,1.0,1,1.0,1.0,1.0,1.0,1.0,1,1.0,1.0,1.0,1.0,1.0
1443,small_component,0,,,,,1,0,0,0,0,0,0,4,0,0,-1,current,0,0,0.8586565305789312,0.8586565305789312,5,0,0,0,0,0,0,0,0.0,0.3333333333333333,0.0,0.16666666666666666,0.4166666666666667,0,0.0,0.3333333333333333,0.0,0.16666666666666666,0.4166666666666667,0,0.0,0.3333333333333333,0.0,0.16666666666666666,0.4166666666666667,0,0.0,0.3333333333333333,0.0,0.16666666666666666,0.4166666666666667
1444,small_component,0,,,,,1,0,0,0,0,0,0,4,0,0,-1,current,0,0,0.7359190285205841,0.7359190285205841,7,0,0,0,0,0,0,0,0.0,0.5,0.5,0.5,0.5,0,0.0,0.5,0.5,0.5,0.5,0,0.0,0.5,0.5,0.5,0.5,0,0.0,0.5,0.5,0.5,0.5
1445,small_component,0,,,,,1,0,0,0,0,0,0,4,0,0,-1,current,0,0,0.42894483109315235,0.42894483109315235,4,0,0,0,0,0,0,0,0.0,0.16666666666666666,0.0,0.08333333333333333,0.25,0,0.0,0.16666666666666666,0.0,0.08333333333333333,0.25,0,0.0,0.16666666666666666,0.0,0.08333333333333333,0.25,0,0.0,0.16666666666666666,0.0,0.08333333333333333,0.25
1446,max_rounds,0,,,,,1,1,5,4,4,16,16,4,0,0,1,profiled_beam,1,1,0.5550400751332442,0.5472495667636395,7,2,2,2,1,-1,-1,0,0.2222222222222222,0.16666666666666666,0.3333333333333333,0.25,0.4166666666666667,0,0.2222222222222222,0.16666666666666666,0.3333333333333333,0.25,0.4166666666666667,0,0.2222222222222222,0.16666666666666666,0.3333333333333333,0.25,0.4166666666666667,0,0.1111111111111111,0.0,0.3333333333333333,0.16666666666666666,0.3333333333333333
1447,no_strict_e1_improvement,0,,,,,1,0,1,1,1,1,1,4,0,0,-1,current,0,0,0.4993267108996709,0.4993267108996709,7,9,9,9,9,0,0,1,1.0,1.0,1.0,1.0,1.0,1,1.0,1.0,1.0,1.0,1.0,1,1.0,1.0,1.0,1.0,1.0,1,1.0,1.0,1.0,1.0,1.0
1448,no_strict_e1_improvement,0,,,,,1,0,1,1,1,1,1,4,0,0,-1,current,0,0,0.5767118955651919,0.5767118955651919,11,9,9,9,9,0,0,1,1.0,1.0,1.0,1.0,1.0,1,1.0,1.0,1.0,1.0,1.0,1,1.0,1.0,1.0,1.0,1.0,1,1.0,1.0,1.0,1.0,1.0
1449,max_rounds,0,,,,,1,1,5,4,4,12,12,4,0,0,0,s1a3_greedy,1,0,0.8409882485866547,0.7770689725875854,5,2,2,2,2,0,0,0,0.2222222222222222,0.3333333333333333,0.3333333333333333,0.3333333333333333,0.4166666666666667,0,0.2222222222222222,0.3333333333333333,0.3333333333333333,0.3333333333333333,0.4166666666666667,0,0.2222222222222222,0.3333333333333333,0.16666666666666666,0.25,0.4166666666666667,0,0.2222222222222222,0.3333333333333333,0.16666666666666666,0.25,0.4166666666666667
1450,no_strict_e1_improvement,0,,,,,1,0,1,1,1,1,1,4,0,0,-1,current,0,0,0.574636754890283,0.574636754890283,10,9,9,9,9,0,0,1,1.0,1.0,1.0,1.0,1.0,1,1.0,1.0,1.0,1.0,1.0,1,1.0,1.0,1.0,1.0,1.0,1,1.0,1.0,1.0,1.0,1.0
1451,no_strict_e1_improvement,0,,,,,1,0,1,1,1,1,1,4,0,0,-1,current,0,0,0.6045028219620386,0.6045028219620386,8,1,1,1,1,0,0,0,0.1111111111111111,0.3333333333333333,0.6666666666666666,0.5,0.5833333333333334,0,0.1111111111111111,0.3333333333333333,0.6666666666666666,0.5,0.5833333333333334,0,0.1111111111111111,0.3333333333333333,0.6666666666666666,0.5,0.5833333333333334,0,0.1111111111111111,0.3333333333333333,0.6666666666666666,0.5,0.5833333333333334
1452,max_rounds,0,,,,,1,1,3,2,2,8,8,4,1,0,1,profiled_beam,1,1,0.729881023367246,0.6920625219742457,6,0,0,0,9,9,9,0,0.0,0.6666666666666666,0.5,0.5833333333333334,0.75,0,0.0,0.6666666666666666,0.5,0.5833333333333334,0.75,0,0.0,0.6666666666666666,0.5,0.5833333333333334,0.75,1,1.0,1.0,1.0,1.0,1.0
1453,max_rounds,0,,,,,1,1,3,2,2,8,8,4,0,0,0,s1a3_greedy,1,0,0.8020024771491686,0.7777458429336548,6,1,1,0,0,-1,0,0,0.1111111111111111,0.3333333333333333,0.6666666666666666,0.5,0.5833333333333334,0,0.1111111111111111,0.3333333333333333,0.6666666666666666,0.5,0.5833333333333334,0,0.0,0.5,1.0,0.75,0.75,0,0.0,0.5,1.0,0.75,0.75
1454,no_strict_e1_improvement,0,,,,,1,0,1,1,1,1,1,4,0,0,-1,current,0,0,0.5565128872791926,0.5565128872791926,12,9,9,9,9,0,0,1,1.0,1.0,1.0,1.0,1.0,1,1.0,1.0,1.0,1.0,1.0,1,1.0,1.0,1.0,1.0,1.0,1,1.0,1.0,1.0,1.0,1.0
1455,max_rounds,0,,,,,1,1,3,2,2,7,7,4,0,0,1,profiled_beam,1,1,0.8609188695748647,0.8160724093516668,8,7,7,7,9,2,2,0,0.7777777777777778,0.6666666666666666,0.6666666666666666,0.6666666666666666,0.75,0,0.7777777777777778,0.6666666666666666,0.6666666666666666,0.6666666666666666,0.75,0,0.7777777777777778,0.6666666666666666,0.6666666666666666,0.6666666666666666,0.75,1,1.0,1.0,1.0,1.0,1.0
1456,partial_completed__small_component,1,,3,2,4,1,0,0,0,0,0,0,4,0,0,-1,current,1,0,0.827200340727965,0.827200340727965,6,0,2,2,2,2,0,0,0.0,0.0,0.5,0.25,0.25,0,0.2222222222222222,0.16666666666666666,0.6666666666666666,0.4166666666666667,0.4166666666666667,0,0.2222222222222222,0.16666666666666666,0.6666666666666666,0.4166666666666667,0.4166666666666667,0,0.2222222222222222,0.16666666666666666,0.6666666666666666,0.4166666666666667,0.4166666666666667
1457,no_strict_e1_improvement,0,,,,,1,0,1,1,1,1,1,4,0,0,-1,current,0,0,0.5505826572577158,0.5505826572577158,9,9,9,9,9,0,0,1,1.0,1.0,1.0,1.0,1.0,1,1.0,1.0,1.0,1.0,1.0,1,1.0,1.0,1.0,1.0,1.0,1,1.0,1.0,1.0,1.0,1.0
1458,max_rounds,0,,,,,1,1,2,2,2,6,6,4,0,-1,0,s1a3_greedy,1,0,0.7120683764417967,0.6235018496712049,10,0,0,9,9,9,0,0,0.0,0.5,1.0,0.75,0.75,0,0.0,0.5,1.0,0.75,0.75,1,1.0,1.0,1.0,1.0,1.0,1,1.0,1.0,1.0,1.0,1.0
1459,small_component,0,,,,,1,0,0,0,0,0,0,4,0,0,-1,current,0,0,0.5938665469487509,0.5938665469487509,4,1,1,1,1,0,0,0,0.1111111111111111,0.0,0.0,0.0,0.5,0,0.1111111111111111,0.0,0.0,0.0,0.5,0,0.1111111111111111,0.0,0.0,0.0,0.5,0,0.1111111111111111,0.0,0.0,0.0,0.5
1460,no_strict_e1_improvement,0,,,,,1,0,1,1,1,1,1,4,0,0,-1,current,0,0,0.5066912099719048,0.5066912099719048,9,0,0,0,0,0,0,0,0.0,1.0,0.5,0.75,0.75,0,0.0,1.0,0.5,0.75,0.75,0,0.0,1.0,0.5,0.75,0.75,0,0.0,1.0,0.5,0.75,0.75
1461,max_rounds,0,,,,,1,1,2,2,2,7,7,4,0,-1,0,s1a3_greedy,1,0,0.6663221369187037,0.5871844490369161,10,0,0,9,9,9,0,0,0.0,0.5,0.8333333333333334,0.6666666666666666,0.6666666666666666,0,0.0,0.5,0.8333333333333334,0.6666666666666666,0.6666666666666666,1,1.0,1.0,1.0,1.0,1.0,1,1.0,1.0,1.0,1.0,1.0
1462,no_strict_e1_improvement,0,,,,,1,0,1,1,1,1,1,4,0,0,-1,current,0,0,0.6754658371210098,0.6754658371210098,7,0,0,0,0,0,0,0,0.0,0.5,0.8333333333333334,0.6666666666666666,0.6666666666666666,0,0.0,0.5,0.8333333333333334,0.6666666666666666,0.6666666666666666,0,0.0,0.5,0.8333333333333334,0.6666666666666666,0.6666666666666666,0,0.0,0.5,0.8333333333333334,0.6666666666666666,0.6666666666666666
1463,max_rounds,0,,,,,1,1,2,2,2,7,7,4,-1,0,1,profiled_beam,1,1,0.5612007727225622,0.49387097855408985,6,9,9,0,0,-9,0,1,1.0,1.0,1.0,1.0,1.0,1,1.0,1.0,1.0,1.0,1.0,0,0.0,0.8333333333333334,0.5,0.6666666666666666,0.6666666666666666,0,0.0,1.0,0.5,0.75,0.75
1464,max_rounds,0,,,,,1,1,4,4,4,11,11,4,0,-1,0,s1a3_greedy,1,0,0.7872133925557137,0.7521708756685257,8,1,1,9,9,8,0,0,0.1111111111111111,0.3333333333333333,0.6666666666666666,0.5,0.5833333333333334,0,0.1111111111111111,0.3333333333333333,0.6666666666666666,0.5,0.5833333333333334,1,1.0,1.0,1.0,1.0,1.0,1,1.0,1.0,1.0,1.0,1.0
1465,no_strict_e1_improvement,0,,,,,1,0,1,1,1,1,1,4,0,0,-1,current,0,0,0.6723937491575877,0.6723937491575877,8,9,9,9,9,0,0,1,1.0,1.0,1.0,1.0,1.0,1,1.0,1.0,1.0,1.0,1.0,1,1.0,1.0,1.0,1.0,1.0,1,1.0,1.0,1.0,1.0,1.0
1466,no_strict_e1_improvement,0,,,,,1,0,1,1,1,1,1,4,0,0,-1,current,0,0,0.6684372747937838,0.6684372747937838,7,9,9,9,9,0,0,1,1.0,1.0,1.0,1.0,1.0,1,1.0,1.0,1.0,1.0,1.0,1,1.0,1.0,1.0,1.0,1.0,1,1.0,1.0,1.0,1.0,1.0
1467,no_strict_e1_improvement,0,,,,,1,0,2,2,2,8,8,4,0,0,-1,current,0,0,0.63062833994627,0.63062833994627,8,9,9,9,9,0,0,1,1.0,1.0,1.0,1.0,1.0,1,1.0,1.0,1.0,1.0,1.0,1,1.0,1.0,1.0,1.0,1.0,1,1.0,1.0,1.0,1.0,1.0
1468,max_rounds,0,,,,,1,1,2,2,2,6,6,4,0,-1,0,s1a3_greedy,1,0,0.7297060762842497,0.7072912603616714,7,0,0,0,0,0,0,0,0.0,0.5,0.5,0.5,0.5,0,0.0,0.5,0.5,0.5,0.5,0,0.0,0.8333333333333334,0.5,0.6666666666666666,0.6666666666666666,0,0.0,0.8333333333333334,0.5,0.6666666666666666,0.6666666666666666
1469,small_component,0,,,,,1,0,0,0,0,0,0,4,0,0,-1,current,0,0,0.9099227438370386,0.9099227438370386,5,3,3,3,3,0,0,0,0.3333333333333333,0.16666666666666666,0.3333333333333333,0.25,0.4166666666666667,0,0.3333333333333333,0.16666666666666666,0.3333333333333333,0.25,0.4166666666666667,0,0.3333333333333333,0.16666666666666666,0.3333333333333333,0.25,0.4166666666666667,0,0.3333333333333333,0.16666666666666666,0.3333333333333333,0.25,0.4166666666666667
1470,small_component,0,,,,,1,0,0,0,0,0,0,4,0,0,-1,current,0,0,0.7644847805301348,0.7644847805301348,6,1,1,1,1,0,0,0,0.1111111111111111,0.16666666666666666,0.16666666666666666,0.16666666666666666,0.3333333333333333,0,0.1111111111111111,0.16666666666666666,0.16666666666666666,0.16666666666666666,0.3333333333333333,0,0.1111111111111111,0.16666666666666666,0.16666666666666666,0.16666666666666666,0.3333333333333333,0,0.1111111111111111,0.16666666666666666,0.16666666666666666,0.16666666666666666,0.3333333333333333
1471,no_strict_e1_improvement,0,,,,,1,0,1,1,1,1,1,4,0,0,-1,current,0,0,0.7778932601213455,0.7778932601213455,7,0,0,0,0,0,0,0,0.0,0.5,0.8333333333333334,0.6666666666666666,0.6666666666666666,0,0.0,0.5,0.8333333333333334,0.6666666666666666,0.6666666666666666,0,0.0,0.5,0.8333333333333334,0.6666666666666666,0.6666666666666666,0,0.0,0.5,0.8333333333333334,0.6666666666666666,0.6666666666666666
1472,no_strict_e1_improvement,0,,,,,1,0,1,1,1,1,1,4,0,0,-1,current,0,0,0.6992086072762808,0.6992086072762808,10,9,9,9,9,0,0,1,1.0,1.0,1.0,1.0,1.0,1,1.0,1.0,1.0,1.0,1.0,1,1.0,1.0,1.0,1.0,1.0,1,1.0,1.0,1.0,1.0,1.0
1473,no_strict_e1_improvement,0,,,,,1,0,1,1,1,1,1,4,0,0,-1,current,0,0,0.6449690287311872,0.6449690287311872,7,9,9,9,9,0,0,1,1.0,1.0,1.0,1.0,1.0,1,1.0,1.0,1.0,1.0,1.0,1,1.0,1.0,1.0,1.0,1.0,1,1.0,1.0,1.0,1.0,1.0
1474,no_strict_e1_improvement,0,,,,,1,0,1,1,1,1,1,4,0,0,-1,current,0,0,0.5929629902044932,0.5929629902044932,4,0,0,0,0,0,0,0,0.0,0.5,0.3333333333333333,0.4166666666666667,0.5833333333333334,0,0.0,0.5,0.3333333333333333,0.4166666666666667,0.5833333333333334,0,0.0,0.5,0.3333333333333333,0.4166666666666667,0.5833333333333334,0,0.0,0.5,0.3333333333333333,0.4166666666666667,0.5833333333333334
1475,no_strict_e1_improvement,0,,,,,1,0,1,1,1,1,1,4,0,0,-1,current,0,0,0.5937234287460645,0.5937234287460645,10,0,0,0,0,0,0,0,0.0,0.5,1.0,0.75,0.75,0,0.0,0.5,1.0,0.75,0.75,0,0.0,0.5,1.0,0.75,0.75,0,0.0,0.5,1.0,0.75,0.75
1476,max_rounds,0,,,,,1,1,2,2,2,6,6,4,0,-1,0,s1a3_greedy,1,0,0.5973340024550756,0.575325071811676,9,9,9,0,0,-9,0,1,1.0,1.0,1.0,1.0,1.0,1,1.0,1.0,1.0,1.0,1.0,0,0.0,0.5,1.0,0.75,0.75,0,0.0,0.5,1.0,0.75,0.75
1477,no_strict_e1_improvement,0,,,,,1,0,1,1,1,2,2,4,0,0,-1,current,0,0,0.801271473368009,0.801271473368009,8,0,0,0,0,0,0,0,0.0,0.5,1.0,0.75,0.75,0,0.0,0.5,1.0,0.75,0.75,0,0.0,0.5,1.0,0.75,0.75,0,0.0,0.5,1.0,0.75,0.75
1478,no_strict_e1_improvement,0,,,,,1,0,1,1,1,1,1,4,0,0,-1,current,0,0,0.6645822723706564,0.6645822723706564,10,9,9,9,9,0,0,1,1.0,1.0,1.0,1.0,1.0,1,1.0,1.0,1.0,1.0,1.0,1,1.0,1.0,1.0,1.0,1.0,1,1.0,1.0,1.0,1.0,1.0
1479,no_strict_e1_improvement,0,,,,,1,0,1,1,1,1,1,4,0,0,-1,current,0,0,0.6974392210443815,0.6974392210443815,9,9,9,9,9,0,0,1,1.0,1.0,1.0,1.0,1.0,1,1.0,1.0,1.0,1.0,1.0,1,1.0,1.0,1.0,1.0,1.0,1,1.0,1.0,1.0,1.0,1.0
1480,max_rounds,0,,,,,1,1,2,2,2,6,6,4,0,-1,0,s1a3_greedy,1,0,0.7168311327695847,0.6695517698923746,9,0,0,0,0,0,0,0,0.0,0.5,1.0,0.75,0.75,0,0.0,0.5,1.0,0.75,0.75,0,0.0,0.5,1.0,0.75,0.75,0,0.0,0.5,1.0,0.75,0.75
1481,no_strict_e1_improvement,0,,,,,1,0,1,1,1,1,1,4,0,0,-1,current,0,0,0.6885471691687902,0.6885471691687902,8,9,9,9,9,0,0,1,1.0,1.0,1.0,1.0,1.0,1,1.0,1.0,1.0,1.0,1.0,1,1.0,1.0,1.0,1.0,1.0,1,1.0,1.0,1.0,1.0,1.0
1482,no_strict_e1_improvement,0,,,,,1,0,1,1,1,1,1,4,0,0,-1,current,0,0,0.5654479985435804,0.5654479985435804,9,0,0,0,0,0,0,0,0.0,1.0,0.5,0.75,0.75,0,0.0,1.0,0.5,0.75,0.75,0,0.0,1.0,0.5,0.75,0.75,0,0.0,1.0,0.5,0.75,0.75
1483,partial_completed__max_rounds,1,,3,2,4,1,1,5,4,4,13,13,4,0,0,1,profiled_beam,1,1,0.7395476003487905,0.6238678246736526,6,5,7,0,9,4,9,0,0.5555555555555556,0.3333333333333333,0.5,0.4166666666666667,0.4166666666666667,0,0.7777777777777778,0.5,0.6666666666666666,0.5833333333333334,0.5833333333333334,0,0.0,1.0,0.5,0.75,0.75,1,1.0,1.0,1.0,1.0,1.0
1484,no_strict_e1_improvement,0,,,,,1,0,1,1,1,1,1,4,0,0,-1,current,0,0,0.5794897551337878,0.5794897551337878,10,9,9,9,9,0,0,1,1.0,1.0,1.0,1.0,1.0,1,1.0,1.0,1.0,1.0,1.0,1,1.0,1.0,1.0,1.0,1.0,1,1.0,1.0,1.0,1.0,1.0
1485,no_strict_e1_improvement,0,,,,,1,0,4,4,4,14,14,4,0,0,-1,current,0,0,0.7088337764143944,0.7088337764143944,7,9,9,9,9,0,0,1,1.0,1.0,1.0,1.0,1.0,1,1.0,1.0,1.0,1.0,1.0,1,1.0,1.0,1.0,1.0,1.0,1,1.0,1.0,1.0,1.0,1.0
1486,small_component,0,,,,,1,0,0,0,0,0,0,4,0,0,-1,current,0,0,0.9067133317391077,0.9067133317391077,3,1,1,1,1,0,0,0,0.1111111111111111,0.16666666666666666,0.16666666666666666,0.16666666666666666,0.4166666666666667,0,0.1111111111111111,0.16666666666666666,0.16666666666666666,0.16666666666666666,0.4166666666666667,0,0.1111111111111111,0.16666666666666666,0.16666666666666666,0.16666666666666666,0.4166666666666667,0,0.1111111111111111,0.16666666666666666,0.16666666666666666,0.16666666666666666,0.4166666666666667
1487,max_rounds,0,,,,,1,1,3,2,2,6,6,4,0,-1,0,s1a3_greedy,1,0,0.6597282240788142,0.626969039440155,5,0,0,0,0,0,0,0,0.0,0.16666666666666666,0.5,0.3333333333333333,0.4166666666666667,0,0.0,0.16666666666666666,0.5,0.3333333333333333,0.4166666666666667,0,0.0,0.5,0.8333333333333334,0.6666666666666666,0.6666666666666666,0,0.0,0.5,0.8333333333333334,0.6666666666666666,0.6666666666666666
1488,no_strict_e1_improvement,0,,,,,1,0,4,4,4,16,16,4,0,0,-1,current,0,0,0.5057502637306849,0.5057502637306849,5,6,6,6,6,0,0,0,0.6666666666666666,0.5,0.8333333333333334,0.6666666666666666,0.6666666666666666,0,0.6666666666666666,0.5,0.8333333333333334,0.6666666666666666,0.6666666666666666,0,0.6666666666666666,0.5,0.8333333333333334,0.6666666666666666,0.6666666666666666,0,0.6666666666666666,0.5,0.8333333333333334,0.6666666666666666,0.6666666666666666
1489,partial_completed__max_rounds,1,,3,2,4,1,1,5,4,4,16,16,4,0,0,0,s1a3_greedy,1,0,0.6301147118210793,0.6205546483397484,4,3,2,2,2,-1,0,0,0.3333333333333333,0.5,0.0,0.25,0.25,0,0.2222222222222222,0.6666666666666666,0.0,0.3333333333333333,0.4166666666666667,0,0.2222222222222222,0.5,0.0,0.25,0.5,0,0.2222222222222222,0.5,0.0,0.25,0.5
1490,no_strict_e1_improvement,0,,,,,1,0,4,4,4,15,15,4,0,0,-1,current,0,0,0.6242791588107744,0.6242791588107744,5,1,1,1,1,0,0,0,0.1111111111111111,0.16666666666666666,0.16666666666666666,0.16666666666666666,0.5,0,0.1111111111111111,0.16666666666666666,0.16666666666666666,0.16666666666666666,0.5,0,0.1111111111111111,0.16666666666666666,0.16666666666666666,0.16666666666666666,0.5,0,0.1111111111111111,0.16666666666666666,0.16666666666666666,0.16666666666666666,0.5
1491,no_strict_e1_improvement,0,,,,,1,0,1,1,1,1,1,4,0,0,-1,current,0,0,0.5854473784565926,0.5854473784565926,11,9,9,9,9,0,0,1,1.0,1.0,1.0,1.0,1.0,1,1.0,1.0,1.0,1.0,1.0,1,1.0,1.0,1.0,1.0,1.0,1,1.0,1.0,1.0,1.0,1.0
1492,no_strict_e1_improvement,0,,,,,1,0,2,2,2,8,8,4,0,0,-1,current,0,0,0.6003579124808311,0.6003579124808311,6,0,0,0,0,0,0,0,0.0,0.0,0.8333333333333334,0.4166666666666667,0.4166666666666667,0,0.0,0.0,0.8333333333333334,0.4166666666666667,0.4166666666666667,0,0.0,0.0,0.8333333333333334,0.4166666666666667,0.4166666666666667,0,0.0,0.0,0.8333333333333334,0.4166666666666667,0.4166666666666667
1493,max_rounds,0,,,,,1,1,3,2,2,8,8,4,0,-1,0,s1a3_greedy,1,0,0.6023054445783297,0.590898796916008,5,2,2,4,4,2,0,0,0.2222222222222222,0.16666666666666666,0.5,0.3333333333333333,0.4166666666666667,0,0.2222222222222222,0.16666666666666666,0.5,0.3333333333333333,0.4166666666666667,0,0.4444444444444444,0.16666666666666666,0.6666666666666666,0.4166666666666667,0.5,0,0.4444444444444444,0.16666666666666666,0.6666666666666666,0.4166666666666667,0.5
1494,no_strict_e1_improvement,0,,,,,1,0,4,4,4,16,16,4,0,0,-1,current,0,0,0.7816511914134026,0.7816511914134026,6,9,9,9,9,0,0,1,1.0,1.0,1.0,1.0,1.0,1,1.0,1.0,1.0,1.0,1.0,1,1.0,1.0,1.0,1.0,1.0,1,1.0,1.0,1.0,1.0,1.0
1495,no_strict_e1_improvement,0,,,,,1,0,1,1,1,1,1,4,0,0,-1,current,0,0,0.6442394579450289,0.6442394579450289,9,9,9,9,9,0,0,1,1.0,1.0,1.0,1.0,1.0,1,1.0,1.0,1.0,1.0,1.0,1,1.0,1.0,1.0,1.0,1.0,1,1.0,1.0,1.0,1.0,1.0
1496,no_strict_e1_improvement,0,,,,,1,0,1,1,1,1,1,4,0,0,-1,current,0,0,0.5912625715136528,0.5912625715136528,8,9,9,9,9,0,0,1,1.0,1.0,1.0,1.0,1.0,1,1.0,1.0,1.0,1.0,1.0,1,1.0,1.0,1.0,1.0,1.0,1,1.0,1.0,1.0,1.0,1.0
1497,no_strict_e1_improvement,0,,,,,1,0,1,1,1,1,1,4,0,0,-1,current,0,0,0.7020632376273473,0.7020632376273473,8,0,0,0,0,0,0,0,0.0,0.3333333333333333,0.5,0.4166666666666667,0.5,0,0.0,0.3333333333333333,0.5,0.4166666666666667,0.5,0,0.0,0.3333333333333333,0.5,0.4166666666666667,0.5,0,0.0,0.3333333333333333,0.5,0.4166666666666667,0.5
1498,no_strict_e1_improvement,0,,,,,1,0,1,1,1,1,1,4,0,0,-1,current,0,0,0.7116007804870605,0.7116007804870605,7,9,9,9,9,0,0,1,1.0,1.0,1.0,1.0,1.0,1,1.0,1.0,1.0,1.0,1.0,1,1.0,1.0,1.0,1.0,1.0,1,1.0,1.0,1.0,1.0,1.0
1499,no_strict_e1_improvement,0,,,,,1,0,1,1,1,1,1,4,0,0,-1,current,0,0,0.6802133917808533,0.6802133917808533,10,0,0,0,0,0,0,0,0.0,0.5,1.0,0.75,0.75,0,0.0,0.5,1.0,0.75,0.75,0,0.0,0.5,1.0,0.75,0.75,0,0.0,0.5,1.0,0.75,0.75
1500,no_strict_e1_improvement,0,,,,,1,0,1,1,1,1,1,4,0,0,-1,current,0,0,0.6377264360586802,0.6377264360586802,10,9,9,9,9,0,0,1,1.0,1.0,1.0,1.0,1.0,1,1.0,1.0,1.0,1.0,1.0,1,1.0,1.0,1.0,1.0,1.0,1,1.0,1.0,1.0,1.0,1.0
1501,max_rounds,0,,,,,1,1,3,2,2,5,5,4,0,0,0,s1a3_greedy,1,0,0.8069490020473798,0.7951945041616758,6,0,0,0,0,0,0,0,0.0,0.5,0.16666666666666666,0.3333333333333333,0.4166666666666667,0,0.0,0.5,0.16666666666666666,0.3333333333333333,0.4166666666666667,0,0.0,0.5,0.16666666666666666,0.3333333333333333,0.3333333333333333,0,0.0,0.5,0.16666666666666666,0.3333333333333333,0.3333333333333333
1502,no_strict_e1_improvement,0,,,,,1,0,1,1,1,1,1,4,0,0,-1,current,0,0,0.5908362989624342,0.5908362989624342,11,0,0,0,0,0,0,0,0.0,1.0,0.5,0.75,0.75,0,0.0,1.0,0.5,0.75,0.75,0,0.0,1.0,0.5,0.75,0.75,0,0.0,1.0,0.5,0.75,0.75
1503,max_rounds,0,,,,,1,1,3,2,2,6,6,4,0,0,0,s1a3_greedy,1,0,0.6630441968639692,0.533693328499794,6,7,7,9,9,2,0,0,0.7777777777777778,0.6666666666666666,0.6666666666666666,0.6666666666666666,0.75,0,0.7777777777777778,0.6666666666666666,0.6666666666666666,0.6666666666666666,0.75,1,1.0,1.0,1.0,1.0,1.0,1,1.0,1.0,1.0,1.0,1.0
1504,max_rounds,0,,,,,1,1,5,4,4,14,14,4,0,0,0,s1a3_greedy,1,0,0.9510759909947714,0.7009846121072769,8,6,6,9,9,3,0,0,0.6666666666666666,0.5,0.5,0.5,0.6666666666666666,0,0.6666666666666666,0.5,0.5,0.5,0.6666666666666666,1,1.0,1.0,1.0,1.0,1.0,1,1.0,1.0,1.0,1.0,1.0
1505,small_component,0,,,,,1,0,0,0,0,0,0,4,0,0,-1,current,0,0,0.9164709647496542,0.9164709647496542,6,1,1,1,1,0,0,0,0.1111111111111111,0.3333333333333333,0.16666666666666666,0.25,0.3333333333333333,0,0.1111111111111111,0.3333333333333333,0.16666666666666666,0.25,0.3333333333333333,0,0.1111111111111111,0.3333333333333333,0.16666666666666666,0.25,0.3333333333333333,0,0.1111111111111111,0.3333333333333333,0.16666666666666666,0.25,0.3333333333333333
1506,no_strict_e1_improvement,0,,,,,1,0,2,2,2,8,8,4,0,0,-1,current,0,0,0.5754747812946638,0.5754747812946638,7,1,1,1,1,0,0,0,0.1111111111111111,0.3333333333333333,0.3333333333333333,0.3333333333333333,0.5,0,0.1111111111111111,0.3333333333333333,0.3333333333333333,0.3333333333333333,0.5,0,0.1111111111111111,0.3333333333333333,0.3333333333333333,0.3333333333333333,0.5,0,0.1111111111111111,0.3333333333333333,0.3333333333333333,0.3333333333333333,0.5
1507,max_rounds,0,,,,,1,1,2,2,2,6,6,4,0,-1,0,s1a3_greedy,1,0,0.6623030230402946,0.655279777944088,9,9,9,0,0,-9,0,1,1.0,1.0,1.0,1.0,1.0,1,1.0,1.0,1.0,1.0,1.0,0,0.0,0.5,1.0,0.75,0.75,0,0.0,0.5,1.0,0.75,0.75
1508,no_strict_e1_improvement,0,,,,,1,0,1,1,1,1,1,4,0,0,-1,current,0,0,0.7273910343647003,0.7273910343647003,7,7,7,7,7,0,0,0,0.7777777777777778,0.6666666666666666,0.6666666666666666,0.6666666666666666,0.8333333333333334,0,0.7777777777777778,0.6666666666666666,0.6666666666666666,0.6666666666666666,0.8333333333333334,0,0.7777777777777778,0.6666666666666666,0.6666666666666666,0.6666666666666666,0.8333333333333334,0,0.7777777777777778,0.6666666666666666,0.6666666666666666,0.6666666666666666,0.8333333333333334
1509,no_strict_e1_improvement,0,,,,,1,0,1,1,1,1,1,4,0,0,-1,current,0,0,0.5314962044358253,0.5314962044358253,10,0,0,0,0,0,0,0,0.0,0.5,1.0,0.75,0.75,0,0.0,0.5,1.0,0.75,0.75,0,0.0,0.5,1.0,0.75,0.75,0,0.0,0.5,1.0,0.75,0.75
1510,no_strict_e1_improvement,0,,,,,1,0,1,1,1,1,1,4,0,0,-1,current,0,0,0.5474327926834425,0.5474327926834425,6,0,0,0,0,0,0,0,0.0,0.0,0.5,0.25,0.5,0,0.0,0.0,0.5,0.25,0.5,0,0.0,0.0,0.5,0.25,0.5,0,0.0,0.0,0.5,0.25,0.5
1511,max_rounds,0,,,,,1,1,5,4,4,16,16,4,1,1,1,profiled_beam,1,1,0.603057528535525,0.5385684172312418,5,0,0,1,0,0,-1,0,0.0,0.3333333333333333,0.0,0.16666666666666666,0.5,0,0.0,0.3333333333333333,0.0,0.16666666666666666,0.5,0,0.1111111111111111,0.3333333333333333,0.16666666666666666,0.25,0.5,0,0.0,0.16666666666666666,0.0,0.08333333333333333,0.25
1512,no_strict_e1_improvement,0,,,,,1,0,1,1,1,1,1,4,0,0,-1,current,0,0,0.5971484432617823,0.5971484432617823,5,0,0,0,0,0,0,0,0.0,0.0,0.8333333333333334,0.4166666666666667,0.4166666666666667,0,0.0,0.0,0.8333333333333334,0.4166666666666667,0.4166666666666667,0,0.0,0.0,0.8333333333333334,0.4166666666666667,0.4166666666666667,0,0.0,0.0,0.8333333333333334,0.4166666666666667,0.4166666666666667
1513,no_strict_e1_improvement,0,,,,,1,0,1,1,1,1,1,4,0,0,-1,current,0,0,0.5839382981260618,0.5839382981260618,8,0,0,0,0,0,0,0,0.0,0.16666666666666666,0.5,0.3333333333333333,0.4166666666666667,0,0.0,0.16666666666666666,0.5,0.3333333333333333,0.4166666666666667,0,0.0,0.16666666666666666,0.5,0.3333333333333333,0.4166666666666667,0,0.0,0.16666666666666666,0.5,0.3333333333333333,0.4166666666666667
1514,small_component,0,,,,,1,0,0,0,0,0,0,4,0,0,-1,current,0,0,0.7372734248638153,0.7372734248638153,8,2,2,2,2,0,0,0,0.2222222222222222,0.16666666666666666,0.6666666666666666,0.4166666666666667,0.5833333333333334,0,0.2222222222222222,0.16666666666666666,0.6666666666666666,0.4166666666666667,0.5833333333333334,0,0.2222222222222222,0.16666666666666666,0.6666666666666666,0.4166666666666667,0.5833333333333334,0,0.2222222222222222,0.16666666666666666,0.6666666666666666,0.4166666666666667,0.5833333333333334
1515,no_strict_e1_improvement,0,,,,,1,0,2,2,2,7,7,4,0,0,-1,current,0,0,0.7648232380549113,0.7648232380549113,8,6,6,6,6,0,0,0,0.6666666666666666,0.8333333333333334,0.5,0.6666666666666666,0.6666666666666666,0,0.6666666666666666,0.8333333333333334,0.5,0.6666666666666666,0.6666666666666666,0,0.6666666666666666,0.8333333333333334,0.5,0.6666666666666666,0.6666666666666666,0,0.6666666666666666,0.8333333333333334,0.5,0.6666666666666666,0.6666666666666666
1516,no_strict_e1_improvement,0,,,,,1,0,1,1,1,1,1,4,0,0,-1,current,0,0,0.5367623567581177,0.5367623567581177,11,9,9,9,9,0,0,1,1.0,1.0,1.0,1.0,1.0,1,1.0,1.0,1.0,1.0,1.0,1,1.0,1.0,1.0,1.0,1.0,1,1.0,1.0,1.0,1.0,1.0
1517,no_strict_e1_improvement,0,,,,,1,0,2,2,2,8,8,4,0,0,-1,current,0,0,0.5001341328024864,0.5001341328024864,4,9,9,9,9,0,0,1,1.0,1.0,1.0,1.0,1.0,1,1.0,1.0,1.0,1.0,1.0,1,1.0,1.0,1.0,1.0,1.0,1,1.0,1.0,1.0,1.0,1.0
1518,no_strict_e1_improvement,0,,,,,1,0,1,1,1,1,1,4,0,0,-1,current,0,0,0.5395313103993734,0.5395313103993734,11,0,0,0,0,0,0,0,0.0,0.5,1.0,0.75,0.75,0,0.0,0.5,1.0,0.75,0.75,0,0.0,0.5,1.0,0.75,0.75,0,0.0,0.5,1.0,0.75,0.75
1519,max_rounds,0,,,,,1,1,4,4,4,11,11,4,1,0,0,s1a3_greedy,1,0,0.7754943072795868,0.7430841426054636,6,0,0,0,0,0,0,0,0.0,0.5,0.5,0.5,0.5,0,0.0,0.5,0.5,0.5,0.5,0,0.0,0.5,1.0,0.75,0.75,0,0.0,0.5,1.0,0.75,0.75
1520,no_strict_e1_improvement,0,,,,,1,0,1,1,1,1,1,4,0,0,-1,current,0,0,0.5837026735146841,0.5837026735146841,4,0,0,0,0,0,0,0,0.0,0.5,0.16666666666666666,0.3333333333333333,0.4166666666666667,0,0.0,0.5,0.16666666666666666,0.3333333333333333,0.4166666666666667,0,0.0,0.5,0.16666666666666666,0.3333333333333333,0.4166666666666667,0,0.0,0.5,0.16666666666666666,0.3333333333333333,0.4166666666666667
1521,no_strict_e1_improvement,0,,,,,1,0,1,1,1,1,1,4,0,0,-1,current,0,0,0.5988803754250208,0.5988803754250208,8,9,9,9,9,0,0,1,1.0,1.0,1.0,1.0,1.0,1,1.0,1.0,1.0,1.0,1.0,1,1.0,1.0,1.0,1.0,1.0,1,1.0,1.0,1.0,1.0,1.0
1522,partial_completed__max_rounds,1,,3,2,4,1,1,4,4,4,16,16,4,0,1,1,profiled_beam,1,1,0.6872529089450836,0.6061700756351153,7,0,0,0,9,9,9,0,0.0,0.3333333333333333,0.5,0.4166666666666667,0.4166666666666667,0,0.0,0.3333333333333333,0.6666666666666666,0.5,0.5,0,0.0,0.3333333333333333,0.6666666666666666,0.5,0.5,1,1.0,1.0,1.0,1.0,1.0
1523,partial_completed__max_rounds,1,,3,2,4,1,1,5,4,4,13,13,4,0,0,0,s1a3_greedy,1,0,0.8622128764788309,0.7719386915365855,3,0,0,3,3,3,0,0,0.0,0.16666666666666666,0.16666666666666666,0.16666666666666666,0.3333333333333333,0,0.0,0.16666666666666666,0.3333333333333333,0.25,0.4166666666666667,0,0.3333333333333333,0.0,0.5,0.25,0.4166666666666667,0,0.3333333333333333,0.0,0.5,0.25,0.4166666666666667
1524,no_strict_e1_improvement,0,,,,,1,0,1,1,1,1,1,4,0,0,-1,current,0,0,0.45095036551356316,0.45095036551356316,10,0,0,0,0,0,0,0,0.0,1.0,0.5,0.75,0.75,0,0.0,1.0,0.5,0.75,0.75,0,0.0,1.0,0.5,0.75,0.75,0,0.0,1.0,0.5,0.75,0.75
1525,max_rounds,0,,,,,1,1,5,4,4,12,12,4,-1,0,0,s1a3_greedy,1,0,0.7699858273069063,0.6552187924583753,5,2,2,3,3,1,0,0,0.2222222222222222,0.6666666666666666,0.16666666666666666,0.4166666666666667,0.5833333333333334,0,0.2222222222222222,0.6666666666666666,0.16666666666666666,0.4166666666666667,0.5833333333333334,0,0.3333333333333333,1.0,0.0,0.5,0.75,0,0.3333333333333333,1.0,0.0,0.5,0.75
1526,no_strict_e1_improvement,0,,,,,1,0,4,4,4,12,12,4,0,0,-1,current,0,0,0.6823030710220337,0.6823030710220337,8,0,0,0,0,0,0,0,0.0,0.5,1.0,0.75,0.75,0,0.0,0.5,1.0,0.75,0.75,0,0.0,0.5,1.0,0.75,0.75,0,0.0,0.5,1.0,0.75,0.75
1527,no_strict_e1_improvement,0,,,,,1,0,1,1,1,1,1,4,0,0,-1,current,0,0,0.6893546531597773,0.6893546531597773,8,9,9,9,9,0,0,1,1.0,1.0,1.0,1.0,1.0,1,1.0,1.0,1.0,1.0,1.0,1,1.0,1.0,1.0,1.0,1.0,1,1.0,1.0,1.0,1.0,1.0
1528,small_component,0,,,,,1,0,0,0,0,0,0,4,0,0,-1,current,0,0,0.8904203772544861,0.8904203772544861,5,0,0,0,0,0,0,0,0.0,0.3333333333333333,0.16666666666666666,0.25,0.3333333333333333,0,0.0,0.3333333333333333,0.16666666666666666,0.25,0.3333333333333333,0,0.0,0.3333333333333333,0.16666666666666666,0.25,0.3333333333333333,0,0.0,0.3333333333333333,0.16666666666666666,0.25,0.3333333333333333
1529,no_strict_e1_improvement,0,,,,,1,0,1,1,1,1,1,4,0,0,-1,current,0,0,0.6814133822917938,0.6814133822917938,6,0,0,0,0,0,0,0,0.0,0.16666666666666666,0.5,0.3333333333333333,0.5,0,0.0,0.16666666666666666,0.5,0.3333333333333333,0.5,0,0.0,0.16666666666666666,0.5,0.3333333333333333,0.5,0,0.0,0.16666666666666666,0.5,0.3333333333333333,0.5
1530,small_component,0,,,,,1,0,0,0,0,0,0,4,0,0,-1,current,0,0,0.48447342092792195,0.48447342092792195,5,1,1,1,1,0,0,0,0.1111111111111111,0.0,0.16666666666666666,0.08333333333333333,0.25,0,0.1111111111111111,0.0,0.16666666666666666,0.08333333333333333,0.25,0,0.1111111111111111,0.0,0.16666666666666666,0.08333333333333333,0.25,0,0.1111111111111111,0.0,0.16666666666666666,0.08333333333333333,0.25
1531,no_strict_e1_improvement,0,,,,,1,0,1,1,1,1,1,4,0,0,-1,current,0,0,0.6728141531348228,0.6728141531348228,8,0,0,0,0,0,0,0,0.0,1.0,0.5,0.75,0.75,0,0.0,1.0,0.5,0.75,0.75,0,0.0,1.0,0.5,0.75,0.75,0,0.0,1.0,0.5,0.75,0.75
1532,small_component,0,,,,,1,0,0,0,0,0,0,4,0,0,-1,current,0,0,0.6936560521523157,0.6936560521523157,8,0,0,0,0,0,0,0,0.0,0.5,1.0,0.75,0.75,0,0.0,0.5,1.0,0.75,0.75,0,0.0,0.5,1.0,0.75,0.75,0,0.0,0.5,1.0,0.75,0.75
1533,max_rounds,0,,,,,1,1,3,2,2,7,7,4,0,0,1,profiled_beam,1,1,0.5862143039703369,0.5419851417342821,6,6,6,7,9,3,2,0,0.6666666666666666,0.5,0.8333333333333334,0.6666666666666666,0.6666666666666666,0,0.6666666666666666,0.5,0.8333333333333334,0.6666666666666666,0.6666666666666666,0,0.7777777777777778,0.6666666666666666,0.6666666666666666,0.6666666666666666,0.75,1,1.0,1.0,1.0,1.0,1.0
1534,no_strict_e1_improvement,0,,,,,1,0,1,1,1,1,1,4,0,0,-1,current,0,0,0.7269329726696014,0.7269329726696014,7,9,9,9,9,0,0,1,1.0,1.0,1.0,1.0,1.0,1,1.0,1.0,1.0,1.0,1.0,1,1.0,1.0,1.0,1.0,1.0,1,1.0,1.0,1.0,1.0,1.0
1535,no_strict_e1_improvement,0,,,,,1,0,1,1,1,1,1,4,0,0,-1,current,0,0,0.6303335875272751,0.6303335875272751,10,9,9,9,9,0,0,1,1.0,1.0,1.0,1.0,1.0,1,1.0,1.0,1.0,1.0,1.0,1,1.0,1.0,1.0,1.0,1.0,1,1.0,1.0,1.0,1.0,1.0
1536,no_strict_e1_improvement,0,,,,,1,0,1,1,1,1,1,4,0,0,-1,current,0,0,0.7323614656925201,0.7323614656925201,6,3,3,3,3,0,0,0,0.3333333333333333,0.0,1.0,0.5,0.75,0,0.3333333333333333,0.0,1.0,0.5,0.75,0,0.3333333333333333,0.0,1.0,0.5,0.75,0,0.3333333333333333,0.0,1.0,0.5,0.75
1537,no_strict_e1_improvement,0,,,,,1,0,1,1,1,1,1,4,0,0,-1,current,0,0,0.6164336750904719,0.6164336750904719,7,0,0,0,0,0,0,0,0.0,0.5,0.5,0.5,0.5,0,0.0,0.5,0.5,0.5,0.5,0,0.0,0.5,0.5,0.5,0.5,0,0.0,0.5,0.5,0.5,0.5
1538,max_rounds,0,,,,,1,1,5,4,4,15,15,4,0,-1,1,profiled_beam,1,1,0.9192850738763809,0.8564334958791733,4,0,0,0,2,2,2,0,0.0,0.0,0.3333333333333333,0.16666666666666666,0.4166666666666667,0,0.0,0.0,0.3333333333333333,0.16666666666666666,0.4166666666666667,0,0.0,0.3333333333333333,0.5,0.4166666666666667,0.5833333333333334,0,0.2222222222222222,0.5,0.3333333333333333,0.4166666666666667,0.5
1539,no_strict_e1_improvement,0,,,,,1,0,1,1,1,1,1,4,0,0,-1,current,0,0,0.5187604054808617,0.5187604054808617,7,9,9,9,9,0,0,1,1.0,1.0,1.0,1.0,1.0,1,1.0,1.0,1.0,1.0,1.0,1,1.0,1.0,1.0,1.0,1.0,1,1.0,1.0,1.0,1.0,1.0
1540,max_rounds,0,,,,,1,1,3,2,2,6,6,4,0,1,0,s1a3_greedy,1,0,0.7369731590151787,0.55504127095143,10,0,0,0,0,0,0,0,0.0,0.0,0.8333333333333334,0.4166666666666667,0.4166666666666667,0,0.0,0.0,0.8333333333333334,0.4166666666666667,0.4166666666666667,0,0.0,0.5,1.0,0.75,0.75,0,0.0,0.5,1.0,0.75,0.75
1541,max_rounds,0,,,,,1,1,3,2,2,7,7,4,0,0,1,profiled_beam,1,1,0.7723894889156023,0.7139328941702843,6,0,0,0,0,0,0,0,0.0,0.5,0.5,0.5,0.5,0,0.0,0.5,0.5,0.5,0.5,0,0.0,0.5,1.0,0.75,0.75,0,0.0,0.5,0.5,0.5,0.5
1542,no_strict_e1_improvement,0,,,,,1,0,1,1,1,1,1,4,0,0,-1,current,0,0,0.6292523890733719,0.6292523890733719,6,0,0,0,0,0,0,0,0.0,0.5,1.0,0.75,0.75,0,0.0,0.5,1.0,0.75,0.75,0,0.0,0.5,1.0,0.75,0.75,0,0.0,0.5,1.0,0.75,0.75
1543,no_strict_e1_improvement,0,,,,,1,0,1,1,1,1,1,4,0,0,-1,current,0,0,0.5400256812572479,0.5400256812572479,6,2,2,2,2,0,0,0,0.2222222222222222,0.16666666666666666,0.6666666666666666,0.4166666666666667,0.5833333333333334,0,0.2222222222222222,0.16666666666666666,0.6666666666666666,0.4166666666666667,0.5833333333333334,0,0.2222222222222222,0.16666666666666666,0.6666666666666666,0.4166666666666667,0.5833333333333334,0,0.2222222222222222,0.16666666666666666,0.6666666666666666,0.4166666666666667,0.5833333333333334
1544,no_strict_e1_improvement,0,,,,,1,0,1,1,1,1,1,4,0,0,-1,current,0,0,0.5233454331755638,0.5233454331755638,11,0,0,0,0,0,0,0,0.0,1.0,0.5,0.75,0.75,0,0.0,1.0,0.5,0.75,0.75,0,0.0,1.0,0.5,0.75,0.75,0,0.0,1.0,0.5,0.75,0.75
1545,no_strict_e1_improvement,0,,,,,1,0,1,1,1,1,1,4,0,0,-1,current,0,0,0.579215536514918,0.579215536514918,12,9,9,9,9,0,0,1,1.0,1.0,1.0,1.0,1.0,1,1.0,1.0,1.0,1.0,1.0,1,1.0,1.0,1.0,1.0,1.0,1,1.0,1.0,1.0,1.0,1.0
1546,no_strict_e1_improvement,0,,,,,1,0,1,1,1,1,1,4,0,0,-1,current,0,0,0.49580757319927216,0.49580757319927216,10,9,9,9,9,0,0,1,1.0,1.0,1.0,1.0,1.0,1,1.0,1.0,1.0,1.0,1.0,1,1.0,1.0,1.0,1.0,1.0,1,1.0,1.0,1.0,1.0,1.0
1547,no_strict_e1_improvement,0,,,,,1,0,1,1,1,1,1,4,0,0,-1,current,0,0,0.6114916279911995,0.6114916279911995,9,0,0,0,0,0,0,0,0.0,0.5,1.0,0.75,0.75,0,0.0,0.5,1.0,0.75,0.75,0,0.0,0.5,1.0,0.75,0.75,0,0.0,0.5,1.0,0.75,0.75
1548,no_strict_e1_improvement,0,,,,,1,0,1,1,1,1,1,4,0,0,-1,current,0,0,0.5803343032797178,0.5803343032797178,10,0,0,0,0,0,0,0,0.0,0.5,1.0,0.75,0.75,0,0.0,0.5,1.0,0.75,0.75,0,0.0,0.5,1.0,0.75,0.75,0,0.0,0.5,1.0,0.75,0.75
1549,max_rounds,0,,,,,1,1,3,2,2,6,6,4,1,0,0,s1a3_greedy,1,0,0.8003246585528055,0.7388414641221365,8,0,0,0,0,0,0,0,0.0,0.3333333333333333,0.5,0.4166666666666667,0.5,0,0.0,0.3333333333333333,0.5,0.4166666666666667,0.5,0,0.0,0.5,1.0,0.75,0.75,0,0.0,0.5,1.0,0.75,0.75
1550,max_rounds,0,,,,,1,1,5,4,4,16,16,4,-1,0,1,profiled_beam,1,1,0.769779846072197,0.7348682930072149,5,1,1,1,1,0,0,0,0.1111111111111111,0.16666666666666666,0.0,0.08333333333333333,0.16666666666666666,0,0.1111111111111111,0.16666666666666666,0.0,0.08333333333333333,0.16666666666666666,0,0.1111111111111111,0.0,0.16666666666666666,0.08333333333333333,0.25,0,0.1111111111111111,0.16666666666666666,0.0,0.08333333333333333,0.25
1551,no_strict_e1_improvement,0,,,,,1,0,1,1,1,1,1,4,0,0,-1,current,0,0,0.4631674587726593,0.4631674587726593,10,9,9,9,9,0,0,1,1.0,1.0,1.0,1.0,1.0,1,1.0,1.0,1.0,1.0,1.0,1,1.0,1.0,1.0,1.0,1.0,1,1.0,1.0,1.0,1.0,1.0
1552,no_strict_e1_improvement,0,,,,,1,0,1,1,1,1,1,4,0,0,-1,current,0,0,0.74345563352108,0.74345563352108,9,0,0,0,0,0,0,0,0.0,0.6666666666666666,0.5,0.5833333333333334,0.6666666666666666,0,0.0,0.6666666666666666,0.5,0.5833333333333334,0.6666666666666666,0,0.0,0.6666666666666666,0.5,0.5833333333333334,0.6666666666666666,0,0.0,0.6666666666666666,0.5,0.5833333333333334,0.6666666666666666
1553,no_strict_e1_improvement,0,,,,,1,0,1,1,1,1,1,4,0,0,-1,current,0,0,0.6003125881155332,0.6003125881155332,7,0,0,0,0,0,0,0,0.0,0.5,0.5,0.5,0.5,0,0.0,0.5,0.5,0.5,0.5,0,0.0,0.5,0.5,0.5,0.5,0,0.0,0.5,0.5,0.5,0.5
1554,no_strict_e1_improvement,0,,,,,1,0,1,1,1,1,1,4,0,0,-1,current,0,0,0.6230840881665548,0.6230840881665548,8,9,9,9,9,0,0,1,1.0,1.0,1.0,1.0,1.0,1,1.0,1.0,1.0,1.0,1.0,1,1.0,1.0,1.0,1.0,1.0,1,1.0,1.0,1.0,1.0,1.0
1555,small_component,0,,,,,1,0,0,0,0,0,0,4,0,0,-1,current,0,0,1.0568413436412811,1.0568413436412811,3,1,1,1,1,0,0,0,0.1111111111111111,0.16666666666666666,0.3333333333333333,0.25,0.5,0,0.1111111111111111,0.16666666666666666,0.3333333333333333,0.25,0.5,0,0.1111111111111111,0.16666666666666666,0.3333333333333333,0.25,0.5,0,0.1111111111111111,0.16666666666666666,0.3333333333333333,0.25,0.5
1556,no_strict_e1_improvement,0,,,,,1,0,4,4,4,13,13,4,0,0,-1,current,0,0,0.5004191969831785,0.5004191969831785,8,9,9,9,9,0,0,1,1.0,1.0,1.0,1.0,1.0,1,1.0,1.0,1.0,1.0,1.0,1,1.0,1.0,1.0,1.0,1.0,1,1.0,1.0,1.0,1.0,1.0
1557,max_rounds,0,,,,,1,1,5,4,4,12,12,4,1,0,0,s1a3_greedy,1,0,0.6615704769889513,0.6054801866412163,6,0,0,0,0,0,0,0,0.0,0.16666666666666666,0.3333333333333333,0.25,0.4166666666666667,0,0.0,0.16666666666666666,0.3333333333333333,0.25,0.4166666666666667,0,0.0,0.16666666666666666,0.3333333333333333,0.25,0.3333333333333333,0,0.0,0.16666666666666666,0.3333333333333333,0.25,0.3333333333333333
1558,no_strict_e1_improvement,0,,,,,1,0,1,1,1,1,1,4,0,0,-1,current,0,0,0.6959744567672411,0.6959744567672411,10,0,0,0,0,0,0,0,0.0,0.5,1.0,0.75,0.75,0,0.0,0.5,1.0,0.75,0.75,0,0.0,0.5,1.0,0.75,0.75,0,0.0,0.5,1.0,0.75,0.75
1559,small_component,0,,,,,1,0,0,0,0,0,0,4,0,0,-1,current,0,0,0.8379473735888799,0.8379473735888799,4,3,3,3,3,0,0,0,0.3333333333333333,0.16666666666666666,0.16666666666666666,0.16666666666666666,0.3333333333333333,0,0.3333333333333333,0.16666666666666666,0.16666666666666666,0.16666666666666666,0.3333333333333333,0,0.3333333333333333,0.16666666666666666,0.16666666666666666,0.16666666666666666,0.3333333333333333,0,0.3333333333333333,0.16666666666666666,0.16666666666666666,0.16666666666666666,0.3333333333333333
1560,max_rounds,0,,,,,1,1,3,2,2,8,8,4,0,0,1,profiled_beam,1,1,0.5214519426226616,0.4979346493879954,5,0,0,0,0,0,0,0,0.0,0.5,0.8333333333333334,0.6666666666666666,0.6666666666666666,0,0.0,0.5,0.8333333333333334,0.6666666666666666,0.6666666666666666,0,0.0,0.5,0.6666666666666666,0.5833333333333334,0.75,0,0.0,0.5,0.6666666666666666,0.5833333333333334,0.6666666666666666
1561,no_strict_e1_improvement,0,,,,,1,0,4,4,4,14,14,4,0,0,-1,current,0,0,0.730990931391716,0.730990931391716,8,9,9,9,9,0,0,1,1.0,1.0,1.0,1.0,1.0,1,1.0,1.0,1.0,1.0,1.0,1,1.0,1.0,1.0,1.0,1.0,1,1.0,1.0,1.0,1.0,1.0
1562,partial_completed__small_component,1,,3,2,4,1,0,0,0,0,0,0,4,0,0,-1,current,1,0,0.8789670939246813,0.8789670939246813,5,0,2,2,2,2,0,0,0.0,0.16666666666666666,0.0,0.08333333333333333,0.25,0,0.2222222222222222,0.3333333333333333,0.0,0.16666666666666666,0.4166666666666667,0,0.2222222222222222,0.3333333333333333,0.0,0.16666666666666666,0.4166666666666667,0,0.2222222222222222,0.3333333333333333,0.0,0.16666666666666666,0.4166666666666667
1563,max_rounds,0,,,,,1,1,4,4,4,14,14,4,1,1,0,s1a3_greedy,1,0,0.7104221110542616,0.675792895257473,8,0,0,0,0,0,0,0,0.0,0.5,0.5,0.5,0.5,0,0.0,0.5,0.5,0.5,0.5,0,0.0,0.6666666666666666,0.5,0.5833333333333334,0.5833333333333334,0,0.0,0.6666666666666666,0.5,0.5833333333333334,0.5833333333333334
1564,no_strict_e1_improvement,0,,,,,1,0,1,1,1,1,1,4,0,0,-1,current,0,0,0.6298840790987015,0.6298840790987015,11,9,9,9,9,0,0,1,1.0,1.0,1.0,1.0,1.0,1,1.0,1.0,1.0,1.0,1.0,1,1.0,1.0,1.0,1.0,1.0,1,1.0,1.0,1.0,1.0,1.0
1565,max_rounds,0,,,,,1,1,2,2,2,6,6,4,-1,0,0,s1a3_greedy,1,0,0.7267899066209793,0.603193665544192,8,0,0,9,9,9,0,0,0.0,0.8333333333333334,0.5,0.6666666666666666,0.6666666666666666,0,0.0,0.8333333333333334,0.5,0.6666666666666666,0.6666666666666666,1,1.0,1.0,1.0,1.0,1.0,1,1.0,1.0,1.0,1.0,1.0
1566,no_strict_e1_improvement,0,,,,,1,0,1,1,1,1,1,4,0,0,-1,current,0,0,0.5515954221288363,0.5515954221288363,7,0,0,0,0,0,0,0,0.0,0.5,1.0,0.75,0.75,0,0.0,0.5,1.0,0.75,0.75,0,0.0,0.5,1.0,0.75,0.75,0,0.0,0.5,1.0,0.75,0.75
1567,small_component,0,,,,,1,0,0,0,0,0,0,4,0,0,-1,current,0,0,0.7616881430149078,0.7616881430149078,6,0,0,0,0,0,0,0,0.0,0.16666666666666666,0.6666666666666666,0.4166666666666667,0.5833333333333334,0,0.0,0.16666666666666666,0.6666666666666666,0.4166666666666667,0.5833333333333334,0,0.0,0.16666666666666666,0.6666666666666666,0.4166666666666667,0.5833333333333334,0,0.0,0.16666666666666666,0.6666666666666666,0.4166666666666667,0.5833333333333334
1568,small_component,0,,,,,1,0,0,0,0,0,0,4,0,0,-1,current,0,0,0.6135686685641607,0.6135686685641607,6,0,0,0,0,0,0,0,0.0,0.3333333333333333,0.3333333333333333,0.3333333333333333,0.4166666666666667,0,0.0,0.3333333333333333,0.3333333333333333,0.3333333333333333,0.4166666666666667,0,0.0,0.3333333333333333,0.3333333333333333,0.3333333333333333,0.4166666666666667,0,0.0,0.3333333333333333,0.3333333333333333,0.3333333333333333,0.4166666666666667
1569,max_rounds,0,,,,,1,1,2,2,2,6,6,4,-1,0,0,s1a3_greedy,1,0,0.7619440803925196,0.5961631089448929,8,0,0,9,9,9,0,0,0.0,0.8333333333333334,0.5,0.6666666666666666,0.6666666666666666,0,0.0,0.8333333333333334,0.5,0.6666666666666666,0.6666666666666666,1,1.0,1.0,1.0,1.0,1.0,1,1.0,1.0,1.0,1.0,1.0
1570,max_rounds,0,,,,,1,1,5,4,4,15,15,4,0,0,1,profiled_beam,1,1,0.7426613519589106,0.7093202918767929,5,5,5,5,4,-1,-1,0,0.5555555555555556,0.16666666666666666,0.3333333333333333,0.25,0.5,0,0.5555555555555556,0.16666666666666666,0.3333333333333333,0.25,0.5,0,0.5555555555555556,0.16666666666666666,0.3333333333333333,0.25,0.5,0,0.4444444444444444,0.16666666666666666,0.6666666666666666,0.4166666666666667,0.5
1571,max_rounds,0,,,,,1,1,5,4,4,9,9,4,-1,-1,0,s1a3_greedy,1,0,0.7685119062662125,0.7253815258542696,6,0,0,0,0,0,0,0,0.0,0.16666666666666666,0.6666666666666666,0.4166666666666667,0.5,0,0.0,0.16666666666666666,0.6666666666666666,0.4166666666666667,0.5,0,0.0,0.5,0.3333333333333333,0.4166666666666667,0.5,0,0.0,0.5,0.3333333333333333,0.4166666666666667,0.5
1572,small_component,0,,,,,1,0,0,0,0,0,0,4,0,0,-1,current,0,0,0.9219294662276903,0.9219294662276903,4,2,2,2,2,0,0,0,0.2222222222222222,0.16666666666666666,0.16666666666666666,0.16666666666666666,0.3333333333333333,0,0.2222222222222222,0.16666666666666666,0.16666666666666666,0.16666666666666666,0.3333333333333333,0,0.2222222222222222,0.16666666666666666,0.16666666666666666,0.16666666666666666,0.3333333333333333,0,0.2222222222222222,0.16666666666666666,0.16666666666666666,0.16666666666666666,0.3333333333333333
1573,max_rounds,0,,,,,1,1,4,4,4,15,15,4,-1,1,1,profiled_beam,1,1,0.727089136838913,0.6707196533679962,5,1,1,5,7,6,2,0,0.1111111111111111,0.3333333333333333,0.16666666666666666,0.25,0.3333333333333333,0,0.1111111111111111,0.3333333333333333,0.16666666666666666,0.25,0.3333333333333333,0,0.5555555555555556,0.3333333333333333,0.3333333333333333,0.3333333333333333,0.5,0,0.7777777777777778,0.6666666666666666,0.6666666666666666,0.6666666666666666,0.75
1574,max_rounds,0,,,,,1,1,3,2,2,7,7,4,0,0,0,s1a3_greedy,1,0,0.6929884230097135,0.6504230375091234,7,7,7,9,9,2,0,0,0.7777777777777778,0.6666666666666666,0.6666666666666666,0.6666666666666666,0.75,0,0.7777777777777778,0.6666666666666666,0.6666666666666666,0.6666666666666666,0.75,1,1.0,1.0,1.0,1.0,1.0,1,1.0,1.0,1.0,1.0,1.0
1575,no_strict_e1_improvement,0,,,,,1,0,2,2,2,6,6,4,0,0,-1,current,0,0,0.4882212107380231,0.4882212107380231,7,3,3,3,3,0,0,0,0.3333333333333333,0.6666666666666666,0.5,0.5833333333333334,0.5833333333333334,0,0.3333333333333333,0.6666666666666666,0.5,0.5833333333333334,0.5833333333333334,0,0.3333333333333333,0.6666666666666666,0.5,0.5833333333333334,0.5833333333333334,0,0.3333333333333333,0.6666666666666666,0.5,0.5833333333333334,0.5833333333333334
1576,no_strict_e1_improvement,0,,,,,1,0,1,1,1,1,1,4,0,0,-1,current,0,0,0.8193794141213099,0.8193794141213099,9,0,0,0,0,0,0,0,0.0,0.5,1.0,0.75,0.75,0,0.0,0.5,1.0,0.75,0.75,0,0.0,0.5,1.0,0.75,0.75,0,0.0,0.5,1.0,0.75,0.75
1577,no_strict_e1_improvement,0,,,,,1,0,1,1,1,1,1,4,0,0,-1,current,0,0,0.5369413631657759,0.5369413631657759,8,9,9,9,9,0,0,1,1.0,1.0,1.0,1.0,1.0,1,1.0,1.0,1.0,1.0,1.0,1,1.0,1.0,1.0,1.0,1.0,1,1.0,1.0,1.0,1.0,1.0
1578,max_rounds,0,,,,,1,1,5,4,4,15,15,4,0,0,1,profiled_beam,1,1,0.6911291455229124,0.6294198259711266,8,6,6,6,9,3,3,0,0.6666666666666666,0.8333333333333334,0.5,0.6666666666666666,0.6666666666666666,0,0.6666666666666666,0.8333333333333334,0.5,0.6666666666666666,0.6666666666666666,0,0.6666666666666666,0.8333333333333334,0.5,0.6666666666666666,0.6666666666666666,1,1.0,1.0,1.0,1.0,1.0
1579,no_strict_e1_improvement,0,,,,,1,0,4,4,4,13,13,4,0,0,-1,current,0,0,0.7479214196403822,0.7479214196403822,7,0,0,0,0,0,0,0,0.0,0.5,0.3333333333333333,0.4166666666666667,0.5833333333333334,0,0.0,0.5,0.3333333333333333,0.4166666666666667,0.5833333333333334,0,0.0,0.5,0.3333333333333333,0.4166666666666667,0.5833333333333334,0,0.0,0.5,0.3333333333333333,0.4166666666666667,0.5833333333333334
1580,no_strict_e1_improvement,0,,,,,1,0,1,1,1,1,1,4,0,0,-1,current,0,0,0.652398352821668,0.652398352821668,9,9,9,9,9,0,0,1,1.0,1.0,1.0,1.0,1.0,1,1.0,1.0,1.0,1.0,1.0,1,1.0,1.0,1.0,1.0,1.0,1,1.0,1.0,1.0,1.0,1.0
1581,no_strict_e1_improvement,0,,,,,1,0,1,1,1,1,1,4,0,0,-1,current,0,0,0.6909230599800745,0.6909230599800745,8,3,3,3,3,0,0,0,0.3333333333333333,0.0,1.0,0.5,0.75,0,0.3333333333333333,0.0,1.0,0.5,0.75,0,0.3333333333333333,0.0,1.0,0.5,0.75,0,0.3333333333333333,0.0,1.0,0.5,0.75
1582,no_strict_e1_improvement,0,,,,,1,0,1,1,1,1,1,4,0,0,-1,current,0,0,0.5380183706680933,0.5380183706680933,12,9,9,9,9,0,0,1,1.0,1.0,1.0,1.0,1.0,1,1.0,1.0,1.0,1.0,1.0,1,1.0,1.0,1.0,1.0,1.0,1,1.0,1.0,1.0,1.0,1.0
1583,no_strict_e1_improvement,0,,,,,1,0,1,1,1,1,1,4,0,0,-1,current,0,0,0.7043919910987219,0.7043919910987219,10,0,0,0,0,0,0,0,0.0,0.5,1.0,0.75,0.75,0,0.0,0.5,1.0,0.75,0.75,0,0.0,0.5,1.0,0.75,0.75,0,0.0,0.5,1.0,0.75,0.75
1584,small_component,0,,,,,1,0,0,0,0,0,0,4,0,0,-1,current,0,0,0.4101288840174675,0.4101288840174675,6,6,6,6,6,0,0,0,0.6666666666666666,0.0,0.8333333333333334,0.4166666666666667,0.4166666666666667,0,0.6666666666666666,0.0,0.8333333333333334,0.4166666666666667,0.4166666666666667,0,0.6666666666666666,0.0,0.8333333333333334,0.4166666666666667,0.4166666666666667,0,0.6666666666666666,0.0,0.8333333333333334,0.4166666666666667,0.4166666666666667
1585,no_strict_e1_improvement,0,,,,,1,0,2,2,2,8,8,4,0,0,-1,current,0,0,0.6843135717014471,0.6843135717014471,7,0,0,0,0,0,0,0,0.0,0.5,1.0,0.75,0.75,0,0.0,0.5,1.0,0.75,0.75,0,0.0,0.5,1.0,0.75,0.75,0,0.0,0.5,1.0,0.75,0.75
1586,small_component,0,,,,,1,0,0,0,0,0,0,4,0,0,-1,current,0,0,0.7406289801001549,0.7406289801001549,7,0,0,0,0,0,0,0,0.0,0.0,0.6666666666666666,0.3333333333333333,0.3333333333333333,0,0.0,0.0,0.6666666666666666,0.3333333333333333,0.3333333333333333,0,0.0,0.0,0.6666666666666666,0.3333333333333333,0.3333333333333333,0,0.0,0.0,0.6666666666666666,0.3333333333333333,0.3333333333333333
1587,no_strict_e1_improvement,0,,,,,1,0,1,1,1,1,1,4,0,0,-1,current,0,0,0.6190831636389097,0.6190831636389097,8,0,0,0,0,0,0,0,0.0,0.5,1.0,0.75,0.75,0,0.0,0.5,1.0,0.75,0.75,0,0.0,0.5,1.0,0.75,0.75,0,0.0,0.5,1.0,0.75,0.75
1588,no_strict_e1_improvement,0,,,,,1,0,1,1,1,1,1,4,0,0,-1,current,0,0,0.6414153054356575,0.6414153054356575,7,9,9,9,9,0,0,1,1.0,1.0,1.0,1.0,1.0,1,1.0,1.0,1.0,1.0,1.0,1,1.0,1.0,1.0,1.0,1.0,1,1.0,1.0,1.0,1.0,1.0
1589,no_strict_e1_improvement,0,,,,,1,0,1,1,1,1,1,4,0,0,-1,current,0,0,0.7602209995190302,0.7602209995190302,7,9,9,9,9,0,0,1,1.0,1.0,1.0,1.0,1.0,1,1.0,1.0,1.0,1.0,1.0,1,1.0,1.0,1.0,1.0,1.0,1,1.0,1.0,1.0,1.0,1.0
1590,no_strict_e1_improvement,0,,,,,1,0,1,1,1,1,1,4,0,0,-1,current,0,0,0.6363030970096588,0.6363030970096588,9,0,0,0,0,0,0,0,0.0,0.5,1.0,0.75,0.75,0,0.0,0.5,1.0,0.75,0.75,0,0.0,0.5,1.0,0.75,0.75,0,0.0,0.5,1.0,0.75,0.75
1591,no_strict_e1_improvement,0,,,,,1,0,1,1,1,1,1,4,0,0,-1,current,0,0,0.5791588972012202,0.5791588972012202,9,0,0,0,0,0,0,0,0.0,0.5,1.0,0.75,0.75,0,0.0,0.5,1.0,0.75,0.75,0,0.0,0.5,1.0,0.75,0.75,0,0.0,0.5,1.0,0.75,0.75
1592,small_component,0,,,,,1,0,0,0,0,0,0,4,0,0,-1,current,0,0,0.7230289280414581,0.7230289280414581,5,2,2,2,2,0,0,0,0.2222222222222222,0.3333333333333333,0.0,0.16666666666666666,0.25,0,0.2222222222222222,0.3333333333333333,0.0,0.16666666666666666,0.25,0,0.2222222222222222,0.3333333333333333,0.0,0.16666666666666666,0.25,0,0.2222222222222222,0.3333333333333333,0.0,0.16666666666666666,0.25
1593,no_strict_e1_improvement,0,,,,,1,0,1,1,1,1,1,4,0,0,-1,current,0,0,0.4451855421066284,0.4451855421066284,9,9,9,9,9,0,0,1,1.0,1.0,1.0,1.0,1.0,1,1.0,1.0,1.0,1.0,1.0,1,1.0,1.0,1.0,1.0,1.0,1,1.0,1.0,1.0,1.0,1.0
1594,no_strict_e1_improvement,0,,,,,1,0,1,1,1,1,1,4,0,0,-1,current,0,0,0.7028758078813553,0.7028758078813553,9,6,6,6,6,0,0,0,0.6666666666666666,0.8333333333333334,0.5,0.6666666666666666,0.6666666666666666,0,0.6666666666666666,0.8333333333333334,0.5,0.6666666666666666,0.6666666666666666,0,0.6666666666666666,0.8333333333333334,0.5,0.6666666666666666,0.6666666666666666,0,0.6666666666666666,0.8333333333333334,0.5,0.6666666666666666,0.6666666666666666
1595,no_strict_e1_improvement,0,,,,,1,0,1,1,1,1,1,4,0,0,-1,current,0,0,0.5943959429860115,0.5943959429860115,7,0,0,0,0,0,0,0,0.0,0.5,1.0,0.75,0.75,0,0.0,0.5,1.0,0.75,0.75,0,0.0,0.5,1.0,0.75,0.75,0,0.0,0.5,1.0,0.75,0.75
1596,max_rounds,0,,,,,1,1,5,4,4,16,16,4,0,-1,0,s1a3_greedy,1,0,0.7551982589066029,0.6425236413876215,6,5,5,3,3,-2,0,0,0.5555555555555556,0.3333333333333333,0.6666666666666666,0.5,0.6666666666666666,0,0.5555555555555556,0.3333333333333333,0.6666666666666666,0.5,0.6666666666666666,0,0.3333333333333333,0.0,1.0,0.5,0.75,0,0.3333333333333333,0.0,1.0,0.5,0.75
1597,no_strict_e1_improvement,0,,,,,1,0,1,1,1,1,1,4,0,0,-1,current,0,0,0.542306624352932,0.542306624352932,6,0,0,0,0,0,0,0,0.0,0.8333333333333334,0.5,0.6666666666666666,0.6666666666666666,0,0.0,0.8333333333333334,0.5,0.6666666666666666,0.6666666666666666,0,0.0,0.8333333333333334,0.5,0.6666666666666666,0.6666666666666666,0,0.0,0.8333333333333334,0.5,0.6666666666666666,0.6666666666666666
1598,max_rounds,0,,,,,1,1,3,2,2,6,6,4,0,0,1,profiled_beam,1,1,0.6141836494207382,0.5997431774934133,6,0,0,0,0,0,0,0,0.0,0.5,0.8333333333333334,0.6666666666666666,0.6666666666666666,0,0.0,0.5,0.8333333333333334,0.6666666666666666,0.6666666666666666,0,0.0,0.5,0.8333333333333334,0.6666666666666666,0.6666666666666666,0,0.0,0.16666666666666666,0.5,0.3333333333333333,0.4166666666666667
1599,no_strict_e1_improvement,0,,,,,1,0,1,1,1,1,1,4,0,0,-1,current,0,0,0.8121870085597038,0.8121870085597038,6,0,0,0,0,0,0,0,0.0,0.16666666666666666,0.5,0.3333333333333333,0.5,0,0.0,0.16666666666666666,0.5,0.3333333333333333,0.5,0,0.0,0.16666666666666666,0.5,0.3333333333333333,0.5,0,0.0,0.16666666666666666,0.5,0.3333333333333333,0.5
1600,no_strict_e1_improvement,0,,,,,1,0,4,4,4,13,13,4,0,0,-1,current,0,0,0.5818093592921892,0.5818093592921892,8,0,0,0,0,0,0,0,0.0,0.5,1.0,0.75,0.75,0,0.0,0.5,1.0,0.75,0.75,0,0.0,0.5,1.0,0.75,0.75,0,0.0,0.5,1.0,0.75,0.75
1601,max_rounds,0,,,,,1,1,2,1,1,2,2,4,0,0,0,s1a3_greedy,1,0,0.6672369365890821,0.6516688813765844,8,7,7,9,9,2,0,0,0.7777777777777778,0.6666666666666666,0.6666666666666666,0.6666666666666666,0.6666666666666666,0,0.7777777777777778,0.6666666666666666,0.6666666666666666,0.6666666666666666,0.6666666666666666,1,1.0,1.0,1.0,1.0,1.0,1,1.0,1.0,1.0,1.0,1.0
1602,no_strict_e1_improvement,0,,,,,1,0,2,2,2,6,6,4,0,0,-1,current,0,0,0.5961056451002756,0.5961056451002756,9,9,9,9,9,0,0,1,1.0,1.0,1.0,1.0,1.0,1,1.0,1.0,1.0,1.0,1.0,1,1.0,1.0,1.0,1.0,1.0,1,1.0,1.0,1.0,1.0,1.0
1603,max_rounds,0,,,,,1,1,5,4,4,15,15,4,-1,-1,0,s1a3_greedy,1,0,0.6857295831044515,0.6309052407741547,7,3,3,0,0,-3,0,0,0.3333333333333333,0.8333333333333334,0.0,0.4166666666666667,0.4166666666666667,0,0.3333333333333333,0.8333333333333334,0.0,0.4166666666666667,0.4166666666666667,0,0.0,0.6666666666666666,0.0,0.3333333333333333,0.6666666666666666,0,0.0,0.6666666666666666,0.0,0.3333333333333333,0.6666666666666666
1604,no_strict_e1_improvement,0,,,,,1,0,1,1,1,1,1,4,0,0,-1,current,0,0,0.6601661816239357,0.6601661816239357,8,9,9,9,9,0,0,1,1.0,1.0,1.0,1.0,1.0,1,1.0,1.0,1.0,1.0,1.0,1,1.0,1.0,1.0,1.0,1.0,1,1.0,1.0,1.0,1.0,1.0
1605,no_strict_e1_improvement,0,,,,,1,0,1,1,1,1,1,4,0,0,-1,current,0,0,0.5349471221367518,0.5349471221367518,9,0,0,0,0,0,0,0,0.0,0.5,1.0,0.75,0.75,0,0.0,0.5,1.0,0.75,0.75,0,0.0,0.5,1.0,0.75,0.75,0,0.0,0.5,1.0,0.75,0.75
1606,max_rounds,0,,,,,1,1,5,4,4,15,15,4,0,0,0,s1a3_greedy,1,0,0.6089927032589912,0.5942471399903297,7,2,2,2,2,0,0,0,0.2222222222222222,0.5,0.16666666666666666,0.3333333333333333,0.5,0,0.2222222222222222,0.5,0.16666666666666666,0.3333333333333333,0.5,0,0.2222222222222222,0.6666666666666666,0.16666666666666666,0.4166666666666667,0.4166666666666667,0,0.2222222222222222,0.6666666666666666,0.16666666666666666,0.4166666666666667,0.4166666666666667
1607,no_strict_e1_improvement,0,,,,,1,0,1,1,1,1,1,4,0,0,-1,current,0,0,0.6108356465895971,0.6108356465895971,8,0,0,0,0,0,0,0,0.0,0.6666666666666666,0.5,0.5833333333333334,0.5833333333333334,0,0.0,0.6666666666666666,0.5,0.5833333333333334,0.5833333333333334,0,0.0,0.6666666666666666,0.5,0.5833333333333334,0.5833333333333334,0,0.0,0.6666666666666666,0.5,0.5833333333333334,0.5833333333333334
1608,no_strict_e1_improvement,0,,,,,1,0,2,2,2,5,5,4,0,0,-1,current,0,0,0.8020534217357635,0.8020534217357635,9,9,9,9,9,0,0,1,1.0,1.0,1.0,1.0,1.0,1,1.0,1.0,1.0,1.0,1.0,1,1.0,1.0,1.0,1.0,1.0,1,1.0,1.0,1.0,1.0,1.0
1609,no_strict_e1_improvement,0,,,,,1,0,1,1,1,1,1,4,0,0,-1,current,0,0,0.625770628452301,0.625770628452301,10,0,0,0,0,0,0,0,0.0,0.5,0.8333333333333334,0.6666666666666666,0.6666666666666666,0,0.0,0.5,0.8333333333333334,0.6666666666666666,0.6666666666666666,0,0.0,0.5,0.8333333333333334,0.6666666666666666,0.6666666666666666,0,0.0,0.5,0.8333333333333334,0.6666666666666666,0.6666666666666666
1610,no_strict_e1_improvement,0,,,,,1,0,1,1,1,1,1,4,0,0,-1,current,0,0,0.617762620250384,0.617762620250384,8,6,6,6,6,0,0,0,0.6666666666666666,0.5,0.8333333333333334,0.6666666666666666,0.6666666666666666,0,0.6666666666666666,0.5,0.8333333333333334,0.6666666666666666,0.6666666666666666,0,0.6666666666666666,0.5,0.8333333333333334,0.6666666666666666,0.6666666666666666,0,0.6666666666666666,0.5,0.8333333333333334,0.6666666666666666,0.6666666666666666
1611,no_strict_e1_improvement,0,,,,,1,0,4,4,4,13,13,4,0,0,-1,current,0,0,0.5685724268356959,0.5685724268356959,4,0,0,0,0,0,0,0,0.0,1.0,0.5,0.75,0.75,0,0.0,1.0,0.5,0.75,0.75,0,0.0,1.0,0.5,0.75,0.75,0,0.0,1.0,0.5,0.75,0.75
1612,no_strict_e1_improvement,0,,,,,1,0,1,1,1,1,1,4,0,0,-1,current,0,0,0.7573968370755514,0.7573968370755514,6,0,0,0,0,0,0,0,0.0,0.5,0.6666666666666666,0.5833333333333334,0.75,0,0.0,0.5,0.6666666666666666,0.5833333333333334,0.75,0,0.0,0.5,0.6666666666666666,0.5833333333333334,0.75,0,0.0,0.5,0.6666666666666666,0.5833333333333334,0.75
1613,no_strict_e1_improvement,0,,,,,1,0,1,1,1,1,1,4,0,0,-1,current,0,0,0.6655623515446981,0.6655623515446981,9,0,0,0,0,0,0,0,0.0,1.0,0.5,0.75,0.75,0,0.0,1.0,0.5,0.75,0.75,0,0.0,1.0,0.5,0.75,0.75,0,0.0,1.0,0.5,0.75,0.75
1614,no_strict_e1_improvement,0,,,,,1,0,1,1,1,1,1,4,0,0,-1,current,0,0,0.7151215771834055,0.7151215771834055,6,9,9,9,9,0,0,1,1.0,1.0,1.0,1.0,1.0,1,1.0,1.0,1.0,1.0,1.0,1,1.0,1.0,1.0,1.0,1.0,1,1.0,1.0,1.0,1.0,1.0
1615,no_strict_e1_improvement,0,,,,,1,0,1,1,1,1,1,4,0,0,-1,current,0,0,0.632875661055247,0.632875661055247,10,9,9,9,9,0,0,1,1.0,1.0,1.0,1.0,1.0,1,1.0,1.0,1.0,1.0,1.0,1,1.0,1.0,1.0,1.0,1.0,1,1.0,1.0,1.0,1.0,1.0
1616,no_strict_e1_improvement,0,,,,,1,0,1,1,1,1,1,4,0,0,-1,current,0,0,0.7195752337574959,0.7195752337574959,9,9,9,9,9,0,0,1,1.0,1.0,1.0,1.0,1.0,1,1.0,1.0,1.0,1.0,1.0,1,1.0,1.0,1.0,1.0,1.0,1,1.0,1.0,1.0,1.0,1.0
1617,small_component,0,,,,,1,0,0,0,0,0,0,4,0,0,-1,current,0,0,0.5738848845163981,0.5738848845163981,3,0,0,0,0,0,0,0,0.0,0.16666666666666666,0.16666666666666666,0.16666666666666666,0.4166666666666667,0,0.0,0.16666666666666666,0.16666666666666666,0.16666666666666666,0.4166666666666667,0,0.0,0.16666666666666666,0.16666666666666666,0.16666666666666666,0.4166666666666667,0,0.0,0.16666666666666666,0.16666666666666666,0.16666666666666666,0.4166666666666667
1618,max_rounds,0,,,,,1,1,5,4,4,16,16,4,0,0,1,profiled_beam,1,1,0.6308344056208929,0.4907192836205165,5,0,0,0,0,0,0,0,0.0,0.16666666666666666,0.16666666666666666,0.16666666666666666,0.16666666666666666,0,0.0,0.16666666666666666,0.16666666666666666,0.16666666666666666,0.16666666666666666,0,0.0,0.16666666666666666,0.16666666666666666,0.16666666666666666,0.16666666666666666,0,0.0,0.16666666666666666,0.3333333333333333,0.25,0.4166666666666667
1619,no_strict_e1_improvement,0,,,,,1,0,1,1,1,1,1,4,0,0,-1,current,0,0,0.7015585253636042,0.7015585253636042,9,0,0,0,0,0,0,0,0.0,0.5,1.0,0.75,0.75,0,0.0,0.5,1.0,0.75,0.75,0,0.0,0.5,1.0,0.75,0.75,0,0.0,0.5,1.0,0.75,0.75
1620,no_strict_e1_improvement,0,,,,,1,0,1,1,1,1,1,4,0,0,-1,current,0,0,0.6079733346899351,0.6079733346899351,11,9,9,9,9,0,0,1,1.0,1.0,1.0,1.0,1.0,1,1.0,1.0,1.0,1.0,1.0,1,1.0,1.0,1.0,1.0,1.0,1,1.0,1.0,1.0,1.0,1.0
1621,no_strict_e1_improvement,0,,,,,1,0,1,1,1,1,1,4,0,0,-1,current,0,0,0.5411222378412882,0.5411222378412882,7,0,0,0,0,0,0,0,0.0,0.5,1.0,0.75,0.75,0,0.0,0.5,1.0,0.75,0.75,0,0.0,0.5,1.0,0.75,0.75,0,0.0,0.5,1.0,0.75,0.75
1622,no_strict_e1_improvement,0,,,,,1,0,1,1,1,1,1,4,0,0,-1,current,0,0,0.6288366143902143,0.6288366143902143,7,0,0,0,0,0,0,0,0.0,1.0,0.5,0.75,0.75,0,0.0,1.0,0.5,0.75,0.75,0,0.0,1.0,0.5,0.75,0.75,0,0.0,1.0,0.5,0.75,0.75
1623,small_component,0,,,,,1,0,0,0,0,0,0,4,0,0,-1,current,0,0,0.7376803904771805,0.7376803904771805,7,4,4,4,4,0,0,0,0.4444444444444444,0.5,0.16666666666666666,0.3333333333333333,0.4166666666666667,0,0.4444444444444444,0.5,0.16666666666666666,0.3333333333333333,0.4166666666666667,0,0.4444444444444444,0.5,0.16666666666666666,0.3333333333333333,0.4166666666666667,0,0.4444444444444444,0.5,0.16666666666666666,0.3333333333333333,0.4166666666666667
1624,small_component,0,,,,,1,0,0,0,0,0,0,4,0,0,-1,current,0,0,0.674361045161883,0.674361045161883,5,0,0,0,0,0,0,0,0.0,0.5,0.5,0.5,0.5,0,0.0,0.5,0.5,0.5,0.5,0,0.0,0.5,0.5,0.5,0.5,0,0.0,0.5,0.5,0.5,0.5
1625,max_rounds,0,,,,,1,1,5,4,4,14,14,4,0,-1,1,profiled_beam,1,1,0.9663493533929189,0.8377313589056333,7,5,5,3,3,-2,0,0,0.5555555555555556,0.3333333333333333,0.5,0.4166666666666667,0.5,0,0.5555555555555556,0.3333333333333333,0.5,0.4166666666666667,0.5,0,0.3333333333333333,0.0,0.6666666666666666,0.3333333333333333,0.5833333333333334,0,0.3333333333333333,0.0,1.0,0.5,0.75
1626,no_strict_e1_improvement,0,,,,,1,0,1,1,1,1,1,4,0,0,-1,current,0,0,0.6918838421503702,0.6918838421503702,3,0,0,0,0,0,0,0,0.0,0.3333333333333333,0.16666666666666666,0.25,0.3333333333333333,0,0.0,0.3333333333333333,0.16666666666666666,0.25,0.3333333333333333,0,0.0,0.3333333333333333,0.16666666666666666,0.25,0.3333333333333333,0,0.0,0.3333333333333333,0.16666666666666666,0.25,0.3333333333333333
1627,no_strict_e1_improvement,0,,,,,1,0,1,1,1,2,2,4,0,0,-1,current,0,0,0.6636118491490682,0.6636118491490682,7,0,0,0,0,0,0,0,0.0,0.5,1.0,0.75,0.75,0,0.0,0.5,1.0,0.75,0.75,0,0.0,0.5,1.0,0.75,0.75,0,0.0,0.5,1.0,0.75,0.75
1628,max_rounds,0,,,,,1,1,3,2,2,8,8,4,0,1,0,s1a3_greedy,1,0,0.80904704083999,0.7875064437588056,7,0,0,2,2,2,0,0,0.0,0.3333333333333333,0.3333333333333333,0.3333333333333333,0.5,0,0.0,0.3333333333333333,0.3333333333333333,0.3333333333333333,0.5,0,0.2222222222222222,0.3333333333333333,0.3333333333333333,0.3333333333333333,0.4166666666666667,0,0.2222222222222222,0.3333333333333333,0.3333333333333333,0.3333333333333333,0.4166666666666667
1629,no_strict_e1_improvement,0,,,,,1,0,4,4,4,11,11,4,0,0,-1,current,0,0,0.6517974759141604,0.6517974759141604,6,9,9,9,9,0,0,1,1.0,1.0,1.0,1.0,1.0,1,1.0,1.0,1.0,1.0,1.0,1,1.0,1.0,1.0,1.0,1.0,1,1.0,1.0,1.0,1.0,1.0
1630,max_rounds,0,,,,,1,1,2,2,2,6,6,4,0,1,0,s1a3_greedy,1,0,0.7662094086408615,0.7558126846949259,10,0,0,0,0,0,0,0,0.0,0.5,1.0,0.75,0.75,0,0.0,0.5,1.0,0.75,0.75,0,0.0,0.5,1.0,0.75,0.75,0,0.0,0.5,1.0,0.75,0.75
1631,no_strict_e1_improvement,0,,,,,1,0,1,1,1,1,1,4,0,0,-1,current,0,0,0.6251737450559934,0.6251737450559934,12,0,0,0,0,0,0,0,0.0,0.5,1.0,0.75,0.75,0,0.0,0.5,1.0,0.75,0.75,0,0.0,0.5,1.0,0.75,0.75,0,0.0,0.5,1.0,0.75,0.75
1632,no_strict_e1_improvement,0,,,,,1,0,2,2,2,7,7,4,0,0,-1,current,0,0,0.8025495757659277,0.8025495757659277,8,0,0,0,0,0,0,0,0.0,0.5,1.0,0.75,0.75,0,0.0,0.5,1.0,0.75,0.75,0,0.0,0.5,1.0,0.75,0.75,0,0.0,0.5,1.0,0.75,0.75
1633,small_component,0,,,,,1,0,0,0,0,0,0,4,0,0,-1,current,0,0,0.7849241519967715,0.7849241519967715,5,2,2,2,2,0,0,0,0.2222222222222222,0.5,0.0,0.25,0.3333333333333333,0,0.2222222222222222,0.5,0.0,0.25,0.3333333333333333,0,0.2222222222222222,0.5,0.0,0.25,0.3333333333333333,0,0.2222222222222222,0.5,0.0,0.25,0.3333333333333333
1634,no_strict_e1_improvement,0,,,,,1,0,1,1,1,1,1,4,0,0,-1,current,0,0,0.5725942750771841,0.5725942750771841,8,9,9,9,9,0,0,1,1.0,1.0,1.0,1.0,1.0,1,1.0,1.0,1.0,1.0,1.0,1,1.0,1.0,1.0,1.0,1.0,1,1.0,1.0,1.0,1.0,1.0
1635,no_strict_e1_improvement,0,,,,,1,0,1,1,1,1,1,4,0,0,-1,current,0,0,0.5915907646218935,0.5915907646218935,9,9,9,9,9,0,0,1,1.0,1.0,1.0,1.0,1.0,1,1.0,1.0,1.0,1.0,1.0,1,1.0,1.0,1.0,1.0,1.0,1,1.0,1.0,1.0,1.0,1.0
1636,small_component,0,,,,,1,0,0,0,0,0,0,4,0,0,-1,current,0,0,0.9019380658864975,0.9019380658864975,4,0,0,0,0,0,0,0,0.0,0.5,0.8333333333333334,0.6666666666666666,0.6666666666666666,0,0.0,0.5,0.8333333333333334,0.6666666666666666,0.6666666666666666,0,0.0,0.5,0.8333333333333334,0.6666666666666666,0.6666666666666666,0,0.0,0.5,0.8333333333333334,0.6666666666666666,0.6666666666666666
1637,partial_completed__max_rounds,1,,3,2,4,1,1,5,4,4,15,15,4,0,0,1,profiled_beam,1,1,0.7281610444188118,0.6861416126290957,4,0,0,0,0,0,0,0,0.0,0.5,0.0,0.25,0.25,0,0.0,0.5,0.0,0.25,0.4166666666666667,0,0.0,0.3333333333333333,0.5,0.4166666666666667,0.5833333333333334,0,0.0,0.3333333333333333,0.16666666666666666,0.25,0.4166666666666667
1638,no_strict_e1_improvement,0,,,,,1,0,1,1,1,1,1,4,0,0,-1,current,0,0,0.7722604771455129,0.7722604771455129,10,0,0,0,0,0,0,0,0.0,1.0,0.5,0.75,0.75,0,0.0,1.0,0.5,0.75,0.75,0,0.0,1.0,0.5,0.75,0.75,0,0.0,1.0,0.5,0.75,0.75
1639,max_rounds,0,,,,,1,1,2,2,2,5,5,4,-1,0,0,s1a3_greedy,1,0,0.7649461577335993,0.6263704920808474,7,0,0,0,0,0,0,0,0.0,0.5,0.5,0.5,0.5,0,0.0,0.5,0.5,0.5,0.5,0,0.0,0.5,1.0,0.75,0.75,0,0.0,0.5,1.0,0.75,0.75
1640,no_strict_e1_improvement,0,,,,,1,0,2,2,2,6,6,4,0,0,-1,current,0,0,0.6876584142446518,0.6876584142446518,10,9,9,9,9,0,0,1,1.0,1.0,1.0,1.0,1.0,1,1.0,1.0,1.0,1.0,1.0,1,1.0,1.0,1.0,1.0,1.0,1,1.0,1.0,1.0,1.0,1.0
1641,no_strict_e1_improvement,0,,,,,1,0,1,1,1,1,1,4,0,0,-1,current,0,0,0.7391273379325867,0.7391273379325867,10,9,9,9,9,0,0,1,1.0,1.0,1.0,1.0,1.0,1,1.0,1.0,1.0,1.0,1.0,1,1.0,1.0,1.0,1.0,1.0,1,1.0,1.0,1.0,1.0,1.0
1642,no_strict_e1_improvement,0,,,,,1,0,1,1,1,1,1,4,0,0,-1,current,0,0,0.5288818130890528,0.5288818130890528,10,9,9,9,9,0,0,1,1.0,1.0,1.0,1.0,1.0,1,1.0,1.0,1.0,1.0,1.0,1,1.0,1.0,1.0,1.0,1.0,1,1.0,1.0,1.0,1.0,1.0
1643,no_strict_e1_improvement,0,,,,,1,0,1,1,1,1,1,4,0,0,-1,current,0,0,0.5890418911973635,0.5890418911973635,11,9,9,9,9,0,0,1,1.0,1.0,1.0,1.0,1.0,1,1.0,1.0,1.0,1.0,1.0,1,1.0,1.0,1.0,1.0,1.0,1,1.0,1.0,1.0,1.0,1.0
1644,max_rounds,0,,,,,1,1,3,2,2,6,6,4,0,0,1,profiled_beam,1,1,0.7086297199130058,0.6957894340157509,6,0,0,0,0,0,0,0,0.0,0.3333333333333333,0.5,0.4166666666666667,0.5,0,0.0,0.3333333333333333,0.5,0.4166666666666667,0.5,0,0.0,0.3333333333333333,0.5,0.4166666666666667,0.5,0,0.0,0.3333333333333333,0.3333333333333333,0.3333333333333333,0.5
1645,no_strict_e1_improvement,0,,,,,1,0,1,1,1,1,1,4,0,0,-1,current,0,0,0.7158695285518965,0.7158695285518965,11,0,0,0,0,0,0,0,0.0,1.0,0.5,0.75,0.75,0,0.0,1.0,0.5,0.75,0.75,0,0.0,1.0,0.5,0.75,0.75,0,0.0,1.0,0.5,0.75,0.75
1646,no_strict_e1_improvement,0,,,,,1,0,1,1,1,1,1,4,0,0,-1,current,0,0,0.5448277021447817,0.5448277021447817,5,0,0,0,0,0,0,0,0.0,0.6666666666666666,0.16666666666666666,0.4166666666666667,0.5,0,0.0,0.6666666666666666,0.16666666666666666,0.4166666666666667,0.5,0,0.0,0.6666666666666666,0.16666666666666666,0.4166666666666667,0.5,0,0.0,0.6666666666666666,0.16666666666666666,0.4166666666666667,0.5
1647,no_strict_e1_improvement,0,,,,,1,0,1,1,1,1,1,4,0,0,-1,current,0,0,0.542333314816157,0.542333314816157,11,9,9,9,9,0,0,1,1.0,1.0,1.0,1.0,1.0,1,1.0,1.0,1.0,1.0,1.0,1,1.0,1.0,1.0,1.0,1.0,1,1.0,1.0,1.0,1.0,1.0
1648,max_rounds,0,,,,,1,1,3,2,2,6,6,4,0,-1,1,profiled_beam,1,1,0.7268445317943891,0.6521773462494215,6,0,0,0,0,0,0,0,0.0,0.0,0.8333333333333334,0.4166666666666667,0.4166666666666667,0,0.0,0.0,0.8333333333333334,0.4166666666666667,0.4166666666666667,0,0.0,0.16666666666666666,0.6666666666666666,0.4166666666666667,0.5,0,0.0,0.5,1.0,0.75,0.75
1649,partial_completed__no_strict_e1_improvement,1,,3,2,3,1,0,1,1,1,1,1,4,0,0,-1,current,1,0,0.6823050255576769,0.6823050255576769,11,0,0,0,0,0,0,0,0.0,0.0,0.6666666666666666,0.3333333333333333,0.3333333333333333,0,0.0,0.5,1.0,0.75,0.75,0,0.0,0.5,1.0,0.75,0.75,0,0.0,0.5,1.0,0.75,0.75
1650,small_component,0,,,,,1,0,0,0,0,0,0,4,0,0,-1,current,0,0,0.6080735325813293,0.6080735325813293,5,3,3,3,3,0,0,0,0.3333333333333333,0.6666666666666666,0.5,0.5833333333333334,0.5833333333333334,0,0.3333333333333333,0.6666666666666666,0.5,0.5833333333333334,0.5833333333333334,0,0.3333333333333333,0.6666666666666666,0.5,0.5833333333333334,0.5833333333333334,0,0.3333333333333333,0.6666666666666666,0.5,0.5833333333333334,0.5833333333333334
1651,max_rounds,0,,,,,1,1,2,2,2,6,6,4,-1,0,0,s1a3_greedy,1,0,0.6798907443881035,0.6777010957400004,7,0,0,0,0,0,0,0,0.0,0.6666666666666666,0.16666666666666666,0.4166666666666667,0.5833333333333334,0,0.0,0.6666666666666666,0.16666666666666666,0.4166666666666667,0.5833333333333334,0,0.0,0.6666666666666666,0.16666666666666666,0.4166666666666667,0.5,0,0.0,0.6666666666666666,0.16666666666666666,0.4166666666666667,0.5
1652,max_rounds,0,,,,,1,1,2,2,2,4,4,4,0,1,0,s1a3_greedy,1,0,0.8143420244256655,0.7146725480755171,8,0,0,0,0,0,0,0,0.0,0.5,0.5,0.5,0.5,0,0.0,0.5,0.5,0.5,0.5,0,0.0,1.0,0.5,0.75,0.75,0,0.0,1.0,0.5,0.75,0.75
1653,partial_completed__no_strict_e1_improvement,1,,3,2,4,1,0,4,4,4,15,15,4,0,0,-1,current,1,0,0.7800410216053327,0.7800410216053327,7,3,3,3,3,0,0,0,0.3333333333333333,0.6666666666666666,0.0,0.3333333333333333,0.3333333333333333,0,0.3333333333333333,1.0,0.0,0.5,0.75,0,0.3333333333333333,1.0,0.0,0.5,0.75,0,0.3333333333333333,1.0,0.0,0.5,0.75
1654,no_strict_e1_improvement,0,,,,,1,0,1,1,1,1,1,4,0,0,-1,current,0,0,0.5134901950756708,0.5134901950756708,9,9,9,9,9,0,0,1,1.0,1.0,1.0,1.0,1.0,1,1.0,1.0,1.0,1.0,1.0,1,1.0,1.0,1.0,1.0,1.0,1,1.0,1.0,1.0,1.0,1.0
1655,no_strict_e1_improvement,0,,,,,1,0,1,1,1,1,1,4,0,0,-1,current,0,0,0.613506093621254,0.613506093621254,11,0,0,0,0,0,0,0,0.0,0.5,1.0,0.75,0.75,0,0.0,0.5,1.0,0.75,0.75,0,0.0,0.5,1.0,0.75,0.75,0,0.0,0.5,1.0,0.75,0.75
1656,small_component,0,,,,,1,0,0,0,0,0,0,4,0,0,-1,current,0,0,0.8542248407999674,0.8542248407999674,4,0,0,0,0,0,0,0,0.0,0.3333333333333333,0.16666666666666666,0.25,0.5,0,0.0,0.3333333333333333,0.16666666666666666,0.25,0.5,0,0.0,0.3333333333333333,0.16666666666666666,0.25,0.5,0,0.0,0.3333333333333333,0.16666666666666666,0.25,0.5
1657,max_rounds,0,,,,,1,1,3,2,2,7,7,4,0,0,0,s1a3_greedy,1,0,0.6768902838230133,0.5833716963728269,10,1,1,0,0,-1,0,0,0.1111111111111111,0.3333333333333333,0.6666666666666666,0.5,0.5833333333333334,0,0.1111111111111111,0.3333333333333333,0.6666666666666666,0.5,0.5833333333333334,0,0.0,0.5,1.0,0.75,0.75,0,0.0,0.5,1.0,0.75,0.75
1658,no_strict_e1_improvement,0,,,,,1,0,2,2,2,6,6,4,0,0,-1,current,0,0,0.7378274301687876,0.7378274301687876,7,9,9,9,9,0,0,1,1.0,1.0,1.0,1.0,1.0,1,1.0,1.0,1.0,1.0,1.0,1,1.0,1.0,1.0,1.0,1.0,1,1.0,1.0,1.0,1.0,1.0
1659,small_component,0,,,,,1,0,0,0,0,0,0,4,0,0,-1,current,0,0,0.8153824570278326,0.8153824570278326,3,1,1,1,1,0,0,0,0.1111111111111111,0.0,0.0,0.0,0.5833333333333334,0,0.1111111111111111,0.0,0.0,0.0,0.5833333333333334,0,0.1111111111111111,0.0,0.0,0.0,0.5833333333333334,0,0.1111111111111111,0.0,0.0,0.0,0.5833333333333334
1660,max_rounds,0,,,,,1,1,5,4,4,10,10,4,1,-1,0,s1a3_greedy,1,0,0.7821881473064423,0.7289184083541235,5,2,2,0,0,-2,0,0,0.2222222222222222,0.3333333333333333,0.16666666666666666,0.25,0.4166666666666667,0,0.2222222222222222,0.3333333333333333,0.16666666666666666,0.25,0.4166666666666667,0,0.0,0.16666666666666666,0.16666666666666666,0.16666666666666666,0.4166666666666667,0,0.0,0.16666666666666666,0.16666666666666666,0.16666666666666666,0.4166666666666667
1661,no_strict_e1_improvement,0,,,,,1,0,1,1,1,1,1,4,0,0,-1,current,0,0,0.6346702227989832,0.6346702227989832,6,0,0,0,0,0,0,0,0.0,0.5,1.0,0.75,0.75,0,0.0,0.5,1.0,0.75,0.75,0,0.0,0.5,1.0,0.75,0.75,0,0.0,0.5,1.0,0.75,0.75
1662,max_rounds,0,,,,,1,1,4,4,4,14,14,4,0,-1,0,s1a3_greedy,1,0,0.6263519550363222,0.602336935698986,4,1,1,0,0,-1,0,0,0.1111111111111111,0.6666666666666666,0.3333333333333333,0.5,0.5833333333333334,0,0.1111111111111111,0.6666666666666666,0.3333333333333333,0.5,0.5833333333333334,0,0.0,0.5,0.6666666666666666,0.5833333333333334,0.5833333333333334,0,0.0,0.5,0.6666666666666666,0.5833333333333334,0.5833333333333334
1663,max_rounds,0,,,,,1,1,3,2,2,6,6,4,0,1,0,s1a3_greedy,1,0,0.7029440527160963,0.5604110136628151,9,0,0,9,9,9,0,0,0.0,0.5,0.8333333333333334,0.6666666666666666,0.6666666666666666,0,0.0,0.5,0.8333333333333334,0.6666666666666666,0.6666666666666666,1,1.0,1.0,1.0,1.0,1.0,1,1.0,1.0,1.0,1.0,1.0
1664,no_strict_e1_improvement,0,,,,,1,0,1,1,1,1,1,4,0,0,-1,current,0,0,0.623285211622715,0.623285211622715,11,9,9,9,9,0,0,1,1.0,1.0,1.0,1.0,1.0,1,1.0,1.0,1.0,1.0,1.0,1,1.0,1.0,1.0,1.0,1.0,1,1.0,1.0,1.0,1.0,1.0
1665,no_strict_e1_improvement,0,,,,,1,0,1,1,1,1,1,4,0,0,-1,current,0,0,0.7256024306019148,0.7256024306019148,11,0,0,0,0,0,0,0,0.0,0.5,1.0,0.75,0.75,0,0.0,0.5,1.0,0.75,0.75,0,0.0,0.5,1.0,0.75,0.75,0,0.0,0.5,1.0,0.75,0.75
1666,small_component,0,,,,,1,0,0,0,0,0,0,4,0,0,-1,current,0,0,0.636863574385643,0.636863574385643,7,1,1,1,1,0,0,0,0.1111111111111111,0.3333333333333333,0.3333333333333333,0.3333333333333333,0.5,0,0.1111111111111111,0.3333333333333333,0.3333333333333333,0.3333333333333333,0.5,0,0.1111111111111111,0.3333333333333333,0.3333333333333333,0.3333333333333333,0.5,0,0.1111111111111111,0.3333333333333333,0.3333333333333333,0.3333333333333333,0.5
1667,no_strict_e1_improvement,0,,,,,1,0,1,1,1,1,1,4,0,0,-1,current,0,0,0.6376631880799929,0.6376631880799929,12,9,9,9,9,0,0,1,1.0,1.0,1.0,1.0,1.0,1,1.0,1.0,1.0,1.0,1.0,1,1.0,1.0,1.0,1.0,1.0,1,1.0,1.0,1.0,1.0,1.0
1668,no_strict_e1_improvement,0,,,,,1,0,1,1,1,1,1,4,0,0,-1,current,0,0,0.5926290526986122,0.5926290526986122,11,0,0,0,0,0,0,0,0.0,0.5,0.5,0.5,0.5,0,0.0,0.5,0.5,0.5,0.5,0,0.0,0.5,0.5,0.5,0.5,0,0.0,0.5,0.5,0.5,0.5
1669,no_strict_e1_improvement,0,,,,,1,0,1,1,1,1,1,4,0,0,-1,current,0,0,0.45387312521537143,0.45387312521537143,11,9,9,9,9,0,0,1,1.0,1.0,1.0,1.0,1.0,1,1.0,1.0,1.0,1.0,1.0,1,1.0,1.0,1.0,1.0,1.0,1,1.0,1.0,1.0,1.0,1.0
1670,max_rounds,0,,,,,1,1,3,2,2,7,7,4,0,0,0,s1a3_greedy,1,0,0.7169748271505038,0.6818557729323705,5,5,5,7,7,2,0,0,0.5555555555555556,0.3333333333333333,0.3333333333333333,0.3333333333333333,0.5,0,0.5555555555555556,0.3333333333333333,0.3333333333333333,0.3333333333333333,0.5,0,0.7777777777777778,0.6666666666666666,0.6666666666666666,0.6666666666666666,0.75,0,0.7777777777777778,0.6666666666666666,0.6666666666666666,0.6666666666666666,0.75
1671,small_component,0,,,,,1,0,0,0,0,0,0,4,0,0,-1,current,0,0,0.9489743212858835,0.9489743212858835,3,0,0,0,0,0,0,0,0.0,0.3333333333333333,0.16666666666666666,0.25,0.4166666666666667,0,0.0,0.3333333333333333,0.16666666666666666,0.25,0.4166666666666667,0,0.0,0.3333333333333333,0.16666666666666666,0.25,0.4166666666666667,0,0.0,0.3333333333333333,0.16666666666666666,0.25,0.4166666666666667
1672,max_rounds,0,,,,,1,1,3,2,2,6,6,4,0,1,1,profiled_beam,1,1,0.727906733751297,0.6471788585186005,7,0,0,0,0,0,0,0,0.0,0.5,0.0,0.25,0.6666666666666666,0,0.0,0.5,0.0,0.25,0.6666666666666666,0,0.0,0.16666666666666666,0.16666666666666666,0.16666666666666666,0.4166666666666667,0,0.0,0.16666666666666666,0.3333333333333333,0.25,0.5
1673,no_strict_e1_improvement,0,,,,,1,0,1,1,1,1,1,4,0,0,-1,current,0,0,0.6590553820133209,0.6590553820133209,9,0,0,0,0,0,0,0,0.0,0.5,1.0,0.75,0.75,0,0.0,0.5,1.0,0.75,0.75,0,0.0,0.5,1.0,0.75,0.75,0,0.0,0.5,1.0,0.75,0.75
1674,no_strict_e1_improvement,0,,,,,1,0,1,1,1,1,1,4,0,0,-1,current,0,0,0.6058971782525381,0.6058971782525381,7,0,0,0,0,0,0,0,0.0,0.5,1.0,0.75,0.75,0,0.0,0.5,1.0,0.75,0.75,0,0.0,0.5,1.0,0.75,0.75,0,0.0,0.5,1.0,0.75,0.75
1675,no_strict_e1_improvement,0,,,,,1,0,1,1,1,1,1,4,0,0,-1,current,0,0,0.7750736698508263,0.7750736698508263,7,9,9,9,9,0,0,1,1.0,1.0,1.0,1.0,1.0,1,1.0,1.0,1.0,1.0,1.0,1,1.0,1.0,1.0,1.0,1.0,1,1.0,1.0,1.0,1.0,1.0
1676,no_strict_e1_improvement,0,,,,,1,0,1,1,1,1,1,4,0,0,-1,current,0,0,0.548688439031442,0.548688439031442,10,0,0,0,0,0,0,0,0.0,0.5,1.0,0.75,0.75,0,0.0,0.5,1.0,0.75,0.75,0,0.0,0.5,1.0,0.75,0.75,0,0.0,0.5,1.0,0.75,0.75
1677,small_component,0,,,,,1,0,0,0,0,0,0,4,0,0,-1,current,0,0,0.6903205638130506,0.6903205638130506,4,4,4,4,4,0,0,0,0.4444444444444444,0.3333333333333333,0.16666666666666666,0.25,0.5,0,0.4444444444444444,0.3333333333333333,0.16666666666666666,0.25,0.5,0,0.4444444444444444,0.3333333333333333,0.16666666666666666,0.25,0.5,0,0.4444444444444444,0.3333333333333333,0.16666666666666666,0.25,0.5
1678,max_rounds,0,,,,,1,1,3,2,2,7,7,4,0,0,1,profiled_beam,1,1,0.6374475359916687,0.615172711511453,7,0,0,0,0,0,0,0,0.0,0.0,0.6666666666666666,0.3333333333333333,0.3333333333333333,0,0.0,0.0,0.6666666666666666,0.3333333333333333,0.3333333333333333,0,0.0,0.0,0.6666666666666666,0.3333333333333333,0.3333333333333333,0,0.0,0.5,0.8333333333333334,0.6666666666666666,0.6666666666666666
1679,no_strict_e1_improvement,0,,,,,1,0,2,2,2,6,6,4,0,0,-1,current,0,0,0.7209829563895861,0.7209829563895861,9,0,0,0,0,0,0,0,0.0,1.0,0.5,0.75,0.75,0,0.0,1.0,0.5,0.75,0.75,0,0.0,1.0,0.5,0.75,0.75,0,0.0,1.0,0.5,0.75,0.75
1680,no_strict_e1_improvement,0,,,,,1,0,1,1,1,2,2,4,0,0,-1,current,0,0,0.7369500423471133,0.7369500423471133,7,6,6,6,6,0,0,0,0.6666666666666666,0.8333333333333334,0.5,0.6666666666666666,0.6666666666666666,0,0.6666666666666666,0.8333333333333334,0.5,0.6666666666666666,0.6666666666666666,0,0.6666666666666666,0.8333333333333334,0.5,0.6666666666666666,0.6666666666666666,0,0.6666666666666666,0.8333333333333334,0.5,0.6666666666666666,0.6666666666666666
1681,no_strict_e1_improvement,0,,,,,1,0,1,1,1,1,1,4,0,0,-1,current,0,0,0.6225695163011551,0.6225695163011551,6,0,0,0,0,0,0,0,0.0,0.8333333333333334,0.5,0.6666666666666666,0.6666666666666666,0,0.0,0.8333333333333334,0.5,0.6666666666666666,0.6666666666666666,0,0.0,0.8333333333333334,0.5,0.6666666666666666,0.6666666666666666,0,0.0,0.8333333333333334,0.5,0.6666666666666666,0.6666666666666666
1682,no_strict_e1_improvement,0,,,,,1,0,2,2,2,8,8,4,0,0,-1,current,0,0,0.7389592155814171,0.7389592155814171,7,3,3,3,3,0,0,0,0.3333333333333333,0.0,1.0,0.5,0.75,0,0.3333333333333333,0.0,1.0,0.5,0.75,0,0.3333333333333333,0.0,1.0,0.5,0.75,0,0.3333333333333333,0.0,1.0,0.5,0.75
1683,no_strict_e1_improvement,0,,,,,1,0,1,1,1,1,1,4,0,0,-1,current,0,0,0.6035231302181879,0.6035231302181879,6,1,1,1,1,0,0,0,0.1111111111111111,0.3333333333333333,0.6666666666666666,0.5,0.5833333333333334,0,0.1111111111111111,0.3333333333333333,0.6666666666666666,0.5,0.5833333333333334,0,0.1111111111111111,0.3333333333333333,0.6666666666666666,0.5,0.5833333333333334,0,0.1111111111111111,0.3333333333333333,0.6666666666666666,0.5,0.5833333333333334
1684,partial_completed__no_strict_e1_improvement,1,,3,2,3,1,0,2,2,2,6,6,4,0,0,-1,current,1,0,0.6697918350497881,0.6697918350497881,5,0,0,0,0,0,0,0,0.0,0.5,0.3333333333333333,0.4166666666666667,0.4166666666666667,0,0.0,0.6666666666666666,0.5,0.5833333333333334,0.5833333333333334,0,0.0,0.6666666666666666,0.5,0.5833333333333334,0.5833333333333334,0,0.0,0.6666666666666666,0.5,0.5833333333333334,0.5833333333333334
1685,max_rounds,0,,,,,1,1,4,4,4,12,12,4,-1,1,1,profiled_beam,1,1,0.7075863828261694,0.6734489525357882,3,1,1,0,0,-1,0,0,0.1111111111111111,0.6666666666666666,0.3333333333333333,0.5,0.5833333333333334,0,0.1111111111111111,0.6666666666666666,0.3333333333333333,0.5,0.5833333333333334,0,0.0,0.5,1.0,0.75,0.75,0,0.0,0.5,0.6666666666666666,0.5833333333333334,0.6666666666666666
1686,no_strict_e1_improvement,0,,,,,1,0,2,2,2,6,6,4,0,0,-1,current,0,0,0.6687293350696564,0.6687293350696564,7,1,1,1,1,0,0,0,0.1111111111111111,0.3333333333333333,0.3333333333333333,0.3333333333333333,0.4166666666666667,0,0.1111111111111111,0.3333333333333333,0.3333333333333333,0.3333333333333333,0.4166666666666667,0,0.1111111111111111,0.3333333333333333,0.3333333333333333,0.3333333333333333,0.4166666666666667,0,0.1111111111111111,0.3333333333333333,0.3333333333333333,0.3333333333333333,0.4166666666666667
1687,no_strict_e1_improvement,0,,,,,1,0,1,1,1,1,1,4,0,0,-1,current,0,0,0.6916616161664327,0.6916616161664327,9,0,0,0,0,0,0,0,0.0,0.5,0.8333333333333334,0.6666666666666666,0.6666666666666666,0,0.0,0.5,0.8333333333333334,0.6666666666666666,0.6666666666666666,0,0.0,0.5,0.8333333333333334,0.6666666666666666,0.6666666666666666,0,0.0,0.5,0.8333333333333334,0.6666666666666666,0.6666666666666666
1688,no_strict_e1_improvement,0,,,,,1,0,1,1,1,1,1,4,0,0,-1,current,0,0,0.5742532958587011,0.5742532958587011,8,0,0,0,0,0,0,0,0.0,0.5,1.0,0.75,0.75,0,0.0,0.5,1.0,0.75,0.75,0,0.0,0.5,1.0,0.75,0.75,0,0.0,0.5,1.0,0.75,0.75
1689,no_strict_e1_improvement,0,,,,,1,0,1,1,1,1,1,4,0,0,-1,current,0,0,0.7232411702473959,0.7232411702473959,10,0,0,0,0,0,0,0,0.0,0.5,1.0,0.75,0.75,0,0.0,0.5,1.0,0.75,0.75,0,0.0,0.5,1.0,0.75,0.75,0,0.0,0.5,1.0,0.75,0.75
1690,no_strict_e1_improvement,0,,,,,1,0,2,2,2,6,6,4,0,0,-1,current,0,0,0.6601346010963122,0.6601346010963122,9,9,9,9,9,0,0,1,1.0,1.0,1.0,1.0,1.0,1,1.0,1.0,1.0,1.0,1.0,1,1.0,1.0,1.0,1.0,1.0,1,1.0,1.0,1.0,1.0,1.0
1691,no_strict_e1_improvement,0,,,,,1,0,1,1,1,1,1,4,0,0,-1,current,0,0,0.5795792291561762,0.5795792291561762,10,9,9,9,9,0,0,1,1.0,1.0,1.0,1.0,1.0,1,1.0,1.0,1.0,1.0,1.0,1,1.0,1.0,1.0,1.0,1.0,1,1.0,1.0,1.0,1.0,1.0
1692,no_strict_e1_improvement,0,,,,,1,0,1,1,1,1,1,4,0,0,-1,current,0,0,0.589534230530262,0.589534230530262,10,9,9,9,9,0,0,1,1.0,1.0,1.0,1.0,1.0,1,1.0,1.0,1.0,1.0,1.0,1,1.0,1.0,1.0,1.0,1.0,1,1.0,1.0,1.0,1.0,1.0
1693,no_strict_e1_improvement,0,,,,,1,0,1,1,1,1,1,4,0,0,-1,current,0,0,0.5165042753020922,0.5165042753020922,10,9,9,9,9,0,0,1,1.0,1.0,1.0,1.0,1.0,1,1.0,1.0,1.0,1.0,1.0,1,1.0,1.0,1.0,1.0,1.0,1,1.0,1.0,1.0,1.0,1.0
1694,max_rounds,0,,,,,1,1,2,2,2,6,6,4,-1,0,0,s1a3_greedy,1,0,0.6236202071110407,0.5797228490312895,10,9,9,0,0,-9,0,1,1.0,1.0,1.0,1.0,1.0,1,1.0,1.0,1.0,1.0,1.0,0,0.0,0.8333333333333334,0.5,0.6666666666666666,0.6666666666666666,0,0.0,0.8333333333333334,0.5,0.6666666666666666,0.6666666666666666
1695,no_strict_e1_improvement,0,,,,,1,0,1,1,1,1,1,4,0,0,-1,current,0,0,0.4976679931084315,0.4976679931084315,4,0,0,0,0,0,0,0,0.0,0.0,0.0,0.0,0.25,0,0.0,0.0,0.0,0.0,0.25,0,0.0,0.0,0.0,0.0,0.25,0,0.0,0.0,0.0,0.0,0.25
1696,no_strict_e1_improvement,0,,,,,1,0,1,1,1,1,1,4,0,0,-1,current,0,0,0.4836246147751808,0.4836246147751808,11,0,0,0,0,0,0,0,0.0,0.5,1.0,0.75,0.75,0,0.0,0.5,1.0,0.75,0.75,0,0.0,0.5,1.0,0.75,0.75,0,0.0,0.5,1.0,0.75,0.75
1697,no_strict_e1_improvement,0,,,,,1,0,1,1,1,1,1,4,0,0,-1,current,0,0,0.6510410929719607,0.6510410929719607,9,3,3,3,3,0,0,0,0.3333333333333333,0.6666666666666666,0.5,0.5833333333333334,0.5833333333333334,0,0.3333333333333333,0.6666666666666666,0.5,0.5833333333333334,0.5833333333333334,0,0.3333333333333333,0.6666666666666666,0.5,0.5833333333333334,0.5833333333333334,0,0.3333333333333333,0.6666666666666666,0.5,0.5833333333333334,0.5833333333333334
1698,no_strict_e1_improvement,0,,,,,1,0,1,1,1,1,1,4,0,0,-1,current,0,0,0.6498368407289187,0.6498368407289187,10,9,9,9,9,0,0,1,1.0,1.0,1.0,1.0,1.0,1,1.0,1.0,1.0,1.0,1.0,1,1.0,1.0,1.0,1.0,1.0,1,1.0,1.0,1.0,1.0,1.0
1699,partial_completed__small_component,1,,3,2,4,1,0,0,0,0,0,0,4,0,0,-1,current,1,0,0.7703746234377226,0.7703746234377226,5,0,7,7,7,7,0,0,0.0,0.3333333333333333,0.5,0.4166666666666667,0.5,0,0.7777777777777778,0.6666666666666666,0.6666666666666666,0.6666666666666666,0.8333333333333334,0,0.7777777777777778,0.6666666666666666,0.6666666666666666,0.6666666666666666,0.8333333333333334,0,0.7777777777777778,0.6666666666666666,0.6666666666666666,0.6666666666666666,0.8333333333333334
1700,no_strict_e1_improvement,0,,,,,1,0,1,1,1,1,1,4,0,0,-1,current,0,0,0.6576232214768728,0.6576232214768728,9,9,9,9,9,0,0,1,1.0,1.0,1.0,1.0,1.0,1,1.0,1.0,1.0,1.0,1.0,1,1.0,1.0,1.0,1.0,1.0,1,1.0,1.0,1.0,1.0,1.0
1701,no_strict_e1_improvement,0,,,,,1,0,1,1,1,1,1,4,0,0,-1,current,0,0,0.6610373879472414,0.6610373879472414,9,9,9,9,9,0,0,1,1.0,1.0,1.0,1.0,1.0,1,1.0,1.0,1.0,1.0,1.0,1,1.0,1.0,1.0,1.0,1.0,1,1.0,1.0,1.0,1.0,1.0
1702,max_rounds,0,,,,,1,1,3,2,2,7,7,4,0,0,1,profiled_beam,1,1,0.7608263790607452,0.7532307853301367,8,0,0,0,0,0,0,0,0.0,0.5,1.0,0.75,0.75,0,0.0,0.5,1.0,0.75,0.75,0,0.0,0.5,1.0,0.75,0.75,0,0.0,0.5,0.8333333333333334,0.6666666666666666,0.6666666666666666
1703,no_strict_e1_improvement,0,,,,,1,0,1,1,1,1,1,4,0,0,-1,current,0,0,0.659227137764295,0.659227137764295,10,0,0,0,0,0,0,0,0.0,0.5,0.8333333333333334,0.6666666666666666,0.6666666666666666,0,0.0,0.5,0.8333333333333334,0.6666666666666666,0.6666666666666666,0,0.0,0.5,0.8333333333333334,0.6666666666666666,0.6666666666666666,0,0.0,0.5,0.8333333333333334,0.6666666666666666,0.6666666666666666
1704,no_strict_e1_improvement,0,,,,,1,0,1,1,1,1,1,4,0,0,-1,current,0,0,0.7911621580521265,0.7911621580521265,6,7,7,7,7,0,0,0,0.7777777777777778,0.3333333333333333,0.6666666666666666,0.5,0.5833333333333334,0,0.7777777777777778,0.3333333333333333,0.6666666666666666,0.5,0.5833333333333334,0,0.7777777777777778,0.3333333333333333,0.6666666666666666,0.5,0.5833333333333334,0,0.7777777777777778,0.3333333333333333,0.6666666666666666,0.5,0.5833333333333334
1705,max_rounds,0,,,,,1,1,2,2,2,5,5,4,0,1,0,s1a3_greedy,1,0,0.6617025807499886,0.6304625843962034,5,0,0,9,9,9,0,0,0.0,0.5,1.0,0.75,0.75,0,0.0,0.5,1.0,0.75,0.75,1,1.0,1.0,1.0,1.0,1.0,1,1.0,1.0,1.0,1.0,1.0
1706,small_component,0,,,,,1,0,0,0,0,0,0,4,0,0,-1,current,0,0,0.8399448494116465,0.8399448494116465,7,0,0,0,0,0,0,0,0.0,0.3333333333333333,0.6666666666666666,0.5,0.6666666666666666,0,0.0,0.3333333333333333,0.6666666666666666,0.5,0.6666666666666666,0,0.0,0.3333333333333333,0.6666666666666666,0.5,0.6666666666666666,0,0.0,0.3333333333333333,0.6666666666666666,0.5,0.6666666666666666
1707,partial_completed__small_component,1,,3,2,4,1,0,0,0,0,0,0,4,0,0,-1,current,1,0,0.7600599775711695,0.7600599775711695,6,3,3,3,3,0,0,0,0.3333333333333333,0.0,0.6666666666666666,0.3333333333333333,0.3333333333333333,0,0.3333333333333333,0.0,1.0,0.5,0.75,0,0.3333333333333333,0.0,1.0,0.5,0.75,0,0.3333333333333333,0.0,1.0,0.5,0.75
1708,no_strict_e1_improvement,0,,,,,1,0,1,1,1,1,1,4,0,0,-1,current,0,0,0.616609894980987,0.616609894980987,8,0,0,0,0,0,0,0,0.0,0.5,1.0,0.75,0.75,0,0.0,0.5,1.0,0.75,0.75,0,0.0,0.5,1.0,0.75,0.75,0,0.0,0.5,1.0,0.75,0.75
1709,no_strict_e1_improvement,0,,,,,1,0,2,2,2,6,6,4,0,0,-1,current,0,0,0.6665365348259608,0.6665365348259608,8,9,9,9,9,0,0,1,1.0,1.0,1.0,1.0,1.0,1,1.0,1.0,1.0,1.0,1.0,1,1.0,1.0,1.0,1.0,1.0,1,1.0,1.0,1.0,1.0,1.0
1710,small_component,0,,,,,1,0,0,0,0,0,0,4,0,0,-1,current,0,0,0.7580689315994581,0.7580689315994581,7,5,5,5,5,0,0,0,0.5555555555555556,0.6666666666666666,0.3333333333333333,0.5,0.6666666666666666,0,0.5555555555555556,0.6666666666666666,0.3333333333333333,0.5,0.6666666666666666,0,0.5555555555555556,0.6666666666666666,0.3333333333333333,0.5,0.6666666666666666,0,0.5555555555555556,0.6666666666666666,0.3333333333333333,0.5,0.6666666666666666
1711,no_strict_e1_improvement,0,,,,,1,0,2,2,2,7,7,4,0,0,-1,current,0,0,0.3763832611342271,0.3763832611342271,3,0,0,0,0,0,0,0,0.0,0.16666666666666666,0.5,0.3333333333333333,0.5,0,0.0,0.16666666666666666,0.5,0.3333333333333333,0.5,0,0.0,0.16666666666666666,0.5,0.3333333333333333,0.5,0,0.0,0.16666666666666666,0.5,0.3333333333333333,0.5
1712,no_strict_e1_improvement,0,,,,,1,0,2,2,2,8,8,4,0,0,-1,current,0,0,0.6941607221961021,0.6941607221961021,9,9,9,9,9,0,0,1,1.0,1.0,1.0,1.0,1.0,1,1.0,1.0,1.0,1.0,1.0,1,1.0,1.0,1.0,1.0,1.0,1,1.0,1.0,1.0,1.0,1.0
1713,max_rounds,0,,,,,1,1,3,2,2,7,7,4,0,1,0,s1a3_greedy,1,0,0.435715655485789,0.4248124957084656,6,0,0,0,0,0,0,0,0.0,0.5,0.6666666666666666,0.5833333333333334,0.5833333333333334,0,0.0,0.5,0.6666666666666666,0.5833333333333334,0.5833333333333334,0,0.0,1.0,0.5,0.75,0.75,0,0.0,1.0,0.5,0.75,0.75
1714,partial_completed__no_strict_e1_improvement,1,,3,2,2,1,0,2,2,2,6,6,4,0,0,-1,current,1,0,0.6532817607124647,0.6532817607124647,8,3,3,3,3,0,0,0,0.3333333333333333,0.0,0.6666666666666666,0.3333333333333333,0.3333333333333333,0,0.3333333333333333,0.0,1.0,0.5,0.75,0,0.3333333333333333,0.0,1.0,0.5,0.75,0,0.3333333333333333,0.0,1.0,0.5,0.75
1715,no_strict_e1_improvement,0,,,,,1,0,1,1,1,1,1,4,0,0,-1,current,0,0,0.6188336138923963,0.6188336138923963,9,9,9,9,9,0,0,1,1.0,1.0,1.0,1.0,1.0,1,1.0,1.0,1.0,1.0,1.0,1,1.0,1.0,1.0,1.0,1.0,1,1.0,1.0,1.0,1.0,1.0
1716,small_component,0,,,,,1,0,0,0,0,0,0,4,0,0,-1,current,0,0,0.7361933862169584,0.7361933862169584,6,3,3,3,3,0,0,0,0.3333333333333333,0.6666666666666666,0.5,0.5833333333333334,0.5833333333333334,0,0.3333333333333333,0.6666666666666666,0.5,0.5833333333333334,0.5833333333333334,0,0.3333333333333333,0.6666666666666666,0.5,0.5833333333333334,0.5833333333333334,0,0.3333333333333333,0.6666666666666666,0.5,0.5833333333333334,0.5833333333333334
1717,no_strict_e1_improvement,0,,,,,1,0,1,1,1,1,1,4,0,0,-1,current,0,0,0.571286752820015,0.571286752820015,5,0,0,0,0,0,0,0,0.0,0.5,0.8333333333333334,0.6666666666666666,0.6666666666666666,0,0.0,0.5,0.8333333333333334,0.6666666666666666,0.6666666666666666,0,0.0,0.5,0.8333333333333334,0.6666666666666666,0.6666666666666666,0,0.0,0.5,0.8333333333333334,0.6666666666666666,0.6666666666666666
1718,no_strict_e1_improvement,0,,,,,1,0,1,1,1,1,1,4,0,0,-1,current,0,0,0.7737667212883631,0.7737667212883631,9,1,1,1,1,0,0,0,0.1111111111111111,0.3333333333333333,0.6666666666666666,0.5,0.5833333333333334,0,0.1111111111111111,0.3333333333333333,0.6666666666666666,0.5,0.5833333333333334,0,0.1111111111111111,0.3333333333333333,0.6666666666666666,0.5,0.5833333333333334,0,0.1111111111111111,0.3333333333333333,0.6666666666666666,0.5,0.5833333333333334
1719,small_component,0,,,,,1,0,0,0,0,0,0,4,0,0,-1,current,0,0,0.7908223966757456,0.7908223966757456,4,1,1,1,1,0,0,0,0.1111111111111111,0.16666666666666666,0.3333333333333333,0.25,0.4166666666666667,0,0.1111111111111111,0.16666666666666666,0.3333333333333333,0.25,0.4166666666666667,0,0.1111111111111111,0.16666666666666666,0.3333333333333333,0.25,0.4166666666666667,0,0.1111111111111111,0.16666666666666666,0.3333333333333333,0.25,0.4166666666666667
1720,no_strict_e1_improvement,0,,,,,1,0,1,1,1,1,1,4,0,0,-1,current,0,0,0.6777267381548882,0.6777267381548882,10,9,9,9,9,0,0,1,1.0,1.0,1.0,1.0,1.0,1,1.0,1.0,1.0,1.0,1.0,1,1.0,1.0,1.0,1.0,1.0,1,1.0,1.0,1.0,1.0,1.0
1721,no_strict_e1_improvement,0,,,,,1,0,1,1,1,1,1,4,0,0,-1,current,0,0,0.5519388516743978,0.5519388516743978,12,9,9,9,9,0,0,1,1.0,1.0,1.0,1.0,1.0,1,1.0,1.0,1.0,1.0,1.0,1,1.0,1.0,1.0,1.0,1.0,1,1.0,1.0,1.0,1.0,1.0
1722,no_strict_e1_improvement,0,,,,,1,0,1,1,1,1,1,4,0,0,-1,current,0,0,0.6999640564123789,0.6999640564123789,8,0,0,0,0,0,0,0,0.0,0.5,1.0,0.75,0.75,0,0.0,0.5,1.0,0.75,0.75,0,0.0,0.5,1.0,0.75,0.75,0,0.0,0.5,1.0,0.75,0.75
1723,max_rounds,0,,,,,1,1,3,2,2,6,6,4,0,0,0,s1a3_greedy,1,0,0.8233861873547236,0.760466734568278,5,0,0,0,0,0,0,0,0.0,0.0,0.8333333333333334,0.4166666666666667,0.4166666666666667,0,0.0,0.0,0.8333333333333334,0.4166666666666667,0.4166666666666667,0,0.0,0.16666666666666666,0.5,0.3333333333333333,0.4166666666666667,0,0.0,0.16666666666666666,0.5,0.3333333333333333,0.4166666666666667
1724,small_component,0,,,,,1,0,0,0,0,0,0,4,0,0,-1,current,0,0,0.7570127670963606,0.7570127670963606,3,4,4,4,4,0,0,0,0.4444444444444444,0.16666666666666666,0.16666666666666666,0.16666666666666666,0.4166666666666667,0,0.4444444444444444,0.16666666666666666,0.16666666666666666,0.16666666666666666,0.4166666666666667,0,0.4444444444444444,0.16666666666666666,0.16666666666666666,0.16666666666666666,0.4166666666666667,0,0.4444444444444444,0.16666666666666666,0.16666666666666666,0.16666666666666666,0.4166666666666667
1725,max_rounds,0,,,,,1,1,2,2,2,7,7,4,0,-1,0,s1a3_greedy,1,0,0.7056505953272184,0.6307020982106527,8,0,0,9,9,9,0,0,0.0,0.5,1.0,0.75,0.75,0,0.0,0.5,1.0,0.75,0.75,1,1.0,1.0,1.0,1.0,1.0,1,1.0,1.0,1.0,1.0,1.0
1726,small_component,0,,,,,1,0,0,0,0,0,0,4,0,0,-1,current,0,0,0.8000870198011398,0.8000870198011398,6,0,0,0,0,0,0,0,0.0,0.0,0.3333333333333333,0.16666666666666666,0.5,0,0.0,0.0,0.3333333333333333,0.16666666666666666,0.5,0,0.0,0.0,0.3333333333333333,0.16666666666666666,0.5,0,0.0,0.0,0.3333333333333333,0.16666666666666666,0.5
1727,partial_completed__small_component,1,,3,2,4,1,0,0,0,0,0,0,4,0,0,-1,current,1,0,0.6425281713406245,0.6425281713406245,7,3,3,3,3,0,0,0,0.3333333333333333,0.0,0.6666666666666666,0.3333333333333333,0.3333333333333333,0,0.3333333333333333,0.0,1.0,0.5,0.75,0,0.3333333333333333,0.0,1.0,0.5,0.75,0,0.3333333333333333,0.0,1.0,0.5,0.75
1728,max_rounds,0,,,,,1,1,5,4,4,16,16,4,-1,0,1,profiled_beam,1,1,0.7236522734165192,0.6564232756694158,4,0,0,0,0,0,0,0,0.0,0.0,0.5,0.25,0.4166666666666667,0,0.0,0.0,0.5,0.25,0.4166666666666667,0,0.0,0.0,0.16666666666666666,0.08333333333333333,0.25,0,0.0,0.0,0.3333333333333333,0.16666666666666666,0.25
1729,max_rounds,0,,,,,1,1,2,2,2,6,6,4,1,0,0,s1a3_greedy,1,0,0.8295737008253733,0.8202967594067255,7,0,0,0,0,0,0,0,0.0,0.5,0.6666666666666666,0.5833333333333334,0.5833333333333334,0,0.0,0.5,0.6666666666666666,0.5833333333333334,0.5833333333333334,0,0.0,0.5,0.8333333333333334,0.6666666666666666,0.6666666666666666,0,0.0,0.5,0.8333333333333334,0.6666666666666666,0.6666666666666666
1730,max_rounds,0,,,,,1,1,4,4,4,15,15,4,0,1,0,s1a3_greedy,1,0,0.6508905217051506,0.6380844786763191,10,0,0,0,0,0,0,0,0.0,0.5,1.0,0.75,0.75,0,0.0,0.5,1.0,0.75,0.75,0,0.0,0.5,1.0,0.75,0.75,0,0.0,0.5,1.0,0.75,0.75
1731,no_strict_e1_improvement,0,,,,,1,0,2,2,2,6,6,4,0,0,-1,current,0,0,0.7860012377301852,0.7860012377301852,7,0,0,0,0,0,0,0,0.0,0.5,1.0,0.75,0.75,0,0.0,0.5,1.0,0.75,0.75,0,0.0,0.5,1.0,0.75,0.75,0,0.0,0.5,1.0,0.75,0.75
1732,small_component,0,,,,,1,0,0,0,0,0,0,4,0,0,-1,current,0,0,0.42175382872422534,0.42175382872422534,3,1,1,1,1,0,0,0,0.1111111111111111,0.0,0.16666666666666666,0.08333333333333333,0.4166666666666667,0,0.1111111111111111,0.0,0.16666666666666666,0.08333333333333333,0.4166666666666667,0,0.1111111111111111,0.0,0.16666666666666666,0.08333333333333333,0.4166666666666667,0,0.1111111111111111,0.0,0.16666666666666666,0.08333333333333333,0.4166666666666667
1733,no_strict_e1_improvement,0,,,,,1,0,1,1,1,1,1,4,0,0,-1,current,0,0,0.6689435740311941,0.6689435740311941,8,0,0,0,0,0,0,0,0.0,0.5,0.6666666666666666,0.5833333333333334,0.6666666666666666,0,0.0,0.5,0.6666666666666666,0.5833333333333334,0.6666666666666666,0,0.0,0.5,0.6666666666666666,0.5833333333333334,0.6666666666666666,0,0.0,0.5,0.6666666666666666,0.5833333333333334,0.6666666666666666
1734,no_strict_e1_improvement,0,,,,,1,0,1,1,1,1,1,4,0,0,-1,current,0,0,0.7615481317043304,0.7615481317043304,11,9,9,9,9,0,0,1,1.0,1.0,1.0,1.0,1.0,1,1.0,1.0,1.0,1.0,1.0,1,1.0,1.0,1.0,1.0,1.0,1,1.0,1.0,1.0,1.0,1.0
1735,no_strict_e1_improvement,0,,,,,1,0,1,1,1,1,1,4,0,0,-1,current,0,0,0.7289964805046717,0.7289964805046717,11,9,9,9,9,0,0,1,1.0,1.0,1.0,1.0,1.0,1,1.0,1.0,1.0,1.0,1.0,1,1.0,1.0,1.0,1.0,1.0,1,1.0,1.0,1.0,1.0,1.0
1736,no_strict_e1_improvement,0,,,,,1,0,1,1,1,1,1,4,0,0,-1,current,0,0,0.6538530165950457,0.6538530165950457,10,9,9,9,9,0,0,1,1.0,1.0,1.0,1.0,1.0,1,1.0,1.0,1.0,1.0,1.0,1,1.0,1.0,1.0,1.0,1.0,1,1.0,1.0,1.0,1.0,1.0
1737,no_strict_e1_improvement,0,,,,,1,0,1,1,1,1,1,4,0,0,-1,current,0,0,0.6131342326601347,0.6131342326601347,10,0,0,0,0,0,0,0,0.0,0.5,1.0,0.75,0.75,0,0.0,0.5,1.0,0.75,0.75,0,0.0,0.5,1.0,0.75,0.75,0,0.0,0.5,1.0,0.75,0.75
1738,max_rounds,0,,,,,1,1,2,2,2,7,7,4,0,-1,1,profiled_beam,1,1,0.6196892683704694,0.5784790640076002,7,0,0,0,0,0,0,0,0.0,0.16666666666666666,0.3333333333333333,0.25,0.5833333333333334,0,0.0,0.16666666666666666,0.3333333333333333,0.25,0.5833333333333334,0,0.0,0.16666666666666666,0.5,0.3333333333333333,0.5,0,0.0,0.5,0.3333333333333333,0.4166666666666667,0.75
1739,no_strict_e1_improvement,0,,,,,1,0,1,1,1,1,1,4,0,0,-1,current,0,0,0.615284783144792,0.615284783144792,10,0,0,0,0,0,0,0,0.0,0.5,1.0,0.75,0.75,0,0.0,0.5,1.0,0.75,0.75,0,0.0,0.5,1.0,0.75,0.75,0,0.0,0.5,1.0,0.75,0.75
1740,no_strict_e1_improvement,0,,,,,1,0,1,1,1,1,1,4,0,0,-1,current,0,0,0.5347492272655169,0.5347492272655169,8,0,0,0,0,0,0,0,0.0,0.5,1.0,0.75,0.75,0,0.0,0.5,1.0,0.75,0.75,0,0.0,0.5,1.0,0.75,0.75,0,0.0,0.5,1.0,0.75,0.75
1741,no_strict_e1_improvement,0,,,,,1,0,1,1,1,1,1,4,0,0,-1,current,0,0,0.6302460581064224,0.6302460581064224,11,0,0,0,0,0,0,0,0.0,1.0,0.5,0.75,0.75,0,0.0,1.0,0.5,0.75,0.75,0,0.0,1.0,0.5,0.75,0.75,0,0.0,1.0,0.5,0.75,0.75
1742,max_rounds,0,,,,,1,1,3,2,2,7,7,4,0,0,0,s1a3_greedy,1,0,0.613976942996184,0.5823347692688307,6,0,0,0,0,0,0,0,0.0,0.3333333333333333,0.5,0.4166666666666667,0.75,0,0.0,0.3333333333333333,0.5,0.4166666666666667,0.75,0,0.0,0.0,0.5,0.25,0.75,0,0.0,0.0,0.5,0.25,0.75
1743,small_component,0,,,,,1,0,0,0,0,0,0,4,0,0,-1,current,0,0,0.7054696157574654,0.7054696157574654,4,1,1,1,1,0,0,0,0.1111111111111111,0.16666666666666666,0.16666666666666666,0.16666666666666666,0.16666666666666666,0,0.1111111111111111,0.16666666666666666,0.16666666666666666,0.16666666666666666,0.16666666666666666,0,0.1111111111111111,0.16666666666666666,0.16666666666666666,0.16666666666666666,0.16666666666666666,0,0.1111111111111111,0.16666666666666666,0.16666666666666666,0.16666666666666666,0.16666666666666666
1744,no_strict_e1_improvement,0,,,,,1,0,1,1,1,1,1,4,0,0,-1,current,0,0,0.6243970493475596,0.6243970493475596,8,9,9,9,9,0,0,1,1.0,1.0,1.0,1.0,1.0,1,1.0,1.0,1.0,1.0,1.0,1,1.0,1.0,1.0,1.0,1.0,1,1.0,1.0,1.0,1.0,1.0
1745,max_rounds,0,,,,,1,1,5,4,4,16,16,4,0,-1,0,s1a3_greedy,1,0,0.7578946476181349,0.7018458098173141,4,1,1,0,0,-1,0,0,0.1111111111111111,0.16666666666666666,0.0,0.08333333333333333,0.25,0,0.1111111111111111,0.16666666666666666,0.0,0.08333333333333333,0.25,0,0.0,0.5,0.0,0.25,0.5,0,0.0,0.5,0.0,0.25,0.5
1746,no_strict_e1_improvement,0,,,,,1,0,1,1,1,1,1,4,0,0,-1,current,0,0,0.5910465940833092,0.5910465940833092,7,0,0,0,0,0,0,0,0.0,0.6666666666666666,0.5,0.5833333333333334,0.75,0,0.0,0.6666666666666666,0.5,0.5833333333333334,0.75,0,0.0,0.6666666666666666,0.5,0.5833333333333334,0.75,0,0.0,0.6666666666666666,0.5,0.5833333333333334,0.75
1747,max_rounds,0,,,,,1,1,5,4,4,14,14,4,0,0,0,s1a3_greedy,1,0,0.6437456657489141,0.6307631134986877,7,5,5,3,3,-2,0,0,0.5555555555555556,0.6666666666666666,0.3333333333333333,0.5,0.6666666666666666,0,0.5555555555555556,0.6666666666666666,0.3333333333333333,0.5,0.6666666666666666,0,0.3333333333333333,1.0,0.0,0.5,0.75,0,0.3333333333333333,1.0,0.0,0.5,0.75
1748,small_component,0,,,,,1,0,0,0,0,0,0,4,0,0,-1,current,0,0,0.7278613721330961,0.7278613721330961,7,7,7,7,7,0,0,0,0.7777777777777778,0.6666666666666666,0.6666666666666666,0.6666666666666666,0.75,0,0.7777777777777778,0.6666666666666666,0.6666666666666666,0.6666666666666666,0.75,0,0.7777777777777778,0.6666666666666666,0.6666666666666666,0.6666666666666666,0.75,0,0.7777777777777778,0.6666666666666666,0.6666666666666666,0.6666666666666666,0.75
1749,no_strict_e1_improvement,0,,,,,1,0,1,1,1,1,1,4,0,0,-1,current,0,0,0.687650685509046,0.687650685509046,10,0,0,0,0,0,0,0,0.0,0.5,1.0,0.75,0.75,0,0.0,0.5,1.0,0.75,0.75,0,0.0,0.5,1.0,0.75,0.75,0,0.0,0.5,1.0,0.75,0.75
1750,max_rounds,0,,,,,1,1,4,4,4,12,12,4,-1,-1,0,s1a3_greedy,1,0,0.6275618672370911,0.5842429026961327,6,0,0,0,0,0,0,0,0.0,0.0,0.6666666666666666,0.3333333333333333,0.3333333333333333,0,0.0,0.0,0.6666666666666666,0.3333333333333333,0.3333333333333333,0,0.0,0.5,0.8333333333333334,0.6666666666666666,0.6666666666666666,0,0.0,0.5,0.8333333333333334,0.6666666666666666,0.6666666666666666
1751,no_strict_e1_improvement,0,,,,,1,0,1,1,1,1,1,4,0,0,-1,current,0,0,0.7750203112761179,0.7750203112761179,7,0,0,0,0,0,0,0,0.0,0.8333333333333334,0.5,0.6666666666666666,0.6666666666666666,0,0.0,0.8333333333333334,0.5,0.6666666666666666,0.6666666666666666,0,0.0,0.8333333333333334,0.5,0.6666666666666666,0.6666666666666666,0,0.0,0.8333333333333334,0.5,0.6666666666666666,0.6666666666666666
1752,max_rounds,0,,,,,1,1,5,4,4,12,12,4,0,0,0,s1a3_greedy,1,0,0.7680849979321162,0.7096997698148092,5,0,0,0,0,0,0,0,0.0,0.3333333333333333,0.16666666666666666,0.25,0.4166666666666667,0,0.0,0.3333333333333333,0.16666666666666666,0.25,0.4166666666666667,0,0.0,0.6666666666666666,0.5,0.5833333333333334,0.75,0,0.0,0.6666666666666666,0.5,0.5833333333333334,0.75
1753,no_strict_e1_improvement,0,,,,,1,0,1,1,1,1,1,4,0,0,-1,current,0,0,0.6577241495251656,0.6577241495251656,8,0,0,0,0,0,0,0,0.0,0.5,1.0,0.75,0.75,0,0.0,0.5,1.0,0.75,0.75,0,0.0,0.5,1.0,0.75,0.75,0,0.0,0.5,1.0,0.75,0.75
1754,max_rounds,0,,,,,1,1,3,2,2,7,7,4,0,0,1,profiled_beam,1,1,0.8487931986649832,0.7239510615666708,7,6,6,7,9,3,2,0,0.6666666666666666,0.8333333333333334,0.5,0.6666666666666666,0.6666666666666666,0,0.6666666666666666,0.8333333333333334,0.5,0.6666666666666666,0.6666666666666666,0,0.7777777777777778,0.6666666666666666,0.6666666666666666,0.6666666666666666,0.75,1,1.0,1.0,1.0,1.0,1.0
1755,no_strict_e1_improvement,0,,,,,1,0,1,1,1,1,1,4,0,0,-1,current,0,0,0.635216236114502,0.635216236114502,9,0,0,0,0,0,0,0,0.0,0.5,1.0,0.75,0.75,0,0.0,0.5,1.0,0.75,0.75,0,0.0,0.5,1.0,0.75,0.75,0,0.0,0.5,1.0,0.75,0.75
1756,no_strict_e1_improvement,0,,,,,1,0,1,1,1,1,1,4,0,0,-1,current,0,0,0.6207822586099306,0.6207822586099306,10,9,9,9,9,0,0,1,1.0,1.0,1.0,1.0,1.0,1,1.0,1.0,1.0,1.0,1.0,1,1.0,1.0,1.0,1.0,1.0,1,1.0,1.0,1.0,1.0,1.0
1757,no_strict_e1_improvement,0,,,,,1,0,1,1,1,1,1,4,0,0,-1,current,0,0,0.674328550696373,0.674328550696373,7,2,2,2,2,0,0,0,0.2222222222222222,0.16666666666666666,0.6666666666666666,0.4166666666666667,0.5833333333333334,0,0.2222222222222222,0.16666666666666666,0.6666666666666666,0.4166666666666667,0.5833333333333334,0,0.2222222222222222,0.16666666666666666,0.6666666666666666,0.4166666666666667,0.5833333333333334,0,0.2222222222222222,0.16666666666666666,0.6666666666666666,0.4166666666666667,0.5833333333333334
1758,no_strict_e1_improvement,0,,,,,1,0,1,1,1,1,1,4,0,0,-1,current,0,0,0.5233212038874626,0.5233212038874626,9,9,9,9,9,0,0,1,1.0,1.0,1.0,1.0,1.0,1,1.0,1.0,1.0,1.0,1.0,1,1.0,1.0,1.0,1.0,1.0,1,1.0,1.0,1.0,1.0,1.0
1759,no_strict_e1_improvement,0,,,,,1,0,1,1,1,1,1,4,0,0,-1,current,0,0,0.5908573294679323,0.5908573294679323,9,0,0,0,0,0,0,0,0.0,0.5,0.6666666666666666,0.5833333333333334,0.6666666666666666,0,0.0,0.5,0.6666666666666666,0.5833333333333334,0.6666666666666666,0,0.0,0.5,0.6666666666666666,0.5833333333333334,0.6666666666666666,0,0.0,0.5,0.6666666666666666,0.5833333333333334,0.6666666666666666
1760,small_component,0,,,,,1,0,0,0,0,0,0,4,0,0,-1,current,0,0,0.6956449101368586,0.6956449101368586,6,0,0,0,0,0,0,0,0.0,0.16666666666666666,0.6666666666666666,0.4166666666666667,0.5,0,0.0,0.16666666666666666,0.6666666666666666,0.4166666666666667,0.5,0,0.0,0.16666666666666666,0.6666666666666666,0.4166666666666667,0.5,0,0.0,0.16666666666666666,0.6666666666666666,0.4166666666666667,0.5
1761,small_component,0,,,,,1,0,0,0,0,0,0,4,0,0,-1,current,0,0,0.7301351850231489,0.7301351850231489,4,0,0,0,0,0,0,0,0.0,0.6666666666666666,0.16666666666666666,0.4166666666666667,0.5833333333333334,0,0.0,0.6666666666666666,0.16666666666666666,0.4166666666666667,0.5833333333333334,0,0.0,0.6666666666666666,0.16666666666666666,0.4166666666666667,0.5833333333333334,0,0.0,0.6666666666666666,0.16666666666666666,0.4166666666666667,0.5833333333333334
1762,no_strict_e1_improvement,0,,,,,1,0,1,1,1,1,1,4,0,0,-1,current,0,0,0.6166722973187765,0.6166722973187765,10,0,0,0,0,0,0,0,0.0,0.5,1.0,0.75,0.75,0,0.0,0.5,1.0,0.75,0.75,0,0.0,0.5,1.0,0.75,0.75,0,0.0,0.5,1.0,0.75,0.75
1763,no_strict_e1_improvement,0,,,,,1,0,1,1,1,1,1,4,0,0,-1,current,0,0,0.7264887938896815,0.7264887938896815,5,9,9,9,9,0,0,1,1.0,1.0,1.0,1.0,1.0,1,1.0,1.0,1.0,1.0,1.0,1,1.0,1.0,1.0,1.0,1.0,1,1.0,1.0,1.0,1.0,1.0
1764,no_strict_e1_improvement,0,,,,,1,0,1,1,1,1,1,4,0,0,-1,current,0,0,0.6254672879974047,0.6254672879974047,10,0,0,0,0,0,0,0,0.0,0.5,1.0,0.75,0.75,0,0.0,0.5,1.0,0.75,0.75,0,0.0,0.5,1.0,0.75,0.75,0,0.0,0.5,1.0,0.75,0.75
1765,no_strict_e1_improvement,0,,,,,1,0,1,1,1,1,1,4,0,0,-1,current,0,0,0.4677956874171893,0.4677956874171893,9,9,9,9,9,0,0,1,1.0,1.0,1.0,1.0,1.0,1,1.0,1.0,1.0,1.0,1.0,1,1.0,1.0,1.0,1.0,1.0,1,1.0,1.0,1.0,1.0,1.0
1766,no_strict_e1_improvement,0,,,,,1,0,1,1,1,1,1,4,0,0,-1,current,0,0,0.5310473913947741,0.5310473913947741,12,9,9,9,9,0,0,1,1.0,1.0,1.0,1.0,1.0,1,1.0,1.0,1.0,1.0,1.0,1,1.0,1.0,1.0,1.0,1.0,1,1.0,1.0,1.0,1.0,1.0
1767,max_rounds,0,,,,,1,1,4,4,4,11,11,4,1,0,0,s1a3_greedy,1,0,0.749609554807345,0.6882186780373255,8,0,0,9,9,9,0,0,0.0,1.0,0.5,0.75,0.75,0,0.0,1.0,0.5,0.75,0.75,1,1.0,1.0,1.0,1.0,1.0,1,1.0,1.0,1.0,1.0,1.0
1768,max_rounds,0,,,,,1,1,3,2,2,6,6,4,0,0,1,profiled_beam,1,1,0.624982180694739,0.6146685952941576,8,6,6,6,9,3,3,0,0.6666666666666666,0.8333333333333334,0.5,0.6666666666666666,0.6666666666666666,0,0.6666666666666666,0.8333333333333334,0.5,0.6666666666666666,0.6666666666666666,0,0.6666666666666666,0.8333333333333334,0.5,0.6666666666666666,0.6666666666666666,1,1.0,1.0,1.0,1.0,1.0
1769,no_strict_e1_improvement,0,,,,,1,0,1,1,1,2,2,4,0,0,-1,current,0,0,0.6981006463368734,0.6981006463368734,4,0,0,0,0,0,0,0,0.0,0.16666666666666666,0.16666666666666666,0.16666666666666666,0.5,0,0.0,0.16666666666666666,0.16666666666666666,0.16666666666666666,0.5,0,0.0,0.16666666666666666,0.16666666666666666,0.16666666666666666,0.5,0,0.0,0.16666666666666666,0.16666666666666666,0.16666666666666666,0.5
1770,max_rounds,0,,,,,1,1,3,2,2,6,6,4,0,0,1,profiled_beam,1,1,0.46981097881992656,0.40850524976849556,9,6,6,6,9,3,3,0,0.6666666666666666,0.5,0.8333333333333334,0.6666666666666666,0.6666666666666666,0,0.6666666666666666,0.5,0.8333333333333334,0.6666666666666666,0.6666666666666666,0,0.6666666666666666,0.5,0.8333333333333334,0.6666666666666666,0.6666666666666666,1,1.0,1.0,1.0,1.0,1.0
1771,no_strict_e1_improvement,0,,,,,1,0,1,1,1,1,1,4,0,0,-1,current,0,0,0.6307108054558436,0.6307108054558436,10,9,9,9,9,0,0,1,1.0,1.0,1.0,1.0,1.0,1,1.0,1.0,1.0,1.0,1.0,1,1.0,1.0,1.0,1.0,1.0,1,1.0,1.0,1.0,1.0,1.0
1772,no_strict_e1_improvement,0,,,,,1,0,1,1,1,2,2,4,0,0,-1,current,0,0,0.8302426710724831,0.8302426710724831,7,0,0,0,0,0,0,0,0.0,0.6666666666666666,0.5,0.5833333333333334,0.75,0,0.0,0.6666666666666666,0.5,0.5833333333333334,0.75,0,0.0,0.6666666666666666,0.5,0.5833333333333334,0.75,0,0.0,0.6666666666666666,0.5,0.5833333333333334,0.75
1773,no_strict_e1_improvement,0,,,,,1,0,2,2,2,6,6,4,0,0,-1,current,0,0,0.6022844513257345,0.6022844513257345,8,9,9,9,9,0,0,1,1.0,1.0,1.0,1.0,1.0,1,1.0,1.0,1.0,1.0,1.0,1,1.0,1.0,1.0,1.0,1.0,1,1.0,1.0,1.0,1.0,1.0
1774,small_component,0,,,,,1,0,0,0,0,0,0,4,0,0,-1,current,0,0,0.8991062939167023,0.8991062939167023,5,0,0,0,0,0,0,0,0.0,0.16666666666666666,0.6666666666666666,0.4166666666666667,0.5833333333333334,0,0.0,0.16666666666666666,0.6666666666666666,0.4166666666666667,0.5833333333333334,0,0.0,0.16666666666666666,0.6666666666666666,0.4166666666666667,0.5833333333333334,0,0.0,0.16666666666666666,0.6666666666666666,0.4166666666666667,0.5833333333333334
1775,small_component,0,,,,,1,0,0,0,0,0,0,4,0,0,-1,current,0,0,0.49086830765008926,0.49086830765008926,7,0,0,0,0,0,0,0,0.0,0.3333333333333333,0.16666666666666666,0.25,0.25,0,0.0,0.3333333333333333,0.16666666666666666,0.25,0.25,0,0.0,0.3333333333333333,0.16666666666666666,0.25,0.25,0,0.0,0.3333333333333333,0.16666666666666666,0.25,0.25
1776,no_strict_e1_improvement,0,,,,,1,0,1,1,1,1,1,4,0,0,-1,current,0,0,0.6882673973838488,0.6882673973838488,9,9,9,9,9,0,0,1,1.0,1.0,1.0,1.0,1.0,1,1.0,1.0,1.0,1.0,1.0,1,1.0,1.0,1.0,1.0,1.0,1,1.0,1.0,1.0,1.0,1.0
1777,no_strict_e1_improvement,0,,,,,1,0,2,2,2,6,6,4,0,0,-1,current,0,0,0.606832226117452,0.606832226117452,9,9,9,9,9,0,0,1,1.0,1.0,1.0,1.0,1.0,1,1.0,1.0,1.0,1.0,1.0,1,1.0,1.0,1.0,1.0,1.0,1,1.0,1.0,1.0,1.0,1.0
1778,max_rounds,0,,,,,1,1,3,2,2,6,6,4,0,0,1,profiled_beam,1,1,0.6562132959564527,0.6153848394751549,10,6,6,7,9,3,2,0,0.6666666666666666,0.8333333333333334,0.5,0.6666666666666666,0.6666666666666666,0,0.6666666666666666,0.8333333333333334,0.5,0.6666666666666666,0.6666666666666666,0,0.7777777777777778,0.6666666666666666,0.6666666666666666,0.6666666666666666,0.75,1,1.0,1.0,1.0,1.0,1.0
1779,no_strict_e1_improvement,0,,,,,1,0,1,1,1,1,1,4,0,0,-1,current,0,0,0.7496585150559744,0.7496585150559744,8,0,0,0,0,0,0,0,0.0,0.5,0.8333333333333334,0.6666666666666666,0.6666666666666666,0,0.0,0.5,0.8333333333333334,0.6666666666666666,0.6666666666666666,0,0.0,0.5,0.8333333333333334,0.6666666666666666,0.6666666666666666,0,0.0,0.5,0.8333333333333334,0.6666666666666666,0.6666666666666666
1780,no_strict_e1_improvement,0,,,,,1,0,1,1,1,1,1,4,0,0,-1,current,0,0,0.631501130759716,0.631501130759716,11,9,9,9,9,0,0,1,1.0,1.0,1.0,1.0,1.0,1,1.0,1.0,1.0,1.0,1.0,1,1.0,1.0,1.0,1.0,1.0,1,1.0,1.0,1.0,1.0,1.0
1781,no_strict_e1_improvement,0,,,,,1,0,2,2,2,6,6,4,0,0,-1,current,0,0,0.5620427404840788,0.5620427404840788,8,0,0,0,0,0,0,0,0.0,0.8333333333333334,0.5,0.6666666666666666,0.6666666666666666,0,0.0,0.8333333333333334,0.5,0.6666666666666666,0.6666666666666666,0,0.0,0.8333333333333334,0.5,0.6666666666666666,0.6666666666666666,0,0.0,0.8333333333333334,0.5,0.6666666666666666,0.6666666666666666
1782,no_strict_e1_improvement,0,,,,,1,0,1,1,1,1,1,4,0,0,-1,current,0,0,0.5897831718126932,0.5897831718126932,9,9,9,9,9,0,0,1,1.0,1.0,1.0,1.0,1.0,1,1.0,1.0,1.0,1.0,1.0,1,1.0,1.0,1.0,1.0,1.0,1,1.0,1.0,1.0,1.0,1.0
1783,max_rounds,0,,,,,1,1,5,4,4,16,16,4,0,1,1,profiled_beam,1,1,0.9982162291804949,0.8056868091225624,6,0,0,6,9,9,3,0,0.0,0.3333333333333333,0.5,0.4166666666666667,0.5833333333333334,0,0.0,0.3333333333333333,0.5,0.4166666666666667,0.5833333333333334,0,0.6666666666666666,0.5,0.8333333333333334,0.6666666666666666,0.6666666666666666,1,1.0,1.0,1.0,1.0,1.0
1784,no_strict_e1_improvement,0,,,,,1,0,1,1,1,1,1,4,0,0,-1,current,0,0,0.7472106690208117,0.7472106690208117,9,0,0,0,0,0,0,0,0.0,0.5,0.5,0.5,0.5,0,0.0,0.5,0.5,0.5,0.5,0,0.0,0.5,0.5,0.5,0.5,0,0.0,0.5,0.5,0.5,0.5
1785,no_strict_e1_improvement,0,,,,,1,0,1,1,1,1,1,4,0,0,-1,current,0,0,0.6769084359208742,0.6769084359208742,9,0,0,0,0,0,0,0,0.0,0.5,0.5,0.5,0.5,0,0.0,0.5,0.5,0.5,0.5,0,0.0,0.5,0.5,0.5,0.5,0,0.0,0.5,0.5,0.5,0.5
1786,max_rounds,0,,,,,1,1,2,2,2,6,6,4,-1,0,1,profiled_beam,1,1,0.8563512737552325,0.8355771899223328,6,7,7,7,1,-6,-6,0,0.7777777777777778,0.6666666666666666,0.6666666666666666,0.6666666666666666,0.8333333333333334,0,0.7777777777777778,0.6666666666666666,0.6666666666666666,0.6666666666666666,0.8333333333333334,0,0.7777777777777778,0.6666666666666666,0.6666666666666666,0.6666666666666666,0.8333333333333334,0,0.1111111111111111,0.6666666666666666,0.3333333333333333,0.5,0.5833333333333334
1787,max_rounds,0,,,,,1,1,4,4,4,15,15,4,0,-1,1,profiled_beam,1,1,0.7110921641190847,0.7018772612015406,5,0,0,0,0,0,0,0,0.0,0.3333333333333333,0.16666666666666666,0.25,0.3333333333333333,0,0.0,0.3333333333333333,0.16666666666666666,0.25,0.3333333333333333,0,0.0,0.3333333333333333,0.16666666666666666,0.25,0.3333333333333333,0,0.0,0.6666666666666666,0.16666666666666666,0.4166666666666667,0.5
1788,max_rounds,0,,,,,1,1,5,4,4,15,15,4,0,1,0,s1a3_greedy,1,0,0.9134424651662508,0.8577658832073212,6,2,2,3,3,1,0,0,0.2222222222222222,0.16666666666666666,0.5,0.3333333333333333,0.3333333333333333,0,0.2222222222222222,0.16666666666666666,0.5,0.3333333333333333,0.3333333333333333,0,0.3333333333333333,0.0,1.0,0.5,0.75,0,0.3333333333333333,0.0,1.0,0.5,0.75
1789,max_rounds,0,,,,,1,1,5,4,4,11,11,4,0,1,1,profiled_beam,1,1,0.7507160554329554,0.6156368951002756,9,0,0,9,7,7,-2,0,0.0,0.5,0.6666666666666666,0.5833333333333334,0.6666666666666666,0,0.0,0.5,0.6666666666666666,0.5833333333333334,0.6666666666666666,1,1.0,1.0,1.0,1.0,1.0,0,0.7777777777777778,0.6666666666666666,0.6666666666666666,0.6666666666666666,0.75
1790,max_rounds,0,,,,,1,1,2,2,2,6,6,4,0,-1,0,s1a3_greedy,1,0,0.6431031872828802,0.6163717086116473,6,3,3,3,3,0,0,0,0.3333333333333333,0.0,1.0,0.5,1.0,0,0.3333333333333333,0.0,1.0,0.5,1.0,0,0.3333333333333333,0.0,1.0,0.5,0.75,0,0.3333333333333333,0.0,1.0,0.5,0.75
1791,no_strict_e1_improvement,0,,,,,1,0,1,1,1,1,1,4,0,0,-1,current,0,0,0.642237534125646,0.642237534125646,8,0,0,0,0,0,0,0,0.0,0.5,1.0,0.75,0.75,0,0.0,0.5,1.0,0.75,0.75,0,0.0,0.5,1.0,0.75,0.75,0,0.0,0.5,1.0,0.75,0.75
1792,max_rounds,0,,,,,1,1,2,2,2,7,7,4,1,0,1,profiled_beam,1,1,0.7053421636422476,0.6959659059842428,6,0,0,0,1,1,1,0,0.0,0.5,0.16666666666666666,0.3333333333333333,0.5,0,0.0,0.5,0.16666666666666666,0.3333333333333333,0.5,0,0.0,0.5,0.16666666666666666,0.3333333333333333,0.5,0,0.1111111111111111,0.3333333333333333,0.3333333333333333,0.3333333333333333,0.5
1793,no_strict_e1_improvement,0,,,,,1,0,1,1,1,1,1,4,0,0,-1,current,0,0,0.4908135384321213,0.4908135384321213,9,9,9,9,9,0,0,1,1.0,1.0,1.0,1.0,1.0,1,1.0,1.0,1.0,1.0,1.0,1,1.0,1.0,1.0,1.0,1.0,1,1.0,1.0,1.0,1.0,1.0
1794,small_component,0,,,,,1,0,0,0,0,0,0,4,0,0,-1,current,0,0,0.876026933391889,0.876026933391889,3,0,0,0,0,0,0,0,0.0,0.0,0.16666666666666666,0.08333333333333333,0.25,0,0.0,0.0,0.16666666666666666,0.08333333333333333,0.25,0,0.0,0.0,0.16666666666666666,0.08333333333333333,0.25,0,0.0,0.0,0.16666666666666666,0.08333333333333333,0.25
1795,max_rounds,0,,,,,1,1,5,4,4,14,14,4,-1,1,0,s1a3_greedy,1,0,0.878943366309007,0.7692178388436636,8,0,0,0,0,0,0,0,0.0,0.5,1.0,0.75,0.75,0,0.0,0.5,1.0,0.75,0.75,0,0.0,1.0,0.5,0.75,0.75,0,0.0,1.0,0.5,0.75,0.75
1796,no_strict_e1_improvement,0,,,,,1,0,1,1,1,1,1,4,0,0,-1,current,0,0,0.7019220267732939,0.7019220267732939,6,0,0,0,0,0,0,0,0.0,0.6666666666666666,0.5,0.5833333333333334,0.6666666666666666,0,0.0,0.6666666666666666,0.5,0.5833333333333334,0.6666666666666666,0,0.0,0.6666666666666666,0.5,0.5833333333333334,0.6666666666666666,0,0.0,0.6666666666666666,0.5,0.5833333333333334,0.6666666666666666
1797,no_strict_e1_improvement,0,,,,,1,0,1,1,1,1,1,4,0,0,-1,current,0,0,0.6983766406774521,0.6983766406774521,10,0,0,0,0,0,0,0,0.0,0.5,0.5,0.5,0.5,0,0.0,0.5,0.5,0.5,0.5,0,0.0,0.5,0.5,0.5,0.5,0,0.0,0.5,0.5,0.5,0.5
1798,no_strict_e1_improvement,0,,,,,1,0,1,1,1,1,1,4,0,0,-1,current,0,0,0.588897834221522,0.588897834221522,9,9,9,9,9,0,0,1,1.0,1.0,1.0,1.0,1.0,1,1.0,1.0,1.0,1.0,1.0,1,1.0,1.0,1.0,1.0,1.0,1,1.0,1.0,1.0,1.0,1.0
1799,max_rounds,0,,,,,1,1,4,4,4,15,15,4,-1,-1,1,profiled_beam,1,1,0.7151580552260081,0.695569209754467,5,0,0,0,0,0,0,0,0.0,0.0,0.6666666666666666,0.3333333333333333,0.3333333333333333,0,0.0,0.0,0.6666666666666666,0.3333333333333333,0.3333333333333333,0,0.0,0.16666666666666666,0.5,0.3333333333333333,0.5,0,0.0,0.0,0.6666666666666666,0.3333333333333333,0.3333333333333333
1800,max_rounds,0,,,,,1,1,5,4,4,15,15,4,1,0,0,s1a3_greedy,1,0,0.6203943764170011,0.6158101037144661,5,3,3,3,3,0,0,0,0.3333333333333333,0.6666666666666666,0.0,0.3333333333333333,0.5,0,0.3333333333333333,0.6666666666666666,0.0,0.3333333333333333,0.5,0,0.3333333333333333,1.0,0.0,0.5,0.75,0,0.3333333333333333,1.0,0.0,0.5,0.75
1801,no_strict_e1_improvement,0,,,,,1,0,1,1,1,1,1,4,0,0,-1,current,0,0,0.8115097731351852,0.8115097731351852,7,0,0,0,0,0,0,0,0.0,0.3333333333333333,0.5,0.4166666666666667,0.5833333333333334,0,0.0,0.3333333333333333,0.5,0.4166666666666667,0.5833333333333334,0,0.0,0.3333333333333333,0.5,0.4166666666666667,0.5833333333333334,0,0.0,0.3333333333333333,0.5,0.4166666666666667,0.5833333333333334
1802,no_strict_e1_improvement,0,,,,,1,0,1,1,1,1,1,4,0,0,-1,current,0,0,0.7465987056493759,0.7465987056493759,10,0,0,0,0,0,0,0,0.0,0.5,1.0,0.75,0.75,0,0.0,0.5,1.0,0.75,0.75,0,0.0,0.5,1.0,0.75,0.75,0,0.0,0.5,1.0,0.75,0.75
1803,max_rounds,0,,,,,1,1,5,4,4,15,15,4,0,0,1,profiled_beam,1,1,0.5352929706374804,0.5315782527128855,4,0,0,0,0,0,0,0,0.0,0.0,0.6666666666666666,0.3333333333333333,0.3333333333333333,0,0.0,0.0,0.6666666666666666,0.3333333333333333,0.3333333333333333,0,0.0,0.0,0.6666666666666666,0.3333333333333333,0.3333333333333333,0,0.0,0.5,0.8333333333333334,0.6666666666666666,0.6666666666666666
1804,no_strict_e1_improvement,0,,,,,1,0,1,1,1,1,1,4,0,0,-1,current,0,0,0.6828248848517736,0.6828248848517736,6,0,0,0,0,0,0,0,0.0,1.0,0.5,0.75,0.75,0,0.0,1.0,0.5,0.75,0.75,0,0.0,1.0,0.5,0.75,0.75,0,0.0,1.0,0.5,0.75,0.75
1805,no_strict_e1_improvement,0,,,,,1,0,1,1,1,1,1,4,0,0,-1,current,0,0,0.6545158525307974,0.6545158525307974,11,0,0,0,0,0,0,0,0.0,0.5,1.0,0.75,0.75,0,0.0,0.5,1.0,0.75,0.75,0,0.0,0.5,1.0,0.75,0.75,0,0.0,0.5,1.0,0.75,0.75
1806,no_strict_e1_improvement,0,,,,,1,0,1,1,1,1,1,4,0,0,-1,current,0,0,0.8115110521515211,0.8115110521515211,6,9,9,9,9,0,0,1,1.0,1.0,1.0,1.0,1.0,1,1.0,1.0,1.0,1.0,1.0,1,1.0,1.0,1.0,1.0,1.0,1,1.0,1.0,1.0,1.0,1.0
1807,no_strict_e1_improvement,0,,,,,1,0,1,1,1,1,1,4,0,0,-1,current,0,0,0.5166660621762276,0.5166660621762276,10,9,9,9,9,0,0,1,1.0,1.0,1.0,1.0,1.0,1,1.0,1.0,1.0,1.0,1.0,1,1.0,1.0,1.0,1.0,1.0,1,1.0,1.0,1.0,1.0,1.0
1808,max_rounds,0,,,,,1,1,5,4,4,12,12,4,-1,-1,0,s1a3_greedy,1,0,0.7749153872330984,0.6885589013497034,8,0,0,0,0,0,0,0,0.0,0.16666666666666666,0.5,0.3333333333333333,0.4166666666666667,0,0.0,0.16666666666666666,0.5,0.3333333333333333,0.4166666666666667,0,0.0,0.5,0.6666666666666666,0.5833333333333334,0.6666666666666666,0,0.0,0.5,0.6666666666666666,0.5833333333333334,0.6666666666666666
1809,no_strict_e1_improvement,0,,,,,1,0,1,1,1,1,1,4,0,0,-1,current,0,0,0.807617704073588,0.807617704073588,6,0,0,0,0,0,0,0,0.0,0.5,0.8333333333333334,0.6666666666666666,0.6666666666666666,0,0.0,0.5,0.8333333333333334,0.6666666666666666,0.6666666666666666,0,0.0,0.5,0.8333333333333334,0.6666666666666666,0.6666666666666666,0,0.0,0.5,0.8333333333333334,0.6666666666666666,0.6666666666666666
1810,no_strict_e1_improvement,0,,,,,1,0,2,2,2,6,6,4,0,0,-1,current,0,0,0.7344415361682574,0.7344415361682574,10,0,0,0,0,0,0,0,0.0,0.5,1.0,0.75,0.75,0,0.0,0.5,1.0,0.75,0.75,0,0.0,0.5,1.0,0.75,0.75,0,0.0,0.5,1.0,0.75,0.75
1811,no_strict_e1_improvement,0,,,,,1,0,1,1,1,1,1,4,0,0,-1,current,0,0,0.6936601723233858,0.6936601723233858,10,0,0,0,0,0,0,0,0.0,0.5,1.0,0.75,0.75,0,0.0,0.5,1.0,0.75,0.75,0,0.0,0.5,1.0,0.75,0.75,0,0.0,0.5,1.0,0.75,0.75
1812,max_rounds,0,,,,,1,1,3,2,2,6,6,4,0,-1,0,s1a3_greedy,1,0,0.7385805149873098,0.5803408101201057,9,0,0,9,9,9,0,0,0.0,0.5,0.8333333333333334,0.6666666666666666,0.6666666666666666,0,0.0,0.5,0.8333333333333334,0.6666666666666666,0.6666666666666666,1,1.0,1.0,1.0,1.0,1.0,1,1.0,1.0,1.0,1.0,1.0
1813,no_strict_e1_improvement,0,,,,,1,0,1,1,1,1,1,4,0,0,-1,current,0,0,0.5723377292354902,0.5723377292354902,11,0,0,0,0,0,0,0,0.0,0.5,1.0,0.75,0.75,0,0.0,0.5,1.0,0.75,0.75,0,0.0,0.5,1.0,0.75,0.75,0,0.0,0.5,1.0,0.75,0.75
1814,max_rounds,0,,,,,1,1,2,2,2,8,8,4,0,1,0,s1a3_greedy,1,0,0.4312971954544385,0.42566952606042224,7,9,9,0,0,-9,0,1,1.0,1.0,1.0,1.0,1.0,1,1.0,1.0,1.0,1.0,1.0,0,0.0,0.5,0.6666666666666666,0.5833333333333334,0.6666666666666666,0,0.0,0.5,0.6666666666666666,0.5833333333333334,0.6666666666666666
1815,no_strict_e1_improvement,0,,,,,1,0,2,2,2,8,8,4,0,0,-1,current,0,0,0.5243522798021635,0.5243522798021635,7,0,0,0,0,0,0,0,0.0,0.5,0.16666666666666666,0.3333333333333333,0.4166666666666667,0,0.0,0.5,0.16666666666666666,0.3333333333333333,0.4166666666666667,0,0.0,0.5,0.16666666666666666,0.3333333333333333,0.4166666666666667,0,0.0,0.5,0.16666666666666666,0.3333333333333333,0.4166666666666667
1816,small_component,0,,,,,1,0,0,0,0,0,0,4,0,0,-1,current,0,0,0.7929528380433718,0.7929528380433718,5,2,2,2,2,0,0,0,0.2222222222222222,0.16666666666666666,0.16666666666666666,0.16666666666666666,0.5,0,0.2222222222222222,0.16666666666666666,0.16666666666666666,0.16666666666666666,0.5,0,0.2222222222222222,0.16666666666666666,0.16666666666666666,0.16666666666666666,0.5,0,0.2222222222222222,0.16666666666666666,0.16666666666666666,0.16666666666666666,0.5
1817,no_strict_e1_improvement,0,,,,,1,0,1,1,1,1,1,4,0,0,-1,current,0,0,0.6178451304634412,0.6178451304634412,10,0,0,0,0,0,0,0,0.0,0.5,1.0,0.75,0.75,0,0.0,0.5,1.0,0.75,0.75,0,0.0,0.5,1.0,0.75,0.75,0,0.0,0.5,1.0,0.75,0.75
1818,no_strict_e1_improvement,0,,,,,1,0,1,1,1,1,1,4,0,0,-1,current,0,0,0.5586870163679123,0.5586870163679123,11,0,0,0,0,0,0,0,0.0,0.5,1.0,0.75,0.75,0,0.0,0.5,1.0,0.75,0.75,0,0.0,0.5,1.0,0.75,0.75,0,0.0,0.5,1.0,0.75,0.75
1819,no_strict_e1_improvement,0,,,,,1,0,2,2,2,6,6,4,0,0,-1,current,0,0,0.5894062668085098,0.5894062668085098,9,9,9,9,9,0,0,1,1.0,1.0,1.0,1.0,1.0,1,1.0,1.0,1.0,1.0,1.0,1,1.0,1.0,1.0,1.0,1.0,1,1.0,1.0,1.0,1.0,1.0
1820,max_rounds,0,,,,,1,1,3,2,2,6,6,4,0,0,1,profiled_beam,1,1,0.8002898444732031,0.7833007574081421,7,0,0,0,0,0,0,0,0.0,0.6666666666666666,0.16666666666666666,0.4166666666666667,0.5,0,0.0,0.6666666666666666,0.16666666666666666,0.4166666666666667,0.5,0,0.0,0.6666666666666666,0.16666666666666666,0.4166666666666667,0.5,0,0.0,1.0,0.5,0.75,0.75
1821,no_strict_e1_improvement,0,,,,,1,0,1,1,1,1,1,4,0,0,-1,current,0,0,0.6082777480284373,0.6082777480284373,6,0,0,0,0,0,0,0,0.0,1.0,0.5,0.75,0.75,0,0.0,1.0,0.5,0.75,0.75,0,0.0,1.0,0.5,0.75,0.75,0,0.0,1.0,0.5,0.75,0.75
1822,no_strict_e1_improvement,0,,,,,1,0,1,1,1,1,1,4,0,0,-1,current,0,0,0.7185909301042557,0.7185909301042557,10,0,0,0,0,0,0,0,0.0,0.5,1.0,0.75,0.75,0,0.0,0.5,1.0,0.75,0.75,0,0.0,0.5,1.0,0.75,0.75,0,0.0,0.5,1.0,0.75,0.75
1823,max_rounds,0,,,,,1,1,5,4,4,15,15,4,-1,1,1,profiled_beam,1,1,0.7835574398438135,0.5490707904100418,8,0,0,6,9,9,3,0,0.0,0.3333333333333333,0.5,0.4166666666666667,0.5833333333333334,0,0.0,0.3333333333333333,0.5,0.4166666666666667,0.5833333333333334,0,0.6666666666666666,0.8333333333333334,0.5,0.6666666666666666,0.6666666666666666,1,1.0,1.0,1.0,1.0,1.0
1824,no_strict_e1_improvement,0,,,,,1,0,1,1,1,1,1,4,0,0,-1,current,0,0,0.7277566939592361,0.7277566939592361,8,0,0,0,0,0,0,0,0.0,0.5,1.0,0.75,0.75,0,0.0,0.5,1.0,0.75,0.75,0,0.0,0.5,1.0,0.75,0.75,0,0.0,0.5,1.0,0.75,0.75
1825,no_strict_e1_improvement,0,,,,,1,0,1,1,1,1,1,4,0,0,-1,current,0,0,0.6548007826010386,0.6548007826010386,7,3,3,3,3,0,0,0,0.3333333333333333,0.0,1.0,0.5,0.75,0,0.3333333333333333,0.0,1.0,0.5,0.75,0,0.3333333333333333,0.0,1.0,0.5,0.75,0,0.3333333333333333,0.0,1.0,0.5,0.75
1826,max_rounds,0,,,,,1,1,4,4,4,12,12,4,1,-1,0,s1a3_greedy,1,0,0.8078172778089842,0.7391072561343511,8,0,0,0,0,0,0,0,0.0,0.5,0.8333333333333334,0.6666666666666666,0.6666666666666666,0,0.0,0.5,0.8333333333333334,0.6666666666666666,0.6666666666666666,0,0.0,0.5,0.8333333333333334,0.6666666666666666,0.6666666666666666,0,0.0,0.5,0.8333333333333334,0.6666666666666666,0.6666666666666666
1827,no_strict_e1_improvement,0,,,,,1,0,2,2,2,6,6,4,0,0,-1,current,0,0,0.6593559483687083,0.6593559483687083,8,9,9,9,9,0,0,1,1.0,1.0,1.0,1.0,1.0,1,1.0,1.0,1.0,1.0,1.0,1,1.0,1.0,1.0,1.0,1.0,1,1.0,1.0,1.0,1.0,1.0
1828,max_rounds,0,,,,,1,1,4,4,4,14,14,4,-1,1,1,profiled_beam,1,1,0.8316025535265604,0.7544291491309801,5,0,0,1,0,0,-1,0,0.0,0.3333333333333333,0.5,0.4166666666666667,0.4166666666666667,0,0.0,0.3333333333333333,0.5,0.4166666666666667,0.4166666666666667,0,0.1111111111111111,0.16666666666666666,0.5,0.3333333333333333,0.4166666666666667,0,0.0,0.3333333333333333,0.5,0.4166666666666667,0.5833333333333334
1829,no_strict_e1_improvement,0,,,,,1,0,2,2,2,8,8,4,0,0,-1,current,0,0,0.7139220883448919,0.7139220883448919,5,9,9,9,9,0,0,1,1.0,1.0,1.0,1.0,1.0,1,1.0,1.0,1.0,1.0,1.0,1,1.0,1.0,1.0,1.0,1.0,1,1.0,1.0,1.0,1.0,1.0
1830,max_rounds,0,,,,,1,1,3,2,2,6,6,4,0,0,0,s1a3_greedy,1,0,0.6426578263441721,0.6147034416596094,7,6,6,7,7,1,0,0,0.6666666666666666,0.5,0.5,0.5,0.6666666666666666,0,0.6666666666666666,0.5,0.5,0.5,0.6666666666666666,0,0.7777777777777778,0.6666666666666666,0.6666666666666666,0.6666666666666666,0.75,0,0.7777777777777778,0.6666666666666666,0.6666666666666666,0.6666666666666666,0.75
1831,no_strict_e1_improvement,0,,,,,1,0,1,1,1,2,2,4,0,0,-1,current,0,0,0.534572996199131,0.534572996199131,6,9,9,9,9,0,0,1,1.0,1.0,1.0,1.0,1.0,1,1.0,1.0,1.0,1.0,1.0,1,1.0,1.0,1.0,1.0,1.0,1,1.0,1.0,1.0,1.0,1.0
1832,no_strict_e1_improvement,0,,,,,1,0,1,1,1,1,1,4,0,0,-1,current,0,0,0.6773542761802673,0.6773542761802673,6,9,9,9,9,0,0,1,1.0,1.0,1.0,1.0,1.0,1,1.0,1.0,1.0,1.0,1.0,1,1.0,1.0,1.0,1.0,1.0,1,1.0,1.0,1.0,1.0,1.0
1833,max_rounds,0,,,,,1,1,2,1,1,2,2,4,0,0,0,s1a3_greedy,1,0,0.7749231159687042,0.66056028008461,7,7,7,9,9,2,0,0,0.7777777777777778,0.6666666666666666,0.6666666666666666,0.6666666666666666,0.6666666666666666,0,0.7777777777777778,0.6666666666666666,0.6666666666666666,0.6666666666666666,0.6666666666666666,1,1.0,1.0,1.0,1.0,1.0,1,1.0,1.0,1.0,1.0,1.0
1834,no_strict_e1_improvement,0,,,,,1,0,1,1,1,1,1,4,0,0,-1,current,0,0,0.5717464139064153,0.5717464139064153,9,0,0,0,0,0,0,0,0.0,0.5,1.0,0.75,0.75,0,0.0,0.5,1.0,0.75,0.75,0,0.0,0.5,1.0,0.75,0.75,0,0.0,0.5,1.0,0.75,0.75
1835,no_strict_e1_improvement,0,,,,,1,0,1,1,1,1,1,4,0,0,-1,current,0,0,0.6621834834416708,0.6621834834416708,11,9,9,9,9,0,0,1,1.0,1.0,1.0,1.0,1.0,1,1.0,1.0,1.0,1.0,1.0,1,1.0,1.0,1.0,1.0,1.0,1,1.0,1.0,1.0,1.0,1.0
1836,no_strict_e1_improvement,0,,,,,1,0,1,1,1,1,1,4,0,0,-1,current,0,0,0.5377704712251822,0.5377704712251822,8,9,9,9,9,0,0,1,1.0,1.0,1.0,1.0,1.0,1,1.0,1.0,1.0,1.0,1.0,1,1.0,1.0,1.0,1.0,1.0,1,1.0,1.0,1.0,1.0,1.0
1837,no_strict_e1_improvement,0,,,,,1,0,1,1,1,1,1,4,0,0,-1,current,0,0,0.6982746993501981,0.6982746993501981,9,9,9,9,9,0,0,1,1.0,1.0,1.0,1.0,1.0,1,1.0,1.0,1.0,1.0,1.0,1,1.0,1.0,1.0,1.0,1.0,1,1.0,1.0,1.0,1.0,1.0
1838,max_rounds,0,,,,,1,1,5,4,4,16,16,4,0,0,1,profiled_beam,1,1,0.6542686919371287,0.612990307311217,4,6,6,6,9,3,3,0,0.6666666666666666,0.5,0.5,0.5,0.5,0,0.6666666666666666,0.5,0.5,0.5,0.5,0,0.6666666666666666,0.5,0.5,0.5,0.5,1,1.0,1.0,1.0,1.0,1.0
1839,no_strict_e1_improvement,0,,,,,1,0,1,1,1,1,1,4,0,0,-1,current,0,0,0.5208552976449331,0.5208552976449331,9,9,9,9,9,0,0,1,1.0,1.0,1.0,1.0,1.0,1,1.0,1.0,1.0,1.0,1.0,1,1.0,1.0,1.0,1.0,1.0,1,1.0,1.0,1.0,1.0,1.0
1840,max_rounds,0,,,,,1,1,2,2,2,6,6,4,0,-1,0,s1a3_greedy,1,0,0.5258820777138075,0.5179633945226669,9,0,0,9,9,9,0,0,0.0,0.5,1.0,0.75,0.75,0,0.0,0.5,1.0,0.75,0.75,1,1.0,1.0,1.0,1.0,1.0,1,1.0,1.0,1.0,1.0,1.0
1841,no_strict_e1_improvement,0,,,,,1,0,1,1,1,1,1,4,0,0,-1,current,0,0,0.6097172275185585,0.6097172275185585,10,0,0,0,0,0,0,0,0.0,0.5,0.5,0.5,0.5,0,0.0,0.5,0.5,0.5,0.5,0,0.0,0.5,0.5,0.5,0.5,0,0.0,0.5,0.5,0.5,0.5
1842,small_component,0,,,,,1,0,0,0,0,0,0,4,0,0,-1,current,0,0,0.7816207086046537,0.7816207086046537,7,1,1,1,1,0,0,0,0.1111111111111111,0.16666666666666666,0.5,0.3333333333333333,0.6666666666666666,0,0.1111111111111111,0.16666666666666666,0.5,0.3333333333333333,0.6666666666666666,0,0.1111111111111111,0.16666666666666666,0.5,0.3333333333333333,0.6666666666666666,0,0.1111111111111111,0.16666666666666666,0.5,0.3333333333333333,0.6666666666666666
1843,no_strict_e1_improvement,0,,,,,1,0,1,1,1,1,1,4,0,0,-1,current,0,0,0.6966081360975901,0.6966081360975901,10,0,0,0,0,0,0,0,0.0,0.8333333333333334,0.5,0.6666666666666666,0.6666666666666666,0,0.0,0.8333333333333334,0.5,0.6666666666666666,0.6666666666666666,0,0.0,0.8333333333333334,0.5,0.6666666666666666,0.6666666666666666,0,0.0,0.8333333333333334,0.5,0.6666666666666666,0.6666666666666666
1844,small_component,0,,,,,1,0,0,0,0,0,0,4,0,0,-1,current,0,0,0.832068440814813,0.832068440814813,4,0,0,0,0,0,0,0,0.0,0.5,0.3333333333333333,0.4166666666666667,0.5833333333333334,0,0.0,0.5,0.3333333333333333,0.4166666666666667,0.5833333333333334,0,0.0,0.5,0.3333333333333333,0.4166666666666667,0.5833333333333334,0,0.0,0.5,0.3333333333333333,0.4166666666666667,0.5833333333333334
1845,partial_completed__max_rounds,1,,3,2,4,1,1,3,2,2,7,7,4,1,0,0,s1a3_greedy,1,0,0.8473349660634995,0.7367360343535742,8,0,0,0,0,0,0,0,0.0,0.16666666666666666,0.3333333333333333,0.25,0.25,0,0.0,0.5,0.5,0.5,0.5,0,0.0,0.5,1.0,0.75,0.75,0,0.0,0.5,1.0,0.75,0.75
1846,no_strict_e1_improvement,0,,,,,1,0,1,1,1,1,1,4,0,0,-1,current,0,0,0.6557803303003311,0.6557803303003311,8,0,0,0,0,0,0,0,0.0,0.5,1.0,0.75,0.75,0,0.0,0.5,1.0,0.75,0.75,0,0.0,0.5,1.0,0.75,0.75,0,0.0,0.5,1.0,0.75,0.75
1847,no_strict_e1_improvement,0,,,,,1,0,1,1,1,1,1,4,0,0,-1,current,0,0,0.5872212847073873,0.5872212847073873,10,9,9,9,9,0,0,1,1.0,1.0,1.0,1.0,1.0,1,1.0,1.0,1.0,1.0,1.0,1,1.0,1.0,1.0,1.0,1.0,1,1.0,1.0,1.0,1.0,1.0
1848,no_strict_e1_improvement,0,,,,,1,0,1,1,1,1,1,4,0,0,-1,current,0,0,0.6093303884069124,0.6093303884069124,8,9,9,9,9,0,0,1,1.0,1.0,1.0,1.0,1.0,1,1.0,1.0,1.0,1.0,1.0,1,1.0,1.0,1.0,1.0,1.0,1,1.0,1.0,1.0,1.0,1.0
1849,partial_completed__max_rounds,1,,3,2,4,1,1,5,4,4,16,16,4,1,0,1,profiled_beam,1,1,0.6323998520771662,0.4777684584259987,5,1,1,1,4,3,3,0,0.1111111111111111,0.0,0.0,0.0,0.08333333333333333,0,0.1111111111111111,0.0,0.16666666666666666,0.08333333333333333,0.25,0,0.1111111111111111,0.3333333333333333,0.3333333333333333,0.3333333333333333,0.4166666666666667,0,0.4444444444444444,0.5,0.3333333333333333,0.4166666666666667,0.5833333333333334
1850,no_strict_e1_improvement,0,,,,,1,0,2,2,2,6,6,4,0,0,-1,current,0,0,0.6146427740653356,0.6146427740653356,9,0,0,0,0,0,0,0,0.0,0.6666666666666666,0.5,0.5833333333333334,0.5833333333333334,0,0.0,0.6666666666666666,0.5,0.5833333333333334,0.5833333333333334,0,0.0,0.6666666666666666,0.5,0.5833333333333334,0.5833333333333334,0,0.0,0.6666666666666666,0.5,0.5833333333333334,0.5833333333333334
1851,max_rounds,0,,,,,1,1,5,4,4,16,16,4,-1,0,1,profiled_beam,1,1,0.6455014323194822,0.47429557889699936,6,0,0,7,1,1,-6,0,0.0,0.3333333333333333,0.6666666666666666,0.5,0.5833333333333334,0,0.0,0.3333333333333333,0.6666666666666666,0.5,0.5833333333333334,0,0.7777777777777778,0.6666666666666666,0.6666666666666666,0.6666666666666666,0.75,0,0.1111111111111111,0.3333333333333333,0.6666666666666666,0.5,0.5833333333333334
1852,no_strict_e1_improvement,0,,,,,1,0,1,1,1,1,1,4,0,0,-1,current,0,0,0.6880338614185652,0.6880338614185652,10,9,9,9,9,0,0,1,1.0,1.0,1.0,1.0,1.0,1,1.0,1.0,1.0,1.0,1.0,1,1.0,1.0,1.0,1.0,1.0,1,1.0,1.0,1.0,1.0,1.0
1853,no_strict_e1_improvement,0,,,,,1,0,1,1,1,1,1,4,0,0,-1,current,0,0,0.6236524060368538,0.6236524060368538,8,0,0,0,0,0,0,0,0.0,0.5,1.0,0.75,0.75,0,0.0,0.5,1.0,0.75,0.75,0,0.0,0.5,1.0,0.75,0.75,0,0.0,0.5,1.0,0.75,0.75
1854,no_strict_e1_improvement,0,,,,,1,0,1,1,1,1,1,4,0,0,-1,current,0,0,0.6017536073923111,0.6017536073923111,9,0,0,0,0,0,0,0,0.0,0.5,1.0,0.75,0.75,0,0.0,0.5,1.0,0.75,0.75,0,0.0,0.5,1.0,0.75,0.75,0,0.0,0.5,1.0,0.75,0.75
1855,small_component,0,,,,,1,0,0,0,0,0,0,4,0,0,-1,current,0,0,0.635996975004673,0.635996975004673,6,0,0,0,0,0,0,0,0.0,0.16666666666666666,0.3333333333333333,0.25,0.4166666666666667,0,0.0,0.16666666666666666,0.3333333333333333,0.25,0.4166666666666667,0,0.0,0.16666666666666666,0.3333333333333333,0.25,0.4166666666666667,0,0.0,0.16666666666666666,0.3333333333333333,0.25,0.4166666666666667
1856,no_strict_e1_improvement,0,,,,,1,0,1,1,1,1,1,4,0,0,-1,current,0,0,0.6718887537717819,0.6718887537717819,10,0,0,0,0,0,0,0,0.0,0.5,1.0,0.75,0.75,0,0.0,0.5,1.0,0.75,0.75,0,0.0,0.5,1.0,0.75,0.75,0,0.0,0.5,1.0,0.75,0.75
1857,small_component,0,,,,,1,0,0,0,0,0,0,4,0,0,-1,current,0,0,0.5963815425833067,0.5963815425833067,4,2,2,2,2,0,0,0,0.2222222222222222,0.16666666666666666,0.16666666666666666,0.16666666666666666,0.5,0,0.2222222222222222,0.16666666666666666,0.16666666666666666,0.16666666666666666,0.5,0,0.2222222222222222,0.16666666666666666,0.16666666666666666,0.16666666666666666,0.5,0,0.2222222222222222,0.16666666666666666,0.16666666666666666,0.16666666666666666,0.5
1858,no_strict_e1_improvement,0,,,,,1,0,1,1,1,1,1,4,0,0,-1,current,0,0,0.5156387041012446,0.5156387041012446,12,9,9,9,9,0,0,1,1.0,1.0,1.0,1.0,1.0,1,1.0,1.0,1.0,1.0,1.0,1,1.0,1.0,1.0,1.0,1.0,1,1.0,1.0,1.0,1.0,1.0
1859,no_strict_e1_improvement,0,,,,,1,0,2,2,2,7,7,4,0,0,-1,current,0,0,0.6139985298117002,0.6139985298117002,10,9,9,9,9,0,0,1,1.0,1.0,1.0,1.0,1.0,1,1.0,1.0,1.0,1.0,1.0,1,1.0,1.0,1.0,1.0,1.0,1,1.0,1.0,1.0,1.0,1.0
1860,partial_completed__small_component,1,,3,2,4,1,0,0,0,0,0,0,4,0,0,-1,current,1,0,0.8179377590616544,0.8179377590616544,5,3,3,3,3,0,0,0,0.3333333333333333,0.6666666666666666,0.0,0.3333333333333333,0.3333333333333333,0,0.3333333333333333,0.6666666666666666,0.0,0.3333333333333333,0.5,0,0.3333333333333333,0.6666666666666666,0.0,0.3333333333333333,0.5,0,0.3333333333333333,0.6666666666666666,0.0,0.3333333333333333,0.5
1861,no_strict_e1_improvement,0,,,,,1,0,2,2,2,6,6,4,0,0,-1,current,0,0,0.5282426029443741,0.5282426029443741,9,9,9,9,9,0,0,1,1.0,1.0,1.0,1.0,1.0,1,1.0,1.0,1.0,1.0,1.0,1,1.0,1.0,1.0,1.0,1.0,1,1.0,1.0,1.0,1.0,1.0
1862,small_component,0,,,,,1,0,0,0,0,0,0,4,0,0,-1,current,0,0,0.8222615917523702,0.8222615917523702,7,3,3,3,3,0,0,0,0.3333333333333333,0.0,1.0,0.5,0.75,0,0.3333333333333333,0.0,1.0,0.5,0.75,0,0.3333333333333333,0.0,1.0,0.5,0.75,0,0.3333333333333333,0.0,1.0,0.5,0.75
1863,no_strict_e1_improvement,0,,,,,1,0,1,1,1,1,1,4,0,0,-1,current,0,0,0.6893345887462298,0.6893345887462298,8,0,0,0,0,0,0,0,0.0,0.5,0.6666666666666666,0.5833333333333334,0.75,0,0.0,0.5,0.6666666666666666,0.5833333333333334,0.75,0,0.0,0.5,0.6666666666666666,0.5833333333333334,0.75,0,0.0,0.5,0.6666666666666666,0.5833333333333334,0.75
1864,no_strict_e1_improvement,0,,,,,1,0,1,1,1,1,1,4,0,0,-1,current,0,0,0.6003367727001508,0.6003367727001508,10,9,9,9,9,0,0,1,1.0,1.0,1.0,1.0,1.0,1,1.0,1.0,1.0,1.0,1.0,1,1.0,1.0,1.0,1.0,1.0,1,1.0,1.0,1.0,1.0,1.0
1865,no_strict_e1_improvement,0,,,,,1,0,2,2,2,6,6,4,0,0,-1,current,0,0,0.6374615778525671,0.6374615778525671,7,9,9,9,9,0,0,1,1.0,1.0,1.0,1.0,1.0,1,1.0,1.0,1.0,1.0,1.0,1,1.0,1.0,1.0,1.0,1.0,1,1.0,1.0,1.0,1.0,1.0
1866,no_strict_e1_improvement,0,,,,,1,0,4,4,4,16,16,4,0,0,-1,current,0,0,0.5287547049423059,0.5287547049423059,9,0,0,0,0,0,0,0,0.0,1.0,0.5,0.75,0.75,0,0.0,1.0,0.5,0.75,0.75,0,0.0,1.0,0.5,0.75,0.75,0,0.0,1.0,0.5,0.75,0.75
1867,no_strict_e1_improvement,0,,,,,1,0,1,1,1,1,1,4,0,0,-1,current,0,0,0.5681550080577532,0.5681550080577532,7,9,9,9,9,0,0,1,1.0,1.0,1.0,1.0,1.0,1,1.0,1.0,1.0,1.0,1.0,1,1.0,1.0,1.0,1.0,1.0,1,1.0,1.0,1.0,1.0,1.0
1868,no_strict_e1_improvement,0,,,,,1,0,2,2,2,7,7,4,0,0,-1,current,0,0,0.6534626086552938,0.6534626086552938,9,9,9,9,9,0,0,1,1.0,1.0,1.0,1.0,1.0,1,1.0,1.0,1.0,1.0,1.0,1,1.0,1.0,1.0,1.0,1.0,1,1.0,1.0,1.0,1.0,1.0
1869,partial_completed__no_strict_e1_improvement,1,,3,2,3,1,0,2,2,2,6,6,4,0,0,-1,current,1,0,0.4994016041358312,0.4994016041358312,4,0,0,0,0,0,0,0,0.0,0.5,0.6666666666666666,0.5833333333333334,0.5833333333333334,0,0.0,0.5,1.0,0.75,0.75,0,0.0,0.5,1.0,0.75,0.75,0,0.0,0.5,1.0,0.75,0.75
1870,no_strict_e1_improvement,0,,,,,1,0,1,1,1,1,1,4,0,0,-1,current,0,0,0.6394360264142355,0.6394360264142355,8,3,3,3,3,0,0,0,0.3333333333333333,0.5,0.6666666666666666,0.5833333333333334,0.5833333333333334,0,0.3333333333333333,0.5,0.6666666666666666,0.5833333333333334,0.5833333333333334,0,0.3333333333333333,0.5,0.6666666666666666,0.5833333333333334,0.5833333333333334,0,0.3333333333333333,0.5,0.6666666666666666,0.5833333333333334,0.5833333333333334
1871,partial_completed__small_component,1,,3,2,3,1,0,0,0,0,0,0,4,0,0,-1,current,1,0,0.7222375323375066,0.7222375323375066,6,0,0,0,0,0,0,0,0.0,0.0,0.16666666666666666,0.08333333333333333,0.16666666666666666,0,0.0,0.16666666666666666,0.3333333333333333,0.25,0.3333333333333333,0,0.0,0.16666666666666666,0.3333333333333333,0.25,0.3333333333333333,0,0.0,0.16666666666666666,0.3333333333333333,0.25,0.3333333333333333
1872,max_rounds,0,,,,,1,1,5,4,4,15,15,4,0,0,1,profiled_beam,1,1,0.7227914730707804,0.6529164810975393,6,0,0,0,2,2,2,0,0.0,0.5,0.0,0.25,0.3333333333333333,0,0.0,0.5,0.0,0.25,0.3333333333333333,0,0.0,0.5,0.16666666666666666,0.3333333333333333,0.5,0,0.2222222222222222,0.5,0.16666666666666666,0.3333333333333333,0.3333333333333333
1873,max_rounds,0,,,,,1,1,3,2,2,4,4,4,0,0,0,s1a3_greedy,1,0,0.5627713973323504,0.5519817173480988,7,7,7,9,9,2,0,0,0.7777777777777778,0.6666666666666666,0.6666666666666666,0.6666666666666666,0.75,0,0.7777777777777778,0.6666666666666666,0.6666666666666666,0.6666666666666666,0.75,1,1.0,1.0,1.0,1.0,1.0,1,1.0,1.0,1.0,1.0,1.0
1874,small_component,0,,,,,1,0,0,0,0,0,0,4,0,0,-1,current,0,0,0.749609528730313,0.749609528730313,6,0,0,0,0,0,0,0,0.0,0.16666666666666666,0.16666666666666666,0.16666666666666666,0.4166666666666667,0,0.0,0.16666666666666666,0.16666666666666666,0.16666666666666666,0.4166666666666667,0,0.0,0.16666666666666666,0.16666666666666666,0.16666666666666666,0.4166666666666667,0,0.0,0.16666666666666666,0.16666666666666666,0.16666666666666666,0.4166666666666667
1875,no_strict_e1_improvement,0,,,,,1,0,1,1,1,1,1,4,0,0,-1,current,0,0,0.686437651515007,0.686437651515007,7,0,0,0,0,0,0,0,0.0,0.0,0.8333333333333334,0.4166666666666667,0.4166666666666667,0,0.0,0.0,0.8333333333333334,0.4166666666666667,0.4166666666666667,0,0.0,0.0,0.8333333333333334,0.4166666666666667,0.4166666666666667,0,0.0,0.0,0.8333333333333334,0.4166666666666667,0.4166666666666667
1876,no_strict_e1_improvement,0,,,,,1,0,1,1,1,1,1,4,0,0,-1,current,0,0,0.6262938578923544,0.6262938578923544,3,0,0,0,0,0,0,0,0.0,0.5,0.6666666666666666,0.5833333333333334,0.6666666666666666,0,0.0,0.5,0.6666666666666666,0.5833333333333334,0.6666666666666666,0,0.0,0.5,0.6666666666666666,0.5833333333333334,0.6666666666666666,0,0.0,0.5,0.6666666666666666,0.5833333333333334,0.6666666666666666
1877,no_strict_e1_improvement,0,,,,,1,0,1,1,1,1,1,4,0,0,-1,current,0,0,0.6237347225348154,0.6237347225348154,9,9,9,9,9,0,0,1,1.0,1.0,1.0,1.0,1.0,1,1.0,1.0,1.0,1.0,1.0,1,1.0,1.0,1.0,1.0,1.0,1,1.0,1.0,1.0,1.0,1.0
1878,no_strict_e1_improvement,0,,,,,1,0,1,1,1,1,1,4,0,0,-1,current,0,0,0.604345348974069,0.604345348974069,10,0,0,0,0,0,0,0,0.0,0.5,1.0,0.75,0.75,0,0.0,0.5,1.0,0.75,0.75,0,0.0,0.5,1.0,0.75,0.75,0,0.0,0.5,1.0,0.75,0.75
1879,max_rounds,0,,,,,1,1,5,4,4,15,15,4,-1,0,1,profiled_beam,1,1,0.7615328480799993,0.759194533030192,5,0,0,0,0,0,0,0,0.0,0.0,0.6666666666666666,0.3333333333333333,0.3333333333333333,0,0.0,0.0,0.6666666666666666,0.3333333333333333,0.3333333333333333,0,0.0,0.16666666666666666,0.5,0.3333333333333333,0.4166666666666667,0,0.0,0.16666666666666666,0.3333333333333333,0.25,0.25
1880,small_component,0,,,,,1,0,0,0,0,0,0,4,0,0,-1,current,0,0,0.6128380969166756,0.6128380969166756,6,0,0,0,0,0,0,0,0.0,0.6666666666666666,0.0,0.3333333333333333,0.3333333333333333,0,0.0,0.6666666666666666,0.0,0.3333333333333333,0.3333333333333333,0,0.0,0.6666666666666666,0.0,0.3333333333333333,0.3333333333333333,0,0.0,0.6666666666666666,0.0,0.3333333333333333,0.3333333333333333
1881,no_strict_e1_improvement,0,,,,,1,0,1,1,1,1,1,4,0,0,-1,current,0,0,0.6325439314047495,0.6325439314047495,9,6,6,6,6,0,0,0,0.6666666666666666,0.8333333333333334,0.5,0.6666666666666666,0.6666666666666666,0,0.6666666666666666,0.8333333333333334,0.5,0.6666666666666666,0.6666666666666666,0,0.6666666666666666,0.8333333333333334,0.5,0.6666666666666666,0.6666666666666666,0,0.6666666666666666,0.8333333333333334,0.5,0.6666666666666666,0.6666666666666666
1882,no_strict_e1_improvement,0,,,,,1,0,2,2,2,6,6,4,0,0,-1,current,0,0,0.7721984808643659,0.7721984808643659,6,9,9,9,9,0,0,1,1.0,1.0,1.0,1.0,1.0,1,1.0,1.0,1.0,1.0,1.0,1,1.0,1.0,1.0,1.0,1.0,1,1.0,1.0,1.0,1.0,1.0
1883,no_strict_e1_improvement,0,,,,,1,0,1,1,1,1,1,4,0,0,-1,current,0,0,0.6587763403852781,0.6587763403852781,10,0,0,0,0,0,0,0,0.0,1.0,0.5,0.75,0.75,0,0.0,1.0,0.5,0.75,0.75,0,0.0,1.0,0.5,0.75,0.75,0,0.0,1.0,0.5,0.75,0.75
1884,no_strict_e1_improvement,0,,,,,1,0,1,1,1,1,1,4,0,0,-1,current,0,0,0.6118867645661036,0.6118867645661036,10,0,0,0,0,0,0,0,0.0,0.5,1.0,0.75,0.75,0,0.0,0.5,1.0,0.75,0.75,0,0.0,0.5,1.0,0.75,0.75,0,0.0,0.5,1.0,0.75,0.75
1885,no_strict_e1_improvement,0,,,,,1,0,1,1,1,1,1,4,0,0,-1,current,0,0,0.6789137497544289,0.6789137497544289,9,0,0,0,0,0,0,0,0.0,0.5,0.5,0.5,0.5,0,0.0,0.5,0.5,0.5,0.5,0,0.0,0.5,0.5,0.5,0.5,0,0.0,0.5,0.5,0.5,0.5
1886,no_strict_e1_improvement,0,,,,,1,0,1,1,1,1,1,4,0,0,-1,current,0,0,0.6933912808696429,0.6933912808696429,8,0,0,0,0,0,0,0,0.0,0.5,0.8333333333333334,0.6666666666666666,0.6666666666666666,0,0.0,0.5,0.8333333333333334,0.6666666666666666,0.6666666666666666,0,0.0,0.5,0.8333333333333334,0.6666666666666666,0.6666666666666666,0,0.0,0.5,0.8333333333333334,0.6666666666666666,0.6666666666666666
1887,no_strict_e1_improvement,0,,,,,1,0,2,2,2,7,7,4,0,0,-1,current,0,0,0.6428010687232018,0.6428010687232018,7,9,9,9,9,0,0,1,1.0,1.0,1.0,1.0,1.0,1,1.0,1.0,1.0,1.0,1.0,1,1.0,1.0,1.0,1.0,1.0,1,1.0,1.0,1.0,1.0,1.0
1888,max_rounds,0,,,,,1,1,4,4,4,16,16,4,0,-1,1,profiled_beam,1,1,0.7713261370857557,0.6508037174741427,7,0,0,0,9,9,9,0,0.0,0.5,1.0,0.75,0.75,0,0.0,0.5,1.0,0.75,0.75,0,0.0,0.5,0.3333333333333333,0.4166666666666667,0.5,1,1.0,1.0,1.0,1.0,1.0
1889,max_rounds,0,,,,,1,1,3,2,2,8,8,4,0,0,1,profiled_beam,1,1,0.5800964186588923,0.5586533596118292,8,0,0,0,0,0,0,0,0.0,0.16666666666666666,0.6666666666666666,0.4166666666666667,0.5,0,0.0,0.16666666666666666,0.6666666666666666,0.4166666666666667,0.5,0,0.0,0.16666666666666666,0.6666666666666666,0.4166666666666667,0.5,0,0.0,0.5,1.0,0.75,0.75
1890,no_strict_e1_improvement,0,,,,,1,0,1,1,1,1,1,4,0,0,-1,current,0,0,0.7206485693653425,0.7206485693653425,7,0,0,0,0,0,0,0,0.0,0.5,0.6666666666666666,0.5833333333333334,0.75,0,0.0,0.5,0.6666666666666666,0.5833333333333334,0.75,0,0.0,0.5,0.6666666666666666,0.5833333333333334,0.75,0,0.0,0.5,0.6666666666666666,0.5833333333333334,0.75
1891,no_strict_e1_improvement,0,,,,,1,0,1,1,1,1,1,4,0,0,-1,current,0,0,0.5782419666647911,0.5782419666647911,10,9,9,9,9,0,0,1,1.0,1.0,1.0,1.0,1.0,1,1.0,1.0,1.0,1.0,1.0,1,1.0,1.0,1.0,1.0,1.0,1,1.0,1.0,1.0,1.0,1.0
1892,no_strict_e1_improvement,0,,,,,1,0,1,1,1,1,1,4,0,0,-1,current,0,0,0.5987550988793373,0.5987550988793373,10,9,9,9,9,0,0,1,1.0,1.0,1.0,1.0,1.0,1,1.0,1.0,1.0,1.0,1.0,1,1.0,1.0,1.0,1.0,1.0,1,1.0,1.0,1.0,1.0,1.0
1893,max_rounds,0,,,,,1,1,5,4,4,14,14,4,-1,-1,0,s1a3_greedy,1,0,0.7178800081213316,0.7042202055454254,7,5,5,3,3,-2,0,0,0.5555555555555556,0.16666666666666666,0.6666666666666666,0.4166666666666667,0.75,0,0.5555555555555556,0.16666666666666666,0.6666666666666666,0.4166666666666667,0.75,0,0.3333333333333333,0.16666666666666666,0.6666666666666666,0.4166666666666667,0.5833333333333334,0,0.3333333333333333,0.16666666666666666,0.6666666666666666,0.4166666666666667,0.5833333333333334
1894,no_strict_e1_improvement,0,,,,,1,0,1,1,1,1,1,4,0,0,-1,current,0,0,0.6067478929956754,0.6067478929956754,10,9,9,9,9,0,0,1,1.0,1.0,1.0,1.0,1.0,1,1.0,1.0,1.0,1.0,1.0,1,1.0,1.0,1.0,1.0,1.0,1,1.0,1.0,1.0,1.0,1.0
1895,small_component,0,,,,,1,0,0,0,0,0,0,4,0,0,-1,current,0,0,0.8696209366122881,0.8696209366122881,6,1,1,1,1,0,0,0,0.1111111111111111,0.3333333333333333,0.16666666666666666,0.25,0.5833333333333334,0,0.1111111111111111,0.3333333333333333,0.16666666666666666,0.25,0.5833333333333334,0,0.1111111111111111,0.3333333333333333,0.16666666666666666,0.25,0.5833333333333334,0,0.1111111111111111,0.3333333333333333,0.16666666666666666,0.25,0.5833333333333334
1896,max_rounds,0,,,,,1,1,3,2,2,7,7,4,0,0,1,profiled_beam,1,1,0.6090458184480667,0.5343245839079221,7,2,2,3,5,3,2,0,0.2222222222222222,0.6666666666666666,0.16666666666666666,0.4166666666666667,0.5833333333333334,0,0.2222222222222222,0.6666666666666666,0.16666666666666666,0.4166666666666667,0.5833333333333334,0,0.3333333333333333,1.0,0.0,0.5,0.75,0,0.5555555555555556,0.6666666666666666,0.3333333333333333,0.5,0.6666666666666666
1897,no_strict_e1_improvement,0,,,,,1,0,1,1,1,1,1,4,0,0,-1,current,0,0,0.6620563914378484,0.6620563914378484,11,9,9,9,9,0,0,1,1.0,1.0,1.0,1.0,1.0,1,1.0,1.0,1.0,1.0,1.0,1,1.0,1.0,1.0,1.0,1.0,1,1.0,1.0,1.0,1.0,1.0
1898,no_strict_e1_improvement,0,,,,,1,0,1,1,1,1,1,4,0,0,-1,current,0,0,0.5071977352102598,0.5071977352102598,10,9,9,9,9,0,0,1,1.0,1.0,1.0,1.0,1.0,1,1.0,1.0,1.0,1.0,1.0,1,1.0,1.0,1.0,1.0,1.0,1,1.0,1.0,1.0,1.0,1.0
1899,max_rounds,0,,,,,1,1,5,4,4,16,16,4,0,1,1,profiled_beam,1,1,0.7941061817109585,0.7342654752234617,8,0,0,0,9,9,9,0,0.0,0.5,1.0,0.75,0.75,0,0.0,0.5,1.0,0.75,0.75,0,0.0,0.5,1.0,0.75,0.75,1,1.0,1.0,1.0,1.0,1.0
1900,max_rounds,0,,,,,1,1,5,4,4,12,12,4,-1,-1,1,profiled_beam,1,1,0.6453951075673103,0.5689956570665041,4,0,0,0,0,0,0,0,0.0,0.16666666666666666,0.3333333333333333,0.25,0.3333333333333333,0,0.0,0.16666666666666666,0.3333333333333333,0.25,0.3333333333333333,0,0.0,0.5,0.6666666666666666,0.5833333333333334,0.5833333333333334,0,0.0,0.5,0.8333333333333334,0.6666666666666666,0.6666666666666666
1901,max_rounds,0,,,,,1,1,5,4,4,13,13,4,0,-1,0,s1a3_greedy,1,0,0.6103494192163149,0.529901293416818,5,2,2,0,0,-2,0,0,0.2222222222222222,0.16666666666666666,0.3333333333333333,0.25,0.4166666666666667,0,0.2222222222222222,0.16666666666666666,0.3333333333333333,0.25,0.4166666666666667,0,0.0,0.3333333333333333,0.16666666666666666,0.25,0.4166666666666667,0,0.0,0.3333333333333333,0.16666666666666666,0.25,0.4166666666666667
1902,max_rounds,0,,,,,1,1,3,2,2,7,7,4,0,0,0,s1a3_greedy,1,0,0.6655844822525978,0.6316198110580444,8,7,7,9,9,2,0,0,0.7777777777777778,0.6666666666666666,0.6666666666666666,0.6666666666666666,0.75,0,0.7777777777777778,0.6666666666666666,0.6666666666666666,0.6666666666666666,0.75,1,1.0,1.0,1.0,1.0,1.0,1,1.0,1.0,1.0,1.0,1.0
1903,max_rounds,0,,,,,1,1,2,2,2,6,6,4,1,0,0,s1a3_greedy,1,0,0.7354586819807688,0.6895942886670431,7,0,0,9,9,9,0,0,0.0,1.0,0.5,0.75,0.75,0,0.0,1.0,0.5,0.75,0.75,1,1.0,1.0,1.0,1.0,1.0,1,1.0,1.0,1.0,1.0,1.0
1904,max_rounds,0,,,,,1,1,5,4,4,11,11,4,0,1,0,s1a3_greedy,1,0,0.8480301772554716,0.8020419329404831,6,2,2,3,3,1,0,0,0.2222222222222222,0.16666666666666666,0.6666666666666666,0.4166666666666667,0.5833333333333334,0,0.2222222222222222,0.16666666666666666,0.6666666666666666,0.4166666666666667,0.5833333333333334,0,0.3333333333333333,0.0,0.8333333333333334,0.4166666666666667,0.4166666666666667,0,0.3333333333333333,0.0,0.8333333333333334,0.4166666666666667,0.4166666666666667
1905,small_component,0,,,,,1,0,0,0,0,0,0,4,0,0,-1,current,0,0,0.7574577530225118,0.7574577530225118,4,0,0,0,0,0,0,0,0.0,0.16666666666666666,0.16666666666666666,0.16666666666666666,0.5,0,0.0,0.16666666666666666,0.16666666666666666,0.16666666666666666,0.5,0,0.0,0.16666666666666666,0.16666666666666666,0.16666666666666666,0.5,0,0.0,0.16666666666666666,0.16666666666666666,0.16666666666666666,0.5
1906,max_rounds,0,,,,,1,1,2,2,2,6,6,4,0,-1,0,s1a3_greedy,1,0,0.7691705773274103,0.7680411090453466,6,2,2,5,5,3,0,0,0.2222222222222222,0.16666666666666666,0.6666666666666666,0.4166666666666667,0.5833333333333334,0,0.2222222222222222,0.16666666666666666,0.6666666666666666,0.4166666666666667,0.5833333333333334,0,0.5555555555555556,0.3333333333333333,0.6666666666666666,0.5,0.6666666666666666,0,0.5555555555555556,0.3333333333333333,0.6666666666666666,0.5,0.6666666666666666
1907,small_component,0,,,,,1,0,0,0,0,0,0,4,0,0,-1,current,0,0,0.7505378549297651,0.7505378549297651,5,0,0,0,0,0,0,0,0.0,0.3333333333333333,0.3333333333333333,0.3333333333333333,0.5833333333333334,0,0.0,0.3333333333333333,0.3333333333333333,0.3333333333333333,0.5833333333333334,0,0.0,0.3333333333333333,0.3333333333333333,0.3333333333333333,0.5833333333333334,0,0.0,0.3333333333333333,0.3333333333333333,0.3333333333333333,0.5833333333333334
1908,max_rounds,0,,,,,1,1,3,2,2,8,8,4,0,0,1,profiled_beam,1,1,0.7514748647809029,0.6920753245552381,7,6,6,6,9,3,3,0,0.6666666666666666,0.5,0.8333333333333334,0.6666666666666666,0.6666666666666666,0,0.6666666666666666,0.5,0.8333333333333334,0.6666666666666666,0.6666666666666666,0,0.6666666666666666,0.5,0.8333333333333334,0.6666666666666666,0.6666666666666666,1,1.0,1.0,1.0,1.0,1.0
1909,partial_completed__no_strict_e1_improvement,1,,3,2,3,1,0,1,1,1,1,1,4,0,0,-1,current,1,0,0.5585194205244383,0.5585194205244383,8,6,9,9,9,3,0,0,0.6666666666666666,0.5,0.6666666666666666,0.5833333333333334,0.5833333333333334,1,1.0,1.0,1.0,1.0,1.0,1,1.0,1.0,1.0,1.0,1.0,1,1.0,1.0,1.0,1.0,1.0
1910,no_strict_e1_improvement,0,,,,,1,0,1,1,1,1,1,4,0,0,-1,current,0,0,0.5319929122924805,0.5319929122924805,8,9,9,9,9,0,0,1,1.0,1.0,1.0,1.0,1.0,1,1.0,1.0,1.0,1.0,1.0,1,1.0,1.0,1.0,1.0,1.0,1,1.0,1.0,1.0,1.0,1.0
1911,no_strict_e1_improvement,0,,,,,1,0,1,1,1,2,2,4,0,0,-1,current,0,0,0.7337171857555708,0.7337171857555708,7,1,1,1,1,0,0,0,0.1111111111111111,0.6666666666666666,0.3333333333333333,0.5,0.6666666666666666,0,0.1111111111111111,0.6666666666666666,0.3333333333333333,0.5,0.6666666666666666,0,0.1111111111111111,0.6666666666666666,0.3333333333333333,0.5,0.6666666666666666,0,0.1111111111111111,0.6666666666666666,0.3333333333333333,0.5,0.6666666666666666
1912,partial_completed__small_component,1,,3,2,4,1,0,0,0,0,0,0,4,0,0,-1,current,1,0,0.8640767633914948,0.8640767633914948,4,0,0,0,0,0,0,0,0.0,0.16666666666666666,0.3333333333333333,0.25,0.25,0,0.0,0.3333333333333333,0.3333333333333333,0.3333333333333333,0.4166666666666667,0,0.0,0.3333333333333333,0.3333333333333333,0.3333333333333333,0.4166666666666667,0,0.0,0.3333333333333333,0.3333333333333333,0.3333333333333333,0.4166666666666667
1913,no_strict_e1_improvement,0,,,,,1,0,1,1,1,1,1,4,0,0,-1,current,0,0,0.7302038098375002,0.7302038098375002,9,9,9,9,9,0,0,1,1.0,1.0,1.0,1.0,1.0,1,1.0,1.0,1.0,1.0,1.0,1,1.0,1.0,1.0,1.0,1.0,1,1.0,1.0,1.0,1.0,1.0
1914,no_strict_e1_improvement,0,,,,,1,0,1,1,1,1,1,4,0,0,-1,current,0,0,0.7129084095358849,0.7129084095358849,7,9,9,9,9,0,0,1,1.0,1.0,1.0,1.0,1.0,1,1.0,1.0,1.0,1.0,1.0,1,1.0,1.0,1.0,1.0,1.0,1,1.0,1.0,1.0,1.0,1.0
1915,no_strict_e1_improvement,0,,,,,1,0,2,2,2,6,6,4,0,0,-1,current,0,0,0.6044436991214752,0.6044436991214752,7,9,9,9,9,0,0,1,1.0,1.0,1.0,1.0,1.0,1,1.0,1.0,1.0,1.0,1.0,1,1.0,1.0,1.0,1.0,1.0,1,1.0,1.0,1.0,1.0,1.0
1916,max_rounds,0,,,,,1,1,2,2,2,6,6,4,0,1,0,s1a3_greedy,1,0,0.576407420138518,0.5552651683489481,5,0,0,4,4,4,0,0,0.0,0.16666666666666666,0.6666666666666666,0.4166666666666667,0.5,0,0.0,0.16666666666666666,0.6666666666666666,0.4166666666666667,0.5,0,0.4444444444444444,0.3333333333333333,0.5,0.4166666666666667,0.5,0,0.4444444444444444,0.3333333333333333,0.5,0.4166666666666667,0.5
1917,no_strict_e1_improvement,0,,,,,1,0,1,1,1,2,2,4,0,0,-1,current,0,0,0.592823234697183,0.592823234697183,6,7,7,7,7,0,0,0,0.7777777777777778,0.6666666666666666,0.6666666666666666,0.6666666666666666,0.75,0,0.7777777777777778,0.6666666666666666,0.6666666666666666,0.6666666666666666,0.75,0,0.7777777777777778,0.6666666666666666,0.6666666666666666,0.6666666666666666,0.75,0,0.7777777777777778,0.6666666666666666,0.6666666666666666,0.6666666666666666,0.75
1918,max_rounds,0,,,,,1,1,2,2,2,7,7,4,0,-1,1,profiled_beam,1,1,0.6087111532688141,0.5711499427755674,8,9,9,9,0,-9,-9,1,1.0,1.0,1.0,1.0,1.0,1,1.0,1.0,1.0,1.0,1.0,1,1.0,1.0,1.0,1.0,1.0,0,0.0,0.5,1.0,0.75,0.75
1919,no_strict_e1_improvement,0,,,,,1,0,1,1,1,1,1,4,0,0,-1,current,0,0,0.528616726398468,0.528616726398468,6,0,0,0,0,0,0,0,0.0,0.5,0.5,0.5,0.5,0,0.0,0.5,0.5,0.5,0.5,0,0.0,0.5,0.5,0.5,0.5,0,0.0,0.5,0.5,0.5,0.5
1920,small_component,0,,,,,1,0,0,0,0,0,0,4,0,0,-1,current,0,0,0.9225492452581724,0.9225492452581724,5,1,1,1,1,0,0,0,0.1111111111111111,0.5,0.3333333333333333,0.4166666666666667,0.5,0,0.1111111111111111,0.5,0.3333333333333333,0.4166666666666667,0.5,0,0.1111111111111111,0.5,0.3333333333333333,0.4166666666666667,0.5,0,0.1111111111111111,0.5,0.3333333333333333,0.4166666666666667,0.5
1921,max_rounds,0,,,,,1,1,5,4,4,14,14,4,0,1,0,s1a3_greedy,1,0,0.7855446015795072,0.745899016658465,4,0,0,3,3,3,0,0,0.0,0.16666666666666666,0.3333333333333333,0.25,0.4166666666666667,0,0.0,0.16666666666666666,0.3333333333333333,0.25,0.4166666666666667,0,0.3333333333333333,0.0,0.6666666666666666,0.3333333333333333,0.5,0,0.3333333333333333,0.0,0.6666666666666666,0.3333333333333333,0.5
1922,no_strict_e1_improvement,0,,,,,1,0,1,1,1,1,1,4,0,0,-1,current,0,0,0.5695747236410776,0.5695747236410776,12,9,9,9,9,0,0,1,1.0,1.0,1.0,1.0,1.0,1,1.0,1.0,1.0,1.0,1.0,1,1.0,1.0,1.0,1.0,1.0,1,1.0,1.0,1.0,1.0,1.0
1923,no_strict_e1_improvement,0,,,,,1,0,1,1,1,1,1,4,0,0,-1,current,0,0,0.8055992424488068,0.8055992424488068,7,6,6,6,6,0,0,0,0.6666666666666666,0.8333333333333334,0.5,0.6666666666666666,0.6666666666666666,0,0.6666666666666666,0.8333333333333334,0.5,0.6666666666666666,0.6666666666666666,0,0.6666666666666666,0.8333333333333334,0.5,0.6666666666666666,0.6666666666666666,0,0.6666666666666666,0.8333333333333334,0.5,0.6666666666666666,0.6666666666666666
1924,max_rounds,0,,,,,1,1,2,2,2,6,6,4,0,-1,0,s1a3_greedy,1,0,0.730334443350633,0.6620427494247755,10,0,0,9,9,9,0,0,0.0,0.5,1.0,0.75,0.75,0,0.0,0.5,1.0,0.75,0.75,1,1.0,1.0,1.0,1.0,1.0,1,1.0,1.0,1.0,1.0,1.0
1925,no_strict_e1_improvement,0,,,,,1,0,1,1,1,1,1,4,0,0,-1,current,0,0,0.6277714471022288,0.6277714471022288,7,9,9,9,9,0,0,1,1.0,1.0,1.0,1.0,1.0,1,1.0,1.0,1.0,1.0,1.0,1,1.0,1.0,1.0,1.0,1.0,1,1.0,1.0,1.0,1.0,1.0
1926,max_rounds,0,,,,,1,1,2,2,2,6,6,4,0,1,0,s1a3_greedy,1,0,0.6021817972262701,0.551725298166275,9,0,0,9,9,9,0,0,0.0,0.5,1.0,0.75,0.75,0,0.0,0.5,1.0,0.75,0.75,1,1.0,1.0,1.0,1.0,1.0,1,1.0,1.0,1.0,1.0,1.0
1927,no_strict_e1_improvement,0,,,,,1,0,1,1,1,1,1,4,0,0,-1,current,0,0,0.5989177425702413,0.5989177425702413,7,9,9,9,9,0,0,1,1.0,1.0,1.0,1.0,1.0,1,1.0,1.0,1.0,1.0,1.0,1,1.0,1.0,1.0,1.0,1.0,1,1.0,1.0,1.0,1.0,1.0
1928,max_rounds,0,,,,,1,1,5,4,4,15,15,4,0,0,0,s1a3_greedy,1,0,0.8058989370862643,0.7199268440405527,5,1,1,0,0,-1,0,0,0.1111111111111111,0.16666666666666666,0.3333333333333333,0.25,0.3333333333333333,0,0.1111111111111111,0.16666666666666666,0.3333333333333333,0.25,0.3333333333333333,0,0.0,0.5,0.8333333333333334,0.6666666666666666,0.6666666666666666,0,0.0,0.5,0.8333333333333334,0.6666666666666666,0.6666666666666666
1929,no_strict_e1_improvement,0,,,,,1,0,1,1,1,1,1,4,0,0,-1,current,0,0,0.59652412434419,0.59652412434419,10,1,1,1,1,0,0,0,0.1111111111111111,0.3333333333333333,0.6666666666666666,0.5,0.5833333333333334,0,0.1111111111111111,0.3333333333333333,0.6666666666666666,0.5,0.5833333333333334,0,0.1111111111111111,0.3333333333333333,0.6666666666666666,0.5,0.5833333333333334,0,0.1111111111111111,0.3333333333333333,0.6666666666666666,0.5,0.5833333333333334
1930,no_strict_e1_improvement,0,,,,,1,0,1,1,1,1,1,4,0,0,-1,current,0,0,0.5411730781197548,0.5411730781197548,12,9,9,9,9,0,0,1,1.0,1.0,1.0,1.0,1.0,1,1.0,1.0,1.0,1.0,1.0,1,1.0,1.0,1.0,1.0,1.0,1,1.0,1.0,1.0,1.0,1.0
1931,max_rounds,0,,,,,1,1,2,2,2,6,6,4,0,1,0,s1a3_greedy,1,0,0.8074817309776942,0.7145306865374247,10,0,0,9,9,9,0,0,0.0,0.5,1.0,0.75,0.75,0,0.0,0.5,1.0,0.75,0.75,1,1.0,1.0,1.0,1.0,1.0,1,1.0,1.0,1.0,1.0,1.0
1932,small_component,0,,,,,1,0,0,0,0,0,0,4,0,0,-1,current,0,0,0.9337626645962397,0.9337626645962397,6,6,6,6,6,0,0,0,0.6666666666666666,0.3333333333333333,0.5,0.4166666666666667,0.5833333333333334,0,0.6666666666666666,0.3333333333333333,0.5,0.4166666666666667,0.5833333333333334,0,0.6666666666666666,0.3333333333333333,0.5,0.4166666666666667,0.5833333333333334,0,0.6666666666666666,0.3333333333333333,0.5,0.4166666666666667,0.5833333333333334
1933,no_strict_e1_improvement,0,,,,,1,0,2,2,2,6,6,4,0,0,-1,current,0,0,0.5928080479303995,0.5928080479303995,6,9,9,9,9,0,0,1,1.0,1.0,1.0,1.0,1.0,1,1.0,1.0,1.0,1.0,1.0,1,1.0,1.0,1.0,1.0,1.0,1,1.0,1.0,1.0,1.0,1.0
1934,max_rounds,0,,,,,1,1,5,4,4,14,14,4,0,0,0,s1a3_greedy,1,0,0.7738671426971754,0.629791701833407,7,2,2,3,3,1,0,0,0.2222222222222222,0.0,0.5,0.25,0.4166666666666667,0,0.2222222222222222,0.0,0.5,0.25,0.4166666666666667,0,0.3333333333333333,0.0,1.0,0.5,0.75,0,0.3333333333333333,0.0,1.0,0.5,0.75
1935,max_rounds,0,,,,,1,1,3,2,2,6,6,4,0,0,1,profiled_beam,1,1,0.6475924327969551,0.6312894349296888,7,6,6,6,9,3,3,0,0.6666666666666666,0.8333333333333334,0.5,0.6666666666666666,0.6666666666666666,0,0.6666666666666666,0.8333333333333334,0.5,0.6666666666666666,0.6666666666666666,0,0.6666666666666666,0.8333333333333334,0.5,0.6666666666666666,0.6666666666666666,1,1.0,1.0,1.0,1.0,1.0
1936,no_strict_e1_improvement,0,,,,,1,0,1,1,1,1,1,4,0,0,-1,current,0,0,0.6041353171070417,0.6041353171070417,8,9,9,9,9,0,0,1,1.0,1.0,1.0,1.0,1.0,1,1.0,1.0,1.0,1.0,1.0,1,1.0,1.0,1.0,1.0,1.0,1,1.0,1.0,1.0,1.0,1.0
1937,no_strict_e1_improvement,0,,,,,1,0,1,1,1,1,1,4,0,0,-1,current,0,0,0.6263217975695928,0.6263217975695928,10,9,9,9,9,0,0,1,1.0,1.0,1.0,1.0,1.0,1,1.0,1.0,1.0,1.0,1.0,1,1.0,1.0,1.0,1.0,1.0,1,1.0,1.0,1.0,1.0,1.0
1938,no_strict_e1_improvement,0,,,,,1,0,1,1,1,1,1,4,0,0,-1,current,0,0,0.5916754702727,0.5916754702727,9,9,9,9,9,0,0,1,1.0,1.0,1.0,1.0,1.0,1,1.0,1.0,1.0,1.0,1.0,1,1.0,1.0,1.0,1.0,1.0,1,1.0,1.0,1.0,1.0,1.0
1939,no_strict_e1_improvement,0,,,,,1,0,1,1,1,1,1,4,0,0,-1,current,0,0,0.5301340197523435,0.5301340197523435,8,6,6,6,6,0,0,0,0.6666666666666666,0.8333333333333334,0.5,0.6666666666666666,0.6666666666666666,0,0.6666666666666666,0.8333333333333334,0.5,0.6666666666666666,0.6666666666666666,0,0.6666666666666666,0.8333333333333334,0.5,0.6666666666666666,0.6666666666666666,0,0.6666666666666666,0.8333333333333334,0.5,0.6666666666666666,0.6666666666666666
1940,no_strict_e1_improvement,0,,,,,1,0,1,1,1,1,1,4,0,0,-1,current,0,0,0.6729967519640923,0.6729967519640923,10,0,0,0,0,0,0,0,0.0,0.5,1.0,0.75,0.75,0,0.0,0.5,1.0,0.75,0.75,0,0.0,0.5,1.0,0.75,0.75,0,0.0,0.5,1.0,0.75,0.75
1941,no_strict_e1_improvement,0,,,,,1,0,1,1,1,1,1,4,0,0,-1,current,0,0,0.6177686875065168,0.6177686875065168,9,9,9,9,9,0,0,1,1.0,1.0,1.0,1.0,1.0,1,1.0,1.0,1.0,1.0,1.0,1,1.0,1.0,1.0,1.0,1.0,1,1.0,1.0,1.0,1.0,1.0
1942,no_strict_e1_improvement,0,,,,,1,0,1,1,1,1,1,4,0,0,-1,current,0,0,0.4349764212965965,0.4349764212965965,11,9,9,9,9,0,0,1,1.0,1.0,1.0,1.0,1.0,1,1.0,1.0,1.0,1.0,1.0,1,1.0,1.0,1.0,1.0,1.0,1,1.0,1.0,1.0,1.0,1.0
1943,no_strict_e1_improvement,0,,,,,1,0,1,1,1,1,1,4,0,0,-1,current,0,0,0.6111390416820844,0.6111390416820844,3,5,5,5,5,0,0,0,0.5555555555555556,0.3333333333333333,0.6666666666666666,0.5,0.8333333333333334,0,0.5555555555555556,0.3333333333333333,0.6666666666666666,0.5,0.8333333333333334,0,0.5555555555555556,0.3333333333333333,0.6666666666666666,0.5,0.8333333333333334,0,0.5555555555555556,0.3333333333333333,0.6666666666666666,0.5,0.8333333333333334
1944,no_strict_e1_improvement,0,,,,,1,0,1,1,1,2,2,4,0,0,-1,current,0,0,0.7820396448175112,0.7820396448175112,4,0,0,0,0,0,0,0,0.0,0.8333333333333334,0.5,0.6666666666666666,0.6666666666666666,0,0.0,0.8333333333333334,0.5,0.6666666666666666,0.6666666666666666,0,0.0,0.8333333333333334,0.5,0.6666666666666666,0.6666666666666666,0,0.0,0.8333333333333334,0.5,0.6666666666666666,0.6666666666666666
1945,no_strict_e1_improvement,0,,,,,1,0,1,1,1,1,1,4,0,0,-1,current,0,0,0.6021718929211298,0.6021718929211298,10,9,9,9,9,0,0,1,1.0,1.0,1.0,1.0,1.0,1,1.0,1.0,1.0,1.0,1.0,1,1.0,1.0,1.0,1.0,1.0,1,1.0,1.0,1.0,1.0,1.0
1946,no_strict_e1_improvement,0,,,,,1,0,1,1,1,1,1,4,0,0,-1,current,0,0,0.5906984681884447,0.5906984681884447,9,0,0,0,0,0,0,0,0.0,0.5,0.5,0.5,0.5,0,0.0,0.5,0.5,0.5,0.5,0,0.0,0.5,0.5,0.5,0.5,0,0.0,0.5,0.5,0.5,0.5
1947,no_strict_e1_improvement,0,,,,,1,0,2,2,2,6,6,4,0,0,-1,current,0,0,0.6530029649535815,0.6530029649535815,8,9,9,9,9,0,0,1,1.0,1.0,1.0,1.0,1.0,1,1.0,1.0,1.0,1.0,1.0,1,1.0,1.0,1.0,1.0,1.0,1,1.0,1.0,1.0,1.0,1.0
1948,partial_completed__small_component,1,,3,2,4,1,0,0,0,0,0,0,4,0,0,-1,current,1,0,0.9448119898637136,0.9448119898637136,4,0,1,1,1,1,0,0,0.0,0.16666666666666666,0.16666666666666666,0.16666666666666666,0.25,0,0.1111111111111111,0.16666666666666666,0.16666666666666666,0.16666666666666666,0.5,0,0.1111111111111111,0.16666666666666666,0.16666666666666666,0.16666666666666666,0.5,0,0.1111111111111111,0.16666666666666666,0.16666666666666666,0.16666666666666666,0.5
1949,no_strict_e1_improvement,0,,,,,1,0,1,1,1,1,1,4,0,0,-1,current,0,0,0.57517987738053,0.57517987738053,9,9,9,9,9,0,0,1,1.0,1.0,1.0,1.0,1.0,1,1.0,1.0,1.0,1.0,1.0,1,1.0,1.0,1.0,1.0,1.0,1,1.0,1.0,1.0,1.0,1.0
1950,no_strict_e1_improvement,0,,,,,1,0,2,2,2,7,7,4,0,0,-1,current,0,0,0.598580094675223,0.598580094675223,8,0,0,0,0,0,0,0,0.0,0.5,0.8333333333333334,0.6666666666666666,0.6666666666666666,0,0.0,0.5,0.8333333333333334,0.6666666666666666,0.6666666666666666,0,0.0,0.5,0.8333333333333334,0.6666666666666666,0.6666666666666666,0,0.0,0.5,0.8333333333333334,0.6666666666666666,0.6666666666666666
1951,max_rounds,0,,,,,1,1,3,2,2,6,6,4,0,1,1,profiled_beam,1,1,0.5538620576262474,0.5394202743967375,5,0,0,0,0,0,0,0,0.0,0.0,0.8333333333333334,0.4166666666666667,0.4166666666666667,0,0.0,0.0,0.8333333333333334,0.4166666666666667,0.4166666666666667,0,0.0,0.5,0.8333333333333334,0.6666666666666666,0.6666666666666666,0,0.0,0.16666666666666666,0.5,0.3333333333333333,0.5
1952,no_strict_e1_improvement,0,,,,,1,0,1,1,1,1,1,4,0,0,-1,current,0,0,0.5905171384414037,0.5905171384414037,11,9,9,9,9,0,0,1,1.0,1.0,1.0,1.0,1.0,1,1.0,1.0,1.0,1.0,1.0,1,1.0,1.0,1.0,1.0,1.0,1,1.0,1.0,1.0,1.0,1.0
1953,no_strict_e1_improvement,0,,,,,1,0,1,1,1,1,1,4,0,0,-1,current,0,0,0.6293421387672424,0.6293421387672424,11,9,9,9,9,0,0,1,1.0,1.0,1.0,1.0,1.0,1,1.0,1.0,1.0,1.0,1.0,1,1.0,1.0,1.0,1.0,1.0,1,1.0,1.0,1.0,1.0,1.0
1954,no_strict_e1_improvement,0,,,,,1,0,1,1,1,1,1,4,0,0,-1,current,0,0,0.5913920154174169,0.5913920154174169,9,9,9,9,9,0,0,1,1.0,1.0,1.0,1.0,1.0,1,1.0,1.0,1.0,1.0,1.0,1,1.0,1.0,1.0,1.0,1.0,1,1.0,1.0,1.0,1.0,1.0
1955,max_rounds,0,,,,,1,1,5,4,4,16,16,4,0,-1,0,s1a3_greedy,1,0,0.7833713342746099,0.6733185773094496,6,1,1,5,5,4,0,0,0.1111111111111111,0.3333333333333333,0.0,0.16666666666666666,0.3333333333333333,0,0.1111111111111111,0.3333333333333333,0.0,0.16666666666666666,0.3333333333333333,0,0.5555555555555556,0.6666666666666666,0.16666666666666666,0.4166666666666667,0.75,0,0.5555555555555556,0.6666666666666666,0.16666666666666666,0.4166666666666667,0.75
1956,no_strict_e1_improvement,0,,,,,1,0,1,1,1,1,1,4,0,0,-1,current,0,0,0.6278664742906889,0.6278664742906889,10,0,0,0,0,0,0,0,0.0,0.5,0.5,0.5,0.5,0,0.0,0.5,0.5,0.5,0.5,0,0.0,0.5,0.5,0.5,0.5,0,0.0,0.5,0.5,0.5,0.5
1957,no_strict_e1_improvement,0,,,,,1,0,1,1,1,2,2,4,0,0,-1,current,0,0,0.5851896380384763,0.5851896380384763,9,7,7,7,7,0,0,0,0.7777777777777778,0.6666666666666666,0.6666666666666666,0.6666666666666666,0.75,0,0.7777777777777778,0.6666666666666666,0.6666666666666666,0.6666666666666666,0.75,0,0.7777777777777778,0.6666666666666666,0.6666666666666666,0.6666666666666666,0.75,0,0.7777777777777778,0.6666666666666666,0.6666666666666666,0.6666666666666666,0.75
1958,no_strict_e1_improvement,0,,,,,1,0,1,1,1,1,1,4,0,0,-1,current,0,0,0.728369822104772,0.728369822104772,8,0,0,0,0,0,0,0,0.0,0.5,0.8333333333333334,0.6666666666666666,0.6666666666666666,0,0.0,0.5,0.8333333333333334,0.6666666666666666,0.6666666666666666,0,0.0,0.5,0.8333333333333334,0.6666666666666666,0.6666666666666666,0,0.0,0.5,0.8333333333333334,0.6666666666666666,0.6666666666666666
1959,no_strict_e1_improvement,0,,,,,1,0,1,1,1,1,1,4,0,0,-1,current,0,0,0.6256117150187492,0.6256117150187492,11,0,0,0,0,0,0,0,0.0,0.5,1.0,0.75,0.75,0,0.0,0.5,1.0,0.75,0.75,0,0.0,0.5,1.0,0.75,0.75,0,0.0,0.5,1.0,0.75,0.75
1960,max_rounds,0,,,,,1,1,2,2,2,7,7,4,-1,0,0,s1a3_greedy,1,0,0.7719582964976629,0.7703741788864136,8,0,0,2,2,2,0,0,0.0,0.5,0.6666666666666666,0.5833333333333334,0.5833333333333334,0,0.0,0.5,0.6666666666666666,0.5833333333333334,0.5833333333333334,0,0.2222222222222222,0.5,0.5,0.5,0.5,0,0.2222222222222222,0.5,0.5,0.5,0.5
1961,max_rounds,0,,,,,1,1,2,2,2,6,6,4,0,1,0,s1a3_greedy,1,0,0.7464808002114296,0.7033515895406405,9,0,0,9,9,9,0,0,0.0,0.5,1.0,0.75,0.75,0,0.0,0.5,1.0,0.75,0.75,1,1.0,1.0,1.0,1.0,1.0,1,1.0,1.0,1.0,1.0,1.0
1962,max_rounds,0,,,,,1,1,2,2,2,6,6,4,-1,0,0,s1a3_greedy,1,0,0.7130060667792956,0.6939286515116692,8,0,0,9,9,9,0,0,0.0,1.0,0.5,0.75,0.75,0,0.0,1.0,0.5,0.75,0.75,1,1.0,1.0,1.0,1.0,1.0,1,1.0,1.0,1.0,1.0,1.0
1963,no_strict_e1_improvement,0,,,,,1,0,1,1,1,1,1,4,0,0,-1,current,0,0,0.6077990258733431,0.6077990258733431,11,9,9,9,9,0,0,1,1.0,1.0,1.0,1.0,1.0,1,1.0,1.0,1.0,1.0,1.0,1,1.0,1.0,1.0,1.0,1.0,1,1.0,1.0,1.0,1.0,1.0
1964,no_strict_e1_improvement,0,,,,,1,0,1,1,1,1,1,4,0,0,-1,current,0,0,0.5444733997186025,0.5444733997186025,10,9,9,9,9,0,0,1,1.0,1.0,1.0,1.0,1.0,1,1.0,1.0,1.0,1.0,1.0,1,1.0,1.0,1.0,1.0,1.0,1,1.0,1.0,1.0,1.0,1.0
1965,no_strict_e1_improvement,0,,,,,1,0,1,1,1,1,1,4,0,0,-1,current,0,0,0.573094425102075,0.573094425102075,11,0,0,0,0,0,0,0,0.0,0.5,1.0,0.75,0.75,0,0.0,0.5,1.0,0.75,0.75,0,0.0,0.5,1.0,0.75,0.75,0,0.0,0.5,1.0,0.75,0.75
1966,no_strict_e1_improvement,0,,,,,1,0,1,1,1,1,1,4,0,0,-1,current,0,0,0.7220322688420614,0.7220322688420614,10,9,9,9,9,0,0,1,1.0,1.0,1.0,1.0,1.0,1,1.0,1.0,1.0,1.0,1.0,1,1.0,1.0,1.0,1.0,1.0,1,1.0,1.0,1.0,1.0,1.0
1967,max_rounds,0,,,,,1,1,5,4,4,16,16,4,0,0,0,s1a3_greedy,1,0,0.7928899129231771,0.7472140143314997,6,6,6,9,9,3,0,0,0.6666666666666666,0.5,0.5,0.5,0.6666666666666666,0,0.6666666666666666,0.5,0.5,0.5,0.6666666666666666,1,1.0,1.0,1.0,1.0,1.0,1,1.0,1.0,1.0,1.0,1.0
1968,no_strict_e1_improvement,0,,,,,1,0,1,1,1,1,1,4,0,0,-1,current,0,0,0.6872242763638496,0.6872242763638496,9,9,9,9,9,0,0,1,1.0,1.0,1.0,1.0,1.0,1,1.0,1.0,1.0,1.0,1.0,1,1.0,1.0,1.0,1.0,1.0,1,1.0,1.0,1.0,1.0,1.0
1969,no_strict_e1_improvement,0,,,,,1,0,1,1,1,1,1,4,0,0,-1,current,0,0,0.5760065192977587,0.5760065192977587,11,0,0,0,0,0,0,0,0.0,1.0,0.5,0.75,0.75,0,0.0,1.0,0.5,0.75,0.75,0,0.0,1.0,0.5,0.75,0.75,0,0.0,1.0,0.5,0.75,0.75
1970,no_strict_e1_improvement,0,,,,,1,0,2,2,2,7,7,4,0,0,-1,current,0,0,0.6388934353987376,0.6388934353987376,7,9,9,9,9,0,0,1,1.0,1.0,1.0,1.0,1.0,1,1.0,1.0,1.0,1.0,1.0,1,1.0,1.0,1.0,1.0,1.0,1,1.0,1.0,1.0,1.0,1.0
1971,no_strict_e1_improvement,0,,,,,1,0,1,1,1,1,1,4,0,0,-1,current,0,0,0.5618979732195536,0.5618979732195536,11,9,9,9,9,0,0,1,1.0,1.0,1.0,1.0,1.0,1,1.0,1.0,1.0,1.0,1.0,1,1.0,1.0,1.0,1.0,1.0,1,1.0,1.0,1.0,1.0,1.0
1972,small_component,0,,,,,1,0,0,0,0,0,0,4,0,0,-1,current,0,0,0.8351161330938339,0.8351161330938339,7,0,0,0,0,0,0,0,0.0,0.5,0.0,0.25,0.25,0,0.0,0.5,0.0,0.25,0.25,0,0.0,0.5,0.0,0.25,0.25,0,0.0,0.5,0.0,0.25,0.25
1973,max_rounds,0,,,,,1,1,3,2,2,7,7,4,0,0,1,profiled_beam,1,1,0.5427532804509004,0.53288030748566,6,2,2,2,3,1,1,0,0.2222222222222222,0.16666666666666666,0.6666666666666666,0.4166666666666667,0.5833333333333334,0,0.2222222222222222,0.16666666666666666,0.6666666666666666,0.4166666666666667,0.5833333333333334,0,0.2222222222222222,0.16666666666666666,0.6666666666666666,0.4166666666666667,0.5833333333333334,0,0.3333333333333333,0.0,1.0,0.5,0.75
1974,no_strict_e1_improvement,0,,,,,1,0,2,2,2,5,5,4,0,0,-1,current,0,0,0.6657052611311277,0.6657052611311277,9,0,0,0,0,0,0,0,0.0,0.5,1.0,0.75,0.75,0,0.0,0.5,1.0,0.75,0.75,0,0.0,0.5,1.0,0.75,0.75,0,0.0,0.5,1.0,0.75,0.75
1975,no_strict_e1_improvement,0,,,,,1,0,2,2,2,8,8,4,0,0,-1,current,0,0,0.8954954495032629,0.8954954495032629,7,1,1,1,1,0,0,0,0.1111111111111111,0.3333333333333333,0.5,0.4166666666666667,0.5833333333333334,0,0.1111111111111111,0.3333333333333333,0.5,0.4166666666666667,0.5833333333333334,0,0.1111111111111111,0.3333333333333333,0.5,0.4166666666666667,0.5833333333333334,0,0.1111111111111111,0.3333333333333333,0.5,0.4166666666666667,0.5833333333333334
1976,partial_completed__max_rounds,1,,3,2,3,1,1,3,2,2,6,6,4,0,1,0,s1a3_greedy,1,0,0.7569877232114474,0.6224561805526415,9,0,0,9,9,9,0,0,0.0,0.3333333333333333,0.5,0.4166666666666667,0.4166666666666667,0,0.0,0.5,0.8333333333333334,0.6666666666666666,0.6666666666666666,1,1.0,1.0,1.0,1.0,1.0,1,1.0,1.0,1.0,1.0,1.0
1977,small_component,0,,,,,1,0,0,0,0,0,0,4,0,0,-1,current,0,0,0.7914181922872862,0.7914181922872862,6,1,1,1,1,0,0,0,0.1111111111111111,0.16666666666666666,0.16666666666666666,0.16666666666666666,0.3333333333333333,0,0.1111111111111111,0.16666666666666666,0.16666666666666666,0.16666666666666666,0.3333333333333333,0,0.1111111111111111,0.16666666666666666,0.16666666666666666,0.16666666666666666,0.3333333333333333,0,0.1111111111111111,0.16666666666666666,0.16666666666666666,0.16666666666666666,0.3333333333333333
1978,no_strict_e1_improvement,0,,,,,1,0,1,1,1,1,1,4,0,0,-1,current,0,0,0.5331461777289709,0.5331461777289709,11,9,9,9,9,0,0,1,1.0,1.0,1.0,1.0,1.0,1,1.0,1.0,1.0,1.0,1.0,1,1.0,1.0,1.0,1.0,1.0,1,1.0,1.0,1.0,1.0,1.0
1979,max_rounds,0,,,,,1,1,3,2,2,6,6,4,0,0,1,profiled_beam,1,1,0.6531604180733362,0.6147807960708936,6,6,6,7,9,3,2,0,0.6666666666666666,0.5,0.8333333333333334,0.6666666666666666,0.6666666666666666,0,0.6666666666666666,0.5,0.8333333333333334,0.6666666666666666,0.6666666666666666,0,0.7777777777777778,0.6666666666666666,0.6666666666666666,0.6666666666666666,0.75,1,1.0,1.0,1.0,1.0,1.0
1980,max_rounds,0,,,,,1,1,5,4,4,14,14,4,0,0,1,profiled_beam,1,1,0.723965493341287,0.523239329457283,3,0,0,0,0,0,0,0,0.0,0.3333333333333333,0.0,0.16666666666666666,0.5,0,0.0,0.3333333333333333,0.0,0.16666666666666666,0.5,0,0.0,0.5,0.16666666666666666,0.3333333333333333,0.5,0,0.0,0.6666666666666666,0.5,0.5833333333333334,0.5833333333333334
1981,small_component,0,,,,,1,0,0,0,0,0,0,4,0,0,-1,current,0,0,0.7774205356836319,0.7774205356836319,4,0,0,0,0,0,0,0,0.0,0.16666666666666666,0.0,0.08333333333333333,0.6666666666666666,0,0.0,0.16666666666666666,0.0,0.08333333333333333,0.6666666666666666,0,0.0,0.16666666666666666,0.0,0.08333333333333333,0.6666666666666666,0,0.0,0.16666666666666666,0.0,0.08333333333333333,0.6666666666666666
1982,no_strict_e1_improvement,0,,,,,1,0,1,1,1,1,1,4,0,0,-1,current,0,0,0.6589215695858002,0.6589215695858002,10,0,0,0,0,0,0,0,0.0,0.5,1.0,0.75,0.75,0,0.0,0.5,1.0,0.75,0.75,0,0.0,0.5,1.0,0.75,0.75,0,0.0,0.5,1.0,0.75,0.75
1983,max_rounds,0,,,,,1,1,3,2,2,8,8,4,-1,0,1,profiled_beam,1,1,0.5878438552220663,0.5781616022189459,5,0,0,0,0,0,0,0,0.0,0.3333333333333333,0.16666666666666666,0.25,0.5,0,0.0,0.3333333333333333,0.16666666666666666,0.25,0.5,0,0.0,0.3333333333333333,0.16666666666666666,0.25,0.5,0,0.0,0.3333333333333333,0.16666666666666666,0.25,0.5
1984,no_strict_e1_improvement,0,,,,,1,0,1,1,1,1,1,4,0,0,-1,current,0,0,0.6504963760574659,0.6504963760574659,10,7,7,7,7,0,0,0,0.7777777777777778,0.6666666666666666,0.6666666666666666,0.6666666666666666,0.75,0,0.7777777777777778,0.6666666666666666,0.6666666666666666,0.6666666666666666,0.75,0,0.7777777777777778,0.6666666666666666,0.6666666666666666,0.6666666666666666,0.75,0,0.7777777777777778,0.6666666666666666,0.6666666666666666,0.6666666666666666,0.75
1985,no_strict_e1_improvement,0,,,,,1,0,1,1,1,1,1,4,0,0,-1,current,0,0,0.6748203312357267,0.6748203312357267,10,0,0,0,0,0,0,0,0.0,0.5,1.0,0.75,0.75,0,0.0,0.5,1.0,0.75,0.75,0,0.0,0.5,1.0,0.75,0.75,0,0.0,0.5,1.0,0.75,0.75
1986,no_strict_e1_improvement,0,,,,,1,0,1,1,1,1,1,4,0,0,-1,current,0,0,0.5700919677813848,0.5700919677813848,10,0,0,0,0,0,0,0,0.0,0.5,1.0,0.75,0.75,0,0.0,0.5,1.0,0.75,0.75,0,0.0,0.5,1.0,0.75,0.75,0,0.0,0.5,1.0,0.75,0.75
1987,no_strict_e1_improvement,0,,,,,1,0,1,1,1,1,1,4,0,0,-1,current,0,0,0.6557234215239683,0.6557234215239683,8,0,0,0,0,0,0,0,0.0,0.5,1.0,0.75,0.75,0,0.0,0.5,1.0,0.75,0.75,0,0.0,0.5,1.0,0.75,0.75,0,0.0,0.5,1.0,0.75,0.75
1988,no_strict_e1_improvement,0,,,,,1,0,1,1,1,1,1,4,0,0,-1,current,0,0,0.5793726841608683,0.5793726841608683,8,1,1,1,1,0,0,0,0.1111111111111111,0.3333333333333333,0.6666666666666666,0.5,0.5833333333333334,0,0.1111111111111111,0.3333333333333333,0.6666666666666666,0.5,0.5833333333333334,0,0.1111111111111111,0.3333333333333333,0.6666666666666666,0.5,0.5833333333333334,0,0.1111111111111111,0.3333333333333333,0.6666666666666666,0.5,0.5833333333333334
1989,partial_completed__no_strict_e1_improvement,1,,3,2,4,1,0,1,1,1,1,1,4,0,0,-1,current,1,0,0.7097305605808893,0.7097305605808893,5,5,7,7,7,2,0,0,0.5555555555555556,0.3333333333333333,0.5,0.4166666666666667,0.4166666666666667,0,0.7777777777777778,0.6666666666666666,0.6666666666666666,0.6666666666666666,0.75,0,0.7777777777777778,0.6666666666666666,0.6666666666666666,0.6666666666666666,0.75,0,0.7777777777777778,0.6666666666666666,0.6666666666666666,0.6666666666666666,0.75
1990,max_rounds,0,,,,,1,1,3,2,2,7,7,4,0,0,1,profiled_beam,1,1,0.6697906404733658,0.6473042815923691,4,0,0,0,0,0,0,0,0.0,0.16666666666666666,0.5,0.3333333333333333,0.5,0,0.0,0.16666666666666666,0.5,0.3333333333333333,0.5,0,0.0,0.0,0.6666666666666666,0.3333333333333333,0.3333333333333333,0,0.0,0.5,0.6666666666666666,0.5833333333333334,0.5833333333333334
1991,no_strict_e1_improvement,0,,,,,1,0,1,1,1,1,1,4,0,0,-1,current,0,0,0.7193661108613014,0.7193661108613014,8,9,9,9,9,0,0,1,1.0,1.0,1.0,1.0,1.0,1,1.0,1.0,1.0,1.0,1.0,1,1.0,1.0,1.0,1.0,1.0,1,1.0,1.0,1.0,1.0,1.0
1992,small_component,0,,,,,1,0,0,0,0,0,0,4,0,0,-1,current,0,0,0.7625157112876574,0.7625157112876574,6,0,0,0,0,0,0,0,0.0,0.16666666666666666,0.6666666666666666,0.4166666666666667,0.5,0,0.0,0.16666666666666666,0.6666666666666666,0.4166666666666667,0.5,0,0.0,0.16666666666666666,0.6666666666666666,0.4166666666666667,0.5,0,0.0,0.16666666666666666,0.6666666666666666,0.4166666666666667,0.5
1993,no_strict_e1_improvement,0,,,,,1,0,1,1,1,1,1,4,0,0,-1,current,0,0,0.627581795056661,0.627581795056661,9,0,0,0,0,0,0,0,0.0,0.16666666666666666,0.3333333333333333,0.25,0.3333333333333333,0,0.0,0.16666666666666666,0.3333333333333333,0.25,0.3333333333333333,0,0.0,0.16666666666666666,0.3333333333333333,0.25,0.3333333333333333,0,0.0,0.16666666666666666,0.3333333333333333,0.25,0.3333333333333333
1994,no_strict_e1_improvement,0,,,,,1,0,1,1,1,1,1,4,0,0,-1,current,0,0,0.640884555876255,0.640884555876255,7,0,0,0,0,0,0,0,0.0,1.0,0.5,0.75,0.75,0,0.0,1.0,0.5,0.75,0.75,0,0.0,1.0,0.5,0.75,0.75,0,0.0,1.0,0.5,0.75,0.75
1995,no_strict_e1_improvement,0,,,,,1,0,1,1,1,1,1,4,0,0,-1,current,0,0,0.6011282553275427,0.6011282553275427,8,0,0,0,0,0,0,0,0.0,0.5,1.0,0.75,0.75,0,0.0,0.5,1.0,0.75,0.75,0,0.0,0.5,1.0,0.75,0.75,0,0.0,0.5,1.0,0.75,0.75
1996,no_strict_e1_improvement,0,,,,,1,0,1,1,1,2,2,4,0,0,-1,current,0,0,0.710319551328818,0.710319551328818,7,9,9,9,9,0,0,1,1.0,1.0,1.0,1.0,1.0,1,1.0,1.0,1.0,1.0,1.0,1,1.0,1.0,1.0,1.0,1.0,1,1.0,1.0,1.0,1.0,1.0
1997,no_strict_e1_improvement,0,,,,,1,0,1,1,1,1,1,4,0,0,-1,current,0,0,0.5978926047682762,0.5978926047682762,8,9,9,9,9,0,0,1,1.0,1.0,1.0,1.0,1.0,1,1.0,1.0,1.0,1.0,1.0,1,1.0,1.0,1.0,1.0,1.0,1,1.0,1.0,1.0,1.0,1.0
1998,small_component,0,,,,,1,0,0,0,0,0,0,4,0,0,-1,current,0,0,0.7116826747854551,0.7116826747854551,5,5,5,5,5,0,0,0,0.5555555555555556,0.5,0.3333333333333333,0.4166666666666667,0.6666666666666666,0,0.5555555555555556,0.5,0.3333333333333333,0.4166666666666667,0.6666666666666666,0,0.5555555555555556,0.5,0.3333333333333333,0.4166666666666667,0.6666666666666666,0,0.5555555555555556,0.5,0.3333333333333333,0.4166666666666667,0.6666666666666666
1999,no_strict_e1_improvement,0,,,,,1,0,1,1,1,1,1,4,0,0,-1,current,0,0,0.6447780231634775,0.6447780231634775,9,0,0,0,0,0,0,0,0.0,1.0,0.5,0.75,0.75,0,0.0,1.0,0.5,0.75,0.75,0,0.0,1.0,0.5,0.75,0.75,0,0.0,1.0,0.5,0.75,0.75
2000,small_component,0,,,,,1,0,0,0,0,0,0,4,0,0,-1,current,0,0,0.7453846285740534,0.7453846285740534,7,0,0,0,0,0,0,0,0.0,0.5,0.3333333333333333,0.4166666666666667,0.5,0,0.0,0.5,0.3333333333333333,0.4166666666666667,0.5,0,0.0,0.5,0.3333333333333333,0.4166666666666667,0.5,0,0.0,0.5,0.3333333333333333,0.4166666666666667,0.5
2001,small_component,0,,,,,1,0,0,0,0,0,0,4,0,0,-1,current,0,0,0.7464676300684611,0.7464676300684611,9,9,9,9,9,0,0,1,1.0,1.0,1.0,1.0,1.0,1,1.0,1.0,1.0,1.0,1.0,1,1.0,1.0,1.0,1.0,1.0,1,1.0,1.0,1.0,1.0,1.0
2002,no_strict_e1_improvement,0,,,,,1,0,1,1,1,1,1,4,0,0,-1,current,0,0,0.6122025723258654,0.6122025723258654,6,0,0,0,0,0,0,0,0.0,0.5,0.8333333333333334,0.6666666666666666,0.6666666666666666,0,0.0,0.5,0.8333333333333334,0.6666666666666666,0.6666666666666666,0,0.0,0.5,0.8333333333333334,0.6666666666666666,0.6666666666666666,0,0.0,0.5,0.8333333333333334,0.6666666666666666,0.6666666666666666
2003,max_rounds,0,,,,,1,1,3,2,2,7,7,4,0,0,0,s1a3_greedy,1,0,0.8772537161906561,0.827680433789889,4,1,1,0,0,-1,0,0,0.1111111111111111,0.16666666666666666,0.5,0.3333333333333333,0.5,0,0.1111111111111111,0.16666666666666666,0.5,0.3333333333333333,0.5,0,0.0,0.16666666666666666,0.6666666666666666,0.4166666666666667,0.5,0,0.0,0.16666666666666666,0.6666666666666666,0.4166666666666667,0.5
2004,partial_completed__no_strict_e1_improvement,1,,3,2,3,1,0,1,1,1,1,1,4,0,0,-1,current,1,0,0.6834869186083475,0.6834869186083475,9,0,9,9,9,9,0,0,0.0,0.6666666666666666,0.5,0.5833333333333334,0.5833333333333334,1,1.0,1.0,1.0,1.0,1.0,1,1.0,1.0,1.0,1.0,1.0,1,1.0,1.0,1.0,1.0,1.0
2005,no_strict_e1_improvement,0,,,,,1,0,2,2,2,7,7,4,0,0,-1,current,0,0,0.8102795680363973,0.8102795680363973,7,9,9,9,9,0,0,1,1.0,1.0,1.0,1.0,1.0,1,1.0,1.0,1.0,1.0,1.0,1,1.0,1.0,1.0,1.0,1.0,1,1.0,1.0,1.0,1.0,1.0
2006,partial_completed__max_rounds,1,,3,2,4,1,1,2,1,1,2,2,4,0,0,0,s1a3_greedy,1,0,0.7985783045490583,0.7544864763816198,7,0,1,0,0,0,0,0,0.0,0.3333333333333333,0.3333333333333333,0.3333333333333333,0.3333333333333333,0,0.1111111111111111,0.6666666666666666,0.3333333333333333,0.5,0.5,0,0.0,0.8333333333333334,0.5,0.6666666666666666,0.6666666666666666,0,0.0,0.8333333333333334,0.5,0.6666666666666666,0.6666666666666666
2007,no_strict_e1_improvement,0,,,,,1,0,1,1,1,1,1,4,0,0,-1,current,0,0,0.6445862054824829,0.6445862054824829,9,0,0,0,0,0,0,0,0.0,0.5,1.0,0.75,0.75,0,0.0,0.5,1.0,0.75,0.75,0,0.0,0.5,1.0,0.75,0.75,0,0.0,0.5,1.0,0.75,0.75
2008,no_strict_e1_improvement,0,,,,,1,0,1,1,1,1,1,4,0,0,-1,current,0,0,0.7272065257032713,0.7272065257032713,6,0,0,0,0,0,0,0,0.0,1.0,0.5,0.75,0.75,0,0.0,1.0,0.5,0.75,0.75,0,0.0,1.0,0.5,0.75,0.75,0,0.0,1.0,0.5,0.75,0.75
2009,max_rounds,0,,,,,1,1,3,2,2,7,7,4,0,0,0,s1a3_greedy,1,0,0.7305577968557676,0.6012734323740005,10,7,7,9,9,2,0,0,0.7777777777777778,0.6666666666666666,0.6666666666666666,0.6666666666666666,0.75,0,0.7777777777777778,0.6666666666666666,0.6666666666666666,0.6666666666666666,0.75,1,1.0,1.0,1.0,1.0,1.0,1,1.0,1.0,1.0,1.0,1.0
2010,small_component,0,,,,,1,0,0,0,0,0,0,4,0,0,-1,current,0,0,0.6087368801236153,0.6087368801236153,6,1,1,1,1,0,0,0,0.1111111111111111,0.3333333333333333,0.16666666666666666,0.25,0.3333333333333333,0,0.1111111111111111,0.3333333333333333,0.16666666666666666,0.25,0.3333333333333333,0,0.1111111111111111,0.3333333333333333,0.16666666666666666,0.25,0.3333333333333333,0,0.1111111111111111,0.3333333333333333,0.16666666666666666,0.25,0.3333333333333333
2011,no_strict_e1_improvement,0,,,,,1,0,1,1,1,1,1,4,0,0,-1,current,0,0,0.566686175763607,0.566686175763607,10,9,9,9,9,0,0,1,1.0,1.0,1.0,1.0,1.0,1,1.0,1.0,1.0,1.0,1.0,1,1.0,1.0,1.0,1.0,1.0,1,1.0,1.0,1.0,1.0,1.0
2012,no_strict_e1_improvement,0,,,,,1,0,1,1,1,1,1,4,0,0,-1,current,0,0,0.539699691037337,0.539699691037337,10,9,9,9,9,0,0,1,1.0,1.0,1.0,1.0,1.0,1,1.0,1.0,1.0,1.0,1.0,1,1.0,1.0,1.0,1.0,1.0,1,1.0,1.0,1.0,1.0,1.0
2013,partial_completed__small_component,1,,3,2,4,1,0,0,0,0,0,0,4,0,0,-1,current,1,0,0.7906857977310816,0.7906857977310816,5,0,0,0,0,0,0,0,0.0,0.5,0.0,0.25,0.25,0,0.0,0.8333333333333334,0.0,0.4166666666666667,0.6666666666666666,0,0.0,0.8333333333333334,0.0,0.4166666666666667,0.6666666666666666,0,0.0,0.8333333333333334,0.0,0.4166666666666667,0.6666666666666666
2014,no_strict_e1_improvement,0,,,,,1,0,1,1,1,1,1,4,0,0,-1,current,0,0,0.6360613579551379,0.6360613579551379,10,9,9,9,9,0,0,1,1.0,1.0,1.0,1.0,1.0,1,1.0,1.0,1.0,1.0,1.0,1,1.0,1.0,1.0,1.0,1.0,1,1.0,1.0,1.0,1.0,1.0
2015,max_rounds,0,,,,,1,1,3,2,2,6,6,4,0,1,0,s1a3_greedy,1,0,0.6471221446990967,0.6117450222373009,7,0,0,0,0,0,0,0,0.0,0.0,0.5,0.25,0.3333333333333333,0,0.0,0.0,0.5,0.25,0.3333333333333333,0,0.0,0.16666666666666666,0.6666666666666666,0.4166666666666667,0.5,0,0.0,0.16666666666666666,0.6666666666666666,0.4166666666666667,0.5
2016,max_rounds,0,,,,,1,1,3,2,2,8,8,4,-1,0,0,s1a3_greedy,1,0,0.7693746611475945,0.6587792336940765,10,7,7,0,0,-7,0,0,0.7777777777777778,0.6666666666666666,0.6666666666666666,0.6666666666666666,0.8333333333333334,0,0.7777777777777778,0.6666666666666666,0.6666666666666666,0.6666666666666666,0.8333333333333334,0,0.0,1.0,0.5,0.75,0.75,0,0.0,1.0,0.5,0.75,0.75
2017,small_component,0,,,,,1,0,0,0,0,0,0,4,0,0,-1,current,0,0,0.5873591229319572,0.5873591229319572,7,0,0,0,0,0,0,0,0.0,0.6666666666666666,0.16666666666666666,0.4166666666666667,0.5,0,0.0,0.6666666666666666,0.16666666666666666,0.4166666666666667,0.5,0,0.0,0.6666666666666666,0.16666666666666666,0.4166666666666667,0.5,0,0.0,0.6666666666666666,0.16666666666666666,0.4166666666666667,0.5
2018,small_component,0,,,,,1,0,0,0,0,0,0,4,0,0,-1,current,0,0,0.752277635037899,0.752277635037899,3,4,4,4,4,0,0,0,0.4444444444444444,0.3333333333333333,0.16666666666666666,0.25,0.4166666666666667,0,0.4444444444444444,0.3333333333333333,0.16666666666666666,0.25,0.4166666666666667,0,0.4444444444444444,0.3333333333333333,0.16666666666666666,0.25,0.4166666666666667,0,0.4444444444444444,0.3333333333333333,0.16666666666666666,0.25,0.4166666666666667
2019,max_rounds,0,,,,,1,1,4,4,4,12,12,4,-1,0,1,profiled_beam,1,1,0.7734829038381577,0.6913792490959167,7,0,0,6,9,9,3,0,0.0,1.0,0.5,0.75,0.75,0,0.0,1.0,0.5,0.75,0.75,0,0.6666666666666666,0.8333333333333334,0.5,0.6666666666666666,0.6666666666666666,1,1.0,1.0,1.0,1.0,1.0
2020,no_strict_e1_improvement,0,,,,,1,0,1,1,1,1,1,4,0,0,-1,current,0,0,0.6267074371377627,0.6267074371377627,8,0,0,0,0,0,0,0,0.0,0.5,1.0,0.75,0.75,0,0.0,0.5,1.0,0.75,0.75,0,0.0,0.5,1.0,0.75,0.75,0,0.0,0.5,1.0,0.75,0.75
2021,max_rounds,0,,,,,1,1,5,4,4,13,13,4,0,0,1,profiled_beam,1,1,0.6919851576288542,0.6786488741636276,4,0,0,0,0,0,0,0,0.0,0.5,0.16666666666666666,0.3333333333333333,0.4166666666666667,0,0.0,0.5,0.16666666666666666,0.3333333333333333,0.4166666666666667,0,0.0,0.3333333333333333,0.0,0.16666666666666666,0.25,0,0.0,0.3333333333333333,0.16666666666666666,0.25,0.3333333333333333
2022,no_strict_e1_improvement,0,,,,,1,0,1,1,1,1,1,4,0,0,-1,current,0,0,0.7292026182015737,0.7292026182015737,8,0,0,0,0,0,0,0,0.0,0.6666666666666666,0.5,0.5833333333333334,0.6666666666666666,0,0.0,0.6666666666666666,0.5,0.5833333333333334,0.6666666666666666,0,0.0,0.6666666666666666,0.5,0.5833333333333334,0.6666666666666666,0,0.0,0.6666666666666666,0.5,0.5833333333333334,0.6666666666666666
2023,no_strict_e1_improvement,0,,,,,1,0,1,1,1,1,1,4,0,0,-1,current,0,0,0.5608455166220665,0.5608455166220665,12,9,9,9,9,0,0,1,1.0,1.0,1.0,1.0,1.0,1,1.0,1.0,1.0,1.0,1.0,1,1.0,1.0,1.0,1.0,1.0,1,1.0,1.0,1.0,1.0,1.0
2024,no_strict_e1_improvement,0,,,,,1,0,1,1,1,1,1,4,0,0,-1,current,0,0,0.7180459300676981,0.7180459300676981,8,9,9,9,9,0,0,1,1.0,1.0,1.0,1.0,1.0,1,1.0,1.0,1.0,1.0,1.0,1,1.0,1.0,1.0,1.0,1.0,1,1.0,1.0,1.0,1.0,1.0
2025,no_strict_e1_improvement,0,,,,,1,0,2,2,2,5,5,4,0,0,-1,current,0,0,0.7125940124193827,0.7125940124193827,6,1,1,1,1,0,0,0,0.1111111111111111,0.3333333333333333,0.16666666666666666,0.25,0.3333333333333333,0,0.1111111111111111,0.3333333333333333,0.16666666666666666,0.25,0.3333333333333333,0,0.1111111111111111,0.3333333333333333,0.16666666666666666,0.25,0.3333333333333333,0,0.1111111111111111,0.3333333333333333,0.16666666666666666,0.25,0.3333333333333333
2026,small_component,0,,,,,1,0,0,0,0,0,0,4,0,0,-1,current,0,0,0.8598499000072479,0.8598499000072479,6,7,7,7,7,0,0,0,0.7777777777777778,0.6666666666666666,0.6666666666666666,0.6666666666666666,0.8333333333333334,0,0.7777777777777778,0.6666666666666666,0.6666666666666666,0.6666666666666666,0.8333333333333334,0,0.7777777777777778,0.6666666666666666,0.6666666666666666,0.6666666666666666,0.8333333333333334,0,0.7777777777777778,0.6666666666666666,0.6666666666666666,0.6666666666666666,0.8333333333333334
2027,no_strict_e1_improvement,0,,,,,1,0,1,1,1,1,1,4,0,0,-1,current,0,0,0.5910756935675939,0.5910756935675939,9,9,9,9,9,0,0,1,1.0,1.0,1.0,1.0,1.0,1,1.0,1.0,1.0,1.0,1.0,1,1.0,1.0,1.0,1.0,1.0,1,1.0,1.0,1.0,1.0,1.0
2028,no_strict_e1_improvement,0,,,,,1,0,1,1,1,1,1,4,0,0,-1,current,0,0,0.6205045084158579,0.6205045084158579,9,0,0,0,0,0,0,0,0.0,0.6666666666666666,0.5,0.5833333333333334,0.6666666666666666,0,0.0,0.6666666666666666,0.5,0.5833333333333334,0.6666666666666666,0,0.0,0.6666666666666666,0.5,0.5833333333333334,0.6666666666666666,0,0.0,0.6666666666666666,0.5,0.5833333333333334,0.6666666666666666
2029,no_strict_e1_improvement,0,,,,,1,0,1,1,1,1,1,4,0,0,-1,current,0,0,0.8115403056144714,0.8115403056144714,9,9,9,9,9,0,0,1,1.0,1.0,1.0,1.0,1.0,1,1.0,1.0,1.0,1.0,1.0,1,1.0,1.0,1.0,1.0,1.0,1,1.0,1.0,1.0,1.0,1.0
2030,max_rounds,0,,,,,1,1,3,2,2,6,6,4,0,0,0,s1a3_greedy,1,0,0.5824133157730103,0.4869583447774251,4,1,1,1,1,0,0,0,0.1111111111111111,0.0,0.3333333333333333,0.16666666666666666,0.4166666666666667,0,0.1111111111111111,0.0,0.3333333333333333,0.16666666666666666,0.4166666666666667,0,0.1111111111111111,0.0,0.0,0.0,0.5,0,0.1111111111111111,0.0,0.0,0.0,0.5
2031,no_strict_e1_improvement,0,,,,,1,0,1,1,1,1,1,4,0,0,-1,current,0,0,0.6893340349197388,0.6893340349197388,8,0,0,0,0,0,0,0,0.0,0.5,1.0,0.75,0.75,0,0.0,0.5,1.0,0.75,0.75,0,0.0,0.5,1.0,0.75,0.75,0,0.0,0.5,1.0,0.75,0.75
2032,no_strict_e1_improvement,0,,,,,1,0,5,4,4,14,14,4,0,0,-1,current,0,0,0.7584892734885216,0.7584892734885216,6,0,0,0,0,0,0,0,0.0,0.0,0.8333333333333334,0.4166666666666667,0.4166666666666667,0,0.0,0.0,0.8333333333333334,0.4166666666666667,0.4166666666666667,0,0.0,0.0,0.8333333333333334,0.4166666666666667,0.4166666666666667,0,0.0,0.0,0.8333333333333334,0.4166666666666667,0.4166666666666667
2033,no_strict_e1_improvement,0,,,,,1,0,1,1,1,1,1,4,0,0,-1,current,0,0,0.51602919648091,0.51602919648091,7,9,9,9,9,0,0,1,1.0,1.0,1.0,1.0,1.0,1,1.0,1.0,1.0,1.0,1.0,1,1.0,1.0,1.0,1.0,1.0,1,1.0,1.0,1.0,1.0,1.0
2034,small_component,0,,,,,1,0,0,0,0,0,0,4,0,0,-1,current,0,0,0.725582184890906,0.725582184890906,7,1,1,1,1,0,0,0,0.1111111111111111,0.3333333333333333,0.6666666666666666,0.5,0.5833333333333334,0,0.1111111111111111,0.3333333333333333,0.6666666666666666,0.5,0.5833333333333334,0,0.1111111111111111,0.3333333333333333,0.6666666666666666,0.5,0.5833333333333334,0,0.1111111111111111,0.3333333333333333,0.6666666666666666,0.5,0.5833333333333334
2035,no_strict_e1_improvement,0,,,,,1,0,1,1,1,1,1,4,0,0,-1,current,0,0,0.6237790212035179,0.6237790212035179,11,9,9,9,9,0,0,1,1.0,1.0,1.0,1.0,1.0,1,1.0,1.0,1.0,1.0,1.0,1,1.0,1.0,1.0,1.0,1.0,1,1.0,1.0,1.0,1.0,1.0
2036,no_strict_e1_improvement,0,,,,,1,0,2,2,2,6,6,4,0,0,-1,current,0,0,0.5228244016567866,0.5228244016567866,8,9,9,9,9,0,0,1,1.0,1.0,1.0,1.0,1.0,1,1.0,1.0,1.0,1.0,1.0,1,1.0,1.0,1.0,1.0,1.0,1,1.0,1.0,1.0,1.0,1.0
2037,no_strict_e1_improvement,0,,,,,1,0,1,1,1,1,1,4,0,0,-1,current,0,0,0.6694513261318207,0.6694513261318207,10,9,9,9,9,0,0,1,1.0,1.0,1.0,1.0,1.0,1,1.0,1.0,1.0,1.0,1.0,1,1.0,1.0,1.0,1.0,1.0,1,1.0,1.0,1.0,1.0,1.0
2038,no_strict_e1_improvement,0,,,,,1,0,1,1,1,1,1,4,0,0,-1,current,0,0,0.6554296314716339,0.6554296314716339,11,9,9,9,9,0,0,1,1.0,1.0,1.0,1.0,1.0,1,1.0,1.0,1.0,1.0,1.0,1,1.0,1.0,1.0,1.0,1.0,1,1.0,1.0,1.0,1.0,1.0
2039,no_strict_e1_improvement,0,,,,,1,0,1,1,1,1,1,4,0,0,-1,current,0,0,0.5934733425577482,0.5934733425577482,8,9,9,9,9,0,0,1,1.0,1.0,1.0,1.0,1.0,1,1.0,1.0,1.0,1.0,1.0,1,1.0,1.0,1.0,1.0,1.0,1,1.0,1.0,1.0,1.0,1.0
2040,no_strict_e1_improvement,0,,,,,1,0,1,1,1,1,1,4,0,0,-1,current,0,0,0.6204362014929453,0.6204362014929453,6,6,6,6,6,0,0,0,0.6666666666666666,0.8333333333333334,0.5,0.6666666666666666,0.6666666666666666,0,0.6666666666666666,0.8333333333333334,0.5,0.6666666666666666,0.6666666666666666,0,0.6666666666666666,0.8333333333333334,0.5,0.6666666666666666,0.6666666666666666,0,0.6666666666666666,0.8333333333333334,0.5,0.6666666666666666,0.6666666666666666
2041,no_strict_e1_improvement,0,,,,,1,0,1,1,1,1,1,4,0,0,-1,current,0,0,0.7231149325768153,0.7231149325768153,8,9,9,9,9,0,0,1,1.0,1.0,1.0,1.0,1.0,1,1.0,1.0,1.0,1.0,1.0,1,1.0,1.0,1.0,1.0,1.0,1,1.0,1.0,1.0,1.0,1.0
2042,no_strict_e1_improvement,0,,,,,1,0,1,1,1,1,1,4,0,0,-1,current,0,0,0.6682384846111139,0.6682384846111139,8,0,0,0,0,0,0,0,0.0,0.5,0.8333333333333334,0.6666666666666666,0.6666666666666666,0,0.0,0.5,0.8333333333333334,0.6666666666666666,0.6666666666666666,0,0.0,0.5,0.8333333333333334,0.6666666666666666,0.6666666666666666,0,0.0,0.5,0.8333333333333334,0.6666666666666666,0.6666666666666666
2043,no_strict_e1_improvement,0,,,,,1,0,1,1,1,1,1,4,0,0,-1,current,0,0,0.666444988300403,0.666444988300403,10,0,0,0,0,0,0,0,0.0,0.5,1.0,0.75,0.75,0,0.0,0.5,1.0,0.75,0.75,0,0.0,0.5,1.0,0.75,0.75,0,0.0,0.5,1.0,0.75,0.75
2044,small_component,0,,,,,1,0,0,0,0,0,0,4,0,0,-1,current,0,0,0.7435655991236368,0.7435655991236368,4,1,1,1,1,0,0,0,0.1111111111111111,0.0,0.0,0.0,0.25,0,0.1111111111111111,0.0,0.0,0.0,0.25,0,0.1111111111111111,0.0,0.0,0.0,0.25,0,0.1111111111111111,0.0,0.0,0.0,0.25
2045,no_strict_e1_improvement,0,,,,,1,0,1,1,1,1,1,4,0,0,-1,current,0,0,0.7002425516645113,0.7002425516645113,9,9,9,9,9,0,0,1,1.0,1.0,1.0,1.0,1.0,1,1.0,1.0,1.0,1.0,1.0,1,1.0,1.0,1.0,1.0,1.0,1,1.0,1.0,1.0,1.0,1.0
2046,max_rounds,0,,,,,1,1,3,2,2,6,6,4,0,0,1,profiled_beam,1,1,0.7077802866697311,0.6522093738118807,7,7,7,7,9,2,2,0,0.7777777777777778,0.6666666666666666,0.6666666666666666,0.6666666666666666,0.75,0,0.7777777777777778,0.6666666666666666,0.6666666666666666,0.6666666666666666,0.75,0,0.7777777777777778,0.6666666666666666,0.6666666666666666,0.6666666666666666,0.75,1,1.0,1.0,1.0,1.0,1.0
2047,no_strict_e1_improvement,0,,,,,1,0,2,2,2,7,7,4,0,0,-1,current,0,0,0.7579481254021326,0.7579481254021326,10,9,9,9,9,0,0,1,1.0,1.0,1.0,1.0,1.0,1,1.0,1.0,1.0,1.0,1.0,1,1.0,1.0,1.0,1.0,1.0,1,1.0,1.0,1.0,1.0,1.0
2048,no_strict_e1_improvement,0,,,,,1,0,1,1,1,2,2,4,0,0,-1,current,0,0,0.7392063662409782,0.7392063662409782,7,0,0,0,0,0,0,0,0.0,0.5,1.0,0.75,0.75,0,0.0,0.5,1.0,0.75,0.75,0,0.0,0.5,1.0,0.75,0.75,0,0.0,0.5,1.0,0.75,0.75
2049,max_rounds,0,,,,,1,1,3,2,2,6,6,4,-1,0,1,profiled_beam,1,1,0.44647838547825813,0.3957422884802024,6,0,0,0,0,0,0,0,0.0,0.3333333333333333,0.16666666666666666,0.25,0.3333333333333333,0,0.0,0.3333333333333333,0.16666666666666666,0.25,0.3333333333333333,0,0.0,0.5,0.0,0.25,0.3333333333333333,0,0.0,0.3333333333333333,0.5,0.4166666666666667,0.5
2050,no_strict_e1_improvement,0,,,,,1,0,1,1,1,1,1,4,0,0,-1,current,0,0,0.5821743930379549,0.5821743930379549,11,0,0,0,0,0,0,0,0.0,0.5,1.0,0.75,0.75,0,0.0,0.5,1.0,0.75,0.75,0,0.0,0.5,1.0,0.75,0.75,0,0.0,0.5,1.0,0.75,0.75
2051,no_strict_e1_improvement,0,,,,,1,0,1,1,1,1,1,4,0,0,-1,current,0,0,0.7384509146213531,0.7384509146213531,11,9,9,9,9,0,0,1,1.0,1.0,1.0,1.0,1.0,1,1.0,1.0,1.0,1.0,1.0,1,1.0,1.0,1.0,1.0,1.0,1,1.0,1.0,1.0,1.0,1.0
2052,no_strict_e1_improvement,0,,,,,1,0,1,1,1,1,1,4,0,0,-1,current,0,0,0.5867862204710642,0.5867862204710642,11,0,0,0,0,0,0,0,0.0,0.5,1.0,0.75,0.75,0,0.0,0.5,1.0,0.75,0.75,0,0.0,0.5,1.0,0.75,0.75,0,0.0,0.5,1.0,0.75,0.75
2053,no_strict_e1_improvement,0,,,,,1,0,2,2,2,6,6,4,0,0,-1,current,0,0,0.7251459856828054,0.7251459856828054,9,9,9,9,9,0,0,1,1.0,1.0,1.0,1.0,1.0,1,1.0,1.0,1.0,1.0,1.0,1,1.0,1.0,1.0,1.0,1.0,1,1.0,1.0,1.0,1.0,1.0
2054,max_rounds,0,,,,,1,1,3,2,2,6,6,4,0,-1,0,s1a3_greedy,1,0,0.7931756054361662,0.5918179651101431,9,0,0,9,9,9,0,0,0.0,0.5,0.8333333333333334,0.6666666666666666,0.6666666666666666,0,0.0,0.5,0.8333333333333334,0.6666666666666666,0.6666666666666666,1,1.0,1.0,1.0,1.0,1.0,1,1.0,1.0,1.0,1.0,1.0
2055,no_strict_e1_improvement,0,,,,,1,0,1,1,1,1,1,4,0,0,-1,current,0,0,0.6999281744162241,0.6999281744162241,7,9,9,9,9,0,0,1,1.0,1.0,1.0,1.0,1.0,1,1.0,1.0,1.0,1.0,1.0,1,1.0,1.0,1.0,1.0,1.0,1,1.0,1.0,1.0,1.0,1.0
2056,no_strict_e1_improvement,0,,,,,1,0,1,1,1,1,1,4,0,0,-1,current,0,0,0.6788109516104063,0.6788109516104063,9,9,9,9,9,0,0,1,1.0,1.0,1.0,1.0,1.0,1,1.0,1.0,1.0,1.0,1.0,1,1.0,1.0,1.0,1.0,1.0,1,1.0,1.0,1.0,1.0,1.0
2057,small_component,0,,,,,1,0,0,0,0,0,0,4,0,0,-1,current,0,0,0.7715078815817833,0.7715078815817833,7,1,1,1,1,0,0,0,0.1111111111111111,0.16666666666666666,0.3333333333333333,0.25,0.4166666666666667,0,0.1111111111111111,0.16666666666666666,0.3333333333333333,0.25,0.4166666666666667,0,0.1111111111111111,0.16666666666666666,0.3333333333333333,0.25,0.4166666666666667,0,0.1111111111111111,0.16666666666666666,0.3333333333333333,0.25,0.4166666666666667
2058,no_strict_e1_improvement,0,,,,,1,0,1,1,1,2,2,4,0,0,-1,current,0,0,0.6356541489561399,0.6356541489561399,8,0,0,0,0,0,0,0,0.0,0.16666666666666666,0.5,0.3333333333333333,0.4166666666666667,0,0.0,0.16666666666666666,0.5,0.3333333333333333,0.4166666666666667,0,0.0,0.16666666666666666,0.5,0.3333333333333333,0.4166666666666667,0,0.0,0.16666666666666666,0.5,0.3333333333333333,0.4166666666666667
2059,no_strict_e1_improvement,0,,,,,1,0,1,1,1,1,1,4,0,0,-1,current,0,0,0.509438951810201,0.509438951810201,9,0,0,0,0,0,0,0,0.0,0.5,1.0,0.75,0.75,0,0.0,0.5,1.0,0.75,0.75,0,0.0,0.5,1.0,0.75,0.75,0,0.0,0.5,1.0,0.75,0.75
2060,max_rounds,0,,,,,1,1,5,4,4,11,11,4,0,0,0,s1a3_greedy,1,0,0.547104112803936,0.5239945501089096,8,7,7,9,9,2,0,0,0.7777777777777778,0.6666666666666666,0.6666666666666666,0.6666666666666666,0.75,0,0.7777777777777778,0.6666666666666666,0.6666666666666666,0.6666666666666666,0.75,1,1.0,1.0,1.0,1.0,1.0,1,1.0,1.0,1.0,1.0,1.0
2061,no_strict_e1_improvement,0,,,,,1,0,1,1,1,1,1,4,0,0,-1,current,0,0,0.645497183005015,0.645497183005015,6,9,9,9,9,0,0,1,1.0,1.0,1.0,1.0,1.0,1,1.0,1.0,1.0,1.0,1.0,1,1.0,1.0,1.0,1.0,1.0,1,1.0,1.0,1.0,1.0,1.0
2062,no_strict_e1_improvement,0,,,,,1,0,1,1,1,1,1,4,0,0,-1,current,0,0,0.6400455757975578,0.6400455757975578,8,9,9,9,9,0,0,1,1.0,1.0,1.0,1.0,1.0,1,1.0,1.0,1.0,1.0,1.0,1,1.0,1.0,1.0,1.0,1.0,1,1.0,1.0,1.0,1.0,1.0
2063,no_strict_e1_improvement,0,,,,,1,0,1,1,1,1,1,4,0,0,-1,current,0,0,0.8140850489338239,0.8140850489338239,6,0,0,0,0,0,0,0,0.0,0.5,0.8333333333333334,0.6666666666666666,0.6666666666666666,0,0.0,0.5,0.8333333333333334,0.6666666666666666,0.6666666666666666,0,0.0,0.5,0.8333333333333334,0.6666666666666666,0.6666666666666666,0,0.0,0.5,0.8333333333333334,0.6666666666666666,0.6666666666666666
2064,no_strict_e1_improvement,0,,,,,1,0,1,1,1,1,1,4,0,0,-1,current,0,0,0.7253377983967463,0.7253377983967463,7,0,0,0,0,0,0,0,0.0,0.5,0.16666666666666666,0.3333333333333333,0.5,0,0.0,0.5,0.16666666666666666,0.3333333333333333,0.5,0,0.0,0.5,0.16666666666666666,0.3333333333333333,0.5,0,0.0,0.5,0.16666666666666666,0.3333333333333333,0.5
2065,max_rounds,0,,,,,1,1,5,4,4,16,16,4,0,0,1,profiled_beam,1,1,0.6056128814816475,0.5266685808698336,5,5,5,5,6,1,1,0,0.5555555555555556,0.5,0.3333333333333333,0.4166666666666667,0.4166666666666667,0,0.5555555555555556,0.5,0.3333333333333333,0.4166666666666667,0.4166666666666667,0,0.5555555555555556,0.5,0.3333333333333333,0.4166666666666667,0.4166666666666667,0,0.6666666666666666,0.5,0.5,0.5,0.5833333333333334
2066,no_strict_e1_improvement,0,,,,,1,0,1,1,1,1,1,4,0,0,-1,current,0,0,0.5193425739804903,0.5193425739804903,5,0,0,0,0,0,0,0,0.0,0.5,1.0,0.75,0.75,0,0.0,0.5,1.0,0.75,0.75,0,0.0,0.5,1.0,0.75,0.75,0,0.0,0.5,1.0,0.75,0.75
2067,no_strict_e1_improvement,0,,,,,1,0,1,1,1,1,1,4,0,0,-1,current,0,0,0.601929284632206,0.601929284632206,11,9,9,9,9,0,0,1,1.0,1.0,1.0,1.0,1.0,1,1.0,1.0,1.0,1.0,1.0,1,1.0,1.0,1.0,1.0,1.0,1,1.0,1.0,1.0,1.0,1.0
2068,no_strict_e1_improvement,0,,,,,1,0,1,1,1,1,1,4,0,0,-1,current,0,0,0.7946643506487211,0.7946643506487211,8,0,0,0,0,0,0,0,0.0,0.5,0.5,0.5,0.5,0,0.0,0.5,0.5,0.5,0.5,0,0.0,0.5,0.5,0.5,0.5,0,0.0,0.5,0.5,0.5,0.5
2069,no_strict_e1_improvement,0,,,,,1,0,1,1,1,1,1,4,0,0,-1,current,0,0,0.5979915857315063,0.5979915857315063,9,9,9,9,9,0,0,1,1.0,1.0,1.0,1.0,1.0,1,1.0,1.0,1.0,1.0,1.0,1,1.0,1.0,1.0,1.0,1.0,1,1.0,1.0,1.0,1.0,1.0
2070,no_strict_e1_improvement,0,,,,,1,0,1,1,1,1,1,4,0,0,-1,current,0,0,0.6418210665384928,0.6418210665384928,7,9,9,9,9,0,0,1,1.0,1.0,1.0,1.0,1.0,1,1.0,1.0,1.0,1.0,1.0,1,1.0,1.0,1.0,1.0,1.0,1,1.0,1.0,1.0,1.0,1.0
2071,no_strict_e1_improvement,0,,,,,1,0,1,1,1,1,1,4,0,0,-1,current,0,0,0.7094645351171494,0.7094645351171494,11,9,9,9,9,0,0,1,1.0,1.0,1.0,1.0,1.0,1,1.0,1.0,1.0,1.0,1.0,1,1.0,1.0,1.0,1.0,1.0,1,1.0,1.0,1.0,1.0,1.0
2072,small_component,0,,,,,1,0,0,0,0,0,0,4,0,0,-1,current,0,0,0.7168450007836024,0.7168450007836024,7,9,9,9,9,0,0,1,1.0,1.0,1.0,1.0,1.0,1,1.0,1.0,1.0,1.0,1.0,1,1.0,1.0,1.0,1.0,1.0,1,1.0,1.0,1.0,1.0,1.0
2073,no_strict_e1_improvement,0,,,,,1,0,1,1,1,1,1,4,0,0,-1,current,0,0,0.6151682635148367,0.6151682635148367,11,9,9,9,9,0,0,1,1.0,1.0,1.0,1.0,1.0,1,1.0,1.0,1.0,1.0,1.0,1,1.0,1.0,1.0,1.0,1.0,1,1.0,1.0,1.0,1.0,1.0
2074,max_rounds,0,,,,,1,1,2,2,2,6,6,4,0,1,0,s1a3_greedy,1,0,0.7005170856912931,0.5909261827667555,11,0,0,9,9,9,0,0,0.0,0.5,1.0,0.75,0.75,0,0.0,0.5,1.0,0.75,0.75,1,1.0,1.0,1.0,1.0,1.0,1,1.0,1.0,1.0,1.0,1.0
2075,no_strict_e1_improvement,0,,,,,1,0,1,1,1,1,1,4,0,0,-1,current,0,0,0.6932325214147568,0.6932325214147568,8,9,9,9,9,0,0,1,1.0,1.0,1.0,1.0,1.0,1,1.0,1.0,1.0,1.0,1.0,1,1.0,1.0,1.0,1.0,1.0,1,1.0,1.0,1.0,1.0,1.0
2076,no_strict_e1_improvement,0,,,,,1,0,2,2,2,7,7,4,0,0,-1,current,0,0,0.7081987435619036,0.7081987435619036,8,9,9,9,9,0,0,1,1.0,1.0,1.0,1.0,1.0,1,1.0,1.0,1.0,1.0,1.0,1,1.0,1.0,1.0,1.0,1.0,1,1.0,1.0,1.0,1.0,1.0
2077,max_rounds,0,,,,,1,1,3,2,2,6,6,4,0,0,0,s1a3_greedy,1,0,0.729676696161429,0.7077484652400017,7,2,2,1,1,-1,0,0,0.2222222222222222,0.16666666666666666,0.3333333333333333,0.25,0.4166666666666667,0,0.2222222222222222,0.16666666666666666,0.3333333333333333,0.25,0.4166666666666667,0,0.1111111111111111,0.3333333333333333,0.6666666666666666,0.5,0.5833333333333334,0,0.1111111111111111,0.3333333333333333,0.6666666666666666,0.5,0.5833333333333334
2078,max_rounds,0,,,,,1,1,2,2,2,6,6,4,0,1,0,s1a3_greedy,1,0,0.7597198535998663,0.7344739710291227,7,9,9,0,0,-9,0,1,1.0,1.0,1.0,1.0,1.0,1,1.0,1.0,1.0,1.0,1.0,0,0.0,0.5,1.0,0.75,0.75,0,0.0,0.5,1.0,0.75,0.75
2079,no_strict_e1_improvement,0,,,,,1,0,1,1,1,1,1,4,0,0,-1,current,0,0,0.5154402703046799,0.5154402703046799,11,9,9,9,9,0,0,1,1.0,1.0,1.0,1.0,1.0,1,1.0,1.0,1.0,1.0,1.0,1,1.0,1.0,1.0,1.0,1.0,1,1.0,1.0,1.0,1.0,1.0
2080,partial_completed__small_component,1,,3,2,4,1,0,0,0,0,0,0,4,0,0,-1,current,1,0,0.9391990800698599,0.9391990800698599,4,0,1,1,1,1,0,0,0.0,0.5,0.0,0.25,0.25,0,0.1111111111111111,0.5,0.16666666666666666,0.3333333333333333,0.4166666666666667,0,0.1111111111111111,0.5,0.16666666666666666,0.3333333333333333,0.4166666666666667,0,0.1111111111111111,0.5,0.16666666666666666,0.3333333333333333,0.4166666666666667
2081,partial_completed__no_strict_e1_improvement,1,,3,2,3,1,0,1,1,1,1,1,4,0,0,-1,current,1,0,0.6084125563502312,0.6084125563502312,6,0,0,0,0,0,0,0,0.0,0.3333333333333333,0.5,0.4166666666666667,0.4166666666666667,0,0.0,0.5,0.8333333333333334,0.6666666666666666,0.6666666666666666,0,0.0,0.5,0.8333333333333334,0.6666666666666666,0.6666666666666666,0,0.0,0.5,0.8333333333333334,0.6666666666666666,0.6666666666666666
2082,no_strict_e1_improvement,0,,,,,1,0,1,1,1,1,1,4,0,0,-1,current,0,0,0.5118145644664764,0.5118145644664764,9,9,9,9,9,0,0,1,1.0,1.0,1.0,1.0,1.0,1,1.0,1.0,1.0,1.0,1.0,1,1.0,1.0,1.0,1.0,1.0,1,1.0,1.0,1.0,1.0,1.0
2083,no_strict_e1_improvement,0,,,,,1,0,4,4,4,15,15,4,0,0,-1,current,0,0,0.7117267847061157,0.7117267847061157,9,9,9,9,9,0,0,1,1.0,1.0,1.0,1.0,1.0,1,1.0,1.0,1.0,1.0,1.0,1,1.0,1.0,1.0,1.0,1.0,1,1.0,1.0,1.0,1.0,1.0
2084,no_strict_e1_improvement,0,,,,,1,0,1,1,1,1,1,4,0,0,-1,current,0,0,0.4184625968337059,0.4184625968337059,10,9,9,9,9,0,0,1,1.0,1.0,1.0,1.0,1.0,1,1.0,1.0,1.0,1.0,1.0,1,1.0,1.0,1.0,1.0,1.0,1,1.0,1.0,1.0,1.0,1.0
2085,max_rounds,0,,,,,1,1,3,2,2,6,6,4,0,0,1,profiled_beam,1,1,0.6559329753120741,0.6261331588029861,9,5,5,5,2,-3,-3,0,0.5555555555555556,0.3333333333333333,0.6666666666666666,0.5,0.6666666666666666,0,0.5555555555555556,0.3333333333333333,0.6666666666666666,0.5,0.6666666666666666,0,0.5555555555555556,0.3333333333333333,0.6666666666666666,0.5,0.6666666666666666,0,0.2222222222222222,0.16666666666666666,0.6666666666666666,0.4166666666666667,0.5833333333333334
2086,no_strict_e1_improvement,0,,,,,1,0,1,1,1,1,1,4,0,0,-1,current,0,0,0.6535689830780029,0.6535689830780029,9,0,0,0,0,0,0,0,0.0,0.5,1.0,0.75,0.75,0,0.0,0.5,1.0,0.75,0.75,0,0.0,0.5,1.0,0.75,0.75,0,0.0,0.5,1.0,0.75,0.75
2087,partial_completed__no_strict_e1_improvement,1,,3,2,4,1,0,1,1,1,2,2,4,0,0,-1,current,1,0,0.6504678651690483,0.6504678651690483,7,6,9,9,9,3,0,0,0.6666666666666666,0.6666666666666666,0.5,0.5833333333333334,0.5833333333333334,1,1.0,1.0,1.0,1.0,1.0,1,1.0,1.0,1.0,1.0,1.0,1,1.0,1.0,1.0,1.0,1.0
2088,no_strict_e1_improvement,0,,,,,1,0,1,1,1,1,1,4,0,0,-1,current,0,0,0.6490123222271601,0.6490123222271601,10,9,9,9,9,0,0,1,1.0,1.0,1.0,1.0,1.0,1,1.0,1.0,1.0,1.0,1.0,1,1.0,1.0,1.0,1.0,1.0,1,1.0,1.0,1.0,1.0,1.0
2089,max_rounds,0,,,,,1,1,5,4,4,9,9,4,-1,0,0,s1a3_greedy,1,0,0.7180587947368622,0.6049321964383125,7,0,0,0,0,0,0,0,0.0,0.6666666666666666,0.5,0.5833333333333334,0.5833333333333334,0,0.0,0.6666666666666666,0.5,0.5833333333333334,0.5833333333333334,0,0.0,0.5,1.0,0.75,0.75,0,0.0,0.5,1.0,0.75,0.75
2090,no_strict_e1_improvement,0,,,,,1,0,1,1,1,1,1,4,0,0,-1,current,0,0,0.6362899740537008,0.6362899740537008,7,0,0,0,0,0,0,0,0.0,0.5,1.0,0.75,0.75,0,0.0,0.5,1.0,0.75,0.75,0,0.0,0.5,1.0,0.75,0.75,0,0.0,0.5,1.0,0.75,0.75
2091,max_rounds,0,,,,,1,1,2,2,2,6,6,4,0,1,0,s1a3_greedy,1,0,0.6337802857160568,0.5456721236308416,11,0,0,9,9,9,0,0,0.0,0.5,1.0,0.75,0.75,0,0.0,0.5,1.0,0.75,0.75,1,1.0,1.0,1.0,1.0,1.0,1,1.0,1.0,1.0,1.0,1.0
2092,no_strict_e1_improvement,0,,,,,1,0,1,1,1,1,1,4,0,0,-1,current,0,0,0.5616928786039352,0.5616928786039352,11,9,9,9,9,0,0,1,1.0,1.0,1.0,1.0,1.0,1,1.0,1.0,1.0,1.0,1.0,1,1.0,1.0,1.0,1.0,1.0,1,1.0,1.0,1.0,1.0,1.0
2093,no_strict_e1_improvement,0,,,,,1,0,2,2,2,6,6,4,0,0,-1,current,0,0,0.6241773044069608,0.6241773044069608,10,9,9,9,9,0,0,1,1.0,1.0,1.0,1.0,1.0,1,1.0,1.0,1.0,1.0,1.0,1,1.0,1.0,1.0,1.0,1.0,1,1.0,1.0,1.0,1.0,1.0
2094,max_rounds,0,,,,,1,1,3,2,2,8,8,4,1,0,0,s1a3_greedy,1,0,0.6978006511926651,0.6410373747348785,7,0,0,1,1,1,0,0,0.0,0.6666666666666666,0.5,0.5833333333333334,0.5833333333333334,0,0.0,0.6666666666666666,0.5,0.5833333333333334,0.5833333333333334,0,0.1111111111111111,0.3333333333333333,0.6666666666666666,0.5,0.6666666666666666,0,0.1111111111111111,0.3333333333333333,0.6666666666666666,0.5,0.6666666666666666
2095,no_strict_e1_improvement,0,,,,,1,0,1,1,1,1,1,4,0,0,-1,current,0,0,0.5532832319537798,0.5532832319537798,11,0,0,0,0,0,0,0,0.0,0.5,1.0,0.75,0.75,0,0.0,0.5,1.0,0.75,0.75,0,0.0,0.5,1.0,0.75,0.75,0,0.0,0.5,1.0,0.75,0.75
2096,no_strict_e1_improvement,0,,,,,1,0,1,1,1,2,2,4,0,0,-1,current,0,0,0.783917506535848,0.783917506535848,7,0,0,0,0,0,0,0,0.0,0.16666666666666666,0.5,0.3333333333333333,0.6666666666666666,0,0.0,0.16666666666666666,0.5,0.3333333333333333,0.6666666666666666,0,0.0,0.16666666666666666,0.5,0.3333333333333333,0.6666666666666666,0,0.0,0.16666666666666666,0.5,0.3333333333333333,0.6666666666666666
2097,max_rounds,0,,,,,1,1,5,4,4,15,15,4,0,-1,1,profiled_beam,1,1,0.7914033855001131,0.7141352916757265,6,2,2,3,3,1,0,0,0.2222222222222222,0.0,0.5,0.25,0.4166666666666667,0,0.2222222222222222,0.0,0.5,0.25,0.4166666666666667,0,0.3333333333333333,0.0,0.6666666666666666,0.3333333333333333,0.5833333333333334,0,0.3333333333333333,0.0,1.0,0.5,0.75
2098,no_strict_e1_improvement,0,,,,,1,0,1,1,1,1,1,4,0,0,-1,current,0,0,0.585339143872261,0.585339143872261,11,9,9,9,9,0,0,1,1.0,1.0,1.0,1.0,1.0,1,1.0,1.0,1.0,1.0,1.0,1,1.0,1.0,1.0,1.0,1.0,1,1.0,1.0,1.0,1.0,1.0
2099,no_strict_e1_improvement,0,,,,,1,0,1,1,1,1,1,4,0,0,-1,current,0,0,0.6788505266110102,0.6788505266110102,5,0,0,0,0,0,0,0,0.0,0.5,1.0,0.75,0.75,0,0.0,0.5,1.0,0.75,0.75,0,0.0,0.5,1.0,0.75,0.75,0,0.0,0.5,1.0,0.75,0.75
2100,small_component,0,,,,,1,0,0,0,0,0,0,4,0,0,-1,current,0,0,0.8349856908122698,0.8349856908122698,5,2,2,2,2,0,0,0,0.2222222222222222,0.16666666666666666,0.6666666666666666,0.4166666666666667,0.75,0,0.2222222222222222,0.16666666666666666,0.6666666666666666,0.4166666666666667,0.75,0,0.2222222222222222,0.16666666666666666,0.6666666666666666,0.4166666666666667,0.75,0,0.2222222222222222,0.16666666666666666,0.6666666666666666,0.4166666666666667,0.75
2101,small_component,0,,,,,1,0,0,0,0,0,0,4,0,0,-1,current,0,0,0.6401134009162585,0.6401134009162585,5,3,3,3,3,0,0,0,0.3333333333333333,0.6666666666666666,0.0,0.3333333333333333,0.3333333333333333,0,0.3333333333333333,0.6666666666666666,0.0,0.3333333333333333,0.3333333333333333,0,0.3333333333333333,0.6666666666666666,0.0,0.3333333333333333,0.3333333333333333,0,0.3333333333333333,0.6666666666666666,0.0,0.3333333333333333,0.3333333333333333
2102,max_rounds,0,,,,,1,1,2,2,2,6,6,4,-1,0,0,s1a3_greedy,1,0,0.5499716202418009,0.4812273755669594,10,0,0,9,9,9,0,0,0.0,1.0,0.5,0.75,0.75,0,0.0,1.0,0.5,0.75,0.75,1,1.0,1.0,1.0,1.0,1.0,1,1.0,1.0,1.0,1.0,1.0
2103,partial_completed__max_rounds,1,,3,2,2,1,1,3,2,2,7,7,4,-1,0,1,profiled_beam,1,1,0.7323717350761095,0.7165723840395609,7,5,7,9,0,-5,-9,0,0.5555555555555556,0.3333333333333333,0.5,0.4166666666666667,0.4166666666666667,0,0.7777777777777778,0.6666666666666666,0.6666666666666666,0.6666666666666666,0.75,1,1.0,1.0,1.0,1.0,1.0,0,0.0,0.8333333333333334,0.5,0.6666666666666666,0.6666666666666666
2104,max_rounds,0,,,,,1,1,5,4,4,16,16,4,0,0,1,profiled_beam,1,1,0.8191134209434191,0.7752195820212364,6,5,5,3,5,0,2,0,0.5555555555555556,0.3333333333333333,0.5,0.4166666666666667,0.5,0,0.5555555555555556,0.3333333333333333,0.5,0.4166666666666667,0.5,0,0.3333333333333333,0.0,1.0,0.5,0.75,0,0.5555555555555556,0.3333333333333333,0.6666666666666666,0.5,0.6666666666666666
2105,small_component,0,,,,,1,0,0,0,0,0,0,4,0,0,-1,current,0,0,0.9204741468032202,0.9204741468032202,6,2,2,2,2,0,0,0,0.2222222222222222,0.5,0.5,0.5,0.5,0,0.2222222222222222,0.5,0.5,0.5,0.5,0,0.2222222222222222,0.5,0.5,0.5,0.5,0,0.2222222222222222,0.5,0.5,0.5,0.5
2106,no_strict_e1_improvement,0,,,,,1,0,2,2,2,8,8,4,0,0,-1,current,0,0,0.7017243653535843,0.7017243653535843,4,2,2,2,2,0,0,0,0.2222222222222222,0.0,0.5,0.25,0.5833333333333334,0,0.2222222222222222,0.0,0.5,0.25,0.5833333333333334,0,0.2222222222222222,0.0,0.5,0.25,0.5833333333333334,0,0.2222222222222222,0.0,0.5,0.25,0.5833333333333334
2107,max_rounds,0,,,,,1,1,4,4,4,16,16,4,1,1,1,profiled_beam,1,1,0.8409251843889555,0.7770102967818578,4,2,2,2,3,1,1,0,0.2222222222222222,0.0,0.3333333333333333,0.16666666666666666,0.4166666666666667,0,0.2222222222222222,0.0,0.3333333333333333,0.16666666666666666,0.4166666666666667,0,0.2222222222222222,0.0,0.5,0.25,0.25,0,0.3333333333333333,0.0,1.0,0.5,0.75
2108,max_rounds,0,,,,,1,1,2,2,2,6,6,4,0,1,1,profiled_beam,1,1,0.585587444404761,0.573243667682012,6,0,0,0,0,0,0,0,0.0,0.0,0.5,0.25,0.3333333333333333,0,0.0,0.0,0.5,0.25,0.3333333333333333,0,0.0,0.16666666666666666,0.6666666666666666,0.4166666666666667,0.5,0,0.0,0.5,0.3333333333333333,0.4166666666666667,0.5833333333333334
2109,no_strict_e1_improvement,0,,,,,1,0,1,1,1,1,1,4,0,0,-1,current,0,0,0.5970863451560339,0.5970863451560339,11,9,9,9,9,0,0,1,1.0,1.0,1.0,1.0,1.0,1,1.0,1.0,1.0,1.0,1.0,1,1.0,1.0,1.0,1.0,1.0,1,1.0,1.0,1.0,1.0,1.0
2110,no_strict_e1_improvement,0,,,,,1,0,1,1,1,1,1,4,0,0,-1,current,0,0,0.6688020279010137,0.6688020279010137,9,9,9,9,9,0,0,1,1.0,1.0,1.0,1.0,1.0,1,1.0,1.0,1.0,1.0,1.0,1,1.0,1.0,1.0,1.0,1.0,1,1.0,1.0,1.0,1.0,1.0
2111,no_strict_e1_improvement,0,,,,,1,0,1,1,1,1,1,4,0,0,-1,current,0,0,0.6534785355130831,0.6534785355130831,9,0,0,0,0,0,0,0,0.0,0.5,1.0,0.75,0.75,0,0.0,0.5,1.0,0.75,0.75,0,0.0,0.5,1.0,0.75,0.75,0,0.0,0.5,1.0,0.75,0.75
2112,no_strict_e1_improvement,0,,,,,1,0,1,1,1,1,1,4,0,0,-1,current,0,0,0.6900772626201311,0.6900772626201311,5,9,9,9,9,0,0,1,1.0,1.0,1.0,1.0,1.0,1,1.0,1.0,1.0,1.0,1.0,1,1.0,1.0,1.0,1.0,1.0,1,1.0,1.0,1.0,1.0,1.0
2113,no_strict_e1_improvement,0,,,,,1,0,2,2,2,6,6,4,0,0,-1,current,0,0,0.5779903332392374,0.5779903332392374,10,0,0,0,0,0,0,0,0.0,0.5,1.0,0.75,0.75,0,0.0,0.5,1.0,0.75,0.75,0,0.0,0.5,1.0,0.75,0.75,0,0.0,0.5,1.0,0.75,0.75
2114,no_strict_e1_improvement,0,,,,,1,0,1,1,1,1,1,4,0,0,-1,current,0,0,0.6423918604850769,0.6423918604850769,10,9,9,9,9,0,0,1,1.0,1.0,1.0,1.0,1.0,1,1.0,1.0,1.0,1.0,1.0,1,1.0,1.0,1.0,1.0,1.0,1,1.0,1.0,1.0,1.0,1.0
2115,no_strict_e1_improvement,0,,,,,1,0,1,1,1,1,1,4,0,0,-1,current,0,0,0.6071557241181532,0.6071557241181532,10,9,9,9,9,0,0,1,1.0,1.0,1.0,1.0,1.0,1,1.0,1.0,1.0,1.0,1.0,1,1.0,1.0,1.0,1.0,1.0,1,1.0,1.0,1.0,1.0,1.0
2116,no_strict_e1_improvement,0,,,,,1,0,1,1,1,1,1,4,0,0,-1,current,0,0,0.6561515380938848,0.6561515380938848,9,0,0,0,0,0,0,0,0.0,1.0,0.5,0.75,0.75,0,0.0,1.0,0.5,0.75,0.75,0,0.0,1.0,0.5,0.75,0.75,0,0.0,1.0,0.5,0.75,0.75
2117,small_component,0,,,,,1,0,0,0,0,0,0,4,0,0,-1,current,0,0,0.6496630311012268,0.6496630311012268,7,2,2,2,2,0,0,0,0.2222222222222222,0.16666666666666666,0.6666666666666666,0.4166666666666667,0.5833333333333334,0,0.2222222222222222,0.16666666666666666,0.6666666666666666,0.4166666666666667,0.5833333333333334,0,0.2222222222222222,0.16666666666666666,0.6666666666666666,0.4166666666666667,0.5833333333333334,0,0.2222222222222222,0.16666666666666666,0.6666666666666666,0.4166666666666667,0.5833333333333334
2118,no_strict_e1_improvement,0,,,,,1,0,1,1,1,1,1,4,0,0,-1,current,0,0,0.5718138764301935,0.5718138764301935,6,0,0,0,0,0,0,0,0.0,0.5,0.8333333333333334,0.6666666666666666,0.6666666666666666,0,0.0,0.5,0.8333333333333334,0.6666666666666666,0.6666666666666666,0,0.0,0.5,0.8333333333333334,0.6666666666666666,0.6666666666666666,0,0.0,0.5,0.8333333333333334,0.6666666666666666,0.6666666666666666
2119,no_strict_e1_improvement,0,,,,,1,0,2,2,2,5,5,4,0,0,-1,current,0,0,0.7539675707618395,0.7539675707618395,7,0,0,0,0,0,0,0,0.0,0.5,1.0,0.75,0.75,0,0.0,0.5,1.0,0.75,0.75,0,0.0,0.5,1.0,0.75,0.75,0,0.0,0.5,1.0,0.75,0.75
2120,partial_completed__small_component,1,,3,2,4,1,0,0,0,0,0,0,4,0,0,-1,current,1,0,0.8848081876834234,0.8848081876834234,3,0,0,0,0,0,0,0,0.0,0.3333333333333333,0.0,0.16666666666666666,0.3333333333333333,0,0.0,0.3333333333333333,0.0,0.16666666666666666,0.4166666666666667,0,0.0,0.3333333333333333,0.0,0.16666666666666666,0.4166666666666667,0,0.0,0.3333333333333333,0.0,0.16666666666666666,0.4166666666666667
2121,no_strict_e1_improvement,0,,,,,1,0,1,1,1,1,1,4,0,0,-1,current,0,0,0.6719091211756071,0.6719091211756071,9,9,9,9,9,0,0,1,1.0,1.0,1.0,1.0,1.0,1,1.0,1.0,1.0,1.0,1.0,1,1.0,1.0,1.0,1.0,1.0,1,1.0,1.0,1.0,1.0,1.0
2122,no_strict_e1_improvement,0,,,,,1,0,1,1,1,2,2,4,0,0,-1,current,0,0,0.8640123481551806,0.8640123481551806,8,0,0,0,0,0,0,0,0.0,0.5,0.8333333333333334,0.6666666666666666,0.6666666666666666,0,0.0,0.5,0.8333333333333334,0.6666666666666666,0.6666666666666666,0,0.0,0.5,0.8333333333333334,0.6666666666666666,0.6666666666666666,0,0.0,0.5,0.8333333333333334,0.6666666666666666,0.6666666666666666
2123,no_strict_e1_improvement,0,,,,,1,0,1,1,1,1,1,4,0,0,-1,current,0,0,0.6981507167220116,0.6981507167220116,9,9,9,9,9,0,0,1,1.0,1.0,1.0,1.0,1.0,1,1.0,1.0,1.0,1.0,1.0,1,1.0,1.0,1.0,1.0,1.0,1,1.0,1.0,1.0,1.0,1.0
2124,no_strict_e1_improvement,0,,,,,1,0,1,1,1,1,1,4,0,0,-1,current,0,0,0.611388531823953,0.611388531823953,11,9,9,9,9,0,0,1,1.0,1.0,1.0,1.0,1.0,1,1.0,1.0,1.0,1.0,1.0,1,1.0,1.0,1.0,1.0,1.0,1,1.0,1.0,1.0,1.0,1.0
2125,max_rounds,0,,,,,1,1,2,2,2,6,6,4,0,1,0,s1a3_greedy,1,0,0.7968099489808083,0.766857181986173,6,0,0,0,0,0,0,0,0.0,0.8333333333333334,0.0,0.4166666666666667,0.4166666666666667,0,0.0,0.8333333333333334,0.0,0.4166666666666667,0.4166666666666667,0,0.0,0.6666666666666666,0.0,0.3333333333333333,0.3333333333333333,0,0.0,0.6666666666666666,0.0,0.3333333333333333,0.3333333333333333
2126,no_strict_e1_improvement,0,,,,,1,0,1,1,1,1,1,4,0,0,-1,current,0,0,0.6325567464033762,0.6325567464033762,12,9,9,9,9,0,0,1,1.0,1.0,1.0,1.0,1.0,1,1.0,1.0,1.0,1.0,1.0,1,1.0,1.0,1.0,1.0,1.0,1,1.0,1.0,1.0,1.0,1.0
2127,no_strict_e1_improvement,0,,,,,1,0,1,1,1,1,1,4,0,0,-1,current,0,0,0.7348442723353704,0.7348442723353704,10,9,9,9,9,0,0,1,1.0,1.0,1.0,1.0,1.0,1,1.0,1.0,1.0,1.0,1.0,1,1.0,1.0,1.0,1.0,1.0,1,1.0,1.0,1.0,1.0,1.0
2128,no_strict_e1_improvement,0,,,,,1,0,1,1,1,1,1,4,0,0,-1,current,0,0,0.5294264927506447,0.5294264927506447,10,9,9,9,9,0,0,1,1.0,1.0,1.0,1.0,1.0,1,1.0,1.0,1.0,1.0,1.0,1,1.0,1.0,1.0,1.0,1.0,1,1.0,1.0,1.0,1.0,1.0
2129,small_component,0,,,,,1,0,0,0,0,0,0,4,0,0,-1,current,0,0,0.722929447889328,0.722929447889328,4,1,1,1,1,0,0,0,0.1111111111111111,0.6666666666666666,0.0,0.3333333333333333,0.6666666666666666,0,0.1111111111111111,0.6666666666666666,0.0,0.3333333333333333,0.6666666666666666,0,0.1111111111111111,0.6666666666666666,0.0,0.3333333333333333,0.6666666666666666,0,0.1111111111111111,0.6666666666666666,0.0,0.3333333333333333,0.6666666666666666
2130,max_rounds,0,,,,,1,1,5,4,4,15,15,4,0,0,1,profiled_beam,1,1,0.7947677647074064,0.7818754439552625,6,1,1,1,1,0,0,0,0.1111111111111111,0.16666666666666666,0.5,0.3333333333333333,0.4166666666666667,0,0.1111111111111111,0.16666666666666666,0.5,0.3333333333333333,0.4166666666666667,0,0.1111111111111111,0.16666666666666666,0.5,0.3333333333333333,0.4166666666666667,0,0.1111111111111111,0.16666666666666666,0.3333333333333333,0.25,0.4166666666666667
2131,no_strict_e1_improvement,0,,,,,1,0,1,1,1,1,1,4,0,0,-1,current,0,0,0.7538836946090063,0.7538836946090063,8,3,3,3,3,0,0,0,0.3333333333333333,0.6666666666666666,0.5,0.5833333333333334,0.5833333333333334,0,0.3333333333333333,0.6666666666666666,0.5,0.5833333333333334,0.5833333333333334,0,0.3333333333333333,0.6666666666666666,0.5,0.5833333333333334,0.5833333333333334,0,0.3333333333333333,0.6666666666666666,0.5,0.5833333333333334,0.5833333333333334
2132,small_component,0,,,,,1,0,0,0,0,0,0,4,0,0,-1,current,0,0,0.702333594361941,0.702333594361941,3,7,7,7,7,0,0,0,0.7777777777777778,0.6666666666666666,0.6666666666666666,0.6666666666666666,0.75,0,0.7777777777777778,0.6666666666666666,0.6666666666666666,0.6666666666666666,0.75,0,0.7777777777777778,0.6666666666666666,0.6666666666666666,0.6666666666666666,0.75,0,0.7777777777777778,0.6666666666666666,0.6666666666666666,0.6666666666666666,0.75
2133,no_strict_e1_improvement,0,,,,,1,0,1,1,1,1,1,4,0,0,-1,current,0,0,0.6172240401307741,0.6172240401307741,9,7,7,7,7,0,0,0,0.7777777777777778,0.6666666666666666,0.6666666666666666,0.6666666666666666,0.75,0,0.7777777777777778,0.6666666666666666,0.6666666666666666,0.6666666666666666,0.75,0,0.7777777777777778,0.6666666666666666,0.6666666666666666,0.6666666666666666,0.75,0,0.7777777777777778,0.6666666666666666,0.6666666666666666,0.6666666666666666,0.75
2134,partial_completed__no_strict_e1_improvement,1,,3,2,4,1,0,2,2,2,6,6,4,0,0,-1,current,1,0,0.8233963052431742,0.8233963052431742,7,3,3,3,3,0,0,0,0.3333333333333333,0.0,0.6666666666666666,0.3333333333333333,0.3333333333333333,0,0.3333333333333333,0.0,1.0,0.5,0.75,0,0.3333333333333333,0.0,1.0,0.5,0.75,0,0.3333333333333333,0.0,1.0,0.5,0.75
2135,small_component,0,,,,,1,0,0,0,0,0,0,4,0,0,-1,current,0,0,0.617638573050499,0.617638573050499,6,3,3,3,3,0,0,0,0.3333333333333333,0.6666666666666666,0.0,0.3333333333333333,0.3333333333333333,0,0.3333333333333333,0.6666666666666666,0.0,0.3333333333333333,0.3333333333333333,0,0.3333333333333333,0.6666666666666666,0.0,0.3333333333333333,0.3333333333333333,0,0.3333333333333333,0.6666666666666666,0.0,0.3333333333333333,0.3333333333333333
2136,no_strict_e1_improvement,0,,,,,1,0,1,1,1,1,1,4,0,0,-1,current,0,0,0.7187260364492735,0.7187260364492735,10,9,9,9,9,0,0,1,1.0,1.0,1.0,1.0,1.0,1,1.0,1.0,1.0,1.0,1.0,1,1.0,1.0,1.0,1.0,1.0,1,1.0,1.0,1.0,1.0,1.0
2137,max_rounds,0,,,,,1,1,2,2,2,7,7,4,0,1,0,s1a3_greedy,1,0,0.6656623408198357,0.5895085036754608,9,0,0,9,9,9,0,0,0.0,0.5,0.8333333333333334,0.6666666666666666,0.6666666666666666,0,0.0,0.5,0.8333333333333334,0.6666666666666666,0.6666666666666666,1,1.0,1.0,1.0,1.0,1.0,1,1.0,1.0,1.0,1.0,1.0
2138,no_strict_e1_improvement,0,,,,,1,0,1,1,1,1,1,4,0,0,-1,current,0,0,0.5922811205188433,0.5922811205188433,11,9,9,9,9,0,0,1,1.0,1.0,1.0,1.0,1.0,1,1.0,1.0,1.0,1.0,1.0,1,1.0,1.0,1.0,1.0,1.0,1,1.0,1.0,1.0,1.0,1.0
2139,no_strict_e1_improvement,0,,,,,1,0,1,1,1,1,1,4,0,0,-1,current,0,0,0.63544233640035,0.63544233640035,10,9,9,9,9,0,0,1,1.0,1.0,1.0,1.0,1.0,1,1.0,1.0,1.0,1.0,1.0,1,1.0,1.0,1.0,1.0,1.0,1,1.0,1.0,1.0,1.0,1.0
2140,max_rounds,0,,,,,1,1,5,4,4,14,14,4,0,0,0,s1a3_greedy,1,0,0.9372022474805514,0.8502008989453316,8,2,2,3,3,1,0,0,0.2222222222222222,0.0,0.5,0.25,0.3333333333333333,0,0.2222222222222222,0.0,0.5,0.25,0.3333333333333333,0,0.3333333333333333,0.0,0.8333333333333334,0.4166666666666667,0.4166666666666667,0,0.3333333333333333,0.0,0.8333333333333334,0.4166666666666667,0.4166666666666667
2141,no_strict_e1_improvement,0,,,,,1,0,1,1,1,1,1,4,0,0,-1,current,0,0,0.6850390409429868,0.6850390409429868,8,9,9,9,9,0,0,1,1.0,1.0,1.0,1.0,1.0,1,1.0,1.0,1.0,1.0,1.0,1,1.0,1.0,1.0,1.0,1.0,1,1.0,1.0,1.0,1.0,1.0
2142,small_component,0,,,,,1,0,0,0,0,0,0,4,0,0,-1,current,0,0,0.7001328095793724,0.7001328095793724,3,2,2,2,2,0,0,0,0.2222222222222222,0.16666666666666666,0.3333333333333333,0.25,0.3333333333333333,0,0.2222222222222222,0.16666666666666666,0.3333333333333333,0.25,0.3333333333333333,0,0.2222222222222222,0.16666666666666666,0.3333333333333333,0.25,0.3333333333333333,0,0.2222222222222222,0.16666666666666666,0.3333333333333333,0.25,0.3333333333333333
2143,no_strict_e1_improvement,0,,,,,1,0,1,1,1,1,1,4,0,0,-1,current,0,0,0.5702255815267563,0.5702255815267563,12,9,9,9,9,0,0,1,1.0,1.0,1.0,1.0,1.0,1,1.0,1.0,1.0,1.0,1.0,1,1.0,1.0,1.0,1.0,1.0,1,1.0,1.0,1.0,1.0,1.0
2144,max_rounds,0,,,,,1,1,3,2,2,8,8,4,0,0,1,profiled_beam,1,1,0.5778544570008913,0.5681395679712296,4,0,0,0,0,0,0,0,0.0,0.5,0.3333333333333333,0.4166666666666667,0.5,0,0.0,0.5,0.3333333333333333,0.4166666666666667,0.5,0,0.0,0.5,0.3333333333333333,0.4166666666666667,0.5,0,0.0,0.16666666666666666,0.16666666666666666,0.16666666666666666,0.3333333333333333
2145,no_strict_e1_improvement,0,,,,,1,0,1,1,1,1,1,4,0,0,-1,current,0,0,0.7437730878591537,0.7437730878591537,9,9,9,9,9,0,0,1,1.0,1.0,1.0,1.0,1.0,1,1.0,1.0,1.0,1.0,1.0,1,1.0,1.0,1.0,1.0,1.0,1,1.0,1.0,1.0,1.0,1.0
2146,max_rounds,0,,,,,1,1,4,4,4,15,15,4,-1,1,1,profiled_beam,1,1,0.7216431101163229,0.6702423617243767,4,0,0,0,0,0,0,0,0.0,0.16666666666666666,0.16666666666666666,0.16666666666666666,0.4166666666666667,0,0.0,0.16666666666666666,0.16666666666666666,0.16666666666666666,0.4166666666666667,0,0.0,0.3333333333333333,0.16666666666666666,0.25,0.3333333333333333,0,0.0,0.3333333333333333,0.16666666666666666,0.25,0.3333333333333333
2147,small_component,0,,,,,1,0,0,0,0,0,0,4,0,0,-1,current,0,0,0.7947410071889559,0.7947410071889559,5,4,4,4,4,0,0,0,0.4444444444444444,0.3333333333333333,0.5,0.4166666666666667,0.4166666666666667,0,0.4444444444444444,0.3333333333333333,0.5,0.4166666666666667,0.4166666666666667,0,0.4444444444444444,0.3333333333333333,0.5,0.4166666666666667,0.4166666666666667,0,0.4444444444444444,0.3333333333333333,0.5,0.4166666666666667,0.4166666666666667
2148,max_rounds,0,,,,,1,1,3,2,2,7,7,4,-1,0,0,s1a3_greedy,1,0,0.7242500459154447,0.6211820840835571,7,0,0,9,9,9,0,0,0.0,1.0,0.5,0.75,0.75,0,0.0,1.0,0.5,0.75,0.75,1,1.0,1.0,1.0,1.0,1.0,1,1.0,1.0,1.0,1.0,1.0
2149,no_strict_e1_improvement,0,,,,,1,0,1,1,1,1,1,4,0,0,-1,current,0,0,0.6482433751225471,0.6482433751225471,9,9,9,9,9,0,0,1,1.0,1.0,1.0,1.0,1.0,1,1.0,1.0,1.0,1.0,1.0,1,1.0,1.0,1.0,1.0,1.0,1,1.0,1.0,1.0,1.0,1.0
2150,no_strict_e1_improvement,0,,,,,1,0,1,1,1,1,1,4,0,0,-1,current,0,0,0.5742730150620142,0.5742730150620142,9,0,0,0,0,0,0,0,0.0,0.5,1.0,0.75,0.75,0,0.0,0.5,1.0,0.75,0.75,0,0.0,0.5,1.0,0.75,0.75,0,0.0,0.5,1.0,0.75,0.75
2151,no_strict_e1_improvement,0,,,,,1,0,1,1,1,1,1,4,0,0,-1,current,0,0,0.6700629716118177,0.6700629716118177,8,9,9,9,9,0,0,1,1.0,1.0,1.0,1.0,1.0,1,1.0,1.0,1.0,1.0,1.0,1,1.0,1.0,1.0,1.0,1.0,1,1.0,1.0,1.0,1.0,1.0
2152,max_rounds,0,,,,,1,1,5,4,4,14,14,4,-1,1,1,profiled_beam,1,1,0.9044925520817438,0.6481805592775345,7,0,0,0,0,0,0,0,0.0,0.8333333333333334,0.5,0.6666666666666666,0.6666666666666666,0,0.0,0.8333333333333334,0.5,0.6666666666666666,0.6666666666666666,0,0.0,0.5,0.8333333333333334,0.6666666666666666,0.6666666666666666,0,0.0,0.5,1.0,0.75,0.75
2153,no_strict_e1_improvement,0,,,,,1,0,1,1,1,1,1,4,0,0,-1,current,0,0,0.5645913183689117,0.5645913183689117,6,0,0,0,0,0,0,0,0.0,0.16666666666666666,0.16666666666666666,0.16666666666666666,0.5,0,0.0,0.16666666666666666,0.16666666666666666,0.16666666666666666,0.5,0,0.0,0.16666666666666666,0.16666666666666666,0.16666666666666666,0.5,0,0.0,0.16666666666666666,0.16666666666666666,0.16666666666666666,0.5
2154,no_strict_e1_improvement,0,,,,,1,0,1,1,1,1,1,4,0,0,-1,current,0,0,0.6376068120201429,0.6376068120201429,9,0,0,0,0,0,0,0,0.0,0.5,0.5,0.5,0.5,0,0.0,0.5,0.5,0.5,0.5,0,0.0,0.5,0.5,0.5,0.5,0,0.0,0.5,0.5,0.5,0.5
2155,no_strict_e1_improvement,0,,,,,1,0,1,1,1,1,1,4,0,0,-1,current,0,0,0.7866576860348383,0.7866576860348383,8,0,0,0,0,0,0,0,0.0,0.5,0.8333333333333334,0.6666666666666666,0.6666666666666666,0,0.0,0.5,0.8333333333333334,0.6666666666666666,0.6666666666666666,0,0.0,0.5,0.8333333333333334,0.6666666666666666,0.6666666666666666,0,0.0,0.5,0.8333333333333334,0.6666666666666666,0.6666666666666666
2156,no_strict_e1_improvement,0,,,,,1,0,1,1,1,1,1,4,0,0,-1,current,0,0,0.628252238035202,0.628252238035202,10,0,0,0,0,0,0,0,0.0,0.5,1.0,0.75,0.75,0,0.0,0.5,1.0,0.75,0.75,0,0.0,0.5,1.0,0.75,0.75,0,0.0,0.5,1.0,0.75,0.75
2157,small_component,0,,,,,1,0,0,0,0,0,0,4,0,0,-1,current,0,0,0.7784769510229429,0.7784769510229429,6,2,2,2,2,0,0,0,0.2222222222222222,0.5,0.16666666666666666,0.3333333333333333,0.5,0,0.2222222222222222,0.5,0.16666666666666666,0.3333333333333333,0.5,0,0.2222222222222222,0.5,0.16666666666666666,0.3333333333333333,0.5,0,0.2222222222222222,0.5,0.16666666666666666,0.3333333333333333,0.5
2158,max_rounds,0,,,,,1,1,2,2,2,7,7,4,0,1,0,s1a3_greedy,1,0,0.8239346941312155,0.8187157015005747,9,0,0,9,9,9,0,0,0.0,0.5,1.0,0.75,0.75,0,0.0,0.5,1.0,0.75,0.75,1,1.0,1.0,1.0,1.0,1.0,1,1.0,1.0,1.0,1.0,1.0
2159,no_strict_e1_improvement,0,,,,,1,0,1,1,1,1,1,4,0,0,-1,current,0,0,0.6746367712815603,0.6746367712815603,8,0,0,0,0,0,0,0,0.0,0.5,0.5,0.5,0.5,0,0.0,0.5,0.5,0.5,0.5,0,0.0,0.5,0.5,0.5,0.5,0,0.0,0.5,0.5,0.5,0.5
2160,no_strict_e1_improvement,0,,,,,1,0,1,1,1,1,1,4,0,0,-1,current,0,0,0.6881757179896036,0.6881757179896036,10,0,0,0,0,0,0,0,0.0,0.5,1.0,0.75,0.75,0,0.0,0.5,1.0,0.75,0.75,0,0.0,0.5,1.0,0.75,0.75,0,0.0,0.5,1.0,0.75,0.75
2161,max_rounds,0,,,,,1,1,3,2,2,8,8,4,0,-1,1,profiled_beam,1,1,0.724895253777504,0.5902671292424202,5,0,0,6,7,7,1,0,0.0,0.5,0.8333333333333334,0.6666666666666666,0.6666666666666666,0,0.0,0.5,0.8333333333333334,0.6666666666666666,0.6666666666666666,0,0.6666666666666666,0.5,0.8333333333333334,0.6666666666666666,0.6666666666666666,0,0.7777777777777778,0.6666666666666666,0.6666666666666666,0.6666666666666666,0.75
2162,no_strict_e1_improvement,0,,,,,1,0,4,4,4,13,13,4,0,0,-1,current,0,0,0.67149085799853,0.67149085799853,9,9,9,9,9,0,0,1,1.0,1.0,1.0,1.0,1.0,1,1.0,1.0,1.0,1.0,1.0,1,1.0,1.0,1.0,1.0,1.0,1,1.0,1.0,1.0,1.0,1.0
2163,no_strict_e1_improvement,0,,,,,1,0,1,1,1,1,1,4,0,0,-1,current,0,0,0.4921834444006284,0.4921834444006284,12,9,9,9,9,0,0,1,1.0,1.0,1.0,1.0,1.0,1,1.0,1.0,1.0,1.0,1.0,1,1.0,1.0,1.0,1.0,1.0,1,1.0,1.0,1.0,1.0,1.0
2164,no_strict_e1_improvement,0,,,,,1,0,1,1,1,1,1,4,0,0,-1,current,0,0,0.6116944178938866,0.6116944178938866,5,7,7,7,7,0,0,0,0.7777777777777778,0.6666666666666666,0.6666666666666666,0.6666666666666666,0.75,0,0.7777777777777778,0.6666666666666666,0.6666666666666666,0.6666666666666666,0.75,0,0.7777777777777778,0.6666666666666666,0.6666666666666666,0.6666666666666666,0.75,0,0.7777777777777778,0.6666666666666666,0.6666666666666666,0.6666666666666666,0.75
2165,max_rounds,0,,,,,1,1,2,2,2,6,6,4,0,1,1,profiled_beam,1,1,0.6821243117252985,0.6807336658239365,6,6,6,6,3,-3,-3,0,0.6666666666666666,0.8333333333333334,0.5,0.6666666666666666,0.6666666666666666,0,0.6666666666666666,0.8333333333333334,0.5,0.6666666666666666,0.6666666666666666,0,0.6666666666666666,0.8333333333333334,0.5,0.6666666666666666,0.6666666666666666,0,0.3333333333333333,0.6666666666666666,0.5,0.5833333333333334,0.5833333333333334
2166,max_rounds,0,,,,,1,1,3,2,2,6,6,4,0,1,0,s1a3_greedy,1,0,0.6063460856676102,0.5009187261263529,7,0,0,0,0,0,0,0,0.0,0.5,0.5,0.5,0.5,0,0.0,0.5,0.5,0.5,0.5,0,0.0,1.0,0.5,0.75,0.75,0,0.0,1.0,0.5,0.75,0.75
2167,no_strict_e1_improvement,0,,,,,1,0,1,1,1,1,1,4,0,0,-1,current,0,0,0.588103416065375,0.588103416065375,8,9,9,9,9,0,0,1,1.0,1.0,1.0,1.0,1.0,1,1.0,1.0,1.0,1.0,1.0,1,1.0,1.0,1.0,1.0,1.0,1,1.0,1.0,1.0,1.0,1.0
2168,no_strict_e1_improvement,0,,,,,1,0,1,1,1,1,1,4,0,0,-1,current,0,0,0.5316956068078676,0.5316956068078676,9,0,0,0,0,0,0,0,0.0,0.5,0.6666666666666666,0.5833333333333334,0.6666666666666666,0,0.0,0.5,0.6666666666666666,0.5833333333333334,0.6666666666666666,0,0.0,0.5,0.6666666666666666,0.5833333333333334,0.6666666666666666,0,0.0,0.5,0.6666666666666666,0.5833333333333334,0.6666666666666666
2169,small_component,0,,,,,1,0,0,0,0,0,0,4,0,0,-1,current,0,0,0.7417723909020424,0.7417723909020424,8,6,6,6,6,0,0,0,0.6666666666666666,0.5,0.8333333333333334,0.6666666666666666,0.6666666666666666,0,0.6666666666666666,0.5,0.8333333333333334,0.6666666666666666,0.6666666666666666,0,0.6666666666666666,0.5,0.8333333333333334,0.6666666666666666,0.6666666666666666,0,0.6666666666666666,0.5,0.8333333333333334,0.6666666666666666,0.6666666666666666
2170,max_rounds,0,,,,,1,1,5,4,4,14,14,4,0,0,1,profiled_beam,1,1,0.6993742237488428,0.6806753277778625,5,7,7,9,7,0,-2,0,0.7777777777777778,0.6666666666666666,0.6666666666666666,0.6666666666666666,0.8333333333333334,0,0.7777777777777778,0.6666666666666666,0.6666666666666666,0.6666666666666666,0.8333333333333334,1,1.0,1.0,1.0,1.0,1.0,0,0.7777777777777778,0.6666666666666666,0.6666666666666666,0.6666666666666666,0.75
2171,max_rounds,0,,,,,1,1,3,2,2,6,6,4,0,0,0,s1a3_greedy,1,0,0.7357856382926306,0.665664479136467,10,7,7,9,9,2,0,0,0.7777777777777778,0.6666666666666666,0.6666666666666666,0.6666666666666666,0.8333333333333334,0,0.7777777777777778,0.6666666666666666,0.6666666666666666,0.6666666666666666,0.8333333333333334,1,1.0,1.0,1.0,1.0,1.0,1,1.0,1.0,1.0,1.0,1.0
2172,no_strict_e1_improvement,0,,,,,1,0,1,1,1,1,1,4,0,0,-1,current,0,0,0.6553690880537033,0.6553690880537033,11,9,9,9,9,0,0,1,1.0,1.0,1.0,1.0,1.0,1,1.0,1.0,1.0,1.0,1.0,1,1.0,1.0,1.0,1.0,1.0,1,1.0,1.0,1.0,1.0,1.0
2173,no_strict_e1_improvement,0,,,,,1,0,1,1,1,1,1,4,0,0,-1,current,0,0,0.4735192482670148,0.4735192482670148,10,9,9,9,9,0,0,1,1.0,1.0,1.0,1.0,1.0,1,1.0,1.0,1.0,1.0,1.0,1,1.0,1.0,1.0,1.0,1.0,1,1.0,1.0,1.0,1.0,1.0
2174,no_strict_e1_improvement,0,,,,,1,0,1,1,1,1,1,4,0,0,-1,current,0,0,0.6182847867409388,0.6182847867409388,8,1,1,1,1,0,0,0,0.1111111111111111,0.3333333333333333,0.6666666666666666,0.5,0.5833333333333334,0,0.1111111111111111,0.3333333333333333,0.6666666666666666,0.5,0.5833333333333334,0,0.1111111111111111,0.3333333333333333,0.6666666666666666,0.5,0.5833333333333334,0,0.1111111111111111,0.3333333333333333,0.6666666666666666,0.5,0.5833333333333334
2175,max_rounds,0,,,,,1,1,2,2,2,6,6,4,1,0,0,s1a3_greedy,1,0,0.4657522439956665,0.4595221330722173,6,0,0,0,0,0,0,0,0.0,0.3333333333333333,0.16666666666666666,0.25,0.3333333333333333,0,0.0,0.3333333333333333,0.16666666666666666,0.25,0.3333333333333333,0,0.0,0.3333333333333333,0.16666666666666666,0.25,0.3333333333333333,0,0.0,0.3333333333333333,0.16666666666666666,0.25,0.3333333333333333
2176,no_strict_e1_improvement,0,,,,,1,0,1,1,1,1,1,4,0,0,-1,current,0,0,0.5425364176432291,0.5425364176432291,12,9,9,9,9,0,0,1,1.0,1.0,1.0,1.0,1.0,1,1.0,1.0,1.0,1.0,1.0,1,1.0,1.0,1.0,1.0,1.0,1,1.0,1.0,1.0,1.0,1.0
2177,no_strict_e1_improvement,0,,,,,1,0,1,1,1,1,1,4,0,0,-1,current,0,0,0.6920611361662546,0.6920611361662546,7,0,0,0,0,0,0,0,0.0,0.5,0.8333333333333334,0.6666666666666666,0.6666666666666666,0,0.0,0.5,0.8333333333333334,0.6666666666666666,0.6666666666666666,0,0.0,0.5,0.8333333333333334,0.6666666666666666,0.6666666666666666,0,0.0,0.5,0.8333333333333334,0.6666666666666666,0.6666666666666666
2178,max_rounds,0,,,,,1,1,3,2,2,6,6,4,0,0,1,profiled_beam,1,1,0.7641541982690493,0.6743946348627409,4,3,3,4,4,1,0,0,0.3333333333333333,0.16666666666666666,0.5,0.3333333333333333,0.5833333333333334,0,0.3333333333333333,0.16666666666666666,0.5,0.3333333333333333,0.5833333333333334,0,0.4444444444444444,0.16666666666666666,0.5,0.3333333333333333,0.5,0,0.4444444444444444,0.16666666666666666,0.5,0.3333333333333333,0.4166666666666667
2179,partial_completed__no_strict_e1_improvement,1,,3,2,3,1,0,2,2,2,5,5,4,0,0,-1,current,1,0,0.6895659764607748,0.6895659764607748,5,0,0,0,0,0,0,0,0.0,0.3333333333333333,0.16666666666666666,0.25,0.3333333333333333,0,0.0,0.3333333333333333,0.16666666666666666,0.25,0.5,0,0.0,0.3333333333333333,0.16666666666666666,0.25,0.5,0,0.0,0.3333333333333333,0.16666666666666666,0.25,0.5
2180,max_rounds,0,,,,,1,1,2,2,2,7,7,4,1,0,1,profiled_beam,1,1,0.6983700667818388,0.6619406516353289,8,0,0,1,0,0,-1,0,0.0,0.5,0.5,0.5,0.5,0,0.0,0.5,0.5,0.5,0.5,0,0.1111111111111111,0.3333333333333333,0.6666666666666666,0.5,0.5833333333333334,0,0.0,0.5,1.0,0.75,0.75
2181,max_rounds,0,,,,,1,1,4,4,4,14,14,4,0,-1,1,profiled_beam,1,1,0.5449169849356016,0.5359300846854845,7,0,0,0,0,0,0,0,0.0,0.16666666666666666,0.3333333333333333,0.25,0.5,0,0.0,0.16666666666666666,0.3333333333333333,0.25,0.5,0,0.0,0.16666666666666666,0.5,0.3333333333333333,0.5,0,0.0,0.3333333333333333,0.5,0.4166666666666667,0.5833333333333334
2182,no_strict_e1_improvement,0,,,,,1,0,2,2,2,6,6,4,0,0,-1,current,0,0,0.7605869000156721,0.7605869000156721,9,9,9,9,9,0,0,1,1.0,1.0,1.0,1.0,1.0,1,1.0,1.0,1.0,1.0,1.0,1,1.0,1.0,1.0,1.0,1.0,1,1.0,1.0,1.0,1.0,1.0
2183,no_strict_e1_improvement,0,,,,,1,0,1,1,1,1,1,4,0,0,-1,current,0,0,0.6493582104643186,0.6493582104643186,11,9,9,9,9,0,0,1,1.0,1.0,1.0,1.0,1.0,1,1.0,1.0,1.0,1.0,1.0,1,1.0,1.0,1.0,1.0,1.0,1,1.0,1.0,1.0,1.0,1.0
2184,no_strict_e1_improvement,0,,,,,1,0,1,1,1,1,1,4,0,0,-1,current,0,0,0.5762841006120046,0.5762841006120046,5,1,1,1,1,0,0,0,0.1111111111111111,0.3333333333333333,0.6666666666666666,0.5,0.6666666666666666,0,0.1111111111111111,0.3333333333333333,0.6666666666666666,0.5,0.6666666666666666,0,0.1111111111111111,0.3333333333333333,0.6666666666666666,0.5,0.6666666666666666,0,0.1111111111111111,0.3333333333333333,0.6666666666666666,0.5,0.6666666666666666
2185,no_strict_e1_improvement,0,,,,,1,0,1,1,1,1,1,4,0,0,-1,current,0,0,0.5305723423759142,0.5305723423759142,10,9,9,9,9,0,0,1,1.0,1.0,1.0,1.0,1.0,1,1.0,1.0,1.0,1.0,1.0,1,1.0,1.0,1.0,1.0,1.0,1,1.0,1.0,1.0,1.0,1.0
2186,no_strict_e1_improvement,0,,,,,1,0,1,1,1,1,1,4,0,0,-1,current,0,0,0.6675745273629824,0.6675745273629824,9,0,0,0,0,0,0,0,0.0,0.5,0.5,0.5,0.5,0,0.0,0.5,0.5,0.5,0.5,0,0.0,0.5,0.5,0.5,0.5,0,0.0,0.5,0.5,0.5,0.5
2187,no_strict_e1_improvement,0,,,,,1,0,2,2,2,7,7,4,0,0,-1,current,0,0,0.610976904630661,0.610976904630661,7,0,0,0,0,0,0,0,0.0,0.5,0.8333333333333334,0.6666666666666666,0.6666666666666666,0,0.0,0.5,0.8333333333333334,0.6666666666666666,0.6666666666666666,0,0.0,0.5,0.8333333333333334,0.6666666666666666,0.6666666666666666,0,0.0,0.5,0.8333333333333334,0.6666666666666666,0.6666666666666666
2188,max_rounds,0,,,,,1,1,3,2,2,5,5,4,0,1,0,s1a3_greedy,1,0,0.760783277451992,0.6712500850359598,6,1,1,1,1,0,0,0,0.1111111111111111,0.16666666666666666,0.5,0.3333333333333333,0.5,0,0.1111111111111111,0.16666666666666666,0.5,0.3333333333333333,0.5,0,0.1111111111111111,0.3333333333333333,0.6666666666666666,0.5,0.5833333333333334,0,0.1111111111111111,0.3333333333333333,0.6666666666666666,0.5,0.5833333333333334
2189,max_rounds,0,,,,,1,1,3,2,2,7,7,4,0,0,1,profiled_beam,1,1,0.7231196189920107,0.7202528094251951,6,1,1,0,1,0,1,0,0.1111111111111111,0.3333333333333333,0.6666666666666666,0.5,0.6666666666666666,0,0.1111111111111111,0.3333333333333333,0.6666666666666666,0.5,0.6666666666666666,0,0.0,0.5,0.5,0.5,0.5,0,0.1111111111111111,0.3333333333333333,0.6666666666666666,0.5,0.5833333333333334
2190,no_strict_e1_improvement,0,,,,,1,0,1,1,1,1,1,4,0,0,-1,current,0,0,0.5945512428879738,0.5945512428879738,11,0,0,0,0,0,0,0,0.0,0.5,1.0,0.75,0.75,0,0.0,0.5,1.0,0.75,0.75,0,0.0,0.5,1.0,0.75,0.75,0,0.0,0.5,1.0,0.75,0.75
2191,no_strict_e1_improvement,0,,,,,1,0,1,1,1,1,1,4,0,0,-1,current,0,0,0.5464687620600065,0.5464687620600065,11,0,0,0,0,0,0,0,0.0,0.5,1.0,0.75,0.75,0,0.0,0.5,1.0,0.75,0.75,0,0.0,0.5,1.0,0.75,0.75,0,0.0,0.5,1.0,0.75,0.75
2192,no_strict_e1_improvement,0,,,,,1,0,1,1,1,1,1,4,0,0,-1,current,0,0,0.6511547813812891,0.6511547813812891,12,9,9,9,9,0,0,1,1.0,1.0,1.0,1.0,1.0,1,1.0,1.0,1.0,1.0,1.0,1,1.0,1.0,1.0,1.0,1.0,1,1.0,1.0,1.0,1.0,1.0
2193,max_rounds,0,,,,,1,1,5,4,4,16,16,4,-1,0,0,s1a3_greedy,1,0,0.7782634248336157,0.7021481742461523,7,3,3,3,3,0,0,0,0.3333333333333333,0.8333333333333334,0.0,0.4166666666666667,0.4166666666666667,0,0.3333333333333333,0.8333333333333334,0.0,0.4166666666666667,0.4166666666666667,0,0.3333333333333333,1.0,0.0,0.5,0.75,0,0.3333333333333333,1.0,0.0,0.5,0.75
2194,no_strict_e1_improvement,0,,,,,1,0,1,1,1,1,1,4,0,0,-1,current,0,0,0.4700670503079891,0.4700670503079891,9,0,0,0,0,0,0,0,0.0,0.5,1.0,0.75,0.75,0,0.0,0.5,1.0,0.75,0.75,0,0.0,0.5,1.0,0.75,0.75,0,0.0,0.5,1.0,0.75,0.75
2195,no_strict_e1_improvement,0,,,,,1,0,1,1,1,1,1,4,0,0,-1,current,0,0,0.6791591222087542,0.6791591222087542,9,9,9,9,9,0,0,1,1.0,1.0,1.0,1.0,1.0,1,1.0,1.0,1.0,1.0,1.0,1,1.0,1.0,1.0,1.0,1.0,1,1.0,1.0,1.0,1.0,1.0
2196,max_rounds,0,,,,,1,1,5,4,4,15,15,4,0,0,1,profiled_beam,1,1,0.9131650726000468,0.7066698869069418,5,2,2,2,3,1,1,0,0.2222222222222222,0.0,0.3333333333333333,0.16666666666666666,0.3333333333333333,0,0.2222222222222222,0.0,0.3333333333333333,0.16666666666666666,0.3333333333333333,0,0.2222222222222222,0.16666666666666666,0.6666666666666666,0.4166666666666667,0.5833333333333334,0,0.3333333333333333,0.0,1.0,0.5,0.75
2197,max_rounds,0,,,,,1,1,5,4,4,14,14,4,0,1,0,s1a3_greedy,1,0,0.9226513380805651,0.8268286511301994,6,1,1,9,9,8,0,0,0.1111111111111111,0.3333333333333333,0.5,0.4166666666666667,0.5833333333333334,0,0.1111111111111111,0.3333333333333333,0.5,0.4166666666666667,0.5833333333333334,1,1.0,1.0,1.0,1.0,1.0,1,1.0,1.0,1.0,1.0,1.0
2198,max_rounds,0,,,,,1,1,2,2,2,6,6,4,1,0,0,s1a3_greedy,1,0,0.5382643267512321,0.45255961765845615,9,0,0,0,0,0,0,0,0.0,0.6666666666666666,0.5,0.5833333333333334,0.5833333333333334,0,0.0,0.6666666666666666,0.5,0.5833333333333334,0.5833333333333334,0,0.0,0.5,1.0,0.75,0.75,0,0.0,0.5,1.0,0.75,0.75
2199,max_rounds,0,,,,,1,1,2,2,2,6,6,4,1,0,0,s1a3_greedy,1,0,0.43524228284756344,0.3934466441472371,7,0,0,7,7,7,0,0,0.0,0.5,0.16666666666666666,0.3333333333333333,0.4166666666666667,0,0.0,0.5,0.16666666666666666,0.3333333333333333,0.4166666666666667,0,0.7777777777777778,0.6666666666666666,0.3333333333333333,0.5,0.5833333333333334,0,0.7777777777777778,0.6666666666666666,0.3333333333333333,0.5,0.5833333333333334
2200,no_strict_e1_improvement,0,,,,,1,0,1,1,1,1,1,4,0,0,-1,current,0,0,0.6761670907338461,0.6761670907338461,9,0,0,0,0,0,0,0,0.0,0.5,0.5,0.5,0.5,0,0.0,0.5,0.5,0.5,0.5,0,0.0,0.5,0.5,0.5,0.5,0,0.0,0.5,0.5,0.5,0.5
2201,no_strict_e1_improvement,0,,,,,1,0,1,1,1,1,1,4,0,0,-1,current,0,0,0.4440322443842888,0.4440322443842888,9,9,9,9,9,0,0,1,1.0,1.0,1.0,1.0,1.0,1,1.0,1.0,1.0,1.0,1.0,1,1.0,1.0,1.0,1.0,1.0,1,1.0,1.0,1.0,1.0,1.0
2202,no_strict_e1_improvement,0,,,,,1,0,1,1,1,1,1,4,0,0,-1,current,0,0,0.5118438601493835,0.5118438601493835,9,9,9,9,9,0,0,1,1.0,1.0,1.0,1.0,1.0,1,1.0,1.0,1.0,1.0,1.0,1,1.0,1.0,1.0,1.0,1.0,1,1.0,1.0,1.0,1.0,1.0
2203,max_rounds,0,,,,,1,1,4,4,4,15,15,4,1,1,0,s1a3_greedy,1,0,0.7377118319272995,0.661388042072455,6,0,0,4,4,4,0,0,0.0,0.6666666666666666,0.0,0.3333333333333333,0.3333333333333333,0,0.0,0.6666666666666666,0.0,0.3333333333333333,0.3333333333333333,0,0.4444444444444444,0.5,0.16666666666666666,0.3333333333333333,0.5,0,0.4444444444444444,0.5,0.16666666666666666,0.3333333333333333,0.5
2204,no_strict_e1_improvement,0,,,,,1,0,1,1,1,1,1,4,0,0,-1,current,0,0,0.6348445564508438,0.6348445564508438,6,9,9,9,9,0,0,1,1.0,1.0,1.0,1.0,1.0,1,1.0,1.0,1.0,1.0,1.0,1,1.0,1.0,1.0,1.0,1.0,1,1.0,1.0,1.0,1.0,1.0
2205,no_strict_e1_improvement,0,,,,,1,0,1,1,1,1,1,4,0,0,-1,current,0,0,0.585981565217177,0.585981565217177,8,1,1,1,1,0,0,0,0.1111111111111111,0.3333333333333333,0.6666666666666666,0.5,0.5833333333333334,0,0.1111111111111111,0.3333333333333333,0.6666666666666666,0.5,0.5833333333333334,0,0.1111111111111111,0.3333333333333333,0.6666666666666666,0.5,0.5833333333333334,0,0.1111111111111111,0.3333333333333333,0.6666666666666666,0.5,0.5833333333333334
2206,no_strict_e1_improvement,0,,,,,1,0,2,2,2,7,7,4,0,0,-1,current,0,0,0.7705100377400717,0.7705100377400717,10,9,9,9,9,0,0,1,1.0,1.0,1.0,1.0,1.0,1,1.0,1.0,1.0,1.0,1.0,1,1.0,1.0,1.0,1.0,1.0,1,1.0,1.0,1.0,1.0,1.0
2207,max_rounds,0,,,,,1,1,3,2,2,6,6,4,0,0,0,s1a3_greedy,1,0,0.7054813106854757,0.5797097509106001,8,0,0,1,1,1,0,0,0.0,0.5,0.5,0.5,0.5,0,0.0,0.5,0.5,0.5,0.5,0,0.1111111111111111,0.3333333333333333,0.6666666666666666,0.5,0.5833333333333334,0,0.1111111111111111,0.3333333333333333,0.6666666666666666,0.5,0.5833333333333334
2208,no_strict_e1_improvement,0,,,,,1,0,1,1,1,1,1,4,0,0,-1,current,0,0,0.640829898416996,0.640829898416996,11,9,9,9,9,0,0,1,1.0,1.0,1.0,1.0,1.0,1,1.0,1.0,1.0,1.0,1.0,1,1.0,1.0,1.0,1.0,1.0,1,1.0,1.0,1.0,1.0,1.0
2209,small_component,0,,,,,1,0,0,0,0,0,0,4,0,0,-1,current,0,0,0.7252552981177965,0.7252552981177965,5,3,3,3,3,0,0,0,0.3333333333333333,0.0,0.3333333333333333,0.16666666666666666,0.4166666666666667,0,0.3333333333333333,0.0,0.3333333333333333,0.16666666666666666,0.4166666666666667,0,0.3333333333333333,0.0,0.3333333333333333,0.16666666666666666,0.4166666666666667,0,0.3333333333333333,0.0,0.3333333333333333,0.16666666666666666,0.4166666666666667
2210,small_component,0,,,,,1,0,0,0,0,0,0,4,0,0,-1,current,0,0,0.570852001508077,0.570852001508077,8,1,1,1,1,0,0,0,0.1111111111111111,0.3333333333333333,0.6666666666666666,0.5,0.5833333333333334,0,0.1111111111111111,0.3333333333333333,0.6666666666666666,0.5,0.5833333333333334,0,0.1111111111111111,0.3333333333333333,0.6666666666666666,0.5,0.5833333333333334,0,0.1111111111111111,0.3333333333333333,0.6666666666666666,0.5,0.5833333333333334
2211,partial_completed__no_strict_e1_improvement,1,,3,2,4,1,0,4,4,4,16,16,4,0,0,-1,current,1,0,0.6626802260677019,0.6626802260677019,6,0,0,0,0,0,0,0,0.0,0.5,0.6666666666666666,0.5833333333333334,0.5833333333333334,0,0.0,0.5,0.6666666666666666,0.5833333333333334,0.75,0,0.0,0.5,0.6666666666666666,0.5833333333333334,0.75,0,0.0,0.5,0.6666666666666666,0.5833333333333334,0.75
2212,no_strict_e1_improvement,0,,,,,1,0,2,2,2,7,7,4,0,0,-1,current,0,0,0.6048301036159197,0.6048301036159197,10,9,9,9,9,0,0,1,1.0,1.0,1.0,1.0,1.0,1,1.0,1.0,1.0,1.0,1.0,1,1.0,1.0,1.0,1.0,1.0,1,1.0,1.0,1.0,1.0,1.0
2213,max_rounds,0,,,,,1,1,5,4,4,16,16,4,0,-1,0,s1a3_greedy,1,0,0.7963460410634676,0.7858647828300794,6,3,3,3,3,0,0,0,0.3333333333333333,0.0,1.0,0.5,0.75,0,0.3333333333333333,0.0,1.0,0.5,0.75,0,0.3333333333333333,0.0,0.8333333333333334,0.4166666666666667,0.4166666666666667,0,0.3333333333333333,0.0,0.8333333333333334,0.4166666666666667,0.4166666666666667
2214,no_strict_e1_improvement,0,,,,,1,0,2,2,2,6,6,4,0,0,-1,current,0,0,0.7018406987190247,0.7018406987190247,7,9,9,9,9,0,0,1,1.0,1.0,1.0,1.0,1.0,1,1.0,1.0,1.0,1.0,1.0,1,1.0,1.0,1.0,1.0,1.0,1,1.0,1.0,1.0,1.0,1.0
2215,no_strict_e1_improvement,0,,,,,1,0,1,1,1,1,1,4,0,0,-1,current,0,0,0.4811483919620514,0.4811483919620514,11,0,0,0,0,0,0,0,0.0,1.0,0.5,0.75,0.75,0,0.0,1.0,0.5,0.75,0.75,0,0.0,1.0,0.5,0.75,0.75,0,0.0,1.0,0.5,0.75,0.75
2216,no_strict_e1_improvement,0,,,,,1,0,1,1,1,1,1,4,0,0,-1,current,0,0,0.5987810616691908,0.5987810616691908,12,9,9,9,9,0,0,1,1.0,1.0,1.0,1.0,1.0,1,1.0,1.0,1.0,1.0,1.0,1,1.0,1.0,1.0,1.0,1.0,1,1.0,1.0,1.0,1.0,1.0
2217,no_strict_e1_improvement,0,,,,,1,0,2,2,2,6,6,4,0,0,-1,current,0,0,0.5181644037365913,0.5181644037365913,10,0,0,0,0,0,0,0,0.0,0.5,1.0,0.75,0.75,0,0.0,0.5,1.0,0.75,0.75,0,0.0,0.5,1.0,0.75,0.75,0,0.0,0.5,1.0,0.75,0.75
2218,no_strict_e1_improvement,0,,,,,1,0,1,1,1,1,1,4,0,0,-1,current,0,0,0.7292196477452914,0.7292196477452914,8,7,7,7,7,0,0,0,0.7777777777777778,0.6666666666666666,0.6666666666666666,0.6666666666666666,0.75,0,0.7777777777777778,0.6666666666666666,0.6666666666666666,0.6666666666666666,0.75,0,0.7777777777777778,0.6666666666666666,0.6666666666666666,0.6666666666666666,0.75,0,0.7777777777777778,0.6666666666666666,0.6666666666666666,0.6666666666666666,0.75
2219,no_strict_e1_improvement,0,,,,,1,0,2,2,2,6,6,4,0,0,-1,current,0,0,0.6897352635860443,0.6897352635860443,9,9,9,9,9,0,0,1,1.0,1.0,1.0,1.0,1.0,1,1.0,1.0,1.0,1.0,1.0,1,1.0,1.0,1.0,1.0,1.0,1,1.0,1.0,1.0,1.0,1.0
2220,no_strict_e1_improvement,0,,,,,1,0,1,1,1,1,1,4,0,0,-1,current,0,0,0.42946064720551175,0.42946064720551175,9,9,9,9,9,0,0,1,1.0,1.0,1.0,1.0,1.0,1,1.0,1.0,1.0,1.0,1.0,1,1.0,1.0,1.0,1.0,1.0,1,1.0,1.0,1.0,1.0,1.0
2221,small_component,0,,,,,1,0,0,0,0,0,0,4,0,0,-1,current,0,0,0.7793788040677706,0.7793788040677706,3,2,2,2,2,0,0,0,0.2222222222222222,0.16666666666666666,0.16666666666666666,0.16666666666666666,0.4166666666666667,0,0.2222222222222222,0.16666666666666666,0.16666666666666666,0.16666666666666666,0.4166666666666667,0,0.2222222222222222,0.16666666666666666,0.16666666666666666,0.16666666666666666,0.4166666666666667,0,0.2222222222222222,0.16666666666666666,0.16666666666666666,0.16666666666666666,0.4166666666666667
2222,no_strict_e1_improvement,0,,,,,1,0,1,1,1,1,1,4,0,0,-1,current,0,0,0.7063982437054316,0.7063982437054316,5,1,1,1,1,0,0,0,0.1111111111111111,0.3333333333333333,0.6666666666666666,0.5,0.5833333333333334,0,0.1111111111111111,0.3333333333333333,0.6666666666666666,0.5,0.5833333333333334,0,0.1111111111111111,0.3333333333333333,0.6666666666666666,0.5,0.5833333333333334,0,0.1111111111111111,0.3333333333333333,0.6666666666666666,0.5,0.5833333333333334
2223,no_strict_e1_improvement,0,,,,,1,0,1,1,1,1,1,4,0,0,-1,current,0,0,0.43991723159948987,0.43991723159948987,10,9,9,9,9,0,0,1,1.0,1.0,1.0,1.0,1.0,1,1.0,1.0,1.0,1.0,1.0,1,1.0,1.0,1.0,1.0,1.0,1,1.0,1.0,1.0,1.0,1.0
2224,no_strict_e1_improvement,0,,,,,1,0,1,1,1,1,1,4,0,0,-1,current,0,0,0.5782693649331728,0.5782693649331728,8,0,0,0,0,0,0,0,0.0,0.5,0.5,0.5,0.5,0,0.0,0.5,0.5,0.5,0.5,0,0.0,0.5,0.5,0.5,0.5,0,0.0,0.5,0.5,0.5,0.5
2225,small_component,0,,,,,1,0,0,0,0,0,0,4,0,0,-1,current,0,0,0.6063676824172338,0.6063676824172338,4,0,0,0,0,0,0,0,0.0,0.6666666666666666,0.16666666666666666,0.4166666666666667,0.5833333333333334,0,0.0,0.6666666666666666,0.16666666666666666,0.4166666666666667,0.5833333333333334,0,0.0,0.6666666666666666,0.16666666666666666,0.4166666666666667,0.5833333333333334,0,0.0,0.6666666666666666,0.16666666666666666,0.4166666666666667,0.5833333333333334
2226,no_strict_e1_improvement,0,,,,,1,0,1,1,1,1,1,4,0,0,-1,current,0,0,0.572642924884955,0.572642924884955,10,0,0,0,0,0,0,0,0.0,0.5,1.0,0.75,0.75,0,0.0,0.5,1.0,0.75,0.75,0,0.0,0.5,1.0,0.75,0.75,0,0.0,0.5,1.0,0.75,0.75
2227,no_strict_e1_improvement,0,,,,,1,0,1,1,1,1,1,4,0,0,-1,current,0,0,0.6214048763116201,0.6214048763116201,6,0,0,0,0,0,0,0,0.0,0.5,0.5,0.5,0.5,0,0.0,0.5,0.5,0.5,0.5,0,0.0,0.5,0.5,0.5,0.5,0,0.0,0.5,0.5,0.5,0.5
2228,no_strict_e1_improvement,0,,,,,1,0,1,1,1,1,1,4,0,0,-1,current,0,0,0.6228139996528625,0.6228139996528625,10,9,9,9,9,0,0,1,1.0,1.0,1.0,1.0,1.0,1,1.0,1.0,1.0,1.0,1.0,1,1.0,1.0,1.0,1.0,1.0,1,1.0,1.0,1.0,1.0,1.0
2229,small_component,0,,,,,1,0,0,0,0,0,0,4,0,0,-1,current,0,0,0.45405928045511246,0.45405928045511246,6,7,7,7,7,0,0,0,0.7777777777777778,0.6666666666666666,0.3333333333333333,0.5,0.5833333333333334,0,0.7777777777777778,0.6666666666666666,0.3333333333333333,0.5,0.5833333333333334,0,0.7777777777777778,0.6666666666666666,0.3333333333333333,0.5,0.5833333333333334,0,0.7777777777777778,0.6666666666666666,0.3333333333333333,0.5,0.5833333333333334
2230,max_rounds,0,,,,,1,1,5,4,4,16,16,4,0,1,1,profiled_beam,1,1,0.8881256182988485,0.7224429647127787,3,0,0,1,0,0,-1,0,0.0,0.5,0.6666666666666666,0.5833333333333334,0.5833333333333334,0,0.0,0.5,0.6666666666666666,0.5833333333333334,0.5833333333333334,0,0.1111111111111111,0.6666666666666666,0.3333333333333333,0.5,0.5833333333333334,0,0.0,1.0,0.5,0.75,0.75
2231,no_strict_e1_improvement,0,,,,,1,0,1,1,1,1,1,4,0,0,-1,current,0,0,0.5964056973656019,0.5964056973656019,9,9,9,9,9,0,0,1,1.0,1.0,1.0,1.0,1.0,1,1.0,1.0,1.0,1.0,1.0,1,1.0,1.0,1.0,1.0,1.0,1,1.0,1.0,1.0,1.0,1.0
2232,small_component,0,,,,,1,0,0,0,0,0,0,4,0,0,-1,current,0,0,0.8181835586826006,0.8181835586826006,3,1,1,1,1,0,0,0,0.1111111111111111,0.16666666666666666,0.16666666666666666,0.16666666666666666,0.4166666666666667,0,0.1111111111111111,0.16666666666666666,0.16666666666666666,0.16666666666666666,0.4166666666666667,0,0.1111111111111111,0.16666666666666666,0.16666666666666666,0.16666666666666666,0.4166666666666667,0,0.1111111111111111,0.16666666666666666,0.16666666666666666,0.16666666666666666,0.4166666666666667
2233,no_strict_e1_improvement,0,,,,,1,0,4,4,4,12,12,4,0,0,-1,current,0,0,0.7532685125867525,0.7532685125867525,9,5,5,5,5,0,0,0,0.5555555555555556,0.3333333333333333,0.6666666666666666,0.5,0.6666666666666666,0,0.5555555555555556,0.3333333333333333,0.6666666666666666,0.5,0.6666666666666666,0,0.5555555555555556,0.3333333333333333,0.6666666666666666,0.5,0.6666666666666666,0,0.5555555555555556,0.3333333333333333,0.6666666666666666,0.5,0.6666666666666666
2234,no_strict_e1_improvement,0,,,,,1,0,1,1,1,1,1,4,0,0,-1,current,0,0,0.5378464485208193,0.5378464485208193,11,9,9,9,9,0,0,1,1.0,1.0,1.0,1.0,1.0,1,1.0,1.0,1.0,1.0,1.0,1,1.0,1.0,1.0,1.0,1.0,1,1.0,1.0,1.0,1.0,1.0
2235,no_strict_e1_improvement,0,,,,,1,0,1,1,1,1,1,4,0,0,-1,current,0,0,0.49734434485435486,0.49734434485435486,9,9,9,9,9,0,0,1,1.0,1.0,1.0,1.0,1.0,1,1.0,1.0,1.0,1.0,1.0,1,1.0,1.0,1.0,1.0,1.0,1,1.0,1.0,1.0,1.0,1.0
2236,no_strict_e1_improvement,0,,,,,1,0,2,2,2,7,7,4,0,0,-1,current,0,0,0.49923838426669437,0.49923838426669437,7,0,0,0,0,0,0,0,0.0,0.6666666666666666,0.16666666666666666,0.4166666666666667,0.5,0,0.0,0.6666666666666666,0.16666666666666666,0.4166666666666667,0.5,0,0.0,0.6666666666666666,0.16666666666666666,0.4166666666666667,0.5,0,0.0,0.6666666666666666,0.16666666666666666,0.4166666666666667,0.5
2237,no_strict_e1_improvement,0,,,,,1,0,1,1,1,2,2,4,0,0,-1,current,0,0,0.52173962444067,0.52173962444067,6,3,3,3,3,0,0,0,0.3333333333333333,0.6666666666666666,0.5,0.5833333333333334,0.5833333333333334,0,0.3333333333333333,0.6666666666666666,0.5,0.5833333333333334,0.5833333333333334,0,0.3333333333333333,0.6666666666666666,0.5,0.5833333333333334,0.5833333333333334,0,0.3333333333333333,0.6666666666666666,0.5,0.5833333333333334,0.5833333333333334
2238,no_strict_e1_improvement,0,,,,,1,0,1,1,1,1,1,4,0,0,-1,current,0,0,0.5771965881188711,0.5771965881188711,8,0,0,0,0,0,0,0,0.0,1.0,0.5,0.75,0.75,0,0.0,1.0,0.5,0.75,0.75,0,0.0,1.0,0.5,0.75,0.75,0,0.0,1.0,0.5,0.75,0.75
2239,max_rounds,0,,,,,1,1,2,2,2,7,7,4,1,0,0,s1a3_greedy,1,0,0.6914181634783745,0.638482299943765,6,0,0,0,0,0,0,0,0.0,0.6666666666666666,0.5,0.5833333333333334,0.5833333333333334,0,0.0,0.6666666666666666,0.5,0.5833333333333334,0.5833333333333334,0,0.0,0.5,0.5,0.5,0.5,0,0.0,0.5,0.5,0.5,0.5
2240,no_strict_e1_improvement,0,,,,,1,0,1,1,1,1,1,4,0,0,-1,current,0,0,0.60515213261048,0.60515213261048,10,9,9,9,9,0,0,1,1.0,1.0,1.0,1.0,1.0,1,1.0,1.0,1.0,1.0,1.0,1,1.0,1.0,1.0,1.0,1.0,1,1.0,1.0,1.0,1.0,1.0
2241,no_strict_e1_improvement,0,,,,,1,0,4,4,4,9,9,4,0,0,-1,current,0,0,0.6818691169222196,0.6818691169222196,5,7,7,7,7,0,0,0,0.7777777777777778,0.6666666666666666,0.6666666666666666,0.6666666666666666,0.75,0,0.7777777777777778,0.6666666666666666,0.6666666666666666,0.6666666666666666,0.75,0,0.7777777777777778,0.6666666666666666,0.6666666666666666,0.6666666666666666,0.75,0,0.7777777777777778,0.6666666666666666,0.6666666666666666,0.6666666666666666,0.75
2242,small_component,0,,,,,1,0,0,0,0,0,0,4,0,0,-1,current,0,0,0.7829278483986855,0.7829278483986855,7,4,4,4,4,0,0,0,0.4444444444444444,0.3333333333333333,0.5,0.4166666666666667,0.5,0,0.4444444444444444,0.3333333333333333,0.5,0.4166666666666667,0.5,0,0.4444444444444444,0.3333333333333333,0.5,0.4166666666666667,0.5,0,0.4444444444444444,0.3333333333333333,0.5,0.4166666666666667,0.5
2243,no_strict_e1_improvement,0,,,,,1,0,1,1,1,1,1,4,0,0,-1,current,0,0,0.6540739287932714,0.6540739287932714,10,9,9,9,9,0,0,1,1.0,1.0,1.0,1.0,1.0,1,1.0,1.0,1.0,1.0,1.0,1,1.0,1.0,1.0,1.0,1.0,1,1.0,1.0,1.0,1.0,1.0
2244,no_strict_e1_improvement,0,,,,,1,0,2,2,2,7,7,4,0,0,-1,current,0,0,0.7019748066862425,0.7019748066862425,8,9,9,9,9,0,0,1,1.0,1.0,1.0,1.0,1.0,1,1.0,1.0,1.0,1.0,1.0,1,1.0,1.0,1.0,1.0,1.0,1,1.0,1.0,1.0,1.0,1.0
2245,small_component,0,,,,,1,0,0,0,0,0,0,4,0,0,-1,current,0,0,0.7789620856444041,0.7789620856444041,4,1,1,1,1,0,0,0,0.1111111111111111,0.16666666666666666,0.16666666666666666,0.16666666666666666,0.3333333333333333,0,0.1111111111111111,0.16666666666666666,0.16666666666666666,0.16666666666666666,0.3333333333333333,0,0.1111111111111111,0.16666666666666666,0.16666666666666666,0.16666666666666666,0.3333333333333333,0,0.1111111111111111,0.16666666666666666,0.16666666666666666,0.16666666666666666,0.3333333333333333
2246,partial_completed__no_strict_e1_improvement,1,,3,2,4,1,0,2,2,2,5,5,4,0,0,-1,current,1,0,0.7166265596946081,0.7166265596946081,4,6,0,0,0,-6,0,0,0.6666666666666666,0.6666666666666666,0.5,0.5833333333333334,0.5833333333333334,0,0.0,1.0,0.5,0.75,0.75,0,0.0,1.0,0.5,0.75,0.75,0,0.0,1.0,0.5,0.75,0.75
2247,no_strict_e1_improvement,0,,,,,1,0,1,1,1,1,1,4,0,0,-1,current,0,0,0.6031953742106756,0.6031953742106756,8,0,0,0,0,0,0,0,0.0,1.0,0.5,0.75,0.75,0,0.0,1.0,0.5,0.75,0.75,0,0.0,1.0,0.5,0.75,0.75,0,0.0,1.0,0.5,0.75,0.75
2248,no_strict_e1_improvement,0,,,,,1,0,1,1,1,1,1,4,0,0,-1,current,0,0,0.5968839103976885,0.5968839103976885,9,0,0,0,0,0,0,0,0.0,0.5,0.8333333333333334,0.6666666666666666,0.6666666666666666,0,0.0,0.5,0.8333333333333334,0.6666666666666666,0.6666666666666666,0,0.0,0.5,0.8333333333333334,0.6666666666666666,0.6666666666666666,0,0.0,0.5,0.8333333333333334,0.6666666666666666,0.6666666666666666
2249,no_strict_e1_improvement,0,,,,,1,0,1,1,1,1,1,4,0,0,-1,current,0,0,0.6239872053265572,0.6239872053265572,6,0,0,0,0,0,0,0,0.0,0.5,0.5,0.5,0.5,0,0.0,0.5,0.5,0.5,0.5,0,0.0,0.5,0.5,0.5,0.5,0,0.0,0.5,0.5,0.5,0.5
2250,no_strict_e1_improvement,0,,,,,1,0,1,1,1,1,1,4,0,0,-1,current,0,0,0.638169730703036,0.638169730703036,6,0,0,0,0,0,0,0,0.0,1.0,0.5,0.75,0.75,0,0.0,1.0,0.5,0.75,0.75,0,0.0,1.0,0.5,0.75,0.75,0,0.0,1.0,0.5,0.75,0.75
2251,max_rounds,0,,,,,1,1,2,2,2,7,7,4,0,1,1,profiled_beam,1,1,0.97809665898482,0.9764063507318497,6,1,1,1,7,6,6,0,0.1111111111111111,0.3333333333333333,0.6666666666666666,0.5,0.5833333333333334,0,0.1111111111111111,0.3333333333333333,0.6666666666666666,0.5,0.5833333333333334,0,0.1111111111111111,0.3333333333333333,0.6666666666666666,0.5,0.5833333333333334,0,0.7777777777777778,0.6666666666666666,0.6666666666666666,0.6666666666666666,0.75
2252,max_rounds,0,,,,,1,1,5,4,4,16,16,4,0,-1,1,profiled_beam,1,1,0.7918801108996073,0.6518542816241583,7,3,3,3,3,0,0,0,0.3333333333333333,0.0,0.8333333333333334,0.4166666666666667,0.6666666666666666,0,0.3333333333333333,0.0,0.8333333333333334,0.4166666666666667,0.6666666666666666,0,0.3333333333333333,0.0,0.8333333333333334,0.4166666666666667,0.6666666666666666,0,0.3333333333333333,0.0,1.0,0.5,0.75
2253,no_strict_e1_improvement,0,,,,,1,0,1,1,1,1,1,4,0,0,-1,current,0,0,0.6328742553790411,0.6328742553790411,5,4,4,4,4,0,0,0,0.4444444444444444,0.16666666666666666,0.5,0.3333333333333333,0.4166666666666667,0,0.4444444444444444,0.16666666666666666,0.5,0.3333333333333333,0.4166666666666667,0,0.4444444444444444,0.16666666666666666,0.5,0.3333333333333333,0.4166666666666667,0,0.4444444444444444,0.16666666666666666,0.5,0.3333333333333333,0.4166666666666667
2254,max_rounds,0,,,,,1,1,5,4,4,11,11,4,-1,0,0,s1a3_greedy,1,0,0.8727963119745255,0.7986887892087301,7,0,0,0,0,0,0,0,0.0,0.3333333333333333,0.0,0.16666666666666666,0.25,0,0.0,0.3333333333333333,0.0,0.16666666666666666,0.25,0,0.0,0.5,0.5,0.5,0.5,0,0.0,0.5,0.5,0.5,0.5
2255,no_strict_e1_improvement,0,,,,,1,0,1,1,1,1,1,4,0,0,-1,current,0,0,0.5142209976911545,0.5142209976911545,9,9,9,9,9,0,0,1,1.0,1.0,1.0,1.0,1.0,1,1.0,1.0,1.0,1.0,1.0,1,1.0,1.0,1.0,1.0,1.0,1,1.0,1.0,1.0,1.0,1.0
2256,no_strict_e1_improvement,0,,,,,1,0,1,1,1,1,1,4,0,0,-1,current,0,0,0.6103896722197533,0.6103896722197533,10,0,0,0,0,0,0,0,0.0,0.5,0.5,0.5,0.5,0,0.0,0.5,0.5,0.5,0.5,0,0.0,0.5,0.5,0.5,0.5,0,0.0,0.5,0.5,0.5,0.5
2257,no_strict_e1_improvement,0,,,,,1,0,1,1,1,1,1,4,0,0,-1,current,0,0,0.7174755682547888,0.7174755682547888,11,0,0,0,0,0,0,0,0.0,1.0,0.5,0.75,0.75,0,0.0,1.0,0.5,0.75,0.75,0,0.0,1.0,0.5,0.75,0.75,0,0.0,1.0,0.5,0.75,0.75
2258,no_strict_e1_improvement,0,,,,,1,0,1,1,1,1,1,4,0,0,-1,current,0,0,0.6778495435913404,0.6778495435913404,8,1,1,1,1,0,0,0,0.1111111111111111,0.3333333333333333,0.6666666666666666,0.5,0.6666666666666666,0,0.1111111111111111,0.3333333333333333,0.6666666666666666,0.5,0.6666666666666666,0,0.1111111111111111,0.3333333333333333,0.6666666666666666,0.5,0.6666666666666666,0,0.1111111111111111,0.3333333333333333,0.6666666666666666,0.5,0.6666666666666666
2259,no_strict_e1_improvement,0,,,,,1,0,1,1,1,1,1,4,0,0,-1,current,0,0,0.6271818478902181,0.6271818478902181,7,0,0,0,0,0,0,0,0.0,1.0,0.5,0.75,0.75,0,0.0,1.0,0.5,0.75,0.75,0,0.0,1.0,0.5,0.75,0.75,0,0.0,1.0,0.5,0.75,0.75
2260,no_strict_e1_improvement,0,,,,,1,0,1,1,1,1,1,4,0,0,-1,current,0,0,0.6671818569302559,0.6671818569302559,10,0,0,0,0,0,0,0,0.0,0.5,0.5,0.5,0.5,0,0.0,0.5,0.5,0.5,0.5,0,0.0,0.5,0.5,0.5,0.5,0,0.0,0.5,0.5,0.5,0.5
2261,small_component,0,,,,,1,0,0,0,0,0,0,4,0,0,-1,current,0,0,0.7529969116051992,0.7529969116051992,4,0,0,0,0,0,0,0,0.0,0.16666666666666666,0.16666666666666666,0.16666666666666666,0.3333333333333333,0,0.0,0.16666666666666666,0.16666666666666666,0.16666666666666666,0.3333333333333333,0,0.0,0.16666666666666666,0.16666666666666666,0.16666666666666666,0.3333333333333333,0,0.0,0.16666666666666666,0.16666666666666666,0.16666666666666666,0.3333333333333333
2262,no_strict_e1_improvement,0,,,,,1,0,1,1,1,2,2,4,0,0,-1,current,0,0,0.7862576718131701,0.7862576718131701,7,0,0,0,0,0,0,0,0.0,0.5,1.0,0.75,0.75,0,0.0,0.5,1.0,0.75,0.75,0,0.0,0.5,1.0,0.75,0.75,0,0.0,0.5,1.0,0.75,0.75
2263,small_component,0,,,,,1,0,0,0,0,0,0,4,0,0,-1,current,0,0,0.6492604538798332,0.6492604538798332,7,0,0,0,0,0,0,0,0.0,0.8333333333333334,0.5,0.6666666666666666,0.6666666666666666,0,0.0,0.8333333333333334,0.5,0.6666666666666666,0.6666666666666666,0,0.0,0.8333333333333334,0.5,0.6666666666666666,0.6666666666666666,0,0.0,0.8333333333333334,0.5,0.6666666666666666,0.6666666666666666
2264,max_rounds,0,,,,,1,1,5,4,4,15,15,4,-1,1,1,profiled_beam,1,1,0.8508107935388883,0.7989917273322741,4,1,1,4,4,3,0,0,0.1111111111111111,0.3333333333333333,0.0,0.16666666666666666,0.5833333333333334,0,0.1111111111111111,0.3333333333333333,0.0,0.16666666666666666,0.5833333333333334,0,0.4444444444444444,0.3333333333333333,0.16666666666666666,0.25,0.5833333333333334,0,0.4444444444444444,0.3333333333333333,0.16666666666666666,0.25,0.4166666666666667
2265,no_strict_e1_improvement,0,,,,,1,0,1,1,1,1,1,4,0,0,-1,current,0,0,0.5775799552599589,0.5775799552599589,11,0,0,0,0,0,0,0,0.0,0.5,1.0,0.75,0.75,0,0.0,0.5,1.0,0.75,0.75,0,0.0,0.5,1.0,0.75,0.75,0,0.0,0.5,1.0,0.75,0.75
2266,no_strict_e1_improvement,0,,,,,1,0,1,1,1,1,1,4,0,0,-1,current,0,0,0.5982375368475914,0.5982375368475914,7,9,9,9,9,0,0,1,1.0,1.0,1.0,1.0,1.0,1,1.0,1.0,1.0,1.0,1.0,1,1.0,1.0,1.0,1.0,1.0,1,1.0,1.0,1.0,1.0,1.0
2267,max_rounds,0,,,,,1,1,2,2,2,7,7,4,0,1,0,s1a3_greedy,1,0,0.6790739943583807,0.623958965142568,8,0,0,9,9,9,0,0,0.0,0.5,1.0,0.75,0.75,0,0.0,0.5,1.0,0.75,0.75,1,1.0,1.0,1.0,1.0,1.0,1,1.0,1.0,1.0,1.0,1.0
2268,no_strict_e1_improvement,0,,,,,1,0,1,1,1,1,1,4,0,0,-1,current,0,0,0.6903215696414312,0.6903215696414312,9,9,9,9,9,0,0,1,1.0,1.0,1.0,1.0,1.0,1,1.0,1.0,1.0,1.0,1.0,1,1.0,1.0,1.0,1.0,1.0,1,1.0,1.0,1.0,1.0,1.0
2269,max_rounds,0,,,,,1,1,3,2,2,7,7,4,0,0,0,s1a3_greedy,1,0,0.7016885355114937,0.6582206959525744,7,7,7,6,6,-1,0,0,0.7777777777777778,0.6666666666666666,0.6666666666666666,0.6666666666666666,0.75,0,0.7777777777777778,0.6666666666666666,0.6666666666666666,0.6666666666666666,0.75,0,0.6666666666666666,0.5,0.8333333333333334,0.6666666666666666,0.6666666666666666,0,0.6666666666666666,0.5,0.8333333333333334,0.6666666666666666,0.6666666666666666
2270,max_rounds,0,,,,,1,1,3,2,2,7,7,4,0,0,0,s1a3_greedy,1,0,0.6600184390942255,0.6413696383436521,4,0,0,0,0,0,0,0,0.0,0.0,0.6666666666666666,0.3333333333333333,0.3333333333333333,0,0.0,0.0,0.6666666666666666,0.3333333333333333,0.3333333333333333,0,0.0,0.16666666666666666,0.3333333333333333,0.25,0.4166666666666667,0,0.0,0.16666666666666666,0.3333333333333333,0.25,0.4166666666666667
2271,no_strict_e1_improvement,0,,,,,1,0,4,4,4,13,13,4,0,0,-1,current,0,0,0.7087722246845564,0.7087722246845564,6,2,2,2,2,0,0,0,0.2222222222222222,0.0,0.16666666666666666,0.08333333333333333,0.4166666666666667,0,0.2222222222222222,0.0,0.16666666666666666,0.08333333333333333,0.4166666666666667,0,0.2222222222222222,0.0,0.16666666666666666,0.08333333333333333,0.4166666666666667,0,0.2222222222222222,0.0,0.16666666666666666,0.08333333333333333,0.4166666666666667
2272,no_strict_e1_improvement,0,,,,,1,0,1,1,1,1,1,4,0,0,-1,current,0,0,0.5270359988013903,0.5270359988013903,7,9,9,9,9,0,0,1,1.0,1.0,1.0,1.0,1.0,1,1.0,1.0,1.0,1.0,1.0,1,1.0,1.0,1.0,1.0,1.0,1,1.0,1.0,1.0,1.0,1.0
2273,small_component,0,,,,,1,0,0,0,0,0,0,4,0,0,-1,current,0,0,0.6451494544744492,0.6451494544744492,7,5,5,5,5,0,0,0,0.5555555555555556,0.16666666666666666,0.6666666666666666,0.4166666666666667,0.75,0,0.5555555555555556,0.16666666666666666,0.6666666666666666,0.4166666666666667,0.75,0,0.5555555555555556,0.16666666666666666,0.6666666666666666,0.4166666666666667,0.75,0,0.5555555555555556,0.16666666666666666,0.6666666666666666,0.4166666666666667,0.75
2274,no_strict_e1_improvement,0,,,,,1,0,1,1,1,1,1,4,0,0,-1,current,0,0,0.6394995152950287,0.6394995152950287,11,9,9,9,9,0,0,1,1.0,1.0,1.0,1.0,1.0,1,1.0,1.0,1.0,1.0,1.0,1,1.0,1.0,1.0,1.0,1.0,1,1.0,1.0,1.0,1.0,1.0
2275,small_component,0,,,,,1,0,0,0,0,0,0,4,0,0,-1,current,0,0,0.7271859645843506,0.7271859645843506,4,7,7,7,7,0,0,0,0.7777777777777778,0.6666666666666666,0.6666666666666666,0.6666666666666666,0.8333333333333334,0,0.7777777777777778,0.6666666666666666,0.6666666666666666,0.6666666666666666,0.8333333333333334,0,0.7777777777777778,0.6666666666666666,0.6666666666666666,0.6666666666666666,0.8333333333333334,0,0.7777777777777778,0.6666666666666666,0.6666666666666666,0.6666666666666666,0.8333333333333334
2276,no_strict_e1_improvement,0,,,,,1,0,1,1,1,1,1,4,0,0,-1,current,0,0,0.6795778299371401,0.6795778299371401,8,9,9,9,9,0,0,1,1.0,1.0,1.0,1.0,1.0,1,1.0,1.0,1.0,1.0,1.0,1,1.0,1.0,1.0,1.0,1.0,1,1.0,1.0,1.0,1.0,1.0
2277,max_rounds,0,,,,,1,1,5,4,4,12,12,4,0,0,1,profiled_beam,1,1,0.7257474760214487,0.7152965441346169,8,2,2,2,5,3,3,0,0.2222222222222222,0.16666666666666666,0.6666666666666666,0.4166666666666667,0.5833333333333334,0,0.2222222222222222,0.16666666666666666,0.6666666666666666,0.4166666666666667,0.5833333333333334,0,0.2222222222222222,0.16666666666666666,0.6666666666666666,0.4166666666666667,0.5833333333333334,0,0.5555555555555556,0.3333333333333333,0.6666666666666666,0.5,0.6666666666666666
2278,max_rounds,0,,,,,1,1,5,4,4,10,10,4,0,0,1,profiled_beam,1,1,0.7392555127541224,0.642056812842687,7,1,1,1,0,-1,-1,0,0.1111111111111111,0.16666666666666666,0.5,0.3333333333333333,0.4166666666666667,0,0.1111111111111111,0.16666666666666666,0.5,0.3333333333333333,0.4166666666666667,0,0.1111111111111111,0.3333333333333333,0.6666666666666666,0.5,0.5,0,0.0,0.5,0.8333333333333334,0.6666666666666666,0.6666666666666666
2279,no_strict_e1_improvement,0,,,,,1,0,4,4,4,16,16,4,0,0,-1,current,0,0,0.8026880944768587,0.8026880944768587,6,3,3,3,3,0,0,0,0.3333333333333333,0.0,0.6666666666666666,0.3333333333333333,0.5833333333333334,0,0.3333333333333333,0.0,0.6666666666666666,0.3333333333333333,0.5833333333333334,0,0.3333333333333333,0.0,0.6666666666666666,0.3333333333333333,0.5833333333333334,0,0.3333333333333333,0.0,0.6666666666666666,0.3333333333333333,0.5833333333333334
2280,max_rounds,0,,,,,1,1,2,2,2,6,6,4,0,-1,0,s1a3_greedy,1,0,0.6429309397935867,0.5812855462233225,6,0,0,9,9,9,0,0,0.0,0.5,1.0,0.75,0.75,0,0.0,0.5,1.0,0.75,0.75,1,1.0,1.0,1.0,1.0,1.0,1,1.0,1.0,1.0,1.0,1.0
2281,max_rounds,0,,,,,1,1,5,4,4,16,16,4,0,-1,1,profiled_beam,1,1,0.5758813694119453,0.5279882326722145,7,0,0,0,1,1,1,0,0.0,0.5,0.3333333333333333,0.4166666666666667,0.6666666666666666,0,0.0,0.5,0.3333333333333333,0.4166666666666667,0.6666666666666666,0,0.0,0.5,0.3333333333333333,0.4166666666666667,0.6666666666666666,0,0.1111111111111111,0.3333333333333333,0.3333333333333333,0.3333333333333333,0.6666666666666666
2282,no_strict_e1_improvement,0,,,,,1,0,1,1,1,1,1,4,0,0,-1,current,0,0,0.6083720363676548,0.6083720363676548,10,9,9,9,9,0,0,1,1.0,1.0,1.0,1.0,1.0,1,1.0,1.0,1.0,1.0,1.0,1,1.0,1.0,1.0,1.0,1.0,1,1.0,1.0,1.0,1.0,1.0
2283,no_strict_e1_improvement,0,,,,,1,0,1,1,1,1,1,4,0,0,-1,current,0,0,0.6139545068144798,0.6139545068144798,8,0,0,0,0,0,0,0,0.0,1.0,0.5,0.75,0.75,0,0.0,1.0,0.5,0.75,0.75,0,0.0,1.0,0.5,0.75,0.75,0,0.0,1.0,0.5,0.75,0.75
2284,no_strict_e1_improvement,0,,,,,1,0,4,4,4,15,15,4,0,0,-1,current,0,0,0.5504445309440295,0.5504445309440295,7,9,9,9,9,0,0,1,1.0,1.0,1.0,1.0,1.0,1,1.0,1.0,1.0,1.0,1.0,1,1.0,1.0,1.0,1.0,1.0,1,1.0,1.0,1.0,1.0,1.0
2285,no_strict_e1_improvement,0,,,,,1,0,1,1,1,1,1,4,0,0,-1,current,0,0,0.7458388308684031,0.7458388308684031,10,0,0,0,0,0,0,0,0.0,0.5,1.0,0.75,0.75,0,0.0,0.5,1.0,0.75,0.75,0,0.0,0.5,1.0,0.75,0.75,0,0.0,0.5,1.0,0.75,0.75
2286,max_rounds,0,,,,,1,1,3,2,2,6,6,4,0,0,0,s1a3_greedy,1,0,0.5646136254072189,0.5253827472527822,8,0,0,3,3,3,0,0,0.0,0.5,0.5,0.5,0.5,0,0.0,0.5,0.5,0.5,0.5,0,0.3333333333333333,0.6666666666666666,0.5,0.5833333333333334,0.5833333333333334,0,0.3333333333333333,0.6666666666666666,0.5,0.5833333333333334,0.5833333333333334
2287,max_rounds,0,,,,,1,1,4,4,4,11,11,4,-1,0,0,s1a3_greedy,1,0,0.6191808432340622,0.5867100283503532,7,0,0,0,0,0,0,0,0.0,1.0,0.5,0.75,0.75,0,0.0,1.0,0.5,0.75,0.75,0,0.0,1.0,0.5,0.75,0.75,0,0.0,1.0,0.5,0.75,0.75
2288,no_strict_e1_improvement,0,,,,,1,0,1,1,1,1,1,4,0,0,-1,current,0,0,0.6026459137598673,0.6026459137598673,10,0,0,0,0,0,0,0,0.0,0.5,1.0,0.75,0.75,0,0.0,0.5,1.0,0.75,0.75,0,0.0,0.5,1.0,0.75,0.75,0,0.0,0.5,1.0,0.75,0.75
2289,max_rounds,0,,,,,1,1,2,2,2,6,6,4,0,-1,0,s1a3_greedy,1,0,0.730479821562767,0.6560283402601877,6,0,0,9,9,9,0,0,0.0,0.5,1.0,0.75,0.75,0,0.0,0.5,1.0,0.75,0.75,1,1.0,1.0,1.0,1.0,1.0,1,1.0,1.0,1.0,1.0,1.0
2290,no_strict_e1_improvement,0,,,,,1,0,1,1,1,1,1,4,0,0,-1,current,0,0,0.632118488351504,0.632118488351504,11,9,9,9,9,0,0,1,1.0,1.0,1.0,1.0,1.0,1,1.0,1.0,1.0,1.0,1.0,1,1.0,1.0,1.0,1.0,1.0,1,1.0,1.0,1.0,1.0,1.0
2291,no_strict_e1_improvement,0,,,,,1,0,1,1,1,1,1,4,0,0,-1,current,0,0,0.5785422449310621,0.5785422449310621,12,0,0,0,0,0,0,0,0.0,0.5,1.0,0.75,0.75,0,0.0,0.5,1.0,0.75,0.75,0,0.0,0.5,1.0,0.75,0.75,0,0.0,0.5,1.0,0.75,0.75
2292,small_component,0,,,,,1,0,0,0,0,0,0,4,0,0,-1,current,0,0,0.965090254942576,0.965090254942576,3,0,0,0,0,0,0,0,0.0,0.16666666666666666,0.3333333333333333,0.25,0.5,0,0.0,0.16666666666666666,0.3333333333333333,0.25,0.5,0,0.0,0.16666666666666666,0.3333333333333333,0.25,0.5,0,0.0,0.16666666666666666,0.3333333333333333,0.25,0.5
2293,no_strict_e1_improvement,0,,,,,1,0,2,2,2,8,8,4,0,0,-1,current,0,0,0.5745305493474007,0.5745305493474007,7,9,9,9,9,0,0,1,1.0,1.0,1.0,1.0,1.0,1,1.0,1.0,1.0,1.0,1.0,1,1.0,1.0,1.0,1.0,1.0,1,1.0,1.0,1.0,1.0,1.0
2294,small_component,0,,,,,1,0,0,0,0,0,0,4,0,0,-1,current,0,0,0.4293077091375987,0.4293077091375987,4,3,3,3,3,0,0,0,0.3333333333333333,0.0,0.16666666666666666,0.08333333333333333,0.16666666666666666,0,0.3333333333333333,0.0,0.16666666666666666,0.08333333333333333,0.16666666666666666,0,0.3333333333333333,0.0,0.16666666666666666,0.08333333333333333,0.16666666666666666,0,0.3333333333333333,0.0,0.16666666666666666,0.08333333333333333,0.16666666666666666
2295,max_rounds,0,,,,,1,1,3,2,2,6,6,4,0,0,1,profiled_beam,1,1,0.8640950173139572,0.8167508244514465,7,7,7,7,9,2,2,0,0.7777777777777778,0.6666666666666666,0.6666666666666666,0.6666666666666666,0.75,0,0.7777777777777778,0.6666666666666666,0.6666666666666666,0.6666666666666666,0.75,0,0.7777777777777778,0.6666666666666666,0.6666666666666666,0.6666666666666666,0.75,1,1.0,1.0,1.0,1.0,1.0
2296,no_strict_e1_improvement,0,,,,,1,0,1,1,1,1,1,4,0,0,-1,current,0,0,0.6965955992539724,0.6965955992539724,10,0,0,0,0,0,0,0,0.0,0.5,1.0,0.75,0.75,0,0.0,0.5,1.0,0.75,0.75,0,0.0,0.5,1.0,0.75,0.75,0,0.0,0.5,1.0,0.75,0.75
2297,partial_completed__small_component,1,,3,2,4,1,0,0,0,0,0,0,4,0,0,-1,current,1,0,0.7379103675484657,0.7379103675484657,6,3,3,3,3,0,0,0,0.3333333333333333,0.6666666666666666,0.0,0.3333333333333333,0.3333333333333333,0,0.3333333333333333,1.0,0.0,0.5,0.75,0,0.3333333333333333,1.0,0.0,0.5,0.75,0,0.3333333333333333,1.0,0.0,0.5,0.75
2298,small_component,0,,,,,1,0,0,0,0,0,0,4,0,0,-1,current,0,0,0.7876519486308098,0.7876519486308098,5,0,0,0,0,0,0,0,0.0,0.5,0.3333333333333333,0.4166666666666667,0.5833333333333334,0,0.0,0.5,0.3333333333333333,0.4166666666666667,0.5833333333333334,0,0.0,0.5,0.3333333333333333,0.4166666666666667,0.5833333333333334,0,0.0,0.5,0.3333333333333333,0.4166666666666667,0.5833333333333334
2299,small_component,0,,,,,1,0,0,0,0,0,0,4,0,0,-1,current,0,0,0.6706343864401182,0.6706343864401182,3,3,3,3,3,0,0,0,0.3333333333333333,0.0,0.16666666666666666,0.08333333333333333,0.5833333333333334,0,0.3333333333333333,0.0,0.16666666666666666,0.08333333333333333,0.5833333333333334,0,0.3333333333333333,0.0,0.16666666666666666,0.08333333333333333,0.5833333333333334,0,0.3333333333333333,0.0,0.16666666666666666,0.08333333333333333,0.5833333333333334
2300,no_strict_e1_improvement,0,,,,,1,0,1,1,1,1,1,4,0,0,-1,current,0,0,0.5600793783863386,0.5600793783863386,9,9,9,9,9,0,0,1,1.0,1.0,1.0,1.0,1.0,1,1.0,1.0,1.0,1.0,1.0,1,1.0,1.0,1.0,1.0,1.0,1,1.0,1.0,1.0,1.0,1.0
2301,no_strict_e1_improvement,0,,,,,1,0,1,1,1,1,1,4,0,0,-1,current,0,0,0.5968492180109024,0.5968492180109024,9,9,9,9,9,0,0,1,1.0,1.0,1.0,1.0,1.0,1,1.0,1.0,1.0,1.0,1.0,1,1.0,1.0,1.0,1.0,1.0,1,1.0,1.0,1.0,1.0,1.0
2302,max_rounds,0,,,,,1,1,3,2,2,6,6,4,0,-1,0,s1a3_greedy,1,0,0.7995670512318611,0.645989865064621,7,7,7,0,0,-7,0,0,0.7777777777777778,0.6666666666666666,0.6666666666666666,0.6666666666666666,0.75,0,0.7777777777777778,0.6666666666666666,0.6666666666666666,0.6666666666666666,0.75,0,0.0,0.5,1.0,0.75,0.75,0,0.0,0.5,1.0,0.75,0.75
2303,max_rounds,0,,,,,1,1,2,2,2,6,6,4,1,0,0,s1a3_greedy,1,0,0.5658895944555601,0.48820609599351883,6,0,0,9,9,9,0,0,0.0,1.0,0.5,0.75,0.75,0,0.0,1.0,0.5,0.75,0.75,1,1.0,1.0,1.0,1.0,1.0,1,1.0,1.0,1.0,1.0,1.0
2304,small_component,0,,,,,1,0,0,0,0,0,0,4,0,0,-1,current,0,0,0.8196007534861565,0.8196007534861565,4,1,1,1,1,0,0,0,0.1111111111111111,0.16666666666666666,0.16666666666666666,0.16666666666666666,0.5,0,0.1111111111111111,0.16666666666666666,0.16666666666666666,0.16666666666666666,0.5,0,0.1111111111111111,0.16666666666666666,0.16666666666666666,0.16666666666666666,0.5,0,0.1111111111111111,0.16666666666666666,0.16666666666666666,0.16666666666666666,0.5
2305,small_component,0,,,,,1,0,0,0,0,0,0,4,0,0,-1,current,0,0,0.8551765183607737,0.8551765183607737,6,5,5,5,5,0,0,0,0.5555555555555556,0.6666666666666666,0.3333333333333333,0.5,0.6666666666666666,0,0.5555555555555556,0.6666666666666666,0.3333333333333333,0.5,0.6666666666666666,0,0.5555555555555556,0.6666666666666666,0.3333333333333333,0.5,0.6666666666666666,0,0.5555555555555556,0.6666666666666666,0.3333333333333333,0.5,0.6666666666666666
2306,max_rounds,0,,,,,1,1,3,2,2,6,6,4,0,0,1,profiled_beam,1,1,0.6355345100164413,0.566796213388443,6,0,0,0,0,0,0,0,0.0,0.3333333333333333,0.16666666666666666,0.25,0.5,0,0.0,0.3333333333333333,0.16666666666666666,0.25,0.5,0,0.0,0.0,0.5,0.25,0.6666666666666666,0,0.0,0.16666666666666666,0.16666666666666666,0.16666666666666666,0.4166666666666667
2307,partial_completed__no_strict_e1_improvement,1,,3,2,3,1,0,1,1,1,1,1,4,0,0,-1,current,1,0,0.6615340039134026,0.6615340039134026,8,6,0,0,0,-6,0,0,0.6666666666666666,0.6666666666666666,0.5,0.5833333333333334,0.5833333333333334,0,0.0,0.8333333333333334,0.5,0.6666666666666666,0.6666666666666666,0,0.0,0.8333333333333334,0.5,0.6666666666666666,0.6666666666666666,0,0.0,0.8333333333333334,0.5,0.6666666666666666,0.6666666666666666
2308,max_rounds,0,,,,,1,1,4,4,4,15,15,4,1,-1,1,profiled_beam,1,1,0.8002647335330645,0.7533644512295723,7,0,0,2,2,2,0,0,0.0,0.16666666666666666,0.3333333333333333,0.25,0.4166666666666667,0,0.0,0.16666666666666666,0.3333333333333333,0.25,0.4166666666666667,0,0.2222222222222222,0.16666666666666666,0.6666666666666666,0.4166666666666667,0.5833333333333334,0,0.2222222222222222,0.16666666666666666,0.5,0.3333333333333333,0.4166666666666667
2309,no_strict_e1_improvement,0,,,,,1,0,1,1,1,1,1,4,0,0,-1,current,0,0,0.5621297731995583,0.5621297731995583,9,9,9,9,9,0,0,1,1.0,1.0,1.0,1.0,1.0,1,1.0,1.0,1.0,1.0,1.0,1,1.0,1.0,1.0,1.0,1.0,1,1.0,1.0,1.0,1.0,1.0
2310,no_strict_e1_improvement,0,,,,,1,0,2,2,2,8,8,4,0,0,-1,current,0,0,0.6332205732663473,0.6332205732663473,8,9,9,9,9,0,0,1,1.0,1.0,1.0,1.0,1.0,1,1.0,1.0,1.0,1.0,1.0,1,1.0,1.0,1.0,1.0,1.0,1,1.0,1.0,1.0,1.0,1.0
2311,no_strict_e1_improvement,0,,,,,1,0,1,1,1,1,1,4,0,0,-1,current,0,0,0.5863655855258306,0.5863655855258306,11,0,0,0,0,0,0,0,0.0,0.5,1.0,0.75,0.75,0,0.0,0.5,1.0,0.75,0.75,0,0.0,0.5,1.0,0.75,0.75,0,0.0,0.5,1.0,0.75,0.75
2312,small_component,0,,,,,1,0,0,0,0,0,0,4,0,0,-1,current,0,0,0.8779778555035591,0.8779778555035591,6,0,0,0,0,0,0,0,0.0,1.0,0.5,0.75,0.75,0,0.0,1.0,0.5,0.75,0.75,0,0.0,1.0,0.5,0.75,0.75,0,0.0,1.0,0.5,0.75,0.75
2313,no_strict_e1_improvement,0,,,,,1,0,2,2,2,7,7,4,0,0,-1,current,0,0,0.615546370546023,0.615546370546023,8,0,0,0,0,0,0,0,0.0,0.5,1.0,0.75,0.75,0,0.0,0.5,1.0,0.75,0.75,0,0.0,0.5,1.0,0.75,0.75,0,0.0,0.5,1.0,0.75,0.75
2314,no_strict_e1_improvement,0,,,,,1,0,1,1,1,1,1,4,0,0,-1,current,0,0,0.5453267594178518,0.5453267594178518,9,0,0,0,0,0,0,0,0.0,1.0,0.5,0.75,0.75,0,0.0,1.0,0.5,0.75,0.75,0,0.0,1.0,0.5,0.75,0.75,0,0.0,1.0,0.5,0.75,0.75
2315,no_strict_e1_improvement,0,,,,,1,0,1,1,1,1,1,4,0,0,-1,current,0,0,0.5957937116424242,0.5957937116424242,8,0,0,0,0,0,0,0,0.0,0.5,1.0,0.75,0.75,0,0.0,0.5,1.0,0.75,0.75,0,0.0,0.5,1.0,0.75,0.75,0,0.0,0.5,1.0,0.75,0.75
2316,no_strict_e1_improvement,0,,,,,1,0,1,1,1,1,1,4,0,0,-1,current,0,0,0.5595510130127271,0.5595510130127271,4,0,0,0,0,0,0,0,0.0,0.3333333333333333,0.16666666666666666,0.25,0.5,0,0.0,0.3333333333333333,0.16666666666666666,0.25,0.5,0,0.0,0.3333333333333333,0.16666666666666666,0.25,0.5,0,0.0,0.3333333333333333,0.16666666666666666,0.25,0.5
2317,no_strict_e1_improvement,0,,,,,1,0,2,2,2,6,6,4,0,0,-1,current,0,0,0.610333060224851,0.610333060224851,10,0,0,0,0,0,0,0,0.0,0.5,1.0,0.75,0.75,0,0.0,0.5,1.0,0.75,0.75,0,0.0,0.5,1.0,0.75,0.75,0,0.0,0.5,1.0,0.75,0.75
2318,no_strict_e1_improvement,0,,,,,1,0,2,2,2,6,6,4,0,0,-1,current,0,0,0.5741067429383596,0.5741067429383596,6,9,9,9,9,0,0,1,1.0,1.0,1.0,1.0,1.0,1,1.0,1.0,1.0,1.0,1.0,1,1.0,1.0,1.0,1.0,1.0,1,1.0,1.0,1.0,1.0,1.0
2319,no_strict_e1_improvement,0,,,,,1,0,1,1,1,1,1,4,0,0,-1,current,0,0,0.6276123548547426,0.6276123548547426,7,9,9,9,9,0,0,1,1.0,1.0,1.0,1.0,1.0,1,1.0,1.0,1.0,1.0,1.0,1,1.0,1.0,1.0,1.0,1.0,1,1.0,1.0,1.0,1.0,1.0
2320,max_rounds,0,,,,,1,1,3,2,2,8,8,4,0,0,1,profiled_beam,1,1,0.571677103638649,0.5545543705423673,5,4,4,4,3,-1,-1,0,0.4444444444444444,0.16666666666666666,0.5,0.3333333333333333,0.4166666666666667,0,0.4444444444444444,0.16666666666666666,0.5,0.3333333333333333,0.4166666666666667,0,0.4444444444444444,0.16666666666666666,0.5,0.3333333333333333,0.4166666666666667,0,0.3333333333333333,0.0,0.6666666666666666,0.3333333333333333,0.3333333333333333
2321,no_strict_e1_improvement,0,,,,,1,0,1,1,1,1,1,4,0,0,-1,current,0,0,0.6121778612335523,0.6121778612335523,11,9,9,9,9,0,0,1,1.0,1.0,1.0,1.0,1.0,1,1.0,1.0,1.0,1.0,1.0,1,1.0,1.0,1.0,1.0,1.0,1,1.0,1.0,1.0,1.0,1.0
2322,small_component,0,,,,,1,0,0,0,0,0,0,4,0,0,-1,current,0,0,0.7542098139723142,0.7542098139723142,6,0,0,0,0,0,0,0,0.0,0.3333333333333333,0.16666666666666666,0.25,0.3333333333333333,0,0.0,0.3333333333333333,0.16666666666666666,0.25,0.3333333333333333,0,0.0,0.3333333333333333,0.16666666666666666,0.25,0.3333333333333333,0,0.0,0.3333333333333333,0.16666666666666666,0.25,0.3333333333333333
2323,no_strict_e1_improvement,0,,,,,1,0,1,1,1,1,1,4,0,0,-1,current,0,0,0.617500419418017,0.617500419418017,10,9,9,9,9,0,0,1,1.0,1.0,1.0,1.0,1.0,1,1.0,1.0,1.0,1.0,1.0,1,1.0,1.0,1.0,1.0,1.0,1,1.0,1.0,1.0,1.0,1.0
2324,small_component,0,,,,,1,0,0,0,0,0,0,4,0,0,-1,current,0,0,0.7391879061857859,0.7391879061857859,4,0,0,0,0,0,0,0,0.0,0.5,0.5,0.5,0.5,0,0.0,0.5,0.5,0.5,0.5,0,0.0,0.5,0.5,0.5,0.5,0,0.0,0.5,0.5,0.5,0.5
2325,no_strict_e1_improvement,0,,,,,1,0,1,1,1,1,1,4,0,0,-1,current,0,0,0.6141351933280627,0.6141351933280627,12,9,9,9,9,0,0,1,1.0,1.0,1.0,1.0,1.0,1,1.0,1.0,1.0,1.0,1.0,1,1.0,1.0,1.0,1.0,1.0,1,1.0,1.0,1.0,1.0,1.0
2326,max_rounds,0,,,,,1,1,5,4,4,15,15,4,0,0,1,profiled_beam,1,1,0.7275943209727606,0.6018649662534395,4,0,0,1,0,0,-1,0,0.0,0.3333333333333333,0.0,0.16666666666666666,0.3333333333333333,0,0.0,0.3333333333333333,0.0,0.16666666666666666,0.3333333333333333,0,0.1111111111111111,0.3333333333333333,0.0,0.16666666666666666,0.5,0,0.0,0.5,0.3333333333333333,0.4166666666666667,0.5833333333333334
2327,no_strict_e1_improvement,0,,,,,1,0,1,1,1,1,1,4,0,0,-1,current,0,0,0.5753876939415932,0.5753876939415932,10,9,9,9,9,0,0,1,1.0,1.0,1.0,1.0,1.0,1,1.0,1.0,1.0,1.0,1.0,1,1.0,1.0,1.0,1.0,1.0,1,1.0,1.0,1.0,1.0,1.0
2328,no_strict_e1_improvement,0,,,,,1,0,2,2,2,6,6,4,0,0,-1,current,0,0,0.6181524867812792,0.6181524867812792,9,0,0,0,0,0,0,0,0.0,1.0,0.5,0.75,0.75,0,0.0,1.0,0.5,0.75,0.75,0,0.0,1.0,0.5,0.75,0.75,0,0.0,1.0,0.5,0.75,0.75
2329,no_strict_e1_improvement,0,,,,,1,0,1,1,1,1,1,4,0,0,-1,current,0,0,0.5387799516320229,0.5387799516320229,8,9,9,9,9,0,0,1,1.0,1.0,1.0,1.0,1.0,1,1.0,1.0,1.0,1.0,1.0,1,1.0,1.0,1.0,1.0,1.0,1,1.0,1.0,1.0,1.0,1.0
2330,no_strict_e1_improvement,0,,,,,1,0,1,1,1,1,1,4,0,0,-1,current,0,0,0.6326673477888107,0.6326673477888107,8,0,0,0,0,0,0,0,0.0,0.5,0.8333333333333334,0.6666666666666666,0.6666666666666666,0,0.0,0.5,0.8333333333333334,0.6666666666666666,0.6666666666666666,0,0.0,0.5,0.8333333333333334,0.6666666666666666,0.6666666666666666,0,0.0,0.5,0.8333333333333334,0.6666666666666666,0.6666666666666666
2331,partial_completed__no_strict_e1_improvement,1,,3,2,4,1,0,1,1,1,2,2,4,0,0,-1,current,1,0,1.0015934109687805,1.0015934109687805,6,0,0,0,0,0,0,0,0.0,0.3333333333333333,0.16666666666666666,0.25,0.25,0,0.0,0.5,0.16666666666666666,0.3333333333333333,0.5,0,0.0,0.5,0.16666666666666666,0.3333333333333333,0.5,0,0.0,0.5,0.16666666666666666,0.3333333333333333,0.5
2332,no_strict_e1_improvement,0,,,,,1,0,1,1,1,1,1,4,0,0,-1,current,0,0,0.6410887092351913,0.6410887092351913,10,9,9,9,9,0,0,1,1.0,1.0,1.0,1.0,1.0,1,1.0,1.0,1.0,1.0,1.0,1,1.0,1.0,1.0,1.0,1.0,1,1.0,1.0,1.0,1.0,1.0
2333,no_strict_e1_improvement,0,,,,,1,0,1,1,1,1,1,4,0,0,-1,current,0,0,0.6048189103603363,0.6048189103603363,8,0,0,0,0,0,0,0,0.0,0.5,1.0,0.75,0.75,0,0.0,0.5,1.0,0.75,0.75,0,0.0,0.5,1.0,0.75,0.75,0,0.0,0.5,1.0,0.75,0.75
2334,no_strict_e1_improvement,0,,,,,1,0,1,1,1,1,1,4,0,0,-1,current,0,0,0.587262158592542,0.587262158592542,11,0,0,0,0,0,0,0,0.0,0.5,1.0,0.75,0.75,0,0.0,0.5,1.0,0.75,0.75,0,0.0,0.5,1.0,0.75,0.75,0,0.0,0.5,1.0,0.75,0.75
2335,no_strict_e1_improvement,0,,,,,1,0,4,4,4,10,10,4,0,0,-1,current,0,0,0.7120771755774816,0.7120771755774816,7,0,0,0,0,0,0,0,0.0,0.5,1.0,0.75,0.75,0,0.0,0.5,1.0,0.75,0.75,0,0.0,0.5,1.0,0.75,0.75,0,0.0,0.5,1.0,0.75,0.75
2336,max_rounds,0,,,,,1,1,5,4,4,11,11,4,0,1,0,s1a3_greedy,1,0,0.8856402809421221,0.6774720226724943,6,0,0,9,9,9,0,0,0.0,0.3333333333333333,0.5,0.4166666666666667,0.5,0,0.0,0.3333333333333333,0.5,0.4166666666666667,0.5,1,1.0,1.0,1.0,1.0,1.0,1,1.0,1.0,1.0,1.0,1.0
2337,small_component,0,,,,,1,0,0,0,0,0,0,4,0,0,-1,current,0,0,0.934975470105807,0.934975470105807,6,5,5,5,5,0,0,0,0.5555555555555556,0.16666666666666666,0.5,0.3333333333333333,0.5833333333333334,0,0.5555555555555556,0.16666666666666666,0.5,0.3333333333333333,0.5833333333333334,0,0.5555555555555556,0.16666666666666666,0.5,0.3333333333333333,0.5833333333333334,0,0.5555555555555556,0.16666666666666666,0.5,0.3333333333333333,0.5833333333333334
2338,max_rounds,0,,,,,1,1,3,2,2,6,6,4,0,0,0,s1a3_greedy,1,0,0.7019842987259229,0.5936594903469086,8,7,7,9,9,2,0,0,0.7777777777777778,0.6666666666666666,0.6666666666666666,0.6666666666666666,0.75,0,0.7777777777777778,0.6666666666666666,0.6666666666666666,0.6666666666666666,0.75,1,1.0,1.0,1.0,1.0,1.0,1,1.0,1.0,1.0,1.0,1.0
2339,small_component,0,,,,,1,0,0,0,0,0,0,4,0,0,-1,current,0,0,1.0121637880802155,1.0121637880802155,2,0,0,0,0,0,0,0,0.0,0.3333333333333333,0.16666666666666666,0.25,0.4166666666666667,0,0.0,0.3333333333333333,0.16666666666666666,0.25,0.4166666666666667,0,0.0,0.3333333333333333,0.16666666666666666,0.25,0.4166666666666667,0,0.0,0.3333333333333333,0.16666666666666666,0.25,0.4166666666666667
2340,max_rounds,0,,,,,1,1,5,4,4,11,11,4,0,1,0,s1a3_greedy,1,0,0.7811990976333618,0.7638814548651377,6,0,0,0,0,0,0,0,0.0,0.5,0.6666666666666666,0.5833333333333334,0.5833333333333334,0,0.0,0.5,0.6666666666666666,0.5833333333333334,0.5833333333333334,0,0.0,1.0,0.5,0.75,0.75,0,0.0,1.0,0.5,0.75,0.75
2341,max_rounds,0,,,,,1,1,2,1,1,2,2,4,0,0,0,s1a3_greedy,1,0,0.7751054217418035,0.7682413260142008,4,1,1,1,1,0,0,0,0.1111111111111111,0.16666666666666666,0.3333333333333333,0.25,0.3333333333333333,0,0.1111111111111111,0.16666666666666666,0.3333333333333333,0.25,0.3333333333333333,0,0.1111111111111111,0.0,0.5,0.25,0.25,0,0.1111111111111111,0.0,0.5,0.25,0.25
2342,small_component,0,,,,,1,0,0,0,0,0,0,4,0,0,-1,current,0,0,1.138283684849739,1.138283684849739,3,1,1,1,1,0,0,0,0.1111111111111111,0.16666666666666666,0.16666666666666666,0.16666666666666666,0.16666666666666666,0,0.1111111111111111,0.16666666666666666,0.16666666666666666,0.16666666666666666,0.16666666666666666,0,0.1111111111111111,0.16666666666666666,0.16666666666666666,0.16666666666666666,0.16666666666666666,0,0.1111111111111111,0.16666666666666666,0.16666666666666666,0.16666666666666666,0.16666666666666666
2343,no_strict_e1_improvement,0,,,,,1,0,1,1,1,1,1,4,0,0,-1,current,0,0,0.6832043677568436,0.6832043677568436,11,0,0,0,0,0,0,0,0.0,1.0,0.5,0.75,0.75,0,0.0,1.0,0.5,0.75,0.75,0,0.0,1.0,0.5,0.75,0.75,0,0.0,1.0,0.5,0.75,0.75
2344,no_strict_e1_improvement,0,,,,,1,0,1,1,1,1,1,4,0,0,-1,current,0,0,0.6220319718122482,0.6220319718122482,8,9,9,9,9,0,0,1,1.0,1.0,1.0,1.0,1.0,1,1.0,1.0,1.0,1.0,1.0,1,1.0,1.0,1.0,1.0,1.0,1,1.0,1.0,1.0,1.0,1.0
2345,no_strict_e1_improvement,0,,,,,1,0,1,1,1,1,1,4,0,0,-1,current,0,0,0.6936247696479162,0.6936247696479162,6,1,1,1,1,0,0,0,0.1111111111111111,0.0,0.3333333333333333,0.16666666666666666,0.3333333333333333,0,0.1111111111111111,0.0,0.3333333333333333,0.16666666666666666,0.3333333333333333,0,0.1111111111111111,0.0,0.3333333333333333,0.16666666666666666,0.3333333333333333,0,0.1111111111111111,0.0,0.3333333333333333,0.16666666666666666,0.3333333333333333
2346,no_strict_e1_improvement,0,,,,,1,0,1,1,1,1,1,4,0,0,-1,current,0,0,0.5852018321553866,0.5852018321553866,8,1,1,1,1,0,0,0,0.1111111111111111,0.3333333333333333,0.6666666666666666,0.5,0.5833333333333334,0,0.1111111111111111,0.3333333333333333,0.6666666666666666,0.5,0.5833333333333334,0,0.1111111111111111,0.3333333333333333,0.6666666666666666,0.5,0.5833333333333334,0,0.1111111111111111,0.3333333333333333,0.6666666666666666,0.5,0.5833333333333334
2347,no_strict_e1_improvement,0,,,,,1,0,2,2,2,6,6,4,0,0,-1,current,0,0,0.5990889345606168,0.5990889345606168,9,9,9,9,9,0,0,1,1.0,1.0,1.0,1.0,1.0,1,1.0,1.0,1.0,1.0,1.0,1,1.0,1.0,1.0,1.0,1.0,1,1.0,1.0,1.0,1.0,1.0
2348,no_strict_e1_improvement,0,,,,,1,0,1,1,1,1,1,4,0,0,-1,current,0,0,0.717368188003699,0.717368188003699,5,0,0,0,0,0,0,0,0.0,0.5,0.6666666666666666,0.5833333333333334,0.75,0,0.0,0.5,0.6666666666666666,0.5833333333333334,0.75,0,0.0,0.5,0.6666666666666666,0.5833333333333334,0.75,0,0.0,0.5,0.6666666666666666,0.5833333333333334,0.75
2349,partial_completed__small_component,1,,3,2,4,1,0,0,0,0,0,0,4,0,0,-1,current,1,0,0.9418498401840528,0.9418498401840528,4,0,0,0,0,0,0,0,0.0,0.16666666666666666,0.3333333333333333,0.25,0.4166666666666667,0,0.0,0.16666666666666666,0.3333333333333333,0.25,0.5833333333333334,0,0.0,0.16666666666666666,0.3333333333333333,0.25,0.5833333333333334,0,0.0,0.16666666666666666,0.3333333333333333,0.25,0.5833333333333334
2350,no_strict_e1_improvement,0,,,,,1,0,1,1,1,1,1,4,0,0,-1,current,0,0,0.6543448356290659,0.6543448356290659,6,9,9,9,9,0,0,1,1.0,1.0,1.0,1.0,1.0,1,1.0,1.0,1.0,1.0,1.0,1,1.0,1.0,1.0,1.0,1.0,1,1.0,1.0,1.0,1.0,1.0
2351,max_rounds,0,,,,,1,1,3,2,2,7,7,4,0,-1,0,s1a3_greedy,1,0,0.6523690298199654,0.5827036872506142,6,0,0,0,0,0,0,0,0.0,0.0,0.5,0.25,0.3333333333333333,0,0.0,0.0,0.5,0.25,0.3333333333333333,0,0.0,0.5,0.3333333333333333,0.4166666666666667,0.5833333333333334,0,0.0,0.5,0.3333333333333333,0.4166666666666667,0.5833333333333334
2352,no_strict_e1_improvement,0,,,,,1,0,1,1,1,1,1,4,0,0,-1,current,0,0,0.568179671963056,0.568179671963056,10,9,9,9,9,0,0,1,1.0,1.0,1.0,1.0,1.0,1,1.0,1.0,1.0,1.0,1.0,1,1.0,1.0,1.0,1.0,1.0,1,1.0,1.0,1.0,1.0,1.0
2353,no_strict_e1_improvement,0,,,,,1,0,2,2,2,7,7,4,0,0,-1,current,0,0,0.6191115453839302,0.6191115453839302,8,9,9,9,9,0,0,1,1.0,1.0,1.0,1.0,1.0,1,1.0,1.0,1.0,1.0,1.0,1,1.0,1.0,1.0,1.0,1.0,1,1.0,1.0,1.0,1.0,1.0
2354,max_rounds,0,,,,,1,1,3,2,2,6,6,4,0,1,1,profiled_beam,1,1,0.7912475069363912,0.7531721840302149,7,5,5,1,1,-4,0,0,0.5555555555555556,0.3333333333333333,0.6666666666666666,0.5,0.5833333333333334,0,0.5555555555555556,0.3333333333333333,0.6666666666666666,0.5,0.5833333333333334,0,0.1111111111111111,0.3333333333333333,0.6666666666666666,0.5,0.5833333333333334,0,0.1111111111111111,0.3333333333333333,0.5,0.4166666666666667,0.4166666666666667
2355,no_strict_e1_improvement,0,,,,,1,0,1,1,1,1,1,4,0,0,-1,current,0,0,0.6127673611044884,0.6127673611044884,10,9,9,9,9,0,0,1,1.0,1.0,1.0,1.0,1.0,1,1.0,1.0,1.0,1.0,1.0,1,1.0,1.0,1.0,1.0,1.0,1,1.0,1.0,1.0,1.0,1.0
2356,no_strict_e1_improvement,0,,,,,1,0,1,1,1,1,1,4,0,0,-1,current,0,0,0.5706805909673373,0.5706805909673373,9,9,9,9,9,0,0,1,1.0,1.0,1.0,1.0,1.0,1,1.0,1.0,1.0,1.0,1.0,1,1.0,1.0,1.0,1.0,1.0,1,1.0,1.0,1.0,1.0,1.0
2357,max_rounds,0,,,,,1,1,5,4,4,13,13,4,1,-1,0,s1a3_greedy,1,0,0.8034665112694105,0.6879449014862379,3,0,0,9,9,9,0,0,0.0,0.5,0.3333333333333333,0.4166666666666667,0.5,0,0.0,0.5,0.3333333333333333,0.4166666666666667,0.5,1,1.0,1.0,1.0,1.0,1.0,1,1.0,1.0,1.0,1.0,1.0
2358,no_strict_e1_improvement,0,,,,,1,0,1,1,1,1,1,4,0,0,-1,current,0,0,0.7169239868720373,0.7169239868720373,10,0,0,0,0,0,0,0,0.0,0.5,1.0,0.75,0.75,0,0.0,0.5,1.0,0.75,0.75,0,0.0,0.5,1.0,0.75,0.75,0,0.0,0.5,1.0,0.75,0.75
2359,max_rounds,0,,,,,1,1,3,2,2,7,7,4,0,0,1,profiled_beam,1,1,0.6584908291697502,0.6029395262400309,6,6,6,6,9,3,3,0,0.6666666666666666,0.5,0.8333333333333334,0.6666666666666666,0.6666666666666666,0,0.6666666666666666,0.5,0.8333333333333334,0.6666666666666666,0.6666666666666666,0,0.6666666666666666,0.5,0.8333333333333334,0.6666666666666666,0.6666666666666666,1,1.0,1.0,1.0,1.0,1.0
2360,no_strict_e1_improvement,0,,,,,1,0,1,1,1,1,1,4,0,0,-1,current,0,0,0.5591137334704399,0.5591137334704399,8,9,9,9,9,0,0,1,1.0,1.0,1.0,1.0,1.0,1,1.0,1.0,1.0,1.0,1.0,1,1.0,1.0,1.0,1.0,1.0,1,1.0,1.0,1.0,1.0,1.0
2361,no_strict_e1_improvement,0,,,,,1,0,1,1,1,1,1,4,0,0,-1,current,0,0,0.5972973157962164,0.5972973157962164,5,5,5,5,5,0,0,0,0.5555555555555556,0.3333333333333333,0.6666666666666666,0.5,0.8333333333333334,0,0.5555555555555556,0.3333333333333333,0.6666666666666666,0.5,0.8333333333333334,0,0.5555555555555556,0.3333333333333333,0.6666666666666666,0.5,0.8333333333333334,0,0.5555555555555556,0.3333333333333333,0.6666666666666666,0.5,0.8333333333333334
2362,no_strict_e1_improvement,0,,,,,1,0,1,1,1,1,1,4,0,0,-1,current,0,0,0.6063141177097956,0.6063141177097956,8,0,0,0,0,0,0,0,0.0,0.5,1.0,0.75,0.75,0,0.0,0.5,1.0,0.75,0.75,0,0.0,0.5,1.0,0.75,0.75,0,0.0,0.5,1.0,0.75,0.75
2363,max_rounds,0,,,,,1,1,2,2,2,7,7,4,1,0,0,s1a3_greedy,1,0,0.7300781384110451,0.6108657370011011,7,0,0,9,9,9,0,0,0.0,1.0,0.5,0.75,0.75,0,0.0,1.0,0.5,0.75,0.75,1,1.0,1.0,1.0,1.0,1.0,1,1.0,1.0,1.0,1.0,1.0
2364,no_strict_e1_improvement,0,,,,,1,0,1,1,1,1,1,4,0,0,-1,current,0,0,0.5864946618676186,0.5864946618676186,9,9,9,9,9,0,0,1,1.0,1.0,1.0,1.0,1.0,1,1.0,1.0,1.0,1.0,1.0,1,1.0,1.0,1.0,1.0,1.0,1,1.0,1.0,1.0,1.0,1.0
2365,no_strict_e1_improvement,0,,,,,1,0,4,4,4,13,13,4,0,0,-1,current,0,0,0.7055934146046638,0.7055934146046638,9,6,6,6,6,0,0,0,0.6666666666666666,0.5,0.8333333333333334,0.6666666666666666,0.6666666666666666,0,0.6666666666666666,0.5,0.8333333333333334,0.6666666666666666,0.6666666666666666,0,0.6666666666666666,0.5,0.8333333333333334,0.6666666666666666,0.6666666666666666,0,0.6666666666666666,0.5,0.8333333333333334,0.6666666666666666,0.6666666666666666
2366,no_strict_e1_improvement,0,,,,,1,0,1,1,1,1,1,4,0,0,-1,current,0,0,0.6826028401652972,0.6826028401652972,8,0,0,0,0,0,0,0,0.0,0.5,1.0,0.75,0.75,0,0.0,0.5,1.0,0.75,0.75,0,0.0,0.5,1.0,0.75,0.75,0,0.0,0.5,1.0,0.75,0.75
2367,no_strict_e1_improvement,0,,,,,1,0,1,1,1,1,1,4,0,0,-1,current,0,0,0.7401757190624872,0.7401757190624872,9,9,9,9,9,0,0,1,1.0,1.0,1.0,1.0,1.0,1,1.0,1.0,1.0,1.0,1.0,1,1.0,1.0,1.0,1.0,1.0,1,1.0,1.0,1.0,1.0,1.0
2368,small_component,0,,,,,1,0,0,0,0,0,0,4,0,0,-1,current,0,0,0.9031541819373766,0.9031541819373766,6,4,4,4,4,0,0,0,0.4444444444444444,0.3333333333333333,0.3333333333333333,0.3333333333333333,0.5833333333333334,0,0.4444444444444444,0.3333333333333333,0.3333333333333333,0.3333333333333333,0.5833333333333334,0,0.4444444444444444,0.3333333333333333,0.3333333333333333,0.3333333333333333,0.5833333333333334,0,0.4444444444444444,0.3333333333333333,0.3333333333333333,0.3333333333333333,0.5833333333333334
2369,partial_completed__small_component,1,,3,2,4,1,0,0,0,0,0,0,4,0,0,-1,current,1,0,0.7585037996371587,0.7585037996371587,4,1,3,3,3,2,0,0,0.1111111111111111,0.0,0.0,0.0,0.25,0,0.3333333333333333,0.16666666666666666,0.0,0.08333333333333333,0.4166666666666667,0,0.3333333333333333,0.16666666666666666,0.0,0.08333333333333333,0.4166666666666667,0,0.3333333333333333,0.16666666666666666,0.0,0.08333333333333333,0.4166666666666667
2370,max_rounds,0,,,,,1,1,2,2,2,7,7,4,-1,0,1,profiled_beam,1,1,0.6468438605467478,0.5908780147631963,6,0,0,1,0,0,-1,0,0.0,0.6666666666666666,0.5,0.5833333333333334,0.5833333333333334,0,0.0,0.6666666666666666,0.5,0.5833333333333334,0.5833333333333334,0,0.1111111111111111,0.3333333333333333,0.6666666666666666,0.5,0.5833333333333334,0,0.0,0.5,1.0,0.75,0.75
2371,max_rounds,0,,,,,1,1,3,2,2,6,6,4,0,0,0,s1a3_greedy,1,0,0.7393542851010958,0.6156678721308708,7,7,7,9,9,2,0,0,0.7777777777777778,0.6666666666666666,0.6666666666666666,0.6666666666666666,0.75,0,0.7777777777777778,0.6666666666666666,0.6666666666666666,0.6666666666666666,0.75,1,1.0,1.0,1.0,1.0,1.0,1,1.0,1.0,1.0,1.0,1.0
2372,max_rounds,0,,,,,1,1,5,4,4,12,12,4,0,0,1,profiled_beam,1,1,0.8363445202509562,0.8096036314964294,9,6,6,0,9,3,9,0,0.6666666666666666,0.5,0.8333333333333334,0.6666666666666666,0.6666666666666666,0,0.6666666666666666,0.5,0.8333333333333334,0.6666666666666666,0.6666666666666666,0,0.0,0.5,1.0,0.75,0.75,1,1.0,1.0,1.0,1.0,1.0
2373,no_strict_e1_improvement,0,,,,,1,0,2,2,2,7,7,4,0,0,-1,current,0,0,0.6714882304271063,0.6714882304271063,9,9,9,9,9,0,0,1,1.0,1.0,1.0,1.0,1.0,1,1.0,1.0,1.0,1.0,1.0,1,1.0,1.0,1.0,1.0,1.0,1,1.0,1.0,1.0,1.0,1.0
2374,partial_completed__small_component,1,,3,2,3,1,0,0,0,0,0,0,4,0,0,-1,current,1,0,0.9792434424161911,0.9792434424161911,6,4,2,2,2,-2,0,0,0.4444444444444444,0.16666666666666666,0.5,0.3333333333333333,0.3333333333333333,0,0.2222222222222222,0.16666666666666666,0.6666666666666666,0.4166666666666667,0.4166666666666667,0,0.2222222222222222,0.16666666666666666,0.6666666666666666,0.4166666666666667,0.4166666666666667,0,0.2222222222222222,0.16666666666666666,0.6666666666666666,0.4166666666666667,0.4166666666666667
2375,no_strict_e1_improvement,0,,,,,1,0,1,1,1,2,2,4,0,0,-1,current,0,0,0.6975890124837557,0.6975890124837557,3,1,1,1,1,0,0,0,0.1111111111111111,0.16666666666666666,0.16666666666666666,0.16666666666666666,0.3333333333333333,0,0.1111111111111111,0.16666666666666666,0.16666666666666666,0.16666666666666666,0.3333333333333333,0,0.1111111111111111,0.16666666666666666,0.16666666666666666,0.16666666666666666,0.3333333333333333,0,0.1111111111111111,0.16666666666666666,0.16666666666666666,0.16666666666666666,0.3333333333333333
2376,small_component,0,,,,,1,0,0,0,0,0,0,4,0,0,-1,current,0,0,0.822976365685463,0.822976365685463,7,0,0,0,0,0,0,0,0.0,0.0,0.5,0.25,0.5833333333333334,0,0.0,0.0,0.5,0.25,0.5833333333333334,0,0.0,0.0,0.5,0.25,0.5833333333333334,0,0.0,0.0,0.5,0.25,0.5833333333333334
2377,max_rounds,0,,,,,1,1,3,2,2,7,7,4,0,0,1,profiled_beam,1,1,0.7712487330039343,0.7550086975097656,6,7,7,7,9,2,2,0,0.7777777777777778,0.6666666666666666,0.6666666666666666,0.6666666666666666,0.75,0,0.7777777777777778,0.6666666666666666,0.6666666666666666,0.6666666666666666,0.75,0,0.7777777777777778,0.6666666666666666,0.6666666666666666,0.6666666666666666,0.75,1,1.0,1.0,1.0,1.0,1.0
2378,max_rounds,0,,,,,1,1,3,2,2,6,6,4,-1,0,0,s1a3_greedy,1,0,0.49931473036607105,0.3954030101497968,12,0,0,0,0,0,0,0,0.0,0.5,0.5,0.5,0.5,0,0.0,0.5,0.5,0.5,0.5,0,0.0,0.5,1.0,0.75,0.75,0,0.0,0.5,1.0,0.75,0.75
2379,no_strict_e1_improvement,0,,,,,1,0,2,2,2,6,6,4,0,0,-1,current,0,0,0.7401791041096052,0.7401791041096052,7,6,6,6,6,0,0,0,0.6666666666666666,0.5,0.5,0.5,0.6666666666666666,0,0.6666666666666666,0.5,0.5,0.5,0.6666666666666666,0,0.6666666666666666,0.5,0.5,0.5,0.6666666666666666,0,0.6666666666666666,0.5,0.5,0.5,0.6666666666666666
2380,partial_completed__no_strict_e1_improvement,1,,3,2,4,1,0,2,2,2,7,7,4,0,0,-1,current,1,0,0.6898815979560217,0.6898815979560217,6,0,0,0,0,0,0,0,0.0,0.16666666666666666,0.3333333333333333,0.25,0.25,0,0.0,0.16666666666666666,0.5,0.3333333333333333,0.5,0,0.0,0.16666666666666666,0.5,0.3333333333333333,0.5,0,0.0,0.16666666666666666,0.5,0.3333333333333333,0.5
2381,no_strict_e1_improvement,0,,,,,1,0,1,1,1,1,1,4,0,0,-1,current,0,0,0.6485452279448509,0.6485452279448509,8,9,9,9,9,0,0,1,1.0,1.0,1.0,1.0,1.0,1,1.0,1.0,1.0,1.0,1.0,1,1.0,1.0,1.0,1.0,1.0,1,1.0,1.0,1.0,1.0,1.0
2382,no_strict_e1_improvement,0,,,,,1,0,1,1,1,1,1,4,0,0,-1,current,0,0,0.56550149867932,0.56550149867932,9,9,9,9,9,0,0,1,1.0,1.0,1.0,1.0,1.0,1,1.0,1.0,1.0,1.0,1.0,1,1.0,1.0,1.0,1.0,1.0,1,1.0,1.0,1.0,1.0,1.0
2383,no_strict_e1_improvement,0,,,,,1,0,1,1,1,1,1,4,0,0,-1,current,0,0,0.5221798693140348,0.5221798693140348,7,0,0,0,0,0,0,0,0.0,0.0,0.5,0.25,0.5833333333333334,0,0.0,0.0,0.5,0.25,0.5833333333333334,0,0.0,0.0,0.5,0.25,0.5833333333333334,0,0.0,0.0,0.5,0.25,0.5833333333333334
2384,no_strict_e1_improvement,0,,,,,1,0,4,4,4,14,14,4,0,0,-1,current,0,0,0.7743353322148323,0.7743353322148323,8,6,6,6,6,0,0,0,0.6666666666666666,0.5,0.8333333333333334,0.6666666666666666,0.6666666666666666,0,0.6666666666666666,0.5,0.8333333333333334,0.6666666666666666,0.6666666666666666,0,0.6666666666666666,0.5,0.8333333333333334,0.6666666666666666,0.6666666666666666,0,0.6666666666666666,0.5,0.8333333333333334,0.6666666666666666,0.6666666666666666
2385,max_rounds,0,,,,,1,1,5,4,4,8,8,4,0,0,0,s1a3_greedy,1,0,0.5789107841749986,0.5225549427171549,6,7,7,5,5,-2,0,0,0.7777777777777778,0.6666666666666666,0.3333333333333333,0.5,0.6666666666666666,0,0.7777777777777778,0.6666666666666666,0.3333333333333333,0.5,0.6666666666666666,0,0.5555555555555556,0.3333333333333333,0.6666666666666666,0.5,0.8333333333333334,0,0.5555555555555556,0.3333333333333333,0.6666666666666666,0.5,0.8333333333333334
2386,max_rounds,0,,,,,1,1,3,2,2,6,6,4,0,1,1,profiled_beam,1,1,0.725458949804306,0.5769144495328268,6,0,0,7,9,9,2,0,0.0,0.5,0.6666666666666666,0.5833333333333334,0.6666666666666666,0,0.0,0.5,0.6666666666666666,0.5833333333333334,0.6666666666666666,0,0.7777777777777778,0.6666666666666666,0.6666666666666666,0.6666666666666666,0.75,1,1.0,1.0,1.0,1.0,1.0
2387,no_strict_e1_improvement,0,,,,,1,0,1,1,1,1,1,4,0,0,-1,current,0,0,0.4578823571403821,0.4578823571403821,12,9,9,9,9,0,0,1,1.0,1.0,1.0,1.0,1.0,1,1.0,1.0,1.0,1.0,1.0,1,1.0,1.0,1.0,1.0,1.0,1,1.0,1.0,1.0,1.0,1.0
2388,max_rounds,0,,,,,1,1,2,2,2,6,6,4,1,0,0,s1a3_greedy,1,0,0.7316152056058248,0.6999868899583817,8,0,0,9,9,9,0,0,0.0,0.8333333333333334,0.5,0.6666666666666666,0.6666666666666666,0,0.0,0.8333333333333334,0.5,0.6666666666666666,0.6666666666666666,1,1.0,1.0,1.0,1.0,1.0,1,1.0,1.0,1.0,1.0,1.0
2389,no_strict_e1_improvement,0,,,,,1,0,1,1,1,1,1,4,0,0,-1,current,0,0,0.7502945984403292,0.7502945984403292,10,9,9,9,9,0,0,1,1.0,1.0,1.0,1.0,1.0,1,1.0,1.0,1.0,1.0,1.0,1,1.0,1.0,1.0,1.0,1.0,1,1.0,1.0,1.0,1.0,1.0
2390,no_strict_e1_improvement,0,,,,,1,0,2,2,2,6,6,4,0,0,-1,current,0,0,0.5657189389069875,0.5657189389069875,7,0,0,0,0,0,0,0,0.0,1.0,0.5,0.75,0.75,0,0.0,1.0,0.5,0.75,0.75,0,0.0,1.0,0.5,0.75,0.75,0,0.0,1.0,0.5,0.75,0.75
2391,max_rounds,0,,,,,1,1,5,4,4,14,14,4,0,1,0,s1a3_greedy,1,0,0.6877899592121443,0.6485757976770401,6,0,0,0,0,0,0,0,0.0,0.5,0.0,0.25,0.4166666666666667,0,0.0,0.5,0.0,0.25,0.4166666666666667,0,0.0,0.3333333333333333,0.5,0.4166666666666667,0.5,0,0.0,0.3333333333333333,0.5,0.4166666666666667,0.5
2392,no_strict_e1_improvement,0,,,,,1,0,1,1,1,1,1,4,0,0,-1,current,0,0,0.7200354139010111,0.7200354139010111,9,0,0,0,0,0,0,0,0.0,0.5,1.0,0.75,0.75,0,0.0,0.5,1.0,0.75,0.75,0,0.0,0.5,1.0,0.75,0.75,0,0.0,0.5,1.0,0.75,0.75
2393,no_strict_e1_improvement,0,,,,,1,0,1,1,1,1,1,4,0,0,-1,current,0,0,0.5644448672731718,0.5644448672731718,8,9,9,9,9,0,0,1,1.0,1.0,1.0,1.0,1.0,1,1.0,1.0,1.0,1.0,1.0,1,1.0,1.0,1.0,1.0,1.0,1,1.0,1.0,1.0,1.0,1.0
2394,no_strict_e1_improvement,0,,,,,1,0,1,1,1,1,1,4,0,0,-1,current,0,0,0.6522338589032491,0.6522338589032491,8,0,0,0,0,0,0,0,0.0,0.8333333333333334,0.5,0.6666666666666666,0.6666666666666666,0,0.0,0.8333333333333334,0.5,0.6666666666666666,0.6666666666666666,0,0.0,0.8333333333333334,0.5,0.6666666666666666,0.6666666666666666,0,0.0,0.8333333333333334,0.5,0.6666666666666666,0.6666666666666666
2395,no_strict_e1_improvement,0,,,,,1,0,1,1,1,1,1,4,0,0,-1,current,0,0,0.46949292719364166,0.46949292719364166,9,9,9,9,9,0,0,1,1.0,1.0,1.0,1.0,1.0,1,1.0,1.0,1.0,1.0,1.0,1,1.0,1.0,1.0,1.0,1.0,1,1.0,1.0,1.0,1.0,1.0
2396,no_strict_e1_improvement,0,,,,,1,0,1,1,1,1,1,4,0,0,-1,current,0,0,0.48337624594569206,0.48337624594569206,12,9,9,9,9,0,0,1,1.0,1.0,1.0,1.0,1.0,1,1.0,1.0,1.0,1.0,1.0,1,1.0,1.0,1.0,1.0,1.0,1,1.0,1.0,1.0,1.0,1.0
2397,no_strict_e1_improvement,0,,,,,1,0,1,1,1,1,1,4,0,0,-1,current,0,0,0.6213624676068624,0.6213624676068624,12,9,9,9,9,0,0,1,1.0,1.0,1.0,1.0,1.0,1,1.0,1.0,1.0,1.0,1.0,1,1.0,1.0,1.0,1.0,1.0,1,1.0,1.0,1.0,1.0,1.0
2398,no_strict_e1_improvement,0,,,,,1,0,1,1,1,1,1,4,0,0,-1,current,0,0,0.6440900961558024,0.6440900961558024,11,9,9,9,9,0,0,1,1.0,1.0,1.0,1.0,1.0,1,1.0,1.0,1.0,1.0,1.0,1,1.0,1.0,1.0,1.0,1.0,1,1.0,1.0,1.0,1.0,1.0
2399,no_strict_e1_improvement,0,,,,,1,0,1,1,1,1,1,4,0,0,-1,current,0,0,0.48708933343489963,0.48708933343489963,7,0,0,0,0,0,0,0,0.0,0.5,1.0,0.75,0.75,0,0.0,0.5,1.0,0.75,0.75,0,0.0,0.5,1.0,0.75,0.75,0,0.0,0.5,1.0,0.75,0.75
2400,no_strict_e1_improvement,0,,,,,1,0,1,1,1,1,1,4,0,0,-1,current,0,0,0.5394714996218681,0.5394714996218681,12,0,0,0,0,0,0,0,0.0,0.5,1.0,0.75,0.75,0,0.0,0.5,1.0,0.75,0.75,0,0.0,0.5,1.0,0.75,0.75,0,0.0,0.5,1.0,0.75,0.75
2401,no_strict_e1_improvement,0,,,,,1,0,1,1,1,1,1,4,0,0,-1,current,0,0,0.7492176095644633,0.7492176095644633,10,9,9,9,9,0,0,1,1.0,1.0,1.0,1.0,1.0,1,1.0,1.0,1.0,1.0,1.0,1,1.0,1.0,1.0,1.0,1.0,1,1.0,1.0,1.0,1.0,1.0
2402,small_component,0,,,,,1,0,0,0,0,0,0,4,0,0,-1,current,0,0,0.8878141169746717,0.8878141169746717,5,2,2,2,2,0,0,0,0.2222222222222222,0.16666666666666666,0.6666666666666666,0.4166666666666667,0.5833333333333334,0,0.2222222222222222,0.16666666666666666,0.6666666666666666,0.4166666666666667,0.5833333333333334,0,0.2222222222222222,0.16666666666666666,0.6666666666666666,0.4166666666666667,0.5833333333333334,0,0.2222222222222222,0.16666666666666666,0.6666666666666666,0.4166666666666667,0.5833333333333334
2403,max_rounds,0,,,,,1,1,5,4,4,14,14,4,0,-1,1,profiled_beam,1,1,0.7690482114752134,0.6057057542105516,4,0,0,2,4,4,2,0,0.0,0.16666666666666666,0.3333333333333333,0.25,0.3333333333333333,0,0.0,0.16666666666666666,0.3333333333333333,0.25,0.3333333333333333,0,0.2222222222222222,0.3333333333333333,0.16666666666666666,0.25,0.5,0,0.4444444444444444,0.16666666666666666,0.5,0.3333333333333333,0.4166666666666667
2404,no_strict_e1_improvement,0,,,,,1,0,2,2,2,6,6,4,0,0,-1,current,0,0,0.7388190925121307,0.7388190925121307,7,9,9,9,9,0,0,1,1.0,1.0,1.0,1.0,1.0,1,1.0,1.0,1.0,1.0,1.0,1,1.0,1.0,1.0,1.0,1.0,1,1.0,1.0,1.0,1.0,1.0
2405,no_strict_e1_improvement,0,,,,,1,0,4,4,4,14,14,4,0,0,-1,current,0,0,0.5924420207738876,0.5924420207738876,7,0,0,0,0,0,0,0,0.0,0.3333333333333333,0.16666666666666666,0.25,0.3333333333333333,0,0.0,0.3333333333333333,0.16666666666666666,0.25,0.3333333333333333,0,0.0,0.3333333333333333,0.16666666666666666,0.25,0.3333333333333333,0,0.0,0.3333333333333333,0.16666666666666666,0.25,0.3333333333333333
2406,max_rounds,0,,,,,1,1,3,2,2,8,8,4,0,0,0,s1a3_greedy,1,0,0.7064909016092619,0.6524594177802404,7,4,4,2,2,-2,0,0,0.4444444444444444,0.5,0.16666666666666666,0.3333333333333333,0.5,0,0.4444444444444444,0.5,0.16666666666666666,0.3333333333333333,0.5,0,0.2222222222222222,0.16666666666666666,0.3333333333333333,0.25,0.5,0,0.2222222222222222,0.16666666666666666,0.3333333333333333,0.25,0.5
2407,no_strict_e1_improvement,0,,,,,1,0,1,1,1,1,1,4,0,0,-1,current,0,0,0.7346947838862737,0.7346947838862737,6,0,0,0,0,0,0,0,0.0,0.5,0.6666666666666666,0.5833333333333334,0.6666666666666666,0,0.0,0.5,0.6666666666666666,0.5833333333333334,0.6666666666666666,0,0.0,0.5,0.6666666666666666,0.5833333333333334,0.6666666666666666,0,0.0,0.5,0.6666666666666666,0.5833333333333334,0.6666666666666666
2408,no_strict_e1_improvement,0,,,,,1,0,1,1,1,1,1,4,0,0,-1,current,0,0,0.7170165355006853,0.7170165355006853,9,0,0,0,0,0,0,0,0.0,0.5,0.8333333333333334,0.6666666666666666,0.6666666666666666,0,0.0,0.5,0.8333333333333334,0.6666666666666666,0.6666666666666666,0,0.0,0.5,0.8333333333333334,0.6666666666666666,0.6666666666666666,0,0.0,0.5,0.8333333333333334,0.6666666666666666,0.6666666666666666
2409,no_strict_e1_improvement,0,,,,,1,0,4,4,4,13,13,4,0,0,-1,current,0,0,0.6800435384114584,0.6800435384114584,7,9,9,9,9,0,0,1,1.0,1.0,1.0,1.0,1.0,1,1.0,1.0,1.0,1.0,1.0,1,1.0,1.0,1.0,1.0,1.0,1,1.0,1.0,1.0,1.0,1.0
2410,no_strict_e1_improvement,0,,,,,1,0,1,1,1,1,1,4,0,0,-1,current,0,0,0.6839883873860041,0.6839883873860041,8,0,0,0,0,0,0,0,0.0,0.5,1.0,0.75,0.75,0,0.0,0.5,1.0,0.75,0.75,0,0.0,0.5,1.0,0.75,0.75,0,0.0,0.5,1.0,0.75,0.75
2411,no_strict_e1_improvement,0,,,,,1,0,1,1,1,1,1,4,0,0,-1,current,0,0,0.694694680472215,0.694694680472215,9,6,6,6,6,0,0,0,0.6666666666666666,0.8333333333333334,0.5,0.6666666666666666,0.6666666666666666,0,0.6666666666666666,0.8333333333333334,0.5,0.6666666666666666,0.6666666666666666,0,0.6666666666666666,0.8333333333333334,0.5,0.6666666666666666,0.6666666666666666,0,0.6666666666666666,0.8333333333333334,0.5,0.6666666666666666,0.6666666666666666
2412,no_strict_e1_improvement,0,,,,,1,0,1,1,1,1,1,4,0,0,-1,current,0,0,0.7209468831618627,0.7209468831618627,7,2,2,2,2,0,0,0,0.2222222222222222,0.3333333333333333,0.16666666666666666,0.25,0.5,0,0.2222222222222222,0.3333333333333333,0.16666666666666666,0.25,0.5,0,0.2222222222222222,0.3333333333333333,0.16666666666666666,0.25,0.5,0,0.2222222222222222,0.3333333333333333,0.16666666666666666,0.25,0.5
2413,no_strict_e1_improvement,0,,,,,1,0,1,1,1,1,1,4,0,0,-1,current,0,0,0.5246643448869387,0.5246643448869387,10,0,0,0,0,0,0,0,0.0,0.5,1.0,0.75,0.75,0,0.0,0.5,1.0,0.75,0.75,0,0.0,0.5,1.0,0.75,0.75,0,0.0,0.5,1.0,0.75,0.75
2414,no_strict_e1_improvement,0,,,,,1,0,1,1,1,1,1,4,0,0,-1,current,0,0,0.6850890591740608,0.6850890591740608,8,9,9,9,9,0,0,1,1.0,1.0,1.0,1.0,1.0,1,1.0,1.0,1.0,1.0,1.0,1,1.0,1.0,1.0,1.0,1.0,1,1.0,1.0,1.0,1.0,1.0
2415,small_component,0,,,,,1,0,0,0,0,0,0,4,0,0,-1,current,0,0,0.695739395916462,0.695739395916462,4,0,0,0,0,0,0,0,0.0,0.16666666666666666,0.16666666666666666,0.16666666666666666,0.4166666666666667,0,0.0,0.16666666666666666,0.16666666666666666,0.16666666666666666,0.4166666666666667,0,0.0,0.16666666666666666,0.16666666666666666,0.16666666666666666,0.4166666666666667,0,0.0,0.16666666666666666,0.16666666666666666,0.16666666666666666,0.4166666666666667
2416,no_strict_e1_improvement,0,,,,,1,0,1,1,1,1,1,4,0,0,-1,current,0,0,0.4944733927647273,0.4944733927647273,10,9,9,9,9,0,0,1,1.0,1.0,1.0,1.0,1.0,1,1.0,1.0,1.0,1.0,1.0,1,1.0,1.0,1.0,1.0,1.0,1,1.0,1.0,1.0,1.0,1.0
2417,no_strict_e1_improvement,0,,,,,1,0,2,2,2,6,6,4,0,0,-1,current,0,0,0.6373639330267906,0.6373639330267906,8,3,3,3,3,0,0,0,0.3333333333333333,0.0,1.0,0.5,0.75,0,0.3333333333333333,0.0,1.0,0.5,0.75,0,0.3333333333333333,0.0,1.0,0.5,0.75,0,0.3333333333333333,0.0,1.0,0.5,0.75
2418,max_rounds,0,,,,,1,1,5,4,4,16,16,4,-1,-1,1,profiled_beam,1,1,0.9274621854225794,0.8962538888057073,6,2,2,1,0,-2,-1,0,0.2222222222222222,0.3333333333333333,0.0,0.16666666666666666,0.4166666666666667,0,0.2222222222222222,0.3333333333333333,0.0,0.16666666666666666,0.4166666666666667,0,0.1111111111111111,0.3333333333333333,0.0,0.16666666666666666,0.25,0,0.0,0.5,0.0,0.25,0.25
2419,max_rounds,0,,,,,1,1,5,4,4,10,10,4,1,0,0,s1a3_greedy,1,0,0.7263165861368179,0.6268678233027458,7,0,0,0,0,0,0,0,0.0,0.16666666666666666,0.5,0.3333333333333333,0.3333333333333333,0,0.0,0.16666666666666666,0.5,0.3333333333333333,0.3333333333333333,0,0.0,0.5,0.6666666666666666,0.5833333333333334,0.5833333333333334,0,0.0,0.5,0.6666666666666666,0.5833333333333334,0.5833333333333334
2420,max_rounds,0,,,,,1,1,5,4,4,13,13,4,-1,-1,0,s1a3_greedy,1,0,0.8456163009007772,0.633595143755277,8,1,1,0,0,-1,0,0,0.1111111111111111,0.16666666666666666,0.3333333333333333,0.25,0.3333333333333333,0,0.1111111111111111,0.16666666666666666,0.3333333333333333,0.25,0.3333333333333333,0,0.0,0.5,0.6666666666666666,0.5833333333333334,0.6666666666666666,0,0.0,0.5,0.6666666666666666,0.5833333333333334,0.6666666666666666
2421,no_strict_e1_improvement,0,,,,,1,0,1,1,1,1,1,4,0,0,-1,current,0,0,0.6943355078498522,0.6943355078498522,7,9,9,9,9,0,0,1,1.0,1.0,1.0,1.0,1.0,1,1.0,1.0,1.0,1.0,1.0,1,1.0,1.0,1.0,1.0,1.0,1,1.0,1.0,1.0,1.0,1.0
2422,no_strict_e1_improvement,0,,,,,1,0,1,1,1,1,1,4,0,0,-1,current,0,0,0.595867487291495,0.595867487291495,9,9,9,9,9,0,0,1,1.0,1.0,1.0,1.0,1.0,1,1.0,1.0,1.0,1.0,1.0,1,1.0,1.0,1.0,1.0,1.0,1,1.0,1.0,1.0,1.0,1.0
2423,small_component,0,,,,,1,0,0,0,0,0,0,4,0,0,-1,current,0,0,0.563033955792586,0.563033955792586,7,9,9,9,9,0,0,1,1.0,1.0,1.0,1.0,1.0,1,1.0,1.0,1.0,1.0,1.0,1,1.0,1.0,1.0,1.0,1.0,1,1.0,1.0,1.0,1.0,1.0
2424,no_strict_e1_improvement,0,,,,,1,0,1,1,1,1,1,4,0,0,-1,current,0,0,0.6548535500963529,0.6548535500963529,8,0,0,0,0,0,0,0,0.0,1.0,0.5,0.75,0.75,0,0.0,1.0,0.5,0.75,0.75,0,0.0,1.0,0.5,0.75,0.75,0,0.0,1.0,0.5,0.75,0.75
2425,small_component,0,,,,,1,0,0,0,0,0,0,4,0,0,-1,current,0,0,0.8056735619902611,0.8056735619902611,4,0,0,0,0,0,0,0,0.0,0.16666666666666666,0.3333333333333333,0.25,0.25,0,0.0,0.16666666666666666,0.3333333333333333,0.25,0.25,0,0.0,0.16666666666666666,0.3333333333333333,0.25,0.25,0,0.0,0.16666666666666666,0.3333333333333333,0.25,0.25
2426,no_strict_e1_improvement,0,,,,,1,0,1,1,1,1,1,4,0,0,-1,current,0,0,0.6461608534057935,0.6461608534057935,9,1,1,1,1,0,0,0,0.1111111111111111,0.3333333333333333,0.6666666666666666,0.5,0.5833333333333334,0,0.1111111111111111,0.3333333333333333,0.6666666666666666,0.5,0.5833333333333334,0,0.1111111111111111,0.3333333333333333,0.6666666666666666,0.5,0.5833333333333334,0,0.1111111111111111,0.3333333333333333,0.6666666666666666,0.5,0.5833333333333334
2427,no_strict_e1_improvement,0,,,,,1,0,1,1,1,1,1,4,0,0,-1,current,0,0,0.7224650209148725,0.7224650209148725,7,0,0,0,0,0,0,0,0.0,0.5,1.0,0.75,0.75,0,0.0,0.5,1.0,0.75,0.75,0,0.0,0.5,1.0,0.75,0.75,0,0.0,0.5,1.0,0.75,0.75
2428,no_strict_e1_improvement,0,,,,,1,0,1,1,1,1,1,4,0,0,-1,current,0,0,0.6353713348507881,0.6353713348507881,9,0,0,0,0,0,0,0,0.0,0.8333333333333334,0.5,0.6666666666666666,0.6666666666666666,0,0.0,0.8333333333333334,0.5,0.6666666666666666,0.6666666666666666,0,0.0,0.8333333333333334,0.5,0.6666666666666666,0.6666666666666666,0,0.0,0.8333333333333334,0.5,0.6666666666666666,0.6666666666666666
2429,no_strict_e1_improvement,0,,,,,1,0,1,1,1,1,1,4,0,0,-1,current,0,0,0.5953377981980642,0.5953377981980642,8,1,1,1,1,0,0,0,0.1111111111111111,0.3333333333333333,0.6666666666666666,0.5,0.5833333333333334,0,0.1111111111111111,0.3333333333333333,0.6666666666666666,0.5,0.5833333333333334,0,0.1111111111111111,0.3333333333333333,0.6666666666666666,0.5,0.5833333333333334,0,0.1111111111111111,0.3333333333333333,0.6666666666666666,0.5,0.5833333333333334
2430,max_rounds,0,,,,,1,1,3,2,2,5,5,4,0,1,0,s1a3_greedy,1,0,0.8288527478774389,0.6393577456474304,7,6,6,0,0,-6,0,0,0.6666666666666666,0.5,0.8333333333333334,0.6666666666666666,0.6666666666666666,0,0.6666666666666666,0.5,0.8333333333333334,0.6666666666666666,0.6666666666666666,0,0.0,0.5,1.0,0.75,0.75,0,0.0,0.5,1.0,0.75,0.75
2431,no_strict_e1_improvement,0,,,,,1,0,2,2,2,6,6,4,0,0,-1,current,0,0,0.6019385208686193,0.6019385208686193,8,7,7,7,7,0,0,0,0.7777777777777778,0.5,0.6666666666666666,0.5833333333333334,0.5833333333333334,0,0.7777777777777778,0.5,0.6666666666666666,0.5833333333333334,0.5833333333333334,0,0.7777777777777778,0.5,0.6666666666666666,0.5833333333333334,0.5833333333333334,0,0.7777777777777778,0.5,0.6666666666666666,0.5833333333333334,0.5833333333333334
2432,small_component,0,,,,,1,0,0,0,0,0,0,4,0,0,-1,current,0,0,0.7141392827033997,0.7141392827033997,5,0,0,0,0,0,0,0,0.0,0.5,0.16666666666666666,0.3333333333333333,0.5,0,0.0,0.5,0.16666666666666666,0.3333333333333333,0.5,0,0.0,0.5,0.16666666666666666,0.3333333333333333,0.5,0,0.0,0.5,0.16666666666666666,0.3333333333333333,0.5
2433,max_rounds,0,,,,,1,1,4,4,4,14,14,4,0,1,1,profiled_beam,1,1,0.7267695665359497,0.7154886772235235,7,9,9,9,0,-9,-9,1,1.0,1.0,1.0,1.0,1.0,1,1.0,1.0,1.0,1.0,1.0,1,1.0,1.0,1.0,1.0,1.0,0,0.0,0.5,1.0,0.75,0.75
2434,max_rounds,0,,,,,1,1,5,4,4,16,16,4,0,-1,0,s1a3_greedy,1,0,0.902089960873127,0.7821987420320511,4,0,0,0,0,0,0,0,0.0,0.16666666666666666,0.0,0.08333333333333333,0.4166666666666667,0,0.0,0.16666666666666666,0.0,0.08333333333333333,0.4166666666666667,0,0.0,0.6666666666666666,0.16666666666666666,0.4166666666666667,0.5,0,0.0,0.6666666666666666,0.16666666666666666,0.4166666666666667,0.5
2435,small_component,0,,,,,1,0,0,0,0,0,0,4,0,0,-1,current,0,0,0.620079405605793,0.620079405605793,5,1,1,1,1,0,0,0,0.1111111111111111,0.3333333333333333,0.16666666666666666,0.25,0.3333333333333333,0,0.1111111111111111,0.3333333333333333,0.16666666666666666,0.25,0.3333333333333333,0,0.1111111111111111,0.3333333333333333,0.16666666666666666,0.25,0.3333333333333333,0,0.1111111111111111,0.3333333333333333,0.16666666666666666,0.25,0.3333333333333333
2436,no_strict_e1_improvement,0,,,,,1,0,1,1,1,1,1,4,0,0,-1,current,0,0,0.5521047487854958,0.5521047487854958,9,9,9,9,9,0,0,1,1.0,1.0,1.0,1.0,1.0,1,1.0,1.0,1.0,1.0,1.0,1,1.0,1.0,1.0,1.0,1.0,1,1.0,1.0,1.0,1.0,1.0
2437,partial_completed__max_rounds,1,,3,2,4,1,1,3,2,2,6,6,4,0,0,0,s1a3_greedy,1,0,0.6874154210090637,0.6207921405633291,7,1,7,9,9,8,0,0,0.1111111111111111,0.3333333333333333,0.5,0.4166666666666667,0.4166666666666667,0,0.7777777777777778,0.6666666666666666,0.6666666666666666,0.6666666666666666,0.75,1,1.0,1.0,1.0,1.0,1.0,1,1.0,1.0,1.0,1.0,1.0
2438,max_rounds,0,,,,,1,1,2,2,2,7,7,4,0,1,0,s1a3_greedy,1,0,0.6609502906600634,0.6156347021460533,8,0,0,9,9,9,0,0,0.0,0.5,1.0,0.75,0.75,0,0.0,0.5,1.0,0.75,0.75,1,1.0,1.0,1.0,1.0,1.0,1,1.0,1.0,1.0,1.0,1.0
2439,partial_completed__no_strict_e1_improvement,1,,3,2,4,1,0,4,4,4,14,14,4,0,0,-1,current,1,0,0.7647785445054373,0.7647785445054373,5,0,0,0,0,0,0,0,0.0,0.16666666666666666,0.0,0.08333333333333333,0.4166666666666667,0,0.0,0.5,0.0,0.25,0.5833333333333334,0,0.0,0.5,0.0,0.25,0.5833333333333334,0,0.0,0.5,0.0,0.25,0.5833333333333334
2440,max_rounds,0,,,,,1,1,5,4,4,15,15,4,-1,0,0,s1a3_greedy,1,0,0.7827528268098831,0.7576433221499125,4,4,4,0,0,-4,0,0,0.4444444444444444,0.16666666666666666,0.3333333333333333,0.25,0.4166666666666667,0,0.4444444444444444,0.16666666666666666,0.3333333333333333,0.25,0.4166666666666667,0,0.0,0.0,0.5,0.25,0.4166666666666667,0,0.0,0.0,0.5,0.25,0.4166666666666667
2441,no_strict_e1_improvement,0,,,,,1,0,1,1,1,1,1,4,0,0,-1,current,0,0,0.556119884053866,0.556119884053866,7,0,0,0,0,0,0,0,0.0,0.5,1.0,0.75,0.75,0,0.0,0.5,1.0,0.75,0.75,0,0.0,0.5,1.0,0.75,0.75,0,0.0,0.5,1.0,0.75,0.75
2442,no_strict_e1_improvement,0,,,,,1,0,1,1,1,1,1,4,0,0,-1,current,0,0,0.6954868485530218,0.6954868485530218,8,0,0,0,0,0,0,0,0.0,0.5,1.0,0.75,0.75,0,0.0,0.5,1.0,0.75,0.75,0,0.0,0.5,1.0,0.75,0.75,0,0.0,0.5,1.0,0.75,0.75
2443,no_strict_e1_improvement,0,,,,,1,0,1,1,1,1,1,4,0,0,-1,current,0,0,0.6521202425161997,0.6521202425161997,11,0,0,0,0,0,0,0,0.0,0.5,0.5,0.5,0.5,0,0.0,0.5,0.5,0.5,0.5,0,0.0,0.5,0.5,0.5,0.5,0,0.0,0.5,0.5,0.5,0.5
2444,no_strict_e1_improvement,0,,,,,1,0,1,1,1,1,1,4,0,0,-1,current,0,0,0.5568361679712931,0.5568361679712931,9,0,0,0,0,0,0,0,0.0,1.0,0.5,0.75,0.75,0,0.0,1.0,0.5,0.75,0.75,0,0.0,1.0,0.5,0.75,0.75,0,0.0,1.0,0.5,0.75,0.75
2445,no_strict_e1_improvement,0,,,,,1,0,1,1,1,1,1,4,0,0,-1,current,0,0,0.6543614317973455,0.6543614317973455,9,9,9,9,9,0,0,1,1.0,1.0,1.0,1.0,1.0,1,1.0,1.0,1.0,1.0,1.0,1,1.0,1.0,1.0,1.0,1.0,1,1.0,1.0,1.0,1.0,1.0
2446,partial_completed__max_rounds,1,,3,2,4,1,1,5,4,4,15,15,4,0,1,1,profiled_beam,1,1,0.7150711367527643,0.6856662879387537,4,0,1,1,0,0,-1,0,0.0,0.16666666666666666,0.0,0.08333333333333333,0.16666666666666666,0,0.1111111111111111,0.16666666666666666,0.0,0.08333333333333333,0.4166666666666667,0,0.1111111111111111,0.16666666666666666,0.0,0.08333333333333333,0.4166666666666667,0,0.0,0.5,0.0,0.25,0.3333333333333333
2447,no_strict_e1_improvement,0,,,,,1,0,1,1,1,1,1,4,0,0,-1,current,0,0,0.6591080824534098,0.6591080824534098,8,6,6,6,6,0,0,0,0.6666666666666666,0.8333333333333334,0.5,0.6666666666666666,0.6666666666666666,0,0.6666666666666666,0.8333333333333334,0.5,0.6666666666666666,0.6666666666666666,0,0.6666666666666666,0.8333333333333334,0.5,0.6666666666666666,0.6666666666666666,0,0.6666666666666666,0.8333333333333334,0.5,0.6666666666666666,0.6666666666666666
2448,max_rounds,0,,,,,1,1,5,4,4,15,15,4,0,-1,1,profiled_beam,1,1,0.7984398826956749,0.7466431607802709,6,0,0,1,0,0,-1,0,0.0,0.3333333333333333,0.3333333333333333,0.3333333333333333,0.4166666666666667,0,0.0,0.3333333333333333,0.3333333333333333,0.3333333333333333,0.4166666666666667,0,0.1111111111111111,0.3333333333333333,0.3333333333333333,0.3333333333333333,0.3333333333333333,0,0.0,0.5,0.6666666666666666,0.5833333333333334,0.6666666666666666
2449,no_strict_e1_improvement,0,,,,,1,0,1,1,1,1,1,4,0,0,-1,current,0,0,0.8518013954162598,0.8518013954162598,7,0,0,0,0,0,0,0,0.0,0.5,0.8333333333333334,0.6666666666666666,0.6666666666666666,0,0.0,0.5,0.8333333333333334,0.6666666666666666,0.6666666666666666,0,0.0,0.5,0.8333333333333334,0.6666666666666666,0.6666666666666666,0,0.0,0.5,0.8333333333333334,0.6666666666666666,0.6666666666666666
2450,no_strict_e1_improvement,0,,,,,1,0,1,1,1,1,1,4,0,0,-1,current,0,0,0.5802491120994091,0.5802491120994091,9,9,9,9,9,0,0,1,1.0,1.0,1.0,1.0,1.0,1,1.0,1.0,1.0,1.0,1.0,1,1.0,1.0,1.0,1.0,1.0,1,1.0,1.0,1.0,1.0,1.0
2451,no_strict_e1_improvement,0,,,,,1,0,1,1,1,1,1,4,0,0,-1,current,0,0,0.6444331134359041,0.6444331134359041,8,9,9,9,9,0,0,1,1.0,1.0,1.0,1.0,1.0,1,1.0,1.0,1.0,1.0,1.0,1,1.0,1.0,1.0,1.0,1.0,1,1.0,1.0,1.0,1.0,1.0
2452,no_strict_e1_improvement,0,,,,,1,0,1,1,1,1,1,4,0,0,-1,current,0,0,0.5622913042704264,0.5622913042704264,8,0,0,0,0,0,0,0,0.0,0.3333333333333333,0.16666666666666666,0.25,0.3333333333333333,0,0.0,0.3333333333333333,0.16666666666666666,0.25,0.3333333333333333,0,0.0,0.3333333333333333,0.16666666666666666,0.25,0.3333333333333333,0,0.0,0.3333333333333333,0.16666666666666666,0.25,0.3333333333333333
2453,no_strict_e1_improvement,0,,,,,1,0,1,1,1,1,1,4,0,0,-1,current,0,0,0.544055293003718,0.544055293003718,7,7,7,7,7,0,0,0,0.7777777777777778,0.6666666666666666,0.6666666666666666,0.6666666666666666,0.75,0,0.7777777777777778,0.6666666666666666,0.6666666666666666,0.6666666666666666,0.75,0,0.7777777777777778,0.6666666666666666,0.6666666666666666,0.6666666666666666,0.75,0,0.7777777777777778,0.6666666666666666,0.6666666666666666,0.6666666666666666,0.75
2454,max_rounds,0,,,,,1,1,3,2,2,7,7,4,0,0,0,s1a3_greedy,1,0,0.6085304444034895,0.5862056737144788,5,0,0,0,0,0,0,0,0.0,0.0,0.5,0.25,0.4166666666666667,0,0.0,0.0,0.5,0.25,0.4166666666666667,0,0.0,0.16666666666666666,0.16666666666666666,0.16666666666666666,0.5,0,0.0,0.16666666666666666,0.16666666666666666,0.16666666666666666,0.5
2455,no_strict_e1_improvement,0,,,,,1,0,1,1,1,1,1,4,0,0,-1,current,0,0,0.6010230158766111,0.6010230158766111,10,0,0,0,0,0,0,0,0.0,0.5,1.0,0.75,0.75,0,0.0,0.5,1.0,0.75,0.75,0,0.0,0.5,1.0,0.75,0.75,0,0.0,0.5,1.0,0.75,0.75
2456,no_strict_e1_improvement,0,,,,,1,0,1,1,1,1,1,4,0,0,-1,current,0,0,0.7378574311733246,0.7378574311733246,8,9,9,9,9,0,0,1,1.0,1.0,1.0,1.0,1.0,1,1.0,1.0,1.0,1.0,1.0,1,1.0,1.0,1.0,1.0,1.0,1,1.0,1.0,1.0,1.0,1.0
2457,max_rounds,0,,,,,1,1,4,4,4,15,15,4,1,0,0,s1a3_greedy,1,0,0.7361541539430618,0.7045611391464869,7,0,0,3,3,3,0,0,0.0,0.6666666666666666,0.0,0.3333333333333333,0.3333333333333333,0,0.0,0.6666666666666666,0.0,0.3333333333333333,0.3333333333333333,0,0.3333333333333333,0.6666666666666666,0.5,0.5833333333333334,0.5833333333333334,0,0.3333333333333333,0.6666666666666666,0.5,0.5833333333333334,0.5833333333333334
2458,partial_completed__small_component,1,,3,2,4,1,0,0,0,0,0,0,4,0,0,-1,current,1,0,0.886569914718469,0.886569914718469,5,0,3,3,3,3,0,0,0.0,0.3333333333333333,0.0,0.16666666666666666,0.25,0,0.3333333333333333,0.6666666666666666,0.0,0.3333333333333333,0.5,0,0.3333333333333333,0.6666666666666666,0.0,0.3333333333333333,0.5,0,0.3333333333333333,0.6666666666666666,0.0,0.3333333333333333,0.5
2459,small_component,0,,,,,1,0,0,0,0,0,0,4,0,0,-1,current,0,0,0.9944979896148046,0.9944979896148046,4,1,1,1,1,0,0,0,0.1111111111111111,0.16666666666666666,0.3333333333333333,0.25,0.5833333333333334,0,0.1111111111111111,0.16666666666666666,0.3333333333333333,0.25,0.5833333333333334,0,0.1111111111111111,0.16666666666666666,0.3333333333333333,0.25,0.5833333333333334,0,0.1111111111111111,0.16666666666666666,0.3333333333333333,0.25,0.5833333333333334
2460,no_strict_e1_improvement,0,,,,,1,0,1,1,1,1,1,4,0,0,-1,current,0,0,0.7168209254741669,0.7168209254741669,6,0,0,0,0,0,0,0,0.0,0.8333333333333334,0.5,0.6666666666666666,0.6666666666666666,0,0.0,0.8333333333333334,0.5,0.6666666666666666,0.6666666666666666,0,0.0,0.8333333333333334,0.5,0.6666666666666666,0.6666666666666666,0,0.0,0.8333333333333334,0.5,0.6666666666666666,0.6666666666666666
2461,max_rounds,0,,,,,1,1,5,4,4,16,16,4,1,1,1,profiled_beam,1,1,0.8164372146129608,0.7743980884552002,2,0,0,3,1,1,-2,0,0.0,0.16666666666666666,0.3333333333333333,0.25,0.5,0,0.0,0.16666666666666666,0.3333333333333333,0.25,0.5,0,0.3333333333333333,0.16666666666666666,0.16666666666666666,0.16666666666666666,0.5,0,0.1111111111111111,0.16666666666666666,0.3333333333333333,0.25,0.5
2462,no_strict_e1_improvement,0,,,,,1,0,1,1,1,1,1,4,0,0,-1,current,0,0,0.6391869386037191,0.6391869386037191,8,0,0,0,0,0,0,0,0.0,0.5,1.0,0.75,0.75,0,0.0,0.5,1.0,0.75,0.75,0,0.0,0.5,1.0,0.75,0.75,0,0.0,0.5,1.0,0.75,0.75
2463,max_rounds,0,,,,,1,1,3,2,2,6,6,4,0,1,0,s1a3_greedy,1,0,0.6860519051551819,0.6244530230760574,9,3,3,0,0,-3,0,0,0.3333333333333333,0.5,0.6666666666666666,0.5833333333333334,0.5833333333333334,0,0.3333333333333333,0.5,0.6666666666666666,0.5833333333333334,0.5833333333333334,0,0.0,0.5,0.6666666666666666,0.5833333333333334,0.5833333333333334,0,0.0,0.5,0.6666666666666666,0.5833333333333334,0.5833333333333334
2464,no_strict_e1_improvement,0,,,,,1,0,1,1,1,1,1,4,0,0,-1,current,0,0,0.6967097843686739,0.6967097843686739,10,9,9,9,9,0,0,1,1.0,1.0,1.0,1.0,1.0,1,1.0,1.0,1.0,1.0,1.0,1,1.0,1.0,1.0,1.0,1.0,1,1.0,1.0,1.0,1.0,1.0
2465,max_rounds,0,,,,,1,1,5,4,4,16,16,4,0,-1,1,profiled_beam,1,1,0.6257041444381078,0.5269172887007395,6,0,0,0,0,0,0,0,0.0,0.16666666666666666,0.5,0.3333333333333333,0.3333333333333333,0,0.0,0.16666666666666666,0.5,0.3333333333333333,0.3333333333333333,0,0.0,0.16666666666666666,0.5,0.3333333333333333,0.3333333333333333,0,0.0,0.16666666666666666,0.5,0.3333333333333333,0.4166666666666667
2466,no_strict_e1_improvement,0,,,,,1,0,1,1,1,1,1,4,0,0,-1,current,0,0,0.654383530219396,0.654383530219396,10,0,0,0,0,0,0,0,0.0,0.5,1.0,0.75,0.75,0,0.0,0.5,1.0,0.75,0.75,0,0.0,0.5,1.0,0.75,0.75,0,0.0,0.5,1.0,0.75,0.75
2467,no_strict_e1_improvement,0,,,,,1,0,2,2,2,6,6,4,0,0,-1,current,0,0,0.6010465696454048,0.6010465696454048,6,1,1,1,1,0,0,0,0.1111111111111111,0.6666666666666666,0.3333333333333333,0.5,0.5833333333333334,0,0.1111111111111111,0.6666666666666666,0.3333333333333333,0.5,0.5833333333333334,0,0.1111111111111111,0.6666666666666666,0.3333333333333333,0.5,0.5833333333333334,0,0.1111111111111111,0.6666666666666666,0.3333333333333333,0.5,0.5833333333333334
2468,no_strict_e1_improvement,0,,,,,1,0,1,1,1,1,1,4,0,0,-1,current,0,0,0.6443761189778646,0.6443761189778646,8,9,9,9,9,0,0,1,1.0,1.0,1.0,1.0,1.0,1,1.0,1.0,1.0,1.0,1.0,1,1.0,1.0,1.0,1.0,1.0,1,1.0,1.0,1.0,1.0,1.0
2469,no_strict_e1_improvement,0,,,,,1,0,2,2,2,8,8,4,0,0,-1,current,0,0,0.647528183956941,0.647528183956941,9,9,9,9,9,0,0,1,1.0,1.0,1.0,1.0,1.0,1,1.0,1.0,1.0,1.0,1.0,1,1.0,1.0,1.0,1.0,1.0,1,1.0,1.0,1.0,1.0,1.0
2470,no_strict_e1_improvement,0,,,,,1,0,1,1,1,1,1,4,0,0,-1,current,0,0,0.6209090103705724,0.6209090103705724,10,9,9,9,9,0,0,1,1.0,1.0,1.0,1.0,1.0,1,1.0,1.0,1.0,1.0,1.0,1,1.0,1.0,1.0,1.0,1.0,1,1.0,1.0,1.0,1.0,1.0
2471,no_strict_e1_improvement,0,,,,,1,0,1,1,1,2,2,4,0,0,-1,current,0,0,0.8251326829195023,0.8251326829195023,8,6,6,6,6,0,0,0,0.6666666666666666,0.5,0.8333333333333334,0.6666666666666666,0.6666666666666666,0,0.6666666666666666,0.5,0.8333333333333334,0.6666666666666666,0.6666666666666666,0,0.6666666666666666,0.5,0.8333333333333334,0.6666666666666666,0.6666666666666666,0,0.6666666666666666,0.5,0.8333333333333334,0.6666666666666666,0.6666666666666666
2472,max_rounds,0,,,,,1,1,5,4,4,12,12,4,0,0,0,s1a3_greedy,1,0,0.6052749964098135,0.5948813570042452,5,0,0,0,0,0,0,0,0.0,0.3333333333333333,0.16666666666666666,0.25,0.4166666666666667,0,0.0,0.3333333333333333,0.16666666666666666,0.25,0.4166666666666667,0,0.0,0.6666666666666666,0.5,0.5833333333333334,0.6666666666666666,0,0.0,0.6666666666666666,0.5,0.5833333333333334,0.6666666666666666
2473,no_strict_e1_improvement,0,,,,,1,0,1,1,1,1,1,4,0,0,-1,current,0,0,0.6286069651444753,0.6286069651444753,10,9,9,9,9,0,0,1,1.0,1.0,1.0,1.0,1.0,1,1.0,1.0,1.0,1.0,1.0,1,1.0,1.0,1.0,1.0,1.0,1,1.0,1.0,1.0,1.0,1.0
2474,no_strict_e1_improvement,0,,,,,1,0,1,1,1,1,1,4,0,0,-1,current,0,0,0.5838246395190557,0.5838246395190557,6,0,0,0,0,0,0,0,0.0,0.16666666666666666,0.5,0.3333333333333333,0.5,0,0.0,0.16666666666666666,0.5,0.3333333333333333,0.5,0,0.0,0.16666666666666666,0.5,0.3333333333333333,0.5,0,0.0,0.16666666666666666,0.5,0.3333333333333333,0.5
2475,no_strict_e1_improvement,0,,,,,1,0,2,2,2,8,8,4,0,0,-1,current,0,0,0.6584465727210045,0.6584465727210045,6,3,3,3,3,0,0,0,0.3333333333333333,0.5,0.6666666666666666,0.5833333333333334,0.5833333333333334,0,0.3333333333333333,0.5,0.6666666666666666,0.5833333333333334,0.5833333333333334,0,0.3333333333333333,0.5,0.6666666666666666,0.5833333333333334,0.5833333333333334,0,0.3333333333333333,0.5,0.6666666666666666,0.5833333333333334,0.5833333333333334
2476,no_strict_e1_improvement,0,,,,,1,0,1,1,1,1,1,4,0,0,-1,current,0,0,0.6753252496321996,0.6753252496321996,9,0,0,0,0,0,0,0,0.0,0.5,1.0,0.75,0.75,0,0.0,0.5,1.0,0.75,0.75,0,0.0,0.5,1.0,0.75,0.75,0,0.0,0.5,1.0,0.75,0.75
2477,no_strict_e1_improvement,0,,,,,1,0,2,2,2,7,7,4,0,0,-1,current,0,0,0.6673652827739716,0.6673652827739716,8,0,0,0,0,0,0,0,0.0,0.6666666666666666,0.5,0.5833333333333334,0.5833333333333334,0,0.0,0.6666666666666666,0.5,0.5833333333333334,0.5833333333333334,0,0.0,0.6666666666666666,0.5,0.5833333333333334,0.5833333333333334,0,0.0,0.6666666666666666,0.5,0.5833333333333334,0.5833333333333334
2478,max_rounds,0,,,,,1,1,4,4,4,16,16,4,-1,0,0,s1a3_greedy,1,0,0.6367954909801483,0.6010401944319407,5,0,0,5,5,5,0,0,0.0,0.3333333333333333,0.5,0.4166666666666667,0.75,0,0.0,0.3333333333333333,0.5,0.4166666666666667,0.75,0,0.5555555555555556,0.3333333333333333,0.5,0.4166666666666667,0.6666666666666666,0,0.5555555555555556,0.3333333333333333,0.5,0.4166666666666667,0.6666666666666666
2479,partial_completed__small_component,1,,3,2,4,1,0,0,0,0,0,0,4,0,0,-1,current,1,0,0.5656900977094969,0.5656900977094969,3,3,0,0,0,-3,0,0,0.3333333333333333,0.0,0.3333333333333333,0.16666666666666666,0.25,0,0.0,0.0,0.3333333333333333,0.16666666666666666,0.25,0,0.0,0.0,0.3333333333333333,0.16666666666666666,0.25,0,0.0,0.0,0.3333333333333333,0.16666666666666666,0.25
2480,no_strict_e1_improvement,0,,,,,1,0,1,1,1,1,1,4,0,0,-1,current,0,0,0.6020768210291862,0.6020768210291862,10,0,0,0,0,0,0,0,0.0,0.5,1.0,0.75,0.75,0,0.0,0.5,1.0,0.75,0.75,0,0.0,0.5,1.0,0.75,0.75,0,0.0,0.5,1.0,0.75,0.75
2481,no_strict_e1_improvement,0,,,,,1,0,1,1,1,1,1,4,0,0,-1,current,0,0,0.471976637840271,0.471976637840271,6,1,1,1,1,0,0,0,0.1111111111111111,0.6666666666666666,0.3333333333333333,0.5,0.5833333333333334,0,0.1111111111111111,0.6666666666666666,0.3333333333333333,0.5,0.5833333333333334,0,0.1111111111111111,0.6666666666666666,0.3333333333333333,0.5,0.5833333333333334,0,0.1111111111111111,0.6666666666666666,0.3333333333333333,0.5,0.5833333333333334
2482,max_rounds,0,,,,,1,1,2,2,2,7,7,4,0,1,1,profiled_beam,1,1,0.8141066879034042,0.7898697505394617,7,0,0,0,9,9,9,0,0.0,0.5,1.0,0.75,0.75,0,0.0,0.5,1.0,0.75,0.75,0,0.0,0.5,1.0,0.75,0.75,1,1.0,1.0,1.0,1.0,1.0
2483,max_rounds,0,,,,,1,1,2,2,2,6,6,4,-1,0,1,profiled_beam,1,1,0.6311366533239683,0.6188408012191454,6,0,0,0,0,0,0,0,0.0,0.5,0.0,0.25,0.4166666666666667,0,0.0,0.5,0.0,0.25,0.4166666666666667,0,0.0,0.16666666666666666,0.5,0.3333333333333333,0.6666666666666666,0,0.0,0.3333333333333333,0.16666666666666666,0.25,0.4166666666666667
2484,no_strict_e1_improvement,0,,,,,1,0,1,1,1,1,1,4,0,0,-1,current,0,0,0.5690981199344,0.5690981199344,8,0,0,0,0,0,0,0,0.0,1.0,0.5,0.75,0.75,0,0.0,1.0,0.5,0.75,0.75,0,0.0,1.0,0.5,0.75,0.75,0,0.0,1.0,0.5,0.75,0.75
2485,no_strict_e1_improvement,0,,,,,1,0,1,1,1,1,1,4,0,0,-1,current,0,0,0.7483430479963621,0.7483430479963621,6,0,0,0,0,0,0,0,0.0,0.16666666666666666,0.3333333333333333,0.25,0.25,0,0.0,0.16666666666666666,0.3333333333333333,0.25,0.25,0,0.0,0.16666666666666666,0.3333333333333333,0.25,0.25,0,0.0,0.16666666666666666,0.3333333333333333,0.25,0.25
2486,no_strict_e1_improvement,0,,,,,1,0,1,1,1,1,1,4,0,0,-1,current,0,0,0.6980515544613203,0.6980515544613203,8,9,9,9,9,0,0,1,1.0,1.0,1.0,1.0,1.0,1,1.0,1.0,1.0,1.0,1.0,1,1.0,1.0,1.0,1.0,1.0,1,1.0,1.0,1.0,1.0,1.0
2487,no_strict_e1_improvement,0,,,,,1,0,4,4,4,14,14,4,0,0,-1,current,0,0,0.6876217027505239,0.6876217027505239,8,9,9,9,9,0,0,1,1.0,1.0,1.0,1.0,1.0,1,1.0,1.0,1.0,1.0,1.0,1,1.0,1.0,1.0,1.0,1.0,1,1.0,1.0,1.0,1.0,1.0
2488,max_rounds,0,,,,,1,1,2,2,2,7,7,4,0,-1,1,profiled_beam,1,1,0.6168397068977356,0.4984625230232875,7,9,9,0,0,-9,0,1,1.0,1.0,1.0,1.0,1.0,1,1.0,1.0,1.0,1.0,1.0,0,0.0,0.5,0.8333333333333334,0.6666666666666666,0.6666666666666666,0,0.0,0.5,1.0,0.75,0.75
2489,max_rounds,0,,,,,1,1,5,4,4,15,15,4,0,-1,0,s1a3_greedy,1,0,0.8149285117785136,0.7425181269645691,5,0,0,9,9,9,0,0,0.0,0.3333333333333333,0.5,0.4166666666666667,0.6666666666666666,0,0.0,0.3333333333333333,0.5,0.4166666666666667,0.6666666666666666,1,1.0,1.0,1.0,1.0,1.0,1,1.0,1.0,1.0,1.0,1.0
2490,no_strict_e1_improvement,0,,,,,1,0,1,1,1,1,1,4,0,0,-1,current,0,0,0.6286085546016693,0.6286085546016693,9,9,9,9,9,0,0,1,1.0,1.0,1.0,1.0,1.0,1,1.0,1.0,1.0,1.0,1.0,1,1.0,1.0,1.0,1.0,1.0,1,1.0,1.0,1.0,1.0,1.0
2491,no_strict_e1_improvement,0,,,,,1,0,1,1,1,1,1,4,0,0,-1,current,0,0,0.5747458462913831,0.5747458462913831,11,9,9,9,9,0,0,1,1.0,1.0,1.0,1.0,1.0,1,1.0,1.0,1.0,1.0,1.0,1,1.0,1.0,1.0,1.0,1.0,1,1.0,1.0,1.0,1.0,1.0
2492,no_strict_e1_improvement,0,,,,,1,0,1,1,1,1,1,4,0,0,-1,current,0,0,0.649376355111599,0.649376355111599,3,0,0,0,0,0,0,0,0.0,0.6666666666666666,0.5,0.5833333333333334,0.6666666666666666,0,0.0,0.6666666666666666,0.5,0.5833333333333334,0.6666666666666666,0,0.0,0.6666666666666666,0.5,0.5833333333333334,0.6666666666666666,0,0.0,0.6666666666666666,0.5,0.5833333333333334,0.6666666666666666
2493,no_strict_e1_improvement,0,,,,,1,0,1,1,1,1,1,4,0,0,-1,current,0,0,0.7667253588636717,0.7667253588636717,7,9,9,9,9,0,0,1,1.0,1.0,1.0,1.0,1.0,1,1.0,1.0,1.0,1.0,1.0,1,1.0,1.0,1.0,1.0,1.0,1,1.0,1.0,1.0,1.0,1.0
2494,max_rounds,0,,,,,1,1,3,2,2,8,8,4,0,-1,1,profiled_beam,1,1,0.7327903235952059,0.6583370740214983,4,0,0,0,0,0,0,0,0.0,0.5,0.6666666666666666,0.5833333333333334,0.75,0,0.0,0.5,0.6666666666666666,0.5833333333333334,0.75,0,0.0,0.16666666666666666,0.6666666666666666,0.4166666666666667,0.5833333333333334,0,0.0,0.16666666666666666,0.5,0.3333333333333333,0.5
2495,max_rounds,0,,,,,1,1,4,4,4,15,15,4,0,1,1,profiled_beam,1,1,0.665683758755525,0.6520972947279612,4,3,3,1,0,-3,-1,0,0.3333333333333333,0.6666666666666666,0.5,0.5833333333333334,0.5833333333333334,0,0.3333333333333333,0.6666666666666666,0.5,0.5833333333333334,0.5833333333333334,0,0.1111111111111111,0.3333333333333333,0.6666666666666666,0.5,0.6666666666666666,0,0.0,0.5,1.0,0.75,0.75
2496,no_strict_e1_improvement,0,,,,,1,0,1,1,1,1,1,4,0,0,-1,current,0,0,0.7033975745240847,0.7033975745240847,7,1,1,1,1,0,0,0,0.1111111111111111,0.3333333333333333,0.6666666666666666,0.5,0.5833333333333334,0,0.1111111111111111,0.3333333333333333,0.6666666666666666,0.5,0.5833333333333334,0,0.1111111111111111,0.3333333333333333,0.6666666666666666,0.5,0.5833333333333334,0,0.1111111111111111,0.3333333333333333,0.6666666666666666,0.5,0.5833333333333334
2497,no_strict_e1_improvement,0,,,,,1,0,1,1,1,1,1,4,0,0,-1,current,0,0,0.6806449045737585,0.6806449045737585,10,9,9,9,9,0,0,1,1.0,1.0,1.0,1.0,1.0,1,1.0,1.0,1.0,1.0,1.0,1,1.0,1.0,1.0,1.0,1.0,1,1.0,1.0,1.0,1.0,1.0
2498,no_strict_e1_improvement,0,,,,,1,0,1,1,1,1,1,4,0,0,-1,current,0,0,0.6873851493000984,0.6873851493000984,5,0,0,0,0,0,0,0,0.0,0.6666666666666666,0.5,0.5833333333333334,0.6666666666666666,0,0.0,0.6666666666666666,0.5,0.5833333333333334,0.6666666666666666,0,0.0,0.6666666666666666,0.5,0.5833333333333334,0.6666666666666666,0,0.0,0.6666666666666666,0.5,0.5833333333333334,0.6666666666666666
2499,no_strict_e1_improvement,0,,,,,1,0,1,1,1,1,1,4,0,0,-1,current,0,0,0.5609087447325388,0.5609087447325388,12,0,0,0,0,0,0,0,0.0,0.5,1.0,0.75,0.75,0,0.0,0.5,1.0,0.75,0.75,0,0.0,0.5,1.0,0.75,0.75,0,0.0,0.5,1.0,0.75,0.75
2500,max_rounds,0,,,,,1,1,3,2,2,8,8,4,-1,0,1,profiled_beam,1,1,0.6335000966986021,0.4463431065281232,5,0,0,3,3,3,0,0,0.0,0.0,0.5,0.25,0.5,0,0.0,0.0,0.5,0.25,0.5,0,0.3333333333333333,0.0,0.5,0.25,0.5833333333333334,0,0.3333333333333333,0.0,1.0,0.5,0.75
2501,no_strict_e1_improvement,0,,,,,1,0,1,1,1,1,1,4,0,0,-1,current,0,0,0.6044114008545876,0.6044114008545876,7,0,0,0,0,0,0,0,0.0,1.0,0.5,0.75,0.75,0,0.0,1.0,0.5,0.75,0.75,0,0.0,1.0,0.5,0.75,0.75,0,0.0,1.0,0.5,0.75,0.75
2502,no_strict_e1_improvement,0,,,,,1,0,2,2,2,6,6,4,0,0,-1,current,0,0,0.669686034321785,0.669686034321785,6,0,0,0,0,0,0,0,0.0,0.16666666666666666,0.3333333333333333,0.25,0.5,0,0.0,0.16666666666666666,0.3333333333333333,0.25,0.5,0,0.0,0.16666666666666666,0.3333333333333333,0.25,0.5,0,0.0,0.16666666666666666,0.3333333333333333,0.25,0.5
2503,no_strict_e1_improvement,0,,,,,1,0,2,2,2,6,6,4,0,0,-1,current,0,0,0.7929223453005155,0.7929223453005155,9,6,6,6,6,0,0,0,0.6666666666666666,0.8333333333333334,0.5,0.6666666666666666,0.6666666666666666,0,0.6666666666666666,0.8333333333333334,0.5,0.6666666666666666,0.6666666666666666,0,0.6666666666666666,0.8333333333333334,0.5,0.6666666666666666,0.6666666666666666,0,0.6666666666666666,0.8333333333333334,0.5,0.6666666666666666,0.6666666666666666
2504,no_strict_e1_improvement,0,,,,,1,0,1,1,1,1,1,4,0,0,-1,current,0,0,0.6361228451132774,0.6361228451132774,9,9,9,9,9,0,0,1,1.0,1.0,1.0,1.0,1.0,1,1.0,1.0,1.0,1.0,1.0,1,1.0,1.0,1.0,1.0,1.0,1,1.0,1.0,1.0,1.0,1.0
2505,no_strict_e1_improvement,0,,,,,1,0,1,1,1,1,1,4,0,0,-1,current,0,0,0.5340128516157469,0.5340128516157469,11,0,0,0,0,0,0,0,0.0,0.5,0.5,0.5,0.5,0,0.0,0.5,0.5,0.5,0.5,0,0.0,0.5,0.5,0.5,0.5,0,0.0,0.5,0.5,0.5,0.5
2506,no_strict_e1_improvement,0,,,,,1,0,1,1,1,1,1,4,0,0,-1,current,0,0,0.5651383250951767,0.5651383250951767,8,0,0,0,0,0,0,0,0.0,0.5,1.0,0.75,0.75,0,0.0,0.5,1.0,0.75,0.75,0,0.0,0.5,1.0,0.75,0.75,0,0.0,0.5,1.0,0.75,0.75
2507,no_strict_e1_improvement,0,,,,,1,0,1,1,1,1,1,4,0,0,-1,current,0,0,0.541069229443868,0.541069229443868,10,9,9,9,9,0,0,1,1.0,1.0,1.0,1.0,1.0,1,1.0,1.0,1.0,1.0,1.0,1,1.0,1.0,1.0,1.0,1.0,1,1.0,1.0,1.0,1.0,1.0
2508,no_strict_e1_improvement,0,,,,,1,0,1,1,1,1,1,4,0,0,-1,current,0,0,0.6489090596636137,0.6489090596636137,8,9,9,9,9,0,0,1,1.0,1.0,1.0,1.0,1.0,1,1.0,1.0,1.0,1.0,1.0,1,1.0,1.0,1.0,1.0,1.0,1,1.0,1.0,1.0,1.0,1.0
2509,no_strict_e1_improvement,0,,,,,1,0,1,1,1,1,1,4,0,0,-1,current,0,0,0.5463853552937508,0.5463853552937508,9,0,0,0,0,0,0,0,0.0,0.5,0.6666666666666666,0.5833333333333334,0.6666666666666666,0,0.0,0.5,0.6666666666666666,0.5833333333333334,0.6666666666666666,0,0.0,0.5,0.6666666666666666,0.5833333333333334,0.6666666666666666,0,0.0,0.5,0.6666666666666666,0.5833333333333334,0.6666666666666666
2510,no_strict_e1_improvement,0,,,,,1,0,1,1,1,1,1,4,0,0,-1,current,0,0,0.7622927303115526,0.7622927303115526,7,1,1,1,1,0,0,0,0.1111111111111111,0.3333333333333333,0.6666666666666666,0.5,0.6666666666666666,0,0.1111111111111111,0.3333333333333333,0.6666666666666666,0.5,0.6666666666666666,0,0.1111111111111111,0.3333333333333333,0.6666666666666666,0.5,0.6666666666666666,0,0.1111111111111111,0.3333333333333333,0.6666666666666666,0.5,0.6666666666666666
2511,no_strict_e1_improvement,0,,,,,1,0,1,1,1,1,1,4,0,0,-1,current,0,0,0.557297925154368,0.557297925154368,7,0,0,0,0,0,0,0,0.0,0.6666666666666666,0.16666666666666666,0.4166666666666667,0.5,0,0.0,0.6666666666666666,0.16666666666666666,0.4166666666666667,0.5,0,0.0,0.6666666666666666,0.16666666666666666,0.4166666666666667,0.5,0,0.0,0.6666666666666666,0.16666666666666666,0.4166666666666667,0.5
2512,no_strict_e1_improvement,0,,,,,1,0,1,1,1,1,1,4,0,0,-1,current,0,0,0.7091691220800082,0.7091691220800082,8,0,0,0,0,0,0,0,0.0,1.0,0.5,0.75,0.75,0,0.0,1.0,0.5,0.75,0.75,0,0.0,1.0,0.5,0.75,0.75,0,0.0,1.0,0.5,0.75,0.75
2513,small_component,0,,,,,1,0,0,0,0,0,0,4,0,0,-1,current,0,0,0.8569811011354128,0.8569811011354128,7,1,1,1,1,0,0,0,0.1111111111111111,0.3333333333333333,0.6666666666666666,0.5,0.5,0,0.1111111111111111,0.3333333333333333,0.6666666666666666,0.5,0.5,0,0.1111111111111111,0.3333333333333333,0.6666666666666666,0.5,0.5,0,0.1111111111111111,0.3333333333333333,0.6666666666666666,0.5,0.5
2514,no_strict_e1_improvement,0,,,,,1,0,1,1,1,1,1,4,0,0,-1,current,0,0,0.5299852515260378,0.5299852515260378,7,0,0,0,0,0,0,0,0.0,0.5,1.0,0.75,0.75,0,0.0,0.5,1.0,0.75,0.75,0,0.0,0.5,1.0,0.75,0.75,0,0.0,0.5,1.0,0.75,0.75
2515,no_strict_e1_improvement,0,,,,,1,0,4,4,4,15,15,4,0,0,-1,current,0,0,0.6576089213291804,0.6576089213291804,8,0,0,0,0,0,0,0,0.0,0.5,0.5,0.5,0.5,0,0.0,0.5,0.5,0.5,0.5,0,0.0,0.5,0.5,0.5,0.5,0,0.0,0.5,0.5,0.5,0.5
2516,no_strict_e1_improvement,0,,,,,1,0,2,2,2,6,6,4,0,0,-1,current,0,0,0.6889453505476316,0.6889453505476316,8,9,9,9,9,0,0,1,1.0,1.0,1.0,1.0,1.0,1,1.0,1.0,1.0,1.0,1.0,1,1.0,1.0,1.0,1.0,1.0,1,1.0,1.0,1.0,1.0,1.0
2517,no_strict_e1_improvement,0,,,,,1,0,1,1,1,1,1,4,0,0,-1,current,0,0,0.6368919263283411,0.6368919263283411,8,0,0,0,0,0,0,0,0.0,0.5,1.0,0.75,0.75,0,0.0,0.5,1.0,0.75,0.75,0,0.0,0.5,1.0,0.75,0.75,0,0.0,0.5,1.0,0.75,0.75
2518,no_strict_e1_improvement,0,,,,,1,0,2,2,2,6,6,4,0,0,-1,current,0,0,0.5752004211147627,0.5752004211147627,7,6,6,6,6,0,0,0,0.6666666666666666,0.5,0.8333333333333334,0.6666666666666666,0.6666666666666666,0,0.6666666666666666,0.5,0.8333333333333334,0.6666666666666666,0.6666666666666666,0,0.6666666666666666,0.5,0.8333333333333334,0.6666666666666666,0.6666666666666666,0,0.6666666666666666,0.5,0.8333333333333334,0.6666666666666666,0.6666666666666666
2519,small_component,0,,,,,1,0,0,0,0,0,0,4,0,0,-1,current,0,0,0.7357641036311785,0.7357641036311785,6,2,2,2,2,0,0,0,0.2222222222222222,0.5,0.0,0.25,0.8333333333333334,0,0.2222222222222222,0.5,0.0,0.25,0.8333333333333334,0,0.2222222222222222,0.5,0.0,0.25,0.8333333333333334,0,0.2222222222222222,0.5,0.0,0.25,0.8333333333333334
2520,no_strict_e1_improvement,0,,,,,1,0,1,1,1,1,1,4,0,0,-1,current,0,0,0.6423145979642868,0.6423145979642868,11,9,9,9,9,0,0,1,1.0,1.0,1.0,1.0,1.0,1,1.0,1.0,1.0,1.0,1.0,1,1.0,1.0,1.0,1.0,1.0,1,1.0,1.0,1.0,1.0,1.0
2521,no_strict_e1_improvement,0,,,,,1,0,1,1,1,1,1,4,0,0,-1,current,0,0,0.5161750391125679,0.5161750391125679,11,9,9,9,9,0,0,1,1.0,1.0,1.0,1.0,1.0,1,1.0,1.0,1.0,1.0,1.0,1,1.0,1.0,1.0,1.0,1.0,1,1.0,1.0,1.0,1.0,1.0
2522,max_rounds,0,,,,,1,1,5,4,4,13,13,4,0,0,1,profiled_beam,1,1,0.8444698676466942,0.7834028576811155,4,0,0,0,0,0,0,0,0.0,0.3333333333333333,0.16666666666666666,0.25,0.4166666666666667,0,0.0,0.3333333333333333,0.16666666666666666,0.25,0.4166666666666667,0,0.0,0.0,0.5,0.25,0.25,0,0.0,0.0,0.5,0.25,0.5
2523,no_strict_e1_improvement,0,,,,,1,0,1,1,1,1,1,4,0,0,-1,current,0,0,0.6154194970925649,0.6154194970925649,12,9,9,9,9,0,0,1,1.0,1.0,1.0,1.0,1.0,1,1.0,1.0,1.0,1.0,1.0,1,1.0,1.0,1.0,1.0,1.0,1,1.0,1.0,1.0,1.0,1.0
2524,no_strict_e1_improvement,0,,,,,1,0,1,1,1,1,1,4,0,0,-1,current,0,0,0.676202525695165,0.676202525695165,9,9,9,9,9,0,0,1,1.0,1.0,1.0,1.0,1.0,1,1.0,1.0,1.0,1.0,1.0,1,1.0,1.0,1.0,1.0,1.0,1,1.0,1.0,1.0,1.0,1.0
2525,no_strict_e1_improvement,0,,,,,1,0,1,1,1,1,1,4,0,0,-1,current,0,0,0.5987094342708588,0.5987094342708588,10,9,9,9,9,0,0,1,1.0,1.0,1.0,1.0,1.0,1,1.0,1.0,1.0,1.0,1.0,1,1.0,1.0,1.0,1.0,1.0,1,1.0,1.0,1.0,1.0,1.0
2526,partial_completed__max_rounds,1,,3,2,4,1,1,5,4,4,15,15,4,0,-1,1,profiled_beam,1,1,0.6843462412556013,0.6408155784010887,6,2,4,0,3,1,3,0,0.2222222222222222,0.16666666666666666,0.5,0.3333333333333333,0.3333333333333333,0,0.4444444444444444,0.16666666666666666,0.6666666666666666,0.4166666666666667,0.5,0,0.0,0.0,0.5,0.25,0.5,0,0.3333333333333333,0.0,0.8333333333333334,0.4166666666666667,0.4166666666666667
2527,no_strict_e1_improvement,0,,,,,1,0,1,1,1,1,1,4,0,0,-1,current,0,0,0.4950437818964322,0.4950437818964322,10,9,9,9,9,0,0,1,1.0,1.0,1.0,1.0,1.0,1,1.0,1.0,1.0,1.0,1.0,1,1.0,1.0,1.0,1.0,1.0,1,1.0,1.0,1.0,1.0,1.0
2528,no_strict_e1_improvement,0,,,,,1,0,1,1,1,1,1,4,0,0,-1,current,0,0,0.6290268898010254,0.6290268898010254,6,0,0,0,0,0,0,0,0.0,0.5,0.16666666666666666,0.3333333333333333,0.5,0,0.0,0.5,0.16666666666666666,0.3333333333333333,0.5,0,0.0,0.5,0.16666666666666666,0.3333333333333333,0.5,0,0.0,0.5,0.16666666666666666,0.3333333333333333,0.5
2529,max_rounds,0,,,,,1,1,3,2,2,6,6,4,0,0,0,s1a3_greedy,1,0,0.6442402576406797,0.6287820165356001,8,1,1,0,0,-1,0,0,0.1111111111111111,0.6666666666666666,0.3333333333333333,0.5,0.6666666666666666,0,0.1111111111111111,0.6666666666666666,0.3333333333333333,0.5,0.6666666666666666,0,0.0,1.0,0.5,0.75,0.75,0,0.0,1.0,0.5,0.75,0.75
2530,no_strict_e1_improvement,0,,,,,1,0,1,1,1,1,1,4,0,0,-1,current,0,0,0.761185996234417,0.761185996234417,10,9,9,9,9,0,0,1,1.0,1.0,1.0,1.0,1.0,1,1.0,1.0,1.0,1.0,1.0,1,1.0,1.0,1.0,1.0,1.0,1,1.0,1.0,1.0,1.0,1.0
2531,no_strict_e1_improvement,0,,,,,1,0,1,1,1,1,1,4,0,0,-1,current,0,0,0.5710570042332014,0.5710570042332014,10,9,9,9,9,0,0,1,1.0,1.0,1.0,1.0,1.0,1,1.0,1.0,1.0,1.0,1.0,1,1.0,1.0,1.0,1.0,1.0,1,1.0,1.0,1.0,1.0,1.0
2532,no_strict_e1_improvement,0,,,,,1,0,1,1,1,1,1,4,0,0,-1,current,0,0,0.6195335512359937,0.6195335512359937,9,0,0,0,0,0,0,0,0.0,0.5,1.0,0.75,0.75,0,0.0,0.5,1.0,0.75,0.75,0,0.0,0.5,1.0,0.75,0.75,0,0.0,0.5,1.0,0.75,0.75
2533,no_strict_e1_improvement,0,,,,,1,0,1,1,1,1,1,4,0,0,-1,current,0,0,0.8263904402653376,0.8263904402653376,8,0,0,0,0,0,0,0,0.0,0.6666666666666666,0.16666666666666666,0.4166666666666667,0.5,0,0.0,0.6666666666666666,0.16666666666666666,0.4166666666666667,0.5,0,0.0,0.6666666666666666,0.16666666666666666,0.4166666666666667,0.5,0,0.0,0.6666666666666666,0.16666666666666666,0.4166666666666667,0.5
2534,no_strict_e1_improvement,0,,,,,1,0,1,1,1,1,1,4,0,0,-1,current,0,0,0.7136884530385336,0.7136884530385336,7,0,0,0,0,0,0,0,0.0,0.5,0.6666666666666666,0.5833333333333334,0.6666666666666666,0,0.0,0.5,0.6666666666666666,0.5833333333333334,0.6666666666666666,0,0.0,0.5,0.6666666666666666,0.5833333333333334,0.6666666666666666,0,0.0,0.5,0.6666666666666666,0.5833333333333334,0.6666666666666666
2535,no_strict_e1_improvement,0,,,,,1,0,1,1,1,1,1,4,0,0,-1,current,0,0,0.7293380548556646,0.7293380548556646,8,9,9,9,9,0,0,1,1.0,1.0,1.0,1.0,1.0,1,1.0,1.0,1.0,1.0,1.0,1,1.0,1.0,1.0,1.0,1.0,1,1.0,1.0,1.0,1.0,1.0
2536,no_strict_e1_improvement,0,,,,,1,0,1,1,1,1,1,4,0,0,-1,current,0,0,0.6791881894071897,0.6791881894071897,9,9,9,9,9,0,0,1,1.0,1.0,1.0,1.0,1.0,1,1.0,1.0,1.0,1.0,1.0,1,1.0,1.0,1.0,1.0,1.0,1,1.0,1.0,1.0,1.0,1.0
2537,small_component,0,,,,,1,0,0,0,0,0,0,4,0,0,-1,current,0,0,0.6358651419480642,0.6358651419480642,10,9,9,9,9,0,0,1,1.0,1.0,1.0,1.0,1.0,1,1.0,1.0,1.0,1.0,1.0,1,1.0,1.0,1.0,1.0,1.0,1,1.0,1.0,1.0,1.0,1.0
2538,small_component,0,,,,,1,0,0,0,0,0,0,4,0,0,-1,current,0,0,0.6395483762025833,0.6395483762025833,5,1,1,1,1,0,0,0,0.1111111111111111,0.0,0.6666666666666666,0.3333333333333333,0.75,0,0.1111111111111111,0.0,0.6666666666666666,0.3333333333333333,0.75,0,0.1111111111111111,0.0,0.6666666666666666,0.3333333333333333,0.75,0,0.1111111111111111,0.0,0.6666666666666666,0.3333333333333333,0.75
2539,no_strict_e1_improvement,0,,,,,1,0,1,1,1,1,1,4,0,0,-1,current,0,0,0.619259238243103,0.619259238243103,10,0,0,0,0,0,0,0,0.0,0.5,1.0,0.75,0.75,0,0.0,0.5,1.0,0.75,0.75,0,0.0,0.5,1.0,0.75,0.75,0,0.0,0.5,1.0,0.75,0.75
2540,no_strict_e1_improvement,0,,,,,1,0,1,1,1,1,1,4,0,0,-1,current,0,0,0.5662203008929888,0.5662203008929888,10,9,9,9,9,0,0,1,1.0,1.0,1.0,1.0,1.0,1,1.0,1.0,1.0,1.0,1.0,1,1.0,1.0,1.0,1.0,1.0,1,1.0,1.0,1.0,1.0,1.0
2541,no_strict_e1_improvement,0,,,,,1,0,1,1,1,1,1,4,0,0,-1,current,0,0,0.6347925141453743,0.6347925141453743,9,9,9,9,9,0,0,1,1.0,1.0,1.0,1.0,1.0,1,1.0,1.0,1.0,1.0,1.0,1,1.0,1.0,1.0,1.0,1.0,1,1.0,1.0,1.0,1.0,1.0
2542,small_component,0,,,,,1,0,0,0,0,0,0,4,0,0,-1,current,0,0,0.7572231565912565,0.7572231565912565,5,0,0,0,0,0,0,0,0.0,0.5,0.3333333333333333,0.4166666666666667,0.5,0,0.0,0.5,0.3333333333333333,0.4166666666666667,0.5,0,0.0,0.5,0.3333333333333333,0.4166666666666667,0.5,0,0.0,0.5,0.3333333333333333,0.4166666666666667,0.5
2543,max_rounds,0,,,,,1,1,3,2,2,6,6,4,0,0,0,s1a3_greedy,1,0,0.5924510508775711,0.5003009016315142,8,7,7,9,9,2,0,0,0.7777777777777778,0.6666666666666666,0.6666666666666666,0.6666666666666666,0.75,0,0.7777777777777778,0.6666666666666666,0.6666666666666666,0.6666666666666666,0.75,1,1.0,1.0,1.0,1.0,1.0,1,1.0,1.0,1.0,1.0,1.0
2544,no_strict_e1_improvement,0,,,,,1,0,1,1,1,1,1,4,0,0,-1,current,0,0,0.6517879863580068,0.6517879863580068,10,0,0,0,0,0,0,0,0.0,0.5,1.0,0.75,0.75,0,0.0,0.5,1.0,0.75,0.75,0,0.0,0.5,1.0,0.75,0.75,0,0.0,0.5,1.0,0.75,0.75
2545,no_strict_e1_improvement,0,,,,,1,0,1,1,1,1,1,4,0,0,-1,current,0,0,0.6314967249830564,0.6314967249830564,9,0,0,0,0,0,0,0,0.0,0.5,1.0,0.75,0.75,0,0.0,0.5,1.0,0.75,0.75,0,0.0,0.5,1.0,0.75,0.75,0,0.0,0.5,1.0,0.75,0.75
2546,small_component,0,,,,,1,0,0,0,0,0,0,4,0,0,-1,current,0,0,0.6799346307913462,0.6799346307913462,3,3,3,3,3,0,0,0,0.3333333333333333,0.3333333333333333,0.16666666666666666,0.25,0.5,0,0.3333333333333333,0.3333333333333333,0.16666666666666666,0.25,0.5,0,0.3333333333333333,0.3333333333333333,0.16666666666666666,0.25,0.5,0,0.3333333333333333,0.3333333333333333,0.16666666666666666,0.25,0.5
2547,max_rounds,0,,,,,1,1,3,2,2,5,5,4,0,-1,1,profiled_beam,1,1,0.6231397688388824,0.579578715066115,4,0,0,0,0,0,0,0,0.0,0.16666666666666666,0.3333333333333333,0.25,0.5833333333333334,0,0.0,0.16666666666666666,0.3333333333333333,0.25,0.5833333333333334,0,0.0,0.0,0.3333333333333333,0.16666666666666666,0.4166666666666667,0,0.0,0.5,0.3333333333333333,0.4166666666666667,0.75
2548,max_rounds,0,,,,,1,1,2,2,2,6,6,4,0,-1,0,s1a3_greedy,1,0,0.7481064846118292,0.7135751818617185,10,9,9,0,0,-9,0,1,1.0,1.0,1.0,1.0,1.0,1,1.0,1.0,1.0,1.0,1.0,0,0.0,0.5,1.0,0.75,0.75,0,0.0,0.5,1.0,0.75,0.75
2549,no_strict_e1_improvement,0,,,,,1,0,1,1,1,1,1,4,0,0,-1,current,0,0,0.5482166161139806,0.5482166161139806,11,0,0,0,0,0,0,0,0.0,0.5,1.0,0.75,0.75,0,0.0,0.5,1.0,0.75,0.75,0,0.0,0.5,1.0,0.75,0.75,0,0.0,0.5,1.0,0.75,0.75
2550,no_strict_e1_improvement,0,,,,,1,0,1,1,1,1,1,4,0,0,-1,current,0,0,0.4985301196575165,0.4985301196575165,9,9,9,9,9,0,0,1,1.0,1.0,1.0,1.0,1.0,1,1.0,1.0,1.0,1.0,1.0,1,1.0,1.0,1.0,1.0,1.0,1,1.0,1.0,1.0,1.0,1.0
2551,max_rounds,0,,,,,1,1,5,4,4,15,15,4,1,-1,1,profiled_beam,1,1,0.741834245622158,0.7327889253695806,5,0,0,0,0,0,0,0,0.0,0.5,0.8333333333333334,0.6666666666666666,0.6666666666666666,0,0.0,0.5,0.8333333333333334,0.6666666666666666,0.6666666666666666,0,0.0,0.5,0.8333333333333334,0.6666666666666666,0.6666666666666666,0,0.0,0.5,0.8333333333333334,0.6666666666666666,0.6666666666666666
2552,no_strict_e1_improvement,0,,,,,1,0,1,1,1,1,1,4,0,0,-1,current,0,0,0.6794072513779005,0.6794072513779005,7,0,0,0,0,0,0,0,0.0,0.6666666666666666,0.5,0.5833333333333334,0.75,0,0.0,0.6666666666666666,0.5,0.5833333333333334,0.75,0,0.0,0.6666666666666666,0.5,0.5833333333333334,0.75,0,0.0,0.6666666666666666,0.5,0.5833333333333334,0.75
2553,no_strict_e1_improvement,0,,,,,1,0,1,1,1,1,1,4,0,0,-1,current,0,0,0.5149064138531685,0.5149064138531685,6,4,4,4,4,0,0,0,0.4444444444444444,0.3333333333333333,0.5,0.4166666666666667,0.5,0,0.4444444444444444,0.3333333333333333,0.5,0.4166666666666667,0.5,0,0.4444444444444444,0.3333333333333333,0.5,0.4166666666666667,0.5,0,0.4444444444444444,0.3333333333333333,0.5,0.4166666666666667,0.5
2554,no_strict_e1_improvement,0,,,,,1,0,2,2,2,6,6,4,0,0,-1,current,0,0,0.7107970068852106,0.7107970068852106,8,9,9,9,9,0,0,1,1.0,1.0,1.0,1.0,1.0,1,1.0,1.0,1.0,1.0,1.0,1,1.0,1.0,1.0,1.0,1.0,1,1.0,1.0,1.0,1.0,1.0
2555,no_strict_e1_improvement,0,,,,,1,0,1,1,1,1,1,4,0,0,-1,current,0,0,0.5569441542029381,0.5569441542029381,10,9,9,9,9,0,0,1,1.0,1.0,1.0,1.0,1.0,1,1.0,1.0,1.0,1.0,1.0,1,1.0,1.0,1.0,1.0,1.0,1,1.0,1.0,1.0,1.0,1.0
2556,max_rounds,0,,,,,1,1,2,2,2,6,6,4,0,1,0,s1a3_greedy,1,0,0.7144857620199522,0.6829324141144753,6,1,1,1,1,0,0,0,0.1111111111111111,0.3333333333333333,0.6666666666666666,0.5,0.6666666666666666,0,0.1111111111111111,0.3333333333333333,0.6666666666666666,0.5,0.6666666666666666,0,0.1111111111111111,0.3333333333333333,0.6666666666666666,0.5,0.5833333333333334,0,0.1111111111111111,0.3333333333333333,0.6666666666666666,0.5,0.5833333333333334
2557,no_strict_e1_improvement,0,,,,,1,0,1,1,1,1,1,4,0,0,-1,current,0,0,0.6398539816339811,0.6398539816339811,9,6,6,6,6,0,0,0,0.6666666666666666,0.5,0.8333333333333334,0.6666666666666666,0.6666666666666666,0,0.6666666666666666,0.5,0.8333333333333334,0.6666666666666666,0.6666666666666666,0,0.6666666666666666,0.5,0.8333333333333334,0.6666666666666666,0.6666666666666666,0,0.6666666666666666,0.5,0.8333333333333334,0.6666666666666666,0.6666666666666666
2558,no_strict_e1_improvement,0,,,,,1,0,1,1,1,1,1,4,0,0,-1,current,0,0,0.5441323692599932,0.5441323692599932,11,9,9,9,9,0,0,1,1.0,1.0,1.0,1.0,1.0,1,1.0,1.0,1.0,1.0,1.0,1,1.0,1.0,1.0,1.0,1.0,1,1.0,1.0,1.0,1.0,1.0
2559,no_strict_e1_improvement,0,,,,,1,0,1,1,1,1,1,4,0,0,-1,current,0,0,0.5709273343284925,0.5709273343284925,10,9,9,9,9,0,0,1,1.0,1.0,1.0,1.0,1.0,1,1.0,1.0,1.0,1.0,1.0,1,1.0,1.0,1.0,1.0,1.0,1,1.0,1.0,1.0,1.0,1.0
2560,no_strict_e1_improvement,0,,,,,1,0,4,4,4,12,12,4,0,0,-1,current,0,0,0.5212970748543739,0.5212970748543739,7,0,0,0,0,0,0,0,0.0,0.5,1.0,0.75,0.75,0,0.0,0.5,1.0,0.75,0.75,0,0.0,0.5,1.0,0.75,0.75,0,0.0,0.5,1.0,0.75,0.75
2561,no_strict_e1_improvement,0,,,,,1,0,1,1,1,2,2,4,0,0,-1,current,0,0,0.786252997815609,0.786252997815609,5,0,0,0,0,0,0,0,0.0,0.3333333333333333,0.5,0.4166666666666667,0.5833333333333334,0,0.0,0.3333333333333333,0.5,0.4166666666666667,0.5833333333333334,0,0.0,0.3333333333333333,0.5,0.4166666666666667,0.5833333333333334,0,0.0,0.3333333333333333,0.5,0.4166666666666667,0.5833333333333334
2562,max_rounds,0,,,,,1,1,5,4,4,13,13,4,-1,-1,1,profiled_beam,1,1,0.9170118669668833,0.705607275168101,7,0,0,0,9,9,9,0,0.0,0.6666666666666666,0.5,0.5833333333333334,0.5833333333333334,0,0.0,0.6666666666666666,0.5,0.5833333333333334,0.5833333333333334,0,0.0,0.6666666666666666,0.5,0.5833333333333334,0.6666666666666666,1,1.0,1.0,1.0,1.0,1.0
2563,no_strict_e1_improvement,0,,,,,1,0,2,2,2,7,7,4,0,0,-1,current,0,0,0.6188089177012444,0.6188089177012444,10,9,9,9,9,0,0,1,1.0,1.0,1.0,1.0,1.0,1,1.0,1.0,1.0,1.0,1.0,1,1.0,1.0,1.0,1.0,1.0,1,1.0,1.0,1.0,1.0,1.0
2564,max_rounds,0,,,,,1,1,3,2,2,6,6,4,0,-1,0,s1a3_greedy,1,0,0.7548161322871844,0.5977890764673551,9,0,0,0,0,0,0,0,0.0,0.16666666666666666,0.6666666666666666,0.4166666666666667,0.5,0,0.0,0.16666666666666666,0.6666666666666666,0.4166666666666667,0.5,0,0.0,0.5,1.0,0.75,0.75,0,0.0,0.5,1.0,0.75,0.75
2565,no_strict_e1_improvement,0,,,,,1,0,2,2,2,6,6,4,0,0,-1,current,0,0,0.7099500099817911,0.7099500099817911,9,9,9,9,9,0,0,1,1.0,1.0,1.0,1.0,1.0,1,1.0,1.0,1.0,1.0,1.0,1,1.0,1.0,1.0,1.0,1.0,1,1.0,1.0,1.0,1.0,1.0
2566,small_component,0,,,,,1,0,0,0,0,0,0,4,0,0,-1,current,0,0,0.4078300694624583,0.4078300694624583,6,6,6,6,6,0,0,0,0.6666666666666666,0.8333333333333334,0.5,0.6666666666666666,0.6666666666666666,0,0.6666666666666666,0.8333333333333334,0.5,0.6666666666666666,0.6666666666666666,0,0.6666666666666666,0.8333333333333334,0.5,0.6666666666666666,0.6666666666666666,0,0.6666666666666666,0.8333333333333334,0.5,0.6666666666666666,0.6666666666666666
2567,no_strict_e1_improvement,0,,,,,1,0,1,1,1,1,1,4,0,0,-1,current,0,0,0.5907385945320129,0.5907385945320129,6,0,0,0,0,0,0,0,0.0,0.5,0.5,0.5,0.5,0,0.0,0.5,0.5,0.5,0.5,0,0.0,0.5,0.5,0.5,0.5,0,0.0,0.5,0.5,0.5,0.5
2568,no_strict_e1_improvement,0,,,,,1,0,1,1,1,1,1,4,0,0,-1,current,0,0,0.543430099884669,0.543430099884669,10,9,9,9,9,0,0,1,1.0,1.0,1.0,1.0,1.0,1,1.0,1.0,1.0,1.0,1.0,1,1.0,1.0,1.0,1.0,1.0,1,1.0,1.0,1.0,1.0,1.0
2569,no_strict_e1_improvement,0,,,,,1,0,1,1,1,1,1,4,0,0,-1,current,0,0,0.6709485103686651,0.6709485103686651,6,0,0,0,0,0,0,0,0.0,0.8333333333333334,0.5,0.6666666666666666,0.6666666666666666,0,0.0,0.8333333333333334,0.5,0.6666666666666666,0.6666666666666666,0,0.0,0.8333333333333334,0.5,0.6666666666666666,0.6666666666666666,0,0.0,0.8333333333333334,0.5,0.6666666666666666,0.6666666666666666
2570,no_strict_e1_improvement,0,,,,,1,0,1,1,1,1,1,4,0,0,-1,current,0,0,0.6469445253411928,0.6469445253411928,4,0,0,0,0,0,0,0,0.0,0.3333333333333333,0.5,0.4166666666666667,0.5833333333333334,0,0.0,0.3333333333333333,0.5,0.4166666666666667,0.5833333333333334,0,0.0,0.3333333333333333,0.5,0.4166666666666667,0.5833333333333334,0,0.0,0.3333333333333333,0.5,0.4166666666666667,0.5833333333333334
2571,max_rounds,0,,,,,1,1,4,4,4,14,14,4,0,1,0,s1a3_greedy,1,0,0.593254583577315,0.5713980222741762,6,9,9,0,0,-9,0,1,1.0,1.0,1.0,1.0,1.0,1,1.0,1.0,1.0,1.0,1.0,0,0.0,0.5,1.0,0.75,0.75,0,0.0,0.5,1.0,0.75,0.75
2572,no_strict_e1_improvement,0,,,,,1,0,2,2,2,6,6,4,0,0,-1,current,0,0,0.6985694641868273,0.6985694641868273,10,9,9,9,9,0,0,1,1.0,1.0,1.0,1.0,1.0,1,1.0,1.0,1.0,1.0,1.0,1,1.0,1.0,1.0,1.0,1.0,1,1.0,1.0,1.0,1.0,1.0
2573,max_rounds,0,,,,,1,1,5,4,4,14,14,4,-1,-1,1,profiled_beam,1,1,0.7850969930489858,0.6916500578324,7,0,0,5,6,6,1,0,0.0,0.3333333333333333,0.16666666666666666,0.25,0.5,0,0.0,0.3333333333333333,0.16666666666666666,0.25,0.5,0,0.5555555555555556,0.3333333333333333,0.3333333333333333,0.3333333333333333,0.6666666666666666,0,0.6666666666666666,0.3333333333333333,0.5,0.4166666666666667,0.5833333333333334
2574,no_strict_e1_improvement,0,,,,,1,0,1,1,1,1,1,4,0,0,-1,current,0,0,0.5641681998968124,0.5641681998968124,11,9,9,9,9,0,0,1,1.0,1.0,1.0,1.0,1.0,1,1.0,1.0,1.0,1.0,1.0,1,1.0,1.0,1.0,1.0,1.0,1,1.0,1.0,1.0,1.0,1.0
2575,max_rounds,0,,,,,1,1,5,4,4,15,15,4,1,-1,0,s1a3_greedy,1,0,0.7158843949437141,0.7151754945516586,5,0,0,2,2,2,0,0,0.0,0.16666666666666666,0.16666666666666666,0.16666666666666666,0.3333333333333333,0,0.0,0.16666666666666666,0.16666666666666666,0.16666666666666666,0.3333333333333333,0,0.2222222222222222,0.16666666666666666,0.16666666666666666,0.16666666666666666,0.4166666666666667,0,0.2222222222222222,0.16666666666666666,0.16666666666666666,0.16666666666666666,0.4166666666666667
2576,partial_completed__small_component,1,,3,2,4,1,0,0,0,0,0,0,4,0,0,-1,current,1,0,0.6768152043223381,0.6768152043223381,5,2,3,3,3,1,0,0,0.2222222222222222,0.16666666666666666,0.16666666666666666,0.16666666666666666,0.3333333333333333,0,0.3333333333333333,0.16666666666666666,0.3333333333333333,0.25,0.6666666666666666,0,0.3333333333333333,0.16666666666666666,0.3333333333333333,0.25,0.6666666666666666,0,0.3333333333333333,0.16666666666666666,0.3333333333333333,0.25,0.6666666666666666
2577,small_component,0,,,,,1,0,0,0,0,0,0,4,0,0,-1,current,0,0,0.7868319004774094,0.7868319004774094,6,1,1,1,1,0,0,0,0.1111111111111111,0.3333333333333333,0.6666666666666666,0.5,0.5833333333333334,0,0.1111111111111111,0.3333333333333333,0.6666666666666666,0.5,0.5833333333333334,0,0.1111111111111111,0.3333333333333333,0.6666666666666666,0.5,0.5833333333333334,0,0.1111111111111111,0.3333333333333333,0.6666666666666666,0.5,0.5833333333333334
2578,no_strict_e1_improvement,0,,,,,1,0,2,2,2,5,5,4,0,0,-1,current,0,0,0.6145016377170881,0.6145016377170881,6,0,0,0,0,0,0,0,0.0,0.5,1.0,0.75,0.75,0,0.0,0.5,1.0,0.75,0.75,0,0.0,0.5,1.0,0.75,0.75,0,0.0,0.5,1.0,0.75,0.75
2579,no_strict_e1_improvement,0,,,,,1,0,1,1,1,1,1,4,0,0,-1,current,0,0,0.5958840375145277,0.5958840375145277,8,9,9,9,9,0,0,1,1.0,1.0,1.0,1.0,1.0,1,1.0,1.0,1.0,1.0,1.0,1,1.0,1.0,1.0,1.0,1.0,1,1.0,1.0,1.0,1.0,1.0
2580,no_strict_e1_improvement,0,,,,,1,0,1,1,1,1,1,4,0,0,-1,current,0,0,0.6192123120029768,0.6192123120029768,10,9,9,9,9,0,0,1,1.0,1.0,1.0,1.0,1.0,1,1.0,1.0,1.0,1.0,1.0,1,1.0,1.0,1.0,1.0,1.0,1,1.0,1.0,1.0,1.0,1.0
2581,small_component,0,,,,,1,0,0,0,0,0,0,4,0,0,-1,current,0,0,0.698266476392746,0.698266476392746,8,0,0,0,0,0,0,0,0.0,0.5,1.0,0.75,0.75,0,0.0,0.5,1.0,0.75,0.75,0,0.0,0.5,1.0,0.75,0.75,0,0.0,0.5,1.0,0.75,0.75
2582,partial_completed__no_strict_e1_improvement,1,,3,2,4,1,0,2,2,2,6,6,4,0,0,-1,current,1,0,0.708554171025753,0.708554171025753,8,0,0,0,0,0,0,0,0.0,0.0,0.3333333333333333,0.16666666666666666,0.16666666666666666,0,0.0,0.0,0.5,0.25,0.5,0,0.0,0.0,0.5,0.25,0.5,0,0.0,0.0,0.5,0.25,0.5
2583,max_rounds,0,,,,,1,1,2,2,2,6,6,4,-1,0,0,s1a3_greedy,1,0,0.6384912307063738,0.617680641512076,8,0,0,9,9,9,0,0,0.0,1.0,0.5,0.75,0.75,0,0.0,1.0,0.5,0.75,0.75,1,1.0,1.0,1.0,1.0,1.0,1,1.0,1.0,1.0,1.0,1.0
2584,no_strict_e1_improvement,0,,,,,1,0,2,2,2,4,4,4,0,0,-1,current,0,0,0.59378665437301,0.59378665437301,8,0,0,0,0,0,0,0,0.0,0.0,0.5,0.25,0.25,0,0.0,0.0,0.5,0.25,0.25,0,0.0,0.0,0.5,0.25,0.25,0,0.0,0.0,0.5,0.25,0.25
2585,no_strict_e1_improvement,0,,,,,1,0,1,1,1,1,1,4,0,0,-1,current,0,0,0.7262871066729227,0.7262871066729227,9,0,0,0,0,0,0,0,0.0,0.5,0.5,0.5,0.5,0,0.0,0.5,0.5,0.5,0.5,0,0.0,0.5,0.5,0.5,0.5,0,0.0,0.5,0.5,0.5,0.5
2586,no_strict_e1_improvement,0,,,,,1,0,2,2,2,6,6,4,0,0,-1,current,0,0,0.5386707683404287,0.5386707683404287,9,9,9,9,9,0,0,1,1.0,1.0,1.0,1.0,1.0,1,1.0,1.0,1.0,1.0,1.0,1,1.0,1.0,1.0,1.0,1.0,1,1.0,1.0,1.0,1.0,1.0
2587,small_component,0,,,,,1,0,0,0,0,0,0,4,0,0,-1,current,0,0,0.7067217404643694,0.7067217404643694,5,1,1,1,1,0,0,0,0.1111111111111111,0.0,0.0,0.0,0.25,0,0.1111111111111111,0.0,0.0,0.0,0.25,0,0.1111111111111111,0.0,0.0,0.0,0.25,0,0.1111111111111111,0.0,0.0,0.0,0.25
2588,max_rounds,0,,,,,1,1,2,2,2,5,5,4,0,-1,0,s1a3_greedy,1,0,0.7790409177541733,0.6882863168915113,9,0,0,0,0,0,0,0,0.0,0.5,0.5,0.5,0.5,0,0.0,0.5,0.5,0.5,0.5,0,0.0,1.0,0.5,0.75,0.75,0,0.0,1.0,0.5,0.75,0.75
2589,no_strict_e1_improvement,0,,,,,1,0,1,1,1,1,1,4,0,0,-1,current,0,0,0.7627115597327551,0.7627115597327551,9,0,0,0,0,0,0,0,0.0,0.5,0.8333333333333334,0.6666666666666666,0.6666666666666666,0,0.0,0.5,0.8333333333333334,0.6666666666666666,0.6666666666666666,0,0.0,0.5,0.8333333333333334,0.6666666666666666,0.6666666666666666,0,0.0,0.5,0.8333333333333334,0.6666666666666666,0.6666666666666666
2590,max_rounds,0,,,,,1,1,3,2,2,6,6,4,0,-1,0,s1a3_greedy,1,0,0.840870201587677,0.7130661060412725,11,0,0,9,9,9,0,0,0.0,0.5,1.0,0.75,0.75,0,0.0,0.5,1.0,0.75,0.75,1,1.0,1.0,1.0,1.0,1.0,1,1.0,1.0,1.0,1.0,1.0
2591,max_rounds,0,,,,,1,1,5,4,4,16,16,4,0,0,1,profiled_beam,1,1,0.7286632135510445,0.6776854942242304,5,0,0,0,1,1,1,0,0.0,0.0,0.5,0.25,0.3333333333333333,0,0.0,0.0,0.5,0.25,0.3333333333333333,0,0.0,0.16666666666666666,0.16666666666666666,0.16666666666666666,0.5,0,0.1111111111111111,0.3333333333333333,0.3333333333333333,0.3333333333333333,0.5
2592,no_strict_e1_improvement,0,,,,,1,0,1,1,1,1,1,4,0,0,-1,current,0,0,0.6537979741891226,0.6537979741891226,8,6,6,6,6,0,0,0,0.6666666666666666,0.8333333333333334,0.5,0.6666666666666666,0.6666666666666666,0,0.6666666666666666,0.8333333333333334,0.5,0.6666666666666666,0.6666666666666666,0,0.6666666666666666,0.8333333333333334,0.5,0.6666666666666666,0.6666666666666666,0,0.6666666666666666,0.8333333333333334,0.5,0.6666666666666666,0.6666666666666666
2593,no_strict_e1_improvement,0,,,,,1,0,4,4,4,15,15,4,0,0,-1,current,0,0,0.6846937214334806,0.6846937214334806,9,9,9,9,9,0,0,1,1.0,1.0,1.0,1.0,1.0,1,1.0,1.0,1.0,1.0,1.0,1,1.0,1.0,1.0,1.0,1.0,1,1.0,1.0,1.0,1.0,1.0
2594,max_rounds,0,,,,,1,1,2,2,2,6,6,4,0,-1,0,s1a3_greedy,1,0,0.7803218339880308,0.7578380256891251,10,0,0,9,9,9,0,0,0.0,0.5,1.0,0.75,0.75,0,0.0,0.5,1.0,0.75,0.75,1,1.0,1.0,1.0,1.0,1.0,1,1.0,1.0,1.0,1.0,1.0
2595,max_rounds,0,,,,,1,1,2,2,2,7,7,4,0,1,1,profiled_beam,1,1,0.7541168294847012,0.6583849204083284,8,3,3,0,0,-3,0,0,0.3333333333333333,0.5,0.6666666666666666,0.5833333333333334,0.5833333333333334,0,0.3333333333333333,0.5,0.6666666666666666,0.5833333333333334,0.5833333333333334,0,0.0,0.5,0.5,0.5,0.5,0,0.0,0.5,0.6666666666666666,0.5833333333333334,0.5833333333333334
2596,no_strict_e1_improvement,0,,,,,1,0,1,1,1,1,1,4,0,0,-1,current,0,0,0.564381793141365,0.564381793141365,11,9,9,9,9,0,0,1,1.0,1.0,1.0,1.0,1.0,1,1.0,1.0,1.0,1.0,1.0,1,1.0,1.0,1.0,1.0,1.0,1,1.0,1.0,1.0,1.0,1.0
2597,no_strict_e1_improvement,0,,,,,1,0,2,2,2,7,7,4,0,0,-1,current,0,0,0.639212116599083,0.639212116599083,9,9,9,9,9,0,0,1,1.0,1.0,1.0,1.0,1.0,1,1.0,1.0,1.0,1.0,1.0,1,1.0,1.0,1.0,1.0,1.0,1,1.0,1.0,1.0,1.0,1.0
2598,no_strict_e1_improvement,0,,,,,1,0,1,1,1,1,1,4,0,0,-1,current,0,0,0.716465080777804,0.716465080777804,6,0,0,0,0,0,0,0,0.0,0.3333333333333333,0.16666666666666666,0.25,0.4166666666666667,0,0.0,0.3333333333333333,0.16666666666666666,0.25,0.4166666666666667,0,0.0,0.3333333333333333,0.16666666666666666,0.25,0.4166666666666667,0,0.0,0.3333333333333333,0.16666666666666666,0.25,0.4166666666666667
2599,max_rounds,0,,,,,1,1,3,2,2,5,5,4,0,0,0,s1a3_greedy,1,0,0.8473423843582472,0.7782946452498436,7,0,0,0,0,0,0,0,0.0,0.0,0.3333333333333333,0.16666666666666666,0.4166666666666667,0,0.0,0.0,0.3333333333333333,0.16666666666666666,0.4166666666666667,0,0.0,0.0,0.5,0.25,0.5,0,0.0,0.0,0.5,0.25,0.5
2600,small_component,0,,,,,1,0,0,0,0,0,0,4,0,0,-1,current,0,0,1.0674261823296547,1.0674261823296547,4,4,4,4,4,0,0,0,0.4444444444444444,0.0,0.5,0.25,0.4166666666666667,0,0.4444444444444444,0.0,0.5,0.25,0.4166666666666667,0,0.4444444444444444,0.0,0.5,0.25,0.4166666666666667,0,0.4444444444444444,0.0,0.5,0.25,0.4166666666666667
2601,small_component,0,,,,,1,0,0,0,0,0,0,4,0,0,-1,current,0,0,0.6615576048692068,0.6615576048692068,5,0,0,0,0,0,0,0,0.0,0.16666666666666666,0.6666666666666666,0.4166666666666667,0.5833333333333334,0,0.0,0.16666666666666666,0.6666666666666666,0.4166666666666667,0.5833333333333334,0,0.0,0.16666666666666666,0.6666666666666666,0.4166666666666667,0.5833333333333334,0,0.0,0.16666666666666666,0.6666666666666666,0.4166666666666667,0.5833333333333334
2602,no_strict_e1_improvement,0,,,,,1,0,1,1,1,1,1,4,0,0,-1,current,0,0,0.6149667377273241,0.6149667377273241,10,0,0,0,0,0,0,0,0.0,0.5,1.0,0.75,0.75,0,0.0,0.5,1.0,0.75,0.75,0,0.0,0.5,1.0,0.75,0.75,0,0.0,0.5,1.0,0.75,0.75
2603,no_strict_e1_improvement,0,,,,,1,0,1,1,1,1,1,4,0,0,-1,current,0,0,0.6365742012858391,0.6365742012858391,7,9,9,9,9,0,0,1,1.0,1.0,1.0,1.0,1.0,1,1.0,1.0,1.0,1.0,1.0,1,1.0,1.0,1.0,1.0,1.0,1,1.0,1.0,1.0,1.0,1.0
2604,no_strict_e1_improvement,0,,,,,1,0,1,1,1,1,1,4,0,0,-1,current,0,0,0.6783374771475792,0.6783374771475792,7,7,7,7,7,0,0,0,0.7777777777777778,0.6666666666666666,0.6666666666666666,0.6666666666666666,0.8333333333333334,0,0.7777777777777778,0.6666666666666666,0.6666666666666666,0.6666666666666666,0.8333333333333334,0,0.7777777777777778,0.6666666666666666,0.6666666666666666,0.6666666666666666,0.8333333333333334,0,0.7777777777777778,0.6666666666666666,0.6666666666666666,0.6666666666666666,0.8333333333333334
2605,max_rounds,0,,,,,1,1,3,2,2,7,7,4,0,1,1,profiled_beam,1,1,0.7183699781696001,0.5259563202659289,9,7,7,0,0,-7,0,0,0.7777777777777778,0.6666666666666666,0.6666666666666666,0.6666666666666666,0.75,0,0.7777777777777778,0.6666666666666666,0.6666666666666666,0.6666666666666666,0.75,0,0.0,0.5,0.6666666666666666,0.5833333333333334,0.6666666666666666,0,0.0,0.5,1.0,0.75,0.75
2606,no_strict_e1_improvement,0,,,,,1,0,1,1,1,1,1,4,0,0,-1,current,0,0,0.6304421002666155,0.6304421002666155,10,9,9,9,9,0,0,1,1.0,1.0,1.0,1.0,1.0,1,1.0,1.0,1.0,1.0,1.0,1,1.0,1.0,1.0,1.0,1.0,1,1.0,1.0,1.0,1.0,1.0
2607,no_strict_e1_improvement,0,,,,,1,0,1,1,1,1,1,4,0,0,-1,current,0,0,0.6943096568187078,0.6943096568187078,9,0,0,0,0,0,0,0,0.0,0.5,1.0,0.75,0.75,0,0.0,0.5,1.0,0.75,0.75,0,0.0,0.5,1.0,0.75,0.75,0,0.0,0.5,1.0,0.75,0.75
2608,no_strict_e1_improvement,0,,,,,1,0,1,1,1,1,1,4,0,0,-1,current,0,0,0.6247551317016283,0.6247551317016283,11,0,0,0,0,0,0,0,0.0,0.5,1.0,0.75,0.75,0,0.0,0.5,1.0,0.75,0.75,0,0.0,0.5,1.0,0.75,0.75,0,0.0,0.5,1.0,0.75,0.75
2609,no_strict_e1_improvement,0,,,,,1,0,1,1,1,1,1,4,0,0,-1,current,0,0,0.6787660668293635,0.6787660668293635,10,9,9,9,9,0,0,1,1.0,1.0,1.0,1.0,1.0,1,1.0,1.0,1.0,1.0,1.0,1,1.0,1.0,1.0,1.0,1.0,1,1.0,1.0,1.0,1.0,1.0
2610,no_strict_e1_improvement,0,,,,,1,0,1,1,1,1,1,4,0,0,-1,current,0,0,0.5479352449377378,0.5479352449377378,9,9,9,9,9,0,0,1,1.0,1.0,1.0,1.0,1.0,1,1.0,1.0,1.0,1.0,1.0,1,1.0,1.0,1.0,1.0,1.0,1,1.0,1.0,1.0,1.0,1.0
2611,no_strict_e1_improvement,0,,,,,1,0,2,2,2,7,7,4,0,0,-1,current,0,0,0.6814683427413305,0.6814683427413305,6,0,0,0,0,0,0,0,0.0,1.0,0.5,0.75,0.75,0,0.0,1.0,0.5,0.75,0.75,0,0.0,1.0,0.5,0.75,0.75,0,0.0,1.0,0.5,0.75,0.75
2612,max_rounds,0,,,,,1,1,2,2,2,8,8,4,0,1,1,profiled_beam,1,1,0.7201353584726652,0.7129071404536566,6,7,7,1,1,-6,0,0,0.7777777777777778,0.6666666666666666,0.6666666666666666,0.6666666666666666,0.75,0,0.7777777777777778,0.6666666666666666,0.6666666666666666,0.6666666666666666,0.75,0,0.1111111111111111,0.3333333333333333,0.6666666666666666,0.5,0.5,0,0.1111111111111111,0.3333333333333333,0.6666666666666666,0.5,0.5833333333333334
2613,no_strict_e1_improvement,0,,,,,1,0,1,1,1,1,1,4,0,0,-1,current,0,0,0.7526319672664007,0.7526319672664007,9,0,0,0,0,0,0,0,0.0,0.5,0.8333333333333334,0.6666666666666666,0.6666666666666666,0,0.0,0.5,0.8333333333333334,0.6666666666666666,0.6666666666666666,0,0.0,0.5,0.8333333333333334,0.6666666666666666,0.6666666666666666,0,0.0,0.5,0.8333333333333334,0.6666666666666666,0.6666666666666666
2614,no_strict_e1_improvement,0,,,,,1,0,1,1,1,1,1,4,0,0,-1,current,0,0,0.7749929825464884,0.7749929825464884,8,0,0,0,0,0,0,0,0.0,0.5,0.8333333333333334,0.6666666666666666,0.6666666666666666,0,0.0,0.5,0.8333333333333334,0.6666666666666666,0.6666666666666666,0,0.0,0.5,0.8333333333333334,0.6666666666666666,0.6666666666666666,0,0.0,0.5,0.8333333333333334,0.6666666666666666,0.6666666666666666
2615,no_strict_e1_improvement,0,,,,,1,0,4,4,4,11,11,4,0,0,-1,current,0,0,0.5615732197960218,0.5615732197960218,7,3,3,3,3,0,0,0,0.3333333333333333,0.5,0.6666666666666666,0.5833333333333334,0.5833333333333334,0,0.3333333333333333,0.5,0.6666666666666666,0.5833333333333334,0.5833333333333334,0,0.3333333333333333,0.5,0.6666666666666666,0.5833333333333334,0.5833333333333334,0,0.3333333333333333,0.5,0.6666666666666666,0.5833333333333334,0.5833333333333334
2616,max_rounds,0,,,,,1,1,3,2,2,7,7,4,0,1,0,s1a3_greedy,1,0,0.7000595430533091,0.6804765611886978,6,0,0,0,0,0,0,0,0.0,0.3333333333333333,0.3333333333333333,0.3333333333333333,0.5,0,0.0,0.3333333333333333,0.3333333333333333,0.3333333333333333,0.5,0,0.0,0.6666666666666666,0.5,0.5833333333333334,0.6666666666666666,0,0.0,0.6666666666666666,0.5,0.5833333333333334,0.6666666666666666
2617,small_component,0,,,,,1,0,0,0,0,0,0,4,0,0,-1,current,0,0,0.93141836921374,0.93141836921374,4,1,1,1,1,0,0,0,0.1111111111111111,0.16666666666666666,0.0,0.08333333333333333,0.4166666666666667,0,0.1111111111111111,0.16666666666666666,0.0,0.08333333333333333,0.4166666666666667,0,0.1111111111111111,0.16666666666666666,0.0,0.08333333333333333,0.4166666666666667,0,0.1111111111111111,0.16666666666666666,0.0,0.08333333333333333,0.4166666666666667
2618,no_strict_e1_improvement,0,,,,,1,0,1,1,1,1,1,4,0,0,-1,current,0,0,0.5290425047278404,0.5290425047278404,9,9,9,9,9,0,0,1,1.0,1.0,1.0,1.0,1.0,1,1.0,1.0,1.0,1.0,1.0,1,1.0,1.0,1.0,1.0,1.0,1,1.0,1.0,1.0,1.0,1.0
2619,small_component,0,,,,,1,0,0,0,0,0,0,4,0,0,-1,current,0,0,0.8716418718298277,0.8716418718298277,5,3,3,3,3,0,0,0,0.3333333333333333,0.3333333333333333,0.16666666666666666,0.25,0.5833333333333334,0,0.3333333333333333,0.3333333333333333,0.16666666666666666,0.25,0.5833333333333334,0,0.3333333333333333,0.3333333333333333,0.16666666666666666,0.25,0.5833333333333334,0,0.3333333333333333,0.3333333333333333,0.16666666666666666,0.25,0.5833333333333334
2620,max_rounds,0,,,,,1,1,4,4,4,13,13,4,1,0,0,s1a3_greedy,1,0,0.6866277505954107,0.6111536423365275,7,0,0,9,9,9,0,0,0.0,1.0,0.5,0.75,0.75,0,0.0,1.0,0.5,0.75,0.75,1,1.0,1.0,1.0,1.0,1.0,1,1.0,1.0,1.0,1.0,1.0
2621,no_strict_e1_improvement,0,,,,,1,0,1,1,1,2,2,4,0,0,-1,current,0,0,0.7604356358448664,0.7604356358448664,7,0,0,0,0,0,0,0,0.0,0.16666666666666666,0.5,0.3333333333333333,0.4166666666666667,0,0.0,0.16666666666666666,0.5,0.3333333333333333,0.4166666666666667,0,0.0,0.16666666666666666,0.5,0.3333333333333333,0.4166666666666667,0,0.0,0.16666666666666666,0.5,0.3333333333333333,0.4166666666666667
2622,max_rounds,0,,,,,1,1,2,2,2,7,7,4,-1,0,1,profiled_beam,1,1,0.6640116771062216,0.650281069179376,6,0,0,0,0,0,0,0,0.0,0.8333333333333334,0.0,0.4166666666666667,0.4166666666666667,0,0.0,0.8333333333333334,0.0,0.4166666666666667,0.4166666666666667,0,0.0,0.8333333333333334,0.0,0.4166666666666667,0.4166666666666667,0,0.0,0.8333333333333334,0.5,0.6666666666666666,0.6666666666666666
2623,no_strict_e1_improvement,0,,,,,1,0,4,4,4,14,14,4,0,0,-1,current,0,0,0.599530391395092,0.599530391395092,9,9,9,9,9,0,0,1,1.0,1.0,1.0,1.0,1.0,1,1.0,1.0,1.0,1.0,1.0,1,1.0,1.0,1.0,1.0,1.0,1,1.0,1.0,1.0,1.0,1.0
2624,no_strict_e1_improvement,0,,,,,1,0,1,1,1,1,1,4,0,0,-1,current,0,0,0.6291626344124476,0.6291626344124476,7,0,0,0,0,0,0,0,0.0,0.5,1.0,0.75,0.75,0,0.0,0.5,1.0,0.75,0.75,0,0.0,0.5,1.0,0.75,0.75,0,0.0,0.5,1.0,0.75,0.75
2625,partial_completed__max_rounds,1,,3,2,3,1,1,5,4,4,15,15,4,0,0,1,profiled_beam,1,1,0.8085009381175041,0.781131791571776,7,4,5,3,3,-1,0,0,0.4444444444444444,0.16666666666666666,0.5,0.3333333333333333,0.4166666666666667,0,0.5555555555555556,0.16666666666666666,0.6666666666666666,0.4166666666666667,0.75,0,0.3333333333333333,0.0,0.6666666666666666,0.3333333333333333,0.3333333333333333,0,0.3333333333333333,0.0,0.5,0.25,0.4166666666666667
2626,small_component,0,,,,,1,0,0,0,0,0,0,4,0,0,-1,current,0,0,0.758624424537023,0.758624424537023,6,9,9,9,9,0,0,1,1.0,1.0,1.0,1.0,1.0,1,1.0,1.0,1.0,1.0,1.0,1,1.0,1.0,1.0,1.0,1.0,1,1.0,1.0,1.0,1.0,1.0
2627,max_rounds,0,,,,,1,1,2,2,2,6,6,4,-1,0,1,profiled_beam,1,1,0.6167857175072035,0.562579962114493,7,9,9,9,0,-9,-9,1,1.0,1.0,1.0,1.0,1.0,1,1.0,1.0,1.0,1.0,1.0,1,1.0,1.0,1.0,1.0,1.0,0,0.0,1.0,0.5,0.75,0.75
2628,small_component,0,,,,,1,0,0,0,0,0,0,4,0,0,-1,current,0,0,0.7438159783681234,0.7438159783681234,6,5,5,5,5,0,0,0,0.5555555555555556,0.3333333333333333,0.3333333333333333,0.3333333333333333,0.5,0,0.5555555555555556,0.3333333333333333,0.3333333333333333,0.3333333333333333,0.5,0,0.5555555555555556,0.3333333333333333,0.3333333333333333,0.3333333333333333,0.5,0,0.5555555555555556,0.3333333333333333,0.3333333333333333,0.3333333333333333,0.5
2629,no_strict_e1_improvement,0,,,,,1,0,1,1,1,1,1,4,0,0,-1,current,0,0,0.6854710703094801,0.6854710703094801,8,0,0,0,0,0,0,0,0.0,0.8333333333333334,0.0,0.4166666666666667,0.4166666666666667,0,0.0,0.8333333333333334,0.0,0.4166666666666667,0.4166666666666667,0,0.0,0.8333333333333334,0.0,0.4166666666666667,0.4166666666666667,0,0.0,0.8333333333333334,0.0,0.4166666666666667,0.4166666666666667
2630,no_strict_e1_improvement,0,,,,,1,0,1,1,1,1,1,4,0,0,-1,current,0,0,0.7209971298774084,0.7209971298774084,5,0,0,0,0,0,0,0,0.0,0.0,0.5,0.25,0.5833333333333334,0,0.0,0.0,0.5,0.25,0.5833333333333334,0,0.0,0.0,0.5,0.25,0.5833333333333334,0,0.0,0.0,0.5,0.25,0.5833333333333334
2631,max_rounds,0,,,,,1,1,5,4,4,13,13,4,0,0,0,s1a3_greedy,1,0,0.5678009192148844,0.5201272194584211,5,7,7,9,9,2,0,0,0.7777777777777778,0.6666666666666666,0.6666666666666666,0.6666666666666666,0.75,0,0.7777777777777778,0.6666666666666666,0.6666666666666666,0.6666666666666666,0.75,1,1.0,1.0,1.0,1.0,1.0,1,1.0,1.0,1.0,1.0,1.0
2632,max_rounds,0,,,,,1,1,3,2,2,7,7,4,0,0,1,profiled_beam,1,1,0.7814811964829763,0.7627911816040674,9,6,6,6,9,3,3,0,0.6666666666666666,0.5,0.8333333333333334,0.6666666666666666,0.6666666666666666,0,0.6666666666666666,0.5,0.8333333333333334,0.6666666666666666,0.6666666666666666,0,0.6666666666666666,0.5,0.8333333333333334,0.6666666666666666,0.6666666666666666,1,1.0,1.0,1.0,1.0,1.0
2633,no_strict_e1_improvement,0,,,,,1,0,1,1,1,1,1,4,0,0,-1,current,0,0,0.6670031969745954,0.6670031969745954,8,0,0,0,0,0,0,0,0.0,0.5,0.8333333333333334,0.6666666666666666,0.6666666666666666,0,0.0,0.5,0.8333333333333334,0.6666666666666666,0.6666666666666666,0,0.0,0.5,0.8333333333333334,0.6666666666666666,0.6666666666666666,0,0.0,0.5,0.8333333333333334,0.6666666666666666,0.6666666666666666
2634,no_strict_e1_improvement,0,,,,,1,0,2,2,2,7,7,4,0,0,-1,current,0,0,0.7088022629419962,0.7088022629419962,8,9,9,9,9,0,0,1,1.0,1.0,1.0,1.0,1.0,1,1.0,1.0,1.0,1.0,1.0,1,1.0,1.0,1.0,1.0,1.0,1,1.0,1.0,1.0,1.0,1.0
2635,max_rounds,0,,,,,1,1,3,2,2,5,5,4,0,0,0,s1a3_greedy,1,0,0.9528181354204813,0.8106415917476019,6,1,1,0,0,-1,0,0,0.1111111111111111,0.0,0.5,0.25,0.5,0,0.1111111111111111,0.0,0.5,0.25,0.5,0,0.0,0.16666666666666666,0.6666666666666666,0.4166666666666667,0.5,0,0.0,0.16666666666666666,0.6666666666666666,0.4166666666666667,0.5
2636,max_rounds,0,,,,,1,1,5,4,4,14,14,4,0,0,0,s1a3_greedy,1,0,0.6623045727610588,0.5500233968098959,6,2,2,3,3,1,0,0,0.2222222222222222,0.16666666666666666,0.6666666666666666,0.4166666666666667,0.75,0,0.2222222222222222,0.16666666666666666,0.6666666666666666,0.4166666666666667,0.75,0,0.3333333333333333,0.0,1.0,0.5,1.0,0,0.3333333333333333,0.0,1.0,0.5,1.0
2637,max_rounds,0,,,,,1,1,2,2,2,6,6,4,0,1,0,s1a3_greedy,1,0,0.8056269933780035,0.7707957575718561,10,9,9,0,0,-9,0,1,1.0,1.0,1.0,1.0,1.0,1,1.0,1.0,1.0,1.0,1.0,0,0.0,0.5,1.0,0.75,0.75,0,0.0,0.5,1.0,0.75,0.75
2638,max_rounds,0,,,,,1,1,2,2,2,7,7,4,-1,0,1,profiled_beam,1,1,0.7509169454375902,0.6569891348481178,5,0,0,1,1,1,0,0,0.0,0.3333333333333333,0.16666666666666666,0.25,0.4166666666666667,0,0.0,0.3333333333333333,0.16666666666666666,0.25,0.4166666666666667,0,0.1111111111111111,0.3333333333333333,0.16666666666666666,0.25,0.4166666666666667,0,0.1111111111111111,0.3333333333333333,0.6666666666666666,0.5,0.6666666666666666
2639,no_strict_e1_improvement,0,,,,,1,0,1,1,1,1,1,4,0,0,-1,current,0,0,0.5655971094965935,0.5655971094965935,10,0,0,0,0,0,0,0,0.0,0.5,0.8333333333333334,0.6666666666666666,0.6666666666666666,0,0.0,0.5,0.8333333333333334,0.6666666666666666,0.6666666666666666,0,0.0,0.5,0.8333333333333334,0.6666666666666666,0.6666666666666666,0,0.0,0.5,0.8333333333333334,0.6666666666666666,0.6666666666666666
2640,no_strict_e1_improvement,0,,,,,1,0,1,1,1,1,1,4,0,0,-1,current,0,0,0.6824352368712425,0.6824352368712425,8,0,0,0,0,0,0,0,0.0,0.5,1.0,0.75,0.75,0,0.0,0.5,1.0,0.75,0.75,0,0.0,0.5,1.0,0.75,0.75,0,0.0,0.5,1.0,0.75,0.75
2641,small_component,0,,,,,1,0,0,0,0,0,0,4,0,0,-1,current,0,0,0.8192730272809664,0.8192730272809664,4,2,2,2,2,0,0,0,0.2222222222222222,0.16666666666666666,0.0,0.08333333333333333,0.16666666666666666,0,0.2222222222222222,0.16666666666666666,0.0,0.08333333333333333,0.16666666666666666,0,0.2222222222222222,0.16666666666666666,0.0,0.08333333333333333,0.16666666666666666,0,0.2222222222222222,0.16666666666666666,0.0,0.08333333333333333,0.16666666666666666
2642,no_strict_e1_improvement,0,,,,,1,0,4,4,4,12,12,4,0,0,-1,current,0,0,0.7601122359434763,0.7601122359434763,8,0,0,0,0,0,0,0,0.0,0.5,1.0,0.75,0.75,0,0.0,0.5,1.0,0.75,0.75,0,0.0,0.5,1.0,0.75,0.75,0,0.0,0.5,1.0,0.75,0.75
2643,no_strict_e1_improvement,0,,,,,1,0,1,1,1,1,1,4,0,0,-1,current,0,0,0.6828226298093796,0.6828226298093796,8,9,9,9,9,0,0,1,1.0,1.0,1.0,1.0,1.0,1,1.0,1.0,1.0,1.0,1.0,1,1.0,1.0,1.0,1.0,1.0,1,1.0,1.0,1.0,1.0,1.0
2644,partial_completed__max_rounds,1,,3,2,4,1,1,3,2,2,5,5,4,0,0,0,s1a3_greedy,1,0,0.8519736801584562,0.7272438307603201,8,0,1,0,0,0,0,0,0.0,0.3333333333333333,0.16666666666666666,0.25,0.25,0,0.1111111111111111,0.3333333333333333,0.3333333333333333,0.3333333333333333,0.5,0,0.0,0.5,0.6666666666666666,0.5833333333333334,0.5833333333333334,0,0.0,0.5,0.6666666666666666,0.5833333333333334,0.5833333333333334
2645,partial_completed__no_strict_e1_improvement,1,,3,2,4,1,0,1,1,1,1,1,4,0,0,-1,current,1,0,0.5999017010132471,0.5999017010132471,7,1,1,1,1,0,0,0,0.1111111111111111,0.16666666666666666,0.16666666666666666,0.16666666666666666,0.25,0,0.1111111111111111,0.3333333333333333,0.6666666666666666,0.5,0.5833333333333334,0,0.1111111111111111,0.3333333333333333,0.6666666666666666,0.5,0.5833333333333334,0,0.1111111111111111,0.3333333333333333,0.6666666666666666,0.5,0.5833333333333334
2646,no_strict_e1_improvement,0,,,,,1,0,1,1,1,1,1,4,0,0,-1,current,0,0,0.7626311331987381,0.7626311331987381,6,5,5,5,5,0,0,0,0.5555555555555556,0.3333333333333333,0.6666666666666666,0.5,0.6666666666666666,0,0.5555555555555556,0.3333333333333333,0.6666666666666666,0.5,0.6666666666666666,0,0.5555555555555556,0.3333333333333333,0.6666666666666666,0.5,0.6666666666666666,0,0.5555555555555556,0.3333333333333333,0.6666666666666666,0.5,0.6666666666666666
2647,max_rounds,0,,,,,1,1,3,2,2,7,7,4,0,0,0,s1a3_greedy,1,0,0.6289745966593424,0.6102747172117233,7,1,1,0,0,-1,0,0,0.1111111111111111,0.5,0.3333333333333333,0.4166666666666667,0.5,0,0.1111111111111111,0.5,0.3333333333333333,0.4166666666666667,0.5,0,0.0,0.6666666666666666,0.3333333333333333,0.5,0.6666666666666666,0,0.0,0.6666666666666666,0.3333333333333333,0.5,0.6666666666666666
2648,partial_completed__max_rounds,1,,3,2,4,1,1,5,4,4,15,15,4,0,0,1,profiled_beam,1,1,0.8290352622667948,0.6407693674166998,5,0,0,3,0,0,-3,0,0.0,0.16666666666666666,0.3333333333333333,0.25,0.25,0,0.0,0.3333333333333333,0.3333333333333333,0.3333333333333333,0.4166666666666667,0,0.3333333333333333,0.6666666666666666,0.5,0.5833333333333334,0.5833333333333334,0,0.0,0.5,1.0,0.75,0.75
2649,no_strict_e1_improvement,0,,,,,1,0,1,1,1,1,1,4,0,0,-1,current,0,0,0.7369691158334414,0.7369691158334414,11,0,0,0,0,0,0,0,0.0,0.5,1.0,0.75,0.75,0,0.0,0.5,1.0,0.75,0.75,0,0.0,0.5,1.0,0.75,0.75,0,0.0,0.5,1.0,0.75,0.75
2650,no_strict_e1_improvement,0,,,,,1,0,1,1,1,1,1,4,0,0,-1,current,0,0,0.6210846031705538,0.6210846031705538,8,0,0,0,0,0,0,0,0.0,0.5,1.0,0.75,0.75,0,0.0,0.5,1.0,0.75,0.75,0,0.0,0.5,1.0,0.75,0.75,0,0.0,0.5,1.0,0.75,0.75
2651,no_strict_e1_improvement,0,,,,,1,0,1,1,1,1,1,4,0,0,-1,current,0,0,0.6781064843138059,0.6781064843138059,9,0,0,0,0,0,0,0,0.0,1.0,0.5,0.75,0.75,0,0.0,1.0,0.5,0.75,0.75,0,0.0,1.0,0.5,0.75,0.75,0,0.0,1.0,0.5,0.75,0.75
2652,no_strict_e1_improvement,0,,,,,1,0,1,1,1,1,1,4,0,0,-1,current,0,0,0.5996949449181557,0.5996949449181557,8,9,9,9,9,0,0,1,1.0,1.0,1.0,1.0,1.0,1,1.0,1.0,1.0,1.0,1.0,1,1.0,1.0,1.0,1.0,1.0,1,1.0,1.0,1.0,1.0,1.0
2653,max_rounds,0,,,,,1,1,2,2,2,6,6,4,0,-1,1,profiled_beam,1,1,0.8697242389122645,0.8317576597134272,6,0,0,6,7,7,1,0,0.0,0.3333333333333333,0.5,0.4166666666666667,0.5833333333333334,0,0.0,0.3333333333333333,0.5,0.4166666666666667,0.5833333333333334,0,0.6666666666666666,0.5,0.5,0.5,0.6666666666666666,0,0.7777777777777778,0.5,0.5,0.5,0.8333333333333334
2654,no_strict_e1_improvement,0,,,,,1,0,2,2,2,5,5,4,0,0,-1,current,0,0,0.5847981696327528,0.5847981696327528,10,9,9,9,9,0,0,1,1.0,1.0,1.0,1.0,1.0,1,1.0,1.0,1.0,1.0,1.0,1,1.0,1.0,1.0,1.0,1.0,1,1.0,1.0,1.0,1.0,1.0
2655,no_strict_e1_improvement,0,,,,,1,0,1,1,1,1,1,4,0,0,-1,current,0,0,0.7688010260462761,0.7688010260462761,8,9,9,9,9,0,0,1,1.0,1.0,1.0,1.0,1.0,1,1.0,1.0,1.0,1.0,1.0,1,1.0,1.0,1.0,1.0,1.0,1,1.0,1.0,1.0,1.0,1.0
2656,no_strict_e1_improvement,0,,,,,1,0,1,1,1,1,1,4,0,0,-1,current,0,0,0.5829808562994003,0.5829808562994003,9,0,0,0,0,0,0,0,0.0,0.0,0.5,0.25,0.5,0,0.0,0.0,0.5,0.25,0.5,0,0.0,0.0,0.5,0.25,0.5,0,0.0,0.0,0.5,0.25,0.5
2657,no_strict_e1_improvement,0,,,,,1,0,1,1,1,1,1,4,0,0,-1,current,0,0,0.4933121105035146,0.4933121105035146,9,9,9,9,9,0,0,1,1.0,1.0,1.0,1.0,1.0,1,1.0,1.0,1.0,1.0,1.0,1,1.0,1.0,1.0,1.0,1.0,1,1.0,1.0,1.0,1.0,1.0
2658,no_strict_e1_improvement,0,,,,,1,0,1,1,1,1,1,4,0,0,-1,current,0,0,0.6331886276602745,0.6331886276602745,8,0,0,0,0,0,0,0,0.0,0.5,1.0,0.75,0.75,0,0.0,0.5,1.0,0.75,0.75,0,0.0,0.5,1.0,0.75,0.75,0,0.0,0.5,1.0,0.75,0.75
2659,no_strict_e1_improvement,0,,,,,1,0,1,1,1,1,1,4,0,0,-1,current,0,0,0.6806851476430893,0.6806851476430893,7,9,9,9,9,0,0,1,1.0,1.0,1.0,1.0,1.0,1,1.0,1.0,1.0,1.0,1.0,1,1.0,1.0,1.0,1.0,1.0,1,1.0,1.0,1.0,1.0,1.0
2660,no_strict_e1_improvement,0,,,,,1,0,1,1,1,1,1,4,0,0,-1,current,0,0,0.7509430994590124,0.7509430994590124,9,0,0,0,0,0,0,0,0.0,0.5,0.8333333333333334,0.6666666666666666,0.6666666666666666,0,0.0,0.5,0.8333333333333334,0.6666666666666666,0.6666666666666666,0,0.0,0.5,0.8333333333333334,0.6666666666666666,0.6666666666666666,0,0.0,0.5,0.8333333333333334,0.6666666666666666,0.6666666666666666
2661,no_strict_e1_improvement,0,,,,,1,0,1,1,1,1,1,4,0,0,-1,current,0,0,0.6164344400167465,0.6164344400167465,11,9,9,9,9,0,0,1,1.0,1.0,1.0,1.0,1.0,1,1.0,1.0,1.0,1.0,1.0,1,1.0,1.0,1.0,1.0,1.0,1,1.0,1.0,1.0,1.0,1.0
2662,no_strict_e1_improvement,0,,,,,1,0,1,1,1,1,1,4,0,0,-1,current,0,0,0.6573174322644869,0.6573174322644869,8,0,0,0,0,0,0,0,0.0,0.6666666666666666,0.5,0.5833333333333334,0.6666666666666666,0,0.0,0.6666666666666666,0.5,0.5833333333333334,0.6666666666666666,0,0.0,0.6666666666666666,0.5,0.5833333333333334,0.6666666666666666,0,0.0,0.6666666666666666,0.5,0.5833333333333334,0.6666666666666666
2663,no_strict_e1_improvement,0,,,,,1,0,2,2,2,6,6,4,0,0,-1,current,0,0,0.6933598419030508,0.6933598419030508,11,0,0,0,0,0,0,0,0.0,0.5,0.8333333333333334,0.6666666666666666,0.6666666666666666,0,0.0,0.5,0.8333333333333334,0.6666666666666666,0.6666666666666666,0,0.0,0.5,0.8333333333333334,0.6666666666666666,0.6666666666666666,0,0.0,0.5,0.8333333333333334,0.6666666666666666,0.6666666666666666
2664,no_strict_e1_improvement,0,,,,,1,0,1,1,1,1,1,4,0,0,-1,current,0,0,0.5037611052393913,0.5037611052393913,9,9,9,9,9,0,0,1,1.0,1.0,1.0,1.0,1.0,1,1.0,1.0,1.0,1.0,1.0,1,1.0,1.0,1.0,1.0,1.0,1,1.0,1.0,1.0,1.0,1.0
2665,no_strict_e1_improvement,0,,,,,1,0,2,2,2,7,7,4,0,0,-1,current,0,0,0.6610382149616877,0.6610382149616877,10,9,9,9,9,0,0,1,1.0,1.0,1.0,1.0,1.0,1,1.0,1.0,1.0,1.0,1.0,1,1.0,1.0,1.0,1.0,1.0,1,1.0,1.0,1.0,1.0,1.0
2666,no_strict_e1_improvement,0,,,,,1,0,1,1,1,1,1,4,0,0,-1,current,0,0,0.6948601454496384,0.6948601454496384,8,9,9,9,9,0,0,1,1.0,1.0,1.0,1.0,1.0,1,1.0,1.0,1.0,1.0,1.0,1,1.0,1.0,1.0,1.0,1.0,1,1.0,1.0,1.0,1.0,1.0
2667,no_strict_e1_improvement,0,,,,,1,0,1,1,1,1,1,4,0,0,-1,current,0,0,0.5477563192447027,0.5477563192447027,7,0,0,0,0,0,0,0,0.0,0.5,0.6666666666666666,0.5833333333333334,0.5833333333333334,0,0.0,0.5,0.6666666666666666,0.5833333333333334,0.5833333333333334,0,0.0,0.5,0.6666666666666666,0.5833333333333334,0.5833333333333334,0,0.0,0.5,0.6666666666666666,0.5833333333333334,0.5833333333333334
2668,no_strict_e1_improvement,0,,,,,1,0,1,1,1,2,2,4,0,0,-1,current,0,0,0.724047934015592,0.724047934015592,7,0,0,0,0,0,0,0,0.0,0.5,0.6666666666666666,0.5833333333333334,0.5833333333333334,0,0.0,0.5,0.6666666666666666,0.5833333333333334,0.5833333333333334,0,0.0,0.5,0.6666666666666666,0.5833333333333334,0.5833333333333334,0,0.0,0.5,0.6666666666666666,0.5833333333333334,0.5833333333333334
2669,no_strict_e1_improvement,0,,,,,1,0,1,1,1,1,1,4,0,0,-1,current,0,0,0.5901107539733251,0.5901107539733251,8,3,3,3,3,0,0,0,0.3333333333333333,0.0,1.0,0.5,0.75,0,0.3333333333333333,0.0,1.0,0.5,0.75,0,0.3333333333333333,0.0,1.0,0.5,0.75,0,0.3333333333333333,0.0,1.0,0.5,0.75
2670,no_strict_e1_improvement,0,,,,,1,0,1,1,1,1,1,4,0,0,-1,current,0,0,0.4911591758330663,0.4911591758330663,6,0,0,0,0,0,0,0,0.0,0.3333333333333333,0.16666666666666666,0.25,0.4166666666666667,0,0.0,0.3333333333333333,0.16666666666666666,0.25,0.4166666666666667,0,0.0,0.3333333333333333,0.16666666666666666,0.25,0.4166666666666667,0,0.0,0.3333333333333333,0.16666666666666666,0.25,0.4166666666666667
2671,no_strict_e1_improvement,0,,,,,1,0,1,1,1,1,1,4,0,0,-1,current,0,0,0.7234881098071734,0.7234881098071734,8,9,9,9,9,0,0,1,1.0,1.0,1.0,1.0,1.0,1,1.0,1.0,1.0,1.0,1.0,1,1.0,1.0,1.0,1.0,1.0,1,1.0,1.0,1.0,1.0,1.0
2672,max_rounds,0,,,,,1,1,4,4,4,14,14,4,-1,0,1,profiled_beam,1,1,0.8089152798056602,0.7983113651474317,6,5,5,5,5,0,0,0,0.5555555555555556,0.6666666666666666,0.3333333333333333,0.5,0.6666666666666666,0,0.5555555555555556,0.6666666666666666,0.3333333333333333,0.5,0.6666666666666666,0,0.5555555555555556,0.6666666666666666,0.3333333333333333,0.5,0.6666666666666666,0,0.5555555555555556,0.6666666666666666,0.3333333333333333,0.5,0.6666666666666666
2673,no_strict_e1_improvement,0,,,,,1,0,1,1,1,1,1,4,0,0,-1,current,0,0,0.7060402408242226,0.7060402408242226,8,9,9,9,9,0,0,1,1.0,1.0,1.0,1.0,1.0,1,1.0,1.0,1.0,1.0,1.0,1,1.0,1.0,1.0,1.0,1.0,1,1.0,1.0,1.0,1.0,1.0
2674,max_rounds,0,,,,,1,1,3,2,2,7,7,4,0,0,0,s1a3_greedy,1,0,0.7860253900289536,0.6664507215221723,5,5,5,7,7,2,0,0,0.5555555555555556,0.3333333333333333,0.5,0.4166666666666667,0.5833333333333334,0,0.5555555555555556,0.3333333333333333,0.5,0.4166666666666667,0.5833333333333334,0,0.7777777777777778,0.6666666666666666,0.6666666666666666,0.6666666666666666,0.75,0,0.7777777777777778,0.6666666666666666,0.6666666666666666,0.6666666666666666,0.75
2675,partial_completed__no_strict_e1_improvement,1,,3,2,4,1,0,4,4,4,15,15,4,0,0,-1,current,1,0,0.6653512058158716,0.6653512058158716,6,0,6,6,6,6,0,0,0.0,0.6666666666666666,0.5,0.5833333333333334,0.5833333333333334,0,0.6666666666666666,0.8333333333333334,0.5,0.6666666666666666,0.6666666666666666,0,0.6666666666666666,0.8333333333333334,0.5,0.6666666666666666,0.6666666666666666,0,0.6666666666666666,0.8333333333333334,0.5,0.6666666666666666,0.6666666666666666
2676,no_strict_e1_improvement,0,,,,,1,0,1,1,1,1,1,4,0,0,-1,current,0,0,0.5821594446897507,0.5821594446897507,10,9,9,9,9,0,0,1,1.0,1.0,1.0,1.0,1.0,1,1.0,1.0,1.0,1.0,1.0,1,1.0,1.0,1.0,1.0,1.0,1,1.0,1.0,1.0,1.0,1.0
2677,partial_completed__no_strict_e1_improvement,1,,3,2,4,1,0,1,1,1,1,1,4,0,0,-1,current,1,0,0.6079074814915657,0.6079074814915657,7,0,0,0,0,0,0,0,0.0,0.0,0.6666666666666666,0.3333333333333333,0.3333333333333333,0,0.0,0.5,1.0,0.75,0.75,0,0.0,0.5,1.0,0.75,0.75,0,0.0,0.5,1.0,0.75,0.75
2678,small_component,0,,,,,1,0,0,0,0,0,0,4,0,0,-1,current,0,0,0.7938037390510241,0.7938037390510241,4,0,0,0,0,0,0,0,0.0,0.16666666666666666,0.3333333333333333,0.25,0.6666666666666666,0,0.0,0.16666666666666666,0.3333333333333333,0.25,0.6666666666666666,0,0.0,0.16666666666666666,0.3333333333333333,0.25,0.6666666666666666,0,0.0,0.16666666666666666,0.3333333333333333,0.25,0.6666666666666666
2679,max_rounds,0,,,,,1,1,3,2,2,7,7,4,0,0,0,s1a3_greedy,1,0,0.6703944404919943,0.6290639316042265,7,7,7,5,5,-2,0,0,0.7777777777777778,0.3333333333333333,0.6666666666666666,0.5,0.5833333333333334,0,0.7777777777777778,0.3333333333333333,0.6666666666666666,0.5,0.5833333333333334,0,0.5555555555555556,0.6666666666666666,0.3333333333333333,0.5,0.6666666666666666,0,0.5555555555555556,0.6666666666666666,0.3333333333333333,0.5,0.6666666666666666
2680,max_rounds,0,,,,,1,1,2,2,2,7,7,4,1,0,0,s1a3_greedy,1,0,0.6131245220700899,0.5834779068827629,8,0,0,0,0,0,0,0,0.0,0.8333333333333334,0.0,0.4166666666666667,0.4166666666666667,0,0.0,0.8333333333333334,0.0,0.4166666666666667,0.4166666666666667,0,0.0,0.8333333333333334,0.5,0.6666666666666666,0.6666666666666666,0,0.0,0.8333333333333334,0.5,0.6666666666666666,0.6666666666666666
2681,partial_completed__no_strict_e1_improvement,1,,3,2,3,1,0,1,1,1,1,1,4,0,0,-1,current,1,0,0.6126595586538315,0.6126595586538315,10,0,0,0,0,0,0,0,0.0,0.6666666666666666,0.0,0.3333333333333333,0.3333333333333333,0,0.0,1.0,0.5,0.75,0.75,0,0.0,1.0,0.5,0.75,0.75,0,0.0,1.0,0.5,0.75,0.75
2682,max_rounds,0,,,,,1,1,2,2,2,7,7,4,0,-1,0,s1a3_greedy,1,0,0.7208819861213366,0.7119969353079796,7,0,0,0,0,0,0,0,0.0,0.0,0.5,0.25,0.5,0,0.0,0.0,0.5,0.25,0.5,0,0.0,0.0,0.5,0.25,0.5,0,0.0,0.0,0.5,0.25,0.5
2683,partial_completed__max_rounds,1,,3,2,4,1,1,5,4,4,15,15,4,0,1,1,profiled_beam,1,1,0.3956655201812585,0.347301426033179,2,0,2,1,0,0,-1,0,0.0,0.0,0.16666666666666666,0.08333333333333333,0.08333333333333333,0,0.2222222222222222,0.0,0.16666666666666666,0.08333333333333333,0.08333333333333333,0,0.1111111111111111,0.16666666666666666,0.16666666666666666,0.16666666666666666,0.3333333333333333,0,0.0,0.0,0.3333333333333333,0.16666666666666666,0.3333333333333333
2684,no_strict_e1_improvement,0,,,,,1,0,1,1,1,1,1,4,0,0,-1,current,0,0,0.6932705069581667,0.6932705069581667,11,9,9,9,9,0,0,1,1.0,1.0,1.0,1.0,1.0,1,1.0,1.0,1.0,1.0,1.0,1,1.0,1.0,1.0,1.0,1.0,1,1.0,1.0,1.0,1.0,1.0
2685,small_component,0,,,,,1,0,0,0,0,0,0,4,0,0,-1,current,0,0,0.4871150677402814,0.4871150677402814,4,0,0,0,0,0,0,0,0.0,0.0,0.0,0.0,0.3333333333333333,0,0.0,0.0,0.0,0.0,0.3333333333333333,0,0.0,0.0,0.0,0.0,0.3333333333333333,0,0.0,0.0,0.0,0.0,0.3333333333333333
2686,no_strict_e1_improvement,0,,,,,1,0,1,1,1,1,1,4,0,0,-1,current,0,0,0.5536818007628123,0.5536818007628123,10,9,9,9,9,0,0,1,1.0,1.0,1.0,1.0,1.0,1,1.0,1.0,1.0,1.0,1.0,1,1.0,1.0,1.0,1.0,1.0,1,1.0,1.0,1.0,1.0,1.0
2687,no_strict_e1_improvement,0,,,,,1,0,1,1,1,1,1,4,0,0,-1,current,0,0,0.6523892308274905,0.6523892308274905,10,9,9,9,9,0,0,1,1.0,1.0,1.0,1.0,1.0,1,1.0,1.0,1.0,1.0,1.0,1,1.0,1.0,1.0,1.0,1.0,1,1.0,1.0,1.0,1.0,1.0
2688,no_strict_e1_improvement,0,,,,,1,0,1,1,1,1,1,4,0,0,-1,current,0,0,0.591766412059466,0.591766412059466,11,9,9,9,9,0,0,1,1.0,1.0,1.0,1.0,1.0,1,1.0,1.0,1.0,1.0,1.0,1,1.0,1.0,1.0,1.0,1.0,1,1.0,1.0,1.0,1.0,1.0
2689,no_strict_e1_improvement,0,,,,,1,0,1,1,1,1,1,4,0,0,-1,current,0,0,0.6299117356538773,0.6299117356538773,9,9,9,9,9,0,0,1,1.0,1.0,1.0,1.0,1.0,1,1.0,1.0,1.0,1.0,1.0,1,1.0,1.0,1.0,1.0,1.0,1,1.0,1.0,1.0,1.0,1.0
2690,no_strict_e1_improvement,0,,,,,1,0,1,1,1,1,1,4,0,0,-1,current,0,0,0.5830407987038294,0.5830407987038294,8,9,9,9,9,0,0,1,1.0,1.0,1.0,1.0,1.0,1,1.0,1.0,1.0,1.0,1.0,1,1.0,1.0,1.0,1.0,1.0,1,1.0,1.0,1.0,1.0,1.0
2691,no_strict_e1_improvement,0,,,,,1,0,1,1,1,1,1,4,0,0,-1,current,0,0,0.6185930420955023,0.6185930420955023,8,9,9,9,9,0,0,1,1.0,1.0,1.0,1.0,1.0,1,1.0,1.0,1.0,1.0,1.0,1,1.0,1.0,1.0,1.0,1.0,1,1.0,1.0,1.0,1.0,1.0
2692,no_strict_e1_improvement,0,,,,,1,0,1,1,1,1,1,4,0,0,-1,current,0,0,0.7011525804797808,0.7011525804797808,9,0,0,0,0,0,0,0,0.0,0.5,0.8333333333333334,0.6666666666666666,0.6666666666666666,0,0.0,0.5,0.8333333333333334,0.6666666666666666,0.6666666666666666,0,0.0,0.5,0.8333333333333334,0.6666666666666666,0.6666666666666666,0,0.0,0.5,0.8333333333333334,0.6666666666666666,0.6666666666666666
2693,no_strict_e1_improvement,0,,,,,1,0,1,1,1,1,1,4,0,0,-1,current,0,0,0.5966050600012144,0.5966050600012144,7,7,7,7,7,0,0,0,0.7777777777777778,0.6666666666666666,0.6666666666666666,0.6666666666666666,0.8333333333333334,0,0.7777777777777778,0.6666666666666666,0.6666666666666666,0.6666666666666666,0.8333333333333334,0,0.7777777777777778,0.6666666666666666,0.6666666666666666,0.6666666666666666,0.8333333333333334,0,0.7777777777777778,0.6666666666666666,0.6666666666666666,0.6666666666666666,0.8333333333333334
2694,no_strict_e1_improvement,0,,,,,1,0,1,1,1,1,1,4,0,0,-1,current,0,0,0.6424783170223236,0.6424783170223236,10,9,9,9,9,0,0,1,1.0,1.0,1.0,1.0,1.0,1,1.0,1.0,1.0,1.0,1.0,1,1.0,1.0,1.0,1.0,1.0,1,1.0,1.0,1.0,1.0,1.0
2695,max_rounds,0,,,,,1,1,5,4,4,12,12,4,0,-1,0,s1a3_greedy,1,0,0.7909232626358668,0.7399517248074213,6,4,4,3,3,-1,0,0,0.4444444444444444,0.16666666666666666,0.6666666666666666,0.4166666666666667,0.5,0,0.4444444444444444,0.16666666666666666,0.6666666666666666,0.4166666666666667,0.5,0,0.3333333333333333,0.0,1.0,0.5,0.75,0,0.3333333333333333,0.0,1.0,0.5,0.75
2696,max_rounds,0,,,,,1,1,5,4,4,16,16,4,0,1,1,profiled_beam,1,1,0.744934655725956,0.6872090374430021,7,7,7,7,4,-3,-3,0,0.7777777777777778,0.6666666666666666,0.3333333333333333,0.5,0.6666666666666666,0,0.7777777777777778,0.6666666666666666,0.3333333333333333,0.5,0.6666666666666666,0,0.7777777777777778,0.6666666666666666,0.3333333333333333,0.5,0.6666666666666666,0,0.4444444444444444,0.5,0.3333333333333333,0.4166666666666667,0.5
2697,no_strict_e1_improvement,0,,,,,1,0,2,2,2,6,6,4,0,0,-1,current,0,0,0.5176651353637377,0.5176651353637377,8,3,3,3,3,0,0,0,0.3333333333333333,0.0,1.0,0.5,0.75,0,0.3333333333333333,0.0,1.0,0.5,0.75,0,0.3333333333333333,0.0,1.0,0.5,0.75,0,0.3333333333333333,0.0,1.0,0.5,0.75
2698,no_strict_e1_improvement,0,,,,,1,0,1,1,1,1,1,4,0,0,-1,current,0,0,0.5168931273122629,0.5168931273122629,7,1,1,1,1,0,0,0,0.1111111111111111,0.3333333333333333,0.6666666666666666,0.5,0.5833333333333334,0,0.1111111111111111,0.3333333333333333,0.6666666666666666,0.5,0.5833333333333334,0,0.1111111111111111,0.3333333333333333,0.6666666666666666,0.5,0.5833333333333334,0,0.1111111111111111,0.3333333333333333,0.6666666666666666,0.5,0.5833333333333334
2699,max_rounds,0,,,,,1,1,5,4,4,12,12,4,-1,0,1,profiled_beam,1,1,0.7514069229364395,0.5871498510241508,7,0,0,9,0,0,-9,0,0.0,0.5,0.5,0.5,0.5,0,0.0,0.5,0.5,0.5,0.5,1,1.0,1.0,1.0,1.0,1.0,0,0.0,0.5,1.0,0.75,0.75
2700,no_strict_e1_improvement,0,,,,,1,0,1,1,1,1,1,4,0,0,-1,current,0,0,0.5836275791128477,0.5836275791128477,8,9,9,9,9,0,0,1,1.0,1.0,1.0,1.0,1.0,1,1.0,1.0,1.0,1.0,1.0,1,1.0,1.0,1.0,1.0,1.0,1,1.0,1.0,1.0,1.0,1.0
2701,small_component,0,,,,,1,0,0,0,0,0,0,4,0,0,-1,current,0,0,0.882185253004233,0.882185253004233,5,0,0,0,0,0,0,0,0.0,0.16666666666666666,0.16666666666666666,0.16666666666666666,0.5,0,0.0,0.16666666666666666,0.16666666666666666,0.16666666666666666,0.5,0,0.0,0.16666666666666666,0.16666666666666666,0.16666666666666666,0.5,0,0.0,0.16666666666666666,0.16666666666666666,0.16666666666666666,0.5
2702,no_strict_e1_improvement,0,,,,,1,0,1,1,1,1,1,4,0,0,-1,current,0,0,0.7871836846073469,0.7871836846073469,9,9,9,9,9,0,0,1,1.0,1.0,1.0,1.0,1.0,1,1.0,1.0,1.0,1.0,1.0,1,1.0,1.0,1.0,1.0,1.0,1,1.0,1.0,1.0,1.0,1.0
2703,no_strict_e1_improvement,0,,,,,1,0,1,1,1,1,1,4,0,0,-1,current,0,0,0.4785168468952179,0.4785168468952179,9,0,0,0,0,0,0,0,0.0,0.5,1.0,0.75,0.75,0,0.0,0.5,1.0,0.75,0.75,0,0.0,0.5,1.0,0.75,0.75,0,0.0,0.5,1.0,0.75,0.75
2704,no_strict_e1_improvement,0,,,,,1,0,1,1,1,1,1,4,0,0,-1,current,0,0,0.7874919896324476,0.7874919896324476,11,9,9,9,9,0,0,1,1.0,1.0,1.0,1.0,1.0,1,1.0,1.0,1.0,1.0,1.0,1,1.0,1.0,1.0,1.0,1.0,1,1.0,1.0,1.0,1.0,1.0
2705,small_component,0,,,,,1,0,0,0,0,0,0,4,0,0,-1,current,0,0,0.8799902151028315,0.8799902151028315,7,0,0,0,0,0,0,0,0.0,0.5,0.6666666666666666,0.5833333333333334,0.6666666666666666,0,0.0,0.5,0.6666666666666666,0.5833333333333334,0.6666666666666666,0,0.0,0.5,0.6666666666666666,0.5833333333333334,0.6666666666666666,0,0.0,0.5,0.6666666666666666,0.5833333333333334,0.6666666666666666
2706,no_strict_e1_improvement,0,,,,,1,0,1,1,1,1,1,4,0,0,-1,current,0,0,0.612981361647447,0.612981361647447,9,9,9,9,9,0,0,1,1.0,1.0,1.0,1.0,1.0,1,1.0,1.0,1.0,1.0,1.0,1,1.0,1.0,1.0,1.0,1.0,1,1.0,1.0,1.0,1.0,1.0
2707,no_strict_e1_improvement,0,,,,,1,0,1,1,1,1,1,4,0,0,-1,current,0,0,0.636962428689003,0.636962428689003,9,0,0,0,0,0,0,0,0.0,0.5,0.5,0.5,0.5,0,0.0,0.5,0.5,0.5,0.5,0,0.0,0.5,0.5,0.5,0.5,0,0.0,0.5,0.5,0.5,0.5
2708,max_rounds,0,,,,,1,1,4,4,4,15,15,4,0,-1,1,profiled_beam,1,1,0.49942821512619656,0.47150832414627075,8,9,9,9,0,-9,-9,1,1.0,1.0,1.0,1.0,1.0,1,1.0,1.0,1.0,1.0,1.0,1,1.0,1.0,1.0,1.0,1.0,0,0.0,0.5,1.0,0.75,0.75
2709,no_strict_e1_improvement,0,,,,,1,0,1,1,1,1,1,4,0,0,-1,current,0,0,0.7184547732273737,0.7184547732273737,9,9,9,9,9,0,0,1,1.0,1.0,1.0,1.0,1.0,1,1.0,1.0,1.0,1.0,1.0,1,1.0,1.0,1.0,1.0,1.0,1,1.0,1.0,1.0,1.0,1.0
2710,max_rounds,0,,,,,1,1,2,1,1,2,2,4,0,0,0,s1a3_greedy,1,0,0.9107749611139297,0.8833328982194265,5,0,0,1,1,1,0,0,0.0,0.5,0.8333333333333334,0.6666666666666666,0.6666666666666666,0,0.0,0.5,0.8333333333333334,0.6666666666666666,0.6666666666666666,0,0.1111111111111111,0.3333333333333333,0.6666666666666666,0.5,0.5,0,0.1111111111111111,0.3333333333333333,0.6666666666666666,0.5,0.5
2711,no_strict_e1_improvement,0,,,,,1,0,1,1,1,1,1,4,0,0,-1,current,0,0,0.4870978966355324,0.4870978966355324,8,7,7,7,7,0,0,0,0.7777777777777778,0.6666666666666666,0.6666666666666666,0.6666666666666666,0.75,0,0.7777777777777778,0.6666666666666666,0.6666666666666666,0.6666666666666666,0.75,0,0.7777777777777778,0.6666666666666666,0.6666666666666666,0.6666666666666666,0.75,0,0.7777777777777778,0.6666666666666666,0.6666666666666666,0.6666666666666666,0.75
2712,small_component,0,,,,,1,0,0,0,0,0,0,4,0,0,-1,current,0,0,0.7881752798954645,0.7881752798954645,6,0,0,0,0,0,0,0,0.0,0.5,0.6666666666666666,0.5833333333333334,0.6666666666666666,0,0.0,0.5,0.6666666666666666,0.5833333333333334,0.6666666666666666,0,0.0,0.5,0.6666666666666666,0.5833333333333334,0.6666666666666666,0,0.0,0.5,0.6666666666666666,0.5833333333333334,0.6666666666666666
2713,max_rounds,0,,,,,1,1,3,2,2,7,7,4,0,0,0,s1a3_greedy,1,0,0.6616552198926607,0.595816599826018,8,7,7,9,9,2,0,0,0.7777777777777778,0.6666666666666666,0.6666666666666666,0.6666666666666666,0.75,0,0.7777777777777778,0.6666666666666666,0.6666666666666666,0.6666666666666666,0.75,1,1.0,1.0,1.0,1.0,1.0,1,1.0,1.0,1.0,1.0,1.0
2714,no_strict_e1_improvement,0,,,,,1,0,1,1,1,2,2,4,0,0,-1,current,0,0,0.7018098557988802,0.7018098557988802,7,0,0,0,0,0,0,0,0.0,0.5,0.5,0.5,0.5,0,0.0,0.5,0.5,0.5,0.5,0,0.0,0.5,0.5,0.5,0.5,0,0.0,0.5,0.5,0.5,0.5
2715,no_strict_e1_improvement,0,,,,,1,0,1,1,1,1,1,4,0,0,-1,current,0,0,0.579962191482385,0.579962191482385,8,0,0,0,0,0,0,0,0.0,0.5,1.0,0.75,0.75,0,0.0,0.5,1.0,0.75,0.75,0,0.0,0.5,1.0,0.75,0.75,0,0.0,0.5,1.0,0.75,0.75
2716,no_strict_e1_improvement,0,,,,,1,0,1,1,1,1,1,4,0,0,-1,current,0,0,0.6235980788866679,0.6235980788866679,9,0,0,0,0,0,0,0,0.0,1.0,0.5,0.75,0.75,0,0.0,1.0,0.5,0.75,0.75,0,0.0,1.0,0.5,0.75,0.75,0,0.0,1.0,0.5,0.75,0.75
2717,no_strict_e1_improvement,0,,,,,1,0,1,1,1,1,1,4,0,0,-1,current,0,0,0.6003006274501482,0.6003006274501482,11,0,0,0,0,0,0,0,0.0,0.5,1.0,0.75,0.75,0,0.0,0.5,1.0,0.75,0.75,0,0.0,0.5,1.0,0.75,0.75,0,0.0,0.5,1.0,0.75,0.75
2718,no_strict_e1_improvement,0,,,,,1,0,1,1,1,1,1,4,0,0,-1,current,0,0,0.6323506459593773,0.6323506459593773,8,0,0,0,0,0,0,0,0.0,0.5,1.0,0.75,0.75,0,0.0,0.5,1.0,0.75,0.75,0,0.0,0.5,1.0,0.75,0.75,0,0.0,0.5,1.0,0.75,0.75
2719,no_strict_e1_improvement,0,,,,,1,0,1,1,1,1,1,4,0,0,-1,current,0,0,0.5903119146823883,0.5903119146823883,7,0,0,0,0,0,0,0,0.0,0.8333333333333334,0.5,0.6666666666666666,0.6666666666666666,0,0.0,0.8333333333333334,0.5,0.6666666666666666,0.6666666666666666,0,0.0,0.8333333333333334,0.5,0.6666666666666666,0.6666666666666666,0,0.0,0.8333333333333334,0.5,0.6666666666666666,0.6666666666666666
2720,small_component,0,,,,,1,0,0,0,0,0,0,4,0,0,-1,current,0,0,0.8328268776337305,0.8328268776337305,5,4,4,4,4,0,0,0,0.4444444444444444,0.5,0.3333333333333333,0.4166666666666667,0.5833333333333334,0,0.4444444444444444,0.5,0.3333333333333333,0.4166666666666667,0.5833333333333334,0,0.4444444444444444,0.5,0.3333333333333333,0.4166666666666667,0.5833333333333334,0,0.4444444444444444,0.5,0.3333333333333333,0.4166666666666667,0.5833333333333334
2721,max_rounds,0,,,,,1,1,3,2,2,7,7,4,0,0,1,profiled_beam,1,1,0.7209592933456103,0.6102805659174919,10,6,6,7,9,3,2,0,0.6666666666666666,0.5,0.8333333333333334,0.6666666666666666,0.6666666666666666,0,0.6666666666666666,0.5,0.8333333333333334,0.6666666666666666,0.6666666666666666,0,0.7777777777777778,0.6666666666666666,0.6666666666666666,0.6666666666666666,0.75,1,1.0,1.0,1.0,1.0,1.0
2722,small_component,0,,,,,1,0,0,0,0,0,0,4,0,0,-1,current,0,0,0.8549699783325195,0.8549699783325195,8,6,6,6,6,0,0,0,0.6666666666666666,0.5,0.8333333333333334,0.6666666666666666,0.6666666666666666,0,0.6666666666666666,0.5,0.8333333333333334,0.6666666666666666,0.6666666666666666,0,0.6666666666666666,0.5,0.8333333333333334,0.6666666666666666,0.6666666666666666,0,0.6666666666666666,0.5,0.8333333333333334,0.6666666666666666,0.6666666666666666
2723,no_strict_e1_improvement,0,,,,,1,0,1,1,1,1,1,4,0,0,-1,current,0,0,0.6659585312008858,0.6659585312008858,7,0,0,0,0,0,0,0,0.0,0.6666666666666666,0.5,0.5833333333333334,0.5833333333333334,0,0.0,0.6666666666666666,0.5,0.5833333333333334,0.5833333333333334,0,0.0,0.6666666666666666,0.5,0.5833333333333334,0.5833333333333334,0,0.0,0.6666666666666666,0.5,0.5833333333333334,0.5833333333333334
2724,small_component,0,,,,,1,0,0,0,0,0,0,4,0,0,-1,current,0,0,0.9235609446962675,0.9235609446962675,6,0,0,0,0,0,0,0,0.0,0.16666666666666666,0.3333333333333333,0.25,0.5,0,0.0,0.16666666666666666,0.3333333333333333,0.25,0.5,0,0.0,0.16666666666666666,0.3333333333333333,0.25,0.5,0,0.0,0.16666666666666666,0.3333333333333333,0.25,0.5
2725,max_rounds,0,,,,,1,1,2,2,2,6,6,4,0,-1,0,s1a3_greedy,1,0,0.6741556997100512,0.6679744198918343,8,0,0,9,9,9,0,0,0.0,0.5,1.0,0.75,0.75,0,0.0,0.5,1.0,0.75,0.75,1,1.0,1.0,1.0,1.0,1.0,1,1.0,1.0,1.0,1.0,1.0
2726,no_strict_e1_improvement,0,,,,,1,0,1,1,1,1,1,4,0,0,-1,current,0,0,0.6019254600008329,0.6019254600008329,8,9,9,9,9,0,0,1,1.0,1.0,1.0,1.0,1.0,1,1.0,1.0,1.0,1.0,1.0,1,1.0,1.0,1.0,1.0,1.0,1,1.0,1.0,1.0,1.0,1.0
2727,max_rounds,0,,,,,1,1,5,4,4,15,15,4,0,0,1,profiled_beam,1,1,0.8454000105460485,0.8131925463676453,6,1,1,1,0,-1,-1,0,0.1111111111111111,0.3333333333333333,0.6666666666666666,0.5,0.5833333333333334,0,0.1111111111111111,0.3333333333333333,0.6666666666666666,0.5,0.5833333333333334,0,0.1111111111111111,0.3333333333333333,0.6666666666666666,0.5,0.5833333333333334,0,0.0,0.5,1.0,0.75,0.75
2728,no_strict_e1_improvement,0,,,,,1,0,1,1,1,2,2,4,0,0,-1,current,0,0,0.5346781015396118,0.5346781015396118,7,0,0,0,0,0,0,0,0.0,1.0,0.5,0.75,0.75,0,0.0,1.0,0.5,0.75,0.75,0,0.0,1.0,0.5,0.75,0.75,0,0.0,1.0,0.5,0.75,0.75
2729,no_strict_e1_improvement,0,,,,,1,0,1,1,1,1,1,4,0,0,-1,current,0,0,0.6220238332947096,0.6220238332947096,11,9,9,9,9,0,0,1,1.0,1.0,1.0,1.0,1.0,1,1.0,1.0,1.0,1.0,1.0,1,1.0,1.0,1.0,1.0,1.0,1,1.0,1.0,1.0,1.0,1.0
2730,max_rounds,0,,,,,1,1,5,4,4,12,12,4,-1,-1,0,s1a3_greedy,1,0,0.861548920472463,0.6712206900119781,7,0,0,0,0,0,0,0,0.0,0.3333333333333333,0.3333333333333333,0.3333333333333333,0.3333333333333333,0,0.0,0.3333333333333333,0.3333333333333333,0.3333333333333333,0.3333333333333333,0,0.0,0.5,0.8333333333333334,0.6666666666666666,0.6666666666666666,0,0.0,0.5,0.8333333333333334,0.6666666666666666,0.6666666666666666
2731,no_strict_e1_improvement,0,,,,,1,0,1,1,1,1,1,4,0,0,-1,current,0,0,0.6784801657001177,0.6784801657001177,9,0,0,0,0,0,0,0,0.0,0.5,1.0,0.75,0.75,0,0.0,0.5,1.0,0.75,0.75,0,0.0,0.5,1.0,0.75,0.75,0,0.0,0.5,1.0,0.75,0.75
2732,no_strict_e1_improvement,0,,,,,1,0,1,1,1,1,1,4,0,0,-1,current,0,0,0.650316928823789,0.650316928823789,9,0,0,0,0,0,0,0,0.0,0.5,0.5,0.5,0.5,0,0.0,0.5,0.5,0.5,0.5,0,0.0,0.5,0.5,0.5,0.5,0,0.0,0.5,0.5,0.5,0.5
2733,partial_completed__no_strict_e1_improvement,1,,3,2,4,1,0,1,1,1,1,1,4,0,0,-1,current,1,0,0.7836224461595217,0.7836224461595217,8,0,0,0,0,0,0,0,0.0,0.16666666666666666,0.3333333333333333,0.25,0.3333333333333333,0,0.0,0.16666666666666666,0.6666666666666666,0.4166666666666667,0.5833333333333334,0,0.0,0.16666666666666666,0.6666666666666666,0.4166666666666667,0.5833333333333334,0,0.0,0.16666666666666666,0.6666666666666666,0.4166666666666667,0.5833333333333334
2734,small_component,0,,,,,1,0,0,0,0,0,0,4,0,0,-1,current,0,0,0.776160384217898,0.776160384217898,6,0,0,0,0,0,0,0,0.0,0.5,0.16666666666666666,0.3333333333333333,0.4166666666666667,0,0.0,0.5,0.16666666666666666,0.3333333333333333,0.4166666666666667,0,0.0,0.5,0.16666666666666666,0.3333333333333333,0.4166666666666667,0,0.0,0.5,0.16666666666666666,0.3333333333333333,0.4166666666666667
2735,no_strict_e1_improvement,0,,,,,1,0,1,1,1,1,1,4,0,0,-1,current,0,0,0.6676525995135307,0.6676525995135307,10,0,0,0,0,0,0,0,0.0,0.5,1.0,0.75,0.75,0,0.0,0.5,1.0,0.75,0.75,0,0.0,0.5,1.0,0.75,0.75,0,0.0,0.5,1.0,0.75,0.75
2736,max_rounds,0,,,,,1,1,3,2,2,7,7,4,1,0,0,s1a3_greedy,1,0,0.7309042190512022,0.6473760108153025,5,0,0,9,9,9,0,0,0.0,0.6666666666666666,0.5,0.5833333333333334,0.6666666666666666,0,0.0,0.6666666666666666,0.5,0.5833333333333334,0.6666666666666666,1,1.0,1.0,1.0,1.0,1.0,1,1.0,1.0,1.0,1.0,1.0
2737,max_rounds,0,,,,,1,1,2,2,2,7,7,4,0,1,1,profiled_beam,1,1,0.6185434361298879,0.5786807810266813,4,1,1,1,0,-1,-1,0,0.1111111111111111,0.3333333333333333,0.3333333333333333,0.3333333333333333,0.5,0,0.1111111111111111,0.3333333333333333,0.3333333333333333,0.3333333333333333,0.5,0,0.1111111111111111,0.3333333333333333,0.3333333333333333,0.3333333333333333,0.5,0,0.0,0.6666666666666666,0.3333333333333333,0.5,0.6666666666666666
2738,no_strict_e1_improvement,0,,,,,1,0,1,1,1,1,1,4,0,0,-1,current,0,0,0.7042167882124583,0.7042167882124583,11,9,9,9,9,0,0,1,1.0,1.0,1.0,1.0,1.0,1,1.0,1.0,1.0,1.0,1.0,1,1.0,1.0,1.0,1.0,1.0,1,1.0,1.0,1.0,1.0,1.0
2739,no_strict_e1_improvement,0,,,,,1,0,1,1,1,1,1,4,0,0,-1,current,0,0,0.6190419296423594,0.6190419296423594,8,7,7,7,7,0,0,0,0.7777777777777778,0.6666666666666666,0.6666666666666666,0.6666666666666666,0.8333333333333334,0,0.7777777777777778,0.6666666666666666,0.6666666666666666,0.6666666666666666,0.8333333333333334,0,0.7777777777777778,0.6666666666666666,0.6666666666666666,0.6666666666666666,0.8333333333333334,0,0.7777777777777778,0.6666666666666666,0.6666666666666666,0.6666666666666666,0.8333333333333334
2740,max_rounds,0,,,,,1,1,3,2,2,7,7,4,0,0,1,profiled_beam,1,1,0.7888513406117758,0.6766622414191564,9,6,6,7,9,3,2,0,0.6666666666666666,0.8333333333333334,0.5,0.6666666666666666,0.6666666666666666,0,0.6666666666666666,0.8333333333333334,0.5,0.6666666666666666,0.6666666666666666,0,0.7777777777777778,0.6666666666666666,0.6666666666666666,0.6666666666666666,0.75,1,1.0,1.0,1.0,1.0,1.0
2741,partial_completed__no_strict_e1_improvement,1,,3,2,4,1,0,4,4,4,15,15,4,0,0,-1,current,1,0,0.8607346018155416,0.8607346018155416,5,4,4,4,4,0,0,0,0.4444444444444444,0.16666666666666666,0.3333333333333333,0.25,0.3333333333333333,0,0.4444444444444444,0.16666666666666666,0.3333333333333333,0.25,0.4166666666666667,0,0.4444444444444444,0.16666666666666666,0.3333333333333333,0.25,0.4166666666666667,0,0.4444444444444444,0.16666666666666666,0.3333333333333333,0.25,0.4166666666666667
2742,no_strict_e1_improvement,0,,,,,1,0,1,1,1,1,1,4,0,0,-1,current,0,0,0.49882219980160397,0.49882219980160397,8,9,9,9,9,0,0,1,1.0,1.0,1.0,1.0,1.0,1,1.0,1.0,1.0,1.0,1.0,1,1.0,1.0,1.0,1.0,1.0,1,1.0,1.0,1.0,1.0,1.0
2743,no_strict_e1_improvement,0,,,,,1,0,2,2,2,7,7,4,0,0,-1,current,0,0,0.7615372737248739,0.7615372737248739,8,3,3,3,3,0,0,0,0.3333333333333333,0.0,1.0,0.5,0.75,0,0.3333333333333333,0.0,1.0,0.5,0.75,0,0.3333333333333333,0.0,1.0,0.5,0.75,0,0.3333333333333333,0.0,1.0,0.5,0.75
2744,no_strict_e1_improvement,0,,,,,1,0,1,1,1,1,1,4,0,0,-1,current,0,0,0.7028185352683067,0.7028185352683067,6,0,0,0,0,0,0,0,0.0,0.5,0.8333333333333334,0.6666666666666666,0.6666666666666666,0,0.0,0.5,0.8333333333333334,0.6666666666666666,0.6666666666666666,0,0.0,0.5,0.8333333333333334,0.6666666666666666,0.6666666666666666,0,0.0,0.5,0.8333333333333334,0.6666666666666666,0.6666666666666666
2745,no_strict_e1_improvement,0,,,,,1,0,1,1,1,1,1,4,0,0,-1,current,0,0,0.5189153576890627,0.5189153576890627,11,0,0,0,0,0,0,0,0.0,0.5,1.0,0.75,0.75,0,0.0,0.5,1.0,0.75,0.75,0,0.0,0.5,1.0,0.75,0.75,0,0.0,0.5,1.0,0.75,0.75
2746,no_strict_e1_improvement,0,,,,,1,0,1,1,1,1,1,4,0,0,-1,current,0,0,0.6060963521401087,0.6060963521401087,12,9,9,9,9,0,0,1,1.0,1.0,1.0,1.0,1.0,1,1.0,1.0,1.0,1.0,1.0,1,1.0,1.0,1.0,1.0,1.0,1,1.0,1.0,1.0,1.0,1.0
2747,max_rounds,0,,,,,1,1,5,4,4,13,13,4,0,0,0,s1a3_greedy,1,0,0.6895440841714541,0.6279107481241226,8,7,7,5,5,-2,0,0,0.7777777777777778,0.6666666666666666,0.3333333333333333,0.5,0.5833333333333334,0,0.7777777777777778,0.6666666666666666,0.3333333333333333,0.5,0.5833333333333334,0,0.5555555555555556,0.3333333333333333,0.6666666666666666,0.5,0.6666666666666666,0,0.5555555555555556,0.3333333333333333,0.6666666666666666,0.5,0.6666666666666666
2748,no_strict_e1_improvement,0,,,,,1,0,1,1,1,1,1,4,0,0,-1,current,0,0,0.7253529354929924,0.7253529354929924,6,6,6,6,6,0,0,0,0.6666666666666666,0.8333333333333334,0.5,0.6666666666666666,0.6666666666666666,0,0.6666666666666666,0.8333333333333334,0.5,0.6666666666666666,0.6666666666666666,0,0.6666666666666666,0.8333333333333334,0.5,0.6666666666666666,0.6666666666666666,0,0.6666666666666666,0.8333333333333334,0.5,0.6666666666666666,0.6666666666666666
2749,max_rounds,0,,,,,1,1,3,2,2,7,7,4,0,0,1,profiled_beam,1,1,0.6852113579710325,0.6570156688491503,5,0,0,9,0,0,-9,0,0.0,0.6666666666666666,0.5,0.5833333333333334,0.75,0,0.0,0.6666666666666666,0.5,0.5833333333333334,0.75,1,1.0,1.0,1.0,1.0,1.0,0,0.0,1.0,0.5,0.75,0.75
2750,small_component,0,,,,,1,0,0,0,0,0,0,4,0,0,-1,current,0,0,0.8352458278338114,0.8352458278338114,4,1,1,1,1,0,0,0,0.1111111111111111,0.5,0.0,0.25,0.3333333333333333,0,0.1111111111111111,0.5,0.0,0.25,0.3333333333333333,0,0.1111111111111111,0.5,0.0,0.25,0.3333333333333333,0,0.1111111111111111,0.5,0.0,0.25,0.3333333333333333
2751,no_strict_e1_improvement,0,,,,,1,0,1,1,1,1,1,4,0,0,-1,current,0,0,0.7269354313611984,0.7269354313611984,9,0,0,0,0,0,0,0,0.0,1.0,0.5,0.75,0.75,0,0.0,1.0,0.5,0.75,0.75,0,0.0,1.0,0.5,0.75,0.75,0,0.0,1.0,0.5,0.75,0.75
2752,small_component,0,,,,,1,0,0,0,0,0,0,4,0,0,-1,current,0,0,0.6449280828237534,0.6449280828237534,5,3,3,3,3,0,0,0,0.3333333333333333,0.3333333333333333,0.16666666666666666,0.25,0.4166666666666667,0,0.3333333333333333,0.3333333333333333,0.16666666666666666,0.25,0.4166666666666667,0,0.3333333333333333,0.3333333333333333,0.16666666666666666,0.25,0.4166666666666667,0,0.3333333333333333,0.3333333333333333,0.16666666666666666,0.25,0.4166666666666667
2753,no_strict_e1_improvement,0,,,,,1,0,1,1,1,1,1,4,0,0,-1,current,0,0,0.5044756084680557,0.5044756084680557,10,9,9,9,9,0,0,1,1.0,1.0,1.0,1.0,1.0,1,1.0,1.0,1.0,1.0,1.0,1,1.0,1.0,1.0,1.0,1.0,1,1.0,1.0,1.0,1.0,1.0
2754,no_strict_e1_improvement,0,,,,,1,0,1,1,1,1,1,4,0,0,-1,current,0,0,0.5368920514980952,0.5368920514980952,8,0,0,0,0,0,0,0,0.0,0.5,0.5,0.5,0.5,0,0.0,0.5,0.5,0.5,0.5,0,0.0,0.5,0.5,0.5,0.5,0,0.0,0.5,0.5,0.5,0.5
2755,no_strict_e1_improvement,0,,,,,1,0,1,1,1,1,1,4,0,0,-1,current,0,0,0.4682555856804053,0.4682555856804053,10,9,9,9,9,0,0,1,1.0,1.0,1.0,1.0,1.0,1,1.0,1.0,1.0,1.0,1.0,1,1.0,1.0,1.0,1.0,1.0,1,1.0,1.0,1.0,1.0,1.0
2756,max_rounds,0,,,,,1,1,3,2,2,6,6,4,0,-1,0,s1a3_greedy,1,0,0.8033347850044569,0.730429674188296,7,5,5,1,1,-4,0,0,0.5555555555555556,0.3333333333333333,0.6666666666666666,0.5,0.5833333333333334,0,0.5555555555555556,0.3333333333333333,0.6666666666666666,0.5,0.5833333333333334,0,0.1111111111111111,0.3333333333333333,0.6666666666666666,0.5,0.5833333333333334,0,0.1111111111111111,0.3333333333333333,0.6666666666666666,0.5,0.5833333333333334
2757,partial_completed__max_rounds,1,,3,2,4,1,1,5,4,4,9,9,4,0,0,1,profiled_beam,1,1,0.7106478735804558,0.5595816932618618,5,0,0,0,0,0,0,0,0.0,0.16666666666666666,0.16666666666666666,0.16666666666666666,0.4166666666666667,0,0.0,0.3333333333333333,0.3333333333333333,0.3333333333333333,0.5833333333333334,0,0.0,0.5,0.16666666666666666,0.3333333333333333,0.4166666666666667,0,0.0,0.6666666666666666,0.5,0.5833333333333334,0.5833333333333334
2758,no_strict_e1_improvement,0,,,,,1,0,2,2,2,5,5,4,0,0,-1,current,0,0,0.6572889015078545,0.6572889015078545,8,0,0,0,0,0,0,0,0.0,0.5,1.0,0.75,0.75,0,0.0,0.5,1.0,0.75,0.75,0,0.0,0.5,1.0,0.75,0.75,0,0.0,0.5,1.0,0.75,0.75
2759,max_rounds,0,,,,,1,1,3,2,2,6,6,4,0,1,0,s1a3_greedy,1,0,0.741802491247654,0.6504835064212481,9,0,0,9,9,9,0,0,0.0,0.5,0.8333333333333334,0.6666666666666666,0.6666666666666666,0,0.0,0.5,0.8333333333333334,0.6666666666666666,0.6666666666666666,1,1.0,1.0,1.0,1.0,1.0,1,1.0,1.0,1.0,1.0,1.0
2760,no_strict_e1_improvement,0,,,,,1,0,1,1,1,1,1,4,0,0,-1,current,0,0,0.5712939326961836,0.5712939326961836,9,0,0,0,0,0,0,0,0.0,0.5,1.0,0.75,0.75,0,0.0,0.5,1.0,0.75,0.75,0,0.0,0.5,1.0,0.75,0.75,0,0.0,0.5,1.0,0.75,0.75
2761,no_strict_e1_improvement,0,,,,,1,0,1,1,1,1,1,4,0,0,-1,current,0,0,0.7858492905894915,0.7858492905894915,10,9,9,9,9,0,0,1,1.0,1.0,1.0,1.0,1.0,1,1.0,1.0,1.0,1.0,1.0,1,1.0,1.0,1.0,1.0,1.0,1,1.0,1.0,1.0,1.0,1.0
2762,no_strict_e1_improvement,0,,,,,1,0,1,1,1,1,1,4,0,0,-1,current,0,0,0.5579705449442068,0.5579705449442068,6,0,0,0,0,0,0,0,0.0,0.0,0.5,0.25,0.5833333333333334,0,0.0,0.0,0.5,0.25,0.5833333333333334,0,0.0,0.0,0.5,0.25,0.5833333333333334,0,0.0,0.0,0.5,0.25,0.5833333333333334
2763,no_strict_e1_improvement,0,,,,,1,0,1,1,1,1,1,4,0,0,-1,current,0,0,0.5715648283561071,0.5715648283561071,9,9,9,9,9,0,0,1,1.0,1.0,1.0,1.0,1.0,1,1.0,1.0,1.0,1.0,1.0,1,1.0,1.0,1.0,1.0,1.0,1,1.0,1.0,1.0,1.0,1.0
2764,max_rounds,0,,,,,1,1,4,4,4,15,15,4,0,1,1,profiled_beam,1,1,0.8058899268507957,0.767910453180472,7,0,0,0,0,0,0,0,0.0,0.5,1.0,0.75,0.75,0,0.0,0.5,1.0,0.75,0.75,0,0.0,0.5,1.0,0.75,0.75,0,0.0,0.5,1.0,0.75,0.75
2765,no_strict_e1_improvement,0,,,,,1,0,1,1,1,1,1,4,0,0,-1,current,0,0,0.6334865093231201,0.6334865093231201,11,9,9,9,9,0,0,1,1.0,1.0,1.0,1.0,1.0,1,1.0,1.0,1.0,1.0,1.0,1,1.0,1.0,1.0,1.0,1.0,1,1.0,1.0,1.0,1.0,1.0
2766,max_rounds,0,,,,,1,1,3,2,2,6,6,4,0,0,0,s1a3_greedy,1,0,0.7179450740416845,0.7044016222159067,6,0,0,0,0,0,0,0,0.0,0.16666666666666666,0.5,0.3333333333333333,0.5,0,0.0,0.16666666666666666,0.5,0.3333333333333333,0.5,0,0.0,0.5,0.8333333333333334,0.6666666666666666,0.6666666666666666,0,0.0,0.5,0.8333333333333334,0.6666666666666666,0.6666666666666666
2767,small_component,0,,,,,1,0,0,0,0,0,0,4,0,0,-1,current,0,0,0.9344344511628151,0.9344344511628151,6,1,1,1,1,0,0,0,0.1111111111111111,0.0,0.5,0.25,0.4166666666666667,0,0.1111111111111111,0.0,0.5,0.25,0.4166666666666667,0,0.1111111111111111,0.0,0.5,0.25,0.4166666666666667,0,0.1111111111111111,0.0,0.5,0.25,0.4166666666666667
2768,max_rounds,0,,,,,1,1,3,2,2,6,6,4,0,0,1,profiled_beam,1,1,0.7849492405851682,0.6840320328871409,8,7,7,7,9,2,2,0,0.7777777777777778,0.6666666666666666,0.6666666666666666,0.6666666666666666,0.75,0,0.7777777777777778,0.6666666666666666,0.6666666666666666,0.6666666666666666,0.75,0,0.7777777777777778,0.6666666666666666,0.6666666666666666,0.6666666666666666,0.75,1,1.0,1.0,1.0,1.0,1.0
2769,no_strict_e1_improvement,0,,,,,1,0,1,1,1,1,1,4,0,0,-1,current,0,0,0.7034066592653593,0.7034066592653593,8,9,9,9,9,0,0,1,1.0,1.0,1.0,1.0,1.0,1,1.0,1.0,1.0,1.0,1.0,1,1.0,1.0,1.0,1.0,1.0,1,1.0,1.0,1.0,1.0,1.0
2770,max_rounds,0,,,,,1,1,4,4,4,15,15,4,0,-1,1,profiled_beam,1,1,0.84625643491745,0.8345933829744657,7,7,7,7,0,-7,-7,0,0.7777777777777778,0.3333333333333333,0.6666666666666666,0.5,0.5833333333333334,0,0.7777777777777778,0.3333333333333333,0.6666666666666666,0.5,0.5833333333333334,0,0.7777777777777778,0.3333333333333333,0.6666666666666666,0.5,0.5833333333333334,0,0.0,0.16666666666666666,0.6666666666666666,0.4166666666666667,0.5
2771,no_strict_e1_improvement,0,,,,,1,0,1,1,1,2,2,4,0,0,-1,current,0,0,0.8040365278720856,0.8040365278720856,5,1,1,1,1,0,0,0,0.1111111111111111,0.3333333333333333,0.3333333333333333,0.3333333333333333,0.4166666666666667,0,0.1111111111111111,0.3333333333333333,0.3333333333333333,0.3333333333333333,0.4166666666666667,0,0.1111111111111111,0.3333333333333333,0.3333333333333333,0.3333333333333333,0.4166666666666667,0,0.1111111111111111,0.3333333333333333,0.3333333333333333,0.3333333333333333,0.4166666666666667
2772,max_rounds,0,,,,,1,1,3,2,2,6,6,4,0,0,1,profiled_beam,1,1,0.7005648836493492,0.6723227525750796,4,0,0,0,0,0,0,0,0.0,0.5,0.0,0.25,0.4166666666666667,0,0.0,0.5,0.0,0.25,0.4166666666666667,0,0.0,0.5,0.0,0.25,0.4166666666666667,0,0.0,0.6666666666666666,0.5,0.5833333333333334,0.75
2773,no_strict_e1_improvement,0,,,,,1,0,1,1,1,1,1,4,0,0,-1,current,0,0,0.5636366034547488,0.5636366034547488,10,0,0,0,0,0,0,0,0.0,0.5,1.0,0.75,0.75,0,0.0,0.5,1.0,0.75,0.75,0,0.0,0.5,1.0,0.75,0.75,0,0.0,0.5,1.0,0.75,0.75
2774,no_strict_e1_improvement,0,,,,,1,0,1,1,1,1,1,4,0,0,-1,current,0,0,0.7545919766028722,0.7545919766028722,7,0,0,0,0,0,0,0,0.0,0.5,0.8333333333333334,0.6666666666666666,0.6666666666666666,0,0.0,0.5,0.8333333333333334,0.6666666666666666,0.6666666666666666,0,0.0,0.5,0.8333333333333334,0.6666666666666666,0.6666666666666666,0,0.0,0.5,0.8333333333333334,0.6666666666666666,0.6666666666666666
2775,max_rounds,0,,,,,1,1,3,2,2,8,8,4,0,0,0,s1a3_greedy,1,0,0.6559313510855039,0.6527802323301634,7,6,6,7,7,1,0,0,0.6666666666666666,0.8333333333333334,0.5,0.6666666666666666,0.6666666666666666,0,0.6666666666666666,0.8333333333333334,0.5,0.6666666666666666,0.6666666666666666,0,0.7777777777777778,0.6666666666666666,0.6666666666666666,0.6666666666666666,0.75,0,0.7777777777777778,0.6666666666666666,0.6666666666666666,0.6666666666666666,0.75
2776,no_strict_e1_improvement,0,,,,,1,0,1,1,1,2,2,4,0,0,-1,current,0,0,0.690979632238547,0.690979632238547,6,0,0,0,0,0,0,0,0.0,0.16666666666666666,0.3333333333333333,0.25,0.4166666666666667,0,0.0,0.16666666666666666,0.3333333333333333,0.25,0.4166666666666667,0,0.0,0.16666666666666666,0.3333333333333333,0.25,0.4166666666666667,0,0.0,0.16666666666666666,0.3333333333333333,0.25,0.4166666666666667
2777,partial_completed__no_strict_e1_improvement,1,,3,2,3,1,0,1,1,1,1,1,4,0,0,-1,current,1,0,0.5976159100731214,0.5976159100731214,9,0,9,9,9,9,0,0,0.0,0.5,0.6666666666666666,0.5833333333333334,0.5833333333333334,1,1.0,1.0,1.0,1.0,1.0,1,1.0,1.0,1.0,1.0,1.0,1,1.0,1.0,1.0,1.0,1.0
2778,max_rounds,0,,,,,1,1,3,2,2,7,7,4,-1,0,0,s1a3_greedy,1,0,0.7663496335347494,0.6683186292648315,7,6,6,0,0,-6,0,0,0.6666666666666666,0.8333333333333334,0.5,0.6666666666666666,0.6666666666666666,0,0.6666666666666666,0.8333333333333334,0.5,0.6666666666666666,0.6666666666666666,0,0.0,0.8333333333333334,0.5,0.6666666666666666,0.6666666666666666,0,0.0,0.8333333333333334,0.5,0.6666666666666666,0.6666666666666666
2779,no_strict_e1_improvement,0,,,,,1,0,1,1,1,1,1,4,0,0,-1,current,0,0,0.57768664509058,0.57768664509058,11,9,9,9,9,0,0,1,1.0,1.0,1.0,1.0,1.0,1,1.0,1.0,1.0,1.0,1.0,1,1.0,1.0,1.0,1.0,1.0,1,1.0,1.0,1.0,1.0,1.0
2780,no_strict_e1_improvement,0,,,,,1,0,1,1,1,1,1,4,0,0,-1,current,0,0,0.6339370856682459,0.6339370856682459,8,9,9,9,9,0,0,1,1.0,1.0,1.0,1.0,1.0,1,1.0,1.0,1.0,1.0,1.0,1,1.0,1.0,1.0,1.0,1.0,1,1.0,1.0,1.0,1.0,1.0
2781,no_strict_e1_improvement,0,,,,,1,0,1,1,1,1,1,4,0,0,-1,current,0,0,0.5991837332646052,0.5991837332646052,7,0,0,0,0,0,0,0,0.0,0.5,0.6666666666666666,0.5833333333333334,0.75,0,0.0,0.5,0.6666666666666666,0.5833333333333334,0.75,0,0.0,0.5,0.6666666666666666,0.5833333333333334,0.75,0,0.0,0.5,0.6666666666666666,0.5833333333333334,0.75
2782,no_strict_e1_improvement,0,,,,,1,0,1,1,1,1,1,4,0,0,-1,current,0,0,0.6985313842693964,0.6985313842693964,8,0,0,0,0,0,0,0,0.0,0.5,0.5,0.5,0.5,0,0.0,0.5,0.5,0.5,0.5,0,0.0,0.5,0.5,0.5,0.5,0,0.0,0.5,0.5,0.5,0.5
2783,max_rounds,0,,,,,1,1,3,2,2,8,8,4,0,0,1,profiled_beam,1,1,0.6703793406486511,0.6643430863817533,5,6,6,6,9,3,3,0,0.6666666666666666,0.8333333333333334,0.5,0.6666666666666666,0.6666666666666666,0,0.6666666666666666,0.8333333333333334,0.5,0.6666666666666666,0.6666666666666666,0,0.6666666666666666,0.8333333333333334,0.5,0.6666666666666666,0.6666666666666666,1,1.0,1.0,1.0,1.0,1.0
2784,no_strict_e1_improvement,0,,,,,1,0,1,1,1,1,1,4,0,0,-1,current,0,0,0.5132492582003275,0.5132492582003275,9,0,0,0,0,0,0,0,0.0,0.5,0.5,0.5,0.5,0,0.0,0.5,0.5,0.5,0.5,0,0.0,0.5,0.5,0.5,0.5,0,0.0,0.5,0.5,0.5,0.5
2785,no_strict_e1_improvement,0,,,,,1,0,1,1,1,1,1,4,0,0,-1,current,0,0,0.48048614462216693,0.48048614462216693,10,0,0,0,0,0,0,0,0.0,0.5,1.0,0.75,0.75,0,0.0,0.5,1.0,0.75,0.75,0,0.0,0.5,1.0,0.75,0.75,0,0.0,0.5,1.0,0.75,0.75
2786,max_rounds,0,,,,,1,1,4,4,4,13,13,4,-1,0,0,s1a3_greedy,1,0,0.7951372141639391,0.7427374298373858,8,0,0,0,0,0,0,0,0.0,0.8333333333333334,0.0,0.4166666666666667,0.4166666666666667,0,0.0,0.8333333333333334,0.0,0.4166666666666667,0.4166666666666667,0,0.0,0.8333333333333334,0.5,0.6666666666666666,0.6666666666666666,0,0.0,0.8333333333333334,0.5,0.6666666666666666,0.6666666666666666
2787,no_strict_e1_improvement,0,,,,,1,0,1,1,1,1,1,4,0,0,-1,current,0,0,0.5080925424893697,0.5080925424893697,11,0,0,0,0,0,0,0,0.0,0.5,1.0,0.75,0.75,0,0.0,0.5,1.0,0.75,0.75,0,0.0,0.5,1.0,0.75,0.75,0,0.0,0.5,1.0,0.75,0.75
2788,no_strict_e1_improvement,0,,,,,1,0,2,2,2,8,8,4,0,0,-1,current,0,0,0.6058512131373087,0.6058512131373087,8,9,9,9,9,0,0,1,1.0,1.0,1.0,1.0,1.0,1,1.0,1.0,1.0,1.0,1.0,1,1.0,1.0,1.0,1.0,1.0,1,1.0,1.0,1.0,1.0,1.0
2789,no_strict_e1_improvement,0,,,,,1,0,1,1,1,1,1,4,0,0,-1,current,0,0,0.6744011292854944,0.6744011292854944,8,0,0,0,0,0,0,0,0.0,0.5,1.0,0.75,0.75,0,0.0,0.5,1.0,0.75,0.75,0,0.0,0.5,1.0,0.75,0.75,0,0.0,0.5,1.0,0.75,0.75
2790,max_rounds,0,,,,,1,1,3,2,2,7,7,4,0,0,0,s1a3_greedy,1,0,0.5814763704935709,0.5781609366337458,7,0,0,0,0,0,0,0,0.0,1.0,0.5,0.75,0.75,0,0.0,1.0,0.5,0.75,0.75,0,0.0,0.8333333333333334,0.0,0.4166666666666667,0.4166666666666667,0,0.0,0.8333333333333334,0.0,0.4166666666666667,0.4166666666666667
2791,max_rounds,0,,,,,1,1,3,2,2,6,6,4,1,0,0,s1a3_greedy,1,0,0.8482602487007777,0.736957848072052,8,0,0,0,0,0,0,0,0.0,0.3333333333333333,0.5,0.4166666666666667,0.5833333333333334,0,0.0,0.3333333333333333,0.5,0.4166666666666667,0.5833333333333334,0,0.0,0.5,1.0,0.75,0.75,0,0.0,0.5,1.0,0.75,0.75
2792,max_rounds,0,,,,,1,1,2,2,2,6,6,4,0,1,1,profiled_beam,1,1,0.5055847615003586,0.504716157913208,7,9,9,9,0,-9,-9,1,1.0,1.0,1.0,1.0,1.0,1,1.0,1.0,1.0,1.0,1.0,1,1.0,1.0,1.0,1.0,1.0,0,0.0,0.5,1.0,0.75,0.75
2793,max_rounds,0,,,,,1,1,2,2,2,6,6,4,1,0,0,s1a3_greedy,1,0,0.6401163563132286,0.6184055457512537,5,4,4,4,4,0,0,0,0.4444444444444444,0.16666666666666666,0.5,0.3333333333333333,0.4166666666666667,0,0.4444444444444444,0.16666666666666666,0.5,0.3333333333333333,0.4166666666666667,0,0.4444444444444444,0.16666666666666666,0.5,0.3333333333333333,0.4166666666666667,0,0.4444444444444444,0.16666666666666666,0.5,0.3333333333333333,0.4166666666666667
2794,no_strict_e1_improvement,0,,,,,1,0,1,1,1,1,1,4,0,0,-1,current,0,0,0.6483891283472379,0.6483891283472379,9,0,0,0,0,0,0,0,0.0,0.5,1.0,0.75,0.75,0,0.0,0.5,1.0,0.75,0.75,0,0.0,0.5,1.0,0.75,0.75,0,0.0,0.5,1.0,0.75,0.75
2795,no_strict_e1_improvement,0,,,,,1,0,1,1,1,1,1,4,0,0,-1,current,0,0,0.8092869545022646,0.8092869545022646,9,0,0,0,0,0,0,0,0.0,0.5,0.8333333333333334,0.6666666666666666,0.6666666666666666,0,0.0,0.5,0.8333333333333334,0.6666666666666666,0.6666666666666666,0,0.0,0.5,0.8333333333333334,0.6666666666666666,0.6666666666666666,0,0.0,0.5,0.8333333333333334,0.6666666666666666,0.6666666666666666
2796,small_component,0,,,,,1,0,0,0,0,0,0,4,0,0,-1,current,0,0,0.9442688201864561,0.9442688201864561,3,1,1,1,1,0,0,0,0.1111111111111111,0.3333333333333333,0.3333333333333333,0.3333333333333333,0.5,0,0.1111111111111111,0.3333333333333333,0.3333333333333333,0.3333333333333333,0.5,0,0.1111111111111111,0.3333333333333333,0.3333333333333333,0.3333333333333333,0.5,0,0.1111111111111111,0.3333333333333333,0.3333333333333333,0.3333333333333333,0.5
2797,no_strict_e1_improvement,0,,,,,1,0,1,1,1,1,1,4,0,0,-1,current,0,0,0.5863111764192581,0.5863111764192581,7,0,0,0,0,0,0,0,0.0,0.5,1.0,0.75,0.75,0,0.0,0.5,1.0,0.75,0.75,0,0.0,0.5,1.0,0.75,0.75,0,0.0,0.5,1.0,0.75,0.75
2798,no_strict_e1_improvement,0,,,,,1,0,1,1,1,1,1,4,0,0,-1,current,0,0,0.5527411128083864,0.5527411128083864,7,9,9,9,9,0,0,1,1.0,1.0,1.0,1.0,1.0,1,1.0,1.0,1.0,1.0,1.0,1,1.0,1.0,1.0,1.0,1.0,1,1.0,1.0,1.0,1.0,1.0
2799,no_strict_e1_improvement,0,,,,,1,0,1,1,1,1,1,4,0,0,-1,current,0,0,0.7616146678725878,0.7616146678725878,7,7,7,7,7,0,0,0,0.7777777777777778,0.6666666666666666,0.6666666666666666,0.6666666666666666,0.75,0,0.7777777777777778,0.6666666666666666,0.6666666666666666,0.6666666666666666,0.75,0,0.7777777777777778,0.6666666666666666,0.6666666666666666,0.6666666666666666,0.75,0,0.7777777777777778,0.6666666666666666,0.6666666666666666,0.6666666666666666,0.75
2800,partial_completed__no_strict_e1_improvement,1,,3,2,3,1,0,2,2,2,5,5,4,0,0,-1,current,1,0,0.7002896169821421,0.7002896169821421,8,6,0,0,0,-6,0,0,0.6666666666666666,0.5,0.6666666666666666,0.5833333333333334,0.5833333333333334,0,0.0,0.5,1.0,0.75,0.75,0,0.0,0.5,1.0,0.75,0.75,0,0.0,0.5,1.0,0.75,0.75
2801,no_strict_e1_improvement,0,,,,,1,0,2,2,2,5,5,4,0,0,-1,current,0,0,0.672540009021759,0.672540009021759,10,9,9,9,9,0,0,1,1.0,1.0,1.0,1.0,1.0,1,1.0,1.0,1.0,1.0,1.0,1,1.0,1.0,1.0,1.0,1.0,1,1.0,1.0,1.0,1.0,1.0
2802,no_strict_e1_improvement,0,,,,,1,0,1,1,1,1,1,4,0,0,-1,current,0,0,0.6484549964467684,0.6484549964467684,8,9,9,9,9,0,0,1,1.0,1.0,1.0,1.0,1.0,1,1.0,1.0,1.0,1.0,1.0,1,1.0,1.0,1.0,1.0,1.0,1,1.0,1.0,1.0,1.0,1.0
2803,no_strict_e1_improvement,0,,,,,1,0,1,1,1,2,2,4,0,0,-1,current,0,0,0.6553283904989561,0.6553283904989561,7,0,0,0,0,0,0,0,0.0,0.5,0.8333333333333334,0.6666666666666666,0.6666666666666666,0,0.0,0.5,0.8333333333333334,0.6666666666666666,0.6666666666666666,0,0.0,0.5,0.8333333333333334,0.6666666666666666,0.6666666666666666,0,0.0,0.5,0.8333333333333334,0.6666666666666666,0.6666666666666666
2804,no_strict_e1_improvement,0,,,,,1,0,1,1,1,2,2,4,0,0,-1,current,0,0,0.7447391847769419,0.7447391847769419,10,0,0,0,0,0,0,0,0.0,0.5,1.0,0.75,0.75,0,0.0,0.5,1.0,0.75,0.75,0,0.0,0.5,1.0,0.75,0.75,0,0.0,0.5,1.0,0.75,0.75
2805,max_rounds,0,,,,,1,1,3,2,2,6,6,4,0,-1,1,profiled_beam,1,1,0.8318875879049301,0.7851636658112208,7,7,7,9,0,-7,-9,0,0.7777777777777778,0.6666666666666666,0.6666666666666666,0.6666666666666666,0.75,0,0.7777777777777778,0.6666666666666666,0.6666666666666666,0.6666666666666666,0.75,1,1.0,1.0,1.0,1.0,1.0,0,0.0,0.5,1.0,0.75,0.75
2806,small_component,0,,,,,1,0,0,0,0,0,0,4,0,0,-1,current,0,0,0.5833417947093645,0.5833417947093645,6,1,1,1,1,0,0,0,0.1111111111111111,0.6666666666666666,0.3333333333333333,0.5,0.6666666666666666,0,0.1111111111111111,0.6666666666666666,0.3333333333333333,0.5,0.6666666666666666,0,0.1111111111111111,0.6666666666666666,0.3333333333333333,0.5,0.6666666666666666,0,0.1111111111111111,0.6666666666666666,0.3333333333333333,0.5,0.6666666666666666
2807,partial_completed__no_strict_e1_improvement,1,,3,2,3,1,0,1,1,1,1,1,4,0,0,-1,current,1,0,0.6538110276063284,0.6538110276063284,7,0,0,0,0,0,0,0,0.0,0.3333333333333333,0.3333333333333333,0.3333333333333333,0.4166666666666667,0,0.0,0.5,0.6666666666666666,0.5833333333333334,0.6666666666666666,0,0.0,0.5,0.6666666666666666,0.5833333333333334,0.6666666666666666,0,0.0,0.5,0.6666666666666666,0.5833333333333334,0.6666666666666666
2808,small_component,0,,,,,1,0,0,0,0,0,0,4,0,0,-1,current,0,0,0.8396552552779516,0.8396552552779516,4,0,0,0,0,0,0,0,0.0,0.16666666666666666,0.3333333333333333,0.25,0.3333333333333333,0,0.0,0.16666666666666666,0.3333333333333333,0.25,0.3333333333333333,0,0.0,0.16666666666666666,0.3333333333333333,0.25,0.3333333333333333,0,0.0,0.16666666666666666,0.3333333333333333,0.25,0.3333333333333333
2809,no_strict_e1_improvement,0,,,,,1,0,1,1,1,1,1,4,0,0,-1,current,0,0,0.6250285481413206,0.6250285481413206,8,9,9,9,9,0,0,1,1.0,1.0,1.0,1.0,1.0,1,1.0,1.0,1.0,1.0,1.0,1,1.0,1.0,1.0,1.0,1.0,1,1.0,1.0,1.0,1.0,1.0
2810,no_strict_e1_improvement,0,,,,,1,0,1,1,1,1,1,4,0,0,-1,current,0,0,0.5840038731694221,0.5840038731694221,12,9,9,9,9,0,0,1,1.0,1.0,1.0,1.0,1.0,1,1.0,1.0,1.0,1.0,1.0,1,1.0,1.0,1.0,1.0,1.0,1,1.0,1.0,1.0,1.0,1.0
2811,max_rounds,0,,,,,1,1,3,2,2,8,8,4,0,0,0,s1a3_greedy,1,0,0.8564439217249552,0.8221578150987625,6,4,4,6,6,2,0,0,0.4444444444444444,0.5,0.16666666666666666,0.3333333333333333,0.5,0,0.4444444444444444,0.5,0.16666666666666666,0.3333333333333333,0.5,0,0.6666666666666666,0.8333333333333334,0.0,0.4166666666666667,0.4166666666666667,0,0.6666666666666666,0.8333333333333334,0.0,0.4166666666666667,0.4166666666666667
2812,max_rounds,0,,,,,1,1,3,2,2,7,7,4,0,0,0,s1a3_greedy,1,0,0.706061157087485,0.6334625110030174,7,7,7,9,9,2,0,0,0.7777777777777778,0.6666666666666666,0.6666666666666666,0.6666666666666666,0.75,0,0.7777777777777778,0.6666666666666666,0.6666666666666666,0.6666666666666666,0.75,1,1.0,1.0,1.0,1.0,1.0,1,1.0,1.0,1.0,1.0,1.0
2813,no_strict_e1_improvement,0,,,,,1,0,1,1,1,1,1,4,0,0,-1,current,0,0,0.5485879157980283,0.5485879157980283,9,9,9,9,9,0,0,1,1.0,1.0,1.0,1.0,1.0,1,1.0,1.0,1.0,1.0,1.0,1,1.0,1.0,1.0,1.0,1.0,1,1.0,1.0,1.0,1.0,1.0
2814,max_rounds,0,,,,,1,1,4,4,4,15,15,4,0,-1,1,profiled_beam,1,1,0.7914851779739062,0.7646394247810046,7,0,0,1,0,0,-1,0,0.0,0.5,1.0,0.75,0.75,0,0.0,0.5,1.0,0.75,0.75,0,0.1111111111111111,0.3333333333333333,0.6666666666666666,0.5,0.6666666666666666,0,0.0,0.5,1.0,0.75,0.75
2815,no_strict_e1_improvement,0,,,,,1,0,1,1,1,1,1,4,0,0,-1,current,0,0,0.7950696249802908,0.7950696249802908,10,0,0,0,0,0,0,0,0.0,0.5,1.0,0.75,0.75,0,0.0,0.5,1.0,0.75,0.75,0,0.0,0.5,1.0,0.75,0.75,0,0.0,0.5,1.0,0.75,0.75
2816,no_strict_e1_improvement,0,,,,,1,0,2,2,2,6,6,4,0,0,-1,current,0,0,0.7403295089801153,0.7403295089801153,11,0,0,0,0,0,0,0,0.0,0.5,1.0,0.75,0.75,0,0.0,0.5,1.0,0.75,0.75,0,0.0,0.5,1.0,0.75,0.75,0,0.0,0.5,1.0,0.75,0.75
2817,no_strict_e1_improvement,0,,,,,1,0,1,1,1,1,1,4,0,0,-1,current,0,0,0.6986398622393608,0.6986398622393608,8,0,0,0,0,0,0,0,0.0,0.5,0.5,0.5,0.5,0,0.0,0.5,0.5,0.5,0.5,0,0.0,0.5,0.5,0.5,0.5,0,0.0,0.5,0.5,0.5,0.5
2818,no_strict_e1_improvement,0,,,,,1,0,1,1,1,1,1,4,0,0,-1,current,0,0,0.5566409404079119,0.5566409404079119,10,0,0,0,0,0,0,0,0.0,0.5,1.0,0.75,0.75,0,0.0,0.5,1.0,0.75,0.75,0,0.0,0.5,1.0,0.75,0.75,0,0.0,0.5,1.0,0.75,0.75
2819,no_strict_e1_improvement,0,,,,,1,0,1,1,1,1,1,4,0,0,-1,current,0,0,0.6249533891677856,0.6249533891677856,10,0,0,0,0,0,0,0,0.0,0.5,1.0,0.75,0.75,0,0.0,0.5,1.0,0.75,0.75,0,0.0,0.5,1.0,0.75,0.75,0,0.0,0.5,1.0,0.75,0.75
2820,no_strict_e1_improvement,0,,,,,1,0,1,1,1,1,1,4,0,0,-1,current,0,0,0.5112665196259817,0.5112665196259817,10,0,0,0,0,0,0,0,0.0,0.5,1.0,0.75,0.75,0,0.0,0.5,1.0,0.75,0.75,0,0.0,0.5,1.0,0.75,0.75,0,0.0,0.5,1.0,0.75,0.75
2821,small_component,0,,,,,1,0,0,0,0,0,0,4,0,0,-1,current,0,0,0.8468101968367895,0.8468101968367895,7,0,0,0,0,0,0,0,0.0,0.16666666666666666,0.6666666666666666,0.4166666666666667,0.5833333333333334,0,0.0,0.16666666666666666,0.6666666666666666,0.4166666666666667,0.5833333333333334,0,0.0,0.16666666666666666,0.6666666666666666,0.4166666666666667,0.5833333333333334,0,0.0,0.16666666666666666,0.6666666666666666,0.4166666666666667,0.5833333333333334
2822,max_rounds,0,,,,,1,1,5,4,4,15,15,4,0,0,1,profiled_beam,1,1,0.8105317826072375,0.7739661683638891,6,3,3,3,5,2,2,0,0.3333333333333333,0.6666666666666666,0.0,0.3333333333333333,0.5833333333333334,0,0.3333333333333333,0.6666666666666666,0.0,0.3333333333333333,0.5833333333333334,0,0.3333333333333333,1.0,0.0,0.5,0.75,0,0.5555555555555556,0.6666666666666666,0.3333333333333333,0.5,0.6666666666666666
2823,no_strict_e1_improvement,0,,,,,1,0,1,1,1,1,1,4,0,0,-1,current,0,0,0.6672651891907057,0.6672651891907057,10,9,9,9,9,0,0,1,1.0,1.0,1.0,1.0,1.0,1,1.0,1.0,1.0,1.0,1.0,1,1.0,1.0,1.0,1.0,1.0,1,1.0,1.0,1.0,1.0,1.0
2824,no_strict_e1_improvement,0,,,,,1,0,2,2,2,8,8,4,0,0,-1,current,0,0,0.5154359464844068,0.5154359464844068,9,9,9,9,9,0,0,1,1.0,1.0,1.0,1.0,1.0,1,1.0,1.0,1.0,1.0,1.0,1,1.0,1.0,1.0,1.0,1.0,1,1.0,1.0,1.0,1.0,1.0
2825,small_component,0,,,,,1,0,0,0,0,0,0,4,0,0,-1,current,0,0,0.7471959590911865,0.7471959590911865,7,2,2,2,2,0,0,0,0.2222222222222222,0.16666666666666666,0.5,0.3333333333333333,0.5,0,0.2222222222222222,0.16666666666666666,0.5,0.3333333333333333,0.5,0,0.2222222222222222,0.16666666666666666,0.5,0.3333333333333333,0.5,0,0.2222222222222222,0.16666666666666666,0.5,0.3333333333333333,0.5
2826,no_strict_e1_improvement,0,,,,,1,0,1,1,1,1,1,4,0,0,-1,current,0,0,0.5585184320807457,0.5585184320807457,10,0,0,0,0,0,0,0,0.0,0.5,1.0,0.75,0.75,0,0.0,0.5,1.0,0.75,0.75,0,0.0,0.5,1.0,0.75,0.75,0,0.0,0.5,1.0,0.75,0.75
2827,no_strict_e1_improvement,0,,,,,1,0,1,1,1,1,1,4,0,0,-1,current,0,0,0.5829434444506963,0.5829434444506963,12,9,9,9,9,0,0,1,1.0,1.0,1.0,1.0,1.0,1,1.0,1.0,1.0,1.0,1.0,1,1.0,1.0,1.0,1.0,1.0,1,1.0,1.0,1.0,1.0,1.0
2828,no_strict_e1_improvement,0,,,,,1,0,1,1,1,1,1,4,0,0,-1,current,0,0,0.6407274181644121,0.6407274181644121,9,7,7,7,7,0,0,0,0.7777777777777778,0.6666666666666666,0.6666666666666666,0.6666666666666666,0.8333333333333334,0,0.7777777777777778,0.6666666666666666,0.6666666666666666,0.6666666666666666,0.8333333333333334,0,0.7777777777777778,0.6666666666666666,0.6666666666666666,0.6666666666666666,0.8333333333333334,0,0.7777777777777778,0.6666666666666666,0.6666666666666666,0.6666666666666666,0.8333333333333334
2829,no_strict_e1_improvement,0,,,,,1,0,1,1,1,1,1,4,0,0,-1,current,0,0,0.6807625119884809,0.6807625119884809,6,0,0,0,0,0,0,0,0.0,0.5,1.0,0.75,0.75,0,0.0,0.5,1.0,0.75,0.75,0,0.0,0.5,1.0,0.75,0.75,0,0.0,0.5,1.0,0.75,0.75
2830,no_strict_e1_improvement,0,,,,,1,0,1,1,1,1,1,4,0,0,-1,current,0,0,0.7826674481232961,0.7826674481232961,5,0,0,0,0,0,0,0,0.0,0.6666666666666666,0.5,0.5833333333333334,0.6666666666666666,0,0.0,0.6666666666666666,0.5,0.5833333333333334,0.6666666666666666,0,0.0,0.6666666666666666,0.5,0.5833333333333334,0.6666666666666666,0,0.0,0.6666666666666666,0.5,0.5833333333333334,0.6666666666666666
2831,no_strict_e1_improvement,0,,,,,1,0,1,1,1,1,1,4,0,0,-1,current,0,0,0.6198698778947195,0.6198698778947195,8,7,7,7,7,0,0,0,0.7777777777777778,0.6666666666666666,0.6666666666666666,0.6666666666666666,0.75,0,0.7777777777777778,0.6666666666666666,0.6666666666666666,0.6666666666666666,0.75,0,0.7777777777777778,0.6666666666666666,0.6666666666666666,0.6666666666666666,0.75,0,0.7777777777777778,0.6666666666666666,0.6666666666666666,0.6666666666666666,0.75
2832,max_rounds,0,,,,,1,1,3,2,2,6,6,4,0,0,1,profiled_beam,1,1,0.6790721813837687,0.6565104772647222,9,7,7,7,9,2,2,0,0.7777777777777778,0.6666666666666666,0.6666666666666666,0.6666666666666666,0.75,0,0.7777777777777778,0.6666666666666666,0.6666666666666666,0.6666666666666666,0.75,0,0.7777777777777778,0.6666666666666666,0.6666666666666666,0.6666666666666666,0.75,1,1.0,1.0,1.0,1.0,1.0
2833,max_rounds,0,,,,,1,1,5,4,4,15,15,4,0,0,1,profiled_beam,1,1,0.766151229540507,0.6737739766637484,7,0,0,1,0,0,-1,0,0.0,0.5,0.5,0.5,0.5,0,0.0,0.5,0.5,0.5,0.5,0,0.1111111111111111,0.3333333333333333,0.6666666666666666,0.5,0.5833333333333334,0,0.0,0.5,1.0,0.75,0.75
2834,max_rounds,0,,,,,1,1,5,4,4,14,14,4,0,1,0,s1a3_greedy,1,0,0.5999211644132932,0.5864221900701523,5,3,3,2,2,-1,0,0,0.3333333333333333,0.0,1.0,0.5,0.75,0,0.3333333333333333,0.0,1.0,0.5,0.75,0,0.2222222222222222,0.16666666666666666,0.6666666666666666,0.4166666666666667,0.75,0,0.2222222222222222,0.16666666666666666,0.6666666666666666,0.4166666666666667,0.75
2835,no_strict_e1_improvement,0,,,,,1,0,2,2,2,7,7,4,0,0,-1,current,0,0,0.5620151907205582,0.5620151907205582,9,9,9,9,9,0,0,1,1.0,1.0,1.0,1.0,1.0,1,1.0,1.0,1.0,1.0,1.0,1,1.0,1.0,1.0,1.0,1.0,1,1.0,1.0,1.0,1.0,1.0
2836,no_strict_e1_improvement,0,,,,,1,0,2,2,2,7,7,4,0,0,-1,current,0,0,0.5639148056507111,0.5639148056507111,9,3,3,3,3,0,0,0,0.3333333333333333,0.0,1.0,0.5,0.75,0,0.3333333333333333,0.0,1.0,0.5,0.75,0,0.3333333333333333,0.0,1.0,0.5,0.75,0,0.3333333333333333,0.0,1.0,0.5,0.75
2837,small_component,0,,,,,1,0,0,0,0,0,0,4,0,0,-1,current,0,0,0.7592420130968094,0.7592420130968094,5,0,0,0,0,0,0,0,0.0,0.16666666666666666,0.5,0.3333333333333333,0.5,0,0.0,0.16666666666666666,0.5,0.3333333333333333,0.5,0,0.0,0.16666666666666666,0.5,0.3333333333333333,0.5,0,0.0,0.16666666666666666,0.5,0.3333333333333333,0.5
2838,no_strict_e1_improvement,0,,,,,1,0,1,1,1,1,1,4,0,0,-1,current,0,0,0.5735207895437876,0.5735207895437876,11,7,7,7,7,0,0,0,0.7777777777777778,0.6666666666666666,0.6666666666666666,0.6666666666666666,0.75,0,0.7777777777777778,0.6666666666666666,0.6666666666666666,0.6666666666666666,0.75,0,0.7777777777777778,0.6666666666666666,0.6666666666666666,0.6666666666666666,0.75,0,0.7777777777777778,0.6666666666666666,0.6666666666666666,0.6666666666666666,0.75
2839,no_strict_e1_improvement,0,,,,,1,0,1,1,1,1,1,4,0,0,-1,current,0,0,0.8038760299483935,0.8038760299483935,7,0,0,0,0,0,0,0,0.0,0.5,0.5,0.5,0.5,0,0.0,0.5,0.5,0.5,0.5,0,0.0,0.5,0.5,0.5,0.5,0,0.0,0.5,0.5,0.5,0.5
2840,max_rounds,0,,,,,1,1,5,4,4,15,15,4,0,1,0,s1a3_greedy,1,0,0.598117729028066,0.4902791778246562,7,0,0,9,9,9,0,0,0.0,0.5,0.8333333333333334,0.6666666666666666,0.6666666666666666,0,0.0,0.5,0.8333333333333334,0.6666666666666666,0.6666666666666666,1,1.0,1.0,1.0,1.0,1.0,1,1.0,1.0,1.0,1.0,1.0
2841,max_rounds,0,,,,,1,1,2,2,2,6,6,4,-1,0,0,s1a3_greedy,1,0,0.7451837932070097,0.6912509227792422,7,0,0,0,0,0,0,0,0.0,0.5,0.6666666666666666,0.5833333333333334,0.5833333333333334,0,0.0,0.5,0.6666666666666666,0.5833333333333334,0.5833333333333334,0,0.0,0.5,0.8333333333333334,0.6666666666666666,0.6666666666666666,0,0.0,0.5,0.8333333333333334,0.6666666666666666,0.6666666666666666
2842,no_strict_e1_improvement,0,,,,,1,0,1,1,1,1,1,4,0,0,-1,current,0,0,0.642774224281311,0.642774224281311,10,9,9,9,9,0,0,1,1.0,1.0,1.0,1.0,1.0,1,1.0,1.0,1.0,1.0,1.0,1,1.0,1.0,1.0,1.0,1.0,1,1.0,1.0,1.0,1.0,1.0
2843,max_rounds,0,,,,,1,1,4,4,4,15,15,4,-1,-1,1,profiled_beam,1,1,0.7780179157853127,0.7693142965435982,6,0,0,0,0,0,0,0,0.0,0.0,0.5,0.25,0.5,0,0.0,0.0,0.5,0.25,0.5,0,0.0,0.0,0.5,0.25,0.5,0,0.0,0.16666666666666666,0.5,0.3333333333333333,0.4166666666666667
2844,max_rounds,0,,,,,1,1,2,2,2,5,5,4,-1,0,0,s1a3_greedy,1,0,0.611713670194149,0.5843641236424446,8,0,0,0,0,0,0,0,0.0,0.5,0.8333333333333334,0.6666666666666666,0.6666666666666666,0,0.0,0.5,0.8333333333333334,0.6666666666666666,0.6666666666666666,0,0.0,0.5,0.6666666666666666,0.5833333333333334,0.5833333333333334,0,0.0,0.5,0.6666666666666666,0.5833333333333334,0.5833333333333334
2845,max_rounds,0,,,,,1,1,3,2,2,7,7,4,0,0,0,s1a3_greedy,1,0,0.7072899664441744,0.6774208297332128,5,7,7,9,9,2,0,0,0.7777777777777778,0.6666666666666666,0.6666666666666666,0.6666666666666666,0.8333333333333334,0,0.7777777777777778,0.6666666666666666,0.6666666666666666,0.6666666666666666,0.8333333333333334,1,1.0,1.0,1.0,1.0,1.0,1,1.0,1.0,1.0,1.0,1.0
2846,no_strict_e1_improvement,0,,,,,1,0,1,1,1,1,1,4,0,0,-1,current,0,0,0.5765921187897524,0.5765921187897524,9,9,9,9,9,0,0,1,1.0,1.0,1.0,1.0,1.0,1,1.0,1.0,1.0,1.0,1.0,1,1.0,1.0,1.0,1.0,1.0,1,1.0,1.0,1.0,1.0,1.0
2847,no_strict_e1_improvement,0,,,,,1,0,1,1,1,1,1,4,0,0,-1,current,0,0,0.5544134005904198,0.5544134005904198,8,6,6,6,6,0,0,0,0.6666666666666666,0.8333333333333334,0.5,0.6666666666666666,0.6666666666666666,0,0.6666666666666666,0.8333333333333334,0.5,0.6666666666666666,0.6666666666666666,0,0.6666666666666666,0.8333333333333334,0.5,0.6666666666666666,0.6666666666666666,0,0.6666666666666666,0.8333333333333334,0.5,0.6666666666666666,0.6666666666666666
2848,no_strict_e1_improvement,0,,,,,1,0,1,1,1,1,1,4,0,0,-1,current,0,0,0.6611198758085569,0.6611198758085569,8,0,0,0,0,0,0,0,0.0,0.8333333333333334,0.5,0.6666666666666666,0.6666666666666666,0,0.0,0.8333333333333334,0.5,0.6666666666666666,0.6666666666666666,0,0.0,0.8333333333333334,0.5,0.6666666666666666,0.6666666666666666,0,0.0,0.8333333333333334,0.5,0.6666666666666666,0.6666666666666666
2849,no_strict_e1_improvement,0,,,,,1,0,4,4,4,13,13,4,0,0,-1,current,0,0,0.4708382412791252,0.4708382412791252,6,7,7,7,7,0,0,0,0.7777777777777778,0.3333333333333333,0.6666666666666666,0.5,0.5833333333333334,0,0.7777777777777778,0.3333333333333333,0.6666666666666666,0.5,0.5833333333333334,0,0.7777777777777778,0.3333333333333333,0.6666666666666666,0.5,0.5833333333333334,0,0.7777777777777778,0.3333333333333333,0.6666666666666666,0.5,0.5833333333333334
2850,no_strict_e1_improvement,0,,,,,1,0,1,1,1,1,1,4,0,0,-1,current,0,0,0.7358873188495636,0.7358873188495636,9,0,0,0,0,0,0,0,0.0,0.5,1.0,0.75,0.75,0,0.0,0.5,1.0,0.75,0.75,0,0.0,0.5,1.0,0.75,0.75,0,0.0,0.5,1.0,0.75,0.75
2851,no_strict_e1_improvement,0,,,,,1,0,1,1,1,1,1,4,0,0,-1,current,0,0,0.5656600793202718,0.5656600793202718,10,0,0,0,0,0,0,0,0.0,1.0,0.5,0.75,0.75,0,0.0,1.0,0.5,0.75,0.75,0,0.0,1.0,0.5,0.75,0.75,0,0.0,1.0,0.5,0.75,0.75
2852,no_strict_e1_improvement,0,,,,,1,0,1,1,1,1,1,4,0,0,-1,current,0,0,0.5683986271421114,0.5683986271421114,7,0,0,0,0,0,0,0,0.0,0.5,1.0,0.75,0.75,0,0.0,0.5,1.0,0.75,0.75,0,0.0,0.5,1.0,0.75,0.75,0,0.0,0.5,1.0,0.75,0.75
2853,no_strict_e1_improvement,0,,,,,1,0,1,1,1,1,1,4,0,0,-1,current,0,0,0.8468404114246368,0.8468404114246368,6,0,0,0,0,0,0,0,0.0,0.5,1.0,0.75,0.75,0,0.0,0.5,1.0,0.75,0.75,0,0.0,0.5,1.0,0.75,0.75,0,0.0,0.5,1.0,0.75,0.75
2854,max_rounds,0,,,,,1,1,4,4,4,13,13,4,0,-1,1,profiled_beam,1,1,0.6646309693654379,0.6597762753566107,5,0,0,0,0,0,0,0,0.0,0.16666666666666666,0.3333333333333333,0.25,0.5,0,0.0,0.16666666666666666,0.3333333333333333,0.25,0.5,0,0.0,0.16666666666666666,0.6666666666666666,0.4166666666666667,0.5,0,0.0,0.5,0.3333333333333333,0.4166666666666667,0.5833333333333334
2855,max_rounds,0,,,,,1,1,5,4,4,16,16,4,0,1,0,s1a3_greedy,1,0,0.9430320163567861,0.9002956748008728,7,0,0,5,5,5,0,0,0.0,0.3333333333333333,0.3333333333333333,0.3333333333333333,0.4166666666666667,0,0.0,0.3333333333333333,0.3333333333333333,0.3333333333333333,0.4166666666666667,0,0.5555555555555556,0.5,0.3333333333333333,0.4166666666666667,0.5,0,0.5555555555555556,0.5,0.3333333333333333,0.4166666666666667,0.5
2856,no_strict_e1_improvement,0,,,,,1,0,1,1,1,1,1,4,0,0,-1,current,0,0,0.6332809155186018,0.6332809155186018,10,9,9,9,9,0,0,1,1.0,1.0,1.0,1.0,1.0,1,1.0,1.0,1.0,1.0,1.0,1,1.0,1.0,1.0,1.0,1.0,1,1.0,1.0,1.0,1.0,1.0
2857,no_strict_e1_improvement,0,,,,,1,0,1,1,1,1,1,4,0,0,-1,current,0,0,0.5078632161021233,0.5078632161021233,8,0,0,0,0,0,0,0,0.0,0.6666666666666666,0.16666666666666666,0.4166666666666667,0.5,0,0.0,0.6666666666666666,0.16666666666666666,0.4166666666666667,0.5,0,0.0,0.6666666666666666,0.16666666666666666,0.4166666666666667,0.5,0,0.0,0.6666666666666666,0.16666666666666666,0.4166666666666667,0.5
2858,no_strict_e1_improvement,0,,,,,1,0,1,1,1,1,1,4,0,0,-1,current,0,0,0.6215161631504694,0.6215161631504694,6,0,0,0,0,0,0,0,0.0,0.6666666666666666,0.5,0.5833333333333334,0.6666666666666666,0,0.0,0.6666666666666666,0.5,0.5833333333333334,0.6666666666666666,0,0.0,0.6666666666666666,0.5,0.5833333333333334,0.6666666666666666,0,0.0,0.6666666666666666,0.5,0.5833333333333334,0.6666666666666666
2859,max_rounds,0,,,,,1,1,3,2,2,6,6,4,0,0,1,profiled_beam,1,1,0.5928691079219183,0.5495292941729227,5,0,0,0,0,0,0,0,0.0,0.6666666666666666,0.0,0.3333333333333333,0.3333333333333333,0,0.0,0.6666666666666666,0.0,0.3333333333333333,0.3333333333333333,0,0.0,0.6666666666666666,0.5,0.5833333333333334,0.5833333333333334,0,0.0,0.8333333333333334,0.5,0.6666666666666666,0.6666666666666666
2860,max_rounds,0,,,,,1,1,5,4,4,14,14,4,-1,1,1,profiled_beam,1,1,0.7592710504929224,0.6639172534147898,7,0,0,0,9,9,9,0,0.0,0.5,0.3333333333333333,0.4166666666666667,0.5,0,0.0,0.5,0.3333333333333333,0.4166666666666667,0.5,0,0.0,0.5,1.0,0.75,0.75,1,1.0,1.0,1.0,1.0,1.0
2861,max_rounds,0,,,,,1,1,2,2,2,6,6,4,0,1,1,profiled_beam,1,1,0.5789840941627821,0.5567710796991984,7,0,0,0,0,0,0,0,0.0,0.5,1.0,0.75,0.75,0,0.0,0.5,1.0,0.75,0.75,0,0.0,0.5,1.0,0.75,0.75,0,0.0,0.5,1.0,0.75,0.75
2862,no_strict_e1_improvement,0,,,,,1,0,1,1,1,1,1,4,0,0,-1,current,0,0,0.530463936428229,0.530463936428229,10,9,9,9,9,0,0,1,1.0,1.0,1.0,1.0,1.0,1,1.0,1.0,1.0,1.0,1.0,1,1.0,1.0,1.0,1.0,1.0,1,1.0,1.0,1.0,1.0,1.0
2863,no_strict_e1_improvement,0,,,,,1,0,1,1,1,1,1,4,0,0,-1,current,0,0,0.6773367250959078,0.6773367250959078,9,0,0,0,0,0,0,0,0.0,0.5,0.6666666666666666,0.5833333333333334,0.75,0,0.0,0.5,0.6666666666666666,0.5833333333333334,0.75,0,0.0,0.5,0.6666666666666666,0.5833333333333334,0.75,0,0.0,0.5,0.6666666666666666,0.5833333333333334,0.75
2864,no_strict_e1_improvement,0,,,,,1,0,1,1,1,1,1,4,0,0,-1,current,0,0,0.5293479661146799,0.5293479661146799,12,9,9,9,9,0,0,1,1.0,1.0,1.0,1.0,1.0,1,1.0,1.0,1.0,1.0,1.0,1,1.0,1.0,1.0,1.0,1.0,1,1.0,1.0,1.0,1.0,1.0
2865,partial_completed__no_strict_e1_improvement,1,,3,2,4,1,0,1,1,1,1,1,4,0,0,-1,current,1,0,0.6130647311607996,0.6130647311607996,6,6,9,9,9,3,0,0,0.6666666666666666,0.6666666666666666,0.5,0.5833333333333334,0.5833333333333334,1,1.0,1.0,1.0,1.0,1.0,1,1.0,1.0,1.0,1.0,1.0,1,1.0,1.0,1.0,1.0,1.0
2866,no_strict_e1_improvement,0,,,,,1,0,1,1,1,1,1,4,0,0,-1,current,0,0,0.7114662329355875,0.7114662329355875,7,0,0,0,0,0,0,0,0.0,0.16666666666666666,0.6666666666666666,0.4166666666666667,0.5,0,0.0,0.16666666666666666,0.6666666666666666,0.4166666666666667,0.5,0,0.0,0.16666666666666666,0.6666666666666666,0.4166666666666667,0.5,0,0.0,0.16666666666666666,0.6666666666666666,0.4166666666666667,0.5
2867,no_strict_e1_improvement,0,,,,,1,0,1,1,1,1,1,4,0,0,-1,current,0,0,0.6297284166018168,0.6297284166018168,10,9,9,9,9,0,0,1,1.0,1.0,1.0,1.0,1.0,1,1.0,1.0,1.0,1.0,1.0,1,1.0,1.0,1.0,1.0,1.0,1,1.0,1.0,1.0,1.0,1.0
2868,no_strict_e1_improvement,0,,,,,1,0,1,1,1,1,1,4,0,0,-1,current,0,0,0.638727189352115,0.638727189352115,7,0,0,0,0,0,0,0,0.0,0.5,0.5,0.5,0.5,0,0.0,0.5,0.5,0.5,0.5,0,0.0,0.5,0.5,0.5,0.5,0,0.0,0.5,0.5,0.5,0.5
2869,max_rounds,0,,,,,1,1,5,4,4,14,14,4,1,-1,0,s1a3_greedy,1,0,0.8586376681923866,0.7279675503571829,7,1,1,9,9,8,0,0,0.1111111111111111,0.3333333333333333,0.5,0.4166666666666667,0.5833333333333334,0,0.1111111111111111,0.3333333333333333,0.5,0.4166666666666667,0.5833333333333334,1,1.0,1.0,1.0,1.0,1.0,1,1.0,1.0,1.0,1.0,1.0
2870,small_component,0,,,,,1,0,0,0,0,0,0,4,0,0,-1,current,0,0,0.8061389947930971,0.8061389947930971,5,0,0,0,0,0,0,0,0.0,0.16666666666666666,0.3333333333333333,0.25,0.3333333333333333,0,0.0,0.16666666666666666,0.3333333333333333,0.25,0.3333333333333333,0,0.0,0.16666666666666666,0.3333333333333333,0.25,0.3333333333333333,0,0.0,0.16666666666666666,0.3333333333333333,0.25,0.3333333333333333
2871,max_rounds,0,,,,,1,1,3,2,2,6,6,4,0,-1,1,profiled_beam,1,1,0.7229871240754923,0.6167921523253123,5,7,7,9,0,-7,-9,0,0.7777777777777778,0.6666666666666666,0.6666666666666666,0.6666666666666666,0.75,0,0.7777777777777778,0.6666666666666666,0.6666666666666666,0.6666666666666666,0.75,1,1.0,1.0,1.0,1.0,1.0,0,0.0,0.5,1.0,0.75,0.75
2872,max_rounds,0,,,,,1,1,3,2,2,8,8,4,0,1,1,profiled_beam,1,1,0.5857085908452669,0.5305503979325294,6,0,0,0,0,0,0,0,0.0,0.16666666666666666,0.3333333333333333,0.25,0.3333333333333333,0,0.0,0.16666666666666666,0.3333333333333333,0.25,0.3333333333333333,0,0.0,0.0,0.5,0.25,0.25,0,0.0,0.16666666666666666,0.3333333333333333,0.25,0.3333333333333333
2873,no_strict_e1_improvement,0,,,,,1,0,1,1,1,1,1,4,0,0,-1,current,0,0,0.5758416478832563,0.5758416478832563,9,9,9,9,9,0,0,1,1.0,1.0,1.0,1.0,1.0,1,1.0,1.0,1.0,1.0,1.0,1,1.0,1.0,1.0,1.0,1.0,1,1.0,1.0,1.0,1.0,1.0
2874,no_strict_e1_improvement,0,,,,,1,0,1,1,1,1,1,4,0,0,-1,current,0,0,0.7022396127382914,0.7022396127382914,7,9,9,9,9,0,0,1,1.0,1.0,1.0,1.0,1.0,1,1.0,1.0,1.0,1.0,1.0,1,1.0,1.0,1.0,1.0,1.0,1,1.0,1.0,1.0,1.0,1.0
2875,no_strict_e1_improvement,0,,,,,1,0,1,1,1,1,1,4,0,0,-1,current,0,0,0.520676463842392,0.520676463842392,6,3,3,3,3,0,0,0,0.3333333333333333,0.0,1.0,0.5,0.75,0,0.3333333333333333,0.0,1.0,0.5,0.75,0,0.3333333333333333,0.0,1.0,0.5,0.75,0,0.3333333333333333,0.0,1.0,0.5,0.75
2876,max_rounds,0,,,,,1,1,3,2,2,7,7,4,0,0,1,profiled_beam,1,1,0.69862678895394,0.6529777074853579,8,6,6,9,7,1,-2,0,0.6666666666666666,0.8333333333333334,0.5,0.6666666666666666,0.6666666666666666,0,0.6666666666666666,0.8333333333333334,0.5,0.6666666666666666,0.6666666666666666,1,1.0,1.0,1.0,1.0,1.0,0,0.7777777777777778,0.6666666666666666,0.6666666666666666,0.6666666666666666,0.75
2877,max_rounds,0,,,,,1,1,2,2,2,6,6,4,0,1,0,s1a3_greedy,1,0,0.7158205136656761,0.6295633092522621,11,0,0,9,9,9,0,0,0.0,0.5,1.0,0.75,0.75,0,0.0,0.5,1.0,0.75,0.75,1,1.0,1.0,1.0,1.0,1.0,1,1.0,1.0,1.0,1.0,1.0
2878,no_strict_e1_improvement,0,,,,,1,0,1,1,1,1,1,4,0,0,-1,current,0,0,0.5614843790729841,0.5614843790729841,11,9,9,9,9,0,0,1,1.0,1.0,1.0,1.0,1.0,1,1.0,1.0,1.0,1.0,1.0,1,1.0,1.0,1.0,1.0,1.0,1,1.0,1.0,1.0,1.0,1.0
2879,no_strict_e1_improvement,0,,,,,1,0,1,1,1,1,1,4,0,0,-1,current,0,0,0.6615260442097982,0.6615260442097982,8,7,7,7,7,0,0,0,0.7777777777777778,0.6666666666666666,0.6666666666666666,0.6666666666666666,0.8333333333333334,0,0.7777777777777778,0.6666666666666666,0.6666666666666666,0.6666666666666666,0.8333333333333334,0,0.7777777777777778,0.6666666666666666,0.6666666666666666,0.6666666666666666,0.8333333333333334,0,0.7777777777777778,0.6666666666666666,0.6666666666666666,0.6666666666666666,0.8333333333333334
2880,max_rounds,0,,,,,1,1,3,2,2,6,6,4,0,0,1,profiled_beam,1,1,0.8218947201967239,0.7323146164417267,6,0,0,9,0,0,-9,0,0.0,0.5,0.8333333333333334,0.6666666666666666,0.6666666666666666,0,0.0,0.5,0.8333333333333334,0.6666666666666666,0.6666666666666666,1,1.0,1.0,1.0,1.0,1.0,0,0.0,0.5,1.0,0.75,0.75
2881,max_rounds,0,,,,,1,1,4,4,4,14,14,4,0,-1,1,profiled_beam,1,1,0.7478710388143858,0.6678205952048302,11,0,0,0,9,9,9,0,0.0,0.5,1.0,0.75,0.75,0,0.0,0.5,1.0,0.75,0.75,0,0.0,0.5,1.0,0.75,0.75,1,1.0,1.0,1.0,1.0,1.0
2882,no_strict_e1_improvement,0,,,,,1,0,1,1,1,1,1,4,0,0,-1,current,0,0,0.6655864591399828,0.6655864591399828,9,0,0,0,0,0,0,0,0.0,0.5,1.0,0.75,0.75,0,0.0,0.5,1.0,0.75,0.75,0,0.0,0.5,1.0,0.75,0.75,0,0.0,0.5,1.0,0.75,0.75
2883,max_rounds,0,,,,,1,1,2,2,2,6,6,4,0,-1,0,s1a3_greedy,1,0,0.515874279042085,0.49097971618175507,6,3,3,0,0,-3,0,0,0.3333333333333333,0.6666666666666666,0.0,0.3333333333333333,0.3333333333333333,0,0.3333333333333333,0.6666666666666666,0.0,0.3333333333333333,0.3333333333333333,0,0.0,0.6666666666666666,0.0,0.3333333333333333,0.3333333333333333,0,0.0,0.6666666666666666,0.0,0.3333333333333333,0.3333333333333333
2884,no_strict_e1_improvement,0,,,,,1,0,1,1,1,1,1,4,0,0,-1,current,0,0,0.6879481126864752,0.6879481126864752,8,9,9,9,9,0,0,1,1.0,1.0,1.0,1.0,1.0,1,1.0,1.0,1.0,1.0,1.0,1,1.0,1.0,1.0,1.0,1.0,1,1.0,1.0,1.0,1.0,1.0
2885,no_strict_e1_improvement,0,,,,,1,0,1,1,1,1,1,4,0,0,-1,current,0,0,0.5970861340562502,0.5970861340562502,11,9,9,9,9,0,0,1,1.0,1.0,1.0,1.0,1.0,1,1.0,1.0,1.0,1.0,1.0,1,1.0,1.0,1.0,1.0,1.0,1,1.0,1.0,1.0,1.0,1.0
2886,partial_completed__no_strict_e1_improvement,1,,3,2,4,1,0,1,1,1,1,1,4,0,0,-1,current,1,0,0.5740752716859182,0.5740752716859182,6,6,9,9,9,3,0,0,0.6666666666666666,0.5,0.6666666666666666,0.5833333333333334,0.5833333333333334,1,1.0,1.0,1.0,1.0,1.0,1,1.0,1.0,1.0,1.0,1.0,1,1.0,1.0,1.0,1.0,1.0
2887,no_strict_e1_improvement,0,,,,,1,0,1,1,1,1,1,4,0,0,-1,current,0,0,0.6425835390885671,0.6425835390885671,7,9,9,9,9,0,0,1,1.0,1.0,1.0,1.0,1.0,1,1.0,1.0,1.0,1.0,1.0,1,1.0,1.0,1.0,1.0,1.0,1,1.0,1.0,1.0,1.0,1.0
2888,partial_completed__small_component,1,,3,2,4,1,0,0,0,0,0,0,4,0,0,-1,current,1,0,0.957497795422872,0.957497795422872,3,1,1,1,1,0,0,0,0.1111111111111111,0.0,0.3333333333333333,0.16666666666666666,0.25,0,0.1111111111111111,0.0,0.3333333333333333,0.16666666666666666,0.5,0,0.1111111111111111,0.0,0.3333333333333333,0.16666666666666666,0.5,0,0.1111111111111111,0.0,0.3333333333333333,0.16666666666666666,0.5
2889,small_component,0,,,,,1,0,0,0,0,0,0,4,0,0,-1,current,0,0,0.8541470045844713,0.8541470045844713,5,2,2,2,2,0,0,0,0.2222222222222222,0.0,0.5,0.25,0.4166666666666667,0,0.2222222222222222,0.0,0.5,0.25,0.4166666666666667,0,0.2222222222222222,0.0,0.5,0.25,0.4166666666666667,0,0.2222222222222222,0.0,0.5,0.25,0.4166666666666667
2890,small_component,0,,,,,1,0,0,0,0,0,0,4,0,0,-1,current,0,0,0.8835839554667473,0.8835839554667473,5,2,2,2,2,0,0,0,0.2222222222222222,0.0,0.3333333333333333,0.16666666666666666,0.25,0,0.2222222222222222,0.0,0.3333333333333333,0.16666666666666666,0.25,0,0.2222222222222222,0.0,0.3333333333333333,0.16666666666666666,0.25,0,0.2222222222222222,0.0,0.3333333333333333,0.16666666666666666,0.25
2891,no_strict_e1_improvement,0,,,,,1,0,1,1,1,1,1,4,0,0,-1,current,0,0,0.5975988631447157,0.5975988631447157,8,0,0,0,0,0,0,0,0.0,0.5,1.0,0.75,0.75,0,0.0,0.5,1.0,0.75,0.75,0,0.0,0.5,1.0,0.75,0.75,0,0.0,0.5,1.0,0.75,0.75
2892,no_strict_e1_improvement,0,,,,,1,0,1,1,1,1,1,4,0,0,-1,current,0,0,0.5036895895997683,0.5036895895997683,9,0,0,0,0,0,0,0,0.0,0.5,1.0,0.75,0.75,0,0.0,0.5,1.0,0.75,0.75,0,0.0,0.5,1.0,0.75,0.75,0,0.0,0.5,1.0,0.75,0.75
2893,no_strict_e1_improvement,0,,,,,1,0,1,1,1,1,1,4,0,0,-1,current,0,0,0.6125356008609136,0.6125356008609136,12,9,9,9,9,0,0,1,1.0,1.0,1.0,1.0,1.0,1,1.0,1.0,1.0,1.0,1.0,1,1.0,1.0,1.0,1.0,1.0,1,1.0,1.0,1.0,1.0,1.0
2894,no_strict_e1_improvement,0,,,,,1,0,1,1,1,2,2,4,0,0,-1,current,0,0,0.6505609850088755,0.6505609850088755,8,0,0,0,0,0,0,0,0.0,0.5,1.0,0.75,0.75,0,0.0,0.5,1.0,0.75,0.75,0,0.0,0.5,1.0,0.75,0.75,0,0.0,0.5,1.0,0.75,0.75
2895,small_component,0,,,,,1,0,0,0,0,0,0,4,0,0,-1,current,0,0,0.613259012500445,0.613259012500445,8,4,4,4,4,0,0,0,0.4444444444444444,0.16666666666666666,0.5,0.3333333333333333,0.5,0,0.4444444444444444,0.16666666666666666,0.5,0.3333333333333333,0.5,0,0.4444444444444444,0.16666666666666666,0.5,0.3333333333333333,0.5,0,0.4444444444444444,0.16666666666666666,0.5,0.3333333333333333,0.5
2896,no_strict_e1_improvement,0,,,,,1,0,1,1,1,1,1,4,0,0,-1,current,0,0,0.5511039346456528,0.5511039346456528,11,9,9,9,9,0,0,1,1.0,1.0,1.0,1.0,1.0,1,1.0,1.0,1.0,1.0,1.0,1,1.0,1.0,1.0,1.0,1.0,1,1.0,1.0,1.0,1.0,1.0
2897,no_strict_e1_improvement,0,,,,,1,0,1,1,1,1,1,4,0,0,-1,current,0,0,0.5688911949594816,0.5688911949594816,10,0,0,0,0,0,0,0,0.0,0.5,1.0,0.75,0.75,0,0.0,0.5,1.0,0.75,0.75,0,0.0,0.5,1.0,0.75,0.75,0,0.0,0.5,1.0,0.75,0.75
2898,max_rounds,0,,,,,1,1,2,2,2,5,5,4,-1,0,0,s1a3_greedy,1,0,0.5979653596878052,0.46384428068995476,10,9,9,0,0,-9,0,1,1.0,1.0,1.0,1.0,1.0,1,1.0,1.0,1.0,1.0,1.0,0,0.0,1.0,0.5,0.75,0.75,0,0.0,1.0,0.5,0.75,0.75
2899,max_rounds,0,,,,,1,1,2,2,2,7,7,4,0,-1,1,profiled_beam,1,1,0.7096411287784576,0.565151701370875,5,0,0,1,1,1,0,0,0.0,0.5,0.3333333333333333,0.4166666666666667,0.5,0,0.0,0.5,0.3333333333333333,0.4166666666666667,0.5,0,0.1111111111111111,0.6666666666666666,0.3333333333333333,0.5,0.5833333333333334,0,0.1111111111111111,0.6666666666666666,0.3333333333333333,0.5,0.5833333333333334
2900,no_strict_e1_improvement,0,,,,,1,0,2,2,2,7,7,4,0,0,-1,current,0,0,0.5373818079630533,0.5373818079630533,8,1,1,1,1,0,0,0,0.1111111111111111,0.3333333333333333,0.6666666666666666,0.5,0.5833333333333334,0,0.1111111111111111,0.3333333333333333,0.6666666666666666,0.5,0.5833333333333334,0,0.1111111111111111,0.3333333333333333,0.6666666666666666,0.5,0.5833333333333334,0,0.1111111111111111,0.3333333333333333,0.6666666666666666,0.5,0.5833333333333334
2901,no_strict_e1_improvement,0,,,,,1,0,1,1,1,1,1,4,0,0,-1,current,0,0,0.6210571055610975,0.6210571055610975,7,9,9,9,9,0,0,1,1.0,1.0,1.0,1.0,1.0,1,1.0,1.0,1.0,1.0,1.0,1,1.0,1.0,1.0,1.0,1.0,1,1.0,1.0,1.0,1.0,1.0
2902,max_rounds,0,,,,,1,1,3,2,2,8,8,4,1,0,1,profiled_beam,1,1,0.6430990298589071,0.6187452636659145,5,7,7,0,0,-7,0,0,0.7777777777777778,0.6666666666666666,0.6666666666666666,0.6666666666666666,0.75,0,0.7777777777777778,0.6666666666666666,0.6666666666666666,0.6666666666666666,0.75,0,0.0,0.8333333333333334,0.5,0.6666666666666666,0.6666666666666666,0,0.0,1.0,0.5,0.75,0.75
2903,no_strict_e1_improvement,0,,,,,1,0,1,1,1,1,1,4,0,0,-1,current,0,0,0.8164421121279398,0.8164421121279398,6,1,1,1,1,0,0,0,0.1111111111111111,0.3333333333333333,0.6666666666666666,0.5,0.6666666666666666,0,0.1111111111111111,0.3333333333333333,0.6666666666666666,0.5,0.6666666666666666,0,0.1111111111111111,0.3333333333333333,0.6666666666666666,0.5,0.6666666666666666,0,0.1111111111111111,0.3333333333333333,0.6666666666666666,0.5,0.6666666666666666
2904,no_strict_e1_improvement,0,,,,,1,0,1,1,1,1,1,4,0,0,-1,current,0,0,0.6034448618690172,0.6034448618690172,9,9,9,9,9,0,0,1,1.0,1.0,1.0,1.0,1.0,1,1.0,1.0,1.0,1.0,1.0,1,1.0,1.0,1.0,1.0,1.0,1,1.0,1.0,1.0,1.0,1.0
2905,no_strict_e1_improvement,0,,,,,1,0,2,2,2,8,8,4,0,0,-1,current,0,0,0.6142660975456238,0.6142660975456238,7,1,1,1,1,0,0,0,0.1111111111111111,0.3333333333333333,0.6666666666666666,0.5,0.5833333333333334,0,0.1111111111111111,0.3333333333333333,0.6666666666666666,0.5,0.5833333333333334,0,0.1111111111111111,0.3333333333333333,0.6666666666666666,0.5,0.5833333333333334,0,0.1111111111111111,0.3333333333333333,0.6666666666666666,0.5,0.5833333333333334
2906,no_strict_e1_improvement,0,,,,,1,0,1,1,1,1,1,4,0,0,-1,current,0,0,0.6645004376769066,0.6645004376769066,9,0,0,0,0,0,0,0,0.0,0.5,1.0,0.75,0.75,0,0.0,0.5,1.0,0.75,0.75,0,0.0,0.5,1.0,0.75,0.75,0,0.0,0.5,1.0,0.75,0.75
2907,no_strict_e1_improvement,0,,,,,1,0,1,1,1,1,1,4,0,0,-1,current,0,0,0.5493107934792837,0.5493107934792837,12,0,0,0,0,0,0,0,0.0,0.5,1.0,0.75,0.75,0,0.0,0.5,1.0,0.75,0.75,0,0.0,0.5,1.0,0.75,0.75,0,0.0,0.5,1.0,0.75,0.75
2908,no_strict_e1_improvement,0,,,,,1,0,1,1,1,1,1,4,0,0,-1,current,0,0,0.6631723344326019,0.6631723344326019,12,9,9,9,9,0,0,1,1.0,1.0,1.0,1.0,1.0,1,1.0,1.0,1.0,1.0,1.0,1,1.0,1.0,1.0,1.0,1.0,1,1.0,1.0,1.0,1.0,1.0
2909,max_rounds,0,,,,,1,1,3,2,2,7,7,4,0,1,1,profiled_beam,1,1,0.7686531965931257,0.6602803642551104,9,0,0,7,9,9,2,0,0.0,0.5,0.8333333333333334,0.6666666666666666,0.6666666666666666,0,0.0,0.5,0.8333333333333334,0.6666666666666666,0.6666666666666666,0,0.7777777777777778,0.6666666666666666,0.6666666666666666,0.6666666666666666,0.75,1,1.0,1.0,1.0,1.0,1.0
2910,max_rounds,0,,,,,1,1,2,2,2,6,6,4,1,0,0,s1a3_greedy,1,0,0.6263164853056272,0.5858090991775194,10,0,0,9,9,9,0,0,0.0,1.0,0.5,0.75,0.75,0,0.0,1.0,0.5,0.75,0.75,1,1.0,1.0,1.0,1.0,1.0,1,1.0,1.0,1.0,1.0,1.0
2911,no_strict_e1_improvement,0,,,,,1,0,1,1,1,1,1,4,0,0,-1,current,0,0,0.6240266412496567,0.6240266412496567,11,9,9,9,9,0,0,1,1.0,1.0,1.0,1.0,1.0,1,1.0,1.0,1.0,1.0,1.0,1,1.0,1.0,1.0,1.0,1.0,1,1.0,1.0,1.0,1.0,1.0
2912,max_rounds,0,,,,,1,1,3,2,2,7,7,4,0,0,0,s1a3_greedy,1,0,0.7782037730018297,0.680798259874185,7,1,1,0,0,-1,0,0,0.1111111111111111,0.3333333333333333,0.6666666666666666,0.5,0.5833333333333334,0,0.1111111111111111,0.3333333333333333,0.6666666666666666,0.5,0.5833333333333334,0,0.0,0.5,1.0,0.75,0.75,0,0.0,0.5,1.0,0.75,0.75
2913,small_component,0,,,,,1,0,0,0,0,0,0,4,0,0,-1,current,0,0,0.9186686053872108,0.9186686053872108,5,1,1,1,1,0,0,0,0.1111111111111111,0.3333333333333333,0.5,0.4166666666666667,0.4166666666666667,0,0.1111111111111111,0.3333333333333333,0.5,0.4166666666666667,0.4166666666666667,0,0.1111111111111111,0.3333333333333333,0.5,0.4166666666666667,0.4166666666666667,0,0.1111111111111111,0.3333333333333333,0.5,0.4166666666666667,0.4166666666666667
2914,no_strict_e1_improvement,0,,,,,1,0,1,1,1,1,1,4,0,0,-1,current,0,0,0.5932555484275023,0.5932555484275023,11,9,9,9,9,0,0,1,1.0,1.0,1.0,1.0,1.0,1,1.0,1.0,1.0,1.0,1.0,1,1.0,1.0,1.0,1.0,1.0,1,1.0,1.0,1.0,1.0,1.0
2915,max_rounds,0,,,,,1,1,4,4,4,14,14,4,-1,0,0,s1a3_greedy,1,0,0.6500864376624426,0.6275617927312851,8,0,0,9,9,9,0,0,0.0,1.0,0.5,0.75,0.75,0,0.0,1.0,0.5,0.75,0.75,1,1.0,1.0,1.0,1.0,1.0,1,1.0,1.0,1.0,1.0,1.0
2916,max_rounds,0,,,,,1,1,5,4,4,15,15,4,0,0,1,profiled_beam,1,1,0.6616090486447016,0.5818850745757421,8,1,1,2,1,0,-1,0,0.1111111111111111,0.3333333333333333,0.3333333333333333,0.3333333333333333,0.4166666666666667,0,0.1111111111111111,0.3333333333333333,0.3333333333333333,0.3333333333333333,0.4166666666666667,0,0.2222222222222222,0.16666666666666666,0.6666666666666666,0.4166666666666667,0.5833333333333334,0,0.1111111111111111,0.3333333333333333,0.3333333333333333,0.3333333333333333,0.4166666666666667
2917,no_strict_e1_improvement,0,,,,,1,0,1,1,1,1,1,4,0,0,-1,current,0,0,0.5851329689224561,0.5851329689224561,11,9,9,9,9,0,0,1,1.0,1.0,1.0,1.0,1.0,1,1.0,1.0,1.0,1.0,1.0,1,1.0,1.0,1.0,1.0,1.0,1,1.0,1.0,1.0,1.0,1.0
2918,max_rounds,0,,,,,1,1,5,4,4,15,15,4,0,-1,0,s1a3_greedy,1,0,0.8142879704634348,0.7153997669617335,6,0,0,9,9,9,0,0,0.0,0.5,0.3333333333333333,0.4166666666666667,0.5833333333333334,0,0.0,0.5,0.3333333333333333,0.4166666666666667,0.5833333333333334,1,1.0,1.0,1.0,1.0,1.0,1,1.0,1.0,1.0,1.0,1.0
2919,no_strict_e1_improvement,0,,,,,1,0,1,1,1,1,1,4,0,0,-1,current,0,0,0.6000959749023119,0.6000959749023119,11,9,9,9,9,0,0,1,1.0,1.0,1.0,1.0,1.0,1,1.0,1.0,1.0,1.0,1.0,1,1.0,1.0,1.0,1.0,1.0,1,1.0,1.0,1.0,1.0,1.0
2920,no_strict_e1_improvement,0,,,,,1,0,1,1,1,1,1,4,0,0,-1,current,0,0,0.46221474806467694,0.46221474806467694,11,9,9,9,9,0,0,1,1.0,1.0,1.0,1.0,1.0,1,1.0,1.0,1.0,1.0,1.0,1,1.0,1.0,1.0,1.0,1.0,1,1.0,1.0,1.0,1.0,1.0
2921,no_strict_e1_improvement,0,,,,,1,0,1,1,1,1,1,4,0,0,-1,current,0,0,0.5182846561074257,0.5182846561074257,8,0,0,0,0,0,0,0,0.0,0.5,1.0,0.75,0.75,0,0.0,0.5,1.0,0.75,0.75,0,0.0,0.5,1.0,0.75,0.75,0,0.0,0.5,1.0,0.75,0.75
2922,no_strict_e1_improvement,0,,,,,1,0,1,1,1,1,1,4,0,0,-1,current,0,0,0.554228350520134,0.554228350520134,11,0,0,0,0,0,0,0,0.0,1.0,0.5,0.75,0.75,0,0.0,1.0,0.5,0.75,0.75,0,0.0,1.0,0.5,0.75,0.75,0,0.0,1.0,0.5,0.75,0.75
2923,no_strict_e1_improvement,0,,,,,1,0,1,1,1,1,1,4,0,0,-1,current,0,0,0.6037732263406118,0.6037732263406118,8,0,0,0,0,0,0,0,0.0,0.3333333333333333,0.16666666666666666,0.25,0.4166666666666667,0,0.0,0.3333333333333333,0.16666666666666666,0.25,0.4166666666666667,0,0.0,0.3333333333333333,0.16666666666666666,0.25,0.4166666666666667,0,0.0,0.3333333333333333,0.16666666666666666,0.25,0.4166666666666667
2924,no_strict_e1_improvement,0,,,,,1,0,1,1,1,1,1,4,0,0,-1,current,0,0,0.708284410337607,0.708284410337607,6,0,0,0,0,0,0,0,0.0,0.5,0.5,0.5,0.5,0,0.0,0.5,0.5,0.5,0.5,0,0.0,0.5,0.5,0.5,0.5,0,0.0,0.5,0.5,0.5,0.5
2925,max_rounds,0,,,,,1,1,3,2,2,7,7,4,0,-1,0,s1a3_greedy,1,0,0.6902125328779221,0.5506371234854063,8,6,6,0,0,-6,0,0,0.6666666666666666,0.5,0.8333333333333334,0.6666666666666666,0.6666666666666666,0,0.6666666666666666,0.5,0.8333333333333334,0.6666666666666666,0.6666666666666666,0,0.0,0.5,1.0,0.75,0.75,0,0.0,0.5,1.0,0.75,0.75
2926,no_strict_e1_improvement,0,,,,,1,0,1,1,1,1,1,4,0,0,-1,current,0,0,0.5848837395509084,0.5848837395509084,4,6,6,6,6,0,0,0,0.6666666666666666,0.8333333333333334,0.5,0.6666666666666666,0.6666666666666666,0,0.6666666666666666,0.8333333333333334,0.5,0.6666666666666666,0.6666666666666666,0,0.6666666666666666,0.8333333333333334,0.5,0.6666666666666666,0.6666666666666666,0,0.6666666666666666,0.8333333333333334,0.5,0.6666666666666666,0.6666666666666666
2927,max_rounds,0,,,,,1,1,3,2,2,8,8,4,-1,0,1,profiled_beam,1,1,0.8115753481785456,0.713781975209713,9,0,0,1,3,3,2,0,0.0,0.5,0.5,0.5,0.5,0,0.0,0.5,0.5,0.5,0.5,0,0.1111111111111111,0.3333333333333333,0.6666666666666666,0.5,0.6666666666666666,0,0.3333333333333333,0.6666666666666666,0.5,0.5833333333333334,0.5833333333333334
2928,no_strict_e1_improvement,0,,,,,1,0,1,1,1,1,1,4,0,0,-1,current,0,0,0.6694166287779808,0.6694166287779808,11,9,9,9,9,0,0,1,1.0,1.0,1.0,1.0,1.0,1,1.0,1.0,1.0,1.0,1.0,1,1.0,1.0,1.0,1.0,1.0,1,1.0,1.0,1.0,1.0,1.0
2929,max_rounds,0,,,,,1,1,3,2,2,6,6,4,0,0,0,s1a3_greedy,1,0,0.8557788108785948,0.8201499755183855,4,5,5,6,6,1,0,0,0.5555555555555556,0.6666666666666666,0.3333333333333333,0.5,0.5833333333333334,0,0.5555555555555556,0.6666666666666666,0.3333333333333333,0.5,0.5833333333333334,0,0.6666666666666666,0.8333333333333334,0.5,0.6666666666666666,0.6666666666666666,0,0.6666666666666666,0.8333333333333334,0.5,0.6666666666666666,0.6666666666666666
2930,no_strict_e1_improvement,0,,,,,1,0,1,1,1,1,1,4,0,0,-1,current,0,0,0.5562303774058819,0.5562303774058819,9,0,0,0,0,0,0,0,0.0,0.5,1.0,0.75,0.75,0,0.0,0.5,1.0,0.75,0.75,0,0.0,0.5,1.0,0.75,0.75,0,0.0,0.5,1.0,0.75,0.75
2931,no_strict_e1_improvement,0,,,,,1,0,1,1,1,1,1,4,0,0,-1,current,0,0,0.7262213577826818,0.7262213577826818,8,9,9,9,9,0,0,1,1.0,1.0,1.0,1.0,1.0,1,1.0,1.0,1.0,1.0,1.0,1,1.0,1.0,1.0,1.0,1.0,1,1.0,1.0,1.0,1.0,1.0
2932,no_strict_e1_improvement,0,,,,,1,0,1,1,1,1,1,4,0,0,-1,current,0,0,0.619396391014258,0.619396391014258,9,9,9,9,9,0,0,1,1.0,1.0,1.0,1.0,1.0,1,1.0,1.0,1.0,1.0,1.0,1,1.0,1.0,1.0,1.0,1.0,1,1.0,1.0,1.0,1.0,1.0
2933,no_strict_e1_improvement,0,,,,,1,0,1,1,1,1,1,4,0,0,-1,current,0,0,0.49821260819832486,0.49821260819832486,11,9,9,9,9,0,0,1,1.0,1.0,1.0,1.0,1.0,1,1.0,1.0,1.0,1.0,1.0,1,1.0,1.0,1.0,1.0,1.0,1,1.0,1.0,1.0,1.0,1.0
2934,no_strict_e1_improvement,0,,,,,1,0,1,1,1,1,1,4,0,0,-1,current,0,0,0.4267635643482208,0.4267635643482208,11,9,9,9,9,0,0,1,1.0,1.0,1.0,1.0,1.0,1,1.0,1.0,1.0,1.0,1.0,1,1.0,1.0,1.0,1.0,1.0,1,1.0,1.0,1.0,1.0,1.0
2935,no_strict_e1_improvement,0,,,,,1,0,1,1,1,1,1,4,0,0,-1,current,0,0,0.5123908445239067,0.5123908445239067,8,0,0,0,0,0,0,0,0.0,1.0,0.5,0.75,0.75,0,0.0,1.0,0.5,0.75,0.75,0,0.0,1.0,0.5,0.75,0.75,0,0.0,1.0,0.5,0.75,0.75
2936,no_strict_e1_improvement,0,,,,,1,0,1,1,1,1,1,4,0,0,-1,current,0,0,0.7221987619996071,0.7221987619996071,9,0,0,0,0,0,0,0,0.0,0.5,1.0,0.75,0.75,0,0.0,0.5,1.0,0.75,0.75,0,0.0,0.5,1.0,0.75,0.75,0,0.0,0.5,1.0,0.75,0.75
2937,no_strict_e1_improvement,0,,,,,1,0,2,2,2,6,6,4,0,0,-1,current,0,0,0.7452048609654108,0.7452048609654108,9,9,9,9,9,0,0,1,1.0,1.0,1.0,1.0,1.0,1,1.0,1.0,1.0,1.0,1.0,1,1.0,1.0,1.0,1.0,1.0,1,1.0,1.0,1.0,1.0,1.0
2938,no_strict_e1_improvement,0,,,,,1,0,1,1,1,1,1,4,0,0,-1,current,0,0,0.6124842762947083,0.6124842762947083,8,0,0,0,0,0,0,0,0.0,1.0,0.5,0.75,0.75,0,0.0,1.0,0.5,0.75,0.75,0,0.0,1.0,0.5,0.75,0.75,0,0.0,1.0,0.5,0.75,0.75
2939,no_strict_e1_improvement,0,,,,,1,0,1,1,1,1,1,4,0,0,-1,current,0,0,0.6083058590690295,0.6083058590690295,8,0,0,0,0,0,0,0,0.0,0.5,0.5,0.5,0.5,0,0.0,0.5,0.5,0.5,0.5,0,0.0,0.5,0.5,0.5,0.5,0,0.0,0.5,0.5,0.5,0.5
2940,no_strict_e1_improvement,0,,,,,1,0,2,2,2,7,7,4,0,0,-1,current,0,0,0.4828016112248103,0.4828016112248103,7,0,0,0,0,0,0,0,0.0,0.3333333333333333,0.16666666666666666,0.25,0.4166666666666667,0,0.0,0.3333333333333333,0.16666666666666666,0.25,0.4166666666666667,0,0.0,0.3333333333333333,0.16666666666666666,0.25,0.4166666666666667,0,0.0,0.3333333333333333,0.16666666666666666,0.25,0.4166666666666667
2941,no_strict_e1_improvement,0,,,,,1,0,1,1,1,1,1,4,0,0,-1,current,0,0,0.6614791229367256,0.6614791229367256,8,0,0,0,0,0,0,0,0.0,0.0,0.8333333333333334,0.4166666666666667,0.4166666666666667,0,0.0,0.0,0.8333333333333334,0.4166666666666667,0.4166666666666667,0,0.0,0.0,0.8333333333333334,0.4166666666666667,0.4166666666666667,0,0.0,0.0,0.8333333333333334,0.4166666666666667,0.4166666666666667
2942,no_strict_e1_improvement,0,,,,,1,0,1,1,1,1,1,4,0,0,-1,current,0,0,0.5226261367400488,0.5226261367400488,7,0,0,0,0,0,0,0,0.0,0.5,0.5,0.5,0.5,0,0.0,0.5,0.5,0.5,0.5,0,0.0,0.5,0.5,0.5,0.5,0,0.0,0.5,0.5,0.5,0.5
2943,max_rounds,0,,,,,1,1,2,2,2,7,7,4,0,-1,0,s1a3_greedy,1,0,0.6871872891982397,0.5865024849772453,8,1,1,7,7,6,0,0,0.1111111111111111,0.3333333333333333,0.3333333333333333,0.3333333333333333,0.4166666666666667,0,0.1111111111111111,0.3333333333333333,0.3333333333333333,0.3333333333333333,0.4166666666666667,0,0.7777777777777778,0.6666666666666666,0.3333333333333333,0.5,0.5833333333333334,0,0.7777777777777778,0.6666666666666666,0.3333333333333333,0.5,0.5833333333333334
2944,no_strict_e1_improvement,0,,,,,1,0,1,1,1,1,1,4,0,0,-1,current,0,0,0.6983401328325272,0.6983401328325272,11,9,9,9,9,0,0,1,1.0,1.0,1.0,1.0,1.0,1,1.0,1.0,1.0,1.0,1.0,1,1.0,1.0,1.0,1.0,1.0,1,1.0,1.0,1.0,1.0,1.0
2945,no_strict_e1_improvement,0,,,,,1,0,1,1,1,1,1,4,0,0,-1,current,0,0,0.597402719159921,0.597402719159921,9,0,0,0,0,0,0,0,0.0,0.5,1.0,0.75,0.75,0,0.0,0.5,1.0,0.75,0.75,0,0.0,0.5,1.0,0.75,0.75,0,0.0,0.5,1.0,0.75,0.75
2946,no_strict_e1_improvement,0,,,,,1,0,1,1,1,2,2,4,0,0,-1,current,0,0,0.7136551563938459,0.7136551563938459,9,9,9,9,9,0,0,1,1.0,1.0,1.0,1.0,1.0,1,1.0,1.0,1.0,1.0,1.0,1,1.0,1.0,1.0,1.0,1.0,1,1.0,1.0,1.0,1.0,1.0
2947,small_component,0,,,,,1,0,0,0,0,0,0,4,0,0,-1,current,0,0,0.7122266044219335,0.7122266044219335,5,4,4,4,4,0,0,0,0.4444444444444444,0.3333333333333333,0.5,0.4166666666666667,0.5,0,0.4444444444444444,0.3333333333333333,0.5,0.4166666666666667,0.5,0,0.4444444444444444,0.3333333333333333,0.5,0.4166666666666667,0.5,0,0.4444444444444444,0.3333333333333333,0.5,0.4166666666666667,0.5
2948,max_rounds,0,,,,,1,1,2,2,2,6,6,4,0,-1,0,s1a3_greedy,1,0,0.6102510641018549,0.5023628746469816,7,0,0,9,9,9,0,0,0.0,0.5,1.0,0.75,0.75,0,0.0,0.5,1.0,0.75,0.75,1,1.0,1.0,1.0,1.0,1.0,1,1.0,1.0,1.0,1.0,1.0
2949,max_rounds,0,,,,,1,1,2,2,2,6,6,4,0,1,0,s1a3_greedy,1,0,0.7597964356342951,0.7343709766864777,6,1,1,0,0,-1,0,0,0.1111111111111111,0.16666666666666666,0.0,0.08333333333333333,0.25,0,0.1111111111111111,0.16666666666666666,0.0,0.08333333333333333,0.25,0,0.0,0.3333333333333333,0.0,0.16666666666666666,0.3333333333333333,0,0.0,0.3333333333333333,0.0,0.16666666666666666,0.3333333333333333
2950,no_strict_e1_improvement,0,,,,,1,0,1,1,1,1,1,4,0,0,-1,current,0,0,0.6435893128315607,0.6435893128315607,11,7,7,7,7,0,0,0,0.7777777777777778,0.6666666666666666,0.6666666666666666,0.6666666666666666,0.75,0,0.7777777777777778,0.6666666666666666,0.6666666666666666,0.6666666666666666,0.75,0,0.7777777777777778,0.6666666666666666,0.6666666666666666,0.6666666666666666,0.75,0,0.7777777777777778,0.6666666666666666,0.6666666666666666,0.6666666666666666,0.75
2951,no_strict_e1_improvement,0,,,,,1,0,1,1,1,1,1,4,0,0,-1,current,0,0,0.6913244898120562,0.6913244898120562,6,6,6,6,6,0,0,0,0.6666666666666666,0.8333333333333334,0.5,0.6666666666666666,0.6666666666666666,0,0.6666666666666666,0.8333333333333334,0.5,0.6666666666666666,0.6666666666666666,0,0.6666666666666666,0.8333333333333334,0.5,0.6666666666666666,0.6666666666666666,0,0.6666666666666666,0.8333333333333334,0.5,0.6666666666666666,0.6666666666666666
2952,no_strict_e1_improvement,0,,,,,1,0,1,1,1,1,1,4,0,0,-1,current,0,0,0.6175823037823042,0.6175823037823042,10,9,9,9,9,0,0,1,1.0,1.0,1.0,1.0,1.0,1,1.0,1.0,1.0,1.0,1.0,1,1.0,1.0,1.0,1.0,1.0,1,1.0,1.0,1.0,1.0,1.0
2953,no_strict_e1_improvement,0,,,,,1,0,1,1,1,1,1,4,0,0,-1,current,0,0,0.5952343220512072,0.5952343220512072,10,9,9,9,9,0,0,1,1.0,1.0,1.0,1.0,1.0,1,1.0,1.0,1.0,1.0,1.0,1,1.0,1.0,1.0,1.0,1.0,1,1.0,1.0,1.0,1.0,1.0
2954,no_strict_e1_improvement,0,,,,,1,0,1,1,1,1,1,4,0,0,-1,current,0,0,0.6662052199244499,0.6662052199244499,8,9,9,9,9,0,0,1,1.0,1.0,1.0,1.0,1.0,1,1.0,1.0,1.0,1.0,1.0,1,1.0,1.0,1.0,1.0,1.0,1,1.0,1.0,1.0,1.0,1.0
2955,no_strict_e1_improvement,0,,,,,1,0,1,1,1,1,1,4,0,0,-1,current,0,0,0.6278241127729416,0.6278241127729416,8,6,6,6,6,0,0,0,0.6666666666666666,0.8333333333333334,0.5,0.6666666666666666,0.6666666666666666,0,0.6666666666666666,0.8333333333333334,0.5,0.6666666666666666,0.6666666666666666,0,0.6666666666666666,0.8333333333333334,0.5,0.6666666666666666,0.6666666666666666,0,0.6666666666666666,0.8333333333333334,0.5,0.6666666666666666,0.6666666666666666
2956,no_strict_e1_improvement,0,,,,,1,0,1,1,1,1,1,4,0,0,-1,current,0,0,0.4883708581328392,0.4883708581328392,8,9,9,9,9,0,0,1,1.0,1.0,1.0,1.0,1.0,1,1.0,1.0,1.0,1.0,1.0,1,1.0,1.0,1.0,1.0,1.0,1,1.0,1.0,1.0,1.0,1.0
2957,no_strict_e1_improvement,0,,,,,1,0,1,1,1,2,2,4,0,0,-1,current,0,0,0.5152776117126147,0.5152776117126147,4,1,1,1,1,0,0,0,0.1111111111111111,0.6666666666666666,0.3333333333333333,0.5,0.5833333333333334,0,0.1111111111111111,0.6666666666666666,0.3333333333333333,0.5,0.5833333333333334,0,0.1111111111111111,0.6666666666666666,0.3333333333333333,0.5,0.5833333333333334,0,0.1111111111111111,0.6666666666666666,0.3333333333333333,0.5,0.5833333333333334
2958,no_strict_e1_improvement,0,,,,,1,0,1,1,1,1,1,4,0,0,-1,current,0,0,0.5975938340028127,0.5975938340028127,9,0,0,0,0,0,0,0,0.0,0.8333333333333334,0.5,0.6666666666666666,0.6666666666666666,0,0.0,0.8333333333333334,0.5,0.6666666666666666,0.6666666666666666,0,0.0,0.8333333333333334,0.5,0.6666666666666666,0.6666666666666666,0,0.0,0.8333333333333334,0.5,0.6666666666666666,0.6666666666666666
2959,no_strict_e1_improvement,0,,,,,1,0,1,1,1,1,1,4,0,0,-1,current,0,0,0.45042194922765094,0.45042194922765094,9,9,9,9,9,0,0,1,1.0,1.0,1.0,1.0,1.0,1,1.0,1.0,1.0,1.0,1.0,1,1.0,1.0,1.0,1.0,1.0,1,1.0,1.0,1.0,1.0,1.0
2960,no_strict_e1_improvement,0,,,,,1,0,1,1,1,1,1,4,0,0,-1,current,0,0,0.5515440677603086,0.5515440677603086,8,9,9,9,9,0,0,1,1.0,1.0,1.0,1.0,1.0,1,1.0,1.0,1.0,1.0,1.0,1,1.0,1.0,1.0,1.0,1.0,1,1.0,1.0,1.0,1.0,1.0
2961,no_strict_e1_improvement,0,,,,,1,0,1,1,1,1,1,4,0,0,-1,current,0,0,0.7170732989907265,0.7170732989907265,9,0,0,0,0,0,0,0,0.0,1.0,0.5,0.75,0.75,0,0.0,1.0,0.5,0.75,0.75,0,0.0,1.0,0.5,0.75,0.75,0,0.0,1.0,0.5,0.75,0.75
2962,max_rounds,0,,,,,1,1,2,2,2,6,6,4,0,-1,0,s1a3_greedy,1,0,0.7367289587855339,0.7275026266773542,7,0,0,0,0,0,0,0,0.0,0.3333333333333333,0.16666666666666666,0.25,0.4166666666666667,0,0.0,0.3333333333333333,0.16666666666666666,0.25,0.4166666666666667,0,0.0,0.3333333333333333,0.16666666666666666,0.25,0.3333333333333333,0,0.0,0.3333333333333333,0.16666666666666666,0.25,0.3333333333333333
2963,max_rounds,0,,,,,1,1,3,2,2,7,7,4,-1,0,0,s1a3_greedy,1,0,0.7422083715597788,0.6994450887044271,7,0,0,0,0,0,0,0,0.0,0.5,0.5,0.5,0.5,0,0.0,0.5,0.5,0.5,0.5,0,0.0,0.5,1.0,0.75,0.75,0,0.0,0.5,1.0,0.75,0.75
2964,partial_completed__no_strict_e1_improvement,1,,3,2,4,1,0,2,2,2,6,6,4,0,0,-1,current,1,0,0.7831464260816574,0.7831464260816574,8,0,0,0,0,0,0,0,0.0,0.0,0.3333333333333333,0.16666666666666666,0.16666666666666666,0,0.0,0.0,0.6666666666666666,0.3333333333333333,0.3333333333333333,0,0.0,0.0,0.6666666666666666,0.3333333333333333,0.3333333333333333,0,0.0,0.0,0.6666666666666666,0.3333333333333333,0.3333333333333333
2965,max_rounds,0,,,,,1,1,2,2,2,7,7,4,-1,0,0,s1a3_greedy,1,0,0.7349139700333277,0.6954076339801153,11,0,0,0,0,0,0,0,0.0,0.5,0.5,0.5,0.5,0,0.0,0.5,0.5,0.5,0.5,0,0.0,0.5,1.0,0.75,0.75,0,0.0,0.5,1.0,0.75,0.75
2966,no_strict_e1_improvement,0,,,,,1,0,1,1,1,1,1,4,0,0,-1,current,0,0,0.6279761145512263,0.6279761145512263,11,9,9,9,9,0,0,1,1.0,1.0,1.0,1.0,1.0,1,1.0,1.0,1.0,1.0,1.0,1,1.0,1.0,1.0,1.0,1.0,1,1.0,1.0,1.0,1.0,1.0
2967,no_strict_e1_improvement,0,,,,,1,0,1,1,1,1,1,4,0,0,-1,current,0,0,0.5478955383102099,0.5478955383102099,8,0,0,0,0,0,0,0,0.0,1.0,0.5,0.75,0.75,0,0.0,1.0,0.5,0.75,0.75,0,0.0,1.0,0.5,0.75,0.75,0,0.0,1.0,0.5,0.75,0.75
2968,max_rounds,0,,,,,1,1,3,2,2,6,6,4,0,1,0,s1a3_greedy,1,0,0.8086438452204069,0.5634755194187164,8,0,0,9,9,9,0,0,0.0,0.5,0.6666666666666666,0.5833333333333334,0.75,0,0.0,0.5,0.6666666666666666,0.5833333333333334,0.75,1,1.0,1.0,1.0,1.0,1.0,1,1.0,1.0,1.0,1.0,1.0
2969,no_strict_e1_improvement,0,,,,,1,0,1,1,1,1,1,4,0,0,-1,current,0,0,0.6151610563198725,0.6151610563198725,10,9,9,9,9,0,0,1,1.0,1.0,1.0,1.0,1.0,1,1.0,1.0,1.0,1.0,1.0,1,1.0,1.0,1.0,1.0,1.0,1,1.0,1.0,1.0,1.0,1.0
2970,no_strict_e1_improvement,0,,,,,1,0,1,1,1,1,1,4,0,0,-1,current,0,0,0.723126582801342,0.723126582801342,8,9,9,9,9,0,0,1,1.0,1.0,1.0,1.0,1.0,1,1.0,1.0,1.0,1.0,1.0,1,1.0,1.0,1.0,1.0,1.0,1,1.0,1.0,1.0,1.0,1.0
2971,max_rounds,0,,,,,1,1,5,4,4,12,12,4,0,0,1,profiled_beam,1,1,0.8659103959798813,0.762907495101293,7,0,0,0,0,0,0,0,0.0,0.0,0.0,0.0,0.3333333333333333,0,0.0,0.0,0.0,0.0,0.3333333333333333,0,0.0,0.16666666666666666,0.3333333333333333,0.25,0.4166666666666667,0,0.0,0.16666666666666666,0.3333333333333333,0.25,0.4166666666666667
2972,no_strict_e1_improvement,0,,,,,1,0,4,4,4,11,11,4,0,0,-1,current,0,0,0.6959655856092771,0.6959655856092771,7,0,0,0,0,0,0,0,0.0,0.0,0.8333333333333334,0.4166666666666667,0.4166666666666667,0,0.0,0.0,0.8333333333333334,0.4166666666666667,0.4166666666666667,0,0.0,0.0,0.8333333333333334,0.4166666666666667,0.4166666666666667,0,0.0,0.0,0.8333333333333334,0.4166666666666667,0.4166666666666667
2973,max_rounds,0,,,,,1,1,2,2,2,6,6,4,1,0,0,s1a3_greedy,1,0,0.7089751114447912,0.7052848885456721,3,5,5,2,2,-3,0,0,0.5555555555555556,0.3333333333333333,0.3333333333333333,0.3333333333333333,0.4166666666666667,0,0.5555555555555556,0.3333333333333333,0.3333333333333333,0.3333333333333333,0.4166666666666667,0,0.2222222222222222,0.5,0.16666666666666666,0.3333333333333333,0.4166666666666667,0,0.2222222222222222,0.5,0.16666666666666666,0.3333333333333333,0.4166666666666667
2974,no_strict_e1_improvement,0,,,,,1,0,1,1,1,1,1,4,0,0,-1,current,0,0,0.5439028665423393,0.5439028665423393,6,9,9,9,9,0,0,1,1.0,1.0,1.0,1.0,1.0,1,1.0,1.0,1.0,1.0,1.0,1,1.0,1.0,1.0,1.0,1.0,1,1.0,1.0,1.0,1.0,1.0
2975,max_rounds,0,,,,,1,1,5,4,4,13,13,4,-1,0,0,s1a3_greedy,1,0,1.0023076832294464,0.6618355760971705,5,0,0,0,0,0,0,0,0.0,0.0,0.16666666666666666,0.08333333333333333,0.5833333333333334,0,0.0,0.0,0.16666666666666666,0.08333333333333333,0.5833333333333334,0,0.0,0.0,0.3333333333333333,0.16666666666666666,0.3333333333333333,0,0.0,0.0,0.3333333333333333,0.16666666666666666,0.3333333333333333
2976,small_component,0,,,,,1,0,0,0,0,0,0,4,0,0,-1,current,0,0,0.7240916031102339,0.7240916031102339,6,0,0,0,0,0,0,0,0.0,0.16666666666666666,0.3333333333333333,0.25,0.25,0,0.0,0.16666666666666666,0.3333333333333333,0.25,0.25,0,0.0,0.16666666666666666,0.3333333333333333,0.25,0.25,0,0.0,0.16666666666666666,0.3333333333333333,0.25,0.25
2977,no_strict_e1_improvement,0,,,,,1,0,1,1,1,1,1,4,0,0,-1,current,0,0,0.7063001816471418,0.7063001816471418,9,9,9,9,9,0,0,1,1.0,1.0,1.0,1.0,1.0,1,1.0,1.0,1.0,1.0,1.0,1,1.0,1.0,1.0,1.0,1.0,1,1.0,1.0,1.0,1.0,1.0
2978,max_rounds,0,,,,,1,1,3,2,2,6,6,4,1,0,0,s1a3_greedy,1,0,0.7071812301874161,0.6439741427699724,6,0,0,0,0,0,0,0,0.0,0.5,0.16666666666666666,0.3333333333333333,0.4166666666666667,0,0.0,0.5,0.16666666666666666,0.3333333333333333,0.4166666666666667,0,0.0,0.6666666666666666,0.5,0.5833333333333334,0.5833333333333334,0,0.0,0.6666666666666666,0.5,0.5833333333333334,0.5833333333333334
2979,max_rounds,0,,,,,1,1,5,4,4,14,14,4,-1,0,0,s1a3_greedy,1,0,0.6472142711281776,0.5938764661550522,6,0,0,0,0,0,0,0,0.0,0.3333333333333333,0.16666666666666666,0.25,0.3333333333333333,0,0.0,0.3333333333333333,0.16666666666666666,0.25,0.3333333333333333,0,0.0,0.3333333333333333,0.0,0.16666666666666666,0.25,0,0.0,0.3333333333333333,0.0,0.16666666666666666,0.25
2980,max_rounds,0,,,,,1,1,2,2,2,6,6,4,1,0,0,s1a3_greedy,1,0,0.6781486968199412,0.6339841485023499,8,0,0,0,0,0,0,0,0.0,0.5,0.5,0.5,0.5,0,0.0,0.5,0.5,0.5,0.5,0,0.0,0.5,1.0,0.75,0.75,0,0.0,0.5,1.0,0.75,0.75
2981,no_strict_e1_improvement,0,,,,,1,0,1,1,1,1,1,4,0,0,-1,current,0,0,0.6334552963574728,0.6334552963574728,8,9,9,9,9,0,0,1,1.0,1.0,1.0,1.0,1.0,1,1.0,1.0,1.0,1.0,1.0,1,1.0,1.0,1.0,1.0,1.0,1,1.0,1.0,1.0,1.0,1.0
2982,max_rounds,0,,,,,1,1,5,4,4,15,15,4,0,-1,1,profiled_beam,1,1,0.7343283916513125,0.6913264418641726,8,0,0,0,9,9,9,0,0.0,0.5,1.0,0.75,0.75,0,0.0,0.5,1.0,0.75,0.75,0,0.0,0.5,0.6666666666666666,0.5833333333333334,0.6666666666666666,1,1.0,1.0,1.0,1.0,1.0
2983,max_rounds,0,,,,,1,1,3,2,2,6,6,4,1,0,0,s1a3_greedy,1,0,0.8250955641269684,0.7738349040349325,5,0,0,0,0,0,0,0,0.0,0.3333333333333333,0.16666666666666666,0.25,0.4166666666666667,0,0.0,0.3333333333333333,0.16666666666666666,0.25,0.4166666666666667,0,0.0,0.3333333333333333,0.5,0.4166666666666667,0.5833333333333334,0,0.0,0.3333333333333333,0.5,0.4166666666666667,0.5833333333333334
2984,partial_completed__small_component,1,,3,2,4,1,0,0,0,0,0,0,4,0,0,-1,current,1,0,0.7972796758015951,0.7972796758015951,3,0,0,0,0,0,0,0,0.0,0.0,0.5,0.25,0.25,0,0.0,0.0,0.5,0.25,0.3333333333333333,0,0.0,0.0,0.5,0.25,0.3333333333333333,0,0.0,0.0,0.5,0.25,0.3333333333333333
2985,no_strict_e1_improvement,0,,,,,1,0,1,1,1,1,1,4,0,0,-1,current,0,0,0.5554767524202665,0.5554767524202665,10,9,9,9,9,0,0,1,1.0,1.0,1.0,1.0,1.0,1,1.0,1.0,1.0,1.0,1.0,1,1.0,1.0,1.0,1.0,1.0,1,1.0,1.0,1.0,1.0,1.0
2986,no_strict_e1_improvement,0,,,,,1,0,1,1,1,1,1,4,0,0,-1,current,0,0,0.5353843669096628,0.5353843669096628,12,9,9,9,9,0,0,1,1.0,1.0,1.0,1.0,1.0,1,1.0,1.0,1.0,1.0,1.0,1,1.0,1.0,1.0,1.0,1.0,1,1.0,1.0,1.0,1.0,1.0
2987,no_strict_e1_improvement,0,,,,,1,0,1,1,1,1,1,4,0,0,-1,current,0,0,0.5701532786091169,0.5701532786091169,9,9,9,9,9,0,0,1,1.0,1.0,1.0,1.0,1.0,1,1.0,1.0,1.0,1.0,1.0,1,1.0,1.0,1.0,1.0,1.0,1,1.0,1.0,1.0,1.0,1.0
2988,no_strict_e1_improvement,0,,,,,1,0,1,1,1,1,1,4,0,0,-1,current,0,0,0.6298619757095972,0.6298619757095972,10,9,9,9,9,0,0,1,1.0,1.0,1.0,1.0,1.0,1,1.0,1.0,1.0,1.0,1.0,1,1.0,1.0,1.0,1.0,1.0,1,1.0,1.0,1.0,1.0,1.0
2989,max_rounds,0,,,,,1,1,2,2,2,6,6,4,-1,0,0,s1a3_greedy,1,0,0.663658432662487,0.6481665670871735,9,0,0,9,9,9,0,0,0.0,1.0,0.5,0.75,0.75,0,0.0,1.0,0.5,0.75,0.75,1,1.0,1.0,1.0,1.0,1.0,1,1.0,1.0,1.0,1.0,1.0
2990,no_strict_e1_improvement,0,,,,,1,0,1,1,1,1,1,4,0,0,-1,current,0,0,0.6315983111659685,0.6315983111659685,11,0,0,0,0,0,0,0,0.0,0.5,1.0,0.75,0.75,0,0.0,0.5,1.0,0.75,0.75,0,0.0,0.5,1.0,0.75,0.75,0,0.0,0.5,1.0,0.75,0.75
2991,no_strict_e1_improvement,0,,,,,1,0,1,1,1,1,1,4,0,0,-1,current,0,0,0.5168745641907057,0.5168745641907057,7,0,0,0,0,0,0,0,0.0,0.5,0.5,0.5,0.5,0,0.0,0.5,0.5,0.5,0.5,0,0.0,0.5,0.5,0.5,0.5,0,0.0,0.5,0.5,0.5,0.5
2992,no_strict_e1_improvement,0,,,,,1,0,1,1,1,1,1,4,0,0,-1,current,0,0,0.5802273427446684,0.5802273427446684,11,0,0,0,0,0,0,0,0.0,0.5,1.0,0.75,0.75,0,0.0,0.5,1.0,0.75,0.75,0,0.0,0.5,1.0,0.75,0.75,0,0.0,0.5,1.0,0.75,0.75
2993,max_rounds,0,,,,,1,1,3,2,2,7,7,4,0,0,0,s1a3_greedy,1,0,0.7401382178068161,0.7169493685166041,6,7,7,9,9,2,0,0,0.7777777777777778,0.6666666666666666,0.6666666666666666,0.6666666666666666,0.75,0,0.7777777777777778,0.6666666666666666,0.6666666666666666,0.6666666666666666,0.75,1,1.0,1.0,1.0,1.0,1.0,1,1.0,1.0,1.0,1.0,1.0
2994,no_strict_e1_improvement,0,,,,,1,0,1,1,1,1,1,4,0,0,-1,current,0,0,0.5835920224587122,0.5835920224587122,12,0,0,0,0,0,0,0,0.0,1.0,0.5,0.75,0.75,0,0.0,1.0,0.5,0.75,0.75,0,0.0,1.0,0.5,0.75,0.75,0,0.0,1.0,0.5,0.75,0.75
2995,no_strict_e1_improvement,0,,,,,1,0,1,1,1,1,1,4,0,0,-1,current,0,0,0.5185888757308325,0.5185888757308325,9,9,9,9,9,0,0,1,1.0,1.0,1.0,1.0,1.0,1,1.0,1.0,1.0,1.0,1.0,1,1.0,1.0,1.0,1.0,1.0,1,1.0,1.0,1.0,1.0,1.0
2996,no_strict_e1_improvement,0,,,,,1,0,1,1,1,1,1,4,0,0,-1,current,0,0,0.5691662530104319,0.5691662530104319,10,9,9,9,9,0,0,1,1.0,1.0,1.0,1.0,1.0,1,1.0,1.0,1.0,1.0,1.0,1,1.0,1.0,1.0,1.0,1.0,1,1.0,1.0,1.0,1.0,1.0
2997,no_strict_e1_improvement,0,,,,,1,0,1,1,1,1,1,4,0,0,-1,current,0,0,0.5593886251250902,0.5593886251250902,7,0,0,0,0,0,0,0,0.0,0.3333333333333333,0.16666666666666666,0.25,0.4166666666666667,0,0.0,0.3333333333333333,0.16666666666666666,0.25,0.4166666666666667,0,0.0,0.3333333333333333,0.16666666666666666,0.25,0.4166666666666667,0,0.0,0.3333333333333333,0.16666666666666666,0.25,0.4166666666666667
2998,no_strict_e1_improvement,0,,,,,1,0,2,2,2,6,6,4,0,0,-1,current,0,0,0.8204948976635933,0.8204948976635933,9,3,3,3,3,0,0,0,0.3333333333333333,0.0,1.0,0.5,0.75,0,0.3333333333333333,0.0,1.0,0.5,0.75,0,0.3333333333333333,0.0,1.0,0.5,0.75,0,0.3333333333333333,0.0,1.0,0.5,0.75
2999,small_component,0,,,,,1,0,0,0,0,0,0,4,0,0,-1,current,0,0,0.6912221958239874,0.6912221958239874,7,6,6,6,6,0,0,0,0.6666666666666666,0.5,0.8333333333333334,0.6666666666666666,0.6666666666666666,0,0.6666666666666666,0.5,0.8333333333333334,0.6666666666666666,0.6666666666666666,0,0.6666666666666666,0.5,0.8333333333333334,0.6666666666666666,0.6666666666666666,0,0.6666666666666666,0.5,0.8333333333333334,0.6666666666666666,0.6666666666666666
