sample_index,status,partial_completion_applied,partial_completion_error,partial_completion_missing_pieces,partial_completion_legal_translations,partial_completion_candidates,rounds_attempted,rounds_accepted,total_global_candidates,total_poses,total_recorded_poses,total_completion_candidates,total_recorded_completion_candidates,completion_beam_width,selected_row_shift,selected_column_shift,selected_completion_index,selected_completion_origin,prediction_changed,beam_prediction_changed_vs_s1a3,initial_e1_mean_adjacency_score,final_e1_mean_adjacency_score,final_e1_mutual_top1_edges,baseline_correct_pieces,completed_baseline_correct_pieces,s1a3_reference_correct_pieces,selected_correct_pieces,piece_change,beam_piece_change_vs_s1a3,baseline_PA,baseline_AA,baseline_HA,baseline_VA,baseline_SRA,baseline_NA,completed_baseline_PA,completed_baseline_AA,completed_baseline_HA,completed_baseline_VA,completed_baseline_SRA,completed_baseline_NA,s1a3_reference_PA,s1a3_reference_AA,s1a3_reference_HA,s1a3_reference_VA,s1a3_reference_SRA,s1a3_reference_NA,selected_PA,selected_AA,selected_HA,selected_VA,selected_SRA,selected_NA
0,no_strict_e1_improvement,0,,,,,1,0,1,1,1,1,1,4,0,0,-1,current,0,0,0.007971417903900147,0.007971417903900147,39,25,25,25,25,0,0,1,1.0,1.0,1.0,1.0,1.0,1,1.0,1.0,1.0,1.0,1.0,1,1.0,1.0,1.0,1.0,1.0,1,1.0,1.0,1.0,1.0,1.0
1,no_strict_e1_improvement,0,,,,,1,0,1,1,1,2,2,4,0,0,-1,current,0,0,0.04013437051326037,0.04013437051326037,34,0,0,0,0,0,0,0,0.0,0.75,1.0,0.875,0.875,0,0.0,0.75,1.0,0.875,0.875,0,0.0,0.75,1.0,0.875,0.875,0,0.0,0.75,1.0,0.875,0.875
2,no_strict_e1_improvement,0,,,,,1,0,1,1,1,1,1,4,0,0,-1,current,0,0,0.02040568588417955,0.02040568588417955,34,0,0,0,0,0,0,0,0.0,0.75,1.0,0.875,0.875,0,0.0,0.75,1.0,0.875,0.875,0,0.0,0.75,1.0,0.875,0.875,0,0.0,0.75,1.0,0.875,0.875
3,max_rounds,0,,,,,1,1,6,6,6,21,21,4,0,2,1,profiled_beam,1,1,0.05273832383099943,0.03865137721877545,23,2,2,2,23,21,21,0,0.08,0.7,0.8,0.75,0.75,0,0.08,0.7,0.8,0.75,0.75,0,0.08,0.7,0.8,0.75,0.75,0,0.92,0.85,0.9,0.875,0.875
4,max_rounds,0,,,,,1,1,5,4,4,15,15,4,-1,-1,0,s1a3_greedy,1,0,0.0767700232565403,0.00585856856778264,39,0,0,25,25,25,0,0,0.0,0.65,0.75,0.7,0.725,0,0.0,0.65,0.75,0.7,0.725,1,1.0,1.0,1.0,1.0,1.0,1,1.0,1.0,1.0,1.0,1.0
5,no_strict_e1_improvement,0,,,,,1,0,1,1,1,1,1,4,0,0,-1,current,0,0,0.03523406548192724,0.03523406548192724,28,25,25,25,25,0,0,1,1.0,1.0,1.0,1.0,1.0,1,1.0,1.0,1.0,1.0,1.0,1,1.0,1.0,1.0,1.0,1.0,1,1.0,1.0,1.0,1.0,1.0
6,max_rounds,0,,,,,1,1,2,2,2,6,6,4,-1,0,0,s1a3_greedy,1,0,0.07054180721752346,0.04576028836891055,28,0,0,21,21,21,0,0,0.0,0.8,0.7,0.75,0.775,0,0.0,0.8,0.7,0.75,0.775,0,0.84,0.8,0.9,0.85,0.85,0,0.84,0.8,0.9,0.85,0.85
7,no_strict_e1_improvement,0,,,,,1,0,1,1,1,4,4,4,0,0,-1,current,0,0,0.04054553778842092,0.04054553778842092,32,25,25,25,25,0,0,1,1.0,1.0,1.0,1.0,1.0,1,1.0,1.0,1.0,1.0,1.0,1,1.0,1.0,1.0,1.0,1.0,1,1.0,1.0,1.0,1.0,1.0
8,no_strict_e1_improvement,0,,,,,1,0,1,1,1,1,1,4,0,0,-1,current,0,0,0.019675954163540156,0.019675954163540156,33,25,25,25,25,0,0,1,1.0,1.0,1.0,1.0,1.0,1,1.0,1.0,1.0,1.0,1.0,1,1.0,1.0,1.0,1.0,1.0,1,1.0,1.0,1.0,1.0,1.0
9,max_rounds,0,,,,,1,1,5,4,4,15,15,4,1,-1,1,profiled_beam,1,1,0.15111903385259212,0.059681521146558225,27,0,0,1,1,1,0,0,0.0,0.5,0.35,0.425,0.45,0,0.0,0.5,0.35,0.425,0.45,0,0.04,0.5,0.45,0.475,0.5,0,0.04,0.7,0.85,0.775,0.775
10,no_strict_e1_improvement,0,,,,,1,0,1,1,1,3,3,4,0,0,-1,current,0,0,0.0733509760699235,0.0733509760699235,25,0,0,0,0,0,0,0,0.0,0.65,0.85,0.75,0.775,0,0.0,0.65,0.85,0.75,0.775,0,0.0,0.65,0.85,0.75,0.775,0,0.0,0.65,0.85,0.75,0.775
11,no_strict_e1_improvement,0,,,,,1,0,1,1,1,2,2,4,0,0,-1,current,0,0,0.0720809305435978,0.0720809305435978,31,0,0,0,0,0,0,0,0.0,0.95,0.75,0.85,0.85,0,0.0,0.95,0.75,0.85,0.85,0,0.0,0.95,0.75,0.85,0.85,0,0.0,0.95,0.75,0.85,0.85
12,no_strict_e1_improvement,0,,,,,1,0,1,1,1,2,2,4,0,0,-1,current,0,0,0.06495446482440456,0.06495446482440456,24,23,23,23,23,0,0,0,0.92,0.9,0.8,0.85,0.9,0,0.92,0.9,0.8,0.85,0.9,0,0.92,0.9,0.8,0.85,0.9,0,0.92,0.9,0.8,0.85,0.9
13,max_rounds,0,,,,,1,1,3,2,2,7,7,4,0,0,1,profiled_beam,1,1,0.05471803118125536,0.04473842043080367,29,0,0,0,0,0,0,0,0.0,0.75,0.75,0.75,0.75,0,0.0,0.75,0.75,0.75,0.75,0,0.0,0.75,0.75,0.75,0.75,0,0.0,0.75,0.75,0.75,0.75
14,no_strict_e1_improvement,0,,,,,1,0,5,4,4,15,15,4,0,0,-1,current,0,0,0.11581604303792119,0.11581604303792119,24,0,0,0,0,0,0,0,0.0,0.45,0.6,0.525,0.525,0,0.0,0.45,0.6,0.525,0.525,0,0.0,0.45,0.6,0.525,0.525,0,0.0,0.45,0.6,0.525,0.525
15,max_rounds,0,,,,,1,1,10,9,9,35,35,4,-2,0,1,profiled_beam,1,1,0.1635001229122281,0.1054315295536071,17,1,1,0,0,-1,0,0,0.04,0.2,0.5,0.35,0.425,0,0.04,0.2,0.5,0.35,0.425,0,0.0,0.65,0.6,0.625,0.7,0,0.0,0.5,0.6,0.55,0.6
16,max_rounds,0,,,,,1,1,2,1,1,4,4,4,0,0,1,profiled_beam,1,1,0.12709198903176003,0.11243569498765282,19,0,0,0,0,0,0,0,0.0,0.75,0.4,0.575,0.625,0,0.0,0.75,0.4,0.575,0.625,0,0.0,0.75,0.4,0.575,0.625,0,0.0,0.6,0.4,0.5,0.525
17,no_strict_e1_improvement,0,,,,,1,0,1,1,1,4,4,4,0,0,-1,current,0,0,0.055878708884119985,0.055878708884119985,29,0,0,0,0,0,0,0,0.0,0.75,0.9,0.825,0.825,0,0.0,0.75,0.9,0.825,0.825,0,0.0,0.75,0.9,0.825,0.825,0,0.0,0.75,0.9,0.825,0.825
18,max_rounds,0,,,,,1,1,3,2,2,8,8,4,0,-1,0,s1a3_greedy,1,0,0.11965394713915885,0.055842148559167984,28,3,3,21,21,18,0,0,0.12,0.55,0.75,0.65,0.675,0,0.12,0.55,0.75,0.65,0.675,0,0.84,0.7,0.9,0.8,0.85,0,0.84,0.7,0.9,0.8,0.85
19,no_strict_e1_improvement,0,,,,,1,0,1,1,1,1,1,4,0,0,-1,current,0,0,0.03273236509412527,0.03273236509412527,32,25,25,25,25,0,0,1,1.0,1.0,1.0,1.0,1.0,1,1.0,1.0,1.0,1.0,1.0,1,1.0,1.0,1.0,1.0,1.0,1,1.0,1.0,1.0,1.0,1.0
20,max_rounds,0,,,,,1,1,4,3,3,10,10,4,0,0,0,s1a3_greedy,1,0,0.1303799866582267,0.07580541774805169,26,0,0,0,0,0,0,0,0.0,0.6,0.85,0.725,0.725,0,0.0,0.6,0.85,0.725,0.725,0,0.0,0.75,0.9,0.825,0.825,0,0.0,0.75,0.9,0.825,0.825
21,no_strict_e1_improvement,0,,,,,1,0,1,1,1,1,1,4,0,0,-1,current,0,0,0.005390950790024362,0.005390950790024362,40,25,25,25,25,0,0,1,1.0,1.0,1.0,1.0,1.0,1,1.0,1.0,1.0,1.0,1.0,1,1.0,1.0,1.0,1.0,1.0,1,1.0,1.0,1.0,1.0,1.0
22,no_strict_e1_improvement,0,,,,,1,0,1,1,1,1,1,4,0,0,-1,current,0,0,0.027770002938814285,0.027770002938814285,28,25,25,25,25,0,0,1,1.0,1.0,1.0,1.0,1.0,1,1.0,1.0,1.0,1.0,1.0,1,1.0,1.0,1.0,1.0,1.0,1,1.0,1.0,1.0,1.0,1.0
23,no_strict_e1_improvement,0,,,,,1,0,1,1,1,3,3,4,0,0,-1,current,0,0,0.027621555747464298,0.027621555747464298,29,21,21,21,21,0,0,0,0.84,0.8,0.9,0.85,0.9,0,0.84,0.8,0.9,0.85,0.9,0,0.84,0.8,0.9,0.85,0.9,0,0.84,0.8,0.9,0.85,0.9
24,no_strict_e1_improvement,0,,,,,1,0,1,1,1,1,1,4,0,0,-1,current,0,0,0.015006587840616703,0.015006587840616703,33,25,25,25,25,0,0,1,1.0,1.0,1.0,1.0,1.0,1,1.0,1.0,1.0,1.0,1.0,1,1.0,1.0,1.0,1.0,1.0,1,1.0,1.0,1.0,1.0,1.0
25,no_strict_e1_improvement,0,,,,,1,0,1,1,1,2,2,4,0,0,-1,current,0,0,0.037949749812833035,0.037949749812833035,29,0,0,0,0,0,0,0,0.0,1.0,0.75,0.875,0.875,0,0.0,1.0,0.75,0.875,0.875,0,0.0,1.0,0.75,0.875,0.875,0,0.0,1.0,0.75,0.875,0.875
26,max_rounds,0,,,,,1,1,2,2,2,7,7,4,0,1,1,profiled_beam,1,1,0.08859773990698158,0.07567489640787244,28,23,23,0,0,-23,0,0,0.92,0.8,0.85,0.825,0.825,0,0.92,0.8,0.85,0.825,0.825,0,0.0,0.6,0.75,0.675,0.675,0,0.0,0.6,0.85,0.725,0.725
27,no_strict_e1_improvement,0,,,,,1,0,1,1,1,4,4,4,0,0,-1,current,0,0,0.04952777214348316,0.04952777214348316,25,25,25,25,25,0,0,1,1.0,1.0,1.0,1.0,1.0,1,1.0,1.0,1.0,1.0,1.0,1,1.0,1.0,1.0,1.0,1.0,1,1.0,1.0,1.0,1.0,1.0
28,max_rounds,0,,,,,1,1,13,12,12,48,48,4,1,-1,1,profiled_beam,1,1,0.21470408299937843,0.1382340082898736,18,0,0,0,19,19,19,0,0.0,0.45,0.3,0.375,0.4,0,0.0,0.45,0.3,0.375,0.4,0,0.0,0.45,0.45,0.45,0.5,0,0.76,0.65,0.7,0.675,0.675
29,no_strict_e1_improvement,0,,,,,1,0,1,1,1,1,1,4,0,0,-1,current,0,0,0.030371537106111644,0.030371537106111644,31,25,25,25,25,0,0,1,1.0,1.0,1.0,1.0,1.0,1,1.0,1.0,1.0,1.0,1.0,1,1.0,1.0,1.0,1.0,1.0,1,1.0,1.0,1.0,1.0,1.0
30,no_strict_e1_improvement,0,,,,,1,0,1,1,1,2,2,4,0,0,-1,current,0,0,0.0706133950036019,0.0706133950036019,21,0,0,0,0,0,0,0,0.0,0.65,0.85,0.75,0.8,0,0.0,0.65,0.85,0.75,0.8,0,0.0,0.65,0.85,0.75,0.8,0,0.0,0.65,0.85,0.75,0.8
31,no_strict_e1_improvement,0,,,,,1,0,1,1,1,2,2,4,0,0,-1,current,0,0,0.017026889650151134,0.017026889650151134,34,0,0,0,0,0,0,0,0.0,0.75,1.0,0.875,0.875,0,0.0,0.75,1.0,0.875,0.875,0,0.0,0.75,1.0,0.875,0.875,0,0.0,0.75,1.0,0.875,0.875
32,no_strict_e1_improvement,0,,,,,1,0,1,1,1,2,2,4,0,0,-1,current,0,0,0.031540319649502636,0.031540319649502636,35,0,0,0,0,0,0,0,0.0,0.75,1.0,0.875,0.875,0,0.0,0.75,1.0,0.875,0.875,0,0.0,0.75,1.0,0.875,0.875,0,0.0,0.75,1.0,0.875,0.875
33,max_rounds,0,,,,,1,1,3,2,2,7,7,4,0,-1,0,s1a3_greedy,1,0,0.1468416579067707,0.13202535554300993,24,0,0,0,0,0,0,0,0.0,0.55,0.6,0.575,0.6,0,0.0,0.55,0.6,0.575,0.6,0,0.0,0.5,0.75,0.625,0.625,0,0.0,0.5,0.75,0.625,0.625
34,no_strict_e1_improvement,0,,,,,1,0,1,1,1,2,2,4,0,0,-1,current,0,0,0.06795587858650834,0.06795587858650834,30,25,25,25,25,0,0,1,1.0,1.0,1.0,1.0,1.0,1,1.0,1.0,1.0,1.0,1.0,1,1.0,1.0,1.0,1.0,1.0,1,1.0,1.0,1.0,1.0,1.0
35,no_strict_e1_improvement,0,,,,,1,0,1,1,1,2,2,4,0,0,-1,current,0,0,0.035545402049319816,0.035545402049319816,30,0,0,0,0,0,0,0,0.0,0.6,0.75,0.675,0.7,0,0.0,0.6,0.75,0.675,0.7,0,0.0,0.6,0.75,0.675,0.7,0,0.0,0.6,0.75,0.675,0.7
36,max_rounds,0,,,,,1,1,4,3,3,12,12,4,0,2,1,profiled_beam,1,1,0.05966460276395082,0.03001909824088216,31,0,0,0,25,25,25,0,0.0,0.75,1.0,0.875,0.875,0,0.0,0.75,1.0,0.875,0.875,0,0.0,0.75,1.0,0.875,0.875,1,1.0,1.0,1.0,1.0,1.0
37,no_strict_e1_improvement,0,,,,,1,0,1,1,1,1,1,4,0,0,-1,current,0,0,0.017296923213871197,0.017296923213871197,35,0,0,0,0,0,0,0,0.0,0.75,1.0,0.875,0.875,0,0.0,0.75,1.0,0.875,0.875,0,0.0,0.75,1.0,0.875,0.875,0,0.0,0.75,1.0,0.875,0.875
38,max_rounds,0,,,,,1,1,17,16,16,64,64,4,0,0,1,profiled_beam,1,1,0.17534277359955014,0.1584451190661639,23,5,5,5,3,-2,-2,0,0.2,0.85,0.45,0.65,0.675,0,0.2,0.85,0.45,0.65,0.675,0,0.2,0.85,0.45,0.65,0.675,0,0.12,0.8,0.6,0.7,0.7
39,max_rounds,0,,,,,1,1,4,3,3,11,11,4,0,0,1,profiled_beam,1,1,0.12628392269834876,0.07734984336420894,26,0,0,0,0,0,0,0,0.0,0.35,0.6,0.475,0.55,0,0.0,0.35,0.6,0.475,0.55,0,0.0,0.45,0.65,0.55,0.625,0,0.0,0.45,0.65,0.55,0.625
40,no_strict_e1_improvement,0,,,,,1,0,1,1,1,1,1,4,0,0,-1,current,0,0,0.006780810025520623,0.006780810025520623,38,0,0,0,0,0,0,0,0.0,0.75,1.0,0.875,0.875,0,0.0,0.75,1.0,0.875,0.875,0,0.0,0.75,1.0,0.875,0.875,0,0.0,0.75,1.0,0.875,0.875
41,no_strict_e1_improvement,0,,,,,1,0,1,1,1,1,1,4,0,0,-1,current,0,0,0.03680428689112887,0.03680428689112887,36,25,25,25,25,0,0,1,1.0,1.0,1.0,1.0,1.0,1,1.0,1.0,1.0,1.0,1.0,1,1.0,1.0,1.0,1.0,1.0,1,1.0,1.0,1.0,1.0,1.0
42,max_rounds,0,,,,,1,1,2,1,1,4,4,4,0,0,1,profiled_beam,1,1,0.1144860962871462,0.1085351096931845,26,0,0,0,0,0,0,0,0.0,0.75,0.7,0.725,0.725,0,0.0,0.75,0.7,0.725,0.725,0,0.0,0.75,0.7,0.725,0.725,0,0.0,0.75,0.65,0.7,0.7
43,max_rounds,0,,,,,1,1,3,2,2,8,8,4,0,-1,1,profiled_beam,1,1,0.09803972043446266,0.07888981243013404,24,0,0,0,19,19,19,0,0.0,0.75,0.6,0.675,0.7,0,0.0,0.75,0.6,0.675,0.7,0,0.0,0.75,0.6,0.675,0.7,0,0.76,0.8,0.7,0.75,0.75
44,no_strict_e1_improvement,0,,,,,1,0,1,1,1,1,1,4,0,0,-1,current,0,0,0.016286197025328873,0.016286197025328873,34,23,23,23,23,0,0,0,0.92,0.9,0.9,0.9,0.925,0,0.92,0.9,0.9,0.9,0.925,0,0.92,0.9,0.9,0.9,0.925,0,0.92,0.9,0.9,0.9,0.925
45,max_rounds,0,,,,,1,1,2,1,1,4,4,4,0,0,1,profiled_beam,1,1,0.07188053683494218,0.06413141985540279,27,22,22,22,23,1,1,0,0.88,0.9,0.85,0.875,0.875,0,0.88,0.9,0.85,0.875,0.875,0,0.88,0.9,0.85,0.875,0.875,0,0.92,0.85,0.9,0.875,0.9
46,max_rounds,0,,,,,1,1,2,2,2,8,8,4,0,1,1,profiled_beam,1,1,0.06972864208219107,0.0651031995046651,26,0,0,0,0,0,0,0,0.0,0.75,0.9,0.825,0.825,0,0.0,0.75,0.9,0.825,0.825,0,0.0,0.75,0.9,0.825,0.825,0,0.0,0.75,0.85,0.8,0.8
47,max_rounds,0,,,,,1,1,7,6,6,22,22,4,-1,2,1,profiled_beam,1,1,0.14850933130364866,0.11089631780050695,25,0,0,9,10,10,1,0,0.0,0.25,0.85,0.55,0.55,0,0.0,0.25,0.85,0.55,0.55,0,0.36,0.2,0.9,0.55,0.575,0,0.4,0.25,1.0,0.625,0.625
48,max_rounds,0,,,,,1,1,2,1,1,4,4,4,0,0,1,profiled_beam,1,1,0.16671381129417567,0.12350578440818935,23,12,12,12,11,-1,-1,0,0.48,0.6,0.35,0.475,0.5,0,0.48,0.6,0.35,0.475,0.5,0,0.48,0.6,0.4,0.5,0.525,0,0.44,0.6,0.35,0.475,0.475
49,max_rounds,0,,,,,1,1,3,2,2,8,8,4,0,0,1,profiled_beam,1,1,0.07724729299079627,0.026495167682878674,34,20,20,20,25,5,5,0,0.8,0.95,0.75,0.85,0.85,0,0.8,0.95,0.75,0.85,0.85,0,0.8,0.95,0.75,0.85,0.85,1,1.0,1.0,1.0,1.0,1.0
50,no_strict_e1_improvement,0,,,,,1,0,1,1,1,1,1,4,0,0,-1,current,0,0,0.022661950869951396,0.022661950869951396,32,0,0,0,0,0,0,0,0.0,1.0,0.75,0.875,0.875,0,0.0,1.0,0.75,0.875,0.875,0,0.0,1.0,0.75,0.875,0.875,0,0.0,1.0,0.75,0.875,0.875
51,max_rounds,0,,,,,1,1,5,4,4,11,11,4,1,0,0,s1a3_greedy,1,0,0.06927143791690468,0.043674868950620296,26,0,0,0,0,0,0,0,0.0,0.75,0.75,0.75,0.75,0,0.0,0.75,0.75,0.75,0.75,0,0.0,0.75,1.0,0.875,0.875,0,0.0,0.75,1.0,0.875,0.875
52,no_strict_e1_improvement,0,,,,,1,0,1,1,1,3,3,4,0,0,-1,current,0,0,0.023924981453455986,0.023924981453455986,36,25,25,25,25,0,0,1,1.0,1.0,1.0,1.0,1.0,1,1.0,1.0,1.0,1.0,1.0,1,1.0,1.0,1.0,1.0,1.0,1,1.0,1.0,1.0,1.0,1.0
53,no_strict_e1_improvement,0,,,,,1,0,3,3,3,12,12,4,0,0,-1,current,0,0,0.04457209566535312,0.04457209566535312,29,25,25,25,25,0,0,1,1.0,1.0,1.0,1.0,1.0,1,1.0,1.0,1.0,1.0,1.0,1,1.0,1.0,1.0,1.0,1.0,1,1.0,1.0,1.0,1.0,1.0
54,no_strict_e1_improvement,0,,,,,1,0,1,1,1,4,4,4,0,0,-1,current,0,0,0.07872880581126082,0.07872880581126082,31,0,0,0,0,0,0,0,0.0,0.75,0.9,0.825,0.825,0,0.0,0.75,0.9,0.825,0.825,0,0.0,0.75,0.9,0.825,0.825,0,0.0,0.75,0.9,0.825,0.825
55,no_strict_e1_improvement,0,,,,,1,0,1,1,1,1,1,4,0,0,-1,current,0,0,0.013594604469835759,0.013594604469835759,37,25,25,25,25,0,0,1,1.0,1.0,1.0,1.0,1.0,1,1.0,1.0,1.0,1.0,1.0,1,1.0,1.0,1.0,1.0,1.0,1,1.0,1.0,1.0,1.0,1.0
56,no_strict_e1_improvement,0,,,,,1,0,1,1,1,1,1,4,0,0,-1,current,0,0,0.03622315628454089,0.03622315628454089,35,25,25,25,25,0,0,1,1.0,1.0,1.0,1.0,1.0,1,1.0,1.0,1.0,1.0,1.0,1,1.0,1.0,1.0,1.0,1.0,1,1.0,1.0,1.0,1.0,1.0
57,no_strict_e1_improvement,0,,,,,1,0,1,1,1,2,2,4,0,0,-1,current,0,0,0.025113639392657205,0.025113639392657205,33,25,25,25,25,0,0,1,1.0,1.0,1.0,1.0,1.0,1,1.0,1.0,1.0,1.0,1.0,1,1.0,1.0,1.0,1.0,1.0,1,1.0,1.0,1.0,1.0,1.0
58,no_strict_e1_improvement,0,,,,,1,0,1,1,1,4,4,4,0,0,-1,current,0,0,0.03298402233049273,0.03298402233049273,29,25,25,25,25,0,0,1,1.0,1.0,1.0,1.0,1.0,1,1.0,1.0,1.0,1.0,1.0,1,1.0,1.0,1.0,1.0,1.0,1,1.0,1.0,1.0,1.0,1.0
59,max_rounds,0,,,,,1,1,3,2,2,7,7,4,0,1,0,s1a3_greedy,1,0,0.08616758533753455,0.02722679374855943,29,0,0,25,25,25,0,0,0.0,0.65,0.8,0.725,0.75,0,0.0,0.65,0.8,0.725,0.75,1,1.0,1.0,1.0,1.0,1.0,1,1.0,1.0,1.0,1.0,1.0
60,no_strict_e1_improvement,0,,,,,1,0,1,1,1,1,1,4,0,0,-1,current,0,0,0.065720817563124,0.065720817563124,29,0,0,0,0,0,0,0,0.0,0.65,0.65,0.65,0.65,0,0.0,0.65,0.65,0.65,0.65,0,0.0,0.65,0.65,0.65,0.65,0,0.0,0.65,0.65,0.65,0.65
61,no_strict_e1_improvement,0,,,,,1,0,1,1,1,1,1,4,0,0,-1,current,0,0,0.045793718981440176,0.045793718981440176,31,0,0,0,0,0,0,0,0.0,1.0,0.75,0.875,0.875,0,0.0,1.0,0.75,0.875,0.875,0,0.0,1.0,0.75,0.875,0.875,0,0.0,1.0,0.75,0.875,0.875
62,max_rounds,0,,,,,1,1,3,2,2,7,7,4,0,0,1,profiled_beam,1,1,0.12341401721350849,0.06392128572915681,29,2,2,1,0,-2,-1,0,0.08,0.7,0.6,0.65,0.675,0,0.08,0.7,0.6,0.65,0.675,0,0.04,0.8,0.65,0.725,0.775,0,0.0,0.9,0.75,0.825,0.825
63,no_strict_e1_improvement,0,,,,,1,0,1,1,1,1,1,4,0,0,-1,current,0,0,0.012550017912872136,0.012550017912872136,36,25,25,25,25,0,0,1,1.0,1.0,1.0,1.0,1.0,1,1.0,1.0,1.0,1.0,1.0,1,1.0,1.0,1.0,1.0,1.0,1,1.0,1.0,1.0,1.0,1.0
64,no_strict_e1_improvement,0,,,,,1,0,1,1,1,1,1,4,0,0,-1,current,0,0,0.03120424911612645,0.03120424911612645,30,25,25,25,25,0,0,1,1.0,1.0,1.0,1.0,1.0,1,1.0,1.0,1.0,1.0,1.0,1,1.0,1.0,1.0,1.0,1.0,1,1.0,1.0,1.0,1.0,1.0
65,no_strict_e1_improvement,0,,,,,1,0,2,1,1,4,4,4,0,0,-1,current,0,0,0.10741513903194573,0.10741513903194573,17,0,0,0,0,0,0,0,0.0,0.55,0.6,0.575,0.625,0,0.0,0.55,0.6,0.575,0.625,0,0.0,0.55,0.6,0.575,0.625,0,0.0,0.55,0.6,0.575,0.625
66,max_rounds,0,,,,,1,1,2,2,2,7,7,4,-1,0,0,s1a3_greedy,1,0,0.08863884008023888,0.03648145443294197,31,0,0,25,25,25,0,0,0.0,1.0,0.75,0.875,0.875,0,0.0,1.0,0.75,0.875,0.875,1,1.0,1.0,1.0,1.0,1.0,1,1.0,1.0,1.0,1.0,1.0
67,no_strict_e1_improvement,0,,,,,1,0,1,1,1,1,1,4,0,0,-1,current,0,0,0.012620606925338507,0.012620606925338507,35,0,0,0,0,0,0,0,0.0,0.75,1.0,0.875,0.875,0,0.0,0.75,1.0,0.875,0.875,0,0.0,0.75,1.0,0.875,0.875,0,0.0,0.75,1.0,0.875,0.875
68,no_strict_e1_improvement,0,,,,,1,0,1,1,1,3,3,4,0,0,-1,current,0,0,0.04875706275779521,0.04875706275779521,31,0,0,0,0,0,0,0,0.0,0.9,0.75,0.825,0.825,0,0.0,0.9,0.75,0.825,0.825,0,0.0,0.9,0.75,0.825,0.825,0,0.0,0.9,0.75,0.825,0.825
69,no_strict_e1_improvement,0,,,,,1,0,1,1,1,1,1,4,0,0,-1,current,0,0,0.055128203611820935,0.055128203611820935,25,0,0,0,0,0,0,0,0.0,0.6,0.65,0.625,0.675,0,0.0,0.6,0.65,0.625,0.675,0,0.0,0.6,0.65,0.625,0.675,0,0.0,0.6,0.65,0.625,0.675
70,no_strict_e1_improvement,0,,,,,1,0,3,2,2,8,8,4,0,0,-1,current,0,0,0.10189807978458702,0.10189807978458702,20,0,0,0,0,0,0,0,0.0,0.55,0.5,0.525,0.625,0,0.0,0.55,0.5,0.525,0.625,0,0.0,0.55,0.5,0.525,0.625,0,0.0,0.55,0.5,0.525,0.625
71,no_strict_e1_improvement,0,,,,,1,0,1,1,1,2,2,4,0,0,-1,current,0,0,0.019633171637542544,0.019633171637542544,33,25,25,25,25,0,0,1,1.0,1.0,1.0,1.0,1.0,1,1.0,1.0,1.0,1.0,1.0,1,1.0,1.0,1.0,1.0,1.0,1,1.0,1.0,1.0,1.0,1.0
72,no_strict_e1_improvement,0,,,,,1,0,1,1,1,3,3,4,0,0,-1,current,0,0,0.03558861704077572,0.03558861704077572,31,0,0,0,0,0,0,0,0.0,0.95,0.75,0.85,0.85,0,0.0,0.95,0.75,0.85,0.85,0,0.0,0.95,0.75,0.85,0.85,0,0.0,0.95,0.75,0.85,0.85
73,no_strict_e1_improvement,0,,,,,1,0,1,1,1,2,2,4,0,0,-1,current,0,0,0.04049529833719134,0.04049529833719134,33,25,25,25,25,0,0,1,1.0,1.0,1.0,1.0,1.0,1,1.0,1.0,1.0,1.0,1.0,1,1.0,1.0,1.0,1.0,1.0,1,1.0,1.0,1.0,1.0,1.0
74,max_rounds,0,,,,,1,1,2,2,2,6,6,4,0,1,0,s1a3_greedy,1,0,0.09044052832759916,0.07043945812620223,24,0,0,0,0,0,0,0,0.0,0.65,0.85,0.75,0.8,0,0.0,0.65,0.85,0.75,0.8,0,0.0,0.75,0.85,0.8,0.85,0,0.0,0.75,0.85,0.8,0.85
75,no_strict_e1_improvement,0,,,,,1,0,3,3,3,11,11,4,0,0,-1,current,0,0,0.0867519982275553,0.0867519982275553,28,0,0,0,0,0,0,0,0.0,0.7,0.75,0.725,0.725,0,0.0,0.7,0.75,0.725,0.725,0,0.0,0.7,0.75,0.725,0.725,0,0.0,0.7,0.75,0.725,0.725
76,max_rounds,0,,,,,1,1,10,9,9,34,34,4,0,-2,1,profiled_beam,1,1,0.11598012142349035,0.10280312180984766,22,0,0,0,0,0,0,0,0.0,0.75,0.95,0.85,0.85,0,0.0,0.75,0.95,0.85,0.85,0,0.0,0.75,0.95,0.85,0.85,0,0.0,0.75,1.0,0.875,0.875
77,max_rounds,0,,,,,1,1,7,6,6,21,21,4,0,-2,1,profiled_beam,1,1,0.10631539042806253,0.06760130536276847,21,2,2,0,0,-2,0,0,0.08,0.65,0.45,0.55,0.6,0,0.08,0.65,0.45,0.55,0.6,0,0.0,0.7,0.6,0.65,0.65,0,0.0,0.65,0.65,0.65,0.65
78,no_strict_e1_improvement,0,,,,,1,0,1,1,1,1,1,4,0,0,-1,current,0,0,0.0414453795645386,0.0414453795645386,35,0,0,0,0,0,0,0,0.0,0.75,1.0,0.875,0.875,0,0.0,0.75,1.0,0.875,0.875,0,0.0,0.75,1.0,0.875,0.875,0,0.0,0.75,1.0,0.875,0.875
79,max_rounds,0,,,,,1,1,2,1,1,4,4,4,0,0,1,profiled_beam,1,1,0.10840475922450424,0.10576624413952232,26,0,0,0,0,0,0,0,0.0,0.7,0.75,0.725,0.725,0,0.0,0.7,0.75,0.725,0.725,0,0.0,0.7,0.75,0.725,0.725,0,0.0,0.7,0.8,0.75,0.75
80,no_strict_e1_improvement,0,,,,,1,0,2,2,2,7,7,4,0,0,-1,current,0,0,0.07897516824305058,0.07897516824305058,26,25,25,25,25,0,0,1,1.0,1.0,1.0,1.0,1.0,1,1.0,1.0,1.0,1.0,1.0,1,1.0,1.0,1.0,1.0,1.0,1,1.0,1.0,1.0,1.0,1.0
81,no_strict_e1_improvement,0,,,,,1,0,1,1,1,3,3,4,0,0,-1,current,0,0,0.04283095202408731,0.04283095202408731,30,0,0,0,0,0,0,0,0.0,0.75,0.9,0.825,0.85,0,0.0,0.75,0.9,0.825,0.85,0,0.0,0.75,0.9,0.825,0.85,0,0.0,0.75,0.9,0.825,0.85
82,max_rounds,0,,,,,1,1,4,3,3,12,12,4,0,2,1,profiled_beam,1,1,0.16041323952376843,0.07161610457114875,25,0,0,0,0,0,0,0,0.0,0.55,0.65,0.6,0.7,0,0.0,0.55,0.65,0.6,0.7,0,0.0,0.65,0.85,0.75,0.775,0,0.0,0.75,0.9,0.825,0.825
83,max_rounds,0,,,,,1,1,2,1,1,2,2,4,0,0,0,s1a3_greedy,1,0,0.08319230997585692,0.07766489056521095,26,0,0,0,0,0,0,0,0.0,1.0,0.75,0.875,0.875,0,0.0,1.0,0.75,0.875,0.875,0,0.0,0.9,0.65,0.775,0.775,0,0.0,0.9,0.65,0.775,0.775
84,no_strict_e1_improvement,0,,,,,1,0,1,1,1,1,1,4,0,0,-1,current,0,0,0.08297404972836375,0.08297404972836375,25,25,25,25,25,0,0,1,1.0,1.0,1.0,1.0,1.0,1,1.0,1.0,1.0,1.0,1.0,1,1.0,1.0,1.0,1.0,1.0,1,1.0,1.0,1.0,1.0,1.0
85,no_strict_e1_improvement,0,,,,,1,0,1,1,1,1,1,4,0,0,-1,current,0,0,0.00956988192629069,0.00956988192629069,38,25,25,25,25,0,0,1,1.0,1.0,1.0,1.0,1.0,1,1.0,1.0,1.0,1.0,1.0,1,1.0,1.0,1.0,1.0,1.0,1,1.0,1.0,1.0,1.0,1.0
86,no_strict_e1_improvement,0,,,,,1,0,1,1,1,2,2,4,0,0,-1,current,0,0,0.019473017496056854,0.019473017496056854,36,25,25,25,25,0,0,1,1.0,1.0,1.0,1.0,1.0,1,1.0,1.0,1.0,1.0,1.0,1,1.0,1.0,1.0,1.0,1.0,1,1.0,1.0,1.0,1.0,1.0
87,max_rounds,0,,,,,1,1,3,2,2,7,7,4,0,0,0,s1a3_greedy,1,0,0.12525810170918703,0.031070696655660868,31,19,19,25,25,6,0,0,0.76,0.65,0.85,0.75,0.85,0,0.76,0.65,0.85,0.75,0.85,1,1.0,1.0,1.0,1.0,1.0,1,1.0,1.0,1.0,1.0,1.0
88,no_strict_e1_improvement,0,,,,,1,0,1,1,1,4,4,4,0,0,-1,current,0,0,0.07346487902104855,0.07346487902104855,27,0,0,0,0,0,0,0,0.0,0.85,0.75,0.8,0.8,0,0.0,0.85,0.75,0.8,0.8,0,0.0,0.85,0.75,0.8,0.8,0,0.0,0.85,0.75,0.8,0.8
89,no_strict_e1_improvement,0,,,,,1,0,1,1,1,1,1,4,0,0,-1,current,0,0,0.0102304287313018,0.0102304287313018,35,25,25,25,25,0,0,1,1.0,1.0,1.0,1.0,1.0,1,1.0,1.0,1.0,1.0,1.0,1,1.0,1.0,1.0,1.0,1.0,1,1.0,1.0,1.0,1.0,1.0
90,max_rounds,0,,,,,1,1,4,3,3,12,12,4,0,0,1,profiled_beam,1,1,0.10225622660364024,0.0815062188252341,26,15,15,15,20,5,5,0,0.6,0.5,0.9,0.7,0.7,0,0.6,0.5,0.9,0.7,0.7,0,0.6,0.5,0.9,0.7,0.7,0,0.8,0.75,0.95,0.85,0.85
91,max_rounds,0,,,,,1,1,5,4,4,14,14,4,-1,0,1,profiled_beam,1,1,0.1658396956860088,0.15374140422791244,23,0,0,0,4,4,4,0,0.0,0.55,0.25,0.4,0.475,0,0.0,0.55,0.25,0.4,0.475,0,0.0,0.55,0.25,0.4,0.475,0,0.16,0.5,0.35,0.425,0.5
92,no_strict_e1_improvement,0,,,,,1,0,1,1,1,3,3,4,0,0,-1,current,0,0,0.05065494643058628,0.05065494643058628,28,22,22,22,22,0,0,0,0.88,0.85,0.85,0.85,0.85,0,0.88,0.85,0.85,0.85,0.85,0,0.88,0.85,0.85,0.85,0.85,0,0.88,0.85,0.85,0.85,0.85
93,max_rounds,0,,,,,1,1,3,2,2,6,6,4,0,0,1,profiled_beam,1,1,0.04630913707660511,0.03701852905796841,30,22,22,22,25,3,3,0,0.88,0.9,0.85,0.875,0.875,0,0.88,0.9,0.85,0.875,0.875,0,0.88,0.9,0.85,0.875,0.875,1,1.0,1.0,1.0,1.0,1.0
94,max_rounds,0,,,,,1,1,7,6,6,24,24,4,0,0,1,profiled_beam,1,1,0.11808416599524207,0.06553040387225337,24,0,0,0,0,0,0,0,0.0,0.65,0.6,0.625,0.625,0,0.0,0.65,0.6,0.625,0.625,0,0.0,0.8,0.6,0.7,0.7,0,0.0,0.85,0.75,0.8,0.8
95,no_strict_e1_improvement,0,,,,,1,0,1,1,1,3,3,4,0,0,-1,current,0,0,0.0499187276000157,0.0499187276000157,27,0,0,0,0,0,0,0,0.0,1.0,0.75,0.875,0.875,0,0.0,1.0,0.75,0.875,0.875,0,0.0,1.0,0.75,0.875,0.875,0,0.0,1.0,0.75,0.875,0.875
96,no_strict_e1_improvement,0,,,,,1,0,1,1,1,2,2,4,0,0,-1,current,0,0,0.07447731850552372,0.07447731850552372,21,0,0,0,0,0,0,0,0.0,0.75,0.5,0.625,0.675,0,0.0,0.75,0.5,0.625,0.675,0,0.0,0.75,0.5,0.625,0.675,0,0.0,0.75,0.5,0.625,0.675
97,no_strict_e1_improvement,0,,,,,1,0,3,3,3,10,10,4,0,0,-1,current,0,0,0.06585814063437283,0.06585814063437283,29,0,0,0,0,0,0,0,0.0,0.75,1.0,0.875,0.875,0,0.0,0.75,1.0,0.875,0.875,0,0.0,0.75,1.0,0.875,0.875,0,0.0,0.75,1.0,0.875,0.875
98,no_strict_e1_improvement,0,,,,,1,0,1,1,1,1,1,4,0,0,-1,current,0,0,0.03682837109081447,0.03682837109081447,32,0,0,0,0,0,0,0,0.0,0.75,1.0,0.875,0.875,0,0.0,0.75,1.0,0.875,0.875,0,0.0,0.75,1.0,0.875,0.875,0,0.0,0.75,1.0,0.875,0.875
99,no_strict_e1_improvement,0,,,,,1,0,1,1,1,1,1,4,0,0,-1,current,0,0,0.008385435491800309,0.008385435491800309,38,25,25,25,25,0,0,1,1.0,1.0,1.0,1.0,1.0,1,1.0,1.0,1.0,1.0,1.0,1,1.0,1.0,1.0,1.0,1.0,1,1.0,1.0,1.0,1.0,1.0
100,no_strict_e1_improvement,0,,,,,1,0,1,1,1,1,1,4,0,0,-1,current,0,0,0.03483142592012882,0.03483142592012882,32,0,0,0,0,0,0,0,0.0,0.9,0.75,0.825,0.825,0,0.0,0.9,0.75,0.825,0.825,0,0.0,0.9,0.75,0.825,0.825,0,0.0,0.9,0.75,0.825,0.825
101,max_rounds,0,,,,,1,1,3,2,2,8,8,4,0,0,1,profiled_beam,1,1,0.07359550506807863,0.05303210155107081,27,22,22,0,25,3,25,0,0.88,0.9,0.85,0.875,0.875,0,0.88,0.9,0.85,0.875,0.875,0,0.0,0.85,0.75,0.8,0.85,1,1.0,1.0,1.0,1.0,1.0
102,max_rounds,0,,,,,1,1,2,1,1,2,2,4,0,0,1,profiled_beam,1,1,0.06878027127822861,0.06353763089282438,26,20,20,20,21,1,1,0,0.8,0.65,0.8,0.725,0.75,0,0.8,0.65,0.8,0.725,0.75,0,0.8,0.65,0.8,0.725,0.75,0,0.84,0.7,0.75,0.725,0.775
103,no_strict_e1_improvement,0,,,,,1,0,1,1,1,2,2,4,0,0,-1,current,0,0,0.05032329116947949,0.05032329116947949,30,0,0,0,0,0,0,0,0.0,0.75,0.9,0.825,0.825,0,0.0,0.75,0.9,0.825,0.825,0,0.0,0.75,0.9,0.825,0.825,0,0.0,0.75,0.9,0.825,0.825
104,no_strict_e1_improvement,0,,,,,1,0,1,1,1,1,1,4,0,0,-1,current,0,0,0.01801696367765544,0.01801696367765544,32,0,0,0,0,0,0,0,0.0,0.75,1.0,0.875,0.875,0,0.0,0.75,1.0,0.875,0.875,0,0.0,0.75,1.0,0.875,0.875,0,0.0,0.75,1.0,0.875,0.875
105,no_strict_e1_improvement,0,,,,,1,0,1,1,1,1,1,4,0,0,-1,current,0,0,0.049034504871815446,0.049034504871815446,33,0,0,0,0,0,0,0,0.0,0.75,0.95,0.85,0.85,0,0.0,0.75,0.95,0.85,0.85,0,0.0,0.75,0.95,0.85,0.85,0,0.0,0.75,0.95,0.85,0.85
106,no_strict_e1_improvement,0,,,,,1,0,1,1,1,1,1,4,0,0,-1,current,0,0,0.05082812642212957,0.05082812642212957,30,0,0,0,0,0,0,0,0.0,0.75,1.0,0.875,0.875,0,0.0,0.75,1.0,0.875,0.875,0,0.0,0.75,1.0,0.875,0.875,0,0.0,0.75,1.0,0.875,0.875
107,max_rounds,0,,,,,1,1,2,2,2,6,6,4,1,0,1,profiled_beam,1,1,0.09282912564522121,0.06424370919412467,25,0,0,0,0,0,0,0,0.0,0.65,0.6,0.625,0.65,0,0.0,0.65,0.6,0.625,0.65,0,0.0,0.75,0.55,0.65,0.75,0,0.0,0.75,0.5,0.625,0.725
108,max_rounds,0,,,,,1,1,2,1,1,2,2,4,0,0,0,s1a3_greedy,1,0,0.07113102918374352,0.01990230377414264,29,23,23,25,25,2,0,0,0.92,0.85,0.9,0.875,0.875,0,0.92,0.85,0.9,0.875,0.875,1,1.0,1.0,1.0,1.0,1.0,1,1.0,1.0,1.0,1.0,1.0
109,no_strict_e1_improvement,0,,,,,1,0,1,1,1,4,4,4,0,0,-1,current,0,0,0.05052906032651663,0.05052906032651663,31,23,23,23,23,0,0,0,0.92,0.9,0.9,0.9,0.925,0,0.92,0.9,0.9,0.9,0.925,0,0.92,0.9,0.9,0.9,0.925,0,0.92,0.9,0.9,0.9,0.925
110,no_strict_e1_improvement,0,,,,,1,0,4,4,4,15,15,4,0,0,-1,current,0,0,0.10168389286845922,0.10168389286845922,28,0,0,0,0,0,0,0,0.0,0.75,0.95,0.85,0.85,0,0.0,0.75,0.95,0.85,0.85,0,0.0,0.75,0.95,0.85,0.85,0,0.0,0.75,0.95,0.85,0.85
111,no_strict_e1_improvement,0,,,,,1,0,3,2,2,6,6,4,0,0,-1,current,0,0,0.1136008558969479,0.1136008558969479,24,0,0,0,0,0,0,0,0.0,0.8,0.55,0.675,0.675,0,0.0,0.8,0.55,0.675,0.675,0,0.0,0.8,0.55,0.675,0.675,0,0.0,0.8,0.55,0.675,0.675
112,no_strict_e1_improvement,0,,,,,1,0,1,1,1,1,1,4,0,0,-1,current,0,0,0.02543994118459523,0.02543994118459523,35,25,25,25,25,0,0,1,1.0,1.0,1.0,1.0,1.0,1,1.0,1.0,1.0,1.0,1.0,1,1.0,1.0,1.0,1.0,1.0,1,1.0,1.0,1.0,1.0,1.0
113,max_rounds,0,,,,,1,1,4,3,3,12,12,4,-2,0,1,profiled_beam,1,1,0.08584733800962567,0.046733768004924056,27,0,0,0,25,25,25,0,0.0,0.9,0.75,0.825,0.825,0,0.0,0.9,0.75,0.825,0.825,0,0.0,0.9,0.75,0.825,0.825,1,1.0,1.0,1.0,1.0,1.0
114,no_strict_e1_improvement,0,,,,,1,0,1,1,1,4,4,4,0,0,-1,current,0,0,0.04959601489827037,0.04959601489827037,31,23,23,23,23,0,0,0,0.92,0.85,0.9,0.875,0.9,0,0.92,0.85,0.9,0.875,0.9,0,0.92,0.85,0.9,0.875,0.9,0,0.92,0.85,0.9,0.875,0.9
115,max_rounds,0,,,,,1,1,7,6,6,24,24,4,0,2,1,profiled_beam,1,1,0.12985235892701893,0.09157982356846332,25,14,14,1,0,-14,-1,0,0.56,0.4,0.7,0.55,0.6,0,0.56,0.4,0.7,0.55,0.6,0,0.04,0.4,0.75,0.575,0.625,0,0.0,0.75,0.9,0.825,0.825
116,max_rounds,0,,,,,1,1,7,6,6,24,24,4,-1,0,1,profiled_beam,1,1,0.1618926426046528,0.14284057188779115,19,0,0,0,0,0,0,0,0.0,0.45,0.45,0.45,0.55,0,0.0,0.45,0.45,0.45,0.55,0,0.0,0.45,0.55,0.5,0.6,0,0.0,0.65,0.55,0.6,0.65
117,max_rounds,0,,,,,1,1,3,2,2,8,8,4,0,0,1,profiled_beam,1,1,0.062022047786740586,0.05222308888914995,30,20,20,20,21,1,1,0,0.8,0.75,0.85,0.8,0.8,0,0.8,0.75,0.85,0.8,0.8,0,0.8,0.75,0.85,0.8,0.8,0,0.84,0.8,0.9,0.85,0.85
118,no_strict_e1_improvement,0,,,,,1,0,1,1,1,1,1,4,0,0,-1,current,0,0,0.03757068244740367,0.03757068244740367,36,25,25,25,25,0,0,1,1.0,1.0,1.0,1.0,1.0,1,1.0,1.0,1.0,1.0,1.0,1,1.0,1.0,1.0,1.0,1.0,1,1.0,1.0,1.0,1.0,1.0
119,max_rounds,0,,,,,1,1,7,6,6,22,22,4,0,0,1,profiled_beam,1,1,0.09826731220819056,0.06714188880287111,23,0,0,0,0,0,0,0,0.0,0.6,0.45,0.525,0.55,0,0.0,0.6,0.45,0.525,0.55,0,0.0,0.8,0.65,0.725,0.75,0,0.0,0.8,0.65,0.725,0.75
120,no_strict_e1_improvement,0,,,,,1,0,1,1,1,1,1,4,0,0,-1,current,0,0,0.01571370409365045,0.01571370409365045,39,25,25,25,25,0,0,1,1.0,1.0,1.0,1.0,1.0,1,1.0,1.0,1.0,1.0,1.0,1,1.0,1.0,1.0,1.0,1.0,1,1.0,1.0,1.0,1.0,1.0
121,no_strict_e1_improvement,0,,,,,1,0,1,1,1,1,1,4,0,0,-1,current,0,0,0.030169707885943354,0.030169707885943354,31,25,25,25,25,0,0,1,1.0,1.0,1.0,1.0,1.0,1,1.0,1.0,1.0,1.0,1.0,1,1.0,1.0,1.0,1.0,1.0,1,1.0,1.0,1.0,1.0,1.0
122,no_strict_e1_improvement,0,,,,,1,0,1,1,1,1,1,4,0,0,-1,current,0,0,0.03112838158849627,0.03112838158849627,36,25,25,25,25,0,0,1,1.0,1.0,1.0,1.0,1.0,1,1.0,1.0,1.0,1.0,1.0,1,1.0,1.0,1.0,1.0,1.0,1,1.0,1.0,1.0,1.0,1.0
123,max_rounds,0,,,,,1,1,2,1,1,3,3,4,0,0,1,profiled_beam,1,1,0.12770227070141119,0.08748525331902783,27,6,6,6,6,0,0,0,0.24,0.75,0.5,0.625,0.675,0,0.24,0.75,0.5,0.625,0.675,0,0.24,0.75,0.5,0.625,0.675,0,0.24,0.85,0.6,0.725,0.725
124,no_strict_e1_improvement,0,,,,,1,0,1,1,1,1,1,4,0,0,-1,current,0,0,0.03438634175108746,0.03438634175108746,29,23,23,23,23,0,0,0,0.92,0.85,0.9,0.875,0.9,0,0.92,0.85,0.9,0.875,0.9,0,0.92,0.85,0.9,0.875,0.9,0,0.92,0.85,0.9,0.875,0.9
125,max_rounds,0,,,,,1,1,9,8,8,31,31,4,0,2,1,profiled_beam,1,1,0.164778371527791,0.07280916470335796,26,0,0,0,0,0,0,0,0.0,0.4,0.7,0.55,0.55,0,0.0,0.4,0.7,0.55,0.55,0,0.0,0.6,0.85,0.725,0.725,0,0.0,0.85,0.65,0.75,0.75
126,no_strict_e1_improvement,0,,,,,1,0,1,1,1,1,1,4,0,0,-1,current,0,0,0.027994293486699462,0.027994293486699462,32,25,25,25,25,0,0,1,1.0,1.0,1.0,1.0,1.0,1,1.0,1.0,1.0,1.0,1.0,1,1.0,1.0,1.0,1.0,1.0,1,1.0,1.0,1.0,1.0,1.0
127,max_rounds,0,,,,,1,1,2,1,1,4,4,4,0,0,1,profiled_beam,1,1,0.15924319261685013,0.1401106297969818,21,0,0,0,0,0,0,0,0.0,0.5,0.2,0.35,0.35,0,0.0,0.5,0.2,0.35,0.35,0,0.0,0.45,0.15,0.3,0.325,0,0.0,0.5,0.15,0.325,0.35
128,max_rounds,0,,,,,1,1,3,2,2,8,8,4,1,0,1,profiled_beam,1,1,0.05969036253081868,0.03967932708474109,29,20,20,20,0,-20,-20,0,0.8,0.95,0.75,0.85,0.85,0,0.8,0.95,0.75,0.85,0.85,0,0.8,0.95,0.75,0.85,0.85,0,0.0,1.0,0.75,0.875,0.875
129,max_rounds,0,,,,,1,1,7,6,6,23,23,4,0,-2,1,profiled_beam,1,1,0.164960495417472,0.11734682463575155,22,13,13,13,1,-12,-12,0,0.52,0.5,0.75,0.625,0.7,0,0.52,0.5,0.75,0.625,0.7,0,0.52,0.5,0.75,0.625,0.7,0,0.04,0.45,0.75,0.6,0.625
130,max_rounds,0,,,,,1,1,5,4,4,16,16,4,0,-1,1,profiled_beam,1,1,0.11996142438147217,0.09188064220361411,22,0,0,0,0,0,0,0,0.0,0.45,0.4,0.425,0.5,0,0.0,0.45,0.4,0.425,0.5,0,0.0,0.45,0.4,0.425,0.5,0,0.0,0.55,0.5,0.525,0.6
131,no_strict_e1_improvement,0,,,,,1,0,1,1,1,1,1,4,0,0,-1,current,0,0,0.03526960052549839,0.03526960052549839,32,25,25,25,25,0,0,1,1.0,1.0,1.0,1.0,1.0,1,1.0,1.0,1.0,1.0,1.0,1,1.0,1.0,1.0,1.0,1.0,1,1.0,1.0,1.0,1.0,1.0
132,max_rounds,0,,,,,1,1,2,1,1,4,4,4,0,0,0,s1a3_greedy,1,0,0.09522959887981415,0.0791562631726265,26,0,0,0,0,0,0,0,0.0,0.65,0.75,0.7,0.7,0,0.0,0.65,0.75,0.7,0.7,0,0.0,0.6,0.8,0.7,0.7,0,0.0,0.6,0.8,0.7,0.7
133,no_strict_e1_improvement,0,,,,,1,0,1,1,1,3,3,4,0,0,-1,current,0,0,0.06007292738649994,0.06007292738649994,29,0,0,0,0,0,0,0,0.0,1.0,0.75,0.875,0.875,0,0.0,1.0,0.75,0.875,0.875,0,0.0,1.0,0.75,0.875,0.875,0,0.0,1.0,0.75,0.875,0.875
134,no_strict_e1_improvement,0,,,,,1,0,1,1,1,1,1,4,0,0,-1,current,0,0,0.02252626755507663,0.02252626755507663,33,25,25,25,25,0,0,1,1.0,1.0,1.0,1.0,1.0,1,1.0,1.0,1.0,1.0,1.0,1,1.0,1.0,1.0,1.0,1.0,1,1.0,1.0,1.0,1.0,1.0
135,no_strict_e1_improvement,0,,,,,1,0,1,1,1,2,2,4,0,0,-1,current,0,0,0.027719384478405117,0.027719384478405117,32,25,25,25,25,0,0,1,1.0,1.0,1.0,1.0,1.0,1,1.0,1.0,1.0,1.0,1.0,1,1.0,1.0,1.0,1.0,1.0,1,1.0,1.0,1.0,1.0,1.0
136,no_strict_e1_improvement,0,,,,,1,0,1,1,1,1,1,4,0,0,-1,current,0,0,0.04830946545116603,0.04830946545116603,31,0,0,0,0,0,0,0,0.0,0.75,0.9,0.825,0.825,0,0.0,0.75,0.9,0.825,0.825,0,0.0,0.75,0.9,0.825,0.825,0,0.0,0.75,0.9,0.825,0.825
137,max_rounds,0,,,,,1,1,2,1,1,4,4,4,0,0,1,profiled_beam,1,1,0.14093522992916405,0.054944749502465126,25,19,19,20,25,6,5,0,0.76,0.75,0.7,0.725,0.8,0,0.76,0.75,0.7,0.725,0.8,0,0.8,0.8,0.8,0.8,0.8,1,1.0,1.0,1.0,1.0,1.0
138,max_rounds,0,,,,,1,1,4,3,3,12,12,4,0,0,1,profiled_beam,1,1,0.08645481150597334,0.05754947541281581,23,0,0,18,0,0,-18,0,0.0,0.75,0.6,0.675,0.7,0,0.0,0.75,0.6,0.675,0.7,0,0.72,0.65,0.75,0.7,0.75,0,0.0,0.8,0.65,0.725,0.75
139,no_strict_e1_improvement,0,,,,,1,0,1,1,1,3,3,4,0,0,-1,current,0,0,0.035329839470796286,0.035329839470796286,30,25,25,25,25,0,0,1,1.0,1.0,1.0,1.0,1.0,1,1.0,1.0,1.0,1.0,1.0,1,1.0,1.0,1.0,1.0,1.0,1,1.0,1.0,1.0,1.0,1.0
140,no_strict_e1_improvement,0,,,,,1,0,1,1,1,1,1,4,0,0,-1,current,0,0,0.0077653500949963926,0.0077653500949963926,39,25,25,25,25,0,0,1,1.0,1.0,1.0,1.0,1.0,1,1.0,1.0,1.0,1.0,1.0,1,1.0,1.0,1.0,1.0,1.0,1,1.0,1.0,1.0,1.0,1.0
141,no_strict_e1_improvement,0,,,,,1,0,1,1,1,2,2,4,0,0,-1,current,0,0,0.02822736611124128,0.02822736611124128,29,25,25,25,25,0,0,1,1.0,1.0,1.0,1.0,1.0,1,1.0,1.0,1.0,1.0,1.0,1,1.0,1.0,1.0,1.0,1.0,1,1.0,1.0,1.0,1.0,1.0
142,no_strict_e1_improvement,0,,,,,1,0,8,8,8,32,32,4,0,0,-1,current,0,0,0.061729031847789884,0.061729031847789884,26,25,25,25,25,0,0,1,1.0,1.0,1.0,1.0,1.0,1,1.0,1.0,1.0,1.0,1.0,1,1.0,1.0,1.0,1.0,1.0,1,1.0,1.0,1.0,1.0,1.0
143,max_rounds,0,,,,,1,1,7,6,6,21,21,4,0,-1,0,s1a3_greedy,1,0,0.09790181850548833,0.0898289845790714,22,0,0,0,0,0,0,0,0.0,0.6,0.55,0.575,0.6,0,0.0,0.6,0.55,0.575,0.6,0,0.0,0.65,0.55,0.6,0.625,0,0.0,0.65,0.55,0.6,0.625
144,no_strict_e1_improvement,0,,,,,1,0,1,1,1,2,2,4,0,0,-1,current,0,0,0.032247268687933685,0.032247268687933685,33,0,0,0,0,0,0,0,0.0,0.75,0.95,0.85,0.85,0,0.0,0.75,0.95,0.85,0.85,0,0.0,0.75,0.95,0.85,0.85,0,0.0,0.75,0.95,0.85,0.85
145,no_strict_e1_improvement,0,,,,,1,0,1,1,1,2,2,4,0,0,-1,current,0,0,0.024134274222888052,0.024134274222888052,31,25,25,25,25,0,0,1,1.0,1.0,1.0,1.0,1.0,1,1.0,1.0,1.0,1.0,1.0,1,1.0,1.0,1.0,1.0,1.0,1,1.0,1.0,1.0,1.0,1.0
146,max_rounds,0,,,,,1,1,2,1,1,4,4,4,0,0,1,profiled_beam,1,1,0.07784953406080604,0.07642657859250904,27,0,0,0,0,0,0,0,0.0,0.85,0.75,0.8,0.8,0,0.0,0.85,0.75,0.8,0.8,0,0.0,0.85,0.75,0.8,0.8,0,0.0,0.85,0.75,0.8,0.825
147,no_strict_e1_improvement,0,,,,,1,0,1,1,1,1,1,4,0,0,-1,current,0,0,0.04075514590367675,0.04075514590367675,31,0,0,0,0,0,0,0,0.0,0.75,1.0,0.875,0.875,0,0.0,0.75,1.0,0.875,0.875,0,0.0,0.75,1.0,0.875,0.875,0,0.0,0.75,1.0,0.875,0.875
148,no_strict_e1_improvement,0,,,,,1,0,1,1,1,1,1,4,0,0,-1,current,0,0,0.014918192476034164,0.014918192476034164,35,25,25,25,25,0,0,1,1.0,1.0,1.0,1.0,1.0,1,1.0,1.0,1.0,1.0,1.0,1,1.0,1.0,1.0,1.0,1.0,1,1.0,1.0,1.0,1.0,1.0
149,no_strict_e1_improvement,0,,,,,1,0,1,1,1,2,2,4,0,0,-1,current,0,0,0.04065488688647747,0.04065488688647747,31,25,25,25,25,0,0,1,1.0,1.0,1.0,1.0,1.0,1,1.0,1.0,1.0,1.0,1.0,1,1.0,1.0,1.0,1.0,1.0,1,1.0,1.0,1.0,1.0,1.0
150,no_strict_e1_improvement,0,,,,,1,0,1,1,1,2,2,4,0,0,-1,current,0,0,0.05673447847366333,0.05673447847366333,30,23,23,23,23,0,0,0,0.92,0.9,0.9,0.9,0.925,0,0.92,0.9,0.9,0.9,0.925,0,0.92,0.9,0.9,0.9,0.925,0,0.92,0.9,0.9,0.9,0.925
151,max_rounds,0,,,,,1,1,4,3,3,11,11,4,0,0,1,profiled_beam,1,1,0.11240495224483311,0.10651489738665987,25,10,10,10,19,9,9,0,0.4,0.25,0.95,0.6,0.6,0,0.4,0.25,0.95,0.6,0.6,0,0.4,0.25,0.95,0.6,0.6,0,0.76,0.7,0.85,0.775,0.775
152,no_strict_e1_improvement,0,,,,,1,0,1,1,1,2,2,4,0,0,-1,current,0,0,0.02024108504410833,0.02024108504410833,35,25,25,25,25,0,0,1,1.0,1.0,1.0,1.0,1.0,1,1.0,1.0,1.0,1.0,1.0,1,1.0,1.0,1.0,1.0,1.0,1,1.0,1.0,1.0,1.0,1.0
153,max_rounds,0,,,,,1,1,4,3,3,11,11,4,0,-2,0,s1a3_greedy,1,0,0.045475987027748487,0.018027450758381747,39,0,0,25,25,25,0,0,0.0,0.75,0.9,0.825,0.825,0,0.0,0.75,0.9,0.825,0.825,1,1.0,1.0,1.0,1.0,1.0,1,1.0,1.0,1.0,1.0,1.0
154,no_strict_e1_improvement,0,,,,,1,0,1,1,1,3,3,4,0,0,-1,current,0,0,0.09307209495455027,0.09307209495455027,23,0,0,0,0,0,0,0,0.0,0.75,0.95,0.85,0.85,0,0.0,0.75,0.95,0.85,0.85,0,0.0,0.75,0.95,0.85,0.85,0,0.0,0.75,0.95,0.85,0.85
155,no_strict_e1_improvement,0,,,,,1,0,1,1,1,1,1,4,0,0,-1,current,0,0,0.050278841983526945,0.050278841983526945,31,23,23,23,23,0,0,0,0.92,0.9,0.9,0.9,0.925,0,0.92,0.9,0.9,0.9,0.925,0,0.92,0.9,0.9,0.9,0.925,0,0.92,0.9,0.9,0.9,0.925
156,no_strict_e1_improvement,0,,,,,1,0,1,1,1,2,2,4,0,0,-1,current,0,0,0.029398529137688457,0.029398529137688457,35,25,25,25,25,0,0,1,1.0,1.0,1.0,1.0,1.0,1,1.0,1.0,1.0,1.0,1.0,1,1.0,1.0,1.0,1.0,1.0,1,1.0,1.0,1.0,1.0,1.0
157,no_strict_e1_improvement,0,,,,,1,0,1,1,1,4,4,4,0,0,-1,current,0,0,0.035510215512476864,0.035510215512476864,29,25,25,25,25,0,0,1,1.0,1.0,1.0,1.0,1.0,1,1.0,1.0,1.0,1.0,1.0,1,1.0,1.0,1.0,1.0,1.0,1,1.0,1.0,1.0,1.0,1.0
158,max_rounds,0,,,,,1,1,13,12,12,46,46,4,0,-1,1,profiled_beam,1,1,0.10390294005628675,0.08574144435115158,23,7,7,1,13,6,12,0,0.28,0.5,0.55,0.525,0.575,0,0.28,0.5,0.55,0.525,0.575,0,0.04,0.5,0.55,0.525,0.525,0,0.52,0.6,0.55,0.575,0.575
159,no_strict_e1_improvement,0,,,,,1,0,1,1,1,4,4,4,0,0,-1,current,0,0,0.06859330449951813,0.06859330449951813,29,25,25,25,25,0,0,1,1.0,1.0,1.0,1.0,1.0,1,1.0,1.0,1.0,1.0,1.0,1,1.0,1.0,1.0,1.0,1.0,1,1.0,1.0,1.0,1.0,1.0
160,max_rounds,0,,,,,1,1,3,2,2,8,8,4,0,0,1,profiled_beam,1,1,0.08646345851011575,0.06603286215104162,23,20,20,0,25,5,25,0,0.8,0.95,0.75,0.85,0.85,0,0.8,0.95,0.75,0.85,0.85,0,0.0,0.85,0.75,0.8,0.8,1,1.0,1.0,1.0,1.0,1.0
161,no_strict_e1_improvement,0,,,,,1,0,1,1,1,2,2,4,0,0,-1,current,0,0,0.03565997374535072,0.03565997374535072,30,0,0,0,0,0,0,0,0.0,0.75,1.0,0.875,0.875,0,0.0,0.75,1.0,0.875,0.875,0,0.0,0.75,1.0,0.875,0.875,0,0.0,0.75,1.0,0.875,0.875
162,no_strict_e1_improvement,0,,,,,1,0,13,12,12,48,48,4,0,0,-1,current,0,0,0.12311435860465281,0.12311435860465281,21,0,0,0,0,0,0,0,0.0,0.6,0.65,0.625,0.7,0,0.0,0.6,0.65,0.625,0.7,0,0.0,0.6,0.65,0.625,0.7,0,0.0,0.6,0.65,0.625,0.7
163,max_rounds,0,,,,,1,1,7,6,6,23,23,4,0,0,1,profiled_beam,1,1,0.21163988260086625,0.10220400809776038,21,0,0,0,0,0,0,0,0.0,0.45,0.4,0.425,0.45,0,0.0,0.45,0.4,0.425,0.45,0,0.0,0.55,0.5,0.525,0.525,0,0.0,0.7,0.65,0.675,0.7
164,max_rounds,0,,,,,1,1,3,2,2,6,6,4,0,0,1,profiled_beam,1,1,0.07414890322834253,0.06514561392832548,25,0,0,0,0,0,0,0,0.0,0.55,0.5,0.525,0.525,0,0.0,0.55,0.5,0.525,0.525,0,0.0,0.55,0.5,0.525,0.525,0,0.0,0.65,0.5,0.575,0.575
165,no_strict_e1_improvement,0,,,,,1,0,1,1,1,1,1,4,0,0,-1,current,0,0,0.0246396170463413,0.0246396170463413,35,25,25,25,25,0,0,1,1.0,1.0,1.0,1.0,1.0,1,1.0,1.0,1.0,1.0,1.0,1,1.0,1.0,1.0,1.0,1.0,1,1.0,1.0,1.0,1.0,1.0
166,no_strict_e1_improvement,0,,,,,1,0,1,1,1,1,1,4,0,0,-1,current,0,0,0.024010328063741326,0.024010328063741326,27,25,25,25,25,0,0,1,1.0,1.0,1.0,1.0,1.0,1,1.0,1.0,1.0,1.0,1.0,1,1.0,1.0,1.0,1.0,1.0,1,1.0,1.0,1.0,1.0,1.0
167,no_strict_e1_improvement,0,,,,,1,0,1,1,1,1,1,4,0,0,-1,current,0,0,0.04205929408490192,0.04205929408490192,29,0,0,0,0,0,0,0,0.0,1.0,0.75,0.875,0.875,0,0.0,1.0,0.75,0.875,0.875,0,0.0,1.0,0.75,0.875,0.875,0,0.0,1.0,0.75,0.875,0.875
168,no_strict_e1_improvement,0,,,,,1,0,1,1,1,2,2,4,0,0,-1,current,0,0,0.04734501871280372,0.04734501871280372,32,0,0,0,0,0,0,0,0.0,0.75,1.0,0.875,0.875,0,0.0,0.75,1.0,0.875,0.875,0,0.0,0.75,1.0,0.875,0.875,0,0.0,0.75,1.0,0.875,0.875
169,no_strict_e1_improvement,0,,,,,1,0,1,1,1,1,1,4,0,0,-1,current,0,0,0.007078607380390167,0.007078607380390167,39,25,25,25,25,0,0,1,1.0,1.0,1.0,1.0,1.0,1,1.0,1.0,1.0,1.0,1.0,1,1.0,1.0,1.0,1.0,1.0,1,1.0,1.0,1.0,1.0,1.0
170,max_rounds,0,,,,,1,1,3,3,3,11,11,4,0,2,1,profiled_beam,1,1,0.040544589352793994,0.03212299915030599,34,25,25,25,0,-25,-25,1,1.0,1.0,1.0,1.0,1.0,1,1.0,1.0,1.0,1.0,1.0,1,1.0,1.0,1.0,1.0,1.0,0,0.0,0.75,1.0,0.875,0.875
171,max_rounds,0,,,,,1,1,17,16,16,63,63,4,1,2,1,profiled_beam,1,1,0.17607265347614884,0.10956071438267827,17,0,0,0,0,0,0,0,0.0,0.45,0.45,0.45,0.55,0,0.0,0.45,0.45,0.45,0.55,0,0.0,0.2,0.3,0.25,0.425,0,0.0,0.55,0.55,0.55,0.625
172,no_strict_e1_improvement,0,,,,,1,0,1,1,1,4,4,4,0,0,-1,current,0,0,0.05178535843733698,0.05178535843733698,26,0,0,0,0,0,0,0,0.0,0.75,1.0,0.875,0.875,0,0.0,0.75,1.0,0.875,0.875,0,0.0,0.75,1.0,0.875,0.875,0,0.0,0.75,1.0,0.875,0.875
173,no_strict_e1_improvement,0,,,,,1,0,1,1,1,1,1,4,0,0,-1,current,0,0,0.011166967247845605,0.011166967247845605,38,25,25,25,25,0,0,1,1.0,1.0,1.0,1.0,1.0,1,1.0,1.0,1.0,1.0,1.0,1,1.0,1.0,1.0,1.0,1.0,1,1.0,1.0,1.0,1.0,1.0
174,no_strict_e1_improvement,0,,,,,1,0,1,1,1,3,3,4,0,0,-1,current,0,0,0.05303721976233646,0.05303721976233646,30,0,0,0,0,0,0,0,0.0,0.75,0.75,0.75,0.75,0,0.0,0.75,0.75,0.75,0.75,0,0.0,0.75,0.75,0.75,0.75,0,0.0,0.75,0.75,0.75,0.75
175,max_rounds,0,,,,,1,1,13,12,12,47,47,4,0,0,1,profiled_beam,1,1,0.16547772788908333,0.08683923359494657,26,21,21,21,25,4,4,0,0.84,0.65,0.8,0.725,0.8,0,0.84,0.65,0.8,0.725,0.8,0,0.84,0.65,0.8,0.725,0.8,1,1.0,1.0,1.0,1.0,1.0
176,no_strict_e1_improvement,0,,,,,1,0,1,1,1,4,4,4,0,0,-1,current,0,0,0.057677783642429856,0.057677783642429856,29,0,0,0,0,0,0,0,0.0,0.75,0.9,0.825,0.825,0,0.0,0.75,0.9,0.825,0.825,0,0.0,0.75,0.9,0.825,0.825,0,0.0,0.75,0.9,0.825,0.825
177,no_strict_e1_improvement,0,,,,,1,0,1,1,1,4,4,4,0,0,-1,current,0,0,0.06266147364513017,0.06266147364513017,28,0,0,0,0,0,0,0,0.0,1.0,0.75,0.875,0.875,0,0.0,1.0,0.75,0.875,0.875,0,0.0,1.0,0.75,0.875,0.875,0,0.0,1.0,0.75,0.875,0.875
178,no_strict_e1_improvement,0,,,,,1,0,1,1,1,1,1,4,0,0,-1,current,0,0,0.018606456799898297,0.018606456799898297,36,25,25,25,25,0,0,1,1.0,1.0,1.0,1.0,1.0,1,1.0,1.0,1.0,1.0,1.0,1,1.0,1.0,1.0,1.0,1.0,1,1.0,1.0,1.0,1.0,1.0
179,max_rounds,0,,,,,1,1,4,3,3,11,11,4,0,0,1,profiled_beam,1,1,0.09607298872433603,0.07457932508550584,25,23,23,23,25,2,2,0,0.92,0.85,0.9,0.875,0.875,0,0.92,0.85,0.9,0.875,0.875,0,0.92,0.85,0.8,0.825,0.825,1,1.0,1.0,1.0,1.0,1.0
180,no_strict_e1_improvement,0,,,,,1,0,1,1,1,2,2,4,0,0,-1,current,0,0,0.024751593836117535,0.024751593836117535,35,0,0,0,0,0,0,0,0.0,1.0,0.75,0.875,0.875,0,0.0,1.0,0.75,0.875,0.875,0,0.0,1.0,0.75,0.875,0.875,0,0.0,1.0,0.75,0.875,0.875
181,max_rounds,0,,,,,1,1,3,3,3,10,10,4,0,-2,0,s1a3_greedy,1,0,0.06765334806405007,0.039405268244445325,30,0,0,0,0,0,0,0,0.0,0.75,1.0,0.875,0.875,0,0.0,0.75,1.0,0.875,0.875,0,0.0,0.75,1.0,0.875,0.875,0,0.0,0.75,1.0,0.875,0.875
182,max_rounds,0,,,,,1,1,2,1,1,2,2,4,0,0,1,profiled_beam,1,1,0.07541602357523516,0.06270330880070105,24,0,0,0,0,0,0,0,0.0,0.75,0.9,0.825,0.85,0,0.0,0.75,0.9,0.825,0.85,0,0.0,0.75,0.9,0.825,0.85,0,0.0,0.75,0.9,0.825,0.825
183,no_strict_e1_improvement,0,,,,,1,0,1,1,1,4,4,4,0,0,-1,current,0,0,0.04635563000338152,0.04635563000338152,35,0,0,0,0,0,0,0,0.0,1.0,0.75,0.875,0.875,0,0.0,1.0,0.75,0.875,0.875,0,0.0,1.0,0.75,0.875,0.875,0,0.0,1.0,0.75,0.875,0.875
184,no_strict_e1_improvement,0,,,,,1,0,1,1,1,3,3,4,0,0,-1,current,0,0,0.10392857503611594,0.10392857503611594,25,0,0,0,0,0,0,0,0.0,0.85,0.65,0.75,0.75,0,0.0,0.85,0.65,0.75,0.75,0,0.0,0.85,0.65,0.75,0.75,0,0.0,0.85,0.65,0.75,0.75
185,no_strict_e1_improvement,0,,,,,1,0,1,1,1,1,1,4,0,0,-1,current,0,0,0.0037919546011835337,0.0037919546011835337,38,25,25,25,25,0,0,1,1.0,1.0,1.0,1.0,1.0,1,1.0,1.0,1.0,1.0,1.0,1,1.0,1.0,1.0,1.0,1.0,1,1.0,1.0,1.0,1.0,1.0
186,no_strict_e1_improvement,0,,,,,1,0,3,3,3,11,11,4,0,0,-1,current,0,0,0.05836053684324725,0.05836053684324725,30,23,23,23,23,0,0,0,0.92,0.85,0.8,0.825,0.925,0,0.92,0.85,0.8,0.825,0.925,0,0.92,0.85,0.8,0.825,0.925,0,0.92,0.85,0.8,0.825,0.925
187,no_strict_e1_improvement,0,,,,,1,0,2,2,2,6,6,4,0,0,-1,current,0,0,0.03280203295871616,0.03280203295871616,34,0,0,0,0,0,0,0,0.0,0.75,1.0,0.875,0.875,0,0.0,0.75,1.0,0.875,0.875,0,0.0,0.75,1.0,0.875,0.875,0,0.0,0.75,1.0,0.875,0.875
188,max_rounds,0,,,,,1,1,3,2,2,8,8,4,0,0,0,s1a3_greedy,1,0,0.07345153613132424,0.06408201876329259,21,0,0,2,2,2,0,0,0.0,0.5,0.75,0.625,0.7,0,0.0,0.5,0.75,0.625,0.7,0,0.08,0.65,0.85,0.75,0.75,0,0.08,0.65,0.85,0.75,0.75
189,max_rounds,0,,,,,1,1,2,1,1,4,4,4,0,0,1,profiled_beam,1,1,0.061994059151038526,0.05347161935642362,28,22,22,22,25,3,3,0,0.88,0.85,0.9,0.875,0.875,0,0.88,0.85,0.9,0.875,0.875,0,0.88,0.85,0.9,0.875,0.875,1,1.0,1.0,1.0,1.0,1.0
190,max_rounds,0,,,,,1,1,10,9,9,35,35,4,1,0,0,s1a3_greedy,1,0,0.2725283485720865,0.16542147115105763,19,5,5,0,0,-5,0,0,0.2,0.35,0.45,0.4,0.4,0,0.2,0.35,0.45,0.4,0.4,0,0.0,0.25,0.65,0.45,0.45,0,0.0,0.25,0.65,0.45,0.45
191,no_strict_e1_improvement,0,,,,,1,0,2,2,2,6,6,4,0,0,-1,current,0,0,0.043079689994920047,0.043079689994920047,29,25,25,25,25,0,0,1,1.0,1.0,1.0,1.0,1.0,1,1.0,1.0,1.0,1.0,1.0,1,1.0,1.0,1.0,1.0,1.0,1,1.0,1.0,1.0,1.0,1.0
192,no_strict_e1_improvement,0,,,,,1,0,1,1,1,1,1,4,0,0,-1,current,0,0,0.030050943412061316,0.030050943412061316,34,25,25,25,25,0,0,1,1.0,1.0,1.0,1.0,1.0,1,1.0,1.0,1.0,1.0,1.0,1,1.0,1.0,1.0,1.0,1.0,1,1.0,1.0,1.0,1.0,1.0
193,no_strict_e1_improvement,0,,,,,1,0,1,1,1,1,1,4,0,0,-1,current,0,0,0.0185372356318112,0.0185372356318112,32,0,0,0,0,0,0,0,0.0,1.0,0.75,0.875,0.875,0,0.0,1.0,0.75,0.875,0.875,0,0.0,1.0,0.75,0.875,0.875,0,0.0,1.0,0.75,0.875,0.875
194,no_strict_e1_improvement,0,,,,,1,0,1,1,1,4,4,4,0,0,-1,current,0,0,0.05852488917298615,0.05852488917298615,26,0,0,0,0,0,0,0,0.0,0.9,0.75,0.825,0.825,0,0.0,0.9,0.75,0.825,0.825,0,0.0,0.9,0.75,0.825,0.825,0,0.0,0.9,0.75,0.825,0.825
195,max_rounds,0,,,,,1,1,6,6,6,24,24,4,0,-2,1,profiled_beam,1,1,0.139090142888017,0.10864983681822196,23,0,0,0,25,25,25,0,0.0,0.75,0.7,0.725,0.825,0,0.0,0.75,0.7,0.725,0.825,0,0.0,0.75,0.7,0.725,0.825,1,1.0,1.0,1.0,1.0,1.0
196,no_strict_e1_improvement,0,,,,,1,0,1,1,1,4,4,4,0,0,-1,current,0,0,0.04007684228126891,0.04007684228126891,34,25,25,25,25,0,0,1,1.0,1.0,1.0,1.0,1.0,1,1.0,1.0,1.0,1.0,1.0,1,1.0,1.0,1.0,1.0,1.0,1,1.0,1.0,1.0,1.0,1.0
197,max_rounds,0,,,,,1,1,4,3,3,12,12,4,0,0,1,profiled_beam,1,1,0.14329649799037725,0.024949682829901575,31,13,13,22,25,12,3,0,0.52,0.5,0.9,0.7,0.775,0,0.52,0.5,0.9,0.7,0.775,0,0.88,0.85,0.9,0.875,0.875,1,1.0,1.0,1.0,1.0,1.0
198,no_strict_e1_improvement,0,,,,,1,0,1,1,1,2,2,4,0,0,-1,current,0,0,0.031054619885981082,0.031054619885981082,36,25,25,25,25,0,0,1,1.0,1.0,1.0,1.0,1.0,1,1.0,1.0,1.0,1.0,1.0,1,1.0,1.0,1.0,1.0,1.0,1,1.0,1.0,1.0,1.0,1.0
199,no_strict_e1_improvement,0,,,,,1,0,1,1,1,1,1,4,0,0,-1,current,0,0,0.014318824000656604,0.014318824000656604,34,25,25,25,25,0,0,1,1.0,1.0,1.0,1.0,1.0,1,1.0,1.0,1.0,1.0,1.0,1,1.0,1.0,1.0,1.0,1.0,1,1.0,1.0,1.0,1.0,1.0
200,no_strict_e1_improvement,0,,,,,1,0,1,1,1,4,4,4,0,0,-1,current,0,0,0.06327386630000546,0.06327386630000546,26,3,3,3,3,0,0,0,0.12,0.9,0.45,0.675,0.75,0,0.12,0.9,0.45,0.675,0.75,0,0.12,0.9,0.45,0.675,0.75,0,0.12,0.9,0.45,0.675,0.75
201,max_rounds,0,,,,,1,1,3,2,2,7,7,4,0,-1,1,profiled_beam,1,1,0.11306878235191106,0.08433334587607533,23,0,0,0,1,1,1,0,0.0,0.65,0.85,0.75,0.775,0,0.0,0.65,0.85,0.75,0.775,0,0.0,0.65,0.8,0.725,0.725,0,0.04,0.55,0.75,0.65,0.675
202,no_strict_e1_improvement,0,,,,,1,0,1,1,1,1,1,4,0,0,-1,current,0,0,0.008155987923964858,0.008155987923964858,36,25,25,25,25,0,0,1,1.0,1.0,1.0,1.0,1.0,1,1.0,1.0,1.0,1.0,1.0,1,1.0,1.0,1.0,1.0,1.0,1,1.0,1.0,1.0,1.0,1.0
203,no_strict_e1_improvement,0,,,,,1,0,1,1,1,3,3,4,0,0,-1,current,0,0,0.07120666028931737,0.07120666028931737,31,22,22,22,22,0,0,0,0.88,0.85,0.85,0.85,0.85,0,0.88,0.85,0.85,0.85,0.85,0,0.88,0.85,0.85,0.85,0.85,0,0.88,0.85,0.85,0.85,0.85
204,max_rounds,0,,,,,1,1,4,3,3,10,10,4,-2,0,0,s1a3_greedy,1,0,0.11819172631949186,0.043632969912141564,31,0,0,25,25,25,0,0,0.0,0.8,0.75,0.775,0.825,0,0.0,0.8,0.75,0.775,0.825,1,1.0,1.0,1.0,1.0,1.0,1,1.0,1.0,1.0,1.0,1.0
205,max_rounds,0,,,,,1,1,4,3,3,11,11,4,-2,0,1,profiled_beam,1,1,0.061732296366244555,0.012657347787171602,36,0,0,0,25,25,25,0,0.0,0.9,0.75,0.825,0.825,0,0.0,0.9,0.75,0.825,0.825,0,0.0,0.9,0.75,0.825,0.825,1,1.0,1.0,1.0,1.0,1.0
206,no_strict_e1_improvement,0,,,,,1,0,1,1,1,1,1,4,0,0,-1,current,0,0,0.02929049632512033,0.02929049632512033,30,0,0,0,0,0,0,0,0.0,1.0,0.75,0.875,0.875,0,0.0,1.0,0.75,0.875,0.875,0,0.0,1.0,0.75,0.875,0.875,0,0.0,1.0,0.75,0.875,0.875
207,no_strict_e1_improvement,0,,,,,1,0,1,1,1,1,1,4,0,0,-1,current,0,0,0.0,0.0,40,25,25,25,25,0,0,1,1.0,1.0,1.0,1.0,1.0,1,1.0,1.0,1.0,1.0,1.0,1,1.0,1.0,1.0,1.0,1.0,1,1.0,1.0,1.0,1.0,1.0
208,no_strict_e1_improvement,0,,,,,1,0,1,1,1,2,2,4,0,0,-1,current,0,0,0.020114157069474458,0.020114157069474458,37,25,25,25,25,0,0,1,1.0,1.0,1.0,1.0,1.0,1,1.0,1.0,1.0,1.0,1.0,1,1.0,1.0,1.0,1.0,1.0,1,1.0,1.0,1.0,1.0,1.0
209,no_strict_e1_improvement,0,,,,,1,0,1,1,1,4,4,4,0,0,-1,current,0,0,0.07351580288086552,0.07351580288086552,27,0,0,0,0,0,0,0,0.0,0.75,1.0,0.875,0.875,0,0.0,0.75,1.0,0.875,0.875,0,0.0,0.75,1.0,0.875,0.875,0,0.0,0.75,1.0,0.875,0.875
210,max_rounds,0,,,,,1,1,3,3,3,12,12,4,-1,0,1,profiled_beam,1,1,0.10728187870699912,0.0797270878450945,19,0,0,18,23,23,5,0,0.0,0.9,0.65,0.775,0.8,0,0.0,0.9,0.65,0.775,0.8,0,0.72,0.75,0.65,0.7,0.7,0,0.92,0.9,0.9,0.9,0.925
211,no_strict_e1_improvement,0,,,,,1,0,7,6,6,23,23,4,0,0,-1,current,0,0,0.11016914086649195,0.11016914086649195,20,0,0,0,0,0,0,0,0.0,0.65,0.75,0.7,0.75,0,0.0,0.65,0.75,0.7,0.75,0,0.0,0.65,0.75,0.7,0.75,0,0.0,0.65,0.75,0.7,0.75
212,no_strict_e1_improvement,0,,,,,1,0,1,1,1,2,2,4,0,0,-1,current,0,0,0.032384166412521155,0.032384166412521155,35,25,25,25,25,0,0,1,1.0,1.0,1.0,1.0,1.0,1,1.0,1.0,1.0,1.0,1.0,1,1.0,1.0,1.0,1.0,1.0,1,1.0,1.0,1.0,1.0,1.0
213,no_strict_e1_improvement,0,,,,,1,0,1,1,1,1,1,4,0,0,-1,current,0,0,0.004633105080574751,0.004633105080574751,40,25,25,25,25,0,0,1,1.0,1.0,1.0,1.0,1.0,1,1.0,1.0,1.0,1.0,1.0,1,1.0,1.0,1.0,1.0,1.0,1,1.0,1.0,1.0,1.0,1.0
214,max_rounds,0,,,,,1,1,4,3,3,12,12,4,2,0,0,s1a3_greedy,1,0,0.0772600719705224,0.06041108136996627,27,0,0,23,23,23,0,0,0.0,0.85,0.65,0.75,0.75,0,0.0,0.85,0.65,0.75,0.75,0,0.92,0.85,0.9,0.875,0.9,0,0.92,0.85,0.9,0.875,0.9
215,no_strict_e1_improvement,0,,,,,1,0,1,1,1,3,3,4,0,0,-1,current,0,0,0.05063029660377651,0.05063029660377651,29,0,0,0,0,0,0,0,0.0,0.75,0.95,0.85,0.85,0,0.0,0.75,0.95,0.85,0.85,0,0.0,0.75,0.95,0.85,0.85,0,0.0,0.75,0.95,0.85,0.85
216,no_strict_e1_improvement,0,,,,,1,0,1,1,1,1,1,4,0,0,-1,current,0,0,0.019612726169725647,0.019612726169725647,34,25,25,25,25,0,0,1,1.0,1.0,1.0,1.0,1.0,1,1.0,1.0,1.0,1.0,1.0,1,1.0,1.0,1.0,1.0,1.0,1,1.0,1.0,1.0,1.0,1.0
217,no_strict_e1_improvement,0,,,,,1,0,1,1,1,1,1,4,0,0,-1,current,0,0,0.024658908229321243,0.024658908229321243,33,25,25,25,25,0,0,1,1.0,1.0,1.0,1.0,1.0,1,1.0,1.0,1.0,1.0,1.0,1,1.0,1.0,1.0,1.0,1.0,1,1.0,1.0,1.0,1.0,1.0
218,no_strict_e1_improvement,0,,,,,1,0,4,4,4,15,15,4,0,0,-1,current,0,0,0.0778745063507813,0.0778745063507813,23,0,0,0,0,0,0,0,0.0,0.75,0.9,0.825,0.85,0,0.0,0.75,0.9,0.825,0.85,0,0.0,0.75,0.9,0.825,0.85,0,0.0,0.75,0.9,0.825,0.85
219,max_rounds,0,,,,,1,1,3,2,2,6,6,4,1,0,0,s1a3_greedy,1,0,0.2563414698292036,0.2153914833732415,19,3,3,1,1,-2,0,0,0.12,0.35,0.4,0.375,0.4,0,0.12,0.35,0.4,0.375,0.4,0,0.04,0.35,0.55,0.45,0.475,0,0.04,0.35,0.55,0.45,0.475
220,no_strict_e1_improvement,0,,,,,1,0,1,1,1,2,2,4,0,0,-1,current,0,0,0.028296569758094848,0.028296569758094848,31,25,25,25,25,0,0,1,1.0,1.0,1.0,1.0,1.0,1,1.0,1.0,1.0,1.0,1.0,1,1.0,1.0,1.0,1.0,1.0,1,1.0,1.0,1.0,1.0,1.0
221,no_strict_e1_improvement,0,,,,,1,0,1,1,1,1,1,4,0,0,-1,current,0,0,0.022254619060549884,0.022254619060549884,36,25,25,25,25,0,0,1,1.0,1.0,1.0,1.0,1.0,1,1.0,1.0,1.0,1.0,1.0,1,1.0,1.0,1.0,1.0,1.0,1,1.0,1.0,1.0,1.0,1.0
222,no_strict_e1_improvement,0,,,,,1,0,1,1,1,1,1,4,0,0,-1,current,0,0,0.047330626688199116,0.047330626688199116,25,25,25,25,25,0,0,1,1.0,1.0,1.0,1.0,1.0,1,1.0,1.0,1.0,1.0,1.0,1,1.0,1.0,1.0,1.0,1.0,1,1.0,1.0,1.0,1.0,1.0
223,no_strict_e1_improvement,0,,,,,1,0,1,1,1,1,1,4,0,0,-1,current,0,0,0.0333336579016759,0.0333336579016759,26,25,25,25,25,0,0,1,1.0,1.0,1.0,1.0,1.0,1,1.0,1.0,1.0,1.0,1.0,1,1.0,1.0,1.0,1.0,1.0,1,1.0,1.0,1.0,1.0,1.0
224,no_strict_e1_improvement,0,,,,,1,0,1,1,1,1,1,4,0,0,-1,current,0,0,0.026803455734625458,0.026803455734625458,32,25,25,25,25,0,0,1,1.0,1.0,1.0,1.0,1.0,1,1.0,1.0,1.0,1.0,1.0,1,1.0,1.0,1.0,1.0,1.0,1,1.0,1.0,1.0,1.0,1.0
225,max_rounds,0,,,,,1,1,2,1,1,4,4,4,0,0,1,profiled_beam,1,1,0.09463231824047398,0.09352624325256328,27,19,19,19,19,0,0,0,0.76,0.75,0.65,0.7,0.8,0,0.76,0.75,0.65,0.7,0.8,0,0.76,0.75,0.65,0.7,0.8,0,0.76,0.7,0.65,0.675,0.775
226,max_rounds,0,,,,,1,1,7,6,6,23,23,4,-2,-1,1,profiled_beam,1,1,0.15069100388136575,0.09701038274724852,21,0,0,0,0,0,0,0,0.0,0.6,0.8,0.7,0.725,0,0.0,0.6,0.8,0.7,0.725,0,0.0,0.7,0.6,0.65,0.675,0,0.0,0.75,0.55,0.65,0.65
227,no_strict_e1_improvement,0,,,,,1,0,1,1,1,1,1,4,0,0,-1,current,0,0,0.02979061733931303,0.02979061733931303,31,25,25,25,25,0,0,1,1.0,1.0,1.0,1.0,1.0,1,1.0,1.0,1.0,1.0,1.0,1,1.0,1.0,1.0,1.0,1.0,1,1.0,1.0,1.0,1.0,1.0
228,max_rounds,0,,,,,1,1,5,4,4,16,16,4,0,2,1,profiled_beam,1,1,0.16261136590037495,0.15034855792982854,19,0,0,6,8,8,2,0,0.0,0.05,0.7,0.375,0.375,0,0.0,0.05,0.7,0.375,0.375,0,0.24,0.15,0.75,0.45,0.45,0,0.32,0.35,0.85,0.6,0.6
229,no_strict_e1_improvement,0,,,,,1,0,1,1,1,3,3,4,0,0,-1,current,0,0,0.05871667745523155,0.05871667745523155,30,0,0,0,0,0,0,0,0.0,0.75,1.0,0.875,0.875,0,0.0,0.75,1.0,0.875,0.875,0,0.0,0.75,1.0,0.875,0.875,0,0.0,0.75,1.0,0.875,0.875
230,max_rounds,0,,,,,1,1,5,4,4,15,15,4,0,0,1,profiled_beam,1,1,0.06842803122417536,0.06619128931488376,23,0,0,0,0,0,0,0,0.0,0.65,0.75,0.7,0.75,0,0.0,0.65,0.75,0.7,0.75,0,0.0,0.65,0.75,0.7,0.75,0,0.0,0.6,0.8,0.7,0.725
231,max_rounds,0,,,,,1,1,2,1,1,4,4,4,0,0,1,profiled_beam,1,1,0.04615253261217731,0.0407579692073341,29,0,0,0,0,0,0,0,0.0,0.65,0.75,0.7,0.75,0,0.0,0.65,0.75,0.7,0.75,0,0.0,0.65,0.75,0.7,0.75,0,0.0,0.65,0.7,0.675,0.75
232,no_strict_e1_improvement,0,,,,,1,0,1,1,1,2,2,4,0,0,-1,current,0,0,0.04128724152833456,0.04128724152833456,30,0,0,0,0,0,0,0,0.0,0.75,0.95,0.85,0.85,0,0.0,0.75,0.95,0.85,0.85,0,0.0,0.75,0.95,0.85,0.85,0,0.0,0.75,0.95,0.85,0.85
233,no_strict_e1_improvement,0,,,,,1,0,1,1,1,1,1,4,0,0,-1,current,0,0,0.022880352020729335,0.022880352020729335,31,25,25,25,25,0,0,1,1.0,1.0,1.0,1.0,1.0,1,1.0,1.0,1.0,1.0,1.0,1,1.0,1.0,1.0,1.0,1.0,1,1.0,1.0,1.0,1.0,1.0
234,max_rounds,0,,,,,1,1,3,2,2,7,7,4,0,1,0,s1a3_greedy,1,0,0.08215558720985427,0.06588123930850998,30,0,0,0,0,0,0,0,0.0,0.75,0.75,0.75,0.75,0,0.0,0.75,0.75,0.75,0.75,0,0.0,1.0,0.75,0.875,0.875,0,0.0,1.0,0.75,0.875,0.875
235,max_rounds,0,,,,,1,1,3,2,2,5,5,4,0,-1,0,s1a3_greedy,1,0,0.09924195467028767,0.0736507234396413,23,0,0,0,0,0,0,0,0.0,0.4,0.5,0.45,0.475,0,0.0,0.4,0.5,0.45,0.475,0,0.0,0.65,0.6,0.625,0.65,0,0.0,0.65,0.6,0.625,0.65
236,no_strict_e1_improvement,0,,,,,1,0,1,1,1,3,3,4,0,0,-1,current,0,0,0.09238383278716356,0.09238383278716356,27,0,0,0,0,0,0,0,0.0,0.75,0.75,0.75,0.75,0,0.0,0.75,0.75,0.75,0.75,0,0.0,0.75,0.75,0.75,0.75,0,0.0,0.75,0.75,0.75,0.75
237,max_rounds,0,,,,,1,1,2,2,2,6,6,4,1,0,0,s1a3_greedy,1,0,0.04610067453759257,0.03503851896675769,29,0,0,25,25,25,0,0,0.0,1.0,0.75,0.875,0.875,0,0.0,1.0,0.75,0.875,0.875,1,1.0,1.0,1.0,1.0,1.0,1,1.0,1.0,1.0,1.0,1.0
238,no_strict_e1_improvement,0,,,,,1,0,1,1,1,4,4,4,0,0,-1,current,0,0,0.024045401357579977,0.024045401357579977,33,25,25,25,25,0,0,1,1.0,1.0,1.0,1.0,1.0,1,1.0,1.0,1.0,1.0,1.0,1,1.0,1.0,1.0,1.0,1.0,1,1.0,1.0,1.0,1.0,1.0
239,max_rounds,0,,,,,1,1,3,2,2,7,7,4,1,0,1,profiled_beam,1,1,0.1715555891394615,0.1044419664889574,20,1,1,0,0,-1,0,0,0.04,0.6,0.25,0.425,0.525,0,0.04,0.6,0.25,0.425,0.525,0,0.0,0.65,0.5,0.575,0.675,0,0.0,0.75,0.4,0.575,0.675
240,no_strict_e1_improvement,0,,,,,1,0,1,1,1,4,4,4,0,0,-1,current,0,0,0.03586111918557435,0.03586111918557435,29,25,25,25,25,0,0,1,1.0,1.0,1.0,1.0,1.0,1,1.0,1.0,1.0,1.0,1.0,1,1.0,1.0,1.0,1.0,1.0,1,1.0,1.0,1.0,1.0,1.0
241,max_rounds,0,,,,,1,1,4,4,4,16,16,4,-2,0,1,profiled_beam,1,1,0.07513908622786403,0.049581357267743445,22,0,0,16,10,10,-6,0,0.0,0.65,0.45,0.55,0.625,0,0.0,0.65,0.45,0.55,0.625,0,0.64,0.75,0.6,0.675,0.725,0,0.4,1.0,0.25,0.625,0.625
242,no_strict_e1_improvement,0,,,,,1,0,1,1,1,1,1,4,0,0,-1,current,0,0,0.015424935333430766,0.015424935333430766,36,25,25,25,25,0,0,1,1.0,1.0,1.0,1.0,1.0,1,1.0,1.0,1.0,1.0,1.0,1,1.0,1.0,1.0,1.0,1.0,1,1.0,1.0,1.0,1.0,1.0
243,no_strict_e1_improvement,0,,,,,1,0,1,1,1,2,2,4,0,0,-1,current,0,0,0.04318426728714257,0.04318426728714257,35,23,23,23,23,0,0,0,0.92,0.9,0.85,0.875,0.9,0,0.92,0.9,0.85,0.875,0.9,0,0.92,0.9,0.85,0.875,0.9,0,0.92,0.9,0.85,0.875,0.9
244,no_strict_e1_improvement,0,,,,,1,0,1,1,1,1,1,4,0,0,-1,current,0,0,0.012749301787698642,0.012749301787698642,31,25,25,25,25,0,0,1,1.0,1.0,1.0,1.0,1.0,1,1.0,1.0,1.0,1.0,1.0,1,1.0,1.0,1.0,1.0,1.0,1,1.0,1.0,1.0,1.0,1.0
245,max_rounds,0,,,,,1,1,3,2,2,7,7,4,0,-1,0,s1a3_greedy,1,0,0.14051066930405795,0.06150983865372837,32,5,5,20,20,15,0,0,0.2,0.8,0.7,0.75,0.75,0,0.2,0.8,0.7,0.75,0.75,0,0.8,0.95,0.75,0.85,0.85,0,0.8,0.95,0.75,0.85,0.85
246,no_strict_e1_improvement,0,,,,,1,0,1,1,1,4,4,4,0,0,-1,current,0,0,0.03883554958738387,0.03883554958738387,30,25,25,25,25,0,0,1,1.0,1.0,1.0,1.0,1.0,1,1.0,1.0,1.0,1.0,1.0,1,1.0,1.0,1.0,1.0,1.0,1,1.0,1.0,1.0,1.0,1.0
247,max_rounds,0,,,,,1,1,4,3,3,12,12,4,0,0,1,profiled_beam,1,1,0.11609788567293436,0.10902772778645158,19,4,4,4,2,-2,-2,0,0.16,0.45,0.65,0.55,0.575,0,0.16,0.45,0.65,0.55,0.575,0,0.16,0.45,0.65,0.55,0.575,0,0.08,0.65,0.7,0.675,0.675
248,max_rounds,0,,,,,1,1,2,1,1,4,4,4,0,0,0,s1a3_greedy,1,0,0.09052050486207008,0.07483366401866079,28,0,0,0,0,0,0,0,0.0,0.9,0.65,0.775,0.8,0,0.0,0.9,0.65,0.775,0.8,0,0.0,1.0,0.75,0.875,0.875,0,0.0,1.0,0.75,0.875,0.875
249,max_rounds,0,,,,,1,1,2,1,1,3,3,4,0,0,1,profiled_beam,1,1,0.12666483051143587,0.09542386804241687,18,0,0,0,0,0,0,0,0.0,0.45,0.35,0.4,0.425,0,0.0,0.45,0.35,0.4,0.425,0,0.0,0.5,0.4,0.45,0.475,0,0.0,0.6,0.4,0.5,0.5
250,max_rounds,0,,,,,1,1,5,4,4,16,16,4,0,0,1,profiled_beam,1,1,0.13345712780865143,0.12071753914933651,21,0,0,0,4,4,4,0,0.0,0.5,0.4,0.45,0.475,0,0.0,0.5,0.4,0.45,0.475,0,0.0,0.5,0.4,0.45,0.475,0,0.16,0.6,0.35,0.475,0.5
251,no_strict_e1_improvement,0,,,,,1,0,1,1,1,2,2,4,0,0,-1,current,0,0,0.021050393069162964,0.021050393069162964,34,22,22,22,22,0,0,0,0.88,0.85,0.9,0.875,0.875,0,0.88,0.85,0.9,0.875,0.875,0,0.88,0.85,0.9,0.875,0.875,0,0.88,0.85,0.9,0.875,0.875
252,max_rounds,0,,,,,1,1,3,2,2,7,7,4,-1,0,1,profiled_beam,1,1,0.0444362957496196,0.022490098234266044,32,0,0,23,25,25,2,0,0.0,0.9,0.75,0.825,0.85,0,0.0,0.9,0.75,0.825,0.85,0,0.92,0.85,0.9,0.875,0.925,1,1.0,1.0,1.0,1.0,1.0
253,no_strict_e1_improvement,0,,,,,1,0,1,1,1,4,4,4,0,0,-1,current,0,0,0.04260790980188176,0.04260790980188176,29,20,20,20,20,0,0,0,0.8,0.75,0.95,0.85,0.85,0,0.8,0.75,0.95,0.85,0.85,0,0.8,0.75,0.95,0.85,0.85,0,0.8,0.75,0.95,0.85,0.85
254,no_strict_e1_improvement,0,,,,,1,0,1,1,1,1,1,4,0,0,-1,current,0,0,0.030703758326126263,0.030703758326126263,28,25,25,25,25,0,0,1,1.0,1.0,1.0,1.0,1.0,1,1.0,1.0,1.0,1.0,1.0,1,1.0,1.0,1.0,1.0,1.0,1,1.0,1.0,1.0,1.0,1.0
255,max_rounds,0,,,,,1,1,4,3,3,12,12,4,0,-2,1,profiled_beam,1,1,0.17874075853469548,0.12293973126652417,23,0,0,2,21,21,19,0,0.0,0.5,0.7,0.6,0.6,0,0.0,0.5,0.7,0.6,0.6,0,0.08,0.5,0.55,0.525,0.55,0,0.84,0.8,0.65,0.725,0.725
256,max_rounds,0,,,,,1,1,3,2,2,8,8,4,-1,0,1,profiled_beam,1,1,0.07759908679872751,0.0505882028490305,28,3,3,0,0,-3,0,0,0.12,0.65,0.75,0.7,0.7,0,0.12,0.65,0.75,0.7,0.7,0,0.0,0.7,0.65,0.675,0.675,0,0.0,0.65,0.75,0.7,0.725
257,no_strict_e1_improvement,0,,,,,1,0,2,2,2,7,7,4,0,0,-1,current,0,0,0.08670744729461148,0.08670744729461148,24,0,0,0,0,0,0,0,0.0,0.7,0.75,0.725,0.725,0,0.0,0.7,0.75,0.725,0.725,0,0.0,0.7,0.75,0.725,0.725,0,0.0,0.7,0.75,0.725,0.725
258,no_strict_e1_improvement,0,,,,,1,0,1,1,1,2,2,4,0,0,-1,current,0,0,0.035706297153956255,0.035706297153956255,30,0,0,0,0,0,0,0,0.0,0.75,1.0,0.875,0.875,0,0.0,0.75,1.0,0.875,0.875,0,0.0,0.75,1.0,0.875,0.875,0,0.0,0.75,1.0,0.875,0.875
259,max_rounds,0,,,,,1,1,3,2,2,8,8,4,0,0,1,profiled_beam,1,1,0.03945114798843861,0.03798835570923984,27,0,0,0,0,0,0,0,0.0,1.0,0.75,0.875,0.875,0,0.0,1.0,0.75,0.875,0.875,0,0.0,1.0,0.75,0.875,0.875,0,0.0,0.85,0.75,0.8,0.825
260,max_rounds,0,,,,,1,1,2,1,1,4,4,4,0,0,1,profiled_beam,1,1,0.07629478825256228,0.03703883932903409,34,2,2,2,0,-2,-2,0,0.08,0.85,0.65,0.75,0.75,0,0.08,0.85,0.65,0.75,0.75,0,0.08,0.85,0.65,0.75,0.75,0,0.0,1.0,0.75,0.875,0.875
261,max_rounds,0,,,,,1,1,7,6,6,24,24,4,0,0,1,profiled_beam,1,1,0.06755759979132563,0.058337382460013035,24,23,23,23,25,2,2,0,0.92,0.9,0.85,0.875,0.9,0,0.92,0.9,0.85,0.875,0.9,0,0.92,0.9,0.85,0.875,0.9,1,1.0,1.0,1.0,1.0,1.0
262,no_strict_e1_improvement,0,,,,,1,0,1,1,1,1,1,4,0,0,-1,current,0,0,0.020001941616646944,0.020001941616646944,31,0,0,0,0,0,0,0,0.0,1.0,0.75,0.875,0.875,0,0.0,1.0,0.75,0.875,0.875,0,0.0,1.0,0.75,0.875,0.875,0,0.0,1.0,0.75,0.875,0.875
263,no_strict_e1_improvement,0,,,,,1,0,1,1,1,1,1,4,0,0,-1,current,0,0,0.013516626297496259,0.013516626297496259,35,25,25,25,25,0,0,1,1.0,1.0,1.0,1.0,1.0,1,1.0,1.0,1.0,1.0,1.0,1,1.0,1.0,1.0,1.0,1.0,1,1.0,1.0,1.0,1.0,1.0
264,no_strict_e1_improvement,0,,,,,1,0,1,1,1,2,2,4,0,0,-1,current,0,0,0.024241717951372265,0.024241717951372265,34,25,25,25,25,0,0,1,1.0,1.0,1.0,1.0,1.0,1,1.0,1.0,1.0,1.0,1.0,1,1.0,1.0,1.0,1.0,1.0,1,1.0,1.0,1.0,1.0,1.0
265,no_strict_e1_improvement,0,,,,,1,0,1,1,1,1,1,4,0,0,-1,current,0,0,0.03959490259730956,0.03959490259730956,31,25,25,25,25,0,0,1,1.0,1.0,1.0,1.0,1.0,1,1.0,1.0,1.0,1.0,1.0,1,1.0,1.0,1.0,1.0,1.0,1,1.0,1.0,1.0,1.0,1.0
266,no_strict_e1_improvement,0,,,,,1,0,1,1,1,1,1,4,0,0,-1,current,0,0,0.02534087086096406,0.02534087086096406,36,25,25,25,25,0,0,1,1.0,1.0,1.0,1.0,1.0,1,1.0,1.0,1.0,1.0,1.0,1,1.0,1.0,1.0,1.0,1.0,1,1.0,1.0,1.0,1.0,1.0
267,no_strict_e1_improvement,0,,,,,1,0,1,1,1,3,3,4,0,0,-1,current,0,0,0.06299146444071084,0.06299146444071084,27,0,0,0,0,0,0,0,0.0,0.75,1.0,0.875,0.875,0,0.0,0.75,1.0,0.875,0.875,0,0.0,0.75,1.0,0.875,0.875,0,0.0,0.75,1.0,0.875,0.875
268,no_strict_e1_improvement,0,,,,,1,0,1,1,1,4,4,4,0,0,-1,current,0,0,0.08827060870826245,0.08827060870826245,30,0,0,0,0,0,0,0,0.0,0.75,0.75,0.75,0.75,0,0.0,0.75,0.75,0.75,0.75,0,0.0,0.75,0.75,0.75,0.75,0,0.0,0.75,0.75,0.75,0.75
269,no_strict_e1_improvement,0,,,,,1,0,1,1,1,1,1,4,0,0,-1,current,0,0,0.050904804974561554,0.050904804974561554,31,0,0,0,0,0,0,0,0.0,0.75,0.9,0.825,0.825,0,0.0,0.75,0.9,0.825,0.825,0,0.0,0.75,0.9,0.825,0.825,0,0.0,0.75,0.9,0.825,0.825
270,max_rounds,0,,,,,1,1,3,2,2,8,8,4,-1,0,1,profiled_beam,1,1,0.07875384334474803,0.03771114386618137,26,0,0,0,25,25,25,0,0.0,0.9,0.75,0.825,0.85,0,0.0,0.9,0.75,0.825,0.85,0,0.0,0.9,0.75,0.825,0.85,1,1.0,1.0,1.0,1.0,1.0
271,no_strict_e1_improvement,0,,,,,1,0,1,1,1,1,1,4,0,0,-1,current,0,0,0.008085861639119684,0.008085861639119684,37,25,25,25,25,0,0,1,1.0,1.0,1.0,1.0,1.0,1,1.0,1.0,1.0,1.0,1.0,1,1.0,1.0,1.0,1.0,1.0,1,1.0,1.0,1.0,1.0,1.0
272,no_strict_e1_improvement,0,,,,,1,0,1,1,1,4,4,4,0,0,-1,current,0,0,0.05830073459073901,0.05830073459073901,27,0,0,0,0,0,0,0,0.0,0.55,0.9,0.725,0.725,0,0.0,0.55,0.9,0.725,0.725,0,0.0,0.55,0.9,0.725,0.725,0,0.0,0.55,0.9,0.725,0.725
273,max_rounds,0,,,,,1,1,2,1,1,4,4,4,0,0,1,profiled_beam,1,1,0.1104169693775475,0.054382066568359734,23,0,0,0,0,0,0,0,0.0,0.5,0.45,0.475,0.6,0,0.0,0.5,0.45,0.475,0.6,0,0.0,0.5,0.55,0.525,0.675,0,0.0,0.55,0.5,0.525,0.675
274,no_strict_e1_improvement,0,,,,,1,0,1,1,1,2,2,4,0,0,-1,current,0,0,0.024159767455421387,0.024159767455421387,32,25,25,25,25,0,0,1,1.0,1.0,1.0,1.0,1.0,1,1.0,1.0,1.0,1.0,1.0,1,1.0,1.0,1.0,1.0,1.0,1,1.0,1.0,1.0,1.0,1.0
275,max_rounds,0,,,,,1,1,6,6,6,22,22,4,-2,-1,0,s1a3_greedy,1,0,0.08522495627403259,0.03255993856000714,32,0,0,25,25,25,0,0,0.0,0.85,0.75,0.8,0.8,0,0.0,0.85,0.75,0.8,0.8,1,1.0,1.0,1.0,1.0,1.0,1,1.0,1.0,1.0,1.0,1.0
276,no_strict_e1_improvement,0,,,,,1,0,6,6,6,20,20,4,0,0,-1,current,0,0,0.04696845528087579,0.04696845528087579,29,25,25,25,25,0,0,1,1.0,1.0,1.0,1.0,1.0,1,1.0,1.0,1.0,1.0,1.0,1,1.0,1.0,1.0,1.0,1.0,1,1.0,1.0,1.0,1.0,1.0
277,no_strict_e1_improvement,0,,,,,1,0,1,1,1,1,1,4,0,0,-1,current,0,0,0.010469498042948545,0.010469498042948545,38,25,25,25,25,0,0,1,1.0,1.0,1.0,1.0,1.0,1,1.0,1.0,1.0,1.0,1.0,1,1.0,1.0,1.0,1.0,1.0,1,1.0,1.0,1.0,1.0,1.0
278,no_strict_e1_improvement,0,,,,,1,0,1,1,1,2,2,4,0,0,-1,current,0,0,0.03831276037963107,0.03831276037963107,32,0,0,0,0,0,0,0,0.0,0.75,1.0,0.875,0.875,0,0.0,0.75,1.0,0.875,0.875,0,0.0,0.75,1.0,0.875,0.875,0,0.0,0.75,1.0,0.875,0.875
279,max_rounds,0,,,,,1,1,6,6,6,20,20,4,0,-2,0,s1a3_greedy,1,0,0.05077357937698253,0.030915603885659948,28,0,0,25,25,25,0,0,0.0,0.75,0.9,0.825,0.825,0,0.0,0.75,0.9,0.825,0.825,1,1.0,1.0,1.0,1.0,1.0,1,1.0,1.0,1.0,1.0,1.0
280,no_strict_e1_improvement,0,,,,,1,0,10,9,9,36,36,4,0,0,-1,current,0,0,0.09823856139555573,0.09823856139555573,24,0,0,0,0,0,0,0,0.0,0.7,0.65,0.675,0.7,0,0.0,0.7,0.65,0.675,0.7,0,0.0,0.7,0.65,0.675,0.7,0,0.0,0.7,0.65,0.675,0.7
281,no_strict_e1_improvement,0,,,,,1,0,1,1,1,1,1,4,0,0,-1,current,0,0,0.05818389281630516,0.05818389281630516,30,23,23,23,23,0,0,0,0.92,0.9,0.8,0.85,0.875,0,0.92,0.9,0.8,0.85,0.875,0,0.92,0.9,0.8,0.85,0.875,0,0.92,0.9,0.8,0.85,0.875
282,no_strict_e1_improvement,0,,,,,1,0,5,4,4,15,15,4,0,0,-1,current,0,0,0.10209514028392733,0.10209514028392733,32,25,25,25,25,0,0,1,1.0,1.0,1.0,1.0,1.0,1,1.0,1.0,1.0,1.0,1.0,1,1.0,1.0,1.0,1.0,1.0,1,1.0,1.0,1.0,1.0,1.0
283,max_rounds,0,,,,,1,1,4,3,3,12,12,4,0,0,1,profiled_beam,1,1,0.10592827082145959,0.08719333703629673,24,0,0,0,0,0,0,0,0.0,0.55,0.85,0.7,0.7,0,0.0,0.55,0.85,0.7,0.7,0,0.0,0.55,0.85,0.7,0.7,0,0.0,0.75,1.0,0.875,0.875
284,no_strict_e1_improvement,0,,,,,1,0,1,1,1,2,2,4,0,0,-1,current,0,0,0.027830975700635464,0.027830975700635464,30,25,25,25,25,0,0,1,1.0,1.0,1.0,1.0,1.0,1,1.0,1.0,1.0,1.0,1.0,1,1.0,1.0,1.0,1.0,1.0,1,1.0,1.0,1.0,1.0,1.0
285,max_rounds,0,,,,,1,1,2,1,1,2,2,4,0,0,1,profiled_beam,1,1,0.07642489993013442,0.0739473442081362,32,0,0,0,0,0,0,0,0.0,0.75,0.95,0.85,0.85,0,0.0,0.75,0.95,0.85,0.85,0,0.0,0.75,0.95,0.85,0.85,0,0.0,0.75,0.9,0.825,0.825
286,no_strict_e1_improvement,0,,,,,1,0,1,1,1,2,2,4,0,0,-1,current,0,0,0.028641191450878976,0.028641191450878976,35,25,25,25,25,0,0,1,1.0,1.0,1.0,1.0,1.0,1,1.0,1.0,1.0,1.0,1.0,1,1.0,1.0,1.0,1.0,1.0,1,1.0,1.0,1.0,1.0,1.0
287,no_strict_e1_improvement,0,,,,,1,0,1,1,1,1,1,4,0,0,-1,current,0,0,0.03641367154195905,0.03641367154195905,28,0,0,0,0,0,0,0,0.0,0.85,0.75,0.8,0.8,0,0.0,0.85,0.75,0.8,0.8,0,0.0,0.85,0.75,0.8,0.8,0,0.0,0.85,0.75,0.8,0.8
288,max_rounds,0,,,,,1,1,3,2,2,8,8,4,0,0,1,profiled_beam,1,1,0.11042966229142621,0.0971586832893081,22,0,0,0,0,0,0,0,0.0,0.8,0.65,0.725,0.725,0,0.0,0.8,0.65,0.725,0.725,0,0.0,0.8,0.65,0.725,0.725,0,0.0,0.95,0.75,0.85,0.85
289,no_strict_e1_improvement,0,,,,,1,0,1,1,1,1,1,4,0,0,-1,current,0,0,0.044909988553263246,0.044909988553263246,32,25,25,25,25,0,0,1,1.0,1.0,1.0,1.0,1.0,1,1.0,1.0,1.0,1.0,1.0,1,1.0,1.0,1.0,1.0,1.0,1,1.0,1.0,1.0,1.0,1.0
290,no_strict_e1_improvement,0,,,,,1,0,1,1,1,2,2,4,0,0,-1,current,0,0,0.04225396744441241,0.04225396744441241,28,25,25,25,25,0,0,1,1.0,1.0,1.0,1.0,1.0,1,1.0,1.0,1.0,1.0,1.0,1,1.0,1.0,1.0,1.0,1.0,1,1.0,1.0,1.0,1.0,1.0
291,max_rounds,0,,,,,1,1,5,4,4,16,16,4,-1,0,1,profiled_beam,1,1,0.1401959570357576,0.085512733948417,23,0,0,19,0,0,-19,0,0.0,0.6,0.65,0.625,0.65,0,0.0,0.6,0.65,0.625,0.65,0,0.76,0.75,0.7,0.725,0.775,0,0.0,0.6,0.7,0.65,0.7
292,max_rounds,0,,,,,1,1,3,2,2,7,7,4,0,0,0,s1a3_greedy,1,0,0.10488873056601733,0.08742687494959682,29,23,23,25,25,2,0,0,0.92,0.85,0.8,0.825,0.925,0,0.92,0.85,0.8,0.825,0.925,1,1.0,1.0,1.0,1.0,1.0,1,1.0,1.0,1.0,1.0,1.0
293,no_strict_e1_improvement,0,,,,,1,0,1,1,1,4,4,4,0,0,-1,current,0,0,0.03686196580529213,0.03686196580529213,32,25,25,25,25,0,0,1,1.0,1.0,1.0,1.0,1.0,1,1.0,1.0,1.0,1.0,1.0,1,1.0,1.0,1.0,1.0,1.0,1,1.0,1.0,1.0,1.0,1.0
294,no_strict_e1_improvement,0,,,,,1,0,1,1,1,4,4,4,0,0,-1,current,0,0,0.04177183415740728,0.04177183415740728,29,25,25,25,25,0,0,1,1.0,1.0,1.0,1.0,1.0,1,1.0,1.0,1.0,1.0,1.0,1,1.0,1.0,1.0,1.0,1.0,1,1.0,1.0,1.0,1.0,1.0
295,max_rounds,0,,,,,1,1,9,8,8,31,31,4,0,3,1,profiled_beam,1,1,0.10034112157300115,0.0731995638780063,19,0,0,0,15,15,15,0,0.0,0.65,0.6,0.625,0.65,0,0.0,0.65,0.6,0.625,0.65,0,0.0,0.65,0.6,0.625,0.65,0,0.6,0.6,0.55,0.575,0.725
296,no_strict_e1_improvement,0,,,,,1,0,1,1,1,1,1,4,0,0,-1,current,0,0,0.020718795526772738,0.020718795526772738,34,25,25,25,25,0,0,1,1.0,1.0,1.0,1.0,1.0,1,1.0,1.0,1.0,1.0,1.0,1,1.0,1.0,1.0,1.0,1.0,1,1.0,1.0,1.0,1.0,1.0
297,no_strict_e1_improvement,0,,,,,1,0,1,1,1,2,2,4,0,0,-1,current,0,0,0.08717900770716369,0.08717900770716369,30,0,0,0,0,0,0,0,0.0,0.75,0.85,0.8,0.8,0,0.0,0.75,0.85,0.8,0.8,0,0.0,0.75,0.85,0.8,0.8,0,0.0,0.75,0.85,0.8,0.8
298,max_rounds,0,,,,,1,1,3,2,2,8,8,4,0,1,0,s1a3_greedy,1,0,0.10378385866060853,0.09080433519557118,28,0,0,0,0,0,0,0,0.0,0.75,0.7,0.725,0.725,0,0.0,0.75,0.7,0.725,0.725,0,0.0,0.8,0.65,0.725,0.75,0,0.0,0.8,0.65,0.725,0.75
299,no_strict_e1_improvement,0,,,,,1,0,1,1,1,3,3,4,0,0,-1,current,0,0,0.04269889279385097,0.04269889279385097,31,0,0,0,0,0,0,0,0.0,0.75,1.0,0.875,0.875,0,0.0,0.75,1.0,0.875,0.875,0,0.0,0.75,1.0,0.875,0.875,0,0.0,0.75,1.0,0.875,0.875
300,no_strict_e1_improvement,0,,,,,1,0,1,1,1,1,1,4,0,0,-1,current,0,0,0.004845231305807829,0.004845231305807829,40,25,25,25,25,0,0,1,1.0,1.0,1.0,1.0,1.0,1,1.0,1.0,1.0,1.0,1.0,1,1.0,1.0,1.0,1.0,1.0,1,1.0,1.0,1.0,1.0,1.0
301,no_strict_e1_improvement,0,,,,,1,0,1,1,1,1,1,4,0,0,-1,current,0,0,0.01033626835560426,0.01033626835560426,36,25,25,25,25,0,0,1,1.0,1.0,1.0,1.0,1.0,1,1.0,1.0,1.0,1.0,1.0,1,1.0,1.0,1.0,1.0,1.0,1,1.0,1.0,1.0,1.0,1.0
302,max_rounds,0,,,,,1,1,2,2,2,6,6,4,-1,0,0,s1a3_greedy,1,0,0.05590517637901939,0.04717818708741106,31,0,0,21,21,21,0,0,0.0,1.0,0.75,0.875,0.875,0,0.0,1.0,0.75,0.875,0.875,0,0.84,0.9,0.8,0.85,0.85,0,0.84,0.9,0.8,0.85,0.85
303,no_strict_e1_improvement,0,,,,,1,0,1,1,1,1,1,4,0,0,-1,current,0,0,0.02101244778605178,0.02101244778605178,36,25,25,25,25,0,0,1,1.0,1.0,1.0,1.0,1.0,1,1.0,1.0,1.0,1.0,1.0,1,1.0,1.0,1.0,1.0,1.0,1,1.0,1.0,1.0,1.0,1.0
304,max_rounds,0,,,,,1,1,13,12,12,46,46,4,0,1,0,s1a3_greedy,1,0,0.2174360450124368,0.1317925666109659,16,4,4,0,0,-4,0,0,0.16,0.35,0.5,0.425,0.525,0,0.16,0.35,0.5,0.425,0.525,0,0.0,0.5,0.8,0.65,0.65,0,0.0,0.5,0.8,0.65,0.65
305,no_strict_e1_improvement,0,,,,,1,0,2,2,2,6,6,4,0,0,-1,current,0,0,0.07076585635077208,0.07076585635077208,30,0,0,0,0,0,0,0,0.0,0.75,0.75,0.75,0.75,0,0.0,0.75,0.75,0.75,0.75,0,0.0,0.75,0.75,0.75,0.75,0,0.0,0.75,0.75,0.75,0.75
306,no_strict_e1_improvement,0,,,,,1,0,1,1,1,2,2,4,0,0,-1,current,0,0,0.029835027421358972,0.029835027421358972,32,25,25,25,25,0,0,1,1.0,1.0,1.0,1.0,1.0,1,1.0,1.0,1.0,1.0,1.0,1,1.0,1.0,1.0,1.0,1.0,1,1.0,1.0,1.0,1.0,1.0
307,max_rounds,0,,,,,1,1,6,6,6,23,23,4,-2,0,1,profiled_beam,1,1,0.0760019228386227,0.06153626557643292,20,0,0,0,0,0,0,0,0.0,0.55,0.6,0.575,0.575,0,0.0,0.55,0.6,0.575,0.575,0,0.0,0.55,0.6,0.575,0.575,0,0.0,0.55,0.55,0.55,0.55
308,max_rounds,0,,,,,1,1,2,1,1,4,4,4,0,0,1,profiled_beam,1,1,0.11754064835840836,0.08476732225390152,23,1,1,0,0,-1,0,0,0.04,0.4,0.7,0.55,0.575,0,0.04,0.4,0.7,0.55,0.575,0,0.0,0.55,0.8,0.675,0.7,0,0.0,0.5,0.8,0.65,0.775
309,no_strict_e1_improvement,0,,,,,1,0,1,1,1,1,1,4,0,0,-1,current,0,0,0.03291440110770054,0.03291440110770054,33,25,25,25,25,0,0,1,1.0,1.0,1.0,1.0,1.0,1,1.0,1.0,1.0,1.0,1.0,1,1.0,1.0,1.0,1.0,1.0,1,1.0,1.0,1.0,1.0,1.0
310,max_rounds,0,,,,,1,1,2,1,1,3,3,4,0,0,1,profiled_beam,1,1,0.0697855184553191,0.06799964297097176,26,3,3,3,3,0,0,0,0.12,0.65,0.75,0.7,0.7,0,0.12,0.65,0.75,0.7,0.7,0,0.12,0.65,0.75,0.7,0.7,0,0.12,0.55,0.6,0.575,0.575
311,max_rounds,0,,,,,1,1,3,2,2,7,7,4,0,0,1,profiled_beam,1,1,0.10538844087859615,0.09774164104601368,27,9,9,9,9,0,0,0,0.36,0.5,0.85,0.675,0.675,0,0.36,0.5,0.85,0.675,0.675,0,0.36,0.5,0.85,0.675,0.675,0,0.36,0.5,0.85,0.675,0.675
312,no_strict_e1_improvement,0,,,,,1,0,1,1,1,1,1,4,0,0,-1,current,0,0,0.02618096685037017,0.02618096685037017,33,0,0,0,0,0,0,0,0.0,1.0,0.75,0.875,0.875,0,0.0,1.0,0.75,0.875,0.875,0,0.0,1.0,0.75,0.875,0.875,0,0.0,1.0,0.75,0.875,0.875
313,max_rounds,0,,,,,1,1,5,4,4,16,16,4,1,0,1,profiled_beam,1,1,0.1497656804975122,0.08204929276835174,19,0,0,8,8,8,0,0,0.0,0.6,0.4,0.5,0.525,0,0.0,0.6,0.4,0.5,0.525,0,0.32,0.6,0.5,0.55,0.55,0,0.32,0.7,0.65,0.675,0.675
314,max_rounds,0,,,,,1,1,5,4,4,16,16,4,0,1,1,profiled_beam,1,1,0.14175151116214693,0.10423545353114605,26,6,6,6,20,14,14,0,0.24,0.5,0.75,0.625,0.625,0,0.24,0.5,0.75,0.625,0.625,0,0.24,0.5,0.75,0.625,0.625,0,0.8,0.8,0.75,0.775,0.8
315,max_rounds,0,,,,,1,1,2,1,1,2,2,4,0,0,0,s1a3_greedy,1,0,0.05671468637883663,0.030056608095765113,33,0,0,0,0,0,0,0,0.0,0.9,0.65,0.775,0.8,0,0.0,0.9,0.65,0.775,0.8,0,0.0,1.0,0.75,0.875,0.875,0,0.0,1.0,0.75,0.875,0.875
316,no_strict_e1_improvement,0,,,,,1,0,1,1,1,3,3,4,0,0,-1,current,0,0,0.07454113378189504,0.07454113378189504,30,0,0,0,0,0,0,0,0.0,0.9,0.75,0.825,0.825,0,0.0,0.9,0.75,0.825,0.825,0,0.0,0.9,0.75,0.825,0.825,0,0.0,0.9,0.75,0.825,0.825
317,max_rounds,0,,,,,1,1,3,2,2,7,7,4,0,-1,1,profiled_beam,1,1,0.08863952208776027,0.07376441441010684,29,0,0,0,0,0,0,0,0.0,0.5,0.65,0.575,0.6,0,0.0,0.5,0.65,0.575,0.6,0,0.0,0.5,0.65,0.575,0.6,0,0.0,0.5,0.75,0.625,0.725
318,no_strict_e1_improvement,0,,,,,1,0,1,1,1,1,1,4,0,0,-1,current,0,0,0.029493746487423776,0.029493746487423776,34,0,0,0,0,0,0,0,0.0,0.75,1.0,0.875,0.875,0,0.0,0.75,1.0,0.875,0.875,0,0.0,0.75,1.0,0.875,0.875,0,0.0,0.75,1.0,0.875,0.875
319,no_strict_e1_improvement,0,,,,,1,0,1,1,1,1,1,4,0,0,-1,current,0,0,0.04919917970546521,0.04919917970546521,30,25,25,25,25,0,0,1,1.0,1.0,1.0,1.0,1.0,1,1.0,1.0,1.0,1.0,1.0,1,1.0,1.0,1.0,1.0,1.0,1,1.0,1.0,1.0,1.0,1.0
320,no_strict_e1_improvement,0,,,,,1,0,1,1,1,1,1,4,0,0,-1,current,0,0,0.01984163192100823,0.01984163192100823,35,23,23,23,23,0,0,0,0.92,0.85,0.9,0.875,0.925,0,0.92,0.85,0.9,0.875,0.925,0,0.92,0.85,0.9,0.875,0.925,0,0.92,0.85,0.9,0.875,0.925
321,no_strict_e1_improvement,0,,,,,1,0,1,1,1,2,2,4,0,0,-1,current,0,0,0.056436315877363086,0.056436315877363086,32,0,0,0,0,0,0,0,0.0,0.75,0.9,0.825,0.825,0,0.0,0.75,0.9,0.825,0.825,0,0.0,0.75,0.9,0.825,0.825,0,0.0,0.75,0.9,0.825,0.825
322,max_rounds,0,,,,,1,1,4,3,3,10,10,4,2,0,0,s1a3_greedy,1,0,0.03823014465160668,0.015117900120094419,37,0,0,0,0,0,0,0,0.0,0.75,0.75,0.75,0.75,0,0.0,0.75,0.75,0.75,0.75,0,0.0,0.75,1.0,0.875,0.875,0,0.0,0.75,1.0,0.875,0.875
323,max_rounds,0,,,,,1,1,2,2,2,8,8,4,0,1,1,profiled_beam,1,1,0.07144369782181456,0.06904280966846273,31,2,2,2,21,19,19,0,0.08,0.55,0.85,0.7,0.75,0,0.08,0.55,0.85,0.7,0.75,0,0.08,0.55,0.85,0.7,0.75,0,0.84,0.7,0.9,0.8,0.85
324,no_strict_e1_improvement,0,,,,,1,0,1,1,1,4,4,4,0,0,-1,current,0,0,0.04612692696973682,0.04612692696973682,31,25,25,25,25,0,0,1,1.0,1.0,1.0,1.0,1.0,1,1.0,1.0,1.0,1.0,1.0,1,1.0,1.0,1.0,1.0,1.0,1,1.0,1.0,1.0,1.0,1.0
325,max_rounds,0,,,,,1,1,9,9,9,33,33,4,0,2,0,s1a3_greedy,1,0,0.09563064589747228,0.04019647637032904,28,0,0,25,25,25,0,0,0.0,0.75,0.9,0.825,0.825,0,0.0,0.75,0.9,0.825,0.825,1,1.0,1.0,1.0,1.0,1.0,1,1.0,1.0,1.0,1.0,1.0
326,no_strict_e1_improvement,0,,,,,1,0,1,1,1,1,1,4,0,0,-1,current,0,0,0.0186261179856956,0.0186261179856956,31,25,25,25,25,0,0,1,1.0,1.0,1.0,1.0,1.0,1,1.0,1.0,1.0,1.0,1.0,1,1.0,1.0,1.0,1.0,1.0,1,1.0,1.0,1.0,1.0,1.0
327,max_rounds,0,,,,,1,1,3,2,2,5,5,4,-1,0,0,s1a3_greedy,1,0,0.16503167222253978,0.1606995430076495,27,0,0,0,0,0,0,0,0.0,0.5,0.75,0.625,0.65,0,0.0,0.5,0.75,0.625,0.65,0,0.0,0.6,0.6,0.6,0.625,0,0.0,0.6,0.6,0.6,0.625
328,max_rounds,0,,,,,1,1,10,9,9,36,36,4,0,2,1,profiled_beam,1,1,0.15446390630677342,0.13526905550970697,22,0,0,0,0,0,0,0,0.0,0.7,0.55,0.625,0.675,0,0.0,0.7,0.55,0.625,0.675,0,0.0,0.7,0.55,0.625,0.675,0,0.0,0.85,0.6,0.725,0.725
329,no_strict_e1_improvement,0,,,,,1,0,1,1,1,1,1,4,0,0,-1,current,0,0,0.009534617885947227,0.009534617885947227,38,25,25,25,25,0,0,1,1.0,1.0,1.0,1.0,1.0,1,1.0,1.0,1.0,1.0,1.0,1,1.0,1.0,1.0,1.0,1.0,1,1.0,1.0,1.0,1.0,1.0
330,no_strict_e1_improvement,0,,,,,1,0,5,4,4,16,16,4,0,0,-1,current,0,0,0.09772445676644566,0.09772445676644566,24,0,0,0,0,0,0,0,0.0,0.75,0.75,0.75,0.75,0,0.0,0.75,0.75,0.75,0.75,0,0.0,0.75,0.75,0.75,0.75,0,0.0,0.75,0.75,0.75,0.75
331,max_rounds,0,,,,,1,1,2,1,1,3,3,4,0,0,0,s1a3_greedy,1,0,0.08238838904071599,0.0769534163409844,26,1,1,1,1,0,0,0,0.04,0.65,0.8,0.725,0.775,0,0.04,0.65,0.8,0.725,0.775,0,0.04,0.7,0.75,0.725,0.725,0,0.04,0.7,0.75,0.725,0.725
332,no_strict_e1_improvement,0,,,,,1,0,1,1,1,2,2,4,0,0,-1,current,0,0,0.06180479037575424,0.06180479037575424,23,0,0,0,0,0,0,0,0.0,0.75,1.0,0.875,0.875,0,0.0,0.75,1.0,0.875,0.875,0,0.0,0.75,1.0,0.875,0.875,0,0.0,0.75,1.0,0.875,0.875
333,no_strict_e1_improvement,0,,,,,1,0,1,1,1,1,1,4,0,0,-1,current,0,0,0.03247375669889152,0.03247375669889152,31,23,23,23,23,0,0,0,0.92,0.85,0.8,0.825,0.85,0,0.92,0.85,0.8,0.825,0.85,0,0.92,0.85,0.8,0.825,0.85,0,0.92,0.85,0.8,0.825,0.85
334,no_strict_e1_improvement,0,,,,,1,0,2,2,2,7,7,4,0,0,-1,current,0,0,0.12009323304519057,0.12009323304519057,23,14,14,14,14,0,0,0,0.56,0.55,0.75,0.65,0.675,0,0.56,0.55,0.75,0.65,0.675,0,0.56,0.55,0.75,0.65,0.675,0,0.56,0.55,0.75,0.65,0.675
335,no_strict_e1_improvement,0,,,,,1,0,7,6,6,22,22,4,0,0,-1,current,0,0,0.057219348003854975,0.057219348003854975,22,0,0,0,0,0,0,0,0.0,0.75,0.6,0.675,0.675,0,0.0,0.75,0.6,0.675,0.675,0,0.0,0.75,0.6,0.675,0.675,0,0.0,0.75,0.6,0.675,0.675
336,no_strict_e1_improvement,0,,,,,1,0,2,2,2,7,7,4,0,0,-1,current,0,0,0.07094905822887085,0.07094905822887085,22,23,23,23,23,0,0,0,0.92,0.9,0.85,0.875,0.9,0,0.92,0.9,0.85,0.875,0.9,0,0.92,0.9,0.85,0.875,0.9,0,0.92,0.9,0.85,0.875,0.9
337,max_rounds,0,,,,,1,1,3,3,3,7,7,4,2,0,0,s1a3_greedy,1,0,0.03974555507302284,0.012345242663286626,36,0,0,25,25,25,0,0,0.0,1.0,0.75,0.875,0.875,0,0.0,1.0,0.75,0.875,0.875,1,1.0,1.0,1.0,1.0,1.0,1,1.0,1.0,1.0,1.0,1.0
338,max_rounds,0,,,,,1,1,2,1,1,2,2,4,0,0,0,s1a3_greedy,1,0,0.03395294363144785,0.015967781597282737,34,23,23,25,25,2,0,0,0.92,0.9,0.9,0.9,0.925,0,0.92,0.9,0.9,0.9,0.925,1,1.0,1.0,1.0,1.0,1.0,1,1.0,1.0,1.0,1.0,1.0
339,no_strict_e1_improvement,0,,,,,1,0,1,1,1,1,1,4,0,0,-1,current,0,0,0.008455100886931178,0.008455100886931178,35,25,25,25,25,0,0,1,1.0,1.0,1.0,1.0,1.0,1,1.0,1.0,1.0,1.0,1.0,1,1.0,1.0,1.0,1.0,1.0,1,1.0,1.0,1.0,1.0,1.0
340,no_strict_e1_improvement,0,,,,,1,0,3,3,3,12,12,4,0,0,-1,current,0,0,0.22088845073303673,0.22088845073303673,16,4,4,4,4,0,0,0,0.16,0.3,0.25,0.275,0.4,0,0.16,0.3,0.25,0.275,0.4,0,0.16,0.3,0.25,0.275,0.4,0,0.16,0.3,0.25,0.275,0.4
341,max_rounds,0,,,,,1,1,2,1,1,4,4,4,0,0,1,profiled_beam,1,1,0.11197384977713228,0.10775277623906732,23,0,0,0,0,0,0,0,0.0,0.85,0.5,0.675,0.7,0,0.0,0.85,0.5,0.675,0.7,0,0.0,0.85,0.5,0.675,0.7,0,0.0,0.85,0.55,0.7,0.7
342,max_rounds,0,,,,,1,1,10,9,9,33,33,4,2,2,0,s1a3_greedy,1,0,0.09173958627943649,0.05182766772340983,26,0,0,0,0,0,0,0,0.0,0.8,0.7,0.75,0.775,0,0.0,0.8,0.7,0.75,0.775,0,0.0,0.65,0.9,0.775,0.8,0,0.0,0.65,0.9,0.775,0.8
343,no_strict_e1_improvement,0,,,,,1,0,2,2,2,8,8,4,0,0,-1,current,0,0,0.07728069173172117,0.07728069173172117,29,23,23,23,23,0,0,0,0.92,0.9,0.9,0.9,0.925,0,0.92,0.9,0.9,0.9,0.925,0,0.92,0.9,0.9,0.9,0.925,0,0.92,0.9,0.9,0.9,0.925
344,no_strict_e1_improvement,0,,,,,1,0,9,9,9,36,36,4,0,0,-1,current,0,0,0.11902580857276916,0.11902580857276916,22,19,19,19,19,0,0,0,0.76,0.8,0.85,0.825,0.825,0,0.76,0.8,0.85,0.825,0.825,0,0.76,0.8,0.85,0.825,0.825,0,0.76,0.8,0.85,0.825,0.825
345,no_strict_e1_improvement,0,,,,,1,0,1,1,1,1,1,4,0,0,-1,current,0,0,0.04490048835286871,0.04490048835286871,36,25,25,25,25,0,0,1,1.0,1.0,1.0,1.0,1.0,1,1.0,1.0,1.0,1.0,1.0,1,1.0,1.0,1.0,1.0,1.0,1,1.0,1.0,1.0,1.0,1.0
346,max_rounds,0,,,,,1,1,3,2,2,7,7,4,0,0,1,profiled_beam,1,1,0.11118169081746601,0.07412126855342649,24,1,1,22,1,0,-21,0,0.04,0.55,0.75,0.65,0.725,0,0.04,0.55,0.75,0.65,0.725,0,0.88,0.8,0.85,0.825,0.875,0,0.04,0.65,0.8,0.725,0.75
347,no_strict_e1_improvement,0,,,,,1,0,1,1,1,1,1,4,0,0,-1,current,0,0,0.043399811210110786,0.043399811210110786,32,25,25,25,25,0,0,1,1.0,1.0,1.0,1.0,1.0,1,1.0,1.0,1.0,1.0,1.0,1,1.0,1.0,1.0,1.0,1.0,1,1.0,1.0,1.0,1.0,1.0
348,no_strict_e1_improvement,0,,,,,1,0,1,1,1,3,3,4,0,0,-1,current,0,0,0.03977756377425976,0.03977756377425976,31,23,23,23,23,0,0,0,0.92,0.9,0.9,0.9,0.925,0,0.92,0.9,0.9,0.9,0.925,0,0.92,0.9,0.9,0.9,0.925,0,0.92,0.9,0.9,0.9,0.925
349,no_strict_e1_improvement,0,,,,,1,0,1,1,1,1,1,4,0,0,-1,current,0,0,0.019803629769012333,0.019803629769012333,36,25,25,25,25,0,0,1,1.0,1.0,1.0,1.0,1.0,1,1.0,1.0,1.0,1.0,1.0,1,1.0,1.0,1.0,1.0,1.0,1,1.0,1.0,1.0,1.0,1.0
350,no_strict_e1_improvement,0,,,,,1,0,1,1,1,2,2,4,0,0,-1,current,0,0,0.07790660149184987,0.07790660149184987,21,0,0,0,0,0,0,0,0.0,0.85,0.5,0.675,0.7,0,0.0,0.85,0.5,0.675,0.7,0,0.0,0.85,0.5,0.675,0.7,0,0.0,0.85,0.5,0.675,0.7
351,no_strict_e1_improvement,0,,,,,1,0,1,1,1,4,4,4,0,0,-1,current,0,0,0.04728287357429508,0.04728287357429508,33,25,25,25,25,0,0,1,1.0,1.0,1.0,1.0,1.0,1,1.0,1.0,1.0,1.0,1.0,1,1.0,1.0,1.0,1.0,1.0,1,1.0,1.0,1.0,1.0,1.0
352,max_rounds,0,,,,,1,1,17,16,16,63,63,4,0,0,1,profiled_beam,1,1,0.16903191884048283,0.15564881367608904,17,16,16,16,15,-1,-1,0,0.64,0.65,0.6,0.625,0.675,0,0.64,0.65,0.6,0.625,0.675,0,0.64,0.65,0.6,0.625,0.675,0,0.6,0.6,0.7,0.65,0.675
353,no_strict_e1_improvement,0,,,,,1,0,1,1,1,1,1,4,0,0,-1,current,0,0,0.01972521946299821,0.01972521946299821,37,25,25,25,25,0,0,1,1.0,1.0,1.0,1.0,1.0,1,1.0,1.0,1.0,1.0,1.0,1,1.0,1.0,1.0,1.0,1.0,1,1.0,1.0,1.0,1.0,1.0
354,no_strict_e1_improvement,0,,,,,1,0,1,1,1,2,2,4,0,0,-1,current,0,0,0.02592023290344514,0.02592023290344514,32,0,0,0,0,0,0,0,0.0,0.75,1.0,0.875,0.875,0,0.0,0.75,1.0,0.875,0.875,0,0.0,0.75,1.0,0.875,0.875,0,0.0,0.75,1.0,0.875,0.875
355,max_rounds,0,,,,,1,1,5,4,4,16,16,4,1,0,0,s1a3_greedy,1,0,0.11032190038822591,0.08039858848787844,24,2,2,23,23,21,0,0,0.08,0.75,0.7,0.725,0.725,0,0.08,0.75,0.7,0.725,0.725,0,0.92,0.9,0.85,0.875,0.9,0,0.92,0.9,0.85,0.875,0.9
356,no_strict_e1_improvement,0,,,,,1,0,1,1,1,2,2,4,0,0,-1,current,0,0,0.03896987896878272,0.03896987896878272,30,25,25,25,25,0,0,1,1.0,1.0,1.0,1.0,1.0,1,1.0,1.0,1.0,1.0,1.0,1,1.0,1.0,1.0,1.0,1.0,1,1.0,1.0,1.0,1.0,1.0
357,max_rounds,0,,,,,1,1,2,1,1,4,4,4,0,0,1,profiled_beam,1,1,0.06996563421562314,0.04023623215034604,28,23,23,23,25,2,2,0,0.92,0.9,0.9,0.9,0.925,0,0.92,0.9,0.9,0.9,0.925,0,0.92,0.9,0.9,0.9,0.925,1,1.0,1.0,1.0,1.0,1.0
358,no_strict_e1_improvement,0,,,,,1,0,1,1,1,2,2,4,0,0,-1,current,0,0,0.037495497474446894,0.037495497474446894,34,0,0,0,0,0,0,0,0.0,0.75,1.0,0.875,0.875,0,0.0,0.75,1.0,0.875,0.875,0,0.0,0.75,1.0,0.875,0.875,0,0.0,0.75,1.0,0.875,0.875
359,max_rounds,0,,,,,1,1,2,1,1,2,2,4,0,0,1,profiled_beam,1,1,0.041925568017177284,0.03888211164157838,27,25,25,25,23,-2,-2,1,1.0,1.0,1.0,1.0,1.0,1,1.0,1.0,1.0,1.0,1.0,1,1.0,1.0,1.0,1.0,1.0,0,0.92,0.9,0.9,0.9,0.925
360,no_strict_e1_improvement,0,,,,,1,0,1,1,1,2,2,4,0,0,-1,current,0,0,0.02178464231546968,0.02178464231546968,34,25,25,25,25,0,0,1,1.0,1.0,1.0,1.0,1.0,1,1.0,1.0,1.0,1.0,1.0,1,1.0,1.0,1.0,1.0,1.0,1,1.0,1.0,1.0,1.0,1.0
361,no_strict_e1_improvement,0,,,,,1,0,1,1,1,2,2,4,0,0,-1,current,0,0,0.069828348653391,0.069828348653391,25,0,0,0,0,0,0,0,0.0,0.75,0.75,0.75,0.75,0,0.0,0.75,0.75,0.75,0.75,0,0.0,0.75,0.75,0.75,0.75,0,0.0,0.75,0.75,0.75,0.75
362,no_strict_e1_improvement,0,,,,,1,0,1,1,1,4,4,4,0,0,-1,current,0,0,0.04796299787849421,0.04796299787849421,26,23,23,23,23,0,0,0,0.92,0.9,0.85,0.875,0.9,0,0.92,0.9,0.85,0.875,0.9,0,0.92,0.9,0.85,0.875,0.9,0,0.92,0.9,0.85,0.875,0.9
363,no_strict_e1_improvement,0,,,,,1,0,1,1,1,1,1,4,0,0,-1,current,0,0,0.049739536244305785,0.049739536244305785,29,25,25,25,25,0,0,1,1.0,1.0,1.0,1.0,1.0,1,1.0,1.0,1.0,1.0,1.0,1,1.0,1.0,1.0,1.0,1.0,1,1.0,1.0,1.0,1.0,1.0
364,max_rounds,0,,,,,1,1,7,6,6,24,24,4,0,2,1,profiled_beam,1,1,0.11518545802682638,0.10110973520204425,19,1,1,1,0,-1,-1,0,0.04,0.4,0.45,0.425,0.425,0,0.04,0.4,0.45,0.425,0.425,0,0.04,0.35,0.4,0.375,0.375,0,0.0,0.5,0.55,0.525,0.55
365,no_strict_e1_improvement,0,,,,,1,0,1,1,1,3,3,4,0,0,-1,current,0,0,0.07762947473675012,0.07762947473675012,27,0,0,0,0,0,0,0,0.0,0.65,0.55,0.6,0.625,0,0.0,0.65,0.55,0.6,0.625,0,0.0,0.65,0.55,0.6,0.625,0,0.0,0.65,0.55,0.6,0.625
366,max_rounds,0,,,,,1,1,3,2,2,8,8,4,0,0,1,profiled_beam,1,1,0.12559233042411505,0.11861632480286062,24,8,8,8,8,0,0,0,0.32,0.4,0.8,0.6,0.625,0,0.32,0.4,0.8,0.6,0.625,0,0.32,0.4,0.8,0.6,0.625,0,0.32,0.4,0.8,0.6,0.625
367,no_strict_e1_improvement,0,,,,,1,0,1,1,1,2,2,4,0,0,-1,current,0,0,0.05973120932467282,0.05973120932467282,24,0,0,0,0,0,0,0,0.0,0.65,0.75,0.7,0.75,0,0.0,0.65,0.75,0.7,0.75,0,0.0,0.65,0.75,0.7,0.75,0,0.0,0.65,0.75,0.7,0.75
368,no_strict_e1_improvement,0,,,,,1,0,2,2,2,7,7,4,0,0,-1,current,0,0,0.06006332556717098,0.06006332556717098,29,25,25,25,25,0,0,1,1.0,1.0,1.0,1.0,1.0,1,1.0,1.0,1.0,1.0,1.0,1,1.0,1.0,1.0,1.0,1.0,1,1.0,1.0,1.0,1.0,1.0
369,max_rounds,0,,,,,1,1,5,4,4,16,16,4,0,0,0,s1a3_greedy,1,0,0.12694836066802964,0.1229097681469284,24,0,0,0,0,0,0,0,0.0,0.45,0.45,0.45,0.475,0,0.0,0.45,0.45,0.45,0.475,0,0.0,0.55,0.45,0.5,0.525,0,0.0,0.55,0.45,0.5,0.525
370,no_strict_e1_improvement,0,,,,,1,0,1,1,1,2,2,4,0,0,-1,current,0,0,0.07711222171783447,0.07711222171783447,31,0,0,0,0,0,0,0,0.0,1.0,0.75,0.875,0.875,0,0.0,1.0,0.75,0.875,0.875,0,0.0,1.0,0.75,0.875,0.875,0,0.0,1.0,0.75,0.875,0.875
371,max_rounds,0,,,,,1,1,3,2,2,6,6,4,-1,0,0,s1a3_greedy,1,0,0.07098664157092571,0.029787203017622232,32,0,0,25,25,25,0,0,0.0,0.9,0.75,0.825,0.825,0,0.0,0.9,0.75,0.825,0.825,1,1.0,1.0,1.0,1.0,1.0,1,1.0,1.0,1.0,1.0,1.0
372,no_strict_e1_improvement,0,,,,,1,0,1,1,1,2,2,4,0,0,-1,current,0,0,0.050466388929635286,0.050466388929635286,31,0,0,0,0,0,0,0,0.0,0.85,0.75,0.8,0.825,0,0.0,0.85,0.75,0.8,0.825,0,0.0,0.85,0.75,0.8,0.825,0,0.0,0.85,0.75,0.8,0.825
373,no_strict_e1_improvement,0,,,,,1,0,1,1,1,1,1,4,0,0,-1,current,0,0,0.008889154368080198,0.008889154368080198,36,25,25,25,25,0,0,1,1.0,1.0,1.0,1.0,1.0,1,1.0,1.0,1.0,1.0,1.0,1,1.0,1.0,1.0,1.0,1.0,1,1.0,1.0,1.0,1.0,1.0
374,max_rounds,0,,,,,1,1,2,2,2,7,7,4,-1,0,0,s1a3_greedy,1,0,0.04501654738560319,0.035695111565291884,31,0,0,25,25,25,0,0,0.0,0.95,0.75,0.85,0.85,0,0.0,0.95,0.75,0.85,0.85,1,1.0,1.0,1.0,1.0,1.0,1,1.0,1.0,1.0,1.0,1.0
375,no_strict_e1_improvement,0,,,,,1,0,1,1,1,3,3,4,0,0,-1,current,0,0,0.09486838299490045,0.09486838299490045,27,10,10,10,10,0,0,0,0.4,0.55,0.75,0.65,0.7,0,0.4,0.55,0.75,0.65,0.7,0,0.4,0.55,0.75,0.65,0.7,0,0.4,0.55,0.75,0.65,0.7
376,no_strict_e1_improvement,0,,,,,1,0,1,1,1,4,4,4,0,0,-1,current,0,0,0.05693367974017747,0.05693367974017747,29,0,0,0,0,0,0,0,0.0,0.85,0.75,0.8,0.825,0,0.0,0.85,0.75,0.8,0.825,0,0.0,0.85,0.75,0.8,0.825,0,0.0,0.85,0.75,0.8,0.825
377,no_strict_e1_improvement,0,,,,,1,0,1,1,1,1,1,4,0,0,-1,current,0,0,0.033367629465647045,0.033367629465647045,27,25,25,25,25,0,0,1,1.0,1.0,1.0,1.0,1.0,1,1.0,1.0,1.0,1.0,1.0,1,1.0,1.0,1.0,1.0,1.0,1,1.0,1.0,1.0,1.0,1.0
378,no_strict_e1_improvement,0,,,,,1,0,1,1,1,1,1,4,0,0,-1,current,0,0,0.015636627469211815,0.015636627469211815,37,25,25,25,25,0,0,1,1.0,1.0,1.0,1.0,1.0,1,1.0,1.0,1.0,1.0,1.0,1,1.0,1.0,1.0,1.0,1.0,1,1.0,1.0,1.0,1.0,1.0
379,no_strict_e1_improvement,0,,,,,1,0,1,1,1,2,2,4,0,0,-1,current,0,0,0.0386174745624885,0.0386174745624885,28,0,0,0,0,0,0,0,0.0,0.75,0.9,0.825,0.825,0,0.0,0.75,0.9,0.825,0.825,0,0.0,0.75,0.9,0.825,0.825,0,0.0,0.75,0.9,0.825,0.825
380,no_strict_e1_improvement,0,,,,,1,0,1,1,1,2,2,4,0,0,-1,current,0,0,0.017029900872148573,0.017029900872148573,30,0,0,0,0,0,0,0,0.0,0.75,1.0,0.875,0.875,0,0.0,0.75,1.0,0.875,0.875,0,0.0,0.75,1.0,0.875,0.875,0,0.0,0.75,1.0,0.875,0.875
381,max_rounds,0,,,,,1,1,3,2,2,8,8,4,0,0,1,profiled_beam,1,1,0.13241025456227362,0.10053571453318,21,2,2,2,4,2,2,0,0.08,0.75,0.5,0.625,0.65,0,0.08,0.75,0.5,0.625,0.65,0,0.08,0.75,0.5,0.625,0.65,0,0.16,0.75,0.55,0.65,0.65
382,no_strict_e1_improvement,0,,,,,1,0,1,1,1,1,1,4,0,0,-1,current,0,0,0.028274149091157597,0.028274149091157597,32,25,25,25,25,0,0,1,1.0,1.0,1.0,1.0,1.0,1,1.0,1.0,1.0,1.0,1.0,1,1.0,1.0,1.0,1.0,1.0,1,1.0,1.0,1.0,1.0,1.0
383,no_strict_e1_improvement,0,,,,,1,0,1,1,1,2,2,4,0,0,-1,current,0,0,0.03907763920724392,0.03907763920724392,30,0,0,0,0,0,0,0,0.0,0.75,0.95,0.85,0.85,0,0.0,0.75,0.95,0.85,0.85,0,0.0,0.75,0.95,0.85,0.85,0,0.0,0.75,0.95,0.85,0.85
384,no_strict_e1_improvement,0,,,,,1,0,8,8,8,30,30,4,0,0,-1,current,0,0,0.0567109655647073,0.0567109655647073,23,25,25,25,25,0,0,1,1.0,1.0,1.0,1.0,1.0,1,1.0,1.0,1.0,1.0,1.0,1,1.0,1.0,1.0,1.0,1.0,1,1.0,1.0,1.0,1.0,1.0
385,no_strict_e1_improvement,0,,,,,1,0,1,1,1,1,1,4,0,0,-1,current,0,0,0.03615898406133056,0.03615898406133056,31,25,25,25,25,0,0,1,1.0,1.0,1.0,1.0,1.0,1,1.0,1.0,1.0,1.0,1.0,1,1.0,1.0,1.0,1.0,1.0,1,1.0,1.0,1.0,1.0,1.0
386,no_strict_e1_improvement,0,,,,,1,0,1,1,1,4,4,4,0,0,-1,current,0,0,0.0410963013622677,0.0410963013622677,32,25,25,25,25,0,0,1,1.0,1.0,1.0,1.0,1.0,1,1.0,1.0,1.0,1.0,1.0,1,1.0,1.0,1.0,1.0,1.0,1,1.0,1.0,1.0,1.0,1.0
387,max_rounds,0,,,,,1,1,2,2,2,6,6,4,0,-1,0,s1a3_greedy,1,0,0.029521449585445225,0.025075847376137973,30,0,0,0,0,0,0,0,0.0,0.75,1.0,0.875,0.875,0,0.0,0.75,1.0,0.875,0.875,0,0.0,0.75,1.0,0.875,0.875,0,0.0,0.75,1.0,0.875,0.875
388,no_strict_e1_improvement,0,,,,,1,0,1,1,1,1,1,4,0,0,-1,current,0,0,0.009859661245718599,0.009859661245718599,35,25,25,25,25,0,0,1,1.0,1.0,1.0,1.0,1.0,1,1.0,1.0,1.0,1.0,1.0,1,1.0,1.0,1.0,1.0,1.0,1,1.0,1.0,1.0,1.0,1.0
389,no_strict_e1_improvement,0,,,,,1,0,1,1,1,2,2,4,0,0,-1,current,0,0,0.014575260595302097,0.014575260595302097,36,0,0,0,0,0,0,0,0.0,0.75,1.0,0.875,0.875,0,0.0,0.75,1.0,0.875,0.875,0,0.0,0.75,1.0,0.875,0.875,0,0.0,0.75,1.0,0.875,0.875
390,max_rounds,0,,,,,1,1,3,2,2,8,8,4,0,0,1,profiled_beam,1,1,0.08736453605815768,0.07975578019395471,24,0,0,0,0,0,0,0,0.0,0.65,0.65,0.65,0.7,0,0.0,0.65,0.65,0.65,0.7,0,0.0,0.65,0.65,0.65,0.7,0,0.0,0.65,0.55,0.6,0.65
391,no_strict_e1_improvement,0,,,,,1,0,1,1,1,4,4,4,0,0,-1,current,0,0,0.055846762311193746,0.055846762311193746,27,0,0,0,0,0,0,0,0.0,0.75,0.85,0.8,0.8,0,0.0,0.75,0.85,0.8,0.8,0,0.0,0.75,0.85,0.8,0.8,0,0.0,0.75,0.85,0.8,0.8
392,max_rounds,0,,,,,1,1,4,3,3,12,12,4,0,2,1,profiled_beam,1,1,0.13945199484005572,0.1104990741237998,22,0,0,14,15,15,1,0,0.0,0.6,0.65,0.625,0.625,0,0.0,0.6,0.65,0.625,0.625,0,0.56,0.6,0.6,0.6,0.6,0,0.6,0.5,0.55,0.525,0.675
393,max_rounds,0,,,,,1,1,7,6,6,24,24,4,0,1,1,profiled_beam,1,1,0.109275799014722,0.09403548743284773,22,0,0,0,6,6,6,0,0.0,0.6,0.9,0.75,0.75,0,0.0,0.6,0.9,0.75,0.75,0,0.0,0.6,0.9,0.75,0.75,0,0.24,0.55,0.6,0.575,0.65
394,no_strict_e1_improvement,0,,,,,1,0,2,2,2,8,8,4,0,0,-1,current,0,0,0.1083056393021252,0.1083056393021252,26,9,9,9,9,0,0,0,0.36,0.55,0.75,0.65,0.65,0,0.36,0.55,0.75,0.65,0.65,0,0.36,0.55,0.75,0.65,0.65,0,0.36,0.55,0.75,0.65,0.65
395,no_strict_e1_improvement,0,,,,,1,0,3,3,3,11,11,4,0,0,-1,current,0,0,0.037511790834832935,0.037511790834832935,28,25,25,25,25,0,0,1,1.0,1.0,1.0,1.0,1.0,1,1.0,1.0,1.0,1.0,1.0,1,1.0,1.0,1.0,1.0,1.0,1,1.0,1.0,1.0,1.0,1.0
396,no_strict_e1_improvement,0,,,,,1,0,1,1,1,4,4,4,0,0,-1,current,0,0,0.055442758748540655,0.055442758748540655,28,21,21,21,21,0,0,0,0.84,0.7,0.9,0.8,0.85,0,0.84,0.7,0.9,0.8,0.85,0,0.84,0.7,0.9,0.8,0.85,0,0.84,0.7,0.9,0.8,0.85
397,no_strict_e1_improvement,0,,,,,1,0,1,1,1,2,2,4,0,0,-1,current,0,0,0.03615518818842247,0.03615518818842247,31,22,22,22,22,0,0,0,0.88,0.9,0.85,0.875,0.875,0,0.88,0.9,0.85,0.875,0.875,0,0.88,0.9,0.85,0.875,0.875,0,0.88,0.9,0.85,0.875,0.875
398,max_rounds,0,,,,,1,1,17,16,16,64,64,4,0,0,1,profiled_beam,1,1,0.2539662637980655,0.17402891592064407,9,1,1,0,0,-1,0,0,0.04,0.0,0.2,0.1,0.1,0,0.04,0.0,0.2,0.1,0.1,0,0.0,0.15,0.1,0.125,0.125,0,0.0,0.3,0.25,0.275,0.3
399,no_strict_e1_improvement,0,,,,,1,0,1,1,1,2,2,4,0,0,-1,current,0,0,0.056619938206858934,0.056619938206858934,25,1,1,1,1,0,0,0,0.04,0.6,0.9,0.75,0.775,0,0.04,0.6,0.9,0.75,0.775,0,0.04,0.6,0.9,0.75,0.775,0,0.04,0.6,0.9,0.75,0.775
400,no_strict_e1_improvement,0,,,,,1,0,1,1,1,3,3,4,0,0,-1,current,0,0,0.04745152890682221,0.04745152890682221,29,25,25,25,25,0,0,1,1.0,1.0,1.0,1.0,1.0,1,1.0,1.0,1.0,1.0,1.0,1,1.0,1.0,1.0,1.0,1.0,1,1.0,1.0,1.0,1.0,1.0
401,max_rounds,0,,,,,1,1,2,2,2,7,7,4,-1,0,1,profiled_beam,1,1,0.09673722322331742,0.046423648030031475,29,0,0,23,25,25,2,0,0.0,0.95,0.75,0.85,0.85,0,0.0,0.95,0.75,0.85,0.85,0,0.92,0.85,0.9,0.875,0.9,1,1.0,1.0,1.0,1.0,1.0
402,no_strict_e1_improvement,0,,,,,1,0,1,1,1,2,2,4,0,0,-1,current,0,0,0.05459082784364,0.05459082784364,33,25,25,25,25,0,0,1,1.0,1.0,1.0,1.0,1.0,1,1.0,1.0,1.0,1.0,1.0,1,1.0,1.0,1.0,1.0,1.0,1,1.0,1.0,1.0,1.0,1.0
403,no_strict_e1_improvement,0,,,,,1,0,1,1,1,3,3,4,0,0,-1,current,0,0,0.08444069076067535,0.08444069076067535,28,0,0,0,0,0,0,0,0.0,0.75,0.9,0.825,0.825,0,0.0,0.75,0.9,0.825,0.825,0,0.0,0.75,0.9,0.825,0.825,0,0.0,0.75,0.9,0.825,0.825
404,max_rounds,0,,,,,1,1,2,1,1,3,3,4,0,0,0,s1a3_greedy,1,0,0.07226017750799656,0.0685010727494955,23,0,0,0,0,0,0,0,0.0,0.65,0.9,0.775,0.8,0,0.0,0.65,0.9,0.775,0.8,0,0.0,0.65,0.8,0.725,0.775,0,0.0,0.65,0.8,0.725,0.775
405,no_strict_e1_improvement,0,,,,,1,0,1,1,1,1,1,4,0,0,-1,current,0,0,0.013119098404422403,0.013119098404422403,36,25,25,25,25,0,0,1,1.0,1.0,1.0,1.0,1.0,1,1.0,1.0,1.0,1.0,1.0,1,1.0,1.0,1.0,1.0,1.0,1,1.0,1.0,1.0,1.0,1.0
406,max_rounds,0,,,,,1,1,3,2,2,7,7,4,0,0,1,profiled_beam,1,1,0.0624198455363512,0.05750247766263783,28,23,23,22,23,0,1,0,0.92,0.9,0.9,0.9,0.925,0,0.92,0.9,0.9,0.9,0.925,0,0.88,0.85,0.9,0.875,0.875,0,0.92,0.9,0.85,0.875,0.9
407,no_strict_e1_improvement,0,,,,,1,0,1,1,1,4,4,4,0,0,-1,current,0,0,0.0327082852832973,0.0327082852832973,34,25,25,25,25,0,0,1,1.0,1.0,1.0,1.0,1.0,1,1.0,1.0,1.0,1.0,1.0,1,1.0,1.0,1.0,1.0,1.0,1,1.0,1.0,1.0,1.0,1.0
408,no_strict_e1_improvement,0,,,,,1,0,1,1,1,1,1,4,0,0,-1,current,0,0,0.021854947740212082,0.021854947740212082,34,25,25,25,25,0,0,1,1.0,1.0,1.0,1.0,1.0,1,1.0,1.0,1.0,1.0,1.0,1,1.0,1.0,1.0,1.0,1.0,1,1.0,1.0,1.0,1.0,1.0
409,no_strict_e1_improvement,0,,,,,1,0,1,1,1,4,4,4,0,0,-1,current,0,0,0.042738663649652155,0.042738663649652155,30,0,0,0,0,0,0,0,0.0,0.8,0.65,0.725,0.725,0,0.0,0.8,0.65,0.725,0.725,0,0.0,0.8,0.65,0.725,0.725,0,0.0,0.8,0.65,0.725,0.725
410,max_rounds,0,,,,,1,1,2,1,1,4,4,4,0,0,1,profiled_beam,1,1,0.059805692126974466,0.058047707891091704,28,0,0,0,0,0,0,0,0.0,0.75,0.95,0.85,0.85,0,0.0,0.75,0.95,0.85,0.85,0,0.0,0.75,0.95,0.85,0.85,0,0.0,0.75,0.9,0.825,0.825
411,no_strict_e1_improvement,0,,,,,1,0,1,1,1,1,1,4,0,0,-1,current,0,0,0.018447017716243862,0.018447017716243862,36,25,25,25,25,0,0,1,1.0,1.0,1.0,1.0,1.0,1,1.0,1.0,1.0,1.0,1.0,1,1.0,1.0,1.0,1.0,1.0,1,1.0,1.0,1.0,1.0,1.0
412,no_strict_e1_improvement,0,,,,,1,0,1,1,1,4,4,4,0,0,-1,current,0,0,0.04597302606562152,0.04597302606562152,30,0,0,0,0,0,0,0,0.0,0.75,0.75,0.75,0.75,0,0.0,0.75,0.75,0.75,0.75,0,0.0,0.75,0.75,0.75,0.75,0,0.0,0.75,0.75,0.75,0.75
413,max_rounds,0,,,,,1,1,5,4,4,16,16,4,1,0,1,profiled_beam,1,1,0.17555621013743802,0.03815574845066294,27,3,3,0,23,20,23,0,0.12,0.65,0.4,0.525,0.6,0,0.12,0.65,0.4,0.525,0.6,0,0.0,0.65,0.6,0.625,0.725,0,0.92,0.9,0.8,0.85,0.9
414,no_strict_e1_improvement,0,,,,,1,0,1,1,1,1,1,4,0,0,-1,current,0,0,0.0038120067678391934,0.0038120067678391934,38,25,25,25,25,0,0,1,1.0,1.0,1.0,1.0,1.0,1,1.0,1.0,1.0,1.0,1.0,1,1.0,1.0,1.0,1.0,1.0,1,1.0,1.0,1.0,1.0,1.0
415,no_strict_e1_improvement,0,,,,,1,0,1,1,1,1,1,4,0,0,-1,current,0,0,0.0043854243122041225,0.0043854243122041225,39,25,25,25,25,0,0,1,1.0,1.0,1.0,1.0,1.0,1,1.0,1.0,1.0,1.0,1.0,1,1.0,1.0,1.0,1.0,1.0,1,1.0,1.0,1.0,1.0,1.0
416,no_strict_e1_improvement,0,,,,,1,0,1,1,1,3,3,4,0,0,-1,current,0,0,0.061729522235691545,0.061729522235691545,23,0,0,0,0,0,0,0,0.0,0.95,0.75,0.85,0.85,0,0.0,0.95,0.75,0.85,0.85,0,0.0,0.95,0.75,0.85,0.85,0,0.0,0.95,0.75,0.85,0.85
417,no_strict_e1_improvement,0,,,,,1,0,1,1,1,1,1,4,0,0,-1,current,0,0,0.00768043715506792,0.00768043715506792,38,25,25,25,25,0,0,1,1.0,1.0,1.0,1.0,1.0,1,1.0,1.0,1.0,1.0,1.0,1,1.0,1.0,1.0,1.0,1.0,1,1.0,1.0,1.0,1.0,1.0
418,no_strict_e1_improvement,0,,,,,1,0,1,1,1,4,4,4,0,0,-1,current,0,0,0.05766908745281398,0.05766908745281398,24,0,0,0,0,0,0,0,0.0,0.9,0.75,0.825,0.825,0,0.0,0.9,0.75,0.825,0.825,0,0.0,0.9,0.75,0.825,0.825,0,0.0,0.9,0.75,0.825,0.825
419,no_strict_e1_improvement,0,,,,,1,0,1,1,1,3,3,4,0,0,-1,current,0,0,0.07819769712714333,0.07819769712714333,24,0,0,0,0,0,0,0,0.0,0.65,0.7,0.675,0.675,0,0.0,0.65,0.7,0.675,0.675,0,0.0,0.65,0.7,0.675,0.675,0,0.0,0.65,0.7,0.675,0.675
420,max_rounds,0,,,,,1,1,4,3,3,12,12,4,0,-1,0,s1a3_greedy,1,0,0.1792768394574523,0.06485070309136062,31,0,0,20,20,20,0,0,0.0,0.5,0.8,0.65,0.7,0,0.0,0.5,0.8,0.65,0.7,0,0.8,0.75,0.95,0.85,0.85,0,0.8,0.75,0.95,0.85,0.85
421,no_strict_e1_improvement,0,,,,,1,0,9,8,8,30,30,4,0,0,-1,current,0,0,0.08986595765309176,0.08986595765309176,21,1,1,1,1,0,0,0,0.04,0.5,0.6,0.55,0.6,0,0.04,0.5,0.6,0.55,0.6,0,0.04,0.5,0.6,0.55,0.6,0,0.04,0.5,0.6,0.55,0.6
422,max_rounds,0,,,,,1,1,3,2,2,5,5,4,0,0,1,profiled_beam,1,1,0.11320859459228813,0.09159842771477997,25,0,0,0,0,0,0,0,0.0,0.55,0.55,0.55,0.55,0,0.0,0.55,0.55,0.55,0.55,0,0.0,0.55,0.55,0.55,0.575,0,0.0,0.6,0.55,0.575,0.575
423,max_rounds,0,,,,,1,1,2,2,2,7,7,4,1,0,1,profiled_beam,1,1,0.08534768437675666,0.07325157437880989,27,25,25,0,0,-25,0,1,1.0,1.0,1.0,1.0,1.0,1,1.0,1.0,1.0,1.0,1.0,0,0.0,0.95,0.75,0.85,0.85,0,0.0,1.0,0.75,0.875,0.875
424,max_rounds,0,,,,,1,1,13,12,12,47,47,4,-1,1,1,profiled_beam,1,1,0.15358211228158325,0.134675157465972,19,0,0,1,0,0,-1,0,0.0,0.55,0.45,0.5,0.55,0,0.0,0.55,0.45,0.5,0.55,0,0.04,0.5,0.35,0.425,0.45,0,0.0,0.55,0.45,0.5,0.55
425,max_rounds,0,,,,,1,1,4,3,3,11,11,4,0,-2,0,s1a3_greedy,1,0,0.08531770864501595,0.05058850031346083,29,0,0,0,0,0,0,0,0.0,0.75,0.75,0.75,0.75,0,0.0,0.75,0.75,0.75,0.75,0,0.0,1.0,0.75,0.875,0.875,0,0.0,1.0,0.75,0.875,0.875
426,max_rounds,0,,,,,1,1,2,1,1,3,3,4,0,0,1,profiled_beam,1,1,0.08684684629552067,0.05404224079102278,32,0,0,0,0,0,0,0,0.0,0.75,0.9,0.825,0.825,0,0.0,0.75,0.9,0.825,0.825,0,0.0,0.75,0.9,0.825,0.825,0,0.0,0.75,1.0,0.875,0.875
427,no_strict_e1_improvement,0,,,,,1,0,1,1,1,2,2,4,0,0,-1,current,0,0,0.01777523924029083,0.01777523924029083,34,25,25,25,25,0,0,1,1.0,1.0,1.0,1.0,1.0,1,1.0,1.0,1.0,1.0,1.0,1,1.0,1.0,1.0,1.0,1.0,1,1.0,1.0,1.0,1.0,1.0
428,no_strict_e1_improvement,0,,,,,1,0,1,1,1,1,1,4,0,0,-1,current,0,0,0.02386568197980523,0.02386568197980523,34,25,25,25,25,0,0,1,1.0,1.0,1.0,1.0,1.0,1,1.0,1.0,1.0,1.0,1.0,1,1.0,1.0,1.0,1.0,1.0,1,1.0,1.0,1.0,1.0,1.0
429,no_strict_e1_improvement,0,,,,,1,0,1,1,1,1,1,4,0,0,-1,current,0,0,0.028586636325781,0.028586636325781,37,25,25,25,25,0,0,1,1.0,1.0,1.0,1.0,1.0,1,1.0,1.0,1.0,1.0,1.0,1,1.0,1.0,1.0,1.0,1.0,1,1.0,1.0,1.0,1.0,1.0
430,max_rounds,0,,,,,1,1,5,4,4,16,16,4,1,0,1,profiled_beam,1,1,0.21759395427070558,0.11534814949263819,19,2,2,0,0,-2,0,0,0.08,0.4,0.45,0.425,0.525,0,0.08,0.4,0.45,0.425,0.525,0,0.0,0.3,0.5,0.4,0.5,0,0.0,0.25,0.5,0.375,0.45
431,max_rounds,0,,,,,1,1,10,9,9,34,34,4,0,2,0,s1a3_greedy,1,0,0.13230901402421297,0.114193852012977,23,0,0,23,23,23,0,0,0.0,0.45,0.75,0.6,0.625,0,0.0,0.45,0.75,0.6,0.625,0,0.92,0.85,0.8,0.825,0.85,0,0.92,0.85,0.8,0.825,0.85
432,no_strict_e1_improvement,0,,,,,1,0,1,1,1,1,1,4,0,0,-1,current,0,0,0.011407169979065657,0.011407169979065657,37,25,25,25,25,0,0,1,1.0,1.0,1.0,1.0,1.0,1,1.0,1.0,1.0,1.0,1.0,1,1.0,1.0,1.0,1.0,1.0,1,1.0,1.0,1.0,1.0,1.0
433,max_rounds,0,,,,,1,1,16,16,16,63,63,4,3,3,1,profiled_beam,1,1,0.17961368666146882,0.16805200442904605,14,11,11,11,1,-10,-10,0,0.44,0.3,0.8,0.55,0.55,0,0.44,0.3,0.8,0.55,0.55,0,0.44,0.3,0.8,0.55,0.55,0,0.04,0.35,0.6,0.475,0.525
434,no_strict_e1_improvement,0,,,,,1,0,2,2,2,6,6,4,0,0,-1,current,0,0,0.045492398686474186,0.045492398686474186,32,25,25,25,25,0,0,1,1.0,1.0,1.0,1.0,1.0,1,1.0,1.0,1.0,1.0,1.0,1,1.0,1.0,1.0,1.0,1.0,1,1.0,1.0,1.0,1.0,1.0
435,no_strict_e1_improvement,0,,,,,1,0,3,2,2,7,7,4,0,0,-1,current,0,0,0.09909943332895636,0.09909943332895636,26,2,2,2,2,0,0,0,0.08,0.5,0.75,0.625,0.675,0,0.08,0.5,0.75,0.625,0.675,0,0.08,0.5,0.75,0.625,0.675,0,0.08,0.5,0.75,0.625,0.675
436,no_strict_e1_improvement,0,,,,,1,0,1,1,1,1,1,4,0,0,-1,current,0,0,0.022716777177993207,0.022716777177993207,31,25,25,25,25,0,0,1,1.0,1.0,1.0,1.0,1.0,1,1.0,1.0,1.0,1.0,1.0,1,1.0,1.0,1.0,1.0,1.0,1,1.0,1.0,1.0,1.0,1.0
437,no_strict_e1_improvement,0,,,,,1,0,2,2,2,7,7,4,0,0,-1,current,0,0,0.0902098287770059,0.0902098287770059,24,0,0,0,0,0,0,0,0.0,0.75,0.9,0.825,0.825,0,0.0,0.75,0.9,0.825,0.825,0,0.0,0.75,0.9,0.825,0.825,0,0.0,0.75,0.9,0.825,0.825
438,no_strict_e1_improvement,0,,,,,1,0,1,1,1,1,1,4,0,0,-1,current,0,0,0.020520821562968194,0.020520821562968194,29,25,25,25,25,0,0,1,1.0,1.0,1.0,1.0,1.0,1,1.0,1.0,1.0,1.0,1.0,1,1.0,1.0,1.0,1.0,1.0,1,1.0,1.0,1.0,1.0,1.0
439,max_rounds,0,,,,,1,1,7,6,6,22,22,4,-2,-1,0,s1a3_greedy,1,0,0.09865300757810473,0.037254799716174604,32,0,0,25,25,25,0,0,0.0,0.85,0.75,0.8,0.8,0,0.0,0.85,0.75,0.8,0.8,1,1.0,1.0,1.0,1.0,1.0,1,1.0,1.0,1.0,1.0,1.0
440,no_strict_e1_improvement,0,,,,,1,0,1,1,1,1,1,4,0,0,-1,current,0,0,0.020957405189983548,0.020957405189983548,29,25,25,25,25,0,0,1,1.0,1.0,1.0,1.0,1.0,1,1.0,1.0,1.0,1.0,1.0,1,1.0,1.0,1.0,1.0,1.0,1,1.0,1.0,1.0,1.0,1.0
441,max_rounds,0,,,,,1,1,3,2,2,8,8,4,0,0,0,s1a3_greedy,1,0,0.11389978208462707,0.11358565060072578,20,0,0,0,0,0,0,0,0.0,0.6,0.35,0.475,0.55,0,0.0,0.6,0.35,0.475,0.55,0,0.0,0.65,0.5,0.575,0.65,0,0.0,0.65,0.5,0.575,0.65
442,no_strict_e1_improvement,0,,,,,1,0,1,1,1,2,2,4,0,0,-1,current,0,0,0.038042591864359564,0.038042591864359564,33,25,25,25,25,0,0,1,1.0,1.0,1.0,1.0,1.0,1,1.0,1.0,1.0,1.0,1.0,1,1.0,1.0,1.0,1.0,1.0,1,1.0,1.0,1.0,1.0,1.0
443,max_rounds,0,,,,,1,1,7,6,6,24,24,4,2,0,1,profiled_beam,1,1,0.11894042640924454,0.033506337902508676,38,0,0,0,25,25,25,0,0.0,0.8,0.75,0.775,0.775,0,0.0,0.8,0.75,0.775,0.775,0,0.0,0.8,0.75,0.775,0.775,1,1.0,1.0,1.0,1.0,1.0
444,max_rounds,0,,,,,1,1,10,9,9,33,33,4,0,0,1,profiled_beam,1,1,0.09211360204499215,0.08735811406513676,23,0,0,0,0,0,0,0,0.0,0.45,0.5,0.475,0.525,0,0.0,0.45,0.5,0.475,0.525,0,0.0,0.45,0.5,0.475,0.525,0,0.0,0.45,0.5,0.475,0.525
445,no_strict_e1_improvement,0,,,,,1,0,2,2,2,8,8,4,0,0,-1,current,0,0,0.08953540909278672,0.08953540909278672,27,21,21,21,21,0,0,0,0.84,0.85,0.8,0.825,0.85,0,0.84,0.85,0.8,0.825,0.85,0,0.84,0.85,0.8,0.825,0.85,0,0.84,0.85,0.8,0.825,0.85
446,max_rounds,0,,,,,1,1,2,1,1,3,3,4,0,0,1,profiled_beam,1,1,0.07329785756446654,0.070232650336402,33,0,0,0,0,0,0,0,0.0,0.95,0.75,0.85,0.85,0,0.0,0.95,0.75,0.85,0.85,0,0.0,0.95,0.75,0.85,0.85,0,0.0,0.9,0.75,0.825,0.825
447,no_strict_e1_improvement,0,,,,,1,0,1,1,1,2,2,4,0,0,-1,current,0,0,0.02208336624316871,0.02208336624316871,30,25,25,25,25,0,0,1,1.0,1.0,1.0,1.0,1.0,1,1.0,1.0,1.0,1.0,1.0,1,1.0,1.0,1.0,1.0,1.0,1,1.0,1.0,1.0,1.0,1.0
448,no_strict_e1_improvement,0,,,,,1,0,1,1,1,4,4,4,0,0,-1,current,0,0,0.0646619309882226,0.0646619309882226,29,13,13,13,13,0,0,0,0.52,0.7,0.75,0.725,0.775,0,0.52,0.7,0.75,0.725,0.775,0,0.52,0.7,0.75,0.725,0.775,0,0.52,0.7,0.75,0.725,0.775
449,no_strict_e1_improvement,0,,,,,1,0,1,1,1,2,2,4,0,0,-1,current,0,0,0.050032860762439665,0.050032860762439665,30,0,0,0,0,0,0,0,0.0,0.75,0.9,0.825,0.825,0,0.0,0.75,0.9,0.825,0.825,0,0.0,0.75,0.9,0.825,0.825,0,0.0,0.75,0.9,0.825,0.825
450,no_strict_e1_improvement,0,,,,,1,0,1,1,1,4,4,4,0,0,-1,current,0,0,0.050177100021392106,0.050177100021392106,33,25,25,25,25,0,0,1,1.0,1.0,1.0,1.0,1.0,1,1.0,1.0,1.0,1.0,1.0,1,1.0,1.0,1.0,1.0,1.0,1,1.0,1.0,1.0,1.0,1.0
451,max_rounds,0,,,,,1,1,7,6,6,23,23,4,1,0,1,profiled_beam,1,1,0.06661446051439271,0.04164391884551151,22,0,0,22,21,21,-1,0,0.0,0.75,0.6,0.675,0.675,0,0.0,0.75,0.6,0.675,0.675,0,0.88,0.85,0.85,0.85,0.85,0,0.84,0.8,0.8,0.8,0.825
452,no_strict_e1_improvement,0,,,,,1,0,1,1,1,3,3,4,0,0,-1,current,0,0,0.06923411865718662,0.06923411865718662,31,0,0,0,0,0,0,0,0.0,0.75,0.9,0.825,0.825,0,0.0,0.75,0.9,0.825,0.825,0,0.0,0.75,0.9,0.825,0.825,0,0.0,0.75,0.9,0.825,0.825
453,max_rounds,0,,,,,1,1,6,6,6,24,24,4,0,-1,1,profiled_beam,1,1,0.1242312073292851,0.09790851121288142,20,18,18,6,5,-13,-1,0,0.72,0.65,0.7,0.675,0.675,0,0.72,0.65,0.7,0.675,0.675,0,0.24,0.65,0.5,0.575,0.625,0,0.2,0.7,0.45,0.575,0.625
454,no_strict_e1_improvement,0,,,,,1,0,1,1,1,1,1,4,0,0,-1,current,0,0,0.017239857846288942,0.017239857846288942,36,25,25,25,25,0,0,1,1.0,1.0,1.0,1.0,1.0,1,1.0,1.0,1.0,1.0,1.0,1,1.0,1.0,1.0,1.0,1.0,1,1.0,1.0,1.0,1.0,1.0
455,no_strict_e1_improvement,0,,,,,1,0,1,1,1,2,2,4,0,0,-1,current,0,0,0.05063975584926084,0.05063975584926084,28,25,25,25,25,0,0,1,1.0,1.0,1.0,1.0,1.0,1,1.0,1.0,1.0,1.0,1.0,1,1.0,1.0,1.0,1.0,1.0,1,1.0,1.0,1.0,1.0,1.0
456,no_strict_e1_improvement,0,,,,,1,0,1,1,1,1,1,4,0,0,-1,current,0,0,0.014919780474156142,0.014919780474156142,36,25,25,25,25,0,0,1,1.0,1.0,1.0,1.0,1.0,1,1.0,1.0,1.0,1.0,1.0,1,1.0,1.0,1.0,1.0,1.0,1,1.0,1.0,1.0,1.0,1.0
457,no_strict_e1_improvement,0,,,,,1,0,3,3,3,12,12,4,0,0,-1,current,0,0,0.07513419247698039,0.07513419247698039,27,0,0,0,0,0,0,0,0.0,1.0,0.75,0.875,0.875,0,0.0,1.0,0.75,0.875,0.875,0,0.0,1.0,0.75,0.875,0.875,0,0.0,1.0,0.75,0.875,0.875
458,no_strict_e1_improvement,0,,,,,1,0,1,1,1,4,4,4,0,0,-1,current,0,0,0.10927657071733847,0.10927657071733847,26,16,16,16,16,0,0,0,0.64,0.85,0.7,0.775,0.775,0,0.64,0.85,0.7,0.775,0.775,0,0.64,0.85,0.7,0.775,0.775,0,0.64,0.85,0.7,0.775,0.775
459,no_strict_e1_improvement,0,,,,,1,0,1,1,1,2,2,4,0,0,-1,current,0,0,0.03494155003281776,0.03494155003281776,32,25,25,25,25,0,0,1,1.0,1.0,1.0,1.0,1.0,1,1.0,1.0,1.0,1.0,1.0,1,1.0,1.0,1.0,1.0,1.0,1,1.0,1.0,1.0,1.0,1.0
460,no_strict_e1_improvement,0,,,,,1,0,1,1,1,1,1,4,0,0,-1,current,0,0,0.0318809081800282,0.0318809081800282,33,25,25,25,25,0,0,1,1.0,1.0,1.0,1.0,1.0,1,1.0,1.0,1.0,1.0,1.0,1,1.0,1.0,1.0,1.0,1.0,1,1.0,1.0,1.0,1.0,1.0
461,max_rounds,0,,,,,1,1,7,6,6,21,21,4,-1,0,1,profiled_beam,1,1,0.09558145767077804,0.04508066757116467,24,0,0,0,0,0,0,0,0.0,0.75,0.75,0.75,0.75,0,0.0,0.75,0.75,0.75,0.75,0,0.0,1.0,0.75,0.875,0.875,0,0.0,1.0,0.75,0.875,0.875
462,no_strict_e1_improvement,0,,,,,1,0,1,1,1,1,1,4,0,0,-1,current,0,0,0.009782067919149994,0.009782067919149994,37,25,25,25,25,0,0,1,1.0,1.0,1.0,1.0,1.0,1,1.0,1.0,1.0,1.0,1.0,1,1.0,1.0,1.0,1.0,1.0,1,1.0,1.0,1.0,1.0,1.0
463,max_rounds,0,,,,,1,1,5,4,4,16,16,4,1,0,1,profiled_beam,1,1,0.1542484020872507,0.14702045294106939,20,0,0,0,0,0,0,0,0.0,0.4,0.35,0.375,0.4,0,0.0,0.4,0.35,0.375,0.4,0,0.0,0.35,0.4,0.375,0.45,0,0.0,0.3,0.45,0.375,0.45
464,no_strict_e1_improvement,0,,,,,1,0,1,1,1,2,2,4,0,0,-1,current,0,0,0.028872008970938622,0.028872008970938622,35,0,0,0,0,0,0,0,0.0,0.75,1.0,0.875,0.875,0,0.0,0.75,1.0,0.875,0.875,0,0.0,0.75,1.0,0.875,0.875,0,0.0,0.75,1.0,0.875,0.875
465,no_strict_e1_improvement,0,,,,,1,0,1,1,1,3,3,4,0,0,-1,current,0,0,0.052709927409887315,0.052709927409887315,31,0,0,0,0,0,0,0,0.0,0.75,0.75,0.75,0.75,0,0.0,0.75,0.75,0.75,0.75,0,0.0,0.75,0.75,0.75,0.75,0,0.0,0.75,0.75,0.75,0.75
466,no_strict_e1_improvement,0,,,,,1,0,1,1,1,1,1,4,0,0,-1,current,0,0,0.01878268038854003,0.01878268038854003,34,0,0,0,0,0,0,0,0.0,0.9,0.75,0.825,0.825,0,0.0,0.9,0.75,0.825,0.825,0,0.0,0.9,0.75,0.825,0.825,0,0.0,0.9,0.75,0.825,0.825
467,no_strict_e1_improvement,0,,,,,1,0,1,1,1,2,2,4,0,0,-1,current,0,0,0.026773130820947698,0.026773130820947698,32,25,25,25,25,0,0,1,1.0,1.0,1.0,1.0,1.0,1,1.0,1.0,1.0,1.0,1.0,1,1.0,1.0,1.0,1.0,1.0,1,1.0,1.0,1.0,1.0,1.0
468,max_rounds,0,,,,,1,1,3,2,2,7,7,4,-1,0,0,s1a3_greedy,1,0,0.07394399123732001,0.0333154913270846,30,0,0,25,25,25,0,0,0.0,0.9,0.75,0.825,0.825,0,0.0,0.9,0.75,0.825,0.825,1,1.0,1.0,1.0,1.0,1.0,1,1.0,1.0,1.0,1.0,1.0
469,no_strict_e1_improvement,0,,,,,1,0,3,3,3,11,11,4,0,0,-1,current,0,0,0.040197608061134815,0.040197608061134815,32,25,25,25,25,0,0,1,1.0,1.0,1.0,1.0,1.0,1,1.0,1.0,1.0,1.0,1.0,1,1.0,1.0,1.0,1.0,1.0,1,1.0,1.0,1.0,1.0,1.0
470,no_strict_e1_improvement,0,,,,,1,0,1,1,1,2,2,4,0,0,-1,current,0,0,0.0401011083740741,0.0401011083740741,31,25,25,25,25,0,0,1,1.0,1.0,1.0,1.0,1.0,1,1.0,1.0,1.0,1.0,1.0,1,1.0,1.0,1.0,1.0,1.0,1,1.0,1.0,1.0,1.0,1.0
471,max_rounds,0,,,,,1,1,7,6,6,20,20,4,0,-1,0,s1a3_greedy,1,0,0.1058202886255458,0.07150706213433296,22,0,0,25,25,25,0,0,0.0,0.75,1.0,0.875,0.875,0,0.0,0.75,1.0,0.875,0.875,1,1.0,1.0,1.0,1.0,1.0,1,1.0,1.0,1.0,1.0,1.0
472,no_strict_e1_improvement,0,,,,,1,0,1,1,1,1,1,4,0,0,-1,current,0,0,0.009278387390077114,0.009278387390077114,39,25,25,25,25,0,0,1,1.0,1.0,1.0,1.0,1.0,1,1.0,1.0,1.0,1.0,1.0,1,1.0,1.0,1.0,1.0,1.0,1,1.0,1.0,1.0,1.0,1.0
473,no_strict_e1_improvement,0,,,,,1,0,3,3,3,7,7,4,0,0,-1,current,0,0,0.1088292884756811,0.1088292884756811,25,0,0,0,0,0,0,0,0.0,0.75,0.35,0.55,0.55,0,0.0,0.75,0.35,0.55,0.55,0,0.0,0.75,0.35,0.55,0.55,0,0.0,0.75,0.35,0.55,0.55
474,max_rounds,0,,,,,1,1,4,4,4,10,10,4,-1,0,0,s1a3_greedy,1,0,0.06089334157295525,0.0436322006280534,27,0,0,25,25,25,0,0,0.0,1.0,0.75,0.875,0.875,0,0.0,1.0,0.75,0.875,0.875,1,1.0,1.0,1.0,1.0,1.0,1,1.0,1.0,1.0,1.0,1.0
475,max_rounds,0,,,,,1,1,3,2,2,8,8,4,0,-1,1,profiled_beam,1,1,0.09145060302689671,0.06132814809679985,27,20,20,0,0,-20,0,0,0.8,0.75,0.75,0.75,0.8,0,0.8,0.75,0.75,0.75,0.8,0,0.0,0.6,0.7,0.65,0.7,0,0.0,0.6,0.7,0.65,0.725
476,no_strict_e1_improvement,0,,,,,1,0,1,1,1,1,1,4,0,0,-1,current,0,0,0.03310631695203483,0.03310631695203483,32,25,25,25,25,0,0,1,1.0,1.0,1.0,1.0,1.0,1,1.0,1.0,1.0,1.0,1.0,1,1.0,1.0,1.0,1.0,1.0,1,1.0,1.0,1.0,1.0,1.0
477,no_strict_e1_improvement,0,,,,,1,0,1,1,1,1,1,4,0,0,-1,current,0,0,0.014369371626526118,0.014369371626526118,35,0,0,0,0,0,0,0,0.0,0.75,1.0,0.875,0.875,0,0.0,0.75,1.0,0.875,0.875,0,0.0,0.75,1.0,0.875,0.875,0,0.0,0.75,1.0,0.875,0.875
478,no_strict_e1_improvement,0,,,,,1,0,1,1,1,4,4,4,0,0,-1,current,0,0,0.04342498059559148,0.04342498059559148,29,0,0,0,0,0,0,0,0.0,1.0,0.75,0.875,0.875,0,0.0,1.0,0.75,0.875,0.875,0,0.0,1.0,0.75,0.875,0.875,0,0.0,1.0,0.75,0.875,0.875
479,no_strict_e1_improvement,0,,,,,1,0,1,1,1,2,2,4,0,0,-1,current,0,0,0.08390766391530632,0.08390766391530632,31,19,19,19,19,0,0,0,0.76,0.85,0.8,0.825,0.825,0,0.76,0.85,0.8,0.825,0.825,0,0.76,0.85,0.8,0.825,0.825,0,0.76,0.85,0.8,0.825,0.825
480,max_rounds,0,,,,,1,1,3,2,2,8,8,4,0,0,1,profiled_beam,1,1,0.10431482968851924,0.08675720968749374,21,4,4,4,3,-1,-1,0,0.16,0.2,0.65,0.425,0.525,0,0.16,0.2,0.65,0.425,0.525,0,0.16,0.2,0.65,0.425,0.525,0,0.12,0.45,0.9,0.675,0.75
481,no_strict_e1_improvement,0,,,,,1,0,1,1,1,1,1,4,0,0,-1,current,0,0,0.03170615879353136,0.03170615879353136,32,19,19,19,19,0,0,0,0.76,0.7,0.75,0.725,0.75,0,0.76,0.7,0.75,0.725,0.75,0,0.76,0.7,0.75,0.725,0.75,0,0.76,0.7,0.75,0.725,0.75
482,max_rounds,0,,,,,1,1,4,3,3,12,12,4,0,0,1,profiled_beam,1,1,0.0829378823749721,0.029961763974279167,35,15,15,15,25,10,10,0,0.6,0.75,0.9,0.825,0.825,0,0.6,0.75,0.9,0.825,0.825,0,0.6,0.75,0.9,0.825,0.825,1,1.0,1.0,1.0,1.0,1.0
483,no_strict_e1_improvement,0,,,,,1,0,1,1,1,1,1,4,0,0,-1,current,0,0,0.010163359536090866,0.010163359536090866,37,25,25,25,25,0,0,1,1.0,1.0,1.0,1.0,1.0,1,1.0,1.0,1.0,1.0,1.0,1,1.0,1.0,1.0,1.0,1.0,1,1.0,1.0,1.0,1.0,1.0
484,max_rounds,0,,,,,1,1,5,4,4,16,16,4,1,0,1,profiled_beam,1,1,0.12490822862018831,0.0492014481977094,30,0,0,0,0,0,0,0,0.0,0.7,0.75,0.725,0.725,0,0.0,0.7,0.75,0.725,0.725,0,0.0,0.75,1.0,0.875,0.875,0,0.0,0.75,0.85,0.8,0.825
485,no_strict_e1_improvement,0,,,,,1,0,1,1,1,1,1,4,0,0,-1,current,0,0,0.04413106938591227,0.04413106938591227,27,0,0,0,0,0,0,0,0.0,0.75,0.9,0.825,0.85,0,0.0,0.75,0.9,0.825,0.85,0,0.0,0.75,0.9,0.825,0.85,0,0.0,0.75,0.9,0.825,0.85
486,no_strict_e1_improvement,0,,,,,1,0,1,1,1,1,1,4,0,0,-1,current,0,0,0.06156684723682702,0.06156684723682702,29,25,25,25,25,0,0,1,1.0,1.0,1.0,1.0,1.0,1,1.0,1.0,1.0,1.0,1.0,1,1.0,1.0,1.0,1.0,1.0,1,1.0,1.0,1.0,1.0,1.0
487,no_strict_e1_improvement,0,,,,,1,0,3,2,2,8,8,4,0,0,-1,current,0,0,0.07632784785237164,0.07632784785237164,22,5,5,5,5,0,0,0,0.2,0.65,0.45,0.55,0.575,0,0.2,0.65,0.45,0.55,0.575,0,0.2,0.65,0.45,0.55,0.575,0,0.2,0.65,0.45,0.55,0.575
488,max_rounds,0,,,,,1,1,7,6,6,21,21,4,1,-2,0,s1a3_greedy,1,0,0.05512816230766475,0.018567304639145733,34,0,0,25,25,25,0,0,0.0,0.75,0.75,0.75,0.75,0,0.0,0.75,0.75,0.75,0.75,1,1.0,1.0,1.0,1.0,1.0,1,1.0,1.0,1.0,1.0,1.0
489,no_strict_e1_improvement,0,,,,,1,0,1,1,1,1,1,4,0,0,-1,current,0,0,0.02572309672832489,0.02572309672832489,35,25,25,25,25,0,0,1,1.0,1.0,1.0,1.0,1.0,1,1.0,1.0,1.0,1.0,1.0,1,1.0,1.0,1.0,1.0,1.0,1,1.0,1.0,1.0,1.0,1.0
490,no_strict_e1_improvement,0,,,,,1,0,1,1,1,1,1,4,0,0,-1,current,0,0,0.034550963807851075,0.034550963807851075,32,25,25,25,25,0,0,1,1.0,1.0,1.0,1.0,1.0,1,1.0,1.0,1.0,1.0,1.0,1,1.0,1.0,1.0,1.0,1.0,1,1.0,1.0,1.0,1.0,1.0
491,no_strict_e1_improvement,0,,,,,1,0,1,1,1,1,1,4,0,0,-1,current,0,0,0.02942287310725078,0.02942287310725078,31,0,0,0,0,0,0,0,0.0,0.75,1.0,0.875,0.875,0,0.0,0.75,1.0,0.875,0.875,0,0.0,0.75,1.0,0.875,0.875,0,0.0,0.75,1.0,0.875,0.875
492,no_strict_e1_improvement,0,,,,,1,0,3,3,3,10,10,4,0,0,-1,current,0,0,0.06863987694960087,0.06863987694960087,25,0,0,0,0,0,0,0,0.0,0.75,0.85,0.8,0.8,0,0.0,0.75,0.85,0.8,0.8,0,0.0,0.75,0.85,0.8,0.8,0,0.0,0.75,0.85,0.8,0.8
493,no_strict_e1_improvement,0,,,,,1,0,1,1,1,1,1,4,0,0,-1,current,0,0,0.024349250082377694,0.024349250082377694,31,0,0,0,0,0,0,0,0.0,0.75,1.0,0.875,0.875,0,0.0,0.75,1.0,0.875,0.875,0,0.0,0.75,1.0,0.875,0.875,0,0.0,0.75,1.0,0.875,0.875
494,no_strict_e1_improvement,0,,,,,1,0,1,1,1,1,1,4,0,0,-1,current,0,0,0.023849909007549287,0.023849909007549287,33,25,25,25,25,0,0,1,1.0,1.0,1.0,1.0,1.0,1,1.0,1.0,1.0,1.0,1.0,1,1.0,1.0,1.0,1.0,1.0,1,1.0,1.0,1.0,1.0,1.0
495,no_strict_e1_improvement,0,,,,,1,0,2,2,2,7,7,4,0,0,-1,current,0,0,0.059209110698429865,0.059209110698429865,29,23,23,23,23,0,0,0,0.92,0.9,0.9,0.9,0.9,0,0.92,0.9,0.9,0.9,0.9,0,0.92,0.9,0.9,0.9,0.9,0,0.92,0.9,0.9,0.9,0.9
496,no_strict_e1_improvement,0,,,,,1,0,1,1,1,4,4,4,0,0,-1,current,0,0,0.03437689961865544,0.03437689961865544,31,25,25,25,25,0,0,1,1.0,1.0,1.0,1.0,1.0,1,1.0,1.0,1.0,1.0,1.0,1,1.0,1.0,1.0,1.0,1.0,1,1.0,1.0,1.0,1.0,1.0
497,no_strict_e1_improvement,0,,,,,1,0,1,1,1,1,1,4,0,0,-1,current,0,0,0.03510009672609158,0.03510009672609158,32,25,25,25,25,0,0,1,1.0,1.0,1.0,1.0,1.0,1,1.0,1.0,1.0,1.0,1.0,1,1.0,1.0,1.0,1.0,1.0,1,1.0,1.0,1.0,1.0,1.0
498,no_strict_e1_improvement,0,,,,,1,0,2,2,2,6,6,4,0,0,-1,current,0,0,0.08012780479621143,0.08012780479621143,26,25,25,25,25,0,0,1,1.0,1.0,1.0,1.0,1.0,1,1.0,1.0,1.0,1.0,1.0,1,1.0,1.0,1.0,1.0,1.0,1,1.0,1.0,1.0,1.0,1.0
499,max_rounds,0,,,,,1,1,3,2,2,8,8,4,0,-1,1,profiled_beam,1,1,0.10869996002875268,0.03295354461297393,30,0,0,0,25,25,25,0,0.0,0.65,0.8,0.725,0.775,0,0.0,0.65,0.8,0.725,0.775,0,0.0,0.65,0.8,0.725,0.775,1,1.0,1.0,1.0,1.0,1.0
500,no_strict_e1_improvement,0,,,,,1,0,2,2,2,7,7,4,0,0,-1,current,0,0,0.11552218459546566,0.11552218459546566,28,10,10,10,10,0,0,0,0.4,0.5,1.0,0.75,0.75,0,0.4,0.5,1.0,0.75,0.75,0,0.4,0.5,1.0,0.75,0.75,0,0.4,0.5,1.0,0.75,0.75
501,no_strict_e1_improvement,0,,,,,1,0,1,1,1,1,1,4,0,0,-1,current,0,0,0.028758419398218393,0.028758419398218393,35,25,25,25,25,0,0,1,1.0,1.0,1.0,1.0,1.0,1,1.0,1.0,1.0,1.0,1.0,1,1.0,1.0,1.0,1.0,1.0,1,1.0,1.0,1.0,1.0,1.0
502,no_strict_e1_improvement,0,,,,,1,0,1,1,1,4,4,4,0,0,-1,current,0,0,0.03800470610149205,0.03800470610149205,32,25,25,25,25,0,0,1,1.0,1.0,1.0,1.0,1.0,1,1.0,1.0,1.0,1.0,1.0,1,1.0,1.0,1.0,1.0,1.0,1,1.0,1.0,1.0,1.0,1.0
503,no_strict_e1_improvement,0,,,,,1,0,1,1,1,3,3,4,0,0,-1,current,0,0,0.057704661739990115,0.057704661739990115,31,0,0,0,0,0,0,0,0.0,0.65,0.8,0.725,0.75,0,0.0,0.65,0.8,0.725,0.75,0,0.0,0.65,0.8,0.725,0.75,0,0.0,0.65,0.8,0.725,0.75
504,max_rounds,0,,,,,1,1,7,6,6,22,22,4,2,0,0,s1a3_greedy,1,0,0.14304189467802644,0.07617116658948361,18,0,0,0,0,0,0,0,0.0,0.4,0.55,0.475,0.5,0,0.0,0.4,0.55,0.475,0.5,0,0.0,0.6,0.75,0.675,0.675,0,0.0,0.6,0.75,0.675,0.675
505,no_strict_e1_improvement,0,,,,,1,0,5,4,4,16,16,4,0,0,-1,current,0,0,0.13592289434745908,0.13592289434745908,19,0,0,0,0,0,0,0,0.0,0.35,0.35,0.35,0.375,0,0.0,0.35,0.35,0.35,0.375,0,0.0,0.35,0.35,0.35,0.375,0,0.0,0.35,0.35,0.35,0.375
506,max_rounds,0,,,,,1,1,2,1,1,3,3,4,0,0,0,s1a3_greedy,1,0,0.040591897815465926,0.024624818982556463,31,23,23,25,25,2,0,0,0.92,0.9,0.9,0.9,0.925,0,0.92,0.9,0.9,0.9,0.925,1,1.0,1.0,1.0,1.0,1.0,1,1.0,1.0,1.0,1.0,1.0
507,max_rounds,0,,,,,1,1,3,2,2,8,8,4,0,0,0,s1a3_greedy,1,0,0.17476245928555728,0.13697280739434065,23,4,4,5,5,1,0,0,0.16,0.2,0.6,0.4,0.5,0,0.16,0.2,0.6,0.4,0.5,0,0.2,0.25,0.7,0.475,0.55,0,0.2,0.25,0.7,0.475,0.55
508,max_rounds,0,,,,,1,1,2,1,1,4,4,4,0,0,1,profiled_beam,1,1,0.10132130143465475,0.08854005766334012,27,20,20,20,21,1,1,0,0.8,0.95,0.75,0.85,0.85,0,0.8,0.95,0.75,0.85,0.85,0,0.8,0.95,0.75,0.85,0.85,0,0.84,0.9,0.8,0.85,0.85
509,no_strict_e1_improvement,0,,,,,1,0,13,12,12,47,47,4,0,0,-1,current,0,0,0.047141208034008744,0.047141208034008744,26,0,0,0,0,0,0,0,0.0,0.75,1.0,0.875,0.875,0,0.0,0.75,1.0,0.875,0.875,0,0.0,0.75,1.0,0.875,0.875,0,0.0,0.75,1.0,0.875,0.875
510,no_strict_e1_improvement,0,,,,,1,0,1,1,1,2,2,4,0,0,-1,current,0,0,0.07628391332691535,0.07628391332691535,28,0,0,0,0,0,0,0,0.0,0.75,0.75,0.75,0.75,0,0.0,0.75,0.75,0.75,0.75,0,0.0,0.75,0.75,0.75,0.75,0,0.0,0.75,0.75,0.75,0.75
511,max_rounds,0,,,,,1,1,3,2,2,8,8,4,0,1,1,profiled_beam,1,1,0.17751488120193243,0.1558075718850887,23,0,0,0,0,0,0,0,0.0,0.7,0.5,0.6,0.6,0,0.0,0.7,0.5,0.6,0.6,0,0.0,0.7,0.5,0.6,0.6,0,0.0,0.7,0.5,0.6,0.6
512,no_strict_e1_improvement,0,,,,,1,0,1,1,1,4,4,4,0,0,-1,current,0,0,0.062800274847541,0.062800274847541,28,0,0,0,0,0,0,0,0.0,0.6,0.9,0.75,0.75,0,0.0,0.6,0.9,0.75,0.75,0,0.0,0.6,0.9,0.75,0.75,0,0.0,0.6,0.9,0.75,0.75
513,no_strict_e1_improvement,0,,,,,1,0,4,3,3,11,11,4,0,0,-1,current,0,0,0.04520649632904679,0.04520649632904679,31,25,25,25,25,0,0,1,1.0,1.0,1.0,1.0,1.0,1,1.0,1.0,1.0,1.0,1.0,1,1.0,1.0,1.0,1.0,1.0,1,1.0,1.0,1.0,1.0,1.0
514,no_strict_e1_improvement,0,,,,,1,0,1,1,1,1,1,4,0,0,-1,current,0,0,0.038200547904125415,0.038200547904125415,29,0,0,0,0,0,0,0,0.0,0.75,1.0,0.875,0.875,0,0.0,0.75,1.0,0.875,0.875,0,0.0,0.75,1.0,0.875,0.875,0,0.0,0.75,1.0,0.875,0.875
515,no_strict_e1_improvement,0,,,,,1,0,1,1,1,2,2,4,0,0,-1,current,0,0,0.0406727685010992,0.0406727685010992,33,0,0,0,0,0,0,0,0.0,0.75,0.9,0.825,0.825,0,0.0,0.75,0.9,0.825,0.825,0,0.0,0.75,0.9,0.825,0.825,0,0.0,0.75,0.9,0.825,0.825
516,max_rounds,0,,,,,1,1,7,6,6,24,24,4,-2,1,1,profiled_beam,1,1,0.11935939585091546,0.08411808834061958,18,0,0,3,0,0,-3,0,0.0,0.35,0.65,0.5,0.525,0,0.0,0.35,0.65,0.5,0.525,0,0.12,0.35,0.75,0.55,0.6,0,0.0,0.4,0.8,0.6,0.65
517,no_strict_e1_improvement,0,,,,,1,0,1,1,1,1,1,4,0,0,-1,current,0,0,0.04071891311905347,0.04071891311905347,29,25,25,25,25,0,0,1,1.0,1.0,1.0,1.0,1.0,1,1.0,1.0,1.0,1.0,1.0,1,1.0,1.0,1.0,1.0,1.0,1,1.0,1.0,1.0,1.0,1.0
518,no_strict_e1_improvement,0,,,,,1,0,1,1,1,2,2,4,0,0,-1,current,0,0,0.03229518377047498,0.03229518377047498,29,25,25,25,25,0,0,1,1.0,1.0,1.0,1.0,1.0,1,1.0,1.0,1.0,1.0,1.0,1,1.0,1.0,1.0,1.0,1.0,1,1.0,1.0,1.0,1.0,1.0
519,max_rounds,0,,,,,1,1,2,2,2,7,7,4,-1,0,0,s1a3_greedy,1,0,0.08669263845076784,0.04966934932162985,34,0,0,25,25,25,0,0,0.0,0.85,0.75,0.8,0.825,0,0.0,0.85,0.75,0.8,0.825,1,1.0,1.0,1.0,1.0,1.0,1,1.0,1.0,1.0,1.0,1.0
520,max_rounds,0,,,,,1,1,3,2,2,8,8,4,0,0,1,profiled_beam,1,1,0.1142500461806776,0.08670936709095259,22,20,20,0,21,1,21,0,0.8,0.75,0.8,0.775,0.825,0,0.8,0.75,0.8,0.775,0.825,0,0.0,0.75,0.95,0.85,0.85,0,0.84,0.8,0.9,0.85,0.85
521,no_strict_e1_improvement,0,,,,,1,0,1,1,1,3,3,4,0,0,-1,current,0,0,0.07270339620299637,0.07270339620299637,31,19,19,19,19,0,0,0,0.76,0.8,0.85,0.825,0.825,0,0.76,0.8,0.85,0.825,0.825,0,0.76,0.8,0.85,0.825,0.825,0,0.76,0.8,0.85,0.825,0.825
522,no_strict_e1_improvement,0,,,,,1,0,1,1,1,2,2,4,0,0,-1,current,0,0,0.04159046408021823,0.04159046408021823,29,25,25,25,25,0,0,1,1.0,1.0,1.0,1.0,1.0,1,1.0,1.0,1.0,1.0,1.0,1,1.0,1.0,1.0,1.0,1.0,1,1.0,1.0,1.0,1.0,1.0
523,no_strict_e1_improvement,0,,,,,1,0,1,1,1,1,1,4,0,0,-1,current,0,0,0.040466372075024994,0.040466372075024994,28,25,25,25,25,0,0,1,1.0,1.0,1.0,1.0,1.0,1,1.0,1.0,1.0,1.0,1.0,1,1.0,1.0,1.0,1.0,1.0,1,1.0,1.0,1.0,1.0,1.0
524,no_strict_e1_improvement,0,,,,,1,0,1,1,1,3,3,4,0,0,-1,current,0,0,0.031742082652635874,0.031742082652635874,30,25,25,25,25,0,0,1,1.0,1.0,1.0,1.0,1.0,1,1.0,1.0,1.0,1.0,1.0,1,1.0,1.0,1.0,1.0,1.0,1,1.0,1.0,1.0,1.0,1.0
525,no_strict_e1_improvement,0,,,,,1,0,1,1,1,2,2,4,0,0,-1,current,0,0,0.0517561599961482,0.0517561599961482,31,0,0,0,0,0,0,0,0.0,0.75,0.95,0.85,0.85,0,0.0,0.75,0.95,0.85,0.85,0,0.0,0.75,0.95,0.85,0.85,0,0.0,0.75,0.95,0.85,0.85
526,no_strict_e1_improvement,0,,,,,1,0,4,3,3,12,12,4,0,0,-1,current,0,0,0.10981313646771014,0.10981313646771014,22,0,0,0,0,0,0,0,0.0,0.65,0.6,0.625,0.675,0,0.0,0.65,0.6,0.625,0.675,0,0.0,0.65,0.6,0.625,0.675,0,0.0,0.65,0.6,0.625,0.675
527,max_rounds,0,,,,,1,1,13,12,12,48,48,4,0,1,1,profiled_beam,1,1,0.11006147946318379,0.08446055428212276,15,21,21,21,0,-21,-21,0,0.84,0.7,0.75,0.725,0.75,0,0.84,0.7,0.75,0.725,0.75,0,0.84,0.7,0.75,0.725,0.75,0,0.0,0.6,0.65,0.625,0.65
528,no_strict_e1_improvement,0,,,,,1,0,2,2,2,7,7,4,0,0,-1,current,0,0,0.07014011873397977,0.07014011873397977,24,1,1,1,1,0,0,0,0.04,0.65,0.5,0.575,0.6,0,0.04,0.65,0.5,0.575,0.6,0,0.04,0.65,0.5,0.575,0.6,0,0.04,0.65,0.5,0.575,0.6
529,no_strict_e1_improvement,0,,,,,1,0,1,1,1,4,4,4,0,0,-1,current,0,0,0.04339214649517089,0.04339214649517089,34,0,0,0,0,0,0,0,0.0,0.75,0.9,0.825,0.825,0,0.0,0.75,0.9,0.825,0.825,0,0.0,0.75,0.9,0.825,0.825,0,0.0,0.75,0.9,0.825,0.825
530,max_rounds,0,,,,,1,1,10,9,9,32,32,4,0,-2,1,profiled_beam,1,1,0.12110876198858023,0.05485996995121241,26,0,0,22,23,23,1,0,0.0,0.5,0.95,0.725,0.725,0,0.0,0.5,0.95,0.725,0.725,0,0.88,0.85,0.9,0.875,0.875,0,0.92,0.9,0.85,0.875,0.925
531,max_rounds,0,,,,,1,1,13,12,12,48,48,4,0,-2,1,profiled_beam,1,1,0.1612345700377773,0.10537878660252317,19,0,0,1,1,1,0,0,0.0,0.1,0.45,0.275,0.4,0,0.0,0.1,0.45,0.275,0.4,0,0.04,0.1,0.4,0.25,0.3,0,0.04,0.3,0.6,0.45,0.525
532,no_strict_e1_improvement,0,,,,,1,0,1,1,1,2,2,4,0,0,-1,current,0,0,0.03372805882245302,0.03372805882245302,30,25,25,25,25,0,0,1,1.0,1.0,1.0,1.0,1.0,1,1.0,1.0,1.0,1.0,1.0,1,1.0,1.0,1.0,1.0,1.0,1,1.0,1.0,1.0,1.0,1.0
533,no_strict_e1_improvement,0,,,,,1,0,1,1,1,1,1,4,0,0,-1,current,0,0,0.02101938783453079,0.02101938783453079,36,25,25,25,25,0,0,1,1.0,1.0,1.0,1.0,1.0,1,1.0,1.0,1.0,1.0,1.0,1,1.0,1.0,1.0,1.0,1.0,1,1.0,1.0,1.0,1.0,1.0
534,no_strict_e1_improvement,0,,,,,1,0,1,1,1,2,2,4,0,0,-1,current,0,0,0.06878967678348999,0.06878967678348999,30,0,0,0,0,0,0,0,0.0,0.75,0.75,0.75,0.75,0,0.0,0.75,0.75,0.75,0.75,0,0.0,0.75,0.75,0.75,0.75,0,0.0,0.75,0.75,0.75,0.75
535,no_strict_e1_improvement,0,,,,,1,0,1,1,1,3,3,4,0,0,-1,current,0,0,0.0883059628016781,0.0883059628016781,24,0,0,0,0,0,0,0,0.0,0.55,0.65,0.6,0.6,0,0.0,0.55,0.65,0.6,0.6,0,0.0,0.55,0.65,0.6,0.6,0,0.0,0.55,0.65,0.6,0.6
536,max_rounds,0,,,,,1,1,3,2,2,8,8,4,0,1,0,s1a3_greedy,1,0,0.06956014400129788,0.007049037572141969,34,21,21,0,0,-21,0,0,0.84,0.8,0.85,0.825,0.875,0,0.84,0.8,0.85,0.825,0.875,0,0.0,0.75,1.0,0.875,0.875,0,0.0,0.75,1.0,0.875,0.875
537,no_strict_e1_improvement,0,,,,,1,0,13,12,12,48,48,4,0,0,-1,current,0,0,0.11244842978194355,0.11244842978194355,24,0,0,0,0,0,0,0,0.0,0.7,0.55,0.625,0.65,0,0.0,0.7,0.55,0.625,0.65,0,0.0,0.7,0.55,0.625,0.65,0,0.0,0.7,0.55,0.625,0.65
538,max_rounds,0,,,,,1,1,4,3,3,11,11,4,2,0,1,profiled_beam,1,1,0.11179837164236232,0.08334158617071807,22,21,21,23,0,-21,-23,0,0.84,0.75,0.65,0.7,0.725,0,0.84,0.75,0.65,0.7,0.725,0,0.92,0.9,0.8,0.85,0.85,0,0.0,0.8,0.55,0.675,0.725
539,no_strict_e1_improvement,0,,,,,1,0,1,1,1,1,1,4,0,0,-1,current,0,0,0.027510288776829837,0.027510288776829837,31,25,25,25,25,0,0,1,1.0,1.0,1.0,1.0,1.0,1,1.0,1.0,1.0,1.0,1.0,1,1.0,1.0,1.0,1.0,1.0,1,1.0,1.0,1.0,1.0,1.0
540,no_strict_e1_improvement,0,,,,,1,0,1,1,1,1,1,4,0,0,-1,current,0,0,0.014020252460613846,0.014020252460613846,35,25,25,25,25,0,0,1,1.0,1.0,1.0,1.0,1.0,1,1.0,1.0,1.0,1.0,1.0,1,1.0,1.0,1.0,1.0,1.0,1,1.0,1.0,1.0,1.0,1.0
541,no_strict_e1_improvement,0,,,,,1,0,1,1,1,1,1,4,0,0,-1,current,0,0,0.003627401776611805,0.003627401776611805,39,25,25,25,25,0,0,1,1.0,1.0,1.0,1.0,1.0,1,1.0,1.0,1.0,1.0,1.0,1,1.0,1.0,1.0,1.0,1.0,1,1.0,1.0,1.0,1.0,1.0
542,no_strict_e1_improvement,0,,,,,1,0,1,1,1,3,3,4,0,0,-1,current,0,0,0.061043401388451456,0.061043401388451456,33,0,0,0,0,0,0,0,0.0,0.75,0.7,0.725,0.725,0,0.0,0.75,0.7,0.725,0.725,0,0.0,0.75,0.7,0.725,0.725,0,0.0,0.75,0.7,0.725,0.725
543,no_strict_e1_improvement,0,,,,,1,0,1,1,1,2,2,4,0,0,-1,current,0,0,0.04997742837294936,0.04997742837294936,32,25,25,25,25,0,0,1,1.0,1.0,1.0,1.0,1.0,1,1.0,1.0,1.0,1.0,1.0,1,1.0,1.0,1.0,1.0,1.0,1,1.0,1.0,1.0,1.0,1.0
544,max_rounds,0,,,,,1,1,3,2,2,8,8,4,-1,0,1,profiled_beam,1,1,0.1356275653000921,0.09338995468860958,24,0,0,21,23,23,2,0,0.0,0.6,0.5,0.55,0.65,0,0.0,0.6,0.5,0.55,0.65,0,0.84,0.7,0.75,0.725,0.8,0,0.92,0.8,0.8,0.8,0.85
545,no_strict_e1_improvement,0,,,,,1,0,1,1,1,1,1,4,0,0,-1,current,0,0,0.04856946174986661,0.04856946174986661,33,0,0,0,0,0,0,0,0.0,0.75,0.75,0.75,0.75,0,0.0,0.75,0.75,0.75,0.75,0,0.0,0.75,0.75,0.75,0.75,0,0.0,0.75,0.75,0.75,0.75
546,no_strict_e1_improvement,0,,,,,1,0,9,9,9,32,32,4,0,0,-1,current,0,0,0.08624267540872096,0.08624267540872096,26,0,0,0,0,0,0,0,0.0,0.75,0.8,0.775,0.775,0,0.0,0.75,0.8,0.775,0.775,0,0.0,0.75,0.8,0.775,0.775,0,0.0,0.75,0.8,0.775,0.775
547,no_strict_e1_improvement,0,,,,,1,0,1,1,1,4,4,4,0,0,-1,current,0,0,0.043908639291475995,0.043908639291475995,35,25,25,25,25,0,0,1,1.0,1.0,1.0,1.0,1.0,1,1.0,1.0,1.0,1.0,1.0,1,1.0,1.0,1.0,1.0,1.0,1,1.0,1.0,1.0,1.0,1.0
548,max_rounds,0,,,,,1,1,13,12,12,48,48,4,2,-1,1,profiled_beam,1,1,0.24485227500554174,0.0924658541334793,15,0,0,0,0,0,0,0,0.0,0.4,0.4,0.4,0.425,0,0.0,0.4,0.4,0.4,0.425,0,0.0,0.5,0.45,0.475,0.525,0,0.0,0.75,0.9,0.825,0.825
549,no_strict_e1_improvement,0,,,,,1,0,1,1,1,2,2,4,0,0,-1,current,0,0,0.023865953367203475,0.023865953367203475,31,25,25,25,25,0,0,1,1.0,1.0,1.0,1.0,1.0,1,1.0,1.0,1.0,1.0,1.0,1,1.0,1.0,1.0,1.0,1.0,1,1.0,1.0,1.0,1.0,1.0
550,max_rounds,0,,,,,1,1,13,12,12,48,48,4,1,1,1,profiled_beam,1,1,0.2434585513547063,0.1211211500572972,17,0,0,13,0,0,-13,0,0.0,0.45,0.4,0.425,0.45,0,0.0,0.45,0.4,0.425,0.45,0,0.52,0.75,0.4,0.575,0.625,0,0.0,0.65,0.65,0.65,0.7
551,max_rounds,0,,,,,1,1,5,4,4,15,15,4,0,1,1,profiled_beam,1,1,0.14914085341151803,0.0813139985781163,22,1,1,21,23,22,2,0,0.04,0.65,0.75,0.7,0.75,0,0.04,0.65,0.75,0.7,0.75,0,0.84,0.8,0.8,0.8,0.85,0,0.92,0.9,0.9,0.9,0.925
552,no_strict_e1_improvement,0,,,,,1,0,1,1,1,4,4,4,0,0,-1,current,0,0,0.03842010080406908,0.03842010080406908,32,25,25,25,25,0,0,1,1.0,1.0,1.0,1.0,1.0,1,1.0,1.0,1.0,1.0,1.0,1,1.0,1.0,1.0,1.0,1.0,1,1.0,1.0,1.0,1.0,1.0
553,no_strict_e1_improvement,0,,,,,1,0,1,1,1,1,1,4,0,0,-1,current,0,0,0.008568965143058448,0.008568965143058448,39,25,25,25,25,0,0,1,1.0,1.0,1.0,1.0,1.0,1,1.0,1.0,1.0,1.0,1.0,1,1.0,1.0,1.0,1.0,1.0,1,1.0,1.0,1.0,1.0,1.0
554,no_strict_e1_improvement,0,,,,,1,0,1,1,1,1,1,4,0,0,-1,current,0,0,0.011721143603790552,0.011721143603790552,37,25,25,25,25,0,0,1,1.0,1.0,1.0,1.0,1.0,1,1.0,1.0,1.0,1.0,1.0,1,1.0,1.0,1.0,1.0,1.0,1,1.0,1.0,1.0,1.0,1.0
555,max_rounds,0,,,,,1,1,17,16,16,62,62,4,2,-2,1,profiled_beam,1,1,0.21194543531164528,0.060375110572203995,19,0,0,0,25,25,25,0,0.0,0.5,0.35,0.425,0.5,0,0.0,0.5,0.35,0.425,0.5,0,0.0,0.65,0.45,0.55,0.6,1,1.0,1.0,1.0,1.0,1.0
556,max_rounds,0,,,,,1,1,2,1,1,4,4,4,0,0,1,profiled_beam,1,1,0.14274939387105406,0.09962987373583018,26,21,21,20,23,2,3,0,0.84,0.75,0.8,0.775,0.775,0,0.84,0.75,0.8,0.775,0.775,0,0.8,0.65,0.75,0.7,0.725,0,0.92,0.9,0.85,0.875,0.9
557,no_strict_e1_improvement,0,,,,,1,0,1,1,1,2,2,4,0,0,-1,current,0,0,0.030798198422417045,0.030798198422417045,33,25,25,25,25,0,0,1,1.0,1.0,1.0,1.0,1.0,1,1.0,1.0,1.0,1.0,1.0,1,1.0,1.0,1.0,1.0,1.0,1,1.0,1.0,1.0,1.0,1.0
558,no_strict_e1_improvement,0,,,,,1,0,3,3,3,10,10,4,0,0,-1,current,0,0,0.09201855454593896,0.09201855454593896,23,0,0,0,0,0,0,0,0.0,0.85,0.75,0.8,0.825,0,0.0,0.85,0.75,0.8,0.825,0,0.0,0.85,0.75,0.8,0.825,0,0.0,0.85,0.75,0.8,0.825
559,no_strict_e1_improvement,0,,,,,1,0,1,1,1,1,1,4,0,0,-1,current,0,0,0.029112796671688555,0.029112796671688555,35,0,0,0,0,0,0,0,0.0,1.0,0.75,0.875,0.875,0,0.0,1.0,0.75,0.875,0.875,0,0.0,1.0,0.75,0.875,0.875,0,0.0,1.0,0.75,0.875,0.875
560,no_strict_e1_improvement,0,,,,,1,0,1,1,1,4,4,4,0,0,-1,current,0,0,0.055518119619227944,0.055518119619227944,29,0,0,0,0,0,0,0,0.0,0.55,0.9,0.725,0.725,0,0.0,0.55,0.9,0.725,0.725,0,0.0,0.55,0.9,0.725,0.725,0,0.0,0.55,0.9,0.725,0.725
561,no_strict_e1_improvement,0,,,,,1,0,1,1,1,1,1,4,0,0,-1,current,0,0,0.049885727511718866,0.049885727511718866,30,0,0,0,0,0,0,0,0.0,0.75,0.75,0.75,0.75,0,0.0,0.75,0.75,0.75,0.75,0,0.0,0.75,0.75,0.75,0.75,0,0.0,0.75,0.75,0.75,0.75
562,max_rounds,0,,,,,1,1,4,3,3,12,12,4,-2,0,1,profiled_beam,1,1,0.10106073161587119,0.07422167257027468,26,0,0,0,0,0,0,0,0.0,0.65,0.75,0.7,0.75,0,0.0,0.65,0.75,0.7,0.75,0,0.0,0.65,0.75,0.7,0.75,0,0.0,0.75,1.0,0.875,0.875
563,no_strict_e1_improvement,0,,,,,1,0,1,1,1,2,2,4,0,0,-1,current,0,0,0.0624506860069232,0.0624506860069232,26,23,23,23,23,0,0,0,0.92,0.85,0.9,0.875,0.875,0,0.92,0.85,0.9,0.875,0.875,0,0.92,0.85,0.9,0.875,0.875,0,0.92,0.85,0.9,0.875,0.875
564,no_strict_e1_improvement,0,,,,,1,0,1,1,1,2,2,4,0,0,-1,current,0,0,0.06990412355225999,0.06990412355225999,30,0,0,0,0,0,0,0,0.0,0.75,0.85,0.8,0.825,0,0.0,0.75,0.85,0.8,0.825,0,0.0,0.75,0.85,0.8,0.825,0,0.0,0.75,0.85,0.8,0.825
565,no_strict_e1_improvement,0,,,,,1,0,1,1,1,1,1,4,0,0,-1,current,0,0,0.014325286331586539,0.014325286331586539,36,25,25,25,25,0,0,1,1.0,1.0,1.0,1.0,1.0,1,1.0,1.0,1.0,1.0,1.0,1,1.0,1.0,1.0,1.0,1.0,1,1.0,1.0,1.0,1.0,1.0
566,no_strict_e1_improvement,0,,,,,1,0,3,2,2,8,8,4,0,0,-1,current,0,0,0.11850179987959564,0.11850179987959564,20,0,0,0,0,0,0,0,0.0,0.35,0.4,0.375,0.425,0,0.0,0.35,0.4,0.375,0.425,0,0.0,0.35,0.4,0.375,0.425,0,0.0,0.35,0.4,0.375,0.425
567,max_rounds,0,,,,,1,1,10,9,9,28,28,4,1,-2,0,s1a3_greedy,1,0,0.10245368004543706,0.08105537608498707,23,0,0,0,0,0,0,0,0.0,0.25,0.65,0.45,0.6,0,0.0,0.25,0.65,0.45,0.6,0,0.0,0.25,1.0,0.625,0.625,0,0.0,0.25,1.0,0.625,0.625
568,max_rounds,0,,,,,1,1,3,2,2,8,8,4,0,0,1,profiled_beam,1,1,0.09268411095254123,0.06733193728141487,27,0,0,0,0,0,0,0,0.0,0.65,0.55,0.6,0.625,0,0.0,0.65,0.55,0.6,0.625,0,0.0,0.65,0.55,0.6,0.625,0,0.0,0.75,0.65,0.7,0.7
569,no_strict_e1_improvement,0,,,,,1,0,1,1,1,4,4,4,0,0,-1,current,0,0,0.0331360153562855,0.0331360153562855,29,25,25,25,25,0,0,1,1.0,1.0,1.0,1.0,1.0,1,1.0,1.0,1.0,1.0,1.0,1,1.0,1.0,1.0,1.0,1.0,1,1.0,1.0,1.0,1.0,1.0
570,max_rounds,0,,,,,1,1,2,1,1,2,2,4,0,0,1,profiled_beam,1,1,0.10190897218417376,0.09682996280025691,26,18,18,18,18,0,0,0,0.72,0.8,0.7,0.75,0.75,0,0.72,0.8,0.7,0.75,0.75,0,0.72,0.8,0.7,0.75,0.75,0,0.72,0.8,0.7,0.75,0.75
571,no_strict_e1_improvement,0,,,,,1,0,1,1,1,3,3,4,0,0,-1,current,0,0,0.03637229865416884,0.03637229865416884,29,0,0,0,0,0,0,0,0.0,0.75,1.0,0.875,0.875,0,0.0,0.75,1.0,0.875,0.875,0,0.0,0.75,1.0,0.875,0.875,0,0.0,0.75,1.0,0.875,0.875
572,max_rounds,0,,,,,1,1,2,1,1,3,3,4,0,0,0,s1a3_greedy,1,0,0.059701714280527084,0.03668395335553214,28,0,0,0,0,0,0,0,0.0,0.6,0.85,0.725,0.725,0,0.0,0.6,0.85,0.725,0.725,0,0.0,0.75,0.95,0.85,0.85,0,0.0,0.75,0.95,0.85,0.85
573,no_strict_e1_improvement,0,,,,,1,0,1,1,1,3,3,4,0,0,-1,current,0,0,0.03897250210866332,0.03897250210866332,31,0,0,0,0,0,0,0,0.0,0.75,0.95,0.85,0.85,0,0.0,0.75,0.95,0.85,0.85,0,0.0,0.75,0.95,0.85,0.85,0,0.0,0.75,0.95,0.85,0.85
574,no_strict_e1_improvement,0,,,,,1,0,1,1,1,4,4,4,0,0,-1,current,0,0,0.028239777678390966,0.028239777678390966,32,0,0,0,0,0,0,0,0.0,0.75,1.0,0.875,0.875,0,0.0,0.75,1.0,0.875,0.875,0,0.0,0.75,1.0,0.875,0.875,0,0.0,0.75,1.0,0.875,0.875
575,no_strict_e1_improvement,0,,,,,1,0,1,1,1,2,2,4,0,0,-1,current,0,0,0.03258995179203339,0.03258995179203339,28,25,25,25,25,0,0,1,1.0,1.0,1.0,1.0,1.0,1,1.0,1.0,1.0,1.0,1.0,1,1.0,1.0,1.0,1.0,1.0,1,1.0,1.0,1.0,1.0,1.0
576,max_rounds,0,,,,,1,1,3,2,2,8,8,4,0,0,1,profiled_beam,1,1,0.0853462256025523,0.07570657371543348,26,0,0,0,1,1,1,0,0.0,0.6,0.7,0.65,0.675,0,0.0,0.6,0.7,0.65,0.675,0,0.0,0.6,0.7,0.65,0.675,0,0.04,0.65,0.9,0.775,0.8
577,max_rounds,0,,,,,1,1,4,3,3,11,11,4,-2,0,0,s1a3_greedy,1,0,0.04874985283240676,0.009092154400423168,36,0,0,25,25,25,0,0,0.0,0.8,0.75,0.775,0.775,0,0.0,0.8,0.75,0.775,0.775,1,1.0,1.0,1.0,1.0,1.0,1,1.0,1.0,1.0,1.0,1.0
578,max_rounds,0,,,,,1,1,2,1,1,4,4,4,0,0,1,profiled_beam,1,1,0.06108657622244209,0.036966773634776476,27,0,0,0,0,0,0,0,0.0,0.45,0.5,0.475,0.525,0,0.0,0.45,0.5,0.475,0.525,0,0.0,0.45,0.6,0.525,0.575,0,0.0,0.65,0.75,0.7,0.725
579,no_strict_e1_improvement,0,,,,,1,0,5,4,4,15,15,4,0,0,-1,current,0,0,0.09543190567055718,0.09543190567055718,25,0,0,0,0,0,0,0,0.0,0.65,0.85,0.75,0.75,0,0.0,0.65,0.85,0.75,0.75,0,0.0,0.65,0.85,0.75,0.75,0,0.0,0.65,0.85,0.75,0.75
580,no_strict_e1_improvement,0,,,,,1,0,9,9,9,34,34,4,0,0,-1,current,0,0,0.0689181565947365,0.0689181565947365,27,25,25,25,25,0,0,1,1.0,1.0,1.0,1.0,1.0,1,1.0,1.0,1.0,1.0,1.0,1,1.0,1.0,1.0,1.0,1.0,1,1.0,1.0,1.0,1.0,1.0
581,max_rounds,0,,,,,1,1,2,1,1,4,4,4,0,0,1,profiled_beam,1,1,0.16229417297290638,0.14162411337019876,22,0,0,0,0,0,0,0,0.0,0.55,0.5,0.525,0.65,0,0.0,0.55,0.5,0.525,0.65,0,0.0,0.6,0.5,0.55,0.65,0,0.0,0.55,0.55,0.55,0.675
582,no_strict_e1_improvement,0,,,,,1,0,1,1,1,1,1,4,0,0,-1,current,0,0,0.03061242791591212,0.03061242791591212,37,25,25,25,25,0,0,1,1.0,1.0,1.0,1.0,1.0,1,1.0,1.0,1.0,1.0,1.0,1,1.0,1.0,1.0,1.0,1.0,1,1.0,1.0,1.0,1.0,1.0
583,no_strict_e1_improvement,0,,,,,1,0,1,1,1,2,2,4,0,0,-1,current,0,0,0.040219292603433134,0.040219292603433134,33,0,0,0,0,0,0,0,0.0,0.75,1.0,0.875,0.875,0,0.0,0.75,1.0,0.875,0.875,0,0.0,0.75,1.0,0.875,0.875,0,0.0,0.75,1.0,0.875,0.875
584,no_strict_e1_improvement,0,,,,,1,0,1,1,1,1,1,4,0,0,-1,current,0,0,0.035283863416407255,0.035283863416407255,28,25,25,25,25,0,0,1,1.0,1.0,1.0,1.0,1.0,1,1.0,1.0,1.0,1.0,1.0,1,1.0,1.0,1.0,1.0,1.0,1,1.0,1.0,1.0,1.0,1.0
585,no_strict_e1_improvement,0,,,,,1,0,1,1,1,1,1,4,0,0,-1,current,0,0,0.012950535933487117,0.012950535933487117,36,0,0,0,0,0,0,0,0.0,1.0,0.75,0.875,0.875,0,0.0,1.0,0.75,0.875,0.875,0,0.0,1.0,0.75,0.875,0.875,0,0.0,1.0,0.75,0.875,0.875
586,max_rounds,0,,,,,1,1,4,3,3,11,11,4,0,-2,0,s1a3_greedy,1,0,0.059410949594166595,0.022675636022177058,36,0,0,25,25,25,0,0,0.0,0.75,0.9,0.825,0.825,0,0.0,0.75,0.9,0.825,0.825,1,1.0,1.0,1.0,1.0,1.0,1,1.0,1.0,1.0,1.0,1.0
587,no_strict_e1_improvement,0,,,,,1,0,1,1,1,2,2,4,0,0,-1,current,0,0,0.026814027619548143,0.026814027619548143,32,25,25,25,25,0,0,1,1.0,1.0,1.0,1.0,1.0,1,1.0,1.0,1.0,1.0,1.0,1,1.0,1.0,1.0,1.0,1.0,1,1.0,1.0,1.0,1.0,1.0
588,max_rounds,0,,,,,1,1,3,2,2,8,8,4,0,0,1,profiled_beam,1,1,0.05598757639527321,0.04836872480809688,30,0,0,0,0,0,0,0,0.0,0.75,0.9,0.825,0.85,0,0.0,0.75,0.9,0.825,0.85,0,0.0,0.75,0.9,0.825,0.85,0,0.0,0.75,0.95,0.85,0.85
589,max_rounds,0,,,,,1,1,2,2,2,5,5,4,1,0,0,s1a3_greedy,1,0,0.04862774725770578,0.03511669115105178,32,0,0,0,0,0,0,0,0.0,0.75,0.8,0.775,0.775,0,0.0,0.75,0.8,0.775,0.775,0,0.0,0.75,0.95,0.85,0.85,0,0.0,0.75,0.95,0.85,0.85
590,no_strict_e1_improvement,0,,,,,1,0,1,1,1,2,2,4,0,0,-1,current,0,0,0.038416233099997046,0.038416233099997046,32,0,0,0,0,0,0,0,0.0,0.65,0.75,0.7,0.725,0,0.0,0.65,0.75,0.7,0.725,0,0.0,0.65,0.75,0.7,0.725,0,0.0,0.65,0.75,0.7,0.725
591,no_strict_e1_improvement,0,,,,,1,0,1,1,1,1,1,4,0,0,-1,current,0,0,0.006732117477804422,0.006732117477804422,37,25,25,25,25,0,0,1,1.0,1.0,1.0,1.0,1.0,1,1.0,1.0,1.0,1.0,1.0,1,1.0,1.0,1.0,1.0,1.0,1,1.0,1.0,1.0,1.0,1.0
592,no_strict_e1_improvement,0,,,,,1,0,1,1,1,1,1,4,0,0,-1,current,0,0,0.059280770877376196,0.059280770877376196,28,21,21,21,21,0,0,0,0.84,0.8,0.9,0.85,0.9,0,0.84,0.8,0.9,0.85,0.9,0,0.84,0.8,0.9,0.85,0.9,0,0.84,0.8,0.9,0.85,0.9
593,max_rounds,0,,,,,1,1,5,4,4,16,16,4,0,0,1,profiled_beam,1,1,0.13925492772832512,0.13718247085344046,19,5,5,5,1,-4,-4,0,0.2,0.55,0.6,0.575,0.625,0,0.2,0.55,0.6,0.575,0.625,0,0.2,0.55,0.6,0.575,0.625,0,0.04,0.55,0.55,0.55,0.6
594,max_rounds,0,,,,,1,1,2,1,1,4,4,4,0,0,1,profiled_beam,1,1,0.05287217048762614,0.0342552563613026,31,23,23,23,25,2,2,0,0.92,0.85,0.9,0.875,0.9,0,0.92,0.85,0.9,0.875,0.9,0,0.92,0.85,0.9,0.875,0.9,1,1.0,1.0,1.0,1.0,1.0
595,max_rounds,0,,,,,1,1,3,2,2,8,8,4,1,0,1,profiled_beam,1,1,0.08540996066221851,0.06961352643484134,23,0,0,0,0,0,0,0,0.0,0.65,0.75,0.7,0.725,0,0.0,0.65,0.75,0.7,0.725,0,0.0,0.65,0.8,0.725,0.725,0,0.0,0.75,1.0,0.875,0.875
596,max_rounds,0,,,,,1,1,2,1,1,4,4,4,0,0,1,profiled_beam,1,1,0.058582412032410505,0.05144435237161815,31,0,0,0,0,0,0,0,0.0,0.75,0.9,0.825,0.825,0,0.0,0.75,0.9,0.825,0.825,0,0.0,0.75,0.9,0.825,0.825,0,0.0,0.75,0.95,0.85,0.85
597,max_rounds,0,,,,,1,1,5,4,4,16,16,4,0,0,1,profiled_beam,1,1,0.10898349969647825,0.0981887299567461,23,0,0,0,0,0,0,0,0.0,0.75,0.45,0.6,0.675,0,0.0,0.75,0.45,0.6,0.675,0,0.0,0.75,0.45,0.6,0.675,0,0.0,0.65,0.45,0.55,0.6
598,no_strict_e1_improvement,0,,,,,1,0,1,1,1,1,1,4,0,0,-1,current,0,0,0.024338644975796343,0.024338644975796343,37,0,0,0,0,0,0,0,0.0,1.0,0.75,0.875,0.875,0,0.0,1.0,0.75,0.875,0.875,0,0.0,1.0,0.75,0.875,0.875,0,0.0,1.0,0.75,0.875,0.875
599,no_strict_e1_improvement,0,,,,,1,0,1,1,1,1,1,4,0,0,-1,current,0,0,0.009546195808798074,0.009546195808798074,39,25,25,25,25,0,0,1,1.0,1.0,1.0,1.0,1.0,1,1.0,1.0,1.0,1.0,1.0,1,1.0,1.0,1.0,1.0,1.0,1,1.0,1.0,1.0,1.0,1.0
600,max_rounds,0,,,,,1,1,13,12,12,46,46,4,1,-1,1,profiled_beam,1,1,0.13069347026757897,0.06660521893936674,19,0,0,0,0,0,0,0,0.0,0.4,0.55,0.475,0.5,0,0.0,0.4,0.55,0.475,0.5,0,0.0,0.55,0.75,0.65,0.7,0,0.0,0.65,0.9,0.775,0.8
601,max_rounds,0,,,,,1,1,10,9,9,33,33,4,0,0,1,profiled_beam,1,1,0.1414946729550138,0.0379499934380874,26,17,17,0,25,8,25,0,0.68,0.75,0.7,0.725,0.75,0,0.68,0.75,0.7,0.725,0.75,0,0.0,0.75,0.9,0.825,0.825,1,1.0,1.0,1.0,1.0,1.0
602,no_strict_e1_improvement,0,,,,,1,0,1,1,1,1,1,4,0,0,-1,current,0,0,0.009414536804979435,0.009414536804979435,36,25,25,25,25,0,0,1,1.0,1.0,1.0,1.0,1.0,1,1.0,1.0,1.0,1.0,1.0,1,1.0,1.0,1.0,1.0,1.0,1,1.0,1.0,1.0,1.0,1.0
603,no_strict_e1_improvement,0,,,,,1,0,1,1,1,2,2,4,0,0,-1,current,0,0,0.046765827655326574,0.046765827655326574,30,0,0,0,0,0,0,0,0.0,0.75,0.9,0.825,0.825,0,0.0,0.75,0.9,0.825,0.825,0,0.0,0.75,0.9,0.825,0.825,0,0.0,0.75,0.9,0.825,0.825
604,max_rounds,0,,,,,1,1,7,6,6,23,23,4,2,0,1,profiled_beam,1,1,0.13965706389863045,0.11173259709030389,16,0,0,0,0,0,0,0,0.0,0.25,0.4,0.325,0.45,0,0.0,0.25,0.4,0.325,0.45,0,0.0,0.25,0.4,0.325,0.45,0,0.0,0.2,0.6,0.4,0.55
605,no_strict_e1_improvement,0,,,,,1,0,3,3,3,12,12,4,0,0,-1,current,0,0,0.03949246658012271,0.03949246658012271,31,25,25,25,25,0,0,1,1.0,1.0,1.0,1.0,1.0,1,1.0,1.0,1.0,1.0,1.0,1,1.0,1.0,1.0,1.0,1.0,1,1.0,1.0,1.0,1.0,1.0
606,max_rounds,0,,,,,1,1,6,6,6,24,24,4,0,2,0,s1a3_greedy,1,0,0.06356405403676035,0.06344856555551814,23,0,0,0,0,0,0,0,0.0,0.55,0.55,0.55,0.575,0,0.0,0.55,0.55,0.55,0.575,0,0.0,0.6,0.5,0.55,0.55,0,0.0,0.6,0.5,0.55,0.55
607,no_strict_e1_improvement,0,,,,,1,0,1,1,1,1,1,4,0,0,-1,current,0,0,0.020580477808834985,0.020580477808834985,36,25,25,25,25,0,0,1,1.0,1.0,1.0,1.0,1.0,1,1.0,1.0,1.0,1.0,1.0,1,1.0,1.0,1.0,1.0,1.0,1,1.0,1.0,1.0,1.0,1.0
608,no_strict_e1_improvement,0,,,,,1,0,1,1,1,1,1,4,0,0,-1,current,0,0,0.027228902946808374,0.027228902946808374,28,25,25,25,25,0,0,1,1.0,1.0,1.0,1.0,1.0,1,1.0,1.0,1.0,1.0,1.0,1,1.0,1.0,1.0,1.0,1.0,1,1.0,1.0,1.0,1.0,1.0
609,no_strict_e1_improvement,0,,,,,1,0,1,1,1,1,1,4,0,0,-1,current,0,0,0.05026146119926125,0.05026146119926125,30,1,1,1,1,0,0,0,0.04,0.9,0.65,0.775,0.8,0,0.04,0.9,0.65,0.775,0.8,0,0.04,0.9,0.65,0.775,0.8,0,0.04,0.9,0.65,0.775,0.8
610,no_strict_e1_improvement,0,,,,,1,0,1,1,1,1,1,4,0,0,-1,current,0,0,0.0229841573163867,0.0229841573163867,37,25,25,25,25,0,0,1,1.0,1.0,1.0,1.0,1.0,1,1.0,1.0,1.0,1.0,1.0,1,1.0,1.0,1.0,1.0,1.0,1,1.0,1.0,1.0,1.0,1.0
611,max_rounds,0,,,,,1,1,5,4,4,16,16,4,0,0,1,profiled_beam,1,1,0.09513973005814477,0.036534185137134044,29,12,12,12,25,13,13,0,0.48,0.7,0.75,0.725,0.725,0,0.48,0.7,0.75,0.725,0.725,0,0.48,0.7,0.75,0.725,0.725,1,1.0,1.0,1.0,1.0,1.0
612,no_strict_e1_improvement,0,,,,,1,0,1,1,1,1,1,4,0,0,-1,current,0,0,0.015528494352474808,0.015528494352474808,38,25,25,25,25,0,0,1,1.0,1.0,1.0,1.0,1.0,1,1.0,1.0,1.0,1.0,1.0,1,1.0,1.0,1.0,1.0,1.0,1,1.0,1.0,1.0,1.0,1.0
613,no_strict_e1_improvement,0,,,,,1,0,1,1,1,3,3,4,0,0,-1,current,0,0,0.1064381793141365,0.1064381793141365,30,0,0,0,0,0,0,0,0.0,0.75,0.75,0.75,0.75,0,0.0,0.75,0.75,0.75,0.75,0,0.0,0.75,0.75,0.75,0.75,0,0.0,0.75,0.75,0.75,0.75
614,no_strict_e1_improvement,0,,,,,1,0,1,1,1,2,2,4,0,0,-1,current,0,0,0.05543235721997917,0.05543235721997917,31,0,0,0,0,0,0,0,0.0,0.75,1.0,0.875,0.875,0,0.0,0.75,1.0,0.875,0.875,0,0.0,0.75,1.0,0.875,0.875,0,0.0,0.75,1.0,0.875,0.875
615,max_rounds,0,,,,,1,1,13,12,12,47,47,4,-1,1,1,profiled_beam,1,1,0.19031205906067045,0.03920668321661651,27,2,2,0,25,23,25,0,0.08,0.55,0.35,0.45,0.475,0,0.08,0.55,0.35,0.45,0.475,0,0.0,0.95,0.75,0.85,0.85,1,1.0,1.0,1.0,1.0,1.0
616,no_strict_e1_improvement,0,,,,,1,0,1,1,1,1,1,4,0,0,-1,current,0,0,0.05031247587467078,0.05031247587467078,28,23,23,23,23,0,0,0,0.92,0.9,0.9,0.9,0.925,0,0.92,0.9,0.9,0.9,0.925,0,0.92,0.9,0.9,0.9,0.925,0,0.92,0.9,0.9,0.9,0.925
617,no_strict_e1_improvement,0,,,,,1,0,1,1,1,4,4,4,0,0,-1,current,0,0,0.043714562633249444,0.043714562633249444,30,23,23,23,23,0,0,0,0.92,0.85,0.9,0.875,0.9,0,0.92,0.85,0.9,0.875,0.9,0,0.92,0.85,0.9,0.875,0.9,0,0.92,0.85,0.9,0.875,0.9
618,no_strict_e1_improvement,0,,,,,1,0,1,1,1,1,1,4,0,0,-1,current,0,0,0.01470542063616449,0.01470542063616449,37,0,0,0,0,0,0,0,0.0,0.75,1.0,0.875,0.875,0,0.0,0.75,1.0,0.875,0.875,0,0.0,0.75,1.0,0.875,0.875,0,0.0,0.75,1.0,0.875,0.875
619,max_rounds,0,,,,,1,1,3,2,2,8,8,4,-1,0,1,profiled_beam,1,1,0.11765064634382724,0.0678213772829622,29,0,0,17,21,21,4,0,0.0,0.85,0.5,0.675,0.675,0,0.0,0.85,0.5,0.675,0.675,0,0.68,0.85,0.6,0.725,0.725,0,0.84,0.9,0.8,0.85,0.85
620,no_strict_e1_improvement,0,,,,,1,0,1,1,1,3,3,4,0,0,-1,current,0,0,0.06813335814513266,0.06813335814513266,33,25,25,25,25,0,0,1,1.0,1.0,1.0,1.0,1.0,1,1.0,1.0,1.0,1.0,1.0,1,1.0,1.0,1.0,1.0,1.0,1,1.0,1.0,1.0,1.0,1.0
621,no_strict_e1_improvement,0,,,,,1,0,1,1,1,1,1,4,0,0,-1,current,0,0,0.008299641404300928,0.008299641404300928,34,25,25,25,25,0,0,1,1.0,1.0,1.0,1.0,1.0,1,1.0,1.0,1.0,1.0,1.0,1,1.0,1.0,1.0,1.0,1.0,1,1.0,1.0,1.0,1.0,1.0
622,max_rounds,0,,,,,1,1,4,3,3,12,12,4,0,0,1,profiled_beam,1,1,0.16211979929357767,0.10686056455597281,26,19,19,19,22,3,3,0,0.76,0.65,0.6,0.625,0.7,0,0.76,0.65,0.6,0.625,0.7,0,0.76,0.65,0.6,0.625,0.7,0,0.88,0.75,0.75,0.75,0.8
623,max_rounds,0,,,,,1,1,2,1,1,3,3,4,0,0,1,profiled_beam,1,1,0.0590120391221717,0.05644575462210923,26,21,21,21,22,1,1,0,0.84,0.9,0.8,0.85,0.85,0,0.84,0.9,0.8,0.85,0.85,0,0.84,0.9,0.8,0.85,0.85,0,0.88,0.85,0.85,0.85,0.85
624,no_strict_e1_improvement,0,,,,,1,0,1,1,1,1,1,4,0,0,-1,current,0,0,0.02468275468854699,0.02468275468854699,35,25,25,25,25,0,0,1,1.0,1.0,1.0,1.0,1.0,1,1.0,1.0,1.0,1.0,1.0,1,1.0,1.0,1.0,1.0,1.0,1,1.0,1.0,1.0,1.0,1.0
625,no_strict_e1_improvement,0,,,,,1,0,1,1,1,4,4,4,0,0,-1,current,0,0,0.027488879323937,0.027488879323937,31,25,25,25,25,0,0,1,1.0,1.0,1.0,1.0,1.0,1,1.0,1.0,1.0,1.0,1.0,1,1.0,1.0,1.0,1.0,1.0,1,1.0,1.0,1.0,1.0,1.0
626,max_rounds,0,,,,,1,1,5,4,4,15,15,4,-1,0,1,profiled_beam,1,1,0.21585656492970884,0.10884298221208155,24,0,0,15,19,19,4,0,0.0,0.5,0.55,0.525,0.575,0,0.0,0.5,0.55,0.525,0.575,0,0.6,0.5,0.7,0.6,0.675,0,0.76,0.55,0.8,0.675,0.75
627,no_strict_e1_improvement,0,,,,,1,0,1,1,1,1,1,4,0,0,-1,current,0,0,0.03472640234977007,0.03472640234977007,32,25,25,25,25,0,0,1,1.0,1.0,1.0,1.0,1.0,1,1.0,1.0,1.0,1.0,1.0,1,1.0,1.0,1.0,1.0,1.0,1,1.0,1.0,1.0,1.0,1.0
628,no_strict_e1_improvement,0,,,,,1,0,2,2,2,7,7,4,0,0,-1,current,0,0,0.05500488393008709,0.05500488393008709,29,0,0,0,0,0,0,0,0.0,0.95,0.75,0.85,0.85,0,0.0,0.95,0.75,0.85,0.85,0,0.0,0.95,0.75,0.85,0.85,0,0.0,0.95,0.75,0.85,0.85
629,no_strict_e1_improvement,0,,,,,1,0,3,3,3,12,12,4,0,0,-1,current,0,0,0.0608122696634382,0.0608122696634382,27,25,25,25,25,0,0,1,1.0,1.0,1.0,1.0,1.0,1,1.0,1.0,1.0,1.0,1.0,1,1.0,1.0,1.0,1.0,1.0,1,1.0,1.0,1.0,1.0,1.0
630,no_strict_e1_improvement,0,,,,,1,0,10,9,9,36,36,4,0,0,-1,current,0,0,0.09535463072825223,0.09535463072825223,25,0,0,0,0,0,0,0,0.0,0.75,0.6,0.675,0.725,0,0.0,0.75,0.6,0.675,0.725,0,0.0,0.75,0.6,0.675,0.725,0,0.0,0.75,0.6,0.675,0.725
631,no_strict_e1_improvement,0,,,,,1,0,1,1,1,4,4,4,0,0,-1,current,0,0,0.03676567475777119,0.03676567475777119,33,25,25,25,25,0,0,1,1.0,1.0,1.0,1.0,1.0,1,1.0,1.0,1.0,1.0,1.0,1,1.0,1.0,1.0,1.0,1.0,1,1.0,1.0,1.0,1.0,1.0
632,no_strict_e1_improvement,0,,,,,1,0,1,1,1,1,1,4,0,0,-1,current,0,0,0.048256328562274575,0.048256328562274575,31,0,0,0,0,0,0,0,0.0,1.0,0.75,0.875,0.875,0,0.0,1.0,0.75,0.875,0.875,0,0.0,1.0,0.75,0.875,0.875,0,0.0,1.0,0.75,0.875,0.875
633,max_rounds,0,,,,,1,1,3,2,2,8,8,4,0,0,1,profiled_beam,1,1,0.1425432875403203,0.1336783902370371,20,20,20,20,17,-3,-3,0,0.8,0.7,0.6,0.65,0.675,0,0.8,0.7,0.6,0.65,0.675,0,0.8,0.7,0.6,0.65,0.675,0,0.68,0.65,0.65,0.65,0.65
634,no_strict_e1_improvement,0,,,,,1,0,1,1,1,1,1,4,0,0,-1,current,0,0,0.0339835471007973,0.0339835471007973,32,25,25,25,25,0,0,1,1.0,1.0,1.0,1.0,1.0,1,1.0,1.0,1.0,1.0,1.0,1,1.0,1.0,1.0,1.0,1.0,1,1.0,1.0,1.0,1.0,1.0
635,no_strict_e1_improvement,0,,,,,1,0,1,1,1,2,2,4,0,0,-1,current,0,0,0.0893372068181634,0.0893372068181634,29,0,0,0,0,0,0,0,0.0,0.75,0.9,0.825,0.825,0,0.0,0.75,0.9,0.825,0.825,0,0.0,0.75,0.9,0.825,0.825,0,0.0,0.75,0.9,0.825,0.825
636,no_strict_e1_improvement,0,,,,,1,0,2,2,2,7,7,4,0,0,-1,current,0,0,0.01770835327770328,0.01770835327770328,34,25,25,25,25,0,0,1,1.0,1.0,1.0,1.0,1.0,1,1.0,1.0,1.0,1.0,1.0,1,1.0,1.0,1.0,1.0,1.0,1,1.0,1.0,1.0,1.0,1.0
637,max_rounds,0,,,,,1,1,2,1,1,3,3,4,0,0,1,profiled_beam,1,1,0.10105906608514488,0.09440187546424568,26,0,0,0,0,0,0,0,0.0,0.6,0.75,0.675,0.775,0,0.0,0.6,0.75,0.675,0.775,0,0.0,0.6,0.75,0.675,0.775,0,0.0,0.6,0.75,0.675,0.725
638,no_strict_e1_improvement,0,,,,,1,0,1,1,1,1,1,4,0,0,-1,current,0,0,0.03379998914897442,0.03379998914897442,36,25,25,25,25,0,0,1,1.0,1.0,1.0,1.0,1.0,1,1.0,1.0,1.0,1.0,1.0,1,1.0,1.0,1.0,1.0,1.0,1,1.0,1.0,1.0,1.0,1.0
639,no_strict_e1_improvement,0,,,,,1,0,1,1,1,4,4,4,0,0,-1,current,0,0,0.03621874251984991,0.03621874251984991,30,25,25,25,25,0,0,1,1.0,1.0,1.0,1.0,1.0,1,1.0,1.0,1.0,1.0,1.0,1,1.0,1.0,1.0,1.0,1.0,1,1.0,1.0,1.0,1.0,1.0
640,no_strict_e1_improvement,0,,,,,1,0,3,3,3,9,9,4,0,0,-1,current,0,0,0.05467917156638578,0.05467917156638578,29,25,25,25,25,0,0,1,1.0,1.0,1.0,1.0,1.0,1,1.0,1.0,1.0,1.0,1.0,1,1.0,1.0,1.0,1.0,1.0,1,1.0,1.0,1.0,1.0,1.0
641,max_rounds,0,,,,,1,1,13,12,12,46,46,4,0,1,1,profiled_beam,1,1,0.14492053664289414,0.112703794502886,17,0,0,0,13,13,13,0,0.0,0.65,0.6,0.625,0.65,0,0.0,0.65,0.6,0.625,0.65,0,0.0,0.65,0.55,0.6,0.625,0,0.52,0.85,0.6,0.725,0.725
642,no_strict_e1_improvement,0,,,,,1,0,1,1,1,2,2,4,0,0,-1,current,0,0,0.05410661677597091,0.05410661677597091,24,19,19,19,19,0,0,0,0.76,0.7,0.75,0.725,0.75,0,0.76,0.7,0.75,0.725,0.75,0,0.76,0.7,0.75,0.725,0.75,0,0.76,0.7,0.75,0.725,0.75
643,no_strict_e1_improvement,0,,,,,1,0,1,1,1,4,4,4,0,0,-1,current,0,0,0.08492837380617857,0.08492837380617857,28,0,0,0,0,0,0,0,0.0,0.75,0.85,0.8,0.85,0,0.0,0.75,0.85,0.8,0.85,0,0.0,0.75,0.85,0.8,0.85,0,0.0,0.75,0.85,0.8,0.85
644,max_rounds,0,,,,,1,1,17,16,16,64,64,4,-1,3,1,profiled_beam,1,1,0.20512786733452232,0.10816925651161,22,0,0,11,21,21,10,0,0.0,0.3,0.55,0.425,0.45,0,0.0,0.3,0.55,0.425,0.45,0,0.44,0.5,0.5,0.5,0.55,0,0.84,0.8,0.65,0.725,0.825
645,no_strict_e1_improvement,0,,,,,1,0,1,1,1,2,2,4,0,0,-1,current,0,0,0.04847528679529205,0.04847528679529205,29,1,1,1,1,0,0,0,0.04,0.65,0.9,0.775,0.8,0,0.04,0.65,0.9,0.775,0.8,0,0.04,0.65,0.9,0.775,0.8,0,0.04,0.65,0.9,0.775,0.8
646,no_strict_e1_improvement,0,,,,,1,0,1,1,1,4,4,4,0,0,-1,current,0,0,0.03944629989564419,0.03944629989564419,30,0,0,0,0,0,0,0,0.0,1.0,0.75,0.875,0.875,0,0.0,1.0,0.75,0.875,0.875,0,0.0,1.0,0.75,0.875,0.875,0,0.0,1.0,0.75,0.875,0.875
647,no_strict_e1_improvement,0,,,,,1,0,1,1,1,1,1,4,0,0,-1,current,0,0,0.06306659961119294,0.06306659961119294,26,20,20,20,20,0,0,0,0.8,0.85,0.75,0.8,0.825,0,0.8,0.85,0.75,0.8,0.825,0,0.8,0.85,0.75,0.8,0.825,0,0.8,0.85,0.75,0.8,0.825
648,max_rounds,0,,,,,1,1,9,8,8,31,31,4,1,0,1,profiled_beam,1,1,0.19355184078449383,0.08130443356931209,25,17,17,0,0,-17,0,0,0.68,0.8,0.6,0.7,0.7,0,0.68,0.8,0.6,0.7,0.7,0,0.0,0.75,0.3,0.525,0.625,0,0.0,0.95,0.75,0.85,0.85
649,no_strict_e1_improvement,0,,,,,1,0,1,1,1,4,4,4,0,0,-1,current,0,0,0.09028042481513694,0.09028042481513694,25,23,23,23,23,0,0,0,0.92,0.85,0.9,0.875,0.9,0,0.92,0.85,0.9,0.875,0.9,0,0.92,0.85,0.9,0.875,0.9,0,0.92,0.85,0.9,0.875,0.9
650,no_strict_e1_improvement,0,,,,,1,0,1,1,1,1,1,4,0,0,-1,current,0,0,0.027692884439602494,0.027692884439602494,34,25,25,25,25,0,0,1,1.0,1.0,1.0,1.0,1.0,1,1.0,1.0,1.0,1.0,1.0,1,1.0,1.0,1.0,1.0,1.0,1,1.0,1.0,1.0,1.0,1.0
651,max_rounds,0,,,,,1,1,9,8,8,32,32,4,-1,-2,1,profiled_beam,1,1,0.15863538481644354,0.0565367521950975,24,3,3,3,0,-3,-3,0,0.12,0.45,0.7,0.575,0.65,0,0.12,0.45,0.7,0.575,0.65,0,0.12,0.45,0.7,0.575,0.65,0,0.0,0.75,1.0,0.875,0.875
652,max_rounds,0,,,,,1,1,12,12,12,47,47,4,0,2,1,profiled_beam,1,1,0.07931123746675439,0.0752133314323146,21,0,0,0,0,0,0,0,0.0,0.65,0.6,0.625,0.625,0,0.0,0.65,0.6,0.625,0.625,0,0.0,0.65,0.6,0.625,0.625,0,0.0,0.7,0.5,0.6,0.625
653,max_rounds,0,,,,,1,1,2,1,1,2,2,4,0,0,1,profiled_beam,1,1,0.11944538679672405,0.10772872542729602,22,0,0,0,0,0,0,0,0.0,0.65,0.55,0.6,0.6,0,0.0,0.65,0.55,0.6,0.6,0,0.0,0.65,0.55,0.6,0.6,0,0.0,0.6,0.65,0.625,0.625
654,max_rounds,0,,,,,1,1,2,1,1,2,2,4,0,0,0,s1a3_greedy,1,0,0.07984925373457372,0.07703449944965542,21,0,0,0,0,0,0,0,0.0,0.85,0.6,0.725,0.725,0,0.0,0.85,0.6,0.725,0.725,0,0.0,0.75,0.5,0.625,0.65,0,0.0,0.75,0.5,0.625,0.65
655,max_rounds,0,,,,,1,1,3,2,2,7,7,4,-1,0,1,profiled_beam,1,1,0.12567220968194306,0.08704564762301743,26,0,0,0,0,0,0,0,0.0,0.6,0.6,0.6,0.625,0,0.0,0.6,0.6,0.6,0.625,0,0.0,0.65,0.75,0.7,0.725,0,0.0,0.65,0.7,0.675,0.725
656,no_strict_e1_improvement,0,,,,,1,0,1,1,1,4,4,4,0,0,-1,current,0,0,0.09944966237526387,0.09944966237526387,21,0,0,0,0,0,0,0,0.0,0.75,0.9,0.825,0.825,0,0.0,0.75,0.9,0.825,0.825,0,0.0,0.75,0.9,0.825,0.825,0,0.0,0.75,0.9,0.825,0.825
657,no_strict_e1_improvement,0,,,,,1,0,1,1,1,1,1,4,0,0,-1,current,0,0,0.00524776354432106,0.00524776354432106,39,25,25,25,25,0,0,1,1.0,1.0,1.0,1.0,1.0,1,1.0,1.0,1.0,1.0,1.0,1,1.0,1.0,1.0,1.0,1.0,1,1.0,1.0,1.0,1.0,1.0
658,no_strict_e1_improvement,0,,,,,1,0,1,1,1,1,1,4,0,0,-1,current,0,0,0.03451916892081499,0.03451916892081499,28,25,25,25,25,0,0,1,1.0,1.0,1.0,1.0,1.0,1,1.0,1.0,1.0,1.0,1.0,1,1.0,1.0,1.0,1.0,1.0,1,1.0,1.0,1.0,1.0,1.0
659,no_strict_e1_improvement,0,,,,,1,0,3,2,2,8,8,4,0,0,-1,current,0,0,0.13632651125080883,0.13632651125080883,21,0,0,0,0,0,0,0,0.0,0.6,0.8,0.7,0.7,0,0.0,0.6,0.8,0.7,0.7,0,0.0,0.6,0.8,0.7,0.7,0,0.0,0.6,0.8,0.7,0.7
660,max_rounds,0,,,,,1,1,7,6,6,24,24,4,0,0,1,profiled_beam,1,1,0.07082311317790299,0.06449926488567144,27,0,0,0,0,0,0,0,0.0,0.65,0.75,0.7,0.7,0,0.0,0.65,0.75,0.7,0.7,0,0.0,0.65,0.75,0.7,0.7,0,0.0,0.8,0.75,0.775,0.775
661,no_strict_e1_improvement,0,,,,,1,0,4,4,4,16,16,4,0,0,-1,current,0,0,0.046243928768672046,0.046243928768672046,18,3,3,3,3,0,0,0,0.12,0.75,0.65,0.7,0.75,0,0.12,0.75,0.65,0.7,0.75,0,0.12,0.75,0.65,0.7,0.75,0,0.12,0.75,0.65,0.7,0.75
662,no_strict_e1_improvement,0,,,,,1,0,1,1,1,3,3,4,0,0,-1,current,0,0,0.05670839317026548,0.05670839317026548,27,22,22,22,22,0,0,0,0.88,0.85,0.9,0.875,0.875,0,0.88,0.85,0.9,0.875,0.875,0,0.88,0.85,0.9,0.875,0.875,0,0.88,0.85,0.9,0.875,0.875
663,no_strict_e1_improvement,0,,,,,1,0,2,2,2,6,6,4,0,0,-1,current,0,0,0.07858870313502848,0.07858870313502848,29,0,0,0,0,0,0,0,0.0,0.8,0.75,0.775,0.775,0,0.0,0.8,0.75,0.775,0.775,0,0.0,0.8,0.75,0.775,0.775,0,0.0,0.8,0.75,0.775,0.775
664,no_strict_e1_improvement,0,,,,,1,0,1,1,1,2,2,4,0,0,-1,current,0,0,0.029420715232845396,0.029420715232845396,34,0,0,0,0,0,0,0,0.0,1.0,0.75,0.875,0.875,0,0.0,1.0,0.75,0.875,0.875,0,0.0,1.0,0.75,0.875,0.875,0,0.0,1.0,0.75,0.875,0.875
665,max_rounds,0,,,,,1,1,4,3,3,12,12,4,0,0,1,profiled_beam,1,1,0.10996526461094618,0.10282113635912538,26,3,3,1,0,-3,-1,0,0.12,0.8,0.7,0.75,0.775,0,0.12,0.8,0.7,0.75,0.775,0,0.04,0.9,0.7,0.8,0.8,0,0.0,0.75,0.75,0.75,0.75
666,no_strict_e1_improvement,0,,,,,1,0,1,1,1,2,2,4,0,0,-1,current,0,0,0.09811930260621012,0.09811930260621012,27,0,0,0,0,0,0,0,0.0,0.9,0.55,0.725,0.725,0,0.0,0.9,0.55,0.725,0.725,0,0.0,0.9,0.55,0.725,0.725,0,0.0,0.9,0.55,0.725,0.725
667,no_strict_e1_improvement,0,,,,,1,0,1,1,1,1,1,4,0,0,-1,current,0,0,0.012119714215805289,0.012119714215805289,31,22,22,22,22,0,0,0,0.88,0.9,0.85,0.875,0.875,0,0.88,0.9,0.85,0.875,0.875,0,0.88,0.9,0.85,0.875,0.875,0,0.88,0.9,0.85,0.875,0.875
668,no_strict_e1_improvement,0,,,,,1,0,1,1,1,1,1,4,0,0,-1,current,0,0,0.0380134757142514,0.0380134757142514,30,25,25,25,25,0,0,1,1.0,1.0,1.0,1.0,1.0,1,1.0,1.0,1.0,1.0,1.0,1,1.0,1.0,1.0,1.0,1.0,1,1.0,1.0,1.0,1.0,1.0
669,no_strict_e1_improvement,0,,,,,1,0,1,1,1,1,1,4,0,0,-1,current,0,0,0.002214148594066501,0.002214148594066501,38,25,25,25,25,0,0,1,1.0,1.0,1.0,1.0,1.0,1,1.0,1.0,1.0,1.0,1.0,1,1.0,1.0,1.0,1.0,1.0,1,1.0,1.0,1.0,1.0,1.0
670,no_strict_e1_improvement,0,,,,,1,0,1,1,1,1,1,4,0,0,-1,current,0,0,0.014939074392896146,0.014939074392896146,37,25,25,25,25,0,0,1,1.0,1.0,1.0,1.0,1.0,1,1.0,1.0,1.0,1.0,1.0,1,1.0,1.0,1.0,1.0,1.0,1,1.0,1.0,1.0,1.0,1.0
671,no_strict_e1_improvement,0,,,,,1,0,1,1,1,1,1,4,0,0,-1,current,0,0,0.0540724840015173,0.0540724840015173,35,0,0,0,0,0,0,0,0.0,0.75,0.9,0.825,0.825,0,0.0,0.75,0.9,0.825,0.825,0,0.0,0.75,0.9,0.825,0.825,0,0.0,0.75,0.9,0.825,0.825
672,no_strict_e1_improvement,0,,,,,1,0,1,1,1,2,2,4,0,0,-1,current,0,0,0.05088328609708696,0.05088328609708696,34,0,0,0,0,0,0,0,0.0,0.65,0.85,0.75,0.775,0,0.0,0.65,0.85,0.75,0.775,0,0.0,0.65,0.85,0.75,0.775,0,0.0,0.65,0.85,0.75,0.775
673,no_strict_e1_improvement,0,,,,,1,0,1,1,1,1,1,4,0,0,-1,current,0,0,0.0073287430685013534,0.0073287430685013534,37,25,25,25,25,0,0,1,1.0,1.0,1.0,1.0,1.0,1,1.0,1.0,1.0,1.0,1.0,1,1.0,1.0,1.0,1.0,1.0,1,1.0,1.0,1.0,1.0,1.0
674,no_strict_e1_improvement,0,,,,,1,0,1,1,1,1,1,4,0,0,-1,current,0,0,0.025027062735534854,0.025027062735534854,37,0,0,0,0,0,0,0,0.0,0.75,1.0,0.875,0.875,0,0.0,0.75,1.0,0.875,0.875,0,0.0,0.75,1.0,0.875,0.875,0,0.0,0.75,1.0,0.875,0.875
675,no_strict_e1_improvement,0,,,,,1,0,1,1,1,2,2,4,0,0,-1,current,0,0,0.04175902018323541,0.04175902018323541,36,0,0,0,0,0,0,0,0.0,1.0,0.75,0.875,0.875,0,0.0,1.0,0.75,0.875,0.875,0,0.0,1.0,0.75,0.875,0.875,0,0.0,1.0,0.75,0.875,0.875
676,no_strict_e1_improvement,0,,,,,1,0,1,1,1,4,4,4,0,0,-1,current,0,0,0.03634882370242849,0.03634882370242849,31,0,0,0,0,0,0,0,0.0,0.75,1.0,0.875,0.875,0,0.0,0.75,1.0,0.875,0.875,0,0.0,0.75,1.0,0.875,0.875,0,0.0,0.75,1.0,0.875,0.875
677,no_strict_e1_improvement,0,,,,,1,0,1,1,1,1,1,4,0,0,-1,current,0,0,0.015397612750530244,0.015397612750530244,39,25,25,25,25,0,0,1,1.0,1.0,1.0,1.0,1.0,1,1.0,1.0,1.0,1.0,1.0,1,1.0,1.0,1.0,1.0,1.0,1,1.0,1.0,1.0,1.0,1.0
678,max_rounds,0,,,,,1,1,2,2,2,7,7,4,0,-1,1,profiled_beam,1,1,0.09591072448529303,0.0933051607105881,29,11,11,11,8,-3,-3,0,0.44,0.45,0.8,0.625,0.675,0,0.44,0.45,0.8,0.625,0.675,0,0.44,0.45,0.8,0.625,0.675,0,0.32,0.45,0.8,0.625,0.65
679,max_rounds,0,,,,,1,1,10,9,9,36,36,4,-2,2,1,profiled_beam,1,1,0.04525317712686956,0.03816815786412917,13,0,0,1,3,3,2,0,0.0,0.35,0.4,0.375,0.4,0,0.0,0.35,0.4,0.375,0.4,0,0.04,0.3,0.4,0.35,0.4,0,0.12,0.3,0.4,0.35,0.425
680,no_strict_e1_improvement,0,,,,,1,0,1,1,1,1,1,4,0,0,-1,current,0,0,0.00807206867611967,0.00807206867611967,35,25,25,25,25,0,0,1,1.0,1.0,1.0,1.0,1.0,1,1.0,1.0,1.0,1.0,1.0,1,1.0,1.0,1.0,1.0,1.0,1,1.0,1.0,1.0,1.0,1.0
681,no_strict_e1_improvement,0,,,,,1,0,1,1,1,1,1,4,0,0,-1,current,0,0,0.022410118277184664,0.022410118277184664,36,25,25,25,25,0,0,1,1.0,1.0,1.0,1.0,1.0,1,1.0,1.0,1.0,1.0,1.0,1,1.0,1.0,1.0,1.0,1.0,1,1.0,1.0,1.0,1.0,1.0
682,no_strict_e1_improvement,0,,,,,1,0,1,1,1,2,2,4,0,0,-1,current,0,0,0.017220525234006346,0.017220525234006346,34,25,25,25,25,0,0,1,1.0,1.0,1.0,1.0,1.0,1,1.0,1.0,1.0,1.0,1.0,1,1.0,1.0,1.0,1.0,1.0,1,1.0,1.0,1.0,1.0,1.0
683,no_strict_e1_improvement,0,,,,,1,0,1,1,1,1,1,4,0,0,-1,current,0,0,0.01340065614785999,0.01340065614785999,35,25,25,25,25,0,0,1,1.0,1.0,1.0,1.0,1.0,1,1.0,1.0,1.0,1.0,1.0,1,1.0,1.0,1.0,1.0,1.0,1,1.0,1.0,1.0,1.0,1.0
684,no_strict_e1_improvement,0,,,,,1,0,1,1,1,1,1,4,0,0,-1,current,0,0,0.03345699547789991,0.03345699547789991,35,0,0,0,0,0,0,0,0.0,0.75,1.0,0.875,0.875,0,0.0,0.75,1.0,0.875,0.875,0,0.0,0.75,1.0,0.875,0.875,0,0.0,0.75,1.0,0.875,0.875
685,max_rounds,0,,,,,1,1,3,2,2,7,7,4,1,0,1,profiled_beam,1,1,0.14993759305216373,0.11056967680342496,25,0,0,0,0,0,0,0,0.0,0.55,0.55,0.55,0.55,0,0.0,0.55,0.55,0.55,0.55,0,0.0,0.5,0.7,0.6,0.6,0,0.0,0.55,0.8,0.675,0.675
686,no_strict_e1_improvement,0,,,,,1,0,1,1,1,2,2,4,0,0,-1,current,0,0,0.005427808058448136,0.005427808058448136,36,25,25,25,25,0,0,1,1.0,1.0,1.0,1.0,1.0,1,1.0,1.0,1.0,1.0,1.0,1,1.0,1.0,1.0,1.0,1.0,1,1.0,1.0,1.0,1.0,1.0
687,max_rounds,0,,,,,1,1,3,2,2,6,6,4,0,1,0,s1a3_greedy,1,0,0.08089326553745195,0.007435831509064883,38,0,0,25,25,25,0,0,0.0,0.75,0.9,0.825,0.825,0,0.0,0.75,0.9,0.825,0.825,1,1.0,1.0,1.0,1.0,1.0,1,1.0,1.0,1.0,1.0,1.0
688,no_strict_e1_improvement,0,,,,,1,0,1,1,1,1,1,4,0,0,-1,current,0,0,0.0024885877966880797,0.0024885877966880797,40,25,25,25,25,0,0,1,1.0,1.0,1.0,1.0,1.0,1,1.0,1.0,1.0,1.0,1.0,1,1.0,1.0,1.0,1.0,1.0,1,1.0,1.0,1.0,1.0,1.0
689,no_strict_e1_improvement,0,,,,,1,0,1,1,1,1,1,4,0,0,-1,current,0,0,0.009384495578706265,0.009384495578706265,39,25,25,25,25,0,0,1,1.0,1.0,1.0,1.0,1.0,1,1.0,1.0,1.0,1.0,1.0,1,1.0,1.0,1.0,1.0,1.0,1,1.0,1.0,1.0,1.0,1.0
690,no_strict_e1_improvement,0,,,,,1,0,1,1,1,4,4,4,0,0,-1,current,0,0,0.1280845982255414,0.1280845982255414,23,1,1,1,1,0,0,0,0.04,0.65,0.75,0.7,0.725,0,0.04,0.65,0.75,0.7,0.725,0,0.04,0.65,0.75,0.7,0.725,0,0.04,0.65,0.75,0.7,0.725
691,no_strict_e1_improvement,0,,,,,1,0,1,1,1,1,1,4,0,0,-1,current,0,0,0.0160853972658515,0.0160853972658515,39,25,25,25,25,0,0,1,1.0,1.0,1.0,1.0,1.0,1,1.0,1.0,1.0,1.0,1.0,1,1.0,1.0,1.0,1.0,1.0,1,1.0,1.0,1.0,1.0,1.0
692,no_strict_e1_improvement,0,,,,,1,0,1,1,1,2,2,4,0,0,-1,current,0,0,0.03744975244626403,0.03744975244626403,31,0,0,0,0,0,0,0,0.0,0.65,0.9,0.775,0.8,0,0.0,0.65,0.9,0.775,0.8,0,0.0,0.65,0.9,0.775,0.8,0,0.0,0.65,0.9,0.775,0.8
693,no_strict_e1_improvement,0,,,,,1,0,1,1,1,1,1,4,0,0,-1,current,0,0,0.002709286939352751,0.002709286939352751,39,25,25,25,25,0,0,1,1.0,1.0,1.0,1.0,1.0,1,1.0,1.0,1.0,1.0,1.0,1,1.0,1.0,1.0,1.0,1.0,1,1.0,1.0,1.0,1.0,1.0
694,no_strict_e1_improvement,0,,,,,1,0,1,1,1,1,1,4,0,0,-1,current,0,0,0.0016637960448861121,0.0016637960448861121,39,25,25,25,25,0,0,1,1.0,1.0,1.0,1.0,1.0,1,1.0,1.0,1.0,1.0,1.0,1,1.0,1.0,1.0,1.0,1.0,1,1.0,1.0,1.0,1.0,1.0
695,no_strict_e1_improvement,0,,,,,1,0,1,1,1,4,4,4,0,0,-1,current,0,0,0.023797543415639666,0.023797543415639666,34,25,25,25,25,0,0,1,1.0,1.0,1.0,1.0,1.0,1,1.0,1.0,1.0,1.0,1.0,1,1.0,1.0,1.0,1.0,1.0,1,1.0,1.0,1.0,1.0,1.0
696,no_strict_e1_improvement,0,,,,,1,0,1,1,1,1,1,4,0,0,-1,current,0,0,0.0,0.0,40,25,25,25,25,0,0,1,1.0,1.0,1.0,1.0,1.0,1,1.0,1.0,1.0,1.0,1.0,1,1.0,1.0,1.0,1.0,1.0,1,1.0,1.0,1.0,1.0,1.0
697,no_strict_e1_improvement,0,,,,,1,0,1,1,1,1,1,4,0,0,-1,current,0,0,0.005206998001085594,0.005206998001085594,39,25,25,25,25,0,0,1,1.0,1.0,1.0,1.0,1.0,1,1.0,1.0,1.0,1.0,1.0,1,1.0,1.0,1.0,1.0,1.0,1,1.0,1.0,1.0,1.0,1.0
698,no_strict_e1_improvement,0,,,,,1,0,1,1,1,1,1,4,0,0,-1,current,0,0,0.006358109903521836,0.006358109903521836,34,25,25,25,25,0,0,1,1.0,1.0,1.0,1.0,1.0,1,1.0,1.0,1.0,1.0,1.0,1,1.0,1.0,1.0,1.0,1.0,1,1.0,1.0,1.0,1.0,1.0
699,no_strict_e1_improvement,0,,,,,1,0,1,1,1,1,1,4,0,0,-1,current,0,0,0.02030624747276306,0.02030624747276306,39,25,25,25,25,0,0,1,1.0,1.0,1.0,1.0,1.0,1,1.0,1.0,1.0,1.0,1.0,1,1.0,1.0,1.0,1.0,1.0,1,1.0,1.0,1.0,1.0,1.0
700,no_strict_e1_improvement,0,,,,,1,0,1,1,1,1,1,4,0,0,-1,current,0,0,0.032705931714735924,0.032705931714735924,32,0,0,0,0,0,0,0,0.0,0.75,1.0,0.875,0.875,0,0.0,0.75,1.0,0.875,0.875,0,0.0,0.75,1.0,0.875,0.875,0,0.0,0.75,1.0,0.875,0.875
701,no_strict_e1_improvement,0,,,,,1,0,1,1,1,1,1,4,0,0,-1,current,0,0,0.03319704658351839,0.03319704658351839,30,25,25,25,25,0,0,1,1.0,1.0,1.0,1.0,1.0,1,1.0,1.0,1.0,1.0,1.0,1,1.0,1.0,1.0,1.0,1.0,1,1.0,1.0,1.0,1.0,1.0
702,no_strict_e1_improvement,0,,,,,1,0,1,1,1,1,1,4,0,0,-1,current,0,0,0.02547050821594894,0.02547050821594894,37,25,25,25,25,0,0,1,1.0,1.0,1.0,1.0,1.0,1,1.0,1.0,1.0,1.0,1.0,1,1.0,1.0,1.0,1.0,1.0,1,1.0,1.0,1.0,1.0,1.0
703,no_strict_e1_improvement,0,,,,,1,0,1,1,1,1,1,4,0,0,-1,current,0,0,0.02152318914886564,0.02152318914886564,31,25,25,25,25,0,0,1,1.0,1.0,1.0,1.0,1.0,1,1.0,1.0,1.0,1.0,1.0,1,1.0,1.0,1.0,1.0,1.0,1,1.0,1.0,1.0,1.0,1.0
704,no_strict_e1_improvement,0,,,,,1,0,1,1,1,1,1,4,0,0,-1,current,0,0,0.008898624777793884,0.008898624777793884,39,25,25,25,25,0,0,1,1.0,1.0,1.0,1.0,1.0,1,1.0,1.0,1.0,1.0,1.0,1,1.0,1.0,1.0,1.0,1.0,1,1.0,1.0,1.0,1.0,1.0
705,no_strict_e1_improvement,0,,,,,1,0,3,3,3,12,12,4,0,0,-1,current,0,0,0.054458606464322656,0.054458606464322656,32,25,25,25,25,0,0,1,1.0,1.0,1.0,1.0,1.0,1,1.0,1.0,1.0,1.0,1.0,1,1.0,1.0,1.0,1.0,1.0,1,1.0,1.0,1.0,1.0,1.0
706,max_rounds,0,,,,,1,1,3,3,3,9,9,4,0,-2,0,s1a3_greedy,1,0,0.05156686650589108,0.017421305252355523,32,0,0,25,25,25,0,0,0.0,0.75,1.0,0.875,0.875,0,0.0,0.75,1.0,0.875,0.875,1,1.0,1.0,1.0,1.0,1.0,1,1.0,1.0,1.0,1.0,1.0
707,no_strict_e1_improvement,0,,,,,1,0,1,1,1,1,1,4,0,0,-1,current,0,0,0.035775688383728264,0.035775688383728264,32,25,25,25,25,0,0,1,1.0,1.0,1.0,1.0,1.0,1,1.0,1.0,1.0,1.0,1.0,1,1.0,1.0,1.0,1.0,1.0,1,1.0,1.0,1.0,1.0,1.0
708,no_strict_e1_improvement,0,,,,,1,0,1,1,1,1,1,4,0,0,-1,current,0,0,0.004813423752784729,0.004813423752784729,36,25,25,25,25,0,0,1,1.0,1.0,1.0,1.0,1.0,1,1.0,1.0,1.0,1.0,1.0,1,1.0,1.0,1.0,1.0,1.0,1,1.0,1.0,1.0,1.0,1.0
709,no_strict_e1_improvement,0,,,,,1,0,5,4,4,16,16,4,0,0,-1,current,0,0,0.057177234080154446,0.057177234080154446,26,20,20,20,20,0,0,0,0.8,0.65,0.7,0.675,0.7,0,0.8,0.65,0.7,0.675,0.7,0,0.8,0.65,0.7,0.675,0.7,0,0.8,0.65,0.7,0.675,0.7
710,max_rounds,0,,,,,1,1,4,3,3,12,12,4,0,0,1,profiled_beam,1,1,0.16689518122002484,0.14189689382910728,24,0,0,5,5,5,0,0,0.0,0.25,0.7,0.475,0.525,0,0.0,0.25,0.7,0.475,0.525,0,0.2,0.25,0.85,0.55,0.55,0,0.2,0.25,0.85,0.55,0.55
711,no_strict_e1_improvement,0,,,,,1,0,1,1,1,4,4,4,0,0,-1,current,0,0,0.0894849959295243,0.0894849959295243,25,0,0,0,0,0,0,0,0.0,0.75,0.95,0.85,0.85,0,0.0,0.75,0.95,0.85,0.85,0,0.0,0.75,0.95,0.85,0.85,0,0.0,0.75,0.95,0.85,0.85
712,no_strict_e1_improvement,0,,,,,1,0,1,1,1,1,1,4,0,0,-1,current,0,0,0.0264908698387444,0.0264908698387444,34,25,25,25,25,0,0,1,1.0,1.0,1.0,1.0,1.0,1,1.0,1.0,1.0,1.0,1.0,1,1.0,1.0,1.0,1.0,1.0,1,1.0,1.0,1.0,1.0,1.0
713,no_strict_e1_improvement,0,,,,,1,0,1,1,1,1,1,4,0,0,-1,current,0,0,0.02233165472280234,0.02233165472280234,35,25,25,25,25,0,0,1,1.0,1.0,1.0,1.0,1.0,1,1.0,1.0,1.0,1.0,1.0,1,1.0,1.0,1.0,1.0,1.0,1,1.0,1.0,1.0,1.0,1.0
714,no_strict_e1_improvement,0,,,,,1,0,1,1,1,2,2,4,0,0,-1,current,0,0,0.029110541567206383,0.029110541567206383,37,25,25,25,25,0,0,1,1.0,1.0,1.0,1.0,1.0,1,1.0,1.0,1.0,1.0,1.0,1,1.0,1.0,1.0,1.0,1.0,1,1.0,1.0,1.0,1.0,1.0
715,no_strict_e1_improvement,0,,,,,1,0,1,1,1,1,1,4,0,0,-1,current,0,0,0.013682031631469726,0.013682031631469726,36,25,25,25,25,0,0,1,1.0,1.0,1.0,1.0,1.0,1,1.0,1.0,1.0,1.0,1.0,1,1.0,1.0,1.0,1.0,1.0,1,1.0,1.0,1.0,1.0,1.0
716,no_strict_e1_improvement,0,,,,,1,0,1,1,1,1,1,4,0,0,-1,current,0,0,0.03424233052646741,0.03424233052646741,31,25,25,25,25,0,0,1,1.0,1.0,1.0,1.0,1.0,1,1.0,1.0,1.0,1.0,1.0,1,1.0,1.0,1.0,1.0,1.0,1,1.0,1.0,1.0,1.0,1.0
717,no_strict_e1_improvement,0,,,,,1,0,1,1,1,1,1,4,0,0,-1,current,0,0,0.02034737137146294,0.02034737137146294,33,25,25,25,25,0,0,1,1.0,1.0,1.0,1.0,1.0,1,1.0,1.0,1.0,1.0,1.0,1,1.0,1.0,1.0,1.0,1.0,1,1.0,1.0,1.0,1.0,1.0
718,no_strict_e1_improvement,0,,,,,1,0,1,1,1,1,1,4,0,0,-1,current,0,0,0.02847867915406823,0.02847867915406823,35,23,23,23,23,0,0,0,0.92,0.9,0.9,0.9,0.925,0,0.92,0.9,0.9,0.9,0.925,0,0.92,0.9,0.9,0.9,0.925,0,0.92,0.9,0.9,0.9,0.925
719,no_strict_e1_improvement,0,,,,,1,0,1,1,1,1,1,4,0,0,-1,current,0,0,0.023679903242737055,0.023679903242737055,37,25,25,25,25,0,0,1,1.0,1.0,1.0,1.0,1.0,1,1.0,1.0,1.0,1.0,1.0,1,1.0,1.0,1.0,1.0,1.0,1,1.0,1.0,1.0,1.0,1.0
720,no_strict_e1_improvement,0,,,,,1,0,1,1,1,1,1,4,0,0,-1,current,0,0,0.03147127204574644,0.03147127204574644,28,25,25,25,25,0,0,1,1.0,1.0,1.0,1.0,1.0,1,1.0,1.0,1.0,1.0,1.0,1,1.0,1.0,1.0,1.0,1.0,1,1.0,1.0,1.0,1.0,1.0
721,no_strict_e1_improvement,0,,,,,1,0,1,1,1,4,4,4,0,0,-1,current,0,0,0.0473829205497168,0.0473829205497168,31,0,0,0,0,0,0,0,0.0,0.95,0.75,0.85,0.85,0,0.0,0.95,0.75,0.85,0.85,0,0.0,0.95,0.75,0.85,0.85,0,0.0,0.95,0.75,0.85,0.85
722,no_strict_e1_improvement,0,,,,,1,0,1,1,1,1,1,4,0,0,-1,current,0,0,0.03425364003051072,0.03425364003051072,32,25,25,25,25,0,0,1,1.0,1.0,1.0,1.0,1.0,1,1.0,1.0,1.0,1.0,1.0,1,1.0,1.0,1.0,1.0,1.0,1,1.0,1.0,1.0,1.0,1.0
723,no_strict_e1_improvement,0,,,,,1,0,1,1,1,1,1,4,0,0,-1,current,0,0,0.01348893460817635,0.01348893460817635,37,25,25,25,25,0,0,1,1.0,1.0,1.0,1.0,1.0,1,1.0,1.0,1.0,1.0,1.0,1,1.0,1.0,1.0,1.0,1.0,1,1.0,1.0,1.0,1.0,1.0
724,no_strict_e1_improvement,0,,,,,1,0,1,1,1,1,1,4,0,0,-1,current,0,0,0.005331867327913642,0.005331867327913642,34,25,25,25,25,0,0,1,1.0,1.0,1.0,1.0,1.0,1,1.0,1.0,1.0,1.0,1.0,1,1.0,1.0,1.0,1.0,1.0,1,1.0,1.0,1.0,1.0,1.0
725,no_strict_e1_improvement,0,,,,,1,0,1,1,1,1,1,4,0,0,-1,current,0,0,0.0030713846324943008,0.0030713846324943008,39,25,25,25,25,0,0,1,1.0,1.0,1.0,1.0,1.0,1,1.0,1.0,1.0,1.0,1.0,1,1.0,1.0,1.0,1.0,1.0,1,1.0,1.0,1.0,1.0,1.0
726,no_strict_e1_improvement,0,,,,,1,0,1,1,1,2,2,4,0,0,-1,current,0,0,0.057242166408104825,0.057242166408104825,26,0,0,0,0,0,0,0,0.0,0.6,0.55,0.575,0.625,0,0.0,0.6,0.55,0.575,0.625,0,0.0,0.6,0.55,0.575,0.625,0,0.0,0.6,0.55,0.575,0.625
727,no_strict_e1_improvement,0,,,,,1,0,1,1,1,1,1,4,0,0,-1,current,0,0,2.7405758737586437e-05,2.7405758737586437e-05,40,25,25,25,25,0,0,1,1.0,1.0,1.0,1.0,1.0,1,1.0,1.0,1.0,1.0,1.0,1,1.0,1.0,1.0,1.0,1.0,1,1.0,1.0,1.0,1.0,1.0
728,no_strict_e1_improvement,0,,,,,1,0,1,1,1,1,1,4,0,0,-1,current,0,0,0.011684825643897057,0.011684825643897057,38,0,0,0,0,0,0,0,0.0,0.75,1.0,0.875,0.875,0,0.0,0.75,1.0,0.875,0.875,0,0.0,0.75,1.0,0.875,0.875,0,0.0,0.75,1.0,0.875,0.875
729,no_strict_e1_improvement,0,,,,,1,0,1,1,1,2,2,4,0,0,-1,current,0,0,0.020215039176400752,0.020215039176400752,36,25,25,25,25,0,0,1,1.0,1.0,1.0,1.0,1.0,1,1.0,1.0,1.0,1.0,1.0,1,1.0,1.0,1.0,1.0,1.0,1,1.0,1.0,1.0,1.0,1.0
730,no_strict_e1_improvement,0,,,,,1,0,1,1,1,1,1,4,0,0,-1,current,0,0,0.02267458513379097,0.02267458513379097,38,25,25,25,25,0,0,1,1.0,1.0,1.0,1.0,1.0,1,1.0,1.0,1.0,1.0,1.0,1,1.0,1.0,1.0,1.0,1.0,1,1.0,1.0,1.0,1.0,1.0
731,max_rounds,0,,,,,1,1,3,2,2,6,6,4,0,0,1,profiled_beam,1,1,0.10350033405557042,0.09351771164074307,27,10,10,10,10,0,0,0,0.4,0.5,0.95,0.725,0.725,0,0.4,0.5,0.95,0.725,0.725,0,0.4,0.5,0.95,0.725,0.725,0,0.4,0.5,1.0,0.75,0.75
732,no_strict_e1_improvement,0,,,,,1,0,1,1,1,1,1,4,0,0,-1,current,0,0,0.015301911684218794,0.015301911684218794,31,25,25,25,25,0,0,1,1.0,1.0,1.0,1.0,1.0,1,1.0,1.0,1.0,1.0,1.0,1,1.0,1.0,1.0,1.0,1.0,1,1.0,1.0,1.0,1.0,1.0
733,no_strict_e1_improvement,0,,,,,1,0,1,1,1,2,2,4,0,0,-1,current,0,0,0.05141265317797661,0.05141265317797661,36,0,0,0,0,0,0,0,0.0,0.75,1.0,0.875,0.875,0,0.0,0.75,1.0,0.875,0.875,0,0.0,0.75,1.0,0.875,0.875,0,0.0,0.75,1.0,0.875,0.875
734,max_rounds,0,,,,,1,1,2,1,1,2,2,4,0,0,1,profiled_beam,1,1,0.06462086520623415,0.05571766120847314,31,0,0,0,0,0,0,0,0.0,0.7,0.9,0.8,0.825,0,0.0,0.7,0.9,0.8,0.825,0,0.0,0.7,0.9,0.8,0.825,0,0.0,0.75,1.0,0.875,0.875
735,no_strict_e1_improvement,0,,,,,1,0,1,1,1,1,1,4,0,0,-1,current,0,0,0.008532526649651118,0.008532526649651118,33,25,25,25,25,0,0,1,1.0,1.0,1.0,1.0,1.0,1,1.0,1.0,1.0,1.0,1.0,1,1.0,1.0,1.0,1.0,1.0,1,1.0,1.0,1.0,1.0,1.0
736,no_strict_e1_improvement,0,,,,,1,0,1,1,1,1,1,4,0,0,-1,current,0,0,0.006338507868349552,0.006338507868349552,39,25,25,25,25,0,0,1,1.0,1.0,1.0,1.0,1.0,1,1.0,1.0,1.0,1.0,1.0,1,1.0,1.0,1.0,1.0,1.0,1,1.0,1.0,1.0,1.0,1.0
737,no_strict_e1_improvement,0,,,,,1,0,1,1,1,1,1,4,0,0,-1,current,0,0,0.01005171881406568,0.01005171881406568,39,25,25,25,25,0,0,1,1.0,1.0,1.0,1.0,1.0,1,1.0,1.0,1.0,1.0,1.0,1,1.0,1.0,1.0,1.0,1.0,1,1.0,1.0,1.0,1.0,1.0
738,max_rounds,0,,,,,1,1,7,6,6,24,24,4,0,0,1,profiled_beam,1,1,0.1860540945082903,0.16349016772583128,20,10,10,10,10,0,0,0,0.4,0.25,0.9,0.575,0.575,0,0.4,0.25,0.9,0.575,0.575,0,0.4,0.25,0.9,0.575,0.575,0,0.4,0.25,0.85,0.55,0.575
739,no_strict_e1_improvement,0,,,,,1,0,13,12,12,47,47,4,0,0,-1,current,0,0,0.047103891940787436,0.047103891940787436,28,23,23,23,23,0,0,0,0.92,0.85,0.8,0.825,0.85,0,0.92,0.85,0.8,0.825,0.85,0,0.92,0.85,0.8,0.825,0.85,0,0.92,0.85,0.8,0.825,0.85
740,max_rounds,0,,,,,1,1,3,2,2,8,8,4,0,0,1,profiled_beam,1,1,0.1533211925881915,0.13324744011042639,27,3,3,3,2,-1,-1,0,0.12,0.5,0.8,0.65,0.7,0,0.12,0.5,0.8,0.65,0.7,0,0.12,0.5,0.8,0.65,0.7,0,0.08,0.55,0.85,0.7,0.75
741,no_strict_e1_improvement,0,,,,,1,0,1,1,1,1,1,4,0,0,-1,current,0,0,0.022490327898412942,0.022490327898412942,37,25,25,25,25,0,0,1,1.0,1.0,1.0,1.0,1.0,1,1.0,1.0,1.0,1.0,1.0,1,1.0,1.0,1.0,1.0,1.0,1,1.0,1.0,1.0,1.0,1.0
742,no_strict_e1_improvement,0,,,,,1,0,1,1,1,1,1,4,0,0,-1,current,0,0,0.006421350315213204,0.006421350315213204,38,25,25,25,25,0,0,1,1.0,1.0,1.0,1.0,1.0,1,1.0,1.0,1.0,1.0,1.0,1,1.0,1.0,1.0,1.0,1.0,1,1.0,1.0,1.0,1.0,1.0
743,no_strict_e1_improvement,0,,,,,1,0,1,1,1,1,1,4,0,0,-1,current,0,0,0.0009819840081036091,0.0009819840081036091,38,25,25,25,25,0,0,1,1.0,1.0,1.0,1.0,1.0,1,1.0,1.0,1.0,1.0,1.0,1,1.0,1.0,1.0,1.0,1.0,1,1.0,1.0,1.0,1.0,1.0
744,no_strict_e1_improvement,0,,,,,1,0,2,2,2,8,8,4,0,0,-1,current,0,0,0.08556431317701936,0.08556431317701936,24,0,0,0,0,0,0,0,0.0,0.75,1.0,0.875,0.875,0,0.0,0.75,1.0,0.875,0.875,0,0.0,0.75,1.0,0.875,0.875,0,0.0,0.75,1.0,0.875,0.875
745,max_rounds,0,,,,,1,1,6,6,6,21,21,4,0,-1,0,s1a3_greedy,1,0,0.17319376152008772,0.16478290800005196,27,0,0,19,19,19,0,0,0.0,0.3,0.8,0.55,0.7,0,0.0,0.3,0.8,0.55,0.7,0,0.76,0.4,0.9,0.65,0.8,0,0.76,0.4,0.9,0.65,0.8
746,no_strict_e1_improvement,0,,,,,1,0,1,1,1,1,1,4,0,0,-1,current,0,0,0.00019419050076976418,0.00019419050076976418,40,25,25,25,25,0,0,1,1.0,1.0,1.0,1.0,1.0,1,1.0,1.0,1.0,1.0,1.0,1,1.0,1.0,1.0,1.0,1.0,1,1.0,1.0,1.0,1.0,1.0
747,no_strict_e1_improvement,0,,,,,1,0,1,1,1,1,1,4,0,0,-1,current,0,0,0.0,0.0,40,25,25,25,25,0,0,1,1.0,1.0,1.0,1.0,1.0,1,1.0,1.0,1.0,1.0,1.0,1,1.0,1.0,1.0,1.0,1.0,1,1.0,1.0,1.0,1.0,1.0
748,no_strict_e1_improvement,0,,,,,1,0,1,1,1,3,3,4,0,0,-1,current,0,0,0.07194361011497677,0.07194361011497677,29,0,0,0,0,0,0,0,0.0,1.0,0.75,0.875,0.875,0,0.0,1.0,0.75,0.875,0.875,0,0.0,1.0,0.75,0.875,0.875,0,0.0,1.0,0.75,0.875,0.875
749,no_strict_e1_improvement,0,,,,,1,0,1,1,1,2,2,4,0,0,-1,current,0,0,0.01944061355898157,0.01944061355898157,32,23,23,23,23,0,0,0,0.92,0.9,0.9,0.9,0.9,0,0.92,0.9,0.9,0.9,0.9,0,0.92,0.9,0.9,0.9,0.9,0,0.92,0.9,0.9,0.9,0.9
750,no_strict_e1_improvement,0,,,,,1,0,1,1,1,1,1,4,0,0,-1,current,0,0,0.015899011131841688,0.015899011131841688,37,25,25,25,25,0,0,1,1.0,1.0,1.0,1.0,1.0,1,1.0,1.0,1.0,1.0,1.0,1,1.0,1.0,1.0,1.0,1.0,1,1.0,1.0,1.0,1.0,1.0
751,no_strict_e1_improvement,0,,,,,1,0,1,1,1,1,1,4,0,0,-1,current,0,0,0.0,0.0,40,25,25,25,25,0,0,1,1.0,1.0,1.0,1.0,1.0,1,1.0,1.0,1.0,1.0,1.0,1,1.0,1.0,1.0,1.0,1.0,1,1.0,1.0,1.0,1.0,1.0
752,no_strict_e1_improvement,0,,,,,1,0,1,1,1,2,2,4,0,0,-1,current,0,0,0.02662047976627946,0.02662047976627946,32,21,21,21,21,0,0,0,0.84,0.8,0.9,0.85,0.9,0,0.84,0.8,0.9,0.85,0.9,0,0.84,0.8,0.9,0.85,0.9,0,0.84,0.8,0.9,0.85,0.9
753,no_strict_e1_improvement,0,,,,,1,0,1,1,1,2,2,4,0,0,-1,current,0,0,0.01700499543803744,0.01700499543803744,31,25,25,25,25,0,0,1,1.0,1.0,1.0,1.0,1.0,1,1.0,1.0,1.0,1.0,1.0,1,1.0,1.0,1.0,1.0,1.0,1,1.0,1.0,1.0,1.0,1.0
754,no_strict_e1_improvement,0,,,,,1,0,1,1,1,1,1,4,0,0,-1,current,0,0,0.015085072803776712,0.015085072803776712,35,25,25,25,25,0,0,1,1.0,1.0,1.0,1.0,1.0,1,1.0,1.0,1.0,1.0,1.0,1,1.0,1.0,1.0,1.0,1.0,1,1.0,1.0,1.0,1.0,1.0
755,no_strict_e1_improvement,0,,,,,1,0,1,1,1,1,1,4,0,0,-1,current,0,0,0.0,0.0,40,25,25,25,25,0,0,1,1.0,1.0,1.0,1.0,1.0,1,1.0,1.0,1.0,1.0,1.0,1,1.0,1.0,1.0,1.0,1.0,1,1.0,1.0,1.0,1.0,1.0
756,no_strict_e1_improvement,0,,,,,1,0,1,1,1,1,1,4,0,0,-1,current,0,0,0.015964864543639122,0.015964864543639122,34,25,25,25,25,0,0,1,1.0,1.0,1.0,1.0,1.0,1,1.0,1.0,1.0,1.0,1.0,1,1.0,1.0,1.0,1.0,1.0,1,1.0,1.0,1.0,1.0,1.0
757,no_strict_e1_improvement,0,,,,,1,0,1,1,1,1,1,4,0,0,-1,current,0,0,0.030782169802114366,0.030782169802114366,37,25,25,25,25,0,0,1,1.0,1.0,1.0,1.0,1.0,1,1.0,1.0,1.0,1.0,1.0,1,1.0,1.0,1.0,1.0,1.0,1,1.0,1.0,1.0,1.0,1.0
758,no_strict_e1_improvement,0,,,,,1,0,1,1,1,1,1,4,0,0,-1,current,0,0,0.014010007539764047,0.014010007539764047,33,25,25,25,25,0,0,1,1.0,1.0,1.0,1.0,1.0,1,1.0,1.0,1.0,1.0,1.0,1,1.0,1.0,1.0,1.0,1.0,1,1.0,1.0,1.0,1.0,1.0
759,no_strict_e1_improvement,0,,,,,1,0,1,1,1,1,1,4,0,0,-1,current,0,0,0.0435754501275369,0.0435754501275369,32,21,21,21,21,0,0,0,0.84,0.8,0.9,0.85,0.9,0,0.84,0.8,0.9,0.85,0.9,0,0.84,0.8,0.9,0.85,0.9,0,0.84,0.8,0.9,0.85,0.9
760,no_strict_e1_improvement,0,,,,,1,0,1,1,1,1,1,4,0,0,-1,current,0,0,0.0,0.0,40,25,25,25,25,0,0,1,1.0,1.0,1.0,1.0,1.0,1,1.0,1.0,1.0,1.0,1.0,1,1.0,1.0,1.0,1.0,1.0,1,1.0,1.0,1.0,1.0,1.0
761,no_strict_e1_improvement,0,,,,,1,0,1,1,1,1,1,4,0,0,-1,current,0,0,0.017878996054787422,0.017878996054787422,33,25,25,25,25,0,0,1,1.0,1.0,1.0,1.0,1.0,1,1.0,1.0,1.0,1.0,1.0,1,1.0,1.0,1.0,1.0,1.0,1,1.0,1.0,1.0,1.0,1.0
762,max_rounds,0,,,,,1,1,3,2,2,8,8,4,0,0,0,s1a3_greedy,1,0,0.06085728911348269,0.06006113078983617,20,18,18,18,18,0,0,0,0.72,0.65,0.65,0.65,0.725,0,0.72,0.65,0.65,0.65,0.725,0,0.72,0.7,0.65,0.675,0.7,0,0.72,0.7,0.65,0.675,0.7
763,no_strict_e1_improvement,0,,,,,1,0,1,1,1,1,1,4,0,0,-1,current,0,0,0.0029004663228988647,0.0029004663228988647,39,25,25,25,25,0,0,1,1.0,1.0,1.0,1.0,1.0,1,1.0,1.0,1.0,1.0,1.0,1,1.0,1.0,1.0,1.0,1.0,1,1.0,1.0,1.0,1.0,1.0
764,no_strict_e1_improvement,0,,,,,1,0,1,1,1,1,1,4,0,0,-1,current,0,0,0.009198059467598796,0.009198059467598796,35,25,25,25,25,0,0,1,1.0,1.0,1.0,1.0,1.0,1,1.0,1.0,1.0,1.0,1.0,1,1.0,1.0,1.0,1.0,1.0,1,1.0,1.0,1.0,1.0,1.0
765,no_strict_e1_improvement,0,,,,,1,0,1,1,1,1,1,4,0,0,-1,current,0,0,0.0051553785800933834,0.0051553785800933834,38,23,23,23,23,0,0,0,0.92,0.9,0.9,0.9,0.925,0,0.92,0.9,0.9,0.9,0.925,0,0.92,0.9,0.9,0.9,0.925,0,0.92,0.9,0.9,0.9,0.925
766,no_strict_e1_improvement,0,,,,,1,0,1,1,1,1,1,4,0,0,-1,current,0,0,0.027154469350352883,0.027154469350352883,33,25,25,25,25,0,0,1,1.0,1.0,1.0,1.0,1.0,1,1.0,1.0,1.0,1.0,1.0,1,1.0,1.0,1.0,1.0,1.0,1,1.0,1.0,1.0,1.0,1.0
767,no_strict_e1_improvement,0,,,,,1,0,1,1,1,1,1,4,0,0,-1,current,0,0,0.0021578227664576844,0.0021578227664576844,39,25,25,25,25,0,0,1,1.0,1.0,1.0,1.0,1.0,1,1.0,1.0,1.0,1.0,1.0,1,1.0,1.0,1.0,1.0,1.0,1,1.0,1.0,1.0,1.0,1.0
768,no_strict_e1_improvement,0,,,,,1,0,1,1,1,1,1,4,0,0,-1,current,0,0,0.008969070902094246,0.008969070902094246,38,25,25,25,25,0,0,1,1.0,1.0,1.0,1.0,1.0,1,1.0,1.0,1.0,1.0,1.0,1,1.0,1.0,1.0,1.0,1.0,1,1.0,1.0,1.0,1.0,1.0
769,no_strict_e1_improvement,0,,,,,1,0,1,1,1,1,1,4,0,0,-1,current,0,0,0.017335324105806647,0.017335324105806647,33,23,23,23,23,0,0,0,0.92,0.85,0.9,0.875,0.9,0,0.92,0.85,0.9,0.875,0.9,0,0.92,0.85,0.9,0.875,0.9,0,0.92,0.85,0.9,0.875,0.9
770,no_strict_e1_improvement,0,,,,,1,0,1,1,1,1,1,4,0,0,-1,current,0,0,0.02126308114384301,0.02126308114384301,28,0,0,0,0,0,0,0,0.0,0.75,1.0,0.875,0.875,0,0.0,0.75,1.0,0.875,0.875,0,0.0,0.75,1.0,0.875,0.875,0,0.0,0.75,1.0,0.875,0.875
771,max_rounds,0,,,,,1,1,3,2,2,7,7,4,-1,0,0,s1a3_greedy,1,0,0.07280395240522922,0.0163894756231457,36,0,0,0,0,0,0,0,0.0,0.75,0.75,0.75,0.75,0,0.0,0.75,0.75,0.75,0.75,0,0.0,0.75,1.0,0.875,0.875,0,0.0,0.75,1.0,0.875,0.875
772,no_strict_e1_improvement,0,,,,,1,0,1,1,1,1,1,4,0,0,-1,current,0,0,0.02423339206725359,0.02423339206725359,35,25,25,25,25,0,0,1,1.0,1.0,1.0,1.0,1.0,1,1.0,1.0,1.0,1.0,1.0,1,1.0,1.0,1.0,1.0,1.0,1,1.0,1.0,1.0,1.0,1.0
773,no_strict_e1_improvement,0,,,,,1,0,1,1,1,3,3,4,0,0,-1,current,0,0,0.09044846203178167,0.09044846203178167,33,0,0,0,0,0,0,0,0.0,0.75,0.9,0.825,0.825,0,0.0,0.75,0.9,0.825,0.825,0,0.0,0.75,0.9,0.825,0.825,0,0.0,0.75,0.9,0.825,0.825
774,no_strict_e1_improvement,0,,,,,1,0,1,1,1,1,1,4,0,0,-1,current,0,0,0.009038185700774193,0.009038185700774193,37,25,25,25,25,0,0,1,1.0,1.0,1.0,1.0,1.0,1,1.0,1.0,1.0,1.0,1.0,1,1.0,1.0,1.0,1.0,1.0,1,1.0,1.0,1.0,1.0,1.0
775,no_strict_e1_improvement,0,,,,,1,0,1,1,1,3,3,4,0,0,-1,current,0,0,0.05921513643115759,0.05921513643115759,31,1,1,1,1,0,0,0,0.04,0.55,0.8,0.675,0.7,0,0.04,0.55,0.8,0.675,0.7,0,0.04,0.55,0.8,0.675,0.7,0,0.04,0.55,0.8,0.675,0.7
776,max_rounds,0,,,,,1,1,8,8,8,32,32,4,3,0,1,profiled_beam,1,1,0.13195945316401775,0.12415976845659316,16,9,9,9,0,-9,-9,0,0.36,0.3,0.3,0.3,0.45,0,0.36,0.3,0.3,0.3,0.45,0,0.36,0.3,0.3,0.3,0.45,0,0.0,0.3,0.35,0.325,0.425
777,max_rounds,0,,,,,1,1,5,4,4,15,15,4,0,1,1,profiled_beam,1,1,0.13333497736603023,0.027697446942329406,34,9,9,9,25,16,16,0,0.36,0.5,0.9,0.7,0.7,0,0.36,0.5,0.9,0.7,0.7,0,0.36,0.5,0.9,0.7,0.7,1,1.0,1.0,1.0,1.0,1.0
778,max_rounds,0,,,,,1,1,7,6,6,19,19,4,0,1,0,s1a3_greedy,1,0,0.09189187651500105,0.05763156054490537,28,22,22,0,0,-22,0,0,0.88,0.85,0.85,0.85,0.85,0,0.88,0.85,0.85,0.85,0.85,0,0.0,0.75,1.0,0.875,0.875,0,0.0,0.75,1.0,0.875,0.875
779,no_strict_e1_improvement,0,,,,,1,0,1,1,1,1,1,4,0,0,-1,current,0,0,0.0,0.0,40,25,25,25,25,0,0,1,1.0,1.0,1.0,1.0,1.0,1,1.0,1.0,1.0,1.0,1.0,1,1.0,1.0,1.0,1.0,1.0,1,1.0,1.0,1.0,1.0,1.0
780,no_strict_e1_improvement,0,,,,,1,0,1,1,1,1,1,4,0,0,-1,current,0,0,0.004599277413217351,0.004599277413217351,36,25,25,25,25,0,0,1,1.0,1.0,1.0,1.0,1.0,1,1.0,1.0,1.0,1.0,1.0,1,1.0,1.0,1.0,1.0,1.0,1,1.0,1.0,1.0,1.0,1.0
781,no_strict_e1_improvement,0,,,,,1,0,1,1,1,1,1,4,0,0,-1,current,0,0,0.0073226115549914535,0.0073226115549914535,38,25,25,25,25,0,0,1,1.0,1.0,1.0,1.0,1.0,1,1.0,1.0,1.0,1.0,1.0,1,1.0,1.0,1.0,1.0,1.0,1,1.0,1.0,1.0,1.0,1.0
782,no_strict_e1_improvement,0,,,,,1,0,1,1,1,4,4,4,0,0,-1,current,0,0,0.02560100322589278,0.02560100322589278,34,25,25,25,25,0,0,1,1.0,1.0,1.0,1.0,1.0,1,1.0,1.0,1.0,1.0,1.0,1,1.0,1.0,1.0,1.0,1.0,1,1.0,1.0,1.0,1.0,1.0
783,max_rounds,0,,,,,1,1,17,16,16,64,64,4,-2,0,1,profiled_beam,1,1,0.1030230172444135,0.0823188171023503,17,0,0,0,0,0,0,0,0.0,0.5,0.25,0.375,0.375,0,0.0,0.5,0.25,0.375,0.375,0,0.0,0.5,0.25,0.375,0.375,0,0.0,0.6,0.45,0.525,0.575
784,no_strict_e1_improvement,0,,,,,1,0,1,1,1,4,4,4,0,0,-1,current,0,0,0.055241947341710326,0.055241947341710326,31,0,0,0,0,0,0,0,0.0,0.75,0.95,0.85,0.85,0,0.0,0.75,0.95,0.85,0.85,0,0.0,0.75,0.95,0.85,0.85,0,0.0,0.75,0.95,0.85,0.85
785,no_strict_e1_improvement,0,,,,,1,0,1,1,1,1,1,4,0,0,-1,current,0,0,0.0478051541140303,0.0478051541140303,32,0,0,0,0,0,0,0,0.0,0.75,1.0,0.875,0.875,0,0.0,0.75,1.0,0.875,0.875,0,0.0,0.75,1.0,0.875,0.875,0,0.0,0.75,1.0,0.875,0.875
786,no_strict_e1_improvement,0,,,,,1,0,1,1,1,4,4,4,0,0,-1,current,0,0,0.13429265152662992,0.13429265152662992,23,0,0,0,0,0,0,0,0.0,0.55,0.5,0.525,0.55,0,0.0,0.55,0.5,0.525,0.55,0,0.0,0.55,0.5,0.525,0.55,0,0.0,0.55,0.5,0.525,0.55
787,no_strict_e1_improvement,0,,,,,1,0,1,1,1,2,2,4,0,0,-1,current,0,0,0.01646724361926317,0.01646724361926317,37,25,25,25,25,0,0,1,1.0,1.0,1.0,1.0,1.0,1,1.0,1.0,1.0,1.0,1.0,1,1.0,1.0,1.0,1.0,1.0,1,1.0,1.0,1.0,1.0,1.0
788,no_strict_e1_improvement,0,,,,,1,0,1,1,1,1,1,4,0,0,-1,current,0,0,0.03805634026430198,0.03805634026430198,29,0,0,0,0,0,0,0,0.0,0.75,1.0,0.875,0.875,0,0.0,0.75,1.0,0.875,0.875,0,0.0,0.75,1.0,0.875,0.875,0,0.0,0.75,1.0,0.875,0.875
789,no_strict_e1_improvement,0,,,,,1,0,1,1,1,1,1,4,0,0,-1,current,0,0,0.03981862343498506,0.03981862343498506,33,25,25,25,25,0,0,1,1.0,1.0,1.0,1.0,1.0,1,1.0,1.0,1.0,1.0,1.0,1,1.0,1.0,1.0,1.0,1.0,1,1.0,1.0,1.0,1.0,1.0
790,no_strict_e1_improvement,0,,,,,1,0,1,1,1,1,1,4,0,0,-1,current,0,0,0.005218909919494763,0.005218909919494763,36,25,25,25,25,0,0,1,1.0,1.0,1.0,1.0,1.0,1,1.0,1.0,1.0,1.0,1.0,1,1.0,1.0,1.0,1.0,1.0,1,1.0,1.0,1.0,1.0,1.0
791,no_strict_e1_improvement,0,,,,,1,0,1,1,1,1,1,4,0,0,-1,current,0,0,0.012335916893789545,0.012335916893789545,34,25,25,25,25,0,0,1,1.0,1.0,1.0,1.0,1.0,1,1.0,1.0,1.0,1.0,1.0,1,1.0,1.0,1.0,1.0,1.0,1,1.0,1.0,1.0,1.0,1.0
792,max_rounds,0,,,,,1,1,5,4,4,16,16,4,1,0,1,profiled_beam,1,1,0.12589815152750816,0.108256510188221,24,0,0,4,1,1,-3,0,0.0,0.9,0.5,0.7,0.7,0,0.0,0.9,0.5,0.7,0.7,0,0.16,0.9,0.5,0.7,0.725,0,0.04,0.9,0.5,0.7,0.7
793,no_strict_e1_improvement,0,,,,,1,0,1,1,1,1,1,4,0,0,-1,current,0,0,0.010559063947584945,0.010559063947584945,33,1,1,1,1,0,0,0,0.04,0.7,0.9,0.8,0.8,0,0.04,0.7,0.9,0.8,0.8,0,0.04,0.7,0.9,0.8,0.8,0,0.04,0.7,0.9,0.8,0.8
794,no_strict_e1_improvement,0,,,,,1,0,1,1,1,1,1,4,0,0,-1,current,0,0,0.06370803320314736,0.06370803320314736,25,0,0,0,0,0,0,0,0.0,0.75,1.0,0.875,0.875,0,0.0,0.75,1.0,0.875,0.875,0,0.0,0.75,1.0,0.875,0.875,0,0.0,0.75,1.0,0.875,0.875
795,no_strict_e1_improvement,0,,,,,1,0,1,1,1,1,1,4,0,0,-1,current,0,0,0.031440713256597516,0.031440713256597516,36,25,25,25,25,0,0,1,1.0,1.0,1.0,1.0,1.0,1,1.0,1.0,1.0,1.0,1.0,1,1.0,1.0,1.0,1.0,1.0,1,1.0,1.0,1.0,1.0,1.0
796,no_strict_e1_improvement,0,,,,,1,0,1,1,1,1,1,4,0,0,-1,current,0,0,0.022671207319945097,0.022671207319945097,34,25,25,25,25,0,0,1,1.0,1.0,1.0,1.0,1.0,1,1.0,1.0,1.0,1.0,1.0,1,1.0,1.0,1.0,1.0,1.0,1,1.0,1.0,1.0,1.0,1.0
797,no_strict_e1_improvement,0,,,,,1,0,1,1,1,2,2,4,0,0,-1,current,0,0,0.05076059093698859,0.05076059093698859,34,0,0,0,0,0,0,0,0.0,0.75,1.0,0.875,0.875,0,0.0,0.75,1.0,0.875,0.875,0,0.0,0.75,1.0,0.875,0.875,0,0.0,0.75,1.0,0.875,0.875
798,no_strict_e1_improvement,0,,,,,1,0,1,1,1,1,1,4,0,0,-1,current,0,0,0.0,0.0,40,25,25,25,25,0,0,1,1.0,1.0,1.0,1.0,1.0,1,1.0,1.0,1.0,1.0,1.0,1,1.0,1.0,1.0,1.0,1.0,1,1.0,1.0,1.0,1.0,1.0
799,no_strict_e1_improvement,0,,,,,1,0,1,1,1,1,1,4,0,0,-1,current,0,0,0.0021777655463665726,0.0021777655463665726,39,25,25,25,25,0,0,1,1.0,1.0,1.0,1.0,1.0,1,1.0,1.0,1.0,1.0,1.0,1,1.0,1.0,1.0,1.0,1.0,1,1.0,1.0,1.0,1.0,1.0
800,no_strict_e1_improvement,0,,,,,1,0,1,1,1,1,1,4,0,0,-1,current,0,0,0.013566843792796135,0.013566843792796135,35,25,25,25,25,0,0,1,1.0,1.0,1.0,1.0,1.0,1,1.0,1.0,1.0,1.0,1.0,1,1.0,1.0,1.0,1.0,1.0,1,1.0,1.0,1.0,1.0,1.0
801,no_strict_e1_improvement,0,,,,,1,0,1,1,1,3,3,4,0,0,-1,current,0,0,0.05813494049943983,0.05813494049943983,29,0,0,0,0,0,0,0,0.0,0.75,0.9,0.825,0.825,0,0.0,0.75,0.9,0.825,0.825,0,0.0,0.75,0.9,0.825,0.825,0,0.0,0.75,0.9,0.825,0.825
802,no_strict_e1_improvement,0,,,,,1,0,1,1,1,1,1,4,0,0,-1,current,0,0,0.014598478004336357,0.014598478004336357,39,25,25,25,25,0,0,1,1.0,1.0,1.0,1.0,1.0,1,1.0,1.0,1.0,1.0,1.0,1,1.0,1.0,1.0,1.0,1.0,1,1.0,1.0,1.0,1.0,1.0
803,no_strict_e1_improvement,0,,,,,1,0,1,1,1,1,1,4,0,0,-1,current,0,0,0.016342533007264137,0.016342533007264137,37,25,25,25,25,0,0,1,1.0,1.0,1.0,1.0,1.0,1,1.0,1.0,1.0,1.0,1.0,1,1.0,1.0,1.0,1.0,1.0,1,1.0,1.0,1.0,1.0,1.0
804,max_rounds,0,,,,,1,1,4,3,3,11,11,4,0,-2,0,s1a3_greedy,1,0,0.06358974827453494,0.026920651271939277,35,0,0,25,25,25,0,0,0.0,0.75,1.0,0.875,0.875,0,0.0,0.75,1.0,0.875,0.875,1,1.0,1.0,1.0,1.0,1.0,1,1.0,1.0,1.0,1.0,1.0
805,no_strict_e1_improvement,0,,,,,1,0,1,1,1,1,1,4,0,0,-1,current,0,0,0.01438383066561073,0.01438383066561073,33,25,25,25,25,0,0,1,1.0,1.0,1.0,1.0,1.0,1,1.0,1.0,1.0,1.0,1.0,1,1.0,1.0,1.0,1.0,1.0,1,1.0,1.0,1.0,1.0,1.0
806,no_strict_e1_improvement,0,,,,,1,0,1,1,1,1,1,4,0,0,-1,current,0,0,0.011037992592900992,0.011037992592900992,39,25,25,25,25,0,0,1,1.0,1.0,1.0,1.0,1.0,1,1.0,1.0,1.0,1.0,1.0,1,1.0,1.0,1.0,1.0,1.0,1,1.0,1.0,1.0,1.0,1.0
807,no_strict_e1_improvement,0,,,,,1,0,1,1,1,2,2,4,0,0,-1,current,0,0,0.04344918627757579,0.04344918627757579,34,25,25,25,25,0,0,1,1.0,1.0,1.0,1.0,1.0,1,1.0,1.0,1.0,1.0,1.0,1,1.0,1.0,1.0,1.0,1.0,1,1.0,1.0,1.0,1.0,1.0
808,no_strict_e1_improvement,0,,,,,1,0,1,1,1,1,1,4,0,0,-1,current,0,0,0.0029123453889042137,0.0029123453889042137,40,0,0,0,0,0,0,0,0.0,0.75,1.0,0.875,0.875,0,0.0,0.75,1.0,0.875,0.875,0,0.0,0.75,1.0,0.875,0.875,0,0.0,0.75,1.0,0.875,0.875
809,no_strict_e1_improvement,0,,,,,1,0,1,1,1,2,2,4,0,0,-1,current,0,0,0.09502134136855603,0.09502134136855603,30,19,19,19,19,0,0,0,0.76,0.8,0.85,0.825,0.825,0,0.76,0.8,0.85,0.825,0.825,0,0.76,0.8,0.85,0.825,0.825,0,0.76,0.8,0.85,0.825,0.825
810,no_strict_e1_improvement,0,,,,,1,0,1,1,1,1,1,4,0,0,-1,current,0,0,0.014437245856970548,0.014437245856970548,37,25,25,25,25,0,0,1,1.0,1.0,1.0,1.0,1.0,1,1.0,1.0,1.0,1.0,1.0,1,1.0,1.0,1.0,1.0,1.0,1,1.0,1.0,1.0,1.0,1.0
811,no_strict_e1_improvement,0,,,,,1,0,1,1,1,3,3,4,0,0,-1,current,0,0,0.11270004389807582,0.11270004389807582,30,0,0,0,0,0,0,0,0.0,0.75,0.9,0.825,0.825,0,0.0,0.75,0.9,0.825,0.825,0,0.0,0.75,0.9,0.825,0.825,0,0.0,0.75,0.9,0.825,0.825
812,no_strict_e1_improvement,0,,,,,1,0,3,2,2,8,8,4,0,0,-1,current,0,0,0.16182859323453158,0.16182859323453158,24,9,9,9,9,0,0,0,0.36,0.45,0.7,0.575,0.625,0,0.36,0.45,0.7,0.575,0.625,0,0.36,0.45,0.7,0.575,0.625,0,0.36,0.45,0.7,0.575,0.625
813,no_strict_e1_improvement,0,,,,,1,0,1,1,1,3,3,4,0,0,-1,current,0,0,0.033310328144580126,0.033310328144580126,36,0,0,0,0,0,0,0,0.0,1.0,0.75,0.875,0.875,0,0.0,1.0,0.75,0.875,0.875,0,0.0,1.0,0.75,0.875,0.875,0,0.0,1.0,0.75,0.875,0.875
814,no_strict_e1_improvement,0,,,,,1,0,1,1,1,1,1,4,0,0,-1,current,0,0,0.016457521310076117,0.016457521310076117,39,25,25,25,25,0,0,1,1.0,1.0,1.0,1.0,1.0,1,1.0,1.0,1.0,1.0,1.0,1,1.0,1.0,1.0,1.0,1.0,1,1.0,1.0,1.0,1.0,1.0
815,no_strict_e1_improvement,0,,,,,1,0,1,1,1,1,1,4,0,0,-1,current,0,0,0.011733767064288258,0.011733767064288258,37,25,25,25,25,0,0,1,1.0,1.0,1.0,1.0,1.0,1,1.0,1.0,1.0,1.0,1.0,1,1.0,1.0,1.0,1.0,1.0,1,1.0,1.0,1.0,1.0,1.0
816,no_strict_e1_improvement,0,,,,,1,0,1,1,1,1,1,4,0,0,-1,current,0,0,0.0,0.0,40,25,25,25,25,0,0,1,1.0,1.0,1.0,1.0,1.0,1,1.0,1.0,1.0,1.0,1.0,1,1.0,1.0,1.0,1.0,1.0,1,1.0,1.0,1.0,1.0,1.0
817,no_strict_e1_improvement,0,,,,,1,0,1,1,1,1,1,4,0,0,-1,current,0,0,0.010282456874847412,0.010282456874847412,38,25,25,25,25,0,0,1,1.0,1.0,1.0,1.0,1.0,1,1.0,1.0,1.0,1.0,1.0,1,1.0,1.0,1.0,1.0,1.0,1,1.0,1.0,1.0,1.0,1.0
818,no_strict_e1_improvement,0,,,,,1,0,1,1,1,1,1,4,0,0,-1,current,0,0,0.026202910166466607,0.026202910166466607,34,25,25,25,25,0,0,1,1.0,1.0,1.0,1.0,1.0,1,1.0,1.0,1.0,1.0,1.0,1,1.0,1.0,1.0,1.0,1.0,1,1.0,1.0,1.0,1.0,1.0
819,no_strict_e1_improvement,0,,,,,1,0,1,1,1,1,1,4,0,0,-1,current,0,0,0.006402176222763956,0.006402176222763956,39,0,0,0,0,0,0,0,0.0,0.75,1.0,0.875,0.875,0,0.0,0.75,1.0,0.875,0.875,0,0.0,0.75,1.0,0.875,0.875,0,0.0,0.75,1.0,0.875,0.875
820,no_strict_e1_improvement,0,,,,,1,0,1,1,1,1,1,4,0,0,-1,current,0,0,0.0180608332157135,0.0180608332157135,36,25,25,25,25,0,0,1,1.0,1.0,1.0,1.0,1.0,1,1.0,1.0,1.0,1.0,1.0,1,1.0,1.0,1.0,1.0,1.0,1,1.0,1.0,1.0,1.0,1.0
821,no_strict_e1_improvement,0,,,,,1,0,1,1,1,1,1,4,0,0,-1,current,0,0,0.003568535510567017,0.003568535510567017,38,25,25,25,25,0,0,1,1.0,1.0,1.0,1.0,1.0,1,1.0,1.0,1.0,1.0,1.0,1,1.0,1.0,1.0,1.0,1.0,1,1.0,1.0,1.0,1.0,1.0
822,no_strict_e1_improvement,0,,,,,1,0,1,1,1,1,1,4,0,0,-1,current,0,0,0.008185424789553508,0.008185424789553508,33,25,25,25,25,0,0,1,1.0,1.0,1.0,1.0,1.0,1,1.0,1.0,1.0,1.0,1.0,1,1.0,1.0,1.0,1.0,1.0,1,1.0,1.0,1.0,1.0,1.0
823,no_strict_e1_improvement,0,,,,,1,0,1,1,1,1,1,4,0,0,-1,current,0,0,0.010500024165958166,0.010500024165958166,37,25,25,25,25,0,0,1,1.0,1.0,1.0,1.0,1.0,1,1.0,1.0,1.0,1.0,1.0,1,1.0,1.0,1.0,1.0,1.0,1,1.0,1.0,1.0,1.0,1.0
824,no_strict_e1_improvement,0,,,,,1,0,1,1,1,1,1,4,0,0,-1,current,0,0,0.01643104848917574,0.01643104848917574,35,25,25,25,25,0,0,1,1.0,1.0,1.0,1.0,1.0,1,1.0,1.0,1.0,1.0,1.0,1,1.0,1.0,1.0,1.0,1.0,1,1.0,1.0,1.0,1.0,1.0
825,no_strict_e1_improvement,0,,,,,1,0,1,1,1,1,1,4,0,0,-1,current,0,0,0.007765931973699481,0.007765931973699481,33,25,25,25,25,0,0,1,1.0,1.0,1.0,1.0,1.0,1,1.0,1.0,1.0,1.0,1.0,1,1.0,1.0,1.0,1.0,1.0,1,1.0,1.0,1.0,1.0,1.0
826,no_strict_e1_improvement,0,,,,,1,0,1,1,1,1,1,4,0,0,-1,current,0,0,0.0007329448824748396,0.0007329448824748396,40,25,25,25,25,0,0,1,1.0,1.0,1.0,1.0,1.0,1,1.0,1.0,1.0,1.0,1.0,1,1.0,1.0,1.0,1.0,1.0,1,1.0,1.0,1.0,1.0,1.0
827,max_rounds,0,,,,,1,1,2,2,2,7,7,4,1,0,0,s1a3_greedy,1,0,0.0561435455645551,0.007326562349044252,34,0,0,25,25,25,0,0,0.0,0.95,0.75,0.85,0.85,0,0.0,0.95,0.75,0.85,0.85,1,1.0,1.0,1.0,1.0,1.0,1,1.0,1.0,1.0,1.0,1.0
828,no_strict_e1_improvement,0,,,,,1,0,1,1,1,1,1,4,0,0,-1,current,0,0,0.026833355822600425,0.026833355822600425,34,0,0,0,0,0,0,0,0.0,0.75,1.0,0.875,0.875,0,0.0,0.75,1.0,0.875,0.875,0,0.0,0.75,1.0,0.875,0.875,0,0.0,0.75,1.0,0.875,0.875
829,no_strict_e1_improvement,0,,,,,1,0,1,1,1,1,1,4,0,0,-1,current,0,0,0.02425195827963762,0.02425195827963762,34,25,25,25,25,0,0,1,1.0,1.0,1.0,1.0,1.0,1,1.0,1.0,1.0,1.0,1.0,1,1.0,1.0,1.0,1.0,1.0,1,1.0,1.0,1.0,1.0,1.0
830,no_strict_e1_improvement,0,,,,,1,0,1,1,1,2,2,4,0,0,-1,current,0,0,0.011492195294704289,0.011492195294704289,38,25,25,25,25,0,0,1,1.0,1.0,1.0,1.0,1.0,1,1.0,1.0,1.0,1.0,1.0,1,1.0,1.0,1.0,1.0,1.0,1,1.0,1.0,1.0,1.0,1.0
831,no_strict_e1_improvement,0,,,,,1,0,1,1,1,1,1,4,0,0,-1,current,0,0,0.020453688316047193,0.020453688316047193,37,25,25,25,25,0,0,1,1.0,1.0,1.0,1.0,1.0,1,1.0,1.0,1.0,1.0,1.0,1,1.0,1.0,1.0,1.0,1.0,1,1.0,1.0,1.0,1.0,1.0
832,no_strict_e1_improvement,0,,,,,1,0,1,1,1,1,1,4,0,0,-1,current,0,0,0.0,0.0,40,25,25,25,25,0,0,1,1.0,1.0,1.0,1.0,1.0,1,1.0,1.0,1.0,1.0,1.0,1,1.0,1.0,1.0,1.0,1.0,1,1.0,1.0,1.0,1.0,1.0
833,no_strict_e1_improvement,0,,,,,1,0,1,1,1,4,4,4,0,0,-1,current,0,0,0.03093353866133839,0.03093353866133839,32,25,25,25,25,0,0,1,1.0,1.0,1.0,1.0,1.0,1,1.0,1.0,1.0,1.0,1.0,1,1.0,1.0,1.0,1.0,1.0,1,1.0,1.0,1.0,1.0,1.0
834,no_strict_e1_improvement,0,,,,,1,0,1,1,1,1,1,4,0,0,-1,current,0,0,0.0070002816300984705,0.0070002816300984705,36,25,25,25,25,0,0,1,1.0,1.0,1.0,1.0,1.0,1,1.0,1.0,1.0,1.0,1.0,1,1.0,1.0,1.0,1.0,1.0,1,1.0,1.0,1.0,1.0,1.0
835,no_strict_e1_improvement,0,,,,,1,0,1,1,1,4,4,4,0,0,-1,current,0,0,0.0736387949436903,0.0736387949436903,31,0,0,0,0,0,0,0,0.0,1.0,0.75,0.875,0.875,0,0.0,1.0,0.75,0.875,0.875,0,0.0,1.0,0.75,0.875,0.875,0,0.0,1.0,0.75,0.875,0.875
836,no_strict_e1_improvement,0,,,,,1,0,1,1,1,3,3,4,0,0,-1,current,0,0,0.04985575275495648,0.04985575275495648,30,25,25,25,25,0,0,1,1.0,1.0,1.0,1.0,1.0,1,1.0,1.0,1.0,1.0,1.0,1,1.0,1.0,1.0,1.0,1.0,1,1.0,1.0,1.0,1.0,1.0
837,no_strict_e1_improvement,0,,,,,1,0,1,1,1,1,1,4,0,0,-1,current,0,0,0.009018227690830827,0.009018227690830827,34,25,25,25,25,0,0,1,1.0,1.0,1.0,1.0,1.0,1,1.0,1.0,1.0,1.0,1.0,1,1.0,1.0,1.0,1.0,1.0,1,1.0,1.0,1.0,1.0,1.0
838,no_strict_e1_improvement,0,,,,,1,0,1,1,1,1,1,4,0,0,-1,current,0,0,0.014391196891665459,0.014391196891665459,34,25,25,25,25,0,0,1,1.0,1.0,1.0,1.0,1.0,1,1.0,1.0,1.0,1.0,1.0,1,1.0,1.0,1.0,1.0,1.0,1,1.0,1.0,1.0,1.0,1.0
839,max_rounds,0,,,,,1,1,3,2,2,8,8,4,0,0,1,profiled_beam,1,1,0.08596728874836117,0.07058372567407786,29,0,0,0,0,0,0,0,0.0,0.65,0.9,0.775,0.775,0,0.0,0.65,0.9,0.775,0.775,0,0.0,0.65,0.9,0.775,0.775,0,0.0,0.75,1.0,0.875,0.875
840,no_strict_e1_improvement,0,,,,,1,0,1,1,1,1,1,4,0,0,-1,current,0,0,0.004724541655741632,0.004724541655741632,38,25,25,25,25,0,0,1,1.0,1.0,1.0,1.0,1.0,1,1.0,1.0,1.0,1.0,1.0,1,1.0,1.0,1.0,1.0,1.0,1,1.0,1.0,1.0,1.0,1.0
841,no_strict_e1_improvement,0,,,,,1,0,2,2,2,8,8,4,0,0,-1,current,0,0,0.06969001300167292,0.06969001300167292,27,20,20,20,20,0,0,0,0.8,0.75,0.95,0.85,0.85,0,0.8,0.75,0.95,0.85,0.85,0,0.8,0.75,0.95,0.85,0.85,0,0.8,0.75,0.95,0.85,0.85
842,no_strict_e1_improvement,0,,,,,1,0,1,1,1,3,3,4,0,0,-1,current,0,0,0.09396239090710878,0.09396239090710878,34,0,0,0,0,0,0,0,0.0,0.75,0.95,0.85,0.85,0,0.0,0.75,0.95,0.85,0.85,0,0.0,0.75,0.95,0.85,0.85,0,0.0,0.75,0.95,0.85,0.85
843,max_rounds,0,,,,,1,1,3,2,2,8,8,4,0,0,1,profiled_beam,1,1,0.06568337925709784,0.06099975248798728,32,23,23,23,25,2,2,0,0.92,0.85,0.8,0.825,0.85,0,0.92,0.85,0.8,0.825,0.85,0,0.92,0.85,0.8,0.825,0.85,1,1.0,1.0,1.0,1.0,1.0
844,max_rounds,0,,,,,1,1,7,6,6,22,22,4,0,0,1,profiled_beam,1,1,0.10729770155157894,0.09600537267979234,26,10,10,10,0,-10,-10,0,0.4,0.85,0.75,0.8,0.8,0,0.4,0.85,0.75,0.8,0.8,0,0.4,0.85,0.75,0.8,0.8,0,0.0,0.75,0.95,0.85,0.85
845,no_strict_e1_improvement,0,,,,,1,0,3,3,3,10,10,4,0,0,-1,current,0,0,0.0506097299978137,0.0506097299978137,30,23,23,23,23,0,0,0,0.92,0.8,0.85,0.825,0.85,0,0.92,0.8,0.85,0.825,0.85,0,0.92,0.8,0.85,0.825,0.85,0,0.92,0.8,0.85,0.825,0.85
846,no_strict_e1_improvement,0,,,,,1,0,1,1,1,1,1,4,0,0,-1,current,0,0,0.006664741458371282,0.006664741458371282,38,25,25,25,25,0,0,1,1.0,1.0,1.0,1.0,1.0,1,1.0,1.0,1.0,1.0,1.0,1,1.0,1.0,1.0,1.0,1.0,1,1.0,1.0,1.0,1.0,1.0
847,no_strict_e1_improvement,0,,,,,1,0,1,1,1,1,1,4,0,0,-1,current,0,0,0.009689007326960564,0.009689007326960564,35,25,25,25,25,0,0,1,1.0,1.0,1.0,1.0,1.0,1,1.0,1.0,1.0,1.0,1.0,1,1.0,1.0,1.0,1.0,1.0,1,1.0,1.0,1.0,1.0,1.0
848,no_strict_e1_improvement,0,,,,,1,0,1,1,1,1,1,4,0,0,-1,current,0,0,0.012264370499178768,0.012264370499178768,35,25,25,25,25,0,0,1,1.0,1.0,1.0,1.0,1.0,1,1.0,1.0,1.0,1.0,1.0,1,1.0,1.0,1.0,1.0,1.0,1,1.0,1.0,1.0,1.0,1.0
849,no_strict_e1_improvement,0,,,,,1,0,1,1,1,1,1,4,0,0,-1,current,0,0,0.02474680691957474,0.02474680691957474,36,25,25,25,25,0,0,1,1.0,1.0,1.0,1.0,1.0,1,1.0,1.0,1.0,1.0,1.0,1,1.0,1.0,1.0,1.0,1.0,1,1.0,1.0,1.0,1.0,1.0
850,no_strict_e1_improvement,0,,,,,1,0,1,1,1,1,1,4,0,0,-1,current,0,0,0.030471525411121546,0.030471525411121546,34,0,0,0,0,0,0,0,0.0,0.75,1.0,0.875,0.875,0,0.0,0.75,1.0,0.875,0.875,0,0.0,0.75,1.0,0.875,0.875,0,0.0,0.75,1.0,0.875,0.875
851,no_strict_e1_improvement,0,,,,,1,0,1,1,1,1,1,4,0,0,-1,current,0,0,0.01706631779088639,0.01706631779088639,38,25,25,25,25,0,0,1,1.0,1.0,1.0,1.0,1.0,1,1.0,1.0,1.0,1.0,1.0,1,1.0,1.0,1.0,1.0,1.0,1,1.0,1.0,1.0,1.0,1.0
852,no_strict_e1_improvement,0,,,,,1,0,1,1,1,2,2,4,0,0,-1,current,0,0,0.04235828914679587,0.04235828914679587,34,25,25,25,25,0,0,1,1.0,1.0,1.0,1.0,1.0,1,1.0,1.0,1.0,1.0,1.0,1,1.0,1.0,1.0,1.0,1.0,1,1.0,1.0,1.0,1.0,1.0
853,no_strict_e1_improvement,0,,,,,1,0,1,1,1,3,3,4,0,0,-1,current,0,0,0.04394816083949991,0.04394816083949991,33,0,0,0,0,0,0,0,0.0,0.75,0.9,0.825,0.825,0,0.0,0.75,0.9,0.825,0.825,0,0.0,0.75,0.9,0.825,0.825,0,0.0,0.75,0.9,0.825,0.825
854,max_rounds,0,,,,,1,1,4,3,3,12,12,4,0,0,1,profiled_beam,1,1,0.04057983576785773,0.039762749499641356,30,23,23,23,23,0,0,0,0.92,0.9,0.8,0.85,0.875,0,0.92,0.9,0.8,0.85,0.875,0,0.92,0.9,0.8,0.85,0.875,0,0.92,0.9,0.9,0.9,0.925
855,no_strict_e1_improvement,0,,,,,1,0,1,1,1,1,1,4,0,0,-1,current,0,0,0.016682210192084313,0.016682210192084313,38,25,25,25,25,0,0,1,1.0,1.0,1.0,1.0,1.0,1,1.0,1.0,1.0,1.0,1.0,1,1.0,1.0,1.0,1.0,1.0,1,1.0,1.0,1.0,1.0,1.0
856,no_strict_e1_improvement,0,,,,,1,0,1,1,1,1,1,4,0,0,-1,current,0,0,0.013470323057845235,0.013470323057845235,37,25,25,25,25,0,0,1,1.0,1.0,1.0,1.0,1.0,1,1.0,1.0,1.0,1.0,1.0,1,1.0,1.0,1.0,1.0,1.0,1,1.0,1.0,1.0,1.0,1.0
857,no_strict_e1_improvement,0,,,,,1,0,1,1,1,1,1,4,0,0,-1,current,0,0,0.006227139758993872,0.006227139758993872,39,25,25,25,25,0,0,1,1.0,1.0,1.0,1.0,1.0,1,1.0,1.0,1.0,1.0,1.0,1,1.0,1.0,1.0,1.0,1.0,1,1.0,1.0,1.0,1.0,1.0
858,no_strict_e1_improvement,0,,,,,1,0,2,1,1,4,4,4,0,0,-1,current,0,0,0.12669323645532132,0.12669323645532132,27,1,1,1,1,0,0,0,0.04,0.65,0.75,0.7,0.725,0,0.04,0.65,0.75,0.7,0.725,0,0.04,0.65,0.75,0.7,0.725,0,0.04,0.65,0.75,0.7,0.725
859,no_strict_e1_improvement,0,,,,,1,0,1,1,1,4,4,4,0,0,-1,current,0,0,0.08105450202565408,0.08105450202565408,23,0,0,0,0,0,0,0,0.0,0.75,0.75,0.75,0.75,0,0.0,0.75,0.75,0.75,0.75,0,0.0,0.75,0.75,0.75,0.75,0,0.0,0.75,0.75,0.75,0.75
860,max_rounds,0,,,,,1,1,17,16,16,63,63,4,0,1,1,profiled_beam,1,1,0.18124214598210528,0.10793150061144843,16,2,2,8,0,-2,-8,0,0.08,0.45,0.7,0.575,0.6,0,0.08,0.45,0.7,0.575,0.6,0,0.32,0.15,0.6,0.375,0.425,0,0.0,0.2,0.7,0.45,0.475
861,no_strict_e1_improvement,0,,,,,1,0,1,1,1,1,1,4,0,0,-1,current,0,0,0.006196808628737926,0.006196808628737926,37,25,25,25,25,0,0,1,1.0,1.0,1.0,1.0,1.0,1,1.0,1.0,1.0,1.0,1.0,1,1.0,1.0,1.0,1.0,1.0,1,1.0,1.0,1.0,1.0,1.0
862,no_strict_e1_improvement,0,,,,,1,0,1,1,1,4,4,4,0,0,-1,current,0,0,0.07777050285367296,0.07777050285367296,34,0,0,0,0,0,0,0,0.0,0.75,0.9,0.825,0.825,0,0.0,0.75,0.9,0.825,0.825,0,0.0,0.75,0.9,0.825,0.825,0,0.0,0.75,0.9,0.825,0.825
863,no_strict_e1_improvement,0,,,,,1,0,1,1,1,1,1,4,0,0,-1,current,0,0,0.001714776991866529,0.001714776991866529,38,25,25,25,25,0,0,1,1.0,1.0,1.0,1.0,1.0,1,1.0,1.0,1.0,1.0,1.0,1,1.0,1.0,1.0,1.0,1.0,1,1.0,1.0,1.0,1.0,1.0
864,no_strict_e1_improvement,0,,,,,1,0,1,1,1,1,1,4,0,0,-1,current,0,0,0.0217266057850793,0.0217266057850793,37,0,0,0,0,0,0,0,0.0,0.75,1.0,0.875,0.875,0,0.0,0.75,1.0,0.875,0.875,0,0.0,0.75,1.0,0.875,0.875,0,0.0,0.75,1.0,0.875,0.875
865,max_rounds,0,,,,,1,1,3,2,2,6,6,4,0,-1,0,s1a3_greedy,1,0,0.14150131831411272,0.03730837437324226,31,0,0,25,25,25,0,0,0.0,0.65,0.75,0.7,0.75,0,0.0,0.65,0.75,0.7,0.75,1,1.0,1.0,1.0,1.0,1.0,1,1.0,1.0,1.0,1.0,1.0
866,max_rounds,0,,,,,1,1,3,2,2,7,7,4,0,1,0,s1a3_greedy,1,0,0.1070289272814989,0.018401964381337167,37,0,0,25,25,25,0,0,0.0,0.75,0.9,0.825,0.825,0,0.0,0.75,0.9,0.825,0.825,1,1.0,1.0,1.0,1.0,1.0,1,1.0,1.0,1.0,1.0,1.0
867,no_strict_e1_improvement,0,,,,,1,0,1,1,1,1,1,4,0,0,-1,current,0,0,0.019999785895925014,0.019999785895925014,33,25,25,25,25,0,0,1,1.0,1.0,1.0,1.0,1.0,1,1.0,1.0,1.0,1.0,1.0,1,1.0,1.0,1.0,1.0,1.0,1,1.0,1.0,1.0,1.0,1.0
868,no_strict_e1_improvement,0,,,,,1,0,1,1,1,1,1,4,0,0,-1,current,0,0,0.024732688441872597,0.024732688441872597,38,25,25,25,25,0,0,1,1.0,1.0,1.0,1.0,1.0,1,1.0,1.0,1.0,1.0,1.0,1,1.0,1.0,1.0,1.0,1.0,1,1.0,1.0,1.0,1.0,1.0
869,max_rounds,0,,,,,1,1,7,6,6,24,24,4,-2,1,1,profiled_beam,1,1,0.22790585928596557,0.1832893552724272,14,3,3,1,0,-3,-1,0,0.12,0.15,0.3,0.225,0.325,0,0.12,0.15,0.3,0.225,0.325,0,0.04,0.25,0.35,0.3,0.35,0,0.0,0.35,0.5,0.425,0.425
870,no_strict_e1_improvement,0,,,,,1,0,1,1,1,1,1,4,0,0,-1,current,0,0,0.028295594634255395,0.028295594634255395,34,25,25,25,25,0,0,1,1.0,1.0,1.0,1.0,1.0,1,1.0,1.0,1.0,1.0,1.0,1,1.0,1.0,1.0,1.0,1.0,1,1.0,1.0,1.0,1.0,1.0
871,no_strict_e1_improvement,0,,,,,1,0,1,1,1,1,1,4,0,0,-1,current,0,0,0.021279717294964938,0.021279717294964938,31,25,25,25,25,0,0,1,1.0,1.0,1.0,1.0,1.0,1,1.0,1.0,1.0,1.0,1.0,1,1.0,1.0,1.0,1.0,1.0,1,1.0,1.0,1.0,1.0,1.0
872,no_strict_e1_improvement,0,,,,,1,0,1,1,1,1,1,4,0,0,-1,current,0,0,0.019975190376862885,0.019975190376862885,34,25,25,25,25,0,0,1,1.0,1.0,1.0,1.0,1.0,1,1.0,1.0,1.0,1.0,1.0,1,1.0,1.0,1.0,1.0,1.0,1,1.0,1.0,1.0,1.0,1.0
873,no_strict_e1_improvement,0,,,,,1,0,1,1,1,1,1,4,0,0,-1,current,0,0,0.019368354650214314,0.019368354650214314,35,25,25,25,25,0,0,1,1.0,1.0,1.0,1.0,1.0,1,1.0,1.0,1.0,1.0,1.0,1,1.0,1.0,1.0,1.0,1.0,1,1.0,1.0,1.0,1.0,1.0
874,no_strict_e1_improvement,0,,,,,1,0,1,1,1,1,1,4,0,0,-1,current,0,0,0.006688959384337068,0.006688959384337068,37,25,25,25,25,0,0,1,1.0,1.0,1.0,1.0,1.0,1,1.0,1.0,1.0,1.0,1.0,1,1.0,1.0,1.0,1.0,1.0,1,1.0,1.0,1.0,1.0,1.0
875,no_strict_e1_improvement,0,,,,,1,0,1,1,1,1,1,4,0,0,-1,current,0,0,0.0031041179550811648,0.0031041179550811648,39,25,25,25,25,0,0,1,1.0,1.0,1.0,1.0,1.0,1,1.0,1.0,1.0,1.0,1.0,1,1.0,1.0,1.0,1.0,1.0,1,1.0,1.0,1.0,1.0,1.0
876,no_strict_e1_improvement,0,,,,,1,0,1,1,1,1,1,4,0,0,-1,current,0,0,0.03606742418778595,0.03606742418778595,34,25,25,25,25,0,0,1,1.0,1.0,1.0,1.0,1.0,1,1.0,1.0,1.0,1.0,1.0,1,1.0,1.0,1.0,1.0,1.0,1,1.0,1.0,1.0,1.0,1.0
877,no_strict_e1_improvement,0,,,,,1,0,1,1,1,1,1,4,0,0,-1,current,0,0,0.014920774381607771,0.014920774381607771,37,25,25,25,25,0,0,1,1.0,1.0,1.0,1.0,1.0,1,1.0,1.0,1.0,1.0,1.0,1,1.0,1.0,1.0,1.0,1.0,1,1.0,1.0,1.0,1.0,1.0
878,no_strict_e1_improvement,0,,,,,1,0,5,4,4,15,15,4,0,0,-1,current,0,0,0.10021606715527014,0.10021606715527014,26,25,25,25,25,0,0,1,1.0,1.0,1.0,1.0,1.0,1,1.0,1.0,1.0,1.0,1.0,1,1.0,1.0,1.0,1.0,1.0,1,1.0,1.0,1.0,1.0,1.0
879,no_strict_e1_improvement,0,,,,,1,0,1,1,1,1,1,4,0,0,-1,current,0,0,0.012815074517857284,0.012815074517857284,32,25,25,25,25,0,0,1,1.0,1.0,1.0,1.0,1.0,1,1.0,1.0,1.0,1.0,1.0,1,1.0,1.0,1.0,1.0,1.0,1,1.0,1.0,1.0,1.0,1.0
880,no_strict_e1_improvement,0,,,,,1,0,1,1,1,1,1,4,0,0,-1,current,0,0,0.008958832360804081,0.008958832360804081,33,25,25,25,25,0,0,1,1.0,1.0,1.0,1.0,1.0,1,1.0,1.0,1.0,1.0,1.0,1,1.0,1.0,1.0,1.0,1.0,1,1.0,1.0,1.0,1.0,1.0
881,no_strict_e1_improvement,0,,,,,1,0,1,1,1,1,1,4,0,0,-1,current,0,0,0.013078036019578576,0.013078036019578576,35,0,0,0,0,0,0,0,0.0,0.75,1.0,0.875,0.875,0,0.0,0.75,1.0,0.875,0.875,0,0.0,0.75,1.0,0.875,0.875,0,0.0,0.75,1.0,0.875,0.875
882,no_strict_e1_improvement,0,,,,,1,0,1,1,1,1,1,4,0,0,-1,current,0,0,0.006948586605722085,0.006948586605722085,36,25,25,25,25,0,0,1,1.0,1.0,1.0,1.0,1.0,1,1.0,1.0,1.0,1.0,1.0,1,1.0,1.0,1.0,1.0,1.0,1,1.0,1.0,1.0,1.0,1.0
883,no_strict_e1_improvement,0,,,,,1,0,1,1,1,1,1,4,0,0,-1,current,0,0,0.011862862622365355,0.011862862622365355,36,25,25,25,25,0,0,1,1.0,1.0,1.0,1.0,1.0,1,1.0,1.0,1.0,1.0,1.0,1,1.0,1.0,1.0,1.0,1.0,1,1.0,1.0,1.0,1.0,1.0
884,no_strict_e1_improvement,0,,,,,1,0,1,1,1,1,1,4,0,0,-1,current,0,0,0.014468403928913177,0.014468403928913177,36,25,25,25,25,0,0,1,1.0,1.0,1.0,1.0,1.0,1,1.0,1.0,1.0,1.0,1.0,1,1.0,1.0,1.0,1.0,1.0,1,1.0,1.0,1.0,1.0,1.0
885,max_rounds,0,,,,,1,1,3,3,3,9,9,4,2,0,0,s1a3_greedy,1,0,0.03592721364693716,0.03432056560413912,31,0,0,0,0,0,0,0,0.0,1.0,0.75,0.875,0.875,0,0.0,1.0,0.75,0.875,0.875,0,0.0,1.0,0.75,0.875,0.875,0,0.0,1.0,0.75,0.875,0.875
886,no_strict_e1_improvement,0,,,,,1,0,1,1,1,1,1,4,0,0,-1,current,0,0,0.01964293630444445,0.01964293630444445,33,0,0,0,0,0,0,0,0.0,0.75,1.0,0.875,0.875,0,0.0,0.75,1.0,0.875,0.875,0,0.0,0.75,1.0,0.875,0.875,0,0.0,0.75,1.0,0.875,0.875
887,max_rounds,0,,,,,1,1,3,2,2,7,7,4,-1,0,0,s1a3_greedy,1,0,0.10174974064575508,0.05039999029831961,37,0,0,0,0,0,0,0,0.0,0.75,0.75,0.75,0.75,0,0.0,0.75,0.75,0.75,0.75,0,0.0,0.75,1.0,0.875,0.875,0,0.0,0.75,1.0,0.875,0.875
888,no_strict_e1_improvement,0,,,,,1,0,1,1,1,1,1,4,0,0,-1,current,0,0,0.006773625686764717,0.006773625686764717,38,25,25,25,25,0,0,1,1.0,1.0,1.0,1.0,1.0,1,1.0,1.0,1.0,1.0,1.0,1,1.0,1.0,1.0,1.0,1.0,1,1.0,1.0,1.0,1.0,1.0
889,max_rounds,0,,,,,1,1,4,3,3,12,12,4,0,2,1,profiled_beam,1,1,0.125785621907562,0.056348387990146874,23,1,1,0,0,-1,0,0,0.04,0.35,0.7,0.525,0.55,0,0.04,0.35,0.7,0.525,0.55,0,0.0,0.45,0.75,0.6,0.65,0,0.0,0.45,0.75,0.6,0.65
890,no_strict_e1_improvement,0,,,,,1,0,1,1,1,1,1,4,0,0,-1,current,0,0,0.008683903701603412,0.008683903701603412,39,25,25,25,25,0,0,1,1.0,1.0,1.0,1.0,1.0,1,1.0,1.0,1.0,1.0,1.0,1,1.0,1.0,1.0,1.0,1.0,1,1.0,1.0,1.0,1.0,1.0
891,no_strict_e1_improvement,0,,,,,1,0,1,1,1,1,1,4,0,0,-1,current,0,0,0.011187145346593753,0.011187145346593753,36,25,25,25,25,0,0,1,1.0,1.0,1.0,1.0,1.0,1,1.0,1.0,1.0,1.0,1.0,1,1.0,1.0,1.0,1.0,1.0,1,1.0,1.0,1.0,1.0,1.0
892,no_strict_e1_improvement,0,,,,,1,0,1,1,1,1,1,4,0,0,-1,current,0,0,0.0037005082063842564,0.0037005082063842564,40,25,25,25,25,0,0,1,1.0,1.0,1.0,1.0,1.0,1,1.0,1.0,1.0,1.0,1.0,1,1.0,1.0,1.0,1.0,1.0,1,1.0,1.0,1.0,1.0,1.0
893,no_strict_e1_improvement,0,,,,,1,0,1,1,1,1,1,4,0,0,-1,current,0,0,0.021168317086994647,0.021168317086994647,38,25,25,25,25,0,0,1,1.0,1.0,1.0,1.0,1.0,1,1.0,1.0,1.0,1.0,1.0,1,1.0,1.0,1.0,1.0,1.0,1,1.0,1.0,1.0,1.0,1.0
894,no_strict_e1_improvement,0,,,,,1,0,1,1,1,1,1,4,0,0,-1,current,0,0,0.002305478602647781,0.002305478602647781,38,25,25,25,25,0,0,1,1.0,1.0,1.0,1.0,1.0,1,1.0,1.0,1.0,1.0,1.0,1,1.0,1.0,1.0,1.0,1.0,1,1.0,1.0,1.0,1.0,1.0
895,no_strict_e1_improvement,0,,,,,1,0,1,1,1,1,1,4,0,0,-1,current,0,0,0.023000813915859907,0.023000813915859907,28,0,0,0,0,0,0,0,0.0,0.75,1.0,0.875,0.875,0,0.0,0.75,1.0,0.875,0.875,0,0.0,0.75,1.0,0.875,0.875,0,0.0,0.75,1.0,0.875,0.875
896,no_strict_e1_improvement,0,,,,,1,0,1,1,1,2,2,4,0,0,-1,current,0,0,0.03197256021667272,0.03197256021667272,28,25,25,25,25,0,0,1,1.0,1.0,1.0,1.0,1.0,1,1.0,1.0,1.0,1.0,1.0,1,1.0,1.0,1.0,1.0,1.0,1,1.0,1.0,1.0,1.0,1.0
897,no_strict_e1_improvement,0,,,,,1,0,1,1,1,1,1,4,0,0,-1,current,0,0,0.01155799257394392,0.01155799257394392,35,25,25,25,25,0,0,1,1.0,1.0,1.0,1.0,1.0,1,1.0,1.0,1.0,1.0,1.0,1,1.0,1.0,1.0,1.0,1.0,1,1.0,1.0,1.0,1.0,1.0
898,no_strict_e1_improvement,0,,,,,1,0,1,1,1,1,1,4,0,0,-1,current,0,0,0.01576829100959003,0.01576829100959003,31,25,25,25,25,0,0,1,1.0,1.0,1.0,1.0,1.0,1,1.0,1.0,1.0,1.0,1.0,1,1.0,1.0,1.0,1.0,1.0,1,1.0,1.0,1.0,1.0,1.0
899,no_strict_e1_improvement,0,,,,,1,0,1,1,1,3,3,4,0,0,-1,current,0,0,0.04077556091360748,0.04077556091360748,32,0,0,0,0,0,0,0,0.0,0.75,1.0,0.875,0.875,0,0.0,0.75,1.0,0.875,0.875,0,0.0,0.75,1.0,0.875,0.875,0,0.0,0.75,1.0,0.875,0.875
900,no_strict_e1_improvement,0,,,,,1,0,2,2,2,8,8,4,0,0,-1,current,0,0,0.031156315171392633,0.031156315171392633,22,0,0,0,0,0,0,0,0.0,0.5,0.75,0.625,0.625,0,0.0,0.5,0.75,0.625,0.625,0,0.0,0.5,0.75,0.625,0.625,0,0.0,0.5,0.75,0.625,0.625
901,no_strict_e1_improvement,0,,,,,1,0,1,1,1,1,1,4,0,0,-1,current,0,0,0.03222567509219516,0.03222567509219516,35,25,25,25,25,0,0,1,1.0,1.0,1.0,1.0,1.0,1,1.0,1.0,1.0,1.0,1.0,1,1.0,1.0,1.0,1.0,1.0,1,1.0,1.0,1.0,1.0,1.0
902,no_strict_e1_improvement,0,,,,,1,0,1,1,1,1,1,4,0,0,-1,current,0,0,0.006630084233620437,0.006630084233620437,35,25,25,25,25,0,0,1,1.0,1.0,1.0,1.0,1.0,1,1.0,1.0,1.0,1.0,1.0,1,1.0,1.0,1.0,1.0,1.0,1,1.0,1.0,1.0,1.0,1.0
903,no_strict_e1_improvement,0,,,,,1,0,1,1,1,1,1,4,0,0,-1,current,0,0,0.00788995168695692,0.00788995168695692,36,25,25,25,25,0,0,1,1.0,1.0,1.0,1.0,1.0,1,1.0,1.0,1.0,1.0,1.0,1,1.0,1.0,1.0,1.0,1.0,1,1.0,1.0,1.0,1.0,1.0
904,no_strict_e1_improvement,0,,,,,1,0,1,1,1,1,1,4,0,0,-1,current,0,0,0.025334667251445352,0.025334667251445352,34,25,25,25,25,0,0,1,1.0,1.0,1.0,1.0,1.0,1,1.0,1.0,1.0,1.0,1.0,1,1.0,1.0,1.0,1.0,1.0,1,1.0,1.0,1.0,1.0,1.0
905,no_strict_e1_improvement,0,,,,,1,0,1,1,1,1,1,4,0,0,-1,current,0,0,0.02069230955094099,0.02069230955094099,32,25,25,25,25,0,0,1,1.0,1.0,1.0,1.0,1.0,1,1.0,1.0,1.0,1.0,1.0,1,1.0,1.0,1.0,1.0,1.0,1,1.0,1.0,1.0,1.0,1.0
906,max_rounds,0,,,,,1,1,3,2,2,8,8,4,0,0,1,profiled_beam,1,1,0.0748566987720551,0.04031482145946939,20,13,13,13,16,3,3,0,0.52,0.5,0.35,0.425,0.5,0,0.52,0.5,0.35,0.425,0.5,0,0.52,0.5,0.35,0.425,0.5,0,0.64,0.65,0.5,0.575,0.65
907,no_strict_e1_improvement,0,,,,,1,0,1,1,1,1,1,4,0,0,-1,current,0,0,0.0045529068331234155,0.0045529068331234155,36,25,25,25,25,0,0,1,1.0,1.0,1.0,1.0,1.0,1,1.0,1.0,1.0,1.0,1.0,1,1.0,1.0,1.0,1.0,1.0,1,1.0,1.0,1.0,1.0,1.0
908,no_strict_e1_improvement,0,,,,,1,0,1,1,1,1,1,4,0,0,-1,current,0,0,0.0019356420656549745,0.0019356420656549745,39,25,25,25,25,0,0,1,1.0,1.0,1.0,1.0,1.0,1,1.0,1.0,1.0,1.0,1.0,1,1.0,1.0,1.0,1.0,1.0,1,1.0,1.0,1.0,1.0,1.0
909,no_strict_e1_improvement,0,,,,,1,0,1,1,1,2,2,4,0,0,-1,current,0,0,0.030155212998215573,0.030155212998215573,29,25,25,25,25,0,0,1,1.0,1.0,1.0,1.0,1.0,1,1.0,1.0,1.0,1.0,1.0,1,1.0,1.0,1.0,1.0,1.0,1,1.0,1.0,1.0,1.0,1.0
910,no_strict_e1_improvement,0,,,,,1,0,1,1,1,2,2,4,0,0,-1,current,0,0,0.033452800184022635,0.033452800184022635,32,25,25,25,25,0,0,1,1.0,1.0,1.0,1.0,1.0,1,1.0,1.0,1.0,1.0,1.0,1,1.0,1.0,1.0,1.0,1.0,1,1.0,1.0,1.0,1.0,1.0
911,no_strict_e1_improvement,0,,,,,1,0,1,1,1,3,3,4,0,0,-1,current,0,0,0.06765888892114162,0.06765888892114162,33,0,0,0,0,0,0,0,0.0,0.75,0.95,0.85,0.85,0,0.0,0.75,0.95,0.85,0.85,0,0.0,0.75,0.95,0.85,0.85,0,0.0,0.75,0.95,0.85,0.85
912,no_strict_e1_improvement,0,,,,,1,0,1,1,1,2,2,4,0,0,-1,current,0,0,0.06678779358044266,0.06678779358044266,32,0,0,0,0,0,0,0,0.0,0.75,0.9,0.825,0.85,0,0.0,0.75,0.9,0.825,0.85,0,0.0,0.75,0.9,0.825,0.85,0,0.0,0.75,0.9,0.825,0.85
913,no_strict_e1_improvement,0,,,,,1,0,1,1,1,1,1,4,0,0,-1,current,0,0,0.014436918718274683,0.014436918718274683,36,25,25,25,25,0,0,1,1.0,1.0,1.0,1.0,1.0,1,1.0,1.0,1.0,1.0,1.0,1,1.0,1.0,1.0,1.0,1.0,1,1.0,1.0,1.0,1.0,1.0
914,no_strict_e1_improvement,0,,,,,1,0,1,1,1,1,1,4,0,0,-1,current,0,0,0.009146000677719712,0.009146000677719712,36,25,25,25,25,0,0,1,1.0,1.0,1.0,1.0,1.0,1,1.0,1.0,1.0,1.0,1.0,1,1.0,1.0,1.0,1.0,1.0,1,1.0,1.0,1.0,1.0,1.0
915,no_strict_e1_improvement,0,,,,,1,0,1,1,1,1,1,4,0,0,-1,current,0,0,0.02183146346360445,0.02183146346360445,34,0,0,0,0,0,0,0,0.0,0.75,1.0,0.875,0.875,0,0.0,0.75,1.0,0.875,0.875,0,0.0,0.75,1.0,0.875,0.875,0,0.0,0.75,1.0,0.875,0.875
916,no_strict_e1_improvement,0,,,,,1,0,1,1,1,2,2,4,0,0,-1,current,0,0,0.01946777867269702,0.01946777867269702,32,0,0,0,0,0,0,0,0.0,0.75,1.0,0.875,0.875,0,0.0,0.75,1.0,0.875,0.875,0,0.0,0.75,1.0,0.875,0.875,0,0.0,0.75,1.0,0.875,0.875
917,max_rounds,0,,,,,1,1,4,3,3,12,12,4,0,0,1,profiled_beam,1,1,0.12144984982442111,0.041622191446367654,27,15,15,15,25,10,10,0,0.6,0.65,0.8,0.725,0.75,0,0.6,0.65,0.8,0.725,0.75,0,0.6,0.65,0.8,0.725,0.75,1,1.0,1.0,1.0,1.0,1.0
918,no_strict_e1_improvement,0,,,,,1,0,1,1,1,1,1,4,0,0,-1,current,0,0,0.028876733453944325,0.028876733453944325,37,0,0,0,0,0,0,0,0.0,0.75,1.0,0.875,0.875,0,0.0,0.75,1.0,0.875,0.875,0,0.0,0.75,1.0,0.875,0.875,0,0.0,0.75,1.0,0.875,0.875
919,no_strict_e1_improvement,0,,,,,1,0,1,1,1,1,1,4,0,0,-1,current,0,0,0.007856968650594353,0.007856968650594353,37,23,23,23,23,0,0,0,0.92,0.85,0.9,0.875,0.9,0,0.92,0.85,0.9,0.875,0.9,0,0.92,0.85,0.9,0.875,0.9,0,0.92,0.85,0.9,0.875,0.9
920,no_strict_e1_improvement,0,,,,,1,0,1,1,1,1,1,4,0,0,-1,current,0,0,0.023499200865626336,0.023499200865626336,34,25,25,25,25,0,0,1,1.0,1.0,1.0,1.0,1.0,1,1.0,1.0,1.0,1.0,1.0,1,1.0,1.0,1.0,1.0,1.0,1,1.0,1.0,1.0,1.0,1.0
921,no_strict_e1_improvement,0,,,,,1,0,1,1,1,4,4,4,0,0,-1,current,0,0,0.030738968297373503,0.030738968297373503,31,25,25,25,25,0,0,1,1.0,1.0,1.0,1.0,1.0,1,1.0,1.0,1.0,1.0,1.0,1,1.0,1.0,1.0,1.0,1.0,1,1.0,1.0,1.0,1.0,1.0
922,no_strict_e1_improvement,0,,,,,1,0,3,3,3,9,9,4,0,0,-1,current,0,0,0.034625948406755924,0.034625948406755924,36,25,25,25,25,0,0,1,1.0,1.0,1.0,1.0,1.0,1,1.0,1.0,1.0,1.0,1.0,1,1.0,1.0,1.0,1.0,1.0,1,1.0,1.0,1.0,1.0,1.0
923,no_strict_e1_improvement,0,,,,,1,0,1,1,1,1,1,4,0,0,-1,current,0,0,0.06951406573643908,0.06951406573643908,31,25,25,25,25,0,0,1,1.0,1.0,1.0,1.0,1.0,1,1.0,1.0,1.0,1.0,1.0,1,1.0,1.0,1.0,1.0,1.0,1,1.0,1.0,1.0,1.0,1.0
924,no_strict_e1_improvement,0,,,,,1,0,1,1,1,1,1,4,0,0,-1,current,0,0,0.03483076523989439,0.03483076523989439,36,0,0,0,0,0,0,0,0.0,0.75,1.0,0.875,0.875,0,0.0,0.75,1.0,0.875,0.875,0,0.0,0.75,1.0,0.875,0.875,0,0.0,0.75,1.0,0.875,0.875
925,no_strict_e1_improvement,0,,,,,1,0,1,1,1,1,1,4,0,0,-1,current,0,0,0.019997856649570166,0.019997856649570166,33,25,25,25,25,0,0,1,1.0,1.0,1.0,1.0,1.0,1,1.0,1.0,1.0,1.0,1.0,1,1.0,1.0,1.0,1.0,1.0,1,1.0,1.0,1.0,1.0,1.0
926,no_strict_e1_improvement,0,,,,,1,0,1,1,1,1,1,4,0,0,-1,current,0,0,0.007422508591844235,0.007422508591844235,39,25,25,25,25,0,0,1,1.0,1.0,1.0,1.0,1.0,1,1.0,1.0,1.0,1.0,1.0,1,1.0,1.0,1.0,1.0,1.0,1,1.0,1.0,1.0,1.0,1.0
927,max_rounds,0,,,,,1,1,3,2,2,7,7,4,1,0,1,profiled_beam,1,1,0.1448568845167756,0.0894705904647708,31,0,0,0,0,0,0,0,0.0,0.55,0.6,0.575,0.6,0,0.0,0.55,0.6,0.575,0.6,0,0.0,0.55,0.7,0.625,0.65,0,0.0,0.65,0.65,0.65,0.7
928,no_strict_e1_improvement,0,,,,,1,0,2,2,2,4,4,4,0,0,-1,current,0,0,0.027318047313019633,0.027318047313019633,28,25,25,25,25,0,0,1,1.0,1.0,1.0,1.0,1.0,1,1.0,1.0,1.0,1.0,1.0,1,1.0,1.0,1.0,1.0,1.0,1,1.0,1.0,1.0,1.0,1.0
929,no_strict_e1_improvement,0,,,,,1,0,1,1,1,1,1,4,0,0,-1,current,0,0,0.024310440802946687,0.024310440802946687,32,25,25,25,25,0,0,1,1.0,1.0,1.0,1.0,1.0,1,1.0,1.0,1.0,1.0,1.0,1,1.0,1.0,1.0,1.0,1.0,1,1.0,1.0,1.0,1.0,1.0
930,max_rounds,0,,,,,1,1,3,2,2,8,8,4,0,0,1,profiled_beam,1,1,0.035503577132476496,0.032988245290471244,28,0,0,0,0,0,0,0,0.0,0.75,0.75,0.75,0.75,0,0.0,0.75,0.75,0.75,0.75,0,0.0,0.75,0.75,0.75,0.75,0,0.0,0.75,0.75,0.75,0.75
931,max_rounds,0,,,,,1,1,5,4,4,16,16,4,0,0,1,profiled_beam,1,1,0.14212173371342943,0.12327564804581925,25,16,16,16,17,1,1,0,0.64,0.85,0.55,0.7,0.7,0,0.64,0.85,0.55,0.7,0.7,0,0.64,0.85,0.55,0.7,0.7,0,0.68,0.8,0.65,0.725,0.725
932,no_strict_e1_improvement,0,,,,,1,0,1,1,1,1,1,4,0,0,-1,current,0,0,0.028953362302854658,0.028953362302854658,33,25,25,25,25,0,0,1,1.0,1.0,1.0,1.0,1.0,1,1.0,1.0,1.0,1.0,1.0,1,1.0,1.0,1.0,1.0,1.0,1,1.0,1.0,1.0,1.0,1.0
933,no_strict_e1_improvement,0,,,,,1,0,1,1,1,1,1,4,0,0,-1,current,0,0,0.01064911064459011,0.01064911064459011,34,25,25,25,25,0,0,1,1.0,1.0,1.0,1.0,1.0,1,1.0,1.0,1.0,1.0,1.0,1,1.0,1.0,1.0,1.0,1.0,1,1.0,1.0,1.0,1.0,1.0
934,no_strict_e1_improvement,0,,,,,1,0,1,1,1,1,1,4,0,0,-1,current,0,0,0.050844184774905446,0.050844184774905446,31,0,0,0,0,0,0,0,0.0,0.9,0.75,0.825,0.825,0,0.0,0.9,0.75,0.825,0.825,0,0.0,0.9,0.75,0.825,0.825,0,0.0,0.9,0.75,0.825,0.825
935,no_strict_e1_improvement,0,,,,,1,0,1,1,1,1,1,4,0,0,-1,current,0,0,0.0033247362822294234,0.0033247362822294234,39,25,25,25,25,0,0,1,1.0,1.0,1.0,1.0,1.0,1,1.0,1.0,1.0,1.0,1.0,1,1.0,1.0,1.0,1.0,1.0,1,1.0,1.0,1.0,1.0,1.0
936,no_strict_e1_improvement,0,,,,,1,0,1,1,1,1,1,4,0,0,-1,current,0,0,0.0319331111619249,0.0319331111619249,30,25,25,25,25,0,0,1,1.0,1.0,1.0,1.0,1.0,1,1.0,1.0,1.0,1.0,1.0,1,1.0,1.0,1.0,1.0,1.0,1,1.0,1.0,1.0,1.0,1.0
937,no_strict_e1_improvement,0,,,,,1,0,1,1,1,1,1,4,0,0,-1,current,0,0,0.021412134112324566,0.021412134112324566,33,25,25,25,25,0,0,1,1.0,1.0,1.0,1.0,1.0,1,1.0,1.0,1.0,1.0,1.0,1,1.0,1.0,1.0,1.0,1.0,1,1.0,1.0,1.0,1.0,1.0
938,no_strict_e1_improvement,0,,,,,1,0,1,1,1,1,1,4,0,0,-1,current,0,0,0.04740209920564666,0.04740209920564666,30,23,23,23,23,0,0,0,0.92,0.9,0.9,0.9,0.925,0,0.92,0.9,0.9,0.9,0.925,0,0.92,0.9,0.9,0.9,0.925,0,0.92,0.9,0.9,0.9,0.925
939,no_strict_e1_improvement,0,,,,,1,0,1,1,1,2,2,4,0,0,-1,current,0,0,0.032560860831290485,0.032560860831290485,36,0,0,0,0,0,0,0,0.0,0.75,1.0,0.875,0.875,0,0.0,0.75,1.0,0.875,0.875,0,0.0,0.75,1.0,0.875,0.875,0,0.0,0.75,1.0,0.875,0.875
940,max_rounds,0,,,,,1,1,3,2,2,7,7,4,0,0,1,profiled_beam,1,1,0.09588215295225382,0.028358356654644014,36,20,20,20,25,5,5,0,0.8,0.95,0.75,0.85,0.85,0,0.8,0.95,0.75,0.85,0.85,0,0.8,0.95,0.75,0.85,0.85,1,1.0,1.0,1.0,1.0,1.0
941,no_strict_e1_improvement,0,,,,,1,0,1,1,1,2,2,4,0,0,-1,current,0,0,0.031142529708449728,0.031142529708449728,31,25,25,25,25,0,0,1,1.0,1.0,1.0,1.0,1.0,1,1.0,1.0,1.0,1.0,1.0,1,1.0,1.0,1.0,1.0,1.0,1,1.0,1.0,1.0,1.0,1.0
942,no_strict_e1_improvement,0,,,,,1,0,1,1,1,2,2,4,0,0,-1,current,0,0,0.03870214493945241,0.03870214493945241,34,25,25,25,25,0,0,1,1.0,1.0,1.0,1.0,1.0,1,1.0,1.0,1.0,1.0,1.0,1,1.0,1.0,1.0,1.0,1.0,1,1.0,1.0,1.0,1.0,1.0
943,no_strict_e1_improvement,0,,,,,1,0,1,1,1,1,1,4,0,0,-1,current,0,0,0.0025052975863218306,0.0025052975863218306,39,25,25,25,25,0,0,1,1.0,1.0,1.0,1.0,1.0,1,1.0,1.0,1.0,1.0,1.0,1,1.0,1.0,1.0,1.0,1.0,1,1.0,1.0,1.0,1.0,1.0
944,max_rounds,0,,,,,1,1,5,4,4,15,15,4,0,0,1,profiled_beam,1,1,0.0707715296652168,0.05193375474773347,31,23,23,23,25,2,2,0,0.92,0.9,0.9,0.9,0.925,0,0.92,0.9,0.9,0.9,0.925,0,0.92,0.9,0.9,0.9,0.925,1,1.0,1.0,1.0,1.0,1.0
945,max_rounds,0,,,,,1,1,9,8,8,31,31,4,-3,-1,1,profiled_beam,1,1,0.14838032892439515,0.12709716679528354,25,1,1,1,0,-1,-1,0,0.04,0.6,0.8,0.7,0.725,0,0.04,0.6,0.8,0.7,0.725,0,0.04,0.6,0.8,0.7,0.725,0,0.0,0.65,0.6,0.625,0.65
946,no_strict_e1_improvement,0,,,,,1,0,1,1,1,1,1,4,0,0,-1,current,0,0,3.872297238558531e-05,3.872297238558531e-05,40,25,25,25,25,0,0,1,1.0,1.0,1.0,1.0,1.0,1,1.0,1.0,1.0,1.0,1.0,1,1.0,1.0,1.0,1.0,1.0,1,1.0,1.0,1.0,1.0,1.0
947,no_strict_e1_improvement,0,,,,,1,0,1,1,1,4,4,4,0,0,-1,current,0,0,0.02309252934064716,0.02309252934064716,29,25,25,25,25,0,0,1,1.0,1.0,1.0,1.0,1.0,1,1.0,1.0,1.0,1.0,1.0,1,1.0,1.0,1.0,1.0,1.0,1,1.0,1.0,1.0,1.0,1.0
948,no_strict_e1_improvement,0,,,,,1,0,3,3,3,12,12,4,0,0,-1,current,0,0,0.027879781945375725,0.027879781945375725,30,21,21,21,21,0,0,0,0.84,0.8,0.8,0.8,0.85,0,0.84,0.8,0.8,0.8,0.85,0,0.84,0.8,0.8,0.8,0.85,0,0.84,0.8,0.8,0.8,0.85
949,max_rounds,0,,,,,1,1,2,1,1,2,2,4,0,0,0,s1a3_greedy,1,0,0.025087723694741725,0.016998146940022708,31,23,23,25,25,2,0,0,0.92,0.9,0.9,0.9,0.9,0,0.92,0.9,0.9,0.9,0.9,1,1.0,1.0,1.0,1.0,1.0,1,1.0,1.0,1.0,1.0,1.0
950,no_strict_e1_improvement,0,,,,,1,0,1,1,1,2,2,4,0,0,-1,current,0,0,0.023691396275535227,0.023691396275535227,33,25,25,25,25,0,0,1,1.0,1.0,1.0,1.0,1.0,1,1.0,1.0,1.0,1.0,1.0,1,1.0,1.0,1.0,1.0,1.0,1,1.0,1.0,1.0,1.0,1.0
951,no_strict_e1_improvement,0,,,,,1,0,1,1,1,4,4,4,0,0,-1,current,0,0,0.03352517266757786,0.03352517266757786,30,0,0,0,0,0,0,0,0.0,0.75,1.0,0.875,0.875,0,0.0,0.75,1.0,0.875,0.875,0,0.0,0.75,1.0,0.875,0.875,0,0.0,0.75,1.0,0.875,0.875
952,no_strict_e1_improvement,0,,,,,1,0,1,1,1,1,1,4,0,0,-1,current,0,0,0.04906256934627891,0.04906256934627891,25,2,2,2,2,0,0,0,0.08,0.65,0.85,0.75,0.75,0,0.08,0.65,0.85,0.75,0.75,0,0.08,0.65,0.85,0.75,0.75,0,0.08,0.65,0.85,0.75,0.75
953,no_strict_e1_improvement,0,,,,,1,0,1,1,1,2,2,4,0,0,-1,current,0,0,0.03752487860620022,0.03752487860620022,38,0,0,0,0,0,0,0,0.0,0.75,1.0,0.875,0.875,0,0.0,0.75,1.0,0.875,0.875,0,0.0,0.75,1.0,0.875,0.875,0,0.0,0.75,1.0,0.875,0.875
954,no_strict_e1_improvement,0,,,,,1,0,2,2,2,8,8,4,0,0,-1,current,0,0,0.08923558692913502,0.08923558692913502,24,5,5,5,5,0,0,0,0.2,0.25,0.9,0.575,0.625,0,0.2,0.25,0.9,0.575,0.625,0,0.2,0.25,0.9,0.575,0.625,0,0.2,0.25,0.9,0.575,0.625
955,no_strict_e1_improvement,0,,,,,1,0,1,1,1,1,1,4,0,0,-1,current,0,0,0.01307035646168515,0.01307035646168515,36,0,0,0,0,0,0,0,0.0,0.75,1.0,0.875,0.875,0,0.0,0.75,1.0,0.875,0.875,0,0.0,0.75,1.0,0.875,0.875,0,0.0,0.75,1.0,0.875,0.875
956,no_strict_e1_improvement,0,,,,,1,0,1,1,1,1,1,4,0,0,-1,current,0,0,0.03649451462551952,0.03649451462551952,30,25,25,25,25,0,0,1,1.0,1.0,1.0,1.0,1.0,1,1.0,1.0,1.0,1.0,1.0,1,1.0,1.0,1.0,1.0,1.0,1,1.0,1.0,1.0,1.0,1.0
957,max_rounds,0,,,,,1,1,2,1,1,2,2,4,0,0,1,profiled_beam,1,1,0.07207127567380667,0.04437474776059389,31,0,0,0,0,0,0,0,0.0,0.6,0.9,0.75,0.75,0,0.0,0.6,0.9,0.75,0.75,0,0.0,0.6,0.9,0.75,0.75,0,0.0,0.65,0.85,0.75,0.775
958,no_strict_e1_improvement,0,,,,,1,0,1,1,1,1,1,4,0,0,-1,current,0,0,0.003724830807186663,0.003724830807186663,35,25,25,25,25,0,0,1,1.0,1.0,1.0,1.0,1.0,1,1.0,1.0,1.0,1.0,1.0,1,1.0,1.0,1.0,1.0,1.0,1,1.0,1.0,1.0,1.0,1.0
959,max_rounds,0,,,,,1,1,7,6,6,24,24,4,0,0,1,profiled_beam,1,1,0.05899481057422236,0.039533366507384926,28,22,22,22,23,1,1,0,0.88,0.75,0.85,0.8,0.85,0,0.88,0.75,0.85,0.8,0.85,0,0.88,0.75,0.85,0.8,0.85,0,0.92,0.8,0.9,0.85,0.875
960,no_strict_e1_improvement,0,,,,,1,0,1,1,1,1,1,4,0,0,-1,current,0,0,0.007945474423468112,0.007945474423468112,36,25,25,25,25,0,0,1,1.0,1.0,1.0,1.0,1.0,1,1.0,1.0,1.0,1.0,1.0,1,1.0,1.0,1.0,1.0,1.0,1,1.0,1.0,1.0,1.0,1.0
961,max_rounds,0,,,,,1,1,9,8,8,32,32,4,0,0,1,profiled_beam,1,1,0.16446741800755263,0.10473954018088989,25,9,9,7,14,5,7,0,0.36,0.7,0.6,0.65,0.675,0,0.36,0.7,0.6,0.65,0.675,0,0.28,0.8,0.5,0.65,0.675,0,0.56,0.65,0.7,0.675,0.7
962,no_strict_e1_improvement,0,,,,,1,0,1,1,1,1,1,4,0,0,-1,current,0,0,0.004252500366419554,0.004252500366419554,39,25,25,25,25,0,0,1,1.0,1.0,1.0,1.0,1.0,1,1.0,1.0,1.0,1.0,1.0,1,1.0,1.0,1.0,1.0,1.0,1,1.0,1.0,1.0,1.0,1.0
963,no_strict_e1_improvement,0,,,,,1,0,1,1,1,1,1,4,0,0,-1,current,0,0,0.00771136824041605,0.00771136824041605,39,25,25,25,25,0,0,1,1.0,1.0,1.0,1.0,1.0,1,1.0,1.0,1.0,1.0,1.0,1,1.0,1.0,1.0,1.0,1.0,1,1.0,1.0,1.0,1.0,1.0
964,max_rounds,0,,,,,1,1,2,1,1,2,2,4,0,0,1,profiled_beam,1,1,0.029444720153696834,0.028645738051272927,29,22,22,22,23,1,1,0,0.88,0.85,0.85,0.85,0.9,0,0.88,0.85,0.85,0.85,0.9,0,0.88,0.85,0.85,0.85,0.9,0,0.92,0.85,0.85,0.85,0.95
965,no_strict_e1_improvement,0,,,,,1,0,1,1,1,1,1,4,0,0,-1,current,0,0,0.024966613575816154,0.024966613575816154,36,25,25,25,25,0,0,1,1.0,1.0,1.0,1.0,1.0,1,1.0,1.0,1.0,1.0,1.0,1,1.0,1.0,1.0,1.0,1.0,1,1.0,1.0,1.0,1.0,1.0
966,no_strict_e1_improvement,0,,,,,1,0,1,1,1,1,1,4,0,0,-1,current,0,0,0.020334083354100585,0.020334083354100585,38,25,25,25,25,0,0,1,1.0,1.0,1.0,1.0,1.0,1,1.0,1.0,1.0,1.0,1.0,1,1.0,1.0,1.0,1.0,1.0,1,1.0,1.0,1.0,1.0,1.0
967,max_rounds,0,,,,,1,1,17,16,16,64,64,4,0,3,1,profiled_beam,1,1,0.21458094989939128,0.12524722813395783,14,1,1,1,1,0,0,0,0.04,0.4,0.25,0.325,0.375,0,0.04,0.4,0.25,0.325,0.375,0,0.04,0.6,0.55,0.575,0.65,0,0.04,0.3,0.4,0.35,0.525
968,no_strict_e1_improvement,0,,,,,1,0,1,1,1,1,1,4,0,0,-1,current,0,0,0.008847758814226836,0.008847758814226836,38,25,25,25,25,0,0,1,1.0,1.0,1.0,1.0,1.0,1,1.0,1.0,1.0,1.0,1.0,1,1.0,1.0,1.0,1.0,1.0,1,1.0,1.0,1.0,1.0,1.0
969,no_strict_e1_improvement,0,,,,,1,0,1,1,1,2,2,4,0,0,-1,current,0,0,0.024250950245186687,0.024250950245186687,37,0,0,0,0,0,0,0,0.0,0.75,1.0,0.875,0.875,0,0.0,0.75,1.0,0.875,0.875,0,0.0,0.75,1.0,0.875,0.875,0,0.0,0.75,1.0,0.875,0.875
970,no_strict_e1_improvement,0,,,,,1,0,1,1,1,2,2,4,0,0,-1,current,0,0,0.043586935359053315,0.043586935359053315,32,0,0,0,0,0,0,0,0.0,0.75,1.0,0.875,0.875,0,0.0,0.75,1.0,0.875,0.875,0,0.0,0.75,1.0,0.875,0.875,0,0.0,0.75,1.0,0.875,0.875
971,no_strict_e1_improvement,0,,,,,1,0,1,1,1,1,1,4,0,0,-1,current,0,0,0.017859317996772005,0.017859317996772005,34,25,25,25,25,0,0,1,1.0,1.0,1.0,1.0,1.0,1,1.0,1.0,1.0,1.0,1.0,1,1.0,1.0,1.0,1.0,1.0,1,1.0,1.0,1.0,1.0,1.0
972,no_strict_e1_improvement,0,,,,,1,0,1,1,1,1,1,4,0,0,-1,current,0,0,0.02355862855911255,0.02355862855911255,38,25,25,25,25,0,0,1,1.0,1.0,1.0,1.0,1.0,1,1.0,1.0,1.0,1.0,1.0,1,1.0,1.0,1.0,1.0,1.0,1,1.0,1.0,1.0,1.0,1.0
973,no_strict_e1_improvement,0,,,,,1,0,1,1,1,2,2,4,0,0,-1,current,0,0,0.018078038666862993,0.018078038666862993,33,25,25,25,25,0,0,1,1.0,1.0,1.0,1.0,1.0,1,1.0,1.0,1.0,1.0,1.0,1,1.0,1.0,1.0,1.0,1.0,1,1.0,1.0,1.0,1.0,1.0
974,no_strict_e1_improvement,0,,,,,1,0,1,1,1,1,1,4,0,0,-1,current,0,0,0.017794265411794186,0.017794265411794186,38,25,25,25,25,0,0,1,1.0,1.0,1.0,1.0,1.0,1,1.0,1.0,1.0,1.0,1.0,1,1.0,1.0,1.0,1.0,1.0,1,1.0,1.0,1.0,1.0,1.0
975,no_strict_e1_improvement,0,,,,,1,0,1,1,1,1,1,4,0,0,-1,current,0,0,0.047102995032037145,0.047102995032037145,33,0,0,0,0,0,0,0,0.0,0.75,1.0,0.875,0.875,0,0.0,0.75,1.0,0.875,0.875,0,0.0,0.75,1.0,0.875,0.875,0,0.0,0.75,1.0,0.875,0.875
976,no_strict_e1_improvement,0,,,,,1,0,1,1,1,1,1,4,0,0,-1,current,0,0,0.008688178204465657,0.008688178204465657,38,25,25,25,25,0,0,1,1.0,1.0,1.0,1.0,1.0,1,1.0,1.0,1.0,1.0,1.0,1,1.0,1.0,1.0,1.0,1.0,1,1.0,1.0,1.0,1.0,1.0
977,no_strict_e1_improvement,0,,,,,1,0,1,1,1,1,1,4,0,0,-1,current,0,0,0.05388208236545324,0.05388208236545324,35,0,0,0,0,0,0,0,0.0,0.75,1.0,0.875,0.875,0,0.0,0.75,1.0,0.875,0.875,0,0.0,0.75,1.0,0.875,0.875,0,0.0,0.75,1.0,0.875,0.875
978,no_strict_e1_improvement,0,,,,,1,0,1,1,1,4,4,4,0,0,-1,current,0,0,0.1000258575193584,0.1000258575193584,33,0,0,0,0,0,0,0,0.0,0.75,0.9,0.825,0.825,0,0.0,0.75,0.9,0.825,0.825,0,0.0,0.75,0.9,0.825,0.825,0,0.0,0.75,0.9,0.825,0.825
979,no_strict_e1_improvement,0,,,,,1,0,1,1,1,1,1,4,0,0,-1,current,0,0,0.018607009551487863,0.018607009551487863,34,25,25,25,25,0,0,1,1.0,1.0,1.0,1.0,1.0,1,1.0,1.0,1.0,1.0,1.0,1,1.0,1.0,1.0,1.0,1.0,1,1.0,1.0,1.0,1.0,1.0
980,no_strict_e1_improvement,0,,,,,1,0,1,1,1,1,1,4,0,0,-1,current,0,0,0.005045747850090265,0.005045747850090265,38,25,25,25,25,0,0,1,1.0,1.0,1.0,1.0,1.0,1,1.0,1.0,1.0,1.0,1.0,1,1.0,1.0,1.0,1.0,1.0,1,1.0,1.0,1.0,1.0,1.0
981,no_strict_e1_improvement,0,,,,,1,0,1,1,1,1,1,4,0,0,-1,current,0,0,0.00027918559026147706,0.00027918559026147706,38,25,25,25,25,0,0,1,1.0,1.0,1.0,1.0,1.0,1,1.0,1.0,1.0,1.0,1.0,1,1.0,1.0,1.0,1.0,1.0,1,1.0,1.0,1.0,1.0,1.0
982,no_strict_e1_improvement,0,,,,,1,0,1,1,1,2,2,4,0,0,-1,current,0,0,0.039081553183496,0.039081553183496,36,25,25,25,25,0,0,1,1.0,1.0,1.0,1.0,1.0,1,1.0,1.0,1.0,1.0,1.0,1,1.0,1.0,1.0,1.0,1.0,1,1.0,1.0,1.0,1.0,1.0
983,no_strict_e1_improvement,0,,,,,1,0,1,1,1,1,1,4,0,0,-1,current,0,0,0.001060161553323269,0.001060161553323269,40,25,25,25,25,0,0,1,1.0,1.0,1.0,1.0,1.0,1,1.0,1.0,1.0,1.0,1.0,1,1.0,1.0,1.0,1.0,1.0,1,1.0,1.0,1.0,1.0,1.0
984,max_rounds,0,,,,,1,1,3,2,2,8,8,4,-1,0,1,profiled_beam,1,1,0.07132032109657302,0.008102061750832945,37,0,0,21,25,25,4,0,0.0,0.85,0.75,0.8,0.825,0,0.0,0.85,0.75,0.8,0.825,0,0.84,0.9,0.8,0.85,0.85,1,1.0,1.0,1.0,1.0,1.0
985,no_strict_e1_improvement,0,,,,,1,0,3,2,2,8,8,4,0,0,-1,current,0,0,0.05589447306701913,0.05589447306701913,29,0,0,0,0,0,0,0,0.0,0.65,0.9,0.775,0.8,0,0.0,0.65,0.9,0.775,0.8,0,0.0,0.65,0.9,0.775,0.8,0,0.0,0.65,0.9,0.775,0.8
986,no_strict_e1_improvement,0,,,,,1,0,2,2,2,6,6,4,0,0,-1,current,0,0,0.11337050306610763,0.11337050306610763,29,10,10,10,10,0,0,0,0.4,0.5,0.95,0.725,0.725,0,0.4,0.5,0.95,0.725,0.725,0,0.4,0.5,0.95,0.725,0.725,0,0.4,0.5,0.95,0.725,0.725
987,no_strict_e1_improvement,0,,,,,1,0,1,1,1,4,4,4,0,0,-1,current,0,0,0.04831552256109717,0.04831552256109717,28,1,1,1,1,0,0,0,0.04,0.7,0.9,0.8,0.8,0,0.04,0.7,0.9,0.8,0.8,0,0.04,0.7,0.9,0.8,0.8,0,0.04,0.7,0.9,0.8,0.8
988,no_strict_e1_improvement,0,,,,,1,0,1,1,1,1,1,4,0,0,-1,current,0,0,0.016521988972090184,0.016521988972090184,34,0,0,0,0,0,0,0,0.0,0.75,1.0,0.875,0.875,0,0.0,0.75,1.0,0.875,0.875,0,0.0,0.75,1.0,0.875,0.875,0,0.0,0.75,1.0,0.875,0.875
989,no_strict_e1_improvement,0,,,,,1,0,1,1,1,1,1,4,0,0,-1,current,0,0,0.0026595631614327432,0.0026595631614327432,39,25,25,25,25,0,0,1,1.0,1.0,1.0,1.0,1.0,1,1.0,1.0,1.0,1.0,1.0,1,1.0,1.0,1.0,1.0,1.0,1,1.0,1.0,1.0,1.0,1.0
990,no_strict_e1_improvement,0,,,,,1,0,1,1,1,1,1,4,0,0,-1,current,0,0,0.005051354714669287,0.005051354714669287,37,25,25,25,25,0,0,1,1.0,1.0,1.0,1.0,1.0,1,1.0,1.0,1.0,1.0,1.0,1,1.0,1.0,1.0,1.0,1.0,1,1.0,1.0,1.0,1.0,1.0
991,no_strict_e1_improvement,0,,,,,1,0,1,1,1,1,1,4,0,0,-1,current,0,0,0.019146892707794905,0.019146892707794905,32,25,25,25,25,0,0,1,1.0,1.0,1.0,1.0,1.0,1,1.0,1.0,1.0,1.0,1.0,1,1.0,1.0,1.0,1.0,1.0,1,1.0,1.0,1.0,1.0,1.0
992,no_strict_e1_improvement,0,,,,,1,0,1,1,1,1,1,4,0,0,-1,current,0,0,0.02031355630606413,0.02031355630606413,38,25,25,25,25,0,0,1,1.0,1.0,1.0,1.0,1.0,1,1.0,1.0,1.0,1.0,1.0,1,1.0,1.0,1.0,1.0,1.0,1,1.0,1.0,1.0,1.0,1.0
993,no_strict_e1_improvement,0,,,,,1,0,1,1,1,1,1,4,0,0,-1,current,0,0,0.0006459911819547415,0.0006459911819547415,40,25,25,25,25,0,0,1,1.0,1.0,1.0,1.0,1.0,1,1.0,1.0,1.0,1.0,1.0,1,1.0,1.0,1.0,1.0,1.0,1,1.0,1.0,1.0,1.0,1.0
994,no_strict_e1_improvement,0,,,,,1,0,1,1,1,1,1,4,0,0,-1,current,0,0,0.00983622707426548,0.00983622707426548,38,25,25,25,25,0,0,1,1.0,1.0,1.0,1.0,1.0,1,1.0,1.0,1.0,1.0,1.0,1,1.0,1.0,1.0,1.0,1.0,1,1.0,1.0,1.0,1.0,1.0
995,no_strict_e1_improvement,0,,,,,1,0,1,1,1,1,1,4,0,0,-1,current,0,0,0.0038546081632375717,0.0038546081632375717,39,25,25,25,25,0,0,1,1.0,1.0,1.0,1.0,1.0,1,1.0,1.0,1.0,1.0,1.0,1,1.0,1.0,1.0,1.0,1.0,1,1.0,1.0,1.0,1.0,1.0
996,no_strict_e1_improvement,0,,,,,1,0,1,1,1,1,1,4,0,0,-1,current,0,0,0.008306902134791017,0.008306902134791017,37,25,25,25,25,0,0,1,1.0,1.0,1.0,1.0,1.0,1,1.0,1.0,1.0,1.0,1.0,1,1.0,1.0,1.0,1.0,1.0,1,1.0,1.0,1.0,1.0,1.0
997,no_strict_e1_improvement,0,,,,,1,0,1,1,1,1,1,4,0,0,-1,current,0,0,0.0040674001909792425,0.0040674001909792425,39,0,0,0,0,0,0,0,0.0,0.75,1.0,0.875,0.875,0,0.0,0.75,1.0,0.875,0.875,0,0.0,0.75,1.0,0.875,0.875,0,0.0,0.75,1.0,0.875,0.875
998,no_strict_e1_improvement,0,,,,,1,0,1,1,1,1,1,4,0,0,-1,current,0,0,0.04508493295870721,0.04508493295870721,30,25,25,25,25,0,0,1,1.0,1.0,1.0,1.0,1.0,1,1.0,1.0,1.0,1.0,1.0,1,1.0,1.0,1.0,1.0,1.0,1,1.0,1.0,1.0,1.0,1.0
999,max_rounds,0,,,,,1,1,3,2,2,7,7,4,-1,0,0,s1a3_greedy,1,0,0.11311292070895433,0.03933075685054064,33,0,0,25,25,25,0,0,0.0,0.95,0.75,0.85,0.85,0,0.0,0.95,0.75,0.85,0.85,1,1.0,1.0,1.0,1.0,1.0,1,1.0,1.0,1.0,1.0,1.0
1000,no_strict_e1_improvement,0,,,,,1,0,1,1,1,1,1,4,0,0,-1,current,0,0,0.04006086848676205,0.04006086848676205,38,0,0,0,0,0,0,0,0.0,0.75,1.0,0.875,0.875,0,0.0,0.75,1.0,0.875,0.875,0,0.0,0.75,1.0,0.875,0.875,0,0.0,0.75,1.0,0.875,0.875
1001,no_strict_e1_improvement,0,,,,,1,0,1,1,1,1,1,4,0,0,-1,current,0,0,0.003926404984667897,0.003926404984667897,36,25,25,25,25,0,0,1,1.0,1.0,1.0,1.0,1.0,1,1.0,1.0,1.0,1.0,1.0,1,1.0,1.0,1.0,1.0,1.0,1,1.0,1.0,1.0,1.0,1.0
1002,no_strict_e1_improvement,0,,,,,1,0,1,1,1,2,2,4,0,0,-1,current,0,0,0.022852357220835985,0.022852357220835985,37,25,25,25,25,0,0,1,1.0,1.0,1.0,1.0,1.0,1,1.0,1.0,1.0,1.0,1.0,1,1.0,1.0,1.0,1.0,1.0,1,1.0,1.0,1.0,1.0,1.0
1003,no_strict_e1_improvement,0,,,,,1,0,1,1,1,1,1,4,0,0,-1,current,0,0,0.022136902948841453,0.022136902948841453,35,25,25,25,25,0,0,1,1.0,1.0,1.0,1.0,1.0,1,1.0,1.0,1.0,1.0,1.0,1,1.0,1.0,1.0,1.0,1.0,1,1.0,1.0,1.0,1.0,1.0
1004,max_rounds,0,,,,,1,1,3,2,2,8,8,4,0,0,1,profiled_beam,1,1,0.13504282059147954,0.12320788903161883,30,2,2,2,0,-2,-2,0,0.08,0.65,0.85,0.75,0.775,0,0.08,0.65,0.85,0.75,0.775,0,0.08,0.65,0.85,0.75,0.775,0,0.0,0.75,0.9,0.825,0.825
1005,no_strict_e1_improvement,0,,,,,1,0,1,1,1,1,1,4,0,0,-1,current,0,0,0.01633443613536656,0.01633443613536656,36,25,25,25,25,0,0,1,1.0,1.0,1.0,1.0,1.0,1,1.0,1.0,1.0,1.0,1.0,1,1.0,1.0,1.0,1.0,1.0,1,1.0,1.0,1.0,1.0,1.0
1006,no_strict_e1_improvement,0,,,,,1,0,1,1,1,4,4,4,0,0,-1,current,0,0,0.10674126646481455,0.10674126646481455,32,0,0,0,0,0,0,0,0.0,0.75,1.0,0.875,0.875,0,0.0,0.75,1.0,0.875,0.875,0,0.0,0.75,1.0,0.875,0.875,0,0.0,0.75,1.0,0.875,0.875
1007,max_rounds,0,,,,,1,1,5,4,4,16,16,4,0,0,1,profiled_beam,1,1,0.10300670778378844,0.08169217687100172,24,21,21,21,23,2,2,0,0.84,0.75,0.75,0.75,0.8,0,0.84,0.75,0.75,0.75,0.8,0,0.84,0.75,0.75,0.75,0.8,0,0.92,0.85,0.9,0.875,0.9
1008,max_rounds,0,,,,,1,1,17,16,16,64,64,4,2,2,1,profiled_beam,1,1,0.2905787093797699,0.15432320244144648,20,4,4,3,2,-2,-1,0,0.16,0.15,0.35,0.25,0.5,0,0.16,0.15,0.35,0.25,0.5,0,0.12,0.25,0.4,0.325,0.425,0,0.08,0.3,0.45,0.375,0.45
1009,no_strict_e1_improvement,0,,,,,1,0,1,1,1,1,1,4,0,0,-1,current,0,0,0.0024191492004320024,0.0024191492004320024,38,25,25,25,25,0,0,1,1.0,1.0,1.0,1.0,1.0,1,1.0,1.0,1.0,1.0,1.0,1,1.0,1.0,1.0,1.0,1.0,1,1.0,1.0,1.0,1.0,1.0
1010,no_strict_e1_improvement,0,,,,,1,0,1,1,1,2,2,4,0,0,-1,current,0,0,0.03995386678725481,0.03995386678725481,34,25,25,25,25,0,0,1,1.0,1.0,1.0,1.0,1.0,1,1.0,1.0,1.0,1.0,1.0,1,1.0,1.0,1.0,1.0,1.0,1,1.0,1.0,1.0,1.0,1.0
1011,no_strict_e1_improvement,0,,,,,1,0,1,1,1,1,1,4,0,0,-1,current,0,0,0.00938034188002348,0.00938034188002348,38,23,23,23,23,0,0,0,0.92,0.9,0.9,0.9,0.925,0,0.92,0.9,0.9,0.9,0.925,0,0.92,0.9,0.9,0.9,0.925,0,0.92,0.9,0.9,0.9,0.925
1012,no_strict_e1_improvement,0,,,,,1,0,1,1,1,1,1,4,0,0,-1,current,0,0,0.010442180931568146,0.010442180931568146,38,25,25,25,25,0,0,1,1.0,1.0,1.0,1.0,1.0,1,1.0,1.0,1.0,1.0,1.0,1,1.0,1.0,1.0,1.0,1.0,1,1.0,1.0,1.0,1.0,1.0
1013,no_strict_e1_improvement,0,,,,,1,0,1,1,1,1,1,4,0,0,-1,current,0,0,0.0058211510186083615,0.0058211510186083615,38,25,25,25,25,0,0,1,1.0,1.0,1.0,1.0,1.0,1,1.0,1.0,1.0,1.0,1.0,1,1.0,1.0,1.0,1.0,1.0,1,1.0,1.0,1.0,1.0,1.0
1014,no_strict_e1_improvement,0,,,,,1,0,1,1,1,1,1,4,0,0,-1,current,0,0,0.018173053814098238,0.018173053814098238,35,25,25,25,25,0,0,1,1.0,1.0,1.0,1.0,1.0,1,1.0,1.0,1.0,1.0,1.0,1,1.0,1.0,1.0,1.0,1.0,1,1.0,1.0,1.0,1.0,1.0
1015,no_strict_e1_improvement,0,,,,,1,0,1,1,1,1,1,4,0,0,-1,current,0,0,0.00500557531195227,0.00500557531195227,37,25,25,25,25,0,0,1,1.0,1.0,1.0,1.0,1.0,1,1.0,1.0,1.0,1.0,1.0,1,1.0,1.0,1.0,1.0,1.0,1,1.0,1.0,1.0,1.0,1.0
1016,no_strict_e1_improvement,0,,,,,1,0,1,1,1,1,1,4,0,0,-1,current,0,0,0.005201383493840694,0.005201383493840694,38,25,25,25,25,0,0,1,1.0,1.0,1.0,1.0,1.0,1,1.0,1.0,1.0,1.0,1.0,1,1.0,1.0,1.0,1.0,1.0,1,1.0,1.0,1.0,1.0,1.0
1017,no_strict_e1_improvement,0,,,,,1,0,1,1,1,1,1,4,0,0,-1,current,0,0,0.006471307796891779,0.006471307796891779,35,25,25,25,25,0,0,1,1.0,1.0,1.0,1.0,1.0,1,1.0,1.0,1.0,1.0,1.0,1,1.0,1.0,1.0,1.0,1.0,1,1.0,1.0,1.0,1.0,1.0
1018,no_strict_e1_improvement,0,,,,,1,0,1,1,1,1,1,4,0,0,-1,current,0,0,0.009642054513096809,0.009642054513096809,39,25,25,25,25,0,0,1,1.0,1.0,1.0,1.0,1.0,1,1.0,1.0,1.0,1.0,1.0,1,1.0,1.0,1.0,1.0,1.0,1,1.0,1.0,1.0,1.0,1.0
1019,no_strict_e1_improvement,0,,,,,1,0,1,1,1,1,1,4,0,0,-1,current,0,0,0.03199732825160027,0.03199732825160027,31,25,25,25,25,0,0,1,1.0,1.0,1.0,1.0,1.0,1,1.0,1.0,1.0,1.0,1.0,1,1.0,1.0,1.0,1.0,1.0,1,1.0,1.0,1.0,1.0,1.0
1020,max_rounds,0,,,,,1,1,13,12,12,47,47,4,0,-1,1,profiled_beam,1,1,0.21958080981858075,0.17212165761739015,14,0,0,0,2,2,2,0,0.0,0.15,0.4,0.275,0.3,0,0.0,0.15,0.4,0.275,0.3,0,0.0,0.2,0.45,0.325,0.375,0,0.08,0.1,0.35,0.225,0.25
1021,no_strict_e1_improvement,0,,,,,1,0,1,1,1,1,1,4,0,0,-1,current,0,0,0.017373928673623595,0.017373928673623595,33,25,25,25,25,0,0,1,1.0,1.0,1.0,1.0,1.0,1,1.0,1.0,1.0,1.0,1.0,1,1.0,1.0,1.0,1.0,1.0,1,1.0,1.0,1.0,1.0,1.0
1022,no_strict_e1_improvement,0,,,,,1,0,1,1,1,2,2,4,0,0,-1,current,0,0,0.05239104158245027,0.05239104158245027,35,0,0,0,0,0,0,0,0.0,0.75,0.75,0.75,0.75,0,0.0,0.75,0.75,0.75,0.75,0,0.0,0.75,0.75,0.75,0.75,0,0.0,0.75,0.75,0.75,0.75
1023,no_strict_e1_improvement,0,,,,,1,0,1,1,1,1,1,4,0,0,-1,current,0,0,0.021374039619695397,0.021374039619695397,30,25,25,25,25,0,0,1,1.0,1.0,1.0,1.0,1.0,1,1.0,1.0,1.0,1.0,1.0,1,1.0,1.0,1.0,1.0,1.0,1,1.0,1.0,1.0,1.0,1.0
1024,no_strict_e1_improvement,0,,,,,1,0,1,1,1,2,2,4,0,0,-1,current,0,0,0.1059031696524471,0.1059031696524471,27,0,0,0,0,0,0,0,0.0,0.75,0.95,0.85,0.85,0,0.0,0.75,0.95,0.85,0.85,0,0.0,0.75,0.95,0.85,0.85,0,0.0,0.75,0.95,0.85,0.85
1025,no_strict_e1_improvement,0,,,,,1,0,1,1,1,1,1,4,0,0,-1,current,0,0,0.04231828842894174,0.04231828842894174,28,25,25,25,25,0,0,1,1.0,1.0,1.0,1.0,1.0,1,1.0,1.0,1.0,1.0,1.0,1,1.0,1.0,1.0,1.0,1.0,1,1.0,1.0,1.0,1.0,1.0
1026,max_rounds,0,,,,,1,1,5,4,4,15,15,4,-1,0,1,profiled_beam,1,1,0.11231802716501989,0.07221021479927003,21,1,1,0,0,-1,0,0,0.04,0.5,0.45,0.475,0.55,0,0.04,0.5,0.45,0.475,0.55,0,0.0,0.55,0.4,0.475,0.525,0,0.0,0.8,0.45,0.625,0.65
1027,max_rounds,0,,,,,1,1,7,6,6,22,22,4,1,-2,0,s1a3_greedy,1,0,0.08084930889308453,0.015362975001335145,39,0,0,25,25,25,0,0,0.0,0.7,0.85,0.775,0.775,0,0.0,0.7,0.85,0.775,0.775,1,1.0,1.0,1.0,1.0,1.0,1,1.0,1.0,1.0,1.0,1.0
1028,max_rounds,0,,,,,1,1,7,6,6,22,22,4,0,0,1,profiled_beam,1,1,0.07736098858731566,0.0754600019819918,14,9,9,9,10,1,1,0,0.36,0.2,0.15,0.175,0.325,0,0.36,0.2,0.15,0.175,0.325,0,0.36,0.2,0.15,0.175,0.325,0,0.4,0.2,0.1,0.15,0.25
1029,no_strict_e1_improvement,0,,,,,1,0,1,1,1,1,1,4,0,0,-1,current,0,0,0.049763379711657764,0.049763379711657764,28,25,25,25,25,0,0,1,1.0,1.0,1.0,1.0,1.0,1,1.0,1.0,1.0,1.0,1.0,1,1.0,1.0,1.0,1.0,1.0,1,1.0,1.0,1.0,1.0,1.0
1030,no_strict_e1_improvement,0,,,,,1,0,1,1,1,1,1,4,0,0,-1,current,0,0,0.004178444761782885,0.004178444761782885,40,25,25,25,25,0,0,1,1.0,1.0,1.0,1.0,1.0,1,1.0,1.0,1.0,1.0,1.0,1,1.0,1.0,1.0,1.0,1.0,1,1.0,1.0,1.0,1.0,1.0
1031,no_strict_e1_improvement,0,,,,,1,0,1,1,1,1,1,4,0,0,-1,current,0,0,0.013188795605674385,0.013188795605674385,35,25,25,25,25,0,0,1,1.0,1.0,1.0,1.0,1.0,1,1.0,1.0,1.0,1.0,1.0,1,1.0,1.0,1.0,1.0,1.0,1,1.0,1.0,1.0,1.0,1.0
1032,no_strict_e1_improvement,0,,,,,1,0,1,1,1,2,2,4,0,0,-1,current,0,0,0.07316615934832953,0.07316615934832953,30,0,0,0,0,0,0,0,0.0,0.75,0.75,0.75,0.75,0,0.0,0.75,0.75,0.75,0.75,0,0.0,0.75,0.75,0.75,0.75,0,0.0,0.75,0.75,0.75,0.75
1033,max_rounds,0,,,,,1,1,5,4,4,16,16,4,1,0,1,profiled_beam,1,1,0.08428226645919494,0.05513328257109151,19,0,0,0,18,18,18,0,0.0,0.6,0.55,0.575,0.625,0,0.0,0.6,0.55,0.575,0.625,0,0.0,0.6,0.55,0.575,0.625,0,0.72,0.65,0.65,0.65,0.65
1034,no_strict_e1_improvement,0,,,,,1,0,1,1,1,1,1,4,0,0,-1,current,0,0,0.031043152883648874,0.031043152883648874,38,25,25,25,25,0,0,1,1.0,1.0,1.0,1.0,1.0,1,1.0,1.0,1.0,1.0,1.0,1,1.0,1.0,1.0,1.0,1.0,1,1.0,1.0,1.0,1.0,1.0
1035,no_strict_e1_improvement,0,,,,,1,0,1,1,1,2,2,4,0,0,-1,current,0,0,0.10548059712164104,0.10548059712164104,25,0,0,0,0,0,0,0,0.0,0.45,0.75,0.6,0.6,0,0.0,0.45,0.75,0.6,0.6,0,0.0,0.45,0.75,0.6,0.6,0,0.0,0.45,0.75,0.6,0.6
1036,no_strict_e1_improvement,0,,,,,1,0,1,1,1,1,1,4,0,0,-1,current,0,0,0.03477057632990181,0.03477057632990181,35,25,25,25,25,0,0,1,1.0,1.0,1.0,1.0,1.0,1,1.0,1.0,1.0,1.0,1.0,1,1.0,1.0,1.0,1.0,1.0,1,1.0,1.0,1.0,1.0,1.0
1037,no_strict_e1_improvement,0,,,,,1,0,1,1,1,3,3,4,0,0,-1,current,0,0,0.04458046341314912,0.04458046341314912,34,0,0,0,0,0,0,0,0.0,1.0,0.75,0.875,0.875,0,0.0,1.0,0.75,0.875,0.875,0,0.0,1.0,0.75,0.875,0.875,0,0.0,1.0,0.75,0.875,0.875
1038,no_strict_e1_improvement,0,,,,,1,0,1,1,1,1,1,4,0,0,-1,current,0,0,0.016604916006326676,0.016604916006326676,35,25,25,25,25,0,0,1,1.0,1.0,1.0,1.0,1.0,1,1.0,1.0,1.0,1.0,1.0,1,1.0,1.0,1.0,1.0,1.0,1,1.0,1.0,1.0,1.0,1.0
1039,no_strict_e1_improvement,0,,,,,1,0,1,1,1,1,1,4,0,0,-1,current,0,0,0.011207706900313497,0.011207706900313497,36,25,25,25,25,0,0,1,1.0,1.0,1.0,1.0,1.0,1,1.0,1.0,1.0,1.0,1.0,1,1.0,1.0,1.0,1.0,1.0,1,1.0,1.0,1.0,1.0,1.0
1040,no_strict_e1_improvement,0,,,,,1,0,1,1,1,1,1,4,0,0,-1,current,0,0,0.01727358689531684,0.01727358689531684,37,25,25,25,25,0,0,1,1.0,1.0,1.0,1.0,1.0,1,1.0,1.0,1.0,1.0,1.0,1,1.0,1.0,1.0,1.0,1.0,1,1.0,1.0,1.0,1.0,1.0
1041,no_strict_e1_improvement,0,,,,,1,0,1,1,1,1,1,4,0,0,-1,current,0,0,0.022736477115540766,0.022736477115540766,35,25,25,25,25,0,0,1,1.0,1.0,1.0,1.0,1.0,1,1.0,1.0,1.0,1.0,1.0,1,1.0,1.0,1.0,1.0,1.0,1,1.0,1.0,1.0,1.0,1.0
1042,no_strict_e1_improvement,0,,,,,1,0,1,1,1,1,1,4,0,0,-1,current,0,0,0.007344138529151678,0.007344138529151678,38,25,25,25,25,0,0,1,1.0,1.0,1.0,1.0,1.0,1,1.0,1.0,1.0,1.0,1.0,1,1.0,1.0,1.0,1.0,1.0,1,1.0,1.0,1.0,1.0,1.0
1043,no_strict_e1_improvement,0,,,,,1,0,1,1,1,1,1,4,0,0,-1,current,0,0,0.0012805627658963204,0.0012805627658963204,40,25,25,25,25,0,0,1,1.0,1.0,1.0,1.0,1.0,1,1.0,1.0,1.0,1.0,1.0,1,1.0,1.0,1.0,1.0,1.0,1,1.0,1.0,1.0,1.0,1.0
1044,max_rounds,0,,,,,1,1,2,1,1,2,2,4,0,0,1,profiled_beam,1,1,0.05668547414243221,0.05348413623869419,35,22,22,22,23,1,1,0,0.88,0.9,0.85,0.875,0.875,0,0.88,0.9,0.85,0.875,0.875,0,0.88,0.9,0.85,0.875,0.875,0,0.92,0.85,0.9,0.875,0.9
1045,no_strict_e1_improvement,0,,,,,1,0,1,1,1,2,2,4,0,0,-1,current,0,0,0.011492195294704289,0.011492195294704289,38,25,25,25,25,0,0,1,1.0,1.0,1.0,1.0,1.0,1,1.0,1.0,1.0,1.0,1.0,1,1.0,1.0,1.0,1.0,1.0,1,1.0,1.0,1.0,1.0,1.0
1046,no_strict_e1_improvement,0,,,,,1,0,1,1,1,4,4,4,0,0,-1,current,0,0,0.03736886046826839,0.03736886046826839,33,25,25,25,25,0,0,1,1.0,1.0,1.0,1.0,1.0,1,1.0,1.0,1.0,1.0,1.0,1,1.0,1.0,1.0,1.0,1.0,1,1.0,1.0,1.0,1.0,1.0
1047,no_strict_e1_improvement,0,,,,,1,0,1,1,1,1,1,4,0,0,-1,current,0,0,0.03906524591729976,0.03906524591729976,35,0,0,0,0,0,0,0,0.0,0.75,0.95,0.85,0.85,0,0.0,0.75,0.95,0.85,0.85,0,0.0,0.75,0.95,0.85,0.85,0,0.0,0.75,0.95,0.85,0.85
1048,no_strict_e1_improvement,0,,,,,1,0,4,3,3,12,12,4,0,0,-1,current,0,0,0.10898828390054405,0.10898828390054405,27,20,20,20,20,0,0,0,0.8,0.65,0.6,0.625,0.725,0,0.8,0.65,0.6,0.625,0.725,0,0.8,0.65,0.6,0.625,0.725,0,0.8,0.65,0.6,0.625,0.725
1049,no_strict_e1_improvement,0,,,,,1,0,1,1,1,1,1,4,0,0,-1,current,0,0,0.003971726121380925,0.003971726121380925,39,25,25,25,25,0,0,1,1.0,1.0,1.0,1.0,1.0,1,1.0,1.0,1.0,1.0,1.0,1,1.0,1.0,1.0,1.0,1.0,1,1.0,1.0,1.0,1.0,1.0
1050,no_strict_e1_improvement,0,,,,,1,0,1,1,1,2,2,4,0,0,-1,current,0,0,0.021514907525852323,0.021514907525852323,37,0,0,0,0,0,0,0,0.0,0.75,1.0,0.875,0.875,0,0.0,0.75,1.0,0.875,0.875,0,0.0,0.75,1.0,0.875,0.875,0,0.0,0.75,1.0,0.875,0.875
1051,no_strict_e1_improvement,0,,,,,1,0,1,1,1,1,1,4,0,0,-1,current,0,0,0.0036778710782527924,0.0036778710782527924,38,25,25,25,25,0,0,1,1.0,1.0,1.0,1.0,1.0,1,1.0,1.0,1.0,1.0,1.0,1,1.0,1.0,1.0,1.0,1.0,1,1.0,1.0,1.0,1.0,1.0
1052,no_strict_e1_improvement,0,,,,,1,0,1,1,1,1,1,4,0,0,-1,current,0,0,0.050131193548440936,0.050131193548440936,35,0,0,0,0,0,0,0,0.0,0.75,1.0,0.875,0.875,0,0.0,0.75,1.0,0.875,0.875,0,0.0,0.75,1.0,0.875,0.875,0,0.0,0.75,1.0,0.875,0.875
1053,no_strict_e1_improvement,0,,,,,1,0,1,1,1,1,1,4,0,0,-1,current,0,0,0.004137843102216721,0.004137843102216721,39,25,25,25,25,0,0,1,1.0,1.0,1.0,1.0,1.0,1,1.0,1.0,1.0,1.0,1.0,1,1.0,1.0,1.0,1.0,1.0,1,1.0,1.0,1.0,1.0,1.0
1054,no_strict_e1_improvement,0,,,,,1,0,1,1,1,1,1,4,0,0,-1,current,0,0,0.0,0.0,40,25,25,25,25,0,0,1,1.0,1.0,1.0,1.0,1.0,1,1.0,1.0,1.0,1.0,1.0,1,1.0,1.0,1.0,1.0,1.0,1,1.0,1.0,1.0,1.0,1.0
1055,no_strict_e1_improvement,0,,,,,1,0,1,1,1,2,2,4,0,0,-1,current,0,0,0.08857804683211726,0.08857804683211726,30,0,0,0,0,0,0,0,0.0,0.9,0.75,0.825,0.825,0,0.0,0.9,0.75,0.825,0.825,0,0.0,0.9,0.75,0.825,0.825,0,0.0,0.9,0.75,0.825,0.825
1056,no_strict_e1_improvement,0,,,,,1,0,1,1,1,1,1,4,0,0,-1,current,0,0,0.022637660580221562,0.022637660580221562,36,25,25,25,25,0,0,1,1.0,1.0,1.0,1.0,1.0,1,1.0,1.0,1.0,1.0,1.0,1,1.0,1.0,1.0,1.0,1.0,1,1.0,1.0,1.0,1.0,1.0
1057,no_strict_e1_improvement,0,,,,,1,0,1,1,1,1,1,4,0,0,-1,current,0,0,0.002379423379898071,0.002379423379898071,40,25,25,25,25,0,0,1,1.0,1.0,1.0,1.0,1.0,1,1.0,1.0,1.0,1.0,1.0,1,1.0,1.0,1.0,1.0,1.0,1,1.0,1.0,1.0,1.0,1.0
1058,no_strict_e1_improvement,0,,,,,1,0,3,3,3,10,10,4,0,0,-1,current,0,0,0.03875121907331049,0.03875121907331049,34,25,25,25,25,0,0,1,1.0,1.0,1.0,1.0,1.0,1,1.0,1.0,1.0,1.0,1.0,1,1.0,1.0,1.0,1.0,1.0,1,1.0,1.0,1.0,1.0,1.0
1059,no_strict_e1_improvement,0,,,,,1,0,1,1,1,1,1,4,0,0,-1,current,0,0,0.011197967315092682,0.011197967315092682,39,25,25,25,25,0,0,1,1.0,1.0,1.0,1.0,1.0,1,1.0,1.0,1.0,1.0,1.0,1,1.0,1.0,1.0,1.0,1.0,1,1.0,1.0,1.0,1.0,1.0
1060,no_strict_e1_improvement,0,,,,,1,0,9,8,8,32,32,4,0,0,-1,current,0,0,0.10353256167727523,0.10353256167727523,22,9,9,9,9,0,0,0,0.36,0.7,0.6,0.65,0.65,0,0.36,0.7,0.6,0.65,0.65,0,0.36,0.7,0.6,0.65,0.65,0,0.36,0.7,0.6,0.65,0.65
1061,no_strict_e1_improvement,0,,,,,1,0,1,1,1,1,1,4,0,0,-1,current,0,0,0.027319067716598512,0.027319067716598512,38,25,25,25,25,0,0,1,1.0,1.0,1.0,1.0,1.0,1,1.0,1.0,1.0,1.0,1.0,1,1.0,1.0,1.0,1.0,1.0,1,1.0,1.0,1.0,1.0,1.0
1062,no_strict_e1_improvement,0,,,,,1,0,1,1,1,1,1,4,0,0,-1,current,0,0,0.017306441580876707,0.017306441580876707,36,0,0,0,0,0,0,0,0.0,0.75,1.0,0.875,0.875,0,0.0,0.75,1.0,0.875,0.875,0,0.0,0.75,1.0,0.875,0.875,0,0.0,0.75,1.0,0.875,0.875
1063,no_strict_e1_improvement,0,,,,,1,0,1,1,1,1,1,4,0,0,-1,current,0,0,0.02919762331293896,0.02919762331293896,29,0,0,0,0,0,0,0,0.0,1.0,0.75,0.875,0.875,0,0.0,1.0,0.75,0.875,0.875,0,0.0,1.0,0.75,0.875,0.875,0,0.0,1.0,0.75,0.875,0.875
1064,no_strict_e1_improvement,0,,,,,1,0,1,1,1,1,1,4,0,0,-1,current,0,0,0.008095837954897434,0.008095837954897434,37,25,25,25,25,0,0,1,1.0,1.0,1.0,1.0,1.0,1,1.0,1.0,1.0,1.0,1.0,1,1.0,1.0,1.0,1.0,1.0,1,1.0,1.0,1.0,1.0,1.0
1065,no_strict_e1_improvement,0,,,,,1,0,1,1,1,1,1,4,0,0,-1,current,0,0,0.016238249465823175,0.016238249465823175,37,25,25,25,25,0,0,1,1.0,1.0,1.0,1.0,1.0,1,1.0,1.0,1.0,1.0,1.0,1,1.0,1.0,1.0,1.0,1.0,1,1.0,1.0,1.0,1.0,1.0
1066,no_strict_e1_improvement,0,,,,,1,0,1,1,1,1,1,4,0,0,-1,current,0,0,0.018457416631281375,0.018457416631281375,36,23,23,23,23,0,0,0,0.92,0.9,0.9,0.9,0.925,0,0.92,0.9,0.9,0.9,0.925,0,0.92,0.9,0.9,0.9,0.925,0,0.92,0.9,0.9,0.9,0.925
1067,no_strict_e1_improvement,0,,,,,1,0,1,1,1,2,2,4,0,0,-1,current,0,0,0.012241174787050113,0.012241174787050113,34,25,25,25,25,0,0,1,1.0,1.0,1.0,1.0,1.0,1,1.0,1.0,1.0,1.0,1.0,1,1.0,1.0,1.0,1.0,1.0,1,1.0,1.0,1.0,1.0,1.0
1068,no_strict_e1_improvement,0,,,,,1,0,1,1,1,1,1,4,0,0,-1,current,0,0,0.013985480181872845,0.013985480181872845,37,25,25,25,25,0,0,1,1.0,1.0,1.0,1.0,1.0,1,1.0,1.0,1.0,1.0,1.0,1,1.0,1.0,1.0,1.0,1.0,1,1.0,1.0,1.0,1.0,1.0
1069,no_strict_e1_improvement,0,,,,,1,0,3,3,3,10,10,4,0,0,-1,current,0,0,0.03648910372867249,0.03648910372867249,33,25,25,25,25,0,0,1,1.0,1.0,1.0,1.0,1.0,1,1.0,1.0,1.0,1.0,1.0,1,1.0,1.0,1.0,1.0,1.0,1,1.0,1.0,1.0,1.0,1.0
1070,no_strict_e1_improvement,0,,,,,1,0,1,1,1,1,1,4,0,0,-1,current,0,0,0.003934340784326196,0.003934340784326196,38,25,25,25,25,0,0,1,1.0,1.0,1.0,1.0,1.0,1,1.0,1.0,1.0,1.0,1.0,1,1.0,1.0,1.0,1.0,1.0,1,1.0,1.0,1.0,1.0,1.0
1071,no_strict_e1_improvement,0,,,,,1,0,1,1,1,1,1,4,0,0,-1,current,0,0,0.009634497913066298,0.009634497913066298,36,25,25,25,25,0,0,1,1.0,1.0,1.0,1.0,1.0,1,1.0,1.0,1.0,1.0,1.0,1,1.0,1.0,1.0,1.0,1.0,1,1.0,1.0,1.0,1.0,1.0
1072,no_strict_e1_improvement,0,,,,,1,0,1,1,1,1,1,4,0,0,-1,current,0,0,0.0035900246497476474,0.0035900246497476474,39,25,25,25,25,0,0,1,1.0,1.0,1.0,1.0,1.0,1,1.0,1.0,1.0,1.0,1.0,1,1.0,1.0,1.0,1.0,1.0,1,1.0,1.0,1.0,1.0,1.0
1073,max_rounds,0,,,,,1,1,2,2,2,7,7,4,0,1,0,s1a3_greedy,1,0,0.06281372695229948,0.015754545433446766,35,0,0,25,25,25,0,0,0.0,0.75,1.0,0.875,0.875,0,0.0,0.75,1.0,0.875,0.875,1,1.0,1.0,1.0,1.0,1.0,1,1.0,1.0,1.0,1.0,1.0
1074,no_strict_e1_improvement,0,,,,,1,0,1,1,1,1,1,4,0,0,-1,current,0,0,0.021142475306987762,0.021142475306987762,37,0,0,0,0,0,0,0,0.0,0.75,1.0,0.875,0.875,0,0.0,0.75,1.0,0.875,0.875,0,0.0,0.75,1.0,0.875,0.875,0,0.0,0.75,1.0,0.875,0.875
1075,max_rounds,0,,,,,1,1,2,1,1,4,4,4,0,0,1,profiled_beam,1,1,0.06714177011745051,0.06549794367747382,18,0,0,0,0,0,0,0,0.0,0.75,0.65,0.7,0.7,0,0.0,0.75,0.65,0.7,0.7,0,0.0,0.75,0.65,0.7,0.7,0,0.0,0.65,0.5,0.575,0.575
1076,no_strict_e1_improvement,0,,,,,1,0,1,1,1,1,1,4,0,0,-1,current,0,0,0.020754917152225973,0.020754917152225973,31,25,25,25,25,0,0,1,1.0,1.0,1.0,1.0,1.0,1,1.0,1.0,1.0,1.0,1.0,1,1.0,1.0,1.0,1.0,1.0,1,1.0,1.0,1.0,1.0,1.0
1077,no_strict_e1_improvement,0,,,,,1,0,1,1,1,1,1,4,0,0,-1,current,0,0,0.0232449680857826,0.0232449680857826,32,25,25,25,25,0,0,1,1.0,1.0,1.0,1.0,1.0,1,1.0,1.0,1.0,1.0,1.0,1,1.0,1.0,1.0,1.0,1.0,1,1.0,1.0,1.0,1.0,1.0
1078,no_strict_e1_improvement,0,,,,,1,0,1,1,1,1,1,4,0,0,-1,current,0,0,0.020517615019343793,0.020517615019343793,36,25,25,25,25,0,0,1,1.0,1.0,1.0,1.0,1.0,1,1.0,1.0,1.0,1.0,1.0,1,1.0,1.0,1.0,1.0,1.0,1,1.0,1.0,1.0,1.0,1.0
1079,no_strict_e1_improvement,0,,,,,1,0,1,1,1,2,2,4,0,0,-1,current,0,0,0.027520175790414214,0.027520175790414214,27,25,25,25,25,0,0,1,1.0,1.0,1.0,1.0,1.0,1,1.0,1.0,1.0,1.0,1.0,1,1.0,1.0,1.0,1.0,1.0,1,1.0,1.0,1.0,1.0,1.0
1080,no_strict_e1_improvement,0,,,,,1,0,1,1,1,1,1,4,0,0,-1,current,0,0,0.016343106024578447,0.016343106024578447,35,0,0,0,0,0,0,0,0.0,0.75,1.0,0.875,0.875,0,0.0,0.75,1.0,0.875,0.875,0,0.0,0.75,1.0,0.875,0.875,0,0.0,0.75,1.0,0.875,0.875
1081,no_strict_e1_improvement,0,,,,,1,0,1,1,1,4,4,4,0,0,-1,current,0,0,0.10266375704668462,0.10266375704668462,29,0,0,0,0,0,0,0,0.0,0.75,0.95,0.85,0.85,0,0.0,0.75,0.95,0.85,0.85,0,0.0,0.75,0.95,0.85,0.85,0,0.0,0.75,0.95,0.85,0.85
1082,no_strict_e1_improvement,0,,,,,1,0,1,1,1,1,1,4,0,0,-1,current,0,0,0.021395333086547907,0.021395333086547907,36,25,25,25,25,0,0,1,1.0,1.0,1.0,1.0,1.0,1,1.0,1.0,1.0,1.0,1.0,1,1.0,1.0,1.0,1.0,1.0,1,1.0,1.0,1.0,1.0,1.0
1083,no_strict_e1_improvement,0,,,,,1,0,1,1,1,1,1,4,0,0,-1,current,0,0,0.0,0.0,40,25,25,25,25,0,0,1,1.0,1.0,1.0,1.0,1.0,1,1.0,1.0,1.0,1.0,1.0,1,1.0,1.0,1.0,1.0,1.0,1,1.0,1.0,1.0,1.0,1.0
1084,max_rounds,0,,,,,1,1,2,1,1,4,4,4,0,0,0,s1a3_greedy,1,0,0.06907521658577025,0.06037608804181218,27,0,0,0,0,0,0,0,0.0,0.75,0.8,0.775,0.775,0,0.0,0.75,0.8,0.775,0.775,0,0.0,0.75,0.7,0.725,0.725,0,0.0,0.75,0.7,0.725,0.725
1085,no_strict_e1_improvement,0,,,,,1,0,10,9,9,35,35,4,0,0,-1,current,0,0,0.10829181876033545,0.10829181876033545,24,1,1,1,1,0,0,0,0.04,0.65,0.2,0.425,0.475,0,0.04,0.65,0.2,0.425,0.475,0,0.04,0.65,0.2,0.425,0.475,0,0.04,0.65,0.2,0.425,0.475
1086,no_strict_e1_improvement,0,,,,,1,0,1,1,1,1,1,4,0,0,-1,current,0,0,0.007713407359551639,0.007713407359551639,35,25,25,25,25,0,0,1,1.0,1.0,1.0,1.0,1.0,1,1.0,1.0,1.0,1.0,1.0,1,1.0,1.0,1.0,1.0,1.0,1,1.0,1.0,1.0,1.0,1.0
1087,no_strict_e1_improvement,0,,,,,1,0,1,1,1,2,2,4,0,0,-1,current,0,0,0.07182542183040823,0.07182542183040823,33,0,0,0,0,0,0,0,0.0,0.75,1.0,0.875,0.875,0,0.0,0.75,1.0,0.875,0.875,0,0.0,0.75,1.0,0.875,0.875,0,0.0,0.75,1.0,0.875,0.875
1088,no_strict_e1_improvement,0,,,,,1,0,1,1,1,1,1,4,0,0,-1,current,0,0,0.0,0.0,40,25,25,25,25,0,0,1,1.0,1.0,1.0,1.0,1.0,1,1.0,1.0,1.0,1.0,1.0,1,1.0,1.0,1.0,1.0,1.0,1,1.0,1.0,1.0,1.0,1.0
1089,no_strict_e1_improvement,0,,,,,1,0,1,1,1,1,1,4,0,0,-1,current,0,0,0.01875582616776228,0.01875582616776228,33,25,25,25,25,0,0,1,1.0,1.0,1.0,1.0,1.0,1,1.0,1.0,1.0,1.0,1.0,1,1.0,1.0,1.0,1.0,1.0,1,1.0,1.0,1.0,1.0,1.0
1090,max_rounds,0,,,,,1,1,13,12,12,47,47,4,-1,-1,1,profiled_beam,1,1,0.2112135125513305,0.14692201946891145,15,2,2,1,1,-1,0,0,0.08,0.25,0.1,0.175,0.225,0,0.08,0.25,0.1,0.175,0.225,0,0.04,0.25,0.1,0.175,0.275,0,0.04,0.25,0.15,0.2,0.25
1091,max_rounds,0,,,,,1,1,2,1,1,2,2,4,0,0,1,profiled_beam,1,1,0.12336543798446656,0.10767550989985467,32,0,0,0,0,0,0,0,0.0,0.7,0.8,0.75,0.775,0,0.0,0.7,0.8,0.75,0.775,0,0.0,0.7,0.8,0.75,0.775,0,0.0,0.75,0.8,0.775,0.775
1092,no_strict_e1_improvement,0,,,,,1,0,1,1,1,1,1,4,0,0,-1,current,0,0,0.006301540305139497,0.006301540305139497,37,25,25,25,25,0,0,1,1.0,1.0,1.0,1.0,1.0,1,1.0,1.0,1.0,1.0,1.0,1,1.0,1.0,1.0,1.0,1.0,1,1.0,1.0,1.0,1.0,1.0
1093,no_strict_e1_improvement,0,,,,,1,0,1,1,1,1,1,4,0,0,-1,current,0,0,0.009537681681104004,0.009537681681104004,34,25,25,25,25,0,0,1,1.0,1.0,1.0,1.0,1.0,1,1.0,1.0,1.0,1.0,1.0,1,1.0,1.0,1.0,1.0,1.0,1,1.0,1.0,1.0,1.0,1.0
1094,no_strict_e1_improvement,0,,,,,1,0,1,1,1,1,1,4,0,0,-1,current,0,0,0.022235336853191255,0.022235336853191255,31,25,25,25,25,0,0,1,1.0,1.0,1.0,1.0,1.0,1,1.0,1.0,1.0,1.0,1.0,1,1.0,1.0,1.0,1.0,1.0,1,1.0,1.0,1.0,1.0,1.0
1095,no_strict_e1_improvement,0,,,,,1,0,1,1,1,1,1,4,0,0,-1,current,0,0,0.018413343699648976,0.018413343699648976,34,25,25,25,25,0,0,1,1.0,1.0,1.0,1.0,1.0,1,1.0,1.0,1.0,1.0,1.0,1,1.0,1.0,1.0,1.0,1.0,1,1.0,1.0,1.0,1.0,1.0
1096,max_rounds,0,,,,,1,1,2,2,2,6,6,4,0,1,0,s1a3_greedy,1,0,0.07586426835041493,0.006550003099255264,34,0,0,25,25,25,0,0,0.0,0.75,1.0,0.875,0.875,0,0.0,0.75,1.0,0.875,0.875,1,1.0,1.0,1.0,1.0,1.0,1,1.0,1.0,1.0,1.0,1.0
1097,no_strict_e1_improvement,0,,,,,1,0,1,1,1,1,1,4,0,0,-1,current,0,0,0.056335900467820464,0.056335900467820464,36,0,0,0,0,0,0,0,0.0,0.75,1.0,0.875,0.875,0,0.0,0.75,1.0,0.875,0.875,0,0.0,0.75,1.0,0.875,0.875,0,0.0,0.75,1.0,0.875,0.875
1098,no_strict_e1_improvement,0,,,,,1,0,1,1,1,1,1,4,0,0,-1,current,0,0,0.031003165838774292,0.031003165838774292,35,25,25,25,25,0,0,1,1.0,1.0,1.0,1.0,1.0,1,1.0,1.0,1.0,1.0,1.0,1,1.0,1.0,1.0,1.0,1.0,1,1.0,1.0,1.0,1.0,1.0
1099,no_strict_e1_improvement,0,,,,,1,0,1,1,1,1,1,4,0,0,-1,current,0,0,0.02049537236453034,0.02049537236453034,35,25,25,25,25,0,0,1,1.0,1.0,1.0,1.0,1.0,1,1.0,1.0,1.0,1.0,1.0,1,1.0,1.0,1.0,1.0,1.0,1,1.0,1.0,1.0,1.0,1.0
1100,no_strict_e1_improvement,0,,,,,1,0,1,1,1,1,1,4,0,0,-1,current,0,0,0.025748351693619043,0.025748351693619043,31,23,23,23,23,0,0,0,0.92,0.85,0.9,0.875,0.9,0,0.92,0.85,0.9,0.875,0.9,0,0.92,0.85,0.9,0.875,0.9,0,0.92,0.85,0.9,0.875,0.9
1101,no_strict_e1_improvement,0,,,,,1,0,1,1,1,1,1,4,0,0,-1,current,0,0,0.04863127524731681,0.04863127524731681,35,0,0,0,0,0,0,0,0.0,0.75,1.0,0.875,0.875,0,0.0,0.75,1.0,0.875,0.875,0,0.0,0.75,1.0,0.875,0.875,0,0.0,0.75,1.0,0.875,0.875
1102,max_rounds,0,,,,,1,1,2,1,1,4,4,4,0,0,1,profiled_beam,1,1,0.016294136099895697,0.016251061216462404,28,0,0,0,0,0,0,0,0.0,0.7,0.85,0.775,0.775,0,0.0,0.7,0.85,0.775,0.775,0,0.0,0.7,0.85,0.775,0.775,0,0.0,0.65,0.8,0.725,0.75
1103,max_rounds,0,,,,,1,1,2,1,1,4,4,4,0,0,1,profiled_beam,1,1,0.1844442058703862,0.1221645457088016,18,5,5,5,6,1,1,0,0.2,0.15,0.55,0.35,0.4,0,0.2,0.15,0.55,0.35,0.4,0,0.2,0.15,0.55,0.35,0.4,0,0.24,0.15,0.5,0.325,0.325
1104,no_strict_e1_improvement,0,,,,,1,0,1,1,1,1,1,4,0,0,-1,current,0,0,0.02390340465353802,0.02390340465353802,33,0,0,0,0,0,0,0,0.0,0.75,1.0,0.875,0.875,0,0.0,0.75,1.0,0.875,0.875,0,0.0,0.75,1.0,0.875,0.875,0,0.0,0.75,1.0,0.875,0.875
1105,no_strict_e1_improvement,0,,,,,1,0,1,1,1,1,1,4,0,0,-1,current,0,0,0.015504017798230052,0.015504017798230052,35,25,25,25,25,0,0,1,1.0,1.0,1.0,1.0,1.0,1,1.0,1.0,1.0,1.0,1.0,1,1.0,1.0,1.0,1.0,1.0,1,1.0,1.0,1.0,1.0,1.0
1106,no_strict_e1_improvement,0,,,,,1,0,1,1,1,2,2,4,0,0,-1,current,0,0,0.029022860364057122,0.029022860364057122,33,23,23,23,23,0,0,0,0.92,0.9,0.8,0.85,0.875,0,0.92,0.9,0.8,0.85,0.875,0,0.92,0.9,0.8,0.85,0.875,0,0.92,0.9,0.8,0.85,0.875
1107,max_rounds,0,,,,,1,1,17,16,16,64,64,4,-1,1,0,s1a3_greedy,1,0,0.05237166532260744,0.041116955241523104,9,1,1,11,11,10,0,0,0.04,0.25,0.3,0.275,0.475,0,0.04,0.25,0.3,0.275,0.475,0,0.44,0.4,0.35,0.375,0.475,0,0.44,0.4,0.35,0.375,0.475
1108,no_strict_e1_improvement,0,,,,,1,0,1,1,1,1,1,4,0,0,-1,current,0,0,0.0204091664403677,0.0204091664403677,35,25,25,25,25,0,0,1,1.0,1.0,1.0,1.0,1.0,1,1.0,1.0,1.0,1.0,1.0,1,1.0,1.0,1.0,1.0,1.0,1,1.0,1.0,1.0,1.0,1.0
1109,no_strict_e1_improvement,0,,,,,1,0,1,1,1,1,1,4,0,0,-1,current,0,0,0.0225623402511701,0.0225623402511701,35,25,25,25,25,0,0,1,1.0,1.0,1.0,1.0,1.0,1,1.0,1.0,1.0,1.0,1.0,1,1.0,1.0,1.0,1.0,1.0,1,1.0,1.0,1.0,1.0,1.0
1110,max_rounds,0,,,,,1,1,4,3,3,12,12,4,0,0,1,profiled_beam,1,1,0.1804612258565612,0.1573920510825701,26,12,12,12,9,-3,-3,0,0.48,0.45,0.75,0.6,0.6,0,0.48,0.45,0.75,0.6,0.6,0,0.48,0.45,0.75,0.6,0.6,0,0.36,0.6,0.7,0.65,0.65
1111,no_strict_e1_improvement,0,,,,,1,0,1,1,1,1,1,4,0,0,-1,current,0,0,0.006703997123986482,0.006703997123986482,36,25,25,25,25,0,0,1,1.0,1.0,1.0,1.0,1.0,1,1.0,1.0,1.0,1.0,1.0,1,1.0,1.0,1.0,1.0,1.0,1,1.0,1.0,1.0,1.0,1.0
1112,no_strict_e1_improvement,0,,,,,1,0,1,1,1,1,1,4,0,0,-1,current,0,0,0.05442328444623854,0.05442328444623854,24,21,21,21,21,0,0,0,0.84,0.9,0.8,0.85,0.9,0,0.84,0.9,0.8,0.85,0.9,0,0.84,0.9,0.8,0.85,0.9,0,0.84,0.9,0.8,0.85,0.9
1113,no_strict_e1_improvement,0,,,,,1,0,1,1,1,1,1,4,0,0,-1,current,0,0,0.0054128266172483565,0.0054128266172483565,34,25,25,25,25,0,0,1,1.0,1.0,1.0,1.0,1.0,1,1.0,1.0,1.0,1.0,1.0,1,1.0,1.0,1.0,1.0,1.0,1,1.0,1.0,1.0,1.0,1.0
1114,no_strict_e1_improvement,0,,,,,1,0,1,1,1,1,1,4,0,0,-1,current,0,0,0.02035319460555911,0.02035319460555911,30,25,25,25,25,0,0,1,1.0,1.0,1.0,1.0,1.0,1,1.0,1.0,1.0,1.0,1.0,1,1.0,1.0,1.0,1.0,1.0,1,1.0,1.0,1.0,1.0,1.0
1115,max_rounds,0,,,,,1,1,2,1,1,4,4,4,0,0,1,profiled_beam,1,1,0.13415370259899645,0.1244211557554081,22,14,14,14,14,0,0,0,0.56,0.45,0.6,0.525,0.55,0,0.56,0.45,0.6,0.525,0.55,0,0.56,0.45,0.6,0.525,0.55,0,0.56,0.45,0.65,0.55,0.55
1116,no_strict_e1_improvement,0,,,,,1,0,1,1,1,1,1,4,0,0,-1,current,0,0,0.00502773312618956,0.00502773312618956,38,25,25,25,25,0,0,1,1.0,1.0,1.0,1.0,1.0,1,1.0,1.0,1.0,1.0,1.0,1,1.0,1.0,1.0,1.0,1.0,1,1.0,1.0,1.0,1.0,1.0
1117,max_rounds,0,,,,,1,1,4,3,3,9,9,4,0,0,0,s1a3_greedy,1,0,0.1502791433071252,0.016518607147736473,31,0,0,0,0,0,0,0,0.0,0.35,0.8,0.575,0.575,0,0.0,0.35,0.8,0.575,0.575,0,0.0,0.75,1.0,0.875,0.875,0,0.0,0.75,1.0,0.875,0.875
1118,no_strict_e1_improvement,0,,,,,1,0,1,1,1,1,1,4,0,0,-1,current,0,0,0.03309809755301103,0.03309809755301103,32,25,25,25,25,0,0,1,1.0,1.0,1.0,1.0,1.0,1,1.0,1.0,1.0,1.0,1.0,1,1.0,1.0,1.0,1.0,1.0,1,1.0,1.0,1.0,1.0,1.0
1119,no_strict_e1_improvement,0,,,,,1,0,1,1,1,1,1,4,0,0,-1,current,0,0,0.011053136456757784,0.011053136456757784,39,25,25,25,25,0,0,1,1.0,1.0,1.0,1.0,1.0,1,1.0,1.0,1.0,1.0,1.0,1,1.0,1.0,1.0,1.0,1.0,1,1.0,1.0,1.0,1.0,1.0
1120,no_strict_e1_improvement,0,,,,,1,0,1,1,1,1,1,4,0,0,-1,current,0,0,0.014474492706358432,0.014474492706358432,37,25,25,25,25,0,0,1,1.0,1.0,1.0,1.0,1.0,1,1.0,1.0,1.0,1.0,1.0,1,1.0,1.0,1.0,1.0,1.0,1,1.0,1.0,1.0,1.0,1.0
1121,no_strict_e1_improvement,0,,,,,1,0,10,9,9,36,36,4,0,0,-1,current,0,0,0.10424212799407542,0.10424212799407542,27,23,23,23,23,0,0,0,0.92,0.8,0.8,0.8,0.85,0,0.92,0.8,0.8,0.8,0.85,0,0.92,0.8,0.8,0.8,0.85,0,0.92,0.8,0.8,0.8,0.85
1122,no_strict_e1_improvement,0,,,,,1,0,1,1,1,1,1,4,0,0,-1,current,0,0,0.010839879466220736,0.010839879466220736,39,25,25,25,25,0,0,1,1.0,1.0,1.0,1.0,1.0,1,1.0,1.0,1.0,1.0,1.0,1,1.0,1.0,1.0,1.0,1.0,1,1.0,1.0,1.0,1.0,1.0
1123,max_rounds,0,,,,,1,1,2,1,1,4,4,4,0,0,1,profiled_beam,1,1,0.05938502873759717,0.041958126495592295,32,0,0,0,0,0,0,0,0.0,0.75,0.9,0.825,0.85,0,0.0,0.75,0.9,0.825,0.85,0,0.0,0.75,0.9,0.825,0.85,0,0.0,0.75,1.0,0.875,0.875
1124,no_strict_e1_improvement,0,,,,,1,0,1,1,1,2,2,4,0,0,-1,current,0,0,0.034801061291364024,0.034801061291364024,34,25,25,25,25,0,0,1,1.0,1.0,1.0,1.0,1.0,1,1.0,1.0,1.0,1.0,1.0,1,1.0,1.0,1.0,1.0,1.0,1,1.0,1.0,1.0,1.0,1.0
1125,no_strict_e1_improvement,0,,,,,1,0,1,1,1,2,2,4,0,0,-1,current,0,0,0.07710754479048773,0.07710754479048773,31,0,0,0,0,0,0,0,0.0,0.75,0.85,0.8,0.825,0,0.0,0.75,0.85,0.8,0.825,0,0.0,0.75,0.85,0.8,0.825,0,0.0,0.75,0.85,0.8,0.825
1126,no_strict_e1_improvement,0,,,,,1,0,1,1,1,1,1,4,0,0,-1,current,0,0,0.016241640457883476,0.016241640457883476,35,25,25,25,25,0,0,1,1.0,1.0,1.0,1.0,1.0,1,1.0,1.0,1.0,1.0,1.0,1,1.0,1.0,1.0,1.0,1.0,1,1.0,1.0,1.0,1.0,1.0
1127,no_strict_e1_improvement,0,,,,,1,0,1,1,1,1,1,4,0,0,-1,current,0,0,0.001749594835564494,0.001749594835564494,40,25,25,25,25,0,0,1,1.0,1.0,1.0,1.0,1.0,1,1.0,1.0,1.0,1.0,1.0,1,1.0,1.0,1.0,1.0,1.0,1,1.0,1.0,1.0,1.0,1.0
1128,no_strict_e1_improvement,0,,,,,1,0,1,1,1,4,4,4,0,0,-1,current,0,0,0.04775998110417277,0.04775998110417277,35,20,20,20,20,0,0,0,0.8,0.95,0.75,0.85,0.85,0,0.8,0.95,0.75,0.85,0.85,0,0.8,0.95,0.75,0.85,0.85,0,0.8,0.95,0.75,0.85,0.85
1129,no_strict_e1_improvement,0,,,,,1,0,1,1,1,4,4,4,0,0,-1,current,0,0,0.047603470552712676,0.047603470552712676,34,0,0,0,0,0,0,0,0.0,0.75,1.0,0.875,0.875,0,0.0,0.75,1.0,0.875,0.875,0,0.0,0.75,1.0,0.875,0.875,0,0.0,0.75,1.0,0.875,0.875
1130,no_strict_e1_improvement,0,,,,,1,0,1,1,1,1,1,4,0,0,-1,current,0,0,0.017638711933977903,0.017638711933977903,34,25,25,25,25,0,0,1,1.0,1.0,1.0,1.0,1.0,1,1.0,1.0,1.0,1.0,1.0,1,1.0,1.0,1.0,1.0,1.0,1,1.0,1.0,1.0,1.0,1.0
1131,no_strict_e1_improvement,0,,,,,1,0,1,1,1,4,4,4,0,0,-1,current,0,0,0.055157160275848584,0.055157160275848584,28,0,0,0,0,0,0,0,0.0,0.65,0.8,0.725,0.725,0,0.0,0.65,0.8,0.725,0.725,0,0.0,0.65,0.8,0.725,0.725,0,0.0,0.65,0.8,0.725,0.725
1132,max_rounds,0,,,,,1,1,2,1,1,4,4,4,0,0,1,profiled_beam,1,1,0.08711960657965392,0.08622254699002951,27,0,0,0,0,0,0,0,0.0,0.7,0.9,0.8,0.825,0,0.0,0.7,0.9,0.8,0.825,0,0.0,0.7,0.9,0.8,0.825,0,0.0,0.75,0.9,0.825,0.825
1133,no_strict_e1_improvement,0,,,,,1,0,1,1,1,1,1,4,0,0,-1,current,0,0,0.010046153515577316,0.010046153515577316,38,25,25,25,25,0,0,1,1.0,1.0,1.0,1.0,1.0,1,1.0,1.0,1.0,1.0,1.0,1,1.0,1.0,1.0,1.0,1.0,1,1.0,1.0,1.0,1.0,1.0
1134,no_strict_e1_improvement,0,,,,,1,0,1,1,1,1,1,4,0,0,-1,current,0,0,0.005278432695195079,0.005278432695195079,38,25,25,25,25,0,0,1,1.0,1.0,1.0,1.0,1.0,1,1.0,1.0,1.0,1.0,1.0,1,1.0,1.0,1.0,1.0,1.0,1,1.0,1.0,1.0,1.0,1.0
1135,no_strict_e1_improvement,0,,,,,1,0,1,1,1,4,4,4,0,0,-1,current,0,0,0.06437246911227704,0.06437246911227704,34,0,0,0,0,0,0,0,0.0,0.75,1.0,0.875,0.875,0,0.0,0.75,1.0,0.875,0.875,0,0.0,0.75,1.0,0.875,0.875,0,0.0,0.75,1.0,0.875,0.875
1136,no_strict_e1_improvement,0,,,,,1,0,1,1,1,1,1,4,0,0,-1,current,0,0,0.03267124326666817,0.03267124326666817,36,0,0,0,0,0,0,0,0.0,0.75,1.0,0.875,0.875,0,0.0,0.75,1.0,0.875,0.875,0,0.0,0.75,1.0,0.875,0.875,0,0.0,0.75,1.0,0.875,0.875
1137,no_strict_e1_improvement,0,,,,,1,0,1,1,1,1,1,4,0,0,-1,current,0,0,0.008408826310187578,0.008408826310187578,36,25,25,25,25,0,0,1,1.0,1.0,1.0,1.0,1.0,1,1.0,1.0,1.0,1.0,1.0,1,1.0,1.0,1.0,1.0,1.0,1,1.0,1.0,1.0,1.0,1.0
1138,no_strict_e1_improvement,0,,,,,1,0,1,1,1,1,1,4,0,0,-1,current,0,0,0.021107259020209313,0.021107259020209313,38,25,25,25,25,0,0,1,1.0,1.0,1.0,1.0,1.0,1,1.0,1.0,1.0,1.0,1.0,1,1.0,1.0,1.0,1.0,1.0,1,1.0,1.0,1.0,1.0,1.0
1139,no_strict_e1_improvement,0,,,,,1,0,1,1,1,1,1,4,0,0,-1,current,0,0,0.004538698261603713,0.004538698261603713,39,25,25,25,25,0,0,1,1.0,1.0,1.0,1.0,1.0,1,1.0,1.0,1.0,1.0,1.0,1,1.0,1.0,1.0,1.0,1.0,1,1.0,1.0,1.0,1.0,1.0
1140,no_strict_e1_improvement,0,,,,,1,0,1,1,1,1,1,4,0,0,-1,current,0,0,0.01976211220026016,0.01976211220026016,37,25,25,25,25,0,0,1,1.0,1.0,1.0,1.0,1.0,1,1.0,1.0,1.0,1.0,1.0,1,1.0,1.0,1.0,1.0,1.0,1,1.0,1.0,1.0,1.0,1.0
1141,no_strict_e1_improvement,0,,,,,1,0,1,1,1,1,1,4,0,0,-1,current,0,0,0.02144238364417106,0.02144238364417106,31,25,25,25,25,0,0,1,1.0,1.0,1.0,1.0,1.0,1,1.0,1.0,1.0,1.0,1.0,1,1.0,1.0,1.0,1.0,1.0,1,1.0,1.0,1.0,1.0,1.0
1142,no_strict_e1_improvement,0,,,,,1,0,3,3,3,9,9,4,0,0,-1,current,0,0,0.03361922949552536,0.03361922949552536,33,25,25,25,25,0,0,1,1.0,1.0,1.0,1.0,1.0,1,1.0,1.0,1.0,1.0,1.0,1,1.0,1.0,1.0,1.0,1.0,1,1.0,1.0,1.0,1.0,1.0
1143,max_rounds,0,,,,,1,1,2,1,1,4,4,4,0,0,0,s1a3_greedy,1,0,0.039403377810958776,0.019424439978320152,31,21,21,21,21,0,0,0,0.84,0.8,0.8,0.8,0.8,0,0.84,0.8,0.8,0.8,0.8,0,0.84,0.8,0.8,0.8,0.8,0,0.84,0.8,0.8,0.8,0.8
1144,no_strict_e1_improvement,0,,,,,1,0,1,1,1,1,1,4,0,0,-1,current,0,0,0.003918443853035569,0.003918443853035569,39,25,25,25,25,0,0,1,1.0,1.0,1.0,1.0,1.0,1,1.0,1.0,1.0,1.0,1.0,1,1.0,1.0,1.0,1.0,1.0,1,1.0,1.0,1.0,1.0,1.0
1145,max_rounds,0,,,,,1,1,4,3,3,12,12,4,0,-1,1,profiled_beam,1,1,0.19692166898748836,0.16031526928418316,14,0,0,1,3,3,2,0,0.0,0.3,0.45,0.375,0.45,0,0.0,0.3,0.45,0.375,0.45,0,0.04,0.25,0.4,0.325,0.4,0,0.12,0.35,0.45,0.4,0.525
1146,no_strict_e1_improvement,0,,,,,1,0,1,1,1,1,1,4,0,0,-1,current,0,0,0.002920309454202652,0.002920309454202652,38,25,25,25,25,0,0,1,1.0,1.0,1.0,1.0,1.0,1,1.0,1.0,1.0,1.0,1.0,1,1.0,1.0,1.0,1.0,1.0,1,1.0,1.0,1.0,1.0,1.0
1147,no_strict_e1_improvement,0,,,,,1,0,1,1,1,1,1,4,0,0,-1,current,0,0,0.017519762250594796,0.017519762250594796,31,25,25,25,25,0,0,1,1.0,1.0,1.0,1.0,1.0,1,1.0,1.0,1.0,1.0,1.0,1,1.0,1.0,1.0,1.0,1.0,1,1.0,1.0,1.0,1.0,1.0
1148,no_strict_e1_improvement,0,,,,,1,0,1,1,1,3,3,4,0,0,-1,current,0,0,0.04020928165409714,0.04020928165409714,31,0,0,0,0,0,0,0,0.0,0.75,1.0,0.875,0.875,0,0.0,0.75,1.0,0.875,0.875,0,0.0,0.75,1.0,0.875,0.875,0,0.0,0.75,1.0,0.875,0.875
1149,max_rounds,0,,,,,1,1,10,9,9,36,36,4,0,-2,1,profiled_beam,1,1,0.1508385191729758,0.13517805669107474,21,1,1,0,0,-1,0,0,0.04,0.5,0.4,0.45,0.45,0,0.04,0.5,0.4,0.45,0.45,0,0.0,0.45,0.4,0.425,0.425,0,0.0,0.55,0.35,0.45,0.575
1150,max_rounds,0,,,,,1,1,4,3,3,11,11,4,0,0,0,s1a3_greedy,1,0,0.096400844771415,0.08771474801469595,23,23,23,21,21,-2,0,0,0.92,0.9,0.9,0.9,0.925,0,0.92,0.9,0.9,0.9,0.925,0,0.84,0.85,0.6,0.725,0.75,0,0.84,0.85,0.6,0.725,0.75
1151,no_strict_e1_improvement,0,,,,,1,0,1,1,1,1,1,4,0,0,-1,current,0,0,0.0,0.0,40,25,25,25,25,0,0,1,1.0,1.0,1.0,1.0,1.0,1,1.0,1.0,1.0,1.0,1.0,1,1.0,1.0,1.0,1.0,1.0,1,1.0,1.0,1.0,1.0,1.0
1152,no_strict_e1_improvement,0,,,,,1,0,1,1,1,1,1,4,0,0,-1,current,0,0,0.006265817256644368,0.006265817256644368,37,25,25,25,25,0,0,1,1.0,1.0,1.0,1.0,1.0,1,1.0,1.0,1.0,1.0,1.0,1,1.0,1.0,1.0,1.0,1.0,1,1.0,1.0,1.0,1.0,1.0
1153,no_strict_e1_improvement,0,,,,,1,0,5,4,4,15,15,4,0,0,-1,current,0,0,0.10677875879919156,0.10677875879919156,27,0,0,0,0,0,0,0,0.0,0.75,0.9,0.825,0.825,0,0.0,0.75,0.9,0.825,0.825,0,0.0,0.75,0.9,0.825,0.825,0,0.0,0.75,0.9,0.825,0.825
1154,no_strict_e1_improvement,0,,,,,1,0,1,1,1,1,1,4,0,0,-1,current,0,0,0.0060594439506530765,0.0060594439506530765,39,25,25,25,25,0,0,1,1.0,1.0,1.0,1.0,1.0,1,1.0,1.0,1.0,1.0,1.0,1,1.0,1.0,1.0,1.0,1.0,1,1.0,1.0,1.0,1.0,1.0
1155,no_strict_e1_improvement,0,,,,,1,0,1,1,1,1,1,4,0,0,-1,current,0,0,0.028076611761935055,0.028076611761935055,36,25,25,25,25,0,0,1,1.0,1.0,1.0,1.0,1.0,1,1.0,1.0,1.0,1.0,1.0,1,1.0,1.0,1.0,1.0,1.0,1,1.0,1.0,1.0,1.0,1.0
1156,no_strict_e1_improvement,0,,,,,1,0,1,1,1,1,1,4,0,0,-1,current,0,0,0.016215147683396935,0.016215147683396935,36,25,25,25,25,0,0,1,1.0,1.0,1.0,1.0,1.0,1,1.0,1.0,1.0,1.0,1.0,1,1.0,1.0,1.0,1.0,1.0,1,1.0,1.0,1.0,1.0,1.0
1157,no_strict_e1_improvement,0,,,,,1,0,1,1,1,1,1,4,0,0,-1,current,0,0,0.03715637837885879,0.03715637837885879,30,0,0,0,0,0,0,0,0.0,0.75,1.0,0.875,0.875,0,0.0,0.75,1.0,0.875,0.875,0,0.0,0.75,1.0,0.875,0.875,0,0.0,0.75,1.0,0.875,0.875
1158,no_strict_e1_improvement,0,,,,,1,0,1,1,1,4,4,4,0,0,-1,current,0,0,0.03296139556914568,0.03296139556914568,35,25,25,25,25,0,0,1,1.0,1.0,1.0,1.0,1.0,1,1.0,1.0,1.0,1.0,1.0,1,1.0,1.0,1.0,1.0,1.0,1,1.0,1.0,1.0,1.0,1.0
1159,no_strict_e1_improvement,0,,,,,1,0,1,1,1,1,1,4,0,0,-1,current,0,0,0.02091279922169633,0.02091279922169633,34,25,25,25,25,0,0,1,1.0,1.0,1.0,1.0,1.0,1,1.0,1.0,1.0,1.0,1.0,1,1.0,1.0,1.0,1.0,1.0,1,1.0,1.0,1.0,1.0,1.0
1160,no_strict_e1_improvement,0,,,,,1,0,1,1,1,1,1,4,0,0,-1,current,0,0,0.02954711364582181,0.02954711364582181,37,25,25,25,25,0,0,1,1.0,1.0,1.0,1.0,1.0,1,1.0,1.0,1.0,1.0,1.0,1,1.0,1.0,1.0,1.0,1.0,1,1.0,1.0,1.0,1.0,1.0
1161,no_strict_e1_improvement,0,,,,,1,0,1,1,1,1,1,4,0,0,-1,current,0,0,0.030966719286516307,0.030966719286516307,31,0,0,0,0,0,0,0,0.0,0.75,1.0,0.875,0.875,0,0.0,0.75,1.0,0.875,0.875,0,0.0,0.75,1.0,0.875,0.875,0,0.0,0.75,1.0,0.875,0.875
1162,no_strict_e1_improvement,0,,,,,1,0,1,1,1,1,1,4,0,0,-1,current,0,0,0.002084104809910059,0.002084104809910059,39,25,25,25,25,0,0,1,1.0,1.0,1.0,1.0,1.0,1,1.0,1.0,1.0,1.0,1.0,1,1.0,1.0,1.0,1.0,1.0,1,1.0,1.0,1.0,1.0,1.0
1163,no_strict_e1_improvement,0,,,,,1,0,1,1,1,2,2,4,0,0,-1,current,0,0,0.05490194545127451,0.05490194545127451,33,0,0,0,0,0,0,0,0.0,0.75,1.0,0.875,0.875,0,0.0,0.75,1.0,0.875,0.875,0,0.0,0.75,1.0,0.875,0.875,0,0.0,0.75,1.0,0.875,0.875
1164,no_strict_e1_improvement,0,,,,,1,0,1,1,1,1,1,4,0,0,-1,current,0,0,0.006393645191565156,0.006393645191565156,37,25,25,25,25,0,0,1,1.0,1.0,1.0,1.0,1.0,1,1.0,1.0,1.0,1.0,1.0,1,1.0,1.0,1.0,1.0,1.0,1,1.0,1.0,1.0,1.0,1.0
1165,no_strict_e1_improvement,0,,,,,1,0,1,1,1,1,1,4,0,0,-1,current,0,0,0.026962208666373045,0.026962208666373045,35,25,25,25,25,0,0,1,1.0,1.0,1.0,1.0,1.0,1,1.0,1.0,1.0,1.0,1.0,1,1.0,1.0,1.0,1.0,1.0,1,1.0,1.0,1.0,1.0,1.0
1166,no_strict_e1_improvement,0,,,,,1,0,1,1,1,1,1,4,0,0,-1,current,0,0,0.0,0.0,40,25,25,25,25,0,0,1,1.0,1.0,1.0,1.0,1.0,1,1.0,1.0,1.0,1.0,1.0,1,1.0,1.0,1.0,1.0,1.0,1,1.0,1.0,1.0,1.0,1.0
1167,no_strict_e1_improvement,0,,,,,1,0,1,1,1,1,1,4,0,0,-1,current,0,0,0.005734128691256046,0.005734128691256046,37,25,25,25,25,0,0,1,1.0,1.0,1.0,1.0,1.0,1,1.0,1.0,1.0,1.0,1.0,1,1.0,1.0,1.0,1.0,1.0,1,1.0,1.0,1.0,1.0,1.0
1168,no_strict_e1_improvement,0,,,,,1,0,1,1,1,1,1,4,0,0,-1,current,0,0,0.027077931765234098,0.027077931765234098,31,0,0,0,0,0,0,0,0.0,0.75,1.0,0.875,0.875,0,0.0,0.75,1.0,0.875,0.875,0,0.0,0.75,1.0,0.875,0.875,0,0.0,0.75,1.0,0.875,0.875
1169,max_rounds,0,,,,,1,1,17,16,16,64,64,4,-1,1,1,profiled_beam,1,1,0.12687062617624179,0.06862374894189997,8,2,2,2,1,-1,-1,0,0.08,0.15,0.2,0.175,0.25,0,0.08,0.15,0.2,0.175,0.25,0,0.08,0.1,0.2,0.15,0.25,0,0.04,0.1,0.3,0.2,0.3
1170,no_strict_e1_improvement,0,,,,,1,0,1,1,1,1,1,4,0,0,-1,current,0,0,0.008041392872110009,0.008041392872110009,39,25,25,25,25,0,0,1,1.0,1.0,1.0,1.0,1.0,1,1.0,1.0,1.0,1.0,1.0,1,1.0,1.0,1.0,1.0,1.0,1,1.0,1.0,1.0,1.0,1.0
1171,max_rounds,0,,,,,1,1,6,6,6,23,23,4,1,0,0,s1a3_greedy,1,0,0.061302460735896604,0.04196187668130733,25,0,0,25,25,25,0,0,0.0,0.95,0.75,0.85,0.85,0,0.0,0.95,0.75,0.85,0.85,1,1.0,1.0,1.0,1.0,1.0,1,1.0,1.0,1.0,1.0,1.0
1172,no_strict_e1_improvement,0,,,,,1,0,1,1,1,1,1,4,0,0,-1,current,0,0,0.0028963424265384674,0.0028963424265384674,38,25,25,25,25,0,0,1,1.0,1.0,1.0,1.0,1.0,1,1.0,1.0,1.0,1.0,1.0,1,1.0,1.0,1.0,1.0,1.0,1,1.0,1.0,1.0,1.0,1.0
1173,max_rounds,0,,,,,1,1,2,1,1,2,2,4,0,0,1,profiled_beam,1,1,0.013255865035898751,0.00747909085766878,33,0,0,0,0,0,0,0,0.0,0.75,0.9,0.825,0.825,0,0.0,0.75,0.9,0.825,0.825,0,0.0,0.75,0.9,0.825,0.825,0,0.0,0.75,1.0,0.875,0.875
1174,no_strict_e1_improvement,0,,,,,1,0,1,1,1,1,1,4,0,0,-1,current,0,0,0.0030835692305117846,0.0030835692305117846,38,25,25,25,25,0,0,1,1.0,1.0,1.0,1.0,1.0,1,1.0,1.0,1.0,1.0,1.0,1,1.0,1.0,1.0,1.0,1.0,1,1.0,1.0,1.0,1.0,1.0
1175,no_strict_e1_improvement,0,,,,,1,0,1,1,1,1,1,4,0,0,-1,current,0,0,0.0026294728741049767,0.0026294728741049767,38,25,25,25,25,0,0,1,1.0,1.0,1.0,1.0,1.0,1,1.0,1.0,1.0,1.0,1.0,1,1.0,1.0,1.0,1.0,1.0,1,1.0,1.0,1.0,1.0,1.0
1176,no_strict_e1_improvement,0,,,,,1,0,1,1,1,2,2,4,0,0,-1,current,0,0,0.047890817560255525,0.047890817560255525,26,0,0,0,0,0,0,0,0.0,0.85,0.75,0.8,0.8,0,0.0,0.85,0.75,0.8,0.8,0,0.0,0.85,0.75,0.8,0.8,0,0.0,0.85,0.75,0.8,0.8
1177,no_strict_e1_improvement,0,,,,,1,0,1,1,1,1,1,4,0,0,-1,current,0,0,0.02006780877709389,0.02006780877709389,37,25,25,25,25,0,0,1,1.0,1.0,1.0,1.0,1.0,1,1.0,1.0,1.0,1.0,1.0,1,1.0,1.0,1.0,1.0,1.0,1,1.0,1.0,1.0,1.0,1.0
1178,no_strict_e1_improvement,0,,,,,1,0,1,1,1,1,1,4,0,0,-1,current,0,0,0.0036639954894781114,0.0036639954894781114,39,25,25,25,25,0,0,1,1.0,1.0,1.0,1.0,1.0,1,1.0,1.0,1.0,1.0,1.0,1,1.0,1.0,1.0,1.0,1.0,1,1.0,1.0,1.0,1.0,1.0
1179,no_strict_e1_improvement,0,,,,,1,0,1,1,1,1,1,4,0,0,-1,current,0,0,0.005737027153372765,0.005737027153372765,37,25,25,25,25,0,0,1,1.0,1.0,1.0,1.0,1.0,1,1.0,1.0,1.0,1.0,1.0,1,1.0,1.0,1.0,1.0,1.0,1,1.0,1.0,1.0,1.0,1.0
1180,no_strict_e1_improvement,0,,,,,1,0,1,1,1,2,2,4,0,0,-1,current,0,0,0.027196578215807676,0.027196578215807676,36,25,25,25,25,0,0,1,1.0,1.0,1.0,1.0,1.0,1,1.0,1.0,1.0,1.0,1.0,1,1.0,1.0,1.0,1.0,1.0,1,1.0,1.0,1.0,1.0,1.0
1181,max_rounds,0,,,,,1,1,13,12,12,46,46,4,0,0,1,profiled_beam,1,1,0.10165724818944,0.0987131169938948,28,0,0,0,0,0,0,0,0.0,0.85,0.75,0.8,0.825,0,0.0,0.85,0.75,0.8,0.825,0,0.0,0.85,0.75,0.8,0.825,0,0.0,0.9,0.75,0.825,0.825
1182,no_strict_e1_improvement,0,,,,,1,0,1,1,1,1,1,4,0,0,-1,current,0,0,0.01799116060137749,0.01799116060137749,35,25,25,25,25,0,0,1,1.0,1.0,1.0,1.0,1.0,1,1.0,1.0,1.0,1.0,1.0,1,1.0,1.0,1.0,1.0,1.0,1,1.0,1.0,1.0,1.0,1.0
1183,no_strict_e1_improvement,0,,,,,1,0,1,1,1,1,1,4,0,0,-1,current,0,0,0.01434382083825767,0.01434382083825767,37,25,25,25,25,0,0,1,1.0,1.0,1.0,1.0,1.0,1,1.0,1.0,1.0,1.0,1.0,1,1.0,1.0,1.0,1.0,1.0,1,1.0,1.0,1.0,1.0,1.0
1184,no_strict_e1_improvement,0,,,,,1,0,1,1,1,1,1,4,0,0,-1,current,0,0,0.00852139845956117,0.00852139845956117,37,25,25,25,25,0,0,1,1.0,1.0,1.0,1.0,1.0,1,1.0,1.0,1.0,1.0,1.0,1,1.0,1.0,1.0,1.0,1.0,1,1.0,1.0,1.0,1.0,1.0
1185,no_strict_e1_improvement,0,,,,,1,0,1,1,1,1,1,4,0,0,-1,current,0,0,0.00024354669731110334,0.00024354669731110334,39,25,25,25,25,0,0,1,1.0,1.0,1.0,1.0,1.0,1,1.0,1.0,1.0,1.0,1.0,1,1.0,1.0,1.0,1.0,1.0,1,1.0,1.0,1.0,1.0,1.0
1186,no_strict_e1_improvement,0,,,,,1,0,1,1,1,4,4,4,0,0,-1,current,0,0,0.041134960507042705,0.041134960507042705,29,25,25,25,25,0,0,1,1.0,1.0,1.0,1.0,1.0,1,1.0,1.0,1.0,1.0,1.0,1,1.0,1.0,1.0,1.0,1.0,1,1.0,1.0,1.0,1.0,1.0
1187,no_strict_e1_improvement,0,,,,,1,0,1,1,1,4,4,4,0,0,-1,current,0,0,0.03499503813218326,0.03499503813218326,32,25,25,25,25,0,0,1,1.0,1.0,1.0,1.0,1.0,1,1.0,1.0,1.0,1.0,1.0,1,1.0,1.0,1.0,1.0,1.0,1,1.0,1.0,1.0,1.0,1.0
1188,no_strict_e1_improvement,0,,,,,1,0,1,1,1,1,1,4,0,0,-1,current,0,0,0.02254598755389452,0.02254598755389452,32,25,25,25,25,0,0,1,1.0,1.0,1.0,1.0,1.0,1,1.0,1.0,1.0,1.0,1.0,1,1.0,1.0,1.0,1.0,1.0,1,1.0,1.0,1.0,1.0,1.0
1189,no_strict_e1_improvement,0,,,,,1,0,1,1,1,2,2,4,0,0,-1,current,0,0,0.03931637313216925,0.03931637313216925,34,0,0,0,0,0,0,0,0.0,0.9,0.75,0.825,0.825,0,0.0,0.9,0.75,0.825,0.825,0,0.0,0.9,0.75,0.825,0.825,0,0.0,0.9,0.75,0.825,0.825
1190,max_rounds,0,,,,,1,1,5,4,4,16,16,4,1,0,1,profiled_beam,1,1,0.04511503069588798,0.01601663799956441,27,0,0,1,1,1,0,0,0.0,0.6,0.6,0.6,0.65,0,0.0,0.6,0.6,0.6,0.65,0,0.04,0.65,0.75,0.7,0.725,0,0.04,0.65,0.8,0.725,0.75
1191,max_rounds,0,,,,,1,1,2,1,1,4,4,4,0,0,1,profiled_beam,1,1,0.011697094382543582,0.01044702898216201,34,22,22,22,23,1,1,0,0.88,0.85,0.85,0.85,0.9,0,0.88,0.85,0.85,0.85,0.9,0,0.88,0.85,0.85,0.85,0.9,0,0.92,0.9,0.9,0.9,0.925
1192,no_strict_e1_improvement,0,,,,,1,0,1,1,1,1,1,4,0,0,-1,current,0,0,0.011437408099300227,0.011437408099300227,34,25,25,25,25,0,0,1,1.0,1.0,1.0,1.0,1.0,1,1.0,1.0,1.0,1.0,1.0,1,1.0,1.0,1.0,1.0,1.0,1,1.0,1.0,1.0,1.0,1.0
1193,no_strict_e1_improvement,0,,,,,1,0,1,1,1,1,1,4,0,0,-1,current,0,0,0.006394691416062415,0.006394691416062415,38,25,25,25,25,0,0,1,1.0,1.0,1.0,1.0,1.0,1,1.0,1.0,1.0,1.0,1.0,1,1.0,1.0,1.0,1.0,1.0,1,1.0,1.0,1.0,1.0,1.0
1194,no_strict_e1_improvement,0,,,,,1,0,1,1,1,1,1,4,0,0,-1,current,0,0,0.003070737380767241,0.003070737380767241,38,25,25,25,25,0,0,1,1.0,1.0,1.0,1.0,1.0,1,1.0,1.0,1.0,1.0,1.0,1,1.0,1.0,1.0,1.0,1.0,1,1.0,1.0,1.0,1.0,1.0
1195,no_strict_e1_improvement,0,,,,,1,0,1,1,1,1,1,4,0,0,-1,current,0,0,0.012862611818127334,0.012862611818127334,35,23,23,23,23,0,0,0,0.92,0.85,0.9,0.875,0.875,0,0.92,0.85,0.9,0.875,0.875,0,0.92,0.85,0.9,0.875,0.875,0,0.92,0.85,0.9,0.875,0.875
1196,no_strict_e1_improvement,0,,,,,1,0,1,1,1,1,1,4,0,0,-1,current,0,0,0.024840969510842116,0.024840969510842116,38,25,25,25,25,0,0,1,1.0,1.0,1.0,1.0,1.0,1,1.0,1.0,1.0,1.0,1.0,1,1.0,1.0,1.0,1.0,1.0,1,1.0,1.0,1.0,1.0,1.0
1197,no_strict_e1_improvement,0,,,,,1,0,1,1,1,1,1,4,0,0,-1,current,0,0,0.0015359168872237205,0.0015359168872237205,40,25,25,25,25,0,0,1,1.0,1.0,1.0,1.0,1.0,1,1.0,1.0,1.0,1.0,1.0,1,1.0,1.0,1.0,1.0,1.0,1,1.0,1.0,1.0,1.0,1.0
1198,no_strict_e1_improvement,0,,,,,1,0,1,1,1,4,4,4,0,0,-1,current,0,0,0.07005760306492448,0.07005760306492448,30,0,0,0,0,0,0,0,0.0,0.55,0.9,0.725,0.725,0,0.0,0.55,0.9,0.725,0.725,0,0.0,0.55,0.9,0.725,0.725,0,0.0,0.55,0.9,0.725,0.725
1199,no_strict_e1_improvement,0,,,,,1,0,1,1,1,1,1,4,0,0,-1,current,0,0,0.04252925014588982,0.04252925014588982,30,0,0,0,0,0,0,0,0.0,0.75,0.75,0.75,0.75,0,0.0,0.75,0.75,0.75,0.75,0,0.0,0.75,0.75,0.75,0.75,0,0.0,0.75,0.75,0.75,0.75
1200,no_strict_e1_improvement,0,,,,,1,0,1,1,1,2,2,4,0,0,-1,current,0,0,0.05177755432669073,0.05177755432669073,29,0,0,0,0,0,0,0,0.0,0.75,1.0,0.875,0.875,0,0.0,0.75,1.0,0.875,0.875,0,0.0,0.75,1.0,0.875,0.875,0,0.0,0.75,1.0,0.875,0.875
1201,no_strict_e1_improvement,0,,,,,1,0,1,1,1,1,1,4,0,0,-1,current,0,0,0.0060142561793327335,0.0060142561793327335,39,25,25,25,25,0,0,1,1.0,1.0,1.0,1.0,1.0,1,1.0,1.0,1.0,1.0,1.0,1,1.0,1.0,1.0,1.0,1.0,1,1.0,1.0,1.0,1.0,1.0
1202,no_strict_e1_improvement,0,,,,,1,0,1,1,1,1,1,4,0,0,-1,current,0,0,0.02853605675045401,0.02853605675045401,35,25,25,25,25,0,0,1,1.0,1.0,1.0,1.0,1.0,1,1.0,1.0,1.0,1.0,1.0,1,1.0,1.0,1.0,1.0,1.0,1,1.0,1.0,1.0,1.0,1.0
1203,max_rounds,0,,,,,1,1,2,1,1,4,4,4,0,0,1,profiled_beam,1,1,0.09196224000770599,0.07194327388424426,30,21,21,21,23,2,2,0,0.84,0.8,0.9,0.85,0.85,0,0.84,0.8,0.9,0.85,0.85,0,0.84,0.8,0.9,0.85,0.85,0,0.92,0.9,0.85,0.875,0.9
1204,no_strict_e1_improvement,0,,,,,1,0,1,1,1,1,1,4,0,0,-1,current,0,0,0.012513987440615892,0.012513987440615892,39,25,25,25,25,0,0,1,1.0,1.0,1.0,1.0,1.0,1,1.0,1.0,1.0,1.0,1.0,1,1.0,1.0,1.0,1.0,1.0,1,1.0,1.0,1.0,1.0,1.0
1205,no_strict_e1_improvement,0,,,,,1,0,1,1,1,1,1,4,0,0,-1,current,0,0,0.002502384700346738,0.002502384700346738,39,25,25,25,25,0,0,1,1.0,1.0,1.0,1.0,1.0,1,1.0,1.0,1.0,1.0,1.0,1,1.0,1.0,1.0,1.0,1.0,1,1.0,1.0,1.0,1.0,1.0
1206,no_strict_e1_improvement,0,,,,,1,0,1,1,1,1,1,4,0,0,-1,current,0,0,0.007859991875011473,0.007859991875011473,38,25,25,25,25,0,0,1,1.0,1.0,1.0,1.0,1.0,1,1.0,1.0,1.0,1.0,1.0,1,1.0,1.0,1.0,1.0,1.0,1,1.0,1.0,1.0,1.0,1.0
1207,no_strict_e1_improvement,0,,,,,1,0,1,1,1,1,1,4,0,0,-1,current,0,0,0.020269913226366044,0.020269913226366044,36,25,25,25,25,0,0,1,1.0,1.0,1.0,1.0,1.0,1,1.0,1.0,1.0,1.0,1.0,1,1.0,1.0,1.0,1.0,1.0,1,1.0,1.0,1.0,1.0,1.0
1208,no_strict_e1_improvement,0,,,,,1,0,1,1,1,1,1,4,0,0,-1,current,0,0,0.003666619397699833,0.003666619397699833,40,25,25,25,25,0,0,1,1.0,1.0,1.0,1.0,1.0,1,1.0,1.0,1.0,1.0,1.0,1,1.0,1.0,1.0,1.0,1.0,1,1.0,1.0,1.0,1.0,1.0
1209,no_strict_e1_improvement,0,,,,,1,0,1,1,1,1,1,4,0,0,-1,current,0,0,0.030814407952129842,0.030814407952129842,32,0,0,0,0,0,0,0,0.0,0.75,1.0,0.875,0.875,0,0.0,0.75,1.0,0.875,0.875,0,0.0,0.75,1.0,0.875,0.875,0,0.0,0.75,1.0,0.875,0.875
1210,max_rounds,0,,,,,1,1,3,2,2,6,6,4,1,0,0,s1a3_greedy,1,0,0.03845532545819878,0.02594946015160531,32,0,0,25,25,25,0,0,0.0,0.95,0.75,0.85,0.85,0,0.0,0.95,0.75,0.85,0.85,1,1.0,1.0,1.0,1.0,1.0,1,1.0,1.0,1.0,1.0,1.0
1211,no_strict_e1_improvement,0,,,,,1,0,1,1,1,1,1,4,0,0,-1,current,0,0,0.022957533202134072,0.022957533202134072,33,25,25,25,25,0,0,1,1.0,1.0,1.0,1.0,1.0,1,1.0,1.0,1.0,1.0,1.0,1,1.0,1.0,1.0,1.0,1.0,1,1.0,1.0,1.0,1.0,1.0
1212,no_strict_e1_improvement,0,,,,,1,0,1,1,1,1,1,4,0,0,-1,current,0,0,0.0042504115554038435,0.0042504115554038435,39,25,25,25,25,0,0,1,1.0,1.0,1.0,1.0,1.0,1,1.0,1.0,1.0,1.0,1.0,1,1.0,1.0,1.0,1.0,1.0,1,1.0,1.0,1.0,1.0,1.0
1213,no_strict_e1_improvement,0,,,,,1,0,1,1,1,1,1,4,0,0,-1,current,0,0,0.0016036056447774171,0.0016036056447774171,38,25,25,25,25,0,0,1,1.0,1.0,1.0,1.0,1.0,1,1.0,1.0,1.0,1.0,1.0,1,1.0,1.0,1.0,1.0,1.0,1,1.0,1.0,1.0,1.0,1.0
1214,no_strict_e1_improvement,0,,,,,1,0,1,1,1,1,1,4,0,0,-1,current,0,0,0.012904602661728859,0.012904602661728859,33,25,25,25,25,0,0,1,1.0,1.0,1.0,1.0,1.0,1,1.0,1.0,1.0,1.0,1.0,1,1.0,1.0,1.0,1.0,1.0,1,1.0,1.0,1.0,1.0,1.0
1215,no_strict_e1_improvement,0,,,,,1,0,1,1,1,1,1,4,0,0,-1,current,0,0,0.0007584923645481467,0.0007584923645481467,39,25,25,25,25,0,0,1,1.0,1.0,1.0,1.0,1.0,1,1.0,1.0,1.0,1.0,1.0,1,1.0,1.0,1.0,1.0,1.0,1,1.0,1.0,1.0,1.0,1.0
1216,no_strict_e1_improvement,0,,,,,1,0,1,1,1,4,4,4,0,0,-1,current,0,0,0.032785199061618184,0.032785199061618184,28,25,25,25,25,0,0,1,1.0,1.0,1.0,1.0,1.0,1,1.0,1.0,1.0,1.0,1.0,1,1.0,1.0,1.0,1.0,1.0,1,1.0,1.0,1.0,1.0,1.0
1217,no_strict_e1_improvement,0,,,,,1,0,1,1,1,1,1,4,0,0,-1,current,0,0,0.013916300726123154,0.013916300726123154,37,25,25,25,25,0,0,1,1.0,1.0,1.0,1.0,1.0,1,1.0,1.0,1.0,1.0,1.0,1,1.0,1.0,1.0,1.0,1.0,1,1.0,1.0,1.0,1.0,1.0
1218,no_strict_e1_improvement,0,,,,,1,0,1,1,1,1,1,4,0,0,-1,current,0,0,0.018903623102232814,0.018903623102232814,37,25,25,25,25,0,0,1,1.0,1.0,1.0,1.0,1.0,1,1.0,1.0,1.0,1.0,1.0,1,1.0,1.0,1.0,1.0,1.0,1,1.0,1.0,1.0,1.0,1.0
1219,no_strict_e1_improvement,0,,,,,1,0,1,1,1,1,1,4,0,0,-1,current,0,0,0.023458368517458437,0.023458368517458437,30,25,25,25,25,0,0,1,1.0,1.0,1.0,1.0,1.0,1,1.0,1.0,1.0,1.0,1.0,1,1.0,1.0,1.0,1.0,1.0,1,1.0,1.0,1.0,1.0,1.0
1220,no_strict_e1_improvement,0,,,,,1,0,1,1,1,1,1,4,0,0,-1,current,0,0,0.004223712533712387,0.004223712533712387,39,25,25,25,25,0,0,1,1.0,1.0,1.0,1.0,1.0,1,1.0,1.0,1.0,1.0,1.0,1,1.0,1.0,1.0,1.0,1.0,1,1.0,1.0,1.0,1.0,1.0
1221,no_strict_e1_improvement,0,,,,,1,0,1,1,1,1,1,4,0,0,-1,current,0,0,0.006766782939666882,0.006766782939666882,33,25,25,25,25,0,0,1,1.0,1.0,1.0,1.0,1.0,1,1.0,1.0,1.0,1.0,1.0,1,1.0,1.0,1.0,1.0,1.0,1,1.0,1.0,1.0,1.0,1.0
1222,max_rounds,0,,,,,1,1,2,2,2,8,8,4,0,1,0,s1a3_greedy,1,0,0.1144564850255847,0.10756686795502901,24,0,0,0,0,0,0,0,0.0,0.45,0.7,0.575,0.65,0,0.0,0.45,0.7,0.575,0.65,0,0.0,0.5,0.7,0.6,0.6,0,0.0,0.5,0.7,0.6,0.6
1223,no_strict_e1_improvement,0,,,,,1,0,1,1,1,3,3,4,0,0,-1,current,0,0,0.06500316807068884,0.06500316807068884,26,1,1,1,1,0,0,0,0.04,0.5,0.75,0.625,0.65,0,0.04,0.5,0.75,0.625,0.65,0,0.04,0.5,0.75,0.625,0.65,0,0.04,0.5,0.75,0.625,0.65
1224,no_strict_e1_improvement,0,,,,,1,0,1,1,1,1,1,4,0,0,-1,current,0,0,0.011676206439733505,0.011676206439733505,38,25,25,25,25,0,0,1,1.0,1.0,1.0,1.0,1.0,1,1.0,1.0,1.0,1.0,1.0,1,1.0,1.0,1.0,1.0,1.0,1,1.0,1.0,1.0,1.0,1.0
1225,no_strict_e1_improvement,0,,,,,1,0,1,1,1,1,1,4,0,0,-1,current,0,0,0.0309426705352962,0.0309426705352962,33,25,25,25,25,0,0,1,1.0,1.0,1.0,1.0,1.0,1,1.0,1.0,1.0,1.0,1.0,1,1.0,1.0,1.0,1.0,1.0,1,1.0,1.0,1.0,1.0,1.0
1226,no_strict_e1_improvement,0,,,,,1,0,1,1,1,4,4,4,0,0,-1,current,0,0,0.035690646048169586,0.035690646048169586,30,25,25,25,25,0,0,1,1.0,1.0,1.0,1.0,1.0,1,1.0,1.0,1.0,1.0,1.0,1,1.0,1.0,1.0,1.0,1.0,1,1.0,1.0,1.0,1.0,1.0
1227,no_strict_e1_improvement,0,,,,,1,0,1,1,1,1,1,4,0,0,-1,current,0,0,0.003926404984667897,0.003926404984667897,36,25,25,25,25,0,0,1,1.0,1.0,1.0,1.0,1.0,1,1.0,1.0,1.0,1.0,1.0,1,1.0,1.0,1.0,1.0,1.0,1,1.0,1.0,1.0,1.0,1.0
1228,no_strict_e1_improvement,0,,,,,1,0,1,1,1,3,3,4,0,0,-1,current,0,0,0.06757281934842467,0.06757281934842467,35,0,0,0,0,0,0,0,0.0,0.75,0.95,0.85,0.85,0,0.0,0.75,0.95,0.85,0.85,0,0.0,0.75,0.95,0.85,0.85,0,0.0,0.75,0.95,0.85,0.85
1229,no_strict_e1_improvement,0,,,,,1,0,1,1,1,1,1,4,0,0,-1,current,0,0,0.05828531156294048,0.05828531156294048,34,0,0,0,0,0,0,0,0.0,0.75,1.0,0.875,0.875,0,0.0,0.75,1.0,0.875,0.875,0,0.0,0.75,1.0,0.875,0.875,0,0.0,0.75,1.0,0.875,0.875
1230,max_rounds,0,,,,,1,1,2,1,1,3,3,4,0,0,1,profiled_beam,1,1,0.06158944861963391,0.05470843929797411,26,23,23,23,25,2,2,0,0.92,0.9,0.85,0.875,0.875,0,0.92,0.9,0.85,0.875,0.875,0,0.92,0.9,0.9,0.9,0.9,1,1.0,1.0,1.0,1.0,1.0
1231,no_strict_e1_improvement,0,,,,,1,0,1,1,1,1,1,4,0,0,-1,current,0,0,0.008555161766707897,0.008555161766707897,37,25,25,25,25,0,0,1,1.0,1.0,1.0,1.0,1.0,1,1.0,1.0,1.0,1.0,1.0,1,1.0,1.0,1.0,1.0,1.0,1,1.0,1.0,1.0,1.0,1.0
1232,no_strict_e1_improvement,0,,,,,1,0,1,1,1,2,2,4,0,0,-1,current,0,0,0.04468022655928507,0.04468022655928507,30,0,0,0,0,0,0,0,0.0,1.0,0.75,0.875,0.875,0,0.0,1.0,0.75,0.875,0.875,0,0.0,1.0,0.75,0.875,0.875,0,0.0,1.0,0.75,0.875,0.875
1233,no_strict_e1_improvement,0,,,,,1,0,1,1,1,1,1,4,0,0,-1,current,0,0,0.013214012980461121,0.013214012980461121,39,25,25,25,25,0,0,1,1.0,1.0,1.0,1.0,1.0,1,1.0,1.0,1.0,1.0,1.0,1,1.0,1.0,1.0,1.0,1.0,1,1.0,1.0,1.0,1.0,1.0
1234,no_strict_e1_improvement,0,,,,,1,0,1,1,1,1,1,4,0,0,-1,current,0,0,0.008345660212216898,0.008345660212216898,39,25,25,25,25,0,0,1,1.0,1.0,1.0,1.0,1.0,1,1.0,1.0,1.0,1.0,1.0,1,1.0,1.0,1.0,1.0,1.0,1,1.0,1.0,1.0,1.0,1.0
1235,no_strict_e1_improvement,0,,,,,1,0,1,1,1,1,1,4,0,0,-1,current,0,0,0.008234451711177825,0.008234451711177825,39,25,25,25,25,0,0,1,1.0,1.0,1.0,1.0,1.0,1,1.0,1.0,1.0,1.0,1.0,1,1.0,1.0,1.0,1.0,1.0,1,1.0,1.0,1.0,1.0,1.0
1236,max_rounds,0,,,,,1,1,2,1,1,2,2,4,0,0,1,profiled_beam,1,1,0.03285128634888679,0.026062828139401972,32,22,22,22,23,1,1,0,0.88,0.9,0.85,0.875,0.875,0,0.88,0.9,0.85,0.875,0.875,0,0.88,0.9,0.85,0.875,0.875,0,0.92,0.85,0.9,0.875,0.9
1237,no_strict_e1_improvement,0,,,,,1,0,1,1,1,2,2,4,0,0,-1,current,0,0,0.036858830717392266,0.036858830717392266,30,1,1,1,1,0,0,0,0.04,0.65,0.9,0.775,0.8,0,0.04,0.65,0.9,0.775,0.8,0,0.04,0.65,0.9,0.775,0.8,0,0.04,0.65,0.9,0.775,0.8
1238,max_rounds,0,,,,,1,1,3,3,3,9,9,4,0,-2,0,s1a3_greedy,1,0,0.06649279156699776,0.01674186543095857,37,0,0,25,25,25,0,0,0.0,0.75,1.0,0.875,0.875,0,0.0,0.75,1.0,0.875,0.875,1,1.0,1.0,1.0,1.0,1.0,1,1.0,1.0,1.0,1.0,1.0
1239,max_rounds,0,,,,,1,1,2,1,1,4,4,4,0,0,1,profiled_beam,1,1,0.09918103737290948,0.07936903533991427,29,23,23,23,25,2,2,0,0.92,0.8,0.85,0.825,0.85,0,0.92,0.8,0.85,0.825,0.85,0,0.92,0.8,0.85,0.825,0.85,1,1.0,1.0,1.0,1.0,1.0
1240,max_rounds,0,,,,,1,1,3,3,3,10,10,4,2,0,1,profiled_beam,1,1,0.06554300016723573,0.06466541863046586,31,0,0,0,0,0,0,0,0.0,1.0,0.75,0.875,0.875,0,0.0,1.0,0.75,0.875,0.875,0,0.0,1.0,0.75,0.875,0.875,0,0.0,1.0,0.75,0.875,0.875
1241,no_strict_e1_improvement,0,,,,,1,0,1,1,1,4,4,4,0,0,-1,current,0,0,0.06436968387570233,0.06436968387570233,28,0,0,0,0,0,0,0,0.0,0.95,0.75,0.85,0.85,0,0.0,0.95,0.75,0.85,0.85,0,0.0,0.95,0.75,0.85,0.85,0,0.0,0.95,0.75,0.85,0.85
1242,no_strict_e1_improvement,0,,,,,1,0,1,1,1,2,2,4,0,0,-1,current,0,0,0.026408452540636063,0.026408452540636063,35,0,0,0,0,0,0,0,0.0,1.0,0.75,0.875,0.875,0,0.0,1.0,0.75,0.875,0.875,0,0.0,1.0,0.75,0.875,0.875,0,0.0,1.0,0.75,0.875,0.875
1243,no_strict_e1_improvement,0,,,,,1,0,1,1,1,1,1,4,0,0,-1,current,0,0,0.05483057480305433,0.05483057480305433,35,0,0,0,0,0,0,0,0.0,0.75,1.0,0.875,0.875,0,0.0,0.75,1.0,0.875,0.875,0,0.0,0.75,1.0,0.875,0.875,0,0.0,0.75,1.0,0.875,0.875
1244,no_strict_e1_improvement,0,,,,,1,0,1,1,1,2,2,4,0,0,-1,current,0,0,0.03883747154395678,0.03883747154395678,35,25,25,25,25,0,0,1,1.0,1.0,1.0,1.0,1.0,1,1.0,1.0,1.0,1.0,1.0,1,1.0,1.0,1.0,1.0,1.0,1,1.0,1.0,1.0,1.0,1.0
1245,no_strict_e1_improvement,0,,,,,1,0,1,1,1,1,1,4,0,0,-1,current,0,0,0.046733273135032505,0.046733273135032505,30,0,0,0,0,0,0,0,0.0,0.65,0.85,0.75,0.775,0,0.0,0.65,0.85,0.75,0.775,0,0.0,0.65,0.85,0.75,0.775,0,0.0,0.65,0.85,0.75,0.775
1246,no_strict_e1_improvement,0,,,,,1,0,1,1,1,1,1,4,0,0,-1,current,0,0,0.0006593616679310798,0.0006593616679310798,39,25,25,25,25,0,0,1,1.0,1.0,1.0,1.0,1.0,1,1.0,1.0,1.0,1.0,1.0,1,1.0,1.0,1.0,1.0,1.0,1,1.0,1.0,1.0,1.0,1.0
1247,no_strict_e1_improvement,0,,,,,1,0,1,1,1,2,2,4,0,0,-1,current,0,0,0.048396417096955704,0.048396417096955704,29,25,25,25,25,0,0,1,1.0,1.0,1.0,1.0,1.0,1,1.0,1.0,1.0,1.0,1.0,1,1.0,1.0,1.0,1.0,1.0,1,1.0,1.0,1.0,1.0,1.0
1248,no_strict_e1_improvement,0,,,,,1,0,1,1,1,1,1,4,0,0,-1,current,0,0,0.0010339843109250068,0.0010339843109250068,38,25,25,25,25,0,0,1,1.0,1.0,1.0,1.0,1.0,1,1.0,1.0,1.0,1.0,1.0,1,1.0,1.0,1.0,1.0,1.0,1,1.0,1.0,1.0,1.0,1.0
1249,no_strict_e1_improvement,0,,,,,1,0,1,1,1,1,1,4,0,0,-1,current,0,0,0.02379982216662029,0.02379982216662029,36,0,0,0,0,0,0,0,0.0,0.75,1.0,0.875,0.875,0,0.0,0.75,1.0,0.875,0.875,0,0.0,0.75,1.0,0.875,0.875,0,0.0,0.75,1.0,0.875,0.875
1250,no_strict_e1_improvement,0,,,,,1,0,1,1,1,1,1,4,0,0,-1,current,0,0,0.0034042039886116983,0.0034042039886116983,40,25,25,25,25,0,0,1,1.0,1.0,1.0,1.0,1.0,1,1.0,1.0,1.0,1.0,1.0,1,1.0,1.0,1.0,1.0,1.0,1,1.0,1.0,1.0,1.0,1.0
1251,no_strict_e1_improvement,0,,,,,1,0,1,1,1,1,1,4,0,0,-1,current,0,0,0.012857555481605231,0.012857555481605231,36,25,25,25,25,0,0,1,1.0,1.0,1.0,1.0,1.0,1,1.0,1.0,1.0,1.0,1.0,1,1.0,1.0,1.0,1.0,1.0,1,1.0,1.0,1.0,1.0,1.0
1252,no_strict_e1_improvement,0,,,,,1,0,1,1,1,1,1,4,0,0,-1,current,0,0,0.013475004117935896,0.013475004117935896,36,25,25,25,25,0,0,1,1.0,1.0,1.0,1.0,1.0,1,1.0,1.0,1.0,1.0,1.0,1,1.0,1.0,1.0,1.0,1.0,1,1.0,1.0,1.0,1.0,1.0
1253,no_strict_e1_improvement,0,,,,,1,0,1,1,1,1,1,4,0,0,-1,current,0,0,0.020540650701150298,0.020540650701150298,39,25,25,25,25,0,0,1,1.0,1.0,1.0,1.0,1.0,1,1.0,1.0,1.0,1.0,1.0,1,1.0,1.0,1.0,1.0,1.0,1,1.0,1.0,1.0,1.0,1.0
1254,no_strict_e1_improvement,0,,,,,1,0,1,1,1,1,1,4,0,0,-1,current,0,0,0.05721013518050313,0.05721013518050313,33,20,20,20,20,0,0,0,0.8,0.95,0.75,0.85,0.85,0,0.8,0.95,0.75,0.85,0.85,0,0.8,0.95,0.75,0.85,0.85,0,0.8,0.95,0.75,0.85,0.85
1255,no_strict_e1_improvement,0,,,,,1,0,1,1,1,1,1,4,0,0,-1,current,0,0,0.03245022086484824,0.03245022086484824,32,0,0,0,0,0,0,0,0.0,0.75,0.95,0.85,0.85,0,0.0,0.75,0.95,0.85,0.85,0,0.0,0.75,0.95,0.85,0.85,0,0.0,0.75,0.95,0.85,0.85
1256,no_strict_e1_improvement,0,,,,,1,0,1,1,1,1,1,4,0,0,-1,current,0,0,0.02828145075618522,0.02828145075618522,34,23,23,23,23,0,0,0,0.92,0.85,0.9,0.875,0.9,0,0.92,0.85,0.9,0.875,0.9,0,0.92,0.85,0.9,0.875,0.9,0,0.92,0.85,0.9,0.875,0.9
1257,no_strict_e1_improvement,0,,,,,1,0,1,1,1,2,2,4,0,0,-1,current,0,0,0.03702616882510483,0.03702616882510483,30,25,25,25,25,0,0,1,1.0,1.0,1.0,1.0,1.0,1,1.0,1.0,1.0,1.0,1.0,1,1.0,1.0,1.0,1.0,1.0,1,1.0,1.0,1.0,1.0,1.0
1258,no_strict_e1_improvement,0,,,,,1,0,1,1,1,1,1,4,0,0,-1,current,0,0,0.006732313008978963,0.006732313008978963,37,25,25,25,25,0,0,1,1.0,1.0,1.0,1.0,1.0,1,1.0,1.0,1.0,1.0,1.0,1,1.0,1.0,1.0,1.0,1.0,1,1.0,1.0,1.0,1.0,1.0
1259,no_strict_e1_improvement,0,,,,,1,0,1,1,1,1,1,4,0,0,-1,current,0,0,0.004261650799890049,0.004261650799890049,37,25,25,25,25,0,0,1,1.0,1.0,1.0,1.0,1.0,1,1.0,1.0,1.0,1.0,1.0,1,1.0,1.0,1.0,1.0,1.0,1,1.0,1.0,1.0,1.0,1.0
1260,no_strict_e1_improvement,0,,,,,1,0,1,1,1,1,1,4,0,0,-1,current,0,0,0.00027616034203674643,0.00027616034203674643,40,25,25,25,25,0,0,1,1.0,1.0,1.0,1.0,1.0,1,1.0,1.0,1.0,1.0,1.0,1,1.0,1.0,1.0,1.0,1.0,1,1.0,1.0,1.0,1.0,1.0
1261,no_strict_e1_improvement,0,,,,,1,0,1,1,1,4,4,4,0,0,-1,current,0,0,0.029725305398460477,0.029725305398460477,29,0,0,0,0,0,0,0,0.0,0.65,0.7,0.675,0.675,0,0.0,0.65,0.7,0.675,0.675,0,0.0,0.65,0.7,0.675,0.675,0,0.0,0.65,0.7,0.675,0.675
1262,no_strict_e1_improvement,0,,,,,1,0,1,1,1,1,1,4,0,0,-1,current,0,0,0.01594836013391614,0.01594836013391614,37,25,25,25,25,0,0,1,1.0,1.0,1.0,1.0,1.0,1,1.0,1.0,1.0,1.0,1.0,1,1.0,1.0,1.0,1.0,1.0,1,1.0,1.0,1.0,1.0,1.0
1263,max_rounds,0,,,,,1,1,10,9,9,35,35,4,-2,2,0,s1a3_greedy,1,0,0.13627894092351198,0.042532868962734935,28,0,0,23,23,23,0,0,0.0,0.75,0.65,0.7,0.725,0,0.0,0.75,0.65,0.7,0.725,0,0.92,0.8,0.85,0.825,0.85,0,0.92,0.8,0.85,0.825,0.85
1264,no_strict_e1_improvement,0,,,,,1,0,1,1,1,1,1,4,0,0,-1,current,0,0,0.007416554819792509,0.007416554819792509,38,25,25,25,25,0,0,1,1.0,1.0,1.0,1.0,1.0,1,1.0,1.0,1.0,1.0,1.0,1,1.0,1.0,1.0,1.0,1.0,1,1.0,1.0,1.0,1.0,1.0
1265,no_strict_e1_improvement,0,,,,,1,0,1,1,1,2,2,4,0,0,-1,current,0,0,0.009354759578127415,0.009354759578127415,33,22,22,22,22,0,0,0,0.88,0.85,0.85,0.85,0.85,0,0.88,0.85,0.85,0.85,0.85,0,0.88,0.85,0.85,0.85,0.85,0,0.88,0.85,0.85,0.85,0.85
1266,max_rounds,0,,,,,1,1,2,1,1,4,4,4,0,0,1,profiled_beam,1,1,0.044897207256872206,0.01965371222468093,32,21,21,21,23,2,2,0,0.84,0.9,0.8,0.85,0.85,0,0.84,0.9,0.8,0.85,0.85,0,0.84,0.9,0.8,0.85,0.85,0,0.92,0.8,0.9,0.85,0.9
1267,no_strict_e1_improvement,0,,,,,1,0,1,1,1,1,1,4,0,0,-1,current,0,0,0.010324990027584136,0.010324990027584136,35,25,25,25,25,0,0,1,1.0,1.0,1.0,1.0,1.0,1,1.0,1.0,1.0,1.0,1.0,1,1.0,1.0,1.0,1.0,1.0,1,1.0,1.0,1.0,1.0,1.0
1268,no_strict_e1_improvement,0,,,,,1,0,1,1,1,2,2,4,0,0,-1,current,0,0,0.09308837000280619,0.09308837000280619,31,0,0,0,0,0,0,0,0.0,0.75,0.9,0.825,0.825,0,0.0,0.75,0.9,0.825,0.825,0,0.0,0.75,0.9,0.825,0.825,0,0.0,0.75,0.9,0.825,0.825
1269,no_strict_e1_improvement,0,,,,,1,0,1,1,1,2,2,4,0,0,-1,current,0,0,0.06913749813102185,0.06913749813102185,30,4,4,4,4,0,0,0,0.16,0.55,0.85,0.7,0.7,0,0.16,0.55,0.85,0.7,0.7,0,0.16,0.55,0.85,0.7,0.7,0,0.16,0.55,0.85,0.7,0.7
1270,no_strict_e1_improvement,0,,,,,1,0,1,1,1,1,1,4,0,0,-1,current,0,0,0.010726874321699142,0.010726874321699142,37,25,25,25,25,0,0,1,1.0,1.0,1.0,1.0,1.0,1,1.0,1.0,1.0,1.0,1.0,1,1.0,1.0,1.0,1.0,1.0,1,1.0,1.0,1.0,1.0,1.0
1271,no_strict_e1_improvement,0,,,,,1,0,1,1,1,1,1,4,0,0,-1,current,0,0,0.002515777572989464,0.002515777572989464,39,25,25,25,25,0,0,1,1.0,1.0,1.0,1.0,1.0,1,1.0,1.0,1.0,1.0,1.0,1,1.0,1.0,1.0,1.0,1.0,1,1.0,1.0,1.0,1.0,1.0
1272,no_strict_e1_improvement,0,,,,,1,0,1,1,1,1,1,4,0,0,-1,current,0,0,0.032106535788625476,0.032106535788625476,36,0,0,0,0,0,0,0,0.0,0.75,1.0,0.875,0.875,0,0.0,0.75,1.0,0.875,0.875,0,0.0,0.75,1.0,0.875,0.875,0,0.0,0.75,1.0,0.875,0.875
1273,max_rounds,0,,,,,1,1,5,4,4,15,15,4,1,0,0,s1a3_greedy,1,0,0.10869977644179016,0.04260255398694426,28,4,4,25,25,21,0,0,0.16,0.75,0.75,0.75,0.75,0,0.16,0.75,0.75,0.75,0.75,1,1.0,1.0,1.0,1.0,1.0,1,1.0,1.0,1.0,1.0,1.0
1274,no_strict_e1_improvement,0,,,,,1,0,1,1,1,2,2,4,0,0,-1,current,0,0,0.028043224248540354,0.028043224248540354,35,0,0,0,0,0,0,0,0.0,0.75,1.0,0.875,0.875,0,0.0,0.75,1.0,0.875,0.875,0,0.0,0.75,1.0,0.875,0.875,0,0.0,0.75,1.0,0.875,0.875
1275,no_strict_e1_improvement,0,,,,,1,0,1,1,1,1,1,4,0,0,-1,current,0,0,0.008784383424790576,0.008784383424790576,35,25,25,25,25,0,0,1,1.0,1.0,1.0,1.0,1.0,1,1.0,1.0,1.0,1.0,1.0,1,1.0,1.0,1.0,1.0,1.0,1,1.0,1.0,1.0,1.0,1.0
1276,no_strict_e1_improvement,0,,,,,1,0,1,1,1,1,1,4,0,0,-1,current,0,0,0.018861443491186947,0.018861443491186947,37,25,25,25,25,0,0,1,1.0,1.0,1.0,1.0,1.0,1,1.0,1.0,1.0,1.0,1.0,1,1.0,1.0,1.0,1.0,1.0,1,1.0,1.0,1.0,1.0,1.0
1277,no_strict_e1_improvement,0,,,,,1,0,1,1,1,1,1,4,0,0,-1,current,0,0,0.008374739885039163,0.008374739885039163,36,25,25,25,25,0,0,1,1.0,1.0,1.0,1.0,1.0,1,1.0,1.0,1.0,1.0,1.0,1,1.0,1.0,1.0,1.0,1.0,1,1.0,1.0,1.0,1.0,1.0
1278,no_strict_e1_improvement,0,,,,,1,0,1,1,1,3,3,4,0,0,-1,current,0,0,0.11162405284121632,0.11162405284121632,28,0,0,0,0,0,0,0,0.0,0.75,0.85,0.8,0.8,0,0.0,0.75,0.85,0.8,0.8,0,0.0,0.75,0.85,0.8,0.8,0,0.0,0.75,0.85,0.8,0.8
1279,no_strict_e1_improvement,0,,,,,1,0,1,1,1,1,1,4,0,0,-1,current,0,0,0.028966366383247077,0.028966366383247077,32,0,0,0,0,0,0,0,0.0,0.65,0.9,0.775,0.8,0,0.0,0.65,0.9,0.775,0.8,0,0.0,0.65,0.9,0.775,0.8,0,0.0,0.65,0.9,0.775,0.8
1280,no_strict_e1_improvement,0,,,,,1,0,1,1,1,1,1,4,0,0,-1,current,0,0,0.0182351385592483,0.0182351385592483,33,25,25,25,25,0,0,1,1.0,1.0,1.0,1.0,1.0,1,1.0,1.0,1.0,1.0,1.0,1,1.0,1.0,1.0,1.0,1.0,1,1.0,1.0,1.0,1.0,1.0
1281,no_strict_e1_improvement,0,,,,,1,0,1,1,1,1,1,4,0,0,-1,current,0,0,0.03637671733158641,0.03637671733158641,29,23,23,23,23,0,0,0,0.92,0.9,0.9,0.9,0.925,0,0.92,0.9,0.9,0.9,0.925,0,0.92,0.9,0.9,0.9,0.925,0,0.92,0.9,0.9,0.9,0.925
1282,no_strict_e1_improvement,0,,,,,1,0,1,1,1,1,1,4,0,0,-1,current,0,0,0.01863439192529768,0.01863439192529768,33,25,25,25,25,0,0,1,1.0,1.0,1.0,1.0,1.0,1,1.0,1.0,1.0,1.0,1.0,1,1.0,1.0,1.0,1.0,1.0,1,1.0,1.0,1.0,1.0,1.0
1283,no_strict_e1_improvement,0,,,,,1,0,1,1,1,1,1,4,0,0,-1,current,0,0,0.016928039721096865,0.016928039721096865,36,25,25,25,25,0,0,1,1.0,1.0,1.0,1.0,1.0,1,1.0,1.0,1.0,1.0,1.0,1,1.0,1.0,1.0,1.0,1.0,1,1.0,1.0,1.0,1.0,1.0
1284,no_strict_e1_improvement,0,,,,,1,0,1,1,1,1,1,4,0,0,-1,current,0,0,0.011634272313676775,0.011634272313676775,35,25,25,25,25,0,0,1,1.0,1.0,1.0,1.0,1.0,1,1.0,1.0,1.0,1.0,1.0,1,1.0,1.0,1.0,1.0,1.0,1,1.0,1.0,1.0,1.0,1.0
1285,no_strict_e1_improvement,0,,,,,1,0,1,1,1,3,3,4,0,0,-1,current,0,0,0.06129065854474902,0.06129065854474902,36,0,0,0,0,0,0,0,0.0,0.95,0.75,0.85,0.85,0,0.0,0.95,0.75,0.85,0.85,0,0.0,0.95,0.75,0.85,0.85,0,0.0,0.95,0.75,0.85,0.85
1286,no_strict_e1_improvement,0,,,,,1,0,1,1,1,1,1,4,0,0,-1,current,0,0,0.0073712978977710005,0.0073712978977710005,37,25,25,25,25,0,0,1,1.0,1.0,1.0,1.0,1.0,1,1.0,1.0,1.0,1.0,1.0,1,1.0,1.0,1.0,1.0,1.0,1,1.0,1.0,1.0,1.0,1.0
1287,no_strict_e1_improvement,0,,,,,1,0,1,1,1,1,1,4,0,0,-1,current,0,0,0.01823323965072632,0.01823323965072632,36,25,25,25,25,0,0,1,1.0,1.0,1.0,1.0,1.0,1,1.0,1.0,1.0,1.0,1.0,1,1.0,1.0,1.0,1.0,1.0,1,1.0,1.0,1.0,1.0,1.0
1288,no_strict_e1_improvement,0,,,,,1,0,1,1,1,1,1,4,0,0,-1,current,0,0,0.00097815019544214,0.00097815019544214,38,25,25,25,25,0,0,1,1.0,1.0,1.0,1.0,1.0,1,1.0,1.0,1.0,1.0,1.0,1,1.0,1.0,1.0,1.0,1.0,1,1.0,1.0,1.0,1.0,1.0
1289,no_strict_e1_improvement,0,,,,,1,0,1,1,1,1,1,4,0,0,-1,current,0,0,0.017699193197768182,0.017699193197768182,37,25,25,25,25,0,0,1,1.0,1.0,1.0,1.0,1.0,1,1.0,1.0,1.0,1.0,1.0,1,1.0,1.0,1.0,1.0,1.0,1,1.0,1.0,1.0,1.0,1.0
1290,no_strict_e1_improvement,0,,,,,1,0,1,1,1,2,2,4,0,0,-1,current,0,0,0.013258739351294934,0.013258739351294934,34,25,25,25,25,0,0,1,1.0,1.0,1.0,1.0,1.0,1,1.0,1.0,1.0,1.0,1.0,1,1.0,1.0,1.0,1.0,1.0,1,1.0,1.0,1.0,1.0,1.0
1291,no_strict_e1_improvement,0,,,,,1,0,1,1,1,1,1,4,0,0,-1,current,0,0,0.050380574155133216,0.050380574155133216,28,0,0,0,0,0,0,0,0.0,0.75,1.0,0.875,0.875,0,0.0,0.75,1.0,0.875,0.875,0,0.0,0.75,1.0,0.875,0.875,0,0.0,0.75,1.0,0.875,0.875
1292,no_strict_e1_improvement,0,,,,,1,0,1,1,1,1,1,4,0,0,-1,current,0,0,0.008212481392547488,0.008212481392547488,36,25,25,25,25,0,0,1,1.0,1.0,1.0,1.0,1.0,1,1.0,1.0,1.0,1.0,1.0,1,1.0,1.0,1.0,1.0,1.0,1,1.0,1.0,1.0,1.0,1.0
1293,max_rounds,0,,,,,1,1,2,2,2,6,6,4,1,0,0,s1a3_greedy,1,0,0.04682334130629897,0.008221749402582645,39,0,0,25,25,25,0,0,0.0,1.0,0.75,0.875,0.875,0,0.0,1.0,0.75,0.875,0.875,1,1.0,1.0,1.0,1.0,1.0,1,1.0,1.0,1.0,1.0,1.0
1294,no_strict_e1_improvement,0,,,,,1,0,1,1,1,1,1,4,0,0,-1,current,0,0,0.002963502786587924,0.002963502786587924,39,25,25,25,25,0,0,1,1.0,1.0,1.0,1.0,1.0,1,1.0,1.0,1.0,1.0,1.0,1,1.0,1.0,1.0,1.0,1.0,1,1.0,1.0,1.0,1.0,1.0
1295,no_strict_e1_improvement,0,,,,,1,0,1,1,1,1,1,4,0,0,-1,current,0,0,0.006453843042254448,0.006453843042254448,39,25,25,25,25,0,0,1,1.0,1.0,1.0,1.0,1.0,1,1.0,1.0,1.0,1.0,1.0,1,1.0,1.0,1.0,1.0,1.0,1,1.0,1.0,1.0,1.0,1.0
1296,no_strict_e1_improvement,0,,,,,1,0,1,1,1,1,1,4,0,0,-1,current,0,0,0.04754954646341503,0.04754954646341503,31,0,0,0,0,0,0,0,0.0,0.75,0.9,0.825,0.85,0,0.0,0.75,0.9,0.825,0.85,0,0.0,0.75,0.9,0.825,0.85,0,0.0,0.75,0.9,0.825,0.85
1297,no_strict_e1_improvement,0,,,,,1,0,1,1,1,1,1,4,0,0,-1,current,0,0,0.014539996720850467,0.014539996720850467,38,25,25,25,25,0,0,1,1.0,1.0,1.0,1.0,1.0,1,1.0,1.0,1.0,1.0,1.0,1,1.0,1.0,1.0,1.0,1.0,1,1.0,1.0,1.0,1.0,1.0
1298,no_strict_e1_improvement,0,,,,,1,0,1,1,1,1,1,4,0,0,-1,current,0,0,0.0014006294775754213,0.0014006294775754213,37,25,25,25,25,0,0,1,1.0,1.0,1.0,1.0,1.0,1,1.0,1.0,1.0,1.0,1.0,1,1.0,1.0,1.0,1.0,1.0,1,1.0,1.0,1.0,1.0,1.0
1299,no_strict_e1_improvement,0,,,,,1,0,1,1,1,1,1,4,0,0,-1,current,0,0,0.05088983026798814,0.05088983026798814,31,25,25,25,25,0,0,1,1.0,1.0,1.0,1.0,1.0,1,1.0,1.0,1.0,1.0,1.0,1,1.0,1.0,1.0,1.0,1.0,1,1.0,1.0,1.0,1.0,1.0
1300,no_strict_e1_improvement,0,,,,,1,0,1,1,1,1,1,4,0,0,-1,current,0,0,0.01699133173096925,0.01699133173096925,33,25,25,25,25,0,0,1,1.0,1.0,1.0,1.0,1.0,1,1.0,1.0,1.0,1.0,1.0,1,1.0,1.0,1.0,1.0,1.0,1,1.0,1.0,1.0,1.0,1.0
1301,no_strict_e1_improvement,0,,,,,1,0,1,1,1,1,1,4,0,0,-1,current,0,0,0.010785565571859479,0.010785565571859479,37,25,25,25,25,0,0,1,1.0,1.0,1.0,1.0,1.0,1,1.0,1.0,1.0,1.0,1.0,1,1.0,1.0,1.0,1.0,1.0,1,1.0,1.0,1.0,1.0,1.0
1302,no_strict_e1_improvement,0,,,,,1,0,1,1,1,1,1,4,0,0,-1,current,0,0,0.027622511377558112,0.027622511377558112,34,25,25,25,25,0,0,1,1.0,1.0,1.0,1.0,1.0,1,1.0,1.0,1.0,1.0,1.0,1,1.0,1.0,1.0,1.0,1.0,1,1.0,1.0,1.0,1.0,1.0
1303,no_strict_e1_improvement,0,,,,,1,0,1,1,1,1,1,4,0,0,-1,current,0,0,0.008752047969028353,0.008752047969028353,36,25,25,25,25,0,0,1,1.0,1.0,1.0,1.0,1.0,1,1.0,1.0,1.0,1.0,1.0,1,1.0,1.0,1.0,1.0,1.0,1,1.0,1.0,1.0,1.0,1.0
1304,no_strict_e1_improvement,0,,,,,1,0,1,1,1,1,1,4,0,0,-1,current,0,0,0.018040043045766653,0.018040043045766653,33,1,1,1,1,0,0,0,0.04,0.7,0.9,0.8,0.8,0,0.04,0.7,0.9,0.8,0.8,0,0.04,0.7,0.9,0.8,0.8,0,0.04,0.7,0.9,0.8,0.8
1305,no_strict_e1_improvement,0,,,,,1,0,1,1,1,1,1,4,0,0,-1,current,0,0,0.027402576070744544,0.027402576070744544,32,25,25,25,25,0,0,1,1.0,1.0,1.0,1.0,1.0,1,1.0,1.0,1.0,1.0,1.0,1,1.0,1.0,1.0,1.0,1.0,1,1.0,1.0,1.0,1.0,1.0
1306,no_strict_e1_improvement,0,,,,,1,0,1,1,1,2,2,4,0,0,-1,current,0,0,0.0383166822604835,0.0383166822604835,35,0,0,0,0,0,0,0,0.0,0.75,1.0,0.875,0.875,0,0.0,0.75,1.0,0.875,0.875,0,0.0,0.75,1.0,0.875,0.875,0,0.0,0.75,1.0,0.875,0.875
1307,no_strict_e1_improvement,0,,,,,1,0,1,1,1,4,4,4,0,0,-1,current,0,0,0.060459720762446524,0.060459720762446524,32,21,21,21,21,0,0,0,0.84,0.9,0.8,0.85,0.9,0,0.84,0.9,0.8,0.85,0.9,0,0.84,0.9,0.8,0.85,0.9,0,0.84,0.9,0.8,0.85,0.9
1308,no_strict_e1_improvement,0,,,,,1,0,1,1,1,1,1,4,0,0,-1,current,0,0,0.02747272530468763,0.02747272530468763,34,23,23,23,23,0,0,0,0.92,0.85,0.9,0.875,0.925,0,0.92,0.85,0.9,0.875,0.925,0,0.92,0.85,0.9,0.875,0.925,0,0.92,0.85,0.9,0.875,0.925
1309,no_strict_e1_improvement,0,,,,,1,0,1,1,1,1,1,4,0,0,-1,current,0,0,0.005916887987405061,0.005916887987405061,38,25,25,25,25,0,0,1,1.0,1.0,1.0,1.0,1.0,1,1.0,1.0,1.0,1.0,1.0,1,1.0,1.0,1.0,1.0,1.0,1,1.0,1.0,1.0,1.0,1.0
1310,no_strict_e1_improvement,0,,,,,1,0,1,1,1,4,4,4,0,0,-1,current,0,0,0.015123031032271684,0.015123031032271684,36,25,25,25,25,0,0,1,1.0,1.0,1.0,1.0,1.0,1,1.0,1.0,1.0,1.0,1.0,1,1.0,1.0,1.0,1.0,1.0,1,1.0,1.0,1.0,1.0,1.0
1311,no_strict_e1_improvement,0,,,,,1,0,1,1,1,1,1,4,0,0,-1,current,0,0,0.017789461964275687,0.017789461964275687,35,25,25,25,25,0,0,1,1.0,1.0,1.0,1.0,1.0,1,1.0,1.0,1.0,1.0,1.0,1,1.0,1.0,1.0,1.0,1.0,1,1.0,1.0,1.0,1.0,1.0
1312,max_rounds,0,,,,,1,1,5,4,4,16,16,4,-1,-1,1,profiled_beam,1,1,0.2045885944273323,0.17785363756120204,20,5,5,8,0,-5,-8,0,0.2,0.3,0.55,0.425,0.5,0,0.2,0.3,0.55,0.425,0.5,0,0.32,0.35,0.6,0.475,0.575,0,0.0,0.25,0.5,0.375,0.45
1313,no_strict_e1_improvement,0,,,,,1,0,1,1,1,1,1,4,0,0,-1,current,0,0,0.003142339736223221,0.003142339736223221,38,25,25,25,25,0,0,1,1.0,1.0,1.0,1.0,1.0,1,1.0,1.0,1.0,1.0,1.0,1,1.0,1.0,1.0,1.0,1.0,1,1.0,1.0,1.0,1.0,1.0
1314,max_rounds,0,,,,,1,1,6,6,6,22,22,4,-1,0,1,profiled_beam,1,1,0.13610081985825673,0.13075289102271198,23,2,2,0,0,-2,0,0,0.08,0.8,0.7,0.75,0.75,0,0.08,0.8,0.7,0.75,0.75,0,0.0,0.7,0.55,0.625,0.625,0,0.0,0.8,0.65,0.725,0.725
1315,no_strict_e1_improvement,0,,,,,1,0,1,1,1,1,1,4,0,0,-1,current,0,0,0.010975497215986252,0.010975497215986252,38,25,25,25,25,0,0,1,1.0,1.0,1.0,1.0,1.0,1,1.0,1.0,1.0,1.0,1.0,1,1.0,1.0,1.0,1.0,1.0,1,1.0,1.0,1.0,1.0,1.0
1316,no_strict_e1_improvement,0,,,,,1,0,1,1,1,1,1,4,0,0,-1,current,0,0,0.025786562263965605,0.025786562263965605,37,25,25,25,25,0,0,1,1.0,1.0,1.0,1.0,1.0,1,1.0,1.0,1.0,1.0,1.0,1,1.0,1.0,1.0,1.0,1.0,1,1.0,1.0,1.0,1.0,1.0
1317,no_strict_e1_improvement,0,,,,,1,0,1,1,1,1,1,4,0,0,-1,current,0,0,0.012570212874561549,0.012570212874561549,36,23,23,23,23,0,0,0,0.92,0.85,0.9,0.875,0.9,0,0.92,0.85,0.9,0.875,0.9,0,0.92,0.85,0.9,0.875,0.9,0,0.92,0.85,0.9,0.875,0.9
1318,max_rounds,0,,,,,1,1,9,8,8,31,31,4,0,1,1,profiled_beam,1,1,0.18699380565667525,0.0997508533182554,19,0,0,0,0,0,0,0,0.0,0.25,0.35,0.3,0.35,0,0.0,0.25,0.35,0.3,0.35,0,0.0,0.2,0.6,0.4,0.5,0,0.0,0.25,0.65,0.45,0.525
1319,no_strict_e1_improvement,0,,,,,1,0,1,1,1,1,1,4,0,0,-1,current,0,0,0.03562876535579562,0.03562876535579562,33,23,23,23,23,0,0,0,0.92,0.9,0.9,0.9,0.925,0,0.92,0.9,0.9,0.9,0.925,0,0.92,0.9,0.9,0.9,0.925,0,0.92,0.9,0.9,0.9,0.925
1320,no_strict_e1_improvement,0,,,,,1,0,1,1,1,1,1,4,0,0,-1,current,0,0,0.014954488287912682,0.014954488287912682,36,25,25,25,25,0,0,1,1.0,1.0,1.0,1.0,1.0,1,1.0,1.0,1.0,1.0,1.0,1,1.0,1.0,1.0,1.0,1.0,1,1.0,1.0,1.0,1.0,1.0
1321,no_strict_e1_improvement,0,,,,,1,0,1,1,1,1,1,4,0,0,-1,current,0,0,0.0,0.0,40,25,25,25,25,0,0,1,1.0,1.0,1.0,1.0,1.0,1,1.0,1.0,1.0,1.0,1.0,1,1.0,1.0,1.0,1.0,1.0,1,1.0,1.0,1.0,1.0,1.0
1322,no_strict_e1_improvement,0,,,,,1,0,1,1,1,1,1,4,0,0,-1,current,0,0,0.020078079029917716,0.020078079029917716,37,25,25,25,25,0,0,1,1.0,1.0,1.0,1.0,1.0,1,1.0,1.0,1.0,1.0,1.0,1,1.0,1.0,1.0,1.0,1.0,1,1.0,1.0,1.0,1.0,1.0
1323,no_strict_e1_improvement,0,,,,,1,0,1,1,1,2,2,4,0,0,-1,current,0,0,0.0357667472679168,0.0357667472679168,34,0,0,0,0,0,0,0,0.0,0.65,0.85,0.75,0.775,0,0.0,0.65,0.85,0.75,0.775,0,0.0,0.65,0.85,0.75,0.775,0,0.0,0.65,0.85,0.75,0.775
1324,no_strict_e1_improvement,0,,,,,1,0,1,1,1,1,1,4,0,0,-1,current,0,0,0.04344873750815168,0.04344873750815168,32,23,23,23,23,0,0,0,0.92,0.8,0.85,0.825,0.85,0,0.92,0.8,0.85,0.825,0.85,0,0.92,0.8,0.85,0.825,0.85,0,0.92,0.8,0.85,0.825,0.85
1325,no_strict_e1_improvement,0,,,,,1,0,2,2,2,7,7,4,0,0,-1,current,0,0,0.05360791073180735,0.05360791073180735,29,25,25,25,25,0,0,1,1.0,1.0,1.0,1.0,1.0,1,1.0,1.0,1.0,1.0,1.0,1,1.0,1.0,1.0,1.0,1.0,1,1.0,1.0,1.0,1.0,1.0
1326,no_strict_e1_improvement,0,,,,,1,0,1,1,1,1,1,4,0,0,-1,current,0,0,0.004417799063958228,0.004417799063958228,39,25,25,25,25,0,0,1,1.0,1.0,1.0,1.0,1.0,1,1.0,1.0,1.0,1.0,1.0,1,1.0,1.0,1.0,1.0,1.0,1,1.0,1.0,1.0,1.0,1.0
1327,no_strict_e1_improvement,0,,,,,1,0,1,1,1,2,2,4,0,0,-1,current,0,0,0.05593196277040988,0.05593196277040988,32,0,0,0,0,0,0,0,0.0,0.75,1.0,0.875,0.875,0,0.0,0.75,1.0,0.875,0.875,0,0.0,0.75,1.0,0.875,0.875,0,0.0,0.75,1.0,0.875,0.875
1328,no_strict_e1_improvement,0,,,,,1,0,1,1,1,1,1,4,0,0,-1,current,0,0,0.04050173000432551,0.04050173000432551,30,25,25,25,25,0,0,1,1.0,1.0,1.0,1.0,1.0,1,1.0,1.0,1.0,1.0,1.0,1,1.0,1.0,1.0,1.0,1.0,1,1.0,1.0,1.0,1.0,1.0
1329,no_strict_e1_improvement,0,,,,,1,0,1,1,1,4,4,4,0,0,-1,current,0,0,0.07063856748864054,0.07063856748864054,36,0,0,0,0,0,0,0,0.0,0.75,0.95,0.85,0.85,0,0.0,0.75,0.95,0.85,0.85,0,0.0,0.75,0.95,0.85,0.85,0,0.0,0.75,0.95,0.85,0.85
1330,no_strict_e1_improvement,0,,,,,1,0,1,1,1,1,1,4,0,0,-1,current,0,0,0.00963082630187273,0.00963082630187273,38,25,25,25,25,0,0,1,1.0,1.0,1.0,1.0,1.0,1,1.0,1.0,1.0,1.0,1.0,1,1.0,1.0,1.0,1.0,1.0,1,1.0,1.0,1.0,1.0,1.0
1331,no_strict_e1_improvement,0,,,,,1,0,1,1,1,1,1,4,0,0,-1,current,0,0,0.014441625494509936,0.014441625494509936,36,25,25,25,25,0,0,1,1.0,1.0,1.0,1.0,1.0,1,1.0,1.0,1.0,1.0,1.0,1,1.0,1.0,1.0,1.0,1.0,1,1.0,1.0,1.0,1.0,1.0
1332,no_strict_e1_improvement,0,,,,,1,0,2,2,2,8,8,4,0,0,-1,current,0,0,0.054274095711298286,0.054274095711298286,28,25,25,25,25,0,0,1,1.0,1.0,1.0,1.0,1.0,1,1.0,1.0,1.0,1.0,1.0,1,1.0,1.0,1.0,1.0,1.0,1,1.0,1.0,1.0,1.0,1.0
1333,no_strict_e1_improvement,0,,,,,1,0,1,1,1,1,1,4,0,0,-1,current,0,0,0.01024593561887741,0.01024593561887741,39,25,25,25,25,0,0,1,1.0,1.0,1.0,1.0,1.0,1,1.0,1.0,1.0,1.0,1.0,1,1.0,1.0,1.0,1.0,1.0,1,1.0,1.0,1.0,1.0,1.0
1334,no_strict_e1_improvement,0,,,,,1,0,1,1,1,1,1,4,0,0,-1,current,0,0,0.008827552013099194,0.008827552013099194,37,25,25,25,25,0,0,1,1.0,1.0,1.0,1.0,1.0,1,1.0,1.0,1.0,1.0,1.0,1,1.0,1.0,1.0,1.0,1.0,1,1.0,1.0,1.0,1.0,1.0
1335,max_rounds,0,,,,,1,1,2,2,2,5,5,4,0,-1,0,s1a3_greedy,1,0,0.04527340130880475,0.012403273303061724,38,0,0,25,25,25,0,0,0.0,0.75,1.0,0.875,0.875,0,0.0,0.75,1.0,0.875,0.875,1,1.0,1.0,1.0,1.0,1.0,1,1.0,1.0,1.0,1.0,1.0
1336,max_rounds,0,,,,,1,1,3,2,2,8,8,4,0,0,1,profiled_beam,1,1,0.10252698095864617,0.09098987187608146,23,16,16,16,17,1,1,0,0.64,0.65,0.65,0.65,0.725,0,0.64,0.65,0.65,0.65,0.725,0,0.64,0.65,0.65,0.65,0.725,0,0.68,0.85,0.65,0.75,0.75
1337,no_strict_e1_improvement,0,,,,,1,0,1,1,1,2,2,4,0,0,-1,current,0,0,0.028006457816809417,0.028006457816809417,34,0,0,0,0,0,0,0,0.0,0.75,1.0,0.875,0.875,0,0.0,0.75,1.0,0.875,0.875,0,0.0,0.75,1.0,0.875,0.875,0,0.0,0.75,1.0,0.875,0.875
1338,no_strict_e1_improvement,0,,,,,1,0,1,1,1,1,1,4,0,0,-1,current,0,0,0.019661525404080747,0.019661525404080747,36,0,0,0,0,0,0,0,0.0,0.75,1.0,0.875,0.875,0,0.0,0.75,1.0,0.875,0.875,0,0.0,0.75,1.0,0.875,0.875,0,0.0,0.75,1.0,0.875,0.875
1339,no_strict_e1_improvement,0,,,,,1,0,1,1,1,1,1,4,0,0,-1,current,0,0,0.021888651163317265,0.021888651163317265,30,0,0,0,0,0,0,0,0.0,0.85,0.75,0.8,0.8,0,0.0,0.85,0.75,0.8,0.8,0,0.0,0.85,0.75,0.8,0.8,0,0.0,0.85,0.75,0.8,0.8
1340,no_strict_e1_improvement,0,,,,,1,0,1,1,1,1,1,4,0,0,-1,current,0,0,0.006151577085256576,0.006151577085256576,35,25,25,25,25,0,0,1,1.0,1.0,1.0,1.0,1.0,1,1.0,1.0,1.0,1.0,1.0,1,1.0,1.0,1.0,1.0,1.0,1,1.0,1.0,1.0,1.0,1.0
1341,no_strict_e1_improvement,0,,,,,1,0,1,1,1,1,1,4,0,0,-1,current,0,0,0.02628962623421103,0.02628962623421103,32,0,0,0,0,0,0,0,0.0,0.75,1.0,0.875,0.875,0,0.0,0.75,1.0,0.875,0.875,0,0.0,0.75,1.0,0.875,0.875,0,0.0,0.75,1.0,0.875,0.875
1342,no_strict_e1_improvement,0,,,,,1,0,1,1,1,1,1,4,0,0,-1,current,0,0,0.024419190268963574,0.024419190268963574,36,25,25,25,25,0,0,1,1.0,1.0,1.0,1.0,1.0,1,1.0,1.0,1.0,1.0,1.0,1,1.0,1.0,1.0,1.0,1.0,1,1.0,1.0,1.0,1.0,1.0
1343,no_strict_e1_improvement,0,,,,,1,0,1,1,1,1,1,4,0,0,-1,current,0,0,0.008844348439015447,0.008844348439015447,36,25,25,25,25,0,0,1,1.0,1.0,1.0,1.0,1.0,1,1.0,1.0,1.0,1.0,1.0,1,1.0,1.0,1.0,1.0,1.0,1,1.0,1.0,1.0,1.0,1.0
1344,no_strict_e1_improvement,0,,,,,1,0,1,1,1,2,2,4,0,0,-1,current,0,0,0.03795309910346987,0.03795309910346987,35,0,0,0,0,0,0,0,0.0,0.75,1.0,0.875,0.875,0,0.0,0.75,1.0,0.875,0.875,0,0.0,0.75,1.0,0.875,0.875,0,0.0,0.75,1.0,0.875,0.875
1345,no_strict_e1_improvement,0,,,,,1,0,2,2,2,8,8,4,0,0,-1,current,0,0,0.0505399513989687,0.0505399513989687,35,25,25,25,25,0,0,1,1.0,1.0,1.0,1.0,1.0,1,1.0,1.0,1.0,1.0,1.0,1,1.0,1.0,1.0,1.0,1.0,1,1.0,1.0,1.0,1.0,1.0
1346,no_strict_e1_improvement,0,,,,,1,0,1,1,1,2,2,4,0,0,-1,current,0,0,0.03514404802117497,0.03514404802117497,30,25,25,25,25,0,0,1,1.0,1.0,1.0,1.0,1.0,1,1.0,1.0,1.0,1.0,1.0,1,1.0,1.0,1.0,1.0,1.0,1,1.0,1.0,1.0,1.0,1.0
1347,no_strict_e1_improvement,0,,,,,1,0,1,1,1,1,1,4,0,0,-1,current,0,0,0.02194135878235102,0.02194135878235102,33,25,25,25,25,0,0,1,1.0,1.0,1.0,1.0,1.0,1,1.0,1.0,1.0,1.0,1.0,1,1.0,1.0,1.0,1.0,1.0,1,1.0,1.0,1.0,1.0,1.0
1348,no_strict_e1_improvement,0,,,,,1,0,1,1,1,4,4,4,0,0,-1,current,0,0,0.07947452722582966,0.07947452722582966,30,0,0,0,0,0,0,0,0.0,0.65,0.75,0.7,0.7,0,0.0,0.65,0.75,0.7,0.7,0,0.0,0.65,0.75,0.7,0.7,0,0.0,0.65,0.75,0.7,0.7
1349,no_strict_e1_improvement,0,,,,,1,0,1,1,1,1,1,4,0,0,-1,current,0,0,0.0037105510382389184,0.0037105510382389184,40,25,25,25,25,0,0,1,1.0,1.0,1.0,1.0,1.0,1,1.0,1.0,1.0,1.0,1.0,1,1.0,1.0,1.0,1.0,1.0,1,1.0,1.0,1.0,1.0,1.0
1350,no_strict_e1_improvement,0,,,,,1,0,1,1,1,1,1,4,0,0,-1,current,0,0,0.006109201768413186,0.006109201768413186,37,25,25,25,25,0,0,1,1.0,1.0,1.0,1.0,1.0,1,1.0,1.0,1.0,1.0,1.0,1,1.0,1.0,1.0,1.0,1.0,1,1.0,1.0,1.0,1.0,1.0
1351,no_strict_e1_improvement,0,,,,,1,0,1,1,1,4,4,4,0,0,-1,current,0,0,0.0340578303206712,0.0340578303206712,33,0,0,0,0,0,0,0,0.0,0.75,1.0,0.875,0.875,0,0.0,0.75,1.0,0.875,0.875,0,0.0,0.75,1.0,0.875,0.875,0,0.0,0.75,1.0,0.875,0.875
1352,no_strict_e1_improvement,0,,,,,1,0,1,1,1,1,1,4,0,0,-1,current,0,0,0.013186264282558114,0.013186264282558114,33,25,25,25,25,0,0,1,1.0,1.0,1.0,1.0,1.0,1,1.0,1.0,1.0,1.0,1.0,1,1.0,1.0,1.0,1.0,1.0,1,1.0,1.0,1.0,1.0,1.0
1353,no_strict_e1_improvement,0,,,,,1,0,1,1,1,1,1,4,0,0,-1,current,0,0,0.008678095924551599,0.008678095924551599,39,25,25,25,25,0,0,1,1.0,1.0,1.0,1.0,1.0,1,1.0,1.0,1.0,1.0,1.0,1,1.0,1.0,1.0,1.0,1.0,1,1.0,1.0,1.0,1.0,1.0
1354,no_strict_e1_improvement,0,,,,,1,0,1,1,1,2,2,4,0,0,-1,current,0,0,0.02318714835710125,0.02318714835710125,34,25,25,25,25,0,0,1,1.0,1.0,1.0,1.0,1.0,1,1.0,1.0,1.0,1.0,1.0,1,1.0,1.0,1.0,1.0,1.0,1,1.0,1.0,1.0,1.0,1.0
1355,no_strict_e1_improvement,0,,,,,1,0,1,1,1,1,1,4,0,0,-1,current,0,0,0.014267206378281116,0.014267206378281116,35,25,25,25,25,0,0,1,1.0,1.0,1.0,1.0,1.0,1,1.0,1.0,1.0,1.0,1.0,1,1.0,1.0,1.0,1.0,1.0,1,1.0,1.0,1.0,1.0,1.0
1356,no_strict_e1_improvement,0,,,,,1,0,1,1,1,1,1,4,0,0,-1,current,0,0,0.01937656067311764,0.01937656067311764,36,25,25,25,25,0,0,1,1.0,1.0,1.0,1.0,1.0,1,1.0,1.0,1.0,1.0,1.0,1,1.0,1.0,1.0,1.0,1.0,1,1.0,1.0,1.0,1.0,1.0
1357,no_strict_e1_improvement,0,,,,,1,0,1,1,1,1,1,4,0,0,-1,current,0,0,0.014367706677876412,0.014367706677876412,35,0,0,0,0,0,0,0,0.0,0.75,1.0,0.875,0.875,0,0.0,0.75,1.0,0.875,0.875,0,0.0,0.75,1.0,0.875,0.875,0,0.0,0.75,1.0,0.875,0.875
1358,no_strict_e1_improvement,0,,,,,1,0,1,1,1,1,1,4,0,0,-1,current,0,0,0.008376377474633045,0.008376377474633045,37,25,25,25,25,0,0,1,1.0,1.0,1.0,1.0,1.0,1,1.0,1.0,1.0,1.0,1.0,1,1.0,1.0,1.0,1.0,1.0,1,1.0,1.0,1.0,1.0,1.0
1359,max_rounds,0,,,,,1,1,4,3,3,12,12,4,-1,0,1,profiled_beam,1,1,0.06269153447356075,0.032379520935865005,29,0,0,0,25,25,25,0,0.0,0.8,0.6,0.7,0.7,0,0.0,0.8,0.6,0.7,0.7,0,0.0,0.85,0.55,0.7,0.7,1,1.0,1.0,1.0,1.0,1.0
1360,no_strict_e1_improvement,0,,,,,1,0,1,1,1,1,1,4,0,0,-1,current,0,0,0.007816185487899929,0.007816185487899929,35,25,25,25,25,0,0,1,1.0,1.0,1.0,1.0,1.0,1,1.0,1.0,1.0,1.0,1.0,1,1.0,1.0,1.0,1.0,1.0,1,1.0,1.0,1.0,1.0,1.0
1361,no_strict_e1_improvement,0,,,,,1,0,1,1,1,1,1,4,0,0,-1,current,0,0,0.01683273455128074,0.01683273455128074,32,0,0,0,0,0,0,0,0.0,0.75,1.0,0.875,0.875,0,0.0,0.75,1.0,0.875,0.875,0,0.0,0.75,1.0,0.875,0.875,0,0.0,0.75,1.0,0.875,0.875
1362,no_strict_e1_improvement,0,,,,,1,0,1,1,1,1,1,4,0,0,-1,current,0,0,0.014640768920071424,0.014640768920071424,37,25,25,25,25,0,0,1,1.0,1.0,1.0,1.0,1.0,1,1.0,1.0,1.0,1.0,1.0,1,1.0,1.0,1.0,1.0,1.0,1,1.0,1.0,1.0,1.0,1.0
1363,no_strict_e1_improvement,0,,,,,1,0,1,1,1,1,1,4,0,0,-1,current,0,0,0.01691191748250276,0.01691191748250276,36,25,25,25,25,0,0,1,1.0,1.0,1.0,1.0,1.0,1,1.0,1.0,1.0,1.0,1.0,1,1.0,1.0,1.0,1.0,1.0,1,1.0,1.0,1.0,1.0,1.0
1364,max_rounds,0,,,,,1,1,13,12,12,45,45,4,0,1,1,profiled_beam,1,1,0.21183654190972448,0.10998810378368944,18,2,2,0,1,-1,1,0,0.08,0.25,0.4,0.325,0.475,0,0.08,0.25,0.4,0.325,0.475,0,0.0,0.6,0.5,0.55,0.55,0,0.04,0.7,0.75,0.725,0.75
1365,no_strict_e1_improvement,0,,,,,1,0,1,1,1,2,2,4,0,0,-1,current,0,0,0.041052674129605296,0.041052674129605296,33,25,25,25,25,0,0,1,1.0,1.0,1.0,1.0,1.0,1,1.0,1.0,1.0,1.0,1.0,1,1.0,1.0,1.0,1.0,1.0,1,1.0,1.0,1.0,1.0,1.0
1366,no_strict_e1_improvement,0,,,,,1,0,1,1,1,1,1,4,0,0,-1,current,0,0,0.01952897669689264,0.01952897669689264,38,25,25,25,25,0,0,1,1.0,1.0,1.0,1.0,1.0,1,1.0,1.0,1.0,1.0,1.0,1,1.0,1.0,1.0,1.0,1.0,1,1.0,1.0,1.0,1.0,1.0
1367,no_strict_e1_improvement,0,,,,,1,0,3,3,3,11,11,4,0,0,-1,current,0,0,0.027348956238711253,0.027348956238711253,36,25,25,25,25,0,0,1,1.0,1.0,1.0,1.0,1.0,1,1.0,1.0,1.0,1.0,1.0,1,1.0,1.0,1.0,1.0,1.0,1,1.0,1.0,1.0,1.0,1.0
1368,no_strict_e1_improvement,0,,,,,1,0,1,1,1,1,1,4,0,0,-1,current,0,0,0.02491066310321912,0.02491066310321912,29,25,25,25,25,0,0,1,1.0,1.0,1.0,1.0,1.0,1,1.0,1.0,1.0,1.0,1.0,1,1.0,1.0,1.0,1.0,1.0,1,1.0,1.0,1.0,1.0,1.0
1369,no_strict_e1_improvement,0,,,,,1,0,1,1,1,1,1,4,0,0,-1,current,0,0,0.00331651670858264,0.00331651670858264,38,25,25,25,25,0,0,1,1.0,1.0,1.0,1.0,1.0,1,1.0,1.0,1.0,1.0,1.0,1,1.0,1.0,1.0,1.0,1.0,1,1.0,1.0,1.0,1.0,1.0
1370,no_strict_e1_improvement,0,,,,,1,0,1,1,1,1,1,4,0,0,-1,current,0,0,0.020069160126149656,0.020069160126149656,35,25,25,25,25,0,0,1,1.0,1.0,1.0,1.0,1.0,1,1.0,1.0,1.0,1.0,1.0,1,1.0,1.0,1.0,1.0,1.0,1,1.0,1.0,1.0,1.0,1.0
1371,no_strict_e1_improvement,0,,,,,1,0,3,3,3,11,11,4,0,0,-1,current,0,0,0.024374145944602788,0.024374145944602788,38,25,25,25,25,0,0,1,1.0,1.0,1.0,1.0,1.0,1,1.0,1.0,1.0,1.0,1.0,1,1.0,1.0,1.0,1.0,1.0,1,1.0,1.0,1.0,1.0,1.0
1372,max_rounds,0,,,,,1,1,17,16,16,64,64,4,3,-1,1,profiled_beam,1,1,0.14815172390954104,0.13537476263882126,21,0,0,0,0,0,0,0,0.0,0.55,0.45,0.5,0.675,0,0.0,0.55,0.45,0.5,0.675,0,0.0,0.55,0.45,0.5,0.675,0,0.0,0.65,0.65,0.65,0.675
1373,no_strict_e1_improvement,0,,,,,1,0,1,1,1,1,1,4,0,0,-1,current,0,0,0.0,0.0,40,25,25,25,25,0,0,1,1.0,1.0,1.0,1.0,1.0,1,1.0,1.0,1.0,1.0,1.0,1,1.0,1.0,1.0,1.0,1.0,1,1.0,1.0,1.0,1.0,1.0
1374,max_rounds,0,,,,,1,1,2,2,2,7,7,4,0,-1,1,profiled_beam,1,1,0.10173651572549716,0.08328627735609188,24,0,0,0,0,0,0,0,0.0,0.5,0.55,0.525,0.525,0,0.0,0.5,0.55,0.525,0.525,0,0.0,0.5,0.55,0.525,0.525,0,0.0,0.6,0.55,0.575,0.625
1375,no_strict_e1_improvement,0,,,,,1,0,1,1,1,3,3,4,0,0,-1,current,0,0,0.022365525551140308,0.022365525551140308,31,25,25,25,25,0,0,1,1.0,1.0,1.0,1.0,1.0,1,1.0,1.0,1.0,1.0,1.0,1,1.0,1.0,1.0,1.0,1.0,1,1.0,1.0,1.0,1.0,1.0
1376,no_strict_e1_improvement,0,,,,,1,0,1,1,1,1,1,4,0,0,-1,current,0,0,0.013213221728801728,0.013213221728801728,37,25,25,25,25,0,0,1,1.0,1.0,1.0,1.0,1.0,1,1.0,1.0,1.0,1.0,1.0,1,1.0,1.0,1.0,1.0,1.0,1,1.0,1.0,1.0,1.0,1.0
1377,no_strict_e1_improvement,0,,,,,1,0,1,1,1,4,4,4,0,0,-1,current,0,0,0.03607277240953408,0.03607277240953408,34,25,25,25,25,0,0,1,1.0,1.0,1.0,1.0,1.0,1,1.0,1.0,1.0,1.0,1.0,1,1.0,1.0,1.0,1.0,1.0,1,1.0,1.0,1.0,1.0,1.0
1378,no_strict_e1_improvement,0,,,,,1,0,1,1,1,2,2,4,0,0,-1,current,0,0,0.03950310195796192,0.03950310195796192,33,25,25,25,25,0,0,1,1.0,1.0,1.0,1.0,1.0,1,1.0,1.0,1.0,1.0,1.0,1,1.0,1.0,1.0,1.0,1.0,1,1.0,1.0,1.0,1.0,1.0
1379,no_strict_e1_improvement,0,,,,,1,0,2,2,2,7,7,4,0,0,-1,current,0,0,0.053689377673435956,0.053689377673435956,35,5,5,5,5,0,0,0,0.2,0.8,0.75,0.775,0.775,0,0.2,0.8,0.75,0.775,0.775,0,0.2,0.8,0.75,0.775,0.775,0,0.2,0.8,0.75,0.775,0.775
1380,no_strict_e1_improvement,0,,,,,1,0,1,1,1,1,1,4,0,0,-1,current,0,0,0.01180521895585116,0.01180521895585116,33,25,25,25,25,0,0,1,1.0,1.0,1.0,1.0,1.0,1,1.0,1.0,1.0,1.0,1.0,1,1.0,1.0,1.0,1.0,1.0,1,1.0,1.0,1.0,1.0,1.0
1381,max_rounds,0,,,,,1,1,2,1,1,4,4,4,0,0,1,profiled_beam,1,1,0.05394478629459627,0.03181663661380298,30,1,1,1,0,-1,-1,0,0.04,0.65,0.9,0.775,0.8,0,0.04,0.65,0.9,0.775,0.8,0,0.04,0.65,0.9,0.775,0.8,0,0.0,0.75,1.0,0.875,0.875
1382,no_strict_e1_improvement,0,,,,,1,0,1,1,1,2,2,4,0,0,-1,current,0,0,0.02323940396308899,0.02323940396308899,36,25,25,25,25,0,0,1,1.0,1.0,1.0,1.0,1.0,1,1.0,1.0,1.0,1.0,1.0,1,1.0,1.0,1.0,1.0,1.0,1,1.0,1.0,1.0,1.0,1.0
1383,no_strict_e1_improvement,0,,,,,1,0,1,1,1,1,1,4,0,0,-1,current,0,0,0.05484060968738049,0.05484060968738049,26,1,1,1,1,0,0,0,0.04,0.65,0.9,0.775,0.8,0,0.04,0.65,0.9,0.775,0.8,0,0.04,0.65,0.9,0.775,0.8,0,0.04,0.65,0.9,0.775,0.8
1384,no_strict_e1_improvement,0,,,,,1,0,1,1,1,1,1,4,0,0,-1,current,0,0,0.01730575371766463,0.01730575371766463,37,25,25,25,25,0,0,1,1.0,1.0,1.0,1.0,1.0,1,1.0,1.0,1.0,1.0,1.0,1,1.0,1.0,1.0,1.0,1.0,1,1.0,1.0,1.0,1.0,1.0
1385,no_strict_e1_improvement,0,,,,,1,0,1,1,1,1,1,4,0,0,-1,current,0,0,0.037271695811068636,0.037271695811068636,31,25,25,25,25,0,0,1,1.0,1.0,1.0,1.0,1.0,1,1.0,1.0,1.0,1.0,1.0,1,1.0,1.0,1.0,1.0,1.0,1,1.0,1.0,1.0,1.0,1.0
1386,no_strict_e1_improvement,0,,,,,1,0,1,1,1,2,2,4,0,0,-1,current,0,0,0.02823008192904126,0.02823008192904126,32,25,25,25,25,0,0,1,1.0,1.0,1.0,1.0,1.0,1,1.0,1.0,1.0,1.0,1.0,1,1.0,1.0,1.0,1.0,1.0,1,1.0,1.0,1.0,1.0,1.0
1387,no_strict_e1_improvement,0,,,,,1,0,1,1,1,1,1,4,0,0,-1,current,0,0,0.02346428995806491,0.02346428995806491,33,25,25,25,25,0,0,1,1.0,1.0,1.0,1.0,1.0,1,1.0,1.0,1.0,1.0,1.0,1,1.0,1.0,1.0,1.0,1.0,1,1.0,1.0,1.0,1.0,1.0
1388,no_strict_e1_improvement,0,,,,,1,0,1,1,1,1,1,4,0,0,-1,current,0,0,0.01869154185988009,0.01869154185988009,38,25,25,25,25,0,0,1,1.0,1.0,1.0,1.0,1.0,1,1.0,1.0,1.0,1.0,1.0,1,1.0,1.0,1.0,1.0,1.0,1,1.0,1.0,1.0,1.0,1.0
1389,no_strict_e1_improvement,0,,,,,1,0,1,1,1,1,1,4,0,0,-1,current,0,0,0.01701162022072822,0.01701162022072822,34,25,25,25,25,0,0,1,1.0,1.0,1.0,1.0,1.0,1,1.0,1.0,1.0,1.0,1.0,1,1.0,1.0,1.0,1.0,1.0,1,1.0,1.0,1.0,1.0,1.0
1390,no_strict_e1_improvement,0,,,,,1,0,1,1,1,2,2,4,0,0,-1,current,0,0,0.02193173073901562,0.02193173073901562,33,25,25,25,25,0,0,1,1.0,1.0,1.0,1.0,1.0,1,1.0,1.0,1.0,1.0,1.0,1,1.0,1.0,1.0,1.0,1.0,1,1.0,1.0,1.0,1.0,1.0
1391,no_strict_e1_improvement,0,,,,,1,0,1,1,1,1,1,4,0,0,-1,current,0,0,0.018097553588449954,0.018097553588449954,36,0,0,0,0,0,0,0,0.0,0.75,1.0,0.875,0.875,0,0.0,0.75,1.0,0.875,0.875,0,0.0,0.75,1.0,0.875,0.875,0,0.0,0.75,1.0,0.875,0.875
1392,no_strict_e1_improvement,0,,,,,1,0,1,1,1,1,1,4,0,0,-1,current,0,0,0.03184978976205457,0.03184978976205457,30,25,25,25,25,0,0,1,1.0,1.0,1.0,1.0,1.0,1,1.0,1.0,1.0,1.0,1.0,1,1.0,1.0,1.0,1.0,1.0,1,1.0,1.0,1.0,1.0,1.0
1393,no_strict_e1_improvement,0,,,,,1,0,1,1,1,1,1,4,0,0,-1,current,0,0,0.0331906849052757,0.0331906849052757,37,0,0,0,0,0,0,0,0.0,0.75,1.0,0.875,0.875,0,0.0,0.75,1.0,0.875,0.875,0,0.0,0.75,1.0,0.875,0.875,0,0.0,0.75,1.0,0.875,0.875
1394,no_strict_e1_improvement,0,,,,,1,0,1,1,1,1,1,4,0,0,-1,current,0,0,0.03137854886299465,0.03137854886299465,32,0,0,0,0,0,0,0,0.0,0.75,1.0,0.875,0.875,0,0.0,0.75,1.0,0.875,0.875,0,0.0,0.75,1.0,0.875,0.875,0,0.0,0.75,1.0,0.875,0.875
1395,no_strict_e1_improvement,0,,,,,1,0,1,1,1,1,1,4,0,0,-1,current,0,0,0.005605149455368519,0.005605149455368519,38,25,25,25,25,0,0,1,1.0,1.0,1.0,1.0,1.0,1,1.0,1.0,1.0,1.0,1.0,1,1.0,1.0,1.0,1.0,1.0,1,1.0,1.0,1.0,1.0,1.0
1396,no_strict_e1_improvement,0,,,,,1,0,1,1,1,3,3,4,0,0,-1,current,0,0,0.050221747066825626,0.050221747066825626,35,0,0,0,0,0,0,0,0.0,0.75,1.0,0.875,0.875,0,0.0,0.75,1.0,0.875,0.875,0,0.0,0.75,1.0,0.875,0.875,0,0.0,0.75,1.0,0.875,0.875
1397,no_strict_e1_improvement,0,,,,,1,0,1,1,1,1,1,4,0,0,-1,current,0,0,0.011944362072972581,0.011944362072972581,39,25,25,25,25,0,0,1,1.0,1.0,1.0,1.0,1.0,1,1.0,1.0,1.0,1.0,1.0,1,1.0,1.0,1.0,1.0,1.0,1,1.0,1.0,1.0,1.0,1.0
1398,no_strict_e1_improvement,0,,,,,1,0,1,1,1,1,1,4,0,0,-1,current,0,0,0.012875330075621605,0.012875330075621605,39,25,25,25,25,0,0,1,1.0,1.0,1.0,1.0,1.0,1,1.0,1.0,1.0,1.0,1.0,1,1.0,1.0,1.0,1.0,1.0,1,1.0,1.0,1.0,1.0,1.0
1399,no_strict_e1_improvement,0,,,,,1,0,2,2,2,8,8,4,0,0,-1,current,0,0,0.11447661444544792,0.11447661444544792,30,0,0,0,0,0,0,0,0.0,0.75,0.9,0.825,0.825,0,0.0,0.75,0.9,0.825,0.825,0,0.0,0.75,0.9,0.825,0.825,0,0.0,0.75,0.9,0.825,0.825
1400,no_strict_e1_improvement,0,,,,,1,0,1,1,1,1,1,4,0,0,-1,current,0,0,0.018543213314842433,0.018543213314842433,36,25,25,25,25,0,0,1,1.0,1.0,1.0,1.0,1.0,1,1.0,1.0,1.0,1.0,1.0,1,1.0,1.0,1.0,1.0,1.0,1,1.0,1.0,1.0,1.0,1.0
1401,no_strict_e1_improvement,0,,,,,1,0,1,1,1,1,1,4,0,0,-1,current,0,0,0.015838153031654655,0.015838153031654655,34,25,25,25,25,0,0,1,1.0,1.0,1.0,1.0,1.0,1,1.0,1.0,1.0,1.0,1.0,1,1.0,1.0,1.0,1.0,1.0,1,1.0,1.0,1.0,1.0,1.0
1402,no_strict_e1_improvement,0,,,,,1,0,1,1,1,1,1,4,0,0,-1,current,0,0,0.013083495839964598,0.013083495839964598,39,25,25,25,25,0,0,1,1.0,1.0,1.0,1.0,1.0,1,1.0,1.0,1.0,1.0,1.0,1,1.0,1.0,1.0,1.0,1.0,1,1.0,1.0,1.0,1.0,1.0
1403,no_strict_e1_improvement,0,,,,,1,0,1,1,1,2,2,4,0,0,-1,current,0,0,0.02290422534570098,0.02290422534570098,35,25,25,25,25,0,0,1,1.0,1.0,1.0,1.0,1.0,1,1.0,1.0,1.0,1.0,1.0,1,1.0,1.0,1.0,1.0,1.0,1,1.0,1.0,1.0,1.0,1.0
1404,no_strict_e1_improvement,0,,,,,1,0,10,9,9,32,32,4,0,0,-1,current,0,0,0.09703748705214821,0.09703748705214821,22,20,20,20,20,0,0,0,0.8,0.75,0.8,0.775,0.8,0,0.8,0.75,0.8,0.775,0.8,0,0.8,0.75,0.8,0.775,0.8,0,0.8,0.75,0.8,0.775,0.8
1405,no_strict_e1_improvement,0,,,,,1,0,1,1,1,2,2,4,0,0,-1,current,0,0,0.04985941303166328,0.04985941303166328,29,2,2,2,2,0,0,0,0.08,0.7,0.85,0.775,0.775,0,0.08,0.7,0.85,0.775,0.775,0,0.08,0.7,0.85,0.775,0.775,0,0.08,0.7,0.85,0.775,0.775
1406,no_strict_e1_improvement,0,,,,,1,0,1,1,1,3,3,4,0,0,-1,current,0,0,0.0695237216365058,0.0695237216365058,29,0,0,0,0,0,0,0,0.0,0.75,0.9,0.825,0.825,0,0.0,0.75,0.9,0.825,0.825,0,0.0,0.75,0.9,0.825,0.825,0,0.0,0.75,0.9,0.825,0.825
1407,no_strict_e1_improvement,0,,,,,1,0,1,1,1,1,1,4,0,0,-1,current,0,0,0.014375522639602423,0.014375522639602423,38,25,25,25,25,0,0,1,1.0,1.0,1.0,1.0,1.0,1,1.0,1.0,1.0,1.0,1.0,1,1.0,1.0,1.0,1.0,1.0,1,1.0,1.0,1.0,1.0,1.0
1408,no_strict_e1_improvement,0,,,,,1,0,1,1,1,1,1,4,0,0,-1,current,0,0,0.02807738680858165,0.02807738680858165,33,0,0,0,0,0,0,0,0.0,0.75,1.0,0.875,0.875,0,0.0,0.75,1.0,0.875,0.875,0,0.0,0.75,1.0,0.875,0.875,0,0.0,0.75,1.0,0.875,0.875
1409,no_strict_e1_improvement,0,,,,,1,0,1,1,1,1,1,4,0,0,-1,current,0,0,0.007966402312740683,0.007966402312740683,35,25,25,25,25,0,0,1,1.0,1.0,1.0,1.0,1.0,1,1.0,1.0,1.0,1.0,1.0,1,1.0,1.0,1.0,1.0,1.0,1,1.0,1.0,1.0,1.0,1.0
1410,no_strict_e1_improvement,0,,,,,1,0,1,1,1,1,1,4,0,0,-1,current,0,0,0.03526957472786307,0.03526957472786307,36,25,25,25,25,0,0,1,1.0,1.0,1.0,1.0,1.0,1,1.0,1.0,1.0,1.0,1.0,1,1.0,1.0,1.0,1.0,1.0,1,1.0,1.0,1.0,1.0,1.0
1411,no_strict_e1_improvement,0,,,,,1,0,1,1,1,1,1,4,0,0,-1,current,0,0,0.03662044950178824,0.03662044950178824,31,25,25,25,25,0,0,1,1.0,1.0,1.0,1.0,1.0,1,1.0,1.0,1.0,1.0,1.0,1,1.0,1.0,1.0,1.0,1.0,1,1.0,1.0,1.0,1.0,1.0
1412,no_strict_e1_improvement,0,,,,,1,0,1,1,1,1,1,4,0,0,-1,current,0,0,0.010009770141914487,0.010009770141914487,37,25,25,25,25,0,0,1,1.0,1.0,1.0,1.0,1.0,1,1.0,1.0,1.0,1.0,1.0,1,1.0,1.0,1.0,1.0,1.0,1,1.0,1.0,1.0,1.0,1.0
1413,no_strict_e1_improvement,0,,,,,1,0,1,1,1,1,1,4,0,0,-1,current,0,0,0.014044173946604132,0.014044173946604132,38,25,25,25,25,0,0,1,1.0,1.0,1.0,1.0,1.0,1,1.0,1.0,1.0,1.0,1.0,1,1.0,1.0,1.0,1.0,1.0,1,1.0,1.0,1.0,1.0,1.0
1414,no_strict_e1_improvement,0,,,,,1,0,1,1,1,1,1,4,0,0,-1,current,0,0,0.0060865592327900234,0.0060865592327900234,35,25,25,25,25,0,0,1,1.0,1.0,1.0,1.0,1.0,1,1.0,1.0,1.0,1.0,1.0,1,1.0,1.0,1.0,1.0,1.0,1,1.0,1.0,1.0,1.0,1.0
1415,no_strict_e1_improvement,0,,,,,1,0,1,1,1,1,1,4,0,0,-1,current,0,0,0.024915344931650908,0.024915344931650908,34,0,0,0,0,0,0,0,0.0,0.75,1.0,0.875,0.875,0,0.0,0.75,1.0,0.875,0.875,0,0.0,0.75,1.0,0.875,0.875,0,0.0,0.75,1.0,0.875,0.875
1416,no_strict_e1_improvement,0,,,,,1,0,1,1,1,1,1,4,0,0,-1,current,0,0,0.0026144692674279213,0.0026144692674279213,39,25,25,25,25,0,0,1,1.0,1.0,1.0,1.0,1.0,1,1.0,1.0,1.0,1.0,1.0,1,1.0,1.0,1.0,1.0,1.0,1,1.0,1.0,1.0,1.0,1.0
1417,no_strict_e1_improvement,0,,,,,1,0,1,1,1,1,1,4,0,0,-1,current,0,0,0.011343380017206074,0.011343380017206074,36,0,0,0,0,0,0,0,0.0,0.75,1.0,0.875,0.875,0,0.0,0.75,1.0,0.875,0.875,0,0.0,0.75,1.0,0.875,0.875,0,0.0,0.75,1.0,0.875,0.875
1418,no_strict_e1_improvement,0,,,,,1,0,1,1,1,3,3,4,0,0,-1,current,0,0,0.03461713234719355,0.03461713234719355,26,25,25,25,25,0,0,1,1.0,1.0,1.0,1.0,1.0,1,1.0,1.0,1.0,1.0,1.0,1,1.0,1.0,1.0,1.0,1.0,1,1.0,1.0,1.0,1.0,1.0
1419,no_strict_e1_improvement,0,,,,,1,0,1,1,1,1,1,4,0,0,-1,current,0,0,8.094353252090514e-05,8.094353252090514e-05,40,25,25,25,25,0,0,1,1.0,1.0,1.0,1.0,1.0,1,1.0,1.0,1.0,1.0,1.0,1,1.0,1.0,1.0,1.0,1.0,1,1.0,1.0,1.0,1.0,1.0
1420,no_strict_e1_improvement,0,,,,,1,0,1,1,1,1,1,4,0,0,-1,current,0,0,0.02505501131527126,0.02505501131527126,33,25,25,25,25,0,0,1,1.0,1.0,1.0,1.0,1.0,1,1.0,1.0,1.0,1.0,1.0,1,1.0,1.0,1.0,1.0,1.0,1,1.0,1.0,1.0,1.0,1.0
1421,no_strict_e1_improvement,0,,,,,1,0,1,1,1,1,1,4,0,0,-1,current,0,0,0.01952691891929135,0.01952691891929135,33,25,25,25,25,0,0,1,1.0,1.0,1.0,1.0,1.0,1,1.0,1.0,1.0,1.0,1.0,1,1.0,1.0,1.0,1.0,1.0,1,1.0,1.0,1.0,1.0,1.0
1422,max_rounds,0,,,,,1,1,2,2,2,6,6,4,1,0,0,s1a3_greedy,1,0,0.014626997837331146,0.0014512823894619943,38,0,0,25,25,25,0,0,0.0,1.0,0.75,0.875,0.875,0,0.0,1.0,0.75,0.875,0.875,1,1.0,1.0,1.0,1.0,1.0,1,1.0,1.0,1.0,1.0,1.0
1423,no_strict_e1_improvement,0,,,,,1,0,1,1,1,1,1,4,0,0,-1,current,0,0,0.021787299402058126,0.021787299402058126,37,0,0,0,0,0,0,0,0.0,0.75,1.0,0.875,0.875,0,0.0,0.75,1.0,0.875,0.875,0,0.0,0.75,1.0,0.875,0.875,0,0.0,0.75,1.0,0.875,0.875
1424,no_strict_e1_improvement,0,,,,,1,0,1,1,1,1,1,4,0,0,-1,current,0,0,0.03118897429667413,0.03118897429667413,36,25,25,25,25,0,0,1,1.0,1.0,1.0,1.0,1.0,1,1.0,1.0,1.0,1.0,1.0,1,1.0,1.0,1.0,1.0,1.0,1,1.0,1.0,1.0,1.0,1.0
1425,no_strict_e1_improvement,0,,,,,1,0,3,3,3,12,12,4,0,0,-1,current,0,0,0.04127869585063308,0.04127869585063308,30,23,23,23,23,0,0,0,0.92,0.9,0.9,0.9,0.925,0,0.92,0.9,0.9,0.9,0.925,0,0.92,0.9,0.9,0.9,0.925,0,0.92,0.9,0.9,0.9,0.925
1426,no_strict_e1_improvement,0,,,,,1,0,1,1,1,1,1,4,0,0,-1,current,0,0,0.060499358386732635,0.060499358386732635,32,0,0,0,0,0,0,0,0.0,0.75,1.0,0.875,0.875,0,0.0,0.75,1.0,0.875,0.875,0,0.0,0.75,1.0,0.875,0.875,0,0.0,0.75,1.0,0.875,0.875
1427,no_strict_e1_improvement,0,,,,,1,0,1,1,1,2,2,4,0,0,-1,current,0,0,0.012932236977212597,0.012932236977212597,36,25,25,25,25,0,0,1,1.0,1.0,1.0,1.0,1.0,1,1.0,1.0,1.0,1.0,1.0,1,1.0,1.0,1.0,1.0,1.0,1,1.0,1.0,1.0,1.0,1.0
1428,no_strict_e1_improvement,0,,,,,1,0,1,1,1,2,2,4,0,0,-1,current,0,0,0.041718075360404325,0.041718075360404325,32,0,0,0,0,0,0,0,0.0,0.75,1.0,0.875,0.875,0,0.0,0.75,1.0,0.875,0.875,0,0.0,0.75,1.0,0.875,0.875,0,0.0,0.75,1.0,0.875,0.875
1429,no_strict_e1_improvement,0,,,,,1,0,1,1,1,1,1,4,0,0,-1,current,0,0,0.021324088238179682,0.021324088238179682,37,25,25,25,25,0,0,1,1.0,1.0,1.0,1.0,1.0,1,1.0,1.0,1.0,1.0,1.0,1,1.0,1.0,1.0,1.0,1.0,1,1.0,1.0,1.0,1.0,1.0
1430,no_strict_e1_improvement,0,,,,,1,0,1,1,1,1,1,4,0,0,-1,current,0,0,0.018012952990829945,0.018012952990829945,35,25,25,25,25,0,0,1,1.0,1.0,1.0,1.0,1.0,1,1.0,1.0,1.0,1.0,1.0,1,1.0,1.0,1.0,1.0,1.0,1,1.0,1.0,1.0,1.0,1.0
1431,max_rounds,0,,,,,1,1,3,2,2,8,8,4,0,0,1,profiled_beam,1,1,0.10618258607864846,0.1059130309644388,24,19,19,19,17,-2,-2,0,0.76,0.8,0.55,0.675,0.675,0,0.76,0.8,0.55,0.675,0.675,0,0.76,0.8,0.55,0.675,0.675,0,0.68,0.7,0.6,0.65,0.675
1432,no_strict_e1_improvement,0,,,,,1,0,1,1,1,4,4,4,0,0,-1,current,0,0,0.021322766522644088,0.021322766522644088,31,25,25,25,25,0,0,1,1.0,1.0,1.0,1.0,1.0,1,1.0,1.0,1.0,1.0,1.0,1,1.0,1.0,1.0,1.0,1.0,1,1.0,1.0,1.0,1.0,1.0
1433,max_rounds,0,,,,,1,1,3,2,2,6,6,4,1,0,0,s1a3_greedy,1,0,0.05704068131744862,0.040570486430078746,35,0,0,0,0,0,0,0,0.0,0.75,0.75,0.75,0.75,0,0.0,0.75,0.75,0.75,0.75,0,0.0,0.75,1.0,0.875,0.875,0,0.0,0.75,1.0,0.875,0.875
1434,no_strict_e1_improvement,0,,,,,1,0,1,1,1,1,1,4,0,0,-1,current,0,0,0.06675005850847811,0.06675005850847811,28,1,1,1,1,0,0,0,0.04,0.6,0.75,0.675,0.725,0,0.04,0.6,0.75,0.675,0.725,0,0.04,0.6,0.75,0.675,0.725,0,0.04,0.6,0.75,0.675,0.725
1435,no_strict_e1_improvement,0,,,,,1,0,1,1,1,1,1,4,0,0,-1,current,0,0,0.03727498663356528,0.03727498663356528,36,0,0,0,0,0,0,0,0.0,0.75,1.0,0.875,0.875,0,0.0,0.75,1.0,0.875,0.875,0,0.0,0.75,1.0,0.875,0.875,0,0.0,0.75,1.0,0.875,0.875
1436,no_strict_e1_improvement,0,,,,,1,0,1,1,1,1,1,4,0,0,-1,current,0,0,0.005659858486615122,0.005659858486615122,39,25,25,25,25,0,0,1,1.0,1.0,1.0,1.0,1.0,1,1.0,1.0,1.0,1.0,1.0,1,1.0,1.0,1.0,1.0,1.0,1,1.0,1.0,1.0,1.0,1.0
1437,no_strict_e1_improvement,0,,,,,1,0,1,1,1,4,4,4,0,0,-1,current,0,0,0.036709701735526325,0.036709701735526325,28,23,23,23,23,0,0,0,0.92,0.9,0.85,0.875,0.875,0,0.92,0.9,0.85,0.875,0.875,0,0.92,0.9,0.85,0.875,0.875,0,0.92,0.9,0.85,0.875,0.875
1438,no_strict_e1_improvement,0,,,,,1,0,1,1,1,1,1,4,0,0,-1,current,0,0,0.036431051697582005,0.036431051697582005,32,25,25,25,25,0,0,1,1.0,1.0,1.0,1.0,1.0,1,1.0,1.0,1.0,1.0,1.0,1,1.0,1.0,1.0,1.0,1.0,1,1.0,1.0,1.0,1.0,1.0
1439,no_strict_e1_improvement,0,,,,,1,0,1,1,1,1,1,4,0,0,-1,current,0,0,0.009305975679308177,0.009305975679308177,36,25,25,25,25,0,0,1,1.0,1.0,1.0,1.0,1.0,1,1.0,1.0,1.0,1.0,1.0,1,1.0,1.0,1.0,1.0,1.0,1,1.0,1.0,1.0,1.0,1.0
1440,no_strict_e1_improvement,0,,,,,1,0,1,1,1,1,1,4,0,0,-1,current,0,0,0.02946003113174811,0.02946003113174811,35,0,0,0,0,0,0,0,0.0,0.75,1.0,0.875,0.875,0,0.0,0.75,1.0,0.875,0.875,0,0.0,0.75,1.0,0.875,0.875,0,0.0,0.75,1.0,0.875,0.875
1441,no_strict_e1_improvement,0,,,,,1,0,1,1,1,1,1,4,0,0,-1,current,0,0,0.025016115891048685,0.025016115891048685,38,25,25,25,25,0,0,1,1.0,1.0,1.0,1.0,1.0,1,1.0,1.0,1.0,1.0,1.0,1,1.0,1.0,1.0,1.0,1.0,1,1.0,1.0,1.0,1.0,1.0
1442,max_rounds,0,,,,,1,1,2,1,1,4,4,4,0,0,1,profiled_beam,1,1,0.03862389794085175,0.036600759462453426,31,0,0,0,0,0,0,0,0.0,0.75,0.95,0.85,0.85,0,0.0,0.75,0.95,0.85,0.85,0,0.0,0.75,0.95,0.85,0.85,0,0.0,0.75,0.9,0.825,0.85
1443,max_rounds,0,,,,,1,1,3,3,3,9,9,4,0,-2,0,s1a3_greedy,1,0,0.03365330298402114,0.0010000388880143873,40,0,0,25,25,25,0,0,0.0,0.75,1.0,0.875,0.875,0,0.0,0.75,1.0,0.875,0.875,1,1.0,1.0,1.0,1.0,1.0,1,1.0,1.0,1.0,1.0,1.0
1444,no_strict_e1_improvement,0,,,,,1,0,1,1,1,1,1,4,0,0,-1,current,0,0,0.00513023987878114,0.00513023987878114,37,25,25,25,25,0,0,1,1.0,1.0,1.0,1.0,1.0,1,1.0,1.0,1.0,1.0,1.0,1,1.0,1.0,1.0,1.0,1.0,1,1.0,1.0,1.0,1.0,1.0
1445,no_strict_e1_improvement,0,,,,,1,0,1,1,1,1,1,4,0,0,-1,current,0,0,0.04805490933358669,0.04805490933358669,36,0,0,0,0,0,0,0,0.0,0.75,1.0,0.875,0.875,0,0.0,0.75,1.0,0.875,0.875,0,0.0,0.75,1.0,0.875,0.875,0,0.0,0.75,1.0,0.875,0.875
1446,no_strict_e1_improvement,0,,,,,1,0,1,1,1,2,2,4,0,0,-1,current,0,0,0.027907251566648483,0.027907251566648483,38,25,25,25,25,0,0,1,1.0,1.0,1.0,1.0,1.0,1,1.0,1.0,1.0,1.0,1.0,1,1.0,1.0,1.0,1.0,1.0,1,1.0,1.0,1.0,1.0,1.0
1447,no_strict_e1_improvement,0,,,,,1,0,1,1,1,4,4,4,0,0,-1,current,0,0,0.03406554453540593,0.03406554453540593,33,0,0,0,0,0,0,0,0.0,0.85,0.75,0.8,0.8,0,0.0,0.85,0.75,0.8,0.8,0,0.0,0.85,0.75,0.8,0.8,0,0.0,0.85,0.75,0.8,0.8
1448,no_strict_e1_improvement,0,,,,,1,0,1,1,1,1,1,4,0,0,-1,current,0,0,0.004360936721786857,0.004360936721786857,38,0,0,0,0,0,0,0,0.0,0.75,1.0,0.875,0.875,0,0.0,0.75,1.0,0.875,0.875,0,0.0,0.75,1.0,0.875,0.875,0,0.0,0.75,1.0,0.875,0.875
1449,no_strict_e1_improvement,0,,,,,1,0,1,1,1,1,1,4,0,0,-1,current,0,0,0.005108690611086786,0.005108690611086786,38,25,25,25,25,0,0,1,1.0,1.0,1.0,1.0,1.0,1,1.0,1.0,1.0,1.0,1.0,1,1.0,1.0,1.0,1.0,1.0,1,1.0,1.0,1.0,1.0,1.0
1450,no_strict_e1_improvement,0,,,,,1,0,1,1,1,1,1,4,0,0,-1,current,0,0,0.04014943069778383,0.04014943069778383,33,25,25,25,25,0,0,1,1.0,1.0,1.0,1.0,1.0,1,1.0,1.0,1.0,1.0,1.0,1,1.0,1.0,1.0,1.0,1.0,1,1.0,1.0,1.0,1.0,1.0
1451,max_rounds,0,,,,,1,1,2,1,1,3,3,4,0,0,0,s1a3_greedy,1,0,0.0871429975843057,0.08097530221566558,28,0,0,0,0,0,0,0,0.0,0.75,0.75,0.75,0.75,0,0.0,0.75,0.75,0.75,0.75,0,0.0,0.65,0.75,0.7,0.7,0,0.0,0.65,0.75,0.7,0.7
1452,no_strict_e1_improvement,0,,,,,1,0,1,1,1,1,1,4,0,0,-1,current,0,0,0.023970930301584304,0.023970930301584304,34,25,25,25,25,0,0,1,1.0,1.0,1.0,1.0,1.0,1,1.0,1.0,1.0,1.0,1.0,1,1.0,1.0,1.0,1.0,1.0,1,1.0,1.0,1.0,1.0,1.0
1453,no_strict_e1_improvement,0,,,,,1,0,1,1,1,1,1,4,0,0,-1,current,0,0,0.01328193888766691,0.01328193888766691,33,25,25,25,25,0,0,1,1.0,1.0,1.0,1.0,1.0,1,1.0,1.0,1.0,1.0,1.0,1,1.0,1.0,1.0,1.0,1.0,1,1.0,1.0,1.0,1.0,1.0
1454,max_rounds,0,,,,,1,1,2,2,2,7,7,4,-1,0,0,s1a3_greedy,1,0,0.12723726637195795,0.06887413195800036,27,0,0,0,0,0,0,0,0.0,0.75,0.8,0.775,0.775,0,0.0,0.75,0.8,0.775,0.775,0,0.0,0.75,0.95,0.85,0.85,0,0.0,0.75,0.95,0.85,0.85
1455,no_strict_e1_improvement,0,,,,,1,0,1,1,1,1,1,4,0,0,-1,current,0,0,0.011904863081872464,0.011904863081872464,39,25,25,25,25,0,0,1,1.0,1.0,1.0,1.0,1.0,1,1.0,1.0,1.0,1.0,1.0,1,1.0,1.0,1.0,1.0,1.0,1,1.0,1.0,1.0,1.0,1.0
1456,no_strict_e1_improvement,0,,,,,1,0,1,1,1,1,1,4,0,0,-1,current,0,0,0.014265615306794644,0.014265615306794644,38,25,25,25,25,0,0,1,1.0,1.0,1.0,1.0,1.0,1,1.0,1.0,1.0,1.0,1.0,1,1.0,1.0,1.0,1.0,1.0,1,1.0,1.0,1.0,1.0,1.0
1457,no_strict_e1_improvement,0,,,,,1,0,1,1,1,1,1,4,0,0,-1,current,0,0,0.07092959519068245,0.07092959519068245,28,0,0,0,0,0,0,0,0.0,0.75,0.75,0.75,0.75,0,0.0,0.75,0.75,0.75,0.75,0,0.0,0.75,0.75,0.75,0.75,0,0.0,0.75,0.75,0.75,0.75
1458,no_strict_e1_improvement,0,,,,,1,0,1,1,1,1,1,4,0,0,-1,current,0,0,0.011985580972395837,0.011985580972395837,36,0,0,0,0,0,0,0,0.0,0.75,1.0,0.875,0.875,0,0.0,0.75,1.0,0.875,0.875,0,0.0,0.75,1.0,0.875,0.875,0,0.0,0.75,1.0,0.875,0.875
1459,no_strict_e1_improvement,0,,,,,1,0,1,1,1,1,1,4,0,0,-1,current,0,0,0.006188881554407999,0.006188881554407999,39,25,25,25,25,0,0,1,1.0,1.0,1.0,1.0,1.0,1,1.0,1.0,1.0,1.0,1.0,1,1.0,1.0,1.0,1.0,1.0,1,1.0,1.0,1.0,1.0,1.0
1460,no_strict_e1_improvement,0,,,,,1,0,1,1,1,1,1,4,0,0,-1,current,0,0,0.01390770407160744,0.01390770407160744,35,0,0,0,0,0,0,0,0.0,0.75,1.0,0.875,0.875,0,0.0,0.75,1.0,0.875,0.875,0,0.0,0.75,1.0,0.875,0.875,0,0.0,0.75,1.0,0.875,0.875
1461,no_strict_e1_improvement,0,,,,,1,0,1,1,1,3,3,4,0,0,-1,current,0,0,0.0655492746969685,0.0655492746969685,29,25,25,25,25,0,0,1,1.0,1.0,1.0,1.0,1.0,1,1.0,1.0,1.0,1.0,1.0,1,1.0,1.0,1.0,1.0,1.0,1,1.0,1.0,1.0,1.0,1.0
1462,no_strict_e1_improvement,0,,,,,1,0,1,1,1,4,4,4,0,0,-1,current,0,0,0.045023447723360734,0.045023447723360734,30,25,25,25,25,0,0,1,1.0,1.0,1.0,1.0,1.0,1,1.0,1.0,1.0,1.0,1.0,1,1.0,1.0,1.0,1.0,1.0,1,1.0,1.0,1.0,1.0,1.0
1463,no_strict_e1_improvement,0,,,,,1,0,1,1,1,1,1,4,0,0,-1,current,0,0,0.013925588503479958,0.013925588503479958,33,0,0,0,0,0,0,0,0.0,0.75,1.0,0.875,0.875,0,0.0,0.75,1.0,0.875,0.875,0,0.0,0.75,1.0,0.875,0.875,0,0.0,0.75,1.0,0.875,0.875
1464,no_strict_e1_improvement,0,,,,,1,0,1,1,1,1,1,4,0,0,-1,current,0,0,0.020119660440832375,0.020119660440832375,36,25,25,25,25,0,0,1,1.0,1.0,1.0,1.0,1.0,1,1.0,1.0,1.0,1.0,1.0,1,1.0,1.0,1.0,1.0,1.0,1,1.0,1.0,1.0,1.0,1.0
1465,no_strict_e1_improvement,0,,,,,1,0,1,1,1,1,1,4,0,0,-1,current,0,0,0.0017174779146444052,0.0017174779146444052,38,25,25,25,25,0,0,1,1.0,1.0,1.0,1.0,1.0,1,1.0,1.0,1.0,1.0,1.0,1,1.0,1.0,1.0,1.0,1.0,1,1.0,1.0,1.0,1.0,1.0
1466,no_strict_e1_improvement,0,,,,,1,0,1,1,1,1,1,4,0,0,-1,current,0,0,0.023602110659703614,0.023602110659703614,35,25,25,25,25,0,0,1,1.0,1.0,1.0,1.0,1.0,1,1.0,1.0,1.0,1.0,1.0,1,1.0,1.0,1.0,1.0,1.0,1,1.0,1.0,1.0,1.0,1.0
1467,no_strict_e1_improvement,0,,,,,1,0,1,1,1,1,1,4,0,0,-1,current,0,0,0.02841110269073397,0.02841110269073397,31,0,0,0,0,0,0,0,0.0,0.95,0.75,0.85,0.85,0,0.0,0.95,0.75,0.85,0.85,0,0.0,0.95,0.75,0.85,0.85,0,0.0,0.95,0.75,0.85,0.85
1468,no_strict_e1_improvement,0,,,,,1,0,1,1,1,2,2,4,0,0,-1,current,0,0,0.03893418941588607,0.03893418941588607,28,25,25,25,25,0,0,1,1.0,1.0,1.0,1.0,1.0,1,1.0,1.0,1.0,1.0,1.0,1,1.0,1.0,1.0,1.0,1.0,1,1.0,1.0,1.0,1.0,1.0
1469,no_strict_e1_improvement,0,,,,,1,0,1,1,1,3,3,4,0,0,-1,current,0,0,0.09041118743480184,0.09041118743480184,31,0,0,0,0,0,0,0,0.0,0.75,0.75,0.75,0.75,0,0.0,0.75,0.75,0.75,0.75,0,0.0,0.75,0.75,0.75,0.75,0,0.0,0.75,0.75,0.75,0.75
1470,max_rounds,0,,,,,1,1,3,3,3,10,10,4,0,-2,0,s1a3_greedy,1,0,0.06470904746092856,0.015959232626482845,38,0,0,25,25,25,0,0,0.0,0.75,1.0,0.875,0.875,0,0.0,0.75,1.0,0.875,0.875,1,1.0,1.0,1.0,1.0,1.0,1,1.0,1.0,1.0,1.0,1.0
1471,max_rounds,0,,,,,1,1,3,2,2,7,7,4,-1,0,0,s1a3_greedy,1,0,0.09756572488695384,0.0292992377653718,34,0,0,25,25,25,0,0,0.0,0.85,0.75,0.8,0.8,0,0.0,0.85,0.75,0.8,0.8,1,1.0,1.0,1.0,1.0,1.0,1,1.0,1.0,1.0,1.0,1.0
1472,no_strict_e1_improvement,0,,,,,1,0,1,1,1,1,1,4,0,0,-1,current,0,0,0.010826929830363952,0.010826929830363952,36,25,25,25,25,0,0,1,1.0,1.0,1.0,1.0,1.0,1,1.0,1.0,1.0,1.0,1.0,1,1.0,1.0,1.0,1.0,1.0,1,1.0,1.0,1.0,1.0,1.0
1473,no_strict_e1_improvement,0,,,,,1,0,3,3,3,11,11,4,0,0,-1,current,0,0,0.02395503716543317,0.02395503716543317,34,25,25,25,25,0,0,1,1.0,1.0,1.0,1.0,1.0,1,1.0,1.0,1.0,1.0,1.0,1,1.0,1.0,1.0,1.0,1.0,1,1.0,1.0,1.0,1.0,1.0
1474,no_strict_e1_improvement,0,,,,,1,0,1,1,1,1,1,4,0,0,-1,current,0,0,0.015606913436204194,0.015606913436204194,39,25,25,25,25,0,0,1,1.0,1.0,1.0,1.0,1.0,1,1.0,1.0,1.0,1.0,1.0,1,1.0,1.0,1.0,1.0,1.0,1,1.0,1.0,1.0,1.0,1.0
1475,no_strict_e1_improvement,0,,,,,1,0,1,1,1,1,1,4,0,0,-1,current,0,0,0.0010680279694497586,0.0010680279694497586,40,25,25,25,25,0,0,1,1.0,1.0,1.0,1.0,1.0,1,1.0,1.0,1.0,1.0,1.0,1,1.0,1.0,1.0,1.0,1.0,1,1.0,1.0,1.0,1.0,1.0
1476,no_strict_e1_improvement,0,,,,,1,0,1,1,1,1,1,4,0,0,-1,current,0,0,0.02648208839818835,0.02648208839818835,37,25,25,25,25,0,0,1,1.0,1.0,1.0,1.0,1.0,1,1.0,1.0,1.0,1.0,1.0,1,1.0,1.0,1.0,1.0,1.0,1,1.0,1.0,1.0,1.0,1.0
1477,no_strict_e1_improvement,0,,,,,1,0,1,1,1,1,1,4,0,0,-1,current,0,0,0.007450362770759967,0.007450362770759967,35,25,25,25,25,0,0,1,1.0,1.0,1.0,1.0,1.0,1,1.0,1.0,1.0,1.0,1.0,1,1.0,1.0,1.0,1.0,1.0,1,1.0,1.0,1.0,1.0,1.0
1478,no_strict_e1_improvement,0,,,,,1,0,1,1,1,2,2,4,0,0,-1,current,0,0,0.03823518943972885,0.03823518943972885,31,21,21,21,21,0,0,0,0.84,0.85,0.8,0.825,0.85,0,0.84,0.85,0.8,0.825,0.85,0,0.84,0.85,0.8,0.825,0.85,0,0.84,0.85,0.8,0.825,0.85
1479,no_strict_e1_improvement,0,,,,,1,0,4,3,3,12,12,4,0,0,-1,current,0,0,0.03976933915400878,0.03976933915400878,30,23,23,23,23,0,0,0,0.92,0.85,0.9,0.875,0.9,0,0.92,0.85,0.9,0.875,0.9,0,0.92,0.85,0.9,0.875,0.9,0,0.92,0.85,0.9,0.875,0.9
1480,no_strict_e1_improvement,0,,,,,1,0,1,1,1,1,1,4,0,0,-1,current,0,0,0.012154308566823601,0.012154308566823601,33,25,25,25,25,0,0,1,1.0,1.0,1.0,1.0,1.0,1,1.0,1.0,1.0,1.0,1.0,1,1.0,1.0,1.0,1.0,1.0,1,1.0,1.0,1.0,1.0,1.0
1481,no_strict_e1_improvement,0,,,,,1,0,1,1,1,1,1,4,0,0,-1,current,0,0,0.012751358095556498,0.012751358095556498,36,25,25,25,25,0,0,1,1.0,1.0,1.0,1.0,1.0,1,1.0,1.0,1.0,1.0,1.0,1,1.0,1.0,1.0,1.0,1.0,1,1.0,1.0,1.0,1.0,1.0
1482,no_strict_e1_improvement,0,,,,,1,0,1,1,1,1,1,4,0,0,-1,current,0,0,0.031784745887853204,0.031784745887853204,30,25,25,25,25,0,0,1,1.0,1.0,1.0,1.0,1.0,1,1.0,1.0,1.0,1.0,1.0,1,1.0,1.0,1.0,1.0,1.0,1,1.0,1.0,1.0,1.0,1.0
1483,no_strict_e1_improvement,0,,,,,1,0,1,1,1,1,1,4,0,0,-1,current,0,0,0.04248728235252201,0.04248728235252201,32,0,0,0,0,0,0,0,0.0,1.0,0.75,0.875,0.875,0,0.0,1.0,0.75,0.875,0.875,0,0.0,1.0,0.75,0.875,0.875,0,0.0,1.0,0.75,0.875,0.875
1484,no_strict_e1_improvement,0,,,,,1,0,1,1,1,1,1,4,0,0,-1,current,0,0,0.004873022809624672,0.004873022809624672,37,25,25,25,25,0,0,1,1.0,1.0,1.0,1.0,1.0,1,1.0,1.0,1.0,1.0,1.0,1,1.0,1.0,1.0,1.0,1.0,1,1.0,1.0,1.0,1.0,1.0
1485,no_strict_e1_improvement,0,,,,,1,0,1,1,1,1,1,4,0,0,-1,current,0,0,0.013434364995919167,0.013434364995919167,34,23,23,23,23,0,0,0,0.92,0.9,0.9,0.9,0.925,0,0.92,0.9,0.9,0.9,0.925,0,0.92,0.9,0.9,0.9,0.925,0,0.92,0.9,0.9,0.9,0.925
1486,no_strict_e1_improvement,0,,,,,1,0,1,1,1,1,1,4,0,0,-1,current,0,0,0.03155041795689613,0.03155041795689613,35,25,25,25,25,0,0,1,1.0,1.0,1.0,1.0,1.0,1,1.0,1.0,1.0,1.0,1.0,1,1.0,1.0,1.0,1.0,1.0,1,1.0,1.0,1.0,1.0,1.0
1487,no_strict_e1_improvement,0,,,,,1,0,1,1,1,1,1,4,0,0,-1,current,0,0,0.0,0.0,40,25,25,25,25,0,0,1,1.0,1.0,1.0,1.0,1.0,1,1.0,1.0,1.0,1.0,1.0,1,1.0,1.0,1.0,1.0,1.0,1,1.0,1.0,1.0,1.0,1.0
1488,no_strict_e1_improvement,0,,,,,1,0,1,1,1,2,2,4,0,0,-1,current,0,0,0.02160355318337679,0.02160355318337679,34,25,25,25,25,0,0,1,1.0,1.0,1.0,1.0,1.0,1,1.0,1.0,1.0,1.0,1.0,1,1.0,1.0,1.0,1.0,1.0,1,1.0,1.0,1.0,1.0,1.0
1489,no_strict_e1_improvement,0,,,,,1,0,1,1,1,1,1,4,0,0,-1,current,0,0,0.024952309479704126,0.024952309479704126,34,25,25,25,25,0,0,1,1.0,1.0,1.0,1.0,1.0,1,1.0,1.0,1.0,1.0,1.0,1,1.0,1.0,1.0,1.0,1.0,1,1.0,1.0,1.0,1.0,1.0
1490,no_strict_e1_improvement,0,,,,,1,0,1,1,1,1,1,4,0,0,-1,current,0,0,0.02124744886532426,0.02124744886532426,37,25,25,25,25,0,0,1,1.0,1.0,1.0,1.0,1.0,1,1.0,1.0,1.0,1.0,1.0,1,1.0,1.0,1.0,1.0,1.0,1,1.0,1.0,1.0,1.0,1.0
1491,max_rounds,0,,,,,1,1,6,6,6,23,23,4,0,2,0,s1a3_greedy,1,0,0.07215520078316331,0.01980429971590638,39,0,0,25,25,25,0,0,0.0,0.75,1.0,0.875,0.875,0,0.0,0.75,1.0,0.875,0.875,1,1.0,1.0,1.0,1.0,1.0,1,1.0,1.0,1.0,1.0,1.0
1492,no_strict_e1_improvement,0,,,,,1,0,1,1,1,1,1,4,0,0,-1,current,0,0,0.035687195928767325,0.035687195928767325,32,0,0,0,0,0,0,0,0.0,0.75,1.0,0.875,0.875,0,0.0,0.75,1.0,0.875,0.875,0,0.0,0.75,1.0,0.875,0.875,0,0.0,0.75,1.0,0.875,0.875
1493,no_strict_e1_improvement,0,,,,,1,0,1,1,1,1,1,4,0,0,-1,current,0,0,0.01931341513991356,0.01931341513991356,34,25,25,25,25,0,0,1,1.0,1.0,1.0,1.0,1.0,1,1.0,1.0,1.0,1.0,1.0,1,1.0,1.0,1.0,1.0,1.0,1,1.0,1.0,1.0,1.0,1.0
1494,no_strict_e1_improvement,0,,,,,1,0,1,1,1,1,1,4,0,0,-1,current,0,0,0.05909005617722869,0.05909005617722869,35,0,0,0,0,0,0,0,0.0,0.75,1.0,0.875,0.875,0,0.0,0.75,1.0,0.875,0.875,0,0.0,0.75,1.0,0.875,0.875,0,0.0,0.75,1.0,0.875,0.875
1495,no_strict_e1_improvement,0,,,,,1,0,1,1,1,1,1,4,0,0,-1,current,0,0,0.017419368650007528,0.017419368650007528,34,25,25,25,25,0,0,1,1.0,1.0,1.0,1.0,1.0,1,1.0,1.0,1.0,1.0,1.0,1,1.0,1.0,1.0,1.0,1.0,1,1.0,1.0,1.0,1.0,1.0
1496,max_rounds,0,,,,,1,1,4,3,3,11,11,4,0,-1,0,s1a3_greedy,1,0,0.09329486377537251,0.06452575325965881,30,2,2,22,22,20,0,0,0.08,0.7,0.75,0.725,0.75,0,0.08,0.7,0.75,0.725,0.75,0,0.88,0.85,0.85,0.85,0.85,0,0.88,0.85,0.85,0.85,0.85
1497,no_strict_e1_improvement,0,,,,,1,0,1,1,1,1,1,4,0,0,-1,current,0,0,0.018333098106086253,0.018333098106086253,36,25,25,25,25,0,0,1,1.0,1.0,1.0,1.0,1.0,1,1.0,1.0,1.0,1.0,1.0,1,1.0,1.0,1.0,1.0,1.0,1,1.0,1.0,1.0,1.0,1.0
1498,no_strict_e1_improvement,0,,,,,1,0,1,1,1,1,1,4,0,0,-1,current,0,0,0.0027363622561097146,0.0027363622561097146,39,25,25,25,25,0,0,1,1.0,1.0,1.0,1.0,1.0,1,1.0,1.0,1.0,1.0,1.0,1,1.0,1.0,1.0,1.0,1.0,1,1.0,1.0,1.0,1.0,1.0
1499,no_strict_e1_improvement,0,,,,,1,0,1,1,1,1,1,4,0,0,-1,current,0,0,0.0017220462672412396,0.0017220462672412396,38,25,25,25,25,0,0,1,1.0,1.0,1.0,1.0,1.0,1,1.0,1.0,1.0,1.0,1.0,1,1.0,1.0,1.0,1.0,1.0,1,1.0,1.0,1.0,1.0,1.0
1500,max_rounds,0,,,,,1,1,5,4,4,16,16,4,-1,-1,0,s1a3_greedy,1,0,0.04059916227270151,0.023417375090093628,22,16,16,1,1,-15,0,0,0.64,0.6,0.55,0.575,0.575,0,0.64,0.6,0.55,0.575,0.575,0,0.04,0.5,0.45,0.475,0.55,0,0.04,0.5,0.45,0.475,0.55
1501,no_strict_e1_improvement,0,,,,,1,0,2,2,2,6,6,4,0,0,-1,current,0,0,0.13997275608126075,0.13997275608126075,25,2,2,2,2,0,0,0,0.08,0.25,0.7,0.475,0.525,0,0.08,0.25,0.7,0.475,0.525,0,0.08,0.25,0.7,0.475,0.525,0,0.08,0.25,0.7,0.475,0.525
1502,no_strict_e1_improvement,0,,,,,1,0,2,2,2,7,7,4,0,0,-1,current,0,0,0.05183567733038217,0.05183567733038217,34,25,25,25,25,0,0,1,1.0,1.0,1.0,1.0,1.0,1,1.0,1.0,1.0,1.0,1.0,1,1.0,1.0,1.0,1.0,1.0,1,1.0,1.0,1.0,1.0,1.0
1503,no_strict_e1_improvement,0,,,,,1,0,2,2,2,8,8,4,0,0,-1,current,0,0,0.049019543186295776,0.049019543186295776,32,0,0,0,0,0,0,0,0.0,0.75,1.0,0.875,0.875,0,0.0,0.75,1.0,0.875,0.875,0,0.0,0.75,1.0,0.875,0.875,0,0.0,0.75,1.0,0.875,0.875
1504,no_strict_e1_improvement,0,,,,,1,0,1,1,1,1,1,4,0,0,-1,current,0,0,0.014963693858589977,0.014963693858589977,36,0,0,0,0,0,0,0,0.0,0.75,1.0,0.875,0.875,0,0.0,0.75,1.0,0.875,0.875,0,0.0,0.75,1.0,0.875,0.875,0,0.0,0.75,1.0,0.875,0.875
1505,no_strict_e1_improvement,0,,,,,1,0,1,1,1,1,1,4,0,0,-1,current,0,0,0.010830385517328978,0.010830385517328978,37,0,0,0,0,0,0,0,0.0,0.75,1.0,0.875,0.875,0,0.0,0.75,1.0,0.875,0.875,0,0.0,0.75,1.0,0.875,0.875,0,0.0,0.75,1.0,0.875,0.875
1506,no_strict_e1_improvement,0,,,,,1,0,1,1,1,1,1,4,0,0,-1,current,0,0,0.025322474341373892,0.025322474341373892,34,25,25,25,25,0,0,1,1.0,1.0,1.0,1.0,1.0,1,1.0,1.0,1.0,1.0,1.0,1,1.0,1.0,1.0,1.0,1.0,1,1.0,1.0,1.0,1.0,1.0
1507,max_rounds,0,,,,,1,1,3,2,2,7,7,4,-1,0,1,profiled_beam,1,1,0.09941115171532147,0.06241199101204984,32,0,0,0,0,0,0,0,0.0,0.65,0.6,0.625,0.625,0,0.0,0.65,0.6,0.625,0.625,0,0.0,0.65,0.65,0.65,0.65,0,0.0,0.75,0.75,0.75,0.75
1508,no_strict_e1_improvement,0,,,,,1,0,1,1,1,1,1,4,0,0,-1,current,0,0,0.069338980212342,0.069338980212342,31,0,0,0,0,0,0,0,0.0,0.75,1.0,0.875,0.875,0,0.0,0.75,1.0,0.875,0.875,0,0.0,0.75,1.0,0.875,0.875,0,0.0,0.75,1.0,0.875,0.875
1509,no_strict_e1_improvement,0,,,,,1,0,1,1,1,1,1,4,0,0,-1,current,0,0,0.0,0.0,40,25,25,25,25,0,0,1,1.0,1.0,1.0,1.0,1.0,1,1.0,1.0,1.0,1.0,1.0,1,1.0,1.0,1.0,1.0,1.0,1,1.0,1.0,1.0,1.0,1.0
1510,no_strict_e1_improvement,0,,,,,1,0,1,1,1,1,1,4,0,0,-1,current,0,0,0.013693726315977983,0.013693726315977983,39,0,0,0,0,0,0,0,0.0,0.75,1.0,0.875,0.875,0,0.0,0.75,1.0,0.875,0.875,0,0.0,0.75,1.0,0.875,0.875,0,0.0,0.75,1.0,0.875,0.875
1511,max_rounds,0,,,,,1,1,3,2,2,8,8,4,0,0,1,profiled_beam,1,1,0.1282433629501611,0.12408169195987284,27,10,10,10,10,0,0,0,0.4,0.5,0.9,0.7,0.725,0,0.4,0.5,0.9,0.7,0.725,0,0.4,0.5,0.9,0.7,0.725,0,0.4,0.5,0.9,0.7,0.725
1512,no_strict_e1_improvement,0,,,,,1,0,1,1,1,1,1,4,0,0,-1,current,0,0,0.01133303779643029,0.01133303779643029,36,25,25,25,25,0,0,1,1.0,1.0,1.0,1.0,1.0,1,1.0,1.0,1.0,1.0,1.0,1,1.0,1.0,1.0,1.0,1.0,1,1.0,1.0,1.0,1.0,1.0
1513,max_rounds,0,,,,,1,1,3,2,2,6,6,4,0,-1,0,s1a3_greedy,1,0,0.12815862274728715,0.08210954046808183,28,0,0,0,0,0,0,0,0.0,0.6,0.9,0.75,0.75,0,0.0,0.6,0.9,0.75,0.75,0,0.0,0.75,1.0,0.875,0.875,0,0.0,0.75,1.0,0.875,0.875
1514,no_strict_e1_improvement,0,,,,,1,0,1,1,1,1,1,4,0,0,-1,current,0,0,0.008931499253958464,0.008931499253958464,37,25,25,25,25,0,0,1,1.0,1.0,1.0,1.0,1.0,1,1.0,1.0,1.0,1.0,1.0,1,1.0,1.0,1.0,1.0,1.0,1,1.0,1.0,1.0,1.0,1.0
1515,max_rounds,0,,,,,1,1,2,1,1,3,3,4,0,0,1,profiled_beam,1,1,0.0557403601356782,0.040578256326261906,33,1,1,1,0,-1,-1,0,0.04,0.65,0.9,0.775,0.8,0,0.04,0.65,0.9,0.775,0.8,0,0.04,0.65,0.9,0.775,0.8,0,0.0,0.75,1.0,0.875,0.875
1516,no_strict_e1_improvement,0,,,,,1,0,1,1,1,1,1,4,0,0,-1,current,0,0,0.06145001258701086,0.06145001258701086,35,0,0,0,0,0,0,0,0.0,0.75,1.0,0.875,0.875,0,0.0,0.75,1.0,0.875,0.875,0,0.0,0.75,1.0,0.875,0.875,0,0.0,0.75,1.0,0.875,0.875
1517,no_strict_e1_improvement,0,,,,,1,0,1,1,1,1,1,4,0,0,-1,current,0,0,0.002272998366970569,0.002272998366970569,40,25,25,25,25,0,0,1,1.0,1.0,1.0,1.0,1.0,1,1.0,1.0,1.0,1.0,1.0,1,1.0,1.0,1.0,1.0,1.0,1,1.0,1.0,1.0,1.0,1.0
1518,no_strict_e1_improvement,0,,,,,1,0,1,1,1,1,1,4,0,0,-1,current,0,0,0.012888633273541927,0.012888633273541927,37,25,25,25,25,0,0,1,1.0,1.0,1.0,1.0,1.0,1,1.0,1.0,1.0,1.0,1.0,1,1.0,1.0,1.0,1.0,1.0,1,1.0,1.0,1.0,1.0,1.0
1519,no_strict_e1_improvement,0,,,,,1,0,1,1,1,3,3,4,0,0,-1,current,0,0,0.021357693639583886,0.021357693639583886,33,25,25,25,25,0,0,1,1.0,1.0,1.0,1.0,1.0,1,1.0,1.0,1.0,1.0,1.0,1,1.0,1.0,1.0,1.0,1.0,1,1.0,1.0,1.0,1.0,1.0
1520,no_strict_e1_improvement,0,,,,,1,0,1,1,1,1,1,4,0,0,-1,current,0,0,0.02015259340405464,0.02015259340405464,38,0,0,0,0,0,0,0,0.0,0.75,1.0,0.875,0.875,0,0.0,0.75,1.0,0.875,0.875,0,0.0,0.75,1.0,0.875,0.875,0,0.0,0.75,1.0,0.875,0.875
1521,no_strict_e1_improvement,0,,,,,1,0,1,1,1,1,1,4,0,0,-1,current,0,0,0.035790277272462846,0.035790277272462846,35,0,0,0,0,0,0,0,0.0,0.75,1.0,0.875,0.875,0,0.0,0.75,1.0,0.875,0.875,0,0.0,0.75,1.0,0.875,0.875,0,0.0,0.75,1.0,0.875,0.875
1522,no_strict_e1_improvement,0,,,,,1,0,1,1,1,1,1,4,0,0,-1,current,0,0,0.014263590739574283,0.014263590739574283,35,25,25,25,25,0,0,1,1.0,1.0,1.0,1.0,1.0,1,1.0,1.0,1.0,1.0,1.0,1,1.0,1.0,1.0,1.0,1.0,1,1.0,1.0,1.0,1.0,1.0
1523,no_strict_e1_improvement,0,,,,,1,0,1,1,1,1,1,4,0,0,-1,current,0,0,0.011836757860146463,0.011836757860146463,30,25,25,25,25,0,0,1,1.0,1.0,1.0,1.0,1.0,1,1.0,1.0,1.0,1.0,1.0,1,1.0,1.0,1.0,1.0,1.0,1,1.0,1.0,1.0,1.0,1.0
1524,no_strict_e1_improvement,0,,,,,1,0,1,1,1,1,1,4,0,0,-1,current,0,0,0.011839341215090827,0.011839341215090827,37,0,0,0,0,0,0,0,0.0,0.75,1.0,0.875,0.875,0,0.0,0.75,1.0,0.875,0.875,0,0.0,0.75,1.0,0.875,0.875,0,0.0,0.75,1.0,0.875,0.875
1525,no_strict_e1_improvement,0,,,,,1,0,1,1,1,4,4,4,0,0,-1,current,0,0,0.0348138720728457,0.0348138720728457,33,25,25,25,25,0,0,1,1.0,1.0,1.0,1.0,1.0,1,1.0,1.0,1.0,1.0,1.0,1,1.0,1.0,1.0,1.0,1.0,1,1.0,1.0,1.0,1.0,1.0
1526,no_strict_e1_improvement,0,,,,,1,0,1,1,1,1,1,4,0,0,-1,current,0,0,0.0973610411514528,0.0973610411514528,28,2,2,2,2,0,0,0,0.08,0.65,0.8,0.725,0.725,0,0.08,0.65,0.8,0.725,0.725,0,0.08,0.65,0.8,0.725,0.725,0,0.08,0.65,0.8,0.725,0.725
1527,no_strict_e1_improvement,0,,,,,1,0,1,1,1,1,1,4,0,0,-1,current,0,0,0.04526160005480051,0.04526160005480051,31,25,25,25,25,0,0,1,1.0,1.0,1.0,1.0,1.0,1,1.0,1.0,1.0,1.0,1.0,1,1.0,1.0,1.0,1.0,1.0,1,1.0,1.0,1.0,1.0,1.0
1528,no_strict_e1_improvement,0,,,,,1,0,1,1,1,2,2,4,0,0,-1,current,0,0,0.0658172273542732,0.0658172273542732,32,0,0,0,0,0,0,0,0.0,0.75,0.95,0.85,0.85,0,0.0,0.75,0.95,0.85,0.85,0,0.0,0.75,0.95,0.85,0.85,0,0.0,0.75,0.95,0.85,0.85
1529,no_strict_e1_improvement,0,,,,,1,0,2,2,2,8,8,4,0,0,-1,current,0,0,0.05179817718453705,0.05179817718453705,33,23,23,23,23,0,0,0,0.92,0.9,0.9,0.9,0.925,0,0.92,0.9,0.9,0.9,0.925,0,0.92,0.9,0.9,0.9,0.925,0,0.92,0.9,0.9,0.9,0.925
1530,no_strict_e1_improvement,0,,,,,1,0,1,1,1,1,1,4,0,0,-1,current,0,0,0.012966693937778473,0.012966693937778473,37,0,0,0,0,0,0,0,0.0,0.75,1.0,0.875,0.875,0,0.0,0.75,1.0,0.875,0.875,0,0.0,0.75,1.0,0.875,0.875,0,0.0,0.75,1.0,0.875,0.875
1531,no_strict_e1_improvement,0,,,,,1,0,1,1,1,1,1,4,0,0,-1,current,0,0,0.013277143286541105,0.013277143286541105,34,25,25,25,25,0,0,1,1.0,1.0,1.0,1.0,1.0,1,1.0,1.0,1.0,1.0,1.0,1,1.0,1.0,1.0,1.0,1.0,1,1.0,1.0,1.0,1.0,1.0
1532,no_strict_e1_improvement,0,,,,,1,0,1,1,1,1,1,4,0,0,-1,current,0,0,0.0035458542057313024,0.0035458542057313024,40,25,25,25,25,0,0,1,1.0,1.0,1.0,1.0,1.0,1,1.0,1.0,1.0,1.0,1.0,1,1.0,1.0,1.0,1.0,1.0,1,1.0,1.0,1.0,1.0,1.0
1533,no_strict_e1_improvement,0,,,,,1,0,4,3,3,12,12,4,0,0,-1,current,0,0,0.03158691006246954,0.03158691006246954,30,23,23,23,23,0,0,0,0.92,0.85,0.9,0.875,0.925,0,0.92,0.85,0.9,0.875,0.925,0,0.92,0.85,0.9,0.875,0.925,0,0.92,0.85,0.9,0.875,0.925
1534,no_strict_e1_improvement,0,,,,,1,0,1,1,1,4,4,4,0,0,-1,current,0,0,0.03984731911041308,0.03984731911041308,30,25,25,25,25,0,0,1,1.0,1.0,1.0,1.0,1.0,1,1.0,1.0,1.0,1.0,1.0,1,1.0,1.0,1.0,1.0,1.0,1,1.0,1.0,1.0,1.0,1.0
1535,no_strict_e1_improvement,0,,,,,1,0,1,1,1,1,1,4,0,0,-1,current,0,0,0.0019328147172927856,0.0019328147172927856,39,25,25,25,25,0,0,1,1.0,1.0,1.0,1.0,1.0,1,1.0,1.0,1.0,1.0,1.0,1,1.0,1.0,1.0,1.0,1.0,1,1.0,1.0,1.0,1.0,1.0
1536,no_strict_e1_improvement,0,,,,,1,0,1,1,1,1,1,4,0,0,-1,current,0,0,0.005069401115179062,0.005069401115179062,39,25,25,25,25,0,0,1,1.0,1.0,1.0,1.0,1.0,1,1.0,1.0,1.0,1.0,1.0,1,1.0,1.0,1.0,1.0,1.0,1,1.0,1.0,1.0,1.0,1.0
1537,no_strict_e1_improvement,0,,,,,1,0,2,2,2,6,6,4,0,0,-1,current,0,0,0.04638358808588237,0.04638358808588237,32,0,0,0,0,0,0,0,0.0,0.75,1.0,0.875,0.875,0,0.0,0.75,1.0,0.875,0.875,0,0.0,0.75,1.0,0.875,0.875,0,0.0,0.75,1.0,0.875,0.875
1538,no_strict_e1_improvement,0,,,,,1,0,1,1,1,1,1,4,0,0,-1,current,0,0,0.0033939320361241697,0.0033939320361241697,39,25,25,25,25,0,0,1,1.0,1.0,1.0,1.0,1.0,1,1.0,1.0,1.0,1.0,1.0,1,1.0,1.0,1.0,1.0,1.0,1,1.0,1.0,1.0,1.0,1.0
1539,max_rounds,0,,,,,1,1,2,1,1,2,2,4,0,0,0,s1a3_greedy,1,0,0.01688339882530272,0.01577794796321541,33,25,25,23,23,-2,0,1,1.0,1.0,1.0,1.0,1.0,1,1.0,1.0,1.0,1.0,1.0,0,0.92,0.9,0.9,0.9,0.925,0,0.92,0.9,0.9,0.9,0.925
1540,no_strict_e1_improvement,0,,,,,1,0,1,1,1,1,1,4,0,0,-1,current,0,0,0.013088866602629423,0.013088866602629423,36,25,25,25,25,0,0,1,1.0,1.0,1.0,1.0,1.0,1,1.0,1.0,1.0,1.0,1.0,1,1.0,1.0,1.0,1.0,1.0,1,1.0,1.0,1.0,1.0,1.0
1541,no_strict_e1_improvement,0,,,,,1,0,1,1,1,1,1,4,0,0,-1,current,0,0,0.01859464109875262,0.01859464109875262,37,25,25,25,25,0,0,1,1.0,1.0,1.0,1.0,1.0,1,1.0,1.0,1.0,1.0,1.0,1,1.0,1.0,1.0,1.0,1.0,1,1.0,1.0,1.0,1.0,1.0
1542,no_strict_e1_improvement,0,,,,,1,0,1,1,1,1,1,4,0,0,-1,current,0,0,0.007990566012449563,0.007990566012449563,36,25,25,25,25,0,0,1,1.0,1.0,1.0,1.0,1.0,1,1.0,1.0,1.0,1.0,1.0,1,1.0,1.0,1.0,1.0,1.0,1,1.0,1.0,1.0,1.0,1.0
1543,max_rounds,0,,,,,1,1,10,9,9,35,35,4,-1,0,1,profiled_beam,1,1,0.13250316989142447,0.07639283582102507,22,1,1,0,23,22,23,0,0.04,0.85,0.45,0.65,0.65,0,0.04,0.85,0.45,0.65,0.65,0,0.0,0.9,0.45,0.675,0.675,0,0.92,0.9,0.9,0.9,0.925
1544,no_strict_e1_improvement,0,,,,,1,0,1,1,1,1,1,4,0,0,-1,current,0,0,0.019459502858808264,0.019459502858808264,34,25,25,25,25,0,0,1,1.0,1.0,1.0,1.0,1.0,1,1.0,1.0,1.0,1.0,1.0,1,1.0,1.0,1.0,1.0,1.0,1,1.0,1.0,1.0,1.0,1.0
1545,no_strict_e1_improvement,0,,,,,1,0,1,1,1,1,1,4,0,0,-1,current,0,0,0.041427375114290045,0.041427375114290045,33,0,0,0,0,0,0,0,0.0,0.75,0.75,0.75,0.75,0,0.0,0.75,0.75,0.75,0.75,0,0.0,0.75,0.75,0.75,0.75,0,0.0,0.75,0.75,0.75,0.75
1546,no_strict_e1_improvement,0,,,,,1,0,1,1,1,1,1,4,0,0,-1,current,0,0,0.014278880995698273,0.014278880995698273,31,25,25,25,25,0,0,1,1.0,1.0,1.0,1.0,1.0,1,1.0,1.0,1.0,1.0,1.0,1,1.0,1.0,1.0,1.0,1.0,1,1.0,1.0,1.0,1.0,1.0
1547,no_strict_e1_improvement,0,,,,,1,0,1,1,1,1,1,4,0,0,-1,current,0,0,0.0010786212980747223,0.0010786212980747223,40,25,25,25,25,0,0,1,1.0,1.0,1.0,1.0,1.0,1,1.0,1.0,1.0,1.0,1.0,1,1.0,1.0,1.0,1.0,1.0,1,1.0,1.0,1.0,1.0,1.0
1548,no_strict_e1_improvement,0,,,,,1,0,1,1,1,1,1,4,0,0,-1,current,0,0,0.01873708083294332,0.01873708083294332,36,25,25,25,25,0,0,1,1.0,1.0,1.0,1.0,1.0,1,1.0,1.0,1.0,1.0,1.0,1,1.0,1.0,1.0,1.0,1.0,1,1.0,1.0,1.0,1.0,1.0
1549,no_strict_e1_improvement,0,,,,,1,0,1,1,1,1,1,4,0,0,-1,current,0,0,0.007610961335012689,0.007610961335012689,36,1,1,1,1,0,0,0,0.04,0.7,0.9,0.8,0.8,0,0.04,0.7,0.9,0.8,0.8,0,0.04,0.7,0.9,0.8,0.8,0,0.04,0.7,0.9,0.8,0.8
1550,no_strict_e1_improvement,0,,,,,1,0,1,1,1,1,1,4,0,0,-1,current,0,0,0.0,0.0,40,25,25,25,25,0,0,1,1.0,1.0,1.0,1.0,1.0,1,1.0,1.0,1.0,1.0,1.0,1,1.0,1.0,1.0,1.0,1.0,1,1.0,1.0,1.0,1.0,1.0
1551,no_strict_e1_improvement,0,,,,,1,0,1,1,1,4,4,4,0,0,-1,current,0,0,0.0626728237955831,0.0626728237955831,29,0,0,0,0,0,0,0,0.0,0.75,1.0,0.875,0.875,0,0.0,0.75,1.0,0.875,0.875,0,0.0,0.75,1.0,0.875,0.875,0,0.0,0.75,1.0,0.875,0.875
1552,no_strict_e1_improvement,0,,,,,1,0,1,1,1,1,1,4,0,0,-1,current,0,0,0.04536282226908952,0.04536282226908952,34,0,0,0,0,0,0,0,0.0,0.75,1.0,0.875,0.875,0,0.0,0.75,1.0,0.875,0.875,0,0.0,0.75,1.0,0.875,0.875,0,0.0,0.75,1.0,0.875,0.875
1553,no_strict_e1_improvement,0,,,,,1,0,1,1,1,2,2,4,0,0,-1,current,0,0,0.029078404977917673,0.029078404977917673,36,22,22,22,22,0,0,0,0.88,0.85,0.85,0.85,0.85,0,0.88,0.85,0.85,0.85,0.85,0,0.88,0.85,0.85,0.85,0.85,0,0.88,0.85,0.85,0.85,0.85
1554,no_strict_e1_improvement,0,,,,,1,0,1,1,1,1,1,4,0,0,-1,current,0,0,0.03569460711441934,0.03569460711441934,33,25,25,25,25,0,0,1,1.0,1.0,1.0,1.0,1.0,1,1.0,1.0,1.0,1.0,1.0,1,1.0,1.0,1.0,1.0,1.0,1,1.0,1.0,1.0,1.0,1.0
1555,no_strict_e1_improvement,0,,,,,1,0,1,1,1,1,1,4,0,0,-1,current,0,0,0.0036445055622607468,0.0036445055622607468,38,25,25,25,25,0,0,1,1.0,1.0,1.0,1.0,1.0,1,1.0,1.0,1.0,1.0,1.0,1,1.0,1.0,1.0,1.0,1.0,1,1.0,1.0,1.0,1.0,1.0
1556,no_strict_e1_improvement,0,,,,,1,0,1,1,1,1,1,4,0,0,-1,current,0,0,0.0,0.0,40,25,25,25,25,0,0,1,1.0,1.0,1.0,1.0,1.0,1,1.0,1.0,1.0,1.0,1.0,1,1.0,1.0,1.0,1.0,1.0,1,1.0,1.0,1.0,1.0,1.0
1557,no_strict_e1_improvement,0,,,,,1,0,1,1,1,1,1,4,0,0,-1,current,0,0,0.011589632928371429,0.011589632928371429,38,25,25,25,25,0,0,1,1.0,1.0,1.0,1.0,1.0,1,1.0,1.0,1.0,1.0,1.0,1,1.0,1.0,1.0,1.0,1.0,1,1.0,1.0,1.0,1.0,1.0
1558,no_strict_e1_improvement,0,,,,,1,0,1,1,1,1,1,4,0,0,-1,current,0,0,0.011169879510998727,0.011169879510998727,38,25,25,25,25,0,0,1,1.0,1.0,1.0,1.0,1.0,1,1.0,1.0,1.0,1.0,1.0,1,1.0,1.0,1.0,1.0,1.0,1,1.0,1.0,1.0,1.0,1.0
1559,no_strict_e1_improvement,0,,,,,1,0,1,1,1,1,1,4,0,0,-1,current,0,0,0.07021106604952365,0.07021106604952365,30,0,0,0,0,0,0,0,0.0,0.75,1.0,0.875,0.875,0,0.0,0.75,1.0,0.875,0.875,0,0.0,0.75,1.0,0.875,0.875,0,0.0,0.75,1.0,0.875,0.875
1560,no_strict_e1_improvement,0,,,,,1,0,1,1,1,1,1,4,0,0,-1,current,0,0,0.033046920457854866,0.033046920457854866,33,0,0,0,0,0,0,0,0.0,0.75,1.0,0.875,0.875,0,0.0,0.75,1.0,0.875,0.875,0,0.0,0.75,1.0,0.875,0.875,0,0.0,0.75,1.0,0.875,0.875
1561,no_strict_e1_improvement,0,,,,,1,0,1,1,1,1,1,4,0,0,-1,current,0,0,0.02061136858537793,0.02061136858537793,39,25,25,25,25,0,0,1,1.0,1.0,1.0,1.0,1.0,1,1.0,1.0,1.0,1.0,1.0,1,1.0,1.0,1.0,1.0,1.0,1,1.0,1.0,1.0,1.0,1.0
1562,no_strict_e1_improvement,0,,,,,1,0,1,1,1,2,2,4,0,0,-1,current,0,0,0.038731639413163065,0.038731639413163065,30,25,25,25,25,0,0,1,1.0,1.0,1.0,1.0,1.0,1,1.0,1.0,1.0,1.0,1.0,1,1.0,1.0,1.0,1.0,1.0,1,1.0,1.0,1.0,1.0,1.0
1563,no_strict_e1_improvement,0,,,,,1,0,1,1,1,2,2,4,0,0,-1,current,0,0,0.031338376947678624,0.031338376947678624,23,25,25,25,25,0,0,1,1.0,1.0,1.0,1.0,1.0,1,1.0,1.0,1.0,1.0,1.0,1,1.0,1.0,1.0,1.0,1.0,1,1.0,1.0,1.0,1.0,1.0
1564,no_strict_e1_improvement,0,,,,,1,0,1,1,1,1,1,4,0,0,-1,current,0,0,0.050894965810584836,0.050894965810584836,32,1,1,1,1,0,0,0,0.04,0.6,0.9,0.75,0.775,0,0.04,0.6,0.9,0.75,0.775,0,0.04,0.6,0.9,0.75,0.775,0,0.04,0.6,0.9,0.75,0.775
1565,no_strict_e1_improvement,0,,,,,1,0,1,1,1,1,1,4,0,0,-1,current,0,0,0.029385627643205226,0.029385627643205226,32,25,25,25,25,0,0,1,1.0,1.0,1.0,1.0,1.0,1,1.0,1.0,1.0,1.0,1.0,1,1.0,1.0,1.0,1.0,1.0,1,1.0,1.0,1.0,1.0,1.0
1566,no_strict_e1_improvement,0,,,,,1,0,1,1,1,1,1,4,0,0,-1,current,0,0,0.003789018443785608,0.003789018443785608,37,25,25,25,25,0,0,1,1.0,1.0,1.0,1.0,1.0,1,1.0,1.0,1.0,1.0,1.0,1,1.0,1.0,1.0,1.0,1.0,1,1.0,1.0,1.0,1.0,1.0
1567,no_strict_e1_improvement,0,,,,,1,0,1,1,1,2,2,4,0,0,-1,current,0,0,0.08913449309766293,0.08913449309766293,26,0,0,0,0,0,0,0,0.0,0.75,0.9,0.825,0.825,0,0.0,0.75,0.9,0.825,0.825,0,0.0,0.75,0.9,0.825,0.825,0,0.0,0.75,0.9,0.825,0.825
1568,max_rounds,0,,,,,1,1,4,3,3,10,10,4,0,1,0,s1a3_greedy,1,0,0.19572498109191655,0.10690668681636453,31,5,5,10,10,5,0,0,0.2,0.25,0.95,0.6,0.6,0,0.2,0.25,0.95,0.6,0.6,0,0.4,0.5,1.0,0.75,0.75,0,0.4,0.5,1.0,0.75,0.75
1569,max_rounds,0,,,,,1,1,3,2,2,7,7,4,-1,0,1,profiled_beam,1,1,0.07205889169126749,0.0639253493398428,31,0,0,0,0,0,0,0,0.0,0.7,0.6,0.65,0.65,0,0.0,0.7,0.6,0.65,0.65,0,0.0,0.7,0.6,0.65,0.65,0,0.0,0.65,0.7,0.675,0.675
1570,no_strict_e1_improvement,0,,,,,1,0,1,1,1,1,1,4,0,0,-1,current,0,0,0.004685287759639323,0.004685287759639323,37,25,25,25,25,0,0,1,1.0,1.0,1.0,1.0,1.0,1,1.0,1.0,1.0,1.0,1.0,1,1.0,1.0,1.0,1.0,1.0,1,1.0,1.0,1.0,1.0,1.0
1571,no_strict_e1_improvement,0,,,,,1,0,1,1,1,1,1,4,0,0,-1,current,0,0,0.017242213734425603,0.017242213734425603,33,0,0,0,0,0,0,0,0.0,0.75,1.0,0.875,0.875,0,0.0,0.75,1.0,0.875,0.875,0,0.0,0.75,1.0,0.875,0.875,0,0.0,0.75,1.0,0.875,0.875
1572,no_strict_e1_improvement,0,,,,,1,0,1,1,1,1,1,4,0,0,-1,current,0,0,0.01946200793609023,0.01946200793609023,31,25,25,25,25,0,0,1,1.0,1.0,1.0,1.0,1.0,1,1.0,1.0,1.0,1.0,1.0,1,1.0,1.0,1.0,1.0,1.0,1,1.0,1.0,1.0,1.0,1.0
1573,no_strict_e1_improvement,0,,,,,1,0,1,1,1,1,1,4,0,0,-1,current,0,0,0.007666898053139448,0.007666898053139448,37,25,25,25,25,0,0,1,1.0,1.0,1.0,1.0,1.0,1,1.0,1.0,1.0,1.0,1.0,1,1.0,1.0,1.0,1.0,1.0,1,1.0,1.0,1.0,1.0,1.0
1574,no_strict_e1_improvement,0,,,,,1,0,1,1,1,1,1,4,0,0,-1,current,0,0,0.030514608498197048,0.030514608498197048,30,0,0,0,0,0,0,0,0.0,0.75,1.0,0.875,0.875,0,0.0,0.75,1.0,0.875,0.875,0,0.0,0.75,1.0,0.875,0.875,0,0.0,0.75,1.0,0.875,0.875
1575,no_strict_e1_improvement,0,,,,,1,0,1,1,1,2,2,4,0,0,-1,current,0,0,0.056845904155488826,0.056845904155488826,29,25,25,25,25,0,0,1,1.0,1.0,1.0,1.0,1.0,1,1.0,1.0,1.0,1.0,1.0,1,1.0,1.0,1.0,1.0,1.0,1,1.0,1.0,1.0,1.0,1.0
1576,no_strict_e1_improvement,0,,,,,1,0,1,1,1,1,1,4,0,0,-1,current,0,0,0.021089663775637747,0.021089663775637747,37,0,0,0,0,0,0,0,0.0,0.75,1.0,0.875,0.875,0,0.0,0.75,1.0,0.875,0.875,0,0.0,0.75,1.0,0.875,0.875,0,0.0,0.75,1.0,0.875,0.875
1577,no_strict_e1_improvement,0,,,,,1,0,1,1,1,1,1,4,0,0,-1,current,0,0,0.021999388397671283,0.021999388397671283,32,0,0,0,0,0,0,0,0.0,0.65,0.9,0.775,0.775,0,0.0,0.65,0.9,0.775,0.775,0,0.0,0.65,0.9,0.775,0.775,0,0.0,0.65,0.9,0.775,0.775
1578,no_strict_e1_improvement,0,,,,,1,0,1,1,1,1,1,4,0,0,-1,current,0,0,0.018747645197436213,0.018747645197436213,36,25,25,25,25,0,0,1,1.0,1.0,1.0,1.0,1.0,1,1.0,1.0,1.0,1.0,1.0,1,1.0,1.0,1.0,1.0,1.0,1,1.0,1.0,1.0,1.0,1.0
1579,no_strict_e1_improvement,0,,,,,1,0,1,1,1,1,1,4,0,0,-1,current,0,0,0.03207030268386006,0.03207030268386006,35,25,25,25,25,0,0,1,1.0,1.0,1.0,1.0,1.0,1,1.0,1.0,1.0,1.0,1.0,1,1.0,1.0,1.0,1.0,1.0,1,1.0,1.0,1.0,1.0,1.0
1580,max_rounds,0,,,,,1,1,3,2,2,7,7,4,0,-1,0,s1a3_greedy,1,0,0.09125709161162376,0.04131360724568367,35,1,1,0,0,-1,0,0,0.04,0.75,0.75,0.75,0.775,0,0.04,0.75,0.75,0.75,0.775,0,0.0,0.95,0.75,0.85,0.85,0,0.0,0.95,0.75,0.85,0.85
1581,no_strict_e1_improvement,0,,,,,1,0,1,1,1,1,1,4,0,0,-1,current,0,0,0.01987725533545017,0.01987725533545017,36,25,25,25,25,0,0,1,1.0,1.0,1.0,1.0,1.0,1,1.0,1.0,1.0,1.0,1.0,1,1.0,1.0,1.0,1.0,1.0,1,1.0,1.0,1.0,1.0,1.0
1582,no_strict_e1_improvement,0,,,,,1,0,1,1,1,1,1,4,0,0,-1,current,0,0,0.010661754454486073,0.010661754454486073,35,0,0,0,0,0,0,0,0.0,0.75,1.0,0.875,0.875,0,0.0,0.75,1.0,0.875,0.875,0,0.0,0.75,1.0,0.875,0.875,0,0.0,0.75,1.0,0.875,0.875
1583,no_strict_e1_improvement,0,,,,,1,0,1,1,1,4,4,4,0,0,-1,current,0,0,0.04532562023960054,0.04532562023960054,27,25,25,25,25,0,0,1,1.0,1.0,1.0,1.0,1.0,1,1.0,1.0,1.0,1.0,1.0,1,1.0,1.0,1.0,1.0,1.0,1,1.0,1.0,1.0,1.0,1.0
1584,max_rounds,0,,,,,1,1,2,1,1,4,4,4,0,0,1,profiled_beam,1,1,0.05323030105791986,0.045598457055166366,27,23,23,23,25,2,2,0,0.92,0.85,0.8,0.825,0.85,0,0.92,0.85,0.8,0.825,0.85,0,0.92,0.85,0.8,0.825,0.85,1,1.0,1.0,1.0,1.0,1.0
1585,no_strict_e1_improvement,0,,,,,1,0,1,1,1,1,1,4,0,0,-1,current,0,0,0.014784038811922074,0.014784038811922074,37,0,0,0,0,0,0,0,0.0,0.75,1.0,0.875,0.875,0,0.0,0.75,1.0,0.875,0.875,0,0.0,0.75,1.0,0.875,0.875,0,0.0,0.75,1.0,0.875,0.875
1586,no_strict_e1_improvement,0,,,,,1,0,1,1,1,1,1,4,0,0,-1,current,0,0,0.00497944422531873,0.00497944422531873,39,25,25,25,25,0,0,1,1.0,1.0,1.0,1.0,1.0,1,1.0,1.0,1.0,1.0,1.0,1,1.0,1.0,1.0,1.0,1.0,1,1.0,1.0,1.0,1.0,1.0
1587,no_strict_e1_improvement,0,,,,,1,0,1,1,1,1,1,4,0,0,-1,current,0,0,0.005119111575186253,0.005119111575186253,37,25,25,25,25,0,0,1,1.0,1.0,1.0,1.0,1.0,1,1.0,1.0,1.0,1.0,1.0,1,1.0,1.0,1.0,1.0,1.0,1,1.0,1.0,1.0,1.0,1.0
1588,no_strict_e1_improvement,0,,,,,1,0,1,1,1,1,1,4,0,0,-1,current,0,0,0.02681229112786241,0.02681229112786241,37,0,0,0,0,0,0,0,0.0,0.75,1.0,0.875,0.875,0,0.0,0.75,1.0,0.875,0.875,0,0.0,0.75,1.0,0.875,0.875,0,0.0,0.75,1.0,0.875,0.875
1589,max_rounds,0,,,,,1,1,2,1,1,4,4,4,0,0,1,profiled_beam,1,1,0.053943952172994615,0.042392732971347866,33,0,0,0,0,0,0,0,0.0,0.65,0.85,0.75,0.75,0,0.0,0.65,0.85,0.75,0.75,0,0.0,0.65,0.85,0.75,0.75,0,0.0,0.75,1.0,0.875,0.875
1590,no_strict_e1_improvement,0,,,,,1,0,1,1,1,4,4,4,0,0,-1,current,0,0,0.03543264332110994,0.03543264332110994,35,25,25,25,25,0,0,1,1.0,1.0,1.0,1.0,1.0,1,1.0,1.0,1.0,1.0,1.0,1,1.0,1.0,1.0,1.0,1.0,1,1.0,1.0,1.0,1.0,1.0
1591,no_strict_e1_improvement,0,,,,,1,0,1,1,1,1,1,4,0,0,-1,current,0,0,0.005045767888077535,0.005045767888077535,36,0,0,0,0,0,0,0,0.0,0.75,1.0,0.875,0.875,0,0.0,0.75,1.0,0.875,0.875,0,0.0,0.75,1.0,0.875,0.875,0,0.0,0.75,1.0,0.875,0.875
1592,no_strict_e1_improvement,0,,,,,1,0,1,1,1,1,1,4,0,0,-1,current,0,0,0.009996495555969886,0.009996495555969886,35,25,25,25,25,0,0,1,1.0,1.0,1.0,1.0,1.0,1,1.0,1.0,1.0,1.0,1.0,1,1.0,1.0,1.0,1.0,1.0,1,1.0,1.0,1.0,1.0,1.0
1593,no_strict_e1_improvement,0,,,,,1,0,1,1,1,2,2,4,0,0,-1,current,0,0,0.014796865521930158,0.014796865521930158,36,25,25,25,25,0,0,1,1.0,1.0,1.0,1.0,1.0,1,1.0,1.0,1.0,1.0,1.0,1,1.0,1.0,1.0,1.0,1.0,1,1.0,1.0,1.0,1.0,1.0
1594,no_strict_e1_improvement,0,,,,,1,0,1,1,1,1,1,4,0,0,-1,current,0,0,0.011159221711568534,0.011159221711568534,36,25,25,25,25,0,0,1,1.0,1.0,1.0,1.0,1.0,1,1.0,1.0,1.0,1.0,1.0,1,1.0,1.0,1.0,1.0,1.0,1,1.0,1.0,1.0,1.0,1.0
1595,max_rounds,0,,,,,1,1,3,2,2,6,6,4,-1,0,0,s1a3_greedy,1,0,0.10281573827378451,0.03572325254790485,33,0,0,25,25,25,0,0,0.0,0.95,0.75,0.85,0.85,0,0.0,0.95,0.75,0.85,0.85,1,1.0,1.0,1.0,1.0,1.0,1,1.0,1.0,1.0,1.0,1.0
1596,no_strict_e1_improvement,0,,,,,1,0,1,1,1,2,2,4,0,0,-1,current,0,0,0.024956346495309846,0.024956346495309846,33,5,5,5,5,0,0,0,0.2,0.8,0.75,0.775,0.775,0,0.2,0.8,0.75,0.775,0.775,0,0.2,0.8,0.75,0.775,0.775,0,0.2,0.8,0.75,0.775,0.775
1597,max_rounds,0,,,,,1,1,4,3,3,10,10,4,-2,0,1,profiled_beam,1,1,0.04786077757598832,0.03353304575430229,34,25,25,25,0,-25,-25,1,1.0,1.0,1.0,1.0,1.0,1,1.0,1.0,1.0,1.0,1.0,1,1.0,1.0,1.0,1.0,1.0,0,0.0,1.0,0.75,0.875,0.875
1598,no_strict_e1_improvement,0,,,,,1,0,1,1,1,3,3,4,0,0,-1,current,0,0,0.05590711650438607,0.05590711650438607,32,0,0,0,0,0,0,0,0.0,1.0,0.75,0.875,0.875,0,0.0,1.0,0.75,0.875,0.875,0,0.0,1.0,0.75,0.875,0.875,0,0.0,1.0,0.75,0.875,0.875
1599,max_rounds,0,,,,,1,1,2,1,1,2,2,4,0,0,1,profiled_beam,1,1,0.05473661413416266,0.04935659086331725,31,20,20,20,22,2,2,0,0.8,0.8,0.75,0.775,0.8,0,0.8,0.8,0.75,0.775,0.8,0,0.8,0.8,0.75,0.775,0.8,0,0.88,0.9,0.85,0.875,0.875
1600,no_strict_e1_improvement,0,,,,,1,0,1,1,1,1,1,4,0,0,-1,current,0,0,0.01029269138816744,0.01029269138816744,33,25,25,25,25,0,0,1,1.0,1.0,1.0,1.0,1.0,1,1.0,1.0,1.0,1.0,1.0,1,1.0,1.0,1.0,1.0,1.0,1,1.0,1.0,1.0,1.0,1.0
1601,no_strict_e1_improvement,0,,,,,1,0,1,1,1,2,2,4,0,0,-1,current,0,0,0.05000823065165605,0.05000823065165605,34,0,0,0,0,0,0,0,0.0,0.75,1.0,0.875,0.875,0,0.0,0.75,1.0,0.875,0.875,0,0.0,0.75,1.0,0.875,0.875,0,0.0,0.75,1.0,0.875,0.875
1602,no_strict_e1_improvement,0,,,,,1,0,1,1,1,2,2,4,0,0,-1,current,0,0,0.0905426215264015,0.0905426215264015,31,0,0,0,0,0,0,0,0.0,0.75,0.95,0.85,0.85,0,0.0,0.75,0.95,0.85,0.85,0,0.0,0.75,0.95,0.85,0.85,0,0.0,0.75,0.95,0.85,0.85
1603,no_strict_e1_improvement,0,,,,,1,0,1,1,1,4,4,4,0,0,-1,current,0,0,0.05629793517291546,0.05629793517291546,36,0,0,0,0,0,0,0,0.0,0.75,1.0,0.875,0.875,0,0.0,0.75,1.0,0.875,0.875,0,0.0,0.75,1.0,0.875,0.875,0,0.0,0.75,1.0,0.875,0.875
1604,no_strict_e1_improvement,0,,,,,1,0,1,1,1,1,1,4,0,0,-1,current,0,0,0.0,0.0,40,25,25,25,25,0,0,1,1.0,1.0,1.0,1.0,1.0,1,1.0,1.0,1.0,1.0,1.0,1,1.0,1.0,1.0,1.0,1.0,1,1.0,1.0,1.0,1.0,1.0
1605,no_strict_e1_improvement,0,,,,,1,0,1,1,1,3,3,4,0,0,-1,current,0,0,0.07060971292667091,0.07060971292667091,35,0,0,0,0,0,0,0,0.0,0.75,0.95,0.85,0.85,0,0.0,0.75,0.95,0.85,0.85,0,0.0,0.75,0.95,0.85,0.85,0,0.0,0.75,0.95,0.85,0.85
1606,no_strict_e1_improvement,0,,,,,1,0,1,1,1,1,1,4,0,0,-1,current,0,0,0.005085700191557407,0.005085700191557407,40,25,25,25,25,0,0,1,1.0,1.0,1.0,1.0,1.0,1,1.0,1.0,1.0,1.0,1.0,1,1.0,1.0,1.0,1.0,1.0,1,1.0,1.0,1.0,1.0,1.0
1607,no_strict_e1_improvement,0,,,,,1,0,1,1,1,1,1,4,0,0,-1,current,0,0,0.028811343683628365,0.028811343683628365,34,0,0,0,0,0,0,0,0.0,0.75,1.0,0.875,0.875,0,0.0,0.75,1.0,0.875,0.875,0,0.0,0.75,1.0,0.875,0.875,0,0.0,0.75,1.0,0.875,0.875
1608,no_strict_e1_improvement,0,,,,,1,0,3,2,2,7,7,4,0,0,-1,current,0,0,0.10333000738173723,0.10333000738173723,29,0,0,0,0,0,0,0,0.0,0.75,0.95,0.85,0.85,0,0.0,0.75,0.95,0.85,0.85,0,0.0,0.75,0.95,0.85,0.85,0,0.0,0.75,0.95,0.85,0.85
1609,no_strict_e1_improvement,0,,,,,1,0,1,1,1,1,1,4,0,0,-1,current,0,0,0.00602282804902643,0.00602282804902643,37,25,25,25,25,0,0,1,1.0,1.0,1.0,1.0,1.0,1,1.0,1.0,1.0,1.0,1.0,1,1.0,1.0,1.0,1.0,1.0,1,1.0,1.0,1.0,1.0,1.0
1610,max_rounds,0,,,,,1,1,3,3,3,9,9,4,-2,0,0,s1a3_greedy,1,0,0.06435357874725015,0.007421836466528475,38,0,0,25,25,25,0,0,0.0,1.0,0.75,0.875,0.875,0,0.0,1.0,0.75,0.875,0.875,1,1.0,1.0,1.0,1.0,1.0,1,1.0,1.0,1.0,1.0,1.0
1611,no_strict_e1_improvement,0,,,,,1,0,1,1,1,4,4,4,0,0,-1,current,0,0,0.035752032895106825,0.035752032895106825,32,0,0,0,0,0,0,0,0.0,0.75,1.0,0.875,0.875,0,0.0,0.75,1.0,0.875,0.875,0,0.0,0.75,1.0,0.875,0.875,0,0.0,0.75,1.0,0.875,0.875
1612,no_strict_e1_improvement,0,,,,,1,0,3,3,3,12,12,4,0,0,-1,current,0,0,0.047611914697336034,0.047611914697336034,30,25,25,25,25,0,0,1,1.0,1.0,1.0,1.0,1.0,1,1.0,1.0,1.0,1.0,1.0,1,1.0,1.0,1.0,1.0,1.0,1,1.0,1.0,1.0,1.0,1.0
1613,no_strict_e1_improvement,0,,,,,1,0,3,3,3,11,11,4,0,0,-1,current,0,0,0.10189739055931568,0.10189739055931568,31,0,0,0,0,0,0,0,0.0,0.75,0.65,0.7,0.7,0,0.0,0.75,0.65,0.7,0.7,0,0.0,0.75,0.65,0.7,0.7,0,0.0,0.75,0.65,0.7,0.7
1614,no_strict_e1_improvement,0,,,,,1,0,1,1,1,2,2,4,0,0,-1,current,0,0,0.005179511854657903,0.005179511854657903,37,25,25,25,25,0,0,1,1.0,1.0,1.0,1.0,1.0,1,1.0,1.0,1.0,1.0,1.0,1,1.0,1.0,1.0,1.0,1.0,1,1.0,1.0,1.0,1.0,1.0
1615,no_strict_e1_improvement,0,,,,,1,0,1,1,1,2,2,4,0,0,-1,current,0,0,0.015574630815535784,0.015574630815535784,35,0,0,0,0,0,0,0,0.0,0.75,1.0,0.875,0.875,0,0.0,0.75,1.0,0.875,0.875,0,0.0,0.75,1.0,0.875,0.875,0,0.0,0.75,1.0,0.875,0.875
1616,no_strict_e1_improvement,0,,,,,1,0,1,1,1,1,1,4,0,0,-1,current,0,0,0.008630183665081859,0.008630183665081859,38,25,25,25,25,0,0,1,1.0,1.0,1.0,1.0,1.0,1,1.0,1.0,1.0,1.0,1.0,1,1.0,1.0,1.0,1.0,1.0,1,1.0,1.0,1.0,1.0,1.0
1617,no_strict_e1_improvement,0,,,,,1,0,1,1,1,1,1,4,0,0,-1,current,0,0,0.0037760996958240865,0.0037760996958240865,38,25,25,25,25,0,0,1,1.0,1.0,1.0,1.0,1.0,1,1.0,1.0,1.0,1.0,1.0,1,1.0,1.0,1.0,1.0,1.0,1,1.0,1.0,1.0,1.0,1.0
1618,no_strict_e1_improvement,0,,,,,1,0,1,1,1,1,1,4,0,0,-1,current,0,0,0.027689606323838233,0.027689606323838233,35,25,25,25,25,0,0,1,1.0,1.0,1.0,1.0,1.0,1,1.0,1.0,1.0,1.0,1.0,1,1.0,1.0,1.0,1.0,1.0,1,1.0,1.0,1.0,1.0,1.0
1619,no_strict_e1_improvement,0,,,,,1,0,1,1,1,1,1,4,0,0,-1,current,0,0,0.009746431210078298,0.009746431210078298,38,25,25,25,25,0,0,1,1.0,1.0,1.0,1.0,1.0,1,1.0,1.0,1.0,1.0,1.0,1,1.0,1.0,1.0,1.0,1.0,1,1.0,1.0,1.0,1.0,1.0
1620,no_strict_e1_improvement,0,,,,,1,0,1,1,1,1,1,4,0,0,-1,current,0,0,0.0285190150141716,0.0285190150141716,35,0,0,0,0,0,0,0,0.0,0.75,1.0,0.875,0.875,0,0.0,0.75,1.0,0.875,0.875,0,0.0,0.75,1.0,0.875,0.875,0,0.0,0.75,1.0,0.875,0.875
1621,max_rounds,0,,,,,1,1,3,2,2,8,8,4,0,-1,1,profiled_beam,1,1,0.11278172556776553,0.09224933770019561,24,1,1,1,15,14,14,0,0.04,0.6,0.55,0.575,0.575,0,0.04,0.6,0.55,0.575,0.575,0,0.04,0.6,0.55,0.575,0.6,0,0.6,0.75,0.55,0.65,0.65
1622,no_strict_e1_improvement,0,,,,,1,0,1,1,1,2,2,4,0,0,-1,current,0,0,0.06137380169238895,0.06137380169238895,31,0,0,0,0,0,0,0,0.0,0.9,0.75,0.825,0.825,0,0.0,0.9,0.75,0.825,0.825,0,0.0,0.9,0.75,0.825,0.825,0,0.0,0.9,0.75,0.825,0.825
1623,no_strict_e1_improvement,0,,,,,1,0,1,1,1,1,1,4,0,0,-1,current,0,0,0.005288391071371734,0.005288391071371734,37,25,25,25,25,0,0,1,1.0,1.0,1.0,1.0,1.0,1,1.0,1.0,1.0,1.0,1.0,1,1.0,1.0,1.0,1.0,1.0,1,1.0,1.0,1.0,1.0,1.0
1624,no_strict_e1_improvement,0,,,,,1,0,1,1,1,1,1,4,0,0,-1,current,0,0,0.01996185505995527,0.01996185505995527,37,25,25,25,25,0,0,1,1.0,1.0,1.0,1.0,1.0,1,1.0,1.0,1.0,1.0,1.0,1,1.0,1.0,1.0,1.0,1.0,1,1.0,1.0,1.0,1.0,1.0
1625,no_strict_e1_improvement,0,,,,,1,0,1,1,1,1,1,4,0,0,-1,current,0,0,0.012961879081558436,0.012961879081558436,36,25,25,25,25,0,0,1,1.0,1.0,1.0,1.0,1.0,1,1.0,1.0,1.0,1.0,1.0,1,1.0,1.0,1.0,1.0,1.0,1,1.0,1.0,1.0,1.0,1.0
1626,no_strict_e1_improvement,0,,,,,1,0,3,3,3,11,11,4,0,0,-1,current,0,0,0.04490392975858413,0.04490392975858413,35,25,25,25,25,0,0,1,1.0,1.0,1.0,1.0,1.0,1,1.0,1.0,1.0,1.0,1.0,1,1.0,1.0,1.0,1.0,1.0,1,1.0,1.0,1.0,1.0,1.0
1627,no_strict_e1_improvement,0,,,,,1,0,1,1,1,1,1,4,0,0,-1,current,0,0,0.0092760075815022,0.0092760075815022,39,25,25,25,25,0,0,1,1.0,1.0,1.0,1.0,1.0,1,1.0,1.0,1.0,1.0,1.0,1,1.0,1.0,1.0,1.0,1.0,1,1.0,1.0,1.0,1.0,1.0
1628,no_strict_e1_improvement,0,,,,,1,0,1,1,1,1,1,4,0,0,-1,current,0,0,0.00041827363893389704,0.00041827363893389704,40,25,25,25,25,0,0,1,1.0,1.0,1.0,1.0,1.0,1,1.0,1.0,1.0,1.0,1.0,1,1.0,1.0,1.0,1.0,1.0,1,1.0,1.0,1.0,1.0,1.0
1629,no_strict_e1_improvement,0,,,,,1,0,1,1,1,1,1,4,0,0,-1,current,0,0,0.0,0.0,40,25,25,25,25,0,0,1,1.0,1.0,1.0,1.0,1.0,1,1.0,1.0,1.0,1.0,1.0,1,1.0,1.0,1.0,1.0,1.0,1,1.0,1.0,1.0,1.0,1.0
1630,no_strict_e1_improvement,0,,,,,1,0,1,1,1,1,1,4,0,0,-1,current,0,0,0.0,0.0,40,25,25,25,25,0,0,1,1.0,1.0,1.0,1.0,1.0,1,1.0,1.0,1.0,1.0,1.0,1,1.0,1.0,1.0,1.0,1.0,1,1.0,1.0,1.0,1.0,1.0
1631,no_strict_e1_improvement,0,,,,,1,0,1,1,1,2,2,4,0,0,-1,current,0,0,0.037944503990001974,0.037944503990001974,31,0,0,0,0,0,0,0,0.0,0.65,0.9,0.775,0.775,0,0.0,0.65,0.9,0.775,0.775,0,0.0,0.65,0.9,0.775,0.775,0,0.0,0.65,0.9,0.775,0.775
1632,no_strict_e1_improvement,0,,,,,1,0,1,1,1,4,4,4,0,0,-1,current,0,0,0.06822692323476076,0.06822692323476076,34,0,0,0,0,0,0,0,0.0,0.75,1.0,0.875,0.875,0,0.0,0.75,1.0,0.875,0.875,0,0.0,0.75,1.0,0.875,0.875,0,0.0,0.75,1.0,0.875,0.875
1633,no_strict_e1_improvement,0,,,,,1,0,1,1,1,1,1,4,0,0,-1,current,0,0,0.01390770407160744,0.01390770407160744,35,0,0,0,0,0,0,0,0.0,0.75,1.0,0.875,0.875,0,0.0,0.75,1.0,0.875,0.875,0,0.0,0.75,1.0,0.875,0.875,0,0.0,0.75,1.0,0.875,0.875
1634,no_strict_e1_improvement,0,,,,,1,0,1,1,1,1,1,4,0,0,-1,current,0,0,0.03332607463235036,0.03332607463235036,34,0,0,0,0,0,0,0,0.0,0.75,1.0,0.875,0.875,0,0.0,0.75,1.0,0.875,0.875,0,0.0,0.75,1.0,0.875,0.875,0,0.0,0.75,1.0,0.875,0.875
1635,no_strict_e1_improvement,0,,,,,1,0,1,1,1,2,2,4,0,0,-1,current,0,0,0.04605594109743834,0.04605594109743834,27,0,0,0,0,0,0,0,0.0,0.7,0.9,0.8,0.825,0,0.0,0.7,0.9,0.8,0.825,0,0.0,0.7,0.9,0.8,0.825,0,0.0,0.7,0.9,0.8,0.825
1636,no_strict_e1_improvement,0,,,,,1,0,1,1,1,1,1,4,0,0,-1,current,0,0,0.007800385355949402,0.007800385355949402,39,25,25,25,25,0,0,1,1.0,1.0,1.0,1.0,1.0,1,1.0,1.0,1.0,1.0,1.0,1,1.0,1.0,1.0,1.0,1.0,1,1.0,1.0,1.0,1.0,1.0
1637,no_strict_e1_improvement,0,,,,,1,0,1,1,1,1,1,4,0,0,-1,current,0,0,0.010273683653576882,0.010273683653576882,38,25,25,25,25,0,0,1,1.0,1.0,1.0,1.0,1.0,1,1.0,1.0,1.0,1.0,1.0,1,1.0,1.0,1.0,1.0,1.0,1,1.0,1.0,1.0,1.0,1.0
1638,no_strict_e1_improvement,0,,,,,1,0,1,1,1,4,4,4,0,0,-1,current,0,0,0.02628479830455035,0.02628479830455035,31,25,25,25,25,0,0,1,1.0,1.0,1.0,1.0,1.0,1,1.0,1.0,1.0,1.0,1.0,1,1.0,1.0,1.0,1.0,1.0,1,1.0,1.0,1.0,1.0,1.0
1639,no_strict_e1_improvement,0,,,,,1,0,1,1,1,1,1,4,0,0,-1,current,0,0,0.007109799236059189,0.007109799236059189,39,25,25,25,25,0,0,1,1.0,1.0,1.0,1.0,1.0,1,1.0,1.0,1.0,1.0,1.0,1,1.0,1.0,1.0,1.0,1.0,1,1.0,1.0,1.0,1.0,1.0
1640,no_strict_e1_improvement,0,,,,,1,0,1,1,1,1,1,4,0,0,-1,current,0,0,0.026256644556997343,0.026256644556997343,33,25,25,25,25,0,0,1,1.0,1.0,1.0,1.0,1.0,1,1.0,1.0,1.0,1.0,1.0,1,1.0,1.0,1.0,1.0,1.0,1,1.0,1.0,1.0,1.0,1.0
1641,no_strict_e1_improvement,0,,,,,1,0,1,1,1,4,4,4,0,0,-1,current,0,0,0.08540649095084518,0.08540649095084518,32,0,0,0,0,0,0,0,0.0,0.9,0.75,0.825,0.825,0,0.0,0.9,0.75,0.825,0.825,0,0.0,0.9,0.75,0.825,0.825,0,0.0,0.9,0.75,0.825,0.825
1642,no_strict_e1_improvement,0,,,,,1,0,1,1,1,3,3,4,0,0,-1,current,0,0,0.04659883894491941,0.04659883894491941,26,1,1,1,1,0,0,0,0.04,0.55,0.75,0.65,0.675,0,0.04,0.55,0.75,0.65,0.675,0,0.04,0.55,0.75,0.65,0.675,0,0.04,0.55,0.75,0.65,0.675
1643,no_strict_e1_improvement,0,,,,,1,0,1,1,1,1,1,4,0,0,-1,current,0,0,0.030278459796682,0.030278459796682,36,0,0,0,0,0,0,0,0.0,0.75,1.0,0.875,0.875,0,0.0,0.75,1.0,0.875,0.875,0,0.0,0.75,1.0,0.875,0.875,0,0.0,0.75,1.0,0.875,0.875
1644,no_strict_e1_improvement,0,,,,,1,0,1,1,1,1,1,4,0,0,-1,current,0,0,0.008582325087627397,0.008582325087627397,37,25,25,25,25,0,0,1,1.0,1.0,1.0,1.0,1.0,1,1.0,1.0,1.0,1.0,1.0,1,1.0,1.0,1.0,1.0,1.0,1,1.0,1.0,1.0,1.0,1.0
1645,no_strict_e1_improvement,0,,,,,1,0,1,1,1,1,1,4,0,0,-1,current,0,0,0.027851389977149664,0.027851389977149664,35,25,25,25,25,0,0,1,1.0,1.0,1.0,1.0,1.0,1,1.0,1.0,1.0,1.0,1.0,1,1.0,1.0,1.0,1.0,1.0,1,1.0,1.0,1.0,1.0,1.0
1646,no_strict_e1_improvement,0,,,,,1,0,1,1,1,1,1,4,0,0,-1,current,0,0,0.010971972718834877,0.010971972718834877,39,25,25,25,25,0,0,1,1.0,1.0,1.0,1.0,1.0,1,1.0,1.0,1.0,1.0,1.0,1,1.0,1.0,1.0,1.0,1.0,1,1.0,1.0,1.0,1.0,1.0
1647,max_rounds,0,,,,,1,1,3,2,2,8,8,4,0,0,1,profiled_beam,1,1,0.03942352808080614,0.0393992425641045,25,0,0,0,1,1,1,0,0.0,0.75,0.75,0.75,0.75,0,0.0,0.75,0.75,0.75,0.75,0,0.0,0.75,0.75,0.75,0.75,0,0.04,0.7,0.85,0.775,0.775
1648,no_strict_e1_improvement,0,,,,,1,0,2,1,1,4,4,4,0,0,-1,current,0,0,0.0501010250300169,0.0501010250300169,27,17,17,17,17,0,0,0,0.68,0.8,0.6,0.7,0.725,0,0.68,0.8,0.6,0.7,0.725,0,0.68,0.8,0.6,0.7,0.725,0,0.68,0.8,0.6,0.7,0.725
1649,max_rounds,0,,,,,1,1,3,2,2,6,6,4,0,-1,0,s1a3_greedy,1,0,0.07631103587336838,0.03853559703566134,29,0,0,25,25,25,0,0,0.0,0.75,0.95,0.85,0.85,0,0.0,0.75,0.95,0.85,0.85,1,1.0,1.0,1.0,1.0,1.0,1,1.0,1.0,1.0,1.0,1.0
1650,no_strict_e1_improvement,0,,,,,1,0,1,1,1,1,1,4,0,0,-1,current,0,0,0.007050355151295662,0.007050355151295662,38,25,25,25,25,0,0,1,1.0,1.0,1.0,1.0,1.0,1,1.0,1.0,1.0,1.0,1.0,1,1.0,1.0,1.0,1.0,1.0,1,1.0,1.0,1.0,1.0,1.0
1651,max_rounds,0,,,,,1,1,2,1,1,4,4,4,0,0,1,profiled_beam,1,1,0.09221785868285223,0.08285205195425079,22,3,3,3,5,2,2,0,0.12,0.55,0.6,0.575,0.575,0,0.12,0.55,0.6,0.575,0.575,0,0.12,0.55,0.6,0.575,0.575,0,0.2,0.6,0.75,0.675,0.7
1652,no_strict_e1_improvement,0,,,,,1,0,1,1,1,2,2,4,0,0,-1,current,0,0,0.06138251749798655,0.06138251749798655,33,0,0,0,0,0,0,0,0.0,0.75,0.95,0.85,0.85,0,0.0,0.75,0.95,0.85,0.85,0,0.0,0.75,0.95,0.85,0.85,0,0.0,0.75,0.95,0.85,0.85
1653,no_strict_e1_improvement,0,,,,,1,0,1,1,1,1,1,4,0,0,-1,current,0,0,0.005162622034549713,0.005162622034549713,39,25,25,25,25,0,0,1,1.0,1.0,1.0,1.0,1.0,1,1.0,1.0,1.0,1.0,1.0,1,1.0,1.0,1.0,1.0,1.0,1,1.0,1.0,1.0,1.0,1.0
1654,no_strict_e1_improvement,0,,,,,1,0,1,1,1,1,1,4,0,0,-1,current,0,0,0.024326687352731823,0.024326687352731823,36,0,0,0,0,0,0,0,0.0,0.75,1.0,0.875,0.875,0,0.0,0.75,1.0,0.875,0.875,0,0.0,0.75,1.0,0.875,0.875,0,0.0,0.75,1.0,0.875,0.875
1655,max_rounds,0,,,,,1,1,16,16,16,64,64,4,-1,0,0,s1a3_greedy,1,0,0.1413056511024479,0.09353330599260516,15,4,4,14,14,10,0,0,0.16,0.55,0.35,0.45,0.525,0,0.16,0.55,0.35,0.45,0.525,0,0.56,0.4,0.5,0.45,0.55,0,0.56,0.4,0.5,0.45,0.55
1656,no_strict_e1_improvement,0,,,,,1,0,1,1,1,1,1,4,0,0,-1,current,0,0,0.044079236197285356,0.044079236197285356,31,25,25,25,25,0,0,1,1.0,1.0,1.0,1.0,1.0,1,1.0,1.0,1.0,1.0,1.0,1,1.0,1.0,1.0,1.0,1.0,1,1.0,1.0,1.0,1.0,1.0
1657,no_strict_e1_improvement,0,,,,,1,0,1,1,1,1,1,4,0,0,-1,current,0,0,0.014917808660538868,0.014917808660538868,35,25,25,25,25,0,0,1,1.0,1.0,1.0,1.0,1.0,1,1.0,1.0,1.0,1.0,1.0,1,1.0,1.0,1.0,1.0,1.0,1,1.0,1.0,1.0,1.0,1.0
1658,no_strict_e1_improvement,0,,,,,1,0,1,1,1,1,1,4,0,0,-1,current,0,0,0.012561687780544162,0.012561687780544162,37,25,25,25,25,0,0,1,1.0,1.0,1.0,1.0,1.0,1,1.0,1.0,1.0,1.0,1.0,1,1.0,1.0,1.0,1.0,1.0,1,1.0,1.0,1.0,1.0,1.0
1659,no_strict_e1_improvement,0,,,,,1,0,1,1,1,1,1,4,0,0,-1,current,0,0,0.02295605083927512,0.02295605083927512,35,25,25,25,25,0,0,1,1.0,1.0,1.0,1.0,1.0,1,1.0,1.0,1.0,1.0,1.0,1,1.0,1.0,1.0,1.0,1.0,1,1.0,1.0,1.0,1.0,1.0
1660,no_strict_e1_improvement,0,,,,,1,0,1,1,1,2,2,4,0,0,-1,current,0,0,0.034614700602833184,0.034614700602833184,32,0,0,0,0,0,0,0,0.0,0.75,1.0,0.875,0.875,0,0.0,0.75,1.0,0.875,0.875,0,0.0,0.75,1.0,0.875,0.875,0,0.0,0.75,1.0,0.875,0.875
1661,no_strict_e1_improvement,0,,,,,1,0,1,1,1,1,1,4,0,0,-1,current,0,0,0.010994317941367626,0.010994317941367626,37,25,25,25,25,0,0,1,1.0,1.0,1.0,1.0,1.0,1,1.0,1.0,1.0,1.0,1.0,1,1.0,1.0,1.0,1.0,1.0,1,1.0,1.0,1.0,1.0,1.0
1662,no_strict_e1_improvement,0,,,,,1,0,1,1,1,4,4,4,0,0,-1,current,0,0,0.041539041325449944,0.041539041325449944,34,0,0,0,0,0,0,0,0.0,0.75,0.75,0.75,0.75,0,0.0,0.75,0.75,0.75,0.75,0,0.0,0.75,0.75,0.75,0.75,0,0.0,0.75,0.75,0.75,0.75
1663,no_strict_e1_improvement,0,,,,,1,0,2,2,2,7,7,4,0,0,-1,current,0,0,0.09456598456017673,0.09456598456017673,25,4,4,4,4,0,0,0,0.16,0.45,0.75,0.6,0.65,0,0.16,0.45,0.75,0.6,0.65,0,0.16,0.45,0.75,0.6,0.65,0,0.16,0.45,0.75,0.6,0.65
1664,no_strict_e1_improvement,0,,,,,1,0,1,1,1,1,1,4,0,0,-1,current,0,0,0.027294427377637476,0.027294427377637476,31,25,25,25,25,0,0,1,1.0,1.0,1.0,1.0,1.0,1,1.0,1.0,1.0,1.0,1.0,1,1.0,1.0,1.0,1.0,1.0,1,1.0,1.0,1.0,1.0,1.0
1665,max_rounds,0,,,,,1,1,2,2,2,7,7,4,-1,0,0,s1a3_greedy,1,0,0.0697054991760524,0.023330715138581582,33,0,0,25,25,25,0,0,0.0,0.95,0.75,0.85,0.85,0,0.0,0.95,0.75,0.85,0.85,1,1.0,1.0,1.0,1.0,1.0,1,1.0,1.0,1.0,1.0,1.0
1666,no_strict_e1_improvement,0,,,,,1,0,1,1,1,1,1,4,0,0,-1,current,0,0,0.003748053964227438,0.003748053964227438,39,25,25,25,25,0,0,1,1.0,1.0,1.0,1.0,1.0,1,1.0,1.0,1.0,1.0,1.0,1,1.0,1.0,1.0,1.0,1.0,1,1.0,1.0,1.0,1.0,1.0
1667,no_strict_e1_improvement,0,,,,,1,0,1,1,1,1,1,4,0,0,-1,current,0,0,0.0020190748618915677,0.0020190748618915677,39,25,25,25,25,0,0,1,1.0,1.0,1.0,1.0,1.0,1,1.0,1.0,1.0,1.0,1.0,1,1.0,1.0,1.0,1.0,1.0,1,1.0,1.0,1.0,1.0,1.0
1668,max_rounds,0,,,,,1,1,3,3,3,10,10,4,-2,0,1,profiled_beam,1,1,0.059998976159840824,0.019263458717614413,36,0,0,0,25,25,25,0,0.0,0.9,0.75,0.825,0.825,0,0.0,0.9,0.75,0.825,0.825,0,0.0,0.9,0.75,0.825,0.825,1,1.0,1.0,1.0,1.0,1.0
1669,max_rounds,0,,,,,1,1,2,1,1,4,4,4,0,0,1,profiled_beam,1,1,0.13122866150806659,0.10861512903939001,26,17,17,17,16,-1,-1,0,0.68,0.65,0.75,0.7,0.7,0,0.68,0.65,0.75,0.7,0.7,0,0.68,0.65,0.75,0.7,0.7,0,0.64,0.7,0.85,0.775,0.775
1670,no_strict_e1_improvement,0,,,,,1,0,1,1,1,1,1,4,0,0,-1,current,0,0,0.026010214257985352,0.026010214257985352,34,25,25,25,25,0,0,1,1.0,1.0,1.0,1.0,1.0,1,1.0,1.0,1.0,1.0,1.0,1,1.0,1.0,1.0,1.0,1.0,1,1.0,1.0,1.0,1.0,1.0
1671,no_strict_e1_improvement,0,,,,,1,0,1,1,1,1,1,4,0,0,-1,current,0,0,0.019713130593299866,0.019713130593299866,35,0,0,0,0,0,0,0,0.0,0.75,1.0,0.875,0.875,0,0.0,0.75,1.0,0.875,0.875,0,0.0,0.75,1.0,0.875,0.875,0,0.0,0.75,1.0,0.875,0.875
1672,no_strict_e1_improvement,0,,,,,1,0,1,1,1,1,1,4,0,0,-1,current,0,0,0.011090617394074798,0.011090617394074798,37,0,0,0,0,0,0,0,0.0,0.75,1.0,0.875,0.875,0,0.0,0.75,1.0,0.875,0.875,0,0.0,0.75,1.0,0.875,0.875,0,0.0,0.75,1.0,0.875,0.875
1673,no_strict_e1_improvement,0,,,,,1,0,1,1,1,1,1,4,0,0,-1,current,0,0,0.009368746168911457,0.009368746168911457,40,25,25,25,25,0,0,1,1.0,1.0,1.0,1.0,1.0,1,1.0,1.0,1.0,1.0,1.0,1,1.0,1.0,1.0,1.0,1.0,1,1.0,1.0,1.0,1.0,1.0
1674,max_rounds,0,,,,,1,1,5,4,4,15,15,4,0,-1,1,profiled_beam,1,1,0.08671904588118196,0.05300084089394659,28,22,22,0,0,-22,0,0,0.88,0.85,0.85,0.85,0.85,0,0.88,0.85,0.85,0.85,0.85,0,0.0,0.65,0.75,0.7,0.725,0,0.0,0.75,0.9,0.825,0.85
1675,no_strict_e1_improvement,0,,,,,1,0,1,1,1,1,1,4,0,0,-1,current,0,0,0.04739424940344179,0.04739424940344179,32,0,0,0,0,0,0,0,0.0,0.75,1.0,0.875,0.875,0,0.0,0.75,1.0,0.875,0.875,0,0.0,0.75,1.0,0.875,0.875,0,0.0,0.75,1.0,0.875,0.875
1676,no_strict_e1_improvement,0,,,,,1,0,1,1,1,1,1,4,0,0,-1,current,0,0,0.008469231519848108,0.008469231519848108,39,25,25,25,25,0,0,1,1.0,1.0,1.0,1.0,1.0,1,1.0,1.0,1.0,1.0,1.0,1,1.0,1.0,1.0,1.0,1.0,1,1.0,1.0,1.0,1.0,1.0
1677,no_strict_e1_improvement,0,,,,,1,0,1,1,1,1,1,4,0,0,-1,current,0,0,0.010412302264012397,0.010412302264012397,39,25,25,25,25,0,0,1,1.0,1.0,1.0,1.0,1.0,1,1.0,1.0,1.0,1.0,1.0,1,1.0,1.0,1.0,1.0,1.0,1,1.0,1.0,1.0,1.0,1.0
1678,no_strict_e1_improvement,0,,,,,1,0,1,1,1,1,1,4,0,0,-1,current,0,0,0.010436146333813668,0.010436146333813668,38,25,25,25,25,0,0,1,1.0,1.0,1.0,1.0,1.0,1,1.0,1.0,1.0,1.0,1.0,1,1.0,1.0,1.0,1.0,1.0,1,1.0,1.0,1.0,1.0,1.0
1679,no_strict_e1_improvement,0,,,,,1,0,1,1,1,1,1,4,0,0,-1,current,0,0,0.015753294853493572,0.015753294853493572,37,25,25,25,25,0,0,1,1.0,1.0,1.0,1.0,1.0,1,1.0,1.0,1.0,1.0,1.0,1,1.0,1.0,1.0,1.0,1.0,1,1.0,1.0,1.0,1.0,1.0
1680,no_strict_e1_improvement,0,,,,,1,0,1,1,1,1,1,4,0,0,-1,current,0,0,0.03425896298140287,0.03425896298140287,36,25,25,25,25,0,0,1,1.0,1.0,1.0,1.0,1.0,1,1.0,1.0,1.0,1.0,1.0,1,1.0,1.0,1.0,1.0,1.0,1,1.0,1.0,1.0,1.0,1.0
1681,no_strict_e1_improvement,0,,,,,1,0,1,1,1,1,1,4,0,0,-1,current,0,0,0.02202121764421463,0.02202121764421463,36,25,25,25,25,0,0,1,1.0,1.0,1.0,1.0,1.0,1,1.0,1.0,1.0,1.0,1.0,1,1.0,1.0,1.0,1.0,1.0,1,1.0,1.0,1.0,1.0,1.0
1682,no_strict_e1_improvement,0,,,,,1,0,1,1,1,1,1,4,0,0,-1,current,0,0,0.014739846345037222,0.014739846345037222,36,0,0,0,0,0,0,0,0.0,0.75,1.0,0.875,0.875,0,0.0,0.75,1.0,0.875,0.875,0,0.0,0.75,1.0,0.875,0.875,0,0.0,0.75,1.0,0.875,0.875
1683,no_strict_e1_improvement,0,,,,,1,0,1,1,1,1,1,4,0,0,-1,current,0,0,0.00843046569643775,0.00843046569643775,36,25,25,25,25,0,0,1,1.0,1.0,1.0,1.0,1.0,1,1.0,1.0,1.0,1.0,1.0,1,1.0,1.0,1.0,1.0,1.0,1,1.0,1.0,1.0,1.0,1.0
1684,no_strict_e1_improvement,0,,,,,1,0,1,1,1,2,2,4,0,0,-1,current,0,0,0.026862258673645556,0.026862258673645556,37,0,0,0,0,0,0,0,0.0,0.75,1.0,0.875,0.875,0,0.0,0.75,1.0,0.875,0.875,0,0.0,0.75,1.0,0.875,0.875,0,0.0,0.75,1.0,0.875,0.875
1685,no_strict_e1_improvement,0,,,,,1,0,1,1,1,2,2,4,0,0,-1,current,0,0,0.020150999043835327,0.020150999043835327,34,25,25,25,25,0,0,1,1.0,1.0,1.0,1.0,1.0,1,1.0,1.0,1.0,1.0,1.0,1,1.0,1.0,1.0,1.0,1.0,1,1.0,1.0,1.0,1.0,1.0
1686,no_strict_e1_improvement,0,,,,,1,0,1,1,1,1,1,4,0,0,-1,current,0,0,0.03104230798780918,0.03104230798780918,35,25,25,25,25,0,0,1,1.0,1.0,1.0,1.0,1.0,1,1.0,1.0,1.0,1.0,1.0,1,1.0,1.0,1.0,1.0,1.0,1,1.0,1.0,1.0,1.0,1.0
1687,no_strict_e1_improvement,0,,,,,1,0,1,1,1,1,1,4,0,0,-1,current,0,0,0.016072574816644192,0.016072574816644192,36,25,25,25,25,0,0,1,1.0,1.0,1.0,1.0,1.0,1,1.0,1.0,1.0,1.0,1.0,1,1.0,1.0,1.0,1.0,1.0,1,1.0,1.0,1.0,1.0,1.0
1688,no_strict_e1_improvement,0,,,,,1,0,1,1,1,1,1,4,0,0,-1,current,0,0,0.01788349086418748,0.01788349086418748,34,25,25,25,25,0,0,1,1.0,1.0,1.0,1.0,1.0,1,1.0,1.0,1.0,1.0,1.0,1,1.0,1.0,1.0,1.0,1.0,1,1.0,1.0,1.0,1.0,1.0
1689,no_strict_e1_improvement,0,,,,,1,0,1,1,1,1,1,4,0,0,-1,current,0,0,0.010152962955908151,0.010152962955908151,38,25,25,25,25,0,0,1,1.0,1.0,1.0,1.0,1.0,1,1.0,1.0,1.0,1.0,1.0,1,1.0,1.0,1.0,1.0,1.0,1,1.0,1.0,1.0,1.0,1.0
1690,max_rounds,0,,,,,1,1,3,2,2,7,7,4,0,0,1,profiled_beam,1,1,0.018141790659865365,0.011401637032395228,35,23,23,23,25,2,2,0,0.92,0.9,0.9,0.9,0.925,0,0.92,0.9,0.9,0.9,0.925,0,0.92,0.9,0.9,0.9,0.925,1,1.0,1.0,1.0,1.0,1.0
1691,no_strict_e1_improvement,0,,,,,1,0,1,1,1,2,2,4,0,0,-1,current,0,0,0.04383642030879855,0.04383642030879855,35,0,0,0,0,0,0,0,0.0,0.75,1.0,0.875,0.875,0,0.0,0.75,1.0,0.875,0.875,0,0.0,0.75,1.0,0.875,0.875,0,0.0,0.75,1.0,0.875,0.875
1692,max_rounds,0,,,,,1,1,4,3,3,9,9,4,2,0,0,s1a3_greedy,1,0,0.07866007168777286,0.048489155946299434,29,0,0,25,25,25,0,0,0.0,0.9,0.75,0.825,0.825,0,0.0,0.9,0.75,0.825,0.825,1,1.0,1.0,1.0,1.0,1.0,1,1.0,1.0,1.0,1.0,1.0
1693,no_strict_e1_improvement,0,,,,,1,0,1,1,1,1,1,4,0,0,-1,current,0,0,0.004472657665610313,0.004472657665610313,39,25,25,25,25,0,0,1,1.0,1.0,1.0,1.0,1.0,1,1.0,1.0,1.0,1.0,1.0,1,1.0,1.0,1.0,1.0,1.0,1,1.0,1.0,1.0,1.0,1.0
1694,no_strict_e1_improvement,0,,,,,1,0,1,1,1,1,1,4,0,0,-1,current,0,0,0.0037094511149916797,0.0037094511149916797,37,25,25,25,25,0,0,1,1.0,1.0,1.0,1.0,1.0,1,1.0,1.0,1.0,1.0,1.0,1,1.0,1.0,1.0,1.0,1.0,1,1.0,1.0,1.0,1.0,1.0
1695,no_strict_e1_improvement,0,,,,,1,0,1,1,1,2,2,4,0,0,-1,current,0,0,0.03950016766320914,0.03950016766320914,32,0,0,0,0,0,0,0,0.0,0.75,1.0,0.875,0.875,0,0.0,0.75,1.0,0.875,0.875,0,0.0,0.75,1.0,0.875,0.875,0,0.0,0.75,1.0,0.875,0.875
1696,no_strict_e1_improvement,0,,,,,1,0,1,1,1,2,2,4,0,0,-1,current,0,0,0.046844836964737624,0.046844836964737624,35,0,0,0,0,0,0,0,0.0,1.0,0.75,0.875,0.875,0,0.0,1.0,0.75,0.875,0.875,0,0.0,1.0,0.75,0.875,0.875,0,0.0,1.0,0.75,0.875,0.875
1697,no_strict_e1_improvement,0,,,,,1,0,1,1,1,1,1,4,0,0,-1,current,0,0,0.00814951199135976,0.00814951199135976,36,25,25,25,25,0,0,1,1.0,1.0,1.0,1.0,1.0,1,1.0,1.0,1.0,1.0,1.0,1,1.0,1.0,1.0,1.0,1.0,1,1.0,1.0,1.0,1.0,1.0
1698,no_strict_e1_improvement,0,,,,,1,0,1,1,1,1,1,4,0,0,-1,current,0,0,0.005180075252428651,0.005180075252428651,37,25,25,25,25,0,0,1,1.0,1.0,1.0,1.0,1.0,1,1.0,1.0,1.0,1.0,1.0,1,1.0,1.0,1.0,1.0,1.0,1,1.0,1.0,1.0,1.0,1.0
1699,no_strict_e1_improvement,0,,,,,1,0,1,1,1,3,3,4,0,0,-1,current,0,0,0.022151126171229406,0.022151126171229406,26,1,1,1,1,0,0,0,0.04,0.65,0.9,0.775,0.8,0,0.04,0.65,0.9,0.775,0.8,0,0.04,0.65,0.9,0.775,0.8,0,0.04,0.65,0.9,0.775,0.8
1700,no_strict_e1_improvement,0,,,,,1,0,1,1,1,4,4,4,0,0,-1,current,0,0,0.021534525509923696,0.021534525509923696,36,25,25,25,25,0,0,1,1.0,1.0,1.0,1.0,1.0,1,1.0,1.0,1.0,1.0,1.0,1,1.0,1.0,1.0,1.0,1.0,1,1.0,1.0,1.0,1.0,1.0
1701,no_strict_e1_improvement,0,,,,,1,0,1,1,1,1,1,4,0,0,-1,current,0,0,0.01420111395418644,0.01420111395418644,36,0,0,0,0,0,0,0,0.0,0.75,0.75,0.75,0.75,0,0.0,0.75,0.75,0.75,0.75,0,0.0,0.75,0.75,0.75,0.75,0,0.0,0.75,0.75,0.75,0.75
1702,no_strict_e1_improvement,0,,,,,1,0,1,1,1,1,1,4,0,0,-1,current,0,0,0.034285097959218545,0.034285097959218545,34,25,25,25,25,0,0,1,1.0,1.0,1.0,1.0,1.0,1,1.0,1.0,1.0,1.0,1.0,1,1.0,1.0,1.0,1.0,1.0,1,1.0,1.0,1.0,1.0,1.0
1703,no_strict_e1_improvement,0,,,,,1,0,1,1,1,1,1,4,0,0,-1,current,0,0,0.034553083112768945,0.034553083112768945,33,0,0,0,0,0,0,0,0.0,0.75,1.0,0.875,0.875,0,0.0,0.75,1.0,0.875,0.875,0,0.0,0.75,1.0,0.875,0.875,0,0.0,0.75,1.0,0.875,0.875
1704,no_strict_e1_improvement,0,,,,,1,0,1,1,1,2,2,4,0,0,-1,current,0,0,0.0471688466554042,0.0471688466554042,24,0,0,0,0,0,0,0,0.0,0.75,1.0,0.875,0.875,0,0.0,0.75,1.0,0.875,0.875,0,0.0,0.75,1.0,0.875,0.875,0,0.0,0.75,1.0,0.875,0.875
1705,no_strict_e1_improvement,0,,,,,1,0,1,1,1,1,1,4,0,0,-1,current,0,0,0.0195803290233016,0.0195803290233016,36,25,25,25,25,0,0,1,1.0,1.0,1.0,1.0,1.0,1,1.0,1.0,1.0,1.0,1.0,1,1.0,1.0,1.0,1.0,1.0,1,1.0,1.0,1.0,1.0,1.0
1706,no_strict_e1_improvement,0,,,,,1,0,1,1,1,4,4,4,0,0,-1,current,0,0,0.024085833597928284,0.024085833597928284,36,0,0,0,0,0,0,0,0.0,0.95,0.75,0.85,0.85,0,0.0,0.95,0.75,0.85,0.85,0,0.0,0.95,0.75,0.85,0.85,0,0.0,0.95,0.75,0.85,0.85
1707,no_strict_e1_improvement,0,,,,,1,0,1,1,1,1,1,4,0,0,-1,current,0,0,0.01393143436871469,0.01393143436871469,35,25,25,25,25,0,0,1,1.0,1.0,1.0,1.0,1.0,1,1.0,1.0,1.0,1.0,1.0,1,1.0,1.0,1.0,1.0,1.0,1,1.0,1.0,1.0,1.0,1.0
1708,no_strict_e1_improvement,0,,,,,1,0,1,1,1,1,1,4,0,0,-1,current,0,0,0.034201925166416916,0.034201925166416916,28,25,25,25,25,0,0,1,1.0,1.0,1.0,1.0,1.0,1,1.0,1.0,1.0,1.0,1.0,1,1.0,1.0,1.0,1.0,1.0,1,1.0,1.0,1.0,1.0,1.0
1709,no_strict_e1_improvement,0,,,,,1,0,1,1,1,1,1,4,0,0,-1,current,0,0,0.003994689462706447,0.003994689462706447,39,25,25,25,25,0,0,1,1.0,1.0,1.0,1.0,1.0,1,1.0,1.0,1.0,1.0,1.0,1,1.0,1.0,1.0,1.0,1.0,1,1.0,1.0,1.0,1.0,1.0
1710,no_strict_e1_improvement,0,,,,,1,0,1,1,1,1,1,4,0,0,-1,current,0,0,0.02519576182239689,0.02519576182239689,35,25,25,25,25,0,0,1,1.0,1.0,1.0,1.0,1.0,1,1.0,1.0,1.0,1.0,1.0,1,1.0,1.0,1.0,1.0,1.0,1,1.0,1.0,1.0,1.0,1.0
1711,no_strict_e1_improvement,0,,,,,1,0,1,1,1,4,4,4,0,0,-1,current,0,0,0.08017779795918614,0.08017779795918614,30,0,0,0,0,0,0,0,0.0,0.75,1.0,0.875,0.875,0,0.0,0.75,1.0,0.875,0.875,0,0.0,0.75,1.0,0.875,0.875,0,0.0,0.75,1.0,0.875,0.875
1712,no_strict_e1_improvement,0,,,,,1,0,1,1,1,1,1,4,0,0,-1,current,0,0,0.0018427770963171497,0.0018427770963171497,38,0,0,0,0,0,0,0,0.0,0.75,1.0,0.875,0.875,0,0.0,0.75,1.0,0.875,0.875,0,0.0,0.75,1.0,0.875,0.875,0,0.0,0.75,1.0,0.875,0.875
1713,max_rounds,0,,,,,1,1,2,2,2,7,7,4,0,1,0,s1a3_greedy,1,0,0.11041915257228538,0.11032174181891605,24,13,13,8,8,-5,0,0,0.52,0.6,0.85,0.725,0.725,0,0.52,0.6,0.85,0.725,0.725,0,0.32,0.55,0.85,0.7,0.7,0,0.32,0.55,0.85,0.7,0.7
1714,no_strict_e1_improvement,0,,,,,1,0,1,1,1,1,1,4,0,0,-1,current,0,0,0.008567019738256932,0.008567019738256932,38,25,25,25,25,0,0,1,1.0,1.0,1.0,1.0,1.0,1,1.0,1.0,1.0,1.0,1.0,1,1.0,1.0,1.0,1.0,1.0,1,1.0,1.0,1.0,1.0,1.0
1715,no_strict_e1_improvement,0,,,,,1,0,1,1,1,2,2,4,0,0,-1,current,0,0,0.04171712431125343,0.04171712431125343,36,0,0,0,0,0,0,0,0.0,0.75,1.0,0.875,0.875,0,0.0,0.75,1.0,0.875,0.875,0,0.0,0.75,1.0,0.875,0.875,0,0.0,0.75,1.0,0.875,0.875
1716,no_strict_e1_improvement,0,,,,,1,0,1,1,1,1,1,4,0,0,-1,current,0,0,0.04295626884704688,0.04295626884704688,35,0,0,0,0,0,0,0,0.0,0.75,1.0,0.875,0.875,0,0.0,0.75,1.0,0.875,0.875,0,0.0,0.75,1.0,0.875,0.875,0,0.0,0.75,1.0,0.875,0.875
1717,no_strict_e1_improvement,0,,,,,1,0,3,3,3,12,12,4,0,0,-1,current,0,0,0.07175311120226979,0.07175311120226979,30,25,25,25,25,0,0,1,1.0,1.0,1.0,1.0,1.0,1,1.0,1.0,1.0,1.0,1.0,1,1.0,1.0,1.0,1.0,1.0,1,1.0,1.0,1.0,1.0,1.0
1718,max_rounds,0,,,,,1,1,2,1,1,2,2,4,0,0,1,profiled_beam,1,1,0.07399543332867324,0.062048227479681375,28,2,2,2,1,-1,-1,0,0.08,0.55,0.8,0.675,0.725,0,0.08,0.55,0.8,0.675,0.725,0,0.08,0.55,0.8,0.675,0.725,0,0.04,0.65,0.9,0.775,0.8
1719,no_strict_e1_improvement,0,,,,,1,0,1,1,1,1,1,4,0,0,-1,current,0,0,0.026728459075093268,0.026728459075093268,36,25,25,25,25,0,0,1,1.0,1.0,1.0,1.0,1.0,1,1.0,1.0,1.0,1.0,1.0,1,1.0,1.0,1.0,1.0,1.0,1,1.0,1.0,1.0,1.0,1.0
1720,no_strict_e1_improvement,0,,,,,1,0,1,1,1,1,1,4,0,0,-1,current,0,0,0.030823685630457474,0.030823685630457474,29,0,0,0,0,0,0,0,0.0,0.75,1.0,0.875,0.875,0,0.0,0.75,1.0,0.875,0.875,0,0.0,0.75,1.0,0.875,0.875,0,0.0,0.75,1.0,0.875,0.875
1721,no_strict_e1_improvement,0,,,,,1,0,1,1,1,4,4,4,0,0,-1,current,0,0,0.1072833638987504,0.1072833638987504,23,16,16,16,16,0,0,0,0.64,0.7,0.85,0.775,0.775,0,0.64,0.7,0.85,0.775,0.775,0,0.64,0.7,0.85,0.775,0.775,0,0.64,0.7,0.85,0.775,0.775
1722,no_strict_e1_improvement,0,,,,,1,0,1,1,1,1,1,4,0,0,-1,current,0,0,0.02338440711610019,0.02338440711610019,35,0,0,0,0,0,0,0,0.0,0.75,1.0,0.875,0.875,0,0.0,0.75,1.0,0.875,0.875,0,0.0,0.75,1.0,0.875,0.875,0,0.0,0.75,1.0,0.875,0.875
1723,no_strict_e1_improvement,0,,,,,1,0,1,1,1,1,1,4,0,0,-1,current,0,0,0.006644657626748085,0.006644657626748085,40,25,25,25,25,0,0,1,1.0,1.0,1.0,1.0,1.0,1,1.0,1.0,1.0,1.0,1.0,1,1.0,1.0,1.0,1.0,1.0,1,1.0,1.0,1.0,1.0,1.0
1724,no_strict_e1_improvement,0,,,,,1,0,1,1,1,1,1,4,0,0,-1,current,0,0,0.004540788382291794,0.004540788382291794,39,25,25,25,25,0,0,1,1.0,1.0,1.0,1.0,1.0,1,1.0,1.0,1.0,1.0,1.0,1,1.0,1.0,1.0,1.0,1.0,1,1.0,1.0,1.0,1.0,1.0
1725,no_strict_e1_improvement,0,,,,,1,0,1,1,1,4,4,4,0,0,-1,current,0,0,0.0944517539581284,0.0944517539581284,33,21,21,21,21,0,0,0,0.84,0.8,0.9,0.85,0.9,0,0.84,0.8,0.9,0.85,0.9,0,0.84,0.8,0.9,0.85,0.9,0,0.84,0.8,0.9,0.85,0.9
1726,no_strict_e1_improvement,0,,,,,1,0,1,1,1,1,1,4,0,0,-1,current,0,0,0.015087743266485631,0.015087743266485631,33,1,1,1,1,0,0,0,0.04,0.7,0.9,0.8,0.8,0,0.04,0.7,0.9,0.8,0.8,0,0.04,0.7,0.9,0.8,0.8,0,0.04,0.7,0.9,0.8,0.8
1727,no_strict_e1_improvement,0,,,,,1,0,1,1,1,1,1,4,0,0,-1,current,0,0,0.027209516149014235,0.027209516149014235,35,25,25,25,25,0,0,1,1.0,1.0,1.0,1.0,1.0,1,1.0,1.0,1.0,1.0,1.0,1,1.0,1.0,1.0,1.0,1.0,1,1.0,1.0,1.0,1.0,1.0
1728,no_strict_e1_improvement,0,,,,,1,0,1,1,1,2,2,4,0,0,-1,current,0,0,0.012656514719128608,0.012656514719128608,38,0,0,0,0,0,0,0,0.0,0.75,1.0,0.875,0.875,0,0.0,0.75,1.0,0.875,0.875,0,0.0,0.75,1.0,0.875,0.875,0,0.0,0.75,1.0,0.875,0.875
1729,no_strict_e1_improvement,0,,,,,1,0,1,1,1,4,4,4,0,0,-1,current,0,0,0.015537974331527949,0.015537974331527949,33,25,25,25,25,0,0,1,1.0,1.0,1.0,1.0,1.0,1,1.0,1.0,1.0,1.0,1.0,1,1.0,1.0,1.0,1.0,1.0,1,1.0,1.0,1.0,1.0,1.0
1730,no_strict_e1_improvement,0,,,,,1,0,1,1,1,1,1,4,0,0,-1,current,0,0,0.003711214568465948,0.003711214568465948,38,0,0,0,0,0,0,0,0.0,0.75,1.0,0.875,0.875,0,0.0,0.75,1.0,0.875,0.875,0,0.0,0.75,1.0,0.875,0.875,0,0.0,0.75,1.0,0.875,0.875
1731,no_strict_e1_improvement,0,,,,,1,0,1,1,1,1,1,4,0,0,-1,current,0,0,0.0041715212166309355,0.0041715212166309355,39,25,25,25,25,0,0,1,1.0,1.0,1.0,1.0,1.0,1,1.0,1.0,1.0,1.0,1.0,1,1.0,1.0,1.0,1.0,1.0,1,1.0,1.0,1.0,1.0,1.0
1732,no_strict_e1_improvement,0,,,,,1,0,1,1,1,1,1,4,0,0,-1,current,0,0,0.005138848349452019,0.005138848349452019,40,25,25,25,25,0,0,1,1.0,1.0,1.0,1.0,1.0,1,1.0,1.0,1.0,1.0,1.0,1,1.0,1.0,1.0,1.0,1.0,1,1.0,1.0,1.0,1.0,1.0
1733,no_strict_e1_improvement,0,,,,,1,0,1,1,1,2,2,4,0,0,-1,current,0,0,0.02420671167783439,0.02420671167783439,36,25,25,25,25,0,0,1,1.0,1.0,1.0,1.0,1.0,1,1.0,1.0,1.0,1.0,1.0,1,1.0,1.0,1.0,1.0,1.0,1,1.0,1.0,1.0,1.0,1.0
1734,no_strict_e1_improvement,0,,,,,1,0,1,1,1,1,1,4,0,0,-1,current,0,0,0.027485307062306674,0.027485307062306674,36,25,25,25,25,0,0,1,1.0,1.0,1.0,1.0,1.0,1,1.0,1.0,1.0,1.0,1.0,1,1.0,1.0,1.0,1.0,1.0,1,1.0,1.0,1.0,1.0,1.0
1735,max_rounds,0,,,,,1,1,2,2,2,5,5,4,1,0,0,s1a3_greedy,1,0,0.0814493851736188,0.06894123088568449,34,0,0,0,0,0,0,0,0.0,0.75,0.75,0.75,0.75,0,0.0,0.75,0.75,0.75,0.75,0,0.0,0.75,0.75,0.75,0.75,0,0.0,0.75,0.75,0.75,0.75
1736,max_rounds,0,,,,,1,1,2,2,2,6,6,4,0,1,0,s1a3_greedy,1,0,0.06430142923782114,0.016419622596004046,34,0,0,25,25,25,0,0,0.0,0.75,1.0,0.875,0.875,0,0.0,0.75,1.0,0.875,0.875,1,1.0,1.0,1.0,1.0,1.0,1,1.0,1.0,1.0,1.0,1.0
1737,no_strict_e1_improvement,0,,,,,1,0,1,1,1,4,4,4,0,0,-1,current,0,0,0.05125078037381172,0.05125078037381172,34,0,0,0,0,0,0,0,0.0,0.75,1.0,0.875,0.875,0,0.0,0.75,1.0,0.875,0.875,0,0.0,0.75,1.0,0.875,0.875,0,0.0,0.75,1.0,0.875,0.875
1738,no_strict_e1_improvement,0,,,,,1,0,1,1,1,1,1,4,0,0,-1,current,0,0,0.0016072191298007964,0.0016072191298007964,40,25,25,25,25,0,0,1,1.0,1.0,1.0,1.0,1.0,1,1.0,1.0,1.0,1.0,1.0,1,1.0,1.0,1.0,1.0,1.0,1,1.0,1.0,1.0,1.0,1.0
1739,no_strict_e1_improvement,0,,,,,1,0,1,1,1,1,1,4,0,0,-1,current,0,0,0.03947840137407184,0.03947840137407184,30,25,25,25,25,0,0,1,1.0,1.0,1.0,1.0,1.0,1,1.0,1.0,1.0,1.0,1.0,1,1.0,1.0,1.0,1.0,1.0,1,1.0,1.0,1.0,1.0,1.0
1740,no_strict_e1_improvement,0,,,,,1,0,1,1,1,1,1,4,0,0,-1,current,0,0,0.010105355503037572,0.010105355503037572,33,21,21,21,21,0,0,0,0.84,0.9,0.8,0.85,0.85,0,0.84,0.9,0.8,0.85,0.85,0,0.84,0.9,0.8,0.85,0.85,0,0.84,0.9,0.8,0.85,0.85
1741,no_strict_e1_improvement,0,,,,,1,0,1,1,1,1,1,4,0,0,-1,current,0,0,0.042399106360971925,0.042399106360971925,36,0,0,0,0,0,0,0,0.0,0.75,1.0,0.875,0.875,0,0.0,0.75,1.0,0.875,0.875,0,0.0,0.75,1.0,0.875,0.875,0,0.0,0.75,1.0,0.875,0.875
1742,no_strict_e1_improvement,0,,,,,1,0,1,1,1,1,1,4,0,0,-1,current,0,0,0.014945951430127025,0.014945951430127025,35,0,0,0,0,0,0,0,0.0,0.75,1.0,0.875,0.875,0,0.0,0.75,1.0,0.875,0.875,0,0.0,0.75,1.0,0.875,0.875,0,0.0,0.75,1.0,0.875,0.875
1743,no_strict_e1_improvement,0,,,,,1,0,1,1,1,1,1,4,0,0,-1,current,0,0,0.006623589777154848,0.006623589777154848,38,25,25,25,25,0,0,1,1.0,1.0,1.0,1.0,1.0,1,1.0,1.0,1.0,1.0,1.0,1,1.0,1.0,1.0,1.0,1.0,1,1.0,1.0,1.0,1.0,1.0
1744,no_strict_e1_improvement,0,,,,,1,0,1,1,1,1,1,4,0,0,-1,current,0,0,0.01872749230824411,0.01872749230824411,33,0,0,0,0,0,0,0,0.0,0.65,0.9,0.775,0.775,0,0.0,0.65,0.9,0.775,0.775,0,0.0,0.65,0.9,0.775,0.775,0,0.0,0.65,0.9,0.775,0.775
1745,no_strict_e1_improvement,0,,,,,1,0,1,1,1,2,2,4,0,0,-1,current,0,0,0.02661029025912285,0.02661029025912285,35,0,0,0,0,0,0,0,0.0,0.75,1.0,0.875,0.875,0,0.0,0.75,1.0,0.875,0.875,0,0.0,0.75,1.0,0.875,0.875,0,0.0,0.75,1.0,0.875,0.875
1746,no_strict_e1_improvement,0,,,,,1,0,1,1,1,1,1,4,0,0,-1,current,0,0,0.020933054247871043,0.020933054247871043,35,0,0,0,0,0,0,0,0.0,0.75,1.0,0.875,0.875,0,0.0,0.75,1.0,0.875,0.875,0,0.0,0.75,1.0,0.875,0.875,0,0.0,0.75,1.0,0.875,0.875
1747,no_strict_e1_improvement,0,,,,,1,0,1,1,1,1,1,4,0,0,-1,current,0,0,0.001112681906670332,0.001112681906670332,40,25,25,25,25,0,0,1,1.0,1.0,1.0,1.0,1.0,1,1.0,1.0,1.0,1.0,1.0,1,1.0,1.0,1.0,1.0,1.0,1,1.0,1.0,1.0,1.0,1.0
1748,no_strict_e1_improvement,0,,,,,1,0,1,1,1,1,1,4,0,0,-1,current,0,0,0.0,0.0,40,25,25,25,25,0,0,1,1.0,1.0,1.0,1.0,1.0,1,1.0,1.0,1.0,1.0,1.0,1,1.0,1.0,1.0,1.0,1.0,1,1.0,1.0,1.0,1.0,1.0
1749,no_strict_e1_improvement,0,,,,,1,0,1,1,1,1,1,4,0,0,-1,current,0,0,0.016424704215023667,0.016424704215023667,34,25,25,25,25,0,0,1,1.0,1.0,1.0,1.0,1.0,1,1.0,1.0,1.0,1.0,1.0,1,1.0,1.0,1.0,1.0,1.0,1,1.0,1.0,1.0,1.0,1.0
1750,no_strict_e1_improvement,0,,,,,1,0,1,1,1,3,3,4,0,0,-1,current,0,0,0.10147254979237914,0.10147254979237914,30,25,25,25,25,0,0,1,1.0,1.0,1.0,1.0,1.0,1,1.0,1.0,1.0,1.0,1.0,1,1.0,1.0,1.0,1.0,1.0,1,1.0,1.0,1.0,1.0,1.0
1751,no_strict_e1_improvement,0,,,,,1,0,1,1,1,4,4,4,0,0,-1,current,0,0,0.016677240864373742,0.016677240864373742,34,25,25,25,25,0,0,1,1.0,1.0,1.0,1.0,1.0,1,1.0,1.0,1.0,1.0,1.0,1,1.0,1.0,1.0,1.0,1.0,1,1.0,1.0,1.0,1.0,1.0
1752,no_strict_e1_improvement,0,,,,,1,0,3,2,2,8,8,4,0,0,-1,current,0,0,0.16630921787545958,0.16630921787545958,23,0,0,0,0,0,0,0,0.0,0.55,0.65,0.6,0.625,0,0.0,0.55,0.65,0.6,0.625,0,0.0,0.55,0.65,0.6,0.625,0,0.0,0.55,0.65,0.6,0.625
1753,max_rounds,0,,,,,1,1,3,2,2,7,7,4,1,0,1,profiled_beam,1,1,0.12514637904241682,0.1147267901338637,26,0,0,0,0,0,0,0,0.0,0.65,0.75,0.7,0.7,0,0.0,0.65,0.75,0.7,0.7,0,0.0,0.65,0.75,0.7,0.7,0,0.0,0.75,1.0,0.875,0.875
1754,no_strict_e1_improvement,0,,,,,1,0,1,1,1,1,1,4,0,0,-1,current,0,0,0.009071614500135184,0.009071614500135184,39,25,25,25,25,0,0,1,1.0,1.0,1.0,1.0,1.0,1,1.0,1.0,1.0,1.0,1.0,1,1.0,1.0,1.0,1.0,1.0,1,1.0,1.0,1.0,1.0,1.0
1755,no_strict_e1_improvement,0,,,,,1,0,1,1,1,1,1,4,0,0,-1,current,0,0,0.015822692262008786,0.015822692262008786,34,25,25,25,25,0,0,1,1.0,1.0,1.0,1.0,1.0,1,1.0,1.0,1.0,1.0,1.0,1,1.0,1.0,1.0,1.0,1.0,1,1.0,1.0,1.0,1.0,1.0
1756,no_strict_e1_improvement,0,,,,,1,0,1,1,1,2,2,4,0,0,-1,current,0,0,0.026496317121200264,0.026496317121200264,35,25,25,25,25,0,0,1,1.0,1.0,1.0,1.0,1.0,1,1.0,1.0,1.0,1.0,1.0,1,1.0,1.0,1.0,1.0,1.0,1,1.0,1.0,1.0,1.0,1.0
1757,no_strict_e1_improvement,0,,,,,1,0,1,1,1,1,1,4,0,0,-1,current,0,0,0.004491541143215727,0.004491541143215727,37,25,25,25,25,0,0,1,1.0,1.0,1.0,1.0,1.0,1,1.0,1.0,1.0,1.0,1.0,1,1.0,1.0,1.0,1.0,1.0,1,1.0,1.0,1.0,1.0,1.0
1758,no_strict_e1_improvement,0,,,,,1,0,1,1,1,1,1,4,0,0,-1,current,0,0,0.037464318750426176,0.037464318750426176,36,25,25,25,25,0,0,1,1.0,1.0,1.0,1.0,1.0,1,1.0,1.0,1.0,1.0,1.0,1,1.0,1.0,1.0,1.0,1.0,1,1.0,1.0,1.0,1.0,1.0
1759,no_strict_e1_improvement,0,,,,,1,0,1,1,1,1,1,4,0,0,-1,current,0,0,0.010282712971093132,0.010282712971093132,36,25,25,25,25,0,0,1,1.0,1.0,1.0,1.0,1.0,1,1.0,1.0,1.0,1.0,1.0,1,1.0,1.0,1.0,1.0,1.0,1,1.0,1.0,1.0,1.0,1.0
1760,no_strict_e1_improvement,0,,,,,1,0,1,1,1,1,1,4,0,0,-1,current,0,0,0.011818376556038856,0.011818376556038856,35,25,25,25,25,0,0,1,1.0,1.0,1.0,1.0,1.0,1,1.0,1.0,1.0,1.0,1.0,1,1.0,1.0,1.0,1.0,1.0,1,1.0,1.0,1.0,1.0,1.0
1761,max_rounds,0,,,,,1,1,2,1,1,4,4,4,0,0,1,profiled_beam,1,1,0.09128088005818427,0.031891862163320184,36,22,22,22,25,3,3,0,0.88,0.85,0.9,0.875,0.875,0,0.88,0.85,0.9,0.875,0.875,0,0.88,0.85,0.9,0.875,0.875,1,1.0,1.0,1.0,1.0,1.0
1762,no_strict_e1_improvement,0,,,,,1,0,1,1,1,1,1,4,0,0,-1,current,0,0,0.01799146980047226,0.01799146980047226,37,25,25,25,25,0,0,1,1.0,1.0,1.0,1.0,1.0,1,1.0,1.0,1.0,1.0,1.0,1,1.0,1.0,1.0,1.0,1.0,1,1.0,1.0,1.0,1.0,1.0
1763,no_strict_e1_improvement,0,,,,,1,0,1,1,1,1,1,4,0,0,-1,current,0,0,0.0,0.0,40,25,25,25,25,0,0,1,1.0,1.0,1.0,1.0,1.0,1,1.0,1.0,1.0,1.0,1.0,1,1.0,1.0,1.0,1.0,1.0,1,1.0,1.0,1.0,1.0,1.0
1764,no_strict_e1_improvement,0,,,,,1,0,1,1,1,1,1,4,0,0,-1,current,0,0,0.007432669308036566,0.007432669308036566,37,25,25,25,25,0,0,1,1.0,1.0,1.0,1.0,1.0,1,1.0,1.0,1.0,1.0,1.0,1,1.0,1.0,1.0,1.0,1.0,1,1.0,1.0,1.0,1.0,1.0
1765,no_strict_e1_improvement,0,,,,,1,0,1,1,1,1,1,4,0,0,-1,current,0,0,0.007592824101448059,0.007592824101448059,38,25,25,25,25,0,0,1,1.0,1.0,1.0,1.0,1.0,1,1.0,1.0,1.0,1.0,1.0,1,1.0,1.0,1.0,1.0,1.0,1,1.0,1.0,1.0,1.0,1.0
1766,no_strict_e1_improvement,0,,,,,1,0,1,1,1,2,2,4,0,0,-1,current,0,0,0.057919952622614804,0.057919952622614804,34,0,0,0,0,0,0,0,0.0,0.75,0.9,0.825,0.825,0,0.0,0.75,0.9,0.825,0.825,0,0.0,0.75,0.9,0.825,0.825,0,0.0,0.75,0.9,0.825,0.825
1767,no_strict_e1_improvement,0,,,,,1,0,1,1,1,2,2,4,0,0,-1,current,0,0,0.033350676437839864,0.033350676437839864,35,25,25,25,25,0,0,1,1.0,1.0,1.0,1.0,1.0,1,1.0,1.0,1.0,1.0,1.0,1,1.0,1.0,1.0,1.0,1.0,1,1.0,1.0,1.0,1.0,1.0
1768,no_strict_e1_improvement,0,,,,,1,0,1,1,1,1,1,4,0,0,-1,current,0,0,0.022171208169311285,0.022171208169311285,39,25,25,25,25,0,0,1,1.0,1.0,1.0,1.0,1.0,1,1.0,1.0,1.0,1.0,1.0,1,1.0,1.0,1.0,1.0,1.0,1,1.0,1.0,1.0,1.0,1.0
1769,no_strict_e1_improvement,0,,,,,1,0,1,1,1,1,1,4,0,0,-1,current,0,0,0.006163822987582534,0.006163822987582534,39,25,25,25,25,0,0,1,1.0,1.0,1.0,1.0,1.0,1,1.0,1.0,1.0,1.0,1.0,1,1.0,1.0,1.0,1.0,1.0,1,1.0,1.0,1.0,1.0,1.0
1770,max_rounds,0,,,,,1,1,3,2,2,6,6,4,0,0,1,profiled_beam,1,1,0.13130186503985897,0.12074117535958066,30,9,9,11,9,0,-2,0,0.36,0.5,0.85,0.675,0.675,0,0.36,0.5,0.85,0.675,0.675,0,0.44,0.5,0.9,0.7,0.725,0,0.36,0.5,0.9,0.7,0.7
1771,no_strict_e1_improvement,0,,,,,1,0,1,1,1,1,1,4,0,0,-1,current,0,0,0.0023342046421021222,0.0023342046421021222,37,25,25,25,25,0,0,1,1.0,1.0,1.0,1.0,1.0,1,1.0,1.0,1.0,1.0,1.0,1,1.0,1.0,1.0,1.0,1.0,1,1.0,1.0,1.0,1.0,1.0
1772,max_rounds,0,,,,,1,1,2,1,1,4,4,4,0,0,1,profiled_beam,1,1,0.07229552228236572,0.06526965905213729,34,0,0,0,0,0,0,0,0.0,0.9,0.75,0.825,0.825,0,0.0,0.9,0.75,0.825,0.825,0,0.0,0.9,0.75,0.825,0.825,0,0.0,0.95,0.75,0.85,0.85
1773,no_strict_e1_improvement,0,,,,,1,0,1,1,1,1,1,4,0,0,-1,current,0,0,0.03244971867534332,0.03244971867534332,32,0,0,0,0,0,0,0,0.0,0.75,1.0,0.875,0.875,0,0.0,0.75,1.0,0.875,0.875,0,0.0,0.75,1.0,0.875,0.875,0,0.0,0.75,1.0,0.875,0.875
1774,no_strict_e1_improvement,0,,,,,1,0,1,1,1,1,1,4,0,0,-1,current,0,0,0.02593553774058819,0.02593553774058819,36,25,25,25,25,0,0,1,1.0,1.0,1.0,1.0,1.0,1,1.0,1.0,1.0,1.0,1.0,1,1.0,1.0,1.0,1.0,1.0,1,1.0,1.0,1.0,1.0,1.0
1775,no_strict_e1_improvement,0,,,,,1,0,1,1,1,1,1,4,0,0,-1,current,0,0,0.0009060001757461578,0.0009060001757461578,39,25,25,25,25,0,0,1,1.0,1.0,1.0,1.0,1.0,1,1.0,1.0,1.0,1.0,1.0,1,1.0,1.0,1.0,1.0,1.0,1,1.0,1.0,1.0,1.0,1.0
1776,no_strict_e1_improvement,0,,,,,1,0,1,1,1,1,1,4,0,0,-1,current,0,0,0.014222035510465502,0.014222035510465502,32,0,0,0,0,0,0,0,0.0,0.75,1.0,0.875,0.875,0,0.0,0.75,1.0,0.875,0.875,0,0.0,0.75,1.0,0.875,0.875,0,0.0,0.75,1.0,0.875,0.875
1777,max_rounds,0,,,,,1,1,2,2,2,6,6,4,-1,0,0,s1a3_greedy,1,0,0.08417599191889166,0.0182005082257092,38,0,0,25,25,25,0,0,0.0,0.95,0.75,0.85,0.85,0,0.0,0.95,0.75,0.85,0.85,1,1.0,1.0,1.0,1.0,1.0,1,1.0,1.0,1.0,1.0,1.0
1778,max_rounds,0,,,,,1,1,3,2,2,8,8,4,0,0,1,profiled_beam,1,1,0.06724516918475273,0.06627574268786703,30,21,21,21,20,-1,-1,0,0.84,0.85,0.8,0.825,0.85,0,0.84,0.85,0.8,0.825,0.85,0,0.84,0.85,0.8,0.825,0.85,0,0.8,0.85,0.75,0.8,0.8
1779,max_rounds,0,,,,,1,1,3,2,2,6,6,4,0,1,0,s1a3_greedy,1,0,0.08333556139841676,0.01952523977961391,34,0,0,25,25,25,0,0,0.0,0.75,0.9,0.825,0.825,0,0.0,0.75,0.9,0.825,0.825,1,1.0,1.0,1.0,1.0,1.0,1,1.0,1.0,1.0,1.0,1.0
1780,no_strict_e1_improvement,0,,,,,1,0,1,1,1,1,1,4,0,0,-1,current,0,0,0.02650165045633912,0.02650165045633912,36,0,0,0,0,0,0,0,0.0,0.75,1.0,0.875,0.875,0,0.0,0.75,1.0,0.875,0.875,0,0.0,0.75,1.0,0.875,0.875,0,0.0,0.75,1.0,0.875,0.875
1781,no_strict_e1_improvement,0,,,,,1,0,1,1,1,1,1,4,0,0,-1,current,0,0,0.0023653383541386575,0.0023653383541386575,38,25,25,25,25,0,0,1,1.0,1.0,1.0,1.0,1.0,1,1.0,1.0,1.0,1.0,1.0,1,1.0,1.0,1.0,1.0,1.0,1,1.0,1.0,1.0,1.0,1.0
1782,no_strict_e1_improvement,0,,,,,1,0,1,1,1,4,4,4,0,0,-1,current,0,0,0.07753065667930059,0.07753065667930059,34,25,25,25,25,0,0,1,1.0,1.0,1.0,1.0,1.0,1,1.0,1.0,1.0,1.0,1.0,1,1.0,1.0,1.0,1.0,1.0,1,1.0,1.0,1.0,1.0,1.0
1783,no_strict_e1_improvement,0,,,,,1,0,1,1,1,1,1,4,0,0,-1,current,0,0,0.01708960405085236,0.01708960405085236,34,25,25,25,25,0,0,1,1.0,1.0,1.0,1.0,1.0,1,1.0,1.0,1.0,1.0,1.0,1,1.0,1.0,1.0,1.0,1.0,1,1.0,1.0,1.0,1.0,1.0
1784,no_strict_e1_improvement,0,,,,,1,0,1,1,1,1,1,4,0,0,-1,current,0,0,0.011280850879848004,0.011280850879848004,37,25,25,25,25,0,0,1,1.0,1.0,1.0,1.0,1.0,1,1.0,1.0,1.0,1.0,1.0,1,1.0,1.0,1.0,1.0,1.0,1,1.0,1.0,1.0,1.0,1.0
1785,no_strict_e1_improvement,0,,,,,1,0,1,1,1,1,1,4,0,0,-1,current,0,0,0.029061521962285043,0.029061521962285043,32,25,25,25,25,0,0,1,1.0,1.0,1.0,1.0,1.0,1,1.0,1.0,1.0,1.0,1.0,1,1.0,1.0,1.0,1.0,1.0,1,1.0,1.0,1.0,1.0,1.0
1786,max_rounds,0,,,,,1,1,2,1,1,4,4,4,0,0,1,profiled_beam,1,1,0.015960619179531933,0.011577692185528576,34,22,22,22,25,3,3,0,0.88,0.9,0.85,0.875,0.875,0,0.88,0.9,0.85,0.875,0.875,0,0.88,0.9,0.85,0.875,0.875,1,1.0,1.0,1.0,1.0,1.0
1787,no_strict_e1_improvement,0,,,,,1,0,1,1,1,1,1,4,0,0,-1,current,0,0,0.06840334101580084,0.06840334101580084,27,0,0,0,0,0,0,0,0.0,1.0,0.75,0.875,0.875,0,0.0,1.0,0.75,0.875,0.875,0,0.0,1.0,0.75,0.875,0.875,0,0.0,1.0,0.75,0.875,0.875
1788,no_strict_e1_improvement,0,,,,,1,0,1,1,1,1,1,4,0,0,-1,current,0,0,0.008145806286484003,0.008145806286484003,36,25,25,25,25,0,0,1,1.0,1.0,1.0,1.0,1.0,1,1.0,1.0,1.0,1.0,1.0,1,1.0,1.0,1.0,1.0,1.0,1,1.0,1.0,1.0,1.0,1.0
1789,no_strict_e1_improvement,0,,,,,1,0,1,1,1,1,1,4,0,0,-1,current,0,0,0.025253404912655243,0.025253404912655243,33,0,0,0,0,0,0,0,0.0,0.75,1.0,0.875,0.875,0,0.0,0.75,1.0,0.875,0.875,0,0.0,0.75,1.0,0.875,0.875,0,0.0,0.75,1.0,0.875,0.875
1790,no_strict_e1_improvement,0,,,,,1,0,1,1,1,1,1,4,0,0,-1,current,0,0,0.011667971180577297,0.011667971180577297,34,0,0,0,0,0,0,0,0.0,0.75,1.0,0.875,0.875,0,0.0,0.75,1.0,0.875,0.875,0,0.0,0.75,1.0,0.875,0.875,0,0.0,0.75,1.0,0.875,0.875
1791,no_strict_e1_improvement,0,,,,,1,0,1,1,1,2,2,4,0,0,-1,current,0,0,0.01020846136379987,0.01020846136379987,28,25,25,25,25,0,0,1,1.0,1.0,1.0,1.0,1.0,1,1.0,1.0,1.0,1.0,1.0,1,1.0,1.0,1.0,1.0,1.0,1,1.0,1.0,1.0,1.0,1.0
1792,no_strict_e1_improvement,0,,,,,1,0,1,1,1,1,1,4,0,0,-1,current,0,0,0.011097482964396476,0.011097482964396476,38,25,25,25,25,0,0,1,1.0,1.0,1.0,1.0,1.0,1,1.0,1.0,1.0,1.0,1.0,1,1.0,1.0,1.0,1.0,1.0,1,1.0,1.0,1.0,1.0,1.0
1793,no_strict_e1_improvement,0,,,,,1,0,1,1,1,1,1,4,0,0,-1,current,0,0,0.015965011226944624,0.015965011226944624,35,0,0,0,0,0,0,0,0.0,0.75,1.0,0.875,0.875,0,0.0,0.75,1.0,0.875,0.875,0,0.0,0.75,1.0,0.875,0.875,0,0.0,0.75,1.0,0.875,0.875
1794,no_strict_e1_improvement,0,,,,,1,0,1,1,1,1,1,4,0,0,-1,current,0,0,0.0022274330258369446,0.0022274330258369446,40,25,25,25,25,0,0,1,1.0,1.0,1.0,1.0,1.0,1,1.0,1.0,1.0,1.0,1.0,1,1.0,1.0,1.0,1.0,1.0,1,1.0,1.0,1.0,1.0,1.0
1795,no_strict_e1_improvement,0,,,,,1,0,1,1,1,1,1,4,0,0,-1,current,0,0,0.01889470866881311,0.01889470866881311,38,25,25,25,25,0,0,1,1.0,1.0,1.0,1.0,1.0,1,1.0,1.0,1.0,1.0,1.0,1,1.0,1.0,1.0,1.0,1.0,1,1.0,1.0,1.0,1.0,1.0
1796,no_strict_e1_improvement,0,,,,,1,0,1,1,1,1,1,4,0,0,-1,current,0,0,0.005095217004418373,0.005095217004418373,39,25,25,25,25,0,0,1,1.0,1.0,1.0,1.0,1.0,1,1.0,1.0,1.0,1.0,1.0,1,1.0,1.0,1.0,1.0,1.0,1,1.0,1.0,1.0,1.0,1.0
1797,no_strict_e1_improvement,0,,,,,1,0,1,1,1,1,1,4,0,0,-1,current,0,0,0.015842200323822907,0.015842200323822907,35,0,0,0,0,0,0,0,0.0,0.75,1.0,0.875,0.875,0,0.0,0.75,1.0,0.875,0.875,0,0.0,0.75,1.0,0.875,0.875,0,0.0,0.75,1.0,0.875,0.875
1798,no_strict_e1_improvement,0,,,,,1,0,1,1,1,2,2,4,0,0,-1,current,0,0,0.049684857670217755,0.049684857670217755,33,0,0,0,0,0,0,0,0.0,0.9,0.75,0.825,0.825,0,0.0,0.9,0.75,0.825,0.825,0,0.0,0.9,0.75,0.825,0.825,0,0.0,0.9,0.75,0.825,0.825
1799,no_strict_e1_improvement,0,,,,,1,0,1,1,1,1,1,4,0,0,-1,current,0,0,0.026543877716176213,0.026543877716176213,38,0,0,0,0,0,0,0,0.0,0.75,1.0,0.875,0.875,0,0.0,0.75,1.0,0.875,0.875,0,0.0,0.75,1.0,0.875,0.875,0,0.0,0.75,1.0,0.875,0.875
1800,no_strict_e1_improvement,0,,,,,1,0,1,1,1,1,1,4,0,0,-1,current,0,0,0.019082222366705537,0.019082222366705537,35,25,25,25,25,0,0,1,1.0,1.0,1.0,1.0,1.0,1,1.0,1.0,1.0,1.0,1.0,1,1.0,1.0,1.0,1.0,1.0,1,1.0,1.0,1.0,1.0,1.0
1801,no_strict_e1_improvement,0,,,,,1,0,1,1,1,4,4,4,0,0,-1,current,0,0,0.07791474922560156,0.07791474922560156,30,0,0,0,0,0,0,0,0.0,0.75,1.0,0.875,0.875,0,0.0,0.75,1.0,0.875,0.875,0,0.0,0.75,1.0,0.875,0.875,0,0.0,0.75,1.0,0.875,0.875
1802,no_strict_e1_improvement,0,,,,,1,0,12,12,12,48,48,4,0,0,-1,current,0,0,0.07727458996232599,0.07727458996232599,21,4,4,4,4,0,0,0,0.16,0.05,0.8,0.425,0.75,0,0.16,0.05,0.8,0.425,0.75,0,0.16,0.05,0.8,0.425,0.75,0,0.16,0.05,0.8,0.425,0.75
1803,no_strict_e1_improvement,0,,,,,1,0,1,1,1,3,3,4,0,0,-1,current,0,0,0.03460302363382652,0.03460302363382652,33,0,0,0,0,0,0,0,0.0,0.75,1.0,0.875,0.875,0,0.0,0.75,1.0,0.875,0.875,0,0.0,0.75,1.0,0.875,0.875,0,0.0,0.75,1.0,0.875,0.875
1804,no_strict_e1_improvement,0,,,,,1,0,1,1,1,2,2,4,0,0,-1,current,0,0,0.031076873606070875,0.031076873606070875,29,25,25,25,25,0,0,1,1.0,1.0,1.0,1.0,1.0,1,1.0,1.0,1.0,1.0,1.0,1,1.0,1.0,1.0,1.0,1.0,1,1.0,1.0,1.0,1.0,1.0
1805,no_strict_e1_improvement,0,,,,,1,0,1,1,1,1,1,4,0,0,-1,current,0,0,0.014448462636210024,0.014448462636210024,37,25,25,25,25,0,0,1,1.0,1.0,1.0,1.0,1.0,1,1.0,1.0,1.0,1.0,1.0,1,1.0,1.0,1.0,1.0,1.0,1,1.0,1.0,1.0,1.0,1.0
1806,no_strict_e1_improvement,0,,,,,1,0,1,1,1,1,1,4,0,0,-1,current,0,0,0.04911576060112566,0.04911576060112566,33,0,0,0,0,0,0,0,0.0,0.75,1.0,0.875,0.875,0,0.0,0.75,1.0,0.875,0.875,0,0.0,0.75,1.0,0.875,0.875,0,0.0,0.75,1.0,0.875,0.875
1807,no_strict_e1_improvement,0,,,,,1,0,1,1,1,1,1,4,0,0,-1,current,0,0,0.021989624947309494,0.021989624947309494,34,25,25,25,25,0,0,1,1.0,1.0,1.0,1.0,1.0,1,1.0,1.0,1.0,1.0,1.0,1,1.0,1.0,1.0,1.0,1.0,1,1.0,1.0,1.0,1.0,1.0
1808,no_strict_e1_improvement,0,,,,,1,0,1,1,1,1,1,4,0,0,-1,current,0,0,0.01008258453803137,0.01008258453803137,35,25,25,25,25,0,0,1,1.0,1.0,1.0,1.0,1.0,1,1.0,1.0,1.0,1.0,1.0,1,1.0,1.0,1.0,1.0,1.0,1,1.0,1.0,1.0,1.0,1.0
1809,no_strict_e1_improvement,0,,,,,1,0,1,1,1,1,1,4,0,0,-1,current,0,0,0.009589953534305095,0.009589953534305095,38,25,25,25,25,0,0,1,1.0,1.0,1.0,1.0,1.0,1,1.0,1.0,1.0,1.0,1.0,1,1.0,1.0,1.0,1.0,1.0,1,1.0,1.0,1.0,1.0,1.0
1810,max_rounds,0,,,,,1,1,3,2,2,8,8,4,0,1,1,profiled_beam,1,1,0.10670723579823971,0.043356607831083235,29,0,0,22,25,25,3,0,0.0,0.75,0.9,0.825,0.85,0,0.0,0.75,0.9,0.825,0.85,0,0.88,0.9,0.85,0.875,0.875,1,1.0,1.0,1.0,1.0,1.0
1811,no_strict_e1_improvement,0,,,,,1,0,1,1,1,1,1,4,0,0,-1,current,0,0,0.0025666456844192,0.0025666456844192,39,25,25,25,25,0,0,1,1.0,1.0,1.0,1.0,1.0,1,1.0,1.0,1.0,1.0,1.0,1,1.0,1.0,1.0,1.0,1.0,1,1.0,1.0,1.0,1.0,1.0
1812,no_strict_e1_improvement,0,,,,,1,0,1,1,1,2,2,4,0,0,-1,current,0,0,0.02432417857926339,0.02432417857926339,35,25,25,25,25,0,0,1,1.0,1.0,1.0,1.0,1.0,1,1.0,1.0,1.0,1.0,1.0,1,1.0,1.0,1.0,1.0,1.0,1,1.0,1.0,1.0,1.0,1.0
1813,max_rounds,0,,,,,1,1,10,9,9,35,35,4,0,1,1,profiled_beam,1,1,0.1708012252114713,0.07418381099987528,27,0,0,20,25,25,5,0,0.0,0.5,0.65,0.575,0.6,0,0.0,0.5,0.65,0.575,0.6,0,0.8,0.75,0.8,0.775,0.775,1,1.0,1.0,1.0,1.0,1.0
1814,no_strict_e1_improvement,0,,,,,1,0,1,1,1,1,1,4,0,0,-1,current,0,0,0.010874007269740105,0.010874007269740105,38,25,25,25,25,0,0,1,1.0,1.0,1.0,1.0,1.0,1,1.0,1.0,1.0,1.0,1.0,1,1.0,1.0,1.0,1.0,1.0,1,1.0,1.0,1.0,1.0,1.0
1815,no_strict_e1_improvement,0,,,,,1,0,1,1,1,3,3,4,0,0,-1,current,0,0,0.11145039917901159,0.11145039917901159,25,0,0,0,0,0,0,0,0.0,0.5,0.95,0.725,0.725,0,0.0,0.5,0.95,0.725,0.725,0,0.0,0.5,0.95,0.725,0.725,0,0.0,0.5,0.95,0.725,0.725
1816,no_strict_e1_improvement,0,,,,,1,0,1,1,1,1,1,4,0,0,-1,current,0,0,0.01992379773873836,0.01992379773873836,35,0,0,0,0,0,0,0,0.0,0.75,1.0,0.875,0.875,0,0.0,0.75,1.0,0.875,0.875,0,0.0,0.75,1.0,0.875,0.875,0,0.0,0.75,1.0,0.875,0.875
1817,no_strict_e1_improvement,0,,,,,1,0,1,1,1,1,1,4,0,0,-1,current,0,0,0.008862531464546918,0.008862531464546918,39,25,25,25,25,0,0,1,1.0,1.0,1.0,1.0,1.0,1,1.0,1.0,1.0,1.0,1.0,1,1.0,1.0,1.0,1.0,1.0,1,1.0,1.0,1.0,1.0,1.0
1818,no_strict_e1_improvement,0,,,,,1,0,1,1,1,1,1,4,0,0,-1,current,0,0,0.02406839991454035,0.02406839991454035,34,25,25,25,25,0,0,1,1.0,1.0,1.0,1.0,1.0,1,1.0,1.0,1.0,1.0,1.0,1,1.0,1.0,1.0,1.0,1.0,1,1.0,1.0,1.0,1.0,1.0
1819,no_strict_e1_improvement,0,,,,,1,0,1,1,1,1,1,4,0,0,-1,current,0,0,0.0,0.0,40,25,25,25,25,0,0,1,1.0,1.0,1.0,1.0,1.0,1,1.0,1.0,1.0,1.0,1.0,1,1.0,1.0,1.0,1.0,1.0,1,1.0,1.0,1.0,1.0,1.0
1820,no_strict_e1_improvement,0,,,,,1,0,1,1,1,1,1,4,0,0,-1,current,0,0,0.007327427415157217,0.007327427415157217,39,25,25,25,25,0,0,1,1.0,1.0,1.0,1.0,1.0,1,1.0,1.0,1.0,1.0,1.0,1,1.0,1.0,1.0,1.0,1.0,1,1.0,1.0,1.0,1.0,1.0
1821,max_rounds,0,,,,,1,1,2,1,1,4,4,4,0,0,1,profiled_beam,1,1,0.08298998849932104,0.05508577811997384,32,20,20,20,22,2,2,0,0.8,0.95,0.75,0.85,0.85,0,0.8,0.95,0.75,0.85,0.85,0,0.8,0.95,0.75,0.85,0.85,0,0.88,0.9,0.85,0.875,0.875
1822,no_strict_e1_improvement,0,,,,,1,0,1,1,1,1,1,4,0,0,-1,current,0,0,0.008738800697028638,0.008738800697028638,35,25,25,25,25,0,0,1,1.0,1.0,1.0,1.0,1.0,1,1.0,1.0,1.0,1.0,1.0,1,1.0,1.0,1.0,1.0,1.0,1,1.0,1.0,1.0,1.0,1.0
1823,max_rounds,0,,,,,1,1,2,1,1,2,2,4,0,0,0,s1a3_greedy,1,0,0.02907923555467278,0.014064031629823148,37,23,23,25,25,2,0,0,0.92,0.9,0.9,0.9,0.925,0,0.92,0.9,0.9,0.9,0.925,1,1.0,1.0,1.0,1.0,1.0,1,1.0,1.0,1.0,1.0,1.0
1824,no_strict_e1_improvement,0,,,,,1,0,1,1,1,3,3,4,0,0,-1,current,0,0,0.06549995135283097,0.06549995135283097,33,0,0,0,0,0,0,0,0.0,0.75,1.0,0.875,0.875,0,0.0,0.75,1.0,0.875,0.875,0,0.0,0.75,1.0,0.875,0.875,0,0.0,0.75,1.0,0.875,0.875
1825,no_strict_e1_improvement,0,,,,,1,0,1,1,1,1,1,4,0,0,-1,current,0,0,0.01983071316499263,0.01983071316499263,34,25,25,25,25,0,0,1,1.0,1.0,1.0,1.0,1.0,1,1.0,1.0,1.0,1.0,1.0,1,1.0,1.0,1.0,1.0,1.0,1,1.0,1.0,1.0,1.0,1.0
1826,max_rounds,0,,,,,1,1,3,3,3,11,11,4,0,-2,0,s1a3_greedy,1,0,0.062862088996917,0.041797319520264865,31,0,0,0,0,0,0,0,0.0,0.75,0.95,0.85,0.85,0,0.0,0.75,0.95,0.85,0.85,0,0.0,0.75,0.95,0.85,0.85,0,0.0,0.75,0.95,0.85,0.85
1827,no_strict_e1_improvement,0,,,,,1,0,1,1,1,1,1,4,0,0,-1,current,0,0,0.02475010397611186,0.02475010397611186,29,25,25,25,25,0,0,1,1.0,1.0,1.0,1.0,1.0,1,1.0,1.0,1.0,1.0,1.0,1,1.0,1.0,1.0,1.0,1.0,1,1.0,1.0,1.0,1.0,1.0
1828,max_rounds,0,,,,,1,1,3,3,3,10,10,4,0,-2,0,s1a3_greedy,1,0,0.12947061599697918,0.006060870015062392,39,0,0,25,25,25,0,0,0.0,0.7,0.9,0.8,0.825,0,0.0,0.7,0.9,0.8,0.825,1,1.0,1.0,1.0,1.0,1.0,1,1.0,1.0,1.0,1.0,1.0
1829,no_strict_e1_improvement,0,,,,,1,0,1,1,1,1,1,4,0,0,-1,current,0,0,0.0009940149961039425,0.0009940149961039425,39,25,25,25,25,0,0,1,1.0,1.0,1.0,1.0,1.0,1,1.0,1.0,1.0,1.0,1.0,1,1.0,1.0,1.0,1.0,1.0,1,1.0,1.0,1.0,1.0,1.0
1830,no_strict_e1_improvement,0,,,,,1,0,1,1,1,2,2,4,0,0,-1,current,0,0,0.037670883303508165,0.037670883303508165,34,25,25,25,25,0,0,1,1.0,1.0,1.0,1.0,1.0,1,1.0,1.0,1.0,1.0,1.0,1,1.0,1.0,1.0,1.0,1.0,1,1.0,1.0,1.0,1.0,1.0
1831,no_strict_e1_improvement,0,,,,,1,0,1,1,1,4,4,4,0,0,-1,current,0,0,0.08569356095977128,0.08569356095977128,26,0,0,0,0,0,0,0,0.0,0.75,0.95,0.85,0.85,0,0.0,0.75,0.95,0.85,0.85,0,0.0,0.75,0.95,0.85,0.85,0,0.0,0.75,0.95,0.85,0.85
1832,no_strict_e1_improvement,0,,,,,1,0,1,1,1,4,4,4,0,0,-1,current,0,0,0.05098171196877956,0.05098171196877956,35,0,0,0,0,0,0,0,0.0,0.75,1.0,0.875,0.875,0,0.0,0.75,1.0,0.875,0.875,0,0.0,0.75,1.0,0.875,0.875,0,0.0,0.75,1.0,0.875,0.875
1833,no_strict_e1_improvement,0,,,,,1,0,1,1,1,1,1,4,0,0,-1,current,0,0,0.023142077820375563,0.023142077820375563,36,0,0,0,0,0,0,0,0.0,0.75,1.0,0.875,0.875,0,0.0,0.75,1.0,0.875,0.875,0,0.0,0.75,1.0,0.875,0.875,0,0.0,0.75,1.0,0.875,0.875
1834,no_strict_e1_improvement,0,,,,,1,0,2,2,2,7,7,4,0,0,-1,current,0,0,0.05396930867282208,0.05396930867282208,30,23,23,23,23,0,0,0,0.92,0.9,0.9,0.9,0.925,0,0.92,0.9,0.9,0.9,0.925,0,0.92,0.9,0.9,0.9,0.925,0,0.92,0.9,0.9,0.9,0.925
1835,no_strict_e1_improvement,0,,,,,1,0,1,1,1,1,1,4,0,0,-1,current,0,0,0.017839681915938856,0.017839681915938856,38,25,25,25,25,0,0,1,1.0,1.0,1.0,1.0,1.0,1,1.0,1.0,1.0,1.0,1.0,1,1.0,1.0,1.0,1.0,1.0,1,1.0,1.0,1.0,1.0,1.0
1836,no_strict_e1_improvement,0,,,,,1,0,1,1,1,1,1,4,0,0,-1,current,0,0,0.00013467504177242518,0.00013467504177242518,39,25,25,25,25,0,0,1,1.0,1.0,1.0,1.0,1.0,1,1.0,1.0,1.0,1.0,1.0,1,1.0,1.0,1.0,1.0,1.0,1,1.0,1.0,1.0,1.0,1.0
1837,no_strict_e1_improvement,0,,,,,1,0,1,1,1,1,1,4,0,0,-1,current,0,0,0.0114876200677827,0.0114876200677827,36,0,0,0,0,0,0,0,0.0,0.75,1.0,0.875,0.875,0,0.0,0.75,1.0,0.875,0.875,0,0.0,0.75,1.0,0.875,0.875,0,0.0,0.75,1.0,0.875,0.875
1838,max_rounds,0,,,,,1,1,3,2,2,6,6,4,1,0,0,s1a3_greedy,1,0,0.058898101141676304,0.013509063189849258,36,0,0,25,25,25,0,0,0.0,0.95,0.75,0.85,0.85,0,0.0,0.95,0.75,0.85,0.85,1,1.0,1.0,1.0,1.0,1.0,1,1.0,1.0,1.0,1.0,1.0
1839,no_strict_e1_improvement,0,,,,,1,0,2,1,1,4,4,4,0,0,-1,current,0,0,0.11362778187030927,0.11362778187030927,22,0,0,0,0,0,0,0,0.0,0.4,0.6,0.5,0.575,0,0.0,0.4,0.6,0.5,0.575,0,0.0,0.4,0.6,0.5,0.575,0,0.0,0.4,0.6,0.5,0.575
1840,no_strict_e1_improvement,0,,,,,1,0,1,1,1,1,1,4,0,0,-1,current,0,0,0.016222365386784076,0.016222365386784076,34,25,25,25,25,0,0,1,1.0,1.0,1.0,1.0,1.0,1,1.0,1.0,1.0,1.0,1.0,1,1.0,1.0,1.0,1.0,1.0,1,1.0,1.0,1.0,1.0,1.0
1841,max_rounds,0,,,,,1,1,3,2,2,7,7,4,0,-1,1,profiled_beam,1,1,0.15040816744440236,0.12852776204817928,28,5,5,0,0,-5,0,0,0.2,0.25,0.95,0.6,0.6,0,0.2,0.25,0.95,0.6,0.6,0,0.0,0.25,0.95,0.6,0.6,0,0.0,0.25,1.0,0.625,0.625
1842,no_strict_e1_improvement,0,,,,,1,0,1,1,1,1,1,4,0,0,-1,current,0,0,0.029661732834938448,0.029661732834938448,35,0,0,0,0,0,0,0,0.0,0.75,0.75,0.75,0.75,0,0.0,0.75,0.75,0.75,0.75,0,0.0,0.75,0.75,0.75,0.75,0,0.0,0.75,0.75,0.75,0.75
1843,no_strict_e1_improvement,0,,,,,1,0,1,1,1,1,1,4,0,0,-1,current,0,0,0.0049386551603674885,0.0049386551603674885,40,25,25,25,25,0,0,1,1.0,1.0,1.0,1.0,1.0,1,1.0,1.0,1.0,1.0,1.0,1,1.0,1.0,1.0,1.0,1.0,1,1.0,1.0,1.0,1.0,1.0
1844,no_strict_e1_improvement,0,,,,,1,0,1,1,1,1,1,4,0,0,-1,current,0,0,0.00010581027017906309,0.00010581027017906309,40,25,25,25,25,0,0,1,1.0,1.0,1.0,1.0,1.0,1,1.0,1.0,1.0,1.0,1.0,1,1.0,1.0,1.0,1.0,1.0,1,1.0,1.0,1.0,1.0,1.0
1845,no_strict_e1_improvement,0,,,,,1,0,1,1,1,2,2,4,0,0,-1,current,0,0,0.07922306309919805,0.07922306309919805,32,0,0,0,0,0,0,0,0.0,0.65,0.8,0.725,0.725,0,0.0,0.65,0.8,0.725,0.725,0,0.0,0.65,0.8,0.725,0.725,0,0.0,0.65,0.8,0.725,0.725
1846,no_strict_e1_improvement,0,,,,,1,0,1,1,1,1,1,4,0,0,-1,current,0,0,0.03470839275978506,0.03470839275978506,32,23,23,23,23,0,0,0,0.92,0.9,0.9,0.9,0.925,0,0.92,0.9,0.9,0.9,0.925,0,0.92,0.9,0.9,0.9,0.925,0,0.92,0.9,0.9,0.9,0.925
1847,no_strict_e1_improvement,0,,,,,1,0,1,1,1,1,1,4,0,0,-1,current,0,0,0.030656907428056,0.030656907428056,33,0,0,0,0,0,0,0,0.0,0.75,1.0,0.875,0.875,0,0.0,0.75,1.0,0.875,0.875,0,0.0,0.75,1.0,0.875,0.875,0,0.0,0.75,1.0,0.875,0.875
1848,no_strict_e1_improvement,0,,,,,1,0,1,1,1,1,1,4,0,0,-1,current,0,0,0.012403973808977753,0.012403973808977753,38,0,0,0,0,0,0,0,0.0,0.75,1.0,0.875,0.875,0,0.0,0.75,1.0,0.875,0.875,0,0.0,0.75,1.0,0.875,0.875,0,0.0,0.75,1.0,0.875,0.875
1849,no_strict_e1_improvement,0,,,,,1,0,1,1,1,1,1,4,0,0,-1,current,0,0,0.021113871317356824,0.021113871317356824,37,25,25,25,25,0,0,1,1.0,1.0,1.0,1.0,1.0,1,1.0,1.0,1.0,1.0,1.0,1,1.0,1.0,1.0,1.0,1.0,1,1.0,1.0,1.0,1.0,1.0
1850,no_strict_e1_improvement,0,,,,,1,0,1,1,1,1,1,4,0,0,-1,current,0,0,0.021093124966137113,0.021093124966137113,36,0,0,0,0,0,0,0,0.0,0.75,1.0,0.875,0.875,0,0.0,0.75,1.0,0.875,0.875,0,0.0,0.75,1.0,0.875,0.875,0,0.0,0.75,1.0,0.875,0.875
1851,no_strict_e1_improvement,0,,,,,1,0,1,1,1,2,2,4,0,0,-1,current,0,0,0.06784312343224883,0.06784312343224883,31,0,0,0,0,0,0,0,0.0,0.75,0.95,0.85,0.85,0,0.0,0.75,0.95,0.85,0.85,0,0.0,0.75,0.95,0.85,0.85,0,0.0,0.75,0.95,0.85,0.85
1852,no_strict_e1_improvement,0,,,,,1,0,1,1,1,1,1,4,0,0,-1,current,0,0,0.03608805302064866,0.03608805302064866,32,0,0,0,0,0,0,0,0.0,0.75,1.0,0.875,0.875,0,0.0,0.75,1.0,0.875,0.875,0,0.0,0.75,1.0,0.875,0.875,0,0.0,0.75,1.0,0.875,0.875
1853,no_strict_e1_improvement,0,,,,,1,0,1,1,1,1,1,4,0,0,-1,current,0,0,0.010133377905003727,0.010133377905003727,35,25,25,25,25,0,0,1,1.0,1.0,1.0,1.0,1.0,1,1.0,1.0,1.0,1.0,1.0,1,1.0,1.0,1.0,1.0,1.0,1,1.0,1.0,1.0,1.0,1.0
1854,no_strict_e1_improvement,0,,,,,1,0,1,1,1,1,1,4,0,0,-1,current,0,0,0.033717653968778905,0.033717653968778905,33,25,25,25,25,0,0,1,1.0,1.0,1.0,1.0,1.0,1,1.0,1.0,1.0,1.0,1.0,1,1.0,1.0,1.0,1.0,1.0,1,1.0,1.0,1.0,1.0,1.0
1855,no_strict_e1_improvement,0,,,,,1,0,1,1,1,2,2,4,0,0,-1,current,0,0,0.07795767413917928,0.07795767413917928,31,0,0,0,0,0,0,0,0.0,0.8,0.75,0.775,0.775,0,0.0,0.8,0.75,0.775,0.775,0,0.0,0.8,0.75,0.775,0.775,0,0.0,0.8,0.75,0.775,0.775
1856,no_strict_e1_improvement,0,,,,,1,0,1,1,1,1,1,4,0,0,-1,current,0,0,0.036491095344536005,0.036491095344536005,33,0,0,0,0,0,0,0,0.0,0.75,0.9,0.825,0.85,0,0.0,0.75,0.9,0.825,0.85,0,0.0,0.75,0.9,0.825,0.85,0,0.0,0.75,0.9,0.825,0.85
1857,no_strict_e1_improvement,0,,,,,1,0,1,1,1,1,1,4,0,0,-1,current,0,0,0.02022805721499026,0.02022805721499026,32,25,25,25,25,0,0,1,1.0,1.0,1.0,1.0,1.0,1,1.0,1.0,1.0,1.0,1.0,1,1.0,1.0,1.0,1.0,1.0,1,1.0,1.0,1.0,1.0,1.0
1858,max_rounds,0,,,,,1,1,10,9,9,34,34,4,2,0,0,s1a3_greedy,1,0,0.11180003331392072,0.021169478906085715,36,0,0,25,25,25,0,0,0.0,0.9,0.75,0.825,0.825,0,0.0,0.9,0.75,0.825,0.825,1,1.0,1.0,1.0,1.0,1.0,1,1.0,1.0,1.0,1.0,1.0
1859,no_strict_e1_improvement,0,,,,,1,0,1,1,1,1,1,4,0,0,-1,current,0,0,0.0031141694635152817,0.0031141694635152817,39,25,25,25,25,0,0,1,1.0,1.0,1.0,1.0,1.0,1,1.0,1.0,1.0,1.0,1.0,1,1.0,1.0,1.0,1.0,1.0,1,1.0,1.0,1.0,1.0,1.0
1860,max_rounds,0,,,,,1,1,3,2,2,7,7,4,1,0,0,s1a3_greedy,1,0,0.092599624581635,0.004561377363279462,37,0,0,25,25,25,0,0,0.0,0.85,0.7,0.775,0.775,0,0.0,0.85,0.7,0.775,0.775,1,1.0,1.0,1.0,1.0,1.0,1,1.0,1.0,1.0,1.0,1.0
1861,no_strict_e1_improvement,0,,,,,1,0,1,1,1,4,4,4,0,0,-1,current,0,0,0.024493603766313755,0.024493603766313755,35,25,25,25,25,0,0,1,1.0,1.0,1.0,1.0,1.0,1,1.0,1.0,1.0,1.0,1.0,1,1.0,1.0,1.0,1.0,1.0,1,1.0,1.0,1.0,1.0,1.0
1862,no_strict_e1_improvement,0,,,,,1,0,1,1,1,2,2,4,0,0,-1,current,0,0,0.09311159402132034,0.09311159402132034,33,19,19,19,19,0,0,0,0.76,0.8,0.85,0.825,0.825,0,0.76,0.8,0.85,0.825,0.825,0,0.76,0.8,0.85,0.825,0.825,0,0.76,0.8,0.85,0.825,0.825
1863,no_strict_e1_improvement,0,,,,,1,0,1,1,1,1,1,4,0,0,-1,current,0,0,0.010628521828039084,0.010628521828039084,36,0,0,0,0,0,0,0,0.0,0.75,1.0,0.875,0.875,0,0.0,0.75,1.0,0.875,0.875,0,0.0,0.75,1.0,0.875,0.875,0,0.0,0.75,1.0,0.875,0.875
1864,no_strict_e1_improvement,0,,,,,1,0,1,1,1,2,2,4,0,0,-1,current,0,0,0.03551229070872068,0.03551229070872068,37,0,0,0,0,0,0,0,0.0,0.75,1.0,0.875,0.875,0,0.0,0.75,1.0,0.875,0.875,0,0.0,0.75,1.0,0.875,0.875,0,0.0,0.75,1.0,0.875,0.875
1865,no_strict_e1_improvement,0,,,,,1,0,1,1,1,1,1,4,0,0,-1,current,0,0,0.02817746326327324,0.02817746326327324,36,0,0,0,0,0,0,0,0.0,0.75,1.0,0.875,0.875,0,0.0,0.75,1.0,0.875,0.875,0,0.0,0.75,1.0,0.875,0.875,0,0.0,0.75,1.0,0.875,0.875
1866,no_strict_e1_improvement,0,,,,,1,0,1,1,1,1,1,4,0,0,-1,current,0,0,0.04464086915832013,0.04464086915832013,33,0,0,0,0,0,0,0,0.0,0.75,1.0,0.875,0.875,0,0.0,0.75,1.0,0.875,0.875,0,0.0,0.75,1.0,0.875,0.875,0,0.0,0.75,1.0,0.875,0.875
1867,no_strict_e1_improvement,0,,,,,1,0,1,1,1,1,1,4,0,0,-1,current,0,0,0.018962422292679547,0.018962422292679547,36,25,25,25,25,0,0,1,1.0,1.0,1.0,1.0,1.0,1,1.0,1.0,1.0,1.0,1.0,1,1.0,1.0,1.0,1.0,1.0,1,1.0,1.0,1.0,1.0,1.0
1868,no_strict_e1_improvement,0,,,,,1,0,1,1,1,2,2,4,0,0,-1,current,0,0,0.062459556572139266,0.062459556572139266,35,0,0,0,0,0,0,0,0.0,0.75,0.9,0.825,0.825,0,0.0,0.75,0.9,0.825,0.825,0,0.0,0.75,0.9,0.825,0.825,0,0.0,0.75,0.9,0.825,0.825
1869,no_strict_e1_improvement,0,,,,,1,0,1,1,1,1,1,4,0,0,-1,current,0,0,0.012047741562128067,0.012047741562128067,39,0,0,0,0,0,0,0,0.0,0.75,1.0,0.875,0.875,0,0.0,0.75,1.0,0.875,0.875,0,0.0,0.75,1.0,0.875,0.875,0,0.0,0.75,1.0,0.875,0.875
1870,max_rounds,0,,,,,1,1,2,2,2,7,7,4,1,0,0,s1a3_greedy,1,0,0.061422718968242404,0.018436607834883035,35,0,0,25,25,25,0,0,0.0,0.95,0.75,0.85,0.85,0,0.0,0.95,0.75,0.85,0.85,1,1.0,1.0,1.0,1.0,1.0,1,1.0,1.0,1.0,1.0,1.0
1871,no_strict_e1_improvement,0,,,,,1,0,1,1,1,2,2,4,0,0,-1,current,0,0,0.03119105374789797,0.03119105374789797,31,0,0,0,0,0,0,0,0.0,0.75,1.0,0.875,0.875,0,0.0,0.75,1.0,0.875,0.875,0,0.0,0.75,1.0,0.875,0.875,0,0.0,0.75,1.0,0.875,0.875
1872,no_strict_e1_improvement,0,,,,,1,0,1,1,1,1,1,4,0,0,-1,current,0,0,0.011085791955702006,0.011085791955702006,37,25,25,25,25,0,0,1,1.0,1.0,1.0,1.0,1.0,1,1.0,1.0,1.0,1.0,1.0,1,1.0,1.0,1.0,1.0,1.0,1,1.0,1.0,1.0,1.0,1.0
1873,no_strict_e1_improvement,0,,,,,1,0,1,1,1,1,1,4,0,0,-1,current,0,0,0.010231767722871155,0.010231767722871155,34,23,23,23,23,0,0,0,0.92,0.9,0.9,0.9,0.925,0,0.92,0.9,0.9,0.9,0.925,0,0.92,0.9,0.9,0.9,0.925,0,0.92,0.9,0.9,0.9,0.925
1874,no_strict_e1_improvement,0,,,,,1,0,1,1,1,1,1,4,0,0,-1,current,0,0,0.02170933517627418,0.02170933517627418,35,25,25,25,25,0,0,1,1.0,1.0,1.0,1.0,1.0,1,1.0,1.0,1.0,1.0,1.0,1,1.0,1.0,1.0,1.0,1.0,1,1.0,1.0,1.0,1.0,1.0
1875,no_strict_e1_improvement,0,,,,,1,0,1,1,1,3,3,4,0,0,-1,current,0,0,0.16414844365790487,0.16414844365790487,22,0,0,0,0,0,0,0,0.0,0.45,0.65,0.55,0.55,0,0.0,0.45,0.65,0.55,0.55,0,0.0,0.45,0.65,0.55,0.55,0,0.0,0.45,0.65,0.55,0.55
1876,no_strict_e1_improvement,0,,,,,1,0,1,1,1,1,1,4,0,0,-1,current,0,0,0.004648203868418932,0.004648203868418932,38,25,25,25,25,0,0,1,1.0,1.0,1.0,1.0,1.0,1,1.0,1.0,1.0,1.0,1.0,1,1.0,1.0,1.0,1.0,1.0,1,1.0,1.0,1.0,1.0,1.0
1877,no_strict_e1_improvement,0,,,,,1,0,1,1,1,1,1,4,0,0,-1,current,0,0,0.02016340275295079,0.02016340275295079,36,25,25,25,25,0,0,1,1.0,1.0,1.0,1.0,1.0,1,1.0,1.0,1.0,1.0,1.0,1,1.0,1.0,1.0,1.0,1.0,1,1.0,1.0,1.0,1.0,1.0
1878,no_strict_e1_improvement,0,,,,,1,0,1,1,1,1,1,4,0,0,-1,current,0,0,0.012810830568196253,0.012810830568196253,37,25,25,25,25,0,0,1,1.0,1.0,1.0,1.0,1.0,1,1.0,1.0,1.0,1.0,1.0,1,1.0,1.0,1.0,1.0,1.0,1,1.0,1.0,1.0,1.0,1.0
1879,no_strict_e1_improvement,0,,,,,1,0,1,1,1,1,1,4,0,0,-1,current,0,0,0.03609066444914788,0.03609066444914788,31,0,0,0,0,0,0,0,0.0,0.75,1.0,0.875,0.875,0,0.0,0.75,1.0,0.875,0.875,0,0.0,0.75,1.0,0.875,0.875,0,0.0,0.75,1.0,0.875,0.875
1880,no_strict_e1_improvement,0,,,,,1,0,1,1,1,1,1,4,0,0,-1,current,0,0,0.011226162360981107,0.011226162360981107,38,0,0,0,0,0,0,0,0.0,0.75,1.0,0.875,0.875,0,0.0,0.75,1.0,0.875,0.875,0,0.0,0.75,1.0,0.875,0.875,0,0.0,0.75,1.0,0.875,0.875
1881,no_strict_e1_improvement,0,,,,,1,0,1,1,1,1,1,4,0,0,-1,current,0,0,0.010510677087586373,0.010510677087586373,37,0,0,0,0,0,0,0,0.0,0.75,1.0,0.875,0.875,0,0.0,0.75,1.0,0.875,0.875,0,0.0,0.75,1.0,0.875,0.875,0,0.0,0.75,1.0,0.875,0.875
1882,no_strict_e1_improvement,0,,,,,1,0,1,1,1,1,1,4,0,0,-1,current,0,0,0.01089980696560815,0.01089980696560815,36,25,25,25,25,0,0,1,1.0,1.0,1.0,1.0,1.0,1,1.0,1.0,1.0,1.0,1.0,1,1.0,1.0,1.0,1.0,1.0,1,1.0,1.0,1.0,1.0,1.0
1883,no_strict_e1_improvement,0,,,,,1,0,1,1,1,1,1,4,0,0,-1,current,0,0,0.019062452577054502,0.019062452577054502,37,25,25,25,25,0,0,1,1.0,1.0,1.0,1.0,1.0,1,1.0,1.0,1.0,1.0,1.0,1,1.0,1.0,1.0,1.0,1.0,1,1.0,1.0,1.0,1.0,1.0
1884,no_strict_e1_improvement,0,,,,,1,0,1,1,1,1,1,4,0,0,-1,current,0,0,0.004740051552653312,0.004740051552653312,39,25,25,25,25,0,0,1,1.0,1.0,1.0,1.0,1.0,1,1.0,1.0,1.0,1.0,1.0,1,1.0,1.0,1.0,1.0,1.0,1,1.0,1.0,1.0,1.0,1.0
1885,no_strict_e1_improvement,0,,,,,1,0,1,1,1,4,4,4,0,0,-1,current,0,0,0.039955679763806984,0.039955679763806984,33,0,0,0,0,0,0,0,0.0,0.95,0.75,0.85,0.85,0,0.0,0.95,0.75,0.85,0.85,0,0.0,0.95,0.75,0.85,0.85,0,0.0,0.95,0.75,0.85,0.85
1886,no_strict_e1_improvement,0,,,,,1,0,1,1,1,2,2,4,0,0,-1,current,0,0,0.028148096054792404,0.028148096054792404,35,25,25,25,25,0,0,1,1.0,1.0,1.0,1.0,1.0,1,1.0,1.0,1.0,1.0,1.0,1,1.0,1.0,1.0,1.0,1.0,1,1.0,1.0,1.0,1.0,1.0
1887,no_strict_e1_improvement,0,,,,,1,0,1,1,1,1,1,4,0,0,-1,current,0,0,0.038246460747905074,0.038246460747905074,28,25,25,25,25,0,0,1,1.0,1.0,1.0,1.0,1.0,1,1.0,1.0,1.0,1.0,1.0,1,1.0,1.0,1.0,1.0,1.0,1,1.0,1.0,1.0,1.0,1.0
1888,no_strict_e1_improvement,0,,,,,1,0,1,1,1,2,2,4,0,0,-1,current,0,0,0.03156438767910004,0.03156438767910004,33,25,25,25,25,0,0,1,1.0,1.0,1.0,1.0,1.0,1,1.0,1.0,1.0,1.0,1.0,1,1.0,1.0,1.0,1.0,1.0,1,1.0,1.0,1.0,1.0,1.0
1889,no_strict_e1_improvement,0,,,,,1,0,1,1,1,1,1,4,0,0,-1,current,0,0,0.0301813252735883,0.0301813252735883,35,0,0,0,0,0,0,0,0.0,0.75,1.0,0.875,0.875,0,0.0,0.75,1.0,0.875,0.875,0,0.0,0.75,1.0,0.875,0.875,0,0.0,0.75,1.0,0.875,0.875
1890,max_rounds,0,,,,,1,1,4,3,3,12,12,4,0,0,1,profiled_beam,1,1,0.18729026890941897,0.10035649535129779,19,6,6,4,6,0,2,0,0.24,0.3,0.65,0.475,0.5,0,0.24,0.3,0.65,0.475,0.5,0,0.16,0.35,0.8,0.575,0.575,0,0.24,0.25,0.65,0.45,0.45
1891,no_strict_e1_improvement,0,,,,,1,0,1,1,1,1,1,4,0,0,-1,current,0,0,0.009638150315731763,0.009638150315731763,38,25,25,25,25,0,0,1,1.0,1.0,1.0,1.0,1.0,1,1.0,1.0,1.0,1.0,1.0,1,1.0,1.0,1.0,1.0,1.0,1,1.0,1.0,1.0,1.0,1.0
1892,no_strict_e1_improvement,0,,,,,1,0,1,1,1,3,3,4,0,0,-1,current,0,0,0.06326629025861621,0.06326629025861621,33,0,0,0,0,0,0,0,0.0,0.75,0.95,0.85,0.85,0,0.0,0.75,0.95,0.85,0.85,0,0.0,0.75,0.95,0.85,0.85,0,0.0,0.75,0.95,0.85,0.85
1893,no_strict_e1_improvement,0,,,,,1,0,1,1,1,2,2,4,0,0,-1,current,0,0,0.008423211632180027,0.008423211632180027,36,25,25,25,25,0,0,1,1.0,1.0,1.0,1.0,1.0,1,1.0,1.0,1.0,1.0,1.0,1,1.0,1.0,1.0,1.0,1.0,1,1.0,1.0,1.0,1.0,1.0
1894,no_strict_e1_improvement,0,,,,,1,0,1,1,1,1,1,4,0,0,-1,current,0,0,0.0016632604878395797,0.0016632604878395797,40,25,25,25,25,0,0,1,1.0,1.0,1.0,1.0,1.0,1,1.0,1.0,1.0,1.0,1.0,1,1.0,1.0,1.0,1.0,1.0,1,1.0,1.0,1.0,1.0,1.0
1895,no_strict_e1_improvement,0,,,,,1,0,1,1,1,1,1,4,0,0,-1,current,0,0,0.015879358910024167,0.015879358910024167,38,25,25,25,25,0,0,1,1.0,1.0,1.0,1.0,1.0,1,1.0,1.0,1.0,1.0,1.0,1,1.0,1.0,1.0,1.0,1.0,1,1.0,1.0,1.0,1.0,1.0
1896,no_strict_e1_improvement,0,,,,,1,0,1,1,1,1,1,4,0,0,-1,current,0,0,0.0,0.0,40,25,25,25,25,0,0,1,1.0,1.0,1.0,1.0,1.0,1,1.0,1.0,1.0,1.0,1.0,1,1.0,1.0,1.0,1.0,1.0,1,1.0,1.0,1.0,1.0,1.0
1897,no_strict_e1_improvement,0,,,,,1,0,1,1,1,2,2,4,0,0,-1,current,0,0,0.05640141599287744,0.05640141599287744,33,0,0,0,0,0,0,0,0.0,0.75,0.95,0.85,0.85,0,0.0,0.75,0.95,0.85,0.85,0,0.0,0.75,0.95,0.85,0.85,0,0.0,0.75,0.95,0.85,0.85
1898,no_strict_e1_improvement,0,,,,,1,0,1,1,1,1,1,4,0,0,-1,current,0,0,0.04437672100029886,0.04437672100029886,34,0,0,0,0,0,0,0,0.0,0.75,1.0,0.875,0.875,0,0.0,0.75,1.0,0.875,0.875,0,0.0,0.75,1.0,0.875,0.875,0,0.0,0.75,1.0,0.875,0.875
1899,no_strict_e1_improvement,0,,,,,1,0,1,1,1,1,1,4,0,0,-1,current,0,0,0.025858224945841356,0.025858224945841356,30,0,0,0,0,0,0,0,0.0,0.75,1.0,0.875,0.875,0,0.0,0.75,1.0,0.875,0.875,0,0.0,0.75,1.0,0.875,0.875,0,0.0,0.75,1.0,0.875,0.875
1900,no_strict_e1_improvement,0,,,,,1,0,1,1,1,1,1,4,0,0,-1,current,0,0,0.015072271038661711,0.015072271038661711,36,25,25,25,25,0,0,1,1.0,1.0,1.0,1.0,1.0,1,1.0,1.0,1.0,1.0,1.0,1,1.0,1.0,1.0,1.0,1.0,1,1.0,1.0,1.0,1.0,1.0
1901,no_strict_e1_improvement,0,,,,,1,0,1,1,1,1,1,4,0,0,-1,current,0,0,0.008649176789913327,0.008649176789913327,36,0,0,0,0,0,0,0,0.0,0.75,1.0,0.875,0.875,0,0.0,0.75,1.0,0.875,0.875,0,0.0,0.75,1.0,0.875,0.875,0,0.0,0.75,1.0,0.875,0.875
1902,no_strict_e1_improvement,0,,,,,1,0,1,1,1,1,1,4,0,0,-1,current,0,0,0.034228806567261925,0.034228806567261925,29,0,0,0,0,0,0,0,0.0,0.75,1.0,0.875,0.875,0,0.0,0.75,1.0,0.875,0.875,0,0.0,0.75,1.0,0.875,0.875,0,0.0,0.75,1.0,0.875,0.875
1903,no_strict_e1_improvement,0,,,,,1,0,1,1,1,1,1,4,0,0,-1,current,0,0,0.03773166074533947,0.03773166074533947,32,0,0,0,0,0,0,0,0.0,0.75,1.0,0.875,0.875,0,0.0,0.75,1.0,0.875,0.875,0,0.0,0.75,1.0,0.875,0.875,0,0.0,0.75,1.0,0.875,0.875
1904,no_strict_e1_improvement,0,,,,,1,0,1,1,1,1,1,4,0,0,-1,current,0,0,0.01005567517131567,0.01005567517131567,38,25,25,25,25,0,0,1,1.0,1.0,1.0,1.0,1.0,1,1.0,1.0,1.0,1.0,1.0,1,1.0,1.0,1.0,1.0,1.0,1,1.0,1.0,1.0,1.0,1.0
1905,no_strict_e1_improvement,0,,,,,1,0,1,1,1,1,1,4,0,0,-1,current,0,0,0.040835474009509196,0.040835474009509196,34,25,25,25,25,0,0,1,1.0,1.0,1.0,1.0,1.0,1,1.0,1.0,1.0,1.0,1.0,1,1.0,1.0,1.0,1.0,1.0,1,1.0,1.0,1.0,1.0,1.0
1906,no_strict_e1_improvement,0,,,,,1,0,1,1,1,1,1,4,0,0,-1,current,0,0,0.008416750375181437,0.008416750375181437,38,25,25,25,25,0,0,1,1.0,1.0,1.0,1.0,1.0,1,1.0,1.0,1.0,1.0,1.0,1,1.0,1.0,1.0,1.0,1.0,1,1.0,1.0,1.0,1.0,1.0
1907,max_rounds,0,,,,,1,1,2,1,1,3,3,4,0,0,0,s1a3_greedy,1,0,0.08215183368884027,0.06556790261529385,32,0,0,0,0,0,0,0,0.0,0.85,0.75,0.8,0.8,0,0.0,0.85,0.75,0.8,0.8,0,0.0,0.85,0.75,0.8,0.8,0,0.0,0.85,0.75,0.8,0.8
1908,max_rounds,0,,,,,1,1,2,2,2,6,6,4,0,-1,0,s1a3_greedy,1,0,0.06385151715949178,0.0019900651648640634,38,0,0,25,25,25,0,0,0.0,0.75,0.95,0.85,0.85,0,0.0,0.75,0.95,0.85,0.85,1,1.0,1.0,1.0,1.0,1.0,1,1.0,1.0,1.0,1.0,1.0
1909,no_strict_e1_improvement,0,,,,,1,0,1,1,1,1,1,4,0,0,-1,current,0,0,0.0025883404072374106,0.0025883404072374106,38,25,25,25,25,0,0,1,1.0,1.0,1.0,1.0,1.0,1,1.0,1.0,1.0,1.0,1.0,1,1.0,1.0,1.0,1.0,1.0,1,1.0,1.0,1.0,1.0,1.0
1910,no_strict_e1_improvement,0,,,,,1,0,1,1,1,2,2,4,0,0,-1,current,0,0,0.023629265860654412,0.023629265860654412,32,25,25,25,25,0,0,1,1.0,1.0,1.0,1.0,1.0,1,1.0,1.0,1.0,1.0,1.0,1,1.0,1.0,1.0,1.0,1.0,1,1.0,1.0,1.0,1.0,1.0
1911,max_rounds,0,,,,,1,1,2,1,1,3,3,4,0,0,0,s1a3_greedy,1,0,0.06813264335505664,0.026776519155828283,30,19,19,25,25,6,0,0,0.76,0.8,0.85,0.825,0.825,0,0.76,0.8,0.85,0.825,0.825,1,1.0,1.0,1.0,1.0,1.0,1,1.0,1.0,1.0,1.0,1.0
1912,max_rounds,0,,,,,1,1,2,1,1,4,4,4,0,0,1,profiled_beam,1,1,0.04446135449106805,0.03786400805111043,29,22,22,22,23,1,1,0,0.88,0.85,0.85,0.85,0.85,0,0.88,0.85,0.85,0.85,0.85,0,0.88,0.85,0.85,0.85,0.85,0,0.92,0.85,0.9,0.875,0.9
1913,no_strict_e1_improvement,0,,,,,1,0,1,1,1,1,1,4,0,0,-1,current,0,0,0.02636739881709218,0.02636739881709218,32,25,25,25,25,0,0,1,1.0,1.0,1.0,1.0,1.0,1,1.0,1.0,1.0,1.0,1.0,1,1.0,1.0,1.0,1.0,1.0,1,1.0,1.0,1.0,1.0,1.0
1914,no_strict_e1_improvement,0,,,,,1,0,1,1,1,1,1,4,0,0,-1,current,0,0,0.01683273455128074,0.01683273455128074,32,0,0,0,0,0,0,0,0.0,0.75,1.0,0.875,0.875,0,0.0,0.75,1.0,0.875,0.875,0,0.0,0.75,1.0,0.875,0.875,0,0.0,0.75,1.0,0.875,0.875
1915,max_rounds,0,,,,,1,1,2,2,2,6,6,4,0,1,1,profiled_beam,1,1,0.14423991280054907,0.13920780109619954,23,10,10,10,10,0,0,0,0.4,0.5,0.95,0.725,0.725,0,0.4,0.5,0.95,0.725,0.725,0,0.4,0.5,0.95,0.725,0.725,0,0.4,0.5,1.0,0.75,0.75
1916,no_strict_e1_improvement,0,,,,,1,0,1,1,1,1,1,4,0,0,-1,current,0,0,0.011781424446962774,0.011781424446962774,34,25,25,25,25,0,0,1,1.0,1.0,1.0,1.0,1.0,1,1.0,1.0,1.0,1.0,1.0,1,1.0,1.0,1.0,1.0,1.0,1,1.0,1.0,1.0,1.0,1.0
1917,max_rounds,0,,,,,1,1,3,2,2,7,7,4,0,1,0,s1a3_greedy,1,0,0.10810854597948491,0.021645508846268056,35,0,0,25,25,25,0,0,0.0,0.75,0.95,0.85,0.85,0,0.0,0.75,0.95,0.85,0.85,1,1.0,1.0,1.0,1.0,1.0,1,1.0,1.0,1.0,1.0,1.0
1918,no_strict_e1_improvement,0,,,,,1,0,1,1,1,1,1,4,0,0,-1,current,0,0,0.003684834390878677,0.003684834390878677,39,25,25,25,25,0,0,1,1.0,1.0,1.0,1.0,1.0,1,1.0,1.0,1.0,1.0,1.0,1,1.0,1.0,1.0,1.0,1.0,1,1.0,1.0,1.0,1.0,1.0
1919,no_strict_e1_improvement,0,,,,,1,0,1,1,1,1,1,4,0,0,-1,current,0,0,0.025608833832666277,0.025608833832666277,34,0,0,0,0,0,0,0,0.0,0.75,1.0,0.875,0.875,0,0.0,0.75,1.0,0.875,0.875,0,0.0,0.75,1.0,0.875,0.875,0,0.0,0.75,1.0,0.875,0.875
1920,max_rounds,0,,,,,1,1,2,1,1,4,4,4,0,0,1,profiled_beam,1,1,0.05634526973590255,0.05281758988276124,31,0,0,0,0,0,0,0,0.0,0.85,0.75,0.8,0.8,0,0.0,0.85,0.75,0.8,0.8,0,0.0,0.85,0.75,0.8,0.8,0,0.0,0.85,0.75,0.8,0.825
1921,no_strict_e1_improvement,0,,,,,1,0,1,1,1,3,3,4,0,0,-1,current,0,0,0.03989225272089243,0.03989225272089243,34,0,0,0,0,0,0,0,0.0,0.75,1.0,0.875,0.875,0,0.0,0.75,1.0,0.875,0.875,0,0.0,0.75,1.0,0.875,0.875,0,0.0,0.75,1.0,0.875,0.875
1922,no_strict_e1_improvement,0,,,,,1,0,1,1,1,2,2,4,0,0,-1,current,0,0,0.01832015343243256,0.01832015343243256,32,20,20,20,20,0,0,0,0.8,0.95,0.75,0.85,0.85,0,0.8,0.95,0.75,0.85,0.85,0,0.8,0.95,0.75,0.85,0.85,0,0.8,0.95,0.75,0.85,0.85
1923,max_rounds,0,,,,,1,1,2,2,2,6,6,4,-1,0,0,s1a3_greedy,1,0,0.07595509327366017,0.02769816927029751,33,0,0,25,25,25,0,0,0.0,0.95,0.75,0.85,0.85,0,0.0,0.95,0.75,0.85,0.85,1,1.0,1.0,1.0,1.0,1.0,1,1.0,1.0,1.0,1.0,1.0
1924,no_strict_e1_improvement,0,,,,,1,0,1,1,1,1,1,4,0,0,-1,current,0,0,0.006772017106413841,0.006772017106413841,37,25,25,25,25,0,0,1,1.0,1.0,1.0,1.0,1.0,1,1.0,1.0,1.0,1.0,1.0,1,1.0,1.0,1.0,1.0,1.0,1,1.0,1.0,1.0,1.0,1.0
1925,no_strict_e1_improvement,0,,,,,1,0,1,1,1,1,1,4,0,0,-1,current,0,0,0.03116014152765274,0.03116014152765274,33,25,25,25,25,0,0,1,1.0,1.0,1.0,1.0,1.0,1,1.0,1.0,1.0,1.0,1.0,1,1.0,1.0,1.0,1.0,1.0,1,1.0,1.0,1.0,1.0,1.0
1926,no_strict_e1_improvement,0,,,,,1,0,1,1,1,1,1,4,0,0,-1,current,0,0,0.012816066481173038,0.012816066481173038,37,25,25,25,25,0,0,1,1.0,1.0,1.0,1.0,1.0,1,1.0,1.0,1.0,1.0,1.0,1,1.0,1.0,1.0,1.0,1.0,1,1.0,1.0,1.0,1.0,1.0
1927,no_strict_e1_improvement,0,,,,,1,0,1,1,1,1,1,4,0,0,-1,current,0,0,0.005618459428660572,0.005618459428660572,37,25,25,25,25,0,0,1,1.0,1.0,1.0,1.0,1.0,1,1.0,1.0,1.0,1.0,1.0,1,1.0,1.0,1.0,1.0,1.0,1,1.0,1.0,1.0,1.0,1.0
1928,no_strict_e1_improvement,0,,,,,1,0,1,1,1,1,1,4,0,0,-1,current,0,0,0.01947159320116043,0.01947159320116043,36,25,25,25,25,0,0,1,1.0,1.0,1.0,1.0,1.0,1,1.0,1.0,1.0,1.0,1.0,1,1.0,1.0,1.0,1.0,1.0,1,1.0,1.0,1.0,1.0,1.0
1929,no_strict_e1_improvement,0,,,,,1,0,1,1,1,2,2,4,0,0,-1,current,0,0,0.037558192387223244,0.037558192387223244,28,0,0,0,0,0,0,0,0.0,0.75,1.0,0.875,0.875,0,0.0,0.75,1.0,0.875,0.875,0,0.0,0.75,1.0,0.875,0.875,0,0.0,0.75,1.0,0.875,0.875
1930,max_rounds,0,,,,,1,1,2,2,2,6,6,4,1,0,0,s1a3_greedy,1,0,0.06298925974406303,0.014282775903120637,36,0,0,25,25,25,0,0,0.0,1.0,0.75,0.875,0.875,0,0.0,1.0,0.75,0.875,0.875,1,1.0,1.0,1.0,1.0,1.0,1,1.0,1.0,1.0,1.0,1.0
1931,no_strict_e1_improvement,0,,,,,1,0,1,1,1,1,1,4,0,0,-1,current,0,0,0.017565920052584262,0.017565920052584262,33,25,25,25,25,0,0,1,1.0,1.0,1.0,1.0,1.0,1,1.0,1.0,1.0,1.0,1.0,1,1.0,1.0,1.0,1.0,1.0,1,1.0,1.0,1.0,1.0,1.0
1932,no_strict_e1_improvement,0,,,,,1,0,1,1,1,1,1,4,0,0,-1,current,0,0,0.0062007487285882235,0.0062007487285882235,38,25,25,25,25,0,0,1,1.0,1.0,1.0,1.0,1.0,1,1.0,1.0,1.0,1.0,1.0,1,1.0,1.0,1.0,1.0,1.0,1,1.0,1.0,1.0,1.0,1.0
1933,no_strict_e1_improvement,0,,,,,1,0,1,1,1,1,1,4,0,0,-1,current,0,0,0.014934831019490957,0.014934831019490957,37,25,25,25,25,0,0,1,1.0,1.0,1.0,1.0,1.0,1,1.0,1.0,1.0,1.0,1.0,1,1.0,1.0,1.0,1.0,1.0,1,1.0,1.0,1.0,1.0,1.0
1934,no_strict_e1_improvement,0,,,,,1,0,1,1,1,4,4,4,0,0,-1,current,0,0,0.050991317420266566,0.050991317420266566,31,7,7,7,7,0,0,0,0.28,0.75,0.65,0.7,0.7,0,0.28,0.75,0.65,0.7,0.7,0,0.28,0.75,0.65,0.7,0.7,0,0.28,0.75,0.65,0.7,0.7
1935,no_strict_e1_improvement,0,,,,,1,0,1,1,1,4,4,4,0,0,-1,current,0,0,0.052717942651361226,0.052717942651361226,34,25,25,25,25,0,0,1,1.0,1.0,1.0,1.0,1.0,1,1.0,1.0,1.0,1.0,1.0,1,1.0,1.0,1.0,1.0,1.0,1,1.0,1.0,1.0,1.0,1.0
1936,no_strict_e1_improvement,0,,,,,1,0,1,1,1,1,1,4,0,0,-1,current,0,0,0.011426381394267082,0.011426381394267082,38,25,25,25,25,0,0,1,1.0,1.0,1.0,1.0,1.0,1,1.0,1.0,1.0,1.0,1.0,1,1.0,1.0,1.0,1.0,1.0,1,1.0,1.0,1.0,1.0,1.0
1937,no_strict_e1_improvement,0,,,,,1,0,1,1,1,1,1,4,0,0,-1,current,0,0,0.0011754701903555543,0.0011754701903555543,39,25,25,25,25,0,0,1,1.0,1.0,1.0,1.0,1.0,1,1.0,1.0,1.0,1.0,1.0,1,1.0,1.0,1.0,1.0,1.0,1,1.0,1.0,1.0,1.0,1.0
1938,no_strict_e1_improvement,0,,,,,1,0,1,1,1,1,1,4,0,0,-1,current,0,0,0.018694616766879335,0.018694616766879335,35,25,25,25,25,0,0,1,1.0,1.0,1.0,1.0,1.0,1,1.0,1.0,1.0,1.0,1.0,1,1.0,1.0,1.0,1.0,1.0,1,1.0,1.0,1.0,1.0,1.0
1939,no_strict_e1_improvement,0,,,,,1,0,1,1,1,1,1,4,0,0,-1,current,0,0,0.013330560037866234,0.013330560037866234,35,25,25,25,25,0,0,1,1.0,1.0,1.0,1.0,1.0,1,1.0,1.0,1.0,1.0,1.0,1,1.0,1.0,1.0,1.0,1.0,1,1.0,1.0,1.0,1.0,1.0
1940,no_strict_e1_improvement,0,,,,,1,0,1,1,1,1,1,4,0,0,-1,current,0,0,0.010882401000708341,0.010882401000708341,36,25,25,25,25,0,0,1,1.0,1.0,1.0,1.0,1.0,1,1.0,1.0,1.0,1.0,1.0,1,1.0,1.0,1.0,1.0,1.0,1,1.0,1.0,1.0,1.0,1.0
1941,no_strict_e1_improvement,0,,,,,1,0,1,1,1,1,1,4,0,0,-1,current,0,0,0.009515916560485494,0.009515916560485494,36,25,25,25,25,0,0,1,1.0,1.0,1.0,1.0,1.0,1,1.0,1.0,1.0,1.0,1.0,1,1.0,1.0,1.0,1.0,1.0,1,1.0,1.0,1.0,1.0,1.0
1942,no_strict_e1_improvement,0,,,,,1,0,1,1,1,1,1,4,0,0,-1,current,0,0,0.004338131425902248,0.004338131425902248,35,25,25,25,25,0,0,1,1.0,1.0,1.0,1.0,1.0,1,1.0,1.0,1.0,1.0,1.0,1,1.0,1.0,1.0,1.0,1.0,1,1.0,1.0,1.0,1.0,1.0
1943,no_strict_e1_improvement,0,,,,,1,0,1,1,1,4,4,4,0,0,-1,current,0,0,0.044180425349622965,0.044180425349622965,29,0,0,0,0,0,0,0,0.0,0.75,1.0,0.875,0.875,0,0.0,0.75,1.0,0.875,0.875,0,0.0,0.75,1.0,0.875,0.875,0,0.0,0.75,1.0,0.875,0.875
1944,no_strict_e1_improvement,0,,,,,1,0,1,1,1,1,1,4,0,0,-1,current,0,0,0.03804404358088505,0.03804404358088505,35,0,0,0,0,0,0,0,0.0,0.75,1.0,0.875,0.875,0,0.0,0.75,1.0,0.875,0.875,0,0.0,0.75,1.0,0.875,0.875,0,0.0,0.75,1.0,0.875,0.875
1945,max_rounds,0,,,,,1,1,2,1,1,2,2,4,0,0,0,s1a3_greedy,1,0,0.06299414325039834,0.006516681716311723,36,22,22,25,25,3,0,0,0.88,0.85,0.85,0.85,0.85,0,0.88,0.85,0.85,0.85,0.85,1,1.0,1.0,1.0,1.0,1.0,1,1.0,1.0,1.0,1.0,1.0
1946,no_strict_e1_improvement,0,,,,,1,0,1,1,1,1,1,4,0,0,-1,current,0,0,0.03725411086343229,0.03725411086343229,35,0,0,0,0,0,0,0,0.0,0.75,1.0,0.875,0.875,0,0.0,0.75,1.0,0.875,0.875,0,0.0,0.75,1.0,0.875,0.875,0,0.0,0.75,1.0,0.875,0.875
1947,no_strict_e1_improvement,0,,,,,1,0,1,1,1,1,1,4,0,0,-1,current,0,0,0.0054390380624681715,0.0054390380624681715,36,25,25,25,25,0,0,1,1.0,1.0,1.0,1.0,1.0,1,1.0,1.0,1.0,1.0,1.0,1,1.0,1.0,1.0,1.0,1.0,1,1.0,1.0,1.0,1.0,1.0
1948,max_rounds,0,,,,,1,1,13,12,12,44,44,4,0,0,1,profiled_beam,1,1,0.19048801925964653,0.11524798590689897,19,0,0,0,0,0,0,0,0.0,0.35,0.35,0.35,0.35,0,0.0,0.35,0.35,0.35,0.35,0,0.0,0.35,0.35,0.35,0.35,0,0.0,0.3,0.55,0.425,0.425
1949,no_strict_e1_improvement,0,,,,,1,0,1,1,1,1,1,4,0,0,-1,current,0,0,0.0011444592848420144,0.0011444592848420144,40,25,25,25,25,0,0,1,1.0,1.0,1.0,1.0,1.0,1,1.0,1.0,1.0,1.0,1.0,1,1.0,1.0,1.0,1.0,1.0,1,1.0,1.0,1.0,1.0,1.0
1950,no_strict_e1_improvement,0,,,,,1,0,1,1,1,2,2,4,0,0,-1,current,0,0,0.043833667295984924,0.043833667295984924,34,0,0,0,0,0,0,0,0.0,0.75,1.0,0.875,0.875,0,0.0,0.75,1.0,0.875,0.875,0,0.0,0.75,1.0,0.875,0.875,0,0.0,0.75,1.0,0.875,0.875
1951,no_strict_e1_improvement,0,,,,,1,0,1,1,1,1,1,4,0,0,-1,current,0,0,0.049214187823235986,0.049214187823235986,36,25,25,25,25,0,0,1,1.0,1.0,1.0,1.0,1.0,1,1.0,1.0,1.0,1.0,1.0,1,1.0,1.0,1.0,1.0,1.0,1,1.0,1.0,1.0,1.0,1.0
1952,no_strict_e1_improvement,0,,,,,1,0,1,1,1,1,1,4,0,0,-1,current,0,0,0.01356837865896523,0.01356837865896523,38,25,25,25,25,0,0,1,1.0,1.0,1.0,1.0,1.0,1,1.0,1.0,1.0,1.0,1.0,1,1.0,1.0,1.0,1.0,1.0,1,1.0,1.0,1.0,1.0,1.0
1953,no_strict_e1_improvement,0,,,,,1,0,1,1,1,1,1,4,0,0,-1,current,0,0,0.0026722327573224904,0.0026722327573224904,38,25,25,25,25,0,0,1,1.0,1.0,1.0,1.0,1.0,1,1.0,1.0,1.0,1.0,1.0,1,1.0,1.0,1.0,1.0,1.0,1,1.0,1.0,1.0,1.0,1.0
1954,no_strict_e1_improvement,0,,,,,1,0,1,1,1,1,1,4,0,0,-1,current,0,0,0.030005095480009913,0.030005095480009913,33,25,25,25,25,0,0,1,1.0,1.0,1.0,1.0,1.0,1,1.0,1.0,1.0,1.0,1.0,1,1.0,1.0,1.0,1.0,1.0,1,1.0,1.0,1.0,1.0,1.0
1955,no_strict_e1_improvement,0,,,,,1,0,1,1,1,1,1,4,0,0,-1,current,0,0,0.008418222807813435,0.008418222807813435,36,25,25,25,25,0,0,1,1.0,1.0,1.0,1.0,1.0,1,1.0,1.0,1.0,1.0,1.0,1,1.0,1.0,1.0,1.0,1.0,1,1.0,1.0,1.0,1.0,1.0
1956,no_strict_e1_improvement,0,,,,,1,0,1,1,1,1,1,4,0,0,-1,current,0,0,0.0204528913134709,0.0204528913134709,36,0,0,0,0,0,0,0,0.0,0.75,1.0,0.875,0.875,0,0.0,0.75,1.0,0.875,0.875,0,0.0,0.75,1.0,0.875,0.875,0,0.0,0.75,1.0,0.875,0.875
1957,no_strict_e1_improvement,0,,,,,1,0,1,1,1,4,4,4,0,0,-1,current,0,0,0.021218237467110157,0.021218237467110157,37,25,25,25,25,0,0,1,1.0,1.0,1.0,1.0,1.0,1,1.0,1.0,1.0,1.0,1.0,1,1.0,1.0,1.0,1.0,1.0,1,1.0,1.0,1.0,1.0,1.0
1958,no_strict_e1_improvement,0,,,,,1,0,1,1,1,1,1,4,0,0,-1,current,0,0,0.011984539404511451,0.011984539404511451,37,25,25,25,25,0,0,1,1.0,1.0,1.0,1.0,1.0,1,1.0,1.0,1.0,1.0,1.0,1,1.0,1.0,1.0,1.0,1.0,1,1.0,1.0,1.0,1.0,1.0
1959,max_rounds,0,,,,,1,1,3,2,2,7,7,4,1,0,0,s1a3_greedy,1,0,0.10328817055560649,0.050096321868477386,32,0,0,25,25,25,0,0,0.0,0.75,0.65,0.7,0.775,0,0.0,0.75,0.65,0.7,0.775,1,1.0,1.0,1.0,1.0,1.0,1,1.0,1.0,1.0,1.0,1.0
1960,no_strict_e1_improvement,0,,,,,1,0,1,1,1,4,4,4,0,0,-1,current,0,0,0.0830155149102211,0.0830155149102211,27,0,0,0,0,0,0,0,0.0,0.85,0.75,0.8,0.8,0,0.0,0.85,0.75,0.8,0.8,0,0.0,0.85,0.75,0.8,0.8,0,0.0,0.85,0.75,0.8,0.8
1961,no_strict_e1_improvement,0,,,,,1,0,1,1,1,1,1,4,0,0,-1,current,0,0,0.019581085874233396,0.019581085874233396,34,0,0,0,0,0,0,0,0.0,0.75,1.0,0.875,0.875,0,0.0,0.75,1.0,0.875,0.875,0,0.0,0.75,1.0,0.875,0.875,0,0.0,0.75,1.0,0.875,0.875
1962,no_strict_e1_improvement,0,,,,,1,0,1,1,1,1,1,4,0,0,-1,current,0,0,0.015340877696871758,0.015340877696871758,37,25,25,25,25,0,0,1,1.0,1.0,1.0,1.0,1.0,1,1.0,1.0,1.0,1.0,1.0,1,1.0,1.0,1.0,1.0,1.0,1,1.0,1.0,1.0,1.0,1.0
1963,no_strict_e1_improvement,0,,,,,1,0,1,1,1,1,1,4,0,0,-1,current,0,0,0.005285703716799617,0.005285703716799617,37,25,25,25,25,0,0,1,1.0,1.0,1.0,1.0,1.0,1,1.0,1.0,1.0,1.0,1.0,1,1.0,1.0,1.0,1.0,1.0,1,1.0,1.0,1.0,1.0,1.0
1964,no_strict_e1_improvement,0,,,,,1,0,1,1,1,1,1,4,0,0,-1,current,0,0,0.0,0.0,40,25,25,25,25,0,0,1,1.0,1.0,1.0,1.0,1.0,1,1.0,1.0,1.0,1.0,1.0,1,1.0,1.0,1.0,1.0,1.0,1,1.0,1.0,1.0,1.0,1.0
1965,no_strict_e1_improvement,0,,,,,1,0,1,1,1,4,4,4,0,0,-1,current,0,0,0.17022144054062666,0.17022144054062666,26,0,0,0,0,0,0,0,0.0,0.45,0.8,0.625,0.7,0,0.0,0.45,0.8,0.625,0.7,0,0.0,0.45,0.8,0.625,0.7,0,0.0,0.45,0.8,0.625,0.7
1966,no_strict_e1_improvement,0,,,,,1,0,1,1,1,1,1,4,0,0,-1,current,0,0,0.02775220925686881,0.02775220925686881,33,0,0,0,0,0,0,0,0.0,0.75,1.0,0.875,0.875,0,0.0,0.75,1.0,0.875,0.875,0,0.0,0.75,1.0,0.875,0.875,0,0.0,0.75,1.0,0.875,0.875
1967,no_strict_e1_improvement,0,,,,,1,0,1,1,1,1,1,4,0,0,-1,current,0,0,0.00918128238990903,0.00918128238990903,38,25,25,25,25,0,0,1,1.0,1.0,1.0,1.0,1.0,1,1.0,1.0,1.0,1.0,1.0,1,1.0,1.0,1.0,1.0,1.0,1,1.0,1.0,1.0,1.0,1.0
1968,no_strict_e1_improvement,0,,,,,1,0,1,1,1,1,1,4,0,0,-1,current,0,0,0.054990170802921054,0.054990170802921054,27,0,0,0,0,0,0,0,0.0,0.75,1.0,0.875,0.875,0,0.0,0.75,1.0,0.875,0.875,0,0.0,0.75,1.0,0.875,0.875,0,0.0,0.75,1.0,0.875,0.875
1969,no_strict_e1_improvement,0,,,,,1,0,1,1,1,1,1,4,0,0,-1,current,0,0,0.02377680903300643,0.02377680903300643,31,0,0,0,0,0,0,0,0.0,0.75,1.0,0.875,0.875,0,0.0,0.75,1.0,0.875,0.875,0,0.0,0.75,1.0,0.875,0.875,0,0.0,0.75,1.0,0.875,0.875
1970,no_strict_e1_improvement,0,,,,,1,0,1,1,1,1,1,4,0,0,-1,current,0,0,0.012213705480098725,0.012213705480098725,38,25,25,25,25,0,0,1,1.0,1.0,1.0,1.0,1.0,1,1.0,1.0,1.0,1.0,1.0,1,1.0,1.0,1.0,1.0,1.0,1,1.0,1.0,1.0,1.0,1.0
1971,no_strict_e1_improvement,0,,,,,1,0,1,1,1,1,1,4,0,0,-1,current,0,0,0.011098360468167812,0.011098360468167812,34,25,25,25,25,0,0,1,1.0,1.0,1.0,1.0,1.0,1,1.0,1.0,1.0,1.0,1.0,1,1.0,1.0,1.0,1.0,1.0,1,1.0,1.0,1.0,1.0,1.0
1972,no_strict_e1_improvement,0,,,,,1,0,1,1,1,1,1,4,0,0,-1,current,0,0,0.028061731398338452,0.028061731398338452,33,25,25,25,25,0,0,1,1.0,1.0,1.0,1.0,1.0,1,1.0,1.0,1.0,1.0,1.0,1,1.0,1.0,1.0,1.0,1.0,1,1.0,1.0,1.0,1.0,1.0
1973,no_strict_e1_improvement,0,,,,,1,0,4,4,4,14,14,4,0,0,-1,current,0,0,0.11900588357602829,0.11900588357602829,23,0,0,0,0,0,0,0,0.0,0.75,1.0,0.875,0.875,0,0.0,0.75,1.0,0.875,0.875,0,0.0,0.75,1.0,0.875,0.875,0,0.0,0.75,1.0,0.875,0.875
1974,max_rounds,0,,,,,1,1,3,3,3,8,8,4,-2,0,0,s1a3_greedy,1,0,0.05915435953065753,0.016865890752524138,35,0,0,23,23,23,0,0,0.0,0.85,0.65,0.75,0.775,0,0.0,0.85,0.65,0.75,0.775,0,0.92,0.85,0.9,0.875,0.9,0,0.92,0.85,0.9,0.875,0.9
1975,no_strict_e1_improvement,0,,,,,1,0,1,1,1,1,1,4,0,0,-1,current,0,0,0.006148097501136362,0.006148097501136362,38,25,25,25,25,0,0,1,1.0,1.0,1.0,1.0,1.0,1,1.0,1.0,1.0,1.0,1.0,1,1.0,1.0,1.0,1.0,1.0,1,1.0,1.0,1.0,1.0,1.0
1976,max_rounds,0,,,,,1,1,5,4,4,16,16,4,1,0,1,profiled_beam,1,1,0.09831628847168758,0.08682551822275855,21,21,21,21,0,-21,-21,0,0.84,0.75,0.8,0.775,0.825,0,0.84,0.75,0.8,0.775,0.825,0,0.84,0.75,0.8,0.775,0.825,0,0.0,0.75,0.6,0.675,0.725
1977,no_strict_e1_improvement,0,,,,,1,0,1,1,1,1,1,4,0,0,-1,current,0,0,0.021796876983717083,0.021796876983717083,35,0,0,0,0,0,0,0,0.0,0.75,1.0,0.875,0.875,0,0.0,0.75,1.0,0.875,0.875,0,0.0,0.75,1.0,0.875,0.875,0,0.0,0.75,1.0,0.875,0.875
1978,no_strict_e1_improvement,0,,,,,1,0,1,1,1,1,1,4,0,0,-1,current,0,0,0.011794191040098666,0.011794191040098666,39,25,25,25,25,0,0,1,1.0,1.0,1.0,1.0,1.0,1,1.0,1.0,1.0,1.0,1.0,1,1.0,1.0,1.0,1.0,1.0,1,1.0,1.0,1.0,1.0,1.0
1979,no_strict_e1_improvement,0,,,,,1,0,1,1,1,1,1,4,0,0,-1,current,0,0,0.009363502351334319,0.009363502351334319,36,25,25,25,25,0,0,1,1.0,1.0,1.0,1.0,1.0,1,1.0,1.0,1.0,1.0,1.0,1,1.0,1.0,1.0,1.0,1.0,1,1.0,1.0,1.0,1.0,1.0
1980,no_strict_e1_improvement,0,,,,,1,0,1,1,1,1,1,4,0,0,-1,current,0,0,0.032212029819493185,0.032212029819493185,32,0,0,0,0,0,0,0,0.0,0.75,1.0,0.875,0.875,0,0.0,0.75,1.0,0.875,0.875,0,0.0,0.75,1.0,0.875,0.875,0,0.0,0.75,1.0,0.875,0.875
1981,no_strict_e1_improvement,0,,,,,1,0,1,1,1,1,1,4,0,0,-1,current,0,0,0.03997052075574174,0.03997052075574174,29,0,0,0,0,0,0,0,0.0,0.9,0.75,0.825,0.825,0,0.0,0.9,0.75,0.825,0.825,0,0.0,0.9,0.75,0.825,0.825,0,0.0,0.9,0.75,0.825,0.825
1982,max_rounds,0,,,,,1,1,2,1,1,4,4,4,0,0,1,profiled_beam,1,1,0.08813376899342984,0.08117722447495908,27,0,0,0,0,0,0,0,0.0,0.75,1.0,0.875,0.875,0,0.0,0.75,1.0,0.875,0.875,0,0.0,0.75,1.0,0.875,0.875,0,0.0,0.75,0.9,0.825,0.825
1983,no_strict_e1_improvement,0,,,,,1,0,1,1,1,1,1,4,0,0,-1,current,0,0,0.004405908286571503,0.004405908286571503,39,25,25,25,25,0,0,1,1.0,1.0,1.0,1.0,1.0,1,1.0,1.0,1.0,1.0,1.0,1,1.0,1.0,1.0,1.0,1.0,1,1.0,1.0,1.0,1.0,1.0
1984,no_strict_e1_improvement,0,,,,,1,0,1,1,1,1,1,4,0,0,-1,current,0,0,0.02165831293677911,0.02165831293677911,36,25,25,25,25,0,0,1,1.0,1.0,1.0,1.0,1.0,1,1.0,1.0,1.0,1.0,1.0,1,1.0,1.0,1.0,1.0,1.0,1,1.0,1.0,1.0,1.0,1.0
1985,no_strict_e1_improvement,0,,,,,1,0,1,1,1,1,1,4,0,0,-1,current,0,0,0.0013591630180599169,0.0013591630180599169,40,25,25,25,25,0,0,1,1.0,1.0,1.0,1.0,1.0,1,1.0,1.0,1.0,1.0,1.0,1,1.0,1.0,1.0,1.0,1.0,1,1.0,1.0,1.0,1.0,1.0
1986,no_strict_e1_improvement,0,,,,,1,0,1,1,1,4,4,4,0,0,-1,current,0,0,0.02446515755727887,0.02446515755727887,35,25,25,25,25,0,0,1,1.0,1.0,1.0,1.0,1.0,1,1.0,1.0,1.0,1.0,1.0,1,1.0,1.0,1.0,1.0,1.0,1,1.0,1.0,1.0,1.0,1.0
1987,no_strict_e1_improvement,0,,,,,1,0,1,1,1,1,1,4,0,0,-1,current,0,0,0.014122122037224471,0.014122122037224471,36,25,25,25,25,0,0,1,1.0,1.0,1.0,1.0,1.0,1,1.0,1.0,1.0,1.0,1.0,1,1.0,1.0,1.0,1.0,1.0,1,1.0,1.0,1.0,1.0,1.0
1988,max_rounds,0,,,,,1,1,3,2,2,8,8,4,0,0,1,profiled_beam,1,1,0.05513308770023286,0.049735763715580104,32,22,22,22,23,1,1,0,0.88,0.85,0.85,0.85,0.85,0,0.88,0.85,0.85,0.85,0.85,0,0.88,0.85,0.85,0.85,0.85,0,0.92,0.85,0.9,0.875,0.9
1989,max_rounds,0,,,,,1,1,3,2,2,7,7,4,1,0,0,s1a3_greedy,1,0,0.071648761164397,0.010658238735049962,39,0,0,25,25,25,0,0,0.0,0.95,0.75,0.85,0.85,0,0.0,0.95,0.75,0.85,0.85,1,1.0,1.0,1.0,1.0,1.0,1,1.0,1.0,1.0,1.0,1.0
1990,no_strict_e1_improvement,0,,,,,1,0,1,1,1,1,1,4,0,0,-1,current,0,0,0.018540420988574623,0.018540420988574623,32,25,25,25,25,0,0,1,1.0,1.0,1.0,1.0,1.0,1,1.0,1.0,1.0,1.0,1.0,1,1.0,1.0,1.0,1.0,1.0,1,1.0,1.0,1.0,1.0,1.0
1991,no_strict_e1_improvement,0,,,,,1,0,1,1,1,1,1,4,0,0,-1,current,0,0,0.04397987790871412,0.04397987790871412,35,0,0,0,0,0,0,0,0.0,0.75,1.0,0.875,0.875,0,0.0,0.75,1.0,0.875,0.875,0,0.0,0.75,1.0,0.875,0.875,0,0.0,0.75,1.0,0.875,0.875
1992,no_strict_e1_improvement,0,,,,,1,0,1,1,1,4,4,4,0,0,-1,current,0,0,0.06189538221806288,0.06189538221806288,31,0,0,0,0,0,0,0,0.0,0.85,0.75,0.8,0.8,0,0.0,0.85,0.75,0.8,0.8,0,0.0,0.85,0.75,0.8,0.8,0,0.0,0.85,0.75,0.8,0.8
1993,no_strict_e1_improvement,0,,,,,1,0,1,1,1,2,2,4,0,0,-1,current,0,0,0.03671432252740488,0.03671432252740488,31,25,25,25,25,0,0,1,1.0,1.0,1.0,1.0,1.0,1,1.0,1.0,1.0,1.0,1.0,1,1.0,1.0,1.0,1.0,1.0,1,1.0,1.0,1.0,1.0,1.0
1994,no_strict_e1_improvement,0,,,,,1,0,1,1,1,1,1,4,0,0,-1,current,0,0,0.02764295586384833,0.02764295586384833,34,0,0,0,0,0,0,0,0.0,0.75,1.0,0.875,0.875,0,0.0,0.75,1.0,0.875,0.875,0,0.0,0.75,1.0,0.875,0.875,0,0.0,0.75,1.0,0.875,0.875
1995,no_strict_e1_improvement,0,,,,,1,0,1,1,1,1,1,4,0,0,-1,current,0,0,0.019615545705892145,0.019615545705892145,34,0,0,0,0,0,0,0,0.0,0.75,1.0,0.875,0.875,0,0.0,0.75,1.0,0.875,0.875,0,0.0,0.75,1.0,0.875,0.875,0,0.0,0.75,1.0,0.875,0.875
1996,no_strict_e1_improvement,0,,,,,1,0,1,1,1,1,1,4,0,0,-1,current,0,0,0.019578922912478446,0.019578922912478446,35,23,23,23,23,0,0,0,0.92,0.9,0.9,0.9,0.925,0,0.92,0.9,0.9,0.9,0.925,0,0.92,0.9,0.9,0.9,0.925,0,0.92,0.9,0.9,0.9,0.925
1997,no_strict_e1_improvement,0,,,,,1,0,1,1,1,1,1,4,0,0,-1,current,0,0,0.020283492235466837,0.020283492235466837,35,25,25,25,25,0,0,1,1.0,1.0,1.0,1.0,1.0,1,1.0,1.0,1.0,1.0,1.0,1,1.0,1.0,1.0,1.0,1.0,1,1.0,1.0,1.0,1.0,1.0
1998,max_rounds,0,,,,,1,1,3,2,2,8,8,4,0,0,1,profiled_beam,1,1,0.1483649165566021,0.13941092139211833,23,2,2,2,0,-2,-2,0,0.08,0.7,0.8,0.75,0.75,0,0.08,0.7,0.8,0.75,0.75,0,0.08,0.7,0.8,0.75,0.75,0,0.0,0.65,0.9,0.775,0.8
1999,no_strict_e1_improvement,0,,,,,1,0,1,1,1,1,1,4,0,0,-1,current,0,0,0.048449272848665716,0.048449272848665716,33,0,0,0,0,0,0,0,0.0,0.75,1.0,0.875,0.875,0,0.0,0.75,1.0,0.875,0.875,0,0.0,0.75,1.0,0.875,0.875,0,0.0,0.75,1.0,0.875,0.875
