sample_index,round,status,accepted,component_size,component_count,complete_cycles,cycle_supported_edges,global_candidate_count,pose_count,recorded_pose_count,completion_candidate_count,recorded_completion_count,pose_diagnostics_complete,completion_beam_width,poses_improved_by_beam,selected_label,selected_row_shift,selected_column_shift,selected_completion_index,selected_completion_origin,single_path_selected_label,single_path_selected_row_shift,single_path_selected_column_shift
0,1,no_strict_e1_improvement,0,24,2,14,37,1,1,0,1,0,0,1,0,baseline,0,0,-1,current,baseline,0,0
1,1,no_strict_e1_improvement,0,23,3,12,34,1,1,0,1,0,0,1,0,baseline,0,0,-1,current,baseline,0,0
2,1,no_strict_e1_improvement,0,25,1,16,40,1,1,0,1,0,0,1,0,baseline,0,0,-1,current,baseline,0,0
3,1,evaluated,1,11,6,9,28,2,1,1,1,1,1,1,0,component_shift_0_0,0,0,0,s1a3_greedy,component_shift_0_0,0,0
4,1,no_strict_e1_improvement,0,25,1,16,40,1,1,0,1,0,0,1,0,baseline,0,0,-1,current,baseline,0,0
5,1,no_strict_e1_improvement,0,8,10,6,21,2,1,1,1,1,1,1,0,baseline,0,0,-1,current,baseline,0,0
6,1,no_strict_e1_improvement,0,11,6,9,28,2,1,1,1,1,1,1,0,baseline,0,0,-1,current,baseline,0,0
7,1,no_strict_e1_improvement,0,19,7,9,27,2,1,1,1,1,1,1,0,baseline,0,0,-1,current,baseline,0,0
8,1,no_strict_e1_improvement,0,25,1,16,40,1,1,0,1,0,0,1,0,baseline,0,0,-1,current,baseline,0,0
9,1,evaluated,1,18,8,9,26,2,1,1,1,1,1,1,0,component_shift_0_0,0,0,0,s1a3_greedy,component_shift_0_0,0,0
10,1,evaluated,1,12,11,6,20,2,1,1,1,1,1,1,0,component_shift_0_0,0,0,0,s1a3_greedy,component_shift_0_0,0,0
11,1,no_strict_e1_improvement,0,22,4,11,32,1,1,0,1,0,0,1,0,baseline,0,0,-1,current,baseline,0,0
12,1,no_strict_e1_improvement,0,20,6,9,28,1,1,0,1,0,0,1,0,baseline,0,0,-1,current,baseline,0,0
13,1,evaluated,1,20,6,11,30,2,1,1,1,1,1,1,0,component_shift_0_0,0,0,0,s1a3_greedy,component_shift_0_0,0,0
14,1,no_strict_e1_improvement,0,17,9,7,23,2,1,1,1,1,1,1,0,baseline,0,0,-1,current,baseline,0,0
15,1,evaluated,1,4,22,1,4,2,1,1,1,1,1,1,0,component_shift_0_0,0,0,0,s1a3_greedy,component_shift_0_0,0,0
16,1,evaluated,1,22,4,10,31,2,1,1,1,1,1,1,0,component_shift_0_0,0,0,0,s1a3_greedy,component_shift_0_0,0,0
17,1,evaluated,1,19,7,8,26,2,1,1,1,1,1,1,0,component_shift_0_0,0,0,0,s1a3_greedy,component_shift_0_0,0,0
18,1,no_strict_e1_improvement,0,25,1,12,36,1,1,0,1,0,0,1,0,baseline,0,0,-1,current,baseline,0,0
19,1,no_strict_e1_improvement,0,24,2,15,38,1,1,0,1,0,0,1,0,baseline,0,0,-1,current,baseline,0,0
20,1,no_strict_e1_improvement,0,23,3,12,34,1,1,0,1,0,0,1,0,baseline,0,0,-1,current,baseline,0,0
21,1,no_strict_e1_improvement,0,25,1,16,40,1,1,0,1,0,0,1,0,baseline,0,0,-1,current,baseline,0,0
22,1,no_strict_e1_improvement,0,21,5,12,32,2,1,1,1,1,1,1,0,baseline,0,0,-1,current,baseline,0,0
23,1,no_strict_e1_improvement,0,20,6,11,30,1,1,0,1,0,0,1,0,baseline,0,0,-1,current,baseline,0,0
24,1,no_strict_e1_improvement,0,25,1,16,40,1,1,0,1,0,0,1,0,baseline,0,0,-1,current,baseline,0,0
25,1,evaluated,1,17,9,8,24,2,1,1,1,1,1,1,0,component_shift_0_0,0,0,0,s1a3_greedy,component_shift_0_0,0,0
26,1,no_strict_e1_improvement,0,19,7,10,28,1,1,0,1,0,0,1,0,baseline,0,0,-1,current,baseline,0,0
27,1,evaluated,1,21,5,10,30,2,1,1,1,1,1,1,0,component_shift_0_0,0,0,0,s1a3_greedy,component_shift_0_0,0,0
28,1,no_strict_e1_improvement,0,15,11,6,20,2,1,1,1,1,1,1,0,baseline,0,0,-1,current,baseline,0,0
29,1,no_strict_e1_improvement,0,24,2,14,37,1,1,0,1,0,0,1,0,baseline,0,0,-1,current,baseline,0,0
30,1,no_strict_e1_improvement,0,6,14,4,15,2,1,1,1,1,1,1,0,baseline,0,0,-1,current,baseline,0,0
31,1,no_strict_e1_improvement,0,25,1,16,40,1,1,0,1,0,0,1,0,baseline,0,0,-1,current,baseline,0,0
32,1,no_strict_e1_improvement,0,14,5,9,29,2,1,1,1,1,1,1,0,baseline,0,0,-1,current,baseline,0,0
33,1,evaluated,1,11,12,6,19,2,1,1,1,1,1,1,0,component_shift_0_0,0,0,0,s1a3_greedy,component_shift_0_0,0,0
34,1,no_strict_e1_improvement,0,23,3,11,34,1,1,0,1,0,0,1,0,baseline,0,0,-1,current,baseline,0,0
35,1,no_strict_e1_improvement,0,25,1,16,40,1,1,0,1,0,0,1,0,baseline,0,0,-1,current,baseline,0,0
36,1,no_strict_e1_improvement,0,13,7,8,26,2,1,1,1,1,1,1,0,baseline,0,0,-1,current,baseline,0,0
37,1,evaluated,1,22,4,13,34,2,1,1,1,1,1,1,0,component_shift_0_0,0,0,0,s1a3_greedy,component_shift_0_0,0,0
38,1,small_component,0,1,25,0,0,0,0,0,0,0,1,1,0,current,0,0,-1,current,current,0,0
39,1,no_strict_e1_improvement,0,14,12,7,20,2,1,1,1,1,1,1,0,baseline,0,0,-1,current,baseline,0,0
40,1,no_strict_e1_improvement,0,25,1,16,40,1,1,0,1,0,0,1,0,baseline,0,0,-1,current,baseline,0,0
41,1,no_strict_e1_improvement,0,20,6,9,28,1,1,0,1,0,0,1,0,baseline,0,0,-1,current,baseline,0,0
42,1,evaluated,1,17,9,8,24,2,1,1,1,1,1,1,0,component_shift_0_0,0,0,0,s1a3_greedy,component_shift_0_0,0,0
43,1,no_strict_e1_improvement,0,15,5,10,30,2,1,1,1,1,1,1,0,baseline,0,0,-1,current,baseline,0,0
44,1,no_strict_e1_improvement,0,25,1,16,40,1,1,0,1,0,0,1,0,baseline,0,0,-1,current,baseline,0,0
45,1,evaluated,1,10,11,6,20,2,1,1,1,1,1,1,0,component_shift_0_0,0,0,0,s1a3_greedy,component_shift_0_0,0,0
46,1,evaluated,1,19,7,9,27,2,1,1,1,1,1,1,0,component_shift_0_0,0,0,0,s1a3_greedy,component_shift_0_0,0,0
47,1,evaluated,1,18,8,9,26,2,1,1,1,1,1,1,0,component_shift_0_0,0,0,0,s1a3_greedy,component_shift_0_0,0,0
48,1,evaluated,1,20,6,9,28,2,1,1,1,1,1,1,0,component_shift_0_0,0,0,0,s1a3_greedy,component_shift_0_0,0,0
49,1,no_strict_e1_improvement,0,18,8,10,27,2,1,1,1,1,1,1,0,baseline,0,0,-1,current,baseline,0,0
50,1,no_strict_e1_improvement,0,25,1,16,40,1,1,0,1,0,0,1,0,baseline,0,0,-1,current,baseline,0,0
51,1,evaluated,1,14,9,8,24,2,1,1,1,1,1,1,0,component_shift_0_0,0,0,0,s1a3_greedy,component_shift_0_0,0,0
52,1,no_strict_e1_improvement,0,21,5,12,32,2,1,1,1,1,1,1,0,baseline,0,0,-1,current,baseline,0,0
53,1,no_strict_e1_improvement,0,16,10,8,23,1,1,0,1,0,0,1,0,baseline,0,0,-1,current,baseline,0,0
54,1,no_strict_e1_improvement,0,19,7,9,27,1,1,0,1,0,0,1,0,baseline,0,0,-1,current,baseline,0,0
55,1,no_strict_e1_improvement,0,25,1,16,40,1,1,0,1,0,0,1,0,baseline,0,0,-1,current,baseline,0,0
56,1,no_strict_e1_improvement,0,25,1,14,39,1,1,0,1,0,0,1,0,baseline,0,0,-1,current,baseline,0,0
57,1,no_strict_e1_improvement,0,23,3,14,36,1,1,0,1,0,0,1,0,baseline,0,0,-1,current,baseline,0,0
58,1,no_strict_e1_improvement,0,22,4,12,33,1,1,0,1,0,0,1,0,baseline,0,0,-1,current,baseline,0,0
59,1,evaluated,1,16,10,7,22,2,1,1,1,1,1,1,0,component_shift_0_0,0,0,0,s1a3_greedy,component_shift_0_0,0,0
60,1,evaluated,1,17,4,10,31,2,1,1,1,1,1,1,0,component_shift_0_0,0,0,0,s1a3_greedy,component_shift_0_0,0,0
61,1,no_strict_e1_improvement,0,21,5,10,30,1,1,0,1,0,0,1,0,baseline,0,0,-1,current,baseline,0,0
62,1,evaluated,1,18,8,9,26,2,1,1,1,1,1,1,0,component_shift_0_0,0,0,0,s1a3_greedy,component_shift_0_0,0,0
63,1,evaluated,1,20,6,12,31,2,1,1,1,1,1,1,0,component_shift_0_0,0,0,0,s1a3_greedy,component_shift_0_0,0,0
64,1,no_strict_e1_improvement,0,21,5,10,30,2,1,1,1,1,1,1,0,baseline,0,0,-1,current,baseline,0,0
65,1,no_strict_e1_improvement,0,7,19,2,8,2,1,1,1,1,1,1,0,baseline,0,0,-1,current,baseline,0,0
66,1,no_strict_e1_improvement,0,22,4,11,32,1,1,0,1,0,0,1,0,baseline,0,0,-1,current,baseline,0,0
67,1,no_strict_e1_improvement,0,25,1,16,40,1,1,0,1,0,0,1,0,baseline,0,0,-1,current,baseline,0,0
68,1,no_strict_e1_improvement,0,20,6,11,30,1,1,0,1,0,0,1,0,baseline,0,0,-1,current,baseline,0,0
69,1,no_strict_e1_improvement,0,18,5,10,30,1,1,0,1,0,0,1,0,baseline,0,0,-1,current,baseline,0,0
70,1,no_strict_e1_improvement,0,11,9,7,23,2,1,1,1,1,1,1,0,baseline,0,0,-1,current,baseline,0,0
71,1,no_strict_e1_improvement,0,23,3,13,35,1,1,0,1,0,0,1,0,baseline,0,0,-1,current,baseline,0,0
72,1,no_strict_e1_improvement,0,22,4,13,34,2,1,1,1,1,1,1,0,baseline,0,0,-1,current,baseline,0,0
73,1,no_strict_e1_improvement,0,23,3,14,36,1,1,0,1,0,0,1,0,baseline,0,0,-1,current,baseline,0,0
74,1,no_strict_e1_improvement,0,25,1,14,38,1,1,0,1,0,0,1,0,baseline,0,0,-1,current,baseline,0,0
75,1,evaluated,1,15,11,8,22,2,1,1,1,1,1,1,0,component_shift_0_0,0,0,0,s1a3_greedy,component_shift_0_0,0,0
76,1,no_strict_e1_improvement,0,4,16,3,12,2,1,1,1,1,1,1,0,baseline,0,0,-1,current,baseline,0,0
77,1,evaluated,1,6,17,3,11,2,1,1,1,1,1,1,0,component_shift_0_0,0,0,0,s1a3_greedy,component_shift_0_0,0,0
78,1,no_strict_e1_improvement,0,24,2,12,35,1,1,0,1,0,0,1,0,baseline,0,0,-1,current,baseline,0,0
79,1,no_strict_e1_improvement,0,21,5,10,30,1,1,0,1,0,0,1,0,baseline,0,0,-1,current,baseline,0,0
80,1,evaluated,1,6,20,2,7,2,1,1,1,1,1,1,0,component_shift_0_0,0,0,0,s1a3_greedy,component_shift_0_0,0,0
81,1,no_strict_e1_improvement,0,25,1,16,40,1,1,0,1,0,0,1,0,baseline,0,0,-1,current,baseline,0,0
82,1,no_strict_e1_improvement,0,17,9,8,24,2,1,1,1,1,1,1,0,baseline,0,0,-1,current,baseline,0,0
83,1,evaluated,1,13,13,6,18,2,1,1,1,1,1,1,0,component_shift_0_0,0,0,0,s1a3_greedy,component_shift_0_0,0,0
84,1,evaluated,1,8,12,5,18,2,1,1,1,1,1,1,0,component_shift_0_0,0,0,0,s1a3_greedy,component_shift_0_0,0,0
85,1,no_strict_e1_improvement,0,24,2,14,37,1,1,0,1,0,0,1,0,baseline,0,0,-1,current,baseline,0,0
86,1,no_strict_e1_improvement,0,23,3,14,36,1,1,0,1,0,0,1,0,baseline,0,0,-1,current,baseline,0,0
87,1,evaluated,1,18,8,8,25,2,1,1,1,1,1,1,0,component_shift_0_0,0,0,0,s1a3_greedy,component_shift_0_0,0,0
88,1,evaluated,1,17,9,9,25,2,1,1,1,1,1,1,0,component_shift_0_0,0,0,0,s1a3_greedy,component_shift_0_0,0,0
89,1,no_strict_e1_improvement,0,23,3,14,36,1,1,0,1,0,0,1,0,baseline,0,0,-1,current,baseline,0,0
90,1,no_strict_e1_improvement,0,9,10,7,22,2,1,1,1,1,1,1,0,baseline,0,0,-1,current,baseline,0,0
91,1,no_strict_e1_improvement,0,13,13,6,18,2,1,1,1,1,1,1,0,baseline,0,0,-1,current,baseline,0,0
92,1,no_strict_e1_improvement,0,16,10,8,23,1,1,0,1,0,0,1,0,baseline,0,0,-1,current,baseline,0,0
93,1,no_strict_e1_improvement,0,19,7,10,28,2,1,1,1,1,1,1,0,baseline,0,0,-1,current,baseline,0,0
94,1,evaluated,1,6,20,2,7,2,1,1,1,1,1,1,0,component_shift_0_0,0,0,0,s1a3_greedy,component_shift_0_0,0,0
95,1,evaluated,1,18,8,8,25,2,1,1,1,1,1,1,0,component_shift_0_0,0,0,0,s1a3_greedy,component_shift_0_0,0,0
96,1,evaluated,1,18,8,8,25,2,1,1,1,1,1,1,0,component_shift_0_0,0,0,0,s1a3_greedy,component_shift_0_0,0,0
97,1,evaluated,1,17,6,8,27,2,1,1,1,1,1,1,0,component_shift_0_0,0,0,0,s1a3_greedy,component_shift_0_0,0,0
98,1,no_strict_e1_improvement,0,24,2,14,37,1,1,0,1,0,0,1,0,baseline,0,0,-1,current,baseline,0,0
99,1,no_strict_e1_improvement,0,25,1,16,40,1,1,0,1,0,0,1,0,baseline,0,0,-1,current,baseline,0,0
100,1,no_strict_e1_improvement,0,24,2,14,37,1,1,0,1,0,0,1,0,baseline,0,0,-1,current,baseline,0,0
101,1,no_strict_e1_improvement,0,22,4,11,32,2,1,1,1,1,1,1,0,baseline,0,0,-1,current,baseline,0,0
102,1,no_strict_e1_improvement,0,20,6,11,30,1,1,0,1,0,0,1,0,baseline,0,0,-1,current,baseline,0,0
103,1,no_strict_e1_improvement,0,12,14,5,16,1,1,0,1,0,0,1,0,baseline,0,0,-1,current,baseline,0,0
104,1,no_strict_e1_improvement,0,25,1,14,39,1,1,0,1,0,0,1,0,baseline,0,0,-1,current,baseline,0,0
105,1,no_strict_e1_improvement,0,24,2,15,38,1,1,0,1,0,0,1,0,baseline,0,0,-1,current,baseline,0,0
106,1,evaluated,1,21,5,10,30,2,1,1,1,1,1,1,0,component_shift_0_0,0,0,0,s1a3_greedy,component_shift_0_0,0,0
107,1,no_strict_e1_improvement,0,18,8,10,27,2,1,1,1,1,1,1,0,baseline,0,0,-1,current,baseline,0,0
108,1,no_strict_e1_improvement,0,25,1,13,37,1,1,0,1,0,0,1,0,baseline,0,0,-1,current,baseline,0,0
109,1,no_strict_e1_improvement,0,21,5,12,32,1,1,0,1,0,0,1,0,baseline,0,0,-1,current,baseline,0,0
110,1,evaluated,1,11,10,6,21,2,1,1,1,1,1,1,0,component_shift_0_0,0,0,0,s1a3_greedy,component_shift_0_0,0,0
111,1,no_strict_e1_improvement,0,18,8,8,25,1,1,0,1,0,0,1,0,baseline,0,0,-1,current,baseline,0,0
112,1,no_strict_e1_improvement,0,25,1,15,39,1,1,0,1,0,0,1,0,baseline,0,0,-1,current,baseline,0,0
113,1,no_strict_e1_improvement,0,12,11,6,20,2,1,1,1,1,1,1,0,baseline,0,0,-1,current,baseline,0,0
114,1,no_strict_e1_improvement,0,24,2,14,37,1,1,0,1,0,0,1,0,baseline,0,0,-1,current,baseline,0,0
115,1,no_strict_e1_improvement,0,14,12,7,20,2,1,1,1,1,1,1,0,baseline,0,0,-1,current,baseline,0,0
116,1,evaluated,1,6,17,3,11,2,1,1,1,1,1,1,0,component_shift_0_0,0,0,0,s1a3_greedy,component_shift_0_0,0,0
117,1,evaluated,1,20,6,10,29,2,1,1,1,1,1,1,0,component_shift_0_0,0,0,0,s1a3_greedy,component_shift_0_0,0,0
118,1,no_strict_e1_improvement,0,25,1,13,37,1,1,0,1,0,0,1,0,baseline,0,0,-1,current,baseline,0,0
119,1,evaluated,1,4,22,1,4,2,1,1,1,1,1,1,0,component_shift_0_0,0,0,0,s1a3_greedy,component_shift_0_0,0,0
120,1,no_strict_e1_improvement,0,25,1,14,38,1,1,0,1,0,0,1,0,baseline,0,0,-1,current,baseline,0,0
121,1,no_strict_e1_improvement,0,25,1,14,38,1,1,0,1,0,0,1,0,baseline,0,0,-1,current,baseline,0,0
122,1,no_strict_e1_improvement,0,25,1,14,38,1,1,0,1,0,0,1,0,baseline,0,0,-1,current,baseline,0,0
123,1,no_strict_e1_improvement,0,25,1,13,37,1,1,0,1,0,0,1,0,baseline,0,0,-1,current,baseline,0,0
124,1,no_strict_e1_improvement,0,25,1,15,39,1,1,0,1,0,0,1,0,baseline,0,0,-1,current,baseline,0,0
125,1,no_strict_e1_improvement,0,4,22,1,4,2,1,1,1,1,1,1,0,baseline,0,0,-1,current,baseline,0,0
126,1,no_strict_e1_improvement,0,24,2,14,37,1,1,0,1,0,0,1,0,baseline,0,0,-1,current,baseline,0,0
127,1,evaluated,1,14,9,7,23,2,1,1,1,1,1,1,0,component_shift_0_0,0,0,0,s1a3_greedy,component_shift_0_0,0,0
128,1,evaluated,1,21,5,8,28,2,1,1,1,1,1,1,0,component_shift_0_0,0,0,0,s1a3_greedy,component_shift_0_0,0,0
129,1,no_strict_e1_improvement,0,6,17,3,11,2,1,1,1,1,1,1,0,baseline,0,0,-1,current,baseline,0,0
130,1,evaluated,1,4,22,1,4,2,1,1,1,1,1,1,0,component_shift_0_0,0,0,0,s1a3_greedy,component_shift_0_0,0,0
131,1,evaluated,1,22,4,11,32,2,1,1,1,1,1,1,0,component_shift_0_0,0,0,0,s1a3_greedy,component_shift_0_0,0,0
132,1,no_strict_e1_improvement,0,18,5,9,29,2,1,1,1,1,1,1,0,baseline,0,0,-1,current,baseline,0,0
133,1,no_strict_e1_improvement,0,10,10,6,21,2,1,1,1,1,1,1,0,baseline,0,0,-1,current,baseline,0,0
134,1,no_strict_e1_improvement,0,24,2,14,37,1,1,0,1,0,0,1,0,baseline,0,0,-1,current,baseline,0,0
135,1,no_strict_e1_improvement,0,23,3,14,36,1,1,0,1,0,0,1,0,baseline,0,0,-1,current,baseline,0,0
136,1,no_strict_e1_improvement,0,20,6,11,30,2,1,1,1,1,1,1,0,baseline,0,0,-1,current,baseline,0,0
137,1,no_strict_e1_improvement,0,6,12,5,18,2,1,1,1,1,1,1,0,baseline,0,0,-1,current,baseline,0,0
138,1,evaluated,1,13,13,6,18,2,1,1,1,1,1,1,0,component_shift_0_0,0,0,0,s1a3_greedy,component_shift_0_0,0,0
139,1,no_strict_e1_improvement,0,22,4,11,32,2,1,1,1,1,1,1,0,baseline,0,0,-1,current,baseline,0,0
140,1,no_strict_e1_improvement,0,25,1,16,40,1,1,0,1,0,0,1,0,baseline,0,0,-1,current,baseline,0,0
141,1,evaluated,1,19,7,8,27,2,1,1,1,1,1,1,0,component_shift_0_0,0,0,0,s1a3_greedy,component_shift_0_0,0,0
142,1,evaluated,1,8,15,4,14,2,1,1,1,1,1,1,0,component_shift_0_0,0,0,0,s1a3_greedy,component_shift_0_0,0,0
143,1,no_strict_e1_improvement,0,16,10,6,21,1,1,0,1,0,0,1,0,baseline,0,0,-1,current,baseline,0,0
144,1,no_strict_e1_improvement,0,24,2,15,38,1,1,0,1,0,0,1,0,baseline,0,0,-1,current,baseline,0,0
145,1,no_strict_e1_improvement,0,22,4,13,34,1,1,0,1,0,0,1,0,baseline,0,0,-1,current,baseline,0,0
146,1,evaluated,1,21,5,8,28,2,1,1,1,1,1,1,0,component_shift_0_0,0,0,0,s1a3_greedy,component_shift_0_0,0,0
147,1,no_strict_e1_improvement,0,20,6,9,28,2,1,1,1,1,1,1,0,baseline,0,0,-1,current,baseline,0,0
148,1,no_strict_e1_improvement,0,25,1,14,38,1,1,0,1,0,0,1,0,baseline,0,0,-1,current,baseline,0,0
149,1,no_strict_e1_improvement,0,22,4,13,34,1,1,0,1,0,0,1,0,baseline,0,0,-1,current,baseline,0,0
150,1,evaluated,1,21,5,10,30,2,1,1,1,1,1,1,0,component_shift_0_0,0,0,0,s1a3_greedy,component_shift_0_0,0,0
151,1,no_strict_e1_improvement,0,15,8,9,26,2,1,1,1,1,1,1,0,baseline,0,0,-1,current,baseline,0,0
152,1,no_strict_e1_improvement,0,23,3,13,35,1,1,0,1,0,0,1,0,baseline,0,0,-1,current,baseline,0,0
153,1,no_strict_e1_improvement,0,25,1,14,38,1,1,0,1,0,0,1,0,baseline,0,0,-1,current,baseline,0,0
154,1,no_strict_e1_improvement,0,9,12,5,18,2,1,1,1,1,1,1,0,baseline,0,0,-1,current,baseline,0,0
155,1,evaluated,1,21,5,10,30,2,1,1,1,1,1,1,0,component_shift_0_0,0,0,0,s1a3_greedy,component_shift_0_0,0,0
156,1,no_strict_e1_improvement,0,18,8,8,25,2,1,1,1,1,1,1,0,baseline,0,0,-1,current,baseline,0,0
157,1,no_strict_e1_improvement,0,22,4,10,31,1,1,0,1,0,0,1,0,baseline,0,0,-1,current,baseline,0,0
158,1,no_strict_e1_improvement,0,10,16,4,13,2,1,1,1,1,1,1,0,baseline,0,0,-1,current,baseline,0,0
159,1,no_strict_e1_improvement,0,12,7,8,26,2,1,1,1,1,1,1,0,baseline,0,0,-1,current,baseline,0,0
160,1,no_strict_e1_improvement,0,20,6,11,30,1,1,0,1,0,0,1,0,baseline,0,0,-1,current,baseline,0,0
161,1,no_strict_e1_improvement,0,23,3,12,34,1,1,0,1,0,0,1,0,baseline,0,0,-1,current,baseline,0,0
162,1,small_component,0,1,25,0,0,0,0,0,0,0,1,1,0,current,0,0,-1,current,current,0,0
163,1,evaluated,1,8,10,6,21,2,1,1,1,1,1,1,0,component_shift_0_0,0,0,0,s1a3_greedy,component_shift_0_0,0,0
164,1,evaluated,1,13,13,6,18,2,1,1,1,1,1,1,0,component_shift_0_0,0,0,0,s1a3_greedy,component_shift_0_0,0,0
165,1,evaluated,1,10,9,7,23,2,1,1,1,1,1,1,0,component_shift_0_0,0,0,0,s1a3_greedy,component_shift_0_0,0,0
166,1,evaluated,1,21,5,10,30,2,1,1,1,1,1,1,0,component_shift_0_0,0,0,0,s1a3_greedy,component_shift_0_0,0,0
167,1,no_strict_e1_improvement,0,25,1,14,39,1,1,0,1,0,0,1,0,baseline,0,0,-1,current,baseline,0,0
168,1,no_strict_e1_improvement,0,25,1,16,40,1,1,0,1,0,0,1,0,baseline,0,0,-1,current,baseline,0,0
169,1,no_strict_e1_improvement,0,12,3,10,32,2,1,1,1,1,1,1,0,baseline,0,0,-1,current,baseline,0,0
170,1,no_strict_e1_improvement,0,24,2,12,36,1,1,0,1,0,0,1,0,baseline,0,0,-1,current,baseline,0,0
171,1,evaluated,1,4,22,1,4,2,1,1,1,1,1,1,0,component_shift_0_0,0,0,0,s1a3_greedy,component_shift_0_0,0,0
172,1,evaluated,1,8,18,3,10,2,1,1,1,1,1,1,0,component_shift_0_0,0,0,0,s1a3_greedy,component_shift_0_0,0,0
173,1,no_strict_e1_improvement,0,25,1,16,40,1,1,0,1,0,0,1,0,baseline,0,0,-1,current,baseline,0,0
174,1,no_strict_e1_improvement,0,23,3,14,36,2,1,1,1,1,1,1,0,baseline,0,0,-1,current,baseline,0,0
175,1,evaluated,1,4,19,2,8,2,1,1,1,1,1,1,0,component_shift_0_0,0,0,0,s1a3_greedy,component_shift_0_0,0,0
176,1,no_strict_e1_improvement,0,6,10,6,21,2,1,1,1,1,1,1,0,baseline,0,0,-1,current,baseline,0,0
177,1,no_strict_e1_improvement,0,23,3,12,34,1,1,0,1,0,0,1,0,baseline,0,0,-1,current,baseline,0,0
178,1,no_strict_e1_improvement,0,14,3,11,33,2,1,1,1,1,1,1,0,baseline,0,0,-1,current,baseline,0,0
179,1,no_strict_e1_improvement,0,6,15,4,14,2,1,1,1,1,1,1,0,baseline,0,0,-1,current,baseline,0,0
180,1,no_strict_e1_improvement,0,25,1,16,40,1,1,0,1,0,0,1,0,baseline,0,0,-1,current,baseline,0,0
181,1,evaluated,1,17,9,7,23,2,1,1,1,1,1,1,0,component_shift_0_0,0,0,0,s1a3_greedy,component_shift_0_0,0,0
182,1,no_strict_e1_improvement,0,13,13,5,17,2,1,1,1,1,1,1,0,baseline,0,0,-1,current,baseline,0,0
183,1,no_strict_e1_improvement,0,22,4,13,34,1,1,0,1,0,0,1,0,baseline,0,0,-1,current,baseline,0,0
184,1,no_strict_e1_improvement,0,18,8,10,27,1,1,0,1,0,0,1,0,baseline,0,0,-1,current,baseline,0,0
185,1,no_strict_e1_improvement,0,25,1,16,40,1,1,0,1,0,0,1,0,baseline,0,0,-1,current,baseline,0,0
186,1,evaluated,1,15,6,9,28,2,1,1,1,1,1,1,0,component_shift_0_0,0,0,0,s1a3_greedy,component_shift_0_0,0,0
187,1,no_strict_e1_improvement,0,17,4,10,31,1,1,0,1,0,0,1,0,baseline,0,0,-1,current,baseline,0,0
188,1,evaluated,1,14,12,6,19,2,1,1,1,1,1,1,0,component_shift_0_0,0,0,0,s1a3_greedy,component_shift_0_0,0,0
189,1,no_strict_e1_improvement,0,19,4,10,31,2,1,1,1,1,1,1,0,baseline,0,0,-1,current,baseline,0,0
190,1,no_strict_e1_improvement,0,15,8,9,26,2,1,1,1,1,1,1,0,baseline,0,0,-1,current,baseline,0,0
191,1,evaluated,1,11,15,5,15,2,1,1,1,1,1,1,0,component_shift_0_0,0,0,0,s1a3_greedy,component_shift_0_0,0,0
192,1,no_strict_e1_improvement,0,24,2,13,36,1,1,0,1,0,0,1,0,baseline,0,0,-1,current,baseline,0,0
193,1,no_strict_e1_improvement,0,20,6,12,31,2,1,1,1,1,1,1,0,baseline,0,0,-1,current,baseline,0,0
194,1,no_strict_e1_improvement,0,15,8,8,25,2,1,1,1,1,1,1,0,baseline,0,0,-1,current,baseline,0,0
195,1,no_strict_e1_improvement,0,11,15,4,14,2,1,1,1,1,1,1,0,baseline,0,0,-1,current,baseline,0,0
196,1,no_strict_e1_improvement,0,21,5,11,31,1,1,0,1,0,0,1,0,baseline,0,0,-1,current,baseline,0,0
197,1,evaluated,1,15,8,9,26,2,1,1,1,1,1,1,0,component_shift_0_0,0,0,0,s1a3_greedy,component_shift_0_0,0,0
198,1,no_strict_e1_improvement,0,23,3,12,34,1,1,0,1,0,0,1,0,baseline,0,0,-1,current,baseline,0,0
199,1,no_strict_e1_improvement,0,25,1,16,40,1,1,0,1,0,0,1,0,baseline,0,0,-1,current,baseline,0,0
200,1,evaluated,1,16,10,7,22,2,1,1,1,1,1,1,0,component_shift_0_0,0,0,0,s1a3_greedy,component_shift_0_0,0,0
201,1,small_component,0,1,25,0,0,0,0,0,0,0,1,1,0,current,0,0,-1,current,current,0,0
202,1,no_strict_e1_improvement,0,24,2,15,38,1,1,0,1,0,0,1,0,baseline,0,0,-1,current,baseline,0,0
203,1,evaluated,1,19,7,10,28,2,1,1,1,1,1,1,0,component_shift_0_0,0,0,0,s1a3_greedy,component_shift_0_0,0,0
204,1,no_strict_e1_improvement,0,10,8,8,25,2,1,1,1,1,1,1,0,baseline,0,0,-1,current,baseline,0,0
205,1,no_strict_e1_improvement,0,25,1,14,38,1,1,0,1,0,0,1,0,baseline,0,0,-1,current,baseline,0,0
206,1,no_strict_e1_improvement,0,23,3,14,36,1,1,0,1,0,0,1,0,baseline,0,0,-1,current,baseline,0,0
207,1,no_strict_e1_improvement,0,25,1,16,40,1,1,0,1,0,0,1,0,baseline,0,0,-1,current,baseline,0,0
208,1,no_strict_e1_improvement,0,23,3,14,36,1,1,0,1,0,0,1,0,baseline,0,0,-1,current,baseline,0,0
209,1,evaluated,1,19,7,10,28,2,1,1,1,1,1,1,0,component_shift_0_0,0,0,0,s1a3_greedy,component_shift_0_0,0,0
210,1,no_strict_e1_improvement,0,9,14,5,16,2,1,1,1,1,1,1,0,baseline,0,0,-1,current,baseline,0,0
211,1,no_strict_e1_improvement,0,6,15,4,14,2,1,1,1,1,1,1,0,baseline,0,0,-1,current,baseline,0,0
212,1,no_strict_e1_improvement,0,23,3,12,34,1,1,0,1,0,0,1,0,baseline,0,0,-1,current,baseline,0,0
213,1,no_strict_e1_improvement,0,25,1,16,40,1,1,0,1,0,0,1,0,baseline,0,0,-1,current,baseline,0,0
214,1,evaluated,1,15,11,7,21,2,1,1,1,1,1,1,0,component_shift_0_0,0,0,0,s1a3_greedy,component_shift_0_0,0,0
215,1,no_strict_e1_improvement,0,22,4,12,33,1,1,0,1,0,0,1,0,baseline,0,0,-1,current,baseline,0,0
216,1,no_strict_e1_improvement,0,19,7,11,29,2,1,1,1,1,1,1,0,baseline,0,0,-1,current,baseline,0,0
217,1,no_strict_e1_improvement,0,25,1,16,40,1,1,0,1,0,0,1,0,baseline,0,0,-1,current,baseline,0,0
218,1,no_strict_e1_improvement,0,9,10,7,22,2,1,1,1,1,1,1,0,baseline,0,0,-1,current,baseline,0,0
219,1,evaluated,1,8,18,3,10,2,1,1,1,1,1,1,0,component_shift_0_0,0,0,0,s1a3_greedy,component_shift_0_0,0,0
220,1,no_strict_e1_improvement,0,13,4,10,31,2,1,1,1,1,1,1,0,baseline,0,0,-1,current,baseline,0,0
221,1,no_strict_e1_improvement,0,25,1,12,36,1,1,0,1,0,0,1,0,baseline,0,0,-1,current,baseline,0,0
222,1,evaluated,1,13,8,7,24,2,1,1,1,1,1,1,0,component_shift_0_0,0,0,0,s1a3_greedy,component_shift_0_0,0,0
223,1,evaluated,1,8,13,5,17,2,1,1,1,1,1,1,0,component_shift_0_0,0,0,0,s1a3_greedy,component_shift_0_0,0,0
224,1,evaluated,1,22,4,13,34,2,1,1,1,1,1,1,0,component_shift_0_0,0,0,0,s1a3_greedy,component_shift_0_0,0,0
225,1,evaluated,1,15,11,7,21,2,1,1,1,1,1,1,0,component_shift_0_0,0,0,0,s1a3_greedy,component_shift_0_0,0,0
226,1,evaluated,1,10,11,6,20,2,1,1,1,1,1,1,0,component_shift_0_0,0,0,0,s1a3_greedy,component_shift_0_0,0,0
227,1,evaluated,1,13,8,8,25,2,1,1,1,1,1,1,0,component_shift_0_0,0,0,0,s1a3_greedy,component_shift_0_0,0,0
228,1,evaluated,1,8,15,4,14,2,1,1,1,1,1,1,0,component_shift_0_0,0,0,0,s1a3_greedy,component_shift_0_0,0,0
229,1,no_strict_e1_improvement,0,21,5,10,30,1,1,0,1,0,0,1,0,baseline,0,0,-1,current,baseline,0,0
230,1,evaluated,1,11,15,4,14,2,1,1,1,1,1,1,0,component_shift_0_0,0,0,0,s1a3_greedy,component_shift_0_0,0,0
231,1,no_strict_e1_improvement,0,21,5,12,32,2,1,1,1,1,1,1,0,baseline,0,0,-1,current,baseline,0,0
232,1,no_strict_e1_improvement,0,20,6,8,27,2,1,1,1,1,1,1,0,baseline,0,0,-1,current,baseline,0,0
233,1,no_strict_e1_improvement,0,25,1,15,39,1,1,0,1,0,0,1,0,baseline,0,0,-1,current,baseline,0,0
234,1,evaluated,1,14,12,6,19,2,1,1,1,1,1,1,0,component_shift_0_0,0,0,0,s1a3_greedy,component_shift_0_0,0,0
235,1,evaluated,1,11,12,5,18,2,1,1,1,1,1,1,0,component_shift_0_0,0,0,0,s1a3_greedy,component_shift_0_0,0,0
236,1,no_strict_e1_improvement,0,20,6,9,28,2,1,1,1,1,1,1,0,baseline,0,0,-1,current,baseline,0,0
237,1,no_strict_e1_improvement,0,15,11,7,21,1,1,0,1,0,0,1,0,baseline,0,0,-1,current,baseline,0,0
238,1,evaluated,1,22,4,12,33,2,1,1,1,1,1,1,0,component_shift_0_0,0,0,0,s1a3_greedy,component_shift_0_0,0,0
239,1,evaluated,1,11,15,4,14,2,1,1,1,1,1,1,0,component_shift_0_0,0,0,0,s1a3_greedy,component_shift_0_0,0,0
240,1,evaluated,1,14,12,6,19,2,1,1,1,1,1,1,0,component_shift_0_0,0,0,0,s1a3_greedy,component_shift_0_0,0,0
241,1,evaluated,1,8,15,4,14,2,1,1,1,1,1,1,0,component_shift_0_0,0,0,0,s1a3_greedy,component_shift_0_0,0,0
242,1,no_strict_e1_improvement,0,25,1,16,40,1,1,0,1,0,0,1,0,baseline,0,0,-1,current,baseline,0,0
243,1,no_strict_e1_improvement,0,24,2,15,38,1,1,0,1,0,0,1,0,baseline,0,0,-1,current,baseline,0,0
244,1,evaluated,1,20,6,12,31,2,1,1,1,1,1,1,0,component_shift_0_0,0,0,0,s1a3_greedy,component_shift_0_0,0,0
245,1,no_strict_e1_improvement,0,23,3,12,34,1,1,0,1,0,0,1,0,baseline,0,0,-1,current,baseline,0,0
246,1,evaluated,1,19,7,9,27,2,1,1,1,1,1,1,0,component_shift_0_0,0,0,0,s1a3_greedy,component_shift_0_0,0,0
247,1,evaluated,1,15,11,7,21,2,1,1,1,1,1,1,0,component_shift_0_0,0,0,0,s1a3_greedy,component_shift_0_0,0,0
248,1,evaluated,1,22,4,10,31,2,1,1,1,1,1,1,0,component_shift_0_0,0,0,0,s1a3_greedy,component_shift_0_0,0,0
249,1,evaluated,1,13,13,6,18,2,1,1,1,1,1,1,0,component_shift_0_0,0,0,0,s1a3_greedy,component_shift_0_0,0,0
250,1,no_strict_e1_improvement,0,4,22,1,4,2,1,1,1,1,1,1,0,baseline,0,0,-1,current,baseline,0,0
251,1,no_strict_e1_improvement,0,23,3,14,36,2,1,1,1,1,1,1,0,baseline,0,0,-1,current,baseline,0,0
252,1,no_strict_e1_improvement,0,24,2,15,38,1,1,0,1,0,0,1,0,baseline,0,0,-1,current,baseline,0,0
253,1,evaluated,1,20,6,11,30,2,1,1,1,1,1,1,0,component_shift_0_0,0,0,0,s1a3_greedy,component_shift_0_0,0,0
254,1,evaluated,1,13,8,8,25,2,1,1,1,1,1,1,0,component_shift_0_0,0,0,0,s1a3_greedy,component_shift_0_0,0,0
255,1,evaluated,1,8,18,3,10,2,1,1,1,1,1,1,0,component_shift_0_0,0,0,0,s1a3_greedy,component_shift_0_0,0,0
256,1,evaluated,1,17,9,9,25,2,1,1,1,1,1,1,0,component_shift_0_0,0,0,0,s1a3_greedy,component_shift_0_0,0,0
257,1,evaluated,1,6,15,4,14,2,1,1,1,1,1,1,0,component_shift_0_0,0,0,0,s1a3_greedy,component_shift_0_0,0,0
258,1,evaluated,1,21,5,12,32,2,1,1,1,1,1,1,0,component_shift_0_0,0,0,0,s1a3_greedy,component_shift_0_0,0,0
259,1,no_strict_e1_improvement,0,20,6,12,31,1,1,0,1,0,0,1,0,baseline,0,0,-1,current,baseline,0,0
260,1,no_strict_e1_improvement,0,13,4,10,31,2,1,1,1,1,1,1,0,baseline,0,0,-1,current,baseline,0,0
261,1,no_strict_e1_improvement,0,13,13,6,18,2,1,1,1,1,1,1,0,baseline,0,0,-1,current,baseline,0,0
262,1,no_strict_e1_improvement,0,25,1,16,40,1,1,0,1,0,0,1,0,baseline,0,0,-1,current,baseline,0,0
263,1,no_strict_e1_improvement,0,25,1,16,40,1,1,0,1,0,0,1,0,baseline,0,0,-1,current,baseline,0,0
264,1,evaluated,1,23,3,14,36,2,1,1,1,1,1,1,0,component_shift_0_0,0,0,0,s1a3_greedy,component_shift_0_0,0,0
265,1,no_strict_e1_improvement,0,25,1,12,36,1,1,0,1,0,0,1,0,baseline,0,0,-1,current,baseline,0,0
266,1,no_strict_e1_improvement,0,24,2,15,38,1,1,0,1,0,0,1,0,baseline,0,0,-1,current,baseline,0,0
267,1,no_strict_e1_improvement,0,18,5,9,29,2,1,1,1,1,1,1,0,baseline,0,0,-1,current,baseline,0,0
268,1,no_strict_e1_improvement,0,17,9,9,25,2,1,1,1,1,1,1,0,baseline,0,0,-1,current,baseline,0,0
269,1,evaluated,1,22,4,11,32,2,1,1,1,1,1,1,0,component_shift_0_0,0,0,0,s1a3_greedy,component_shift_0_0,0,0
270,1,evaluated,1,8,18,3,10,2,1,1,1,1,1,1,0,component_shift_0_0,0,0,0,s1a3_greedy,component_shift_0_0,0,0
271,1,no_strict_e1_improvement,0,25,1,16,40,1,1,0,1,0,0,1,0,baseline,0,0,-1,current,baseline,0,0
272,1,no_strict_e1_improvement,0,22,4,13,34,1,1,0,1,0,0,1,0,baseline,0,0,-1,current,baseline,0,0
273,1,evaluated,1,9,17,3,11,2,1,1,1,1,1,1,0,component_shift_0_0,0,0,0,s1a3_greedy,component_shift_0_0,0,0
274,1,no_strict_e1_improvement,0,11,12,6,19,2,1,1,1,1,1,1,0,baseline,0,0,-1,current,baseline,0,0
275,1,no_strict_e1_improvement,0,21,5,12,32,1,1,0,1,0,0,1,0,baseline,0,0,-1,current,baseline,0,0
276,1,evaluated,1,4,22,1,4,2,1,1,1,1,1,1,0,component_shift_0_0,0,0,0,s1a3_greedy,component_shift_0_0,0,0
277,1,no_strict_e1_improvement,0,21,5,11,31,1,1,0,1,0,0,1,0,baseline,0,0,-1,current,baseline,0,0
278,1,no_strict_e1_improvement,0,24,2,14,37,1,1,0,1,0,0,1,0,baseline,0,0,-1,current,baseline,0,0
279,1,no_strict_e1_improvement,0,16,10,9,24,1,1,0,1,0,0,1,0,baseline,0,0,-1,current,baseline,0,0
280,1,no_strict_e1_improvement,0,14,12,5,18,2,1,1,1,1,1,1,0,baseline,0,0,-1,current,baseline,0,0
281,1,no_strict_e1_improvement,0,23,3,13,35,1,1,0,1,0,0,1,0,baseline,0,0,-1,current,baseline,0,0
282,1,no_strict_e1_improvement,0,12,14,6,17,2,1,1,1,1,1,1,0,baseline,0,0,-1,current,baseline,0,0
283,1,evaluated,1,13,10,7,22,2,1,1,1,1,1,1,0,component_shift_0_0,0,0,0,s1a3_greedy,component_shift_0_0,0,0
284,1,no_strict_e1_improvement,0,23,3,14,36,2,1,1,1,1,1,1,0,baseline,0,0,-1,current,baseline,0,0
285,1,evaluated,1,22,4,12,33,2,1,1,1,1,1,1,0,component_shift_0_0,0,0,0,s1a3_greedy,component_shift_0_0,0,0
286,1,no_strict_e1_improvement,0,23,3,13,35,1,1,0,1,0,0,1,0,baseline,0,0,-1,current,baseline,0,0
287,1,evaluated,1,18,8,9,26,2,1,1,1,1,1,1,0,component_shift_0_0,0,0,0,s1a3_greedy,component_shift_0_0,0,0
288,1,evaluated,1,4,22,1,4,2,1,1,1,1,1,1,0,component_shift_0_0,0,0,0,s1a3_greedy,component_shift_0_0,0,0
289,1,evaluated,1,17,9,8,24,2,1,1,1,1,1,1,0,component_shift_0_0,0,0,0,s1a3_greedy,component_shift_0_0,0,0
290,1,evaluated,1,19,7,9,27,2,1,1,1,1,1,1,0,component_shift_0_0,0,0,0,s1a3_greedy,component_shift_0_0,0,0
291,1,no_strict_e1_improvement,0,19,7,10,28,2,1,1,1,1,1,1,0,baseline,0,0,-1,current,baseline,0,0
292,1,evaluated,1,18,8,10,27,2,1,1,1,1,1,1,0,component_shift_0_0,0,0,0,s1a3_greedy,component_shift_0_0,0,0
293,1,no_strict_e1_improvement,0,21,5,12,32,1,1,0,1,0,0,1,0,baseline,0,0,-1,current,baseline,0,0
294,1,no_strict_e1_improvement,0,14,9,7,23,2,1,1,1,1,1,1,0,baseline,0,0,-1,current,baseline,0,0
295,1,no_strict_e1_improvement,0,8,18,3,10,2,1,1,1,1,1,1,0,baseline,0,0,-1,current,baseline,0,0
296,1,no_strict_e1_improvement,0,25,1,14,38,1,1,0,1,0,0,1,0,baseline,0,0,-1,current,baseline,0,0
297,1,no_strict_e1_improvement,0,21,5,10,30,1,1,0,1,0,0,1,0,baseline,0,0,-1,current,baseline,0,0
298,1,no_strict_e1_improvement,0,24,2,12,35,1,1,0,1,0,0,1,0,baseline,0,0,-1,current,baseline,0,0
299,1,no_strict_e1_improvement,0,16,10,8,23,1,1,0,1,0,0,1,0,baseline,0,0,-1,current,baseline,0,0
300,1,no_strict_e1_improvement,0,25,1,16,40,1,1,0,1,0,0,1,0,baseline,0,0,-1,current,baseline,0,0
301,1,no_strict_e1_improvement,0,25,1,14,39,1,1,0,1,0,0,1,0,baseline,0,0,-1,current,baseline,0,0
302,1,evaluated,1,19,7,10,28,2,1,1,1,1,1,1,0,component_shift_0_0,0,0,0,s1a3_greedy,component_shift_0_0,0,0
303,1,no_strict_e1_improvement,0,24,2,14,37,1,1,0,1,0,0,1,0,baseline,0,0,-1,current,baseline,0,0
304,1,no_strict_e1_improvement,0,10,13,5,17,2,1,1,1,1,1,1,0,baseline,0,0,-1,current,baseline,0,0
305,1,evaluated,1,17,9,7,23,2,1,1,1,1,1,1,0,component_shift_0_0,0,0,0,s1a3_greedy,component_shift_0_0,0,0
306,1,no_strict_e1_improvement,0,23,3,12,34,1,1,0,1,0,0,1,0,baseline,0,0,-1,current,baseline,0,0
307,1,no_strict_e1_improvement,0,8,15,4,14,2,1,1,1,1,1,1,0,baseline,0,0,-1,current,baseline,0,0
308,1,evaluated,1,10,16,4,13,2,1,1,1,1,1,1,0,component_shift_0_0,0,0,0,s1a3_greedy,component_shift_0_0,0,0
309,1,evaluated,1,12,14,5,16,2,1,1,1,1,1,1,0,component_shift_0_0,0,0,0,s1a3_greedy,component_shift_0_0,0,0
310,1,no_strict_e1_improvement,0,9,12,6,19,2,1,1,1,1,1,1,0,baseline,0,0,-1,current,baseline,0,0
311,1,evaluated,1,18,8,10,27,2,1,1,1,1,1,1,0,component_shift_0_0,0,0,0,s1a3_greedy,component_shift_0_0,0,0
312,1,no_strict_e1_improvement,0,25,1,12,36,1,1,0,1,0,0,1,0,baseline,0,0,-1,current,baseline,0,0
313,1,evaluated,1,4,22,1,4,2,1,1,1,1,1,1,0,component_shift_0_0,0,0,0,s1a3_greedy,component_shift_0_0,0,0
314,1,evaluated,1,19,7,11,29,2,1,1,1,1,1,1,0,component_shift_0_0,0,0,0,s1a3_greedy,component_shift_0_0,0,0
315,1,evaluated,1,22,4,11,32,2,1,1,1,1,1,1,0,component_shift_0_0,0,0,0,s1a3_greedy,component_shift_0_0,0,0
316,1,no_strict_e1_improvement,0,13,2,11,34,1,1,0,1,0,0,1,0,baseline,0,0,-1,current,baseline,0,0
317,1,no_strict_e1_improvement,0,14,9,8,24,2,1,1,1,1,1,1,0,baseline,0,0,-1,current,baseline,0,0
318,1,no_strict_e1_improvement,0,25,1,16,40,1,1,0,1,0,0,1,0,baseline,0,0,-1,current,baseline,0,0
319,1,no_strict_e1_improvement,0,8,12,5,18,2,1,1,1,1,1,1,0,baseline,0,0,-1,current,baseline,0,0
320,1,no_strict_e1_improvement,0,25,1,16,40,1,1,0,1,0,0,1,0,baseline,0,0,-1,current,baseline,0,0
321,1,evaluated,1,21,5,12,32,2,1,1,1,1,1,1,0,component_shift_0_0,0,0,0,s1a3_greedy,component_shift_0_0,0,0
322,1,no_strict_e1_improvement,0,25,1,13,37,1,1,0,1,0,0,1,0,baseline,0,0,-1,current,baseline,0,0
323,1,no_strict_e1_improvement,0,14,12,6,19,1,1,0,1,0,0,1,0,baseline,0,0,-1,current,baseline,0,0
324,1,no_strict_e1_improvement,0,21,5,12,32,1,1,0,1,0,0,1,0,baseline,0,0,-1,current,baseline,0,0
325,1,evaluated,1,9,14,4,15,2,1,1,1,1,1,1,0,component_shift_0_0,0,0,0,s1a3_greedy,component_shift_0_0,0,0
326,1,no_strict_e1_improvement,0,21,5,12,32,2,1,1,1,1,1,1,0,baseline,0,0,-1,current,baseline,0,0
327,1,evaluated,1,7,14,4,15,2,1,1,1,1,1,1,0,component_shift_0_0,0,0,0,s1a3_greedy,component_shift_0_0,0,0
328,1,no_strict_e1_improvement,0,6,20,2,7,2,1,1,1,1,1,1,0,baseline,0,0,-1,current,baseline,0,0
329,1,no_strict_e1_improvement,0,25,1,16,40,1,1,0,1,0,0,1,0,baseline,0,0,-1,current,baseline,0,0
330,1,no_strict_e1_improvement,0,8,18,3,10,2,1,1,1,1,1,1,0,baseline,0,0,-1,current,baseline,0,0
331,1,evaluated,1,17,9,9,25,2,1,1,1,1,1,1,0,component_shift_0_0,0,0,0,s1a3_greedy,component_shift_0_0,0,0
332,1,evaluated,1,10,7,8,26,2,1,1,1,1,1,1,0,component_shift_0_0,0,0,0,s1a3_greedy,component_shift_0_0,0,0
333,1,no_strict_e1_improvement,0,24,2,14,37,1,1,0,1,0,0,1,0,baseline,0,0,-1,current,baseline,0,0
334,1,evaluated,1,10,13,5,17,2,1,1,1,1,1,1,0,component_shift_0_0,0,0,0,s1a3_greedy,component_shift_0_0,0,0
335,1,no_strict_e1_improvement,0,12,9,7,23,2,1,1,1,1,1,1,0,baseline,0,0,-1,current,baseline,0,0
336,1,evaluated,1,4,22,1,4,2,1,1,1,1,1,1,0,component_shift_0_0,0,0,0,s1a3_greedy,component_shift_0_0,0,0
337,1,evaluated,1,17,9,9,25,2,1,1,1,1,1,1,0,component_shift_0_0,0,0,0,s1a3_greedy,component_shift_0_0,0,0
338,1,evaluated,1,23,3,14,36,2,1,1,1,1,1,1,0,component_shift_0_0,0,0,0,s1a3_greedy,component_shift_0_0,0,0
339,1,no_strict_e1_improvement,0,25,1,16,40,1,1,0,1,0,0,1,0,baseline,0,0,-1,current,baseline,0,0
340,1,evaluated,1,6,17,3,11,2,1,1,1,1,1,1,0,component_shift_0_0,0,0,0,s1a3_greedy,component_shift_0_0,0,0
341,1,no_strict_e1_improvement,0,23,3,12,34,1,1,0,1,0,0,1,0,baseline,0,0,-1,current,baseline,0,0
342,1,no_strict_e1_improvement,0,9,7,8,26,2,1,1,1,1,1,1,0,baseline,0,0,-1,current,baseline,0,0
343,1,evaluated,1,18,8,10,27,2,1,1,1,1,1,1,0,component_shift_0_0,0,0,0,s1a3_greedy,component_shift_0_0,0,0
344,1,evaluated,1,4,22,1,4,2,1,1,1,1,1,1,0,component_shift_0_0,0,0,0,s1a3_greedy,component_shift_0_0,0,0
345,1,no_strict_e1_improvement,0,24,2,14,37,1,1,0,1,0,0,1,0,baseline,0,0,-1,current,baseline,0,0
346,1,no_strict_e1_improvement,0,17,6,9,28,2,1,1,1,1,1,1,0,baseline,0,0,-1,current,baseline,0,0
347,1,no_strict_e1_improvement,0,25,1,14,38,1,1,0,1,0,0,1,0,baseline,0,0,-1,current,baseline,0,0
348,1,evaluated,1,20,6,12,31,2,1,1,1,1,1,1,0,component_shift_0_0,0,0,0,s1a3_greedy,component_shift_0_0,0,0
349,1,evaluated,1,20,6,12,31,2,1,1,1,1,1,1,0,component_shift_0_0,0,0,0,s1a3_greedy,component_shift_0_0,0,0
350,1,evaluated,1,14,12,6,19,2,1,1,1,1,1,1,0,component_shift_0_0,0,0,0,s1a3_greedy,component_shift_0_0,0,0
351,1,no_strict_e1_improvement,0,19,2,12,35,1,1,0,1,0,0,1,0,baseline,0,0,-1,current,baseline,0,0
352,1,small_component,0,1,25,0,0,0,0,0,0,0,1,1,0,current,0,0,-1,current,current,0,0
353,1,no_strict_e1_improvement,0,24,2,13,37,1,1,0,1,0,0,1,0,baseline,0,0,-1,current,baseline,0,0
354,1,evaluated,1,22,4,13,34,2,1,1,1,1,1,1,0,component_shift_0_0,0,0,0,s1a3_greedy,component_shift_0_0,0,0
355,1,evaluated,1,8,15,4,14,2,1,1,1,1,1,1,0,component_shift_0_0,0,0,0,s1a3_greedy,component_shift_0_0,0,0
356,1,evaluated,1,10,9,7,23,2,1,1,1,1,1,1,0,component_shift_0_0,0,0,0,s1a3_greedy,component_shift_0_0,0,0
357,1,evaluated,1,8,13,5,17,2,1,1,1,1,1,1,0,component_shift_0_0,0,0,0,s1a3_greedy,component_shift_0_0,0,0
358,1,no_strict_e1_improvement,0,23,3,14,36,1,1,0,1,0,0,1,0,baseline,0,0,-1,current,baseline,0,0
359,1,evaluated,1,19,7,9,27,2,1,1,1,1,1,1,0,component_shift_0_0,0,0,0,s1a3_greedy,component_shift_0_0,0,0
360,1,no_strict_e1_improvement,0,23,3,14,36,1,1,0,1,0,0,1,0,baseline,0,0,-1,current,baseline,0,0
361,1,evaluated,1,10,16,4,13,2,1,1,1,1,1,1,0,component_shift_0_0,0,0,0,s1a3_greedy,component_shift_0_0,0,0
362,1,no_strict_e1_improvement,0,19,7,9,27,1,1,0,1,0,0,1,0,baseline,0,0,-1,current,baseline,0,0
363,1,evaluated,1,9,5,9,29,2,1,1,1,1,1,1,0,component_shift_0_0,0,0,0,s1a3_greedy,component_shift_0_0,0,0
364,1,evaluated,1,8,18,3,10,2,1,1,1,1,1,1,0,component_shift_0_0,0,0,0,s1a3_greedy,component_shift_0_0,0,0
365,1,no_strict_e1_improvement,0,20,6,10,29,1,1,0,1,0,0,1,0,baseline,0,0,-1,current,baseline,0,0
366,1,evaluated,1,15,11,7,21,2,1,1,1,1,1,1,0,component_shift_0_0,0,0,0,s1a3_greedy,component_shift_0_0,0,0
367,1,evaluated,1,6,17,3,11,2,1,1,1,1,1,1,0,component_shift_0_0,0,0,0,s1a3_greedy,component_shift_0_0,0,0
368,1,no_strict_e1_improvement,0,17,6,10,29,1,1,0,1,0,0,1,0,baseline,0,0,-1,current,baseline,0,0
369,1,evaluated,1,12,14,5,16,2,1,1,1,1,1,1,0,component_shift_0_0,0,0,0,s1a3_greedy,component_shift_0_0,0,0
370,1,evaluated,1,20,6,11,30,2,1,1,1,1,1,1,0,component_shift_0_0,0,0,0,s1a3_greedy,component_shift_0_0,0,0
371,1,no_strict_e1_improvement,0,20,6,12,31,1,1,0,1,0,0,1,0,baseline,0,0,-1,current,baseline,0,0
372,1,evaluated,1,20,6,10,29,2,1,1,1,1,1,1,0,component_shift_0_0,0,0,0,s1a3_greedy,component_shift_0_0,0,0
373,1,no_strict_e1_improvement,0,25,1,16,40,1,1,0,1,0,0,1,0,baseline,0,0,-1,current,baseline,0,0
374,1,no_strict_e1_improvement,0,19,7,10,28,1,1,0,1,0,0,1,0,baseline,0,0,-1,current,baseline,0,0
375,1,no_strict_e1_improvement,0,10,16,4,13,2,1,1,1,1,1,1,0,baseline,0,0,-1,current,baseline,0,0
376,1,evaluated,1,19,4,11,32,2,1,1,1,1,1,1,0,component_shift_0_0,0,0,0,s1a3_greedy,component_shift_0_0,0,0
377,1,no_strict_e1_improvement,0,25,1,14,38,1,1,0,1,0,0,1,0,baseline,0,0,-1,current,baseline,0,0
378,1,no_strict_e1_improvement,0,25,1,16,40,1,1,0,1,0,0,1,0,baseline,0,0,-1,current,baseline,0,0
379,1,no_strict_e1_improvement,0,24,2,12,35,1,1,0,1,0,0,1,0,baseline,0,0,-1,current,baseline,0,0
380,1,evaluated,1,23,3,12,34,2,1,1,1,1,1,1,0,component_shift_0_0,0,0,0,s1a3_greedy,component_shift_0_0,0,0
381,1,evaluated,1,15,4,10,31,2,1,1,1,1,1,1,0,component_shift_0_0,0,0,0,s1a3_greedy,component_shift_0_0,0,0
382,1,no_strict_e1_improvement,0,25,1,14,38,1,1,0,1,0,0,1,0,baseline,0,0,-1,current,baseline,0,0
383,1,no_strict_e1_improvement,0,22,4,11,33,2,1,1,1,1,1,1,0,baseline,0,0,-1,current,baseline,0,0
384,1,evaluated,1,8,18,3,10,2,1,1,1,1,1,1,0,component_shift_0_0,0,0,0,s1a3_greedy,component_shift_0_0,0,0
385,1,no_strict_e1_improvement,0,12,8,7,24,2,1,1,1,1,1,1,0,baseline,0,0,-1,current,baseline,0,0
386,1,no_strict_e1_improvement,0,12,5,9,29,1,1,0,1,0,0,1,0,baseline,0,0,-1,current,baseline,0,0
387,1,no_strict_e1_improvement,0,6,20,2,7,2,1,1,1,1,1,1,0,baseline,0,0,-1,current,baseline,0,0
388,1,no_strict_e1_improvement,0,22,4,11,32,1,1,0,1,0,0,1,0,baseline,0,0,-1,current,baseline,0,0
389,1,no_strict_e1_improvement,0,20,6,12,31,2,1,1,1,1,1,1,0,baseline,0,0,-1,current,baseline,0,0
390,1,evaluated,1,22,4,11,32,2,1,1,1,1,1,1,0,component_shift_0_0,0,0,0,s1a3_greedy,component_shift_0_0,0,0
391,1,no_strict_e1_improvement,0,9,11,6,20,2,1,1,1,1,1,1,0,baseline,0,0,-1,current,baseline,0,0
392,1,evaluated,1,6,20,2,7,2,1,1,1,1,1,1,0,component_shift_0_0,0,0,0,s1a3_greedy,component_shift_0_0,0,0
393,1,no_strict_e1_improvement,0,20,6,10,29,2,1,1,1,1,1,1,0,baseline,0,0,-1,current,baseline,0,0
394,1,evaluated,1,19,7,10,28,2,1,1,1,1,1,1,0,component_shift_0_0,0,0,0,s1a3_greedy,component_shift_0_0,0,0
395,1,no_strict_e1_improvement,0,6,14,4,15,2,1,1,1,1,1,1,0,baseline,0,0,-1,current,baseline,0,0
396,1,evaluated,1,19,7,10,28,2,1,1,1,1,1,1,0,component_shift_0_0,0,0,0,s1a3_greedy,component_shift_0_0,0,0
397,1,no_strict_e1_improvement,0,18,8,10,27,1,1,0,1,0,0,1,0,baseline,0,0,-1,current,baseline,0,0
398,1,evaluated,1,4,22,1,4,2,1,1,1,1,1,1,0,component_shift_0_0,0,0,0,s1a3_greedy,component_shift_0_0,0,0
399,1,evaluated,1,17,9,8,24,2,1,1,1,1,1,1,0,component_shift_0_0,0,0,0,s1a3_greedy,component_shift_0_0,0,0
400,1,evaluated,1,6,20,2,7,2,1,1,1,1,1,1,0,component_shift_0_0,0,0,0,s1a3_greedy,component_shift_0_0,0,0
401,1,evaluated,1,8,11,6,20,2,1,1,1,1,1,1,0,component_shift_0_0,0,0,0,s1a3_greedy,component_shift_0_0,0,0
402,1,evaluated,1,19,7,10,28,2,1,1,1,1,1,1,0,component_shift_0_0,0,0,0,s1a3_greedy,component_shift_0_0,0,0
403,1,no_strict_e1_improvement,0,25,1,14,38,1,1,0,1,0,0,1,0,baseline,0,0,-1,current,baseline,0,0
404,1,no_strict_e1_improvement,0,10,11,6,20,2,1,1,1,1,1,1,0,baseline,0,0,-1,current,baseline,0,0
405,1,no_strict_e1_improvement,0,25,1,13,37,1,1,0,1,0,0,1,0,baseline,0,0,-1,current,baseline,0,0
406,1,no_strict_e1_improvement,0,14,12,6,19,2,1,1,1,1,1,1,0,baseline,0,0,-1,current,baseline,0,0
407,1,no_strict_e1_improvement,0,22,4,10,31,1,1,0,1,0,0,1,0,baseline,0,0,-1,current,baseline,0,0
408,1,no_strict_e1_improvement,0,24,2,14,37,1,1,0,1,0,0,1,0,baseline,0,0,-1,current,baseline,0,0
409,1,no_strict_e1_improvement,0,20,6,10,29,1,1,0,1,0,0,1,0,baseline,0,0,-1,current,baseline,0,0
410,1,no_strict_e1_improvement,0,20,6,10,30,1,1,0,1,0,0,1,0,baseline,0,0,-1,current,baseline,0,0
411,1,no_strict_e1_improvement,0,25,1,14,39,1,1,0,1,0,0,1,0,baseline,0,0,-1,current,baseline,0,0
412,1,evaluated,1,17,9,9,25,2,1,1,1,1,1,1,0,component_shift_0_0,0,0,0,s1a3_greedy,component_shift_0_0,0,0
413,1,no_strict_e1_improvement,0,14,12,7,20,2,1,1,1,1,1,1,0,baseline,0,0,-1,current,baseline,0,0
414,1,no_strict_e1_improvement,0,25,1,16,40,1,1,0,1,0,0,1,0,baseline,0,0,-1,current,baseline,0,0
415,1,no_strict_e1_improvement,0,25,1,16,40,1,1,0,1,0,0,1,0,baseline,0,0,-1,current,baseline,0,0
416,1,evaluated,1,8,11,6,20,2,1,1,1,1,1,1,0,component_shift_0_0,0,0,0,s1a3_greedy,component_shift_0_0,0,0
417,1,no_strict_e1_improvement,0,25,1,16,40,1,1,0,1,0,0,1,0,baseline,0,0,-1,current,baseline,0,0
418,1,no_strict_e1_improvement,0,8,11,6,20,2,1,1,1,1,1,1,0,baseline,0,0,-1,current,baseline,0,0
419,1,evaluated,1,13,13,5,17,2,1,1,1,1,1,1,0,component_shift_0_0,0,0,0,s1a3_greedy,component_shift_0_0,0,0
420,1,evaluated,1,20,6,12,31,2,1,1,1,1,1,1,0,component_shift_0_0,0,0,0,s1a3_greedy,component_shift_0_0,0,0
421,1,no_strict_e1_improvement,0,4,22,1,4,2,1,1,1,1,1,1,0,baseline,0,0,-1,current,baseline,0,0
422,1,evaluated,1,8,18,3,10,2,1,1,1,1,1,1,0,component_shift_0_0,0,0,0,s1a3_greedy,component_shift_0_0,0,0
423,1,no_strict_e1_improvement,0,15,11,7,21,1,1,0,1,0,0,1,0,baseline,0,0,-1,current,baseline,0,0
424,1,no_strict_e1_improvement,0,7,16,3,12,2,1,1,1,1,1,1,0,baseline,0,0,-1,current,baseline,0,0
425,1,evaluated,1,14,12,7,20,2,1,1,1,1,1,1,0,component_shift_0_0,0,0,0,s1a3_greedy,component_shift_0_0,0,0
426,1,no_strict_e1_improvement,0,16,7,8,26,1,1,0,1,0,0,1,0,baseline,0,0,-1,current,baseline,0,0
427,1,no_strict_e1_improvement,0,23,3,12,34,1,1,0,1,0,0,1,0,baseline,0,0,-1,current,baseline,0,0
428,1,no_strict_e1_improvement,0,24,2,15,38,1,1,0,1,0,0,1,0,baseline,0,0,-1,current,baseline,0,0
429,1,no_strict_e1_improvement,0,25,1,14,38,1,1,0,1,0,0,1,0,baseline,0,0,-1,current,baseline,0,0
430,1,evaluated,1,14,12,7,20,2,1,1,1,1,1,1,0,component_shift_0_0,0,0,0,s1a3_greedy,component_shift_0_0,0,0
431,1,no_strict_e1_improvement,0,6,17,3,11,2,1,1,1,1,1,1,0,baseline,0,0,-1,current,baseline,0,0
432,1,no_strict_e1_improvement,0,25,1,16,40,1,1,0,1,0,0,1,0,baseline,0,0,-1,current,baseline,0,0
433,1,no_strict_e1_improvement,0,4,22,1,4,2,1,1,1,1,1,1,0,baseline,0,0,-1,current,baseline,0,0
434,1,no_strict_e1_improvement,0,17,6,10,29,1,1,0,1,0,0,1,0,baseline,0,0,-1,current,baseline,0,0
435,1,evaluated,1,10,16,4,13,2,1,1,1,1,1,1,0,component_shift_0_0,0,0,0,s1a3_greedy,component_shift_0_0,0,0
436,1,no_strict_e1_improvement,0,25,1,12,36,1,1,0,1,0,0,1,0,baseline,0,0,-1,current,baseline,0,0
437,1,evaluated,1,12,11,6,20,2,1,1,1,1,1,1,0,component_shift_0_0,0,0,0,s1a3_greedy,component_shift_0_0,0,0
438,1,evaluated,1,20,6,12,31,2,1,1,1,1,1,1,0,component_shift_0_0,0,0,0,s1a3_greedy,component_shift_0_0,0,0
439,1,evaluated,1,12,14,5,16,2,1,1,1,1,1,1,0,component_shift_0_0,0,0,0,s1a3_greedy,component_shift_0_0,0,0
440,1,no_strict_e1_improvement,0,25,1,16,40,1,1,0,1,0,0,1,0,baseline,0,0,-1,current,baseline,0,0
441,1,evaluated,1,6,17,3,11,2,1,1,1,1,1,1,0,component_shift_0_0,0,0,0,s1a3_greedy,component_shift_0_0,0,0
442,1,no_strict_e1_improvement,0,23,3,12,34,1,1,0,1,0,0,1,0,baseline,0,0,-1,current,baseline,0,0
443,1,no_strict_e1_improvement,0,20,6,10,29,2,1,1,1,1,1,1,0,baseline,0,0,-1,current,baseline,0,0
444,1,evaluated,1,8,18,3,10,2,1,1,1,1,1,1,0,component_shift_0_0,0,0,0,s1a3_greedy,component_shift_0_0,0,0
445,1,evaluated,1,8,15,4,14,2,1,1,1,1,1,1,0,component_shift_0_0,0,0,0,s1a3_greedy,component_shift_0_0,0,0
446,1,no_strict_e1_improvement,0,25,1,16,40,1,1,0,1,0,0,1,0,baseline,0,0,-1,current,baseline,0,0
447,1,evaluated,1,20,6,12,31,2,1,1,1,1,1,1,0,component_shift_0_0,0,0,0,s1a3_greedy,component_shift_0_0,0,0
448,1,no_strict_e1_improvement,0,25,1,15,39,1,1,0,1,0,0,1,0,baseline,0,0,-1,current,baseline,0,0
449,1,no_strict_e1_improvement,0,22,4,13,34,1,1,0,1,0,0,1,0,baseline,0,0,-1,current,baseline,0,0
450,1,no_strict_e1_improvement,0,21,5,11,31,1,1,0,1,0,0,1,0,baseline,0,0,-1,current,baseline,0,0
451,1,no_strict_e1_improvement,0,12,9,7,23,2,1,1,1,1,1,1,0,baseline,0,0,-1,current,baseline,0,0
452,1,no_strict_e1_improvement,0,22,4,13,34,1,1,0,1,0,0,1,0,baseline,0,0,-1,current,baseline,0,0
453,1,evaluated,1,9,17,4,12,2,1,1,1,1,1,1,0,component_shift_0_0,0,0,0,s1a3_greedy,component_shift_0_0,0,0
454,1,evaluated,1,19,7,10,28,2,1,1,1,1,1,1,0,component_shift_0_0,0,0,0,s1a3_greedy,component_shift_0_0,0,0
455,1,evaluated,1,15,11,8,22,2,1,1,1,1,1,1,0,component_shift_0_0,0,0,0,s1a3_greedy,component_shift_0_0,0,0
456,1,no_strict_e1_improvement,0,24,2,14,37,1,1,0,1,0,0,1,0,baseline,0,0,-1,current,baseline,0,0
457,1,no_strict_e1_improvement,0,12,5,9,29,2,1,1,1,1,1,1,0,baseline,0,0,-1,current,baseline,0,0
458,1,no_strict_e1_improvement,0,10,8,7,24,2,1,1,1,1,1,1,0,baseline,0,0,-1,current,baseline,0,0
459,1,no_strict_e1_improvement,0,23,3,14,36,1,1,0,1,0,0,1,0,baseline,0,0,-1,current,baseline,0,0
460,1,no_strict_e1_improvement,0,24,2,11,34,1,1,0,1,0,0,1,0,baseline,0,0,-1,current,baseline,0,0
461,1,evaluated,1,10,13,5,17,2,1,1,1,1,1,1,0,component_shift_0_0,0,0,0,s1a3_greedy,component_shift_0_0,0,0
462,1,no_strict_e1_improvement,0,25,1,16,40,1,1,0,1,0,0,1,0,baseline,0,0,-1,current,baseline,0,0
463,1,no_strict_e1_improvement,0,9,9,6,22,2,1,1,1,1,1,1,0,baseline,0,0,-1,current,baseline,0,0
464,1,no_strict_e1_improvement,0,25,1,16,40,1,1,0,1,0,0,1,0,baseline,0,0,-1,current,baseline,0,0
465,1,no_strict_e1_improvement,0,20,6,11,30,1,1,0,1,0,0,1,0,baseline,0,0,-1,current,baseline,0,0
466,1,no_strict_e1_improvement,0,19,7,10,28,1,1,0,1,0,0,1,0,baseline,0,0,-1,current,baseline,0,0
467,1,no_strict_e1_improvement,0,23,3,14,36,1,1,0,1,0,0,1,0,baseline,0,0,-1,current,baseline,0,0
468,1,no_strict_e1_improvement,0,12,9,7,23,2,1,1,1,1,1,1,0,baseline,0,0,-1,current,baseline,0,0
469,1,no_strict_e1_improvement,0,13,4,10,31,1,1,0,1,0,0,1,0,baseline,0,0,-1,current,baseline,0,0
470,1,evaluated,1,14,12,7,20,2,1,1,1,1,1,1,0,component_shift_0_0,0,0,0,s1a3_greedy,component_shift_0_0,0,0
471,1,evaluated,1,6,17,3,11,2,1,1,1,1,1,1,0,component_shift_0_0,0,0,0,s1a3_greedy,component_shift_0_0,0,0
472,1,no_strict_e1_improvement,0,25,1,16,40,1,1,0,1,0,0,1,0,baseline,0,0,-1,current,baseline,0,0
473,1,no_strict_e1_improvement,0,9,11,6,20,2,1,1,1,1,1,1,0,baseline,0,0,-1,current,baseline,0,0
474,1,evaluated,1,18,8,9,26,2,1,1,1,1,1,1,0,component_shift_0_0,0,0,0,s1a3_greedy,component_shift_0_0,0,0
475,1,no_strict_e1_improvement,0,18,8,10,27,2,1,1,1,1,1,1,0,baseline,0,0,-1,current,baseline,0,0
476,1,no_strict_e1_improvement,0,22,4,11,32,2,1,1,1,1,1,1,0,baseline,0,0,-1,current,baseline,0,0
477,1,no_strict_e1_improvement,0,25,1,16,40,1,1,0,1,0,0,1,0,baseline,0,0,-1,current,baseline,0,0
478,1,no_strict_e1_improvement,0,25,1,16,40,1,1,0,1,0,0,1,0,baseline,0,0,-1,current,baseline,0,0
479,1,no_strict_e1_improvement,0,25,1,16,40,1,1,0,1,0,0,1,0,baseline,0,0,-1,current,baseline,0,0
480,1,no_strict_e1_improvement,0,9,17,3,11,2,1,1,1,1,1,1,0,baseline,0,0,-1,current,baseline,0,0
481,1,no_strict_e1_improvement,0,11,8,8,25,2,1,1,1,1,1,1,0,baseline,0,0,-1,current,baseline,0,0
482,1,no_strict_e1_improvement,0,14,5,9,29,1,1,0,1,0,0,1,0,baseline,0,0,-1,current,baseline,0,0
483,1,no_strict_e1_improvement,0,25,1,16,40,1,1,0,1,0,0,1,0,baseline,0,0,-1,current,baseline,0,0
484,1,no_strict_e1_improvement,0,19,4,11,32,2,1,1,1,1,1,1,0,baseline,0,0,-1,current,baseline,0,0
485,1,no_strict_e1_improvement,0,24,2,12,35,1,1,0,1,0,0,1,0,baseline,0,0,-1,current,baseline,0,0
486,1,evaluated,1,20,6,10,29,2,1,1,1,1,1,1,0,component_shift_0_0,0,0,0,s1a3_greedy,component_shift_0_0,0,0
487,1,evaluated,1,8,15,4,14,2,1,1,1,1,1,1,0,component_shift_0_0,0,0,0,s1a3_greedy,component_shift_0_0,0,0
488,1,evaluated,1,20,6,11,30,2,1,1,1,1,1,1,0,component_shift_0_0,0,0,0,s1a3_greedy,component_shift_0_0,0,0
489,1,no_strict_e1_improvement,0,25,1,14,38,1,1,0,1,0,0,1,0,baseline,0,0,-1,current,baseline,0,0
490,1,evaluated,1,21,5,11,31,2,1,1,1,1,1,1,0,component_shift_0_0,0,0,0,s1a3_greedy,component_shift_0_0,0,0
491,1,no_strict_e1_improvement,0,14,12,7,20,2,1,1,1,1,1,1,0,baseline,0,0,-1,current,baseline,0,0
492,1,evaluated,1,10,8,7,24,2,1,1,1,1,1,1,0,component_shift_0_0,0,0,0,s1a3_greedy,component_shift_0_0,0,0
493,1,evaluated,1,21,5,11,31,2,1,1,1,1,1,1,0,component_shift_0_0,0,0,0,s1a3_greedy,component_shift_0_0,0,0
494,1,no_strict_e1_improvement,0,24,2,14,37,1,1,0,1,0,0,1,0,baseline,0,0,-1,current,baseline,0,0
495,1,evaluated,1,12,14,5,16,2,1,1,1,1,1,1,0,component_shift_0_0,0,0,0,s1a3_greedy,component_shift_0_0,0,0
496,1,no_strict_e1_improvement,0,22,4,13,34,1,1,0,1,0,0,1,0,baseline,0,0,-1,current,baseline,0,0
497,1,no_strict_e1_improvement,0,24,2,13,37,1,1,0,1,0,0,1,0,baseline,0,0,-1,current,baseline,0,0
498,1,evaluated,1,8,15,4,14,2,1,1,1,1,1,1,0,component_shift_0_0,0,0,0,s1a3_greedy,component_shift_0_0,0,0
499,1,evaluated,1,15,8,8,25,2,1,1,1,1,1,1,0,component_shift_0_0,0,0,0,s1a3_greedy,component_shift_0_0,0,0
500,1,no_strict_e1_improvement,0,25,1,14,38,1,1,0,1,0,0,1,0,baseline,0,0,-1,current,baseline,0,0
501,1,no_strict_e1_improvement,0,25,1,14,38,1,1,0,1,0,0,1,0,baseline,0,0,-1,current,baseline,0,0
502,1,no_strict_e1_improvement,0,18,5,10,30,2,1,1,1,1,1,1,0,baseline,0,0,-1,current,baseline,0,0
503,1,no_strict_e1_improvement,0,24,2,12,35,1,1,0,1,0,0,1,0,baseline,0,0,-1,current,baseline,0,0
504,1,no_strict_e1_improvement,0,4,19,2,8,2,1,1,1,1,1,1,0,baseline,0,0,-1,current,baseline,0,0
505,1,evaluated,1,6,20,2,7,2,1,1,1,1,1,1,0,component_shift_0_0,0,0,0,s1a3_greedy,component_shift_0_0,0,0
506,1,evaluated,1,4,16,3,12,2,1,1,1,1,1,1,0,component_shift_0_0,0,0,0,s1a3_greedy,component_shift_0_0,0,0
507,1,evaluated,1,12,14,5,16,2,1,1,1,1,1,1,0,component_shift_0_0,0,0,0,s1a3_greedy,component_shift_0_0,0,0
508,1,evaluated,1,14,12,7,20,2,1,1,1,1,1,1,0,component_shift_0_0,0,0,0,s1a3_greedy,component_shift_0_0,0,0
509,1,no_strict_e1_improvement,0,8,8,7,24,2,1,1,1,1,1,1,0,baseline,0,0,-1,current,baseline,0,0
510,1,evaluated,1,18,8,9,26,2,1,1,1,1,1,1,0,component_shift_0_0,0,0,0,s1a3_greedy,component_shift_0_0,0,0
511,1,evaluated,1,8,15,4,14,2,1,1,1,1,1,1,0,component_shift_0_0,0,0,0,s1a3_greedy,component_shift_0_0,0,0
512,1,evaluated,1,19,7,10,28,2,1,1,1,1,1,1,0,component_shift_0_0,0,0,0,s1a3_greedy,component_shift_0_0,0,0
513,1,no_strict_e1_improvement,0,13,3,10,32,2,1,1,1,1,1,1,0,baseline,0,0,-1,current,baseline,0,0
514,1,evaluated,1,20,6,10,29,2,1,1,1,1,1,1,0,component_shift_0_0,0,0,0,s1a3_greedy,component_shift_0_0,0,0
515,1,no_strict_e1_improvement,0,22,4,13,34,1,1,0,1,0,0,1,0,baseline,0,0,-1,current,baseline,0,0
516,1,evaluated,1,4,22,1,4,2,1,1,1,1,1,1,0,component_shift_0_0,0,0,0,s1a3_greedy,component_shift_0_0,0,0
517,1,evaluated,1,18,8,10,27,2,1,1,1,1,1,1,0,component_shift_0_0,0,0,0,s1a3_greedy,component_shift_0_0,0,0
518,1,no_strict_e1_improvement,0,10,8,8,25,2,1,1,1,1,1,1,0,baseline,0,0,-1,current,baseline,0,0
519,1,no_strict_e1_improvement,0,24,2,12,35,1,1,0,1,0,0,1,0,baseline,0,0,-1,current,baseline,0,0
520,1,no_strict_e1_improvement,0,6,12,5,18,2,1,1,1,1,1,1,0,baseline,0,0,-1,current,baseline,0,0
521,1,evaluated,1,15,11,7,21,2,1,1,1,1,1,1,0,component_shift_0_0,0,0,0,s1a3_greedy,component_shift_0_0,0,0
522,1,evaluated,1,19,7,10,28,2,1,1,1,1,1,1,0,component_shift_0_0,0,0,0,s1a3_greedy,component_shift_0_0,0,0
523,1,evaluated,1,23,3,13,35,2,1,1,1,1,1,1,0,component_shift_0_0,0,0,0,s1a3_greedy,component_shift_0_0,0,0
524,1,no_strict_e1_improvement,0,16,7,9,27,2,1,1,1,1,1,1,0,baseline,0,0,-1,current,baseline,0,0
525,1,evaluated,1,10,9,7,23,2,1,1,1,1,1,1,0,component_shift_0_0,0,0,0,s1a3_greedy,component_shift_0_0,0,0
526,1,no_strict_e1_improvement,0,10,13,5,17,2,1,1,1,1,1,1,0,baseline,0,0,-1,current,baseline,0,0
527,1,no_strict_e1_improvement,0,4,22,1,4,2,1,1,1,1,1,1,0,baseline,0,0,-1,current,baseline,0,0
528,1,no_strict_e1_improvement,0,12,7,9,27,2,1,1,1,1,1,1,0,baseline,0,0,-1,current,baseline,0,0
529,1,no_strict_e1_improvement,0,25,1,16,40,1,1,0,1,0,0,1,0,baseline,0,0,-1,current,baseline,0,0
530,1,no_strict_e1_improvement,0,8,8,7,24,2,1,1,1,1,1,1,0,baseline,0,0,-1,current,baseline,0,0
531,1,no_strict_e1_improvement,0,6,17,3,11,2,1,1,1,1,1,1,0,baseline,0,0,-1,current,baseline,0,0
532,1,no_strict_e1_improvement,0,23,3,12,34,1,1,0,1,0,0,1,0,baseline,0,0,-1,current,baseline,0,0
533,1,no_strict_e1_improvement,0,25,1,14,39,1,1,0,1,0,0,1,0,baseline,0,0,-1,current,baseline,0,0
534,1,no_strict_e1_improvement,0,22,4,13,34,1,1,0,1,0,0,1,0,baseline,0,0,-1,current,baseline,0,0
535,1,evaluated,1,18,8,7,24,2,1,1,1,1,1,1,0,component_shift_0_0,0,0,0,s1a3_greedy,component_shift_0_0,0,0
536,1,no_strict_e1_improvement,0,23,3,14,36,1,1,0,1,0,0,1,0,baseline,0,0,-1,current,baseline,0,0
537,1,no_strict_e1_improvement,0,14,12,6,19,2,1,1,1,1,1,1,0,baseline,0,0,-1,current,baseline,0,0
538,1,evaluated,1,17,9,9,25,2,1,1,1,1,1,1,0,component_shift_0_0,0,0,0,s1a3_greedy,component_shift_0_0,0,0
539,1,no_strict_e1_improvement,0,24,2,15,38,1,1,0,1,0,0,1,0,baseline,0,0,-1,current,baseline,0,0
540,1,no_strict_e1_improvement,0,25,1,16,40,1,1,0,1,0,0,1,0,baseline,0,0,-1,current,baseline,0,0
541,1,no_strict_e1_improvement,0,25,1,16,40,1,1,0,1,0,0,1,0,baseline,0,0,-1,current,baseline,0,0
542,1,no_strict_e1_improvement,0,20,3,12,34,2,1,1,1,1,1,1,0,baseline,0,0,-1,current,baseline,0,0
543,1,no_strict_e1_improvement,0,17,9,7,23,1,1,0,1,0,0,1,0,baseline,0,0,-1,current,baseline,0,0
544,1,no_strict_e1_improvement,0,21,5,11,31,2,1,1,1,1,1,1,0,baseline,0,0,-1,current,baseline,0,0
545,1,no_strict_e1_improvement,0,24,2,14,37,1,1,0,1,0,0,1,0,baseline,0,0,-1,current,baseline,0,0
546,1,no_strict_e1_improvement,0,18,8,9,26,2,1,1,1,1,1,1,0,baseline,0,0,-1,current,baseline,0,0
547,1,evaluated,1,19,7,10,28,2,1,1,1,1,1,1,0,component_shift_0_0,0,0,0,s1a3_greedy,component_shift_0_0,0,0
548,1,evaluated,1,6,17,3,11,2,1,1,1,1,1,1,0,component_shift_0_0,0,0,0,s1a3_greedy,component_shift_0_0,0,0
549,1,no_strict_e1_improvement,0,23,3,14,36,1,1,0,1,0,0,1,0,baseline,0,0,-1,current,baseline,0,0
550,1,evaluated,1,6,17,3,11,2,1,1,1,1,1,1,0,component_shift_0_0,0,0,0,s1a3_greedy,component_shift_0_0,0,0
551,1,evaluated,1,6,17,3,11,2,1,1,1,1,1,1,0,component_shift_0_0,0,0,0,s1a3_greedy,component_shift_0_0,0,0
552,1,no_strict_e1_improvement,0,14,9,7,23,2,1,1,1,1,1,1,0,baseline,0,0,-1,current,baseline,0,0
553,1,no_strict_e1_improvement,0,25,1,16,40,1,1,0,1,0,0,1,0,baseline,0,0,-1,current,baseline,0,0
554,1,no_strict_e1_improvement,0,25,1,16,40,1,1,0,1,0,0,1,0,baseline,0,0,-1,current,baseline,0,0
555,1,evaluated,1,4,19,2,8,2,1,1,1,1,1,1,0,component_shift_0_0,0,0,0,s1a3_greedy,component_shift_0_0,0,0
556,1,no_strict_e1_improvement,0,12,11,6,20,2,1,1,1,1,1,1,0,baseline,0,0,-1,current,baseline,0,0
557,1,no_strict_e1_improvement,0,23,3,13,35,1,1,0,1,0,0,1,0,baseline,0,0,-1,current,baseline,0,0
558,1,evaluated,1,8,12,5,18,2,1,1,1,1,1,1,0,component_shift_0_0,0,0,0,s1a3_greedy,component_shift_0_0,0,0
559,1,no_strict_e1_improvement,0,25,1,12,36,1,1,0,1,0,0,1,0,baseline,0,0,-1,current,baseline,0,0
560,1,no_strict_e1_improvement,0,17,9,9,25,1,1,0,1,0,0,1,0,baseline,0,0,-1,current,baseline,0,0
561,1,evaluated,1,15,4,11,32,2,1,1,1,1,1,1,0,component_shift_0_0,0,0,0,s1a3_greedy,component_shift_0_0,0,0
562,1,evaluated,1,8,15,4,14,2,1,1,1,1,1,1,0,component_shift_0_0,0,0,0,s1a3_greedy,component_shift_0_0,0,0
563,1,evaluated,1,10,13,5,17,2,1,1,1,1,1,1,0,component_shift_0_0,0,0,0,s1a3_greedy,component_shift_0_0,0,0
564,1,evaluated,1,20,6,10,29,2,1,1,1,1,1,1,0,component_shift_0_0,0,0,0,s1a3_greedy,component_shift_0_0,0,0
565,1,no_strict_e1_improvement,0,25,1,15,39,1,1,0,1,0,0,1,0,baseline,0,0,-1,current,baseline,0,0
566,1,evaluated,1,6,20,2,7,2,1,1,1,1,1,1,0,component_shift_0_0,0,0,0,s1a3_greedy,component_shift_0_0,0,0
567,1,no_strict_e1_improvement,0,22,4,11,33,1,1,0,1,0,0,1,0,baseline,0,0,-1,current,baseline,0,0
568,1,evaluated,1,14,12,7,20,2,1,1,1,1,1,1,0,component_shift_0_0,0,0,0,s1a3_greedy,component_shift_0_0,0,0
569,1,no_strict_e1_improvement,0,22,4,12,33,1,1,0,1,0,0,1,0,baseline,0,0,-1,current,baseline,0,0
570,1,no_strict_e1_improvement,0,16,10,8,23,2,1,1,1,1,1,1,0,baseline,0,0,-1,current,baseline,0,0
571,1,evaluated,1,13,10,7,22,2,1,1,1,1,1,1,0,component_shift_0_0,0,0,0,s1a3_greedy,component_shift_0_0,0,0
572,1,evaluated,1,19,7,10,28,2,1,1,1,1,1,1,0,component_shift_0_0,0,0,0,s1a3_greedy,component_shift_0_0,0,0
573,1,no_strict_e1_improvement,0,20,6,10,29,1,1,0,1,0,0,1,0,baseline,0,0,-1,current,baseline,0,0
574,1,no_strict_e1_improvement,0,25,1,16,40,1,1,0,1,0,0,1,0,baseline,0,0,-1,current,baseline,0,0
575,1,evaluated,1,4,22,1,4,2,1,1,1,1,1,1,0,component_shift_0_0,0,0,0,s1a3_greedy,component_shift_0_0,0,0
576,1,no_strict_e1_improvement,0,22,4,12,33,1,1,0,1,0,0,1,0,baseline,0,0,-1,current,baseline,0,0
577,1,no_strict_e1_improvement,0,25,1,16,40,1,1,0,1,0,0,1,0,baseline,0,0,-1,current,baseline,0,0
578,1,evaluated,1,12,14,5,16,2,1,1,1,1,1,1,0,component_shift_0_0,0,0,0,s1a3_greedy,component_shift_0_0,0,0
579,1,evaluated,1,18,8,8,25,2,1,1,1,1,1,1,0,component_shift_0_0,0,0,0,s1a3_greedy,component_shift_0_0,0,0
580,1,evaluated,1,4,22,1,4,2,1,1,1,1,1,1,0,component_shift_0_0,0,0,0,s1a3_greedy,component_shift_0_0,0,0
581,1,evaluated,1,7,11,5,19,2,1,1,1,1,1,1,0,component_shift_0_0,0,0,0,s1a3_greedy,component_shift_0_0,0,0
582,1,no_strict_e1_improvement,0,24,2,13,36,1,1,0,1,0,0,1,0,baseline,0,0,-1,current,baseline,0,0
583,1,no_strict_e1_improvement,0,23,3,14,36,1,1,0,1,0,0,1,0,baseline,0,0,-1,current,baseline,0,0
584,1,no_strict_e1_improvement,0,12,3,10,32,2,1,1,1,1,1,1,0,baseline,0,0,-1,current,baseline,0,0
585,1,no_strict_e1_improvement,0,25,1,16,40,1,1,0,1,0,0,1,0,baseline,0,0,-1,current,baseline,0,0
586,1,no_strict_e1_improvement,0,22,4,11,32,1,1,0,1,0,0,1,0,baseline,0,0,-1,current,baseline,0,0
587,1,no_strict_e1_improvement,0,23,3,12,34,1,1,0,1,0,0,1,0,baseline,0,0,-1,current,baseline,0,0
588,1,evaluated,1,15,11,7,21,2,1,1,1,1,1,1,0,component_shift_0_0,0,0,0,s1a3_greedy,component_shift_0_0,0,0
589,1,no_strict_e1_improvement,0,25,1,16,40,1,1,0,1,0,0,1,0,baseline,0,0,-1,current,baseline,0,0
590,1,no_strict_e1_improvement,0,24,2,12,36,1,1,0,1,0,0,1,0,baseline,0,0,-1,current,baseline,0,0
591,1,no_strict_e1_improvement,0,20,6,12,31,1,1,0,1,0,0,1,0,baseline,0,0,-1,current,baseline,0,0
592,1,evaluated,1,6,20,2,7,2,1,1,1,1,1,1,0,component_shift_0_0,0,0,0,s1a3_greedy,component_shift_0_0,0,0
593,1,no_strict_e1_improvement,0,6,20,2,7,2,1,1,1,1,1,1,0,baseline,0,0,-1,current,baseline,0,0
594,1,evaluated,1,8,11,6,20,2,1,1,1,1,1,1,0,component_shift_0_0,0,0,0,s1a3_greedy,component_shift_0_0,0,0
595,1,evaluated,1,12,14,6,17,2,1,1,1,1,1,1,0,component_shift_0_0,0,0,0,s1a3_greedy,component_shift_0_0,0,0
596,1,no_strict_e1_improvement,0,10,10,6,21,2,1,1,1,1,1,1,0,baseline,0,0,-1,current,baseline,0,0
597,1,no_strict_e1_improvement,0,10,13,5,17,2,1,1,1,1,1,1,0,baseline,0,0,-1,current,baseline,0,0
598,1,no_strict_e1_improvement,0,25,1,16,40,1,1,0,1,0,0,1,0,baseline,0,0,-1,current,baseline,0,0
599,1,no_strict_e1_improvement,0,25,1,16,40,1,1,0,1,0,0,1,0,baseline,0,0,-1,current,baseline,0,0
600,1,evaluated,1,4,22,1,4,2,1,1,1,1,1,1,0,component_shift_0_0,0,0,0,s1a3_greedy,component_shift_0_0,0,0
601,1,evaluated,1,4,19,2,8,2,1,1,1,1,1,1,0,component_shift_0_0,0,0,0,s1a3_greedy,component_shift_0_0,0,0
602,1,no_strict_e1_improvement,0,20,6,11,30,1,1,0,1,0,0,1,0,baseline,0,0,-1,current,baseline,0,0
603,1,no_strict_e1_improvement,0,25,1,16,40,1,1,0,1,0,0,1,0,baseline,0,0,-1,current,baseline,0,0
604,1,evaluated,1,11,15,4,14,2,1,1,1,1,1,1,0,component_shift_0_0,0,0,0,s1a3_greedy,component_shift_0_0,0,0
605,1,no_strict_e1_improvement,0,15,3,11,33,2,1,1,1,1,1,1,0,baseline,0,0,-1,current,baseline,0,0
606,1,no_strict_e1_improvement,0,12,11,6,20,2,1,1,1,1,1,1,0,baseline,0,0,-1,current,baseline,0,0
607,1,no_strict_e1_improvement,0,12,6,9,28,2,1,1,1,1,1,1,0,baseline,0,0,-1,current,baseline,0,0
608,1,evaluated,1,22,4,12,33,2,1,1,1,1,1,1,0,component_shift_0_0,0,0,0,s1a3_greedy,component_shift_0_0,0,0
609,1,no_strict_e1_improvement,0,18,8,10,27,2,1,1,1,1,1,1,0,baseline,0,0,-1,current,baseline,0,0
610,1,no_strict_e1_improvement,0,20,6,11,30,2,1,1,1,1,1,1,0,baseline,0,0,-1,current,baseline,0,0
611,1,evaluated,1,8,13,5,17,2,1,1,1,1,1,1,0,component_shift_0_0,0,0,0,s1a3_greedy,component_shift_0_0,0,0
612,1,no_strict_e1_improvement,0,24,2,14,37,1,1,0,1,0,0,1,0,baseline,0,0,-1,current,baseline,0,0
613,1,no_strict_e1_improvement,0,24,2,13,36,1,1,0,1,0,0,1,0,baseline,0,0,-1,current,baseline,0,0
614,1,no_strict_e1_improvement,0,18,5,10,30,2,1,1,1,1,1,1,0,baseline,0,0,-1,current,baseline,0,0
615,1,no_strict_e1_improvement,0,8,13,5,17,2,1,1,1,1,1,1,0,baseline,0,0,-1,current,baseline,0,0
616,1,evaluated,1,6,17,3,11,2,1,1,1,1,1,1,0,component_shift_0_0,0,0,0,s1a3_greedy,component_shift_0_0,0,0
617,1,no_strict_e1_improvement,0,20,3,10,32,2,1,1,1,1,1,1,0,baseline,0,0,-1,current,baseline,0,0
618,1,no_strict_e1_improvement,0,25,1,16,40,1,1,0,1,0,0,1,0,baseline,0,0,-1,current,baseline,0,0
619,1,evaluated,1,19,7,10,28,2,1,1,1,1,1,1,0,component_shift_0_0,0,0,0,s1a3_greedy,component_shift_0_0,0,0
620,1,no_strict_e1_improvement,0,21,5,10,30,2,1,1,1,1,1,1,0,baseline,0,0,-1,current,baseline,0,0
621,1,no_strict_e1_improvement,0,25,1,16,40,1,1,0,1,0,0,1,0,baseline,0,0,-1,current,baseline,0,0
622,1,no_strict_e1_improvement,0,18,8,8,25,2,1,1,1,1,1,1,0,baseline,0,0,-1,current,baseline,0,0
623,1,no_strict_e1_improvement,0,21,5,10,30,1,1,0,1,0,0,1,0,baseline,0,0,-1,current,baseline,0,0
624,1,no_strict_e1_improvement,0,24,2,15,38,1,1,0,1,0,0,1,0,baseline,0,0,-1,current,baseline,0,0
625,1,evaluated,1,10,16,4,13,2,1,1,1,1,1,1,0,component_shift_0_0,0,0,0,s1a3_greedy,component_shift_0_0,0,0
626,1,evaluated,1,6,17,3,11,2,1,1,1,1,1,1,0,component_shift_0_0,0,0,0,s1a3_greedy,component_shift_0_0,0,0
627,1,evaluated,1,12,14,5,16,2,1,1,1,1,1,1,0,component_shift_0_0,0,0,0,s1a3_greedy,component_shift_0_0,0,0
628,1,no_strict_e1_improvement,0,16,10,8,23,2,1,1,1,1,1,1,0,baseline,0,0,-1,current,baseline,0,0
629,1,no_strict_e1_improvement,0,12,6,8,27,2,1,1,1,1,1,1,0,baseline,0,0,-1,current,baseline,0,0
630,1,no_strict_e1_improvement,0,18,8,8,25,2,1,1,1,1,1,1,0,baseline,0,0,-1,current,baseline,0,0
631,1,no_strict_e1_improvement,0,17,6,9,28,2,1,1,1,1,1,1,0,baseline,0,0,-1,current,baseline,0,0
632,1,no_strict_e1_improvement,0,25,1,16,40,1,1,0,1,0,0,1,0,baseline,0,0,-1,current,baseline,0,0
633,1,evaluated,1,7,16,3,12,2,1,1,1,1,1,1,0,component_shift_0_0,0,0,0,s1a3_greedy,component_shift_0_0,0,0
634,1,no_strict_e1_improvement,0,23,3,14,36,2,1,1,1,1,1,1,0,baseline,0,0,-1,current,baseline,0,0
635,1,no_strict_e1_improvement,0,15,5,9,29,1,1,0,1,0,0,1,0,baseline,0,0,-1,current,baseline,0,0
636,1,no_strict_e1_improvement,0,20,6,12,31,1,1,0,1,0,0,1,0,baseline,0,0,-1,current,baseline,0,0
637,1,no_strict_e1_improvement,0,18,5,10,30,2,1,1,1,1,1,1,0,baseline,0,0,-1,current,baseline,0,0
638,1,no_strict_e1_improvement,0,24,2,13,37,1,1,0,1,0,0,1,0,baseline,0,0,-1,current,baseline,0,0
639,1,evaluated,1,17,9,8,24,2,1,1,1,1,1,1,0,component_shift_0_0,0,0,0,s1a3_greedy,component_shift_0_0,0,0
640,1,no_strict_e1_improvement,0,12,14,6,17,1,1,0,1,0,0,1,0,baseline,0,0,-1,current,baseline,0,0
641,1,evaluated,1,6,17,3,11,2,1,1,1,1,1,1,0,component_shift_0_0,0,0,0,s1a3_greedy,component_shift_0_0,0,0
642,1,evaluated,1,18,8,10,27,2,1,1,1,1,1,1,0,component_shift_0_0,0,0,0,s1a3_greedy,component_shift_0_0,0,0
643,1,no_strict_e1_improvement,0,12,7,8,26,2,1,1,1,1,1,1,0,baseline,0,0,-1,current,baseline,0,0
644,1,evaluated,1,4,19,2,8,2,1,1,1,1,1,1,0,component_shift_0_0,0,0,0,s1a3_greedy,component_shift_0_0,0,0
645,1,evaluated,1,18,5,9,29,2,1,1,1,1,1,1,0,component_shift_0_0,0,0,0,s1a3_greedy,component_shift_0_0,0,0
646,1,evaluated,1,16,7,8,26,2,1,1,1,1,1,1,0,component_shift_0_0,0,0,0,s1a3_greedy,component_shift_0_0,0,0
647,1,no_strict_e1_improvement,0,22,4,11,32,1,1,0,1,0,0,1,0,baseline,0,0,-1,current,baseline,0,0
648,1,no_strict_e1_improvement,0,10,16,4,13,2,1,1,1,1,1,1,0,baseline,0,0,-1,current,baseline,0,0
649,1,no_strict_e1_improvement,0,20,6,10,29,1,1,0,1,0,0,1,0,baseline,0,0,-1,current,baseline,0,0
650,1,no_strict_e1_improvement,0,21,5,12,32,1,1,0,1,0,0,1,0,baseline,0,0,-1,current,baseline,0,0
651,1,no_strict_e1_improvement,0,8,18,3,10,2,1,1,1,1,1,1,0,baseline,0,0,-1,current,baseline,0,0
652,1,no_strict_e1_improvement,0,8,13,5,17,2,1,1,1,1,1,1,0,baseline,0,0,-1,current,baseline,0,0
653,1,small_component,0,1,25,0,0,0,0,0,0,0,1,1,0,current,0,0,-1,current,current,0,0
654,1,no_strict_e1_improvement,0,12,14,5,16,2,1,1,1,1,1,1,0,baseline,0,0,-1,current,baseline,0,0
655,1,evaluated,1,8,11,6,20,2,1,1,1,1,1,1,0,component_shift_0_0,0,0,0,s1a3_greedy,component_shift_0_0,0,0
656,1,evaluated,1,9,17,4,12,2,1,1,1,1,1,1,0,component_shift_0_0,0,0,0,s1a3_greedy,component_shift_0_0,0,0
657,1,no_strict_e1_improvement,0,25,1,16,40,1,1,0,1,0,0,1,0,baseline,0,0,-1,current,baseline,0,0
658,1,no_strict_e1_improvement,0,24,2,15,38,1,1,0,1,0,0,1,0,baseline,0,0,-1,current,baseline,0,0
659,1,evaluated,1,11,9,7,23,2,1,1,1,1,1,1,0,component_shift_0_0,0,0,0,s1a3_greedy,component_shift_0_0,0,0
660,1,evaluated,1,11,10,7,22,2,1,1,1,1,1,1,0,component_shift_0_0,0,0,0,s1a3_greedy,component_shift_0_0,0,0
661,1,evaluated,1,12,14,6,17,2,1,1,1,1,1,1,0,component_shift_0_0,0,0,0,s1a3_greedy,component_shift_0_0,0,0
662,1,no_strict_e1_improvement,0,20,6,9,28,1,1,0,1,0,0,1,0,baseline,0,0,-1,current,baseline,0,0
663,1,no_strict_e1_improvement,0,16,10,8,23,1,1,0,1,0,0,1,0,baseline,0,0,-1,current,baseline,0,0
664,1,no_strict_e1_improvement,0,23,3,13,35,1,1,0,1,0,0,1,0,baseline,0,0,-1,current,baseline,0,0
665,1,evaluated,1,12,14,6,17,2,1,1,1,1,1,1,0,component_shift_0_0,0,0,0,s1a3_greedy,component_shift_0_0,0,0
666,1,no_strict_e1_improvement,0,25,1,13,37,1,1,0,1,0,0,1,0,baseline,0,0,-1,current,baseline,0,0
667,1,no_strict_e1_improvement,0,25,1,16,40,1,1,0,1,0,0,1,0,baseline,0,0,-1,current,baseline,0,0
668,1,no_strict_e1_improvement,0,10,7,8,26,2,1,1,1,1,1,1,0,baseline,0,0,-1,current,baseline,0,0
669,1,no_strict_e1_improvement,0,25,1,16,40,1,1,0,1,0,0,1,0,baseline,0,0,-1,current,baseline,0,0
670,1,no_strict_e1_improvement,0,25,1,16,40,1,1,0,1,0,0,1,0,baseline,0,0,-1,current,baseline,0,0
671,1,no_strict_e1_improvement,0,23,3,13,35,1,1,0,1,0,0,1,0,baseline,0,0,-1,current,baseline,0,0
672,1,no_strict_e1_improvement,0,23,3,11,33,1,1,0,1,0,0,1,0,baseline,0,0,-1,current,baseline,0,0
673,1,no_strict_e1_improvement,0,25,1,16,40,1,1,0,1,0,0,1,0,baseline,0,0,-1,current,baseline,0,0
674,1,no_strict_e1_improvement,0,23,3,12,34,1,1,0,1,0,0,1,0,baseline,0,0,-1,current,baseline,0,0
675,1,no_strict_e1_improvement,0,20,6,12,31,1,1,0,1,0,0,1,0,baseline,0,0,-1,current,baseline,0,0
676,1,no_strict_e1_improvement,0,20,3,11,33,1,1,0,1,0,0,1,0,baseline,0,0,-1,current,baseline,0,0
677,1,no_strict_e1_improvement,0,24,2,14,37,1,1,0,1,0,0,1,0,baseline,0,0,-1,current,baseline,0,0
678,1,no_strict_e1_improvement,0,12,5,9,29,1,1,0,1,0,0,1,0,baseline,0,0,-1,current,baseline,0,0
679,1,no_strict_e1_improvement,0,9,17,4,12,2,1,1,1,1,1,1,0,baseline,0,0,-1,current,baseline,0,0
680,1,no_strict_e1_improvement,0,25,1,13,37,1,1,0,1,0,0,1,0,baseline,0,0,-1,current,baseline,0,0
681,1,no_strict_e1_improvement,0,24,2,14,37,1,1,0,1,0,0,1,0,baseline,0,0,-1,current,baseline,0,0
682,1,no_strict_e1_improvement,0,14,5,9,29,2,1,1,1,1,1,1,0,baseline,0,0,-1,current,baseline,0,0
683,1,no_strict_e1_improvement,0,23,3,12,34,1,1,0,1,0,0,1,0,baseline,0,0,-1,current,baseline,0,0
684,1,no_strict_e1_improvement,0,25,1,14,39,1,1,0,1,0,0,1,0,baseline,0,0,-1,current,baseline,0,0
685,1,evaluated,1,10,11,6,20,2,1,1,1,1,1,1,0,component_shift_0_0,0,0,0,s1a3_greedy,component_shift_0_0,0,0
686,1,no_strict_e1_improvement,0,23,3,14,36,1,1,0,1,0,0,1,0,baseline,0,0,-1,current,baseline,0,0
687,1,no_strict_e1_improvement,0,25,1,15,39,1,1,0,1,0,0,1,0,baseline,0,0,-1,current,baseline,0,0
688,1,no_strict_e1_improvement,0,25,1,16,40,1,1,0,1,0,0,1,0,baseline,0,0,-1,current,baseline,0,0
689,1,no_strict_e1_improvement,0,25,1,16,40,1,1,0,1,0,0,1,0,baseline,0,0,-1,current,baseline,0,0
690,1,evaluated,1,8,11,6,20,2,1,1,1,1,1,1,0,component_shift_0_0,0,0,0,s1a3_greedy,component_shift_0_0,0,0
691,1,no_strict_e1_improvement,0,25,1,16,40,1,1,0,1,0,0,1,0,baseline,0,0,-1,current,baseline,0,0
692,1,no_strict_e1_improvement,0,24,2,15,38,1,1,0,1,0,0,1,0,baseline,0,0,-1,current,baseline,0,0
693,1,no_strict_e1_improvement,0,25,1,16,40,1,1,0,1,0,0,1,0,baseline,0,0,-1,current,baseline,0,0
694,1,no_strict_e1_improvement,0,25,1,16,40,1,1,0,1,0,0,1,0,baseline,0,0,-1,current,baseline,0,0
695,1,evaluated,1,20,6,11,30,2,1,1,1,1,1,1,0,component_shift_0_0,0,0,0,s1a3_greedy,component_shift_0_0,0,0
696,1,no_strict_e1_improvement,0,25,1,16,40,1,1,0,1,0,0,1,0,baseline,0,0,-1,current,baseline,0,0
697,1,no_strict_e1_improvement,0,25,1,16,40,1,1,0,1,0,0,1,0,baseline,0,0,-1,current,baseline,0,0
698,1,no_strict_e1_improvement,0,23,3,14,36,1,1,0,1,0,0,1,0,baseline,0,0,-1,current,baseline,0,0
699,1,no_strict_e1_improvement,0,25,1,15,39,1,1,0,1,0,0,1,0,baseline,0,0,-1,current,baseline,0,0
700,1,evaluated,1,21,5,12,32,2,1,1,1,1,1,1,0,component_shift_0_0,0,0,0,s1a3_greedy,component_shift_0_0,0,0
701,1,no_strict_e1_improvement,0,25,1,14,38,1,1,0,1,0,0,1,0,baseline,0,0,-1,current,baseline,0,0
702,1,evaluated,1,16,10,7,22,2,1,1,1,1,1,1,0,component_shift_0_0,0,0,0,s1a3_greedy,component_shift_0_0,0,0
703,1,no_strict_e1_improvement,0,22,4,13,34,1,1,0,1,0,0,1,0,baseline,0,0,-1,current,baseline,0,0
704,1,no_strict_e1_improvement,0,24,2,14,37,1,1,0,1,0,0,1,0,baseline,0,0,-1,current,baseline,0,0
705,1,no_strict_e1_improvement,0,10,8,7,24,2,1,1,1,1,1,1,0,baseline,0,0,-1,current,baseline,0,0
706,1,evaluated,1,15,4,11,32,2,1,1,1,1,1,1,0,component_shift_0_0,0,0,0,s1a3_greedy,component_shift_0_0,0,0
707,1,no_strict_e1_improvement,0,21,5,12,32,1,1,0,1,0,0,1,0,baseline,0,0,-1,current,baseline,0,0
708,1,no_strict_e1_improvement,0,25,1,16,40,1,1,0,1,0,0,1,0,baseline,0,0,-1,current,baseline,0,0
709,1,evaluated,1,14,9,6,22,2,1,1,1,1,1,1,0,component_shift_0_0,0,0,0,s1a3_greedy,component_shift_0_0,0,0
710,1,evaluated,1,9,14,5,16,2,1,1,1,1,1,1,0,component_shift_0_0,0,0,0,s1a3_greedy,component_shift_0_0,0,0
711,1,evaluated,1,18,8,10,27,2,1,1,1,1,1,1,0,component_shift_0_0,0,0,0,s1a3_greedy,component_shift_0_0,0,0
712,1,no_strict_e1_improvement,0,25,1,16,40,1,1,0,1,0,0,1,0,baseline,0,0,-1,current,baseline,0,0
713,1,evaluated,1,19,7,10,28,2,1,1,1,1,1,1,0,component_shift_0_0,0,0,0,s1a3_greedy,component_shift_0_0,0,0
714,1,no_strict_e1_improvement,0,20,6,11,30,2,1,1,1,1,1,1,0,baseline,0,0,-1,current,baseline,0,0
715,1,no_strict_e1_improvement,0,25,1,16,40,1,1,0,1,0,0,1,0,baseline,0,0,-1,current,baseline,0,0
716,1,no_strict_e1_improvement,0,24,2,12,35,1,1,0,1,0,0,1,0,baseline,0,0,-1,current,baseline,0,0
717,1,no_strict_e1_improvement,0,24,2,15,38,1,1,0,1,0,0,1,0,baseline,0,0,-1,current,baseline,0,0
718,1,no_strict_e1_improvement,0,25,1,16,40,1,1,0,1,0,0,1,0,baseline,0,0,-1,current,baseline,0,0
719,1,no_strict_e1_improvement,0,24,2,14,37,1,1,0,1,0,0,1,0,baseline,0,0,-1,current,baseline,0,0
720,1,evaluated,1,22,4,12,33,2,1,1,1,1,1,1,0,component_shift_0_0,0,0,0,s1a3_greedy,component_shift_0_0,0,0
721,1,no_strict_e1_improvement,0,22,4,13,34,1,1,0,1,0,0,1,0,baseline,0,0,-1,current,baseline,0,0
722,1,no_strict_e1_improvement,0,20,6,11,30,1,1,0,1,0,0,1,0,baseline,0,0,-1,current,baseline,0,0
723,1,no_strict_e1_improvement,0,25,1,14,38,1,1,0,1,0,0,1,0,baseline,0,0,-1,current,baseline,0,0
724,1,no_strict_e1_improvement,0,25,1,16,40,1,1,0,1,0,0,1,0,baseline,0,0,-1,current,baseline,0,0
725,1,no_strict_e1_improvement,0,25,1,16,40,1,1,0,1,0,0,1,0,baseline,0,0,-1,current,baseline,0,0
726,1,evaluated,1,21,5,11,31,2,1,1,1,1,1,1,0,component_shift_0_0,0,0,0,s1a3_greedy,component_shift_0_0,0,0
727,1,no_strict_e1_improvement,0,25,1,16,40,1,1,0,1,0,0,1,0,baseline,0,0,-1,current,baseline,0,0
728,1,no_strict_e1_improvement,0,25,1,14,38,1,1,0,1,0,0,1,0,baseline,0,0,-1,current,baseline,0,0
729,1,no_strict_e1_improvement,0,23,3,14,36,1,1,0,1,0,0,1,0,baseline,0,0,-1,current,baseline,0,0
730,1,no_strict_e1_improvement,0,25,1,14,38,1,1,0,1,0,0,1,0,baseline,0,0,-1,current,baseline,0,0
731,1,no_strict_e1_improvement,0,14,12,6,19,2,1,1,1,1,1,1,0,baseline,0,0,-1,current,baseline,0,0
732,1,no_strict_e1_improvement,0,25,1,16,40,1,1,0,1,0,0,1,0,baseline,0,0,-1,current,baseline,0,0
733,1,no_strict_e1_improvement,0,25,1,14,39,1,1,0,1,0,0,1,0,baseline,0,0,-1,current,baseline,0,0
734,1,no_strict_e1_improvement,0,23,3,13,35,1,1,0,1,0,0,1,0,baseline,0,0,-1,current,baseline,0,0
735,1,no_strict_e1_improvement,0,23,3,14,36,1,1,0,1,0,0,1,0,baseline,0,0,-1,current,baseline,0,0
736,1,no_strict_e1_improvement,0,25,1,16,40,1,1,0,1,0,0,1,0,baseline,0,0,-1,current,baseline,0,0
737,1,no_strict_e1_improvement,0,25,1,16,40,1,1,0,1,0,0,1,0,baseline,0,0,-1,current,baseline,0,0
738,1,no_strict_e1_improvement,0,11,15,5,15,2,1,1,1,1,1,1,0,baseline,0,0,-1,current,baseline,0,0
739,1,evaluated,1,6,17,3,11,2,1,1,1,1,1,1,0,component_shift_0_0,0,0,0,s1a3_greedy,component_shift_0_0,0,0
740,1,no_strict_e1_improvement,0,14,12,6,19,2,1,1,1,1,1,1,0,baseline,0,0,-1,current,baseline,0,0
741,1,no_strict_e1_improvement,0,25,1,14,38,1,1,0,1,0,0,1,0,baseline,0,0,-1,current,baseline,0,0
742,1,no_strict_e1_improvement,0,24,2,15,38,1,1,0,1,0,0,1,0,baseline,0,0,-1,current,baseline,0,0
743,1,no_strict_e1_improvement,0,25,1,16,40,1,1,0,1,0,0,1,0,baseline,0,0,-1,current,baseline,0,0
744,1,evaluated,1,8,18,3,10,2,1,1,1,1,1,1,0,component_shift_0_0,0,0,0,s1a3_greedy,component_shift_0_0,0,0
745,1,no_strict_e1_improvement,0,24,2,13,36,1,1,0,1,0,0,1,0,baseline,0,0,-1,current,baseline,0,0
746,1,no_strict_e1_improvement,0,25,1,16,40,1,1,0,1,0,0,1,0,baseline,0,0,-1,current,baseline,0,0
747,1,no_strict_e1_improvement,0,25,1,16,40,1,1,0,1,0,0,1,0,baseline,0,0,-1,current,baseline,0,0
748,1,evaluated,1,8,15,4,14,2,1,1,1,1,1,1,0,component_shift_0_0,0,0,0,s1a3_greedy,component_shift_0_0,0,0
749,1,no_strict_e1_improvement,0,21,5,12,32,1,1,0,1,0,0,1,0,baseline,0,0,-1,current,baseline,0,0
750,1,no_strict_e1_improvement,0,25,1,16,40,1,1,0,1,0,0,1,0,baseline,0,0,-1,current,baseline,0,0
751,1,no_strict_e1_improvement,0,25,1,16,40,1,1,0,1,0,0,1,0,baseline,0,0,-1,current,baseline,0,0
752,1,no_strict_e1_improvement,0,23,3,14,36,1,1,0,1,0,0,1,0,baseline,0,0,-1,current,baseline,0,0
753,1,no_strict_e1_improvement,0,23,3,14,36,1,1,0,1,0,0,1,0,baseline,0,0,-1,current,baseline,0,0
754,1,no_strict_e1_improvement,0,24,2,14,37,1,1,0,1,0,0,1,0,baseline,0,0,-1,current,baseline,0,0
755,1,no_strict_e1_improvement,0,25,1,16,40,1,1,0,1,0,0,1,0,baseline,0,0,-1,current,baseline,0,0
756,1,no_strict_e1_improvement,0,24,2,15,38,1,1,0,1,0,0,1,0,baseline,0,0,-1,current,baseline,0,0
757,1,no_strict_e1_improvement,0,25,1,12,36,1,1,0,1,0,0,1,0,baseline,0,0,-1,current,baseline,0,0
758,1,no_strict_e1_improvement,0,25,1,16,40,1,1,0,1,0,0,1,0,baseline,0,0,-1,current,baseline,0,0
759,1,no_strict_e1_improvement,0,15,3,11,33,2,1,1,1,1,1,1,0,baseline,0,0,-1,current,baseline,0,0
760,1,no_strict_e1_improvement,0,25,1,16,40,1,1,0,1,0,0,1,0,baseline,0,0,-1,current,baseline,0,0
761,1,no_strict_e1_improvement,0,21,5,12,32,1,1,0,1,0,0,1,0,baseline,0,0,-1,current,baseline,0,0
762,1,evaluated,1,6,20,2,7,2,1,1,1,1,1,1,0,component_shift_0_0,0,0,0,s1a3_greedy,component_shift_0_0,0,0
763,1,no_strict_e1_improvement,0,25,1,16,40,1,1,0,1,0,0,1,0,baseline,0,0,-1,current,baseline,0,0
764,1,no_strict_e1_improvement,0,25,1,16,40,1,1,0,1,0,0,1,0,baseline,0,0,-1,current,baseline,0,0
765,1,no_strict_e1_improvement,0,25,1,16,40,1,1,0,1,0,0,1,0,baseline,0,0,-1,current,baseline,0,0
766,1,no_strict_e1_improvement,0,25,1,14,38,1,1,0,1,0,0,1,0,baseline,0,0,-1,current,baseline,0,0
767,1,no_strict_e1_improvement,0,25,1,16,40,1,1,0,1,0,0,1,0,baseline,0,0,-1,current,baseline,0,0
768,1,no_strict_e1_improvement,0,25,1,16,40,1,1,0,1,0,0,1,0,baseline,0,0,-1,current,baseline,0,0
769,1,no_strict_e1_improvement,0,25,1,15,39,1,1,0,1,0,0,1,0,baseline,0,0,-1,current,baseline,0,0
770,1,evaluated,1,19,7,10,28,2,1,1,1,1,1,1,0,component_shift_0_0,0,0,0,s1a3_greedy,component_shift_0_0,0,0
771,1,no_strict_e1_improvement,0,25,1,15,39,1,1,0,1,0,0,1,0,baseline,0,0,-1,current,baseline,0,0
772,1,no_strict_e1_improvement,0,25,1,16,40,1,1,0,1,0,0,1,0,baseline,0,0,-1,current,baseline,0,0
773,1,no_strict_e1_improvement,0,24,2,14,37,1,1,0,1,0,0,1,0,baseline,0,0,-1,current,baseline,0,0
774,1,no_strict_e1_improvement,0,25,1,16,40,1,1,0,1,0,0,1,0,baseline,0,0,-1,current,baseline,0,0
775,1,no_strict_e1_improvement,0,23,3,11,33,1,1,0,1,0,0,1,0,baseline,0,0,-1,current,baseline,0,0
776,1,evaluated,1,4,22,1,4,2,1,1,1,1,1,1,0,component_shift_0_0,0,0,0,s1a3_greedy,component_shift_0_0,0,0
777,1,no_strict_e1_improvement,0,20,6,9,28,1,1,0,1,0,0,1,0,baseline,0,0,-1,current,baseline,0,0
778,1,evaluated,1,13,10,7,22,2,1,1,1,1,1,1,0,component_shift_0_0,0,0,0,s1a3_greedy,component_shift_0_0,0,0
779,1,no_strict_e1_improvement,0,20,6,12,31,1,1,0,1,0,0,1,0,baseline,0,0,-1,current,baseline,0,0
780,1,no_strict_e1_improvement,0,25,1,16,40,1,1,0,1,0,0,1,0,baseline,0,0,-1,current,baseline,0,0
781,1,no_strict_e1_improvement,0,25,1,16,40,1,1,0,1,0,0,1,0,baseline,0,0,-1,current,baseline,0,0
782,1,no_strict_e1_improvement,0,24,2,15,38,1,1,0,1,0,0,1,0,baseline,0,0,-1,current,baseline,0,0
783,1,evaluated,1,4,22,1,4,2,1,1,1,1,1,1,0,component_shift_0_0,0,0,0,s1a3_greedy,component_shift_0_0,0,0
784,1,no_strict_e1_improvement,0,22,4,11,32,1,1,0,1,0,0,1,0,baseline,0,0,-1,current,baseline,0,0
785,1,no_strict_e1_improvement,0,23,3,14,36,1,1,0,1,0,0,1,0,baseline,0,0,-1,current,baseline,0,0
786,1,no_strict_e1_improvement,0,8,13,5,17,2,1,1,1,1,1,1,0,baseline,0,0,-1,current,baseline,0,0
787,1,no_strict_e1_improvement,0,23,3,14,36,1,1,0,1,0,0,1,0,baseline,0,0,-1,current,baseline,0,0
788,1,no_strict_e1_improvement,0,19,7,10,28,1,1,0,1,0,0,1,0,baseline,0,0,-1,current,baseline,0,0
789,1,no_strict_e1_improvement,0,24,2,13,36,1,1,0,1,0,0,1,0,baseline,0,0,-1,current,baseline,0,0
790,1,no_strict_e1_improvement,0,25,1,16,40,1,1,0,1,0,0,1,0,baseline,0,0,-1,current,baseline,0,0
791,1,no_strict_e1_improvement,0,25,1,14,38,1,1,0,1,0,0,1,0,baseline,0,0,-1,current,baseline,0,0
792,1,no_strict_e1_improvement,0,16,10,8,23,2,1,1,1,1,1,1,0,baseline,0,0,-1,current,baseline,0,0
793,1,no_strict_e1_improvement,0,25,1,15,39,1,1,0,1,0,0,1,0,baseline,0,0,-1,current,baseline,0,0
794,1,evaluated,1,10,13,5,17,2,1,1,1,1,1,1,0,component_shift_0_0,0,0,0,s1a3_greedy,component_shift_0_0,0,0
795,1,no_strict_e1_improvement,0,24,2,13,36,1,1,0,1,0,0,1,0,baseline,0,0,-1,current,baseline,0,0
796,1,evaluated,1,18,8,10,27,2,1,1,1,1,1,1,0,component_shift_0_0,0,0,0,s1a3_greedy,component_shift_0_0,0,0
797,1,evaluated,1,18,8,10,27,2,1,1,1,1,1,1,0,component_shift_0_0,0,0,0,s1a3_greedy,component_shift_0_0,0,0
798,1,no_strict_e1_improvement,0,25,1,16,40,1,1,0,1,0,0,1,0,baseline,0,0,-1,current,baseline,0,0
799,1,no_strict_e1_improvement,0,25,1,16,40,1,1,0,1,0,0,1,0,baseline,0,0,-1,current,baseline,0,0
800,1,no_strict_e1_improvement,0,25,1,14,38,1,1,0,1,0,0,1,0,baseline,0,0,-1,current,baseline,0,0
801,1,no_strict_e1_improvement,0,10,5,9,29,2,1,1,1,1,1,1,0,baseline,0,0,-1,current,baseline,0,0
802,1,no_strict_e1_improvement,0,25,1,15,39,1,1,0,1,0,0,1,0,baseline,0,0,-1,current,baseline,0,0
803,1,no_strict_e1_improvement,0,24,2,12,36,1,1,0,1,0,0,1,0,baseline,0,0,-1,current,baseline,0,0
804,1,no_strict_e1_improvement,0,20,6,12,31,1,1,0,1,0,0,1,0,baseline,0,0,-1,current,baseline,0,0
805,1,no_strict_e1_improvement,0,24,2,14,37,1,1,0,1,0,0,1,0,baseline,0,0,-1,current,baseline,0,0
806,1,no_strict_e1_improvement,0,25,1,16,40,1,1,0,1,0,0,1,0,baseline,0,0,-1,current,baseline,0,0
807,1,no_strict_e1_improvement,0,22,4,12,33,1,1,0,1,0,0,1,0,baseline,0,0,-1,current,baseline,0,0
808,1,no_strict_e1_improvement,0,25,1,16,40,1,1,0,1,0,0,1,0,baseline,0,0,-1,current,baseline,0,0
809,1,no_strict_e1_improvement,0,22,4,11,32,1,1,0,1,0,0,1,0,baseline,0,0,-1,current,baseline,0,0
810,1,no_strict_e1_improvement,0,25,1,15,39,1,1,0,1,0,0,1,0,baseline,0,0,-1,current,baseline,0,0
811,1,no_strict_e1_improvement,0,25,1,16,40,1,1,0,1,0,0,1,0,baseline,0,0,-1,current,baseline,0,0
812,1,no_strict_e1_improvement,0,8,18,3,10,2,1,1,1,1,1,1,0,baseline,0,0,-1,current,baseline,0,0
813,1,no_strict_e1_improvement,0,20,6,10,29,1,1,0,1,0,0,1,0,baseline,0,0,-1,current,baseline,0,0
814,1,no_strict_e1_improvement,0,25,1,16,40,1,1,0,1,0,0,1,0,baseline,0,0,-1,current,baseline,0,0
815,1,no_strict_e1_improvement,0,25,1,16,40,1,1,0,1,0,0,1,0,baseline,0,0,-1,current,baseline,0,0
816,1,no_strict_e1_improvement,0,25,1,16,40,1,1,0,1,0,0,1,0,baseline,0,0,-1,current,baseline,0,0
817,1,no_strict_e1_improvement,0,24,2,15,38,1,1,0,1,0,0,1,0,baseline,0,0,-1,current,baseline,0,0
818,1,evaluated,1,10,8,8,25,2,1,1,1,1,1,1,0,component_shift_0_0,0,0,0,s1a3_greedy,component_shift_0_0,0,0
819,1,no_strict_e1_improvement,0,25,1,16,40,1,1,0,1,0,0,1,0,baseline,0,0,-1,current,baseline,0,0
820,1,no_strict_e1_improvement,0,25,1,16,40,1,1,0,1,0,0,1,0,baseline,0,0,-1,current,baseline,0,0
821,1,no_strict_e1_improvement,0,25,1,16,40,1,1,0,1,0,0,1,0,baseline,0,0,-1,current,baseline,0,0
822,1,no_strict_e1_improvement,0,25,1,15,39,1,1,0,1,0,0,1,0,baseline,0,0,-1,current,baseline,0,0
823,1,no_strict_e1_improvement,0,25,1,16,40,1,1,0,1,0,0,1,0,baseline,0,0,-1,current,baseline,0,0
824,1,no_strict_e1_improvement,0,25,1,16,40,1,1,0,1,0,0,1,0,baseline,0,0,-1,current,baseline,0,0
825,1,no_strict_e1_improvement,0,25,1,16,40,1,1,0,1,0,0,1,0,baseline,0,0,-1,current,baseline,0,0
826,1,no_strict_e1_improvement,0,25,1,16,40,1,1,0,1,0,0,1,0,baseline,0,0,-1,current,baseline,0,0
827,1,no_strict_e1_improvement,0,25,1,16,40,1,1,0,1,0,0,1,0,baseline,0,0,-1,current,baseline,0,0
828,1,no_strict_e1_improvement,0,25,1,14,39,1,1,0,1,0,0,1,0,baseline,0,0,-1,current,baseline,0,0
829,1,no_strict_e1_improvement,0,25,1,16,40,1,1,0,1,0,0,1,0,baseline,0,0,-1,current,baseline,0,0
830,1,no_strict_e1_improvement,0,23,3,14,36,1,1,0,1,0,0,1,0,baseline,0,0,-1,current,baseline,0,0
831,1,no_strict_e1_improvement,0,24,2,14,37,1,1,0,1,0,0,1,0,baseline,0,0,-1,current,baseline,0,0
832,1,no_strict_e1_improvement,0,25,1,16,40,1,1,0,1,0,0,1,0,baseline,0,0,-1,current,baseline,0,0
833,1,no_strict_e1_improvement,0,18,3,10,32,1,1,0,1,0,0,1,0,baseline,0,0,-1,current,baseline,0,0
834,1,no_strict_e1_improvement,0,25,1,16,40,1,1,0,1,0,0,1,0,baseline,0,0,-1,current,baseline,0,0
835,1,no_strict_e1_improvement,0,23,3,14,36,1,1,0,1,0,0,1,0,baseline,0,0,-1,current,baseline,0,0
836,1,no_strict_e1_improvement,0,20,6,10,29,1,1,0,1,0,0,1,0,baseline,0,0,-1,current,baseline,0,0
837,1,no_strict_e1_improvement,0,15,2,12,35,2,1,1,1,1,1,1,0,baseline,0,0,-1,current,baseline,0,0
838,1,no_strict_e1_improvement,0,25,1,16,40,1,1,0,1,0,0,1,0,baseline,0,0,-1,current,baseline,0,0
839,1,evaluated,1,15,11,6,20,2,1,1,1,1,1,1,0,component_shift_0_0,0,0,0,s1a3_greedy,component_shift_0_0,0,0
840,1,no_strict_e1_improvement,0,25,1,16,40,1,1,0,1,0,0,1,0,baseline,0,0,-1,current,baseline,0,0
841,1,no_strict_e1_improvement,0,18,8,8,25,2,1,1,1,1,1,1,0,baseline,0,0,-1,current,baseline,0,0
842,1,no_strict_e1_improvement,0,24,2,12,35,1,1,0,1,0,0,1,0,baseline,0,0,-1,current,baseline,0,0
843,1,evaluated,1,8,15,4,14,2,1,1,1,1,1,1,0,component_shift_0_0,0,0,0,s1a3_greedy,component_shift_0_0,0,0
844,1,no_strict_e1_improvement,0,18,8,8,25,1,1,0,1,0,0,1,0,baseline,0,0,-1,current,baseline,0,0
845,1,evaluated,1,6,14,4,15,2,1,1,1,1,1,1,0,component_shift_0_0,0,0,0,s1a3_greedy,component_shift_0_0,0,0
846,1,evaluated,1,20,6,11,30,2,1,1,1,1,1,1,0,component_shift_0_0,0,0,0,s1a3_greedy,component_shift_0_0,0,0
847,1,no_strict_e1_improvement,0,22,4,13,34,1,1,0,1,0,0,1,0,baseline,0,0,-1,current,baseline,0,0
848,1,no_strict_e1_improvement,0,25,1,16,40,1,1,0,1,0,0,1,0,baseline,0,0,-1,current,baseline,0,0
849,1,no_strict_e1_improvement,0,25,1,15,39,1,1,0,1,0,0,1,0,baseline,0,0,-1,current,baseline,0,0
850,1,no_strict_e1_improvement,0,25,1,16,40,1,1,0,1,0,0,1,0,baseline,0,0,-1,current,baseline,0,0
851,1,no_strict_e1_improvement,0,25,1,15,39,1,1,0,1,0,0,1,0,baseline,0,0,-1,current,baseline,0,0
852,1,no_strict_e1_improvement,0,23,3,12,34,1,1,0,1,0,0,1,0,baseline,0,0,-1,current,baseline,0,0
853,1,no_strict_e1_improvement,0,25,1,14,38,1,1,0,1,0,0,1,0,baseline,0,0,-1,current,baseline,0,0
854,1,evaluated,1,15,8,9,26,2,1,1,1,1,1,1,0,component_shift_0_0,0,0,0,s1a3_greedy,component_shift_0_0,0,0
855,1,no_strict_e1_improvement,0,25,1,16,40,1,1,0,1,0,0,1,0,baseline,0,0,-1,current,baseline,0,0
856,1,evaluated,1,20,6,11,30,2,1,1,1,1,1,1,0,component_shift_0_0,0,0,0,s1a3_greedy,component_shift_0_0,0,0
857,1,no_strict_e1_improvement,0,25,1,13,37,1,1,0,1,0,0,1,0,baseline,0,0,-1,current,baseline,0,0
858,1,no_strict_e1_improvement,0,15,8,9,26,2,1,1,1,1,1,1,0,baseline,0,0,-1,current,baseline,0,0
859,1,evaluated,1,19,7,9,27,2,1,1,1,1,1,1,0,component_shift_0_0,0,0,0,s1a3_greedy,component_shift_0_0,0,0
860,1,evaluated,1,4,22,1,4,2,1,1,1,1,1,1,0,component_shift_0_0,0,0,0,s1a3_greedy,component_shift_0_0,0,0
861,1,evaluated,1,15,2,12,35,2,1,1,1,1,1,1,0,component_shift_0_0,0,0,0,s1a3_greedy,component_shift_0_0,0,0
862,1,evaluated,1,16,10,8,23,2,1,1,1,1,1,1,0,component_shift_0_0,0,0,0,s1a3_greedy,component_shift_0_0,0,0
863,1,no_strict_e1_improvement,0,25,1,16,40,1,1,0,1,0,0,1,0,baseline,0,0,-1,current,baseline,0,0
864,1,evaluated,1,23,3,14,36,2,1,1,1,1,1,1,0,component_shift_0_0,0,0,0,s1a3_greedy,component_shift_0_0,0,0
865,1,no_strict_e1_improvement,0,20,3,12,34,1,1,0,1,0,0,1,0,baseline,0,0,-1,current,baseline,0,0
866,1,evaluated,1,21,5,11,31,2,1,1,1,1,1,1,0,component_shift_0_0,0,0,0,s1a3_greedy,component_shift_0_0,0,0
867,1,no_strict_e1_improvement,0,25,1,14,38,1,1,0,1,0,0,1,0,baseline,0,0,-1,current,baseline,0,0
868,1,no_strict_e1_improvement,0,25,1,14,39,1,1,0,1,0,0,1,0,baseline,0,0,-1,current,baseline,0,0
869,1,evaluated,1,4,22,1,4,2,1,1,1,1,1,1,0,component_shift_0_0,0,0,0,s1a3_greedy,component_shift_0_0,0,0
870,1,no_strict_e1_improvement,0,24,2,14,37,1,1,0,1,0,0,1,0,baseline,0,0,-1,current,baseline,0,0
871,1,no_strict_e1_improvement,0,22,4,13,34,2,1,1,1,1,1,1,0,baseline,0,0,-1,current,baseline,0,0
872,1,no_strict_e1_improvement,0,24,2,13,36,1,1,0,1,0,0,1,0,baseline,0,0,-1,current,baseline,0,0
873,1,no_strict_e1_improvement,0,25,1,16,40,1,1,0,1,0,0,1,0,baseline,0,0,-1,current,baseline,0,0
874,1,no_strict_e1_improvement,0,25,1,16,40,1,1,0,1,0,0,1,0,baseline,0,0,-1,current,baseline,0,0
875,1,no_strict_e1_improvement,0,25,1,16,40,1,1,0,1,0,0,1,0,baseline,0,0,-1,current,baseline,0,0
876,1,evaluated,1,20,6,11,30,2,1,1,1,1,1,1,0,component_shift_0_0,0,0,0,s1a3_greedy,component_shift_0_0,0,0
877,1,no_strict_e1_improvement,0,24,2,14,37,1,1,0,1,0,0,1,0,baseline,0,0,-1,current,baseline,0,0
878,1,evaluated,1,10,13,5,17,2,1,1,1,1,1,1,0,component_shift_0_0,0,0,0,s1a3_greedy,component_shift_0_0,0,0
879,1,no_strict_e1_improvement,0,25,1,16,40,1,1,0,1,0,0,1,0,baseline,0,0,-1,current,baseline,0,0
880,1,no_strict_e1_improvement,0,25,1,16,40,1,1,0,1,0,0,1,0,baseline,0,0,-1,current,baseline,0,0
881,1,no_strict_e1_improvement,0,25,1,16,40,1,1,0,1,0,0,1,0,baseline,0,0,-1,current,baseline,0,0
882,1,no_strict_e1_improvement,0,25,1,16,40,1,1,0,1,0,0,1,0,baseline,0,0,-1,current,baseline,0,0
883,1,no_strict_e1_improvement,0,24,2,15,38,1,1,0,1,0,0,1,0,baseline,0,0,-1,current,baseline,0,0
884,1,no_strict_e1_improvement,0,25,1,12,36,1,1,0,1,0,0,1,0,baseline,0,0,-1,current,baseline,0,0
885,1,no_strict_e1_improvement,0,14,3,10,32,1,1,0,1,0,0,1,0,baseline,0,0,-1,current,baseline,0,0
886,1,no_strict_e1_improvement,0,15,2,12,35,1,1,0,1,0,0,1,0,baseline,0,0,-1,current,baseline,0,0
887,1,no_strict_e1_improvement,0,22,4,12,33,1,1,0,1,0,0,1,0,baseline,0,0,-1,current,baseline,0,0
888,1,no_strict_e1_improvement,0,25,1,16,40,1,1,0,1,0,0,1,0,baseline,0,0,-1,current,baseline,0,0
889,1,evaluated,1,8,18,3,10,2,1,1,1,1,1,1,0,component_shift_0_0,0,0,0,s1a3_greedy,component_shift_0_0,0,0
890,1,no_strict_e1_improvement,0,25,1,13,37,1,1,0,1,0,0,1,0,baseline,0,0,-1,current,baseline,0,0
891,1,no_strict_e1_improvement,0,25,1,14,39,1,1,0,1,0,0,1,0,baseline,0,0,-1,current,baseline,0,0
892,1,no_strict_e1_improvement,0,25,1,14,38,1,1,0,1,0,0,1,0,baseline,0,0,-1,current,baseline,0,0
893,1,no_strict_e1_improvement,0,25,1,14,38,1,1,0,1,0,0,1,0,baseline,0,0,-1,current,baseline,0,0
894,1,no_strict_e1_improvement,0,25,1,16,40,1,1,0,1,0,0,1,0,baseline,0,0,-1,current,baseline,0,0
895,1,evaluated,1,12,9,8,24,2,1,1,1,1,1,1,0,component_shift_0_0,0,0,0,s1a3_greedy,component_shift_0_0,0,0
896,1,no_strict_e1_improvement,0,16,10,8,23,2,1,1,1,1,1,1,0,baseline,0,0,-1,current,baseline,0,0
897,1,no_strict_e1_improvement,0,25,1,14,38,1,1,0,1,0,0,1,0,baseline,0,0,-1,current,baseline,0,0
898,1,evaluated,1,21,5,12,32,2,1,1,1,1,1,1,0,component_shift_0_0,0,0,0,s1a3_greedy,component_shift_0_0,0,0
899,1,no_strict_e1_improvement,0,20,6,10,29,1,1,0,1,0,0,1,0,baseline,0,0,-1,current,baseline,0,0
900,1,no_strict_e1_improvement,0,20,6,9,28,1,1,0,1,0,0,1,0,baseline,0,0,-1,current,baseline,0,0
901,1,no_strict_e1_improvement,0,25,1,14,38,1,1,0,1,0,0,1,0,baseline,0,0,-1,current,baseline,0,0
902,1,no_strict_e1_improvement,0,25,1,16,40,1,1,0,1,0,0,1,0,baseline,0,0,-1,current,baseline,0,0
903,1,no_strict_e1_improvement,0,22,4,13,34,2,1,1,1,1,1,1,0,baseline,0,0,-1,current,baseline,0,0
904,1,no_strict_e1_improvement,0,24,2,14,37,1,1,0,1,0,0,1,0,baseline,0,0,-1,current,baseline,0,0
905,1,no_strict_e1_improvement,0,25,1,14,38,1,1,0,1,0,0,1,0,baseline,0,0,-1,current,baseline,0,0
906,1,no_strict_e1_improvement,0,14,12,6,19,2,1,1,1,1,1,1,0,baseline,0,0,-1,current,baseline,0,0
907,1,no_strict_e1_improvement,0,24,2,15,38,1,1,0,1,0,0,1,0,baseline,0,0,-1,current,baseline,0,0
908,1,no_strict_e1_improvement,0,22,4,11,32,1,1,0,1,0,0,1,0,baseline,0,0,-1,current,baseline,0,0
909,1,no_strict_e1_improvement,0,18,8,10,27,2,1,1,1,1,1,1,0,baseline,0,0,-1,current,baseline,0,0
910,1,no_strict_e1_improvement,0,20,6,9,28,1,1,0,1,0,0,1,0,baseline,0,0,-1,current,baseline,0,0
911,1,no_strict_e1_improvement,0,25,1,16,40,1,1,0,1,0,0,1,0,baseline,0,0,-1,current,baseline,0,0
912,1,no_strict_e1_improvement,0,25,1,16,40,1,1,0,1,0,0,1,0,baseline,0,0,-1,current,baseline,0,0
913,1,no_strict_e1_improvement,0,25,1,16,40,1,1,0,1,0,0,1,0,baseline,0,0,-1,current,baseline,0,0
914,1,no_strict_e1_improvement,0,25,1,16,40,1,1,0,1,0,0,1,0,baseline,0,0,-1,current,baseline,0,0
915,1,no_strict_e1_improvement,0,25,1,16,40,1,1,0,1,0,0,1,0,baseline,0,0,-1,current,baseline,0,0
916,1,evaluated,1,16,10,8,23,2,1,1,1,1,1,1,0,component_shift_0_0,0,0,0,s1a3_greedy,component_shift_0_0,0,0
917,1,no_strict_e1_improvement,0,13,10,6,21,2,1,1,1,1,1,1,0,baseline,0,0,-1,current,baseline,0,0
918,1,no_strict_e1_improvement,0,25,1,16,40,1,1,0,1,0,0,1,0,baseline,0,0,-1,current,baseline,0,0
919,1,no_strict_e1_improvement,0,25,1,16,40,1,1,0,1,0,0,1,0,baseline,0,0,-1,current,baseline,0,0
920,1,no_strict_e1_improvement,0,25,1,15,39,1,1,0,1,0,0,1,0,baseline,0,0,-1,current,baseline,0,0
921,1,no_strict_e1_improvement,0,19,2,12,35,1,1,0,1,0,0,1,0,baseline,0,0,-1,current,baseline,0,0
922,1,no_strict_e1_improvement,0,15,2,12,35,1,1,0,1,0,0,1,0,baseline,0,0,-1,current,baseline,0,0
923,1,evaluated,1,12,6,8,27,2,1,1,1,1,1,1,0,component_shift_0_0,0,0,0,s1a3_greedy,component_shift_0_0,0,0
924,1,no_strict_e1_improvement,0,25,1,14,38,1,1,0,1,0,0,1,0,baseline,0,0,-1,current,baseline,0,0
925,1,no_strict_e1_improvement,0,25,1,14,39,1,1,0,1,0,0,1,0,baseline,0,0,-1,current,baseline,0,0
926,1,no_strict_e1_improvement,0,25,1,16,40,1,1,0,1,0,0,1,0,baseline,0,0,-1,current,baseline,0,0
927,1,no_strict_e1_improvement,0,23,3,13,35,1,1,0,1,0,0,1,0,baseline,0,0,-1,current,baseline,0,0
928,1,no_strict_e1_improvement,0,19,7,11,29,1,1,0,1,0,0,1,0,baseline,0,0,-1,current,baseline,0,0
929,1,no_strict_e1_improvement,0,23,3,14,36,1,1,0,1,0,0,1,0,baseline,0,0,-1,current,baseline,0,0
930,1,no_strict_e1_improvement,0,17,9,9,25,1,1,0,1,0,0,1,0,baseline,0,0,-1,current,baseline,0,0
931,1,no_strict_e1_improvement,0,13,13,6,18,2,1,1,1,1,1,1,0,baseline,0,0,-1,current,baseline,0,0
932,1,no_strict_e1_improvement,0,24,2,14,37,1,1,0,1,0,0,1,0,baseline,0,0,-1,current,baseline,0,0
933,1,no_strict_e1_improvement,0,10,7,8,26,2,1,1,1,1,1,1,0,baseline,0,0,-1,current,baseline,0,0
934,1,evaluated,1,15,6,10,29,2,1,1,1,1,1,1,0,component_shift_0_0,0,0,0,s1a3_greedy,component_shift_0_0,0,0
935,1,no_strict_e1_improvement,0,25,1,16,40,1,1,0,1,0,0,1,0,baseline,0,0,-1,current,baseline,0,0
936,1,evaluated,1,22,4,12,33,2,1,1,1,1,1,1,0,component_shift_0_0,0,0,0,s1a3_greedy,component_shift_0_0,0,0
937,1,no_strict_e1_improvement,0,25,1,16,40,1,1,0,1,0,0,1,0,baseline,0,0,-1,current,baseline,0,0
938,1,no_strict_e1_improvement,0,25,1,14,39,1,1,0,1,0,0,1,0,baseline,0,0,-1,current,baseline,0,0
939,1,no_strict_e1_improvement,0,25,1,14,38,1,1,0,1,0,0,1,0,baseline,0,0,-1,current,baseline,0,0
940,1,no_strict_e1_improvement,0,19,7,11,29,1,1,0,1,0,0,1,0,baseline,0,0,-1,current,baseline,0,0
941,1,no_strict_e1_improvement,0,13,6,9,28,2,1,1,1,1,1,1,0,baseline,0,0,-1,current,baseline,0,0
942,1,no_strict_e1_improvement,0,23,3,12,34,1,1,0,1,0,0,1,0,baseline,0,0,-1,current,baseline,0,0
943,1,no_strict_e1_improvement,0,25,1,16,40,1,1,0,1,0,0,1,0,baseline,0,0,-1,current,baseline,0,0
944,1,no_strict_e1_improvement,0,9,14,5,16,2,1,1,1,1,1,1,0,baseline,0,0,-1,current,baseline,0,0
945,1,no_strict_e1_improvement,0,20,6,9,28,1,1,0,1,0,0,1,0,baseline,0,0,-1,current,baseline,0,0
946,1,no_strict_e1_improvement,0,25,1,16,40,1,1,0,1,0,0,1,0,baseline,0,0,-1,current,baseline,0,0
947,1,evaluated,1,20,6,11,30,2,1,1,1,1,1,1,0,component_shift_0_0,0,0,0,s1a3_greedy,component_shift_0_0,0,0
948,1,no_strict_e1_improvement,0,12,8,8,25,2,1,1,1,1,1,1,0,baseline,0,0,-1,current,baseline,0,0
949,1,evaluated,1,23,3,14,36,2,1,1,1,1,1,1,0,component_shift_0_0,0,0,0,s1a3_greedy,component_shift_0_0,0,0
950,1,evaluated,1,20,6,9,28,2,1,1,1,1,1,1,0,component_shift_0_0,0,0,0,s1a3_greedy,component_shift_0_0,0,0
951,1,evaluated,1,10,8,8,25,2,1,1,1,1,1,1,0,component_shift_0_0,0,0,0,s1a3_greedy,component_shift_0_0,0,0
952,1,no_strict_e1_improvement,0,20,6,10,29,2,1,1,1,1,1,1,0,baseline,0,0,-1,current,baseline,0,0
953,1,no_strict_e1_improvement,0,25,1,16,40,1,1,0,1,0,0,1,0,baseline,0,0,-1,current,baseline,0,0
954,1,evaluated,1,19,7,11,29,2,1,1,1,1,1,1,0,component_shift_0_0,0,0,0,s1a3_greedy,component_shift_0_0,0,0
955,1,evaluated,1,22,4,13,34,2,1,1,1,1,1,1,0,component_shift_0_0,0,0,0,s1a3_greedy,component_shift_0_0,0,0
956,1,evaluated,1,23,3,11,33,2,1,1,1,1,1,1,0,component_shift_0_0,0,0,0,s1a3_greedy,component_shift_0_0,0,0
957,1,no_strict_e1_improvement,0,25,1,16,40,1,1,0,1,0,0,1,0,baseline,0,0,-1,current,baseline,0,0
958,1,no_strict_e1_improvement,0,25,1,16,40,1,1,0,1,0,0,1,0,baseline,0,0,-1,current,baseline,0,0
959,1,evaluated,1,13,10,7,22,2,1,1,1,1,1,1,0,component_shift_0_0,0,0,0,s1a3_greedy,component_shift_0_0,0,0
960,1,no_strict_e1_improvement,0,25,1,16,40,1,1,0,1,0,0,1,0,baseline,0,0,-1,current,baseline,0,0
961,1,evaluated,1,14,12,6,19,2,1,1,1,1,1,1,0,component_shift_0_0,0,0,0,s1a3_greedy,component_shift_0_0,0,0
962,1,no_strict_e1_improvement,0,25,1,16,40,1,1,0,1,0,0,1,0,baseline,0,0,-1,current,baseline,0,0
963,1,no_strict_e1_improvement,0,25,1,16,40,1,1,0,1,0,0,1,0,baseline,0,0,-1,current,baseline,0,0
964,1,no_strict_e1_improvement,0,23,3,14,36,2,1,1,1,1,1,1,0,baseline,0,0,-1,current,baseline,0,0
965,1,no_strict_e1_improvement,0,25,1,14,38,1,1,0,1,0,0,1,0,baseline,0,0,-1,current,baseline,0,0
966,1,no_strict_e1_improvement,0,24,2,14,37,1,1,0,1,0,0,1,0,baseline,0,0,-1,current,baseline,0,0
967,1,evaluated,1,6,17,3,11,2,1,1,1,1,1,1,0,component_shift_0_0,0,0,0,s1a3_greedy,component_shift_0_0,0,0
968,1,no_strict_e1_improvement,0,25,1,16,40,1,1,0,1,0,0,1,0,baseline,0,0,-1,current,baseline,0,0
969,1,no_strict_e1_improvement,0,25,1,14,38,1,1,0,1,0,0,1,0,baseline,0,0,-1,current,baseline,0,0
970,1,no_strict_e1_improvement,0,23,3,14,36,1,1,0,1,0,0,1,0,baseline,0,0,-1,current,baseline,0,0
971,1,no_strict_e1_improvement,0,25,1,16,40,1,1,0,1,0,0,1,0,baseline,0,0,-1,current,baseline,0,0
972,1,no_strict_e1_improvement,0,25,1,14,38,1,1,0,1,0,0,1,0,baseline,0,0,-1,current,baseline,0,0
973,1,no_strict_e1_improvement,0,23,3,14,36,1,1,0,1,0,0,1,0,baseline,0,0,-1,current,baseline,0,0
974,1,no_strict_e1_improvement,0,23,3,14,36,1,1,0,1,0,0,1,0,baseline,0,0,-1,current,baseline,0,0
975,1,no_strict_e1_improvement,0,25,1,14,38,1,1,0,1,0,0,1,0,baseline,0,0,-1,current,baseline,0,0
976,1,no_strict_e1_improvement,0,25,1,16,40,1,1,0,1,0,0,1,0,baseline,0,0,-1,current,baseline,0,0
977,1,no_strict_e1_improvement,0,23,3,14,36,1,1,0,1,0,0,1,0,baseline,0,0,-1,current,baseline,0,0
978,1,no_strict_e1_improvement,0,19,2,12,35,1,1,0,1,0,0,1,0,baseline,0,0,-1,current,baseline,0,0
979,1,no_strict_e1_improvement,0,25,1,14,39,1,1,0,1,0,0,1,0,baseline,0,0,-1,current,baseline,0,0
980,1,no_strict_e1_improvement,0,25,1,16,40,1,1,0,1,0,0,1,0,baseline,0,0,-1,current,baseline,0,0
981,1,no_strict_e1_improvement,0,15,2,12,35,1,1,0,1,0,0,1,0,baseline,0,0,-1,current,baseline,0,0
982,1,no_strict_e1_improvement,0,23,3,13,35,1,1,0,1,0,0,1,0,baseline,0,0,-1,current,baseline,0,0
983,1,no_strict_e1_improvement,0,25,1,16,40,1,1,0,1,0,0,1,0,baseline,0,0,-1,current,baseline,0,0
984,1,evaluated,1,19,7,10,28,2,1,1,1,1,1,1,0,component_shift_0_0,0,0,0,s1a3_greedy,component_shift_0_0,0,0
985,1,no_strict_e1_improvement,0,14,12,7,20,2,1,1,1,1,1,1,0,baseline,0,0,-1,current,baseline,0,0
986,1,no_strict_e1_improvement,0,12,3,10,32,2,1,1,1,1,1,1,0,baseline,0,0,-1,current,baseline,0,0
987,1,evaluated,1,16,10,7,22,2,1,1,1,1,1,1,0,component_shift_0_0,0,0,0,s1a3_greedy,component_shift_0_0,0,0
988,1,no_strict_e1_improvement,0,24,2,14,37,1,1,0,1,0,0,1,0,baseline,0,0,-1,current,baseline,0,0
989,1,no_strict_e1_improvement,0,25,1,16,40,1,1,0,1,0,0,1,0,baseline,0,0,-1,current,baseline,0,0
990,1,evaluated,1,18,8,9,26,2,1,1,1,1,1,1,0,component_shift_0_0,0,0,0,s1a3_greedy,component_shift_0_0,0,0
991,1,no_strict_e1_improvement,0,25,1,16,40,1,1,0,1,0,0,1,0,baseline,0,0,-1,current,baseline,0,0
992,1,no_strict_e1_improvement,0,20,6,12,31,1,1,0,1,0,0,1,0,baseline,0,0,-1,current,baseline,0,0
993,1,no_strict_e1_improvement,0,25,1,16,40,1,1,0,1,0,0,1,0,baseline,0,0,-1,current,baseline,0,0
994,1,no_strict_e1_improvement,0,25,1,16,40,1,1,0,1,0,0,1,0,baseline,0,0,-1,current,baseline,0,0
995,1,no_strict_e1_improvement,0,25,1,16,40,1,1,0,1,0,0,1,0,baseline,0,0,-1,current,baseline,0,0
996,1,no_strict_e1_improvement,0,25,1,16,40,1,1,0,1,0,0,1,0,baseline,0,0,-1,current,baseline,0,0
997,1,no_strict_e1_improvement,0,25,1,16,40,1,1,0,1,0,0,1,0,baseline,0,0,-1,current,baseline,0,0
998,1,evaluated,1,16,10,7,22,2,1,1,1,1,1,1,0,component_shift_0_0,0,0,0,s1a3_greedy,component_shift_0_0,0,0
999,1,no_strict_e1_improvement,0,14,7,9,27,2,1,1,1,1,1,1,0,baseline,0,0,-1,current,baseline,0,0
1000,1,no_strict_e1_improvement,0,24,2,13,36,1,1,0,1,0,0,1,0,baseline,0,0,-1,current,baseline,0,0
1001,1,no_strict_e1_improvement,0,25,1,16,40,1,1,0,1,0,0,1,0,baseline,0,0,-1,current,baseline,0,0
1002,1,no_strict_e1_improvement,0,23,3,14,36,1,1,0,1,0,0,1,0,baseline,0,0,-1,current,baseline,0,0
1003,1,no_strict_e1_improvement,0,25,1,16,40,1,1,0,1,0,0,1,0,baseline,0,0,-1,current,baseline,0,0
1004,1,no_strict_e1_improvement,0,14,7,9,27,2,1,1,1,1,1,1,0,baseline,0,0,-1,current,baseline,0,0
1005,1,no_strict_e1_improvement,0,25,1,16,40,1,1,0,1,0,0,1,0,baseline,0,0,-1,current,baseline,0,0
1006,1,evaluated,1,17,9,7,23,2,1,1,1,1,1,1,0,component_shift_0_0,0,0,0,s1a3_greedy,component_shift_0_0,0,0
1007,1,evaluated,1,8,18,3,10,2,1,1,1,1,1,1,0,component_shift_0_0,0,0,0,s1a3_greedy,component_shift_0_0,0,0
1008,1,evaluated,1,4,19,2,8,2,1,1,1,1,1,1,0,component_shift_0_0,0,0,0,s1a3_greedy,component_shift_0_0,0,0
1009,1,no_strict_e1_improvement,0,25,1,16,40,1,1,0,1,0,0,1,0,baseline,0,0,-1,current,baseline,0,0
1010,1,no_strict_e1_improvement,0,23,3,11,33,1,1,0,1,0,0,1,0,baseline,0,0,-1,current,baseline,0,0
1011,1,no_strict_e1_improvement,0,25,1,16,40,1,1,0,1,0,0,1,0,baseline,0,0,-1,current,baseline,0,0
1012,1,evaluated,1,20,6,12,31,2,1,1,1,1,1,1,0,component_shift_0_0,0,0,0,s1a3_greedy,component_shift_0_0,0,0
1013,1,no_strict_e1_improvement,0,25,1,16,40,1,1,0,1,0,0,1,0,baseline,0,0,-1,current,baseline,0,0
1014,1,no_strict_e1_improvement,0,25,1,14,38,1,1,0,1,0,0,1,0,baseline,0,0,-1,current,baseline,0,0
1015,1,no_strict_e1_improvement,0,25,1,16,40,1,1,0,1,0,0,1,0,baseline,0,0,-1,current,baseline,0,0
1016,1,no_strict_e1_improvement,0,25,1,16,40,1,1,0,1,0,0,1,0,baseline,0,0,-1,current,baseline,0,0
1017,1,no_strict_e1_improvement,0,25,1,16,40,1,1,0,1,0,0,1,0,baseline,0,0,-1,current,baseline,0,0
1018,1,no_strict_e1_improvement,0,25,1,16,40,1,1,0,1,0,0,1,0,baseline,0,0,-1,current,baseline,0,0
1019,1,no_strict_e1_improvement,0,25,1,13,37,1,1,0,1,0,0,1,0,baseline,0,0,-1,current,baseline,0,0
1020,1,no_strict_e1_improvement,0,4,19,2,8,2,1,1,1,1,1,1,0,baseline,0,0,-1,current,baseline,0,0
1021,1,no_strict_e1_improvement,0,22,4,11,32,1,1,0,1,0,0,1,0,baseline,0,0,-1,current,baseline,0,0
1022,1,no_strict_e1_improvement,0,25,1,15,39,1,1,0,1,0,0,1,0,baseline,0,0,-1,current,baseline,0,0
1023,1,no_strict_e1_improvement,0,25,1,13,37,1,1,0,1,0,0,1,0,baseline,0,0,-1,current,baseline,0,0
1024,1,evaluated,1,6,20,2,7,2,1,1,1,1,1,1,0,component_shift_0_0,0,0,0,s1a3_greedy,component_shift_0_0,0,0
1025,1,evaluated,1,20,6,10,29,2,1,1,1,1,1,1,0,component_shift_0_0,0,0,0,s1a3_greedy,component_shift_0_0,0,0
1026,1,no_strict_e1_improvement,0,11,15,4,14,2,1,1,1,1,1,1,0,baseline,0,0,-1,current,baseline,0,0
1027,1,no_strict_e1_improvement,0,24,2,14,37,1,1,0,1,0,0,1,0,baseline,0,0,-1,current,baseline,0,0
1028,1,no_strict_e1_improvement,0,13,13,5,17,2,1,1,1,1,1,1,0,baseline,0,0,-1,current,baseline,0,0
1029,1,evaluated,1,12,5,8,28,2,1,1,1,1,1,1,0,component_shift_0_0,0,0,0,s1a3_greedy,component_shift_0_0,0,0
1030,1,no_strict_e1_improvement,0,25,1,16,40,1,1,0,1,0,0,1,0,baseline,0,0,-1,current,baseline,0,0
1031,1,no_strict_e1_improvement,0,25,1,16,40,1,1,0,1,0,0,1,0,baseline,0,0,-1,current,baseline,0,0
1032,1,evaluated,1,4,22,1,4,2,1,1,1,1,1,1,0,component_shift_0_0,0,0,0,s1a3_greedy,component_shift_0_0,0,0
1033,1,no_strict_e1_improvement,0,13,13,6,18,2,1,1,1,1,1,1,0,baseline,0,0,-1,current,baseline,0,0
1034,1,no_strict_e1_improvement,0,24,2,13,36,1,1,0,1,0,0,1,0,baseline,0,0,-1,current,baseline,0,0
1035,1,evaluated,1,7,13,4,16,2,1,1,1,1,1,1,0,component_shift_0_0,0,0,0,s1a3_greedy,component_shift_0_0,0,0
1036,1,no_strict_e1_improvement,0,25,1,14,38,1,1,0,1,0,0,1,0,baseline,0,0,-1,current,baseline,0,0
1037,1,no_strict_e1_improvement,0,22,4,12,33,1,1,0,1,0,0,1,0,baseline,0,0,-1,current,baseline,0,0
1038,1,no_strict_e1_improvement,0,25,1,16,40,1,1,0,1,0,0,1,0,baseline,0,0,-1,current,baseline,0,0
1039,1,no_strict_e1_improvement,0,25,1,14,38,1,1,0,1,0,0,1,0,baseline,0,0,-1,current,baseline,0,0
1040,1,no_strict_e1_improvement,0,25,1,13,37,1,1,0,1,0,0,1,0,baseline,0,0,-1,current,baseline,0,0
1041,1,no_strict_e1_improvement,0,25,1,16,40,1,1,0,1,0,0,1,0,baseline,0,0,-1,current,baseline,0,0
1042,1,no_strict_e1_improvement,0,25,1,16,40,1,1,0,1,0,0,1,0,baseline,0,0,-1,current,baseline,0,0
1043,1,no_strict_e1_improvement,0,25,1,16,40,1,1,0,1,0,0,1,0,baseline,0,0,-1,current,baseline,0,0
1044,1,no_strict_e1_improvement,0,22,4,13,34,1,1,0,1,0,0,1,0,baseline,0,0,-1,current,baseline,0,0
1045,1,no_strict_e1_improvement,0,23,3,14,36,1,1,0,1,0,0,1,0,baseline,0,0,-1,current,baseline,0,0
1046,1,no_strict_e1_improvement,0,11,8,8,25,2,1,1,1,1,1,1,0,baseline,0,0,-1,current,baseline,0,0
1047,1,no_strict_e1_improvement,0,23,3,14,36,1,1,0,1,0,0,1,0,baseline,0,0,-1,current,baseline,0,0
1048,1,evaluated,1,10,8,7,24,2,1,1,1,1,1,1,0,component_shift_0_0,0,0,0,s1a3_greedy,component_shift_0_0,0,0
1049,1,no_strict_e1_improvement,0,25,1,16,40,1,1,0,1,0,0,1,0,baseline,0,0,-1,current,baseline,0,0
1050,1,no_strict_e1_improvement,0,23,3,13,35,1,1,0,1,0,0,1,0,baseline,0,0,-1,current,baseline,0,0
1051,1,no_strict_e1_improvement,0,25,1,16,40,1,1,0,1,0,0,1,0,baseline,0,0,-1,current,baseline,0,0
1052,1,no_strict_e1_improvement,0,25,1,16,40,1,1,0,1,0,0,1,0,baseline,0,0,-1,current,baseline,0,0
1053,1,evaluated,1,20,6,12,31,2,1,1,1,1,1,1,0,component_shift_0_0,0,0,0,s1a3_greedy,component_shift_0_0,0,0
1054,1,no_strict_e1_improvement,0,25,1,16,40,1,1,0,1,0,0,1,0,baseline,0,0,-1,current,baseline,0,0
1055,1,no_strict_e1_improvement,0,25,1,14,38,1,1,0,1,0,0,1,0,baseline,0,0,-1,current,baseline,0,0
1056,1,evaluated,1,22,4,13,34,2,1,1,1,1,1,1,0,component_shift_0_0,0,0,0,s1a3_greedy,component_shift_0_0,0,0
1057,1,no_strict_e1_improvement,0,25,1,16,40,1,1,0,1,0,0,1,0,baseline,0,0,-1,current,baseline,0,0
1058,1,no_strict_e1_improvement,0,15,2,12,35,1,1,0,1,0,0,1,0,baseline,0,0,-1,current,baseline,0,0
1059,1,no_strict_e1_improvement,0,18,8,10,27,1,1,0,1,0,0,1,0,baseline,0,0,-1,current,baseline,0,0
1060,1,evaluated,1,11,15,4,14,2,1,1,1,1,1,1,0,component_shift_0_0,0,0,0,s1a3_greedy,component_shift_0_0,0,0
1061,1,no_strict_e1_improvement,0,25,1,14,38,1,1,0,1,0,0,1,0,baseline,0,0,-1,current,baseline,0,0
1062,1,no_strict_e1_improvement,0,25,1,16,40,1,1,0,1,0,0,1,0,baseline,0,0,-1,current,baseline,0,0
1063,1,no_strict_e1_improvement,0,25,1,16,40,1,1,0,1,0,0,1,0,baseline,0,0,-1,current,baseline,0,0
1064,1,no_strict_e1_improvement,0,20,6,12,31,2,1,1,1,1,1,1,0,baseline,0,0,-1,current,baseline,0,0
1065,1,no_strict_e1_improvement,0,25,1,16,40,1,1,0,1,0,0,1,0,baseline,0,0,-1,current,baseline,0,0
1066,1,no_strict_e1_improvement,0,25,1,16,40,1,1,0,1,0,0,1,0,baseline,0,0,-1,current,baseline,0,0
1067,1,no_strict_e1_improvement,0,23,3,14,36,1,1,0,1,0,0,1,0,baseline,0,0,-1,current,baseline,0,0
1068,1,no_strict_e1_improvement,0,25,1,14,39,1,1,0,1,0,0,1,0,baseline,0,0,-1,current,baseline,0,0
1069,1,evaluated,1,14,7,9,27,2,1,1,1,1,1,1,0,component_shift_0_0,0,0,0,s1a3_greedy,component_shift_0_0,0,0
1070,1,no_strict_e1_improvement,0,25,1,16,40,1,1,0,1,0,0,1,0,baseline,0,0,-1,current,baseline,0,0
1071,1,no_strict_e1_improvement,0,25,1,16,40,1,1,0,1,0,0,1,0,baseline,0,0,-1,current,baseline,0,0
1072,1,no_strict_e1_improvement,0,25,1,16,40,1,1,0,1,0,0,1,0,baseline,0,0,-1,current,baseline,0,0
1073,1,no_strict_e1_improvement,0,25,1,16,40,1,1,0,1,0,0,1,0,baseline,0,0,-1,current,baseline,0,0
1074,1,no_strict_e1_improvement,0,25,1,16,40,1,1,0,1,0,0,1,0,baseline,0,0,-1,current,baseline,0,0
1075,1,evaluated,1,16,10,7,22,2,1,1,1,1,1,1,0,component_shift_0_0,0,0,0,s1a3_greedy,component_shift_0_0,0,0
1076,1,no_strict_e1_improvement,0,25,1,16,40,1,1,0,1,0,0,1,0,baseline,0,0,-1,current,baseline,0,0
1077,1,no_strict_e1_improvement,0,25,1,14,38,1,1,0,1,0,0,1,0,baseline,0,0,-1,current,baseline,0,0
1078,1,no_strict_e1_improvement,0,15,2,12,35,1,1,0,1,0,0,1,0,baseline,0,0,-1,current,baseline,0,0
1079,1,evaluated,1,18,8,8,25,2,1,1,1,1,1,1,0,component_shift_0_0,0,0,0,s1a3_greedy,component_shift_0_0,0,0
1080,1,no_strict_e1_improvement,0,25,1,16,40,1,1,0,1,0,0,1,0,baseline,0,0,-1,current,baseline,0,0
1081,1,evaluated,1,18,8,8,25,2,1,1,1,1,1,1,0,component_shift_0_0,0,0,0,s1a3_greedy,component_shift_0_0,0,0
1082,1,no_strict_e1_improvement,0,24,2,13,36,1,1,0,1,0,0,1,0,baseline,0,0,-1,current,baseline,0,0
1083,1,no_strict_e1_improvement,0,25,1,16,40,1,1,0,1,0,0,1,0,baseline,0,0,-1,current,baseline,0,0
1084,1,evaluated,1,12,5,9,29,2,1,1,1,1,1,1,0,component_shift_0_0,0,0,0,s1a3_greedy,component_shift_0_0,0,0
1085,1,no_strict_e1_improvement,0,8,18,3,10,2,1,1,1,1,1,1,0,baseline,0,0,-1,current,baseline,0,0
1086,1,no_strict_e1_improvement,0,25,1,15,39,1,1,0,1,0,0,1,0,baseline,0,0,-1,current,baseline,0,0
1087,1,evaluated,1,15,11,7,21,2,1,1,1,1,1,1,0,component_shift_0_0,0,0,0,s1a3_greedy,component_shift_0_0,0,0
1088,1,no_strict_e1_improvement,0,25,1,16,40,1,1,0,1,0,0,1,0,baseline,0,0,-1,current,baseline,0,0
1089,1,no_strict_e1_improvement,0,9,9,7,23,2,1,1,1,1,1,1,0,baseline,0,0,-1,current,baseline,0,0
1090,1,small_component,0,1,25,0,0,0,0,0,0,0,1,1,0,current,0,0,-1,current,current,0,0
1091,1,evaluated,1,15,4,11,32,2,1,1,1,1,1,1,0,component_shift_0_0,0,0,0,s1a3_greedy,component_shift_0_0,0,0
1092,1,no_strict_e1_improvement,0,25,1,16,40,1,1,0,1,0,0,1,0,baseline,0,0,-1,current,baseline,0,0
1093,1,no_strict_e1_improvement,0,25,1,16,40,1,1,0,1,0,0,1,0,baseline,0,0,-1,current,baseline,0,0
1094,1,no_strict_e1_improvement,0,25,1,16,40,1,1,0,1,0,0,1,0,baseline,0,0,-1,current,baseline,0,0
1095,1,evaluated,1,17,9,8,24,2,1,1,1,1,1,1,0,component_shift_0_0,0,0,0,s1a3_greedy,component_shift_0_0,0,0
1096,1,no_strict_e1_improvement,0,15,2,12,35,1,1,0,1,0,0,1,0,baseline,0,0,-1,current,baseline,0,0
1097,1,no_strict_e1_improvement,0,22,4,13,34,1,1,0,1,0,0,1,0,baseline,0,0,-1,current,baseline,0,0
1098,1,no_strict_e1_improvement,0,24,2,14,37,1,1,0,1,0,0,1,0,baseline,0,0,-1,current,baseline,0,0
1099,1,no_strict_e1_improvement,0,24,2,14,37,1,1,0,1,0,0,1,0,baseline,0,0,-1,current,baseline,0,0
1100,1,no_strict_e1_improvement,0,24,2,15,38,1,1,0,1,0,0,1,0,baseline,0,0,-1,current,baseline,0,0
1101,1,no_strict_e1_improvement,0,25,1,13,37,1,1,0,1,0,0,1,0,baseline,0,0,-1,current,baseline,0,0
1102,1,no_strict_e1_improvement,0,20,6,11,30,1,1,0,1,0,0,1,0,baseline,0,0,-1,current,baseline,0,0
1103,1,evaluated,1,13,10,7,22,2,1,1,1,1,1,1,0,component_shift_0_0,0,0,0,s1a3_greedy,component_shift_0_0,0,0
1104,1,no_strict_e1_improvement,0,25,1,16,40,1,1,0,1,0,0,1,0,baseline,0,0,-1,current,baseline,0,0
1105,1,no_strict_e1_improvement,0,25,1,16,40,1,1,0,1,0,0,1,0,baseline,0,0,-1,current,baseline,0,0
1106,1,no_strict_e1_improvement,0,23,3,14,36,1,1,0,1,0,0,1,0,baseline,0,0,-1,current,baseline,0,0
1107,1,evaluated,1,4,22,1,4,2,1,1,1,1,1,1,0,component_shift_0_0,0,0,0,s1a3_greedy,component_shift_0_0,0,0
1108,1,no_strict_e1_improvement,0,25,1,14,38,1,1,0,1,0,0,1,0,baseline,0,0,-1,current,baseline,0,0
1109,1,no_strict_e1_improvement,0,25,1,14,39,1,1,0,1,0,0,1,0,baseline,0,0,-1,current,baseline,0,0
1110,1,no_strict_e1_improvement,0,19,7,10,28,1,1,0,1,0,0,1,0,baseline,0,0,-1,current,baseline,0,0
1111,1,no_strict_e1_improvement,0,25,1,16,40,1,1,0,1,0,0,1,0,baseline,0,0,-1,current,baseline,0,0
1112,1,evaluated,1,17,9,9,25,2,1,1,1,1,1,1,0,component_shift_0_0,0,0,0,s1a3_greedy,component_shift_0_0,0,0
1113,1,no_strict_e1_improvement,0,25,1,16,40,1,1,0,1,0,0,1,0,baseline,0,0,-1,current,baseline,0,0
1114,1,no_strict_e1_improvement,0,25,1,16,40,1,1,0,1,0,0,1,0,baseline,0,0,-1,current,baseline,0,0
1115,1,evaluated,1,16,10,8,23,2,1,1,1,1,1,1,0,component_shift_0_0,0,0,0,s1a3_greedy,component_shift_0_0,0,0
1116,1,no_strict_e1_improvement,0,25,1,16,40,1,1,0,1,0,0,1,0,baseline,0,0,-1,current,baseline,0,0
1117,1,no_strict_e1_improvement,0,25,1,13,37,1,1,0,1,0,0,1,0,baseline,0,0,-1,current,baseline,0,0
1118,1,no_strict_e1_improvement,0,24,2,14,37,1,1,0,1,0,0,1,0,baseline,0,0,-1,current,baseline,0,0
1119,1,no_strict_e1_improvement,0,25,1,16,40,1,1,0,1,0,0,1,0,baseline,0,0,-1,current,baseline,0,0
1120,1,no_strict_e1_improvement,0,15,2,12,35,1,1,0,1,0,0,1,0,baseline,0,0,-1,current,baseline,0,0
1121,1,evaluated,1,9,17,3,11,2,1,1,1,1,1,1,0,component_shift_0_0,0,0,0,s1a3_greedy,component_shift_0_0,0,0
1122,1,no_strict_e1_improvement,0,25,1,16,40,1,1,0,1,0,0,1,0,baseline,0,0,-1,current,baseline,0,0
1123,1,no_strict_e1_improvement,0,22,4,13,34,2,1,1,1,1,1,1,0,baseline,0,0,-1,current,baseline,0,0
1124,1,no_strict_e1_improvement,0,23,3,12,34,1,1,0,1,0,0,1,0,baseline,0,0,-1,current,baseline,0,0
1125,1,evaluated,1,22,4,13,34,2,1,1,1,1,1,1,0,component_shift_0_0,0,0,0,s1a3_greedy,component_shift_0_0,0,0
1126,1,evaluated,1,22,4,13,34,2,1,1,1,1,1,1,0,component_shift_0_0,0,0,0,s1a3_greedy,component_shift_0_0,0,0
1127,1,no_strict_e1_improvement,0,25,1,16,40,1,1,0,1,0,0,1,0,baseline,0,0,-1,current,baseline,0,0
1128,1,no_strict_e1_improvement,0,25,1,16,40,1,1,0,1,0,0,1,0,baseline,0,0,-1,current,baseline,0,0
1129,1,no_strict_e1_improvement,0,16,2,11,34,2,1,1,1,1,1,1,0,baseline,0,0,-1,current,baseline,0,0
1130,1,no_strict_e1_improvement,0,25,1,16,40,1,1,0,1,0,0,1,0,baseline,0,0,-1,current,baseline,0,0
1131,1,evaluated,1,10,9,7,23,2,1,1,1,1,1,1,0,component_shift_0_0,0,0,0,s1a3_greedy,component_shift_0_0,0,0
1132,1,no_strict_e1_improvement,0,23,3,11,34,1,1,0,1,0,0,1,0,baseline,0,0,-1,current,baseline,0,0
1133,1,no_strict_e1_improvement,0,25,1,16,40,1,1,0,1,0,0,1,0,baseline,0,0,-1,current,baseline,0,0
1134,1,no_strict_e1_improvement,0,25,1,16,40,1,1,0,1,0,0,1,0,baseline,0,0,-1,current,baseline,0,0
1135,1,no_strict_e1_improvement,0,20,3,11,33,2,1,1,1,1,1,1,0,baseline,0,0,-1,current,baseline,0,0
1136,1,no_strict_e1_improvement,0,25,1,14,38,1,1,0,1,0,0,1,0,baseline,0,0,-1,current,baseline,0,0
1137,1,evaluated,1,21,5,12,32,2,1,1,1,1,1,1,0,component_shift_0_0,0,0,0,s1a3_greedy,component_shift_0_0,0,0
1138,1,no_strict_e1_improvement,0,24,2,14,37,1,1,0,1,0,0,1,0,baseline,0,0,-1,current,baseline,0,0
1139,1,no_strict_e1_improvement,0,25,1,16,40,1,1,0,1,0,0,1,0,baseline,0,0,-1,current,baseline,0,0
1140,1,no_strict_e1_improvement,0,23,3,13,35,1,1,0,1,0,0,1,0,baseline,0,0,-1,current,baseline,0,0
1141,1,no_strict_e1_improvement,0,24,2,12,35,1,1,0,1,0,0,1,0,baseline,0,0,-1,current,baseline,0,0
1142,1,no_strict_e1_improvement,0,12,5,9,29,1,1,0,1,0,0,1,0,baseline,0,0,-1,current,baseline,0,0
1143,1,no_strict_e1_improvement,0,21,5,11,31,1,1,0,1,0,0,1,0,baseline,0,0,-1,current,baseline,0,0
1144,1,no_strict_e1_improvement,0,25,1,16,40,1,1,0,1,0,0,1,0,baseline,0,0,-1,current,baseline,0,0
1145,1,evaluated,1,13,13,5,17,2,1,1,1,1,1,1,0,component_shift_0_0,0,0,0,s1a3_greedy,component_shift_0_0,0,0
1146,1,no_strict_e1_improvement,0,25,1,16,40,1,1,0,1,0,0,1,0,baseline,0,0,-1,current,baseline,0,0
1147,1,no_strict_e1_improvement,0,25,1,14,39,1,1,0,1,0,0,1,0,baseline,0,0,-1,current,baseline,0,0
1148,1,evaluated,1,17,9,9,25,2,1,1,1,1,1,1,0,component_shift_0_0,0,0,0,s1a3_greedy,component_shift_0_0,0,0
1149,1,evaluated,1,4,22,1,4,2,1,1,1,1,1,1,0,component_shift_0_0,0,0,0,s1a3_greedy,component_shift_0_0,0,0
1150,1,evaluated,1,9,17,3,11,2,1,1,1,1,1,1,0,component_shift_0_0,0,0,0,s1a3_greedy,component_shift_0_0,0,0
1151,1,no_strict_e1_improvement,0,25,1,16,40,1,1,0,1,0,0,1,0,baseline,0,0,-1,current,baseline,0,0
1152,1,no_strict_e1_improvement,0,22,4,13,34,1,1,0,1,0,0,1,0,baseline,0,0,-1,current,baseline,0,0
1153,1,no_strict_e1_improvement,0,10,9,7,23,2,1,1,1,1,1,1,0,baseline,0,0,-1,current,baseline,0,0
1154,1,no_strict_e1_improvement,0,25,1,16,40,1,1,0,1,0,0,1,0,baseline,0,0,-1,current,baseline,0,0
1155,1,no_strict_e1_improvement,0,23,3,13,35,1,1,0,1,0,0,1,0,baseline,0,0,-1,current,baseline,0,0
1156,1,no_strict_e1_improvement,0,15,2,11,34,1,1,0,1,0,0,1,0,baseline,0,0,-1,current,baseline,0,0
1157,1,no_strict_e1_improvement,0,21,5,11,31,2,1,1,1,1,1,1,0,baseline,0,0,-1,current,baseline,0,0
1158,1,no_strict_e1_improvement,0,18,8,8,25,1,1,0,1,0,0,1,0,baseline,0,0,-1,current,baseline,0,0
1159,1,no_strict_e1_improvement,0,25,1,14,38,1,1,0,1,0,0,1,0,baseline,0,0,-1,current,baseline,0,0
1160,1,no_strict_e1_improvement,0,21,5,12,32,1,1,0,1,0,0,1,0,baseline,0,0,-1,current,baseline,0,0
1161,1,no_strict_e1_improvement,0,25,1,14,39,1,1,0,1,0,0,1,0,baseline,0,0,-1,current,baseline,0,0
1162,1,no_strict_e1_improvement,0,25,1,16,40,1,1,0,1,0,0,1,0,baseline,0,0,-1,current,baseline,0,0
1163,1,no_strict_e1_improvement,0,20,6,12,31,1,1,0,1,0,0,1,0,baseline,0,0,-1,current,baseline,0,0
1164,1,no_strict_e1_improvement,0,25,1,16,40,1,1,0,1,0,0,1,0,baseline,0,0,-1,current,baseline,0,0
1165,1,no_strict_e1_improvement,0,25,1,14,38,1,1,0,1,0,0,1,0,baseline,0,0,-1,current,baseline,0,0
1166,1,no_strict_e1_improvement,0,25,1,16,40,1,1,0,1,0,0,1,0,baseline,0,0,-1,current,baseline,0,0
1167,1,no_strict_e1_improvement,0,25,1,16,40,1,1,0,1,0,0,1,0,baseline,0,0,-1,current,baseline,0,0
1168,1,no_strict_e1_improvement,0,23,3,12,35,1,1,0,1,0,0,1,0,baseline,0,0,-1,current,baseline,0,0
1169,1,small_component,0,1,25,0,0,0,0,0,0,0,1,1,0,current,0,0,-1,current,current,0,0
1170,1,no_strict_e1_improvement,0,25,1,16,40,1,1,0,1,0,0,1,0,baseline,0,0,-1,current,baseline,0,0
1171,1,evaluated,1,13,7,8,26,2,1,1,1,1,1,1,0,component_shift_0_0,0,0,0,s1a3_greedy,component_shift_0_0,0,0
1172,1,no_strict_e1_improvement,0,22,4,13,34,1,1,0,1,0,0,1,0,baseline,0,0,-1,current,baseline,0,0
1173,1,no_strict_e1_improvement,0,23,3,14,36,1,1,0,1,0,0,1,0,baseline,0,0,-1,current,baseline,0,0
1174,1,no_strict_e1_improvement,0,25,1,16,40,1,1,0,1,0,0,1,0,baseline,0,0,-1,current,baseline,0,0
1175,1,no_strict_e1_improvement,0,23,3,12,34,1,1,0,1,0,0,1,0,baseline,0,0,-1,current,baseline,0,0
1176,1,no_strict_e1_improvement,0,25,1,16,40,1,1,0,1,0,0,1,0,baseline,0,0,-1,current,baseline,0,0
1177,1,no_strict_e1_improvement,0,25,1,15,39,1,1,0,1,0,0,1,0,baseline,0,0,-1,current,baseline,0,0
1178,1,no_strict_e1_improvement,0,22,4,11,32,1,1,0,1,0,0,1,0,baseline,0,0,-1,current,baseline,0,0
1179,1,evaluated,1,22,4,13,34,2,1,1,1,1,1,1,0,component_shift_0_0,0,0,0,s1a3_greedy,component_shift_0_0,0,0
1180,1,no_strict_e1_improvement,0,23,3,14,36,1,1,0,1,0,0,1,0,baseline,0,0,-1,current,baseline,0,0
1181,1,no_strict_e1_improvement,0,6,17,3,11,2,1,1,1,1,1,1,0,baseline,0,0,-1,current,baseline,0,0
1182,1,no_strict_e1_improvement,0,25,1,16,40,1,1,0,1,0,0,1,0,baseline,0,0,-1,current,baseline,0,0
1183,1,no_strict_e1_improvement,0,20,6,12,31,1,1,0,1,0,0,1,0,baseline,0,0,-1,current,baseline,0,0
1184,1,no_strict_e1_improvement,0,25,1,15,39,1,1,0,1,0,0,1,0,baseline,0,0,-1,current,baseline,0,0
1185,1,no_strict_e1_improvement,0,25,1,16,40,1,1,0,1,0,0,1,0,baseline,0,0,-1,current,baseline,0,0
1186,1,no_strict_e1_improvement,0,22,4,11,32,1,1,0,1,0,0,1,0,baseline,0,0,-1,current,baseline,0,0
1187,1,no_strict_e1_improvement,0,19,2,12,35,1,1,0,1,0,0,1,0,baseline,0,0,-1,current,baseline,0,0
1188,1,evaluated,1,23,3,11,33,2,1,1,1,1,1,1,0,component_shift_0_0,0,0,0,s1a3_greedy,component_shift_0_0,0,0
1189,1,no_strict_e1_improvement,0,25,1,16,40,1,1,0,1,0,0,1,0,baseline,0,0,-1,current,baseline,0,0
1190,1,no_strict_e1_improvement,0,9,14,5,16,2,1,1,1,1,1,1,0,baseline,0,0,-1,current,baseline,0,0
1191,1,no_strict_e1_improvement,0,22,4,13,34,1,1,0,1,0,0,1,0,baseline,0,0,-1,current,baseline,0,0
1192,1,no_strict_e1_improvement,0,25,1,16,40,1,1,0,1,0,0,1,0,baseline,0,0,-1,current,baseline,0,0
1193,1,no_strict_e1_improvement,0,25,1,16,40,1,1,0,1,0,0,1,0,baseline,0,0,-1,current,baseline,0,0
1194,1,no_strict_e1_improvement,0,23,3,14,36,1,1,0,1,0,0,1,0,baseline,0,0,-1,current,baseline,0,0
1195,1,no_strict_e1_improvement,0,25,1,15,39,1,1,0,1,0,0,1,0,baseline,0,0,-1,current,baseline,0,0
1196,1,no_strict_e1_improvement,0,21,5,12,32,1,1,0,1,0,0,1,0,baseline,0,0,-1,current,baseline,0,0
1197,1,no_strict_e1_improvement,0,25,1,16,40,1,1,0,1,0,0,1,0,baseline,0,0,-1,current,baseline,0,0
1198,1,no_strict_e1_improvement,0,23,3,14,36,1,1,0,1,0,0,1,0,baseline,0,0,-1,current,baseline,0,0
1199,1,no_strict_e1_improvement,0,23,3,12,34,1,1,0,1,0,0,1,0,baseline,0,0,-1,current,baseline,0,0
1200,1,evaluated,1,9,17,4,12,2,1,1,1,1,1,1,0,component_shift_0_0,0,0,0,s1a3_greedy,component_shift_0_0,0,0
1201,1,no_strict_e1_improvement,0,22,4,12,33,1,1,0,1,0,0,1,0,baseline,0,0,-1,current,baseline,0,0
1202,1,evaluated,1,22,4,13,34,2,1,1,1,1,1,1,0,component_shift_0_0,0,0,0,s1a3_greedy,component_shift_0_0,0,0
1203,1,evaluated,1,16,10,8,23,2,1,1,1,1,1,1,0,component_shift_0_0,0,0,0,s1a3_greedy,component_shift_0_0,0,0
1204,1,no_strict_e1_improvement,0,25,1,14,39,1,1,0,1,0,0,1,0,baseline,0,0,-1,current,baseline,0,0
1205,1,no_strict_e1_improvement,0,25,1,16,40,1,1,0,1,0,0,1,0,baseline,0,0,-1,current,baseline,0,0
1206,1,no_strict_e1_improvement,0,25,1,16,40,1,1,0,1,0,0,1,0,baseline,0,0,-1,current,baseline,0,0
1207,1,no_strict_e1_improvement,0,25,1,16,40,1,1,0,1,0,0,1,0,baseline,0,0,-1,current,baseline,0,0
1208,1,no_strict_e1_improvement,0,25,1,14,38,1,1,0,1,0,0,1,0,baseline,0,0,-1,current,baseline,0,0
1209,1,no_strict_e1_improvement,0,15,2,12,35,2,1,1,1,1,1,1,0,baseline,0,0,-1,current,baseline,0,0
1210,1,no_strict_e1_improvement,0,24,2,15,38,1,1,0,1,0,0,1,0,baseline,0,0,-1,current,baseline,0,0
1211,1,no_strict_e1_improvement,0,24,2,13,36,1,1,0,1,0,0,1,0,baseline,0,0,-1,current,baseline,0,0
1212,1,no_strict_e1_improvement,0,25,1,16,40,1,1,0,1,0,0,1,0,baseline,0,0,-1,current,baseline,0,0
1213,1,no_strict_e1_improvement,0,25,1,16,40,1,1,0,1,0,0,1,0,baseline,0,0,-1,current,baseline,0,0
1214,1,no_strict_e1_improvement,0,25,1,16,40,1,1,0,1,0,0,1,0,baseline,0,0,-1,current,baseline,0,0
1215,1,no_strict_e1_improvement,0,25,1,16,40,1,1,0,1,0,0,1,0,baseline,0,0,-1,current,baseline,0,0
1216,1,no_strict_e1_improvement,0,18,5,10,30,2,1,1,1,1,1,1,0,baseline,0,0,-1,current,baseline,0,0
1217,1,no_strict_e1_improvement,0,25,1,14,39,1,1,0,1,0,0,1,0,baseline,0,0,-1,current,baseline,0,0
1218,1,no_strict_e1_improvement,0,25,1,15,39,1,1,0,1,0,0,1,0,baseline,0,0,-1,current,baseline,0,0
1219,1,no_strict_e1_improvement,0,25,1,14,38,1,1,0,1,0,0,1,0,baseline,0,0,-1,current,baseline,0,0
1220,1,no_strict_e1_improvement,0,25,1,16,40,1,1,0,1,0,0,1,0,baseline,0,0,-1,current,baseline,0,0
1221,1,no_strict_e1_improvement,0,25,1,16,40,1,1,0,1,0,0,1,0,baseline,0,0,-1,current,baseline,0,0
1222,1,no_strict_e1_improvement,0,15,8,9,26,2,1,1,1,1,1,1,0,baseline,0,0,-1,current,baseline,0,0
1223,1,no_strict_e1_improvement,0,24,2,10,33,1,1,0,1,0,0,1,0,baseline,0,0,-1,current,baseline,0,0
1224,1,no_strict_e1_improvement,0,25,1,16,40,1,1,0,1,0,0,1,0,baseline,0,0,-1,current,baseline,0,0
1225,1,no_strict_e1_improvement,0,25,1,16,40,1,1,0,1,0,0,1,0,baseline,0,0,-1,current,baseline,0,0
1226,1,no_strict_e1_improvement,0,16,10,8,23,2,1,1,1,1,1,1,0,baseline,0,0,-1,current,baseline,0,0
1227,1,no_strict_e1_improvement,0,25,1,16,40,1,1,0,1,0,0,1,0,baseline,0,0,-1,current,baseline,0,0
1228,1,no_strict_e1_improvement,0,23,3,12,34,1,1,0,1,0,0,1,0,baseline,0,0,-1,current,baseline,0,0
1229,1,evaluated,1,15,6,10,29,2,1,1,1,1,1,1,0,component_shift_0_0,0,0,0,s1a3_greedy,component_shift_0_0,0,0
1230,1,no_strict_e1_improvement,0,17,9,8,24,2,1,1,1,1,1,1,0,baseline,0,0,-1,current,baseline,0,0
1231,1,no_strict_e1_improvement,0,24,2,15,38,1,1,0,1,0,0,1,0,baseline,0,0,-1,current,baseline,0,0
1232,1,no_strict_e1_improvement,0,25,1,14,38,1,1,0,1,0,0,1,0,baseline,0,0,-1,current,baseline,0,0
1233,1,no_strict_e1_improvement,0,25,1,14,39,1,1,0,1,0,0,1,0,baseline,0,0,-1,current,baseline,0,0
1234,1,no_strict_e1_improvement,0,24,2,15,38,1,1,0,1,0,0,1,0,baseline,0,0,-1,current,baseline,0,0
1235,1,no_strict_e1_improvement,0,25,1,16,40,1,1,0,1,0,0,1,0,baseline,0,0,-1,current,baseline,0,0
1236,1,no_strict_e1_improvement,0,25,1,13,37,1,1,0,1,0,0,1,0,baseline,0,0,-1,current,baseline,0,0
1237,1,no_strict_e1_improvement,0,19,7,10,28,1,1,0,1,0,0,1,0,baseline,0,0,-1,current,baseline,0,0
1238,1,no_strict_e1_improvement,0,15,2,12,35,1,1,0,1,0,0,1,0,baseline,0,0,-1,current,baseline,0,0
1239,1,evaluated,1,4,19,2,8,2,1,1,1,1,1,1,0,component_shift_0_0,0,0,0,s1a3_greedy,component_shift_0_0,0,0
1240,1,no_strict_e1_improvement,0,10,5,9,29,1,1,0,1,0,0,1,0,baseline,0,0,-1,current,baseline,0,0
1241,1,evaluated,1,23,3,14,36,2,1,1,1,1,1,1,0,component_shift_0_0,0,0,0,s1a3_greedy,component_shift_0_0,0,0
1242,1,no_strict_e1_improvement,0,22,4,12,33,1,1,0,1,0,0,1,0,baseline,0,0,-1,current,baseline,0,0
1243,1,evaluated,1,21,5,12,32,2,1,1,1,1,1,1,0,component_shift_0_0,0,0,0,s1a3_greedy,component_shift_0_0,0,0
1244,1,evaluated,1,8,12,5,18,2,1,1,1,1,1,1,0,component_shift_0_0,0,0,0,s1a3_greedy,component_shift_0_0,0,0
1245,1,evaluated,1,20,6,11,30,2,1,1,1,1,1,1,0,component_shift_0_0,0,0,0,s1a3_greedy,component_shift_0_0,0,0
1246,1,no_strict_e1_improvement,0,25,1,16,40,1,1,0,1,0,0,1,0,baseline,0,0,-1,current,baseline,0,0
1247,1,no_strict_e1_improvement,0,21,5,9,29,1,1,0,1,0,0,1,0,baseline,0,0,-1,current,baseline,0,0
1248,1,no_strict_e1_improvement,0,25,1,16,40,1,1,0,1,0,0,1,0,baseline,0,0,-1,current,baseline,0,0
1249,1,no_strict_e1_improvement,0,25,1,14,38,1,1,0,1,0,0,1,0,baseline,0,0,-1,current,baseline,0,0
1250,1,no_strict_e1_improvement,0,25,1,16,40,1,1,0,1,0,0,1,0,baseline,0,0,-1,current,baseline,0,0
1251,1,no_strict_e1_improvement,0,25,1,16,40,1,1,0,1,0,0,1,0,baseline,0,0,-1,current,baseline,0,0
1252,1,no_strict_e1_improvement,0,23,3,14,36,1,1,0,1,0,0,1,0,baseline,0,0,-1,current,baseline,0,0
1253,1,no_strict_e1_improvement,0,25,1,14,38,1,1,0,1,0,0,1,0,baseline,0,0,-1,current,baseline,0,0
1254,1,no_strict_e1_improvement,0,15,2,12,35,1,1,0,1,0,0,1,0,baseline,0,0,-1,current,baseline,0,0
1255,1,no_strict_e1_improvement,0,23,3,12,34,1,1,0,1,0,0,1,0,baseline,0,0,-1,current,baseline,0,0
1256,1,no_strict_e1_improvement,0,24,2,14,37,1,1,0,1,0,0,1,0,baseline,0,0,-1,current,baseline,0,0
1257,1,no_strict_e1_improvement,0,23,3,14,36,1,1,0,1,0,0,1,0,baseline,0,0,-1,current,baseline,0,0
1258,1,no_strict_e1_improvement,0,25,1,16,40,1,1,0,1,0,0,1,0,baseline,0,0,-1,current,baseline,0,0
1259,1,no_strict_e1_improvement,0,25,1,16,40,1,1,0,1,0,0,1,0,baseline,0,0,-1,current,baseline,0,0
1260,1,no_strict_e1_improvement,0,25,1,16,40,1,1,0,1,0,0,1,0,baseline,0,0,-1,current,baseline,0,0
1261,1,evaluated,1,19,7,10,28,2,1,1,1,1,1,1,0,component_shift_0_0,0,0,0,s1a3_greedy,component_shift_0_0,0,0
1262,1,no_strict_e1_improvement,0,25,1,15,39,1,1,0,1,0,0,1,0,baseline,0,0,-1,current,baseline,0,0
1263,1,evaluated,1,7,16,3,12,2,1,1,1,1,1,1,0,component_shift_0_0,0,0,0,s1a3_greedy,component_shift_0_0,0,0
1264,1,no_strict_e1_improvement,0,25,1,16,40,1,1,0,1,0,0,1,0,baseline,0,0,-1,current,baseline,0,0
1265,1,no_strict_e1_improvement,0,24,2,14,37,1,1,0,1,0,0,1,0,baseline,0,0,-1,current,baseline,0,0
1266,1,no_strict_e1_improvement,0,25,1,13,37,1,1,0,1,0,0,1,0,baseline,0,0,-1,current,baseline,0,0
1267,1,no_strict_e1_improvement,0,25,1,16,40,1,1,0,1,0,0,1,0,baseline,0,0,-1,current,baseline,0,0
1268,1,no_strict_e1_improvement,0,23,3,13,35,1,1,0,1,0,0,1,0,baseline,0,0,-1,current,baseline,0,0
1269,1,evaluated,1,12,7,8,26,2,1,1,1,1,1,1,0,component_shift_0_0,0,0,0,s1a3_greedy,component_shift_0_0,0,0
1270,1,no_strict_e1_improvement,0,25,1,16,40,1,1,0,1,0,0,1,0,baseline,0,0,-1,current,baseline,0,0
1271,1,no_strict_e1_improvement,0,25,1,16,40,1,1,0,1,0,0,1,0,baseline,0,0,-1,current,baseline,0,0
1272,1,no_strict_e1_improvement,0,25,1,14,38,1,1,0,1,0,0,1,0,baseline,0,0,-1,current,baseline,0,0
1273,1,evaluated,1,19,7,9,27,2,1,1,1,1,1,1,0,component_shift_0_0,0,0,0,s1a3_greedy,component_shift_0_0,0,0
1274,1,no_strict_e1_improvement,0,23,3,13,35,1,1,0,1,0,0,1,0,baseline,0,0,-1,current,baseline,0,0
1275,1,no_strict_e1_improvement,0,23,3,14,36,1,1,0,1,0,0,1,0,baseline,0,0,-1,current,baseline,0,0
1276,1,evaluated,1,20,6,11,30,2,1,1,1,1,1,1,0,component_shift_0_0,0,0,0,s1a3_greedy,component_shift_0_0,0,0
1277,1,no_strict_e1_improvement,0,25,1,16,40,1,1,0,1,0,0,1,0,baseline,0,0,-1,current,baseline,0,0
1278,1,no_strict_e1_improvement,0,21,5,11,31,1,1,0,1,0,0,1,0,baseline,0,0,-1,current,baseline,0,0
1279,1,evaluated,1,20,6,12,31,2,1,1,1,1,1,1,0,component_shift_0_0,0,0,0,s1a3_greedy,component_shift_0_0,0,0
1280,1,no_strict_e1_improvement,0,25,1,16,40,1,1,0,1,0,0,1,0,baseline,0,0,-1,current,baseline,0,0
1281,1,no_strict_e1_improvement,0,23,3,12,34,2,1,1,1,1,1,1,0,baseline,0,0,-1,current,baseline,0,0
1282,1,no_strict_e1_improvement,0,21,2,12,35,2,1,1,1,1,1,1,0,baseline,0,0,-1,current,baseline,0,0
1283,1,no_strict_e1_improvement,0,25,1,15,39,1,1,0,1,0,0,1,0,baseline,0,0,-1,current,baseline,0,0
1284,1,no_strict_e1_improvement,0,25,1,16,40,1,1,0,1,0,0,1,0,baseline,0,0,-1,current,baseline,0,0
1285,1,no_strict_e1_improvement,0,22,4,13,34,1,1,0,1,0,0,1,0,baseline,0,0,-1,current,baseline,0,0
1286,1,no_strict_e1_improvement,0,25,1,15,39,1,1,0,1,0,0,1,0,baseline,0,0,-1,current,baseline,0,0
1287,1,no_strict_e1_improvement,0,25,1,12,36,1,1,0,1,0,0,1,0,baseline,0,0,-1,current,baseline,0,0
1288,1,no_strict_e1_improvement,0,25,1,16,40,1,1,0,1,0,0,1,0,baseline,0,0,-1,current,baseline,0,0
1289,1,no_strict_e1_improvement,0,25,1,14,39,1,1,0,1,0,0,1,0,baseline,0,0,-1,current,baseline,0,0
1290,1,no_strict_e1_improvement,0,13,2,11,34,1,1,0,1,0,0,1,0,baseline,0,0,-1,current,baseline,0,0
1291,1,evaluated,1,21,5,12,32,2,1,1,1,1,1,1,0,component_shift_0_0,0,0,0,s1a3_greedy,component_shift_0_0,0,0
1292,1,no_strict_e1_improvement,0,23,3,14,36,1,1,0,1,0,0,1,0,baseline,0,0,-1,current,baseline,0,0
1293,1,no_strict_e1_improvement,0,25,1,16,40,1,1,0,1,0,0,1,0,baseline,0,0,-1,current,baseline,0,0
1294,1,no_strict_e1_improvement,0,25,1,16,40,1,1,0,1,0,0,1,0,baseline,0,0,-1,current,baseline,0,0
1295,1,no_strict_e1_improvement,0,25,1,16,40,1,1,0,1,0,0,1,0,baseline,0,0,-1,current,baseline,0,0
1296,1,evaluated,1,15,4,11,32,2,1,1,1,1,1,1,0,component_shift_0_0,0,0,0,s1a3_greedy,component_shift_0_0,0,0
1297,1,no_strict_e1_improvement,0,25,1,16,40,1,1,0,1,0,0,1,0,baseline,0,0,-1,current,baseline,0,0
1298,1,no_strict_e1_improvement,0,25,1,16,40,1,1,0,1,0,0,1,0,baseline,0,0,-1,current,baseline,0,0
1299,1,no_strict_e1_improvement,0,24,2,13,36,1,1,0,1,0,0,1,0,baseline,0,0,-1,current,baseline,0,0
1300,1,no_strict_e1_improvement,0,25,1,16,40,1,1,0,1,0,0,1,0,baseline,0,0,-1,current,baseline,0,0
1301,1,no_strict_e1_improvement,0,25,1,16,40,1,1,0,1,0,0,1,0,baseline,0,0,-1,current,baseline,0,0
1302,1,evaluated,1,20,6,11,30,2,1,1,1,1,1,1,0,component_shift_0_0,0,0,0,s1a3_greedy,component_shift_0_0,0,0
1303,1,no_strict_e1_improvement,0,25,1,16,40,1,1,0,1,0,0,1,0,baseline,0,0,-1,current,baseline,0,0
1304,1,no_strict_e1_improvement,0,25,1,14,39,1,1,0,1,0,0,1,0,baseline,0,0,-1,current,baseline,0,0
1305,1,no_strict_e1_improvement,0,24,2,14,37,1,1,0,1,0,0,1,0,baseline,0,0,-1,current,baseline,0,0
1306,1,no_strict_e1_improvement,0,23,3,12,34,1,1,0,1,0,0,1,0,baseline,0,0,-1,current,baseline,0,0
1307,1,no_strict_e1_improvement,0,21,5,12,32,2,1,1,1,1,1,1,0,baseline,0,0,-1,current,baseline,0,0
1308,1,no_strict_e1_improvement,0,24,2,14,37,1,1,0,1,0,0,1,0,baseline,0,0,-1,current,baseline,0,0
1309,1,no_strict_e1_improvement,0,24,2,15,38,1,1,0,1,0,0,1,0,baseline,0,0,-1,current,baseline,0,0
1310,1,no_strict_e1_improvement,0,23,3,13,35,1,1,0,1,0,0,1,0,baseline,0,0,-1,current,baseline,0,0
1311,1,no_strict_e1_improvement,0,25,1,14,38,1,1,0,1,0,0,1,0,baseline,0,0,-1,current,baseline,0,0
1312,1,evaluated,1,8,15,4,14,2,1,1,1,1,1,1,0,component_shift_0_0,0,0,0,s1a3_greedy,component_shift_0_0,0,0
1313,1,evaluated,1,20,6,12,31,2,1,1,1,1,1,1,0,component_shift_0_0,0,0,0,s1a3_greedy,component_shift_0_0,0,0
1314,1,evaluated,1,10,11,6,20,2,1,1,1,1,1,1,0,component_shift_0_0,0,0,0,s1a3_greedy,component_shift_0_0,0,0
1315,1,no_strict_e1_improvement,0,25,1,14,39,1,1,0,1,0,0,1,0,baseline,0,0,-1,current,baseline,0,0
1316,1,no_strict_e1_improvement,0,24,2,13,36,1,1,0,1,0,0,1,0,baseline,0,0,-1,current,baseline,0,0
1317,1,no_strict_e1_improvement,0,24,2,14,37,1,1,0,1,0,0,1,0,baseline,0,0,-1,current,baseline,0,0
1318,1,evaluated,1,4,22,1,4,2,1,1,1,1,1,1,0,component_shift_0_0,0,0,0,s1a3_greedy,component_shift_0_0,0,0
1319,1,evaluated,1,17,9,9,25,2,1,1,1,1,1,1,0,component_shift_0_0,0,0,0,s1a3_greedy,component_shift_0_0,0,0
1320,1,no_strict_e1_improvement,0,25,1,16,40,1,1,0,1,0,0,1,0,baseline,0,0,-1,current,baseline,0,0
1321,1,no_strict_e1_improvement,0,25,1,16,40,1,1,0,1,0,0,1,0,baseline,0,0,-1,current,baseline,0,0
1322,1,no_strict_e1_improvement,0,25,1,14,38,1,1,0,1,0,0,1,0,baseline,0,0,-1,current,baseline,0,0
1323,1,no_strict_e1_improvement,0,25,1,16,40,1,1,0,1,0,0,1,0,baseline,0,0,-1,current,baseline,0,0
1324,1,no_strict_e1_improvement,0,20,6,10,29,2,1,1,1,1,1,1,0,baseline,0,0,-1,current,baseline,0,0
1325,1,no_strict_e1_improvement,0,10,8,7,24,2,1,1,1,1,1,1,0,baseline,0,0,-1,current,baseline,0,0
1326,1,no_strict_e1_improvement,0,25,1,13,37,1,1,0,1,0,0,1,0,baseline,0,0,-1,current,baseline,0,0
1327,1,no_strict_e1_improvement,0,12,5,10,30,1,1,0,1,0,0,1,0,baseline,0,0,-1,current,baseline,0,0
1328,1,no_strict_e1_improvement,0,21,5,12,32,2,1,1,1,1,1,1,0,baseline,0,0,-1,current,baseline,0,0
1329,1,no_strict_e1_improvement,0,25,1,16,40,1,1,0,1,0,0,1,0,baseline,0,0,-1,current,baseline,0,0
1330,1,no_strict_e1_improvement,0,25,1,16,40,1,1,0,1,0,0,1,0,baseline,0,0,-1,current,baseline,0,0
1331,1,no_strict_e1_improvement,0,25,1,16,40,1,1,0,1,0,0,1,0,baseline,0,0,-1,current,baseline,0,0
1332,1,evaluated,1,10,16,4,13,2,1,1,1,1,1,1,0,component_shift_0_0,0,0,0,s1a3_greedy,component_shift_0_0,0,0
1333,1,no_strict_e1_improvement,0,25,1,16,40,1,1,0,1,0,0,1,0,baseline,0,0,-1,current,baseline,0,0
1334,1,no_strict_e1_improvement,0,24,2,14,37,1,1,0,1,0,0,1,0,baseline,0,0,-1,current,baseline,0,0
1335,1,no_strict_e1_improvement,0,24,2,14,37,1,1,0,1,0,0,1,0,baseline,0,0,-1,current,baseline,0,0
1336,1,evaluated,1,10,16,4,13,2,1,1,1,1,1,1,0,component_shift_0_0,0,0,0,s1a3_greedy,component_shift_0_0,0,0
1337,1,no_strict_e1_improvement,0,23,3,14,36,1,1,0,1,0,0,1,0,baseline,0,0,-1,current,baseline,0,0
1338,1,no_strict_e1_improvement,0,25,1,16,40,1,1,0,1,0,0,1,0,baseline,0,0,-1,current,baseline,0,0
1339,1,no_strict_e1_improvement,0,25,1,16,40,1,1,0,1,0,0,1,0,baseline,0,0,-1,current,baseline,0,0
1340,1,no_strict_e1_improvement,0,25,1,16,40,1,1,0,1,0,0,1,0,baseline,0,0,-1,current,baseline,0,0
1341,1,no_strict_e1_improvement,0,25,1,15,39,1,1,0,1,0,0,1,0,baseline,0,0,-1,current,baseline,0,0
1342,1,no_strict_e1_improvement,0,24,2,13,36,1,1,0,1,0,0,1,0,baseline,0,0,-1,current,baseline,0,0
1343,1,no_strict_e1_improvement,0,25,1,16,40,1,1,0,1,0,0,1,0,baseline,0,0,-1,current,baseline,0,0
1344,1,no_strict_e1_improvement,0,24,2,14,37,1,1,0,1,0,0,1,0,baseline,0,0,-1,current,baseline,0,0
1345,1,no_strict_e1_improvement,0,20,6,12,31,1,1,0,1,0,0,1,0,baseline,0,0,-1,current,baseline,0,0
1346,1,no_strict_e1_improvement,0,23,3,12,35,1,1,0,1,0,0,1,0,baseline,0,0,-1,current,baseline,0,0
1347,1,no_strict_e1_improvement,0,25,1,16,40,1,1,0,1,0,0,1,0,baseline,0,0,-1,current,baseline,0,0
1348,1,evaluated,1,21,5,11,31,2,1,1,1,1,1,1,0,component_shift_0_0,0,0,0,s1a3_greedy,component_shift_0_0,0,0
1349,1,no_strict_e1_improvement,0,25,1,16,40,1,1,0,1,0,0,1,0,baseline,0,0,-1,current,baseline,0,0
1350,1,no_strict_e1_improvement,0,24,2,14,37,1,1,0,1,0,0,1,0,baseline,0,0,-1,current,baseline,0,0
1351,1,no_strict_e1_improvement,0,22,4,13,34,1,1,0,1,0,0,1,0,baseline,0,0,-1,current,baseline,0,0
1352,1,evaluated,1,22,4,10,31,2,1,1,1,1,1,1,0,component_shift_0_0,0,0,0,s1a3_greedy,component_shift_0_0,0,0
1353,1,no_strict_e1_improvement,0,24,2,14,37,1,1,0,1,0,0,1,0,baseline,0,0,-1,current,baseline,0,0
1354,1,no_strict_e1_improvement,0,17,4,11,32,1,1,0,1,0,0,1,0,baseline,0,0,-1,current,baseline,0,0
1355,1,no_strict_e1_improvement,0,25,1,13,37,1,1,0,1,0,0,1,0,baseline,0,0,-1,current,baseline,0,0
1356,1,no_strict_e1_improvement,0,25,1,16,40,1,1,0,1,0,0,1,0,baseline,0,0,-1,current,baseline,0,0
1357,1,evaluated,1,13,6,9,28,2,1,1,1,1,1,1,0,component_shift_0_0,0,0,0,s1a3_greedy,component_shift_0_0,0,0
1358,1,no_strict_e1_improvement,0,25,1,16,40,1,1,0,1,0,0,1,0,baseline,0,0,-1,current,baseline,0,0
1359,1,no_strict_e1_improvement,0,20,6,12,31,1,1,0,1,0,0,1,0,baseline,0,0,-1,current,baseline,0,0
1360,1,no_strict_e1_improvement,0,25,1,16,40,1,1,0,1,0,0,1,0,baseline,0,0,-1,current,baseline,0,0
1361,1,no_strict_e1_improvement,0,15,2,12,35,1,1,0,1,0,0,1,0,baseline,0,0,-1,current,baseline,0,0
1362,1,no_strict_e1_improvement,0,25,1,14,39,1,1,0,1,0,0,1,0,baseline,0,0,-1,current,baseline,0,0
1363,1,evaluated,1,23,3,14,36,2,1,1,1,1,1,1,0,component_shift_0_0,0,0,0,s1a3_greedy,component_shift_0_0,0,0
1364,1,evaluated,1,4,19,2,8,2,1,1,1,1,1,1,0,component_shift_0_0,0,0,0,s1a3_greedy,component_shift_0_0,0,0
1365,1,no_strict_e1_improvement,0,23,3,12,34,1,1,0,1,0,0,1,0,baseline,0,0,-1,current,baseline,0,0
1366,1,no_strict_e1_improvement,0,25,1,14,39,1,1,0,1,0,0,1,0,baseline,0,0,-1,current,baseline,0,0
1367,1,no_strict_e1_improvement,0,15,3,11,33,2,1,1,1,1,1,1,0,baseline,0,0,-1,current,baseline,0,0
1368,1,no_strict_e1_improvement,0,25,1,14,38,1,1,0,1,0,0,1,0,baseline,0,0,-1,current,baseline,0,0
1369,1,no_strict_e1_improvement,0,25,1,16,40,1,1,0,1,0,0,1,0,baseline,0,0,-1,current,baseline,0,0
1370,1,no_strict_e1_improvement,0,24,2,14,37,1,1,0,1,0,0,1,0,baseline,0,0,-1,current,baseline,0,0
1371,1,no_strict_e1_improvement,0,15,2,12,35,2,1,1,1,1,1,1,0,baseline,0,0,-1,current,baseline,0,0
1372,1,no_strict_e1_improvement,0,4,22,1,4,2,1,1,1,1,1,1,0,baseline,0,0,-1,current,baseline,0,0
1373,1,no_strict_e1_improvement,0,24,2,14,37,1,1,0,1,0,0,1,0,baseline,0,0,-1,current,baseline,0,0
1374,1,evaluated,1,14,12,7,20,2,1,1,1,1,1,1,0,component_shift_0_0,0,0,0,s1a3_greedy,component_shift_0_0,0,0
1375,1,no_strict_e1_improvement,0,22,4,13,34,1,1,0,1,0,0,1,0,baseline,0,0,-1,current,baseline,0,0
1376,1,no_strict_e1_improvement,0,25,1,16,40,1,1,0,1,0,0,1,0,baseline,0,0,-1,current,baseline,0,0
1377,1,no_strict_e1_improvement,0,20,6,11,30,1,1,0,1,0,0,1,0,baseline,0,0,-1,current,baseline,0,0
1378,1,no_strict_e1_improvement,0,23,3,12,34,1,1,0,1,0,0,1,0,baseline,0,0,-1,current,baseline,0,0
1379,1,no_strict_e1_improvement,0,20,6,12,31,1,1,0,1,0,0,1,0,baseline,0,0,-1,current,baseline,0,0
1380,1,no_strict_e1_improvement,0,25,1,13,37,1,1,0,1,0,0,1,0,baseline,0,0,-1,current,baseline,0,0
1381,1,no_strict_e1_improvement,0,22,4,13,34,1,1,0,1,0,0,1,0,baseline,0,0,-1,current,baseline,0,0
1382,1,no_strict_e1_improvement,0,23,3,14,36,1,1,0,1,0,0,1,0,baseline,0,0,-1,current,baseline,0,0
1383,1,no_strict_e1_improvement,0,23,3,12,34,1,1,0,1,0,0,1,0,baseline,0,0,-1,current,baseline,0,0
1384,1,no_strict_e1_improvement,0,24,2,15,38,1,1,0,1,0,0,1,0,baseline,0,0,-1,current,baseline,0,0
1385,1,no_strict_e1_improvement,0,20,6,10,29,2,1,1,1,1,1,1,0,baseline,0,0,-1,current,baseline,0,0
1386,1,no_strict_e1_improvement,0,23,3,12,34,1,1,0,1,0,0,1,0,baseline,0,0,-1,current,baseline,0,0
1387,1,no_strict_e1_improvement,0,25,1,14,38,1,1,0,1,0,0,1,0,baseline,0,0,-1,current,baseline,0,0
1388,1,no_strict_e1_improvement,0,22,4,11,32,1,1,0,1,0,0,1,0,baseline,0,0,-1,current,baseline,0,0
1389,1,no_strict_e1_improvement,0,23,3,14,36,1,1,0,1,0,0,1,0,baseline,0,0,-1,current,baseline,0,0
1390,1,no_strict_e1_improvement,0,23,3,14,36,1,1,0,1,0,0,1,0,baseline,0,0,-1,current,baseline,0,0
1391,1,no_strict_e1_improvement,0,25,1,15,39,1,1,0,1,0,0,1,0,baseline,0,0,-1,current,baseline,0,0
1392,1,no_strict_e1_improvement,0,18,8,10,27,2,1,1,1,1,1,1,0,baseline,0,0,-1,current,baseline,0,0
1393,1,no_strict_e1_improvement,0,25,1,14,38,1,1,0,1,0,0,1,0,baseline,0,0,-1,current,baseline,0,0
1394,1,no_strict_e1_improvement,0,24,2,15,38,1,1,0,1,0,0,1,0,baseline,0,0,-1,current,baseline,0,0
1395,1,no_strict_e1_improvement,0,25,1,16,40,1,1,0,1,0,0,1,0,baseline,0,0,-1,current,baseline,0,0
1396,1,no_strict_e1_improvement,0,21,5,10,30,1,1,0,1,0,0,1,0,baseline,0,0,-1,current,baseline,0,0
1397,1,no_strict_e1_improvement,0,20,6,12,31,1,1,0,1,0,0,1,0,baseline,0,0,-1,current,baseline,0,0
1398,1,no_strict_e1_improvement,0,25,1,16,40,1,1,0,1,0,0,1,0,baseline,0,0,-1,current,baseline,0,0
1399,1,no_strict_e1_improvement,0,19,7,10,28,1,1,0,1,0,0,1,0,baseline,0,0,-1,current,baseline,0,0
1400,1,no_strict_e1_improvement,0,25,1,14,38,1,1,0,1,0,0,1,0,baseline,0,0,-1,current,baseline,0,0
1401,1,no_strict_e1_improvement,0,25,1,15,39,1,1,0,1,0,0,1,0,baseline,0,0,-1,current,baseline,0,0
1402,1,no_strict_e1_improvement,0,25,1,16,40,1,1,0,1,0,0,1,0,baseline,0,0,-1,current,baseline,0,0
1403,1,no_strict_e1_improvement,0,23,3,14,36,1,1,0,1,0,0,1,0,baseline,0,0,-1,current,baseline,0,0
1404,1,evaluated,1,8,15,4,14,2,1,1,1,1,1,1,0,component_shift_0_0,0,0,0,s1a3_greedy,component_shift_0_0,0,0
1405,1,no_strict_e1_improvement,0,19,7,10,28,1,1,0,1,0,0,1,0,baseline,0,0,-1,current,baseline,0,0
1406,1,no_strict_e1_improvement,0,23,3,12,34,1,1,0,1,0,0,1,0,baseline,0,0,-1,current,baseline,0,0
1407,1,no_strict_e1_improvement,0,25,1,15,39,1,1,0,1,0,0,1,0,baseline,0,0,-1,current,baseline,0,0
1408,1,evaluated,1,14,12,6,19,2,1,1,1,1,1,1,0,component_shift_0_0,0,0,0,s1a3_greedy,component_shift_0_0,0,0
1409,1,no_strict_e1_improvement,0,25,1,16,40,1,1,0,1,0,0,1,0,baseline,0,0,-1,current,baseline,0,0
1410,1,no_strict_e1_improvement,0,24,2,12,36,1,1,0,1,0,0,1,0,baseline,0,0,-1,current,baseline,0,0
1411,1,evaluated,1,23,3,11,33,2,1,1,1,1,1,1,0,component_shift_0_0,0,0,0,s1a3_greedy,component_shift_0_0,0,0
1412,1,no_strict_e1_improvement,0,25,1,16,40,1,1,0,1,0,0,1,0,baseline,0,0,-1,current,baseline,0,0
1413,1,no_strict_e1_improvement,0,23,3,12,34,1,1,0,1,0,0,1,0,baseline,0,0,-1,current,baseline,0,0
1414,1,no_strict_e1_improvement,0,25,1,16,40,1,1,0,1,0,0,1,0,baseline,0,0,-1,current,baseline,0,0
1415,1,no_strict_e1_improvement,0,25,1,16,40,1,1,0,1,0,0,1,0,baseline,0,0,-1,current,baseline,0,0
1416,1,no_strict_e1_improvement,0,24,2,15,38,1,1,0,1,0,0,1,0,baseline,0,0,-1,current,baseline,0,0
1417,1,no_strict_e1_improvement,0,25,1,16,40,1,1,0,1,0,0,1,0,baseline,0,0,-1,current,baseline,0,0
1418,1,evaluated,1,18,5,10,30,2,1,1,1,1,1,1,0,component_shift_0_0,0,0,0,s1a3_greedy,component_shift_0_0,0,0
1419,1,no_strict_e1_improvement,0,23,3,14,36,1,1,0,1,0,0,1,0,baseline,0,0,-1,current,baseline,0,0
1420,1,no_strict_e1_improvement,0,25,1,16,40,1,1,0,1,0,0,1,0,baseline,0,0,-1,current,baseline,0,0
1421,1,no_strict_e1_improvement,0,25,1,16,40,1,1,0,1,0,0,1,0,baseline,0,0,-1,current,baseline,0,0
1422,1,no_strict_e1_improvement,0,25,1,16,40,1,1,0,1,0,0,1,0,baseline,0,0,-1,current,baseline,0,0
1423,1,no_strict_e1_improvement,0,25,1,16,40,1,1,0,1,0,0,1,0,baseline,0,0,-1,current,baseline,0,0
1424,1,no_strict_e1_improvement,0,24,2,14,37,1,1,0,1,0,0,1,0,baseline,0,0,-1,current,baseline,0,0
1425,1,no_strict_e1_improvement,0,13,6,9,28,2,1,1,1,1,1,1,0,baseline,0,0,-1,current,baseline,0,0
1426,1,no_strict_e1_improvement,0,25,1,16,40,1,1,0,1,0,0,1,0,baseline,0,0,-1,current,baseline,0,0
1427,1,no_strict_e1_improvement,0,23,3,13,35,1,1,0,1,0,0,1,0,baseline,0,0,-1,current,baseline,0,0
1428,1,no_strict_e1_improvement,0,23,3,11,33,1,1,0,1,0,0,1,0,baseline,0,0,-1,current,baseline,0,0
1429,1,no_strict_e1_improvement,0,24,2,13,37,1,1,0,1,0,0,1,0,baseline,0,0,-1,current,baseline,0,0
1430,1,no_strict_e1_improvement,0,24,2,14,37,1,1,0,1,0,0,1,0,baseline,0,0,-1,current,baseline,0,0
1431,1,no_strict_e1_improvement,0,14,9,7,23,2,1,1,1,1,1,1,0,baseline,0,0,-1,current,baseline,0,0
1432,1,evaluated,1,21,5,12,32,2,1,1,1,1,1,1,0,component_shift_0_0,0,0,0,s1a3_greedy,component_shift_0_0,0,0
1433,1,no_strict_e1_improvement,0,23,3,14,36,1,1,0,1,0,0,1,0,baseline,0,0,-1,current,baseline,0,0
1434,1,evaluated,1,22,4,13,34,2,1,1,1,1,1,1,0,component_shift_0_0,0,0,0,s1a3_greedy,component_shift_0_0,0,0
1435,1,evaluated,1,9,14,5,16,2,1,1,1,1,1,1,0,component_shift_0_0,0,0,0,s1a3_greedy,component_shift_0_0,0,0
1436,1,no_strict_e1_improvement,0,25,1,14,39,1,1,0,1,0,0,1,0,baseline,0,0,-1,current,baseline,0,0
1437,1,no_strict_e1_improvement,0,19,7,10,28,2,1,1,1,1,1,1,0,baseline,0,0,-1,current,baseline,0,0
1438,1,no_strict_e1_improvement,0,25,1,14,38,1,1,0,1,0,0,1,0,baseline,0,0,-1,current,baseline,0,0
1439,1,no_strict_e1_improvement,0,25,1,16,40,1,1,0,1,0,0,1,0,baseline,0,0,-1,current,baseline,0,0
1440,1,no_strict_e1_improvement,0,25,1,16,40,1,1,0,1,0,0,1,0,baseline,0,0,-1,current,baseline,0,0
1441,1,no_strict_e1_improvement,0,24,2,14,37,1,1,0,1,0,0,1,0,baseline,0,0,-1,current,baseline,0,0
1442,1,no_strict_e1_improvement,0,25,1,16,40,1,1,0,1,0,0,1,0,baseline,0,0,-1,current,baseline,0,0
1443,1,no_strict_e1_improvement,0,25,1,16,40,1,1,0,1,0,0,1,0,baseline,0,0,-1,current,baseline,0,0
1444,1,no_strict_e1_improvement,0,25,1,13,37,1,1,0,1,0,0,1,0,baseline,0,0,-1,current,baseline,0,0
1445,1,evaluated,1,17,9,7,23,2,1,1,1,1,1,1,0,component_shift_0_0,0,0,0,s1a3_greedy,component_shift_0_0,0,0
1446,1,no_strict_e1_improvement,0,23,3,14,36,2,1,1,1,1,1,1,0,baseline,0,0,-1,current,baseline,0,0
1447,1,evaluated,1,21,5,11,31,2,1,1,1,1,1,1,0,component_shift_0_0,0,0,0,s1a3_greedy,component_shift_0_0,0,0
1448,1,no_strict_e1_improvement,0,25,1,16,40,1,1,0,1,0,0,1,0,baseline,0,0,-1,current,baseline,0,0
1449,1,no_strict_e1_improvement,0,25,1,16,40,1,1,0,1,0,0,1,0,baseline,0,0,-1,current,baseline,0,0
1450,1,no_strict_e1_improvement,0,20,6,12,31,2,1,1,1,1,1,1,0,baseline,0,0,-1,current,baseline,0,0
1451,1,evaluated,1,22,4,11,32,2,1,1,1,1,1,1,0,component_shift_0_0,0,0,0,s1a3_greedy,component_shift_0_0,0,0
1452,1,no_strict_e1_improvement,0,25,1,12,36,1,1,0,1,0,0,1,0,baseline,0,0,-1,current,baseline,0,0
1453,1,no_strict_e1_improvement,0,25,1,13,37,1,1,0,1,0,0,1,0,baseline,0,0,-1,current,baseline,0,0
1454,1,no_strict_e1_improvement,0,24,2,15,38,1,1,0,1,0,0,1,0,baseline,0,0,-1,current,baseline,0,0
1455,1,no_strict_e1_improvement,0,24,2,14,37,1,1,0,1,0,0,1,0,baseline,0,0,-1,current,baseline,0,0
1456,1,evaluated,1,20,6,12,31,2,1,1,1,1,1,1,0,component_shift_0_0,0,0,0,s1a3_greedy,component_shift_0_0,0,0
1457,1,evaluated,1,20,6,10,29,2,1,1,1,1,1,1,0,component_shift_0_0,0,0,0,s1a3_greedy,component_shift_0_0,0,0
1458,1,no_strict_e1_improvement,0,25,1,14,39,1,1,0,1,0,0,1,0,baseline,0,0,-1,current,baseline,0,0
1459,1,no_strict_e1_improvement,0,25,1,14,38,1,1,0,1,0,0,1,0,baseline,0,0,-1,current,baseline,0,0
1460,1,no_strict_e1_improvement,0,25,1,16,40,1,1,0,1,0,0,1,0,baseline,0,0,-1,current,baseline,0,0
1461,1,evaluated,1,13,13,6,18,2,1,1,1,1,1,1,0,component_shift_0_0,0,0,0,s1a3_greedy,component_shift_0_0,0,0
1462,1,evaluated,1,19,7,9,27,2,1,1,1,1,1,1,0,component_shift_0_0,0,0,0,s1a3_greedy,component_shift_0_0,0,0
1463,1,no_strict_e1_improvement,0,25,1,16,40,1,1,0,1,0,0,1,0,baseline,0,0,-1,current,baseline,0,0
1464,1,no_strict_e1_improvement,0,25,1,16,40,1,1,0,1,0,0,1,0,baseline,0,0,-1,current,baseline,0,0
1465,1,no_strict_e1_improvement,0,25,1,16,40,1,1,0,1,0,0,1,0,baseline,0,0,-1,current,baseline,0,0
1466,1,no_strict_e1_improvement,0,25,1,14,38,1,1,0,1,0,0,1,0,baseline,0,0,-1,current,baseline,0,0
1467,1,no_strict_e1_improvement,0,23,3,12,34,1,1,0,1,0,0,1,0,baseline,0,0,-1,current,baseline,0,0
1468,1,no_strict_e1_improvement,0,18,8,9,26,1,1,0,1,0,0,1,0,baseline,0,0,-1,current,baseline,0,0
1469,1,no_strict_e1_improvement,0,22,4,11,32,1,1,0,1,0,0,1,0,baseline,0,0,-1,current,baseline,0,0
1470,1,no_strict_e1_improvement,0,25,1,15,39,1,1,0,1,0,0,1,0,baseline,0,0,-1,current,baseline,0,0
1471,1,no_strict_e1_improvement,0,25,1,13,37,1,1,0,1,0,0,1,0,baseline,0,0,-1,current,baseline,0,0
1472,1,no_strict_e1_improvement,0,25,1,15,39,1,1,0,1,0,0,1,0,baseline,0,0,-1,current,baseline,0,0
1473,1,no_strict_e1_improvement,0,15,4,10,31,1,1,0,1,0,0,1,0,baseline,0,0,-1,current,baseline,0,0
1474,1,no_strict_e1_improvement,0,24,2,14,37,1,1,0,1,0,0,1,0,baseline,0,0,-1,current,baseline,0,0
1475,1,no_strict_e1_improvement,0,25,1,16,40,1,1,0,1,0,0,1,0,baseline,0,0,-1,current,baseline,0,0
1476,1,no_strict_e1_improvement,0,20,6,11,30,2,1,1,1,1,1,1,0,baseline,0,0,-1,current,baseline,0,0
1477,1,no_strict_e1_improvement,0,25,1,16,40,1,1,0,1,0,0,1,0,baseline,0,0,-1,current,baseline,0,0
1478,1,no_strict_e1_improvement,0,23,3,12,34,1,1,0,1,0,0,1,0,baseline,0,0,-1,current,baseline,0,0
1479,1,no_strict_e1_improvement,0,14,3,10,32,2,1,1,1,1,1,1,0,baseline,0,0,-1,current,baseline,0,0
1480,1,no_strict_e1_improvement,0,25,1,16,40,1,1,0,1,0,0,1,0,baseline,0,0,-1,current,baseline,0,0
1481,1,evaluated,1,20,6,12,31,2,1,1,1,1,1,1,0,component_shift_0_0,0,0,0,s1a3_greedy,component_shift_0_0,0,0
1482,1,evaluated,1,18,8,8,25,2,1,1,1,1,1,1,0,component_shift_0_0,0,0,0,s1a3_greedy,component_shift_0_0,0,0
1483,1,evaluated,1,14,3,11,33,2,1,1,1,1,1,1,0,component_shift_0_0,0,0,0,s1a3_greedy,component_shift_0_0,0,0
1484,1,no_strict_e1_improvement,0,25,1,16,40,1,1,0,1,0,0,1,0,baseline,0,0,-1,current,baseline,0,0
1485,1,no_strict_e1_improvement,0,25,1,16,40,1,1,0,1,0,0,1,0,baseline,0,0,-1,current,baseline,0,0
1486,1,no_strict_e1_improvement,0,20,6,12,31,1,1,0,1,0,0,1,0,baseline,0,0,-1,current,baseline,0,0
1487,1,no_strict_e1_improvement,0,25,1,16,40,1,1,0,1,0,0,1,0,baseline,0,0,-1,current,baseline,0,0
1488,1,no_strict_e1_improvement,0,23,3,12,35,1,1,0,1,0,0,1,0,baseline,0,0,-1,current,baseline,0,0
1489,1,no_strict_e1_improvement,0,25,1,16,40,1,1,0,1,0,0,1,0,baseline,0,0,-1,current,baseline,0,0
1490,1,no_strict_e1_improvement,0,24,2,14,37,1,1,0,1,0,0,1,0,baseline,0,0,-1,current,baseline,0,0
1491,1,no_strict_e1_improvement,0,23,3,14,36,1,1,0,1,0,0,1,0,baseline,0,0,-1,current,baseline,0,0
1492,1,no_strict_e1_improvement,0,17,6,9,28,2,1,1,1,1,1,1,0,baseline,0,0,-1,current,baseline,0,0
1493,1,no_strict_e1_improvement,0,25,1,16,40,1,1,0,1,0,0,1,0,baseline,0,0,-1,current,baseline,0,0
1494,1,no_strict_e1_improvement,0,25,1,16,40,1,1,0,1,0,0,1,0,baseline,0,0,-1,current,baseline,0,0
1495,1,no_strict_e1_improvement,0,25,1,16,40,1,1,0,1,0,0,1,0,baseline,0,0,-1,current,baseline,0,0
1496,1,evaluated,1,16,10,8,23,2,1,1,1,1,1,1,0,component_shift_0_0,0,0,0,s1a3_greedy,component_shift_0_0,0,0
1497,1,no_strict_e1_improvement,0,25,1,16,40,1,1,0,1,0,0,1,0,baseline,0,0,-1,current,baseline,0,0
1498,1,no_strict_e1_improvement,0,25,1,16,40,1,1,0,1,0,0,1,0,baseline,0,0,-1,current,baseline,0,0
1499,1,no_strict_e1_improvement,0,25,1,16,40,1,1,0,1,0,0,1,0,baseline,0,0,-1,current,baseline,0,0
1500,1,evaluated,1,14,12,7,20,2,1,1,1,1,1,1,0,component_shift_0_0,0,0,0,s1a3_greedy,component_shift_0_0,0,0
1501,1,evaluated,1,20,6,9,29,2,1,1,1,1,1,1,0,component_shift_0_0,0,0,0,s1a3_greedy,component_shift_0_0,0,0
1502,1,no_strict_e1_improvement,0,17,9,8,24,1,1,0,1,0,0,1,0,baseline,0,0,-1,current,baseline,0,0
1503,1,no_strict_e1_improvement,0,16,7,9,27,2,1,1,1,1,1,1,0,baseline,0,0,-1,current,baseline,0,0
1504,1,no_strict_e1_improvement,0,25,1,16,40,1,1,0,1,0,0,1,0,baseline,0,0,-1,current,baseline,0,0
1505,1,no_strict_e1_improvement,0,23,3,14,36,1,1,0,1,0,0,1,0,baseline,0,0,-1,current,baseline,0,0
1506,1,no_strict_e1_improvement,0,25,1,16,40,1,1,0,1,0,0,1,0,baseline,0,0,-1,current,baseline,0,0
1507,1,no_strict_e1_improvement,0,15,11,8,22,2,1,1,1,1,1,1,0,baseline,0,0,-1,current,baseline,0,0
1508,1,evaluated,1,10,8,7,24,2,1,1,1,1,1,1,0,component_shift_0_0,0,0,0,s1a3_greedy,component_shift_0_0,0,0
1509,1,no_strict_e1_improvement,0,25,1,16,40,1,1,0,1,0,0,1,0,baseline,0,0,-1,current,baseline,0,0
1510,1,no_strict_e1_improvement,0,25,1,16,40,1,1,0,1,0,0,1,0,baseline,0,0,-1,current,baseline,0,0
1511,1,no_strict_e1_improvement,0,15,8,8,25,2,1,1,1,1,1,1,0,baseline,0,0,-1,current,baseline,0,0
1512,1,no_strict_e1_improvement,0,25,1,16,40,1,1,0,1,0,0,1,0,baseline,0,0,-1,current,baseline,0,0
1513,1,no_strict_e1_improvement,0,21,5,10,30,1,1,0,1,0,0,1,0,baseline,0,0,-1,current,baseline,0,0
1514,1,no_strict_e1_improvement,0,25,1,16,40,1,1,0,1,0,0,1,0,baseline,0,0,-1,current,baseline,0,0
1515,1,evaluated,1,21,5,12,32,2,1,1,1,1,1,1,0,component_shift_0_0,0,0,0,s1a3_greedy,component_shift_0_0,0,0
1516,1,no_strict_e1_improvement,0,22,4,13,34,1,1,0,1,0,0,1,0,baseline,0,0,-1,current,baseline,0,0
1517,1,no_strict_e1_improvement,0,9,12,6,19,2,1,1,1,1,1,1,0,baseline,0,0,-1,current,baseline,0,0
1518,1,evaluated,1,22,4,12,33,2,1,1,1,1,1,1,0,component_shift_0_0,0,0,0,s1a3_greedy,component_shift_0_0,0,0
1519,1,no_strict_e1_improvement,0,22,4,13,34,1,1,0,1,0,0,1,0,baseline,0,0,-1,current,baseline,0,0
1520,1,evaluated,1,20,6,11,30,2,1,1,1,1,1,1,0,component_shift_0_0,0,0,0,s1a3_greedy,component_shift_0_0,0,0
1521,1,no_strict_e1_improvement,0,24,2,13,36,1,1,0,1,0,0,1,0,baseline,0,0,-1,current,baseline,0,0
1522,1,no_strict_e1_improvement,0,25,1,16,40,1,1,0,1,0,0,1,0,baseline,0,0,-1,current,baseline,0,0
1523,1,no_strict_e1_improvement,0,22,4,13,34,1,1,0,1,0,0,1,0,baseline,0,0,-1,current,baseline,0,0
1524,1,no_strict_e1_improvement,0,25,1,16,40,1,1,0,1,0,0,1,0,baseline,0,0,-1,current,baseline,0,0
1525,1,no_strict_e1_improvement,0,22,4,13,34,1,1,0,1,0,0,1,0,baseline,0,0,-1,current,baseline,0,0
1526,1,no_strict_e1_improvement,0,25,1,16,40,1,1,0,1,0,0,1,0,baseline,0,0,-1,current,baseline,0,0
1527,1,evaluated,1,20,6,10,29,2,1,1,1,1,1,1,0,component_shift_0_0,0,0,0,s1a3_greedy,component_shift_0_0,0,0
1528,1,evaluated,1,20,6,11,30,2,1,1,1,1,1,1,0,component_shift_0_0,0,0,0,s1a3_greedy,component_shift_0_0,0,0
1529,1,no_strict_e1_improvement,0,18,5,11,31,2,1,1,1,1,1,1,0,baseline,0,0,-1,current,baseline,0,0
1530,1,no_strict_e1_improvement,0,25,1,16,40,1,1,0,1,0,0,1,0,baseline,0,0,-1,current,baseline,0,0
1531,1,no_strict_e1_improvement,0,25,1,13,37,1,1,0,1,0,0,1,0,baseline,0,0,-1,current,baseline,0,0
1532,1,no_strict_e1_improvement,0,25,1,16,40,1,1,0,1,0,0,1,0,baseline,0,0,-1,current,baseline,0,0
1533,1,no_strict_e1_improvement,0,14,9,8,24,2,1,1,1,1,1,1,0,baseline,0,0,-1,current,baseline,0,0
1534,1,no_strict_e1_improvement,0,19,4,11,32,1,1,0,1,0,0,1,0,baseline,0,0,-1,current,baseline,0,0
1535,1,no_strict_e1_improvement,0,25,1,16,40,1,1,0,1,0,0,1,0,baseline,0,0,-1,current,baseline,0,0
1536,1,no_strict_e1_improvement,0,25,1,16,40,1,1,0,1,0,0,1,0,baseline,0,0,-1,current,baseline,0,0
1537,1,evaluated,1,20,6,9,28,2,1,1,1,1,1,1,0,component_shift_0_0,0,0,0,s1a3_greedy,component_shift_0_0,0,0
1538,1,evaluated,1,21,5,12,32,2,1,1,1,1,1,1,0,component_shift_0_0,0,0,0,s1a3_greedy,component_shift_0_0,0,0
1539,1,evaluated,1,23,3,14,36,2,1,1,1,1,1,1,0,component_shift_0_0,0,0,0,s1a3_greedy,component_shift_0_0,0,0
1540,1,no_strict_e1_improvement,0,25,1,16,40,1,1,0,1,0,0,1,0,baseline,0,0,-1,current,baseline,0,0
1541,1,no_strict_e1_improvement,0,24,2,14,37,1,1,0,1,0,0,1,0,baseline,0,0,-1,current,baseline,0,0
1542,1,no_strict_e1_improvement,0,23,3,14,36,1,1,0,1,0,0,1,0,baseline,0,0,-1,current,baseline,0,0
1543,1,evaluated,1,8,15,4,14,2,1,1,1,1,1,1,0,component_shift_0_0,0,0,0,s1a3_greedy,component_shift_0_0,0,0
1544,1,no_strict_e1_improvement,0,25,1,16,40,1,1,0,1,0,0,1,0,baseline,0,0,-1,current,baseline,0,0
1545,1,no_strict_e1_improvement,0,25,1,15,39,1,1,0,1,0,0,1,0,baseline,0,0,-1,current,baseline,0,0
1546,1,no_strict_e1_improvement,0,25,1,15,39,1,1,0,1,0,0,1,0,baseline,0,0,-1,current,baseline,0,0
1547,1,no_strict_e1_improvement,0,25,1,14,38,1,1,0,1,0,0,1,0,baseline,0,0,-1,current,baseline,0,0
1548,1,no_strict_e1_improvement,0,25,1,16,40,1,1,0,1,0,0,1,0,baseline,0,0,-1,current,baseline,0,0
1549,1,no_strict_e1_improvement,0,24,2,15,38,1,1,0,1,0,0,1,0,baseline,0,0,-1,current,baseline,0,0
1550,1,no_strict_e1_improvement,0,25,1,16,40,1,1,0,1,0,0,1,0,baseline,0,0,-1,current,baseline,0,0
1551,1,no_strict_e1_improvement,0,25,1,16,40,1,1,0,1,0,0,1,0,baseline,0,0,-1,current,baseline,0,0
1552,1,no_strict_e1_improvement,0,25,1,13,38,1,1,0,1,0,0,1,0,baseline,0,0,-1,current,baseline,0,0
1553,1,no_strict_e1_improvement,0,24,2,14,37,1,1,0,1,0,0,1,0,baseline,0,0,-1,current,baseline,0,0
1554,1,evaluated,1,20,6,9,28,2,1,1,1,1,1,1,0,component_shift_0_0,0,0,0,s1a3_greedy,component_shift_0_0,0,0
1555,1,no_strict_e1_improvement,0,25,1,16,40,1,1,0,1,0,0,1,0,baseline,0,0,-1,current,baseline,0,0
1556,1,no_strict_e1_improvement,0,25,1,16,40,1,1,0,1,0,0,1,0,baseline,0,0,-1,current,baseline,0,0
1557,1,no_strict_e1_improvement,0,15,4,11,32,2,1,1,1,1,1,1,0,baseline,0,0,-1,current,baseline,0,0
1558,1,no_strict_e1_improvement,0,25,1,16,40,1,1,0,1,0,0,1,0,baseline,0,0,-1,current,baseline,0,0
1559,1,evaluated,1,22,4,13,34,2,1,1,1,1,1,1,0,component_shift_0_0,0,0,0,s1a3_greedy,component_shift_0_0,0,0
1560,1,no_strict_e1_improvement,0,25,1,16,40,1,1,0,1,0,0,1,0,baseline,0,0,-1,current,baseline,0,0
1561,1,no_strict_e1_improvement,0,25,1,14,39,1,1,0,1,0,0,1,0,baseline,0,0,-1,current,baseline,0,0
1562,1,evaluated,1,10,16,4,13,2,1,1,1,1,1,1,0,component_shift_0_0,0,0,0,s1a3_greedy,component_shift_0_0,0,0
1563,1,evaluated,1,7,19,2,8,2,1,1,1,1,1,1,0,component_shift_0_0,0,0,0,s1a3_greedy,component_shift_0_0,0,0
1564,1,no_strict_e1_improvement,0,25,1,16,40,1,1,0,1,0,0,1,0,baseline,0,0,-1,current,baseline,0,0
1565,1,no_strict_e1_improvement,0,25,1,13,37,1,1,0,1,0,0,1,0,baseline,0,0,-1,current,baseline,0,0
1566,1,no_strict_e1_improvement,0,25,1,16,40,1,1,0,1,0,0,1,0,baseline,0,0,-1,current,baseline,0,0
1567,1,evaluated,1,22,4,10,31,2,1,1,1,1,1,1,0,component_shift_0_0,0,0,0,s1a3_greedy,component_shift_0_0,0,0
1568,1,evaluated,1,21,5,11,31,2,1,1,1,1,1,1,0,component_shift_0_0,0,0,0,s1a3_greedy,component_shift_0_0,0,0
1569,1,no_strict_e1_improvement,0,25,1,15,39,1,1,0,1,0,0,1,0,baseline,0,0,-1,current,baseline,0,0
1570,1,no_strict_e1_improvement,0,25,1,15,39,1,1,0,1,0,0,1,0,baseline,0,0,-1,current,baseline,0,0
1571,1,no_strict_e1_improvement,0,25,1,16,40,1,1,0,1,0,0,1,0,baseline,0,0,-1,current,baseline,0,0
1572,1,evaluated,1,10,8,8,25,2,1,1,1,1,1,1,0,component_shift_0_0,0,0,0,s1a3_greedy,component_shift_0_0,0,0
1573,1,no_strict_e1_improvement,0,25,1,16,40,1,1,0,1,0,0,1,0,baseline,0,0,-1,current,baseline,0,0
1574,1,no_strict_e1_improvement,0,25,1,14,39,1,1,0,1,0,0,1,0,baseline,0,0,-1,current,baseline,0,0
1575,1,no_strict_e1_improvement,0,23,3,12,34,1,1,0,1,0,0,1,0,baseline,0,0,-1,current,baseline,0,0
1576,1,no_strict_e1_improvement,0,25,1,14,38,1,1,0,1,0,0,1,0,baseline,0,0,-1,current,baseline,0,0
1577,1,no_strict_e1_improvement,0,25,1,14,39,1,1,0,1,0,0,1,0,baseline,0,0,-1,current,baseline,0,0
1578,1,no_strict_e1_improvement,0,25,1,16,40,1,1,0,1,0,0,1,0,baseline,0,0,-1,current,baseline,0,0
1579,1,evaluated,1,12,14,5,16,2,1,1,1,1,1,1,0,component_shift_0_0,0,0,0,s1a3_greedy,component_shift_0_0,0,0
1580,1,no_strict_e1_improvement,0,25,1,16,40,1,1,0,1,0,0,1,0,baseline,0,0,-1,current,baseline,0,0
1581,1,no_strict_e1_improvement,0,25,1,14,39,1,1,0,1,0,0,1,0,baseline,0,0,-1,current,baseline,0,0
1582,1,no_strict_e1_improvement,0,25,1,16,40,1,1,0,1,0,0,1,0,baseline,0,0,-1,current,baseline,0,0
1583,1,no_strict_e1_improvement,0,13,13,6,18,2,1,1,1,1,1,1,0,baseline,0,0,-1,current,baseline,0,0
1584,1,no_strict_e1_improvement,0,8,12,5,18,2,1,1,1,1,1,1,0,baseline,0,0,-1,current,baseline,0,0
1585,1,no_strict_e1_improvement,0,25,1,14,39,1,1,0,1,0,0,1,0,baseline,0,0,-1,current,baseline,0,0
1586,1,no_strict_e1_improvement,0,25,1,16,40,1,1,0,1,0,0,1,0,baseline,0,0,-1,current,baseline,0,0
1587,1,no_strict_e1_improvement,0,23,3,14,36,1,1,0,1,0,0,1,0,baseline,0,0,-1,current,baseline,0,0
1588,1,evaluated,1,15,2,12,35,2,1,1,1,1,1,1,0,component_shift_0_0,0,0,0,s1a3_greedy,component_shift_0_0,0,0
1589,1,evaluated,1,20,6,11,30,2,1,1,1,1,1,1,0,component_shift_0_0,0,0,0,s1a3_greedy,component_shift_0_0,0,0
1590,1,no_strict_e1_improvement,0,22,4,13,34,1,1,0,1,0,0,1,0,baseline,0,0,-1,current,baseline,0,0
1591,1,no_strict_e1_improvement,0,25,1,16,40,1,1,0,1,0,0,1,0,baseline,0,0,-1,current,baseline,0,0
1592,1,no_strict_e1_improvement,0,25,1,16,40,1,1,0,1,0,0,1,0,baseline,0,0,-1,current,baseline,0,0
1593,1,no_strict_e1_improvement,0,24,2,11,34,1,1,0,1,0,0,1,0,baseline,0,0,-1,current,baseline,0,0
1594,1,no_strict_e1_improvement,0,22,4,13,34,1,1,0,1,0,0,1,0,baseline,0,0,-1,current,baseline,0,0
1595,1,no_strict_e1_improvement,0,22,4,10,31,1,1,0,1,0,0,1,0,baseline,0,0,-1,current,baseline,0,0
1596,1,no_strict_e1_improvement,0,22,4,13,34,2,1,1,1,1,1,1,0,baseline,0,0,-1,current,baseline,0,0
1597,1,no_strict_e1_improvement,0,15,2,12,35,2,1,1,1,1,1,1,0,baseline,0,0,-1,current,baseline,0,0
1598,1,no_strict_e1_improvement,0,22,4,13,34,1,1,0,1,0,0,1,0,baseline,0,0,-1,current,baseline,0,0
1599,1,evaluated,1,19,7,10,28,2,1,1,1,1,1,1,0,component_shift_0_0,0,0,0,s1a3_greedy,component_shift_0_0,0,0
1600,1,no_strict_e1_improvement,0,21,5,11,31,1,1,0,1,0,0,1,0,baseline,0,0,-1,current,baseline,0,0
1601,1,no_strict_e1_improvement,0,22,4,12,33,1,1,0,1,0,0,1,0,baseline,0,0,-1,current,baseline,0,0
1602,1,evaluated,1,19,7,9,27,2,1,1,1,1,1,1,0,component_shift_0_0,0,0,0,s1a3_greedy,component_shift_0_0,0,0
1603,1,no_strict_e1_improvement,0,25,1,16,40,1,1,0,1,0,0,1,0,baseline,0,0,-1,current,baseline,0,0
1604,1,no_strict_e1_improvement,0,25,1,16,40,1,1,0,1,0,0,1,0,baseline,0,0,-1,current,baseline,0,0
1605,1,no_strict_e1_improvement,0,25,1,16,40,1,1,0,1,0,0,1,0,baseline,0,0,-1,current,baseline,0,0
1606,1,no_strict_e1_improvement,0,25,1,16,40,1,1,0,1,0,0,1,0,baseline,0,0,-1,current,baseline,0,0
1607,1,no_strict_e1_improvement,0,25,1,14,39,1,1,0,1,0,0,1,0,baseline,0,0,-1,current,baseline,0,0
1608,1,no_strict_e1_improvement,0,20,6,10,29,1,1,0,1,0,0,1,0,baseline,0,0,-1,current,baseline,0,0
1609,1,no_strict_e1_improvement,0,25,1,16,40,1,1,0,1,0,0,1,0,baseline,0,0,-1,current,baseline,0,0
1610,1,evaluated,1,15,2,12,35,2,1,1,1,1,1,1,0,component_shift_0_0,0,0,0,s1a3_greedy,component_shift_0_0,0,0
1611,1,evaluated,1,19,7,11,29,2,1,1,1,1,1,1,0,component_shift_0_0,0,0,0,s1a3_greedy,component_shift_0_0,0,0
1612,1,no_strict_e1_improvement,0,23,3,11,33,1,1,0,1,0,0,1,0,baseline,0,0,-1,current,baseline,0,0
1613,1,no_strict_e1_improvement,0,14,12,6,19,1,1,0,1,0,0,1,0,baseline,0,0,-1,current,baseline,0,0
1614,1,no_strict_e1_improvement,0,22,4,13,34,1,1,0,1,0,0,1,0,baseline,0,0,-1,current,baseline,0,0
1615,1,no_strict_e1_improvement,0,23,3,14,36,1,1,0,1,0,0,1,0,baseline,0,0,-1,current,baseline,0,0
1616,1,no_strict_e1_improvement,0,25,1,16,40,1,1,0,1,0,0,1,0,baseline,0,0,-1,current,baseline,0,0
1617,1,no_strict_e1_improvement,0,25,1,16,40,1,1,0,1,0,0,1,0,baseline,0,0,-1,current,baseline,0,0
1618,1,no_strict_e1_improvement,0,24,2,12,36,1,1,0,1,0,0,1,0,baseline,0,0,-1,current,baseline,0,0
1619,1,no_strict_e1_improvement,0,25,1,16,40,1,1,0,1,0,0,1,0,baseline,0,0,-1,current,baseline,0,0
1620,1,no_strict_e1_improvement,0,25,1,16,40,1,1,0,1,0,0,1,0,baseline,0,0,-1,current,baseline,0,0
1621,1,no_strict_e1_improvement,0,8,15,4,14,2,1,1,1,1,1,1,0,baseline,0,0,-1,current,baseline,0,0
1622,1,no_strict_e1_improvement,0,25,1,16,40,1,1,0,1,0,0,1,0,baseline,0,0,-1,current,baseline,0,0
1623,1,no_strict_e1_improvement,0,25,1,14,38,1,1,0,1,0,0,1,0,baseline,0,0,-1,current,baseline,0,0
1624,1,no_strict_e1_improvement,0,25,1,14,38,1,1,0,1,0,0,1,0,baseline,0,0,-1,current,baseline,0,0
1625,1,no_strict_e1_improvement,0,25,1,15,39,1,1,0,1,0,0,1,0,baseline,0,0,-1,current,baseline,0,0
1626,1,no_strict_e1_improvement,0,15,2,12,35,1,1,0,1,0,0,1,0,baseline,0,0,-1,current,baseline,0,0
1627,1,no_strict_e1_improvement,0,25,1,16,40,1,1,0,1,0,0,1,0,baseline,0,0,-1,current,baseline,0,0
1628,1,no_strict_e1_improvement,0,25,1,16,40,1,1,0,1,0,0,1,0,baseline,0,0,-1,current,baseline,0,0
1629,1,no_strict_e1_improvement,0,25,1,16,40,1,1,0,1,0,0,1,0,baseline,0,0,-1,current,baseline,0,0
1630,1,no_strict_e1_improvement,0,25,1,16,40,1,1,0,1,0,0,1,0,baseline,0,0,-1,current,baseline,0,0
1631,1,no_strict_e1_improvement,0,24,2,14,37,1,1,0,1,0,0,1,0,baseline,0,0,-1,current,baseline,0,0
1632,1,no_strict_e1_improvement,0,19,7,10,28,1,1,0,1,0,0,1,0,baseline,0,0,-1,current,baseline,0,0
1633,1,no_strict_e1_improvement,0,25,1,16,40,1,1,0,1,0,0,1,0,baseline,0,0,-1,current,baseline,0,0
1634,1,evaluated,1,18,8,10,27,2,1,1,1,1,1,1,0,component_shift_0_0,0,0,0,s1a3_greedy,component_shift_0_0,0,0
1635,1,evaluated,1,20,6,9,28,2,1,1,1,1,1,1,0,component_shift_0_0,0,0,0,s1a3_greedy,component_shift_0_0,0,0
1636,1,no_strict_e1_improvement,0,25,1,14,38,1,1,0,1,0,0,1,0,baseline,0,0,-1,current,baseline,0,0
1637,1,no_strict_e1_improvement,0,25,1,14,38,1,1,0,1,0,0,1,0,baseline,0,0,-1,current,baseline,0,0
1638,1,no_strict_e1_improvement,0,21,5,11,31,1,1,0,1,0,0,1,0,baseline,0,0,-1,current,baseline,0,0
1639,1,no_strict_e1_improvement,0,25,1,16,40,1,1,0,1,0,0,1,0,baseline,0,0,-1,current,baseline,0,0
1640,1,no_strict_e1_improvement,0,22,4,13,34,1,1,0,1,0,0,1,0,baseline,0,0,-1,current,baseline,0,0
1641,1,no_strict_e1_improvement,0,25,1,16,40,1,1,0,1,0,0,1,0,baseline,0,0,-1,current,baseline,0,0
1642,1,no_strict_e1_improvement,0,8,15,4,14,2,1,1,1,1,1,1,0,baseline,0,0,-1,current,baseline,0,0
1643,1,no_strict_e1_improvement,0,25,1,16,40,1,1,0,1,0,0,1,0,baseline,0,0,-1,current,baseline,0,0
1644,1,evaluated,1,23,3,14,36,2,1,1,1,1,1,1,0,component_shift_0_0,0,0,0,s1a3_greedy,component_shift_0_0,0,0
1645,1,evaluated,1,19,7,10,28,2,1,1,1,1,1,1,0,component_shift_0_0,0,0,0,s1a3_greedy,component_shift_0_0,0,0
1646,1,no_strict_e1_improvement,0,25,1,16,40,1,1,0,1,0,0,1,0,baseline,0,0,-1,current,baseline,0,0
1647,1,evaluated,1,13,10,7,22,2,1,1,1,1,1,1,0,component_shift_0_0,0,0,0,s1a3_greedy,component_shift_0_0,0,0
1648,1,no_strict_e1_improvement,0,19,7,10,28,2,1,1,1,1,1,1,0,baseline,0,0,-1,current,baseline,0,0
1649,1,evaluated,1,13,6,9,28,2,1,1,1,1,1,1,0,component_shift_0_0,0,0,0,s1a3_greedy,component_shift_0_0,0,0
1650,1,no_strict_e1_improvement,0,25,1,16,40,1,1,0,1,0,0,1,0,baseline,0,0,-1,current,baseline,0,0
1651,1,no_strict_e1_improvement,0,14,3,10,32,2,1,1,1,1,1,1,0,baseline,0,0,-1,current,baseline,0,0
1652,1,no_strict_e1_improvement,0,21,5,11,31,1,1,0,1,0,0,1,0,baseline,0,0,-1,current,baseline,0,0
1653,1,no_strict_e1_improvement,0,25,1,16,40,1,1,0,1,0,0,1,0,baseline,0,0,-1,current,baseline,0,0
1654,1,no_strict_e1_improvement,0,24,2,14,37,1,1,0,1,0,0,1,0,baseline,0,0,-1,current,baseline,0,0
1655,1,small_component,0,1,25,0,0,0,0,0,0,0,1,1,0,current,0,0,-1,current,current,0,0
1656,1,no_strict_e1_improvement,0,24,2,12,35,1,1,0,1,0,0,1,0,baseline,0,0,-1,current,baseline,0,0
1657,1,no_strict_e1_improvement,0,20,6,10,29,2,1,1,1,1,1,1,0,baseline,0,0,-1,current,baseline,0,0
1658,1,evaluated,1,19,7,9,27,2,1,1,1,1,1,1,0,component_shift_0_0,0,0,0,s1a3_greedy,component_shift_0_0,0,0
1659,1,no_strict_e1_improvement,0,20,6,12,31,1,1,0,1,0,0,1,0,baseline,0,0,-1,current,baseline,0,0
1660,1,no_strict_e1_improvement,0,23,3,12,35,1,1,0,1,0,0,1,0,baseline,0,0,-1,current,baseline,0,0
1661,1,no_strict_e1_improvement,0,25,1,16,40,1,1,0,1,0,0,1,0,baseline,0,0,-1,current,baseline,0,0
1662,1,no_strict_e1_improvement,0,25,1,16,40,1,1,0,1,0,0,1,0,baseline,0,0,-1,current,baseline,0,0
1663,1,evaluated,1,14,12,6,19,2,1,1,1,1,1,1,0,component_shift_0_0,0,0,0,s1a3_greedy,component_shift_0_0,0,0
1664,1,no_strict_e1_improvement,0,24,2,14,37,1,1,0,1,0,0,1,0,baseline,0,0,-1,current,baseline,0,0
1665,1,no_strict_e1_improvement,0,18,8,10,27,2,1,1,1,1,1,1,0,baseline,0,0,-1,current,baseline,0,0
1666,1,no_strict_e1_improvement,0,25,1,16,40,1,1,0,1,0,0,1,0,baseline,0,0,-1,current,baseline,0,0
1667,1,no_strict_e1_improvement,0,22,4,12,33,1,1,0,1,0,0,1,0,baseline,0,0,-1,current,baseline,0,0
1668,1,no_strict_e1_improvement,0,25,1,14,39,1,1,0,1,0,0,1,0,baseline,0,0,-1,current,baseline,0,0
1669,1,evaluated,1,16,10,7,22,2,1,1,1,1,1,1,0,component_shift_0_0,0,0,0,s1a3_greedy,component_shift_0_0,0,0
1670,1,no_strict_e1_improvement,0,25,1,16,40,1,1,0,1,0,0,1,0,baseline,0,0,-1,current,baseline,0,0
1671,1,no_strict_e1_improvement,0,24,2,14,37,1,1,0,1,0,0,1,0,baseline,0,0,-1,current,baseline,0,0
1672,1,no_strict_e1_improvement,0,25,1,16,40,1,1,0,1,0,0,1,0,baseline,0,0,-1,current,baseline,0,0
1673,1,no_strict_e1_improvement,0,25,1,16,40,1,1,0,1,0,0,1,0,baseline,0,0,-1,current,baseline,0,0
1674,1,no_strict_e1_improvement,0,20,6,11,30,2,1,1,1,1,1,1,0,baseline,0,0,-1,current,baseline,0,0
1675,1,no_strict_e1_improvement,0,25,1,12,36,1,1,0,1,0,0,1,0,baseline,0,0,-1,current,baseline,0,0
1676,1,no_strict_e1_improvement,0,25,1,16,40,1,1,0,1,0,0,1,0,baseline,0,0,-1,current,baseline,0,0
1677,1,no_strict_e1_improvement,0,25,1,16,40,1,1,0,1,0,0,1,0,baseline,0,0,-1,current,baseline,0,0
1678,1,no_strict_e1_improvement,0,25,1,14,38,1,1,0,1,0,0,1,0,baseline,0,0,-1,current,baseline,0,0
1679,1,no_strict_e1_improvement,0,23,3,14,36,1,1,0,1,0,0,1,0,baseline,0,0,-1,current,baseline,0,0
1680,1,no_strict_e1_improvement,0,24,2,13,36,1,1,0,1,0,0,1,0,baseline,0,0,-1,current,baseline,0,0
1681,1,no_strict_e1_improvement,0,25,1,16,40,1,1,0,1,0,0,1,0,baseline,0,0,-1,current,baseline,0,0
1682,1,no_strict_e1_improvement,0,25,1,16,40,1,1,0,1,0,0,1,0,baseline,0,0,-1,current,baseline,0,0
1683,1,evaluated,1,10,16,4,13,2,1,1,1,1,1,1,0,component_shift_0_0,0,0,0,s1a3_greedy,component_shift_0_0,0,0
1684,1,no_strict_e1_improvement,0,21,5,12,32,1,1,0,1,0,0,1,0,baseline,0,0,-1,current,baseline,0,0
1685,1,no_strict_e1_improvement,0,23,3,13,35,1,1,0,1,0,0,1,0,baseline,0,0,-1,current,baseline,0,0
1686,1,no_strict_e1_improvement,0,24,2,13,36,1,1,0,1,0,0,1,0,baseline,0,0,-1,current,baseline,0,0
1687,1,no_strict_e1_improvement,0,24,2,15,38,1,1,0,1,0,0,1,0,baseline,0,0,-1,current,baseline,0,0
1688,1,no_strict_e1_improvement,0,23,3,14,36,1,1,0,1,0,0,1,0,baseline,0,0,-1,current,baseline,0,0
1689,1,no_strict_e1_improvement,0,25,1,16,40,1,1,0,1,0,0,1,0,baseline,0,0,-1,current,baseline,0,0
1690,1,no_strict_e1_improvement,0,20,6,12,31,1,1,0,1,0,0,1,0,baseline,0,0,-1,current,baseline,0,0
1691,1,no_strict_e1_improvement,0,23,3,14,36,1,1,0,1,0,0,1,0,baseline,0,0,-1,current,baseline,0,0
1692,1,evaluated,1,22,4,10,31,2,1,1,1,1,1,1,0,component_shift_0_0,0,0,0,s1a3_greedy,component_shift_0_0,0,0
1693,1,no_strict_e1_improvement,0,25,1,16,40,1,1,0,1,0,0,1,0,baseline,0,0,-1,current,baseline,0,0
1694,1,no_strict_e1_improvement,0,25,1,16,40,1,1,0,1,0,0,1,0,baseline,0,0,-1,current,baseline,0,0
1695,1,no_strict_e1_improvement,0,23,3,13,35,1,1,0,1,0,0,1,0,baseline,0,0,-1,current,baseline,0,0
1696,1,no_strict_e1_improvement,0,25,1,16,40,1,1,0,1,0,0,1,0,baseline,0,0,-1,current,baseline,0,0
1697,1,no_strict_e1_improvement,0,25,1,16,40,1,1,0,1,0,0,1,0,baseline,0,0,-1,current,baseline,0,0
1698,1,no_strict_e1_improvement,0,25,1,16,40,1,1,0,1,0,0,1,0,baseline,0,0,-1,current,baseline,0,0
1699,1,no_strict_e1_improvement,0,21,5,12,32,2,1,1,1,1,1,1,0,baseline,0,0,-1,current,baseline,0,0
1700,1,evaluated,1,19,7,10,28,2,1,1,1,1,1,1,0,component_shift_0_0,0,0,0,s1a3_greedy,component_shift_0_0,0,0
1701,1,no_strict_e1_improvement,0,25,1,16,40,1,1,0,1,0,0,1,0,baseline,0,0,-1,current,baseline,0,0
1702,1,no_strict_e1_improvement,0,16,10,8,23,1,1,0,1,0,0,1,0,baseline,0,0,-1,current,baseline,0,0
1703,1,no_strict_e1_improvement,0,25,1,15,39,1,1,0,1,0,0,1,0,baseline,0,0,-1,current,baseline,0,0
1704,1,evaluated,1,16,10,7,22,2,1,1,1,1,1,1,0,component_shift_0_0,0,0,0,s1a3_greedy,component_shift_0_0,0,0
1705,1,no_strict_e1_improvement,0,24,2,14,37,1,1,0,1,0,0,1,0,baseline,0,0,-1,current,baseline,0,0
1706,1,no_strict_e1_improvement,0,25,1,16,40,1,1,0,1,0,0,1,0,baseline,0,0,-1,current,baseline,0,0
1707,1,no_strict_e1_improvement,0,22,4,13,34,1,1,0,1,0,0,1,0,baseline,0,0,-1,current,baseline,0,0
1708,1,evaluated,1,12,14,5,16,2,1,1,1,1,1,1,0,component_shift_0_0,0,0,0,s1a3_greedy,component_shift_0_0,0,0
1709,1,evaluated,1,19,7,9,27,2,1,1,1,1,1,1,0,component_shift_0_0,0,0,0,s1a3_greedy,component_shift_0_0,0,0
1710,1,no_strict_e1_improvement,0,24,2,14,37,1,1,0,1,0,0,1,0,baseline,0,0,-1,current,baseline,0,0
1711,1,no_strict_e1_improvement,0,15,11,7,21,1,1,0,1,0,0,1,0,baseline,0,0,-1,current,baseline,0,0
1712,1,no_strict_e1_improvement,0,25,1,16,40,1,1,0,1,0,0,1,0,baseline,0,0,-1,current,baseline,0,0
1713,1,evaluated,1,20,3,12,34,2,1,1,1,1,1,1,0,component_shift_0_0,0,0,0,s1a3_greedy,component_shift_0_0,0,0
1714,1,evaluated,1,13,4,10,31,2,1,1,1,1,1,1,0,component_shift_0_0,0,0,0,s1a3_greedy,component_shift_0_0,0,0
1715,1,no_strict_e1_improvement,0,23,3,14,36,1,1,0,1,0,0,1,0,baseline,0,0,-1,current,baseline,0,0
1716,1,no_strict_e1_improvement,0,25,1,13,37,1,1,0,1,0,0,1,0,baseline,0,0,-1,current,baseline,0,0
1717,1,no_strict_e1_improvement,0,15,5,10,30,2,1,1,1,1,1,1,0,baseline,0,0,-1,current,baseline,0,0
1718,1,evaluated,1,16,7,8,26,2,1,1,1,1,1,1,0,component_shift_0_0,0,0,0,s1a3_greedy,component_shift_0_0,0,0
1719,1,no_strict_e1_improvement,0,24,2,12,36,1,1,0,1,0,0,1,0,baseline,0,0,-1,current,baseline,0,0
1720,1,no_strict_e1_improvement,0,25,1,15,39,1,1,0,1,0,0,1,0,baseline,0,0,-1,current,baseline,0,0
1721,1,evaluated,1,14,12,6,19,2,1,1,1,1,1,1,0,component_shift_0_0,0,0,0,s1a3_greedy,component_shift_0_0,0,0
1722,1,no_strict_e1_improvement,0,23,3,13,35,1,1,0,1,0,0,1,0,baseline,0,0,-1,current,baseline,0,0
1723,1,no_strict_e1_improvement,0,25,1,16,40,1,1,0,1,0,0,1,0,baseline,0,0,-1,current,baseline,0,0
1724,1,no_strict_e1_improvement,0,25,1,16,40,1,1,0,1,0,0,1,0,baseline,0,0,-1,current,baseline,0,0
1725,1,no_strict_e1_improvement,0,24,2,14,37,1,1,0,1,0,0,1,0,baseline,0,0,-1,current,baseline,0,0
1726,1,no_strict_e1_improvement,0,25,1,16,40,1,1,0,1,0,0,1,0,baseline,0,0,-1,current,baseline,0,0
1727,1,no_strict_e1_improvement,0,24,2,14,37,1,1,0,1,0,0,1,0,baseline,0,0,-1,current,baseline,0,0
1728,1,no_strict_e1_improvement,0,23,3,14,36,1,1,0,1,0,0,1,0,baseline,0,0,-1,current,baseline,0,0
1729,1,no_strict_e1_improvement,0,20,6,12,31,1,1,0,1,0,0,1,0,baseline,0,0,-1,current,baseline,0,0
1730,1,no_strict_e1_improvement,0,23,3,14,36,1,1,0,1,0,0,1,0,baseline,0,0,-1,current,baseline,0,0
1731,1,no_strict_e1_improvement,0,25,1,16,40,1,1,0,1,0,0,1,0,baseline,0,0,-1,current,baseline,0,0
1732,1,no_strict_e1_improvement,0,25,1,16,40,1,1,0,1,0,0,1,0,baseline,0,0,-1,current,baseline,0,0
1733,1,no_strict_e1_improvement,0,23,3,12,34,1,1,0,1,0,0,1,0,baseline,0,0,-1,current,baseline,0,0
1734,1,no_strict_e1_improvement,0,24,2,12,35,1,1,0,1,0,0,1,0,baseline,0,0,-1,current,baseline,0,0
1735,1,evaluated,1,10,11,6,20,2,1,1,1,1,1,1,0,component_shift_0_0,0,0,0,s1a3_greedy,component_shift_0_0,0,0
1736,1,evaluated,1,18,8,8,25,2,1,1,1,1,1,1,0,component_shift_0_0,0,0,0,s1a3_greedy,component_shift_0_0,0,0
1737,1,no_strict_e1_improvement,0,22,4,13,34,1,1,0,1,0,0,1,0,baseline,0,0,-1,current,baseline,0,0
1738,1,evaluated,1,15,4,11,32,2,1,1,1,1,1,1,0,component_shift_0_0,0,0,0,s1a3_greedy,component_shift_0_0,0,0
1739,1,no_strict_e1_improvement,0,24,2,13,36,1,1,0,1,0,0,1,0,baseline,0,0,-1,current,baseline,0,0
1740,1,no_strict_e1_improvement,0,25,1,16,40,1,1,0,1,0,0,1,0,baseline,0,0,-1,current,baseline,0,0
1741,1,no_strict_e1_improvement,0,23,3,14,36,1,1,0,1,0,0,1,0,baseline,0,0,-1,current,baseline,0,0
1742,1,no_strict_e1_improvement,0,25,1,16,40,1,1,0,1,0,0,1,0,baseline,0,0,-1,current,baseline,0,0
1743,1,no_strict_e1_improvement,0,15,4,11,32,2,1,1,1,1,1,1,0,baseline,0,0,-1,current,baseline,0,0
1744,1,no_strict_e1_improvement,0,25,1,16,40,1,1,0,1,0,0,1,0,baseline,0,0,-1,current,baseline,0,0
1745,1,no_strict_e1_improvement,0,23,3,14,36,1,1,0,1,0,0,1,0,baseline,0,0,-1,current,baseline,0,0
1746,1,no_strict_e1_improvement,0,25,1,16,40,1,1,0,1,0,0,1,0,baseline,0,0,-1,current,baseline,0,0
1747,1,no_strict_e1_improvement,0,25,1,16,40,1,1,0,1,0,0,1,0,baseline,0,0,-1,current,baseline,0,0
1748,1,no_strict_e1_improvement,0,25,1,16,40,1,1,0,1,0,0,1,0,baseline,0,0,-1,current,baseline,0,0
1749,1,evaluated,1,22,4,13,34,2,1,1,1,1,1,1,0,component_shift_0_0,0,0,0,s1a3_greedy,component_shift_0_0,0,0
1750,1,no_strict_e1_improvement,0,20,6,9,28,1,1,0,1,0,0,1,0,baseline,0,0,-1,current,baseline,0,0
1751,1,evaluated,1,20,6,12,31,2,1,1,1,1,1,1,0,component_shift_0_0,0,0,0,s1a3_greedy,component_shift_0_0,0,0
1752,1,evaluated,1,13,10,7,22,2,1,1,1,1,1,1,0,component_shift_0_0,0,0,0,s1a3_greedy,component_shift_0_0,0,0
1753,1,evaluated,1,14,12,7,20,2,1,1,1,1,1,1,0,component_shift_0_0,0,0,0,s1a3_greedy,component_shift_0_0,0,0
1754,1,no_strict_e1_improvement,0,25,1,16,40,1,1,0,1,0,0,1,0,baseline,0,0,-1,current,baseline,0,0
1755,1,no_strict_e1_improvement,0,25,1,16,40,1,1,0,1,0,0,1,0,baseline,0,0,-1,current,baseline,0,0
1756,1,no_strict_e1_improvement,0,23,3,14,36,1,1,0,1,0,0,1,0,baseline,0,0,-1,current,baseline,0,0
1757,1,no_strict_e1_improvement,0,25,1,16,40,1,1,0,1,0,0,1,0,baseline,0,0,-1,current,baseline,0,0
1758,1,no_strict_e1_improvement,0,24,2,12,35,1,1,0,1,0,0,1,0,baseline,0,0,-1,current,baseline,0,0
1759,1,no_strict_e1_improvement,0,25,1,16,40,1,1,0,1,0,0,1,0,baseline,0,0,-1,current,baseline,0,0
1760,1,no_strict_e1_improvement,0,24,2,12,35,1,1,0,1,0,0,1,0,baseline,0,0,-1,current,baseline,0,0
1761,1,no_strict_e1_improvement,0,24,2,14,37,1,1,0,1,0,0,1,0,baseline,0,0,-1,current,baseline,0,0
1762,1,no_strict_e1_improvement,0,15,2,12,35,2,1,1,1,1,1,1,0,baseline,0,0,-1,current,baseline,0,0
1763,1,no_strict_e1_improvement,0,25,1,16,40,1,1,0,1,0,0,1,0,baseline,0,0,-1,current,baseline,0,0
1764,1,no_strict_e1_improvement,0,25,1,16,40,1,1,0,1,0,0,1,0,baseline,0,0,-1,current,baseline,0,0
1765,1,no_strict_e1_improvement,0,25,1,16,40,1,1,0,1,0,0,1,0,baseline,0,0,-1,current,baseline,0,0
1766,1,no_strict_e1_improvement,0,23,3,14,36,1,1,0,1,0,0,1,0,baseline,0,0,-1,current,baseline,0,0
1767,1,no_strict_e1_improvement,0,21,5,10,30,2,1,1,1,1,1,1,0,baseline,0,0,-1,current,baseline,0,0
1768,1,no_strict_e1_improvement,0,24,2,14,37,1,1,0,1,0,0,1,0,baseline,0,0,-1,current,baseline,0,0
1769,1,no_strict_e1_improvement,0,23,3,13,35,2,1,1,1,1,1,1,0,baseline,0,0,-1,current,baseline,0,0
1770,1,no_strict_e1_improvement,0,25,1,16,40,1,1,0,1,0,0,1,0,baseline,0,0,-1,current,baseline,0,0
1771,1,no_strict_e1_improvement,0,25,1,16,40,1,1,0,1,0,0,1,0,baseline,0,0,-1,current,baseline,0,0
1772,1,no_strict_e1_improvement,0,25,1,16,40,1,1,0,1,0,0,1,0,baseline,0,0,-1,current,baseline,0,0
1773,1,evaluated,1,19,7,11,29,2,1,1,1,1,1,1,0,component_shift_0_0,0,0,0,s1a3_greedy,component_shift_0_0,0,0
1774,1,no_strict_e1_improvement,0,25,1,16,40,1,1,0,1,0,0,1,0,baseline,0,0,-1,current,baseline,0,0
1775,1,no_strict_e1_improvement,0,20,6,12,31,2,1,1,1,1,1,1,0,baseline,0,0,-1,current,baseline,0,0
1776,1,no_strict_e1_improvement,0,25,1,16,40,1,1,0,1,0,0,1,0,baseline,0,0,-1,current,baseline,0,0
1777,1,no_strict_e1_improvement,0,25,1,14,38,1,1,0,1,0,0,1,0,baseline,0,0,-1,current,baseline,0,0
1778,1,evaluated,1,20,6,12,31,2,1,1,1,1,1,1,0,component_shift_0_0,0,0,0,s1a3_greedy,component_shift_0_0,0,0
1779,1,no_strict_e1_improvement,0,24,2,14,37,1,1,0,1,0,0,1,0,baseline,0,0,-1,current,baseline,0,0
1780,1,no_strict_e1_improvement,0,25,1,14,39,1,1,0,1,0,0,1,0,baseline,0,0,-1,current,baseline,0,0
1781,1,no_strict_e1_improvement,0,25,1,16,40,1,1,0,1,0,0,1,0,baseline,0,0,-1,current,baseline,0,0
1782,1,no_strict_e1_improvement,0,20,6,10,29,2,1,1,1,1,1,1,0,baseline,0,0,-1,current,baseline,0,0
1783,1,evaluated,1,19,7,9,27,2,1,1,1,1,1,1,0,component_shift_0_0,0,0,0,s1a3_greedy,component_shift_0_0,0,0
1784,1,no_strict_e1_improvement,0,25,1,16,40,1,1,0,1,0,0,1,0,baseline,0,0,-1,current,baseline,0,0
1785,1,no_strict_e1_improvement,0,21,5,10,30,1,1,0,1,0,0,1,0,baseline,0,0,-1,current,baseline,0,0
1786,1,evaluated,1,22,4,13,34,2,1,1,1,1,1,1,0,component_shift_0_0,0,0,0,s1a3_greedy,component_shift_0_0,0,0
1787,1,evaluated,1,8,10,6,21,2,1,1,1,1,1,1,0,component_shift_0_0,0,0,0,s1a3_greedy,component_shift_0_0,0,0
1788,1,no_strict_e1_improvement,0,25,1,15,39,1,1,0,1,0,0,1,0,baseline,0,0,-1,current,baseline,0,0
1789,1,no_strict_e1_improvement,0,25,1,14,38,1,1,0,1,0,0,1,0,baseline,0,0,-1,current,baseline,0,0
1790,1,no_strict_e1_improvement,0,25,1,14,38,1,1,0,1,0,0,1,0,baseline,0,0,-1,current,baseline,0,0
1791,1,evaluated,1,22,4,13,34,2,1,1,1,1,1,1,0,component_shift_0_0,0,0,0,s1a3_greedy,component_shift_0_0,0,0
1792,1,no_strict_e1_improvement,0,25,1,16,40,1,1,0,1,0,0,1,0,baseline,0,0,-1,current,baseline,0,0
1793,1,no_strict_e1_improvement,0,25,1,16,40,1,1,0,1,0,0,1,0,baseline,0,0,-1,current,baseline,0,0
1794,1,no_strict_e1_improvement,0,25,1,16,40,1,1,0,1,0,0,1,0,baseline,0,0,-1,current,baseline,0,0
1795,1,no_strict_e1_improvement,0,20,6,12,31,1,1,0,1,0,0,1,0,baseline,0,0,-1,current,baseline,0,0
1796,1,no_strict_e1_improvement,0,25,1,16,40,1,1,0,1,0,0,1,0,baseline,0,0,-1,current,baseline,0,0
1797,1,evaluated,1,22,4,13,34,2,1,1,1,1,1,1,0,component_shift_0_0,0,0,0,s1a3_greedy,component_shift_0_0,0,0
1798,1,no_strict_e1_improvement,0,24,2,13,36,1,1,0,1,0,0,1,0,baseline,0,0,-1,current,baseline,0,0
1799,1,no_strict_e1_improvement,0,25,1,16,40,1,1,0,1,0,0,1,0,baseline,0,0,-1,current,baseline,0,0
1800,1,no_strict_e1_improvement,0,22,4,13,34,1,1,0,1,0,0,1,0,baseline,0,0,-1,current,baseline,0,0
1801,1,no_strict_e1_improvement,0,21,5,11,31,1,1,0,1,0,0,1,0,baseline,0,0,-1,current,baseline,0,0
1802,1,small_component,0,1,25,0,0,0,0,0,0,0,1,1,0,current,0,0,-1,current,current,0,0
1803,1,no_strict_e1_improvement,0,22,4,13,34,1,1,0,1,0,0,1,0,baseline,0,0,-1,current,baseline,0,0
1804,1,no_strict_e1_improvement,0,23,3,13,35,1,1,0,1,0,0,1,0,baseline,0,0,-1,current,baseline,0,0
1805,1,no_strict_e1_improvement,0,25,1,16,40,1,1,0,1,0,0,1,0,baseline,0,0,-1,current,baseline,0,0
1806,1,no_strict_e1_improvement,0,20,6,10,29,1,1,0,1,0,0,1,0,baseline,0,0,-1,current,baseline,0,0
1807,1,no_strict_e1_improvement,0,20,6,10,29,2,1,1,1,1,1,1,0,baseline,0,0,-1,current,baseline,0,0
1808,1,no_strict_e1_improvement,0,25,1,16,40,1,1,0,1,0,0,1,0,baseline,0,0,-1,current,baseline,0,0
1809,1,no_strict_e1_improvement,0,15,5,10,30,2,1,1,1,1,1,1,0,baseline,0,0,-1,current,baseline,0,0
1810,1,evaluated,1,11,15,5,15,2,1,1,1,1,1,1,0,component_shift_0_0,0,0,0,s1a3_greedy,component_shift_0_0,0,0
1811,1,no_strict_e1_improvement,0,25,1,16,40,1,1,0,1,0,0,1,0,baseline,0,0,-1,current,baseline,0,0
1812,1,no_strict_e1_improvement,0,23,3,12,34,1,1,0,1,0,0,1,0,baseline,0,0,-1,current,baseline,0,0
1813,1,no_strict_e1_improvement,0,20,6,10,29,2,1,1,1,1,1,1,0,baseline,0,0,-1,current,baseline,0,0
1814,1,no_strict_e1_improvement,0,25,1,14,38,1,1,0,1,0,0,1,0,baseline,0,0,-1,current,baseline,0,0
1815,1,no_strict_e1_improvement,0,24,2,14,37,1,1,0,1,0,0,1,0,baseline,0,0,-1,current,baseline,0,0
1816,1,no_strict_e1_improvement,0,25,1,16,40,1,1,0,1,0,0,1,0,baseline,0,0,-1,current,baseline,0,0
1817,1,no_strict_e1_improvement,0,23,3,14,36,1,1,0,1,0,0,1,0,baseline,0,0,-1,current,baseline,0,0
1818,1,no_strict_e1_improvement,0,24,2,15,38,1,1,0,1,0,0,1,0,baseline,0,0,-1,current,baseline,0,0
1819,1,no_strict_e1_improvement,0,25,1,16,40,1,1,0,1,0,0,1,0,baseline,0,0,-1,current,baseline,0,0
1820,1,no_strict_e1_improvement,0,22,4,12,33,1,1,0,1,0,0,1,0,baseline,0,0,-1,current,baseline,0,0
1821,1,no_strict_e1_improvement,0,21,5,11,31,1,1,0,1,0,0,1,0,baseline,0,0,-1,current,baseline,0,0
1822,1,no_strict_e1_improvement,0,24,2,15,38,1,1,0,1,0,0,1,0,baseline,0,0,-1,current,baseline,0,0
1823,1,no_strict_e1_improvement,0,23,3,14,36,1,1,0,1,0,0,1,0,baseline,0,0,-1,current,baseline,0,0
1824,1,no_strict_e1_improvement,0,22,4,11,32,1,1,0,1,0,0,1,0,baseline,0,0,-1,current,baseline,0,0
1825,1,no_strict_e1_improvement,0,24,2,13,36,1,1,0,1,0,0,1,0,baseline,0,0,-1,current,baseline,0,0
1826,1,evaluated,1,14,12,7,20,2,1,1,1,1,1,1,0,component_shift_0_0,0,0,0,s1a3_greedy,component_shift_0_0,0,0
1827,1,no_strict_e1_improvement,0,20,6,12,31,1,1,0,1,0,0,1,0,baseline,0,0,-1,current,baseline,0,0
1828,1,no_strict_e1_improvement,0,15,4,11,32,2,1,1,1,1,1,1,0,baseline,0,0,-1,current,baseline,0,0
1829,1,no_strict_e1_improvement,0,25,1,16,40,1,1,0,1,0,0,1,0,baseline,0,0,-1,current,baseline,0,0
1830,1,no_strict_e1_improvement,0,23,3,12,34,1,1,0,1,0,0,1,0,baseline,0,0,-1,current,baseline,0,0
1831,1,evaluated,1,18,8,10,27,2,1,1,1,1,1,1,0,component_shift_0_0,0,0,0,s1a3_greedy,component_shift_0_0,0,0
1832,1,evaluated,1,20,6,12,31,2,1,1,1,1,1,1,0,component_shift_0_0,0,0,0,s1a3_greedy,component_shift_0_0,0,0
1833,1,no_strict_e1_improvement,0,24,2,12,35,1,1,0,1,0,0,1,0,baseline,0,0,-1,current,baseline,0,0
1834,1,evaluated,1,14,12,7,20,2,1,1,1,1,1,1,0,component_shift_0_0,0,0,0,s1a3_greedy,component_shift_0_0,0,0
1835,1,no_strict_e1_improvement,0,25,1,16,40,1,1,0,1,0,0,1,0,baseline,0,0,-1,current,baseline,0,0
1836,1,no_strict_e1_improvement,0,25,1,16,40,1,1,0,1,0,0,1,0,baseline,0,0,-1,current,baseline,0,0
1837,1,no_strict_e1_improvement,0,25,1,16,40,1,1,0,1,0,0,1,0,baseline,0,0,-1,current,baseline,0,0
1838,1,no_strict_e1_improvement,0,24,2,14,37,1,1,0,1,0,0,1,0,baseline,0,0,-1,current,baseline,0,0
1839,1,evaluated,1,8,18,3,10,2,1,1,1,1,1,1,0,component_shift_0_0,0,0,0,s1a3_greedy,component_shift_0_0,0,0
1840,1,no_strict_e1_improvement,0,25,1,14,38,1,1,0,1,0,0,1,0,baseline,0,0,-1,current,baseline,0,0
1841,1,no_strict_e1_improvement,0,24,2,15,38,1,1,0,1,0,0,1,0,baseline,0,0,-1,current,baseline,0,0
1842,1,no_strict_e1_improvement,0,25,1,13,37,1,1,0,1,0,0,1,0,baseline,0,0,-1,current,baseline,0,0
1843,1,no_strict_e1_improvement,0,25,1,16,40,1,1,0,1,0,0,1,0,baseline,0,0,-1,current,baseline,0,0
1844,1,no_strict_e1_improvement,0,23,3,13,35,1,1,0,1,0,0,1,0,baseline,0,0,-1,current,baseline,0,0
1845,1,evaluated,1,22,4,11,32,2,1,1,1,1,1,1,0,component_shift_0_0,0,0,0,s1a3_greedy,component_shift_0_0,0,0
1846,1,no_strict_e1_improvement,0,25,1,15,39,1,1,0,1,0,0,1,0,baseline,0,0,-1,current,baseline,0,0
1847,1,no_strict_e1_improvement,0,25,1,14,39,1,1,0,1,0,0,1,0,baseline,0,0,-1,current,baseline,0,0
1848,1,no_strict_e1_improvement,0,25,1,16,40,1,1,0,1,0,0,1,0,baseline,0,0,-1,current,baseline,0,0
1849,1,no_strict_e1_improvement,0,24,2,14,37,1,1,0,1,0,0,1,0,baseline,0,0,-1,current,baseline,0,0
1850,1,no_strict_e1_improvement,0,25,1,15,39,1,1,0,1,0,0,1,0,baseline,0,0,-1,current,baseline,0,0
1851,1,no_strict_e1_improvement,0,25,1,14,39,1,1,0,1,0,0,1,0,baseline,0,0,-1,current,baseline,0,0
1852,1,no_strict_e1_improvement,0,25,1,14,38,1,1,0,1,0,0,1,0,baseline,0,0,-1,current,baseline,0,0
1853,1,no_strict_e1_improvement,0,25,1,16,40,1,1,0,1,0,0,1,0,baseline,0,0,-1,current,baseline,0,0
1854,1,evaluated,1,17,9,8,24,2,1,1,1,1,1,1,0,component_shift_0_0,0,0,0,s1a3_greedy,component_shift_0_0,0,0
1855,1,no_strict_e1_improvement,0,23,3,12,35,1,1,0,1,0,0,1,0,baseline,0,0,-1,current,baseline,0,0
1856,1,no_strict_e1_improvement,0,25,1,16,40,1,1,0,1,0,0,1,0,baseline,0,0,-1,current,baseline,0,0
1857,1,no_strict_e1_improvement,0,24,2,13,36,1,1,0,1,0,0,1,0,baseline,0,0,-1,current,baseline,0,0
1858,1,no_strict_e1_improvement,0,25,1,14,38,1,1,0,1,0,0,1,0,baseline,0,0,-1,current,baseline,0,0
1859,1,no_strict_e1_improvement,0,25,1,16,40,1,1,0,1,0,0,1,0,baseline,0,0,-1,current,baseline,0,0
1860,1,no_strict_e1_improvement,0,25,1,16,40,1,1,0,1,0,0,1,0,baseline,0,0,-1,current,baseline,0,0
1861,1,no_strict_e1_improvement,0,21,5,12,32,1,1,0,1,0,0,1,0,baseline,0,0,-1,current,baseline,0,0
1862,1,no_strict_e1_improvement,0,22,4,11,32,1,1,0,1,0,0,1,0,baseline,0,0,-1,current,baseline,0,0
1863,1,no_strict_e1_improvement,0,25,1,16,40,1,1,0,1,0,0,1,0,baseline,0,0,-1,current,baseline,0,0
1864,1,no_strict_e1_improvement,0,23,3,14,36,1,1,0,1,0,0,1,0,baseline,0,0,-1,current,baseline,0,0
1865,1,no_strict_e1_improvement,0,25,1,16,40,1,1,0,1,0,0,1,0,baseline,0,0,-1,current,baseline,0,0
1866,1,no_strict_e1_improvement,0,25,1,13,37,1,1,0,1,0,0,1,0,baseline,0,0,-1,current,baseline,0,0
1867,1,no_strict_e1_improvement,0,24,2,14,37,1,1,0,1,0,0,1,0,baseline,0,0,-1,current,baseline,0,0
1868,1,evaluated,1,20,6,10,29,2,1,1,1,1,1,1,0,component_shift_0_0,0,0,0,s1a3_greedy,component_shift_0_0,0,0
1869,1,no_strict_e1_improvement,0,25,1,16,40,1,1,0,1,0,0,1,0,baseline,0,0,-1,current,baseline,0,0
1870,1,no_strict_e1_improvement,0,23,3,14,36,1,1,0,1,0,0,1,0,baseline,0,0,-1,current,baseline,0,0
1871,1,no_strict_e1_improvement,0,25,1,14,38,1,1,0,1,0,0,1,0,baseline,0,0,-1,current,baseline,0,0
1872,1,no_strict_e1_improvement,0,25,1,16,40,1,1,0,1,0,0,1,0,baseline,0,0,-1,current,baseline,0,0
1873,1,no_strict_e1_improvement,0,24,2,15,38,1,1,0,1,0,0,1,0,baseline,0,0,-1,current,baseline,0,0
1874,1,no_strict_e1_improvement,0,8,11,6,20,2,1,1,1,1,1,1,0,baseline,0,0,-1,current,baseline,0,0
1875,1,evaluated,1,19,7,8,26,2,1,1,1,1,1,1,0,component_shift_0_0,0,0,0,s1a3_greedy,component_shift_0_0,0,0
1876,1,no_strict_e1_improvement,0,25,1,16,40,1,1,0,1,0,0,1,0,baseline,0,0,-1,current,baseline,0,0
1877,1,no_strict_e1_improvement,0,25,1,14,38,1,1,0,1,0,0,1,0,baseline,0,0,-1,current,baseline,0,0
1878,1,evaluated,1,19,7,10,28,2,1,1,1,1,1,1,0,component_shift_0_0,0,0,0,s1a3_greedy,component_shift_0_0,0,0
1879,1,no_strict_e1_improvement,0,25,1,16,40,1,1,0,1,0,0,1,0,baseline,0,0,-1,current,baseline,0,0
1880,1,no_strict_e1_improvement,0,15,2,12,35,1,1,0,1,0,0,1,0,baseline,0,0,-1,current,baseline,0,0
1881,1,no_strict_e1_improvement,0,25,1,16,40,1,1,0,1,0,0,1,0,baseline,0,0,-1,current,baseline,0,0
1882,1,no_strict_e1_improvement,0,24,2,13,36,1,1,0,1,0,0,1,0,baseline,0,0,-1,current,baseline,0,0
1883,1,no_strict_e1_improvement,0,25,1,16,40,1,1,0,1,0,0,1,0,baseline,0,0,-1,current,baseline,0,0
1884,1,no_strict_e1_improvement,0,25,1,16,40,1,1,0,1,0,0,1,0,baseline,0,0,-1,current,baseline,0,0
1885,1,no_strict_e1_improvement,0,25,1,16,40,1,1,0,1,0,0,1,0,baseline,0,0,-1,current,baseline,0,0
1886,1,no_strict_e1_improvement,0,23,3,14,36,1,1,0,1,0,0,1,0,baseline,0,0,-1,current,baseline,0,0
1887,1,no_strict_e1_improvement,0,24,2,15,38,1,1,0,1,0,0,1,0,baseline,0,0,-1,current,baseline,0,0
1888,1,no_strict_e1_improvement,0,23,3,12,34,1,1,0,1,0,0,1,0,baseline,0,0,-1,current,baseline,0,0
1889,1,no_strict_e1_improvement,0,25,1,14,39,1,1,0,1,0,0,1,0,baseline,0,0,-1,current,baseline,0,0
1890,1,no_strict_e1_improvement,0,25,1,13,37,1,1,0,1,0,0,1,0,baseline,0,0,-1,current,baseline,0,0
1891,1,no_strict_e1_improvement,0,25,1,15,39,1,1,0,1,0,0,1,0,baseline,0,0,-1,current,baseline,0,0
1892,1,evaluated,1,14,12,7,20,2,1,1,1,1,1,1,0,component_shift_0_0,0,0,0,s1a3_greedy,component_shift_0_0,0,0
1893,1,evaluated,1,23,3,14,36,2,1,1,1,1,1,1,0,component_shift_0_0,0,0,0,s1a3_greedy,component_shift_0_0,0,0
1894,1,no_strict_e1_improvement,0,25,1,16,40,1,1,0,1,0,0,1,0,baseline,0,0,-1,current,baseline,0,0
1895,1,no_strict_e1_improvement,0,25,1,16,40,1,1,0,1,0,0,1,0,baseline,0,0,-1,current,baseline,0,0
1896,1,no_strict_e1_improvement,0,25,1,16,40,1,1,0,1,0,0,1,0,baseline,0,0,-1,current,baseline,0,0
1897,1,no_strict_e1_improvement,0,17,9,9,25,2,1,1,1,1,1,1,0,baseline,0,0,-1,current,baseline,0,0
1898,1,no_strict_e1_improvement,0,24,2,14,37,1,1,0,1,0,0,1,0,baseline,0,0,-1,current,baseline,0,0
1899,1,no_strict_e1_improvement,0,24,2,15,38,1,1,0,1,0,0,1,0,baseline,0,0,-1,current,baseline,0,0
1900,1,no_strict_e1_improvement,0,24,2,14,37,1,1,0,1,0,0,1,0,baseline,0,0,-1,current,baseline,0,0
1901,1,no_strict_e1_improvement,0,25,1,16,40,1,1,0,1,0,0,1,0,baseline,0,0,-1,current,baseline,0,0
1902,1,no_strict_e1_improvement,0,23,3,14,36,1,1,0,1,0,0,1,0,baseline,0,0,-1,current,baseline,0,0
1903,1,no_strict_e1_improvement,0,23,3,14,36,1,1,0,1,0,0,1,0,baseline,0,0,-1,current,baseline,0,0
1904,1,no_strict_e1_improvement,0,25,1,16,40,1,1,0,1,0,0,1,0,baseline,0,0,-1,current,baseline,0,0
1905,1,no_strict_e1_improvement,0,20,6,11,30,1,1,0,1,0,0,1,0,baseline,0,0,-1,current,baseline,0,0
1906,1,no_strict_e1_improvement,0,25,1,16,40,1,1,0,1,0,0,1,0,baseline,0,0,-1,current,baseline,0,0
1907,1,no_strict_e1_improvement,0,24,2,14,37,1,1,0,1,0,0,1,0,baseline,0,0,-1,current,baseline,0,0
1908,1,evaluated,1,18,8,10,27,2,1,1,1,1,1,1,0,component_shift_0_0,0,0,0,s1a3_greedy,component_shift_0_0,0,0
1909,1,no_strict_e1_improvement,0,25,1,16,40,1,1,0,1,0,0,1,0,baseline,0,0,-1,current,baseline,0,0
1910,1,no_strict_e1_improvement,0,23,3,14,36,1,1,0,1,0,0,1,0,baseline,0,0,-1,current,baseline,0,0
1911,1,evaluated,1,12,9,7,23,2,1,1,1,1,1,1,0,component_shift_0_0,0,0,0,s1a3_greedy,component_shift_0_0,0,0
1912,1,evaluated,1,22,4,13,34,2,1,1,1,1,1,1,0,component_shift_0_0,0,0,0,s1a3_greedy,component_shift_0_0,0,0
1913,1,no_strict_e1_improvement,0,24,2,14,37,1,1,0,1,0,0,1,0,baseline,0,0,-1,current,baseline,0,0
1914,1,no_strict_e1_improvement,0,15,2,12,35,1,1,0,1,0,0,1,0,baseline,0,0,-1,current,baseline,0,0
1915,1,no_strict_e1_improvement,0,18,8,9,26,1,1,0,1,0,0,1,0,baseline,0,0,-1,current,baseline,0,0
1916,1,no_strict_e1_improvement,0,25,1,14,38,1,1,0,1,0,0,1,0,baseline,0,0,-1,current,baseline,0,0
1917,1,no_strict_e1_improvement,0,25,1,14,39,1,1,0,1,0,0,1,0,baseline,0,0,-1,current,baseline,0,0
1918,1,no_strict_e1_improvement,0,25,1,16,40,1,1,0,1,0,0,1,0,baseline,0,0,-1,current,baseline,0,0
1919,1,evaluated,1,19,7,10,28,2,1,1,1,1,1,1,0,component_shift_0_0,0,0,0,s1a3_greedy,component_shift_0_0,0,0
1920,1,no_strict_e1_improvement,0,25,1,16,40,1,1,0,1,0,0,1,0,baseline,0,0,-1,current,baseline,0,0
1921,1,no_strict_e1_improvement,0,22,4,12,33,1,1,0,1,0,0,1,0,baseline,0,0,-1,current,baseline,0,0
1922,1,no_strict_e1_improvement,0,24,2,15,38,1,1,0,1,0,0,1,0,baseline,0,0,-1,current,baseline,0,0
1923,1,no_strict_e1_improvement,0,25,1,13,37,1,1,0,1,0,0,1,0,baseline,0,0,-1,current,baseline,0,0
1924,1,no_strict_e1_improvement,0,25,1,16,40,1,1,0,1,0,0,1,0,baseline,0,0,-1,current,baseline,0,0
1925,1,evaluated,1,22,4,13,34,2,1,1,1,1,1,1,0,component_shift_0_0,0,0,0,s1a3_greedy,component_shift_0_0,0,0
1926,1,evaluated,1,21,5,11,31,2,1,1,1,1,1,1,0,component_shift_0_0,0,0,0,s1a3_greedy,component_shift_0_0,0,0
1927,1,no_strict_e1_improvement,0,23,3,14,36,1,1,0,1,0,0,1,0,baseline,0,0,-1,current,baseline,0,0
1928,1,no_strict_e1_improvement,0,24,2,14,37,1,1,0,1,0,0,1,0,baseline,0,0,-1,current,baseline,0,0
1929,1,no_strict_e1_improvement,0,23,3,14,36,1,1,0,1,0,0,1,0,baseline,0,0,-1,current,baseline,0,0
1930,1,no_strict_e1_improvement,0,15,2,12,35,1,1,0,1,0,0,1,0,baseline,0,0,-1,current,baseline,0,0
1931,1,no_strict_e1_improvement,0,25,1,16,40,1,1,0,1,0,0,1,0,baseline,0,0,-1,current,baseline,0,0
1932,1,no_strict_e1_improvement,0,25,1,16,40,1,1,0,1,0,0,1,0,baseline,0,0,-1,current,baseline,0,0
1933,1,no_strict_e1_improvement,0,22,4,11,32,1,1,0,1,0,0,1,0,baseline,0,0,-1,current,baseline,0,0
1934,1,no_strict_e1_improvement,0,21,5,10,30,1,1,0,1,0,0,1,0,baseline,0,0,-1,current,baseline,0,0
1935,1,no_strict_e1_improvement,0,21,5,11,31,1,1,0,1,0,0,1,0,baseline,0,0,-1,current,baseline,0,0
1936,1,no_strict_e1_improvement,0,25,1,16,40,1,1,0,1,0,0,1,0,baseline,0,0,-1,current,baseline,0,0
1937,1,no_strict_e1_improvement,0,25,1,16,40,1,1,0,1,0,0,1,0,baseline,0,0,-1,current,baseline,0,0
1938,1,no_strict_e1_improvement,0,24,2,14,37,1,1,0,1,0,0,1,0,baseline,0,0,-1,current,baseline,0,0
1939,1,no_strict_e1_improvement,0,23,3,13,35,2,1,1,1,1,1,1,0,baseline,0,0,-1,current,baseline,0,0
1940,1,no_strict_e1_improvement,0,25,1,16,40,1,1,0,1,0,0,1,0,baseline,0,0,-1,current,baseline,0,0
1941,1,no_strict_e1_improvement,0,25,1,16,40,1,1,0,1,0,0,1,0,baseline,0,0,-1,current,baseline,0,0
1942,1,evaluated,1,21,5,11,31,2,1,1,1,1,1,1,0,component_shift_0_0,0,0,0,s1a3_greedy,component_shift_0_0,0,0
1943,1,evaluated,1,14,9,7,23,2,1,1,1,1,1,1,0,component_shift_0_0,0,0,0,s1a3_greedy,component_shift_0_0,0,0
1944,1,no_strict_e1_improvement,0,25,1,16,40,1,1,0,1,0,0,1,0,baseline,0,0,-1,current,baseline,0,0
1945,1,no_strict_e1_improvement,0,25,1,15,39,1,1,0,1,0,0,1,0,baseline,0,0,-1,current,baseline,0,0
1946,1,no_strict_e1_improvement,0,23,3,14,36,1,1,0,1,0,0,1,0,baseline,0,0,-1,current,baseline,0,0
1947,1,no_strict_e1_improvement,0,24,2,15,38,1,1,0,1,0,0,1,0,baseline,0,0,-1,current,baseline,0,0
1948,1,evaluated,1,4,22,1,4,2,1,1,1,1,1,1,0,component_shift_0_0,0,0,0,s1a3_greedy,component_shift_0_0,0,0
1949,1,no_strict_e1_improvement,0,25,1,16,40,1,1,0,1,0,0,1,0,baseline,0,0,-1,current,baseline,0,0
1950,1,no_strict_e1_improvement,0,23,3,14,36,1,1,0,1,0,0,1,0,baseline,0,0,-1,current,baseline,0,0
1951,1,evaluated,1,21,5,11,31,2,1,1,1,1,1,1,0,component_shift_0_0,0,0,0,s1a3_greedy,component_shift_0_0,0,0
1952,1,no_strict_e1_improvement,0,24,2,14,37,1,1,0,1,0,0,1,0,baseline,0,0,-1,current,baseline,0,0
1953,1,no_strict_e1_improvement,0,25,1,16,40,1,1,0,1,0,0,1,0,baseline,0,0,-1,current,baseline,0,0
1954,1,no_strict_e1_improvement,0,25,1,13,38,1,1,0,1,0,0,1,0,baseline,0,0,-1,current,baseline,0,0
1955,1,no_strict_e1_improvement,0,24,2,13,36,1,1,0,1,0,0,1,0,baseline,0,0,-1,current,baseline,0,0
1956,1,evaluated,1,10,13,5,17,2,1,1,1,1,1,1,0,component_shift_0_0,0,0,0,s1a3_greedy,component_shift_0_0,0,0
1957,1,no_strict_e1_improvement,0,22,4,12,33,1,1,0,1,0,0,1,0,baseline,0,0,-1,current,baseline,0,0
1958,1,no_strict_e1_improvement,0,25,1,16,40,1,1,0,1,0,0,1,0,baseline,0,0,-1,current,baseline,0,0
1959,1,no_strict_e1_improvement,0,20,3,12,34,2,1,1,1,1,1,1,0,baseline,0,0,-1,current,baseline,0,0
1960,1,evaluated,1,14,12,6,19,2,1,1,1,1,1,1,0,component_shift_0_0,0,0,0,s1a3_greedy,component_shift_0_0,0,0
1961,1,no_strict_e1_improvement,0,25,1,16,40,1,1,0,1,0,0,1,0,baseline,0,0,-1,current,baseline,0,0
1962,1,no_strict_e1_improvement,0,25,1,16,40,1,1,0,1,0,0,1,0,baseline,0,0,-1,current,baseline,0,0
1963,1,no_strict_e1_improvement,0,25,1,16,40,1,1,0,1,0,0,1,0,baseline,0,0,-1,current,baseline,0,0
1964,1,no_strict_e1_improvement,0,25,1,13,37,1,1,0,1,0,0,1,0,baseline,0,0,-1,current,baseline,0,0
1965,1,no_strict_e1_improvement,0,17,6,9,28,2,1,1,1,1,1,1,0,baseline,0,0,-1,current,baseline,0,0
1966,1,no_strict_e1_improvement,0,25,1,14,39,1,1,0,1,0,0,1,0,baseline,0,0,-1,current,baseline,0,0
1967,1,no_strict_e1_improvement,0,22,4,13,34,1,1,0,1,0,0,1,0,baseline,0,0,-1,current,baseline,0,0
1968,1,no_strict_e1_improvement,0,23,3,11,33,1,1,0,1,0,0,1,0,baseline,0,0,-1,current,baseline,0,0
1969,1,no_strict_e1_improvement,0,25,1,16,40,1,1,0,1,0,0,1,0,baseline,0,0,-1,current,baseline,0,0
1970,1,no_strict_e1_improvement,0,25,1,16,40,1,1,0,1,0,0,1,0,baseline,0,0,-1,current,baseline,0,0
1971,1,no_strict_e1_improvement,0,23,3,13,35,1,1,0,1,0,0,1,0,baseline,0,0,-1,current,baseline,0,0
1972,1,no_strict_e1_improvement,0,24,2,12,35,1,1,0,1,0,0,1,0,baseline,0,0,-1,current,baseline,0,0
1973,1,no_strict_e1_improvement,0,10,13,5,17,2,1,1,1,1,1,1,0,baseline,0,0,-1,current,baseline,0,0
1974,1,evaluated,1,20,6,12,31,2,1,1,1,1,1,1,0,component_shift_0_0,0,0,0,s1a3_greedy,component_shift_0_0,0,0
1975,1,no_strict_e1_improvement,0,25,1,16,40,1,1,0,1,0,0,1,0,baseline,0,0,-1,current,baseline,0,0
1976,1,no_strict_e1_improvement,0,15,11,8,22,2,1,1,1,1,1,1,0,baseline,0,0,-1,current,baseline,0,0
1977,1,evaluated,1,20,6,9,28,2,1,1,1,1,1,1,0,component_shift_0_0,0,0,0,s1a3_greedy,component_shift_0_0,0,0
1978,1,no_strict_e1_improvement,0,25,1,16,40,1,1,0,1,0,0,1,0,baseline,0,0,-1,current,baseline,0,0
1979,1,no_strict_e1_improvement,0,25,1,15,39,1,1,0,1,0,0,1,0,baseline,0,0,-1,current,baseline,0,0
1980,1,no_strict_e1_improvement,0,25,1,14,38,1,1,0,1,0,0,1,0,baseline,0,0,-1,current,baseline,0,0
1981,1,no_strict_e1_improvement,0,22,4,12,33,1,1,0,1,0,0,1,0,baseline,0,0,-1,current,baseline,0,0
1982,1,evaluated,1,21,5,11,31,2,1,1,1,1,1,1,0,component_shift_0_0,0,0,0,s1a3_greedy,component_shift_0_0,0,0
1983,1,no_strict_e1_improvement,0,25,1,16,40,1,1,0,1,0,0,1,0,baseline,0,0,-1,current,baseline,0,0
1984,1,evaluated,1,22,4,10,31,2,1,1,1,1,1,1,0,component_shift_0_0,0,0,0,s1a3_greedy,component_shift_0_0,0,0
1985,1,no_strict_e1_improvement,0,25,1,16,40,1,1,0,1,0,0,1,0,baseline,0,0,-1,current,baseline,0,0
1986,1,evaluated,1,21,5,12,32,2,1,1,1,1,1,1,0,component_shift_0_0,0,0,0,s1a3_greedy,component_shift_0_0,0,0
1987,1,no_strict_e1_improvement,0,25,1,16,40,1,1,0,1,0,0,1,0,baseline,0,0,-1,current,baseline,0,0
1988,1,no_strict_e1_improvement,0,16,10,8,23,2,1,1,1,1,1,1,0,baseline,0,0,-1,current,baseline,0,0
1989,1,no_strict_e1_improvement,0,25,1,14,38,1,1,0,1,0,0,1,0,baseline,0,0,-1,current,baseline,0,0
1990,1,no_strict_e1_improvement,0,25,1,16,40,1,1,0,1,0,0,1,0,baseline,0,0,-1,current,baseline,0,0
1991,1,no_strict_e1_improvement,0,25,1,14,38,1,1,0,1,0,0,1,0,baseline,0,0,-1,current,baseline,0,0
1992,1,no_strict_e1_improvement,0,22,4,13,34,2,1,1,1,1,1,1,0,baseline,0,0,-1,current,baseline,0,0
1993,1,no_strict_e1_improvement,0,23,3,12,34,1,1,0,1,0,0,1,0,baseline,0,0,-1,current,baseline,0,0
1994,1,no_strict_e1_improvement,0,23,3,14,36,1,1,0,1,0,0,1,0,baseline,0,0,-1,current,baseline,0,0
1995,1,no_strict_e1_improvement,0,19,2,11,34,1,1,0,1,0,0,1,0,baseline,0,0,-1,current,baseline,0,0
1996,1,evaluated,1,21,5,12,32,2,1,1,1,1,1,1,0,component_shift_0_0,0,0,0,s1a3_greedy,component_shift_0_0,0,0
1997,1,evaluated,1,22,4,11,32,2,1,1,1,1,1,1,0,component_shift_0_0,0,0,0,s1a3_greedy,component_shift_0_0,0,0
1998,1,evaluated,1,10,16,4,13,2,1,1,1,1,1,1,0,component_shift_0_0,0,0,0,s1a3_greedy,component_shift_0_0,0,0
1999,1,no_strict_e1_improvement,0,25,1,14,39,1,1,0,1,0,0,1,0,baseline,0,0,-1,current,baseline,0,0
