sample_index,status,partial_completion_applied,partial_completion_error,partial_completion_missing_pieces,partial_completion_legal_translations,partial_completion_candidates,rounds_attempted,rounds_accepted,total_global_candidates,total_poses,total_recorded_poses,total_completion_candidates,total_recorded_completion_candidates,completion_beam_width,selected_row_shift,selected_column_shift,selected_completion_index,selected_completion_origin,prediction_changed,beam_prediction_changed_vs_s1a3,initial_e1_mean_adjacency_score,final_e1_mean_adjacency_score,final_e1_mutual_top1_edges,baseline_correct_pieces,completed_baseline_correct_pieces,s1a3_reference_correct_pieces,selected_correct_pieces,piece_change,beam_piece_change_vs_s1a3,baseline_PA,baseline_AA,baseline_HA,baseline_VA,baseline_SRA,baseline_NA,completed_baseline_PA,completed_baseline_AA,completed_baseline_HA,completed_baseline_VA,completed_baseline_SRA,completed_baseline_NA,s1a3_reference_PA,s1a3_reference_AA,s1a3_reference_HA,s1a3_reference_VA,s1a3_reference_SRA,s1a3_reference_NA,selected_PA,selected_AA,selected_HA,selected_VA,selected_SRA,selected_NA
0,no_strict_e1_improvement,0,,,,,1,0,1,1,1,1,1,4,0,0,-1,current,0,0,0.07770805122951667,0.07770805122951667,9,3,3,3,3,0,0,0,0.3333333333333333,1.0,0.0,0.5,0.75,0,0.3333333333333333,1.0,0.0,0.5,0.75,0,0.3333333333333333,1.0,0.0,0.5,0.75,0,0.3333333333333333,1.0,0.0,0.5,0.75
1,partial_completed__no_strict_e1_improvement,1,,3,2,4,1,0,1,1,1,1,1,4,0,0,-1,current,1,0,0.22594045785566172,0.22594045785566172,5,0,0,0,0,0,0,0,0.0,0.5,0.3333333333333333,0.4166666666666667,0.4166666666666667,0,0.0,0.5,0.3333333333333333,0.4166666666666667,0.5833333333333334,0,0.0,0.5,0.3333333333333333,0.4166666666666667,0.5833333333333334,0,0.0,0.5,0.3333333333333333,0.4166666666666667,0.5833333333333334
2,max_rounds,0,,,,,1,1,3,2,2,7,7,4,0,0,0,s1a3_greedy,1,0,0.151576924448212,0.07719278149306774,9,7,7,9,9,2,0,0,0.7777777777777778,0.6666666666666666,0.6666666666666666,0.6666666666666666,0.8333333333333334,0,0.7777777777777778,0.6666666666666666,0.6666666666666666,0.6666666666666666,0.8333333333333334,1,1.0,1.0,1.0,1.0,1.0,1,1.0,1.0,1.0,1.0,1.0
3,no_strict_e1_improvement,0,,,,,1,0,1,1,1,1,1,4,0,0,-1,current,0,0,0.01995496203502019,0.01995496203502019,11,9,9,9,9,0,0,1,1.0,1.0,1.0,1.0,1.0,1,1.0,1.0,1.0,1.0,1.0,1,1.0,1.0,1.0,1.0,1.0,1,1.0,1.0,1.0,1.0,1.0
4,max_rounds,0,,,,,1,1,4,4,4,16,16,4,1,0,0,s1a3_greedy,1,0,0.242136692473044,0.1264302896646162,6,0,0,0,0,0,0,0,0.0,0.0,0.6666666666666666,0.3333333333333333,0.3333333333333333,0,0.0,0.0,0.6666666666666666,0.3333333333333333,0.3333333333333333,0,0.0,0.0,0.5,0.25,0.3333333333333333,0,0.0,0.0,0.5,0.25,0.3333333333333333
5,no_strict_e1_improvement,0,,,,,1,0,1,1,1,1,1,4,0,0,-1,current,0,0,0.00296779815107584,0.00296779815107584,12,9,9,9,9,0,0,1,1.0,1.0,1.0,1.0,1.0,1,1.0,1.0,1.0,1.0,1.0,1,1.0,1.0,1.0,1.0,1.0,1,1.0,1.0,1.0,1.0,1.0
6,no_strict_e1_improvement,0,,,,,1,0,1,1,1,1,1,4,0,0,-1,current,0,0,0.1032653550306956,0.1032653550306956,10,9,9,9,9,0,0,1,1.0,1.0,1.0,1.0,1.0,1,1.0,1.0,1.0,1.0,1.0,1,1.0,1.0,1.0,1.0,1.0,1,1.0,1.0,1.0,1.0,1.0
7,no_strict_e1_improvement,0,,,,,1,0,1,1,1,1,1,4,0,0,-1,current,0,0,0.03372669080272317,0.03372669080272317,10,9,9,9,9,0,0,1,1.0,1.0,1.0,1.0,1.0,1,1.0,1.0,1.0,1.0,1.0,1,1.0,1.0,1.0,1.0,1.0,1,1.0,1.0,1.0,1.0,1.0
8,max_rounds,0,,,,,1,1,3,2,2,7,7,4,0,0,1,profiled_beam,1,1,0.2746601154406865,0.24018240440636873,7,0,0,0,2,2,2,0,0.0,0.3333333333333333,0.5,0.4166666666666667,0.5,0,0.0,0.3333333333333333,0.5,0.4166666666666667,0.5,0,0.0,0.3333333333333333,0.3333333333333333,0.3333333333333333,0.5,0,0.2222222222222222,0.3333333333333333,0.3333333333333333,0.3333333333333333,0.5
9,small_component,0,,,,,1,0,0,0,0,0,0,4,0,0,-1,current,0,0,0.1405945991476377,0.1405945991476377,4,2,2,2,2,0,0,0,0.2222222222222222,0.16666666666666666,0.16666666666666666,0.16666666666666666,0.3333333333333333,0,0.2222222222222222,0.16666666666666666,0.16666666666666666,0.16666666666666666,0.3333333333333333,0,0.2222222222222222,0.16666666666666666,0.16666666666666666,0.16666666666666666,0.3333333333333333,0,0.2222222222222222,0.16666666666666666,0.16666666666666666,0.16666666666666666,0.3333333333333333
10,small_component,0,,,,,1,0,0,0,0,0,0,4,0,0,-1,current,0,0,0.21000011234233776,0.21000011234233776,8,5,5,5,5,0,0,0,0.5555555555555556,0.3333333333333333,0.6666666666666666,0.5,0.6666666666666666,0,0.5555555555555556,0.3333333333333333,0.6666666666666666,0.5,0.6666666666666666,0,0.5555555555555556,0.3333333333333333,0.6666666666666666,0.5,0.6666666666666666,0,0.5555555555555556,0.3333333333333333,0.6666666666666666,0.5,0.6666666666666666
11,no_strict_e1_improvement,0,,,,,1,0,2,2,2,7,7,4,0,0,-1,current,0,0,0.05183220452939471,0.05183220452939471,7,0,0,0,0,0,0,0,0.0,0.8333333333333334,0.5,0.6666666666666666,0.6666666666666666,0,0.0,0.8333333333333334,0.5,0.6666666666666666,0.6666666666666666,0,0.0,0.8333333333333334,0.5,0.6666666666666666,0.6666666666666666,0,0.0,0.8333333333333334,0.5,0.6666666666666666,0.6666666666666666
12,small_component,0,,,,,1,0,0,0,0,0,0,4,0,0,-1,current,0,0,0.31037160257498425,0.31037160257498425,7,3,3,3,3,0,0,0,0.3333333333333333,0.16666666666666666,0.5,0.3333333333333333,0.5833333333333334,0,0.3333333333333333,0.16666666666666666,0.5,0.3333333333333333,0.5833333333333334,0,0.3333333333333333,0.16666666666666666,0.5,0.3333333333333333,0.5833333333333334,0,0.3333333333333333,0.16666666666666666,0.5,0.3333333333333333,0.5833333333333334
13,no_strict_e1_improvement,0,,,,,1,0,1,1,1,1,1,4,0,0,-1,current,0,0,0.01864679514740904,0.01864679514740904,10,9,9,9,9,0,0,1,1.0,1.0,1.0,1.0,1.0,1,1.0,1.0,1.0,1.0,1.0,1,1.0,1.0,1.0,1.0,1.0,1,1.0,1.0,1.0,1.0,1.0
14,no_strict_e1_improvement,0,,,,,1,0,1,1,1,1,1,4,0,0,-1,current,0,0,0.0,0.0,12,9,9,9,9,0,0,1,1.0,1.0,1.0,1.0,1.0,1,1.0,1.0,1.0,1.0,1.0,1,1.0,1.0,1.0,1.0,1.0,1,1.0,1.0,1.0,1.0,1.0
15,max_rounds,0,,,,,1,1,2,2,2,7,7,4,-1,0,0,s1a3_greedy,1,0,0.23226822167634964,0.17462372096876302,8,0,0,2,2,2,0,0,0.0,0.3333333333333333,0.5,0.4166666666666667,0.5833333333333334,0,0.0,0.3333333333333333,0.5,0.4166666666666667,0.5833333333333334,0,0.2222222222222222,0.3333333333333333,0.5,0.4166666666666667,0.5833333333333334,0,0.2222222222222222,0.3333333333333333,0.5,0.4166666666666667,0.5833333333333334
16,no_strict_e1_improvement,0,,,,,1,0,1,1,1,1,1,4,0,0,-1,current,0,0,0.09920683999856313,0.09920683999856313,7,0,0,0,0,0,0,0,0.0,0.5,0.5,0.5,0.5,0,0.0,0.5,0.5,0.5,0.5,0,0.0,0.5,0.5,0.5,0.5,0,0.0,0.5,0.5,0.5,0.5
17,max_rounds,0,,,,,1,1,3,2,2,5,5,4,1,0,0,s1a3_greedy,1,0,0.1907267520825068,0.012520722734431425,9,0,0,9,9,9,0,0,0.0,0.6666666666666666,0.5,0.5833333333333334,0.6666666666666666,0,0.0,0.6666666666666666,0.5,0.5833333333333334,0.6666666666666666,1,1.0,1.0,1.0,1.0,1.0,1,1.0,1.0,1.0,1.0,1.0
18,max_rounds,0,,,,,1,1,3,2,2,6,6,4,1,0,0,s1a3_greedy,1,0,0.2678038729354739,0.06914258655160666,6,0,0,0,0,0,0,0,0.0,0.3333333333333333,0.16666666666666666,0.25,0.5,0,0.0,0.3333333333333333,0.16666666666666666,0.25,0.5,0,0.0,0.5,0.3333333333333333,0.4166666666666667,0.75,0,0.0,0.5,0.3333333333333333,0.4166666666666667,0.75
19,no_strict_e1_improvement,0,,,,,1,0,1,1,1,1,1,4,0,0,-1,current,0,0,0.021423697471618652,0.021423697471618652,10,9,9,9,9,0,0,1,1.0,1.0,1.0,1.0,1.0,1,1.0,1.0,1.0,1.0,1.0,1,1.0,1.0,1.0,1.0,1.0,1,1.0,1.0,1.0,1.0,1.0
20,no_strict_e1_improvement,0,,,,,1,0,1,1,1,1,1,4,0,0,-1,current,0,0,0.06542046678562959,0.06542046678562959,7,0,0,0,0,0,0,0,0.0,0.5,0.5,0.5,0.5,0,0.0,0.5,0.5,0.5,0.5,0,0.0,0.5,0.5,0.5,0.5,0,0.0,0.5,0.5,0.5,0.5
21,no_strict_e1_improvement,0,,,,,1,0,1,1,1,1,1,4,0,0,-1,current,0,0,0.03139161458238959,0.03139161458238959,10,9,9,9,9,0,0,1,1.0,1.0,1.0,1.0,1.0,1,1.0,1.0,1.0,1.0,1.0,1,1.0,1.0,1.0,1.0,1.0,1,1.0,1.0,1.0,1.0,1.0
22,no_strict_e1_improvement,0,,,,,1,0,2,2,2,6,6,4,0,0,-1,current,0,0,0.023376257469256718,0.023376257469256718,10,9,9,9,9,0,0,1,1.0,1.0,1.0,1.0,1.0,1,1.0,1.0,1.0,1.0,1.0,1,1.0,1.0,1.0,1.0,1.0,1,1.0,1.0,1.0,1.0,1.0
23,partial_completed__no_strict_e1_improvement,1,,3,2,2,1,0,1,1,1,1,1,4,0,0,-1,current,1,0,0.08758709362397592,0.08758709362397592,6,0,0,0,0,0,0,0,0.0,0.16666666666666666,0.16666666666666666,0.16666666666666666,0.16666666666666666,0,0.0,0.3333333333333333,0.16666666666666666,0.25,0.4166666666666667,0,0.0,0.3333333333333333,0.16666666666666666,0.25,0.4166666666666667,0,0.0,0.3333333333333333,0.16666666666666666,0.25,0.4166666666666667
24,no_strict_e1_improvement,0,,,,,1,0,1,1,1,1,1,4,0,0,-1,current,0,0,0.01235906034708023,0.01235906034708023,11,9,9,9,9,0,0,1,1.0,1.0,1.0,1.0,1.0,1,1.0,1.0,1.0,1.0,1.0,1,1.0,1.0,1.0,1.0,1.0,1,1.0,1.0,1.0,1.0,1.0
25,no_strict_e1_improvement,0,,,,,1,0,1,1,1,1,1,4,0,0,-1,current,0,0,0.1171556394547224,0.1171556394547224,6,0,0,0,0,0,0,0,0.0,0.8333333333333334,0.0,0.4166666666666667,0.4166666666666667,0,0.0,0.8333333333333334,0.0,0.4166666666666667,0.4166666666666667,0,0.0,0.8333333333333334,0.0,0.4166666666666667,0.4166666666666667,0,0.0,0.8333333333333334,0.0,0.4166666666666667,0.4166666666666667
26,max_rounds,0,,,,,1,1,2,2,2,6,6,4,0,1,1,profiled_beam,1,1,0.07015034773697455,0.030616135996145506,9,0,0,0,0,0,0,0,0.0,1.0,0.5,0.75,0.75,0,0.0,1.0,0.5,0.75,0.75,0,0.0,0.5,0.5,0.5,0.5,0,0.0,0.5,0.5,0.5,0.5
27,small_component,0,,,,,1,0,0,0,0,0,0,4,0,0,-1,current,0,0,0.3193005211651325,0.3193005211651325,5,0,0,0,0,0,0,0,0.0,0.3333333333333333,0.5,0.4166666666666667,0.4166666666666667,0,0.0,0.3333333333333333,0.5,0.4166666666666667,0.4166666666666667,0,0.0,0.3333333333333333,0.5,0.4166666666666667,0.4166666666666667,0,0.0,0.3333333333333333,0.5,0.4166666666666667,0.4166666666666667
28,no_strict_e1_improvement,0,,,,,1,0,1,1,1,1,1,4,0,0,-1,current,0,0,0.11148155084811151,0.11148155084811151,7,7,7,7,7,0,0,0,0.7777777777777778,0.6666666666666666,0.6666666666666666,0.6666666666666666,0.75,0,0.7777777777777778,0.6666666666666666,0.6666666666666666,0.6666666666666666,0.75,0,0.7777777777777778,0.6666666666666666,0.6666666666666666,0.6666666666666666,0.75,0,0.7777777777777778,0.6666666666666666,0.6666666666666666,0.6666666666666666,0.75
29,no_strict_e1_improvement,0,,,,,1,0,1,1,1,1,1,4,0,0,-1,current,0,0,0.0418106930446811,0.0418106930446811,8,0,0,0,0,0,0,0,0.0,0.3333333333333333,0.16666666666666666,0.25,0.5833333333333334,0,0.0,0.3333333333333333,0.16666666666666666,0.25,0.5833333333333334,0,0.0,0.3333333333333333,0.16666666666666666,0.25,0.5833333333333334,0,0.0,0.3333333333333333,0.16666666666666666,0.25,0.5833333333333334
30,no_strict_e1_improvement,0,,,,,1,0,1,1,1,1,1,4,0,0,-1,current,0,0,0.01576684818913539,0.01576684818913539,10,9,9,9,9,0,0,1,1.0,1.0,1.0,1.0,1.0,1,1.0,1.0,1.0,1.0,1.0,1,1.0,1.0,1.0,1.0,1.0,1,1.0,1.0,1.0,1.0,1.0
31,no_strict_e1_improvement,0,,,,,1,0,1,1,1,1,1,4,0,0,-1,current,0,0,0.03066389976690213,0.03066389976690213,11,0,0,0,0,0,0,0,0.0,0.5,1.0,0.75,0.75,0,0.0,0.5,1.0,0.75,0.75,0,0.0,0.5,1.0,0.75,0.75,0,0.0,0.5,1.0,0.75,0.75
32,max_rounds,0,,,,,1,1,4,4,4,14,14,4,1,0,0,s1a3_greedy,1,0,0.14545195735991,0.11226639337837696,8,0,0,1,1,1,0,0,0.0,0.3333333333333333,0.3333333333333333,0.3333333333333333,0.5833333333333334,0,0.0,0.3333333333333333,0.3333333333333333,0.3333333333333333,0.5833333333333334,0,0.1111111111111111,0.3333333333333333,0.3333333333333333,0.3333333333333333,0.5,0,0.1111111111111111,0.3333333333333333,0.3333333333333333,0.3333333333333333,0.5
33,no_strict_e1_improvement,0,,,,,1,0,1,1,1,1,1,4,0,0,-1,current,0,0,0.11051190795842558,0.11051190795842558,9,0,0,0,0,0,0,0,0.0,1.0,0.5,0.75,0.75,0,0.0,1.0,0.5,0.75,0.75,0,0.0,1.0,0.5,0.75,0.75,0,0.0,1.0,0.5,0.75,0.75
34,max_rounds,0,,,,,1,1,5,4,4,14,14,4,0,0,0,s1a3_greedy,1,0,0.228521087517341,0.1124268261094888,7,0,0,0,0,0,0,0,0.0,0.5,0.16666666666666666,0.3333333333333333,0.4166666666666667,0,0.0,0.5,0.16666666666666666,0.3333333333333333,0.4166666666666667,0,0.0,0.8333333333333334,0.5,0.6666666666666666,0.6666666666666666,0,0.0,0.8333333333333334,0.5,0.6666666666666666,0.6666666666666666
35,small_component,0,,,,,1,0,0,0,0,0,0,4,0,0,-1,current,0,0,0.22598451127608618,0.22598451127608618,6,5,5,5,5,0,0,0,0.5555555555555556,0.3333333333333333,0.5,0.4166666666666667,0.6666666666666666,0,0.5555555555555556,0.3333333333333333,0.5,0.4166666666666667,0.6666666666666666,0,0.5555555555555556,0.3333333333333333,0.5,0.4166666666666667,0.6666666666666666,0,0.5555555555555556,0.3333333333333333,0.5,0.4166666666666667,0.6666666666666666
36,no_strict_e1_improvement,0,,,,,1,0,1,1,1,1,1,4,0,0,-1,current,0,0,0.052164219630261265,0.052164219630261265,11,0,0,0,0,0,0,0,0.0,0.5,0.6666666666666666,0.5833333333333334,0.5833333333333334,0,0.0,0.5,0.6666666666666666,0.5833333333333334,0.5833333333333334,0,0.0,0.5,0.6666666666666666,0.5833333333333334,0.5833333333333334,0,0.0,0.5,0.6666666666666666,0.5833333333333334,0.5833333333333334
37,max_rounds,0,,,,,1,1,3,2,2,6,6,4,0,0,0,s1a3_greedy,1,0,0.06652466331919034,0.033601918762239315,7,0,0,0,0,0,0,0,0.0,0.16666666666666666,0.6666666666666666,0.4166666666666667,0.5,0,0.0,0.16666666666666666,0.6666666666666666,0.4166666666666667,0.5,0,0.0,0.5,1.0,0.75,0.75,0,0.0,0.5,1.0,0.75,0.75
38,max_rounds,0,,,,,1,1,2,2,2,6,6,4,0,1,0,s1a3_greedy,1,0,0.14964496111497283,0.017345781282832224,10,0,0,9,9,9,0,0,0.0,0.5,1.0,0.75,0.75,0,0.0,0.5,1.0,0.75,0.75,1,1.0,1.0,1.0,1.0,1.0,1,1.0,1.0,1.0,1.0,1.0
39,no_strict_e1_improvement,0,,,,,1,0,1,1,1,1,1,4,0,0,-1,current,0,0,0.05791586606452862,0.05791586606452862,10,0,0,0,0,0,0,0,0.0,0.5,0.5,0.5,0.5,0,0.0,0.5,0.5,0.5,0.5,0,0.0,0.5,0.5,0.5,0.5,0,0.0,0.5,0.5,0.5,0.5
40,max_rounds,0,,,,,1,1,2,2,2,7,7,4,-1,0,0,s1a3_greedy,1,0,0.12339615868404508,0.04911374362806479,7,0,0,0,0,0,0,0,0.0,0.5,0.5,0.5,0.5,0,0.0,0.5,0.5,0.5,0.5,0,0.0,0.5,1.0,0.75,0.75,0,0.0,0.5,1.0,0.75,0.75
41,max_rounds,0,,,,,1,1,3,2,2,6,6,4,0,0,0,s1a3_greedy,1,0,0.26589432327697676,0.051019071407305695,8,0,0,0,0,0,0,0,0.0,0.16666666666666666,0.6666666666666666,0.4166666666666667,0.5,0,0.0,0.16666666666666666,0.6666666666666666,0.4166666666666667,0.5,0,0.0,0.5,1.0,0.75,0.75,0,0.0,0.5,1.0,0.75,0.75
42,small_component,0,,,,,1,0,0,0,0,0,0,4,0,0,-1,current,0,0,0.05131066714723905,0.05131066714723905,8,9,9,9,9,0,0,1,1.0,1.0,1.0,1.0,1.0,1,1.0,1.0,1.0,1.0,1.0,1,1.0,1.0,1.0,1.0,1.0,1,1.0,1.0,1.0,1.0,1.0
43,max_rounds,0,,,,,1,1,3,2,2,7,7,4,0,1,0,s1a3_greedy,1,0,0.22374392797549567,0.041028856230544385,10,0,0,9,9,9,0,0,0.0,0.5,0.6666666666666666,0.5833333333333334,0.75,0,0.0,0.5,0.6666666666666666,0.5833333333333334,0.75,1,1.0,1.0,1.0,1.0,1.0,1,1.0,1.0,1.0,1.0,1.0
44,no_strict_e1_improvement,0,,,,,1,0,1,1,1,1,1,4,0,0,-1,current,0,0,0.008992999792098999,0.008992999792098999,11,9,9,9,9,0,0,1,1.0,1.0,1.0,1.0,1.0,1,1.0,1.0,1.0,1.0,1.0,1,1.0,1.0,1.0,1.0,1.0,1,1.0,1.0,1.0,1.0,1.0
45,max_rounds,0,,,,,1,1,2,2,2,6,6,4,-1,0,1,profiled_beam,1,1,0.14381774856398502,0.13215264895310005,6,0,0,0,1,1,1,0,0.0,0.5,0.5,0.5,0.5,0,0.0,0.5,0.5,0.5,0.5,0,0.0,0.5,0.5,0.5,0.5,0,0.1111111111111111,0.3333333333333333,0.5,0.4166666666666667,0.4166666666666667
46,no_strict_e1_improvement,0,,,,,1,0,1,1,1,1,1,4,0,0,-1,current,0,0,0.010759888216853142,0.010759888216853142,12,9,9,9,9,0,0,1,1.0,1.0,1.0,1.0,1.0,1,1.0,1.0,1.0,1.0,1.0,1,1.0,1.0,1.0,1.0,1.0,1,1.0,1.0,1.0,1.0,1.0
47,no_strict_e1_improvement,0,,,,,1,0,1,1,1,1,1,4,0,0,-1,current,0,0,0.009728486416861415,0.009728486416861415,10,9,9,9,9,0,0,1,1.0,1.0,1.0,1.0,1.0,1,1.0,1.0,1.0,1.0,1.0,1,1.0,1.0,1.0,1.0,1.0,1,1.0,1.0,1.0,1.0,1.0
48,max_rounds,0,,,,,1,1,3,2,2,7,7,4,-1,0,0,s1a3_greedy,1,0,0.12185626203427091,0.11457736138254404,6,3,3,0,0,-3,0,0,0.3333333333333333,0.6666666666666666,0.5,0.5833333333333334,0.5833333333333334,0,0.3333333333333333,0.6666666666666666,0.5,0.5833333333333334,0.5833333333333334,0,0.0,0.5,0.5,0.5,0.5,0,0.0,0.5,0.5,0.5,0.5
49,max_rounds,0,,,,,1,1,2,2,2,6,6,4,0,1,1,profiled_beam,1,1,0.061211768382539354,0.058672441790501274,8,0,0,0,0,0,0,0,0.0,0.5,1.0,0.75,0.75,0,0.0,0.5,1.0,0.75,0.75,0,0.0,0.5,1.0,0.75,0.75,0,0.0,0.5,1.0,0.75,0.75
50,no_strict_e1_improvement,0,,,,,1,0,1,1,1,1,1,4,0,0,-1,current,0,0,0.04231915964434544,0.04231915964434544,10,9,9,9,9,0,0,1,1.0,1.0,1.0,1.0,1.0,1,1.0,1.0,1.0,1.0,1.0,1,1.0,1.0,1.0,1.0,1.0,1,1.0,1.0,1.0,1.0,1.0
51,no_strict_e1_improvement,0,,,,,1,0,1,1,1,1,1,4,0,0,-1,current,0,0,0.01719694972659151,0.01719694972659151,9,0,0,0,0,0,0,0,0.0,0.5,1.0,0.75,0.75,0,0.0,0.5,1.0,0.75,0.75,0,0.0,0.5,1.0,0.75,0.75,0,0.0,0.5,1.0,0.75,0.75
52,no_strict_e1_improvement,0,,,,,1,0,1,1,1,1,1,4,0,0,-1,current,0,0,0.0864391996874474,0.0864391996874474,9,0,0,0,0,0,0,0,0.0,0.5,0.5,0.5,0.5,0,0.0,0.5,0.5,0.5,0.5,0,0.0,0.5,0.5,0.5,0.5,0,0.0,0.5,0.5,0.5,0.5
53,no_strict_e1_improvement,0,,,,,1,0,1,1,1,1,1,4,0,0,-1,current,0,0,0.02619172283448279,0.02619172283448279,11,0,0,0,0,0,0,0,0.0,0.5,0.5,0.5,0.5,0,0.0,0.5,0.5,0.5,0.5,0,0.0,0.5,0.5,0.5,0.5,0,0.0,0.5,0.5,0.5,0.5
54,max_rounds,0,,,,,1,1,2,2,2,7,7,4,0,1,0,s1a3_greedy,1,0,0.1816471815109253,0.13743449250857034,8,3,3,3,3,0,0,0,0.3333333333333333,0.0,0.6666666666666666,0.3333333333333333,0.5,0,0.3333333333333333,0.0,0.6666666666666666,0.3333333333333333,0.5,0,0.3333333333333333,0.0,1.0,0.5,0.75,0,0.3333333333333333,0.0,1.0,0.5,0.75
55,small_component,0,,,,,1,0,0,0,0,0,0,4,0,0,-1,current,0,0,0.23765273780251542,0.23765273780251542,7,5,5,5,5,0,0,0,0.5555555555555556,0.16666666666666666,0.3333333333333333,0.25,0.6666666666666666,0,0.5555555555555556,0.16666666666666666,0.3333333333333333,0.25,0.6666666666666666,0,0.5555555555555556,0.16666666666666666,0.3333333333333333,0.25,0.6666666666666666,0,0.5555555555555556,0.16666666666666666,0.3333333333333333,0.25,0.6666666666666666
56,max_rounds,0,,,,,1,1,3,2,2,6,6,4,0,0,1,profiled_beam,1,1,0.12112171823779742,0.050571066637833915,10,0,0,0,0,0,0,0,0.0,0.5,0.6666666666666666,0.5833333333333334,0.75,0,0.0,0.5,0.6666666666666666,0.5833333333333334,0.75,0,0.0,0.5,0.6666666666666666,0.5833333333333334,0.75,0,0.0,0.5,1.0,0.75,0.75
57,no_strict_e1_improvement,0,,,,,1,0,1,1,1,1,1,4,0,0,-1,current,0,0,0.037826069009800754,0.037826069009800754,9,9,9,9,9,0,0,1,1.0,1.0,1.0,1.0,1.0,1,1.0,1.0,1.0,1.0,1.0,1,1.0,1.0,1.0,1.0,1.0,1,1.0,1.0,1.0,1.0,1.0
58,max_rounds,0,,,,,1,1,2,2,2,6,6,4,0,1,0,s1a3_greedy,1,0,0.15327278586725393,0.12588056921958923,6,0,0,0,0,0,0,0,0.0,0.0,0.5,0.25,0.3333333333333333,0,0.0,0.0,0.5,0.25,0.3333333333333333,0,0.0,0.16666666666666666,0.6666666666666666,0.4166666666666667,0.5,0,0.0,0.16666666666666666,0.6666666666666666,0.4166666666666667,0.5
59,no_strict_e1_improvement,0,,,,,1,0,1,1,1,1,1,4,0,0,-1,current,0,0,0.09403397290346523,0.09403397290346523,8,0,0,0,0,0,0,0,0.0,0.8333333333333334,0.0,0.4166666666666667,0.4166666666666667,0,0.0,0.8333333333333334,0.0,0.4166666666666667,0.4166666666666667,0,0.0,0.8333333333333334,0.0,0.4166666666666667,0.4166666666666667,0,0.0,0.8333333333333334,0.0,0.4166666666666667,0.4166666666666667
60,no_strict_e1_improvement,0,,,,,1,0,1,1,1,1,1,4,0,0,-1,current,0,0,0.0535689975367859,0.0535689975367859,10,7,7,7,7,0,0,0,0.7777777777777778,0.6666666666666666,0.6666666666666666,0.6666666666666666,0.75,0,0.7777777777777778,0.6666666666666666,0.6666666666666666,0.6666666666666666,0.75,0,0.7777777777777778,0.6666666666666666,0.6666666666666666,0.6666666666666666,0.75,0,0.7777777777777778,0.6666666666666666,0.6666666666666666,0.6666666666666666,0.75
61,max_rounds,0,,,,,1,1,5,4,4,14,14,4,0,-1,1,profiled_beam,1,1,0.36461736013491947,0.057599973399192095,5,0,0,0,0,0,0,0,0.0,0.0,0.3333333333333333,0.16666666666666666,0.5,0,0.0,0.0,0.3333333333333333,0.16666666666666666,0.5,0,0.0,0.3333333333333333,0.5,0.4166666666666667,0.5,0,0.0,0.5,1.0,0.75,0.75
62,no_strict_e1_improvement,0,,,,,1,0,1,1,1,1,1,4,0,0,-1,current,0,0,0.05151069164276123,0.05151069164276123,10,9,9,9,9,0,0,1,1.0,1.0,1.0,1.0,1.0,1,1.0,1.0,1.0,1.0,1.0,1,1.0,1.0,1.0,1.0,1.0,1,1.0,1.0,1.0,1.0,1.0
63,no_strict_e1_improvement,0,,,,,1,0,1,1,1,1,1,4,0,0,-1,current,0,0,0.025267483045657475,0.025267483045657475,9,0,0,0,0,0,0,0,0.0,0.5,1.0,0.75,0.75,0,0.0,0.5,1.0,0.75,0.75,0,0.0,0.5,1.0,0.75,0.75,0,0.0,0.5,1.0,0.75,0.75
64,max_rounds,0,,,,,1,1,5,4,4,14,14,4,0,0,1,profiled_beam,1,1,0.22164171103698513,0.12441971502266824,6,1,1,0,0,-1,0,0,0.1111111111111111,0.5,0.0,0.25,0.4166666666666667,0,0.1111111111111111,0.5,0.0,0.25,0.4166666666666667,0,0.0,0.6666666666666666,0.16666666666666666,0.4166666666666667,0.5,0,0.0,0.3333333333333333,0.16666666666666666,0.25,0.3333333333333333
65,max_rounds,0,,,,,1,1,2,2,2,6,6,4,0,1,1,profiled_beam,1,1,0.05298778414726257,0.04737077762062351,7,7,7,7,0,-7,-7,0,0.7777777777777778,0.3333333333333333,0.6666666666666666,0.5,0.5833333333333334,0,0.7777777777777778,0.3333333333333333,0.6666666666666666,0.5,0.5833333333333334,0,0.7777777777777778,0.3333333333333333,0.6666666666666666,0.5,0.5833333333333334,0,0.0,0.16666666666666666,0.6666666666666666,0.4166666666666667,0.5
66,no_strict_e1_improvement,0,,,,,1,0,1,1,1,1,1,4,0,0,-1,current,0,0,0.04106009906778733,0.04106009906778733,8,9,9,9,9,0,0,1,1.0,1.0,1.0,1.0,1.0,1,1.0,1.0,1.0,1.0,1.0,1,1.0,1.0,1.0,1.0,1.0,1,1.0,1.0,1.0,1.0,1.0
67,no_strict_e1_improvement,0,,,,,1,0,1,1,1,1,1,4,0,0,-1,current,0,0,0.006273219982783,0.006273219982783,11,0,0,0,0,0,0,0,0.0,1.0,0.5,0.75,0.75,0,0.0,1.0,0.5,0.75,0.75,0,0.0,1.0,0.5,0.75,0.75,0,0.0,1.0,0.5,0.75,0.75
68,max_rounds,0,,,,,1,1,3,2,2,7,7,4,0,-1,0,s1a3_greedy,1,0,0.1666142443815867,0.05787227023392916,10,0,0,9,9,9,0,0,0.0,0.5,1.0,0.75,0.75,0,0.0,0.5,1.0,0.75,0.75,1,1.0,1.0,1.0,1.0,1.0,1,1.0,1.0,1.0,1.0,1.0
69,no_strict_e1_improvement,0,,,,,1,0,1,1,1,1,1,4,0,0,-1,current,0,0,0.0046957383553187055,0.0046957383553187055,11,9,9,9,9,0,0,1,1.0,1.0,1.0,1.0,1.0,1,1.0,1.0,1.0,1.0,1.0,1,1.0,1.0,1.0,1.0,1.0,1,1.0,1.0,1.0,1.0,1.0
70,no_strict_e1_improvement,0,,,,,1,0,1,1,1,1,1,4,0,0,-1,current,0,0,0.023655810082952183,0.023655810082952183,12,9,9,9,9,0,0,1,1.0,1.0,1.0,1.0,1.0,1,1.0,1.0,1.0,1.0,1.0,1,1.0,1.0,1.0,1.0,1.0,1,1.0,1.0,1.0,1.0,1.0
71,no_strict_e1_improvement,0,,,,,1,0,1,1,1,1,1,4,0,0,-1,current,0,0,0.018482233009611566,0.018482233009611566,9,0,0,0,0,0,0,0,0.0,0.5,1.0,0.75,0.75,0,0.0,0.5,1.0,0.75,0.75,0,0.0,0.5,1.0,0.75,0.75,0,0.0,0.5,1.0,0.75,0.75
72,no_strict_e1_improvement,0,,,,,1,0,1,1,1,1,1,4,0,0,-1,current,0,0,0.024402935057878494,0.024402935057878494,11,9,9,9,9,0,0,1,1.0,1.0,1.0,1.0,1.0,1,1.0,1.0,1.0,1.0,1.0,1,1.0,1.0,1.0,1.0,1.0,1,1.0,1.0,1.0,1.0,1.0
73,no_strict_e1_improvement,0,,,,,1,0,1,1,1,1,1,4,0,0,-1,current,0,0,0.08326201513409615,0.08326201513409615,10,0,0,0,0,0,0,0,0.0,0.5,0.3333333333333333,0.4166666666666667,0.75,0,0.0,0.5,0.3333333333333333,0.4166666666666667,0.75,0,0.0,0.5,0.3333333333333333,0.4166666666666667,0.75,0,0.0,0.5,0.3333333333333333,0.4166666666666667,0.75
74,no_strict_e1_improvement,0,,,,,1,0,1,1,1,1,1,4,0,0,-1,current,0,0,0.05031759416063627,0.05031759416063627,9,9,9,9,9,0,0,1,1.0,1.0,1.0,1.0,1.0,1,1.0,1.0,1.0,1.0,1.0,1,1.0,1.0,1.0,1.0,1.0,1,1.0,1.0,1.0,1.0,1.0
75,max_rounds,0,,,,,1,1,5,4,4,14,14,4,1,1,1,profiled_beam,1,1,0.3194187266441683,0.1535576352616772,6,0,0,3,4,4,1,0,0.0,0.3333333333333333,0.16666666666666666,0.25,0.5833333333333334,0,0.0,0.3333333333333333,0.16666666666666666,0.25,0.5833333333333334,0,0.3333333333333333,0.3333333333333333,0.16666666666666666,0.25,0.4166666666666667,0,0.4444444444444444,0.5,0.16666666666666666,0.3333333333333333,0.5833333333333334
76,max_rounds,0,,,,,1,1,3,2,2,7,7,4,0,-1,0,s1a3_greedy,1,0,0.14112820972998938,0.049333618798603616,7,0,0,9,9,9,0,0,0.0,0.5,0.8333333333333334,0.6666666666666666,0.6666666666666666,0,0.0,0.5,0.8333333333333334,0.6666666666666666,0.6666666666666666,1,1.0,1.0,1.0,1.0,1.0,1,1.0,1.0,1.0,1.0,1.0
77,partial_completed__no_strict_e1_improvement,1,,3,2,2,1,0,2,2,2,6,6,4,0,0,-1,current,1,0,0.20956357630590597,0.20956357630590597,7,3,3,3,3,0,0,0,0.3333333333333333,0.0,0.6666666666666666,0.3333333333333333,0.3333333333333333,0,0.3333333333333333,0.0,1.0,0.5,0.75,0,0.3333333333333333,0.0,1.0,0.5,0.75,0,0.3333333333333333,0.0,1.0,0.5,0.75
78,partial_completed__no_strict_e1_improvement,1,,3,2,4,1,0,4,4,4,16,16,4,0,0,-1,current,1,0,0.23069604051609835,0.23069604051609835,6,0,0,0,0,0,0,0,0.0,0.3333333333333333,0.0,0.16666666666666666,0.16666666666666666,0,0.0,0.5,0.0,0.25,0.25,0,0.0,0.5,0.0,0.25,0.25,0,0.0,0.5,0.0,0.25,0.25
79,no_strict_e1_improvement,0,,,,,1,0,2,2,2,7,7,4,0,0,-1,current,0,0,0.08514790353365242,0.08514790353365242,9,0,0,0,0,0,0,0,0.0,0.5,0.8333333333333334,0.6666666666666666,0.6666666666666666,0,0.0,0.5,0.8333333333333334,0.6666666666666666,0.6666666666666666,0,0.0,0.5,0.8333333333333334,0.6666666666666666,0.6666666666666666,0,0.0,0.5,0.8333333333333334,0.6666666666666666,0.6666666666666666
80,max_rounds,0,,,,,1,1,3,2,2,7,7,4,1,0,0,s1a3_greedy,1,0,0.13207113121946654,0.048192607859770455,10,0,0,9,9,9,0,0,0.0,0.8333333333333334,0.5,0.6666666666666666,0.6666666666666666,0,0.0,0.8333333333333334,0.5,0.6666666666666666,0.6666666666666666,1,1.0,1.0,1.0,1.0,1.0,1,1.0,1.0,1.0,1.0,1.0
81,no_strict_e1_improvement,0,,,,,1,0,1,1,1,1,1,4,0,0,-1,current,0,0,0.030909523367881775,0.030909523367881775,10,9,9,9,9,0,0,1,1.0,1.0,1.0,1.0,1.0,1,1.0,1.0,1.0,1.0,1.0,1,1.0,1.0,1.0,1.0,1.0,1,1.0,1.0,1.0,1.0,1.0
82,no_strict_e1_improvement,0,,,,,1,0,1,1,1,1,1,4,0,0,-1,current,0,0,0.05123828910291195,0.05123828910291195,7,0,0,0,0,0,0,0,0.0,1.0,0.5,0.75,0.75,0,0.0,1.0,0.5,0.75,0.75,0,0.0,1.0,0.5,0.75,0.75,0,0.0,1.0,0.5,0.75,0.75
83,no_strict_e1_improvement,0,,,,,1,0,1,1,1,2,2,4,0,0,-1,current,0,0,0.09059999339903395,0.09059999339903395,9,4,4,4,4,0,0,0,0.4444444444444444,0.5,0.16666666666666666,0.3333333333333333,0.4166666666666667,0,0.4444444444444444,0.5,0.16666666666666666,0.3333333333333333,0.4166666666666667,0,0.4444444444444444,0.5,0.16666666666666666,0.3333333333333333,0.4166666666666667,0,0.4444444444444444,0.5,0.16666666666666666,0.3333333333333333,0.4166666666666667
84,no_strict_e1_improvement,0,,,,,1,0,1,1,1,1,1,4,0,0,-1,current,0,0,0.08921046244601409,0.08921046244601409,9,0,0,0,0,0,0,0,0.0,0.5,1.0,0.75,0.75,0,0.0,0.5,1.0,0.75,0.75,0,0.0,0.5,1.0,0.75,0.75,0,0.0,0.5,1.0,0.75,0.75
85,small_component,0,,,,,1,0,0,0,0,0,0,4,0,0,-1,current,0,0,0.3039129680643479,0.3039129680643479,5,2,2,2,2,0,0,0,0.2222222222222222,0.0,0.16666666666666666,0.08333333333333333,0.25,0,0.2222222222222222,0.0,0.16666666666666666,0.08333333333333333,0.25,0,0.2222222222222222,0.0,0.16666666666666666,0.08333333333333333,0.25,0,0.2222222222222222,0.0,0.16666666666666666,0.08333333333333333,0.25
86,max_rounds,0,,,,,1,1,3,2,2,7,7,4,0,0,0,s1a3_greedy,1,0,0.08843370527029037,0.07453320710919797,7,7,7,9,9,2,0,0,0.7777777777777778,0.6666666666666666,0.6666666666666666,0.6666666666666666,0.75,0,0.7777777777777778,0.6666666666666666,0.6666666666666666,0.6666666666666666,0.75,1,1.0,1.0,1.0,1.0,1.0,1,1.0,1.0,1.0,1.0,1.0
87,small_component,0,,,,,1,0,0,0,0,0,0,4,0,0,-1,current,0,0,0.09039274416863918,0.09039274416863918,8,9,9,9,9,0,0,1,1.0,1.0,1.0,1.0,1.0,1,1.0,1.0,1.0,1.0,1.0,1,1.0,1.0,1.0,1.0,1.0,1,1.0,1.0,1.0,1.0,1.0
88,max_rounds,0,,,,,1,1,2,2,2,7,7,4,-1,0,1,profiled_beam,1,1,0.15064241799215475,0.026411154152204592,8,0,0,1,0,0,-1,0,0.0,0.5,0.5,0.5,0.5,0,0.0,0.5,0.5,0.5,0.5,0,0.1111111111111111,0.3333333333333333,0.6666666666666666,0.5,0.6666666666666666,0,0.0,0.5,1.0,0.75,0.75
89,no_strict_e1_improvement,0,,,,,1,0,1,1,1,1,1,4,0,0,-1,current,0,0,0.026677419741948444,0.026677419741948444,10,0,0,0,0,0,0,0,0.0,0.5,1.0,0.75,0.75,0,0.0,0.5,1.0,0.75,0.75,0,0.0,0.5,1.0,0.75,0.75,0,0.0,0.5,1.0,0.75,0.75
90,no_strict_e1_improvement,0,,,,,1,0,1,1,1,1,1,4,0,0,-1,current,0,0,0.042286268745859466,0.042286268745859466,9,0,0,0,0,0,0,0,0.0,0.5,1.0,0.75,0.75,0,0.0,0.5,1.0,0.75,0.75,0,0.0,0.5,1.0,0.75,0.75,0,0.0,0.5,1.0,0.75,0.75
91,no_strict_e1_improvement,0,,,,,1,0,1,1,1,1,1,4,0,0,-1,current,0,0,0.001199710105235378,0.001199710105235378,12,0,0,0,0,0,0,0,0.0,1.0,0.5,0.75,0.75,0,0.0,1.0,0.5,0.75,0.75,0,0.0,1.0,0.5,0.75,0.75,0,0.0,1.0,0.5,0.75,0.75
92,no_strict_e1_improvement,0,,,,,1,0,1,1,1,1,1,4,0,0,-1,current,0,0,0.024895980954170227,0.024895980954170227,11,9,9,9,9,0,0,1,1.0,1.0,1.0,1.0,1.0,1,1.0,1.0,1.0,1.0,1.0,1,1.0,1.0,1.0,1.0,1.0,1,1.0,1.0,1.0,1.0,1.0
93,partial_completed__no_strict_e1_improvement,1,,3,2,2,1,0,1,1,1,1,1,4,0,0,-1,current,1,0,0.0795418278624614,0.0795418278624614,7,3,3,3,3,0,0,0,0.3333333333333333,0.0,0.6666666666666666,0.3333333333333333,0.5833333333333334,0,0.3333333333333333,0.0,1.0,0.5,0.75,0,0.3333333333333333,0.0,1.0,0.5,0.75,0,0.3333333333333333,0.0,1.0,0.5,0.75
94,no_strict_e1_improvement,0,,,,,1,0,1,1,1,1,1,4,0,0,-1,current,0,0,0.03695338716109594,0.03695338716109594,11,0,0,0,0,0,0,0,0.0,0.5,1.0,0.75,0.75,0,0.0,0.5,1.0,0.75,0.75,0,0.0,0.5,1.0,0.75,0.75,0,0.0,0.5,1.0,0.75,0.75
95,max_rounds,0,,,,,1,1,2,2,2,5,5,4,0,1,0,s1a3_greedy,1,0,0.10253358880678813,0.06603342116189499,6,0,0,3,3,3,0,0,0.0,0.5,0.3333333333333333,0.4166666666666667,0.5833333333333334,0,0.0,0.5,0.3333333333333333,0.4166666666666667,0.5833333333333334,0,0.3333333333333333,1.0,0.0,0.5,0.75,0,0.3333333333333333,1.0,0.0,0.5,0.75
96,no_strict_e1_improvement,0,,,,,1,0,1,1,1,1,1,4,0,0,-1,current,0,0,0.11118177169313033,0.11118177169313033,9,0,0,0,0,0,0,0,0.0,0.8333333333333334,0.5,0.6666666666666666,0.6666666666666666,0,0.0,0.8333333333333334,0.5,0.6666666666666666,0.6666666666666666,0,0.0,0.8333333333333334,0.5,0.6666666666666666,0.6666666666666666,0,0.0,0.8333333333333334,0.5,0.6666666666666666,0.6666666666666666
97,no_strict_e1_improvement,0,,,,,1,0,1,1,1,1,1,4,0,0,-1,current,0,0,0.0,0.0,12,9,9,9,9,0,0,1,1.0,1.0,1.0,1.0,1.0,1,1.0,1.0,1.0,1.0,1.0,1,1.0,1.0,1.0,1.0,1.0,1,1.0,1.0,1.0,1.0,1.0
98,no_strict_e1_improvement,0,,,,,1,0,2,2,2,6,6,4,0,0,-1,current,0,0,0.13144913192566796,0.13144913192566796,8,3,3,3,3,0,0,0,0.3333333333333333,0.0,1.0,0.5,0.75,0,0.3333333333333333,0.0,1.0,0.5,0.75,0,0.3333333333333333,0.0,1.0,0.5,0.75,0,0.3333333333333333,0.0,1.0,0.5,0.75
99,max_rounds,0,,,,,1,1,3,2,2,6,6,4,-1,0,0,s1a3_greedy,1,0,0.17086161828289428,0.11293560359141945,7,0,0,0,0,0,0,0,0.0,0.5,0.5,0.5,0.5,0,0.0,0.5,0.5,0.5,0.5,0,0.0,0.5,1.0,0.75,0.75,0,0.0,0.5,1.0,0.75,0.75
100,no_strict_e1_improvement,0,,,,,1,0,1,1,1,1,1,4,0,0,-1,current,0,0,0.02061446290463209,0.02061446290463209,9,9,9,9,9,0,0,1,1.0,1.0,1.0,1.0,1.0,1,1.0,1.0,1.0,1.0,1.0,1,1.0,1.0,1.0,1.0,1.0,1,1.0,1.0,1.0,1.0,1.0
101,no_strict_e1_improvement,0,,,,,1,0,1,1,1,1,1,4,0,0,-1,current,0,0,0.0009133629500865936,0.0009133629500865936,12,9,9,9,9,0,0,1,1.0,1.0,1.0,1.0,1.0,1,1.0,1.0,1.0,1.0,1.0,1,1.0,1.0,1.0,1.0,1.0,1,1.0,1.0,1.0,1.0,1.0
102,max_rounds,0,,,,,1,1,3,2,2,7,7,4,0,-1,0,s1a3_greedy,1,0,0.20125985766450563,0.05315398921569189,9,0,0,9,9,9,0,0,0.0,0.5,0.6666666666666666,0.5833333333333334,0.75,0,0.0,0.5,0.6666666666666666,0.5833333333333334,0.75,1,1.0,1.0,1.0,1.0,1.0,1,1.0,1.0,1.0,1.0,1.0
103,max_rounds,0,,,,,1,1,4,4,4,15,15,4,-1,0,1,profiled_beam,1,1,0.14363477379083633,0.10087169396380584,8,1,1,1,5,4,4,0,0.1111111111111111,0.3333333333333333,0.3333333333333333,0.3333333333333333,0.5,0,0.1111111111111111,0.3333333333333333,0.3333333333333333,0.3333333333333333,0.5,0,0.1111111111111111,0.3333333333333333,0.3333333333333333,0.3333333333333333,0.5,0,0.5555555555555556,0.6666666666666666,0.3333333333333333,0.5,0.6666666666666666
104,no_strict_e1_improvement,0,,,,,1,0,1,1,1,1,1,4,0,0,-1,current,0,0,0.008299584267660975,0.008299584267660975,9,9,9,9,9,0,0,1,1.0,1.0,1.0,1.0,1.0,1,1.0,1.0,1.0,1.0,1.0,1,1.0,1.0,1.0,1.0,1.0,1,1.0,1.0,1.0,1.0,1.0
105,no_strict_e1_improvement,0,,,,,1,0,2,2,2,6,6,4,0,0,-1,current,0,0,0.11455581244081259,0.11455581244081259,5,1,1,1,1,0,0,0,0.1111111111111111,0.3333333333333333,0.16666666666666666,0.25,0.4166666666666667,0,0.1111111111111111,0.3333333333333333,0.16666666666666666,0.25,0.4166666666666667,0,0.1111111111111111,0.3333333333333333,0.16666666666666666,0.25,0.4166666666666667,0,0.1111111111111111,0.3333333333333333,0.16666666666666666,0.25,0.4166666666666667
106,no_strict_e1_improvement,0,,,,,1,0,1,1,1,1,1,4,0,0,-1,current,0,0,0.0,0.0,12,0,0,0,0,0,0,0,0.0,0.5,1.0,0.75,0.75,0,0.0,0.5,1.0,0.75,0.75,0,0.0,0.5,1.0,0.75,0.75,0,0.0,0.5,1.0,0.75,0.75
107,max_rounds,0,,,,,1,1,5,4,4,14,14,4,0,1,0,s1a3_greedy,1,0,0.2783813600738843,0.10523647411415975,7,0,0,0,0,0,0,0,0.0,0.16666666666666666,0.5,0.3333333333333333,0.4166666666666667,0,0.0,0.16666666666666666,0.5,0.3333333333333333,0.4166666666666667,0,0.0,0.5,1.0,0.75,0.75,0,0.0,0.5,1.0,0.75,0.75
108,no_strict_e1_improvement,0,,,,,1,0,1,1,1,1,1,4,0,0,-1,current,0,0,0.037782768408457436,0.037782768408457436,11,9,9,9,9,0,0,1,1.0,1.0,1.0,1.0,1.0,1,1.0,1.0,1.0,1.0,1.0,1,1.0,1.0,1.0,1.0,1.0,1,1.0,1.0,1.0,1.0,1.0
109,no_strict_e1_improvement,0,,,,,1,0,1,1,1,1,1,4,0,0,-1,current,0,0,0.02633777509133021,0.02633777509133021,10,9,9,9,9,0,0,1,1.0,1.0,1.0,1.0,1.0,1,1.0,1.0,1.0,1.0,1.0,1,1.0,1.0,1.0,1.0,1.0,1,1.0,1.0,1.0,1.0,1.0
110,no_strict_e1_improvement,0,,,,,1,0,1,1,1,1,1,4,0,0,-1,current,0,0,0.009092291506628195,0.009092291506628195,12,9,9,9,9,0,0,1,1.0,1.0,1.0,1.0,1.0,1,1.0,1.0,1.0,1.0,1.0,1,1.0,1.0,1.0,1.0,1.0,1,1.0,1.0,1.0,1.0,1.0
111,no_strict_e1_improvement,0,,,,,1,0,1,1,1,1,1,4,0,0,-1,current,0,0,0.03250960043321053,0.03250960043321053,10,9,9,9,9,0,0,1,1.0,1.0,1.0,1.0,1.0,1,1.0,1.0,1.0,1.0,1.0,1,1.0,1.0,1.0,1.0,1.0,1,1.0,1.0,1.0,1.0,1.0
112,no_strict_e1_improvement,0,,,,,1,0,1,1,1,1,1,4,0,0,-1,current,0,0,0.031688143809636436,0.031688143809636436,11,0,0,0,0,0,0,0,0.0,1.0,0.5,0.75,0.75,0,0.0,1.0,0.5,0.75,0.75,0,0.0,1.0,0.5,0.75,0.75,0,0.0,1.0,0.5,0.75,0.75
113,no_strict_e1_improvement,0,,,,,1,0,1,1,1,1,1,4,0,0,-1,current,0,0,0.015336072072386742,0.015336072072386742,12,9,9,9,9,0,0,1,1.0,1.0,1.0,1.0,1.0,1,1.0,1.0,1.0,1.0,1.0,1,1.0,1.0,1.0,1.0,1.0,1,1.0,1.0,1.0,1.0,1.0
114,no_strict_e1_improvement,0,,,,,1,0,1,1,1,1,1,4,0,0,-1,current,0,0,0.017687949041525524,0.017687949041525524,9,9,9,9,9,0,0,1,1.0,1.0,1.0,1.0,1.0,1,1.0,1.0,1.0,1.0,1.0,1,1.0,1.0,1.0,1.0,1.0,1,1.0,1.0,1.0,1.0,1.0
115,small_component,0,,,,,1,0,0,0,0,0,0,4,0,0,-1,current,0,0,0.4398341191263171,0.4398341191263171,4,2,2,2,2,0,0,0,0.2222222222222222,0.3333333333333333,0.16666666666666666,0.25,0.3333333333333333,0,0.2222222222222222,0.3333333333333333,0.16666666666666666,0.25,0.3333333333333333,0,0.2222222222222222,0.3333333333333333,0.16666666666666666,0.25,0.3333333333333333,0,0.2222222222222222,0.3333333333333333,0.16666666666666666,0.25,0.3333333333333333
116,no_strict_e1_improvement,0,,,,,1,0,1,1,1,1,1,4,0,0,-1,current,0,0,0.16527702116097012,0.16527702116097012,7,0,0,0,0,0,0,0,0.0,0.5,0.3333333333333333,0.4166666666666667,0.4166666666666667,0,0.0,0.5,0.3333333333333333,0.4166666666666667,0.4166666666666667,0,0.0,0.5,0.3333333333333333,0.4166666666666667,0.4166666666666667,0,0.0,0.5,0.3333333333333333,0.4166666666666667,0.4166666666666667
117,no_strict_e1_improvement,0,,,,,1,0,1,1,1,1,1,4,0,0,-1,current,0,0,0.11346898165841897,0.11346898165841897,4,2,2,2,2,0,0,0,0.2222222222222222,0.16666666666666666,0.6666666666666666,0.4166666666666667,0.75,0,0.2222222222222222,0.16666666666666666,0.6666666666666666,0.4166666666666667,0.75,0,0.2222222222222222,0.16666666666666666,0.6666666666666666,0.4166666666666667,0.75,0,0.2222222222222222,0.16666666666666666,0.6666666666666666,0.4166666666666667,0.75
118,no_strict_e1_improvement,0,,,,,1,0,1,1,1,1,1,4,0,0,-1,current,0,0,0.040298619928459324,0.040298619928459324,7,9,9,9,9,0,0,1,1.0,1.0,1.0,1.0,1.0,1,1.0,1.0,1.0,1.0,1.0,1,1.0,1.0,1.0,1.0,1.0,1,1.0,1.0,1.0,1.0,1.0
119,max_rounds,0,,,,,1,1,2,2,2,6,6,4,0,-1,0,s1a3_greedy,1,0,0.1096025879184405,0.06104199091593424,11,0,0,0,0,0,0,0,0.0,0.5,1.0,0.75,0.75,0,0.0,0.5,1.0,0.75,0.75,0,0.0,0.5,1.0,0.75,0.75,0,0.0,0.5,1.0,0.75,0.75
120,small_component,0,,,,,1,0,0,0,0,0,0,4,0,0,-1,current,0,0,0.13456747882689038,0.13456747882689038,8,0,0,0,0,0,0,0,0.0,0.5,1.0,0.75,0.75,0,0.0,0.5,1.0,0.75,0.75,0,0.0,0.5,1.0,0.75,0.75,0,0.0,0.5,1.0,0.75,0.75
121,no_strict_e1_improvement,0,,,,,1,0,1,1,1,1,1,4,0,0,-1,current,0,0,0.012894478471328815,0.012894478471328815,10,0,0,0,0,0,0,0,0.0,0.5,1.0,0.75,0.75,0,0.0,0.5,1.0,0.75,0.75,0,0.0,0.5,1.0,0.75,0.75,0,0.0,0.5,1.0,0.75,0.75
122,no_strict_e1_improvement,0,,,,,1,0,2,2,2,8,8,4,0,0,-1,current,0,0,0.21705728769302368,0.21705728769302368,6,0,0,0,0,0,0,0,0.0,0.16666666666666666,0.5,0.3333333333333333,0.4166666666666667,0,0.0,0.16666666666666666,0.5,0.3333333333333333,0.4166666666666667,0,0.0,0.16666666666666666,0.5,0.3333333333333333,0.4166666666666667,0,0.0,0.16666666666666666,0.5,0.3333333333333333,0.4166666666666667
123,no_strict_e1_improvement,0,,,,,1,0,1,1,1,1,1,4,0,0,-1,current,0,0,0.04061224055476487,0.04061224055476487,10,9,9,9,9,0,0,1,1.0,1.0,1.0,1.0,1.0,1,1.0,1.0,1.0,1.0,1.0,1,1.0,1.0,1.0,1.0,1.0,1,1.0,1.0,1.0,1.0,1.0
124,no_strict_e1_improvement,0,,,,,1,0,1,1,1,1,1,4,0,0,-1,current,0,0,0.08840700471773744,0.08840700471773744,9,0,0,0,0,0,0,0,0.0,1.0,0.5,0.75,0.75,0,0.0,1.0,0.5,0.75,0.75,0,0.0,1.0,0.5,0.75,0.75,0,0.0,1.0,0.5,0.75,0.75
125,partial_completed__max_rounds,1,,3,2,4,1,1,2,1,1,2,2,4,0,0,1,profiled_beam,1,1,0.23411949972311655,0.15540355692307153,5,0,0,0,0,0,0,0,0.0,0.16666666666666666,0.0,0.08333333333333333,0.16666666666666666,0,0.0,0.3333333333333333,0.0,0.16666666666666666,0.3333333333333333,0,0.0,0.3333333333333333,0.0,0.16666666666666666,0.3333333333333333,0,0.0,0.5,0.16666666666666666,0.3333333333333333,0.5
126,max_rounds,0,,,,,1,1,2,2,2,6,6,4,0,1,1,profiled_beam,1,1,0.11826042799899976,0.04384257737547159,10,0,0,7,9,9,2,0,0.0,0.5,1.0,0.75,0.75,0,0.0,0.5,1.0,0.75,0.75,0,0.7777777777777778,0.6666666666666666,0.6666666666666666,0.6666666666666666,0.75,1,1.0,1.0,1.0,1.0,1.0
127,max_rounds,0,,,,,1,1,3,2,2,6,6,4,0,0,1,profiled_beam,1,1,0.22207829728722572,0.037464360085626446,7,6,6,7,9,3,2,0,0.6666666666666666,0.5,0.8333333333333334,0.6666666666666666,0.6666666666666666,0,0.6666666666666666,0.5,0.8333333333333334,0.6666666666666666,0.6666666666666666,0,0.7777777777777778,0.6666666666666666,0.6666666666666666,0.6666666666666666,0.75,1,1.0,1.0,1.0,1.0,1.0
128,no_strict_e1_improvement,0,,,,,1,0,1,1,1,1,1,4,0,0,-1,current,0,0,0.034446449329455696,0.034446449329455696,10,9,9,9,9,0,0,1,1.0,1.0,1.0,1.0,1.0,1,1.0,1.0,1.0,1.0,1.0,1,1.0,1.0,1.0,1.0,1.0,1,1.0,1.0,1.0,1.0,1.0
129,no_strict_e1_improvement,0,,,,,1,0,1,1,1,2,2,4,0,0,-1,current,0,0,0.15902259945869446,0.15902259945869446,6,0,0,0,0,0,0,0,0.0,0.5,0.6666666666666666,0.5833333333333334,0.5833333333333334,0,0.0,0.5,0.6666666666666666,0.5833333333333334,0.5833333333333334,0,0.0,0.5,0.6666666666666666,0.5833333333333334,0.5833333333333334,0,0.0,0.5,0.6666666666666666,0.5833333333333334,0.5833333333333334
130,no_strict_e1_improvement,0,,,,,1,0,1,1,1,1,1,4,0,0,-1,current,0,0,0.06297731135661404,0.06297731135661404,7,2,2,2,2,0,0,0,0.2222222222222222,0.16666666666666666,0.16666666666666666,0.16666666666666666,0.3333333333333333,0,0.2222222222222222,0.16666666666666666,0.16666666666666666,0.16666666666666666,0.3333333333333333,0,0.2222222222222222,0.16666666666666666,0.16666666666666666,0.16666666666666666,0.3333333333333333,0,0.2222222222222222,0.16666666666666666,0.16666666666666666,0.16666666666666666,0.3333333333333333
131,max_rounds,0,,,,,1,1,5,4,4,16,16,4,0,-1,1,profiled_beam,1,1,0.20075177432348332,0.136403614267086,3,1,1,1,1,0,0,0,0.1111111111111111,0.0,0.0,0.0,0.25,0,0.1111111111111111,0.0,0.0,0.0,0.25,0,0.1111111111111111,0.0,0.0,0.0,0.25,0,0.1111111111111111,0.0,0.0,0.0,0.16666666666666666
132,no_strict_e1_improvement,0,,,,,1,0,1,1,1,1,1,4,0,0,-1,current,0,0,0.03910664593180021,0.03910664593180021,8,5,5,5,5,0,0,0,0.5555555555555556,0.6666666666666666,0.3333333333333333,0.5,0.8333333333333334,0,0.5555555555555556,0.6666666666666666,0.3333333333333333,0.5,0.8333333333333334,0,0.5555555555555556,0.6666666666666666,0.3333333333333333,0.5,0.8333333333333334,0,0.5555555555555556,0.6666666666666666,0.3333333333333333,0.5,0.8333333333333334
133,no_strict_e1_improvement,0,,,,,1,0,1,1,1,1,1,4,0,0,-1,current,0,0,0.07018101215362549,0.07018101215362549,10,9,9,9,9,0,0,1,1.0,1.0,1.0,1.0,1.0,1,1.0,1.0,1.0,1.0,1.0,1,1.0,1.0,1.0,1.0,1.0,1,1.0,1.0,1.0,1.0,1.0
134,no_strict_e1_improvement,0,,,,,1,0,1,1,1,1,1,4,0,0,-1,current,0,0,0.022219818085432053,0.022219818085432053,7,0,0,0,0,0,0,0,0.0,0.6666666666666666,0.5,0.5833333333333334,0.5833333333333334,0,0.0,0.6666666666666666,0.5,0.5833333333333334,0.5833333333333334,0,0.0,0.6666666666666666,0.5,0.5833333333333334,0.5833333333333334,0,0.0,0.6666666666666666,0.5,0.5833333333333334,0.5833333333333334
135,no_strict_e1_improvement,0,,,,,1,0,1,1,1,1,1,4,0,0,-1,current,0,0,0.008240561544274291,0.008240561544274291,12,0,0,0,0,0,0,0,0.0,0.5,0.5,0.5,0.5,0,0.0,0.5,0.5,0.5,0.5,0,0.0,0.5,0.5,0.5,0.5,0,0.0,0.5,0.5,0.5,0.5
136,no_strict_e1_improvement,0,,,,,1,0,1,1,1,1,1,4,0,0,-1,current,0,0,0.05304272441814343,0.05304272441814343,9,9,9,9,9,0,0,1,1.0,1.0,1.0,1.0,1.0,1,1.0,1.0,1.0,1.0,1.0,1,1.0,1.0,1.0,1.0,1.0,1,1.0,1.0,1.0,1.0,1.0
137,no_strict_e1_improvement,0,,,,,1,0,1,1,1,1,1,4,0,0,-1,current,0,0,0.024299794691614807,0.024299794691614807,8,0,0,0,0,0,0,0,0.0,1.0,0.5,0.75,0.75,0,0.0,1.0,0.5,0.75,0.75,0,0.0,1.0,0.5,0.75,0.75,0,0.0,1.0,0.5,0.75,0.75
138,no_strict_e1_improvement,0,,,,,1,0,1,1,1,1,1,4,0,0,-1,current,0,0,0.05420348855356375,0.05420348855356375,10,9,9,9,9,0,0,1,1.0,1.0,1.0,1.0,1.0,1,1.0,1.0,1.0,1.0,1.0,1,1.0,1.0,1.0,1.0,1.0,1,1.0,1.0,1.0,1.0,1.0
139,max_rounds,0,,,,,1,1,2,2,2,6,6,4,-1,0,0,s1a3_greedy,1,0,0.05242495238780975,0.027261570173626144,11,0,0,9,9,9,0,0,0.0,1.0,0.5,0.75,0.75,0,0.0,1.0,0.5,0.75,0.75,1,1.0,1.0,1.0,1.0,1.0,1,1.0,1.0,1.0,1.0,1.0
140,max_rounds,0,,,,,1,1,5,4,4,13,13,4,1,-1,0,s1a3_greedy,1,0,0.2340048843373855,0.03273240368192395,7,0,0,9,9,9,0,0,0.0,0.5,0.5,0.5,0.5,0,0.0,0.5,0.5,0.5,0.5,1,1.0,1.0,1.0,1.0,1.0,1,1.0,1.0,1.0,1.0,1.0
141,no_strict_e1_improvement,0,,,,,1,0,1,1,1,1,1,4,0,0,-1,current,0,0,0.09086729089419048,0.09086729089419048,10,0,0,0,0,0,0,0,0.0,0.5,0.8333333333333334,0.6666666666666666,0.6666666666666666,0,0.0,0.5,0.8333333333333334,0.6666666666666666,0.6666666666666666,0,0.0,0.5,0.8333333333333334,0.6666666666666666,0.6666666666666666,0,0.0,0.5,0.8333333333333334,0.6666666666666666,0.6666666666666666
142,no_strict_e1_improvement,0,,,,,1,0,1,1,1,1,1,4,0,0,-1,current,0,0,0.002274233071754376,0.002274233071754376,11,0,0,0,0,0,0,0,0.0,0.5,1.0,0.75,0.75,0,0.0,0.5,1.0,0.75,0.75,0,0.0,0.5,1.0,0.75,0.75,0,0.0,0.5,1.0,0.75,0.75
143,max_rounds,0,,,,,1,1,5,4,4,15,15,4,0,1,1,profiled_beam,1,1,0.21904908027499914,0.10346589532370369,5,0,0,0,1,1,1,0,0.0,0.3333333333333333,0.3333333333333333,0.3333333333333333,0.5,0,0.0,0.3333333333333333,0.3333333333333333,0.3333333333333333,0.5,0,0.0,0.3333333333333333,0.16666666666666666,0.25,0.4166666666666667,0,0.1111111111111111,0.3333333333333333,0.5,0.4166666666666667,0.5833333333333334
144,no_strict_e1_improvement,0,,,,,1,0,1,1,1,1,1,4,0,0,-1,current,0,0,0.05122008981804053,0.05122008981804053,11,0,0,0,0,0,0,0,0.0,0.5,1.0,0.75,0.75,0,0.0,0.5,1.0,0.75,0.75,0,0.0,0.5,1.0,0.75,0.75,0,0.0,0.5,1.0,0.75,0.75
145,no_strict_e1_improvement,0,,,,,1,0,1,1,1,1,1,4,0,0,-1,current,0,0,0.05351819718877474,0.05351819718877474,9,0,0,0,0,0,0,0,0.0,0.5,1.0,0.75,0.75,0,0.0,0.5,1.0,0.75,0.75,0,0.0,0.5,1.0,0.75,0.75,0,0.0,0.5,1.0,0.75,0.75
146,no_strict_e1_improvement,0,,,,,1,0,1,1,1,1,1,4,0,0,-1,current,0,0,0.09620587450141709,0.09620587450141709,8,0,0,0,0,0,0,0,0.0,0.5,1.0,0.75,0.75,0,0.0,0.5,1.0,0.75,0.75,0,0.0,0.5,1.0,0.75,0.75,0,0.0,0.5,1.0,0.75,0.75
147,no_strict_e1_improvement,0,,,,,1,0,1,1,1,1,1,4,0,0,-1,current,0,0,0.010457735663900772,0.010457735663900772,9,0,0,0,0,0,0,0,0.0,1.0,0.5,0.75,0.75,0,0.0,1.0,0.5,0.75,0.75,0,0.0,1.0,0.5,0.75,0.75,0,0.0,1.0,0.5,0.75,0.75
148,no_strict_e1_improvement,0,,,,,1,0,1,1,1,1,1,4,0,0,-1,current,0,0,0.013313180184923112,0.013313180184923112,10,9,9,9,9,0,0,1,1.0,1.0,1.0,1.0,1.0,1,1.0,1.0,1.0,1.0,1.0,1,1.0,1.0,1.0,1.0,1.0,1,1.0,1.0,1.0,1.0,1.0
149,no_strict_e1_improvement,0,,,,,1,0,1,1,1,1,1,4,0,0,-1,current,0,0,0.0370228240887324,0.0370228240887324,7,9,9,9,9,0,0,1,1.0,1.0,1.0,1.0,1.0,1,1.0,1.0,1.0,1.0,1.0,1,1.0,1.0,1.0,1.0,1.0,1,1.0,1.0,1.0,1.0,1.0
150,no_strict_e1_improvement,0,,,,,1,0,1,1,1,1,1,4,0,0,-1,current,0,0,0.0068740050386016565,0.0068740050386016565,9,9,9,9,9,0,0,1,1.0,1.0,1.0,1.0,1.0,1,1.0,1.0,1.0,1.0,1.0,1,1.0,1.0,1.0,1.0,1.0,1,1.0,1.0,1.0,1.0,1.0
151,partial_completed__max_rounds,1,,3,2,4,1,1,5,4,4,16,16,4,-1,0,1,profiled_beam,1,1,0.26575930207036436,0.1948090228252113,4,0,0,3,7,7,4,0,0.0,0.3333333333333333,0.16666666666666666,0.25,0.25,0,0.0,0.5,0.16666666666666666,0.3333333333333333,0.4166666666666667,0,0.3333333333333333,0.16666666666666666,0.16666666666666666,0.16666666666666666,0.5833333333333334,0,0.7777777777777778,0.6666666666666666,0.6666666666666666,0.6666666666666666,0.8333333333333334
152,small_component,0,,,,,1,0,0,0,0,0,0,4,0,0,-1,current,0,0,0.1700831570972999,0.1700831570972999,6,3,3,3,3,0,0,0,0.3333333333333333,1.0,0.0,0.5,0.75,0,0.3333333333333333,1.0,0.0,0.5,0.75,0,0.3333333333333333,1.0,0.0,0.5,0.75,0,0.3333333333333333,1.0,0.0,0.5,0.75
153,small_component,0,,,,,1,0,0,0,0,0,0,4,0,0,-1,current,0,0,0.2946885754354298,0.2946885754354298,7,3,3,3,3,0,0,0,0.3333333333333333,0.0,0.5,0.25,0.5,0,0.3333333333333333,0.0,0.5,0.25,0.5,0,0.3333333333333333,0.0,0.5,0.25,0.5,0,0.3333333333333333,0.0,0.5,0.25,0.5
154,small_component,0,,,,,1,0,0,0,0,0,0,4,0,0,-1,current,0,0,0.23021512106060982,0.23021512106060982,7,0,0,0,0,0,0,0,0.0,0.16666666666666666,0.5,0.3333333333333333,0.5,0,0.0,0.16666666666666666,0.5,0.3333333333333333,0.5,0,0.0,0.16666666666666666,0.5,0.3333333333333333,0.5,0,0.0,0.16666666666666666,0.5,0.3333333333333333,0.5
155,no_strict_e1_improvement,0,,,,,1,0,1,1,1,1,1,4,0,0,-1,current,0,0,0.0,0.0,12,9,9,9,9,0,0,1,1.0,1.0,1.0,1.0,1.0,1,1.0,1.0,1.0,1.0,1.0,1,1.0,1.0,1.0,1.0,1.0,1,1.0,1.0,1.0,1.0,1.0
156,partial_completed__small_component,1,,3,2,4,1,0,0,0,0,0,0,4,0,0,-1,current,1,0,0.3570157214999199,0.3570157214999199,6,3,3,3,3,0,0,0,0.3333333333333333,0.16666666666666666,0.3333333333333333,0.25,0.25,0,0.3333333333333333,0.16666666666666666,0.5,0.3333333333333333,0.5,0,0.3333333333333333,0.16666666666666666,0.5,0.3333333333333333,0.5,0,0.3333333333333333,0.16666666666666666,0.5,0.3333333333333333,0.5
157,max_rounds,0,,,,,1,1,3,2,2,6,6,4,0,-1,0,s1a3_greedy,1,0,0.11203643803795178,0.07777025170798879,8,0,0,0,0,0,0,0,0.0,0.16666666666666666,0.3333333333333333,0.25,0.5833333333333334,0,0.0,0.16666666666666666,0.3333333333333333,0.25,0.5833333333333334,0,0.0,0.5,0.3333333333333333,0.4166666666666667,0.75,0,0.0,0.5,0.3333333333333333,0.4166666666666667,0.75
158,no_strict_e1_improvement,0,,,,,1,0,1,1,1,1,1,4,0,0,-1,current,0,0,0.04595613603790601,0.04595613603790601,7,0,0,0,0,0,0,0,0.0,0.5,1.0,0.75,0.75,0,0.0,0.5,1.0,0.75,0.75,0,0.0,0.5,1.0,0.75,0.75,0,0.0,0.5,1.0,0.75,0.75
159,no_strict_e1_improvement,0,,,,,1,0,1,1,1,1,1,4,0,0,-1,current,0,0,0.01816527855892976,0.01816527855892976,9,6,6,6,6,0,0,0,0.6666666666666666,0.5,0.5,0.5,0.6666666666666666,0,0.6666666666666666,0.5,0.5,0.5,0.6666666666666666,0,0.6666666666666666,0.5,0.5,0.5,0.6666666666666666,0,0.6666666666666666,0.5,0.5,0.5,0.6666666666666666
160,no_strict_e1_improvement,0,,,,,1,0,1,1,1,1,1,4,0,0,-1,current,0,0,0.008147405460476875,0.008147405460476875,10,0,0,0,0,0,0,0,0.0,1.0,0.5,0.75,0.75,0,0.0,1.0,0.5,0.75,0.75,0,0.0,1.0,0.5,0.75,0.75,0,0.0,1.0,0.5,0.75,0.75
161,no_strict_e1_improvement,0,,,,,1,0,1,1,1,1,1,4,0,0,-1,current,0,0,0.011935866127411524,0.011935866127411524,12,9,9,9,9,0,0,1,1.0,1.0,1.0,1.0,1.0,1,1.0,1.0,1.0,1.0,1.0,1,1.0,1.0,1.0,1.0,1.0,1,1.0,1.0,1.0,1.0,1.0
162,no_strict_e1_improvement,0,,,,,1,0,1,1,1,1,1,4,0,0,-1,current,0,0,0.012473451594511667,0.012473451594511667,10,9,9,9,9,0,0,1,1.0,1.0,1.0,1.0,1.0,1,1.0,1.0,1.0,1.0,1.0,1,1.0,1.0,1.0,1.0,1.0,1,1.0,1.0,1.0,1.0,1.0
163,max_rounds,0,,,,,1,1,3,2,2,6,6,4,0,1,0,s1a3_greedy,1,0,0.12109859691311915,0.006390642374753952,11,0,0,9,9,9,0,0,0.0,0.5,0.8333333333333334,0.6666666666666666,0.6666666666666666,0,0.0,0.5,0.8333333333333334,0.6666666666666666,0.6666666666666666,1,1.0,1.0,1.0,1.0,1.0,1,1.0,1.0,1.0,1.0,1.0
164,no_strict_e1_improvement,0,,,,,1,0,2,2,2,6,6,4,0,0,-1,current,0,0,0.09592583527167638,0.09592583527167638,10,0,0,0,0,0,0,0,0.0,0.5,0.8333333333333334,0.6666666666666666,0.6666666666666666,0,0.0,0.5,0.8333333333333334,0.6666666666666666,0.6666666666666666,0,0.0,0.5,0.8333333333333334,0.6666666666666666,0.6666666666666666,0,0.0,0.5,0.8333333333333334,0.6666666666666666,0.6666666666666666
165,max_rounds,0,,,,,1,1,5,4,4,14,14,4,-1,0,0,s1a3_greedy,1,0,0.23825662521024546,0.06488933848838012,8,1,1,1,1,0,0,0,0.1111111111111111,0.3333333333333333,0.3333333333333333,0.3333333333333333,0.5,0,0.1111111111111111,0.3333333333333333,0.3333333333333333,0.3333333333333333,0.5,0,0.1111111111111111,0.3333333333333333,0.6666666666666666,0.5,0.6666666666666666,0,0.1111111111111111,0.3333333333333333,0.6666666666666666,0.5,0.6666666666666666
166,no_strict_e1_improvement,0,,,,,1,0,1,1,1,1,1,4,0,0,-1,current,0,0,0.08804611178735892,0.08804611178735892,9,0,0,0,0,0,0,0,0.0,0.5,0.8333333333333334,0.6666666666666666,0.6666666666666666,0,0.0,0.5,0.8333333333333334,0.6666666666666666,0.6666666666666666,0,0.0,0.5,0.8333333333333334,0.6666666666666666,0.6666666666666666,0,0.0,0.5,0.8333333333333334,0.6666666666666666,0.6666666666666666
167,no_strict_e1_improvement,0,,,,,1,0,1,1,1,1,1,4,0,0,-1,current,0,0,0.009825416064510742,0.009825416064510742,12,9,9,9,9,0,0,1,1.0,1.0,1.0,1.0,1.0,1,1.0,1.0,1.0,1.0,1.0,1,1.0,1.0,1.0,1.0,1.0,1,1.0,1.0,1.0,1.0,1.0
168,no_strict_e1_improvement,0,,,,,1,0,1,1,1,1,1,4,0,0,-1,current,0,0,0.12271512594694893,0.12271512594694893,6,0,0,0,0,0,0,0,0.0,0.3333333333333333,0.16666666666666666,0.25,0.3333333333333333,0,0.0,0.3333333333333333,0.16666666666666666,0.25,0.3333333333333333,0,0.0,0.3333333333333333,0.16666666666666666,0.25,0.3333333333333333,0,0.0,0.3333333333333333,0.16666666666666666,0.25,0.3333333333333333
169,small_component,0,,,,,1,0,0,0,0,0,0,4,0,0,-1,current,0,0,0.11822558287531137,0.11822558287531137,8,0,0,0,0,0,0,0,0.0,1.0,0.5,0.75,0.75,0,0.0,1.0,0.5,0.75,0.75,0,0.0,1.0,0.5,0.75,0.75,0,0.0,1.0,0.5,0.75,0.75
170,max_rounds,0,,,,,1,1,5,4,4,12,12,4,0,0,1,profiled_beam,1,1,0.1347476268808047,0.13428339113791785,5,1,1,1,0,-1,-1,0,0.1111111111111111,0.16666666666666666,0.16666666666666666,0.16666666666666666,0.5,0,0.1111111111111111,0.16666666666666666,0.16666666666666666,0.16666666666666666,0.5,0,0.1111111111111111,0.16666666666666666,0.16666666666666666,0.16666666666666666,0.5,0,0.0,0.16666666666666666,0.16666666666666666,0.16666666666666666,0.3333333333333333
171,no_strict_e1_improvement,0,,,,,1,0,2,2,2,5,5,4,0,0,-1,current,0,0,0.13880559631312886,0.13880559631312886,7,0,0,0,0,0,0,0,0.0,0.6666666666666666,0.16666666666666666,0.4166666666666667,0.5,0,0.0,0.6666666666666666,0.16666666666666666,0.4166666666666667,0.5,0,0.0,0.6666666666666666,0.16666666666666666,0.4166666666666667,0.5,0,0.0,0.6666666666666666,0.16666666666666666,0.4166666666666667,0.5
172,max_rounds,0,,,,,1,1,3,2,2,7,7,4,-1,0,1,profiled_beam,1,1,0.10357035075624783,0.012553226639283821,9,0,0,0,9,9,9,0,0.0,0.8333333333333334,0.5,0.6666666666666666,0.6666666666666666,0,0.0,0.8333333333333334,0.5,0.6666666666666666,0.6666666666666666,0,0.0,0.8333333333333334,0.5,0.6666666666666666,0.6666666666666666,1,1.0,1.0,1.0,1.0,1.0
173,no_strict_e1_improvement,0,,,,,1,0,1,1,1,1,1,4,0,0,-1,current,0,0,0.0,0.0,12,9,9,9,9,0,0,1,1.0,1.0,1.0,1.0,1.0,1,1.0,1.0,1.0,1.0,1.0,1,1.0,1.0,1.0,1.0,1.0,1,1.0,1.0,1.0,1.0,1.0
174,no_strict_e1_improvement,0,,,,,1,0,1,1,1,1,1,4,0,0,-1,current,0,0,0.03128403549393018,0.03128403549393018,10,9,9,9,9,0,0,1,1.0,1.0,1.0,1.0,1.0,1,1.0,1.0,1.0,1.0,1.0,1,1.0,1.0,1.0,1.0,1.0,1,1.0,1.0,1.0,1.0,1.0
175,max_rounds,0,,,,,1,1,3,2,2,7,7,4,0,0,1,profiled_beam,1,1,0.04387943469919264,0.038554018460369356,5,9,9,9,6,-3,-3,1,1.0,1.0,1.0,1.0,1.0,1,1.0,1.0,1.0,1.0,1.0,1,1.0,1.0,1.0,1.0,1.0,0,0.6666666666666666,0.8333333333333334,0.5,0.6666666666666666,0.6666666666666666
176,no_strict_e1_improvement,0,,,,,1,0,1,1,1,1,1,4,0,0,-1,current,0,0,0.004834628043075402,0.004834628043075402,11,0,0,0,0,0,0,0,0.0,0.5,0.5,0.5,0.5,0,0.0,0.5,0.5,0.5,0.5,0,0.0,0.5,0.5,0.5,0.5,0,0.0,0.5,0.5,0.5,0.5
177,max_rounds,0,,,,,1,1,2,2,2,7,7,4,0,1,1,profiled_beam,1,1,0.1665924253563086,0.06263884777824084,8,9,9,9,0,-9,-9,1,1.0,1.0,1.0,1.0,1.0,1,1.0,1.0,1.0,1.0,1.0,1,1.0,1.0,1.0,1.0,1.0,0,0.0,0.5,1.0,0.75,0.75
178,no_strict_e1_improvement,0,,,,,1,0,1,1,1,1,1,4,0,0,-1,current,0,0,0.06356858268069725,0.06356858268069725,7,0,0,0,0,0,0,0,0.0,0.5,1.0,0.75,0.75,0,0.0,0.5,1.0,0.75,0.75,0,0.0,0.5,1.0,0.75,0.75,0,0.0,0.5,1.0,0.75,0.75
179,no_strict_e1_improvement,0,,,,,1,0,1,1,1,1,1,4,0,0,-1,current,0,0,0.020257876875499885,0.020257876875499885,8,9,9,9,9,0,0,1,1.0,1.0,1.0,1.0,1.0,1,1.0,1.0,1.0,1.0,1.0,1,1.0,1.0,1.0,1.0,1.0,1,1.0,1.0,1.0,1.0,1.0
180,max_rounds,0,,,,,1,1,4,4,4,16,16,4,0,-1,1,profiled_beam,1,1,0.15881359891500324,0.13836317703438303,5,0,0,0,0,0,0,0,0.0,0.6666666666666666,0.16666666666666666,0.4166666666666667,0.5833333333333334,0,0.0,0.6666666666666666,0.16666666666666666,0.4166666666666667,0.5833333333333334,0,0.0,0.6666666666666666,0.16666666666666666,0.4166666666666667,0.5833333333333334,0,0.0,0.3333333333333333,0.16666666666666666,0.25,0.3333333333333333
181,no_strict_e1_improvement,0,,,,,1,0,1,1,1,1,1,4,0,0,-1,current,0,0,0.0,0.0,12,9,9,9,9,0,0,1,1.0,1.0,1.0,1.0,1.0,1,1.0,1.0,1.0,1.0,1.0,1,1.0,1.0,1.0,1.0,1.0,1,1.0,1.0,1.0,1.0,1.0
182,no_strict_e1_improvement,0,,,,,1,0,1,1,1,1,1,4,0,0,-1,current,0,0,0.022065290560324986,0.022065290560324986,11,9,9,9,9,0,0,1,1.0,1.0,1.0,1.0,1.0,1,1.0,1.0,1.0,1.0,1.0,1,1.0,1.0,1.0,1.0,1.0,1,1.0,1.0,1.0,1.0,1.0
183,no_strict_e1_improvement,0,,,,,1,0,1,1,1,1,1,4,0,0,-1,current,0,0,0.01212471475203832,0.01212471475203832,9,0,0,0,0,0,0,0,0.0,0.8333333333333334,0.5,0.6666666666666666,0.6666666666666666,0,0.0,0.8333333333333334,0.5,0.6666666666666666,0.6666666666666666,0,0.0,0.8333333333333334,0.5,0.6666666666666666,0.6666666666666666,0,0.0,0.8333333333333334,0.5,0.6666666666666666,0.6666666666666666
184,no_strict_e1_improvement,0,,,,,1,0,1,1,1,1,1,4,0,0,-1,current,0,0,0.053000845635930695,0.053000845635930695,7,7,7,7,7,0,0,0,0.7777777777777778,0.6666666666666666,0.6666666666666666,0.6666666666666666,0.75,0,0.7777777777777778,0.6666666666666666,0.6666666666666666,0.6666666666666666,0.75,0,0.7777777777777778,0.6666666666666666,0.6666666666666666,0.6666666666666666,0.75,0,0.7777777777777778,0.6666666666666666,0.6666666666666666,0.6666666666666666,0.75
185,no_strict_e1_improvement,0,,,,,1,0,1,1,1,2,2,4,0,0,-1,current,0,0,0.0872527816100046,0.0872527816100046,6,0,0,0,0,0,0,0,0.0,0.5,1.0,0.75,0.75,0,0.0,0.5,1.0,0.75,0.75,0,0.0,0.5,1.0,0.75,0.75,0,0.0,0.5,1.0,0.75,0.75
186,no_strict_e1_improvement,0,,,,,1,0,2,2,2,7,7,4,0,0,-1,current,0,0,0.11065866363545258,0.11065866363545258,8,0,0,0,0,0,0,0,0.0,0.3333333333333333,0.16666666666666666,0.25,0.3333333333333333,0,0.0,0.3333333333333333,0.16666666666666666,0.25,0.3333333333333333,0,0.0,0.3333333333333333,0.16666666666666666,0.25,0.3333333333333333,0,0.0,0.3333333333333333,0.16666666666666666,0.25,0.3333333333333333
187,no_strict_e1_improvement,0,,,,,1,0,1,1,1,1,1,4,0,0,-1,current,0,0,0.1505733784288168,0.1505733784288168,7,1,1,1,1,0,0,0,0.1111111111111111,0.6666666666666666,0.3333333333333333,0.5,0.5833333333333334,0,0.1111111111111111,0.6666666666666666,0.3333333333333333,0.5,0.5833333333333334,0,0.1111111111111111,0.6666666666666666,0.3333333333333333,0.5,0.5833333333333334,0,0.1111111111111111,0.6666666666666666,0.3333333333333333,0.5,0.5833333333333334
188,no_strict_e1_improvement,0,,,,,1,0,1,1,1,1,1,4,0,0,-1,current,0,0,0.05184982965389887,0.05184982965389887,10,9,9,9,9,0,0,1,1.0,1.0,1.0,1.0,1.0,1,1.0,1.0,1.0,1.0,1.0,1,1.0,1.0,1.0,1.0,1.0,1,1.0,1.0,1.0,1.0,1.0
189,no_strict_e1_improvement,0,,,,,1,0,1,1,1,1,1,4,0,0,-1,current,0,0,0.002522330731153488,0.002522330731153488,11,0,0,0,0,0,0,0,0.0,0.5,1.0,0.75,0.75,0,0.0,0.5,1.0,0.75,0.75,0,0.0,0.5,1.0,0.75,0.75,0,0.0,0.5,1.0,0.75,0.75
190,partial_completed__max_rounds,1,,3,2,3,1,1,5,4,4,16,16,4,0,-1,1,profiled_beam,1,1,0.2986552322593828,0.26772285262510803,5,1,1,1,1,0,0,0,0.1111111111111111,0.3333333333333333,0.0,0.16666666666666666,0.25,0,0.1111111111111111,0.6666666666666666,0.0,0.3333333333333333,0.6666666666666666,0,0.1111111111111111,0.6666666666666666,0.0,0.3333333333333333,0.6666666666666666,0,0.1111111111111111,0.16666666666666666,0.0,0.08333333333333333,0.16666666666666666
191,no_strict_e1_improvement,0,,,,,1,0,1,1,1,1,1,4,0,0,-1,current,0,0,0.028398934790554147,0.028398934790554147,7,0,0,0,0,0,0,0,0.0,0.5,1.0,0.75,0.75,0,0.0,0.5,1.0,0.75,0.75,0,0.0,0.5,1.0,0.75,0.75,0,0.0,0.5,1.0,0.75,0.75
192,no_strict_e1_improvement,0,,,,,1,0,1,1,1,1,1,4,0,0,-1,current,0,0,0.09586614013339083,0.09586614013339083,8,0,0,0,0,0,0,0,0.0,0.6666666666666666,0.5,0.5833333333333334,0.6666666666666666,0,0.0,0.6666666666666666,0.5,0.5833333333333334,0.6666666666666666,0,0.0,0.6666666666666666,0.5,0.5833333333333334,0.6666666666666666,0,0.0,0.6666666666666666,0.5,0.5833333333333334,0.6666666666666666
193,max_rounds,0,,,,,1,1,5,4,4,16,16,4,0,1,0,s1a3_greedy,1,0,0.2750607969937846,0.17829531151801348,8,7,7,2,2,-5,0,0,0.7777777777777778,0.6666666666666666,0.3333333333333333,0.5,0.6666666666666666,0,0.7777777777777778,0.6666666666666666,0.3333333333333333,0.5,0.6666666666666666,0,0.2222222222222222,0.16666666666666666,0.6666666666666666,0.4166666666666667,0.5833333333333334,0,0.2222222222222222,0.16666666666666666,0.6666666666666666,0.4166666666666667,0.5833333333333334
194,no_strict_e1_improvement,0,,,,,1,0,1,1,1,1,1,4,0,0,-1,current,0,0,0.0,0.0,12,9,9,9,9,0,0,1,1.0,1.0,1.0,1.0,1.0,1,1.0,1.0,1.0,1.0,1.0,1,1.0,1.0,1.0,1.0,1.0,1,1.0,1.0,1.0,1.0,1.0
195,small_component,0,,,,,1,0,0,0,0,0,0,4,0,0,-1,current,0,0,0.31694567669183016,0.31694567669183016,5,2,2,2,2,0,0,0,0.2222222222222222,0.16666666666666666,0.3333333333333333,0.25,0.4166666666666667,0,0.2222222222222222,0.16666666666666666,0.3333333333333333,0.25,0.4166666666666667,0,0.2222222222222222,0.16666666666666666,0.3333333333333333,0.25,0.4166666666666667,0,0.2222222222222222,0.16666666666666666,0.3333333333333333,0.25,0.4166666666666667
196,no_strict_e1_improvement,0,,,,,1,0,1,1,1,1,1,4,0,0,-1,current,0,0,0.07927330893774827,0.07927330893774827,10,7,7,7,7,0,0,0,0.7777777777777778,0.6666666666666666,0.6666666666666666,0.6666666666666666,0.75,0,0.7777777777777778,0.6666666666666666,0.6666666666666666,0.6666666666666666,0.75,0,0.7777777777777778,0.6666666666666666,0.6666666666666666,0.6666666666666666,0.75,0,0.7777777777777778,0.6666666666666666,0.6666666666666666,0.6666666666666666,0.75
197,no_strict_e1_improvement,0,,,,,1,0,1,1,1,1,1,4,0,0,-1,current,0,0,0.015520996724565824,0.015520996724565824,9,9,9,9,9,0,0,1,1.0,1.0,1.0,1.0,1.0,1,1.0,1.0,1.0,1.0,1.0,1,1.0,1.0,1.0,1.0,1.0,1,1.0,1.0,1.0,1.0,1.0
198,max_rounds,0,,,,,1,1,5,4,4,12,12,4,1,0,1,profiled_beam,1,1,0.22995525350173315,0.05968461794933925,8,1,1,0,0,-1,0,0,0.1111111111111111,0.5,0.16666666666666666,0.3333333333333333,0.5833333333333334,0,0.1111111111111111,0.5,0.16666666666666666,0.3333333333333333,0.5833333333333334,0,0.0,0.6666666666666666,0.5,0.5833333333333334,0.5833333333333334,0,0.0,0.8333333333333334,0.5,0.6666666666666666,0.6666666666666666
199,max_rounds,0,,,,,1,1,5,4,4,15,15,4,0,0,1,profiled_beam,1,1,0.2573998481966555,0.23444607093309364,5,2,2,2,5,3,3,0,0.2222222222222222,0.6666666666666666,0.16666666666666666,0.4166666666666667,0.5833333333333334,0,0.2222222222222222,0.6666666666666666,0.16666666666666666,0.4166666666666667,0.5833333333333334,0,0.2222222222222222,0.6666666666666666,0.16666666666666666,0.4166666666666667,0.5833333333333334,0,0.5555555555555556,0.6666666666666666,0.3333333333333333,0.5,0.6666666666666666
200,no_strict_e1_improvement,0,,,,,1,0,1,1,1,1,1,4,0,0,-1,current,0,0,0.0256996494717896,0.0256996494717896,11,9,9,9,9,0,0,1,1.0,1.0,1.0,1.0,1.0,1,1.0,1.0,1.0,1.0,1.0,1,1.0,1.0,1.0,1.0,1.0,1,1.0,1.0,1.0,1.0,1.0
201,no_strict_e1_improvement,0,,,,,1,0,1,1,1,1,1,4,0,0,-1,current,0,0,0.02405306836590171,0.02405306836590171,8,9,9,9,9,0,0,1,1.0,1.0,1.0,1.0,1.0,1,1.0,1.0,1.0,1.0,1.0,1,1.0,1.0,1.0,1.0,1.0,1,1.0,1.0,1.0,1.0,1.0
202,no_strict_e1_improvement,0,,,,,1,0,1,1,1,1,1,4,0,0,-1,current,0,0,0.06351880558455984,0.06351880558455984,10,9,9,9,9,0,0,1,1.0,1.0,1.0,1.0,1.0,1,1.0,1.0,1.0,1.0,1.0,1,1.0,1.0,1.0,1.0,1.0,1,1.0,1.0,1.0,1.0,1.0
203,no_strict_e1_improvement,0,,,,,1,0,1,1,1,1,1,4,0,0,-1,current,0,0,0.01700810300341497,0.01700810300341497,7,9,9,9,9,0,0,1,1.0,1.0,1.0,1.0,1.0,1,1.0,1.0,1.0,1.0,1.0,1,1.0,1.0,1.0,1.0,1.0,1,1.0,1.0,1.0,1.0,1.0
204,no_strict_e1_improvement,0,,,,,1,0,1,1,1,1,1,4,0,0,-1,current,0,0,0.05815171000237266,0.05815171000237266,8,9,9,9,9,0,0,1,1.0,1.0,1.0,1.0,1.0,1,1.0,1.0,1.0,1.0,1.0,1,1.0,1.0,1.0,1.0,1.0,1,1.0,1.0,1.0,1.0,1.0
205,no_strict_e1_improvement,0,,,,,1,0,1,1,1,1,1,4,0,0,-1,current,0,0,0.021013987405846517,0.021013987405846517,10,9,9,9,9,0,0,1,1.0,1.0,1.0,1.0,1.0,1,1.0,1.0,1.0,1.0,1.0,1,1.0,1.0,1.0,1.0,1.0,1,1.0,1.0,1.0,1.0,1.0
206,no_strict_e1_improvement,0,,,,,1,0,1,1,1,1,1,4,0,0,-1,current,0,0,0.029695365054067224,0.029695365054067224,10,9,9,9,9,0,0,1,1.0,1.0,1.0,1.0,1.0,1,1.0,1.0,1.0,1.0,1.0,1,1.0,1.0,1.0,1.0,1.0,1,1.0,1.0,1.0,1.0,1.0
207,no_strict_e1_improvement,0,,,,,1,0,1,1,1,1,1,4,0,0,-1,current,0,0,0.08197526509563129,0.08197526509563129,9,9,9,9,9,0,0,1,1.0,1.0,1.0,1.0,1.0,1,1.0,1.0,1.0,1.0,1.0,1,1.0,1.0,1.0,1.0,1.0,1,1.0,1.0,1.0,1.0,1.0
208,no_strict_e1_improvement,0,,,,,1,0,1,1,1,1,1,4,0,0,-1,current,0,0,0.004813056671991944,0.004813056671991944,10,9,9,9,9,0,0,1,1.0,1.0,1.0,1.0,1.0,1,1.0,1.0,1.0,1.0,1.0,1,1.0,1.0,1.0,1.0,1.0,1,1.0,1.0,1.0,1.0,1.0
209,max_rounds,0,,,,,1,1,5,4,4,15,15,4,0,-1,1,profiled_beam,1,1,0.2560094886769851,0.08029491361230612,6,0,0,6,0,0,-6,0,0.0,0.3333333333333333,0.5,0.4166666666666667,0.4166666666666667,0,0.0,0.3333333333333333,0.5,0.4166666666666667,0.4166666666666667,0,0.6666666666666666,0.5,0.5,0.5,0.6666666666666666,0,0.0,1.0,0.5,0.75,0.75
210,max_rounds,0,,,,,1,1,4,4,4,11,11,4,1,-1,1,profiled_beam,1,1,0.08303351851645857,0.07328081627686818,8,6,6,0,0,-6,0,0,0.6666666666666666,0.8333333333333334,0.0,0.4166666666666667,0.4166666666666667,0,0.6666666666666666,0.8333333333333334,0.0,0.4166666666666667,0.4166666666666667,0,0.0,0.5,0.0,0.25,0.25,0,0.0,0.5,0.0,0.25,0.25
211,no_strict_e1_improvement,0,,,,,1,0,1,1,1,1,1,4,0,0,-1,current,0,0,0.009880604882103702,0.009880604882103702,10,0,0,0,0,0,0,0,0.0,0.5,1.0,0.75,0.75,0,0.0,0.5,1.0,0.75,0.75,0,0.0,0.5,1.0,0.75,0.75,0,0.0,0.5,1.0,0.75,0.75
212,no_strict_e1_improvement,0,,,,,1,0,1,1,1,1,1,4,0,0,-1,current,0,0,0.014916838457187017,0.014916838457187017,11,0,0,0,0,0,0,0,0.0,1.0,0.5,0.75,0.75,0,0.0,1.0,0.5,0.75,0.75,0,0.0,1.0,0.5,0.75,0.75,0,0.0,1.0,0.5,0.75,0.75
213,max_rounds,0,,,,,1,1,3,2,2,6,6,4,0,0,1,profiled_beam,1,1,0.15228805489217243,0.08128828547584514,6,3,3,3,3,0,0,0,0.3333333333333333,0.0,0.8333333333333334,0.4166666666666667,0.4166666666666667,0,0.3333333333333333,0.0,0.8333333333333334,0.4166666666666667,0.4166666666666667,0,0.3333333333333333,0.0,0.8333333333333334,0.4166666666666667,0.4166666666666667,0,0.3333333333333333,0.0,1.0,0.5,0.75
214,no_strict_e1_improvement,0,,,,,1,0,1,1,1,1,1,4,0,0,-1,current,0,0,0.02200765333448847,0.02200765333448847,11,0,0,0,0,0,0,0,0.0,0.5,1.0,0.75,0.75,0,0.0,0.5,1.0,0.75,0.75,0,0.0,0.5,1.0,0.75,0.75,0,0.0,0.5,1.0,0.75,0.75
215,no_strict_e1_improvement,0,,,,,1,0,1,1,1,2,2,4,0,0,-1,current,0,0,0.1263319780312789,0.1263319780312789,9,3,3,3,3,0,0,0,0.3333333333333333,0.5,0.6666666666666666,0.5833333333333334,0.5833333333333334,0,0.3333333333333333,0.5,0.6666666666666666,0.5833333333333334,0.5833333333333334,0,0.3333333333333333,0.5,0.6666666666666666,0.5833333333333334,0.5833333333333334,0,0.3333333333333333,0.5,0.6666666666666666,0.5833333333333334,0.5833333333333334
216,max_rounds,0,,,,,1,1,3,2,2,6,6,4,0,0,0,s1a3_greedy,1,0,0.10912440158426762,0.0639126126964887,8,0,0,0,0,0,0,0,0.0,0.5,1.0,0.75,0.75,0,0.0,0.5,1.0,0.75,0.75,0,0.0,0.5,0.8333333333333334,0.6666666666666666,0.6666666666666666,0,0.0,0.5,0.8333333333333334,0.6666666666666666,0.6666666666666666
217,no_strict_e1_improvement,0,,,,,1,0,1,1,1,1,1,4,0,0,-1,current,0,0,0.0029731650526324906,0.0029731650526324906,12,9,9,9,9,0,0,1,1.0,1.0,1.0,1.0,1.0,1,1.0,1.0,1.0,1.0,1.0,1,1.0,1.0,1.0,1.0,1.0,1,1.0,1.0,1.0,1.0,1.0
218,no_strict_e1_improvement,0,,,,,1,0,1,1,1,1,1,4,0,0,-1,current,0,0,0.0005313848766187826,0.0005313848766187826,12,0,0,0,0,0,0,0,0.0,0.5,1.0,0.75,0.75,0,0.0,0.5,1.0,0.75,0.75,0,0.0,0.5,1.0,0.75,0.75,0,0.0,0.5,1.0,0.75,0.75
219,no_strict_e1_improvement,0,,,,,1,0,1,1,1,1,1,4,0,0,-1,current,0,0,0.044790432477990784,0.044790432477990784,9,0,0,0,0,0,0,0,0.0,0.6666666666666666,0.5,0.5833333333333334,0.6666666666666666,0,0.0,0.6666666666666666,0.5,0.5833333333333334,0.6666666666666666,0,0.0,0.6666666666666666,0.5,0.5833333333333334,0.6666666666666666,0,0.0,0.6666666666666666,0.5,0.5833333333333334,0.6666666666666666
220,no_strict_e1_improvement,0,,,,,1,0,1,1,1,1,1,4,0,0,-1,current,0,0,0.009781841654330492,0.009781841654330492,11,9,9,9,9,0,0,1,1.0,1.0,1.0,1.0,1.0,1,1.0,1.0,1.0,1.0,1.0,1,1.0,1.0,1.0,1.0,1.0,1,1.0,1.0,1.0,1.0,1.0
221,no_strict_e1_improvement,0,,,,,1,0,1,1,1,1,1,4,0,0,-1,current,0,0,0.008125830596933762,0.008125830596933762,12,9,9,9,9,0,0,1,1.0,1.0,1.0,1.0,1.0,1,1.0,1.0,1.0,1.0,1.0,1,1.0,1.0,1.0,1.0,1.0,1,1.0,1.0,1.0,1.0,1.0
222,no_strict_e1_improvement,0,,,,,1,0,1,1,1,1,1,4,0,0,-1,current,0,0,0.060888429482777916,0.060888429482777916,11,0,0,0,0,0,0,0,0.0,0.5,1.0,0.75,0.75,0,0.0,0.5,1.0,0.75,0.75,0,0.0,0.5,1.0,0.75,0.75,0,0.0,0.5,1.0,0.75,0.75
223,no_strict_e1_improvement,0,,,,,1,0,1,1,1,1,1,4,0,0,-1,current,0,0,0.012485671478013197,0.012485671478013197,11,9,9,9,9,0,0,1,1.0,1.0,1.0,1.0,1.0,1,1.0,1.0,1.0,1.0,1.0,1,1.0,1.0,1.0,1.0,1.0,1,1.0,1.0,1.0,1.0,1.0
224,max_rounds,0,,,,,1,1,5,4,4,14,14,4,0,0,0,s1a3_greedy,1,0,0.12401246589918931,0.09548981720581651,6,5,5,5,5,0,0,0,0.5555555555555556,0.3333333333333333,0.3333333333333333,0.3333333333333333,0.6666666666666666,0,0.5555555555555556,0.3333333333333333,0.3333333333333333,0.3333333333333333,0.6666666666666666,0,0.5555555555555556,0.3333333333333333,0.3333333333333333,0.3333333333333333,0.5833333333333334,0,0.5555555555555556,0.3333333333333333,0.3333333333333333,0.3333333333333333,0.5833333333333334
225,max_rounds,0,,,,,1,1,5,4,4,14,14,4,0,1,1,profiled_beam,1,1,0.1649350586036841,0.10586660836512844,6,0,0,0,0,0,0,0,0.0,0.16666666666666666,0.5,0.3333333333333333,0.4166666666666667,0,0.0,0.16666666666666666,0.5,0.3333333333333333,0.4166666666666667,0,0.0,0.0,0.3333333333333333,0.16666666666666666,0.4166666666666667,0,0.0,0.5,0.6666666666666666,0.5833333333333334,0.6666666666666666
226,small_component,0,,,,,1,0,0,0,0,0,0,4,0,0,-1,current,0,0,0.4190474695836504,0.4190474695836504,5,0,0,0,0,0,0,0,0.0,0.3333333333333333,0.0,0.16666666666666666,0.3333333333333333,0,0.0,0.3333333333333333,0.0,0.16666666666666666,0.3333333333333333,0,0.0,0.3333333333333333,0.0,0.16666666666666666,0.3333333333333333,0,0.0,0.3333333333333333,0.0,0.16666666666666666,0.3333333333333333
227,no_strict_e1_improvement,0,,,,,1,0,1,1,1,1,1,4,0,0,-1,current,0,0,0.0581382237530003,0.0581382237530003,7,0,0,0,0,0,0,0,0.0,0.5,0.5,0.5,0.5,0,0.0,0.5,0.5,0.5,0.5,0,0.0,0.5,0.5,0.5,0.5,0,0.0,0.5,0.5,0.5,0.5
228,no_strict_e1_improvement,0,,,,,1,0,1,1,1,1,1,4,0,0,-1,current,0,0,0.01844362976650397,0.01844362976650397,12,0,0,0,0,0,0,0,0.0,0.5,1.0,0.75,0.75,0,0.0,0.5,1.0,0.75,0.75,0,0.0,0.5,1.0,0.75,0.75,0,0.0,0.5,1.0,0.75,0.75
229,no_strict_e1_improvement,0,,,,,1,0,2,2,2,6,6,4,0,0,-1,current,0,0,0.011770003615917327,0.011770003615917327,9,6,6,6,6,0,0,0,0.6666666666666666,0.8333333333333334,0.5,0.6666666666666666,0.6666666666666666,0,0.6666666666666666,0.8333333333333334,0.5,0.6666666666666666,0.6666666666666666,0,0.6666666666666666,0.8333333333333334,0.5,0.6666666666666666,0.6666666666666666,0,0.6666666666666666,0.8333333333333334,0.5,0.6666666666666666,0.6666666666666666
230,max_rounds,0,,,,,1,1,2,2,2,6,6,4,0,-1,0,s1a3_greedy,1,0,0.16254587781925997,0.022121503949165344,11,0,0,9,9,9,0,0,0.0,0.5,0.8333333333333334,0.6666666666666666,0.6666666666666666,0,0.0,0.5,0.8333333333333334,0.6666666666666666,0.6666666666666666,1,1.0,1.0,1.0,1.0,1.0,1,1.0,1.0,1.0,1.0,1.0
231,max_rounds,0,,,,,1,1,5,4,4,16,16,4,0,-1,0,s1a3_greedy,1,0,0.24053089444835982,0.2214526223639647,7,2,2,3,3,1,0,0,0.2222222222222222,0.16666666666666666,0.5,0.3333333333333333,0.3333333333333333,0,0.2222222222222222,0.16666666666666666,0.5,0.3333333333333333,0.3333333333333333,0,0.3333333333333333,0.0,1.0,0.5,0.75,0,0.3333333333333333,0.0,1.0,0.5,0.75
232,no_strict_e1_improvement,0,,,,,1,0,1,1,1,1,1,4,0,0,-1,current,0,0,0.03347848790387312,0.03347848790387312,9,9,9,9,9,0,0,1,1.0,1.0,1.0,1.0,1.0,1,1.0,1.0,1.0,1.0,1.0,1,1.0,1.0,1.0,1.0,1.0,1,1.0,1.0,1.0,1.0,1.0
233,no_strict_e1_improvement,0,,,,,1,0,1,1,1,1,1,4,0,0,-1,current,0,0,0.05846620723605156,0.05846620723605156,9,9,9,9,9,0,0,1,1.0,1.0,1.0,1.0,1.0,1,1.0,1.0,1.0,1.0,1.0,1,1.0,1.0,1.0,1.0,1.0,1,1.0,1.0,1.0,1.0,1.0
234,small_component,0,,,,,1,0,0,0,0,0,0,4,0,0,-1,current,0,0,0.30262140673585236,0.30262140673585236,6,1,1,1,1,0,0,0,0.1111111111111111,0.16666666666666666,0.16666666666666666,0.16666666666666666,0.25,0,0.1111111111111111,0.16666666666666666,0.16666666666666666,0.16666666666666666,0.25,0,0.1111111111111111,0.16666666666666666,0.16666666666666666,0.16666666666666666,0.25,0,0.1111111111111111,0.16666666666666666,0.16666666666666666,0.16666666666666666,0.25
235,no_strict_e1_improvement,0,,,,,1,0,1,1,1,1,1,4,0,0,-1,current,0,0,0.019191503524780273,0.019191503524780273,12,9,9,9,9,0,0,1,1.0,1.0,1.0,1.0,1.0,1,1.0,1.0,1.0,1.0,1.0,1,1.0,1.0,1.0,1.0,1.0,1,1.0,1.0,1.0,1.0,1.0
236,no_strict_e1_improvement,0,,,,,1,0,1,1,1,1,1,4,0,0,-1,current,0,0,0.011964939471605854,0.011964939471605854,12,0,0,0,0,0,0,0,0.0,0.5,1.0,0.75,0.75,0,0.0,0.5,1.0,0.75,0.75,0,0.0,0.5,1.0,0.75,0.75,0,0.0,0.5,1.0,0.75,0.75
237,max_rounds,0,,,,,1,1,2,2,2,6,6,4,0,-1,0,s1a3_greedy,1,0,0.10052785153190295,0.03663312022884687,10,0,0,9,9,9,0,0,0.0,0.5,1.0,0.75,0.75,0,0.0,0.5,1.0,0.75,0.75,1,1.0,1.0,1.0,1.0,1.0,1,1.0,1.0,1.0,1.0,1.0
238,no_strict_e1_improvement,0,,,,,1,0,1,1,1,1,1,4,0,0,-1,current,0,0,0.09114635673662026,0.09114635673662026,8,0,0,0,0,0,0,0,0.0,0.5,1.0,0.75,0.75,0,0.0,0.5,1.0,0.75,0.75,0,0.0,0.5,1.0,0.75,0.75,0,0.0,0.5,1.0,0.75,0.75
239,max_rounds,0,,,,,1,1,5,4,4,15,15,4,-1,1,1,profiled_beam,1,1,0.2473610509186983,0.05712968468045195,8,0,0,7,9,9,2,0,0.0,0.5,0.5,0.5,0.5,0,0.0,0.5,0.5,0.5,0.5,0,0.7777777777777778,0.6666666666666666,0.6666666666666666,0.6666666666666666,0.75,1,1.0,1.0,1.0,1.0,1.0
240,no_strict_e1_improvement,0,,,,,1,0,1,1,1,1,1,4,0,0,-1,current,0,0,0.04465127328876406,0.04465127328876406,8,0,0,0,0,0,0,0,0.0,0.5,0.5,0.5,0.5,0,0.0,0.5,0.5,0.5,0.5,0,0.0,0.5,0.5,0.5,0.5,0,0.0,0.5,0.5,0.5,0.5
241,no_strict_e1_improvement,0,,,,,1,0,1,1,1,1,1,4,0,0,-1,current,0,0,0.0987872729698817,0.0987872729698817,10,0,0,0,0,0,0,0,0.0,0.5,0.5,0.5,0.5,0,0.0,0.5,0.5,0.5,0.5,0,0.0,0.5,0.5,0.5,0.5,0,0.0,0.5,0.5,0.5,0.5
242,max_rounds,0,,,,,1,1,3,2,2,6,6,4,1,0,0,s1a3_greedy,1,0,0.18156266833345094,0.03838600963354111,8,0,0,0,0,0,0,0,0.0,0.6666666666666666,0.16666666666666666,0.4166666666666667,0.5,0,0.0,0.6666666666666666,0.16666666666666666,0.4166666666666667,0.5,0,0.0,1.0,0.5,0.75,0.75,0,0.0,1.0,0.5,0.75,0.75
243,max_rounds,0,,,,,1,1,3,2,2,7,7,4,1,0,0,s1a3_greedy,1,0,0.1822770287593206,0.013953634848197302,12,0,0,9,9,9,0,0,0.0,0.8333333333333334,0.5,0.6666666666666666,0.6666666666666666,0,0.0,0.8333333333333334,0.5,0.6666666666666666,0.6666666666666666,1,1.0,1.0,1.0,1.0,1.0,1,1.0,1.0,1.0,1.0,1.0
244,small_component,0,,,,,1,0,0,0,0,0,0,4,0,0,-1,current,0,0,0.2778297366263966,0.2778297366263966,7,2,2,2,2,0,0,0,0.2222222222222222,0.0,0.3333333333333333,0.16666666666666666,0.25,0,0.2222222222222222,0.0,0.3333333333333333,0.16666666666666666,0.25,0,0.2222222222222222,0.0,0.3333333333333333,0.16666666666666666,0.25,0,0.2222222222222222,0.0,0.3333333333333333,0.16666666666666666,0.25
245,no_strict_e1_improvement,0,,,,,1,0,1,1,1,1,1,4,0,0,-1,current,0,0,0.009447342871377865,0.009447342871377865,10,9,9,9,9,0,0,1,1.0,1.0,1.0,1.0,1.0,1,1.0,1.0,1.0,1.0,1.0,1,1.0,1.0,1.0,1.0,1.0,1,1.0,1.0,1.0,1.0,1.0
246,no_strict_e1_improvement,0,,,,,1,0,1,1,1,1,1,4,0,0,-1,current,0,0,0.04091464231411616,0.04091464231411616,9,0,0,0,0,0,0,0,0.0,0.5,1.0,0.75,0.75,0,0.0,0.5,1.0,0.75,0.75,0,0.0,0.5,1.0,0.75,0.75,0,0.0,0.5,1.0,0.75,0.75
247,no_strict_e1_improvement,0,,,,,1,0,1,1,1,1,1,4,0,0,-1,current,0,0,0.04550002825756868,0.04550002825756868,9,9,9,9,9,0,0,1,1.0,1.0,1.0,1.0,1.0,1,1.0,1.0,1.0,1.0,1.0,1,1.0,1.0,1.0,1.0,1.0,1,1.0,1.0,1.0,1.0,1.0
248,no_strict_e1_improvement,0,,,,,1,0,1,1,1,1,1,4,0,0,-1,current,0,0,0.006070630042813718,0.006070630042813718,9,9,9,9,9,0,0,1,1.0,1.0,1.0,1.0,1.0,1,1.0,1.0,1.0,1.0,1.0,1,1.0,1.0,1.0,1.0,1.0,1,1.0,1.0,1.0,1.0,1.0
249,no_strict_e1_improvement,0,,,,,1,0,1,1,1,1,1,4,0,0,-1,current,0,0,0.07358992875864108,0.07358992875864108,8,1,1,1,1,0,0,0,0.1111111111111111,0.3333333333333333,0.6666666666666666,0.5,0.5833333333333334,0,0.1111111111111111,0.3333333333333333,0.6666666666666666,0.5,0.5833333333333334,0,0.1111111111111111,0.3333333333333333,0.6666666666666666,0.5,0.5833333333333334,0,0.1111111111111111,0.3333333333333333,0.6666666666666666,0.5,0.5833333333333334
250,no_strict_e1_improvement,0,,,,,1,0,4,4,4,14,14,4,0,0,-1,current,0,0,0.08942072559148073,0.08942072559148073,8,0,0,0,0,0,0,0,0.0,0.8333333333333334,0.5,0.6666666666666666,0.6666666666666666,0,0.0,0.8333333333333334,0.5,0.6666666666666666,0.6666666666666666,0,0.0,0.8333333333333334,0.5,0.6666666666666666,0.6666666666666666,0,0.0,0.8333333333333334,0.5,0.6666666666666666,0.6666666666666666
251,no_strict_e1_improvement,0,,,,,1,0,1,1,1,1,1,4,0,0,-1,current,0,0,0.00909537822008133,0.00909537822008133,12,9,9,9,9,0,0,1,1.0,1.0,1.0,1.0,1.0,1,1.0,1.0,1.0,1.0,1.0,1,1.0,1.0,1.0,1.0,1.0,1,1.0,1.0,1.0,1.0,1.0
252,no_strict_e1_improvement,0,,,,,1,0,1,1,1,1,1,4,0,0,-1,current,0,0,0.018362608427802723,0.018362608427802723,10,9,9,9,9,0,0,1,1.0,1.0,1.0,1.0,1.0,1,1.0,1.0,1.0,1.0,1.0,1,1.0,1.0,1.0,1.0,1.0,1,1.0,1.0,1.0,1.0,1.0
253,no_strict_e1_improvement,0,,,,,1,0,1,1,1,1,1,4,0,0,-1,current,0,0,0.06129590608179569,0.06129590608179569,9,9,9,9,9,0,0,1,1.0,1.0,1.0,1.0,1.0,1,1.0,1.0,1.0,1.0,1.0,1,1.0,1.0,1.0,1.0,1.0,1,1.0,1.0,1.0,1.0,1.0
254,max_rounds,0,,,,,1,1,3,2,2,6,6,4,0,-1,0,s1a3_greedy,1,0,0.2803455508934955,0.14703153741235533,6,2,2,2,2,0,0,0,0.2222222222222222,0.0,0.5,0.25,0.5,0,0.2222222222222222,0.0,0.5,0.25,0.5,0,0.2222222222222222,0.16666666666666666,0.6666666666666666,0.4166666666666667,0.5833333333333334,0,0.2222222222222222,0.16666666666666666,0.6666666666666666,0.4166666666666667,0.5833333333333334
255,no_strict_e1_improvement,0,,,,,1,0,1,1,1,1,1,4,0,0,-1,current,0,0,0.09851683303713799,0.09851683303713799,9,0,0,0,0,0,0,0,0.0,0.8333333333333334,0.5,0.6666666666666666,0.6666666666666666,0,0.0,0.8333333333333334,0.5,0.6666666666666666,0.6666666666666666,0,0.0,0.8333333333333334,0.5,0.6666666666666666,0.6666666666666666,0,0.0,0.8333333333333334,0.5,0.6666666666666666,0.6666666666666666
256,no_strict_e1_improvement,0,,,,,1,0,1,1,1,1,1,4,0,0,-1,current,0,0,0.017367066505054634,0.017367066505054634,9,0,0,0,0,0,0,0,0.0,0.5,1.0,0.75,0.75,0,0.0,0.5,1.0,0.75,0.75,0,0.0,0.5,1.0,0.75,0.75,0,0.0,0.5,1.0,0.75,0.75
257,no_strict_e1_improvement,0,,,,,1,0,2,2,2,6,6,4,0,0,-1,current,0,0,0.1641693189740181,0.1641693189740181,7,0,0,0,0,0,0,0,0.0,0.5,0.6666666666666666,0.5833333333333334,0.6666666666666666,0,0.0,0.5,0.6666666666666666,0.5833333333333334,0.6666666666666666,0,0.0,0.5,0.6666666666666666,0.5833333333333334,0.6666666666666666,0,0.0,0.5,0.6666666666666666,0.5833333333333334,0.6666666666666666
258,no_strict_e1_improvement,0,,,,,1,0,1,1,1,1,1,4,0,0,-1,current,0,0,0.041142430466910206,0.041142430466910206,8,9,9,9,9,0,0,1,1.0,1.0,1.0,1.0,1.0,1,1.0,1.0,1.0,1.0,1.0,1,1.0,1.0,1.0,1.0,1.0,1,1.0,1.0,1.0,1.0,1.0
259,max_rounds,0,,,,,1,1,5,4,4,16,16,4,-1,-1,1,profiled_beam,1,1,0.22828796381751695,0.1727459765970707,6,0,0,0,1,1,1,0,0.0,0.5,0.8333333333333334,0.6666666666666666,0.6666666666666666,0,0.0,0.5,0.8333333333333334,0.6666666666666666,0.6666666666666666,0,0.0,0.16666666666666666,0.3333333333333333,0.25,0.4166666666666667,0,0.1111111111111111,0.3333333333333333,0.6666666666666666,0.5,0.5
260,no_strict_e1_improvement,0,,,,,1,0,2,2,2,7,7,4,0,0,-1,current,0,0,0.07191866915673018,0.07191866915673018,10,9,9,9,9,0,0,1,1.0,1.0,1.0,1.0,1.0,1,1.0,1.0,1.0,1.0,1.0,1,1.0,1.0,1.0,1.0,1.0,1,1.0,1.0,1.0,1.0,1.0
261,max_rounds,0,,,,,1,1,3,2,2,7,7,4,0,0,0,s1a3_greedy,1,0,0.2385372519493103,0.18318777321837842,6,4,4,3,3,-1,0,0,0.4444444444444444,0.3333333333333333,0.5,0.4166666666666667,0.5,0,0.4444444444444444,0.3333333333333333,0.5,0.4166666666666667,0.5,0,0.3333333333333333,0.16666666666666666,0.5,0.3333333333333333,0.5833333333333334,0,0.3333333333333333,0.16666666666666666,0.5,0.3333333333333333,0.5833333333333334
262,max_rounds,0,,,,,1,1,3,2,2,7,7,4,-1,0,1,profiled_beam,1,1,0.13194256027539572,0.0638190236253043,6,0,0,1,0,0,-1,0,0.0,0.3333333333333333,0.5,0.4166666666666667,0.5,0,0.0,0.3333333333333333,0.5,0.4166666666666667,0.5,0,0.1111111111111111,0.3333333333333333,0.6666666666666666,0.5,0.5833333333333334,0,0.0,0.5,1.0,0.75,0.75
263,max_rounds,0,,,,,1,1,5,4,4,15,15,4,1,1,1,profiled_beam,1,1,0.3100724670415123,0.18416459361712137,4,0,0,3,2,2,-1,0,0.0,0.0,0.0,0.0,0.25,0,0.0,0.0,0.0,0.0,0.25,0,0.3333333333333333,0.0,0.0,0.0,0.3333333333333333,0,0.2222222222222222,0.16666666666666666,0.16666666666666666,0.16666666666666666,0.3333333333333333
264,no_strict_e1_improvement,0,,,,,1,0,1,1,1,1,1,4,0,0,-1,current,0,0,0.02384440026556452,0.02384440026556452,9,0,0,0,0,0,0,0,0.0,1.0,0.5,0.75,0.75,0,0.0,1.0,0.5,0.75,0.75,0,0.0,1.0,0.5,0.75,0.75,0,0.0,1.0,0.5,0.75,0.75
265,no_strict_e1_improvement,0,,,,,1,0,1,1,1,1,1,4,0,0,-1,current,0,0,0.012313749020298323,0.012313749020298323,10,0,0,0,0,0,0,0,0.0,0.5,1.0,0.75,0.75,0,0.0,0.5,1.0,0.75,0.75,0,0.0,0.5,1.0,0.75,0.75,0,0.0,0.5,1.0,0.75,0.75
266,no_strict_e1_improvement,0,,,,,1,0,1,1,1,1,1,4,0,0,-1,current,0,0,0.002973212239642938,0.002973212239642938,12,9,9,9,9,0,0,1,1.0,1.0,1.0,1.0,1.0,1,1.0,1.0,1.0,1.0,1.0,1,1.0,1.0,1.0,1.0,1.0,1,1.0,1.0,1.0,1.0,1.0
267,no_strict_e1_improvement,0,,,,,1,0,2,2,2,6,6,4,0,0,-1,current,0,0,0.0584692241003116,0.0584692241003116,9,9,9,9,9,0,0,1,1.0,1.0,1.0,1.0,1.0,1,1.0,1.0,1.0,1.0,1.0,1,1.0,1.0,1.0,1.0,1.0,1,1.0,1.0,1.0,1.0,1.0
268,max_rounds,0,,,,,1,1,3,2,2,6,6,4,0,0,1,profiled_beam,1,1,0.11372127663344145,0.06267022248357534,5,0,0,7,0,0,-7,0,0.0,0.16666666666666666,0.5,0.3333333333333333,0.4166666666666667,0,0.0,0.16666666666666666,0.5,0.3333333333333333,0.4166666666666667,0,0.7777777777777778,0.6666666666666666,0.6666666666666666,0.6666666666666666,0.75,0,0.0,0.16666666666666666,0.6666666666666666,0.4166666666666667,0.5
269,small_component,0,,,,,1,0,0,0,0,0,0,4,0,0,-1,current,0,0,0.3778066039085388,0.3778066039085388,6,1,1,1,1,0,0,0,0.1111111111111111,0.3333333333333333,0.16666666666666666,0.25,0.5,0,0.1111111111111111,0.3333333333333333,0.16666666666666666,0.25,0.5,0,0.1111111111111111,0.3333333333333333,0.16666666666666666,0.25,0.5,0,0.1111111111111111,0.3333333333333333,0.16666666666666666,0.25,0.5
270,partial_completed__small_component,1,,3,2,4,1,0,0,0,0,0,0,4,0,0,-1,current,1,0,0.3002380399654309,0.3002380399654309,5,0,1,1,1,1,0,0,0.0,0.0,0.16666666666666666,0.08333333333333333,0.3333333333333333,0,0.1111111111111111,0.0,0.16666666666666666,0.08333333333333333,0.3333333333333333,0,0.1111111111111111,0.0,0.16666666666666666,0.08333333333333333,0.3333333333333333,0,0.1111111111111111,0.0,0.16666666666666666,0.08333333333333333,0.3333333333333333
271,no_strict_e1_improvement,0,,,,,1,0,1,1,1,1,1,4,0,0,-1,current,0,0,0.03486962430179119,0.03486962430179119,10,9,9,9,9,0,0,1,1.0,1.0,1.0,1.0,1.0,1,1.0,1.0,1.0,1.0,1.0,1,1.0,1.0,1.0,1.0,1.0,1,1.0,1.0,1.0,1.0,1.0
272,no_strict_e1_improvement,0,,,,,1,0,1,1,1,1,1,4,0,0,-1,current,0,0,0.03809716117878755,0.03809716117878755,10,0,0,0,0,0,0,0,0.0,1.0,0.5,0.75,0.75,0,0.0,1.0,0.5,0.75,0.75,0,0.0,1.0,0.5,0.75,0.75,0,0.0,1.0,0.5,0.75,0.75
273,max_rounds,0,,,,,1,1,3,2,2,6,6,4,1,0,0,s1a3_greedy,1,0,0.1784686571918428,0.033646412348995604,8,0,0,0,0,0,0,0,0.0,0.8333333333333334,0.0,0.4166666666666667,0.4166666666666667,0,0.0,0.8333333333333334,0.0,0.4166666666666667,0.4166666666666667,0,0.0,1.0,0.5,0.75,0.75,0,0.0,1.0,0.5,0.75,0.75
274,partial_completed__no_strict_e1_improvement,1,,3,2,3,1,0,1,1,1,1,1,4,0,0,-1,current,1,0,0.04866776227330168,0.04866776227330168,8,0,0,0,0,0,0,0,0.0,0.3333333333333333,0.5,0.4166666666666667,0.4166666666666667,0,0.0,0.5,0.6666666666666666,0.5833333333333334,0.5833333333333334,0,0.0,0.5,0.6666666666666666,0.5833333333333334,0.5833333333333334,0,0.0,0.5,0.6666666666666666,0.5833333333333334,0.5833333333333334
275,no_strict_e1_improvement,0,,,,,1,0,1,1,1,1,1,4,0,0,-1,current,0,0,0.02803564118221402,0.02803564118221402,10,0,0,0,0,0,0,0,0.0,0.5,1.0,0.75,0.75,0,0.0,0.5,1.0,0.75,0.75,0,0.0,0.5,1.0,0.75,0.75,0,0.0,0.5,1.0,0.75,0.75
276,partial_completed__no_strict_e1_improvement,1,,3,2,3,1,0,1,1,1,1,1,4,0,0,-1,current,1,0,0.06718899410528441,0.06718899410528441,7,1,7,7,7,6,0,0,0.1111111111111111,0.3333333333333333,0.3333333333333333,0.3333333333333333,0.4166666666666667,0,0.7777777777777778,0.6666666666666666,0.6666666666666666,0.6666666666666666,0.75,0,0.7777777777777778,0.6666666666666666,0.6666666666666666,0.6666666666666666,0.75,0,0.7777777777777778,0.6666666666666666,0.6666666666666666,0.6666666666666666,0.75
277,no_strict_e1_improvement,0,,,,,1,0,1,1,1,1,1,4,0,0,-1,current,0,0,0.042034855422874294,0.042034855422874294,8,0,0,0,0,0,0,0,0.0,0.5,1.0,0.75,0.75,0,0.0,0.5,1.0,0.75,0.75,0,0.0,0.5,1.0,0.75,0.75,0,0.0,0.5,1.0,0.75,0.75
278,no_strict_e1_improvement,0,,,,,1,0,1,1,1,1,1,4,0,0,-1,current,0,0,0.026268985743323963,0.026268985743323963,10,0,0,0,0,0,0,0,0.0,0.5,1.0,0.75,0.75,0,0.0,0.5,1.0,0.75,0.75,0,0.0,0.5,1.0,0.75,0.75,0,0.0,0.5,1.0,0.75,0.75
279,no_strict_e1_improvement,0,,,,,1,0,1,1,1,1,1,4,0,0,-1,current,0,0,0.0,0.0,12,0,0,0,0,0,0,0,0.0,1.0,0.5,0.75,0.75,0,0.0,1.0,0.5,0.75,0.75,0,0.0,1.0,0.5,0.75,0.75,0,0.0,1.0,0.5,0.75,0.75
280,no_strict_e1_improvement,0,,,,,1,0,1,1,1,1,1,4,0,0,-1,current,0,0,0.17296889564022422,0.17296889564022422,7,0,0,0,0,0,0,0,0.0,0.5,0.8333333333333334,0.6666666666666666,0.6666666666666666,0,0.0,0.5,0.8333333333333334,0.6666666666666666,0.6666666666666666,0,0.0,0.5,0.8333333333333334,0.6666666666666666,0.6666666666666666,0,0.0,0.5,0.8333333333333334,0.6666666666666666,0.6666666666666666
281,max_rounds,0,,,,,1,1,3,2,2,6,6,4,1,0,0,s1a3_greedy,1,0,0.19776408405353627,0.12742683167258897,5,5,5,2,2,-3,0,0,0.5555555555555556,0.6666666666666666,0.3333333333333333,0.5,0.6666666666666666,0,0.5555555555555556,0.6666666666666666,0.3333333333333333,0.5,0.6666666666666666,0,0.2222222222222222,0.5,0.16666666666666666,0.3333333333333333,0.5,0,0.2222222222222222,0.5,0.16666666666666666,0.3333333333333333,0.5
282,no_strict_e1_improvement,0,,,,,1,0,1,1,1,1,1,4,0,0,-1,current,0,0,0.030456226435489953,0.030456226435489953,8,0,0,0,0,0,0,0,0.0,0.5,1.0,0.75,0.75,0,0.0,0.5,1.0,0.75,0.75,0,0.0,0.5,1.0,0.75,0.75,0,0.0,0.5,1.0,0.75,0.75
283,max_rounds,0,,,,,1,1,3,2,2,6,6,4,1,0,0,s1a3_greedy,1,0,0.15386086205641428,0.02814665939270829,7,7,7,0,0,-7,0,0,0.7777777777777778,0.6666666666666666,0.6666666666666666,0.6666666666666666,0.75,0,0.7777777777777778,0.6666666666666666,0.6666666666666666,0.6666666666666666,0.75,0,0.0,1.0,0.5,0.75,0.75,0,0.0,1.0,0.5,0.75,0.75
284,max_rounds,0,,,,,1,1,3,2,2,7,7,4,0,0,0,s1a3_greedy,1,0,0.15502233120302358,0.04201292231058081,7,7,7,9,9,2,0,0,0.7777777777777778,0.6666666666666666,0.6666666666666666,0.6666666666666666,0.75,0,0.7777777777777778,0.6666666666666666,0.6666666666666666,0.6666666666666666,0.75,1,1.0,1.0,1.0,1.0,1.0,1,1.0,1.0,1.0,1.0,1.0
285,no_strict_e1_improvement,0,,,,,1,0,2,2,2,6,6,4,0,0,-1,current,0,0,0.036183396354317665,0.036183396354317665,9,0,0,0,0,0,0,0,0.0,1.0,0.5,0.75,0.75,0,0.0,1.0,0.5,0.75,0.75,0,0.0,1.0,0.5,0.75,0.75,0,0.0,1.0,0.5,0.75,0.75
286,max_rounds,0,,,,,1,1,2,1,1,2,2,4,0,0,0,s1a3_greedy,1,0,0.18323887760440508,0.07032377179712057,8,5,5,6,6,1,0,0,0.5555555555555556,0.3333333333333333,0.6666666666666666,0.5,0.5833333333333334,0,0.5555555555555556,0.3333333333333333,0.6666666666666666,0.5,0.5833333333333334,0,0.6666666666666666,0.5,0.8333333333333334,0.6666666666666666,0.6666666666666666,0,0.6666666666666666,0.5,0.8333333333333334,0.6666666666666666,0.6666666666666666
287,partial_completed__no_strict_e1_improvement,1,,3,2,4,1,0,1,1,1,1,1,4,0,0,-1,current,1,0,0.02353507901231448,0.02353507901231448,10,0,9,9,9,9,0,0,0.0,0.6666666666666666,0.5,0.5833333333333334,0.5833333333333334,1,1.0,1.0,1.0,1.0,1.0,1,1.0,1.0,1.0,1.0,1.0,1,1.0,1.0,1.0,1.0,1.0
288,no_strict_e1_improvement,0,,,,,1,0,1,1,1,1,1,4,0,0,-1,current,0,0,0.0052114905168612795,0.0052114905168612795,12,9,9,9,9,0,0,1,1.0,1.0,1.0,1.0,1.0,1,1.0,1.0,1.0,1.0,1.0,1,1.0,1.0,1.0,1.0,1.0,1,1.0,1.0,1.0,1.0,1.0
289,no_strict_e1_improvement,0,,,,,1,0,1,1,1,1,1,4,0,0,-1,current,0,0,0.10398714616894722,0.10398714616894722,8,0,0,0,0,0,0,0,0.0,0.8333333333333334,0.5,0.6666666666666666,0.6666666666666666,0,0.0,0.8333333333333334,0.5,0.6666666666666666,0.6666666666666666,0,0.0,0.8333333333333334,0.5,0.6666666666666666,0.6666666666666666,0,0.0,0.8333333333333334,0.5,0.6666666666666666,0.6666666666666666
290,max_rounds,0,,,,,1,1,5,4,4,13,13,4,1,-1,1,profiled_beam,1,1,0.24298185668885708,0.11437115911394358,6,1,1,1,0,-1,-1,0,0.1111111111111111,0.16666666666666666,0.3333333333333333,0.25,0.4166666666666667,0,0.1111111111111111,0.16666666666666666,0.3333333333333333,0.25,0.4166666666666667,0,0.1111111111111111,0.16666666666666666,0.3333333333333333,0.25,0.4166666666666667,0,0.0,0.16666666666666666,0.16666666666666666,0.16666666666666666,0.4166666666666667
291,no_strict_e1_improvement,0,,,,,1,0,2,2,2,7,7,4,0,0,-1,current,0,0,0.11409725124637286,0.11409725124637286,8,9,9,9,9,0,0,1,1.0,1.0,1.0,1.0,1.0,1,1.0,1.0,1.0,1.0,1.0,1,1.0,1.0,1.0,1.0,1.0,1,1.0,1.0,1.0,1.0,1.0
292,partial_completed__no_strict_e1_improvement,1,,3,2,2,1,0,1,1,1,1,1,4,0,0,-1,current,1,0,0.056255805325539164,0.056255805325539164,8,0,0,0,0,0,0,0,0.0,0.3333333333333333,0.3333333333333333,0.3333333333333333,0.3333333333333333,0,0.0,0.5,0.5,0.5,0.5,0,0.0,0.5,0.5,0.5,0.5,0,0.0,0.5,0.5,0.5,0.5
293,no_strict_e1_improvement,0,,,,,1,0,1,1,1,1,1,4,0,0,-1,current,0,0,0.08501091847817104,0.08501091847817104,10,9,9,9,9,0,0,1,1.0,1.0,1.0,1.0,1.0,1,1.0,1.0,1.0,1.0,1.0,1,1.0,1.0,1.0,1.0,1.0,1,1.0,1.0,1.0,1.0,1.0
294,max_rounds,0,,,,,1,1,3,2,2,6,6,4,0,0,1,profiled_beam,1,1,0.1683572285498182,0.012321437786643704,9,1,1,0,0,-1,0,0,0.1111111111111111,0.3333333333333333,0.6666666666666666,0.5,0.6666666666666666,0,0.1111111111111111,0.3333333333333333,0.6666666666666666,0.5,0.6666666666666666,0,0.0,0.5,0.5,0.5,0.5,0,0.0,0.5,1.0,0.75,0.75
295,no_strict_e1_improvement,0,,,,,1,0,1,1,1,1,1,4,0,0,-1,current,0,0,0.045118676808973156,0.045118676808973156,9,0,0,0,0,0,0,0,0.0,0.5,1.0,0.75,0.75,0,0.0,0.5,1.0,0.75,0.75,0,0.0,0.5,1.0,0.75,0.75,0,0.0,0.5,1.0,0.75,0.75
296,max_rounds,0,,,,,1,1,5,4,4,10,10,4,-1,0,1,profiled_beam,1,1,0.31861263948182267,0.0643686611050119,6,0,0,0,0,0,0,0,0.0,0.16666666666666666,0.3333333333333333,0.25,0.3333333333333333,0,0.0,0.16666666666666666,0.3333333333333333,0.25,0.3333333333333333,0,0.0,0.3333333333333333,0.16666666666666666,0.25,0.5833333333333334,0,0.0,0.16666666666666666,0.16666666666666666,0.16666666666666666,0.3333333333333333
297,no_strict_e1_improvement,0,,,,,1,0,1,1,1,1,1,4,0,0,-1,current,0,0,0.022630502780278523,0.022630502780278523,10,9,9,9,9,0,0,1,1.0,1.0,1.0,1.0,1.0,1,1.0,1.0,1.0,1.0,1.0,1,1.0,1.0,1.0,1.0,1.0,1,1.0,1.0,1.0,1.0,1.0
298,max_rounds,0,,,,,1,1,3,2,2,6,6,4,0,0,0,s1a3_greedy,1,0,0.1653870267715926,0.02531834920713057,9,0,0,0,0,0,0,0,0.0,0.16666666666666666,0.6666666666666666,0.4166666666666667,0.5,0,0.0,0.16666666666666666,0.6666666666666666,0.4166666666666667,0.5,0,0.0,0.5,1.0,0.75,0.75,0,0.0,0.5,1.0,0.75,0.75
299,no_strict_e1_improvement,0,,,,,1,0,1,1,1,1,1,4,0,0,-1,current,0,0,0.013640440379579863,0.013640440379579863,10,0,0,0,0,0,0,0,0.0,0.5,1.0,0.75,0.75,0,0.0,0.5,1.0,0.75,0.75,0,0.0,0.5,1.0,0.75,0.75,0,0.0,0.5,1.0,0.75,0.75
300,small_component,0,,,,,1,0,0,0,0,0,0,4,0,0,-1,current,0,0,0.180527174534897,0.180527174534897,8,7,7,7,7,0,0,0,0.7777777777777778,0.3333333333333333,0.6666666666666666,0.5,0.5833333333333334,0,0.7777777777777778,0.3333333333333333,0.6666666666666666,0.5,0.5833333333333334,0,0.7777777777777778,0.3333333333333333,0.6666666666666666,0.5,0.5833333333333334,0,0.7777777777777778,0.3333333333333333,0.6666666666666666,0.5,0.5833333333333334
301,no_strict_e1_improvement,0,,,,,1,0,1,1,1,1,1,4,0,0,-1,current,0,0,0.051567309555442385,0.051567309555442385,9,6,6,6,6,0,0,0,0.6666666666666666,0.5,0.8333333333333334,0.6666666666666666,0.6666666666666666,0,0.6666666666666666,0.5,0.8333333333333334,0.6666666666666666,0.6666666666666666,0,0.6666666666666666,0.5,0.8333333333333334,0.6666666666666666,0.6666666666666666,0,0.6666666666666666,0.5,0.8333333333333334,0.6666666666666666,0.6666666666666666
302,partial_completed__max_rounds,1,,3,2,4,1,1,5,4,4,16,16,4,1,-1,1,profiled_beam,1,1,0.22898378754810741,0.1714755380914236,5,1,1,3,0,-1,-3,0,0.1111111111111111,0.0,0.3333333333333333,0.16666666666666666,0.3333333333333333,0,0.1111111111111111,0.0,0.6666666666666666,0.3333333333333333,0.6666666666666666,0,0.3333333333333333,0.16666666666666666,0.3333333333333333,0.25,0.25,0,0.0,0.16666666666666666,0.3333333333333333,0.25,0.3333333333333333
303,no_strict_e1_improvement,0,,,,,1,0,1,1,1,1,1,4,0,0,-1,current,0,0,0.14214949189530066,0.14214949189530066,8,0,0,0,0,0,0,0,0.0,0.6666666666666666,0.5,0.5833333333333334,0.6666666666666666,0,0.0,0.6666666666666666,0.5,0.5833333333333334,0.6666666666666666,0,0.0,0.6666666666666666,0.5,0.5833333333333334,0.6666666666666666,0,0.0,0.6666666666666666,0.5,0.5833333333333334,0.6666666666666666
304,no_strict_e1_improvement,0,,,,,1,0,1,1,1,1,1,4,0,0,-1,current,0,0,0.03058577887713909,0.03058577887713909,10,0,0,0,0,0,0,0,0.0,1.0,0.5,0.75,0.75,0,0.0,1.0,0.5,0.75,0.75,0,0.0,1.0,0.5,0.75,0.75,0,0.0,1.0,0.5,0.75,0.75
305,no_strict_e1_improvement,0,,,,,1,0,1,1,1,1,1,4,0,0,-1,current,0,0,0.013942956536387404,0.013942956536387404,11,9,9,9,9,0,0,1,1.0,1.0,1.0,1.0,1.0,1,1.0,1.0,1.0,1.0,1.0,1,1.0,1.0,1.0,1.0,1.0,1,1.0,1.0,1.0,1.0,1.0
306,no_strict_e1_improvement,0,,,,,1,0,1,1,1,1,1,4,0,0,-1,current,0,0,0.042443456749121346,0.042443456749121346,10,9,9,9,9,0,0,1,1.0,1.0,1.0,1.0,1.0,1,1.0,1.0,1.0,1.0,1.0,1,1.0,1.0,1.0,1.0,1.0,1,1.0,1.0,1.0,1.0,1.0
307,small_component,0,,,,,1,0,0,0,0,0,0,4,0,0,-1,current,0,0,0.2218432861069838,0.2218432861069838,5,5,5,5,5,0,0,0,0.5555555555555556,0.3333333333333333,0.3333333333333333,0.3333333333333333,0.5833333333333334,0,0.5555555555555556,0.3333333333333333,0.3333333333333333,0.3333333333333333,0.5833333333333334,0,0.5555555555555556,0.3333333333333333,0.3333333333333333,0.3333333333333333,0.5833333333333334,0,0.5555555555555556,0.3333333333333333,0.3333333333333333,0.3333333333333333,0.5833333333333334
308,partial_completed__small_component,1,,3,2,4,1,0,0,0,0,0,0,4,0,0,-1,current,1,0,0.17164739749083915,0.17164739749083915,6,0,6,6,6,6,0,0,0.0,0.5,0.6666666666666666,0.5833333333333334,0.5833333333333334,0,0.6666666666666666,0.5,0.8333333333333334,0.6666666666666666,0.6666666666666666,0,0.6666666666666666,0.5,0.8333333333333334,0.6666666666666666,0.6666666666666666,0,0.6666666666666666,0.5,0.8333333333333334,0.6666666666666666,0.6666666666666666
309,small_component,0,,,,,1,0,0,0,0,0,0,4,0,0,-1,current,0,0,0.17894139451285204,0.17894139451285204,7,7,7,7,7,0,0,0,0.7777777777777778,0.6666666666666666,0.6666666666666666,0.6666666666666666,0.75,0,0.7777777777777778,0.6666666666666666,0.6666666666666666,0.6666666666666666,0.75,0,0.7777777777777778,0.6666666666666666,0.6666666666666666,0.6666666666666666,0.75,0,0.7777777777777778,0.6666666666666666,0.6666666666666666,0.6666666666666666,0.75
310,small_component,0,,,,,1,0,0,0,0,0,0,4,0,0,-1,current,0,0,0.3124239246050517,0.3124239246050517,7,1,1,1,1,0,0,0,0.1111111111111111,0.3333333333333333,0.3333333333333333,0.3333333333333333,0.3333333333333333,0,0.1111111111111111,0.3333333333333333,0.3333333333333333,0.3333333333333333,0.3333333333333333,0,0.1111111111111111,0.3333333333333333,0.3333333333333333,0.3333333333333333,0.3333333333333333,0,0.1111111111111111,0.3333333333333333,0.3333333333333333,0.3333333333333333,0.3333333333333333
311,max_rounds,0,,,,,1,1,3,2,2,8,8,4,0,-1,1,profiled_beam,1,1,0.25689474617441493,0.19382610389341912,6,1,1,0,0,-1,0,0,0.1111111111111111,0.0,0.0,0.0,0.4166666666666667,0,0.1111111111111111,0.0,0.0,0.0,0.4166666666666667,0,0.0,0.0,0.0,0.0,0.25,0,0.0,0.0,0.0,0.0,0.25
312,no_strict_e1_improvement,0,,,,,1,0,1,1,1,1,1,4,0,0,-1,current,0,0,0.03327893714110056,0.03327893714110056,11,9,9,9,9,0,0,1,1.0,1.0,1.0,1.0,1.0,1,1.0,1.0,1.0,1.0,1.0,1,1.0,1.0,1.0,1.0,1.0,1,1.0,1.0,1.0,1.0,1.0
313,partial_completed__max_rounds,1,,3,2,4,1,1,5,4,4,16,16,4,-1,0,1,profiled_beam,1,1,0.3761319840947787,0.2535598761557291,4,0,1,0,0,0,0,0,0.0,0.0,0.0,0.0,0.08333333333333333,0,0.1111111111111111,0.0,0.0,0.0,0.3333333333333333,0,0.0,0.0,0.6666666666666666,0.3333333333333333,0.3333333333333333,0,0.0,0.0,0.3333333333333333,0.16666666666666666,0.4166666666666667
314,small_component,0,,,,,1,0,0,0,0,0,0,4,0,0,-1,current,0,0,0.17242109713455042,0.17242109713455042,6,0,0,0,0,0,0,0,0.0,0.3333333333333333,0.3333333333333333,0.3333333333333333,0.5833333333333334,0,0.0,0.3333333333333333,0.3333333333333333,0.3333333333333333,0.5833333333333334,0,0.0,0.3333333333333333,0.3333333333333333,0.3333333333333333,0.5833333333333334,0,0.0,0.3333333333333333,0.3333333333333333,0.3333333333333333,0.5833333333333334
315,max_rounds,0,,,,,1,1,3,2,2,7,7,4,0,0,1,profiled_beam,1,1,0.08509504760149866,0.06786335442059983,5,0,0,0,1,1,1,0,0.0,0.5,0.5,0.5,0.5,0,0.0,0.5,0.5,0.5,0.5,0,0.0,0.5,0.5,0.5,0.5,0,0.1111111111111111,0.3333333333333333,0.6666666666666666,0.5,0.6666666666666666
316,no_strict_e1_improvement,0,,,,,1,0,1,1,1,1,1,4,0,0,-1,current,0,0,0.14086367283016443,0.14086367283016443,8,0,0,0,0,0,0,0,0.0,0.5,0.3333333333333333,0.4166666666666667,0.5833333333333334,0,0.0,0.5,0.3333333333333333,0.4166666666666667,0.5833333333333334,0,0.0,0.5,0.3333333333333333,0.4166666666666667,0.5833333333333334,0,0.0,0.5,0.3333333333333333,0.4166666666666667,0.5833333333333334
317,no_strict_e1_improvement,0,,,,,1,0,1,1,1,1,1,4,0,0,-1,current,0,0,0.05951874990326663,0.05951874990326663,8,9,9,9,9,0,0,1,1.0,1.0,1.0,1.0,1.0,1,1.0,1.0,1.0,1.0,1.0,1,1.0,1.0,1.0,1.0,1.0,1,1.0,1.0,1.0,1.0,1.0
318,max_rounds,0,,,,,1,1,2,2,2,6,6,4,-1,0,0,s1a3_greedy,1,0,0.09424705679217975,0.09062983468174934,7,0,0,0,0,0,0,0,0.0,0.5,0.5,0.5,0.5,0,0.0,0.5,0.5,0.5,0.5,0,0.0,0.5,0.5,0.5,0.5,0,0.0,0.5,0.5,0.5,0.5
319,no_strict_e1_improvement,0,,,,,1,0,1,1,1,1,1,4,0,0,-1,current,0,0,0.006990274414420128,0.006990274414420128,12,0,0,0,0,0,0,0,0.0,0.5,1.0,0.75,0.75,0,0.0,0.5,1.0,0.75,0.75,0,0.0,0.5,1.0,0.75,0.75,0,0.0,0.5,1.0,0.75,0.75
320,no_strict_e1_improvement,0,,,,,1,0,1,1,1,1,1,4,0,0,-1,current,0,0,0.007235950479904811,0.007235950479904811,12,9,9,9,9,0,0,1,1.0,1.0,1.0,1.0,1.0,1,1.0,1.0,1.0,1.0,1.0,1,1.0,1.0,1.0,1.0,1.0,1,1.0,1.0,1.0,1.0,1.0
321,no_strict_e1_improvement,0,,,,,1,0,1,1,1,1,1,4,0,0,-1,current,0,0,0.017011241987347603,0.017011241987347603,9,0,0,0,0,0,0,0,0.0,1.0,0.5,0.75,0.75,0,0.0,1.0,0.5,0.75,0.75,0,0.0,1.0,0.5,0.75,0.75,0,0.0,1.0,0.5,0.75,0.75
322,no_strict_e1_improvement,0,,,,,1,0,1,1,1,1,1,4,0,0,-1,current,0,0,0.0,0.0,12,0,0,0,0,0,0,0,0.0,0.5,1.0,0.75,0.75,0,0.0,0.5,1.0,0.75,0.75,0,0.0,0.5,1.0,0.75,0.75,0,0.0,0.5,1.0,0.75,0.75
323,max_rounds,0,,,,,1,1,4,4,4,11,11,4,-1,-1,1,profiled_beam,1,1,0.21780293683211008,0.049619249844302736,8,0,0,9,6,6,-3,0,0.0,0.6666666666666666,0.5,0.5833333333333334,0.5833333333333334,0,0.0,0.6666666666666666,0.5,0.5833333333333334,0.5833333333333334,1,1.0,1.0,1.0,1.0,1.0,0,0.6666666666666666,0.8333333333333334,0.5,0.6666666666666666,0.6666666666666666
324,no_strict_e1_improvement,0,,,,,1,0,1,1,1,1,1,4,0,0,-1,current,0,0,0.0042035893226663274,0.0042035893226663274,11,0,0,0,0,0,0,0,0.0,0.5,1.0,0.75,0.75,0,0.0,0.5,1.0,0.75,0.75,0,0.0,0.5,1.0,0.75,0.75,0,0.0,0.5,1.0,0.75,0.75
325,no_strict_e1_improvement,0,,,,,1,0,1,1,1,1,1,4,0,0,-1,current,0,0,0.03906022198498249,0.03906022198498249,10,9,9,9,9,0,0,1,1.0,1.0,1.0,1.0,1.0,1,1.0,1.0,1.0,1.0,1.0,1,1.0,1.0,1.0,1.0,1.0,1,1.0,1.0,1.0,1.0,1.0
326,no_strict_e1_improvement,0,,,,,1,0,1,1,1,1,1,4,0,0,-1,current,0,0,0.06110320019070059,0.06110320019070059,8,0,0,0,0,0,0,0,0.0,0.16666666666666666,0.3333333333333333,0.25,0.5,0,0.0,0.16666666666666666,0.3333333333333333,0.25,0.5,0,0.0,0.16666666666666666,0.3333333333333333,0.25,0.5,0,0.0,0.16666666666666666,0.3333333333333333,0.25,0.5
327,no_strict_e1_improvement,0,,,,,1,0,1,1,1,1,1,4,0,0,-1,current,0,0,0.07907464906262855,0.07907464906262855,8,6,6,6,6,0,0,0,0.6666666666666666,0.5,0.5,0.5,0.6666666666666666,0,0.6666666666666666,0.5,0.5,0.5,0.6666666666666666,0,0.6666666666666666,0.5,0.5,0.5,0.6666666666666666,0,0.6666666666666666,0.5,0.5,0.5,0.6666666666666666
328,max_rounds,0,,,,,1,1,2,2,2,6,6,4,0,-1,0,s1a3_greedy,1,0,0.1748329272183279,0.15977861685678363,4,0,0,1,1,1,0,0,0.0,0.16666666666666666,0.3333333333333333,0.25,0.3333333333333333,0,0.0,0.16666666666666666,0.3333333333333333,0.25,0.3333333333333333,0,0.1111111111111111,0.3333333333333333,0.3333333333333333,0.3333333333333333,0.5,0,0.1111111111111111,0.3333333333333333,0.3333333333333333,0.3333333333333333,0.5
329,max_rounds,0,,,,,1,1,3,2,2,7,7,4,0,0,1,profiled_beam,1,1,0.08853156907328714,0.06959577009547502,6,6,6,6,6,0,0,0,0.6666666666666666,0.8333333333333334,0.5,0.6666666666666666,0.6666666666666666,0,0.6666666666666666,0.8333333333333334,0.5,0.6666666666666666,0.6666666666666666,0,0.6666666666666666,0.8333333333333334,0.5,0.6666666666666666,0.6666666666666666,0,0.6666666666666666,0.8333333333333334,0.5,0.6666666666666666,0.6666666666666666
330,no_strict_e1_improvement,0,,,,,1,0,1,1,1,1,1,4,0,0,-1,current,0,0,0.017286692435542744,0.017286692435542744,11,9,9,9,9,0,0,1,1.0,1.0,1.0,1.0,1.0,1,1.0,1.0,1.0,1.0,1.0,1,1.0,1.0,1.0,1.0,1.0,1,1.0,1.0,1.0,1.0,1.0
331,no_strict_e1_improvement,0,,,,,1,0,1,1,1,1,1,4,0,0,-1,current,0,0,0.08661096418897311,0.08661096418897311,10,6,6,6,6,0,0,0,0.6666666666666666,0.8333333333333334,0.5,0.6666666666666666,0.6666666666666666,0,0.6666666666666666,0.8333333333333334,0.5,0.6666666666666666,0.6666666666666666,0,0.6666666666666666,0.8333333333333334,0.5,0.6666666666666666,0.6666666666666666,0,0.6666666666666666,0.8333333333333334,0.5,0.6666666666666666,0.6666666666666666
332,no_strict_e1_improvement,0,,,,,1,0,1,1,1,1,1,4,0,0,-1,current,0,0,0.022221583562592667,0.022221583562592667,11,0,0,0,0,0,0,0,0.0,0.5,1.0,0.75,0.75,0,0.0,0.5,1.0,0.75,0.75,0,0.0,0.5,1.0,0.75,0.75,0,0.0,0.5,1.0,0.75,0.75
333,no_strict_e1_improvement,0,,,,,1,0,1,1,1,1,1,4,0,0,-1,current,0,0,0.019133110841115315,0.019133110841115315,11,9,9,9,9,0,0,1,1.0,1.0,1.0,1.0,1.0,1,1.0,1.0,1.0,1.0,1.0,1,1.0,1.0,1.0,1.0,1.0,1,1.0,1.0,1.0,1.0,1.0
334,no_strict_e1_improvement,0,,,,,1,0,1,1,1,1,1,4,0,0,-1,current,0,0,0.07149765624975164,0.07149765624975164,9,0,0,0,0,0,0,0,0.0,0.16666666666666666,0.3333333333333333,0.25,0.3333333333333333,0,0.0,0.16666666666666666,0.3333333333333333,0.25,0.3333333333333333,0,0.0,0.16666666666666666,0.3333333333333333,0.25,0.3333333333333333,0,0.0,0.16666666666666666,0.3333333333333333,0.25,0.3333333333333333
335,no_strict_e1_improvement,0,,,,,1,0,1,1,1,1,1,4,0,0,-1,current,0,0,0.025906779260064166,0.025906779260064166,9,9,9,9,9,0,0,1,1.0,1.0,1.0,1.0,1.0,1,1.0,1.0,1.0,1.0,1.0,1,1.0,1.0,1.0,1.0,1.0,1,1.0,1.0,1.0,1.0,1.0
336,no_strict_e1_improvement,0,,,,,1,0,1,1,1,1,1,4,0,0,-1,current,0,0,0.008873242884874344,0.008873242884874344,10,9,9,9,9,0,0,1,1.0,1.0,1.0,1.0,1.0,1,1.0,1.0,1.0,1.0,1.0,1,1.0,1.0,1.0,1.0,1.0,1,1.0,1.0,1.0,1.0,1.0
337,small_component,0,,,,,1,0,0,0,0,0,0,4,0,0,-1,current,0,0,0.2921511105572184,0.2921511105572184,7,0,0,0,0,0,0,0,0.0,0.3333333333333333,0.16666666666666666,0.25,0.3333333333333333,0,0.0,0.3333333333333333,0.16666666666666666,0.25,0.3333333333333333,0,0.0,0.3333333333333333,0.16666666666666666,0.25,0.3333333333333333,0,0.0,0.3333333333333333,0.16666666666666666,0.25,0.3333333333333333
338,small_component,0,,,,,1,0,0,0,0,0,0,4,0,0,-1,current,0,0,0.3841970026648293,0.3841970026648293,6,0,0,0,0,0,0,0,0.0,0.0,0.5,0.25,0.5,0,0.0,0.0,0.5,0.25,0.5,0,0.0,0.0,0.5,0.25,0.5,0,0.0,0.0,0.5,0.25,0.5
339,no_strict_e1_improvement,0,,,,,1,0,1,1,1,1,1,4,0,0,-1,current,0,0,0.06436867453157902,0.06436867453157902,7,0,0,0,0,0,0,0,0.0,0.5,0.5,0.5,0.5,0,0.0,0.5,0.5,0.5,0.5,0,0.0,0.5,0.5,0.5,0.5,0,0.0,0.5,0.5,0.5,0.5
340,no_strict_e1_improvement,0,,,,,1,0,1,1,1,1,1,4,0,0,-1,current,0,0,0.044842211063951254,0.044842211063951254,10,9,9,9,9,0,0,1,1.0,1.0,1.0,1.0,1.0,1,1.0,1.0,1.0,1.0,1.0,1,1.0,1.0,1.0,1.0,1.0,1,1.0,1.0,1.0,1.0,1.0
341,max_rounds,0,,,,,1,1,3,2,2,7,7,4,0,1,1,profiled_beam,1,1,0.2651516031473875,0.22745919289688268,7,0,0,0,0,0,0,0,0.0,0.0,0.5,0.25,0.5,0,0.0,0.0,0.5,0.25,0.5,0,0.0,0.0,0.5,0.25,0.25,0,0.0,0.0,0.6666666666666666,0.3333333333333333,0.3333333333333333
342,partial_completed__no_strict_e1_improvement,1,,3,2,4,1,0,4,4,4,16,16,4,0,0,-1,current,1,0,0.14586886391043663,0.14586886391043663,7,0,0,0,0,0,0,0,0.0,0.16666666666666666,0.3333333333333333,0.25,0.3333333333333333,0,0.0,0.3333333333333333,0.5,0.4166666666666667,0.5,0,0.0,0.3333333333333333,0.5,0.4166666666666667,0.5,0,0.0,0.3333333333333333,0.5,0.4166666666666667,0.5
343,no_strict_e1_improvement,0,,,,,1,0,2,2,2,7,7,4,0,0,-1,current,0,0,0.045791138448597245,0.045791138448597245,8,9,9,9,9,0,0,1,1.0,1.0,1.0,1.0,1.0,1,1.0,1.0,1.0,1.0,1.0,1,1.0,1.0,1.0,1.0,1.0,1,1.0,1.0,1.0,1.0,1.0
344,no_strict_e1_improvement,0,,,,,1,0,1,1,1,1,1,4,0,0,-1,current,0,0,0.0,0.0,12,9,9,9,9,0,0,1,1.0,1.0,1.0,1.0,1.0,1,1.0,1.0,1.0,1.0,1.0,1,1.0,1.0,1.0,1.0,1.0,1,1.0,1.0,1.0,1.0,1.0
345,no_strict_e1_improvement,0,,,,,1,0,1,1,1,1,1,4,0,0,-1,current,0,0,0.033925856774051986,0.033925856774051986,9,0,0,0,0,0,0,0,0.0,1.0,0.5,0.75,0.75,0,0.0,1.0,0.5,0.75,0.75,0,0.0,1.0,0.5,0.75,0.75,0,0.0,1.0,0.5,0.75,0.75
346,max_rounds,0,,,,,1,1,5,4,4,11,11,4,0,-1,0,s1a3_greedy,1,0,0.19667498495740196,0.1313271022712191,7,2,2,0,0,-2,0,0,0.2222222222222222,0.6666666666666666,0.16666666666666666,0.4166666666666667,0.75,0,0.2222222222222222,0.6666666666666666,0.16666666666666666,0.4166666666666667,0.75,0,0.0,0.16666666666666666,0.5,0.3333333333333333,0.5,0,0.0,0.16666666666666666,0.5,0.3333333333333333,0.5
347,no_strict_e1_improvement,0,,,,,1,0,1,1,1,1,1,4,0,0,-1,current,0,0,0.06995924329385161,0.06995924329385161,10,0,0,0,0,0,0,0,0.0,0.5,1.0,0.75,0.75,0,0.0,0.5,1.0,0.75,0.75,0,0.0,0.5,1.0,0.75,0.75,0,0.0,0.5,1.0,0.75,0.75
348,no_strict_e1_improvement,0,,,,,1,0,1,1,1,1,1,4,0,0,-1,current,0,0,0.02610382406661908,0.02610382406661908,10,9,9,9,9,0,0,1,1.0,1.0,1.0,1.0,1.0,1,1.0,1.0,1.0,1.0,1.0,1,1.0,1.0,1.0,1.0,1.0,1,1.0,1.0,1.0,1.0,1.0
349,no_strict_e1_improvement,0,,,,,1,0,1,1,1,1,1,4,0,0,-1,current,0,0,0.03204148604224125,0.03204148604224125,8,0,0,0,0,0,0,0,0.0,0.5,1.0,0.75,0.75,0,0.0,0.5,1.0,0.75,0.75,0,0.0,0.5,1.0,0.75,0.75,0,0.0,0.5,1.0,0.75,0.75
350,max_rounds,0,,,,,1,1,2,2,2,6,6,4,1,0,0,s1a3_greedy,1,0,0.06534992647357285,0.020611589852099616,8,0,0,0,0,0,0,0,0.0,0.6666666666666666,0.5,0.5833333333333334,0.5833333333333334,0,0.0,0.6666666666666666,0.5,0.5833333333333334,0.5833333333333334,0,0.0,0.8333333333333334,0.5,0.6666666666666666,0.6666666666666666,0,0.0,0.8333333333333334,0.5,0.6666666666666666,0.6666666666666666
351,no_strict_e1_improvement,0,,,,,1,0,1,1,1,1,1,4,0,0,-1,current,0,0,0.016633586958050728,0.016633586958050728,9,9,9,9,9,0,0,1,1.0,1.0,1.0,1.0,1.0,1,1.0,1.0,1.0,1.0,1.0,1,1.0,1.0,1.0,1.0,1.0,1,1.0,1.0,1.0,1.0,1.0
352,max_rounds,0,,,,,1,1,5,4,4,9,9,4,1,0,1,profiled_beam,1,1,0.2812773691645513,0.087293420607845,7,1,1,0,3,2,3,0,0.1111111111111111,0.5,0.16666666666666666,0.3333333333333333,0.6666666666666666,0,0.1111111111111111,0.5,0.16666666666666666,0.3333333333333333,0.6666666666666666,0,0.0,0.5,0.3333333333333333,0.4166666666666667,0.75,0,0.3333333333333333,1.0,0.0,0.5,1.0
353,no_strict_e1_improvement,0,,,,,1,0,1,1,1,1,1,4,0,0,-1,current,0,0,0.02692001111184557,0.02692001111184557,10,9,9,9,9,0,0,1,1.0,1.0,1.0,1.0,1.0,1,1.0,1.0,1.0,1.0,1.0,1,1.0,1.0,1.0,1.0,1.0,1,1.0,1.0,1.0,1.0,1.0
354,no_strict_e1_improvement,0,,,,,1,0,1,1,1,1,1,4,0,0,-1,current,0,0,0.06913134572096169,0.06913134572096169,9,0,0,0,0,0,0,0,0.0,1.0,0.5,0.75,0.75,0,0.0,1.0,0.5,0.75,0.75,0,0.0,1.0,0.5,0.75,0.75,0,0.0,1.0,0.5,0.75,0.75
355,max_rounds,0,,,,,1,1,3,2,2,7,7,4,0,0,1,profiled_beam,1,1,0.08599988619486491,0.06918714754283428,7,1,1,0,3,2,3,0,0.1111111111111111,0.6666666666666666,0.3333333333333333,0.5,0.6666666666666666,0,0.1111111111111111,0.6666666666666666,0.3333333333333333,0.5,0.6666666666666666,0,0.0,0.5,0.6666666666666666,0.5833333333333334,0.5833333333333334,0,0.3333333333333333,0.5,0.6666666666666666,0.5833333333333334,0.5833333333333334
356,max_rounds,0,,,,,1,1,5,4,4,9,9,4,0,-1,0,s1a3_greedy,1,0,0.332534520731618,0.030395192404588062,9,1,1,0,0,-1,0,0,0.1111111111111111,0.3333333333333333,0.3333333333333333,0.3333333333333333,0.3333333333333333,0,0.1111111111111111,0.3333333333333333,0.3333333333333333,0.3333333333333333,0.3333333333333333,0,0.0,0.5,0.6666666666666666,0.5833333333333334,0.5833333333333334,0,0.0,0.5,0.6666666666666666,0.5833333333333334,0.5833333333333334
357,no_strict_e1_improvement,0,,,,,1,0,1,1,1,1,1,4,0,0,-1,current,0,0,0.03546786432464918,0.03546786432464918,10,9,9,9,9,0,0,1,1.0,1.0,1.0,1.0,1.0,1,1.0,1.0,1.0,1.0,1.0,1,1.0,1.0,1.0,1.0,1.0,1,1.0,1.0,1.0,1.0,1.0
358,no_strict_e1_improvement,0,,,,,1,0,1,1,1,1,1,4,0,0,-1,current,0,0,0.021275806551178295,0.021275806551178295,9,9,9,9,9,0,0,1,1.0,1.0,1.0,1.0,1.0,1,1.0,1.0,1.0,1.0,1.0,1,1.0,1.0,1.0,1.0,1.0,1,1.0,1.0,1.0,1.0,1.0
359,max_rounds,0,,,,,1,1,5,4,4,13,13,4,1,0,0,s1a3_greedy,1,0,0.11649598949588835,0.020547105620304745,7,0,0,0,0,0,0,0,0.0,0.5,0.0,0.25,0.25,0,0.0,0.5,0.0,0.25,0.25,0,0.0,0.16666666666666666,0.16666666666666666,0.16666666666666666,0.3333333333333333,0,0.0,0.16666666666666666,0.16666666666666666,0.16666666666666666,0.3333333333333333
360,no_strict_e1_improvement,0,,,,,1,0,1,1,1,1,1,4,0,0,-1,current,0,0,0.017899153754115105,0.017899153754115105,10,9,9,9,9,0,0,1,1.0,1.0,1.0,1.0,1.0,1,1.0,1.0,1.0,1.0,1.0,1,1.0,1.0,1.0,1.0,1.0,1,1.0,1.0,1.0,1.0,1.0
361,no_strict_e1_improvement,0,,,,,1,0,1,1,1,1,1,4,0,0,-1,current,0,0,0.00023211730876937509,0.00023211730876937509,12,9,9,9,9,0,0,1,1.0,1.0,1.0,1.0,1.0,1,1.0,1.0,1.0,1.0,1.0,1,1.0,1.0,1.0,1.0,1.0,1,1.0,1.0,1.0,1.0,1.0
362,no_strict_e1_improvement,0,,,,,1,0,1,1,1,1,1,4,0,0,-1,current,0,0,0.03249585871041442,0.03249585871041442,10,0,0,0,0,0,0,0,0.0,0.8333333333333334,0.5,0.6666666666666666,0.6666666666666666,0,0.0,0.8333333333333334,0.5,0.6666666666666666,0.6666666666666666,0,0.0,0.8333333333333334,0.5,0.6666666666666666,0.6666666666666666,0,0.0,0.8333333333333334,0.5,0.6666666666666666,0.6666666666666666
363,max_rounds,0,,,,,1,1,5,4,4,14,14,4,0,1,1,profiled_beam,1,1,0.2392614312314739,0.08967024367302656,6,7,7,0,1,-6,1,0,0.7777777777777778,0.6666666666666666,0.6666666666666666,0.6666666666666666,0.6666666666666666,0,0.7777777777777778,0.6666666666666666,0.6666666666666666,0.6666666666666666,0.6666666666666666,0,0.0,0.6666666666666666,0.5,0.5833333333333334,0.5833333333333334,0,0.1111111111111111,0.3333333333333333,0.6666666666666666,0.5,0.5833333333333334
364,no_strict_e1_improvement,0,,,,,1,0,1,1,1,1,1,4,0,0,-1,current,0,0,0.08959322981536388,0.08959322981536388,10,0,0,0,0,0,0,0,0.0,1.0,0.5,0.75,0.75,0,0.0,1.0,0.5,0.75,0.75,0,0.0,1.0,0.5,0.75,0.75,0,0.0,1.0,0.5,0.75,0.75
365,no_strict_e1_improvement,0,,,,,1,0,1,1,1,1,1,4,0,0,-1,current,0,0,0.03318713993454973,0.03318713993454973,8,0,0,0,0,0,0,0,0.0,0.5,0.8333333333333334,0.6666666666666666,0.6666666666666666,0,0.0,0.5,0.8333333333333334,0.6666666666666666,0.6666666666666666,0,0.0,0.5,0.8333333333333334,0.6666666666666666,0.6666666666666666,0,0.0,0.5,0.8333333333333334,0.6666666666666666,0.6666666666666666
366,no_strict_e1_improvement,0,,,,,1,0,1,1,1,1,1,4,0,0,-1,current,0,0,0.02023292627806465,0.02023292627806465,10,0,0,0,0,0,0,0,0.0,0.5,1.0,0.75,0.75,0,0.0,0.5,1.0,0.75,0.75,0,0.0,0.5,1.0,0.75,0.75,0,0.0,0.5,1.0,0.75,0.75
367,no_strict_e1_improvement,0,,,,,1,0,1,1,1,1,1,4,0,0,-1,current,0,0,0.006246704608201981,0.006246704608201981,10,9,9,9,9,0,0,1,1.0,1.0,1.0,1.0,1.0,1,1.0,1.0,1.0,1.0,1.0,1,1.0,1.0,1.0,1.0,1.0,1,1.0,1.0,1.0,1.0,1.0
368,max_rounds,0,,,,,1,1,3,2,2,6,6,4,0,-1,0,s1a3_greedy,1,0,0.12346293559918801,0.025198661411801975,8,0,0,9,9,9,0,0,0.0,0.5,0.6666666666666666,0.5833333333333334,0.75,0,0.0,0.5,0.6666666666666666,0.5833333333333334,0.75,1,1.0,1.0,1.0,1.0,1.0,1,1.0,1.0,1.0,1.0,1.0
369,max_rounds,0,,,,,1,1,3,2,2,5,5,4,0,1,0,s1a3_greedy,1,0,0.12494565484424432,0.017661523966429133,9,0,0,9,9,9,0,0,0.0,0.5,0.6666666666666666,0.5833333333333334,0.6666666666666666,0,0.0,0.5,0.6666666666666666,0.5833333333333334,0.6666666666666666,1,1.0,1.0,1.0,1.0,1.0,1,1.0,1.0,1.0,1.0,1.0
370,no_strict_e1_improvement,0,,,,,1,0,1,1,1,1,1,4,0,0,-1,current,0,0,0.022488323505967855,0.022488323505967855,10,9,9,9,9,0,0,1,1.0,1.0,1.0,1.0,1.0,1,1.0,1.0,1.0,1.0,1.0,1,1.0,1.0,1.0,1.0,1.0,1,1.0,1.0,1.0,1.0,1.0
371,no_strict_e1_improvement,0,,,,,1,0,1,1,1,1,1,4,0,0,-1,current,0,0,0.01006803164879481,0.01006803164879481,12,9,9,9,9,0,0,1,1.0,1.0,1.0,1.0,1.0,1,1.0,1.0,1.0,1.0,1.0,1,1.0,1.0,1.0,1.0,1.0,1,1.0,1.0,1.0,1.0,1.0
372,partial_completed__max_rounds,1,,3,2,4,1,1,4,4,4,12,12,4,-1,-1,1,profiled_beam,1,1,0.1794223046551148,0.17755117267370224,8,3,3,3,0,-3,-3,0,0.3333333333333333,0.0,0.6666666666666666,0.3333333333333333,0.3333333333333333,0,0.3333333333333333,0.0,0.8333333333333334,0.4166666666666667,0.4166666666666667,0,0.3333333333333333,0.0,0.8333333333333334,0.4166666666666667,0.4166666666666667,0,0.0,0.0,0.6666666666666666,0.3333333333333333,0.3333333333333333
373,no_strict_e1_improvement,0,,,,,1,0,1,1,1,2,2,4,0,0,-1,current,0,0,0.20085815588633218,0.20085815588633218,6,0,0,0,0,0,0,0,0.0,0.0,0.5,0.25,0.4166666666666667,0,0.0,0.0,0.5,0.25,0.4166666666666667,0,0.0,0.0,0.5,0.25,0.4166666666666667,0,0.0,0.0,0.5,0.25,0.4166666666666667
374,no_strict_e1_improvement,0,,,,,1,0,2,2,2,5,5,4,0,0,-1,current,0,0,0.13823227336009344,0.13823227336009344,6,9,9,9,9,0,0,1,1.0,1.0,1.0,1.0,1.0,1,1.0,1.0,1.0,1.0,1.0,1,1.0,1.0,1.0,1.0,1.0,1,1.0,1.0,1.0,1.0,1.0
375,no_strict_e1_improvement,0,,,,,1,0,1,1,1,2,2,4,0,0,-1,current,0,0,0.21736890574296316,0.21736890574296316,7,1,1,1,1,0,0,0,0.1111111111111111,0.6666666666666666,0.3333333333333333,0.5,0.5,0,0.1111111111111111,0.6666666666666666,0.3333333333333333,0.5,0.5,0,0.1111111111111111,0.6666666666666666,0.3333333333333333,0.5,0.5,0,0.1111111111111111,0.6666666666666666,0.3333333333333333,0.5,0.5
376,no_strict_e1_improvement,0,,,,,1,0,1,1,1,1,1,4,0,0,-1,current,0,0,0.0,0.0,12,9,9,9,9,0,0,1,1.0,1.0,1.0,1.0,1.0,1,1.0,1.0,1.0,1.0,1.0,1,1.0,1.0,1.0,1.0,1.0,1,1.0,1.0,1.0,1.0,1.0
377,no_strict_e1_improvement,0,,,,,1,0,1,1,1,1,1,4,0,0,-1,current,0,0,0.119806460570544,0.119806460570544,9,0,0,0,0,0,0,0,0.0,0.5,0.5,0.5,0.5,0,0.0,0.5,0.5,0.5,0.5,0,0.0,0.5,0.5,0.5,0.5,0,0.0,0.5,0.5,0.5,0.5
378,max_rounds,0,,,,,1,1,4,4,4,12,12,4,1,-1,1,profiled_beam,1,1,0.16396423180898032,0.024715313998361427,9,0,0,0,9,9,9,0,0.0,0.5,0.5,0.5,0.5,0,0.0,0.5,0.5,0.5,0.5,0,0.0,0.8333333333333334,0.5,0.6666666666666666,0.6666666666666666,1,1.0,1.0,1.0,1.0,1.0
379,no_strict_e1_improvement,0,,,,,1,0,1,1,1,1,1,4,0,0,-1,current,0,0,0.05453378767803466,0.05453378767803466,8,9,9,9,9,0,0,1,1.0,1.0,1.0,1.0,1.0,1,1.0,1.0,1.0,1.0,1.0,1,1.0,1.0,1.0,1.0,1.0,1,1.0,1.0,1.0,1.0,1.0
380,max_rounds,0,,,,,1,1,2,2,2,7,7,4,1,0,1,profiled_beam,1,1,0.12975392995091775,0.0504509947107484,5,1,1,0,0,-1,0,0,0.1111111111111111,0.3333333333333333,0.6666666666666666,0.5,0.5833333333333334,0,0.1111111111111111,0.3333333333333333,0.6666666666666666,0.5,0.5833333333333334,0,0.0,0.3333333333333333,0.16666666666666666,0.25,0.3333333333333333,0,0.0,0.5,0.16666666666666666,0.3333333333333333,0.4166666666666667
381,small_component,0,,,,,1,0,0,0,0,0,0,4,0,0,-1,current,0,0,0.3266758043318987,0.3266758043318987,5,0,0,0,0,0,0,0,0.0,0.16666666666666666,0.16666666666666666,0.16666666666666666,0.3333333333333333,0,0.0,0.16666666666666666,0.16666666666666666,0.16666666666666666,0.3333333333333333,0,0.0,0.16666666666666666,0.16666666666666666,0.16666666666666666,0.3333333333333333,0,0.0,0.16666666666666666,0.16666666666666666,0.16666666666666666,0.3333333333333333
382,no_strict_e1_improvement,0,,,,,1,0,1,1,1,1,1,4,0,0,-1,current,0,0,0.035389475213984646,0.035389475213984646,9,3,3,3,3,0,0,0,0.3333333333333333,1.0,0.0,0.5,0.75,0,0.3333333333333333,1.0,0.0,0.5,0.75,0,0.3333333333333333,1.0,0.0,0.5,0.75,0,0.3333333333333333,1.0,0.0,0.5,0.75
383,no_strict_e1_improvement,0,,,,,1,0,1,1,1,1,1,4,0,0,-1,current,0,0,0.12434407665083806,0.12434407665083806,7,0,0,0,0,0,0,0,0.0,0.5,0.8333333333333334,0.6666666666666666,0.6666666666666666,0,0.0,0.5,0.8333333333333334,0.6666666666666666,0.6666666666666666,0,0.0,0.5,0.8333333333333334,0.6666666666666666,0.6666666666666666,0,0.0,0.5,0.8333333333333334,0.6666666666666666,0.6666666666666666
384,partial_completed__no_strict_e1_improvement,1,,3,2,2,1,0,1,1,1,1,1,4,0,0,-1,current,1,0,0.016335364857998986,0.016335364857998986,8,0,0,0,0,0,0,0,0.0,0.3333333333333333,0.3333333333333333,0.3333333333333333,0.3333333333333333,0,0.0,0.6666666666666666,0.5,0.5833333333333334,0.6666666666666666,0,0.0,0.6666666666666666,0.5,0.5833333333333334,0.6666666666666666,0,0.0,0.6666666666666666,0.5,0.5833333333333334,0.6666666666666666
385,max_rounds,0,,,,,1,1,5,4,4,16,16,4,-1,-1,1,profiled_beam,1,1,0.39810203077892464,0.17224628943949938,6,1,1,1,1,0,0,0,0.1111111111111111,0.0,0.0,0.0,0.4166666666666667,0,0.1111111111111111,0.0,0.0,0.0,0.4166666666666667,0,0.1111111111111111,0.0,0.16666666666666666,0.08333333333333333,0.3333333333333333,0,0.1111111111111111,0.0,0.16666666666666666,0.08333333333333333,0.5
386,no_strict_e1_improvement,0,,,,,1,0,2,2,2,5,5,4,0,0,-1,current,0,0,0.061803226048747696,0.061803226048747696,10,9,9,9,9,0,0,1,1.0,1.0,1.0,1.0,1.0,1,1.0,1.0,1.0,1.0,1.0,1,1.0,1.0,1.0,1.0,1.0,1,1.0,1.0,1.0,1.0,1.0
387,partial_completed__small_component,1,,3,2,4,1,0,0,0,0,0,0,4,0,0,-1,current,1,0,0.2590926800233622,0.2590926800233622,5,0,1,1,1,1,0,0,0.0,0.0,0.16666666666666666,0.08333333333333333,0.16666666666666666,0,0.1111111111111111,0.0,0.16666666666666666,0.08333333333333333,0.25,0,0.1111111111111111,0.0,0.16666666666666666,0.08333333333333333,0.25,0,0.1111111111111111,0.0,0.16666666666666666,0.08333333333333333,0.25
388,max_rounds,0,,,,,1,1,2,2,2,6,6,4,1,0,0,s1a3_greedy,1,0,0.05730280082207173,0.006001472473144531,9,0,0,9,9,9,0,0,0.0,1.0,0.5,0.75,0.75,0,0.0,1.0,0.5,0.75,0.75,1,1.0,1.0,1.0,1.0,1.0,1,1.0,1.0,1.0,1.0,1.0
389,no_strict_e1_improvement,0,,,,,1,0,1,1,1,1,1,4,0,0,-1,current,0,0,0.03322161150087292,0.03322161150087292,11,0,0,0,0,0,0,0,0.0,0.5,1.0,0.75,0.75,0,0.0,0.5,1.0,0.75,0.75,0,0.0,0.5,1.0,0.75,0.75,0,0.0,0.5,1.0,0.75,0.75
390,partial_completed__no_strict_e1_improvement,1,,3,2,4,1,0,2,2,2,8,8,4,0,0,-1,current,1,0,0.20061567968999347,0.20061567968999347,4,0,0,0,0,0,0,0,0.0,0.0,0.16666666666666666,0.08333333333333333,0.25,0,0.0,0.0,0.16666666666666666,0.08333333333333333,0.3333333333333333,0,0.0,0.0,0.16666666666666666,0.08333333333333333,0.3333333333333333,0,0.0,0.0,0.16666666666666666,0.08333333333333333,0.3333333333333333
391,partial_completed__no_strict_e1_improvement,1,,3,2,4,1,0,2,2,2,6,6,4,0,0,-1,current,1,0,0.1944272999341289,0.1944272999341289,6,0,0,0,0,0,0,0,0.0,0.16666666666666666,0.3333333333333333,0.25,0.25,0,0.0,0.3333333333333333,0.5,0.4166666666666667,0.5833333333333334,0,0.0,0.3333333333333333,0.5,0.4166666666666667,0.5833333333333334,0,0.0,0.3333333333333333,0.5,0.4166666666666667,0.5833333333333334
392,no_strict_e1_improvement,0,,,,,1,0,1,1,1,1,1,4,0,0,-1,current,0,0,0.01622734808673461,0.01622734808673461,10,9,9,9,9,0,0,1,1.0,1.0,1.0,1.0,1.0,1,1.0,1.0,1.0,1.0,1.0,1,1.0,1.0,1.0,1.0,1.0,1,1.0,1.0,1.0,1.0,1.0
393,no_strict_e1_improvement,0,,,,,1,0,1,1,1,1,1,4,0,0,-1,current,0,0,0.029045475957294304,0.029045475957294304,10,0,0,0,0,0,0,0,0.0,0.5,1.0,0.75,0.75,0,0.0,0.5,1.0,0.75,0.75,0,0.0,0.5,1.0,0.75,0.75,0,0.0,0.5,1.0,0.75,0.75
394,no_strict_e1_improvement,0,,,,,1,0,1,1,1,1,1,4,0,0,-1,current,0,0,0.004808865798016389,0.004808865798016389,11,0,0,0,0,0,0,0,0.0,0.5,1.0,0.75,0.75,0,0.0,0.5,1.0,0.75,0.75,0,0.0,0.5,1.0,0.75,0.75,0,0.0,0.5,1.0,0.75,0.75
395,max_rounds,0,,,,,1,1,3,2,2,8,8,4,0,1,1,profiled_beam,1,1,0.08931043930351734,0.05508043549101179,8,1,1,0,0,-1,0,0,0.1111111111111111,0.6666666666666666,0.3333333333333333,0.5,0.6666666666666666,0,0.1111111111111111,0.6666666666666666,0.3333333333333333,0.5,0.6666666666666666,0,0.0,0.5,0.3333333333333333,0.4166666666666667,0.5,0,0.0,0.5,0.6666666666666666,0.5833333333333334,0.5833333333333334
396,no_strict_e1_improvement,0,,,,,1,0,1,1,1,1,1,4,0,0,-1,current,0,0,0.093191372230649,0.093191372230649,8,0,0,0,0,0,0,0,0.0,0.6666666666666666,0.16666666666666666,0.4166666666666667,0.5,0,0.0,0.6666666666666666,0.16666666666666666,0.4166666666666667,0.5,0,0.0,0.6666666666666666,0.16666666666666666,0.4166666666666667,0.5,0,0.0,0.6666666666666666,0.16666666666666666,0.4166666666666667,0.5
397,max_rounds,0,,,,,1,1,5,4,4,16,16,4,0,0,1,profiled_beam,1,1,0.15327901222432652,0.12585762313877544,5,5,5,5,0,-5,-5,0,0.5555555555555556,0.6666666666666666,0.3333333333333333,0.5,0.6666666666666666,0,0.5555555555555556,0.6666666666666666,0.3333333333333333,0.5,0.6666666666666666,0,0.5555555555555556,0.6666666666666666,0.3333333333333333,0.5,0.6666666666666666,0,0.0,0.6666666666666666,0.16666666666666666,0.4166666666666667,0.6666666666666666
398,max_rounds,0,,,,,1,1,5,4,4,15,15,4,0,1,1,profiled_beam,1,1,0.31660162494517863,0.12869157440339526,6,1,1,0,2,1,2,0,0.1111111111111111,0.16666666666666666,0.16666666666666666,0.16666666666666666,0.25,0,0.1111111111111111,0.16666666666666666,0.16666666666666666,0.16666666666666666,0.25,0,0.0,0.16666666666666666,0.16666666666666666,0.16666666666666666,0.3333333333333333,0,0.2222222222222222,0.16666666666666666,0.6666666666666666,0.4166666666666667,0.5833333333333334
399,no_strict_e1_improvement,0,,,,,1,0,1,1,1,1,1,4,0,0,-1,current,0,0,0.02541660680435598,0.02541660680435598,10,0,0,0,0,0,0,0,0.0,0.16666666666666666,0.3333333333333333,0.25,0.4166666666666667,0,0.0,0.16666666666666666,0.3333333333333333,0.25,0.4166666666666667,0,0.0,0.16666666666666666,0.3333333333333333,0.25,0.4166666666666667,0,0.0,0.16666666666666666,0.3333333333333333,0.25,0.4166666666666667
400,max_rounds,0,,,,,1,1,4,4,4,15,15,4,0,1,0,s1a3_greedy,1,0,0.13996215413014093,0.0484256154547135,9,0,0,9,9,9,0,0,0.0,0.5,1.0,0.75,0.75,0,0.0,0.5,1.0,0.75,0.75,1,1.0,1.0,1.0,1.0,1.0,1,1.0,1.0,1.0,1.0,1.0
401,no_strict_e1_improvement,0,,,,,1,0,1,1,1,1,1,4,0,0,-1,current,0,0,0.03265328767398993,0.03265328767398993,10,7,7,7,7,0,0,0,0.7777777777777778,0.6666666666666666,0.6666666666666666,0.6666666666666666,0.75,0,0.7777777777777778,0.6666666666666666,0.6666666666666666,0.6666666666666666,0.75,0,0.7777777777777778,0.6666666666666666,0.6666666666666666,0.6666666666666666,0.75,0,0.7777777777777778,0.6666666666666666,0.6666666666666666,0.6666666666666666,0.75
402,no_strict_e1_improvement,0,,,,,1,0,1,1,1,1,1,4,0,0,-1,current,0,0,0.01343877799808979,0.01343877799808979,11,0,0,0,0,0,0,0,0.0,0.5,1.0,0.75,0.75,0,0.0,0.5,1.0,0.75,0.75,0,0.0,0.5,1.0,0.75,0.75,0,0.0,0.5,1.0,0.75,0.75
403,no_strict_e1_improvement,0,,,,,1,0,1,1,1,1,1,4,0,0,-1,current,0,0,0.0180232188043495,0.0180232188043495,10,9,9,9,9,0,0,1,1.0,1.0,1.0,1.0,1.0,1,1.0,1.0,1.0,1.0,1.0,1,1.0,1.0,1.0,1.0,1.0,1,1.0,1.0,1.0,1.0,1.0
404,max_rounds,0,,,,,1,1,3,2,2,8,8,4,0,0,0,s1a3_greedy,1,0,0.26840293904145557,0.22214441746473312,8,3,3,3,3,0,0,0,0.3333333333333333,0.0,0.8333333333333334,0.4166666666666667,0.4166666666666667,0,0.3333333333333333,0.0,0.8333333333333334,0.4166666666666667,0.4166666666666667,0,0.3333333333333333,0.0,1.0,0.5,0.75,0,0.3333333333333333,0.0,1.0,0.5,0.75
405,max_rounds,0,,,,,1,1,3,2,2,7,7,4,-1,0,0,s1a3_greedy,1,0,0.14860378671437502,0.05155300566305717,8,0,0,9,9,9,0,0,0.0,0.6666666666666666,0.5,0.5833333333333334,0.6666666666666666,0,0.0,0.6666666666666666,0.5,0.5833333333333334,0.6666666666666666,1,1.0,1.0,1.0,1.0,1.0,1,1.0,1.0,1.0,1.0,1.0
406,no_strict_e1_improvement,0,,,,,1,0,1,1,1,1,1,4,0,0,-1,current,0,0,0.04661223323394855,0.04661223323394855,9,9,9,9,9,0,0,1,1.0,1.0,1.0,1.0,1.0,1,1.0,1.0,1.0,1.0,1.0,1,1.0,1.0,1.0,1.0,1.0,1,1.0,1.0,1.0,1.0,1.0
407,small_component,0,,,,,1,0,0,0,0,0,0,4,0,0,-1,current,0,0,0.1668401826173067,0.1668401826173067,5,5,5,5,5,0,0,0,0.5555555555555556,0.6666666666666666,0.3333333333333333,0.5,0.8333333333333334,0,0.5555555555555556,0.6666666666666666,0.3333333333333333,0.5,0.8333333333333334,0,0.5555555555555556,0.6666666666666666,0.3333333333333333,0.5,0.8333333333333334,0,0.5555555555555556,0.6666666666666666,0.3333333333333333,0.5,0.8333333333333334
408,no_strict_e1_improvement,0,,,,,1,0,1,1,1,1,1,4,0,0,-1,current,0,0,0.05072954143785561,0.05072954143785561,9,2,2,2,2,0,0,0,0.2222222222222222,0.16666666666666666,0.6666666666666666,0.4166666666666667,0.75,0,0.2222222222222222,0.16666666666666666,0.6666666666666666,0.4166666666666667,0.75,0,0.2222222222222222,0.16666666666666666,0.6666666666666666,0.4166666666666667,0.75,0,0.2222222222222222,0.16666666666666666,0.6666666666666666,0.4166666666666667,0.75
409,no_strict_e1_improvement,0,,,,,1,0,1,1,1,1,1,4,0,0,-1,current,0,0,0.054155465215444565,0.054155465215444565,8,0,0,0,0,0,0,0,0.0,0.5,1.0,0.75,0.75,0,0.0,0.5,1.0,0.75,0.75,0,0.0,0.5,1.0,0.75,0.75,0,0.0,0.5,1.0,0.75,0.75
410,no_strict_e1_improvement,0,,,,,1,0,1,1,1,1,1,4,0,0,-1,current,0,0,0.06646113039460033,0.06646113039460033,8,6,6,6,6,0,0,0,0.6666666666666666,0.8333333333333334,0.5,0.6666666666666666,0.6666666666666666,0,0.6666666666666666,0.8333333333333334,0.5,0.6666666666666666,0.6666666666666666,0,0.6666666666666666,0.8333333333333334,0.5,0.6666666666666666,0.6666666666666666,0,0.6666666666666666,0.8333333333333334,0.5,0.6666666666666666,0.6666666666666666
411,no_strict_e1_improvement,0,,,,,1,0,1,1,1,1,1,4,0,0,-1,current,0,0,0.00046430698906381923,0.00046430698906381923,12,9,9,9,9,0,0,1,1.0,1.0,1.0,1.0,1.0,1,1.0,1.0,1.0,1.0,1.0,1,1.0,1.0,1.0,1.0,1.0,1,1.0,1.0,1.0,1.0,1.0
412,no_strict_e1_improvement,0,,,,,1,0,1,1,1,1,1,4,0,0,-1,current,0,0,0.04464994060496489,0.04464994060496489,10,0,0,0,0,0,0,0,0.0,0.5,1.0,0.75,0.75,0,0.0,0.5,1.0,0.75,0.75,0,0.0,0.5,1.0,0.75,0.75,0,0.0,0.5,1.0,0.75,0.75
413,no_strict_e1_improvement,0,,,,,1,0,1,1,1,1,1,4,0,0,-1,current,0,0,0.0002219809490876893,0.0002219809490876893,12,9,9,9,9,0,0,1,1.0,1.0,1.0,1.0,1.0,1,1.0,1.0,1.0,1.0,1.0,1,1.0,1.0,1.0,1.0,1.0,1,1.0,1.0,1.0,1.0,1.0
414,no_strict_e1_improvement,0,,,,,1,0,1,1,1,1,1,4,0,0,-1,current,0,0,0.010354363514731327,0.010354363514731327,10,0,0,0,0,0,0,0,0.0,1.0,0.5,0.75,0.75,0,0.0,1.0,0.5,0.75,0.75,0,0.0,1.0,0.5,0.75,0.75,0,0.0,1.0,0.5,0.75,0.75
415,no_strict_e1_improvement,0,,,,,1,0,1,1,1,1,1,4,0,0,-1,current,0,0,0.036198146641254425,0.036198146641254425,9,9,9,9,9,0,0,1,1.0,1.0,1.0,1.0,1.0,1,1.0,1.0,1.0,1.0,1.0,1,1.0,1.0,1.0,1.0,1.0,1,1.0,1.0,1.0,1.0,1.0
416,max_rounds,0,,,,,1,1,2,2,2,6,6,4,1,0,0,s1a3_greedy,1,0,0.133011176250875,0.08217253442853689,7,0,0,9,9,9,0,0,0.0,1.0,0.5,0.75,0.75,0,0.0,1.0,0.5,0.75,0.75,1,1.0,1.0,1.0,1.0,1.0,1,1.0,1.0,1.0,1.0,1.0
417,no_strict_e1_improvement,0,,,,,1,0,1,1,1,1,1,4,0,0,-1,current,0,0,0.004310688314338525,0.004310688314338525,12,0,0,0,0,0,0,0,0.0,0.5,1.0,0.75,0.75,0,0.0,0.5,1.0,0.75,0.75,0,0.0,0.5,1.0,0.75,0.75,0,0.0,0.5,1.0,0.75,0.75
418,no_strict_e1_improvement,0,,,,,1,0,2,2,2,6,6,4,0,0,-1,current,0,0,0.019840709942703445,0.019840709942703445,10,9,9,9,9,0,0,1,1.0,1.0,1.0,1.0,1.0,1,1.0,1.0,1.0,1.0,1.0,1,1.0,1.0,1.0,1.0,1.0,1,1.0,1.0,1.0,1.0,1.0
419,no_strict_e1_improvement,0,,,,,1,0,1,1,1,1,1,4,0,0,-1,current,0,0,0.015213492326438427,0.015213492326438427,10,0,0,0,0,0,0,0,0.0,1.0,0.5,0.75,0.75,0,0.0,1.0,0.5,0.75,0.75,0,0.0,1.0,0.5,0.75,0.75,0,0.0,1.0,0.5,0.75,0.75
420,no_strict_e1_improvement,0,,,,,1,0,2,2,2,8,8,4,0,0,-1,current,0,0,0.0751867275685072,0.0751867275685072,8,9,9,9,9,0,0,1,1.0,1.0,1.0,1.0,1.0,1,1.0,1.0,1.0,1.0,1.0,1,1.0,1.0,1.0,1.0,1.0,1,1.0,1.0,1.0,1.0,1.0
421,no_strict_e1_improvement,0,,,,,1,0,1,1,1,1,1,4,0,0,-1,current,0,0,0.01345482716957728,0.01345482716957728,11,9,9,9,9,0,0,1,1.0,1.0,1.0,1.0,1.0,1,1.0,1.0,1.0,1.0,1.0,1,1.0,1.0,1.0,1.0,1.0,1,1.0,1.0,1.0,1.0,1.0
422,no_strict_e1_improvement,0,,,,,1,0,1,1,1,1,1,4,0,0,-1,current,0,0,0.0,0.0,12,9,9,9,9,0,0,1,1.0,1.0,1.0,1.0,1.0,1,1.0,1.0,1.0,1.0,1.0,1,1.0,1.0,1.0,1.0,1.0,1,1.0,1.0,1.0,1.0,1.0
423,no_strict_e1_improvement,0,,,,,1,0,1,1,1,1,1,4,0,0,-1,current,0,0,0.0902373588566358,0.0902373588566358,5,0,0,0,0,0,0,0,0.0,0.5,0.5,0.5,0.5,0,0.0,0.5,0.5,0.5,0.5,0,0.0,0.5,0.5,0.5,0.5,0,0.0,0.5,0.5,0.5,0.5
424,small_component,0,,,,,1,0,0,0,0,0,0,4,0,0,-1,current,0,0,0.2298116946282486,0.2298116946282486,6,0,0,0,0,0,0,0,0.0,0.5,0.0,0.25,0.4166666666666667,0,0.0,0.5,0.0,0.25,0.4166666666666667,0,0.0,0.5,0.0,0.25,0.4166666666666667,0,0.0,0.5,0.0,0.25,0.4166666666666667
425,max_rounds,0,,,,,1,1,3,2,2,6,6,4,0,1,0,s1a3_greedy,1,0,0.15393415714303652,0.022897760694225628,10,0,0,0,0,0,0,0,0.0,0.0,0.8333333333333334,0.4166666666666667,0.4166666666666667,0,0.0,0.0,0.8333333333333334,0.4166666666666667,0.4166666666666667,0,0.0,0.5,1.0,0.75,0.75,0,0.0,0.5,1.0,0.75,0.75
426,small_component,0,,,,,1,0,0,0,0,0,0,4,0,0,-1,current,0,0,0.22544136581321558,0.22544136581321558,5,1,1,1,1,0,0,0,0.1111111111111111,0.0,0.0,0.0,0.4166666666666667,0,0.1111111111111111,0.0,0.0,0.0,0.4166666666666667,0,0.1111111111111111,0.0,0.0,0.0,0.4166666666666667,0,0.1111111111111111,0.0,0.0,0.0,0.4166666666666667
427,max_rounds,0,,,,,1,1,4,4,4,10,10,4,1,0,1,profiled_beam,1,1,0.08808220418480535,0.08321485652898748,6,9,9,9,1,-8,-8,1,1.0,1.0,1.0,1.0,1.0,1,1.0,1.0,1.0,1.0,1.0,1,1.0,1.0,1.0,1.0,1.0,0,0.1111111111111111,0.6666666666666666,0.3333333333333333,0.5,0.6666666666666666
428,max_rounds,0,,,,,1,1,3,2,2,6,6,4,0,0,0,s1a3_greedy,1,0,0.1858487312371532,0.038937098269040384,9,7,7,9,9,2,0,0,0.7777777777777778,0.6666666666666666,0.6666666666666666,0.6666666666666666,0.75,0,0.7777777777777778,0.6666666666666666,0.6666666666666666,0.6666666666666666,0.75,1,1.0,1.0,1.0,1.0,1.0,1,1.0,1.0,1.0,1.0,1.0
429,partial_completed__no_strict_e1_improvement,1,,3,2,4,1,0,1,1,1,1,1,4,0,0,-1,current,1,0,0.0939702366789182,0.0939702366789182,6,0,1,1,1,1,0,0,0.0,0.16666666666666666,0.16666666666666666,0.16666666666666666,0.3333333333333333,0,0.1111111111111111,0.3333333333333333,0.3333333333333333,0.3333333333333333,0.5,0,0.1111111111111111,0.3333333333333333,0.3333333333333333,0.3333333333333333,0.5,0,0.1111111111111111,0.3333333333333333,0.3333333333333333,0.3333333333333333,0.5
430,no_strict_e1_improvement,0,,,,,1,0,1,1,1,1,1,4,0,0,-1,current,0,0,0.004085424977044265,0.004085424977044265,12,9,9,9,9,0,0,1,1.0,1.0,1.0,1.0,1.0,1,1.0,1.0,1.0,1.0,1.0,1,1.0,1.0,1.0,1.0,1.0,1,1.0,1.0,1.0,1.0,1.0
431,small_component,0,,,,,1,0,0,0,0,0,0,4,0,0,-1,current,0,0,0.36706498203178245,0.36706498203178245,5,1,1,1,1,0,0,0,0.1111111111111111,0.16666666666666666,0.3333333333333333,0.25,0.3333333333333333,0,0.1111111111111111,0.16666666666666666,0.3333333333333333,0.25,0.3333333333333333,0,0.1111111111111111,0.16666666666666666,0.3333333333333333,0.25,0.3333333333333333,0,0.1111111111111111,0.16666666666666666,0.3333333333333333,0.25,0.3333333333333333
432,no_strict_e1_improvement,0,,,,,1,0,1,1,1,1,1,4,0,0,-1,current,0,0,0.07030555761108796,0.07030555761108796,6,0,0,0,0,0,0,0,0.0,0.6666666666666666,0.0,0.3333333333333333,0.3333333333333333,0,0.0,0.6666666666666666,0.0,0.3333333333333333,0.3333333333333333,0,0.0,0.6666666666666666,0.0,0.3333333333333333,0.3333333333333333,0,0.0,0.6666666666666666,0.0,0.3333333333333333,0.3333333333333333
433,no_strict_e1_improvement,0,,,,,1,0,1,1,1,1,1,4,0,0,-1,current,0,0,0.0,0.0,12,9,9,9,9,0,0,1,1.0,1.0,1.0,1.0,1.0,1,1.0,1.0,1.0,1.0,1.0,1,1.0,1.0,1.0,1.0,1.0,1,1.0,1.0,1.0,1.0,1.0
434,no_strict_e1_improvement,0,,,,,1,0,1,1,1,1,1,4,0,0,-1,current,0,0,0.05936522964232912,0.05936522964232912,8,0,0,0,0,0,0,0,0.0,0.5,1.0,0.75,0.75,0,0.0,0.5,1.0,0.75,0.75,0,0.0,0.5,1.0,0.75,0.75,0,0.0,0.5,1.0,0.75,0.75
435,no_strict_e1_improvement,0,,,,,1,0,1,1,1,1,1,4,0,0,-1,current,0,0,0.01884480006992817,0.01884480006992817,10,6,6,6,6,0,0,0,0.6666666666666666,0.8333333333333334,0.5,0.6666666666666666,0.6666666666666666,0,0.6666666666666666,0.8333333333333334,0.5,0.6666666666666666,0.6666666666666666,0,0.6666666666666666,0.8333333333333334,0.5,0.6666666666666666,0.6666666666666666,0,0.6666666666666666,0.8333333333333334,0.5,0.6666666666666666,0.6666666666666666
436,max_rounds,0,,,,,1,1,4,4,4,12,12,4,1,0,1,profiled_beam,1,1,0.17870312929153442,0.14450423792004585,4,0,0,0,0,0,0,0,0.0,0.16666666666666666,0.3333333333333333,0.25,0.5,0,0.0,0.16666666666666666,0.3333333333333333,0.25,0.5,0,0.0,0.16666666666666666,0.3333333333333333,0.25,0.5,0,0.0,0.16666666666666666,0.3333333333333333,0.25,0.4166666666666667
437,no_strict_e1_improvement,0,,,,,1,0,1,1,1,1,1,4,0,0,-1,current,0,0,0.030047571907440822,0.030047571907440822,11,9,9,9,9,0,0,1,1.0,1.0,1.0,1.0,1.0,1,1.0,1.0,1.0,1.0,1.0,1,1.0,1.0,1.0,1.0,1.0,1,1.0,1.0,1.0,1.0,1.0
438,max_rounds,0,,,,,1,1,2,2,2,6,6,4,0,-1,0,s1a3_greedy,1,0,0.09392170204470555,0.05698896789302429,10,0,0,0,0,0,0,0,0.0,0.5,1.0,0.75,0.75,0,0.0,0.5,1.0,0.75,0.75,0,0.0,0.5,1.0,0.75,0.75,0,0.0,0.5,1.0,0.75,0.75
439,no_strict_e1_improvement,0,,,,,1,0,1,1,1,1,1,4,0,0,-1,current,0,0,0.01563522987999022,0.01563522987999022,10,0,0,0,0,0,0,0,0.0,0.5,0.5,0.5,0.5,0,0.0,0.5,0.5,0.5,0.5,0,0.0,0.5,0.5,0.5,0.5,0,0.0,0.5,0.5,0.5,0.5
440,max_rounds,0,,,,,1,1,3,2,2,8,8,4,0,0,1,profiled_beam,1,1,0.08059178075442712,0.028584144233415525,8,2,2,2,5,3,3,0,0.2222222222222222,0.16666666666666666,0.6666666666666666,0.4166666666666667,0.5833333333333334,0,0.2222222222222222,0.16666666666666666,0.6666666666666666,0.4166666666666667,0.5833333333333334,0,0.2222222222222222,0.16666666666666666,0.6666666666666666,0.4166666666666667,0.5833333333333334,0,0.5555555555555556,0.3333333333333333,0.6666666666666666,0.5,0.6666666666666666
441,no_strict_e1_improvement,0,,,,,1,0,1,1,1,1,1,4,0,0,-1,current,0,0,0.03331203906175991,0.03331203906175991,7,7,7,7,7,0,0,0,0.7777777777777778,0.6666666666666666,0.6666666666666666,0.6666666666666666,0.8333333333333334,0,0.7777777777777778,0.6666666666666666,0.6666666666666666,0.6666666666666666,0.8333333333333334,0,0.7777777777777778,0.6666666666666666,0.6666666666666666,0.6666666666666666,0.8333333333333334,0,0.7777777777777778,0.6666666666666666,0.6666666666666666,0.6666666666666666,0.8333333333333334
442,max_rounds,0,,,,,1,1,3,2,2,5,5,4,0,0,0,s1a3_greedy,1,0,0.07873572998990615,0.0732475263842692,6,0,0,0,0,0,0,0,0.0,0.16666666666666666,0.6666666666666666,0.4166666666666667,0.5833333333333334,0,0.0,0.16666666666666666,0.6666666666666666,0.4166666666666667,0.5833333333333334,0,0.0,0.16666666666666666,0.3333333333333333,0.25,0.5,0,0.0,0.16666666666666666,0.3333333333333333,0.25,0.5
443,max_rounds,0,,,,,1,1,5,4,4,14,14,4,-1,0,1,profiled_beam,1,1,0.1711481021096309,0.07537871940682332,7,0,0,7,0,0,-7,0,0.0,0.5,0.3333333333333333,0.4166666666666667,0.5,0,0.0,0.5,0.3333333333333333,0.4166666666666667,0.5,0,0.7777777777777778,0.6666666666666666,0.6666666666666666,0.6666666666666666,0.75,0,0.0,0.5,0.8333333333333334,0.6666666666666666,0.6666666666666666
444,max_rounds,0,,,,,1,1,3,2,2,6,6,4,0,0,0,s1a3_greedy,1,0,0.11169882444664836,0.049730637886871897,6,6,6,7,7,1,0,0,0.6666666666666666,0.5,0.5,0.5,0.5833333333333334,0,0.6666666666666666,0.5,0.5,0.5,0.5833333333333334,0,0.7777777777777778,0.5,0.6666666666666666,0.5833333333333334,0.5833333333333334,0,0.7777777777777778,0.5,0.6666666666666666,0.5833333333333334,0.5833333333333334
445,max_rounds,0,,,,,1,1,2,2,2,7,7,4,1,0,0,s1a3_greedy,1,0,0.13096110282155374,0.015384496034433445,9,0,0,9,9,9,0,0,0.0,0.8333333333333334,0.5,0.6666666666666666,0.6666666666666666,0,0.0,0.8333333333333334,0.5,0.6666666666666666,0.6666666666666666,1,1.0,1.0,1.0,1.0,1.0,1,1.0,1.0,1.0,1.0,1.0
446,max_rounds,0,,,,,1,1,3,2,2,6,6,4,0,0,0,s1a3_greedy,1,0,0.22224680179109177,0.04174801070864002,6,0,0,0,0,0,0,0,0.0,0.16666666666666666,0.6666666666666666,0.4166666666666667,0.5,0,0.0,0.16666666666666666,0.6666666666666666,0.4166666666666667,0.5,0,0.0,0.5,1.0,0.75,0.75,0,0.0,0.5,1.0,0.75,0.75
447,no_strict_e1_improvement,0,,,,,1,0,1,1,1,1,1,4,0,0,-1,current,0,0,0.041027400099361934,0.041027400099361934,8,3,3,3,3,0,0,0,0.3333333333333333,0.0,1.0,0.5,0.75,0,0.3333333333333333,0.0,1.0,0.5,0.75,0,0.3333333333333333,0.0,1.0,0.5,0.75,0,0.3333333333333333,0.0,1.0,0.5,0.75
448,small_component,0,,,,,1,0,0,0,0,0,0,4,0,0,-1,current,0,0,0.16243984022488198,0.16243984022488198,8,0,0,0,0,0,0,0,0.0,0.8333333333333334,0.5,0.6666666666666666,0.6666666666666666,0,0.0,0.8333333333333334,0.5,0.6666666666666666,0.6666666666666666,0,0.0,0.8333333333333334,0.5,0.6666666666666666,0.6666666666666666,0,0.0,0.8333333333333334,0.5,0.6666666666666666,0.6666666666666666
449,max_rounds,0,,,,,1,1,2,2,2,6,6,4,0,1,0,s1a3_greedy,1,0,0.04360607637014861,0.04150340750735874,9,0,0,9,9,9,0,0,0.0,0.5,0.8333333333333334,0.6666666666666666,0.6666666666666666,0,0.0,0.5,0.8333333333333334,0.6666666666666666,0.6666666666666666,1,1.0,1.0,1.0,1.0,1.0,1,1.0,1.0,1.0,1.0,1.0
450,no_strict_e1_improvement,0,,,,,1,0,1,1,1,1,1,4,0,0,-1,current,0,0,0.09427852897594373,0.09427852897594373,8,0,0,0,0,0,0,0,0.0,0.5,1.0,0.75,0.75,0,0.0,0.5,1.0,0.75,0.75,0,0.0,0.5,1.0,0.75,0.75,0,0.0,0.5,1.0,0.75,0.75
451,max_rounds,0,,,,,1,1,3,2,2,7,7,4,0,0,1,profiled_beam,1,1,0.1958161729077498,0.054347085456053414,9,0,0,0,0,0,0,0,0.0,0.5,0.6666666666666666,0.5833333333333334,0.6666666666666666,0,0.0,0.5,0.6666666666666666,0.5833333333333334,0.6666666666666666,0,0.0,0.5,0.8333333333333334,0.6666666666666666,0.6666666666666666,0,0.0,0.5,1.0,0.75,0.75
452,no_strict_e1_improvement,0,,,,,1,0,2,2,2,6,6,4,0,0,-1,current,0,0,0.10366792495672901,0.10366792495672901,7,3,3,3,3,0,0,0,0.3333333333333333,0.0,1.0,0.5,0.75,0,0.3333333333333333,0.0,1.0,0.5,0.75,0,0.3333333333333333,0.0,1.0,0.5,0.75,0,0.3333333333333333,0.0,1.0,0.5,0.75
453,no_strict_e1_improvement,0,,,,,1,0,1,1,1,1,1,4,0,0,-1,current,0,0,0.02090961572927578,0.02090961572927578,9,9,9,9,9,0,0,1,1.0,1.0,1.0,1.0,1.0,1,1.0,1.0,1.0,1.0,1.0,1,1.0,1.0,1.0,1.0,1.0,1,1.0,1.0,1.0,1.0,1.0
454,no_strict_e1_improvement,0,,,,,1,0,1,1,1,1,1,4,0,0,-1,current,0,0,0.06507223076187074,0.06507223076187074,7,1,1,1,1,0,0,0,0.1111111111111111,0.6666666666666666,0.3333333333333333,0.5,0.5833333333333334,0,0.1111111111111111,0.6666666666666666,0.3333333333333333,0.5,0.5833333333333334,0,0.1111111111111111,0.6666666666666666,0.3333333333333333,0.5,0.5833333333333334,0,0.1111111111111111,0.6666666666666666,0.3333333333333333,0.5,0.5833333333333334
455,no_strict_e1_improvement,0,,,,,1,0,2,2,2,6,6,4,0,0,-1,current,0,0,0.10088631107161443,0.10088631107161443,6,3,3,3,3,0,0,0,0.3333333333333333,0.0,0.6666666666666666,0.3333333333333333,0.5,0,0.3333333333333333,0.0,0.6666666666666666,0.3333333333333333,0.5,0,0.3333333333333333,0.0,0.6666666666666666,0.3333333333333333,0.5,0,0.3333333333333333,0.0,0.6666666666666666,0.3333333333333333,0.5
456,small_component,0,,,,,1,0,0,0,0,0,0,4,0,0,-1,current,0,0,0.20098610936353603,0.20098610936353603,9,3,3,3,3,0,0,0,0.3333333333333333,0.0,1.0,0.5,0.75,0,0.3333333333333333,0.0,1.0,0.5,0.75,0,0.3333333333333333,0.0,1.0,0.5,0.75,0,0.3333333333333333,0.0,1.0,0.5,0.75
457,no_strict_e1_improvement,0,,,,,1,0,1,1,1,1,1,4,0,0,-1,current,0,0,0.02247890589448313,0.02247890589448313,11,0,0,0,0,0,0,0,0.0,0.5,1.0,0.75,0.75,0,0.0,0.5,1.0,0.75,0.75,0,0.0,0.5,1.0,0.75,0.75,0,0.0,0.5,1.0,0.75,0.75
458,max_rounds,0,,,,,1,1,5,4,4,15,15,4,1,0,1,profiled_beam,1,1,0.35171013604849577,0.10317537964632113,8,1,1,9,7,6,-2,0,0.1111111111111111,0.6666666666666666,0.3333333333333333,0.5,0.5,0,0.1111111111111111,0.6666666666666666,0.3333333333333333,0.5,0.5,1,1.0,1.0,1.0,1.0,1.0,0,0.7777777777777778,0.5,0.5,0.5,0.8333333333333334
459,no_strict_e1_improvement,0,,,,,1,0,1,1,1,1,1,4,0,0,-1,current,0,0,0.04834457238515218,0.04834457238515218,10,0,0,0,0,0,0,0,0.0,0.5,0.5,0.5,0.5,0,0.0,0.5,0.5,0.5,0.5,0,0.0,0.5,0.5,0.5,0.5,0,0.0,0.5,0.5,0.5,0.5
460,no_strict_e1_improvement,0,,,,,1,0,1,1,1,1,1,4,0,0,-1,current,0,0,0.09569347091019154,0.09569347091019154,7,0,0,0,0,0,0,0,0.0,0.16666666666666666,0.5,0.3333333333333333,0.4166666666666667,0,0.0,0.16666666666666666,0.5,0.3333333333333333,0.4166666666666667,0,0.0,0.16666666666666666,0.5,0.3333333333333333,0.4166666666666667,0,0.0,0.16666666666666666,0.5,0.3333333333333333,0.4166666666666667
461,small_component,0,,,,,1,0,0,0,0,0,0,4,0,0,-1,current,0,0,0.35612543548146885,0.35612543548146885,6,4,4,4,4,0,0,0,0.4444444444444444,0.16666666666666666,0.16666666666666666,0.16666666666666666,0.3333333333333333,0,0.4444444444444444,0.16666666666666666,0.16666666666666666,0.16666666666666666,0.3333333333333333,0,0.4444444444444444,0.16666666666666666,0.16666666666666666,0.16666666666666666,0.3333333333333333,0,0.4444444444444444,0.16666666666666666,0.16666666666666666,0.16666666666666666,0.3333333333333333
462,small_component,0,,,,,1,0,0,0,0,0,0,4,0,0,-1,current,0,0,0.26788180880248547,0.26788180880248547,6,1,1,1,1,0,0,0,0.1111111111111111,0.16666666666666666,0.3333333333333333,0.25,0.4166666666666667,0,0.1111111111111111,0.16666666666666666,0.3333333333333333,0.25,0.4166666666666667,0,0.1111111111111111,0.16666666666666666,0.3333333333333333,0.25,0.4166666666666667,0,0.1111111111111111,0.16666666666666666,0.3333333333333333,0.25,0.4166666666666667
463,no_strict_e1_improvement,0,,,,,1,0,1,1,1,1,1,4,0,0,-1,current,0,0,0.003705307375639677,0.003705307375639677,11,9,9,9,9,0,0,1,1.0,1.0,1.0,1.0,1.0,1,1.0,1.0,1.0,1.0,1.0,1,1.0,1.0,1.0,1.0,1.0,1,1.0,1.0,1.0,1.0,1.0
464,no_strict_e1_improvement,0,,,,,1,0,1,1,1,1,1,4,0,0,-1,current,0,0,0.03414918979008993,0.03414918979008993,9,0,0,0,0,0,0,0,0.0,0.5,1.0,0.75,0.75,0,0.0,0.5,1.0,0.75,0.75,0,0.0,0.5,1.0,0.75,0.75,0,0.0,0.5,1.0,0.75,0.75
465,no_strict_e1_improvement,0,,,,,1,0,1,1,1,1,1,4,0,0,-1,current,0,0,0.014533483112851778,0.014533483112851778,10,9,9,9,9,0,0,1,1.0,1.0,1.0,1.0,1.0,1,1.0,1.0,1.0,1.0,1.0,1,1.0,1.0,1.0,1.0,1.0,1,1.0,1.0,1.0,1.0,1.0
466,no_strict_e1_improvement,0,,,,,1,0,1,1,1,1,1,4,0,0,-1,current,0,0,0.0,0.0,12,0,0,0,0,0,0,0,0.0,0.5,1.0,0.75,0.75,0,0.0,0.5,1.0,0.75,0.75,0,0.0,0.5,1.0,0.75,0.75,0,0.0,0.5,1.0,0.75,0.75
467,no_strict_e1_improvement,0,,,,,1,0,1,1,1,1,1,4,0,0,-1,current,0,0,0.02020615405247857,0.02020615405247857,9,0,0,0,0,0,0,0,0.0,0.5,0.16666666666666666,0.3333333333333333,0.4166666666666667,0,0.0,0.5,0.16666666666666666,0.3333333333333333,0.4166666666666667,0,0.0,0.5,0.16666666666666666,0.3333333333333333,0.4166666666666667,0,0.0,0.5,0.16666666666666666,0.3333333333333333,0.4166666666666667
468,no_strict_e1_improvement,0,,,,,1,0,1,1,1,1,1,4,0,0,-1,current,0,0,0.020954214812566836,0.020954214812566836,11,9,9,9,9,0,0,1,1.0,1.0,1.0,1.0,1.0,1,1.0,1.0,1.0,1.0,1.0,1,1.0,1.0,1.0,1.0,1.0,1,1.0,1.0,1.0,1.0,1.0
469,small_component,0,,,,,1,0,0,0,0,0,0,4,0,0,-1,current,0,0,0.2922628532008578,0.2922628532008578,6,5,5,5,5,0,0,0,0.5555555555555556,0.5,0.3333333333333333,0.4166666666666667,0.5833333333333334,0,0.5555555555555556,0.5,0.3333333333333333,0.4166666666666667,0.5833333333333334,0,0.5555555555555556,0.5,0.3333333333333333,0.4166666666666667,0.5833333333333334,0,0.5555555555555556,0.5,0.3333333333333333,0.4166666666666667,0.5833333333333334
470,max_rounds,0,,,,,1,1,3,2,2,6,6,4,0,-1,0,s1a3_greedy,1,0,0.24368937165127136,0.020294241364657257,8,0,0,9,9,9,0,0,0.0,0.5,0.6666666666666666,0.5833333333333334,0.6666666666666666,0,0.0,0.5,0.6666666666666666,0.5833333333333334,0.6666666666666666,1,1.0,1.0,1.0,1.0,1.0,1,1.0,1.0,1.0,1.0,1.0
471,no_strict_e1_improvement,0,,,,,1,0,1,1,1,1,1,4,0,0,-1,current,0,0,0.12876084571083388,0.12876084571083388,10,0,0,0,0,0,0,0,0.0,0.5,0.8333333333333334,0.6666666666666666,0.6666666666666666,0,0.0,0.5,0.8333333333333334,0.6666666666666666,0.6666666666666666,0,0.0,0.5,0.8333333333333334,0.6666666666666666,0.6666666666666666,0,0.0,0.5,0.8333333333333334,0.6666666666666666,0.6666666666666666
472,no_strict_e1_improvement,0,,,,,1,0,1,1,1,1,1,4,0,0,-1,current,0,0,0.049068245415886245,0.049068245415886245,9,0,0,0,0,0,0,0,0.0,0.5,0.8333333333333334,0.6666666666666666,0.6666666666666666,0,0.0,0.5,0.8333333333333334,0.6666666666666666,0.6666666666666666,0,0.0,0.5,0.8333333333333334,0.6666666666666666,0.6666666666666666,0,0.0,0.5,0.8333333333333334,0.6666666666666666,0.6666666666666666
473,no_strict_e1_improvement,0,,,,,1,0,1,1,1,1,1,4,0,0,-1,current,0,0,0.06079775250206391,0.06079775250206391,11,0,0,0,0,0,0,0,0.0,1.0,0.5,0.75,0.75,0,0.0,1.0,0.5,0.75,0.75,0,0.0,1.0,0.5,0.75,0.75,0,0.0,1.0,0.5,0.75,0.75
474,no_strict_e1_improvement,0,,,,,1,0,2,2,2,6,6,4,0,0,-1,current,0,0,0.03459596633911133,0.03459596633911133,10,9,9,9,9,0,0,1,1.0,1.0,1.0,1.0,1.0,1,1.0,1.0,1.0,1.0,1.0,1,1.0,1.0,1.0,1.0,1.0,1,1.0,1.0,1.0,1.0,1.0
475,small_component,0,,,,,1,0,0,0,0,0,0,4,0,0,-1,current,0,0,0.3749358206987381,0.3749358206987381,7,6,6,6,6,0,0,0,0.6666666666666666,0.5,0.5,0.5,0.5833333333333334,0,0.6666666666666666,0.5,0.5,0.5,0.5833333333333334,0,0.6666666666666666,0.5,0.5,0.5,0.5833333333333334,0,0.6666666666666666,0.5,0.5,0.5,0.5833333333333334
476,no_strict_e1_improvement,0,,,,,1,0,1,1,1,2,2,4,0,0,-1,current,0,0,0.22859018202871084,0.22859018202871084,6,0,0,0,0,0,0,0,0.0,0.3333333333333333,0.3333333333333333,0.3333333333333333,0.3333333333333333,0,0.0,0.3333333333333333,0.3333333333333333,0.3333333333333333,0.3333333333333333,0,0.0,0.3333333333333333,0.3333333333333333,0.3333333333333333,0.3333333333333333,0,0.0,0.3333333333333333,0.3333333333333333,0.3333333333333333,0.3333333333333333
477,no_strict_e1_improvement,0,,,,,1,0,2,2,2,6,6,4,0,0,-1,current,0,0,0.08429838034013908,0.08429838034013908,10,3,3,3,3,0,0,0,0.3333333333333333,0.0,1.0,0.5,0.75,0,0.3333333333333333,0.0,1.0,0.5,0.75,0,0.3333333333333333,0.0,1.0,0.5,0.75,0,0.3333333333333333,0.0,1.0,0.5,0.75
478,no_strict_e1_improvement,0,,,,,1,0,1,1,1,1,1,4,0,0,-1,current,0,0,0.03788980577761928,0.03788980577761928,8,0,0,0,0,0,0,0,0.0,1.0,0.5,0.75,0.75,0,0.0,1.0,0.5,0.75,0.75,0,0.0,1.0,0.5,0.75,0.75,0,0.0,1.0,0.5,0.75,0.75
479,partial_completed__small_component,1,,3,2,4,1,0,0,0,0,0,0,4,0,0,-1,current,1,0,0.23174521831485131,0.23174521831485131,5,0,0,0,0,0,0,0,0.0,0.3333333333333333,0.0,0.16666666666666666,0.25,0,0.0,0.5,0.0,0.25,0.4166666666666667,0,0.0,0.5,0.0,0.25,0.4166666666666667,0,0.0,0.5,0.0,0.25,0.4166666666666667
480,partial_completed__small_component,1,,3,2,4,1,0,0,0,0,0,0,4,0,0,-1,current,1,0,0.34956960442165536,0.34956960442165536,5,0,1,1,1,1,0,0,0.0,0.3333333333333333,0.3333333333333333,0.3333333333333333,0.5,0,0.1111111111111111,0.3333333333333333,0.3333333333333333,0.3333333333333333,0.5833333333333334,0,0.1111111111111111,0.3333333333333333,0.3333333333333333,0.3333333333333333,0.5833333333333334,0,0.1111111111111111,0.3333333333333333,0.3333333333333333,0.3333333333333333,0.5833333333333334
481,no_strict_e1_improvement,0,,,,,1,0,1,1,1,1,1,4,0,0,-1,current,0,0,0.13866541162133217,0.13866541162133217,6,0,0,0,0,0,0,0,0.0,0.16666666666666666,0.16666666666666666,0.16666666666666666,0.4166666666666667,0,0.0,0.16666666666666666,0.16666666666666666,0.16666666666666666,0.4166666666666667,0,0.0,0.16666666666666666,0.16666666666666666,0.16666666666666666,0.4166666666666667,0,0.0,0.16666666666666666,0.16666666666666666,0.16666666666666666,0.4166666666666667
482,no_strict_e1_improvement,0,,,,,1,0,2,2,2,5,5,4,0,0,-1,current,0,0,0.04615811274076501,0.04615811274076501,9,9,9,9,9,0,0,1,1.0,1.0,1.0,1.0,1.0,1,1.0,1.0,1.0,1.0,1.0,1,1.0,1.0,1.0,1.0,1.0,1,1.0,1.0,1.0,1.0,1.0
483,no_strict_e1_improvement,0,,,,,1,0,2,2,2,6,6,4,0,0,-1,current,0,0,0.04646321308488647,0.04646321308488647,10,9,9,9,9,0,0,1,1.0,1.0,1.0,1.0,1.0,1,1.0,1.0,1.0,1.0,1.0,1,1.0,1.0,1.0,1.0,1.0,1,1.0,1.0,1.0,1.0,1.0
484,no_strict_e1_improvement,0,,,,,1,0,1,1,1,1,1,4,0,0,-1,current,0,0,0.0932015033904463,0.0932015033904463,5,0,0,0,0,0,0,0,0.0,0.16666666666666666,0.16666666666666666,0.16666666666666666,0.3333333333333333,0,0.0,0.16666666666666666,0.16666666666666666,0.16666666666666666,0.3333333333333333,0,0.0,0.16666666666666666,0.16666666666666666,0.16666666666666666,0.3333333333333333,0,0.0,0.16666666666666666,0.16666666666666666,0.16666666666666666,0.3333333333333333
485,max_rounds,0,,,,,1,1,3,2,2,7,7,4,0,-1,1,profiled_beam,1,1,0.066758227845033,0.03709823184181005,9,0,0,0,0,0,0,0,0.0,0.5,0.8333333333333334,0.6666666666666666,0.6666666666666666,0,0.0,0.5,0.8333333333333334,0.6666666666666666,0.6666666666666666,0,0.0,0.0,0.6666666666666666,0.3333333333333333,0.3333333333333333,0,0.0,0.5,0.6666666666666666,0.5833333333333334,0.5833333333333334
486,max_rounds,0,,,,,1,1,4,4,4,15,15,4,0,-1,0,s1a3_greedy,1,0,0.1859463391204675,0.13644647629310688,6,0,0,0,0,0,0,0,0.0,0.0,0.6666666666666666,0.3333333333333333,0.3333333333333333,0,0.0,0.0,0.6666666666666666,0.3333333333333333,0.3333333333333333,0,0.0,0.5,0.6666666666666666,0.5833333333333334,0.5833333333333334,0,0.0,0.5,0.6666666666666666,0.5833333333333334,0.5833333333333334
487,small_component,0,,,,,1,0,0,0,0,0,0,4,0,0,-1,current,0,0,0.3823157648245494,0.3823157648245494,5,1,1,1,1,0,0,0,0.1111111111111111,0.16666666666666666,0.3333333333333333,0.25,0.4166666666666667,0,0.1111111111111111,0.16666666666666666,0.3333333333333333,0.25,0.4166666666666667,0,0.1111111111111111,0.16666666666666666,0.3333333333333333,0.25,0.4166666666666667,0,0.1111111111111111,0.16666666666666666,0.3333333333333333,0.25,0.4166666666666667
488,no_strict_e1_improvement,0,,,,,1,0,1,1,1,1,1,4,0,0,-1,current,0,0,0.032375545240938663,0.032375545240938663,8,0,0,0,0,0,0,0,0.0,0.5,1.0,0.75,0.75,0,0.0,0.5,1.0,0.75,0.75,0,0.0,0.5,1.0,0.75,0.75,0,0.0,0.5,1.0,0.75,0.75
489,small_component,0,,,,,1,0,0,0,0,0,0,4,0,0,-1,current,0,0,0.28497576837738353,0.28497576837738353,7,0,0,0,0,0,0,0,0.0,0.6666666666666666,0.16666666666666666,0.4166666666666667,0.5833333333333334,0,0.0,0.6666666666666666,0.16666666666666666,0.4166666666666667,0.5833333333333334,0,0.0,0.6666666666666666,0.16666666666666666,0.4166666666666667,0.5833333333333334,0,0.0,0.6666666666666666,0.16666666666666666,0.4166666666666667,0.5833333333333334
490,max_rounds,0,,,,,1,1,2,2,2,7,7,4,0,-1,0,s1a3_greedy,1,0,0.16528811445459723,0.0803071241825819,9,0,0,9,9,9,0,0,0.0,0.5,0.8333333333333334,0.6666666666666666,0.6666666666666666,0,0.0,0.5,0.8333333333333334,0.6666666666666666,0.6666666666666666,1,1.0,1.0,1.0,1.0,1.0,1,1.0,1.0,1.0,1.0,1.0
491,no_strict_e1_improvement,0,,,,,1,0,1,1,1,1,1,4,0,0,-1,current,0,0,0.015155152083025314,0.015155152083025314,8,9,9,9,9,0,0,1,1.0,1.0,1.0,1.0,1.0,1,1.0,1.0,1.0,1.0,1.0,1,1.0,1.0,1.0,1.0,1.0,1,1.0,1.0,1.0,1.0,1.0
492,max_rounds,0,,,,,1,1,3,2,2,8,8,4,1,0,0,s1a3_greedy,1,0,0.13601254284731112,0.05749256304504039,8,0,0,1,1,1,0,0,0.0,0.5,0.5,0.5,0.5,0,0.0,0.5,0.5,0.5,0.5,0,0.1111111111111111,0.3333333333333333,0.6666666666666666,0.5,0.5833333333333334,0,0.1111111111111111,0.3333333333333333,0.6666666666666666,0.5,0.5833333333333334
493,no_strict_e1_improvement,0,,,,,1,0,1,1,1,1,1,4,0,0,-1,current,0,0,0.08030741723875205,0.08030741723875205,10,0,0,0,0,0,0,0,0.0,0.5,1.0,0.75,0.75,0,0.0,0.5,1.0,0.75,0.75,0,0.0,0.5,1.0,0.75,0.75,0,0.0,0.5,1.0,0.75,0.75
494,no_strict_e1_improvement,0,,,,,1,0,1,1,1,1,1,4,0,0,-1,current,0,0,0.02580588774677987,0.02580588774677987,11,0,0,0,0,0,0,0,0.0,1.0,0.5,0.75,0.75,0,0.0,1.0,0.5,0.75,0.75,0,0.0,1.0,0.5,0.75,0.75,0,0.0,1.0,0.5,0.75,0.75
495,no_strict_e1_improvement,0,,,,,1,0,1,1,1,1,1,4,0,0,-1,current,0,0,0.10007287034144004,0.10007287034144004,6,6,6,6,6,0,0,0,0.6666666666666666,0.8333333333333334,0.0,0.4166666666666667,0.4166666666666667,0,0.6666666666666666,0.8333333333333334,0.0,0.4166666666666667,0.4166666666666667,0,0.6666666666666666,0.8333333333333334,0.0,0.4166666666666667,0.4166666666666667,0,0.6666666666666666,0.8333333333333334,0.0,0.4166666666666667,0.4166666666666667
496,no_strict_e1_improvement,0,,,,,1,0,1,1,1,1,1,4,0,0,-1,current,0,0,0.03526140470057726,0.03526140470057726,9,0,0,0,0,0,0,0,0.0,0.5,0.5,0.5,0.5,0,0.0,0.5,0.5,0.5,0.5,0,0.0,0.5,0.5,0.5,0.5,0,0.0,0.5,0.5,0.5,0.5
497,small_component,0,,,,,1,0,0,0,0,0,0,4,0,0,-1,current,0,0,0.18955171635995308,0.18955171635995308,8,0,0,0,0,0,0,0,0.0,0.3333333333333333,0.16666666666666666,0.25,0.3333333333333333,0,0.0,0.3333333333333333,0.16666666666666666,0.25,0.3333333333333333,0,0.0,0.3333333333333333,0.16666666666666666,0.25,0.3333333333333333,0,0.0,0.3333333333333333,0.16666666666666666,0.25,0.3333333333333333
498,no_strict_e1_improvement,0,,,,,1,0,1,1,1,1,1,4,0,0,-1,current,0,0,0.02076514981066187,0.02076514981066187,9,9,9,9,9,0,0,1,1.0,1.0,1.0,1.0,1.0,1,1.0,1.0,1.0,1.0,1.0,1,1.0,1.0,1.0,1.0,1.0,1,1.0,1.0,1.0,1.0,1.0
499,no_strict_e1_improvement,0,,,,,1,0,1,1,1,1,1,4,0,0,-1,current,0,0,0.03488364008565744,0.03488364008565744,9,9,9,9,9,0,0,1,1.0,1.0,1.0,1.0,1.0,1,1.0,1.0,1.0,1.0,1.0,1,1.0,1.0,1.0,1.0,1.0,1,1.0,1.0,1.0,1.0,1.0
500,no_strict_e1_improvement,0,,,,,1,0,1,1,1,1,1,4,0,0,-1,current,0,0,0.03518425518025955,0.03518425518025955,10,9,9,9,9,0,0,1,1.0,1.0,1.0,1.0,1.0,1,1.0,1.0,1.0,1.0,1.0,1,1.0,1.0,1.0,1.0,1.0,1,1.0,1.0,1.0,1.0,1.0
501,no_strict_e1_improvement,0,,,,,1,0,1,1,1,1,1,4,0,0,-1,current,0,0,0.027895629405975342,0.027895629405975342,9,9,9,9,9,0,0,1,1.0,1.0,1.0,1.0,1.0,1,1.0,1.0,1.0,1.0,1.0,1,1.0,1.0,1.0,1.0,1.0,1,1.0,1.0,1.0,1.0,1.0
502,no_strict_e1_improvement,0,,,,,1,0,1,1,1,1,1,4,0,0,-1,current,0,0,0.015008341210583845,0.015008341210583845,10,0,0,0,0,0,0,0,0.0,1.0,0.5,0.75,0.75,0,0.0,1.0,0.5,0.75,0.75,0,0.0,1.0,0.5,0.75,0.75,0,0.0,1.0,0.5,0.75,0.75
503,no_strict_e1_improvement,0,,,,,1,0,1,1,1,1,1,4,0,0,-1,current,0,0,0.0627931139121453,0.0627931139121453,10,0,0,0,0,0,0,0,0.0,0.5,0.8333333333333334,0.6666666666666666,0.6666666666666666,0,0.0,0.5,0.8333333333333334,0.6666666666666666,0.6666666666666666,0,0.0,0.5,0.8333333333333334,0.6666666666666666,0.6666666666666666,0,0.0,0.5,0.8333333333333334,0.6666666666666666,0.6666666666666666
504,no_strict_e1_improvement,0,,,,,1,0,1,1,1,1,1,4,0,0,-1,current,0,0,0.037441946721325316,0.037441946721325316,9,9,9,9,9,0,0,1,1.0,1.0,1.0,1.0,1.0,1,1.0,1.0,1.0,1.0,1.0,1,1.0,1.0,1.0,1.0,1.0,1,1.0,1.0,1.0,1.0,1.0
505,partial_completed__max_rounds,1,,3,2,3,1,1,5,4,4,16,16,4,0,0,1,profiled_beam,1,1,0.18474443691472212,0.15844011958688498,4,2,3,3,4,2,1,0,0.2222222222222222,0.3333333333333333,0.0,0.16666666666666666,0.3333333333333333,0,0.3333333333333333,0.3333333333333333,0.0,0.16666666666666666,0.5,0,0.3333333333333333,0.3333333333333333,0.0,0.16666666666666666,0.5,0,0.4444444444444444,0.5,0.0,0.25,0.4166666666666667
506,max_rounds,0,,,,,1,1,2,1,1,2,2,4,0,0,0,s1a3_greedy,1,0,0.23351199024667343,0.07672859045366447,7,1,1,0,0,-1,0,0,0.1111111111111111,0.3333333333333333,0.6666666666666666,0.5,0.5,0,0.1111111111111111,0.3333333333333333,0.6666666666666666,0.5,0.5,0,0.0,0.5,0.8333333333333334,0.6666666666666666,0.6666666666666666,0,0.0,0.5,0.8333333333333334,0.6666666666666666,0.6666666666666666
507,no_strict_e1_improvement,0,,,,,1,0,1,1,1,1,1,4,0,0,-1,current,0,0,0.07610367673138778,0.07610367673138778,9,1,1,1,1,0,0,0,0.1111111111111111,0.6666666666666666,0.3333333333333333,0.5,0.6666666666666666,0,0.1111111111111111,0.6666666666666666,0.3333333333333333,0.5,0.6666666666666666,0,0.1111111111111111,0.6666666666666666,0.3333333333333333,0.5,0.6666666666666666,0,0.1111111111111111,0.6666666666666666,0.3333333333333333,0.5,0.6666666666666666
508,max_rounds,0,,,,,1,1,3,2,2,5,5,4,-1,0,0,s1a3_greedy,1,0,0.1274365565429131,0.06283165017763774,8,0,0,0,0,0,0,0,0.0,0.5,0.5,0.5,0.5,0,0.0,0.5,0.5,0.5,0.5,0,0.0,0.5,0.5,0.5,0.5,0,0.0,0.5,0.5,0.5,0.5
509,no_strict_e1_improvement,0,,,,,1,0,2,2,2,6,6,4,0,0,-1,current,0,0,0.1633650759855906,0.1633650759855906,7,3,3,3,3,0,0,0,0.3333333333333333,0.0,1.0,0.5,0.75,0,0.3333333333333333,0.0,1.0,0.5,0.75,0,0.3333333333333333,0.0,1.0,0.5,0.75,0,0.3333333333333333,0.0,1.0,0.5,0.75
510,partial_completed__max_rounds,1,,3,2,4,1,1,5,4,4,14,14,4,-1,0,0,s1a3_greedy,1,0,0.20252963931610188,0.12583128456026316,7,0,0,2,2,2,0,0,0.0,0.0,0.16666666666666666,0.08333333333333333,0.25,0,0.0,0.16666666666666666,0.16666666666666666,0.16666666666666666,0.4166666666666667,0,0.2222222222222222,0.16666666666666666,0.16666666666666666,0.16666666666666666,0.3333333333333333,0,0.2222222222222222,0.16666666666666666,0.16666666666666666,0.16666666666666666,0.3333333333333333
511,no_strict_e1_improvement,0,,,,,1,0,1,1,1,2,2,4,0,0,-1,current,0,0,0.18772772761682668,0.18772772761682668,6,0,0,0,0,0,0,0,0.0,0.3333333333333333,0.16666666666666666,0.25,0.3333333333333333,0,0.0,0.3333333333333333,0.16666666666666666,0.25,0.3333333333333333,0,0.0,0.3333333333333333,0.16666666666666666,0.25,0.3333333333333333,0,0.0,0.3333333333333333,0.16666666666666666,0.25,0.3333333333333333
512,no_strict_e1_improvement,0,,,,,1,0,1,1,1,1,1,4,0,0,-1,current,0,0,0.040838731763263546,0.040838731763263546,8,0,0,0,0,0,0,0,0.0,1.0,0.5,0.75,0.75,0,0.0,1.0,0.5,0.75,0.75,0,0.0,1.0,0.5,0.75,0.75,0,0.0,1.0,0.5,0.75,0.75
513,no_strict_e1_improvement,0,,,,,1,0,1,1,1,1,1,4,0,0,-1,current,0,0,0.03936470206826925,0.03936470206826925,7,0,0,0,0,0,0,0,0.0,0.8333333333333334,0.0,0.4166666666666667,0.4166666666666667,0,0.0,0.8333333333333334,0.0,0.4166666666666667,0.4166666666666667,0,0.0,0.8333333333333334,0.0,0.4166666666666667,0.4166666666666667,0,0.0,0.8333333333333334,0.0,0.4166666666666667,0.4166666666666667
514,max_rounds,0,,,,,1,1,4,4,4,13,13,4,-1,1,0,s1a3_greedy,1,0,0.13753692588458458,0.11060718478014071,4,6,6,0,0,-6,0,0,0.6666666666666666,0.5,0.8333333333333334,0.6666666666666666,0.6666666666666666,0,0.6666666666666666,0.5,0.8333333333333334,0.6666666666666666,0.6666666666666666,0,0.0,0.0,0.8333333333333334,0.4166666666666667,0.4166666666666667,0,0.0,0.0,0.8333333333333334,0.4166666666666667,0.4166666666666667
515,no_strict_e1_improvement,0,,,,,1,0,1,1,1,1,1,4,0,0,-1,current,0,0,0.011854266126950582,0.011854266126950582,11,9,9,9,9,0,0,1,1.0,1.0,1.0,1.0,1.0,1,1.0,1.0,1.0,1.0,1.0,1,1.0,1.0,1.0,1.0,1.0,1,1.0,1.0,1.0,1.0,1.0
516,max_rounds,0,,,,,1,1,5,4,4,15,15,4,0,0,1,profiled_beam,1,1,0.25049622853597003,0.1327310260385275,7,0,0,1,0,0,-1,0,0.0,0.3333333333333333,0.5,0.4166666666666667,0.5833333333333334,0,0.0,0.3333333333333333,0.5,0.4166666666666667,0.5833333333333334,0,0.1111111111111111,0.16666666666666666,0.5,0.3333333333333333,0.5,0,0.0,0.16666666666666666,0.5,0.3333333333333333,0.4166666666666667
517,no_strict_e1_improvement,0,,,,,1,0,1,1,1,1,1,4,0,0,-1,current,0,0,0.0325065478682518,0.0325065478682518,10,9,9,9,9,0,0,1,1.0,1.0,1.0,1.0,1.0,1,1.0,1.0,1.0,1.0,1.0,1,1.0,1.0,1.0,1.0,1.0,1,1.0,1.0,1.0,1.0,1.0
518,no_strict_e1_improvement,0,,,,,1,0,1,1,1,1,1,4,0,0,-1,current,0,0,0.026974579707408946,0.026974579707408946,9,9,9,9,9,0,0,1,1.0,1.0,1.0,1.0,1.0,1,1.0,1.0,1.0,1.0,1.0,1,1.0,1.0,1.0,1.0,1.0,1,1.0,1.0,1.0,1.0,1.0
519,no_strict_e1_improvement,0,,,,,1,0,1,1,1,1,1,4,0,0,-1,current,0,0,0.15106535702943802,0.15106535702943802,7,0,0,0,0,0,0,0,0.0,0.16666666666666666,0.6666666666666666,0.4166666666666667,0.5,0,0.0,0.16666666666666666,0.6666666666666666,0.4166666666666667,0.5,0,0.0,0.16666666666666666,0.6666666666666666,0.4166666666666667,0.5,0,0.0,0.16666666666666666,0.6666666666666666,0.4166666666666667,0.5
520,max_rounds,0,,,,,1,1,3,2,2,8,8,4,0,1,1,profiled_beam,1,1,0.23112394989584573,0.18179335649862574,5,1,1,1,0,-1,-1,0,0.1111111111111111,0.16666666666666666,0.16666666666666666,0.16666666666666666,0.5833333333333334,0,0.1111111111111111,0.16666666666666666,0.16666666666666666,0.16666666666666666,0.5833333333333334,0,0.1111111111111111,0.16666666666666666,0.16666666666666666,0.16666666666666666,0.5833333333333334,0,0.0,0.3333333333333333,0.16666666666666666,0.25,0.5
521,no_strict_e1_improvement,0,,,,,1,0,1,1,1,1,1,4,0,0,-1,current,0,0,0.007117279494802157,0.007117279494802157,10,0,0,0,0,0,0,0,0.0,0.5,1.0,0.75,0.75,0,0.0,0.5,1.0,0.75,0.75,0,0.0,0.5,1.0,0.75,0.75,0,0.0,0.5,1.0,0.75,0.75
522,partial_completed__small_component,1,,3,2,4,1,0,0,0,0,0,0,4,0,0,-1,current,1,0,0.28898932846883935,0.28898932846883935,5,0,0,0,0,0,0,0,0.0,0.16666666666666666,0.16666666666666666,0.16666666666666666,0.25,0,0.0,0.16666666666666666,0.3333333333333333,0.25,0.5,0,0.0,0.16666666666666666,0.3333333333333333,0.25,0.5,0,0.0,0.16666666666666666,0.3333333333333333,0.25,0.5
523,no_strict_e1_improvement,0,,,,,1,0,1,1,1,1,1,4,0,0,-1,current,0,0,0.0,0.0,12,0,0,0,0,0,0,0,0.0,0.5,1.0,0.75,0.75,0,0.0,0.5,1.0,0.75,0.75,0,0.0,0.5,1.0,0.75,0.75,0,0.0,0.5,1.0,0.75,0.75
524,no_strict_e1_improvement,0,,,,,1,0,1,1,1,1,1,4,0,0,-1,current,0,0,0.009574944231038293,0.009574944231038293,9,0,0,0,0,0,0,0,0.0,1.0,0.5,0.75,0.75,0,0.0,1.0,0.5,0.75,0.75,0,0.0,1.0,0.5,0.75,0.75,0,0.0,1.0,0.5,0.75,0.75
525,no_strict_e1_improvement,0,,,,,1,0,1,1,1,1,1,4,0,0,-1,current,0,0,0.002662965329363942,0.002662965329363942,11,0,0,0,0,0,0,0,0.0,1.0,0.5,0.75,0.75,0,0.0,1.0,0.5,0.75,0.75,0,0.0,1.0,0.5,0.75,0.75,0,0.0,1.0,0.5,0.75,0.75
526,no_strict_e1_improvement,0,,,,,1,0,1,1,1,1,1,4,0,0,-1,current,0,0,0.022620737552642822,0.022620737552642822,11,9,9,9,9,0,0,1,1.0,1.0,1.0,1.0,1.0,1,1.0,1.0,1.0,1.0,1.0,1,1.0,1.0,1.0,1.0,1.0,1,1.0,1.0,1.0,1.0,1.0
527,max_rounds,0,,,,,1,1,2,2,2,6,6,4,-1,0,0,s1a3_greedy,1,0,0.15086868839959303,0.14056463539600372,7,0,0,0,0,0,0,0,0.0,0.5,0.6666666666666666,0.5833333333333334,0.5833333333333334,0,0.0,0.5,0.6666666666666666,0.5833333333333334,0.5833333333333334,0,0.0,0.5,0.8333333333333334,0.6666666666666666,0.6666666666666666,0,0.0,0.5,0.8333333333333334,0.6666666666666666,0.6666666666666666
528,no_strict_e1_improvement,0,,,,,1,0,1,1,1,1,1,4,0,0,-1,current,0,0,0.02628697610149781,0.02628697610149781,10,9,9,9,9,0,0,1,1.0,1.0,1.0,1.0,1.0,1,1.0,1.0,1.0,1.0,1.0,1,1.0,1.0,1.0,1.0,1.0,1,1.0,1.0,1.0,1.0,1.0
529,no_strict_e1_improvement,0,,,,,1,0,2,2,2,5,5,4,0,0,-1,current,0,0,0.030539848220845062,0.030539848220845062,9,0,0,0,0,0,0,0,0.0,0.5,1.0,0.75,0.75,0,0.0,0.5,1.0,0.75,0.75,0,0.0,0.5,1.0,0.75,0.75,0,0.0,0.5,1.0,0.75,0.75
530,no_strict_e1_improvement,0,,,,,1,0,1,1,1,1,1,4,0,0,-1,current,0,0,0.041130772636582456,0.041130772636582456,8,3,3,3,3,0,0,0,0.3333333333333333,1.0,0.0,0.5,1.0,0,0.3333333333333333,1.0,0.0,0.5,1.0,0,0.3333333333333333,1.0,0.0,0.5,1.0,0,0.3333333333333333,1.0,0.0,0.5,1.0
531,max_rounds,0,,,,,1,1,3,2,2,6,6,4,-1,0,1,profiled_beam,1,1,0.06372121566285689,0.03565328606055118,6,7,7,0,0,-7,0,0,0.7777777777777778,0.6666666666666666,0.6666666666666666,0.6666666666666666,0.75,0,0.7777777777777778,0.6666666666666666,0.6666666666666666,0.6666666666666666,0.75,0,0.0,0.6666666666666666,0.5,0.5833333333333334,0.6666666666666666,0,0.0,0.6666666666666666,0.5,0.5833333333333334,0.6666666666666666
532,no_strict_e1_improvement,0,,,,,1,0,1,1,1,1,1,4,0,0,-1,current,0,0,0.022118500744303066,0.022118500744303066,11,9,9,9,9,0,0,1,1.0,1.0,1.0,1.0,1.0,1,1.0,1.0,1.0,1.0,1.0,1,1.0,1.0,1.0,1.0,1.0,1,1.0,1.0,1.0,1.0,1.0
533,max_rounds,0,,,,,1,1,2,1,1,2,2,4,0,0,0,s1a3_greedy,1,0,0.3111940324306488,0.16957047084967294,6,1,1,0,0,-1,0,0,0.1111111111111111,0.5,0.3333333333333333,0.4166666666666667,0.5,0,0.1111111111111111,0.5,0.3333333333333333,0.4166666666666667,0.5,0,0.0,0.6666666666666666,0.5,0.5833333333333334,0.75,0,0.0,0.6666666666666666,0.5,0.5833333333333334,0.75
534,max_rounds,0,,,,,1,1,4,4,4,13,13,4,-1,1,0,s1a3_greedy,1,0,0.16228248675664267,0.14612222804377475,6,0,0,0,0,0,0,0,0.0,0.16666666666666666,0.16666666666666666,0.16666666666666666,0.4166666666666667,0,0.0,0.16666666666666666,0.16666666666666666,0.16666666666666666,0.4166666666666667,0,0.0,0.3333333333333333,0.5,0.4166666666666667,0.75,0,0.0,0.3333333333333333,0.5,0.4166666666666667,0.75
535,no_strict_e1_improvement,0,,,,,1,0,1,1,1,1,1,4,0,0,-1,current,0,0,0.05476729478687048,0.05476729478687048,9,9,9,9,9,0,0,1,1.0,1.0,1.0,1.0,1.0,1,1.0,1.0,1.0,1.0,1.0,1,1.0,1.0,1.0,1.0,1.0,1,1.0,1.0,1.0,1.0,1.0
536,max_rounds,0,,,,,1,1,2,2,2,5,5,4,0,-1,0,s1a3_greedy,1,0,0.12551897640029588,0.02958275005221367,10,0,0,9,9,9,0,0,0.0,0.5,1.0,0.75,0.75,0,0.0,0.5,1.0,0.75,0.75,1,1.0,1.0,1.0,1.0,1.0,1,1.0,1.0,1.0,1.0,1.0
537,small_component,0,,,,,1,0,0,0,0,0,0,4,0,0,-1,current,0,0,0.3972481566015631,0.3972481566015631,3,1,1,1,1,0,0,0,0.1111111111111111,0.0,0.0,0.0,0.25,0,0.1111111111111111,0.0,0.0,0.0,0.25,0,0.1111111111111111,0.0,0.0,0.0,0.25,0,0.1111111111111111,0.0,0.0,0.0,0.25
538,no_strict_e1_improvement,0,,,,,1,0,1,1,1,1,1,4,0,0,-1,current,0,0,0.08800666387105593,0.08800666387105593,10,0,0,0,0,0,0,0,0.0,0.5,0.5,0.5,0.5,0,0.0,0.5,0.5,0.5,0.5,0,0.0,0.5,0.5,0.5,0.5,0,0.0,0.5,0.5,0.5,0.5
539,no_strict_e1_improvement,0,,,,,1,0,1,1,1,1,1,4,0,0,-1,current,0,0,0.03171935925881068,0.03171935925881068,9,9,9,9,9,0,0,1,1.0,1.0,1.0,1.0,1.0,1,1.0,1.0,1.0,1.0,1.0,1,1.0,1.0,1.0,1.0,1.0,1,1.0,1.0,1.0,1.0,1.0
540,no_strict_e1_improvement,0,,,,,1,0,1,1,1,1,1,4,0,0,-1,current,0,0,0.056345085807455085,0.056345085807455085,8,7,7,7,7,0,0,0,0.7777777777777778,0.6666666666666666,0.6666666666666666,0.6666666666666666,0.75,0,0.7777777777777778,0.6666666666666666,0.6666666666666666,0.6666666666666666,0.75,0,0.7777777777777778,0.6666666666666666,0.6666666666666666,0.6666666666666666,0.75,0,0.7777777777777778,0.6666666666666666,0.6666666666666666,0.6666666666666666,0.75
541,max_rounds,0,,,,,1,1,5,4,4,16,16,4,0,-1,1,profiled_beam,1,1,0.22538174440463385,0.19591960621376833,6,3,3,3,1,-2,-2,0,0.3333333333333333,0.16666666666666666,0.5,0.3333333333333333,0.5,0,0.3333333333333333,0.16666666666666666,0.5,0.3333333333333333,0.5,0,0.3333333333333333,0.16666666666666666,0.5,0.3333333333333333,0.5,0,0.1111111111111111,0.3333333333333333,0.16666666666666666,0.25,0.3333333333333333
542,max_rounds,0,,,,,1,1,3,2,2,6,6,4,0,0,0,s1a3_greedy,1,0,0.23515879983703294,0.04931575727338592,7,0,0,0,0,0,0,0,0.0,0.16666666666666666,0.6666666666666666,0.4166666666666667,0.5,0,0.0,0.16666666666666666,0.6666666666666666,0.4166666666666667,0.5,0,0.0,0.5,1.0,0.75,0.75,0,0.0,0.5,1.0,0.75,0.75
543,max_rounds,0,,,,,1,1,5,4,4,15,15,4,0,0,1,profiled_beam,1,1,0.21085819997824728,0.14283046328152219,6,0,0,0,0,0,0,0,0.0,0.3333333333333333,0.16666666666666666,0.25,0.25,0,0.0,0.3333333333333333,0.16666666666666666,0.25,0.25,0,0.0,0.5,0.16666666666666666,0.3333333333333333,0.3333333333333333,0,0.0,0.5,0.3333333333333333,0.4166666666666667,0.5
544,no_strict_e1_improvement,0,,,,,1,0,1,1,1,1,1,4,0,0,-1,current,0,0,0.02345453544209401,0.02345453544209401,9,0,0,0,0,0,0,0,0.0,0.5,1.0,0.75,0.75,0,0.0,0.5,1.0,0.75,0.75,0,0.0,0.5,1.0,0.75,0.75,0,0.0,0.5,1.0,0.75,0.75
545,no_strict_e1_improvement,0,,,,,1,0,2,2,2,6,6,4,0,0,-1,current,0,0,0.07407996368904908,0.07407996368904908,10,9,9,9,9,0,0,1,1.0,1.0,1.0,1.0,1.0,1,1.0,1.0,1.0,1.0,1.0,1,1.0,1.0,1.0,1.0,1.0,1,1.0,1.0,1.0,1.0,1.0
546,no_strict_e1_improvement,0,,,,,1,0,1,1,1,1,1,4,0,0,-1,current,0,0,0.060726240277290344,0.060726240277290344,10,9,9,9,9,0,0,1,1.0,1.0,1.0,1.0,1.0,1,1.0,1.0,1.0,1.0,1.0,1,1.0,1.0,1.0,1.0,1.0,1,1.0,1.0,1.0,1.0,1.0
547,small_component,0,,,,,1,0,0,0,0,0,0,4,0,0,-1,current,0,0,0.33935862965881824,0.33935862965881824,4,2,2,2,2,0,0,0,0.2222222222222222,0.3333333333333333,0.3333333333333333,0.3333333333333333,0.5833333333333334,0,0.2222222222222222,0.3333333333333333,0.3333333333333333,0.3333333333333333,0.5833333333333334,0,0.2222222222222222,0.3333333333333333,0.3333333333333333,0.3333333333333333,0.5833333333333334,0,0.2222222222222222,0.3333333333333333,0.3333333333333333,0.3333333333333333,0.5833333333333334
548,partial_completed__no_strict_e1_improvement,1,,3,2,3,1,0,1,1,1,1,1,4,0,0,-1,current,1,0,0.025797310285270214,0.025797310285270214,7,6,9,9,9,3,0,0,0.6666666666666666,0.6666666666666666,0.5,0.5833333333333334,0.5833333333333334,1,1.0,1.0,1.0,1.0,1.0,1,1.0,1.0,1.0,1.0,1.0,1,1.0,1.0,1.0,1.0,1.0
549,no_strict_e1_improvement,0,,,,,1,0,1,1,1,1,1,4,0,0,-1,current,0,0,0.009522631453971067,0.009522631453971067,10,9,9,9,9,0,0,1,1.0,1.0,1.0,1.0,1.0,1,1.0,1.0,1.0,1.0,1.0,1,1.0,1.0,1.0,1.0,1.0,1,1.0,1.0,1.0,1.0,1.0
550,no_strict_e1_improvement,0,,,,,1,0,1,1,1,1,1,4,0,0,-1,current,0,0,0.09029415591309468,0.09029415591309468,9,0,0,0,0,0,0,0,0.0,0.5,0.5,0.5,0.5,0,0.0,0.5,0.5,0.5,0.5,0,0.0,0.5,0.5,0.5,0.5,0,0.0,0.5,0.5,0.5,0.5
551,small_component,0,,,,,1,0,0,0,0,0,0,4,0,0,-1,current,0,0,0.22800241721173128,0.22800241721173128,5,4,4,4,4,0,0,0,0.4444444444444444,0.5,0.16666666666666666,0.3333333333333333,0.4166666666666667,0,0.4444444444444444,0.5,0.16666666666666666,0.3333333333333333,0.4166666666666667,0,0.4444444444444444,0.5,0.16666666666666666,0.3333333333333333,0.4166666666666667,0,0.4444444444444444,0.5,0.16666666666666666,0.3333333333333333,0.4166666666666667
552,max_rounds,0,,,,,1,1,4,4,4,16,16,4,1,0,1,profiled_beam,1,1,0.17705741400520006,0.12805575442810854,7,2,2,2,0,-2,-2,0,0.2222222222222222,0.16666666666666666,0.6666666666666666,0.4166666666666667,0.5833333333333334,0,0.2222222222222222,0.16666666666666666,0.6666666666666666,0.4166666666666667,0.5833333333333334,0,0.2222222222222222,0.16666666666666666,0.6666666666666666,0.4166666666666667,0.5833333333333334,0,0.0,0.3333333333333333,0.5,0.4166666666666667,0.5833333333333334
553,max_rounds,0,,,,,1,1,2,2,2,5,5,4,0,1,0,s1a3_greedy,1,0,0.11676126097639401,0.07700169831514359,7,0,0,0,0,0,0,0,0.0,0.5,0.5,0.5,0.5,0,0.0,0.5,0.5,0.5,0.5,0,0.0,0.5,0.5,0.5,0.5,0,0.0,0.5,0.5,0.5,0.5
554,no_strict_e1_improvement,0,,,,,1,0,1,1,1,1,1,4,0,0,-1,current,0,0,0.009368357869486013,0.009368357869486013,10,9,9,9,9,0,0,1,1.0,1.0,1.0,1.0,1.0,1,1.0,1.0,1.0,1.0,1.0,1,1.0,1.0,1.0,1.0,1.0,1,1.0,1.0,1.0,1.0,1.0
555,no_strict_e1_improvement,0,,,,,1,0,1,1,1,1,1,4,0,0,-1,current,0,0,0.045754844788461924,0.045754844788461924,7,0,0,0,0,0,0,0,0.0,1.0,0.5,0.75,0.75,0,0.0,1.0,0.5,0.75,0.75,0,0.0,1.0,0.5,0.75,0.75,0,0.0,1.0,0.5,0.75,0.75
556,no_strict_e1_improvement,0,,,,,1,0,1,1,1,1,1,4,0,0,-1,current,0,0,0.012270845472812653,0.012270845472812653,12,9,9,9,9,0,0,1,1.0,1.0,1.0,1.0,1.0,1,1.0,1.0,1.0,1.0,1.0,1,1.0,1.0,1.0,1.0,1.0,1,1.0,1.0,1.0,1.0,1.0
557,max_rounds,0,,,,,1,1,4,4,4,14,14,4,0,1,0,s1a3_greedy,1,0,0.13240599756439528,0.09731034065286319,7,0,0,9,9,9,0,0,0.0,0.5,0.8333333333333334,0.6666666666666666,0.6666666666666666,0,0.0,0.5,0.8333333333333334,0.6666666666666666,0.6666666666666666,1,1.0,1.0,1.0,1.0,1.0,1,1.0,1.0,1.0,1.0,1.0
558,small_component,0,,,,,1,0,0,0,0,0,0,4,0,0,-1,current,0,0,0.18504582500706115,0.18504582500706115,5,2,2,2,2,0,0,0,0.2222222222222222,0.16666666666666666,0.0,0.08333333333333333,0.25,0,0.2222222222222222,0.16666666666666666,0.0,0.08333333333333333,0.25,0,0.2222222222222222,0.16666666666666666,0.0,0.08333333333333333,0.25,0,0.2222222222222222,0.16666666666666666,0.0,0.08333333333333333,0.25
559,no_strict_e1_improvement,0,,,,,1,0,1,1,1,1,1,4,0,0,-1,current,0,0,0.10065660819721718,0.10065660819721718,8,0,0,0,0,0,0,0,0.0,0.5,0.5,0.5,0.5,0,0.0,0.5,0.5,0.5,0.5,0,0.0,0.5,0.5,0.5,0.5,0,0.0,0.5,0.5,0.5,0.5
560,no_strict_e1_improvement,0,,,,,1,0,1,1,1,1,1,4,0,0,-1,current,0,0,0.06808722209340583,0.06808722209340583,6,6,6,6,6,0,0,0,0.6666666666666666,0.5,0.8333333333333334,0.6666666666666666,0.6666666666666666,0,0.6666666666666666,0.5,0.8333333333333334,0.6666666666666666,0.6666666666666666,0,0.6666666666666666,0.5,0.8333333333333334,0.6666666666666666,0.6666666666666666,0,0.6666666666666666,0.5,0.8333333333333334,0.6666666666666666,0.6666666666666666
561,no_strict_e1_improvement,0,,,,,1,0,2,2,2,6,6,4,0,0,-1,current,0,0,0.06293667231996854,0.06293667231996854,8,0,0,0,0,0,0,0,0.0,0.5,1.0,0.75,0.75,0,0.0,0.5,1.0,0.75,0.75,0,0.0,0.5,1.0,0.75,0.75,0,0.0,0.5,1.0,0.75,0.75
562,no_strict_e1_improvement,0,,,,,1,0,1,1,1,1,1,4,0,0,-1,current,0,0,0.05630553886294365,0.05630553886294365,9,0,0,0,0,0,0,0,0.0,0.5,0.5,0.5,0.5,0,0.0,0.5,0.5,0.5,0.5,0,0.0,0.5,0.5,0.5,0.5,0,0.0,0.5,0.5,0.5,0.5
563,max_rounds,0,,,,,1,1,5,4,4,13,13,4,-1,1,0,s1a3_greedy,1,0,0.20471427838007608,0.016561639805634815,11,0,0,9,9,9,0,0,0.0,0.5,0.6666666666666666,0.5833333333333334,0.5833333333333334,0,0.0,0.5,0.6666666666666666,0.5833333333333334,0.5833333333333334,1,1.0,1.0,1.0,1.0,1.0,1,1.0,1.0,1.0,1.0,1.0
564,no_strict_e1_improvement,0,,,,,1,0,1,1,1,1,1,4,0,0,-1,current,0,0,0.09943212941288948,0.09943212941288948,8,6,6,6,6,0,0,0,0.6666666666666666,0.5,0.8333333333333334,0.6666666666666666,0.6666666666666666,0,0.6666666666666666,0.5,0.8333333333333334,0.6666666666666666,0.6666666666666666,0,0.6666666666666666,0.5,0.8333333333333334,0.6666666666666666,0.6666666666666666,0,0.6666666666666666,0.5,0.8333333333333334,0.6666666666666666,0.6666666666666666
565,small_component,0,,,,,1,0,0,0,0,0,0,4,0,0,-1,current,0,0,0.15317672599727908,0.15317672599727908,7,5,5,5,5,0,0,0,0.5555555555555556,0.16666666666666666,0.3333333333333333,0.25,0.5833333333333334,0,0.5555555555555556,0.16666666666666666,0.3333333333333333,0.25,0.5833333333333334,0,0.5555555555555556,0.16666666666666666,0.3333333333333333,0.25,0.5833333333333334,0,0.5555555555555556,0.16666666666666666,0.3333333333333333,0.25,0.5833333333333334
566,max_rounds,0,,,,,1,1,5,4,4,15,15,4,-1,0,1,profiled_beam,1,1,0.2950560978303353,0.17343652000029883,3,0,0,5,5,5,0,0,0.0,0.16666666666666666,0.16666666666666666,0.16666666666666666,0.3333333333333333,0,0.0,0.16666666666666666,0.16666666666666666,0.16666666666666666,0.3333333333333333,0,0.5555555555555556,0.3333333333333333,0.3333333333333333,0.3333333333333333,0.5,0,0.5555555555555556,0.3333333333333333,0.16666666666666666,0.25,0.4166666666666667
567,small_component,0,,,,,1,0,0,0,0,0,0,4,0,0,-1,current,0,0,0.21838637068867683,0.21838637068867683,7,3,3,3,3,0,0,0,0.3333333333333333,0.3333333333333333,0.16666666666666666,0.25,0.5,0,0.3333333333333333,0.3333333333333333,0.16666666666666666,0.25,0.5,0,0.3333333333333333,0.3333333333333333,0.16666666666666666,0.25,0.5,0,0.3333333333333333,0.3333333333333333,0.16666666666666666,0.25,0.5
568,max_rounds,0,,,,,1,1,3,2,2,6,6,4,0,1,1,profiled_beam,1,1,0.21261780429631472,0.0401164764771238,7,0,0,0,0,0,0,0,0.0,0.5,0.3333333333333333,0.4166666666666667,0.5,0,0.0,0.5,0.3333333333333333,0.4166666666666667,0.5,0,0.0,0.5,0.5,0.5,0.5,0,0.0,1.0,0.5,0.75,0.75
569,no_strict_e1_improvement,0,,,,,1,0,1,1,1,1,1,4,0,0,-1,current,0,0,0.04808936454355717,0.04808936454355717,9,0,0,0,0,0,0,0,0.0,0.8333333333333334,0.5,0.6666666666666666,0.6666666666666666,0,0.0,0.8333333333333334,0.5,0.6666666666666666,0.6666666666666666,0,0.0,0.8333333333333334,0.5,0.6666666666666666,0.6666666666666666,0,0.0,0.8333333333333334,0.5,0.6666666666666666,0.6666666666666666
570,max_rounds,0,,,,,1,1,5,4,4,13,13,4,1,0,1,profiled_beam,1,1,0.19826716421327242,0.11823151373149206,8,0,0,0,0,0,0,0,0.0,0.5,0.16666666666666666,0.3333333333333333,0.4166666666666667,0,0.0,0.5,0.16666666666666666,0.3333333333333333,0.4166666666666667,0,0.0,0.3333333333333333,0.5,0.4166666666666667,0.4166666666666667,0,0.0,0.6666666666666666,0.5,0.5833333333333334,0.6666666666666666
571,no_strict_e1_improvement,0,,,,,1,0,1,1,1,1,1,4,0,0,-1,current,0,0,0.024098897585645318,0.024098897585645318,10,9,9,9,9,0,0,1,1.0,1.0,1.0,1.0,1.0,1,1.0,1.0,1.0,1.0,1.0,1,1.0,1.0,1.0,1.0,1.0,1,1.0,1.0,1.0,1.0,1.0
572,no_strict_e1_improvement,0,,,,,1,0,1,1,1,1,1,4,0,0,-1,current,0,0,0.012085072696208954,0.012085072696208954,10,9,9,9,9,0,0,1,1.0,1.0,1.0,1.0,1.0,1,1.0,1.0,1.0,1.0,1.0,1,1.0,1.0,1.0,1.0,1.0,1,1.0,1.0,1.0,1.0,1.0
573,max_rounds,0,,,,,1,1,5,4,4,14,14,4,0,0,0,s1a3_greedy,1,0,0.15279147401452065,0.143343652288119,7,1,1,1,1,0,0,0,0.1111111111111111,0.0,0.6666666666666666,0.3333333333333333,0.5833333333333334,0,0.1111111111111111,0.0,0.6666666666666666,0.3333333333333333,0.5833333333333334,0,0.1111111111111111,0.16666666666666666,0.5,0.3333333333333333,0.5833333333333334,0,0.1111111111111111,0.16666666666666666,0.5,0.3333333333333333,0.5833333333333334
574,no_strict_e1_improvement,0,,,,,1,0,2,2,2,5,5,4,0,0,-1,current,0,0,0.1911371530344089,0.1911371530344089,6,0,0,0,0,0,0,0,0.0,0.5,0.5,0.5,0.5,0,0.0,0.5,0.5,0.5,0.5,0,0.0,0.5,0.5,0.5,0.5,0,0.0,0.5,0.5,0.5,0.5
575,partial_completed__no_strict_e1_improvement,1,,3,2,4,1,0,4,4,4,15,15,4,0,0,-1,current,1,0,0.21250184594343105,0.21250184594343105,5,3,3,3,3,0,0,0,0.3333333333333333,0.0,0.6666666666666666,0.3333333333333333,0.3333333333333333,0,0.3333333333333333,0.0,0.8333333333333334,0.4166666666666667,0.4166666666666667,0,0.3333333333333333,0.0,0.8333333333333334,0.4166666666666667,0.4166666666666667,0,0.3333333333333333,0.0,0.8333333333333334,0.4166666666666667,0.4166666666666667
576,max_rounds,0,,,,,1,1,2,2,2,6,6,4,0,1,0,s1a3_greedy,1,0,0.1089458887775739,0.050061396012703575,8,0,0,9,9,9,0,0,0.0,0.5,1.0,0.75,0.75,0,0.0,0.5,1.0,0.75,0.75,1,1.0,1.0,1.0,1.0,1.0,1,1.0,1.0,1.0,1.0,1.0
577,no_strict_e1_improvement,0,,,,,1,0,1,1,1,1,1,4,0,0,-1,current,0,0,0.03747615839044253,0.03747615839044253,9,0,0,0,0,0,0,0,0.0,1.0,0.5,0.75,0.75,0,0.0,1.0,0.5,0.75,0.75,0,0.0,1.0,0.5,0.75,0.75,0,0.0,1.0,0.5,0.75,0.75
578,max_rounds,0,,,,,1,1,3,2,2,7,7,4,0,1,0,s1a3_greedy,1,0,0.1568067151432236,0.010638865642249584,11,0,0,9,9,9,0,0,0.0,0.5,0.8333333333333334,0.6666666666666666,0.6666666666666666,0,0.0,0.5,0.8333333333333334,0.6666666666666666,0.6666666666666666,1,1.0,1.0,1.0,1.0,1.0,1,1.0,1.0,1.0,1.0,1.0
579,no_strict_e1_improvement,0,,,,,1,0,1,1,1,1,1,4,0,0,-1,current,0,0,0.0003086742750989894,0.0003086742750989894,12,0,0,0,0,0,0,0,0.0,0.5,1.0,0.75,0.75,0,0.0,0.5,1.0,0.75,0.75,0,0.0,0.5,1.0,0.75,0.75,0,0.0,0.5,1.0,0.75,0.75
580,no_strict_e1_improvement,0,,,,,1,0,1,1,1,1,1,4,0,0,-1,current,0,0,0.0213003009557724,0.0213003009557724,11,9,9,9,9,0,0,1,1.0,1.0,1.0,1.0,1.0,1,1.0,1.0,1.0,1.0,1.0,1,1.0,1.0,1.0,1.0,1.0,1,1.0,1.0,1.0,1.0,1.0
581,no_strict_e1_improvement,0,,,,,1,0,1,1,1,1,1,4,0,0,-1,current,0,0,0.010398310298720995,0.010398310298720995,12,9,9,9,9,0,0,1,1.0,1.0,1.0,1.0,1.0,1,1.0,1.0,1.0,1.0,1.0,1,1.0,1.0,1.0,1.0,1.0,1,1.0,1.0,1.0,1.0,1.0
582,no_strict_e1_improvement,0,,,,,1,0,1,1,1,1,1,4,0,0,-1,current,0,0,0.0964908426006635,0.0964908426006635,9,7,7,7,7,0,0,0,0.7777777777777778,0.6666666666666666,0.6666666666666666,0.6666666666666666,0.75,0,0.7777777777777778,0.6666666666666666,0.6666666666666666,0.6666666666666666,0.75,0,0.7777777777777778,0.6666666666666666,0.6666666666666666,0.6666666666666666,0.75,0,0.7777777777777778,0.6666666666666666,0.6666666666666666,0.6666666666666666,0.75
583,max_rounds,0,,,,,1,1,2,2,2,7,7,4,-1,0,0,s1a3_greedy,1,0,0.10345683929820855,0.02637304412201047,5,0,0,9,9,9,0,0,0.0,0.6666666666666666,0.5,0.5833333333333334,0.6666666666666666,0,0.0,0.6666666666666666,0.5,0.5833333333333334,0.6666666666666666,1,1.0,1.0,1.0,1.0,1.0,1,1.0,1.0,1.0,1.0,1.0
584,max_rounds,0,,,,,1,1,5,4,4,12,12,4,0,0,0,s1a3_greedy,1,0,0.2379865829522411,0.05701731098815799,7,0,0,0,0,0,0,0,0.0,0.16666666666666666,0.6666666666666666,0.4166666666666667,0.5,0,0.0,0.16666666666666666,0.6666666666666666,0.4166666666666667,0.5,0,0.0,0.5,1.0,0.75,0.75,0,0.0,0.5,1.0,0.75,0.75
585,no_strict_e1_improvement,0,,,,,1,0,1,1,1,1,1,4,0,0,-1,current,0,0,0.01892377684513728,0.01892377684513728,10,0,0,0,0,0,0,0,0.0,1.0,0.5,0.75,0.75,0,0.0,1.0,0.5,0.75,0.75,0,0.0,1.0,0.5,0.75,0.75,0,0.0,1.0,0.5,0.75,0.75
586,no_strict_e1_improvement,0,,,,,1,0,1,1,1,1,1,4,0,0,-1,current,0,0,0.07605063418547313,0.07605063418547313,11,0,0,0,0,0,0,0,0.0,0.5,1.0,0.75,0.75,0,0.0,0.5,1.0,0.75,0.75,0,0.0,0.5,1.0,0.75,0.75,0,0.0,0.5,1.0,0.75,0.75
587,no_strict_e1_improvement,0,,,,,1,0,1,1,1,1,1,4,0,0,-1,current,0,0,0.08888747605184714,0.08888747605184714,7,0,0,0,0,0,0,0,0.0,0.5,0.5,0.5,0.5,0,0.0,0.5,0.5,0.5,0.5,0,0.0,0.5,0.5,0.5,0.5,0,0.0,0.5,0.5,0.5,0.5
588,no_strict_e1_improvement,0,,,,,1,0,1,1,1,1,1,4,0,0,-1,current,0,0,0.019517337398913998,0.019517337398913998,8,0,0,0,0,0,0,0,0.0,0.5,0.5,0.5,0.5,0,0.0,0.5,0.5,0.5,0.5,0,0.0,0.5,0.5,0.5,0.5,0,0.0,0.5,0.5,0.5,0.5
589,no_strict_e1_improvement,0,,,,,1,0,1,1,1,1,1,4,0,0,-1,current,0,0,0.15640907300015292,0.15640907300015292,8,0,0,0,0,0,0,0,0.0,0.5,0.3333333333333333,0.4166666666666667,0.5,0,0.0,0.5,0.3333333333333333,0.4166666666666667,0.5,0,0.0,0.5,0.3333333333333333,0.4166666666666667,0.5,0,0.0,0.5,0.3333333333333333,0.4166666666666667,0.5
590,no_strict_e1_improvement,0,,,,,1,0,1,1,1,1,1,4,0,0,-1,current,0,0,0.04047127937277158,0.04047127937277158,11,0,0,0,0,0,0,0,0.0,0.5,0.5,0.5,0.5,0,0.0,0.5,0.5,0.5,0.5,0,0.0,0.5,0.5,0.5,0.5,0,0.0,0.5,0.5,0.5,0.5
591,small_component,0,,,,,1,0,0,0,0,0,0,4,0,0,-1,current,0,0,0.3253821227699518,0.3253821227699518,4,1,1,1,1,0,0,0,0.1111111111111111,0.16666666666666666,0.0,0.08333333333333333,0.3333333333333333,0,0.1111111111111111,0.16666666666666666,0.0,0.08333333333333333,0.3333333333333333,0,0.1111111111111111,0.16666666666666666,0.0,0.08333333333333333,0.3333333333333333,0,0.1111111111111111,0.16666666666666666,0.0,0.08333333333333333,0.3333333333333333
592,max_rounds,0,,,,,1,1,2,2,2,6,6,4,-1,0,0,s1a3_greedy,1,0,0.22364147302384177,0.19994376708442965,5,0,0,0,0,0,0,0,0.0,0.16666666666666666,0.5,0.3333333333333333,0.4166666666666667,0,0.0,0.16666666666666666,0.5,0.3333333333333333,0.4166666666666667,0,0.0,0.16666666666666666,0.5,0.3333333333333333,0.4166666666666667,0,0.0,0.16666666666666666,0.5,0.3333333333333333,0.4166666666666667
593,no_strict_e1_improvement,0,,,,,1,0,1,1,1,2,2,4,0,0,-1,current,0,0,0.14058057870715857,0.14058057870715857,7,0,0,0,0,0,0,0,0.0,1.0,0.5,0.75,0.75,0,0.0,1.0,0.5,0.75,0.75,0,0.0,1.0,0.5,0.75,0.75,0,0.0,1.0,0.5,0.75,0.75
594,no_strict_e1_improvement,0,,,,,1,0,1,1,1,1,1,4,0,0,-1,current,0,0,0.0026431389463444552,0.0026431389463444552,10,9,9,9,9,0,0,1,1.0,1.0,1.0,1.0,1.0,1,1.0,1.0,1.0,1.0,1.0,1,1.0,1.0,1.0,1.0,1.0,1,1.0,1.0,1.0,1.0,1.0
595,no_strict_e1_improvement,0,,,,,1,0,1,1,1,1,1,4,0,0,-1,current,0,0,0.044485797795156636,0.044485797795156636,7,0,0,0,0,0,0,0,0.0,0.6666666666666666,0.5,0.5833333333333334,0.6666666666666666,0,0.0,0.6666666666666666,0.5,0.5833333333333334,0.6666666666666666,0,0.0,0.6666666666666666,0.5,0.5833333333333334,0.6666666666666666,0,0.0,0.6666666666666666,0.5,0.5833333333333334,0.6666666666666666
596,no_strict_e1_improvement,0,,,,,1,0,1,1,1,1,1,4,0,0,-1,current,0,0,0.025282275552550953,0.025282275552550953,9,9,9,9,9,0,0,1,1.0,1.0,1.0,1.0,1.0,1,1.0,1.0,1.0,1.0,1.0,1,1.0,1.0,1.0,1.0,1.0,1,1.0,1.0,1.0,1.0,1.0
597,small_component,0,,,,,1,0,0,0,0,0,0,4,0,0,-1,current,0,0,0.34553502562145394,0.34553502562145394,5,3,3,3,3,0,0,0,0.3333333333333333,0.0,0.5,0.25,0.3333333333333333,0,0.3333333333333333,0.0,0.5,0.25,0.3333333333333333,0,0.3333333333333333,0.0,0.5,0.25,0.3333333333333333,0,0.3333333333333333,0.0,0.5,0.25,0.3333333333333333
598,no_strict_e1_improvement,0,,,,,1,0,1,1,1,1,1,4,0,0,-1,current,0,0,0.08277627430409969,0.08277627430409969,10,9,9,9,9,0,0,1,1.0,1.0,1.0,1.0,1.0,1,1.0,1.0,1.0,1.0,1.0,1,1.0,1.0,1.0,1.0,1.0,1,1.0,1.0,1.0,1.0,1.0
599,no_strict_e1_improvement,0,,,,,1,0,1,1,1,2,2,4,0,0,-1,current,0,0,0.18010131052384773,0.18010131052384773,6,0,0,0,0,0,0,0,0.0,0.6666666666666666,0.3333333333333333,0.5,0.5833333333333334,0,0.0,0.6666666666666666,0.3333333333333333,0.5,0.5833333333333334,0,0.0,0.6666666666666666,0.3333333333333333,0.5,0.5833333333333334,0,0.0,0.6666666666666666,0.3333333333333333,0.5,0.5833333333333334
600,no_strict_e1_improvement,0,,,,,1,0,1,1,1,1,1,4,0,0,-1,current,0,0,0.0698368822534879,0.0698368822534879,9,0,0,0,0,0,0,0,0.0,0.5,0.8333333333333334,0.6666666666666666,0.6666666666666666,0,0.0,0.5,0.8333333333333334,0.6666666666666666,0.6666666666666666,0,0.0,0.5,0.8333333333333334,0.6666666666666666,0.6666666666666666,0,0.0,0.5,0.8333333333333334,0.6666666666666666,0.6666666666666666
601,no_strict_e1_improvement,0,,,,,1,0,1,1,1,1,1,4,0,0,-1,current,0,0,0.01958707006027301,0.01958707006027301,10,9,9,9,9,0,0,1,1.0,1.0,1.0,1.0,1.0,1,1.0,1.0,1.0,1.0,1.0,1,1.0,1.0,1.0,1.0,1.0,1,1.0,1.0,1.0,1.0,1.0
602,no_strict_e1_improvement,0,,,,,1,0,1,1,1,1,1,4,0,0,-1,current,0,0,0.02783950340623657,0.02783950340623657,7,0,0,0,0,0,0,0,0.0,0.5,1.0,0.75,0.75,0,0.0,0.5,1.0,0.75,0.75,0,0.0,0.5,1.0,0.75,0.75,0,0.0,0.5,1.0,0.75,0.75
603,no_strict_e1_improvement,0,,,,,1,0,1,1,1,1,1,4,0,0,-1,current,0,0,0.08250456241269906,0.08250456241269906,10,0,0,0,0,0,0,0,0.0,0.5,0.5,0.5,0.5,0,0.0,0.5,0.5,0.5,0.5,0,0.0,0.5,0.5,0.5,0.5,0,0.0,0.5,0.5,0.5,0.5
604,no_strict_e1_improvement,0,,,,,1,0,1,1,1,2,2,4,0,0,-1,current,0,0,0.18973626374887922,0.18973626374887922,6,0,0,0,0,0,0,0,0.0,0.16666666666666666,0.5,0.3333333333333333,0.3333333333333333,0,0.0,0.16666666666666666,0.5,0.3333333333333333,0.3333333333333333,0,0.0,0.16666666666666666,0.5,0.3333333333333333,0.3333333333333333,0,0.0,0.16666666666666666,0.5,0.3333333333333333,0.3333333333333333
605,small_component,0,,,,,1,0,0,0,0,0,0,4,0,0,-1,current,0,0,0.16089203488081694,0.16089203488081694,6,0,0,0,0,0,0,0,0.0,0.5,1.0,0.75,0.75,0,0.0,0.5,1.0,0.75,0.75,0,0.0,0.5,1.0,0.75,0.75,0,0.0,0.5,1.0,0.75,0.75
606,max_rounds,0,,,,,1,1,3,2,2,7,7,4,0,0,0,s1a3_greedy,1,0,0.20561163127422333,0.05554035414631168,8,1,1,0,0,-1,0,0,0.1111111111111111,0.3333333333333333,0.6666666666666666,0.5,0.5833333333333334,0,0.1111111111111111,0.3333333333333333,0.6666666666666666,0.5,0.5833333333333334,0,0.0,0.5,1.0,0.75,0.75,0,0.0,0.5,1.0,0.75,0.75
607,no_strict_e1_improvement,0,,,,,1,0,1,1,1,1,1,4,0,0,-1,current,0,0,0.037569825227061905,0.037569825227061905,9,0,0,0,0,0,0,0,0.0,0.5,1.0,0.75,0.75,0,0.0,0.5,1.0,0.75,0.75,0,0.0,0.5,1.0,0.75,0.75,0,0.0,0.5,1.0,0.75,0.75
608,no_strict_e1_improvement,0,,,,,1,0,1,1,1,1,1,4,0,0,-1,current,0,0,0.04434717819094658,0.04434717819094658,8,0,0,0,0,0,0,0,0.0,1.0,0.5,0.75,0.75,0,0.0,1.0,0.5,0.75,0.75,0,0.0,1.0,0.5,0.75,0.75,0,0.0,1.0,0.5,0.75,0.75
609,no_strict_e1_improvement,0,,,,,1,0,1,1,1,1,1,4,0,0,-1,current,0,0,0.011762018819960455,0.011762018819960455,12,0,0,0,0,0,0,0,0.0,0.5,1.0,0.75,0.75,0,0.0,0.5,1.0,0.75,0.75,0,0.0,0.5,1.0,0.75,0.75,0,0.0,0.5,1.0,0.75,0.75
610,max_rounds,0,,,,,1,1,5,4,4,11,11,4,-1,0,0,s1a3_greedy,1,0,0.27616098523139954,0.02547654971325149,9,0,0,0,0,0,0,0,0.0,0.3333333333333333,0.3333333333333333,0.3333333333333333,0.4166666666666667,0,0.0,0.3333333333333333,0.3333333333333333,0.3333333333333333,0.4166666666666667,0,0.0,0.5,1.0,0.75,0.75,0,0.0,0.5,1.0,0.75,0.75
611,no_strict_e1_improvement,0,,,,,1,0,1,1,1,1,1,4,0,0,-1,current,0,0,0.13480694110815725,0.13480694110815725,6,0,0,0,0,0,0,0,0.0,0.3333333333333333,0.5,0.4166666666666667,0.5833333333333334,0,0.0,0.3333333333333333,0.5,0.4166666666666667,0.5833333333333334,0,0.0,0.3333333333333333,0.5,0.4166666666666667,0.5833333333333334,0,0.0,0.3333333333333333,0.5,0.4166666666666667,0.5833333333333334
612,no_strict_e1_improvement,0,,,,,1,0,1,1,1,1,1,4,0,0,-1,current,0,0,0.0018663243778670828,0.0018663243778670828,12,9,9,9,9,0,0,1,1.0,1.0,1.0,1.0,1.0,1,1.0,1.0,1.0,1.0,1.0,1,1.0,1.0,1.0,1.0,1.0,1,1.0,1.0,1.0,1.0,1.0
613,no_strict_e1_improvement,0,,,,,1,0,1,1,1,1,1,4,0,0,-1,current,0,0,0.005991995955506961,0.005991995955506961,11,0,0,0,0,0,0,0,0.0,1.0,0.5,0.75,0.75,0,0.0,1.0,0.5,0.75,0.75,0,0.0,1.0,0.5,0.75,0.75,0,0.0,1.0,0.5,0.75,0.75
614,no_strict_e1_improvement,0,,,,,1,0,1,1,1,1,1,4,0,0,-1,current,0,0,0.04589215867842237,0.04589215867842237,9,0,0,0,0,0,0,0,0.0,0.6666666666666666,0.5,0.5833333333333334,0.75,0,0.0,0.6666666666666666,0.5,0.5833333333333334,0.75,0,0.0,0.6666666666666666,0.5,0.5833333333333334,0.75,0,0.0,0.6666666666666666,0.5,0.5833333333333334,0.75
615,max_rounds,0,,,,,1,1,5,4,4,13,13,4,1,1,0,s1a3_greedy,1,0,0.21344490411380926,0.14839675869734492,5,2,2,0,0,-2,0,0,0.2222222222222222,0.16666666666666666,0.5,0.3333333333333333,0.5,0,0.2222222222222222,0.16666666666666666,0.5,0.3333333333333333,0.5,0,0.0,0.3333333333333333,0.16666666666666666,0.25,0.5,0,0.0,0.3333333333333333,0.16666666666666666,0.25,0.5
616,max_rounds,0,,,,,1,1,5,4,4,12,12,4,0,0,1,profiled_beam,1,1,0.2852168685446183,0.09202934273829062,6,0,0,7,3,3,-4,0,0.0,0.3333333333333333,0.5,0.4166666666666667,0.5833333333333334,0,0.0,0.3333333333333333,0.5,0.4166666666666667,0.5833333333333334,0,0.7777777777777778,0.6666666666666666,0.6666666666666666,0.6666666666666666,0.8333333333333334,0,0.3333333333333333,0.5,0.6666666666666666,0.5833333333333334,0.5833333333333334
617,max_rounds,0,,,,,1,1,5,4,4,14,14,4,0,0,0,s1a3_greedy,1,0,0.29564176422233385,0.08960997150279582,5,2,2,0,0,-2,0,0,0.2222222222222222,0.16666666666666666,0.3333333333333333,0.25,0.4166666666666667,0,0.2222222222222222,0.16666666666666666,0.3333333333333333,0.25,0.4166666666666667,0,0.0,0.5,0.16666666666666666,0.3333333333333333,0.4166666666666667,0,0.0,0.5,0.16666666666666666,0.3333333333333333,0.4166666666666667
618,partial_completed__no_strict_e1_improvement,1,,3,2,3,1,0,2,2,2,7,7,4,0,0,-1,current,1,0,0.0871963865744571,0.0871963865744571,9,0,0,0,0,0,0,0,0.0,0.0,0.6666666666666666,0.3333333333333333,0.3333333333333333,0,0.0,0.5,1.0,0.75,0.75,0,0.0,0.5,1.0,0.75,0.75,0,0.0,0.5,1.0,0.75,0.75
619,max_rounds,0,,,,,1,1,2,2,2,6,6,4,0,-1,0,s1a3_greedy,1,0,0.08236504074496527,0.019941519557808835,8,9,9,0,0,-9,0,1,1.0,1.0,1.0,1.0,1.0,1,1.0,1.0,1.0,1.0,1.0,0,0.0,0.5,1.0,0.75,0.75,0,0.0,0.5,1.0,0.75,0.75
620,partial_completed__no_strict_e1_improvement,1,,3,2,4,1,0,2,2,2,8,8,4,0,0,-1,current,1,0,0.2365837370355924,0.2365837370355924,6,5,0,0,0,-5,0,0,0.5555555555555556,0.5,0.3333333333333333,0.4166666666666667,0.5,0,0.0,0.5,0.3333333333333333,0.4166666666666667,0.5833333333333334,0,0.0,0.5,0.3333333333333333,0.4166666666666667,0.5833333333333334,0,0.0,0.5,0.3333333333333333,0.4166666666666667,0.5833333333333334
621,no_strict_e1_improvement,0,,,,,1,0,2,2,2,6,6,4,0,0,-1,current,0,0,0.1187812613400941,0.1187812613400941,7,0,0,0,0,0,0,0,0.0,1.0,0.5,0.75,0.75,0,0.0,1.0,0.5,0.75,0.75,0,0.0,1.0,0.5,0.75,0.75,0,0.0,1.0,0.5,0.75,0.75
622,max_rounds,0,,,,,1,1,5,4,4,14,14,4,0,1,0,s1a3_greedy,1,0,0.22296357341110706,0.10877636012931664,7,0,0,9,9,9,0,0,0.0,0.5,1.0,0.75,0.75,0,0.0,0.5,1.0,0.75,0.75,1,1.0,1.0,1.0,1.0,1.0,1,1.0,1.0,1.0,1.0,1.0
623,max_rounds,0,,,,,1,1,5,4,4,11,11,4,0,0,1,profiled_beam,1,1,0.1440366149569551,0.07671358529478312,7,1,1,0,0,-1,0,0,0.1111111111111111,0.0,0.6666666666666666,0.3333333333333333,0.4166666666666667,0,0.1111111111111111,0.0,0.6666666666666666,0.3333333333333333,0.4166666666666667,0,0.0,0.16666666666666666,0.6666666666666666,0.4166666666666667,0.5,0,0.0,0.5,1.0,0.75,0.75
624,partial_completed__no_strict_e1_improvement,1,,3,2,3,1,0,1,1,1,1,1,4,0,0,-1,current,1,0,0.05162966484203935,0.05162966484203935,10,0,9,9,9,9,0,0,0.0,0.5,0.6666666666666666,0.5833333333333334,0.5833333333333334,1,1.0,1.0,1.0,1.0,1.0,1,1.0,1.0,1.0,1.0,1.0,1,1.0,1.0,1.0,1.0,1.0
625,no_strict_e1_improvement,0,,,,,1,0,1,1,1,1,1,4,0,0,-1,current,0,0,0.010198509010175863,0.010198509010175863,9,9,9,9,9,0,0,1,1.0,1.0,1.0,1.0,1.0,1,1.0,1.0,1.0,1.0,1.0,1,1.0,1.0,1.0,1.0,1.0,1,1.0,1.0,1.0,1.0,1.0
626,small_component,0,,,,,1,0,0,0,0,0,0,4,0,0,-1,current,0,0,0.17901403771247715,0.17901403771247715,8,4,4,4,4,0,0,0,0.4444444444444444,0.3333333333333333,0.5,0.4166666666666667,0.5,0,0.4444444444444444,0.3333333333333333,0.5,0.4166666666666667,0.5,0,0.4444444444444444,0.3333333333333333,0.5,0.4166666666666667,0.5,0,0.4444444444444444,0.3333333333333333,0.5,0.4166666666666667,0.5
627,no_strict_e1_improvement,0,,,,,1,0,1,1,1,1,1,4,0,0,-1,current,0,0,0.09760618675500154,0.09760618675500154,9,0,0,0,0,0,0,0,0.0,0.5,0.8333333333333334,0.6666666666666666,0.6666666666666666,0,0.0,0.5,0.8333333333333334,0.6666666666666666,0.6666666666666666,0,0.0,0.5,0.8333333333333334,0.6666666666666666,0.6666666666666666,0,0.0,0.5,0.8333333333333334,0.6666666666666666,0.6666666666666666
628,no_strict_e1_improvement,0,,,,,1,0,1,1,1,1,1,4,0,0,-1,current,0,0,0.1066435994580388,0.1066435994580388,8,1,1,1,1,0,0,0,0.1111111111111111,0.6666666666666666,0.3333333333333333,0.5,0.6666666666666666,0,0.1111111111111111,0.6666666666666666,0.3333333333333333,0.5,0.6666666666666666,0,0.1111111111111111,0.6666666666666666,0.3333333333333333,0.5,0.6666666666666666,0,0.1111111111111111,0.6666666666666666,0.3333333333333333,0.5,0.6666666666666666
629,no_strict_e1_improvement,0,,,,,1,0,1,1,1,1,1,4,0,0,-1,current,0,0,0.15270598341400424,0.15270598341400424,8,3,3,3,3,0,0,0,0.3333333333333333,0.0,1.0,0.5,0.75,0,0.3333333333333333,0.0,1.0,0.5,0.75,0,0.3333333333333333,0.0,1.0,0.5,0.75,0,0.3333333333333333,0.0,1.0,0.5,0.75
630,no_strict_e1_improvement,0,,,,,1,0,1,1,1,2,2,4,0,0,-1,current,0,0,0.2376697967022968,0.2376697967022968,6,0,0,0,0,0,0,0,0.0,0.16666666666666666,0.0,0.08333333333333333,0.25,0,0.0,0.16666666666666666,0.0,0.08333333333333333,0.25,0,0.0,0.16666666666666666,0.0,0.08333333333333333,0.25,0,0.0,0.16666666666666666,0.0,0.08333333333333333,0.25
631,no_strict_e1_improvement,0,,,,,1,0,1,1,1,2,2,4,0,0,-1,current,0,0,0.1689438670873642,0.1689438670873642,7,0,0,0,0,0,0,0,0.0,0.16666666666666666,0.3333333333333333,0.25,0.4166666666666667,0,0.0,0.16666666666666666,0.3333333333333333,0.25,0.4166666666666667,0,0.0,0.16666666666666666,0.3333333333333333,0.25,0.4166666666666667,0,0.0,0.16666666666666666,0.3333333333333333,0.25,0.4166666666666667
632,no_strict_e1_improvement,0,,,,,1,0,1,1,1,1,1,4,0,0,-1,current,0,0,0.006260808596077065,0.006260808596077065,10,9,9,9,9,0,0,1,1.0,1.0,1.0,1.0,1.0,1,1.0,1.0,1.0,1.0,1.0,1,1.0,1.0,1.0,1.0,1.0,1,1.0,1.0,1.0,1.0,1.0
633,no_strict_e1_improvement,0,,,,,1,0,1,1,1,1,1,4,0,0,-1,current,0,0,0.0008712981749946872,0.0008712981749946872,11,0,0,0,0,0,0,0,0.0,0.5,1.0,0.75,0.75,0,0.0,0.5,1.0,0.75,0.75,0,0.0,0.5,1.0,0.75,0.75,0,0.0,0.5,1.0,0.75,0.75
634,small_component,0,,,,,1,0,0,0,0,0,0,4,0,0,-1,current,0,0,0.3293426454377671,0.3293426454377671,4,0,0,0,0,0,0,0,0.0,0.16666666666666666,0.16666666666666666,0.16666666666666666,0.3333333333333333,0,0.0,0.16666666666666666,0.16666666666666666,0.16666666666666666,0.3333333333333333,0,0.0,0.16666666666666666,0.16666666666666666,0.16666666666666666,0.3333333333333333,0,0.0,0.16666666666666666,0.16666666666666666,0.16666666666666666,0.3333333333333333
635,no_strict_e1_improvement,0,,,,,1,0,1,1,1,1,1,4,0,0,-1,current,0,0,0.03880821502146622,0.03880821502146622,9,1,1,1,1,0,0,0,0.1111111111111111,0.3333333333333333,0.6666666666666666,0.5,0.5833333333333334,0,0.1111111111111111,0.3333333333333333,0.6666666666666666,0.5,0.5833333333333334,0,0.1111111111111111,0.3333333333333333,0.6666666666666666,0.5,0.5833333333333334,0,0.1111111111111111,0.3333333333333333,0.6666666666666666,0.5,0.5833333333333334
636,max_rounds,0,,,,,1,1,3,2,2,6,6,4,0,0,0,s1a3_greedy,1,0,0.040662146270430334,0.03296874760417268,7,6,6,7,7,1,0,0,0.6666666666666666,0.8333333333333334,0.5,0.6666666666666666,0.6666666666666666,0,0.6666666666666666,0.8333333333333334,0.5,0.6666666666666666,0.6666666666666666,0,0.7777777777777778,0.6666666666666666,0.6666666666666666,0.6666666666666666,0.75,0,0.7777777777777778,0.6666666666666666,0.6666666666666666,0.6666666666666666,0.75
637,no_strict_e1_improvement,0,,,,,1,0,1,1,1,1,1,4,0,0,-1,current,0,0,0.18176651746034622,0.18176651746034622,6,0,0,0,0,0,0,0,0.0,0.5,0.3333333333333333,0.4166666666666667,0.5,0,0.0,0.5,0.3333333333333333,0.4166666666666667,0.5,0,0.0,0.5,0.3333333333333333,0.4166666666666667,0.5,0,0.0,0.5,0.3333333333333333,0.4166666666666667,0.5
638,no_strict_e1_improvement,0,,,,,1,0,1,1,1,1,1,4,0,0,-1,current,0,0,0.0018203314393758774,0.0018203314393758774,12,9,9,9,9,0,0,1,1.0,1.0,1.0,1.0,1.0,1,1.0,1.0,1.0,1.0,1.0,1,1.0,1.0,1.0,1.0,1.0,1,1.0,1.0,1.0,1.0,1.0
639,partial_completed__small_component,1,,3,2,4,1,0,0,0,0,0,0,4,0,0,-1,current,1,0,0.3084861864335835,0.3084861864335835,6,0,0,0,0,0,0,0,0.0,0.0,0.3333333333333333,0.16666666666666666,0.25,0,0.0,0.0,0.3333333333333333,0.16666666666666666,0.5,0,0.0,0.0,0.3333333333333333,0.16666666666666666,0.5,0,0.0,0.0,0.3333333333333333,0.16666666666666666,0.5
640,max_rounds,0,,,,,1,1,5,4,4,14,14,4,0,0,1,profiled_beam,1,1,0.2412978665282329,0.11035101612408955,5,1,1,0,3,2,3,0,0.1111111111111111,0.3333333333333333,0.3333333333333333,0.3333333333333333,0.5833333333333334,0,0.1111111111111111,0.3333333333333333,0.3333333333333333,0.3333333333333333,0.5833333333333334,0,0.0,0.5,0.5,0.5,0.5,0,0.3333333333333333,0.6666666666666666,0.5,0.5833333333333334,0.5833333333333334
641,no_strict_e1_improvement,0,,,,,1,0,1,1,1,1,1,4,0,0,-1,current,0,0,0.008809082869750759,0.008809082869750759,11,9,9,9,9,0,0,1,1.0,1.0,1.0,1.0,1.0,1,1.0,1.0,1.0,1.0,1.0,1,1.0,1.0,1.0,1.0,1.0,1,1.0,1.0,1.0,1.0,1.0
642,no_strict_e1_improvement,0,,,,,1,0,1,1,1,1,1,4,0,0,-1,current,0,0,0.0,0.0,12,9,9,9,9,0,0,1,1.0,1.0,1.0,1.0,1.0,1,1.0,1.0,1.0,1.0,1.0,1,1.0,1.0,1.0,1.0,1.0,1,1.0,1.0,1.0,1.0,1.0
643,no_strict_e1_improvement,0,,,,,1,0,1,1,1,1,1,4,0,0,-1,current,0,0,0.010413728964825472,0.010413728964825472,12,9,9,9,9,0,0,1,1.0,1.0,1.0,1.0,1.0,1,1.0,1.0,1.0,1.0,1.0,1,1.0,1.0,1.0,1.0,1.0,1,1.0,1.0,1.0,1.0,1.0
644,max_rounds,0,,,,,1,1,3,2,2,6,6,4,-1,0,0,s1a3_greedy,1,0,0.1762925119449695,0.10329094560196002,7,1,1,0,0,-1,0,0,0.1111111111111111,0.0,0.5,0.25,0.3333333333333333,0,0.1111111111111111,0.0,0.5,0.25,0.3333333333333333,0,0.0,0.0,0.5,0.25,0.25,0,0.0,0.0,0.5,0.25,0.25
645,no_strict_e1_improvement,0,,,,,1,0,1,1,1,1,1,4,0,0,-1,current,0,0,0.06348737080891927,0.06348737080891927,9,0,0,0,0,0,0,0,0.0,0.5,1.0,0.75,0.75,0,0.0,0.5,1.0,0.75,0.75,0,0.0,0.5,1.0,0.75,0.75,0,0.0,0.5,1.0,0.75,0.75
646,small_component,0,,,,,1,0,0,0,0,0,0,4,0,0,-1,current,0,0,0.351685310403506,0.351685310403506,4,1,1,1,1,0,0,0,0.1111111111111111,0.5,0.0,0.25,0.4166666666666667,0,0.1111111111111111,0.5,0.0,0.25,0.4166666666666667,0,0.1111111111111111,0.5,0.0,0.25,0.4166666666666667,0,0.1111111111111111,0.5,0.0,0.25,0.4166666666666667
647,no_strict_e1_improvement,0,,,,,1,0,4,4,4,14,14,4,0,0,-1,current,0,0,0.14255549386143684,0.14255549386143684,8,7,7,7,7,0,0,0,0.7777777777777778,0.6666666666666666,0.6666666666666666,0.6666666666666666,0.75,0,0.7777777777777778,0.6666666666666666,0.6666666666666666,0.6666666666666666,0.75,0,0.7777777777777778,0.6666666666666666,0.6666666666666666,0.6666666666666666,0.75,0,0.7777777777777778,0.6666666666666666,0.6666666666666666,0.6666666666666666,0.75
648,no_strict_e1_improvement,0,,,,,1,0,1,1,1,1,1,4,0,0,-1,current,0,0,0.06470245433350404,0.06470245433350404,8,0,0,0,0,0,0,0,0.0,0.5,1.0,0.75,0.75,0,0.0,0.5,1.0,0.75,0.75,0,0.0,0.5,1.0,0.75,0.75,0,0.0,0.5,1.0,0.75,0.75
649,no_strict_e1_improvement,0,,,,,1,0,1,1,1,1,1,4,0,0,-1,current,0,0,0.04282718896865845,0.04282718896865845,11,9,9,9,9,0,0,1,1.0,1.0,1.0,1.0,1.0,1,1.0,1.0,1.0,1.0,1.0,1,1.0,1.0,1.0,1.0,1.0,1,1.0,1.0,1.0,1.0,1.0
650,no_strict_e1_improvement,0,,,,,1,0,1,1,1,1,1,4,0,0,-1,current,0,0,0.02900628189308918,0.02900628189308918,8,2,2,2,2,0,0,0,0.2222222222222222,0.16666666666666666,0.6666666666666666,0.4166666666666667,0.5833333333333334,0,0.2222222222222222,0.16666666666666666,0.6666666666666666,0.4166666666666667,0.5833333333333334,0,0.2222222222222222,0.16666666666666666,0.6666666666666666,0.4166666666666667,0.5833333333333334,0,0.2222222222222222,0.16666666666666666,0.6666666666666666,0.4166666666666667,0.5833333333333334
651,max_rounds,0,,,,,1,1,5,4,4,15,15,4,1,0,1,profiled_beam,1,1,0.25670889175186556,0.15986796321036914,2,0,0,0,1,1,1,0,0.0,0.0,0.16666666666666666,0.08333333333333333,0.3333333333333333,0,0.0,0.0,0.16666666666666666,0.08333333333333333,0.3333333333333333,0,0.0,0.0,0.16666666666666666,0.08333333333333333,0.4166666666666667,0,0.1111111111111111,0.0,0.0,0.0,0.25
652,no_strict_e1_improvement,0,,,,,1,0,1,1,1,1,1,4,0,0,-1,current,0,0,0.02676213967303435,0.02676213967303435,9,0,0,0,0,0,0,0,0.0,0.5,1.0,0.75,0.75,0,0.0,0.5,1.0,0.75,0.75,0,0.0,0.5,1.0,0.75,0.75,0,0.0,0.5,1.0,0.75,0.75
653,small_component,0,,,,,1,0,0,0,0,0,0,4,0,0,-1,current,0,0,0.07062247519691785,0.07062247519691785,9,4,4,4,4,0,0,0,0.4444444444444444,0.5,0.3333333333333333,0.4166666666666667,0.5,0,0.4444444444444444,0.5,0.3333333333333333,0.4166666666666667,0.5,0,0.4444444444444444,0.5,0.3333333333333333,0.4166666666666667,0.5,0,0.4444444444444444,0.5,0.3333333333333333,0.4166666666666667,0.5
654,no_strict_e1_improvement,0,,,,,1,0,1,1,1,1,1,4,0,0,-1,current,0,0,0.022236804167429607,0.022236804167429607,11,0,0,0,0,0,0,0,0.0,0.5,1.0,0.75,0.75,0,0.0,0.5,1.0,0.75,0.75,0,0.0,0.5,1.0,0.75,0.75,0,0.0,0.5,1.0,0.75,0.75
655,no_strict_e1_improvement,0,,,,,1,0,1,1,1,1,1,4,0,0,-1,current,0,0,0.16365634029110274,0.16365634029110274,8,0,0,0,0,0,0,0,0.0,0.8333333333333334,0.5,0.6666666666666666,0.6666666666666666,0,0.0,0.8333333333333334,0.5,0.6666666666666666,0.6666666666666666,0,0.0,0.8333333333333334,0.5,0.6666666666666666,0.6666666666666666,0,0.0,0.8333333333333334,0.5,0.6666666666666666,0.6666666666666666
656,no_strict_e1_improvement,0,,,,,1,0,1,1,1,1,1,4,0,0,-1,current,0,0,0.023094675814112026,0.023094675814112026,10,0,0,0,0,0,0,0,0.0,1.0,0.5,0.75,0.75,0,0.0,1.0,0.5,0.75,0.75,0,0.0,1.0,0.5,0.75,0.75,0,0.0,1.0,0.5,0.75,0.75
657,no_strict_e1_improvement,0,,,,,1,0,1,1,1,1,1,4,0,0,-1,current,0,0,0.06480209901928902,0.06480209901928902,10,0,0,0,0,0,0,0,0.0,0.5,1.0,0.75,0.75,0,0.0,0.5,1.0,0.75,0.75,0,0.0,0.5,1.0,0.75,0.75,0,0.0,0.5,1.0,0.75,0.75
658,max_rounds,0,,,,,1,1,2,2,2,7,7,4,-1,0,1,profiled_beam,1,1,0.1159510671471556,0.11226435222973426,7,0,0,0,0,0,0,0,0.0,0.5,0.0,0.25,0.3333333333333333,0,0.0,0.5,0.0,0.25,0.3333333333333333,0,0.0,0.5,0.0,0.25,0.3333333333333333,0,0.0,0.3333333333333333,0.0,0.16666666666666666,0.3333333333333333
659,no_strict_e1_improvement,0,,,,,1,0,1,1,1,1,1,4,0,0,-1,current,0,0,0.04787776991724968,0.04787776991724968,10,9,9,9,9,0,0,1,1.0,1.0,1.0,1.0,1.0,1,1.0,1.0,1.0,1.0,1.0,1,1.0,1.0,1.0,1.0,1.0,1,1.0,1.0,1.0,1.0,1.0
660,max_rounds,0,,,,,1,1,2,2,2,6,6,4,0,-1,0,s1a3_greedy,1,0,0.08804907587667306,0.04353457208101948,8,0,0,0,0,0,0,0,0.0,0.5,1.0,0.75,0.75,0,0.0,0.5,1.0,0.75,0.75,0,0.0,0.5,1.0,0.75,0.75,0,0.0,0.5,1.0,0.75,0.75
661,no_strict_e1_improvement,0,,,,,1,0,1,1,1,1,1,4,0,0,-1,current,0,0,0.04460926167666912,0.04460926167666912,9,0,0,0,0,0,0,0,0.0,0.5,1.0,0.75,0.75,0,0.0,0.5,1.0,0.75,0.75,0,0.0,0.5,1.0,0.75,0.75,0,0.0,0.5,1.0,0.75,0.75
662,no_strict_e1_improvement,0,,,,,1,0,1,1,1,1,1,4,0,0,-1,current,0,0,0.06531706762810548,0.06531706762810548,11,0,0,0,0,0,0,0,0.0,0.5,1.0,0.75,0.75,0,0.0,0.5,1.0,0.75,0.75,0,0.0,0.5,1.0,0.75,0.75,0,0.0,0.5,1.0,0.75,0.75
663,max_rounds,0,,,,,1,1,2,2,2,6,6,4,-1,0,0,s1a3_greedy,1,0,0.07967712854345639,0.054268449544906616,10,0,0,9,9,9,0,0,0.0,1.0,0.5,0.75,0.75,0,0.0,1.0,0.5,0.75,0.75,1,1.0,1.0,1.0,1.0,1.0,1,1.0,1.0,1.0,1.0,1.0
664,small_component,0,,,,,1,0,0,0,0,0,0,4,0,0,-1,current,0,0,0.2901401262109478,0.2901401262109478,6,1,1,1,1,0,0,0,0.1111111111111111,0.3333333333333333,0.5,0.4166666666666667,0.4166666666666667,0,0.1111111111111111,0.3333333333333333,0.5,0.4166666666666667,0.4166666666666667,0,0.1111111111111111,0.3333333333333333,0.5,0.4166666666666667,0.4166666666666667,0,0.1111111111111111,0.3333333333333333,0.5,0.4166666666666667,0.4166666666666667
665,no_strict_e1_improvement,0,,,,,1,0,1,1,1,1,1,4,0,0,-1,current,0,0,0.11674754569927852,0.11674754569927852,8,0,0,0,0,0,0,0,0.0,0.16666666666666666,0.5,0.3333333333333333,0.4166666666666667,0,0.0,0.16666666666666666,0.5,0.3333333333333333,0.4166666666666667,0,0.0,0.16666666666666666,0.5,0.3333333333333333,0.4166666666666667,0,0.0,0.16666666666666666,0.5,0.3333333333333333,0.4166666666666667
666,no_strict_e1_improvement,0,,,,,1,0,1,1,1,1,1,4,0,0,-1,current,0,0,0.12320237311845024,0.12320237311845024,8,0,0,0,0,0,0,0,0.0,1.0,0.5,0.75,0.75,0,0.0,1.0,0.5,0.75,0.75,0,0.0,1.0,0.5,0.75,0.75,0,0.0,1.0,0.5,0.75,0.75
667,max_rounds,0,,,,,1,1,5,4,4,13,13,4,1,-1,1,profiled_beam,1,1,0.23314733182390532,0.04326581202136973,9,7,7,0,0,-7,0,0,0.7777777777777778,0.5,0.6666666666666666,0.5833333333333334,0.5833333333333334,0,0.7777777777777778,0.5,0.6666666666666666,0.5833333333333334,0.5833333333333334,0,0.0,0.5,0.6666666666666666,0.5833333333333334,0.75,0,0.0,0.5,0.3333333333333333,0.4166666666666667,0.5
668,small_component,0,,,,,1,0,0,0,0,0,0,4,0,0,-1,current,0,0,0.30996205397726345,0.30996205397726345,6,1,1,1,1,0,0,0,0.1111111111111111,0.0,0.3333333333333333,0.16666666666666666,0.3333333333333333,0,0.1111111111111111,0.0,0.3333333333333333,0.16666666666666666,0.3333333333333333,0,0.1111111111111111,0.0,0.3333333333333333,0.16666666666666666,0.3333333333333333,0,0.1111111111111111,0.0,0.3333333333333333,0.16666666666666666,0.3333333333333333
669,no_strict_e1_improvement,0,,,,,1,0,1,1,1,1,1,4,0,0,-1,current,0,0,0.15101146115921438,0.15101146115921438,4,0,0,0,0,0,0,0,0.0,0.5,0.5,0.5,0.5,0,0.0,0.5,0.5,0.5,0.5,0,0.0,0.5,0.5,0.5,0.5,0,0.0,0.5,0.5,0.5,0.5
670,max_rounds,0,,,,,1,1,5,4,4,16,16,4,0,-1,1,profiled_beam,1,1,0.17666917655151337,0.08243618016907324,8,5,5,0,0,-5,0,0,0.5555555555555556,0.5,0.3333333333333333,0.4166666666666667,0.5,0,0.5555555555555556,0.5,0.3333333333333333,0.4166666666666667,0.5,0,0.0,0.8333333333333334,0.5,0.6666666666666666,0.6666666666666666,0,0.0,0.5,0.8333333333333334,0.6666666666666666,0.6666666666666666
671,max_rounds,0,,,,,1,1,3,2,2,6,6,4,0,0,0,s1a3_greedy,1,0,0.20421101649602255,0.07185730462272961,10,7,7,9,9,2,0,0,0.7777777777777778,0.6666666666666666,0.6666666666666666,0.6666666666666666,0.8333333333333334,0,0.7777777777777778,0.6666666666666666,0.6666666666666666,0.6666666666666666,0.8333333333333334,1,1.0,1.0,1.0,1.0,1.0,1,1.0,1.0,1.0,1.0,1.0
672,no_strict_e1_improvement,0,,,,,1,0,1,1,1,1,1,4,0,0,-1,current,0,0,0.09852790335814159,0.09852790335814159,7,0,0,0,0,0,0,0,0.0,0.3333333333333333,0.0,0.16666666666666666,0.25,0,0.0,0.3333333333333333,0.0,0.16666666666666666,0.25,0,0.0,0.3333333333333333,0.0,0.16666666666666666,0.25,0,0.0,0.3333333333333333,0.0,0.16666666666666666,0.25
673,max_rounds,0,,,,,1,1,2,2,2,6,6,4,0,1,0,s1a3_greedy,1,0,0.04120174919565519,0.03610097182293733,7,0,0,9,9,9,0,0,0.0,0.5,1.0,0.75,0.75,0,0.0,0.5,1.0,0.75,0.75,1,1.0,1.0,1.0,1.0,1.0,1,1.0,1.0,1.0,1.0,1.0
674,no_strict_e1_improvement,0,,,,,1,0,1,1,1,1,1,4,0,0,-1,current,0,0,0.02982231881469488,0.02982231881469488,10,9,9,9,9,0,0,1,1.0,1.0,1.0,1.0,1.0,1,1.0,1.0,1.0,1.0,1.0,1,1.0,1.0,1.0,1.0,1.0,1,1.0,1.0,1.0,1.0,1.0
675,max_rounds,0,,,,,1,1,2,2,2,7,7,4,-1,0,0,s1a3_greedy,1,0,0.08484373660758138,0.020047875897337992,11,0,0,0,0,0,0,0,0.0,1.0,0.5,0.75,0.75,0,0.0,1.0,0.5,0.75,0.75,0,0.0,1.0,0.5,0.75,0.75,0,0.0,1.0,0.5,0.75,0.75
676,no_strict_e1_improvement,0,,,,,1,0,1,1,1,1,1,4,0,0,-1,current,0,0,0.13776471465826035,0.13776471465826035,7,6,6,6,6,0,0,0,0.6666666666666666,0.0,0.8333333333333334,0.4166666666666667,0.4166666666666667,0,0.6666666666666666,0.0,0.8333333333333334,0.4166666666666667,0.4166666666666667,0,0.6666666666666666,0.0,0.8333333333333334,0.4166666666666667,0.4166666666666667,0,0.6666666666666666,0.0,0.8333333333333334,0.4166666666666667,0.4166666666666667
677,max_rounds,0,,,,,1,1,3,2,2,5,5,4,0,0,1,profiled_beam,1,1,0.12259595367747049,0.07255726070919384,6,0,0,0,1,1,1,0,0.0,0.5,1.0,0.75,0.75,0,0.0,0.5,1.0,0.75,0.75,0,0.0,0.3333333333333333,0.5,0.4166666666666667,0.5,0,0.1111111111111111,0.3333333333333333,0.6666666666666666,0.5,0.5833333333333334
678,no_strict_e1_improvement,0,,,,,1,0,1,1,1,1,1,4,0,0,-1,current,0,0,0.021575571969151497,0.021575571969151497,11,0,0,0,0,0,0,0,0.0,0.5,1.0,0.75,0.75,0,0.0,0.5,1.0,0.75,0.75,0,0.0,0.5,1.0,0.75,0.75,0,0.0,0.5,1.0,0.75,0.75
679,max_rounds,0,,,,,1,1,2,2,2,6,6,4,0,-1,1,profiled_beam,1,1,0.15502632595598698,0.14945490968724093,6,1,1,1,7,6,6,0,0.1111111111111111,0.3333333333333333,0.3333333333333333,0.3333333333333333,0.4166666666666667,0,0.1111111111111111,0.3333333333333333,0.3333333333333333,0.3333333333333333,0.4166666666666667,0,0.1111111111111111,0.3333333333333333,0.3333333333333333,0.3333333333333333,0.4166666666666667,0,0.7777777777777778,0.6666666666666666,0.3333333333333333,0.5,0.6666666666666666
680,no_strict_e1_improvement,0,,,,,1,0,1,1,1,1,1,4,0,0,-1,current,0,0,0.029001223233838875,0.029001223233838875,9,7,7,7,7,0,0,0,0.7777777777777778,0.6666666666666666,0.6666666666666666,0.6666666666666666,0.8333333333333334,0,0.7777777777777778,0.6666666666666666,0.6666666666666666,0.6666666666666666,0.8333333333333334,0,0.7777777777777778,0.6666666666666666,0.6666666666666666,0.6666666666666666,0.8333333333333334,0,0.7777777777777778,0.6666666666666666,0.6666666666666666,0.6666666666666666,0.8333333333333334
681,no_strict_e1_improvement,0,,,,,1,0,1,1,1,1,1,4,0,0,-1,current,0,0,0.01953757352506121,0.01953757352506121,10,9,9,9,9,0,0,1,1.0,1.0,1.0,1.0,1.0,1,1.0,1.0,1.0,1.0,1.0,1,1.0,1.0,1.0,1.0,1.0,1,1.0,1.0,1.0,1.0,1.0
682,no_strict_e1_improvement,0,,,,,1,0,1,1,1,1,1,4,0,0,-1,current,0,0,0.02635860536247492,0.02635860536247492,9,9,9,9,9,0,0,1,1.0,1.0,1.0,1.0,1.0,1,1.0,1.0,1.0,1.0,1.0,1,1.0,1.0,1.0,1.0,1.0,1,1.0,1.0,1.0,1.0,1.0
683,max_rounds,0,,,,,1,1,5,4,4,13,13,4,0,0,1,profiled_beam,1,1,0.14553423055137196,0.14212083645785847,4,0,0,0,0,0,0,0,0.0,0.6666666666666666,0.0,0.3333333333333333,0.3333333333333333,0,0.0,0.6666666666666666,0.0,0.3333333333333333,0.3333333333333333,0,0.0,0.6666666666666666,0.0,0.3333333333333333,0.3333333333333333,0,0.0,0.5,0.16666666666666666,0.3333333333333333,0.5
684,max_rounds,0,,,,,1,1,3,2,2,7,7,4,-1,0,0,s1a3_greedy,1,0,0.1059474644716829,0.061025796846176185,6,0,0,1,1,1,0,0,0.0,0.3333333333333333,0.16666666666666666,0.25,0.4166666666666667,0,0.0,0.3333333333333333,0.16666666666666666,0.25,0.4166666666666667,0,0.1111111111111111,0.3333333333333333,0.3333333333333333,0.3333333333333333,0.5,0,0.1111111111111111,0.3333333333333333,0.3333333333333333,0.3333333333333333,0.5
685,no_strict_e1_improvement,0,,,,,1,0,1,1,1,1,1,4,0,0,-1,current,0,0,0.0,0.0,12,0,0,0,0,0,0,0,0.0,0.5,1.0,0.75,0.75,0,0.0,0.5,1.0,0.75,0.75,0,0.0,0.5,1.0,0.75,0.75,0,0.0,0.5,1.0,0.75,0.75
686,no_strict_e1_improvement,0,,,,,1,0,1,1,1,1,1,4,0,0,-1,current,0,0,0.02997861911232273,0.02997861911232273,11,0,0,0,0,0,0,0,0.0,0.5,1.0,0.75,0.75,0,0.0,0.5,1.0,0.75,0.75,0,0.0,0.5,1.0,0.75,0.75,0,0.0,0.5,1.0,0.75,0.75
687,no_strict_e1_improvement,0,,,,,1,0,1,1,1,1,1,4,0,0,-1,current,0,0,0.09244878108923633,0.09244878108923633,6,0,0,0,0,0,0,0,0.0,0.5,1.0,0.75,0.75,0,0.0,0.5,1.0,0.75,0.75,0,0.0,0.5,1.0,0.75,0.75,0,0.0,0.5,1.0,0.75,0.75
688,max_rounds,0,,,,,1,1,5,4,4,16,16,4,0,-1,1,profiled_beam,1,1,0.2762416292292376,0.20215266151353717,3,4,4,4,1,-3,-3,0,0.4444444444444444,0.0,0.3333333333333333,0.16666666666666666,0.5,0,0.4444444444444444,0.0,0.3333333333333333,0.16666666666666666,0.5,0,0.4444444444444444,0.0,0.3333333333333333,0.16666666666666666,0.5,0,0.1111111111111111,0.16666666666666666,0.16666666666666666,0.16666666666666666,0.5833333333333334
689,no_strict_e1_improvement,0,,,,,1,0,1,1,1,1,1,4,0,0,-1,current,0,0,0.047289151698350906,0.047289151698350906,9,7,7,7,7,0,0,0,0.7777777777777778,0.6666666666666666,0.6666666666666666,0.6666666666666666,0.75,0,0.7777777777777778,0.6666666666666666,0.6666666666666666,0.6666666666666666,0.75,0,0.7777777777777778,0.6666666666666666,0.6666666666666666,0.6666666666666666,0.75,0,0.7777777777777778,0.6666666666666666,0.6666666666666666,0.6666666666666666,0.75
690,max_rounds,0,,,,,1,1,5,4,4,12,12,4,0,0,0,s1a3_greedy,1,0,0.18944738432765007,0.1118875319759051,5,3,3,3,3,0,0,0,0.3333333333333333,0.16666666666666666,0.5,0.3333333333333333,0.5,0,0.3333333333333333,0.16666666666666666,0.5,0.3333333333333333,0.5,0,0.3333333333333333,0.5,0.6666666666666666,0.5833333333333334,0.5833333333333334,0,0.3333333333333333,0.5,0.6666666666666666,0.5833333333333334,0.5833333333333334
691,small_component,0,,,,,1,0,0,0,0,0,0,4,0,0,-1,current,0,0,0.29540597802648944,0.29540597802648944,7,0,0,0,0,0,0,0,0.0,0.16666666666666666,0.3333333333333333,0.25,0.5,0,0.0,0.16666666666666666,0.3333333333333333,0.25,0.5,0,0.0,0.16666666666666666,0.3333333333333333,0.25,0.5,0,0.0,0.16666666666666666,0.3333333333333333,0.25,0.5
692,no_strict_e1_improvement,0,,,,,1,0,2,2,2,5,5,4,0,0,-1,current,0,0,0.07430782890878618,0.07430782890878618,10,7,7,7,7,0,0,0,0.7777777777777778,0.6666666666666666,0.6666666666666666,0.6666666666666666,0.75,0,0.7777777777777778,0.6666666666666666,0.6666666666666666,0.6666666666666666,0.75,0,0.7777777777777778,0.6666666666666666,0.6666666666666666,0.6666666666666666,0.75,0,0.7777777777777778,0.6666666666666666,0.6666666666666666,0.6666666666666666,0.75
693,max_rounds,0,,,,,1,1,3,2,2,7,7,4,0,0,1,profiled_beam,1,1,0.06886054274703686,0.03479720120473454,6,4,4,2,1,-3,-1,0,0.4444444444444444,0.5,0.3333333333333333,0.4166666666666667,0.5,0,0.4444444444444444,0.5,0.3333333333333333,0.4166666666666667,0.5,0,0.2222222222222222,0.16666666666666666,0.16666666666666666,0.16666666666666666,0.3333333333333333,0,0.1111111111111111,0.3333333333333333,0.3333333333333333,0.3333333333333333,0.4166666666666667
694,small_component,0,,,,,1,0,0,0,0,0,0,4,0,0,-1,current,0,0,0.24818579852581024,0.24818579852581024,6,0,0,0,0,0,0,0,0.0,0.0,0.3333333333333333,0.16666666666666666,0.4166666666666667,0,0.0,0.0,0.3333333333333333,0.16666666666666666,0.4166666666666667,0,0.0,0.0,0.3333333333333333,0.16666666666666666,0.4166666666666667,0,0.0,0.0,0.3333333333333333,0.16666666666666666,0.4166666666666667
695,no_strict_e1_improvement,0,,,,,1,0,1,1,1,1,1,4,0,0,-1,current,0,0,0.08583969343453646,0.08583969343453646,9,0,0,0,0,0,0,0,0.0,0.5,0.6666666666666666,0.5833333333333334,0.6666666666666666,0,0.0,0.5,0.6666666666666666,0.5833333333333334,0.6666666666666666,0,0.0,0.5,0.6666666666666666,0.5833333333333334,0.6666666666666666,0,0.0,0.5,0.6666666666666666,0.5833333333333334,0.6666666666666666
696,no_strict_e1_improvement,0,,,,,1,0,1,1,1,1,1,4,0,0,-1,current,0,0,0.13124977921446165,0.13124977921446165,8,0,0,0,0,0,0,0,0.0,0.5,0.8333333333333334,0.6666666666666666,0.6666666666666666,0,0.0,0.5,0.8333333333333334,0.6666666666666666,0.6666666666666666,0,0.0,0.5,0.8333333333333334,0.6666666666666666,0.6666666666666666,0,0.0,0.5,0.8333333333333334,0.6666666666666666,0.6666666666666666
697,no_strict_e1_improvement,0,,,,,1,0,1,1,1,1,1,4,0,0,-1,current,0,0,0.0032621994614601135,0.0032621994614601135,11,0,0,0,0,0,0,0,0.0,0.5,1.0,0.75,0.75,0,0.0,0.5,1.0,0.75,0.75,0,0.0,0.5,1.0,0.75,0.75,0,0.0,0.5,1.0,0.75,0.75
698,no_strict_e1_improvement,0,,,,,1,0,2,2,2,6,6,4,0,0,-1,current,0,0,0.10162843391299248,0.10162843391299248,8,2,2,2,2,0,0,0,0.2222222222222222,0.16666666666666666,0.6666666666666666,0.4166666666666667,0.5833333333333334,0,0.2222222222222222,0.16666666666666666,0.6666666666666666,0.4166666666666667,0.5833333333333334,0,0.2222222222222222,0.16666666666666666,0.6666666666666666,0.4166666666666667,0.5833333333333334,0,0.2222222222222222,0.16666666666666666,0.6666666666666666,0.4166666666666667,0.5833333333333334
699,no_strict_e1_improvement,0,,,,,1,0,1,1,1,1,1,4,0,0,-1,current,0,0,0.02375784609466791,0.02375784609466791,10,0,0,0,0,0,0,0,0.0,0.5,0.8333333333333334,0.6666666666666666,0.6666666666666666,0,0.0,0.5,0.8333333333333334,0.6666666666666666,0.6666666666666666,0,0.0,0.5,0.8333333333333334,0.6666666666666666,0.6666666666666666,0,0.0,0.5,0.8333333333333334,0.6666666666666666,0.6666666666666666
700,partial_completed__small_component,1,,3,2,4,1,0,0,0,0,0,0,4,0,0,-1,current,1,0,0.208358883469676,0.208358883469676,5,0,3,3,3,3,0,0,0.0,0.3333333333333333,0.0,0.16666666666666666,0.4166666666666667,0,0.3333333333333333,0.6666666666666666,0.0,0.3333333333333333,0.5833333333333334,0,0.3333333333333333,0.6666666666666666,0.0,0.3333333333333333,0.5833333333333334,0,0.3333333333333333,0.6666666666666666,0.0,0.3333333333333333,0.5833333333333334
701,max_rounds,0,,,,,1,1,2,2,2,6,6,4,-1,0,0,s1a3_greedy,1,0,0.07179080019704998,0.024282652031009395,10,9,9,0,0,-9,0,1,1.0,1.0,1.0,1.0,1.0,1,1.0,1.0,1.0,1.0,1.0,0,0.0,1.0,0.5,0.75,0.75,0,0.0,1.0,0.5,0.75,0.75
702,partial_completed__no_strict_e1_improvement,1,,3,2,3,1,0,1,1,1,1,1,4,0,0,-1,current,1,0,0.040043124463409185,0.040043124463409185,8,6,0,0,0,-6,0,0,0.6666666666666666,0.6666666666666666,0.5,0.5833333333333334,0.5833333333333334,0,0.0,1.0,0.5,0.75,0.75,0,0.0,1.0,0.5,0.75,0.75,0,0.0,1.0,0.5,0.75,0.75
703,no_strict_e1_improvement,0,,,,,1,0,1,1,1,1,1,4,0,0,-1,current,0,0,0.026789406314492226,0.026789406314492226,11,0,0,0,0,0,0,0,0.0,0.5,1.0,0.75,0.75,0,0.0,0.5,1.0,0.75,0.75,0,0.0,0.5,1.0,0.75,0.75,0,0.0,0.5,1.0,0.75,0.75
704,no_strict_e1_improvement,0,,,,,1,0,1,1,1,1,1,4,0,0,-1,current,0,0,0.021341093893473346,0.021341093893473346,9,9,9,9,9,0,0,1,1.0,1.0,1.0,1.0,1.0,1,1.0,1.0,1.0,1.0,1.0,1,1.0,1.0,1.0,1.0,1.0,1,1.0,1.0,1.0,1.0,1.0
705,max_rounds,0,,,,,1,1,3,2,2,6,6,4,0,-1,1,profiled_beam,1,1,0.2457267828285694,0.07966365851461887,8,0,0,7,9,9,2,0,0.0,0.5,0.8333333333333334,0.6666666666666666,0.6666666666666666,0,0.0,0.5,0.8333333333333334,0.6666666666666666,0.6666666666666666,0,0.7777777777777778,0.6666666666666666,0.6666666666666666,0.6666666666666666,0.75,1,1.0,1.0,1.0,1.0,1.0
706,no_strict_e1_improvement,0,,,,,1,0,1,1,1,1,1,4,0,0,-1,current,0,0,0.03860454633831978,0.03860454633831978,9,9,9,9,9,0,0,1,1.0,1.0,1.0,1.0,1.0,1,1.0,1.0,1.0,1.0,1.0,1,1.0,1.0,1.0,1.0,1.0,1,1.0,1.0,1.0,1.0,1.0
707,no_strict_e1_improvement,0,,,,,1,0,1,1,1,1,1,4,0,0,-1,current,0,0,0.10266439492503802,0.10266439492503802,10,0,0,0,0,0,0,0,0.0,0.5,1.0,0.75,0.75,0,0.0,0.5,1.0,0.75,0.75,0,0.0,0.5,1.0,0.75,0.75,0,0.0,0.5,1.0,0.75,0.75
708,no_strict_e1_improvement,0,,,,,1,0,1,1,1,1,1,4,0,0,-1,current,0,0,0.1133997980505228,0.1133997980505228,7,0,0,0,0,0,0,0,0.0,0.5,0.3333333333333333,0.4166666666666667,0.5833333333333334,0,0.0,0.5,0.3333333333333333,0.4166666666666667,0.5833333333333334,0,0.0,0.5,0.3333333333333333,0.4166666666666667,0.5833333333333334,0,0.0,0.5,0.3333333333333333,0.4166666666666667,0.5833333333333334
709,no_strict_e1_improvement,0,,,,,1,0,1,1,1,1,1,4,0,0,-1,current,0,0,0.03374219934145609,0.03374219934145609,11,9,9,9,9,0,0,1,1.0,1.0,1.0,1.0,1.0,1,1.0,1.0,1.0,1.0,1.0,1,1.0,1.0,1.0,1.0,1.0,1,1.0,1.0,1.0,1.0,1.0
710,no_strict_e1_improvement,0,,,,,1,0,1,1,1,1,1,4,0,0,-1,current,0,0,0.03117141779512167,0.03117141779512167,9,9,9,9,9,0,0,1,1.0,1.0,1.0,1.0,1.0,1,1.0,1.0,1.0,1.0,1.0,1,1.0,1.0,1.0,1.0,1.0,1,1.0,1.0,1.0,1.0,1.0
711,no_strict_e1_improvement,0,,,,,1,0,1,1,1,1,1,4,0,0,-1,current,0,0,0.004622547421604395,0.004622547421604395,12,9,9,9,9,0,0,1,1.0,1.0,1.0,1.0,1.0,1,1.0,1.0,1.0,1.0,1.0,1,1.0,1.0,1.0,1.0,1.0,1,1.0,1.0,1.0,1.0,1.0
712,max_rounds,0,,,,,1,1,5,4,4,14,14,4,1,0,1,profiled_beam,1,1,0.26235791109502316,0.07300981011940166,7,2,2,3,4,2,1,0,0.2222222222222222,0.3333333333333333,0.0,0.16666666666666666,0.5,0,0.2222222222222222,0.3333333333333333,0.0,0.16666666666666666,0.5,0,0.3333333333333333,0.16666666666666666,0.3333333333333333,0.25,0.4166666666666667,0,0.4444444444444444,0.5,0.16666666666666666,0.3333333333333333,0.5833333333333334
713,no_strict_e1_improvement,0,,,,,1,0,1,1,1,1,1,4,0,0,-1,current,0,0,0.12928136996924877,0.12928136996924877,6,0,0,0,0,0,0,0,0.0,0.0,0.8333333333333334,0.4166666666666667,0.4166666666666667,0,0.0,0.0,0.8333333333333334,0.4166666666666667,0.4166666666666667,0,0.0,0.0,0.8333333333333334,0.4166666666666667,0.4166666666666667,0,0.0,0.0,0.8333333333333334,0.4166666666666667,0.4166666666666667
714,partial_completed__max_rounds,1,,3,2,3,1,1,3,2,2,6,6,4,0,0,1,profiled_beam,1,1,0.1737301747004191,0.04169892116139332,5,0,5,5,7,7,2,0,0.0,0.3333333333333333,0.16666666666666666,0.25,0.3333333333333333,0,0.5555555555555556,0.3333333333333333,0.3333333333333333,0.3333333333333333,0.5,0,0.5555555555555556,0.3333333333333333,0.3333333333333333,0.3333333333333333,0.5,0,0.7777777777777778,0.6666666666666666,0.6666666666666666,0.6666666666666666,0.75
715,max_rounds,0,,,,,1,1,5,4,4,13,13,4,0,0,0,s1a3_greedy,1,0,0.27566059574019164,0.026013320714506943,6,4,4,3,3,-1,0,0,0.4444444444444444,0.16666666666666666,0.6666666666666666,0.4166666666666667,0.5,0,0.4444444444444444,0.16666666666666666,0.6666666666666666,0.4166666666666667,0.5,0,0.3333333333333333,0.0,1.0,0.5,0.75,0,0.3333333333333333,0.0,1.0,0.5,0.75
716,no_strict_e1_improvement,0,,,,,1,0,1,1,1,1,1,4,0,0,-1,current,0,0,0.14054163297017416,0.14054163297017416,9,0,0,0,0,0,0,0,0.0,1.0,0.5,0.75,0.75,0,0.0,1.0,0.5,0.75,0.75,0,0.0,1.0,0.5,0.75,0.75,0,0.0,1.0,0.5,0.75,0.75
717,no_strict_e1_improvement,0,,,,,1,0,1,1,1,1,1,4,0,0,-1,current,0,0,0.012552289292216301,0.012552289292216301,10,0,0,0,0,0,0,0,0.0,0.5,1.0,0.75,0.75,0,0.0,0.5,1.0,0.75,0.75,0,0.0,0.5,1.0,0.75,0.75,0,0.0,0.5,1.0,0.75,0.75
718,max_rounds,0,,,,,1,1,2,2,2,7,7,4,1,0,1,profiled_beam,1,1,0.09832601994276047,0.09669154416769743,6,0,0,0,0,0,0,0,0.0,0.5,0.5,0.5,0.5,0,0.0,0.5,0.5,0.5,0.5,0,0.0,0.5,0.5,0.5,0.5,0,0.0,0.5,0.5,0.5,0.5
719,no_strict_e1_improvement,0,,,,,1,0,1,1,1,1,1,4,0,0,-1,current,0,0,0.07786545110866427,0.07786545110866427,8,9,9,9,9,0,0,1,1.0,1.0,1.0,1.0,1.0,1,1.0,1.0,1.0,1.0,1.0,1,1.0,1.0,1.0,1.0,1.0,1,1.0,1.0,1.0,1.0,1.0
720,no_strict_e1_improvement,0,,,,,1,0,1,1,1,1,1,4,0,0,-1,current,0,0,0.0051099518314003944,0.0051099518314003944,12,9,9,9,9,0,0,1,1.0,1.0,1.0,1.0,1.0,1,1.0,1.0,1.0,1.0,1.0,1,1.0,1.0,1.0,1.0,1.0,1,1.0,1.0,1.0,1.0,1.0
721,max_rounds,0,,,,,1,1,3,2,2,6,6,4,0,-1,0,s1a3_greedy,1,0,0.14937978982925415,0.009462483285460621,9,0,0,0,0,0,0,0,0.0,0.0,0.8333333333333334,0.4166666666666667,0.4166666666666667,0,0.0,0.0,0.8333333333333334,0.4166666666666667,0.4166666666666667,0,0.0,0.5,1.0,0.75,0.75,0,0.0,0.5,1.0,0.75,0.75
722,no_strict_e1_improvement,0,,,,,1,0,1,1,1,1,1,4,0,0,-1,current,0,0,0.0347135445723931,0.0347135445723931,10,9,9,9,9,0,0,1,1.0,1.0,1.0,1.0,1.0,1,1.0,1.0,1.0,1.0,1.0,1,1.0,1.0,1.0,1.0,1.0,1,1.0,1.0,1.0,1.0,1.0
723,no_strict_e1_improvement,0,,,,,1,0,1,1,1,1,1,4,0,0,-1,current,0,0,0.06771011976525187,0.06771011976525187,10,0,0,0,0,0,0,0,0.0,0.5,0.5,0.5,0.5,0,0.0,0.5,0.5,0.5,0.5,0,0.0,0.5,0.5,0.5,0.5,0,0.0,0.5,0.5,0.5,0.5
724,no_strict_e1_improvement,0,,,,,1,0,1,1,1,1,1,4,0,0,-1,current,0,0,0.02085968852043152,0.02085968852043152,11,9,9,9,9,0,0,1,1.0,1.0,1.0,1.0,1.0,1,1.0,1.0,1.0,1.0,1.0,1,1.0,1.0,1.0,1.0,1.0,1,1.0,1.0,1.0,1.0,1.0
725,max_rounds,0,,,,,1,1,3,2,2,6,6,4,0,0,0,s1a3_greedy,1,0,0.11662724614143372,0.0078094225997726125,10,0,0,0,0,0,0,0,0.0,0.16666666666666666,0.6666666666666666,0.4166666666666667,0.5,0,0.0,0.16666666666666666,0.6666666666666666,0.4166666666666667,0.5,0,0.0,0.5,1.0,0.75,0.75,0,0.0,0.5,1.0,0.75,0.75
726,no_strict_e1_improvement,0,,,,,1,0,1,1,1,1,1,4,0,0,-1,current,0,0,0.0,0.0,12,0,0,0,0,0,0,0,0.0,0.5,1.0,0.75,0.75,0,0.0,0.5,1.0,0.75,0.75,0,0.0,0.5,1.0,0.75,0.75,0,0.0,0.5,1.0,0.75,0.75
727,no_strict_e1_improvement,0,,,,,1,0,1,1,1,1,1,4,0,0,-1,current,0,0,0.04615818582533393,0.04615818582533393,9,9,9,9,9,0,0,1,1.0,1.0,1.0,1.0,1.0,1,1.0,1.0,1.0,1.0,1.0,1,1.0,1.0,1.0,1.0,1.0,1,1.0,1.0,1.0,1.0,1.0
728,no_strict_e1_improvement,0,,,,,1,0,1,1,1,1,1,4,0,0,-1,current,0,0,0.08954403770621866,0.08954403770621866,10,0,0,0,0,0,0,0,0.0,0.5,1.0,0.75,0.75,0,0.0,0.5,1.0,0.75,0.75,0,0.0,0.5,1.0,0.75,0.75,0,0.0,0.5,1.0,0.75,0.75
729,no_strict_e1_improvement,0,,,,,1,0,1,1,1,1,1,4,0,0,-1,current,0,0,0.023164797263840835,0.023164797263840835,9,7,7,7,7,0,0,0,0.7777777777777778,0.6666666666666666,0.6666666666666666,0.6666666666666666,0.75,0,0.7777777777777778,0.6666666666666666,0.6666666666666666,0.6666666666666666,0.75,0,0.7777777777777778,0.6666666666666666,0.6666666666666666,0.6666666666666666,0.75,0,0.7777777777777778,0.6666666666666666,0.6666666666666666,0.6666666666666666,0.75
730,no_strict_e1_improvement,0,,,,,1,0,1,1,1,1,1,4,0,0,-1,current,0,0,0.03472937717257688,0.03472937717257688,10,0,0,0,0,0,0,0,0.0,0.5,1.0,0.75,0.75,0,0.0,0.5,1.0,0.75,0.75,0,0.0,0.5,1.0,0.75,0.75,0,0.0,0.5,1.0,0.75,0.75
731,max_rounds,0,,,,,1,1,2,2,2,5,5,4,-1,0,0,s1a3_greedy,1,0,0.12248649696509044,0.03878715385993322,10,0,0,9,9,9,0,0,0.0,0.8333333333333334,0.5,0.6666666666666666,0.6666666666666666,0,0.0,0.8333333333333334,0.5,0.6666666666666666,0.6666666666666666,1,1.0,1.0,1.0,1.0,1.0,1,1.0,1.0,1.0,1.0,1.0
732,max_rounds,0,,,,,1,1,3,2,2,7,7,4,1,0,0,s1a3_greedy,1,0,0.12961372981468836,0.0524032978185763,9,0,0,0,0,0,0,0,0.0,0.5,0.16666666666666666,0.3333333333333333,0.4166666666666667,0,0.0,0.5,0.16666666666666666,0.3333333333333333,0.4166666666666667,0,0.0,0.6666666666666666,0.5,0.5833333333333334,0.6666666666666666,0,0.0,0.6666666666666666,0.5,0.5833333333333334,0.6666666666666666
733,no_strict_e1_improvement,0,,,,,1,0,1,1,1,1,1,4,0,0,-1,current,0,0,0.0405277976145347,0.0405277976145347,9,0,0,0,0,0,0,0,0.0,0.5,0.0,0.25,0.6666666666666666,0,0.0,0.5,0.0,0.25,0.6666666666666666,0,0.0,0.5,0.0,0.25,0.6666666666666666,0,0.0,0.5,0.0,0.25,0.6666666666666666
734,no_strict_e1_improvement,0,,,,,1,0,1,1,1,1,1,4,0,0,-1,current,0,0,0.019689867583413918,0.019689867583413918,10,0,0,0,0,0,0,0,0.0,0.5,1.0,0.75,0.75,0,0.0,0.5,1.0,0.75,0.75,0,0.0,0.5,1.0,0.75,0.75,0,0.0,0.5,1.0,0.75,0.75
735,max_rounds,0,,,,,1,1,5,4,4,14,14,4,-1,1,0,s1a3_greedy,1,0,0.12660429223130146,0.11071357748005539,6,1,1,0,0,-1,0,0,0.1111111111111111,0.3333333333333333,0.16666666666666666,0.25,0.5833333333333334,0,0.1111111111111111,0.3333333333333333,0.16666666666666666,0.25,0.5833333333333334,0,0.0,0.16666666666666666,0.16666666666666666,0.16666666666666666,0.4166666666666667,0,0.0,0.16666666666666666,0.16666666666666666,0.16666666666666666,0.4166666666666667
736,no_strict_e1_improvement,0,,,,,1,0,1,1,1,1,1,4,0,0,-1,current,0,0,0.0043920498962203664,0.0043920498962203664,12,9,9,9,9,0,0,1,1.0,1.0,1.0,1.0,1.0,1,1.0,1.0,1.0,1.0,1.0,1,1.0,1.0,1.0,1.0,1.0,1,1.0,1.0,1.0,1.0,1.0
737,no_strict_e1_improvement,0,,,,,1,0,2,2,2,6,6,4,0,0,-1,current,0,0,0.1211786779264609,0.1211786779264609,8,9,9,9,9,0,0,1,1.0,1.0,1.0,1.0,1.0,1,1.0,1.0,1.0,1.0,1.0,1,1.0,1.0,1.0,1.0,1.0,1,1.0,1.0,1.0,1.0,1.0
738,max_rounds,0,,,,,1,1,2,2,2,6,6,4,-1,0,1,profiled_beam,1,1,0.1086010627138118,0.0958139596817394,5,0,0,0,2,2,2,0,0.0,0.0,0.3333333333333333,0.16666666666666666,0.25,0,0.0,0.0,0.3333333333333333,0.16666666666666666,0.25,0,0.0,0.0,0.3333333333333333,0.16666666666666666,0.25,0,0.2222222222222222,0.0,0.5,0.25,0.25
739,max_rounds,0,,,,,1,1,5,4,4,12,12,4,0,0,1,profiled_beam,1,1,0.2431770203014215,0.04635351166749994,9,7,7,7,9,2,2,0,0.7777777777777778,0.5,0.5,0.5,0.8333333333333334,0,0.7777777777777778,0.5,0.5,0.5,0.8333333333333334,0,0.7777777777777778,0.6666666666666666,0.6666666666666666,0.6666666666666666,0.75,1,1.0,1.0,1.0,1.0,1.0
740,no_strict_e1_improvement,0,,,,,1,0,1,1,1,1,1,4,0,0,-1,current,0,0,0.0767215311837693,0.0767215311837693,6,7,7,7,7,0,0,0,0.7777777777777778,0.6666666666666666,0.6666666666666666,0.6666666666666666,0.75,0,0.7777777777777778,0.6666666666666666,0.6666666666666666,0.6666666666666666,0.75,0,0.7777777777777778,0.6666666666666666,0.6666666666666666,0.6666666666666666,0.75,0,0.7777777777777778,0.6666666666666666,0.6666666666666666,0.6666666666666666,0.75
741,no_strict_e1_improvement,0,,,,,1,0,1,1,1,1,1,4,0,0,-1,current,0,0,0.06929076959689458,0.06929076959689458,9,9,9,9,9,0,0,1,1.0,1.0,1.0,1.0,1.0,1,1.0,1.0,1.0,1.0,1.0,1,1.0,1.0,1.0,1.0,1.0,1,1.0,1.0,1.0,1.0,1.0
742,max_rounds,0,,,,,1,1,5,4,4,14,14,4,-1,-1,0,s1a3_greedy,1,0,0.23296847854120037,0.05580683300892512,6,3,3,0,0,-3,0,0,0.3333333333333333,0.16666666666666666,0.5,0.3333333333333333,0.5,0,0.3333333333333333,0.16666666666666666,0.5,0.3333333333333333,0.5,0,0.0,0.0,0.5,0.25,0.25,0,0.0,0.0,0.5,0.25,0.25
743,no_strict_e1_improvement,0,,,,,1,0,1,1,1,1,1,4,0,0,-1,current,0,0,0.06531654795010884,0.06531654795010884,9,0,0,0,0,0,0,0,0.0,0.5,0.8333333333333334,0.6666666666666666,0.6666666666666666,0,0.0,0.5,0.8333333333333334,0.6666666666666666,0.6666666666666666,0,0.0,0.5,0.8333333333333334,0.6666666666666666,0.6666666666666666,0,0.0,0.5,0.8333333333333334,0.6666666666666666,0.6666666666666666
744,no_strict_e1_improvement,0,,,,,1,0,1,1,1,1,1,4,0,0,-1,current,0,0,0.02602868527173996,0.02602868527173996,11,9,9,9,9,0,0,1,1.0,1.0,1.0,1.0,1.0,1,1.0,1.0,1.0,1.0,1.0,1,1.0,1.0,1.0,1.0,1.0,1,1.0,1.0,1.0,1.0,1.0
745,no_strict_e1_improvement,0,,,,,1,0,1,1,1,1,1,4,0,0,-1,current,0,0,0.010011390045595666,0.010011390045595666,9,9,9,9,9,0,0,1,1.0,1.0,1.0,1.0,1.0,1,1.0,1.0,1.0,1.0,1.0,1,1.0,1.0,1.0,1.0,1.0,1,1.0,1.0,1.0,1.0,1.0
746,small_component,0,,,,,1,0,0,0,0,0,0,4,0,0,-1,current,0,0,0.28993728617206216,0.28993728617206216,5,0,0,0,0,0,0,0,0.0,0.6666666666666666,0.16666666666666666,0.4166666666666667,0.5,0,0.0,0.6666666666666666,0.16666666666666666,0.4166666666666667,0.5,0,0.0,0.6666666666666666,0.16666666666666666,0.4166666666666667,0.5,0,0.0,0.6666666666666666,0.16666666666666666,0.4166666666666667,0.5
747,no_strict_e1_improvement,0,,,,,1,0,1,1,1,1,1,4,0,0,-1,current,0,0,0.10510995052754879,0.10510995052754879,9,0,0,0,0,0,0,0,0.0,0.5,0.8333333333333334,0.6666666666666666,0.6666666666666666,0,0.0,0.5,0.8333333333333334,0.6666666666666666,0.6666666666666666,0,0.0,0.5,0.8333333333333334,0.6666666666666666,0.6666666666666666,0,0.0,0.5,0.8333333333333334,0.6666666666666666,0.6666666666666666
748,max_rounds,0,,,,,1,1,3,2,2,7,7,4,0,0,1,profiled_beam,1,1,0.05212635174393654,0.026516649057157338,7,6,6,7,6,0,-1,0,0.6666666666666666,0.8333333333333334,0.5,0.6666666666666666,0.6666666666666666,0,0.6666666666666666,0.8333333333333334,0.5,0.6666666666666666,0.6666666666666666,0,0.7777777777777778,0.6666666666666666,0.6666666666666666,0.6666666666666666,0.8333333333333334,0,0.6666666666666666,0.8333333333333334,0.5,0.6666666666666666,0.6666666666666666
749,small_component,0,,,,,1,0,0,0,0,0,0,4,0,0,-1,current,0,0,0.24246037503083548,0.24246037503083548,6,0,0,0,0,0,0,0,0.0,0.16666666666666666,0.0,0.08333333333333333,0.16666666666666666,0,0.0,0.16666666666666666,0.0,0.08333333333333333,0.16666666666666666,0,0.0,0.16666666666666666,0.0,0.08333333333333333,0.16666666666666666,0,0.0,0.16666666666666666,0.0,0.08333333333333333,0.16666666666666666
750,max_rounds,0,,,,,1,1,5,4,4,11,11,4,1,0,0,s1a3_greedy,1,0,0.2981302772338192,0.0896700039835802,6,0,0,0,0,0,0,0,0.0,0.0,0.16666666666666666,0.08333333333333333,0.4166666666666667,0,0.0,0.0,0.16666666666666666,0.08333333333333333,0.4166666666666667,0,0.0,0.3333333333333333,0.16666666666666666,0.25,0.4166666666666667,0,0.0,0.3333333333333333,0.16666666666666666,0.25,0.4166666666666667
751,no_strict_e1_improvement,0,,,,,1,0,1,1,1,1,1,4,0,0,-1,current,0,0,0.007414924136052529,0.007414924136052529,9,9,9,9,9,0,0,1,1.0,1.0,1.0,1.0,1.0,1,1.0,1.0,1.0,1.0,1.0,1,1.0,1.0,1.0,1.0,1.0,1,1.0,1.0,1.0,1.0,1.0
752,max_rounds,0,,,,,1,1,2,2,2,7,7,4,1,0,0,s1a3_greedy,1,0,0.10302707428733508,0.048259442672133446,9,0,0,9,9,9,0,0,0.0,1.0,0.5,0.75,0.75,0,0.0,1.0,0.5,0.75,0.75,1,1.0,1.0,1.0,1.0,1.0,1,1.0,1.0,1.0,1.0,1.0
753,no_strict_e1_improvement,0,,,,,1,0,2,2,2,7,7,4,0,0,-1,current,0,0,0.046003193982566394,0.046003193982566394,9,9,9,9,9,0,0,1,1.0,1.0,1.0,1.0,1.0,1,1.0,1.0,1.0,1.0,1.0,1,1.0,1.0,1.0,1.0,1.0,1,1.0,1.0,1.0,1.0,1.0
754,max_rounds,0,,,,,1,1,3,2,2,5,5,4,-1,0,1,profiled_beam,1,1,0.1421237546019256,0.022715565050020814,8,7,7,0,0,-7,0,0,0.7777777777777778,0.6666666666666666,0.6666666666666666,0.6666666666666666,0.75,0,0.7777777777777778,0.6666666666666666,0.6666666666666666,0.6666666666666666,0.75,0,0.0,1.0,0.5,0.75,0.75,0,0.0,0.6666666666666666,0.5,0.5833333333333334,0.6666666666666666
755,max_rounds,0,,,,,1,1,2,2,2,6,6,4,-1,0,0,s1a3_greedy,1,0,0.06408064750333627,0.015393534675240517,8,0,0,9,9,9,0,0,0.0,1.0,0.5,0.75,0.75,0,0.0,1.0,0.5,0.75,0.75,1,1.0,1.0,1.0,1.0,1.0,1,1.0,1.0,1.0,1.0,1.0
756,no_strict_e1_improvement,0,,,,,1,0,1,1,1,1,1,4,0,0,-1,current,0,0,0.014132620145877203,0.014132620145877203,11,9,9,9,9,0,0,1,1.0,1.0,1.0,1.0,1.0,1,1.0,1.0,1.0,1.0,1.0,1,1.0,1.0,1.0,1.0,1.0,1,1.0,1.0,1.0,1.0,1.0
757,no_strict_e1_improvement,0,,,,,1,0,1,1,1,1,1,4,0,0,-1,current,0,0,0.07860421948134899,0.07860421948134899,9,0,0,0,0,0,0,0,0.0,0.5,0.5,0.5,0.5,0,0.0,0.5,0.5,0.5,0.5,0,0.0,0.5,0.5,0.5,0.5,0,0.0,0.5,0.5,0.5,0.5
758,max_rounds,0,,,,,1,1,5,4,4,16,16,4,0,0,0,s1a3_greedy,1,0,0.32644989093144733,0.18828530089619258,9,2,2,3,3,1,0,0,0.2222222222222222,0.0,0.5,0.25,0.5,0,0.2222222222222222,0.0,0.5,0.25,0.5,0,0.3333333333333333,0.0,0.6666666666666666,0.3333333333333333,0.5,0,0.3333333333333333,0.0,0.6666666666666666,0.3333333333333333,0.5
759,no_strict_e1_improvement,0,,,,,1,0,1,1,1,1,1,4,0,0,-1,current,0,0,0.07013311081876357,0.07013311081876357,9,0,0,0,0,0,0,0,0.0,0.5,1.0,0.75,0.75,0,0.0,0.5,1.0,0.75,0.75,0,0.0,0.5,1.0,0.75,0.75,0,0.0,0.5,1.0,0.75,0.75
760,no_strict_e1_improvement,0,,,,,1,0,1,1,1,1,1,4,0,0,-1,current,0,0,0.0688729122436295,0.0688729122436295,11,0,0,0,0,0,0,0,0.0,1.0,0.5,0.75,0.75,0,0.0,1.0,0.5,0.75,0.75,0,0.0,1.0,0.5,0.75,0.75,0,0.0,1.0,0.5,0.75,0.75
761,no_strict_e1_improvement,0,,,,,1,0,1,1,1,1,1,4,0,0,-1,current,0,0,0.03951136767864227,0.03951136767864227,10,9,9,9,9,0,0,1,1.0,1.0,1.0,1.0,1.0,1,1.0,1.0,1.0,1.0,1.0,1,1.0,1.0,1.0,1.0,1.0,1,1.0,1.0,1.0,1.0,1.0
762,no_strict_e1_improvement,0,,,,,1,0,1,1,1,1,1,4,0,0,-1,current,0,0,0.0026702843606472015,0.0026702843606472015,12,9,9,9,9,0,0,1,1.0,1.0,1.0,1.0,1.0,1,1.0,1.0,1.0,1.0,1.0,1,1.0,1.0,1.0,1.0,1.0,1,1.0,1.0,1.0,1.0,1.0
763,max_rounds,0,,,,,1,1,3,2,2,6,6,4,0,0,1,profiled_beam,1,1,0.06906309040884177,0.05783993067840735,9,0,0,0,0,0,0,0,0.0,0.8333333333333334,0.5,0.6666666666666666,0.6666666666666666,0,0.0,0.8333333333333334,0.5,0.6666666666666666,0.6666666666666666,0,0.0,0.8333333333333334,0.5,0.6666666666666666,0.6666666666666666,0,0.0,1.0,0.5,0.75,0.75
764,no_strict_e1_improvement,0,,,,,1,0,5,4,4,13,13,4,0,0,-1,current,0,0,0.1572021214912335,0.1572021214912335,9,9,9,9,9,0,0,1,1.0,1.0,1.0,1.0,1.0,1,1.0,1.0,1.0,1.0,1.0,1,1.0,1.0,1.0,1.0,1.0,1,1.0,1.0,1.0,1.0,1.0
765,no_strict_e1_improvement,0,,,,,1,0,1,1,1,1,1,4,0,0,-1,current,0,0,0.03131719181934992,0.03131719181934992,10,6,6,6,6,0,0,0,0.6666666666666666,0.8333333333333334,0.5,0.6666666666666666,0.6666666666666666,0,0.6666666666666666,0.8333333333333334,0.5,0.6666666666666666,0.6666666666666666,0,0.6666666666666666,0.8333333333333334,0.5,0.6666666666666666,0.6666666666666666,0,0.6666666666666666,0.8333333333333334,0.5,0.6666666666666666,0.6666666666666666
766,no_strict_e1_improvement,0,,,,,1,0,1,1,1,1,1,4,0,0,-1,current,0,0,0.0020320212158064046,0.0020320212158064046,11,0,0,0,0,0,0,0,0.0,0.5,1.0,0.75,0.75,0,0.0,0.5,1.0,0.75,0.75,0,0.0,0.5,1.0,0.75,0.75,0,0.0,0.5,1.0,0.75,0.75
767,no_strict_e1_improvement,0,,,,,1,0,1,1,1,1,1,4,0,0,-1,current,0,0,0.020070789905730635,0.020070789905730635,9,9,9,9,9,0,0,1,1.0,1.0,1.0,1.0,1.0,1,1.0,1.0,1.0,1.0,1.0,1,1.0,1.0,1.0,1.0,1.0,1,1.0,1.0,1.0,1.0,1.0
768,no_strict_e1_improvement,0,,,,,1,0,1,1,1,1,1,4,0,0,-1,current,0,0,0.04374747350811958,0.04374747350811958,10,0,0,0,0,0,0,0,0.0,1.0,0.5,0.75,0.75,0,0.0,1.0,0.5,0.75,0.75,0,0.0,1.0,0.5,0.75,0.75,0,0.0,1.0,0.5,0.75,0.75
769,no_strict_e1_improvement,0,,,,,1,0,1,1,1,1,1,4,0,0,-1,current,0,0,0.02397392177954316,0.02397392177954316,8,9,9,9,9,0,0,1,1.0,1.0,1.0,1.0,1.0,1,1.0,1.0,1.0,1.0,1.0,1,1.0,1.0,1.0,1.0,1.0,1,1.0,1.0,1.0,1.0,1.0
770,no_strict_e1_improvement,0,,,,,1,0,1,1,1,1,1,4,0,0,-1,current,0,0,0.07323649968020618,0.07323649968020618,8,0,0,0,0,0,0,0,0.0,1.0,0.5,0.75,0.75,0,0.0,1.0,0.5,0.75,0.75,0,0.0,1.0,0.5,0.75,0.75,0,0.0,1.0,0.5,0.75,0.75
771,no_strict_e1_improvement,0,,,,,1,0,1,1,1,1,1,4,0,0,-1,current,0,0,0.045409856364130974,0.045409856364130974,10,9,9,9,9,0,0,1,1.0,1.0,1.0,1.0,1.0,1,1.0,1.0,1.0,1.0,1.0,1,1.0,1.0,1.0,1.0,1.0,1,1.0,1.0,1.0,1.0,1.0
772,no_strict_e1_improvement,0,,,,,1,0,1,1,1,1,1,4,0,0,-1,current,0,0,0.02971165006359418,0.02971165006359418,10,0,0,0,0,0,0,0,0.0,0.5,1.0,0.75,0.75,0,0.0,0.5,1.0,0.75,0.75,0,0.0,0.5,1.0,0.75,0.75,0,0.0,0.5,1.0,0.75,0.75
773,no_strict_e1_improvement,0,,,,,1,0,1,1,1,1,1,4,0,0,-1,current,0,0,0.0581264755067726,0.0581264755067726,8,0,0,0,0,0,0,0,0.0,0.5,0.8333333333333334,0.6666666666666666,0.6666666666666666,0,0.0,0.5,0.8333333333333334,0.6666666666666666,0.6666666666666666,0,0.0,0.5,0.8333333333333334,0.6666666666666666,0.6666666666666666,0,0.0,0.5,0.8333333333333334,0.6666666666666666,0.6666666666666666
774,no_strict_e1_improvement,0,,,,,1,0,1,1,1,1,1,4,0,0,-1,current,0,0,0.13266548770479858,0.13266548770479858,8,0,0,0,0,0,0,0,0.0,0.5,1.0,0.75,0.75,0,0.0,0.5,1.0,0.75,0.75,0,0.0,0.5,1.0,0.75,0.75,0,0.0,0.5,1.0,0.75,0.75
775,no_strict_e1_improvement,0,,,,,1,0,1,1,1,1,1,4,0,0,-1,current,0,0,0.06331227098902066,0.06331227098902066,9,0,0,0,0,0,0,0,0.0,0.5,1.0,0.75,0.75,0,0.0,0.5,1.0,0.75,0.75,0,0.0,0.5,1.0,0.75,0.75,0,0.0,0.5,1.0,0.75,0.75
776,small_component,0,,,,,1,0,0,0,0,0,0,4,0,0,-1,current,0,0,0.28295544783274335,0.28295544783274335,6,1,1,1,1,0,0,0,0.1111111111111111,0.0,0.3333333333333333,0.16666666666666666,0.16666666666666666,0,0.1111111111111111,0.0,0.3333333333333333,0.16666666666666666,0.16666666666666666,0,0.1111111111111111,0.0,0.3333333333333333,0.16666666666666666,0.16666666666666666,0,0.1111111111111111,0.0,0.3333333333333333,0.16666666666666666,0.16666666666666666
777,no_strict_e1_improvement,0,,,,,1,0,1,1,1,1,1,4,0,0,-1,current,0,0,0.10700245869035523,0.10700245869035523,6,0,0,0,0,0,0,0,0.0,0.5,1.0,0.75,0.75,0,0.0,0.5,1.0,0.75,0.75,0,0.0,0.5,1.0,0.75,0.75,0,0.0,0.5,1.0,0.75,0.75
778,no_strict_e1_improvement,0,,,,,1,0,1,1,1,1,1,4,0,0,-1,current,0,0,0.011509713095923265,0.011509713095923265,10,0,0,0,0,0,0,0,0.0,0.5,1.0,0.75,0.75,0,0.0,0.5,1.0,0.75,0.75,0,0.0,0.5,1.0,0.75,0.75,0,0.0,0.5,1.0,0.75,0.75
779,no_strict_e1_improvement,0,,,,,1,0,1,1,1,1,1,4,0,0,-1,current,0,0,0.007138287803779046,0.007138287803779046,11,0,0,0,0,0,0,0,0.0,0.5,1.0,0.75,0.75,0,0.0,0.5,1.0,0.75,0.75,0,0.0,0.5,1.0,0.75,0.75,0,0.0,0.5,1.0,0.75,0.75
780,no_strict_e1_improvement,0,,,,,1,0,1,1,1,1,1,4,0,0,-1,current,0,0,0.0,0.0,12,9,9,9,9,0,0,1,1.0,1.0,1.0,1.0,1.0,1,1.0,1.0,1.0,1.0,1.0,1,1.0,1.0,1.0,1.0,1.0,1,1.0,1.0,1.0,1.0,1.0
781,no_strict_e1_improvement,0,,,,,1,0,1,1,1,1,1,4,0,0,-1,current,0,0,0.05269672224919001,0.05269672224919001,9,0,0,0,0,0,0,0,0.0,0.5,1.0,0.75,0.75,0,0.0,0.5,1.0,0.75,0.75,0,0.0,0.5,1.0,0.75,0.75,0,0.0,0.5,1.0,0.75,0.75
782,max_rounds,0,,,,,1,1,2,2,2,6,6,4,0,1,0,s1a3_greedy,1,0,0.06134668427209059,0.013737047712008158,9,0,0,9,9,9,0,0,0.0,0.5,1.0,0.75,0.75,0,0.0,0.5,1.0,0.75,0.75,1,1.0,1.0,1.0,1.0,1.0,1,1.0,1.0,1.0,1.0,1.0
783,partial_completed__no_strict_e1_improvement,1,,3,2,4,1,0,5,4,4,15,15,4,0,0,-1,current,1,0,0.14566101459786296,0.14566101459786296,6,1,1,1,1,0,0,0,0.1111111111111111,0.0,0.3333333333333333,0.16666666666666666,0.25,0,0.1111111111111111,0.0,0.6666666666666666,0.3333333333333333,0.5833333333333334,0,0.1111111111111111,0.0,0.6666666666666666,0.3333333333333333,0.5833333333333334,0,0.1111111111111111,0.0,0.6666666666666666,0.3333333333333333,0.5833333333333334
784,max_rounds,0,,,,,1,1,5,4,4,12,12,4,0,0,0,s1a3_greedy,1,0,0.17806849318246046,0.07966334170972307,7,7,7,9,9,2,0,0,0.7777777777777778,0.6666666666666666,0.6666666666666666,0.6666666666666666,0.75,0,0.7777777777777778,0.6666666666666666,0.6666666666666666,0.6666666666666666,0.75,1,1.0,1.0,1.0,1.0,1.0,1,1.0,1.0,1.0,1.0,1.0
785,max_rounds,0,,,,,1,1,5,4,4,16,16,4,0,1,1,profiled_beam,1,1,0.28917948218683404,0.11612864603133251,6,2,2,7,9,7,2,0,0.2222222222222222,0.3333333333333333,0.3333333333333333,0.3333333333333333,0.4166666666666667,0,0.2222222222222222,0.3333333333333333,0.3333333333333333,0.3333333333333333,0.4166666666666667,0,0.7777777777777778,0.6666666666666666,0.5,0.5833333333333334,0.5833333333333334,1,1.0,1.0,1.0,1.0,1.0
786,max_rounds,0,,,,,1,1,3,2,2,4,4,4,1,0,0,s1a3_greedy,1,0,0.12211931000153224,0.03564469306729734,10,0,0,9,9,9,0,0,0.0,0.8333333333333334,0.5,0.6666666666666666,0.6666666666666666,0,0.0,0.8333333333333334,0.5,0.6666666666666666,0.6666666666666666,1,1.0,1.0,1.0,1.0,1.0,1,1.0,1.0,1.0,1.0,1.0
787,no_strict_e1_improvement,0,,,,,1,0,1,1,1,1,1,4,0,0,-1,current,0,0,0.018171885361274082,0.018171885361274082,10,0,0,0,0,0,0,0,0.0,0.5,1.0,0.75,0.75,0,0.0,0.5,1.0,0.75,0.75,0,0.0,0.5,1.0,0.75,0.75,0,0.0,0.5,1.0,0.75,0.75
788,no_strict_e1_improvement,0,,,,,1,0,1,1,1,1,1,4,0,0,-1,current,0,0,0.01781596103683114,0.01781596103683114,9,9,9,9,9,0,0,1,1.0,1.0,1.0,1.0,1.0,1,1.0,1.0,1.0,1.0,1.0,1,1.0,1.0,1.0,1.0,1.0,1,1.0,1.0,1.0,1.0,1.0
789,no_strict_e1_improvement,0,,,,,1,0,1,1,1,1,1,4,0,0,-1,current,0,0,0.05352008001257976,0.05352008001257976,9,7,7,7,7,0,0,0,0.7777777777777778,0.6666666666666666,0.6666666666666666,0.6666666666666666,0.8333333333333334,0,0.7777777777777778,0.6666666666666666,0.6666666666666666,0.6666666666666666,0.8333333333333334,0,0.7777777777777778,0.6666666666666666,0.6666666666666666,0.6666666666666666,0.8333333333333334,0,0.7777777777777778,0.6666666666666666,0.6666666666666666,0.6666666666666666,0.8333333333333334
790,no_strict_e1_improvement,0,,,,,1,0,1,1,1,1,1,4,0,0,-1,current,0,0,0.03662475446859995,0.03662475446859995,11,9,9,9,9,0,0,1,1.0,1.0,1.0,1.0,1.0,1,1.0,1.0,1.0,1.0,1.0,1,1.0,1.0,1.0,1.0,1.0,1,1.0,1.0,1.0,1.0,1.0
791,max_rounds,0,,,,,1,1,3,2,2,6,6,4,1,0,0,s1a3_greedy,1,0,0.16153577551449416,0.09666464810773807,7,2,2,0,0,-2,0,0,0.2222222222222222,0.5,0.0,0.25,0.3333333333333333,0,0.2222222222222222,0.5,0.0,0.25,0.3333333333333333,0,0.0,0.6666666666666666,0.16666666666666666,0.4166666666666667,0.6666666666666666,0,0.0,0.6666666666666666,0.16666666666666666,0.4166666666666667,0.6666666666666666
792,small_component,0,,,,,1,0,0,0,0,0,0,4,0,0,-1,current,0,0,0.24423428003986677,0.24423428003986677,5,0,0,0,0,0,0,0,0.0,0.3333333333333333,0.3333333333333333,0.3333333333333333,0.5833333333333334,0,0.0,0.3333333333333333,0.3333333333333333,0.3333333333333333,0.5833333333333334,0,0.0,0.3333333333333333,0.3333333333333333,0.3333333333333333,0.5833333333333334,0,0.0,0.3333333333333333,0.3333333333333333,0.3333333333333333,0.5833333333333334
793,no_strict_e1_improvement,0,,,,,1,0,1,1,1,1,1,4,0,0,-1,current,0,0,0.041185662150382996,0.041185662150382996,11,0,0,0,0,0,0,0,0.0,0.5,1.0,0.75,0.75,0,0.0,0.5,1.0,0.75,0.75,0,0.0,0.5,1.0,0.75,0.75,0,0.0,0.5,1.0,0.75,0.75
794,no_strict_e1_improvement,0,,,,,1,0,1,1,1,1,1,4,0,0,-1,current,0,0,0.028600989530483883,0.028600989530483883,9,1,1,1,1,0,0,0,0.1111111111111111,0.3333333333333333,0.6666666666666666,0.5,0.6666666666666666,0,0.1111111111111111,0.3333333333333333,0.6666666666666666,0.5,0.6666666666666666,0,0.1111111111111111,0.3333333333333333,0.6666666666666666,0.5,0.6666666666666666,0,0.1111111111111111,0.3333333333333333,0.6666666666666666,0.5,0.6666666666666666
795,max_rounds,0,,,,,1,1,4,4,4,15,15,4,0,1,0,s1a3_greedy,1,0,0.13132790243253112,0.13016839822133383,6,0,0,0,0,0,0,0,0.0,0.5,0.16666666666666666,0.3333333333333333,0.5,0,0.0,0.5,0.16666666666666666,0.3333333333333333,0.5,0,0.0,0.3333333333333333,0.16666666666666666,0.25,0.3333333333333333,0,0.0,0.3333333333333333,0.16666666666666666,0.25,0.3333333333333333
796,max_rounds,0,,,,,1,1,3,2,2,6,6,4,1,0,0,s1a3_greedy,1,0,0.23446498749156794,0.11603849412252505,6,0,0,0,0,0,0,0,0.0,0.3333333333333333,0.6666666666666666,0.5,0.5833333333333334,0,0.0,0.3333333333333333,0.6666666666666666,0.5,0.5833333333333334,0,0.0,0.5,0.8333333333333334,0.6666666666666666,0.6666666666666666,0,0.0,0.5,0.8333333333333334,0.6666666666666666,0.6666666666666666
797,no_strict_e1_improvement,0,,,,,1,0,1,1,1,1,1,4,0,0,-1,current,0,0,0.02170082926750183,0.02170082926750183,11,9,9,9,9,0,0,1,1.0,1.0,1.0,1.0,1.0,1,1.0,1.0,1.0,1.0,1.0,1,1.0,1.0,1.0,1.0,1.0,1,1.0,1.0,1.0,1.0,1.0
798,no_strict_e1_improvement,0,,,,,1,0,1,1,1,1,1,4,0,0,-1,current,0,0,0.03780650223294894,0.03780650223294894,10,0,0,0,0,0,0,0,0.0,0.5,1.0,0.75,0.75,0,0.0,0.5,1.0,0.75,0.75,0,0.0,0.5,1.0,0.75,0.75,0,0.0,0.5,1.0,0.75,0.75
799,no_strict_e1_improvement,0,,,,,1,0,1,1,1,1,1,4,0,0,-1,current,0,0,0.032388394232839346,0.032388394232839346,9,9,9,9,9,0,0,1,1.0,1.0,1.0,1.0,1.0,1,1.0,1.0,1.0,1.0,1.0,1,1.0,1.0,1.0,1.0,1.0,1,1.0,1.0,1.0,1.0,1.0
800,max_rounds,0,,,,,1,1,2,2,2,6,6,4,-1,0,0,s1a3_greedy,1,0,0.05793719242016474,0.04192078113555908,10,0,0,9,9,9,0,0,0.0,1.0,0.5,0.75,0.75,0,0.0,1.0,0.5,0.75,0.75,1,1.0,1.0,1.0,1.0,1.0,1,1.0,1.0,1.0,1.0,1.0
801,no_strict_e1_improvement,0,,,,,1,0,1,1,1,1,1,4,0,0,-1,current,0,0,0.006347498468433817,0.006347498468433817,10,9,9,9,9,0,0,1,1.0,1.0,1.0,1.0,1.0,1,1.0,1.0,1.0,1.0,1.0,1,1.0,1.0,1.0,1.0,1.0,1,1.0,1.0,1.0,1.0,1.0
802,no_strict_e1_improvement,0,,,,,1,0,2,2,2,7,7,4,0,0,-1,current,0,0,0.08337624293441574,0.08337624293441574,8,1,1,1,1,0,0,0,0.1111111111111111,0.3333333333333333,0.6666666666666666,0.5,0.5833333333333334,0,0.1111111111111111,0.3333333333333333,0.6666666666666666,0.5,0.5833333333333334,0,0.1111111111111111,0.3333333333333333,0.6666666666666666,0.5,0.5833333333333334,0,0.1111111111111111,0.3333333333333333,0.6666666666666666,0.5,0.5833333333333334
803,no_strict_e1_improvement,0,,,,,1,0,1,1,1,1,1,4,0,0,-1,current,0,0,0.01762539893388748,0.01762539893388748,12,9,9,9,9,0,0,1,1.0,1.0,1.0,1.0,1.0,1,1.0,1.0,1.0,1.0,1.0,1,1.0,1.0,1.0,1.0,1.0,1,1.0,1.0,1.0,1.0,1.0
804,no_strict_e1_improvement,0,,,,,1,0,1,1,1,1,1,4,0,0,-1,current,0,0,0.04477776183436314,0.04477776183436314,6,0,0,0,0,0,0,0,0.0,0.8333333333333334,0.5,0.6666666666666666,0.6666666666666666,0,0.0,0.8333333333333334,0.5,0.6666666666666666,0.6666666666666666,0,0.0,0.8333333333333334,0.5,0.6666666666666666,0.6666666666666666,0,0.0,0.8333333333333334,0.5,0.6666666666666666,0.6666666666666666
805,small_component,0,,,,,1,0,0,0,0,0,0,4,0,0,-1,current,0,0,0.14119095626908043,0.14119095626908043,6,7,7,7,7,0,0,0,0.7777777777777778,0.3333333333333333,0.6666666666666666,0.5,0.6666666666666666,0,0.7777777777777778,0.3333333333333333,0.6666666666666666,0.5,0.6666666666666666,0,0.7777777777777778,0.3333333333333333,0.6666666666666666,0.5,0.6666666666666666,0,0.7777777777777778,0.3333333333333333,0.6666666666666666,0.5,0.6666666666666666
806,no_strict_e1_improvement,0,,,,,1,0,1,1,1,1,1,4,0,0,-1,current,0,0,0.00993947871029377,0.00993947871029377,11,9,9,9,9,0,0,1,1.0,1.0,1.0,1.0,1.0,1,1.0,1.0,1.0,1.0,1.0,1,1.0,1.0,1.0,1.0,1.0,1,1.0,1.0,1.0,1.0,1.0
807,max_rounds,0,,,,,1,1,5,4,4,12,12,4,-1,1,1,profiled_beam,1,1,0.3116112807765603,0.1988369076473949,5,4,4,0,0,-4,0,0,0.4444444444444444,0.3333333333333333,0.16666666666666666,0.25,0.25,0,0.4444444444444444,0.3333333333333333,0.16666666666666666,0.25,0.25,0,0.0,0.3333333333333333,0.16666666666666666,0.25,0.3333333333333333,0,0.0,0.16666666666666666,0.16666666666666666,0.16666666666666666,0.3333333333333333
808,no_strict_e1_improvement,0,,,,,1,0,1,1,1,2,2,4,0,0,-1,current,0,0,0.19745445375641188,0.19745445375641188,8,2,2,2,2,0,0,0,0.2222222222222222,0.3333333333333333,0.3333333333333333,0.3333333333333333,0.6666666666666666,0,0.2222222222222222,0.3333333333333333,0.3333333333333333,0.3333333333333333,0.6666666666666666,0,0.2222222222222222,0.3333333333333333,0.3333333333333333,0.3333333333333333,0.6666666666666666,0,0.2222222222222222,0.3333333333333333,0.3333333333333333,0.3333333333333333,0.6666666666666666
809,max_rounds,0,,,,,1,1,4,4,4,14,14,4,0,1,0,s1a3_greedy,1,0,0.16245357568065324,0.0628688105692466,8,0,0,9,9,9,0,0,0.0,0.5,1.0,0.75,0.75,0,0.0,0.5,1.0,0.75,0.75,1,1.0,1.0,1.0,1.0,1.0,1,1.0,1.0,1.0,1.0,1.0
810,max_rounds,0,,,,,1,1,4,4,4,10,10,4,0,-1,0,s1a3_greedy,1,0,0.1363805073002974,0.08165698884113226,8,0,0,1,1,1,0,0,0.0,0.16666666666666666,0.5,0.3333333333333333,0.4166666666666667,0,0.0,0.16666666666666666,0.5,0.3333333333333333,0.4166666666666667,0,0.1111111111111111,0.6666666666666666,0.3333333333333333,0.5,0.5833333333333334,0,0.1111111111111111,0.6666666666666666,0.3333333333333333,0.5,0.5833333333333334
811,no_strict_e1_improvement,0,,,,,1,0,1,1,1,1,1,4,0,0,-1,current,0,0,0.07311558785537879,0.07311558785537879,9,0,0,0,0,0,0,0,0.0,0.5,1.0,0.75,0.75,0,0.0,0.5,1.0,0.75,0.75,0,0.0,0.5,1.0,0.75,0.75,0,0.0,0.5,1.0,0.75,0.75
812,no_strict_e1_improvement,0,,,,,1,0,1,1,1,1,1,4,0,0,-1,current,0,0,0.011785152911519011,0.011785152911519011,10,0,0,0,0,0,0,0,0.0,0.5,1.0,0.75,0.75,0,0.0,0.5,1.0,0.75,0.75,0,0.0,0.5,1.0,0.75,0.75,0,0.0,0.5,1.0,0.75,0.75
813,max_rounds,0,,,,,1,1,5,4,4,14,14,4,0,0,0,s1a3_greedy,1,0,0.2584897115205725,0.05839521309826523,5,4,4,9,9,5,0,0,0.4444444444444444,0.5,0.3333333333333333,0.4166666666666667,0.4166666666666667,0,0.4444444444444444,0.5,0.3333333333333333,0.4166666666666667,0.4166666666666667,1,1.0,1.0,1.0,1.0,1.0,1,1.0,1.0,1.0,1.0,1.0
814,no_strict_e1_improvement,0,,,,,1,0,1,1,1,1,1,4,0,0,-1,current,0,0,0.09121192704575758,0.09121192704575758,10,0,0,0,0,0,0,0,0.0,0.5,0.6666666666666666,0.5833333333333334,0.6666666666666666,0,0.0,0.5,0.6666666666666666,0.5833333333333334,0.6666666666666666,0,0.0,0.5,0.6666666666666666,0.5833333333333334,0.6666666666666666,0,0.0,0.5,0.6666666666666666,0.5833333333333334,0.6666666666666666
815,no_strict_e1_improvement,0,,,,,1,0,4,4,4,13,13,4,0,0,-1,current,0,0,0.08867473155260086,0.08867473155260086,7,7,7,7,7,0,0,0,0.7777777777777778,0.6666666666666666,0.6666666666666666,0.6666666666666666,0.8333333333333334,0,0.7777777777777778,0.6666666666666666,0.6666666666666666,0.6666666666666666,0.8333333333333334,0,0.7777777777777778,0.6666666666666666,0.6666666666666666,0.6666666666666666,0.8333333333333334,0,0.7777777777777778,0.6666666666666666,0.6666666666666666,0.6666666666666666,0.8333333333333334
816,no_strict_e1_improvement,0,,,,,1,0,2,2,2,6,6,4,0,0,-1,current,0,0,0.05543010926339775,0.05543010926339775,8,9,9,9,9,0,0,1,1.0,1.0,1.0,1.0,1.0,1,1.0,1.0,1.0,1.0,1.0,1,1.0,1.0,1.0,1.0,1.0,1,1.0,1.0,1.0,1.0,1.0
817,no_strict_e1_improvement,0,,,,,1,0,1,1,1,1,1,4,0,0,-1,current,0,0,0.015433964474747578,0.015433964474747578,10,0,0,0,0,0,0,0,0.0,0.5,0.8333333333333334,0.6666666666666666,0.6666666666666666,0,0.0,0.5,0.8333333333333334,0.6666666666666666,0.6666666666666666,0,0.0,0.5,0.8333333333333334,0.6666666666666666,0.6666666666666666,0,0.0,0.5,0.8333333333333334,0.6666666666666666,0.6666666666666666
818,small_component,0,,,,,1,0,0,0,0,0,0,4,0,0,-1,current,0,0,0.2337073708573977,0.2337073708573977,7,3,3,3,3,0,0,0,0.3333333333333333,0.3333333333333333,0.3333333333333333,0.3333333333333333,0.5,0,0.3333333333333333,0.3333333333333333,0.3333333333333333,0.3333333333333333,0.5,0,0.3333333333333333,0.3333333333333333,0.3333333333333333,0.3333333333333333,0.5,0,0.3333333333333333,0.3333333333333333,0.3333333333333333,0.3333333333333333,0.5
819,no_strict_e1_improvement,0,,,,,1,0,1,1,1,1,1,4,0,0,-1,current,0,0,0.046450586058199406,0.046450586058199406,8,9,9,9,9,0,0,1,1.0,1.0,1.0,1.0,1.0,1,1.0,1.0,1.0,1.0,1.0,1,1.0,1.0,1.0,1.0,1.0,1,1.0,1.0,1.0,1.0,1.0
820,max_rounds,0,,,,,1,1,3,2,2,6,6,4,0,1,0,s1a3_greedy,1,0,0.2731937390441696,0.09980887888620298,8,3,3,6,6,3,0,0,0.3333333333333333,0.6666666666666666,0.0,0.3333333333333333,0.3333333333333333,0,0.3333333333333333,0.6666666666666666,0.0,0.3333333333333333,0.3333333333333333,0,0.6666666666666666,0.8333333333333334,0.0,0.4166666666666667,0.4166666666666667,0,0.6666666666666666,0.8333333333333334,0.0,0.4166666666666667,0.4166666666666667
821,max_rounds,0,,,,,1,1,5,4,4,12,12,4,1,0,0,s1a3_greedy,1,0,0.21418843728800616,0.07878897959987323,9,0,0,0,0,0,0,0,0.0,0.5,0.16666666666666666,0.3333333333333333,0.4166666666666667,0,0.0,0.5,0.16666666666666666,0.3333333333333333,0.4166666666666667,0,0.0,0.8333333333333334,0.5,0.6666666666666666,0.6666666666666666,0,0.0,0.8333333333333334,0.5,0.6666666666666666,0.6666666666666666
822,no_strict_e1_improvement,0,,,,,1,0,1,1,1,1,1,4,0,0,-1,current,0,0,0.11211731626341741,0.11211731626341741,8,0,0,0,0,0,0,0,0.0,0.6666666666666666,0.5,0.5833333333333334,0.6666666666666666,0,0.0,0.6666666666666666,0.5,0.5833333333333334,0.6666666666666666,0,0.0,0.6666666666666666,0.5,0.5833333333333334,0.6666666666666666,0,0.0,0.6666666666666666,0.5,0.5833333333333334,0.6666666666666666
823,no_strict_e1_improvement,0,,,,,1,0,1,1,1,1,1,4,0,0,-1,current,0,0,0.044028804482271276,0.044028804482271276,7,0,0,0,0,0,0,0,0.0,0.5,0.5,0.5,0.5,0,0.0,0.5,0.5,0.5,0.5,0,0.0,0.5,0.5,0.5,0.5,0,0.0,0.5,0.5,0.5,0.5
824,small_component,0,,,,,1,0,0,0,0,0,0,4,0,0,-1,current,0,0,0.24856448483963808,0.24856448483963808,6,0,0,0,0,0,0,0,0.0,0.0,0.3333333333333333,0.16666666666666666,0.3333333333333333,0,0.0,0.0,0.3333333333333333,0.16666666666666666,0.3333333333333333,0,0.0,0.0,0.3333333333333333,0.16666666666666666,0.3333333333333333,0,0.0,0.0,0.3333333333333333,0.16666666666666666,0.3333333333333333
825,max_rounds,0,,,,,1,1,5,4,4,14,14,4,0,-1,0,s1a3_greedy,1,0,0.34511799458414316,0.1501014023864021,4,0,0,4,4,4,0,0,0.0,0.0,0.5,0.25,0.3333333333333333,0,0.0,0.0,0.5,0.25,0.3333333333333333,0,0.4444444444444444,0.16666666666666666,0.5,0.3333333333333333,0.4166666666666667,0,0.4444444444444444,0.16666666666666666,0.5,0.3333333333333333,0.4166666666666667
826,no_strict_e1_improvement,0,,,,,1,0,1,1,1,1,1,4,0,0,-1,current,0,0,0.050825120764784515,0.050825120764784515,8,0,0,0,0,0,0,0,0.0,0.5,0.5,0.5,0.5,0,0.0,0.5,0.5,0.5,0.5,0,0.0,0.5,0.5,0.5,0.5,0,0.0,0.5,0.5,0.5,0.5
827,no_strict_e1_improvement,0,,,,,1,0,1,1,1,1,1,4,0,0,-1,current,0,0,0.014397174740831057,0.014397174740831057,10,9,9,9,9,0,0,1,1.0,1.0,1.0,1.0,1.0,1,1.0,1.0,1.0,1.0,1.0,1,1.0,1.0,1.0,1.0,1.0,1,1.0,1.0,1.0,1.0,1.0
828,no_strict_e1_improvement,0,,,,,1,0,1,1,1,1,1,4,0,0,-1,current,0,0,0.13318291989465555,0.13318291989465555,7,0,0,0,0,0,0,0,0.0,0.5,0.6666666666666666,0.5833333333333334,0.5833333333333334,0,0.0,0.5,0.6666666666666666,0.5833333333333334,0.5833333333333334,0,0.0,0.5,0.6666666666666666,0.5833333333333334,0.5833333333333334,0,0.0,0.5,0.6666666666666666,0.5833333333333334,0.5833333333333334
829,no_strict_e1_improvement,0,,,,,1,0,1,1,1,1,1,4,0,0,-1,current,0,0,0.028626388249297936,0.028626388249297936,8,2,2,2,2,0,0,0,0.2222222222222222,0.16666666666666666,0.6666666666666666,0.4166666666666667,0.5833333333333334,0,0.2222222222222222,0.16666666666666666,0.6666666666666666,0.4166666666666667,0.5833333333333334,0,0.2222222222222222,0.16666666666666666,0.6666666666666666,0.4166666666666667,0.5833333333333334,0,0.2222222222222222,0.16666666666666666,0.6666666666666666,0.4166666666666667,0.5833333333333334
830,no_strict_e1_improvement,0,,,,,1,0,1,1,1,2,2,4,0,0,-1,current,0,0,0.09965404806037743,0.09965404806037743,8,0,0,0,0,0,0,0,0.0,1.0,0.5,0.75,0.75,0,0.0,1.0,0.5,0.75,0.75,0,0.0,1.0,0.5,0.75,0.75,0,0.0,1.0,0.5,0.75,0.75
831,partial_completed__max_rounds,1,,3,2,2,1,1,2,2,2,7,7,4,1,0,0,s1a3_greedy,1,0,0.11168012550721566,0.07890293654054403,6,4,5,0,0,-4,0,0,0.4444444444444444,0.16666666666666666,0.3333333333333333,0.25,0.25,0,0.5555555555555556,0.3333333333333333,0.3333333333333333,0.3333333333333333,0.5,0,0.0,0.3333333333333333,0.16666666666666666,0.25,0.4166666666666667,0,0.0,0.3333333333333333,0.16666666666666666,0.25,0.4166666666666667
832,small_component,0,,,,,1,0,0,0,0,0,0,4,0,0,-1,current,0,0,0.20968411915237084,0.20968411915237084,6,3,3,3,3,0,0,0,0.3333333333333333,0.0,0.6666666666666666,0.3333333333333333,0.3333333333333333,0,0.3333333333333333,0.0,0.6666666666666666,0.3333333333333333,0.3333333333333333,0,0.3333333333333333,0.0,0.6666666666666666,0.3333333333333333,0.3333333333333333,0,0.3333333333333333,0.0,0.6666666666666666,0.3333333333333333,0.3333333333333333
833,max_rounds,0,,,,,1,1,5,4,4,14,14,4,0,-1,1,profiled_beam,1,1,0.23694192431867123,0.16097768737624088,2,0,0,0,0,0,0,0,0.0,0.3333333333333333,0.16666666666666666,0.25,0.5,0,0.0,0.3333333333333333,0.16666666666666666,0.25,0.5,0,0.0,0.16666666666666666,0.16666666666666666,0.16666666666666666,0.5,0,0.0,0.16666666666666666,0.16666666666666666,0.16666666666666666,0.6666666666666666
834,no_strict_e1_improvement,0,,,,,1,0,1,1,1,1,1,4,0,0,-1,current,0,0,0.0017370814578801703,0.0017370814578801703,12,0,0,0,0,0,0,0,0.0,0.5,1.0,0.75,0.75,0,0.0,0.5,1.0,0.75,0.75,0,0.0,0.5,1.0,0.75,0.75,0,0.0,0.5,1.0,0.75,0.75
835,no_strict_e1_improvement,0,,,,,1,0,1,1,1,1,1,4,0,0,-1,current,0,0,0.01476025270919005,0.01476025270919005,11,9,9,9,9,0,0,1,1.0,1.0,1.0,1.0,1.0,1,1.0,1.0,1.0,1.0,1.0,1,1.0,1.0,1.0,1.0,1.0,1,1.0,1.0,1.0,1.0,1.0
836,no_strict_e1_improvement,0,,,,,1,0,1,1,1,1,1,4,0,0,-1,current,0,0,0.01985165849328041,0.01985165849328041,10,9,9,9,9,0,0,1,1.0,1.0,1.0,1.0,1.0,1,1.0,1.0,1.0,1.0,1.0,1,1.0,1.0,1.0,1.0,1.0,1,1.0,1.0,1.0,1.0,1.0
837,no_strict_e1_improvement,0,,,,,1,0,1,1,1,1,1,4,0,0,-1,current,0,0,0.10351487117198606,0.10351487117198606,8,0,0,0,0,0,0,0,0.0,0.6666666666666666,0.5,0.5833333333333334,0.6666666666666666,0,0.0,0.6666666666666666,0.5,0.5833333333333334,0.6666666666666666,0,0.0,0.6666666666666666,0.5,0.5833333333333334,0.6666666666666666,0,0.0,0.6666666666666666,0.5,0.5833333333333334,0.6666666666666666
838,max_rounds,0,,,,,1,1,3,2,2,6,6,4,0,0,1,profiled_beam,1,1,0.08629337946573894,0.023495464721539367,9,1,1,0,0,-1,0,0,0.1111111111111111,0.3333333333333333,0.6666666666666666,0.5,0.6666666666666666,0,0.1111111111111111,0.3333333333333333,0.6666666666666666,0.5,0.6666666666666666,0,0.0,0.5,0.5,0.5,0.5,0,0.0,0.5,1.0,0.75,0.75
839,max_rounds,0,,,,,1,1,5,4,4,14,14,4,1,-1,0,s1a3_greedy,1,0,0.2712899185717106,0.16032810183241963,4,1,1,7,7,6,0,0,0.1111111111111111,0.16666666666666666,0.16666666666666666,0.16666666666666666,0.16666666666666666,0,0.1111111111111111,0.16666666666666666,0.16666666666666666,0.16666666666666666,0.16666666666666666,0,0.7777777777777778,0.6666666666666666,0.6666666666666666,0.6666666666666666,0.6666666666666666,0,0.7777777777777778,0.6666666666666666,0.6666666666666666,0.6666666666666666,0.6666666666666666
840,no_strict_e1_improvement,0,,,,,1,0,1,1,1,1,1,4,0,0,-1,current,0,0,0.044091579193870224,0.044091579193870224,8,9,9,9,9,0,0,1,1.0,1.0,1.0,1.0,1.0,1,1.0,1.0,1.0,1.0,1.0,1,1.0,1.0,1.0,1.0,1.0,1,1.0,1.0,1.0,1.0,1.0
841,small_component,0,,,,,1,0,0,0,0,0,0,4,0,0,-1,current,0,0,0.43101672067617375,0.43101672067617375,6,1,1,1,1,0,0,0,0.1111111111111111,0.16666666666666666,0.3333333333333333,0.25,0.4166666666666667,0,0.1111111111111111,0.16666666666666666,0.3333333333333333,0.25,0.4166666666666667,0,0.1111111111111111,0.16666666666666666,0.3333333333333333,0.25,0.4166666666666667,0,0.1111111111111111,0.16666666666666666,0.3333333333333333,0.25,0.4166666666666667
842,small_component,0,,,,,1,0,0,0,0,0,0,4,0,0,-1,current,0,0,0.35591222578659654,0.35591222578659654,5,1,1,1,1,0,0,0,0.1111111111111111,0.0,0.0,0.0,0.3333333333333333,0,0.1111111111111111,0.0,0.0,0.0,0.3333333333333333,0,0.1111111111111111,0.0,0.0,0.0,0.3333333333333333,0,0.1111111111111111,0.0,0.0,0.0,0.3333333333333333
843,no_strict_e1_improvement,0,,,,,1,0,1,1,1,1,1,4,0,0,-1,current,0,0,0.05124947242438793,0.05124947242438793,10,0,0,0,0,0,0,0,0.0,0.5,0.8333333333333334,0.6666666666666666,0.6666666666666666,0,0.0,0.5,0.8333333333333334,0.6666666666666666,0.6666666666666666,0,0.0,0.5,0.8333333333333334,0.6666666666666666,0.6666666666666666,0,0.0,0.5,0.8333333333333334,0.6666666666666666,0.6666666666666666
844,no_strict_e1_improvement,0,,,,,1,0,1,1,1,2,2,4,0,0,-1,current,0,0,0.15566948180397353,0.15566948180397353,6,0,0,0,0,0,0,0,0.0,0.6666666666666666,0.5,0.5833333333333334,0.75,0,0.0,0.6666666666666666,0.5,0.5833333333333334,0.75,0,0.0,0.6666666666666666,0.5,0.5833333333333334,0.75,0,0.0,0.6666666666666666,0.5,0.5833333333333334,0.75
845,no_strict_e1_improvement,0,,,,,1,0,1,1,1,1,1,4,0,0,-1,current,0,0,0.08836002026995023,0.08836002026995023,9,6,6,6,6,0,0,0,0.6666666666666666,0.5,0.8333333333333334,0.6666666666666666,0.6666666666666666,0,0.6666666666666666,0.5,0.8333333333333334,0.6666666666666666,0.6666666666666666,0,0.6666666666666666,0.5,0.8333333333333334,0.6666666666666666,0.6666666666666666,0,0.6666666666666666,0.5,0.8333333333333334,0.6666666666666666,0.6666666666666666
846,small_component,0,,,,,1,0,0,0,0,0,0,4,0,0,-1,current,0,0,0.15534451828959087,0.15534451828959087,6,0,0,0,0,0,0,0,0.0,0.5,1.0,0.75,0.75,0,0.0,0.5,1.0,0.75,0.75,0,0.0,0.5,1.0,0.75,0.75,0,0.0,0.5,1.0,0.75,0.75
847,max_rounds,0,,,,,1,1,4,4,4,12,12,4,-1,0,0,s1a3_greedy,1,0,0.0782382075364391,0.06600122433155775,7,0,0,9,9,9,0,0,0.0,1.0,0.5,0.75,0.75,0,0.0,1.0,0.5,0.75,0.75,1,1.0,1.0,1.0,1.0,1.0,1,1.0,1.0,1.0,1.0,1.0
848,max_rounds,0,,,,,1,1,2,2,2,5,5,4,0,-1,1,profiled_beam,1,1,0.11746220973630746,0.09232890481750171,6,0,0,1,0,0,-1,0,0.0,0.5,0.6666666666666666,0.5833333333333334,0.5833333333333334,0,0.0,0.5,0.6666666666666666,0.5833333333333334,0.5833333333333334,0,0.1111111111111111,0.6666666666666666,0.3333333333333333,0.5,0.6666666666666666,0,0.0,1.0,0.5,0.75,0.75
849,no_strict_e1_improvement,0,,,,,1,0,1,1,1,1,1,4,0,0,-1,current,0,0,0.0563147384673357,0.0563147384673357,8,0,0,0,0,0,0,0,0.0,0.3333333333333333,0.16666666666666666,0.25,0.3333333333333333,0,0.0,0.3333333333333333,0.16666666666666666,0.25,0.3333333333333333,0,0.0,0.3333333333333333,0.16666666666666666,0.25,0.3333333333333333,0,0.0,0.3333333333333333,0.16666666666666666,0.25,0.3333333333333333
850,no_strict_e1_improvement,0,,,,,1,0,1,1,1,1,1,4,0,0,-1,current,0,0,0.07557368441484869,0.07557368441484869,8,0,0,0,0,0,0,0,0.0,0.5,1.0,0.75,0.75,0,0.0,0.5,1.0,0.75,0.75,0,0.0,0.5,1.0,0.75,0.75,0,0.0,0.5,1.0,0.75,0.75
851,no_strict_e1_improvement,0,,,,,1,0,1,1,1,1,1,4,0,0,-1,current,0,0,0.028343331689635914,0.028343331689635914,8,9,9,9,9,0,0,1,1.0,1.0,1.0,1.0,1.0,1,1.0,1.0,1.0,1.0,1.0,1,1.0,1.0,1.0,1.0,1.0,1,1.0,1.0,1.0,1.0,1.0
852,no_strict_e1_improvement,0,,,,,1,0,1,1,1,1,1,4,0,0,-1,current,0,0,0.020085706375539303,0.020085706375539303,9,0,0,0,0,0,0,0,0.0,0.5,1.0,0.75,0.75,0,0.0,0.5,1.0,0.75,0.75,0,0.0,0.5,1.0,0.75,0.75,0,0.0,0.5,1.0,0.75,0.75
853,no_strict_e1_improvement,0,,,,,1,0,1,1,1,1,1,4,0,0,-1,current,0,0,0.06084940955042839,0.06084940955042839,10,0,0,0,0,0,0,0,0.0,0.5,0.8333333333333334,0.6666666666666666,0.6666666666666666,0,0.0,0.5,0.8333333333333334,0.6666666666666666,0.6666666666666666,0,0.0,0.5,0.8333333333333334,0.6666666666666666,0.6666666666666666,0,0.0,0.5,0.8333333333333334,0.6666666666666666,0.6666666666666666
854,small_component,0,,,,,1,0,0,0,0,0,0,4,0,0,-1,current,0,0,0.30594055835778516,0.30594055835778516,5,0,0,0,0,0,0,0,0.0,0.0,0.5,0.25,0.3333333333333333,0,0.0,0.0,0.5,0.25,0.3333333333333333,0,0.0,0.0,0.5,0.25,0.3333333333333333,0,0.0,0.0,0.5,0.25,0.3333333333333333
855,no_strict_e1_improvement,0,,,,,1,0,1,1,1,1,1,4,0,0,-1,current,0,0,0.04809849654945234,0.04809849654945234,8,5,5,5,5,0,0,0,0.5555555555555556,0.3333333333333333,0.6666666666666666,0.5,0.8333333333333334,0,0.5555555555555556,0.3333333333333333,0.6666666666666666,0.5,0.8333333333333334,0,0.5555555555555556,0.3333333333333333,0.6666666666666666,0.5,0.8333333333333334,0,0.5555555555555556,0.3333333333333333,0.6666666666666666,0.5,0.8333333333333334
856,max_rounds,0,,,,,1,1,2,1,1,2,2,4,0,0,0,s1a3_greedy,1,0,0.2228720720546941,0.12818401353433728,7,7,7,9,9,2,0,0,0.7777777777777778,0.6666666666666666,0.6666666666666666,0.6666666666666666,0.6666666666666666,0,0.7777777777777778,0.6666666666666666,0.6666666666666666,0.6666666666666666,0.6666666666666666,1,1.0,1.0,1.0,1.0,1.0,1,1.0,1.0,1.0,1.0,1.0
857,no_strict_e1_improvement,0,,,,,1,0,2,2,2,6,6,4,0,0,-1,current,0,0,0.062137599724034466,0.062137599724034466,8,9,9,9,9,0,0,1,1.0,1.0,1.0,1.0,1.0,1,1.0,1.0,1.0,1.0,1.0,1,1.0,1.0,1.0,1.0,1.0,1,1.0,1.0,1.0,1.0,1.0
858,max_rounds,0,,,,,1,1,2,2,2,6,6,4,-1,0,1,profiled_beam,1,1,0.07699489981556933,0.066219114465639,8,0,0,0,0,0,0,0,0.0,0.3333333333333333,0.5,0.4166666666666667,0.5,0,0.0,0.3333333333333333,0.5,0.4166666666666667,0.5,0,0.0,0.3333333333333333,0.5,0.4166666666666667,0.5,0,0.0,0.3333333333333333,0.16666666666666666,0.25,0.3333333333333333
859,max_rounds,0,,,,,1,1,5,4,4,10,10,4,0,1,0,s1a3_greedy,1,0,0.18835753935854882,0.14938591960041472,7,0,0,0,0,0,0,0,0.0,0.5,0.16666666666666666,0.3333333333333333,0.4166666666666667,0,0.0,0.5,0.16666666666666666,0.3333333333333333,0.4166666666666667,0,0.0,0.6666666666666666,0.5,0.5833333333333334,0.5833333333333334,0,0.0,0.6666666666666666,0.5,0.5833333333333334,0.5833333333333334
860,max_rounds,0,,,,,1,1,2,2,2,6,6,4,0,-1,0,s1a3_greedy,1,0,0.08087621970723073,0.0025784571965535483,11,0,0,9,9,9,0,0,0.0,0.5,1.0,0.75,0.75,0,0.0,0.5,1.0,0.75,0.75,1,1.0,1.0,1.0,1.0,1.0,1,1.0,1.0,1.0,1.0,1.0
861,max_rounds,0,,,,,1,1,3,2,2,7,7,4,0,-1,0,s1a3_greedy,1,0,0.08948648495910068,0.031670947248737015,8,0,0,9,9,9,0,0,0.0,0.5,0.6666666666666666,0.5833333333333334,0.6666666666666666,0,0.0,0.5,0.6666666666666666,0.5833333333333334,0.6666666666666666,1,1.0,1.0,1.0,1.0,1.0,1,1.0,1.0,1.0,1.0,1.0
862,max_rounds,0,,,,,1,1,3,2,2,6,6,4,-1,0,0,s1a3_greedy,1,0,0.23627463448792696,0.05223920537779728,9,0,0,0,0,0,0,0,0.0,0.0,0.3333333333333333,0.16666666666666666,0.25,0,0.0,0.0,0.3333333333333333,0.16666666666666666,0.25,0,0.0,0.0,0.6666666666666666,0.3333333333333333,0.3333333333333333,0,0.0,0.0,0.6666666666666666,0.3333333333333333,0.3333333333333333
863,no_strict_e1_improvement,0,,,,,1,0,1,1,1,1,1,4,0,0,-1,current,0,0,0.15104920292894045,0.15104920292894045,7,0,0,0,0,0,0,0,0.0,0.5,0.5,0.5,0.5,0,0.0,0.5,0.5,0.5,0.5,0,0.0,0.5,0.5,0.5,0.5,0,0.0,0.5,0.5,0.5,0.5
864,no_strict_e1_improvement,0,,,,,1,0,1,1,1,1,1,4,0,0,-1,current,0,0,0.03840122480566303,0.03840122480566303,8,1,1,1,1,0,0,0,0.1111111111111111,0.3333333333333333,0.6666666666666666,0.5,0.5833333333333334,0,0.1111111111111111,0.3333333333333333,0.6666666666666666,0.5,0.5833333333333334,0,0.1111111111111111,0.3333333333333333,0.6666666666666666,0.5,0.5833333333333334,0,0.1111111111111111,0.3333333333333333,0.6666666666666666,0.5,0.5833333333333334
865,max_rounds,0,,,,,1,1,3,2,2,8,8,4,0,0,1,profiled_beam,1,1,0.10777635503715526,0.09532324073370546,5,3,3,1,0,-3,-1,0,0.3333333333333333,0.5,0.6666666666666666,0.5833333333333334,0.5833333333333334,0,0.3333333333333333,0.5,0.6666666666666666,0.5833333333333334,0.5833333333333334,0,0.1111111111111111,0.6666666666666666,0.3333333333333333,0.5,0.6666666666666666,0,0.0,1.0,0.5,0.75,0.75
866,no_strict_e1_improvement,0,,,,,1,0,1,1,1,1,1,4,0,0,-1,current,0,0,0.04403966416915258,0.04403966416915258,8,0,0,0,0,0,0,0,0.0,1.0,0.5,0.75,0.75,0,0.0,1.0,0.5,0.75,0.75,0,0.0,1.0,0.5,0.75,0.75,0,0.0,1.0,0.5,0.75,0.75
867,max_rounds,0,,,,,1,1,5,4,4,12,12,4,0,0,0,s1a3_greedy,1,0,0.2590785426242898,0.15568032441660762,5,0,0,0,0,0,0,0,0.0,0.16666666666666666,0.3333333333333333,0.25,0.4166666666666667,0,0.0,0.16666666666666666,0.3333333333333333,0.25,0.4166666666666667,0,0.0,0.5,0.6666666666666666,0.5833333333333334,0.75,0,0.0,0.5,0.6666666666666666,0.5833333333333334,0.75
868,max_rounds,0,,,,,1,1,4,4,4,14,14,4,1,-1,1,profiled_beam,1,1,0.09075306346251939,0.03382972478478526,7,0,0,0,9,9,9,0,0.0,0.6666666666666666,0.5,0.5833333333333334,0.5833333333333334,0,0.0,0.6666666666666666,0.5,0.5833333333333334,0.5833333333333334,0,0.0,0.8333333333333334,0.5,0.6666666666666666,0.6666666666666666,1,1.0,1.0,1.0,1.0,1.0
869,no_strict_e1_improvement,0,,,,,1,0,1,1,1,1,1,4,0,0,-1,current,0,0,0.05024758609943092,0.05024758609943092,9,0,0,0,0,0,0,0,0.0,1.0,0.5,0.75,0.75,0,0.0,1.0,0.5,0.75,0.75,0,0.0,1.0,0.5,0.75,0.75,0,0.0,1.0,0.5,0.75,0.75
870,max_rounds,0,,,,,1,1,5,4,4,13,13,4,-1,-1,0,s1a3_greedy,1,0,0.2884681634604931,0.06130817419519493,6,0,0,0,0,0,0,0,0.0,0.16666666666666666,0.16666666666666666,0.16666666666666666,0.3333333333333333,0,0.0,0.16666666666666666,0.16666666666666666,0.16666666666666666,0.3333333333333333,0,0.0,0.16666666666666666,0.16666666666666666,0.16666666666666666,0.4166666666666667,0,0.0,0.16666666666666666,0.16666666666666666,0.16666666666666666,0.4166666666666667
871,no_strict_e1_improvement,0,,,,,1,0,1,1,1,1,1,4,0,0,-1,current,0,0,0.042374380553762116,0.042374380553762116,10,0,0,0,0,0,0,0,0.0,0.6666666666666666,0.5,0.5833333333333334,0.5833333333333334,0,0.0,0.6666666666666666,0.5,0.5833333333333334,0.5833333333333334,0,0.0,0.6666666666666666,0.5,0.5833333333333334,0.5833333333333334,0,0.0,0.6666666666666666,0.5,0.5833333333333334,0.5833333333333334
872,no_strict_e1_improvement,0,,,,,1,0,1,1,1,1,1,4,0,0,-1,current,0,0,0.03572024870663881,0.03572024870663881,11,0,0,0,0,0,0,0,0.0,0.5,0.5,0.5,0.5,0,0.0,0.5,0.5,0.5,0.5,0,0.0,0.5,0.5,0.5,0.5,0,0.0,0.5,0.5,0.5,0.5
873,no_strict_e1_improvement,0,,,,,1,0,1,1,1,1,1,4,0,0,-1,current,0,0,0.03470650524832308,0.03470650524832308,9,0,0,0,0,0,0,0,0.0,0.5,1.0,0.75,0.75,0,0.0,0.5,1.0,0.75,0.75,0,0.0,0.5,1.0,0.75,0.75,0,0.0,0.5,1.0,0.75,0.75
874,max_rounds,0,,,,,1,1,2,2,2,7,7,4,0,-1,1,profiled_beam,1,1,0.07810176908969879,0.061096422684689365,9,9,9,9,0,-9,-9,1,1.0,1.0,1.0,1.0,1.0,1,1.0,1.0,1.0,1.0,1.0,1,1.0,1.0,1.0,1.0,1.0,0,0.0,0.5,0.8333333333333334,0.6666666666666666,0.6666666666666666
875,no_strict_e1_improvement,0,,,,,1,0,1,1,1,1,1,4,0,0,-1,current,0,0,0.09138508086713652,0.09138508086713652,6,0,0,0,0,0,0,0,0.0,0.0,0.5,0.25,0.5,0,0.0,0.0,0.5,0.25,0.5,0,0.0,0.0,0.5,0.25,0.5,0,0.0,0.0,0.5,0.25,0.5
876,no_strict_e1_improvement,0,,,,,1,0,1,1,1,1,1,4,0,0,-1,current,0,0,0.10977629944682121,0.10977629944682121,7,0,0,0,0,0,0,0,0.0,0.8333333333333334,0.0,0.4166666666666667,0.6666666666666666,0,0.0,0.8333333333333334,0.0,0.4166666666666667,0.6666666666666666,0,0.0,0.8333333333333334,0.0,0.4166666666666667,0.6666666666666666,0,0.0,0.8333333333333334,0.0,0.4166666666666667,0.6666666666666666
877,no_strict_e1_improvement,0,,,,,1,0,1,1,1,1,1,4,0,0,-1,current,0,0,0.029141849217315514,0.029141849217315514,8,0,0,0,0,0,0,0,0.0,0.5,1.0,0.75,0.75,0,0.0,0.5,1.0,0.75,0.75,0,0.0,0.5,1.0,0.75,0.75,0,0.0,0.5,1.0,0.75,0.75
878,no_strict_e1_improvement,0,,,,,1,0,2,2,2,7,7,4,0,0,-1,current,0,0,0.05968593806028366,0.05968593806028366,10,9,9,9,9,0,0,1,1.0,1.0,1.0,1.0,1.0,1,1.0,1.0,1.0,1.0,1.0,1,1.0,1.0,1.0,1.0,1.0,1,1.0,1.0,1.0,1.0,1.0
879,max_rounds,0,,,,,1,1,5,4,4,16,16,4,0,0,1,profiled_beam,1,1,0.2125747948884964,0.20175011510339877,7,2,2,2,1,-1,-1,0,0.2222222222222222,0.16666666666666666,0.0,0.08333333333333333,0.5,0,0.2222222222222222,0.16666666666666666,0.0,0.08333333333333333,0.5,0,0.2222222222222222,0.16666666666666666,0.0,0.08333333333333333,0.5,0,0.1111111111111111,0.3333333333333333,0.0,0.16666666666666666,0.6666666666666666
880,no_strict_e1_improvement,0,,,,,1,0,1,1,1,1,1,4,0,0,-1,current,0,0,0.06481302622705698,0.06481302622705698,8,0,0,0,0,0,0,0,0.0,0.5,1.0,0.75,0.75,0,0.0,0.5,1.0,0.75,0.75,0,0.0,0.5,1.0,0.75,0.75,0,0.0,0.5,1.0,0.75,0.75
881,no_strict_e1_improvement,0,,,,,1,0,2,2,2,5,5,4,0,0,-1,current,0,0,0.12286511009248595,0.12286511009248595,6,0,0,0,0,0,0,0,0.0,0.16666666666666666,0.5,0.3333333333333333,0.4166666666666667,0,0.0,0.16666666666666666,0.5,0.3333333333333333,0.4166666666666667,0,0.0,0.16666666666666666,0.5,0.3333333333333333,0.4166666666666667,0,0.0,0.16666666666666666,0.5,0.3333333333333333,0.4166666666666667
882,no_strict_e1_improvement,0,,,,,1,0,4,4,4,15,15,4,0,0,-1,current,0,0,0.10356249489511053,0.10356249489511053,6,1,1,1,1,0,0,0,0.1111111111111111,0.16666666666666666,0.16666666666666666,0.16666666666666666,0.3333333333333333,0,0.1111111111111111,0.16666666666666666,0.16666666666666666,0.16666666666666666,0.3333333333333333,0,0.1111111111111111,0.16666666666666666,0.16666666666666666,0.16666666666666666,0.3333333333333333,0,0.1111111111111111,0.16666666666666666,0.16666666666666666,0.16666666666666666,0.3333333333333333
883,max_rounds,0,,,,,1,1,4,4,4,12,12,4,0,-1,0,s1a3_greedy,1,0,0.07067373984803756,0.043673268829782806,9,9,9,0,0,-9,0,1,1.0,1.0,1.0,1.0,1.0,1,1.0,1.0,1.0,1.0,1.0,0,0.0,0.5,1.0,0.75,0.75,0,0.0,0.5,1.0,0.75,0.75
884,small_component,0,,,,,1,0,0,0,0,0,0,4,0,0,-1,current,0,0,0.149430051445961,0.149430051445961,7,0,0,0,0,0,0,0,0.0,0.5,1.0,0.75,0.75,0,0.0,0.5,1.0,0.75,0.75,0,0.0,0.5,1.0,0.75,0.75,0,0.0,0.5,1.0,0.75,0.75
885,no_strict_e1_improvement,0,,,,,1,0,1,1,1,1,1,4,0,0,-1,current,0,0,0.08596924940745036,0.08596924940745036,7,7,7,7,7,0,0,0,0.7777777777777778,0.6666666666666666,0.6666666666666666,0.6666666666666666,0.75,0,0.7777777777777778,0.6666666666666666,0.6666666666666666,0.6666666666666666,0.75,0,0.7777777777777778,0.6666666666666666,0.6666666666666666,0.6666666666666666,0.75,0,0.7777777777777778,0.6666666666666666,0.6666666666666666,0.6666666666666666,0.75
886,max_rounds,0,,,,,1,1,5,4,4,13,13,4,1,0,0,s1a3_greedy,1,0,0.21173994553585848,0.10767744481563568,8,0,0,5,5,5,0,0,0.0,0.5,0.16666666666666666,0.3333333333333333,0.4166666666666667,0,0.0,0.5,0.16666666666666666,0.3333333333333333,0.4166666666666667,0,0.5555555555555556,0.3333333333333333,0.6666666666666666,0.5,0.6666666666666666,0,0.5555555555555556,0.3333333333333333,0.6666666666666666,0.5,0.6666666666666666
887,no_strict_e1_improvement,0,,,,,1,0,1,1,1,1,1,4,0,0,-1,current,0,0,0.10460437803218763,0.10460437803218763,8,0,0,0,0,0,0,0,0.0,0.5,0.5,0.5,0.5,0,0.0,0.5,0.5,0.5,0.5,0,0.0,0.5,0.5,0.5,0.5,0,0.0,0.5,0.5,0.5,0.5
888,max_rounds,0,,,,,1,1,5,4,4,12,12,4,0,0,0,s1a3_greedy,1,0,0.2878197015573581,0.06437909106413524,6,4,4,7,7,3,0,0,0.4444444444444444,0.16666666666666666,0.3333333333333333,0.25,0.5,0,0.4444444444444444,0.16666666666666666,0.3333333333333333,0.25,0.5,0,0.7777777777777778,0.6666666666666666,0.6666666666666666,0.6666666666666666,0.75,0,0.7777777777777778,0.6666666666666666,0.6666666666666666,0.6666666666666666,0.75
889,partial_completed__no_strict_e1_improvement,1,,3,2,3,1,0,1,1,1,1,1,4,0,0,-1,current,1,0,0.006022090713183085,0.006022090713183085,10,6,9,9,9,3,0,0,0.6666666666666666,0.6666666666666666,0.5,0.5833333333333334,0.5833333333333334,1,1.0,1.0,1.0,1.0,1.0,1,1.0,1.0,1.0,1.0,1.0,1,1.0,1.0,1.0,1.0,1.0
890,no_strict_e1_improvement,0,,,,,1,0,1,1,1,1,1,4,0,0,-1,current,0,0,0.06523403773705165,0.06523403773705165,10,0,0,0,0,0,0,0,0.0,0.5,0.8333333333333334,0.6666666666666666,0.6666666666666666,0,0.0,0.5,0.8333333333333334,0.6666666666666666,0.6666666666666666,0,0.0,0.5,0.8333333333333334,0.6666666666666666,0.6666666666666666,0,0.0,0.5,0.8333333333333334,0.6666666666666666,0.6666666666666666
891,no_strict_e1_improvement,0,,,,,1,0,1,1,1,1,1,4,0,0,-1,current,0,0,0.03061596800883611,0.03061596800883611,11,0,0,0,0,0,0,0,0.0,0.5,1.0,0.75,0.75,0,0.0,0.5,1.0,0.75,0.75,0,0.0,0.5,1.0,0.75,0.75,0,0.0,0.5,1.0,0.75,0.75
892,no_strict_e1_improvement,0,,,,,1,0,1,1,1,1,1,4,0,0,-1,current,0,0,0.04127099962594608,0.04127099962594608,10,0,0,0,0,0,0,0,0.0,0.8333333333333334,0.5,0.6666666666666666,0.6666666666666666,0,0.0,0.8333333333333334,0.5,0.6666666666666666,0.6666666666666666,0,0.0,0.8333333333333334,0.5,0.6666666666666666,0.6666666666666666,0,0.0,0.8333333333333334,0.5,0.6666666666666666,0.6666666666666666
893,max_rounds,0,,,,,1,1,2,2,2,6,6,4,-1,0,0,s1a3_greedy,1,0,0.09624183177947998,0.05976817291229963,9,0,0,0,0,0,0,0,0.0,0.5,0.5,0.5,0.5,0,0.0,0.5,0.5,0.5,0.5,0,0.0,0.5,0.5,0.5,0.5,0,0.0,0.5,0.5,0.5,0.5
894,max_rounds,0,,,,,1,1,3,2,2,7,7,4,0,0,0,s1a3_greedy,1,0,0.11224494393294056,0.05450593354180455,8,1,1,0,0,-1,0,0,0.1111111111111111,0.3333333333333333,0.6666666666666666,0.5,0.5833333333333334,0,0.1111111111111111,0.3333333333333333,0.6666666666666666,0.5,0.5833333333333334,0,0.0,0.5,1.0,0.75,0.75,0,0.0,0.5,1.0,0.75,0.75
895,no_strict_e1_improvement,0,,,,,1,0,1,1,1,1,1,4,0,0,-1,current,0,0,0.022181931883096695,0.022181931883096695,10,0,0,0,0,0,0,0,0.0,1.0,0.5,0.75,0.75,0,0.0,1.0,0.5,0.75,0.75,0,0.0,1.0,0.5,0.75,0.75,0,0.0,1.0,0.5,0.75,0.75
896,small_component,0,,,,,1,0,0,0,0,0,0,4,0,0,-1,current,0,0,0.29670175661643344,0.29670175661643344,5,2,2,2,2,0,0,0,0.2222222222222222,0.0,0.0,0.0,0.25,0,0.2222222222222222,0.0,0.0,0.0,0.25,0,0.2222222222222222,0.0,0.0,0.0,0.25,0,0.2222222222222222,0.0,0.0,0.0,0.25
897,no_strict_e1_improvement,0,,,,,1,0,1,1,1,1,1,4,0,0,-1,current,0,0,0.11107526098688443,0.11107526098688443,8,0,0,0,0,0,0,0,0.0,0.6666666666666666,0.5,0.5833333333333334,0.5833333333333334,0,0.0,0.6666666666666666,0.5,0.5833333333333334,0.5833333333333334,0,0.0,0.6666666666666666,0.5,0.5833333333333334,0.5833333333333334,0,0.0,0.6666666666666666,0.5,0.5833333333333334,0.5833333333333334
898,max_rounds,0,,,,,1,1,4,4,4,13,13,4,-1,1,1,profiled_beam,1,1,0.12054986537744601,0.0793294608592987,8,0,0,0,0,0,0,0,0.0,0.8333333333333334,0.5,0.6666666666666666,0.6666666666666666,0,0.0,0.8333333333333334,0.5,0.6666666666666666,0.6666666666666666,0,0.0,0.6666666666666666,0.5,0.5833333333333334,0.5833333333333334,0,0.0,0.8333333333333334,0.5,0.6666666666666666,0.6666666666666666
899,no_strict_e1_improvement,0,,,,,1,0,1,1,1,1,1,4,0,0,-1,current,0,0,0.04243356889734665,0.04243356889734665,9,0,0,0,0,0,0,0,0.0,0.5,1.0,0.75,0.75,0,0.0,0.5,1.0,0.75,0.75,0,0.0,0.5,1.0,0.75,0.75,0,0.0,0.5,1.0,0.75,0.75
900,no_strict_e1_improvement,0,,,,,1,0,1,1,1,1,1,4,0,0,-1,current,0,0,0.08452796687682469,0.08452796687682469,10,0,0,0,0,0,0,0,0.0,0.5,1.0,0.75,0.75,0,0.0,0.5,1.0,0.75,0.75,0,0.0,0.5,1.0,0.75,0.75,0,0.0,0.5,1.0,0.75,0.75
901,partial_completed__no_strict_e1_improvement,1,,3,2,4,1,0,2,2,2,8,8,4,0,0,-1,current,1,0,0.11193859421958526,0.11193859421958526,6,0,0,0,0,0,0,0,0.0,0.16666666666666666,0.3333333333333333,0.25,0.25,0,0.0,0.16666666666666666,0.5,0.3333333333333333,0.4166666666666667,0,0.0,0.16666666666666666,0.5,0.3333333333333333,0.4166666666666667,0,0.0,0.16666666666666666,0.5,0.3333333333333333,0.4166666666666667
902,max_rounds,0,,,,,1,1,2,2,2,6,6,4,1,0,0,s1a3_greedy,1,0,0.17967868968844414,0.044001346454024315,11,0,0,0,0,0,0,0,0.0,0.5,0.6666666666666666,0.5833333333333334,0.5833333333333334,0,0.0,0.5,0.6666666666666666,0.5833333333333334,0.5833333333333334,0,0.0,0.5,0.8333333333333334,0.6666666666666666,0.6666666666666666,0,0.0,0.5,0.8333333333333334,0.6666666666666666,0.6666666666666666
903,partial_completed__no_strict_e1_improvement,1,,3,2,3,1,0,1,1,1,1,1,4,0,0,-1,current,1,0,0.07134529715403914,0.07134529715403914,8,0,0,0,0,0,0,0,0.0,0.0,0.3333333333333333,0.16666666666666666,0.16666666666666666,0,0.0,0.3333333333333333,0.5,0.4166666666666667,0.5,0,0.0,0.3333333333333333,0.5,0.4166666666666667,0.5,0,0.0,0.3333333333333333,0.5,0.4166666666666667,0.5
904,max_rounds,0,,,,,1,1,3,2,2,7,7,4,1,0,0,s1a3_greedy,1,0,0.10530185932293534,0.04895512945950031,6,2,2,0,0,-2,0,0,0.2222222222222222,0.16666666666666666,0.3333333333333333,0.25,0.5,0,0.2222222222222222,0.16666666666666666,0.3333333333333333,0.25,0.5,0,0.0,0.5,0.16666666666666666,0.3333333333333333,0.4166666666666667,0,0.0,0.5,0.16666666666666666,0.3333333333333333,0.4166666666666667
905,no_strict_e1_improvement,0,,,,,1,0,1,1,1,1,1,4,0,0,-1,current,0,0,0.08637359474475186,0.08637359474475186,10,0,0,0,0,0,0,0,0.0,0.5,1.0,0.75,0.75,0,0.0,0.5,1.0,0.75,0.75,0,0.0,0.5,1.0,0.75,0.75,0,0.0,0.5,1.0,0.75,0.75
906,max_rounds,0,,,,,1,1,3,2,2,6,6,4,0,0,1,profiled_beam,1,1,0.0664360952602389,0.05185730019972349,7,0,0,0,0,0,0,0,0.0,0.6666666666666666,0.16666666666666666,0.4166666666666667,0.5,0,0.0,0.6666666666666666,0.16666666666666666,0.4166666666666667,0.5,0,0.0,0.6666666666666666,0.16666666666666666,0.4166666666666667,0.5,0,0.0,0.6666666666666666,0.16666666666666666,0.4166666666666667,0.5
907,no_strict_e1_improvement,0,,,,,1,0,1,1,1,1,1,4,0,0,-1,current,0,0,0.03536260065933069,0.03536260065933069,11,0,0,0,0,0,0,0,0.0,1.0,0.5,0.75,0.75,0,0.0,1.0,0.5,0.75,0.75,0,0.0,1.0,0.5,0.75,0.75,0,0.0,1.0,0.5,0.75,0.75
908,no_strict_e1_improvement,0,,,,,1,0,1,1,1,1,1,4,0,0,-1,current,0,0,0.03565424533250431,0.03565424533250431,8,0,0,0,0,0,0,0,0.0,1.0,0.5,0.75,0.75,0,0.0,1.0,0.5,0.75,0.75,0,0.0,1.0,0.5,0.75,0.75,0,0.0,1.0,0.5,0.75,0.75
909,no_strict_e1_improvement,0,,,,,1,0,2,2,2,6,6,4,0,0,-1,current,0,0,0.08626482728868723,0.08626482728868723,9,9,9,9,9,0,0,1,1.0,1.0,1.0,1.0,1.0,1,1.0,1.0,1.0,1.0,1.0,1,1.0,1.0,1.0,1.0,1.0,1,1.0,1.0,1.0,1.0,1.0
910,no_strict_e1_improvement,0,,,,,1,0,1,1,1,1,1,4,0,0,-1,current,0,0,0.027020916963617008,0.027020916963617008,9,9,9,9,9,0,0,1,1.0,1.0,1.0,1.0,1.0,1,1.0,1.0,1.0,1.0,1.0,1,1.0,1.0,1.0,1.0,1.0,1,1.0,1.0,1.0,1.0,1.0
911,no_strict_e1_improvement,0,,,,,1,0,1,1,1,1,1,4,0,0,-1,current,0,0,0.107938835863024,0.107938835863024,7,0,0,0,0,0,0,0,0.0,0.6666666666666666,0.5,0.5833333333333334,0.5833333333333334,0,0.0,0.6666666666666666,0.5,0.5833333333333334,0.5833333333333334,0,0.0,0.6666666666666666,0.5,0.5833333333333334,0.5833333333333334,0,0.0,0.6666666666666666,0.5,0.5833333333333334,0.5833333333333334
912,max_rounds,0,,,,,1,1,3,2,2,8,8,4,0,1,1,profiled_beam,1,1,0.08496616307335596,0.07281300510900716,6,9,9,7,0,-9,-7,1,1.0,1.0,1.0,1.0,1.0,1,1.0,1.0,1.0,1.0,1.0,0,0.7777777777777778,0.6666666666666666,0.6666666666666666,0.6666666666666666,0.8333333333333334,0,0.0,0.5,0.6666666666666666,0.5833333333333334,0.75
913,no_strict_e1_improvement,0,,,,,1,0,1,1,1,1,1,4,0,0,-1,current,0,0,0.005502083930574979,0.005502083930574979,11,9,9,9,9,0,0,1,1.0,1.0,1.0,1.0,1.0,1,1.0,1.0,1.0,1.0,1.0,1,1.0,1.0,1.0,1.0,1.0,1,1.0,1.0,1.0,1.0,1.0
914,no_strict_e1_improvement,0,,,,,1,0,1,1,1,1,1,4,0,0,-1,current,0,0,0.019009626160065334,0.019009626160065334,9,0,0,0,0,0,0,0,0.0,0.5,1.0,0.75,0.75,0,0.0,0.5,1.0,0.75,0.75,0,0.0,0.5,1.0,0.75,0.75,0,0.0,0.5,1.0,0.75,0.75
915,no_strict_e1_improvement,0,,,,,1,0,1,1,1,1,1,4,0,0,-1,current,0,0,0.022410217362145584,0.022410217362145584,9,0,0,0,0,0,0,0,0.0,0.5,1.0,0.75,0.75,0,0.0,0.5,1.0,0.75,0.75,0,0.0,0.5,1.0,0.75,0.75,0,0.0,0.5,1.0,0.75,0.75
916,max_rounds,0,,,,,1,1,5,4,4,14,14,4,-1,-1,0,s1a3_greedy,1,0,0.300923679722473,0.02310751044812302,9,2,2,9,9,7,0,0,0.2222222222222222,0.3333333333333333,0.3333333333333333,0.3333333333333333,0.6666666666666666,0,0.2222222222222222,0.3333333333333333,0.3333333333333333,0.3333333333333333,0.6666666666666666,1,1.0,1.0,1.0,1.0,1.0,1,1.0,1.0,1.0,1.0,1.0
917,no_strict_e1_improvement,0,,,,,1,0,1,1,1,1,1,4,0,0,-1,current,0,0,0.020276126607010763,0.020276126607010763,9,9,9,9,9,0,0,1,1.0,1.0,1.0,1.0,1.0,1,1.0,1.0,1.0,1.0,1.0,1,1.0,1.0,1.0,1.0,1.0,1,1.0,1.0,1.0,1.0,1.0
918,max_rounds,0,,,,,1,1,4,4,4,14,14,4,-1,1,1,profiled_beam,1,1,0.21622857979188362,0.17373815489312014,5,0,0,0,0,0,0,0,0.0,0.16666666666666666,0.3333333333333333,0.25,0.4166666666666667,0,0.0,0.16666666666666666,0.3333333333333333,0.25,0.4166666666666667,0,0.0,0.3333333333333333,0.3333333333333333,0.3333333333333333,0.5833333333333334,0,0.0,0.16666666666666666,0.5,0.3333333333333333,0.5
919,no_strict_e1_improvement,0,,,,,1,0,2,2,2,6,6,4,0,0,-1,current,0,0,0.028419957767861586,0.028419957767861586,8,9,9,9,9,0,0,1,1.0,1.0,1.0,1.0,1.0,1,1.0,1.0,1.0,1.0,1.0,1,1.0,1.0,1.0,1.0,1.0,1,1.0,1.0,1.0,1.0,1.0
920,no_strict_e1_improvement,0,,,,,1,0,1,1,1,1,1,4,0,0,-1,current,0,0,0.008239014695088068,0.008239014695088068,12,9,9,9,9,0,0,1,1.0,1.0,1.0,1.0,1.0,1,1.0,1.0,1.0,1.0,1.0,1,1.0,1.0,1.0,1.0,1.0,1,1.0,1.0,1.0,1.0,1.0
921,no_strict_e1_improvement,0,,,,,1,0,1,1,1,1,1,4,0,0,-1,current,0,0,0.04948722695310911,0.04948722695310911,10,3,3,3,3,0,0,0,0.3333333333333333,0.0,1.0,0.5,0.75,0,0.3333333333333333,0.0,1.0,0.5,0.75,0,0.3333333333333333,0.0,1.0,0.5,0.75,0,0.3333333333333333,0.0,1.0,0.5,0.75
922,max_rounds,0,,,,,1,1,5,4,4,16,16,4,0,-1,1,profiled_beam,1,1,0.2484358058621486,0.18273621114591757,5,1,1,1,1,0,0,0,0.1111111111111111,0.0,0.0,0.0,0.16666666666666666,0,0.1111111111111111,0.0,0.0,0.0,0.16666666666666666,0,0.1111111111111111,0.0,0.0,0.0,0.4166666666666667,0,0.1111111111111111,0.0,0.0,0.0,0.3333333333333333
923,max_rounds,0,,,,,1,1,5,4,4,10,10,4,-1,1,0,s1a3_greedy,1,0,0.14738829107955098,0.10908730250472824,3,0,0,1,1,1,0,0,0.0,0.8333333333333334,0.5,0.6666666666666666,0.6666666666666666,0,0.0,0.8333333333333334,0.5,0.6666666666666666,0.6666666666666666,0,0.1111111111111111,0.3333333333333333,0.6666666666666666,0.5,0.5833333333333334,0,0.1111111111111111,0.3333333333333333,0.6666666666666666,0.5,0.5833333333333334
924,max_rounds,0,,,,,1,1,4,4,4,13,13,4,-1,-1,1,profiled_beam,1,1,0.16104898353417715,0.10212765199442704,7,7,7,7,0,-7,-7,0,0.7777777777777778,0.6666666666666666,0.3333333333333333,0.5,0.6666666666666666,0,0.7777777777777778,0.6666666666666666,0.3333333333333333,0.5,0.6666666666666666,0,0.7777777777777778,0.6666666666666666,0.3333333333333333,0.5,0.6666666666666666,0,0.0,0.3333333333333333,0.16666666666666666,0.25,0.3333333333333333
925,max_rounds,0,,,,,1,1,5,4,4,11,11,4,1,1,0,s1a3_greedy,1,0,0.08529520764326055,0.02703021860603864,6,4,4,0,0,-4,0,0,0.4444444444444444,0.16666666666666666,0.5,0.3333333333333333,0.4166666666666667,0,0.4444444444444444,0.16666666666666666,0.5,0.3333333333333333,0.4166666666666667,0,0.0,0.16666666666666666,0.5,0.3333333333333333,0.5,0,0.0,0.16666666666666666,0.5,0.3333333333333333,0.5
926,no_strict_e1_improvement,0,,,,,1,0,1,1,1,1,1,4,0,0,-1,current,0,0,0.039842261001467705,0.039842261001467705,10,1,1,1,1,0,0,0,0.1111111111111111,0.3333333333333333,0.6666666666666666,0.5,0.6666666666666666,0,0.1111111111111111,0.3333333333333333,0.6666666666666666,0.5,0.6666666666666666,0,0.1111111111111111,0.3333333333333333,0.6666666666666666,0.5,0.6666666666666666,0,0.1111111111111111,0.3333333333333333,0.6666666666666666,0.5,0.6666666666666666
927,no_strict_e1_improvement,0,,,,,1,0,2,2,2,6,6,4,0,0,-1,current,0,0,0.07946782000362873,0.07946782000362873,9,0,0,0,0,0,0,0,0.0,0.5,0.5,0.5,0.5,0,0.0,0.5,0.5,0.5,0.5,0,0.0,0.5,0.5,0.5,0.5,0,0.0,0.5,0.5,0.5,0.5
928,no_strict_e1_improvement,0,,,,,1,0,1,1,1,1,1,4,0,0,-1,current,0,0,0.12764373266448578,0.12764373266448578,9,0,0,0,0,0,0,0,0.0,0.8333333333333334,0.5,0.6666666666666666,0.6666666666666666,0,0.0,0.8333333333333334,0.5,0.6666666666666666,0.6666666666666666,0,0.0,0.8333333333333334,0.5,0.6666666666666666,0.6666666666666666,0,0.0,0.8333333333333334,0.5,0.6666666666666666,0.6666666666666666
929,no_strict_e1_improvement,0,,,,,1,0,1,1,1,1,1,4,0,0,-1,current,0,0,0.12767374282702804,0.12767374282702804,8,0,0,0,0,0,0,0,0.0,0.8333333333333334,0.5,0.6666666666666666,0.6666666666666666,0,0.0,0.8333333333333334,0.5,0.6666666666666666,0.6666666666666666,0,0.0,0.8333333333333334,0.5,0.6666666666666666,0.6666666666666666,0,0.0,0.8333333333333334,0.5,0.6666666666666666,0.6666666666666666
930,no_strict_e1_improvement,0,,,,,1,0,1,1,1,1,1,4,0,0,-1,current,0,0,0.022381608995298546,0.022381608995298546,11,0,0,0,0,0,0,0,0.0,0.5,1.0,0.75,0.75,0,0.0,0.5,1.0,0.75,0.75,0,0.0,0.5,1.0,0.75,0.75,0,0.0,0.5,1.0,0.75,0.75
931,no_strict_e1_improvement,0,,,,,1,0,1,1,1,1,1,4,0,0,-1,current,0,0,0.07101359342535336,0.07101359342535336,10,0,0,0,0,0,0,0,0.0,0.5,1.0,0.75,0.75,0,0.0,0.5,1.0,0.75,0.75,0,0.0,0.5,1.0,0.75,0.75,0,0.0,0.5,1.0,0.75,0.75
932,no_strict_e1_improvement,0,,,,,1,0,1,1,1,1,1,4,0,0,-1,current,0,0,0.037836555391550064,0.037836555391550064,9,9,9,9,9,0,0,1,1.0,1.0,1.0,1.0,1.0,1,1.0,1.0,1.0,1.0,1.0,1,1.0,1.0,1.0,1.0,1.0,1,1.0,1.0,1.0,1.0,1.0
933,no_strict_e1_improvement,0,,,,,1,0,1,1,1,1,1,4,0,0,-1,current,0,0,0.07607460518678029,0.07607460518678029,8,9,9,9,9,0,0,1,1.0,1.0,1.0,1.0,1.0,1,1.0,1.0,1.0,1.0,1.0,1,1.0,1.0,1.0,1.0,1.0,1,1.0,1.0,1.0,1.0,1.0
934,no_strict_e1_improvement,0,,,,,1,0,1,1,1,1,1,4,0,0,-1,current,0,0,0.005406205852826436,0.005406205852826436,11,9,9,9,9,0,0,1,1.0,1.0,1.0,1.0,1.0,1,1.0,1.0,1.0,1.0,1.0,1,1.0,1.0,1.0,1.0,1.0,1,1.0,1.0,1.0,1.0,1.0
935,max_rounds,0,,,,,1,1,5,4,4,14,14,4,-1,0,0,s1a3_greedy,1,0,0.26947853962580365,0.07806344334191333,5,0,0,9,9,9,0,0,0.0,0.5,0.3333333333333333,0.4166666666666667,0.5,0,0.0,0.5,0.3333333333333333,0.4166666666666667,0.5,1,1.0,1.0,1.0,1.0,1.0,1,1.0,1.0,1.0,1.0,1.0
936,no_strict_e1_improvement,0,,,,,1,0,1,1,1,1,1,4,0,0,-1,current,0,0,0.10443052936655779,0.10443052936655779,9,0,0,0,0,0,0,0,0.0,0.5,0.5,0.5,0.5,0,0.0,0.5,0.5,0.5,0.5,0,0.0,0.5,0.5,0.5,0.5,0,0.0,0.5,0.5,0.5,0.5
937,no_strict_e1_improvement,0,,,,,1,0,1,1,1,1,1,4,0,0,-1,current,0,0,0.09793911424155037,0.09793911424155037,8,3,3,3,3,0,0,0,0.3333333333333333,0.5,0.6666666666666666,0.5833333333333334,0.5833333333333334,0,0.3333333333333333,0.5,0.6666666666666666,0.5833333333333334,0.5833333333333334,0,0.3333333333333333,0.5,0.6666666666666666,0.5833333333333334,0.5833333333333334,0,0.3333333333333333,0.5,0.6666666666666666,0.5833333333333334,0.5833333333333334
938,max_rounds,0,,,,,1,1,3,2,2,7,7,4,0,0,1,profiled_beam,1,1,0.08510521613061428,0.039664727092410125,8,0,0,1,0,0,-1,0,0.0,0.5,0.5,0.5,0.5,0,0.0,0.5,0.5,0.5,0.5,0,0.1111111111111111,0.3333333333333333,0.6666666666666666,0.5,0.5833333333333334,0,0.0,0.5,1.0,0.75,0.75
939,no_strict_e1_improvement,0,,,,,1,0,1,1,1,1,1,4,0,0,-1,current,0,0,0.05571814486756921,0.05571814486756921,8,7,7,7,7,0,0,0,0.7777777777777778,0.6666666666666666,0.6666666666666666,0.6666666666666666,0.8333333333333334,0,0.7777777777777778,0.6666666666666666,0.6666666666666666,0.6666666666666666,0.8333333333333334,0,0.7777777777777778,0.6666666666666666,0.6666666666666666,0.6666666666666666,0.8333333333333334,0,0.7777777777777778,0.6666666666666666,0.6666666666666666,0.6666666666666666,0.8333333333333334
940,max_rounds,0,,,,,1,1,5,4,4,10,10,4,0,1,1,profiled_beam,1,1,0.2280306169607987,0.0758978098941346,5,1,1,0,0,-1,0,0,0.1111111111111111,0.5,0.0,0.25,0.3333333333333333,0,0.1111111111111111,0.5,0.0,0.25,0.3333333333333333,0,0.0,0.8333333333333334,0.0,0.4166666666666667,0.4166666666666667,0,0.0,0.5,0.5,0.5,0.5
941,max_rounds,0,,,,,1,1,4,4,4,13,13,4,1,-1,0,s1a3_greedy,1,0,0.14988617886168262,0.14373169637595615,5,0,0,0,0,0,0,0,0.0,0.5,0.5,0.5,0.5,0,0.0,0.5,0.5,0.5,0.5,0,0.0,1.0,0.5,0.75,0.75,0,0.0,1.0,0.5,0.75,0.75
942,partial_completed__no_strict_e1_improvement,1,,3,2,4,1,0,2,2,2,8,8,4,0,0,-1,current,1,0,0.16249150363728404,0.16249150363728404,6,1,1,1,1,0,0,0,0.1111111111111111,0.0,0.0,0.0,0.3333333333333333,0,0.1111111111111111,0.0,0.0,0.0,0.4166666666666667,0,0.1111111111111111,0.0,0.0,0.0,0.4166666666666667,0,0.1111111111111111,0.0,0.0,0.0,0.4166666666666667
943,max_rounds,0,,,,,1,1,5,4,4,10,10,4,0,1,0,s1a3_greedy,1,0,0.31910925762106973,0.07236729383779068,5,1,1,0,0,-1,0,0,0.1111111111111111,0.3333333333333333,0.16666666666666666,0.25,0.4166666666666667,0,0.1111111111111111,0.3333333333333333,0.16666666666666666,0.25,0.4166666666666667,0,0.0,0.6666666666666666,0.5,0.5833333333333334,0.5833333333333334,0,0.0,0.6666666666666666,0.5,0.5833333333333334,0.5833333333333334
944,no_strict_e1_improvement,0,,,,,1,0,1,1,1,1,1,4,0,0,-1,current,0,0,0.10222054464975372,0.10222054464975372,8,0,0,0,0,0,0,0,0.0,0.5,1.0,0.75,0.75,0,0.0,0.5,1.0,0.75,0.75,0,0.0,0.5,1.0,0.75,0.75,0,0.0,0.5,1.0,0.75,0.75
945,no_strict_e1_improvement,0,,,,,1,0,2,2,2,7,7,4,0,0,-1,current,0,0,0.1592077293122808,0.1592077293122808,5,4,4,4,4,0,0,0,0.4444444444444444,0.5,0.3333333333333333,0.4166666666666667,0.5833333333333334,0,0.4444444444444444,0.5,0.3333333333333333,0.4166666666666667,0.5833333333333334,0,0.4444444444444444,0.5,0.3333333333333333,0.4166666666666667,0.5833333333333334,0,0.4444444444444444,0.5,0.3333333333333333,0.4166666666666667,0.5833333333333334
946,no_strict_e1_improvement,0,,,,,1,0,1,1,1,1,1,4,0,0,-1,current,0,0,0.10656273504719138,0.10656273504719138,6,0,0,0,0,0,0,0,0.0,0.3333333333333333,0.5,0.4166666666666667,0.75,0,0.0,0.3333333333333333,0.5,0.4166666666666667,0.75,0,0.0,0.3333333333333333,0.5,0.4166666666666667,0.75,0,0.0,0.3333333333333333,0.5,0.4166666666666667,0.75
947,no_strict_e1_improvement,0,,,,,1,0,1,1,1,1,1,4,0,0,-1,current,0,0,0.032220205292105675,0.032220205292105675,11,9,9,9,9,0,0,1,1.0,1.0,1.0,1.0,1.0,1,1.0,1.0,1.0,1.0,1.0,1,1.0,1.0,1.0,1.0,1.0,1,1.0,1.0,1.0,1.0,1.0
948,max_rounds,0,,,,,1,1,5,4,4,14,14,4,-1,0,1,profiled_beam,1,1,0.26184724053988856,0.14729316936184964,6,1,1,1,3,2,2,0,0.1111111111111111,0.5,0.16666666666666666,0.3333333333333333,0.6666666666666666,0,0.1111111111111111,0.5,0.16666666666666666,0.3333333333333333,0.6666666666666666,0,0.1111111111111111,0.6666666666666666,0.0,0.3333333333333333,0.6666666666666666,0,0.3333333333333333,0.6666666666666666,0.0,0.3333333333333333,0.75
949,no_strict_e1_improvement,0,,,,,1,0,1,1,1,1,1,4,0,0,-1,current,0,0,0.056544436452289425,0.056544436452289425,8,0,0,0,0,0,0,0,0.0,0.5,1.0,0.75,0.75,0,0.0,0.5,1.0,0.75,0.75,0,0.0,0.5,1.0,0.75,0.75,0,0.0,0.5,1.0,0.75,0.75
950,no_strict_e1_improvement,0,,,,,1,0,1,1,1,1,1,4,0,0,-1,current,0,0,0.01501732940475146,0.01501732940475146,11,9,9,9,9,0,0,1,1.0,1.0,1.0,1.0,1.0,1,1.0,1.0,1.0,1.0,1.0,1,1.0,1.0,1.0,1.0,1.0,1,1.0,1.0,1.0,1.0,1.0
951,no_strict_e1_improvement,0,,,,,1,0,1,1,1,1,1,4,0,0,-1,current,0,0,0.004489445554402967,0.004489445554402967,11,9,9,9,9,0,0,1,1.0,1.0,1.0,1.0,1.0,1,1.0,1.0,1.0,1.0,1.0,1,1.0,1.0,1.0,1.0,1.0,1,1.0,1.0,1.0,1.0,1.0
952,no_strict_e1_improvement,0,,,,,1,0,1,1,1,1,1,4,0,0,-1,current,0,0,0.004444274275253217,0.004444274275253217,11,9,9,9,9,0,0,1,1.0,1.0,1.0,1.0,1.0,1,1.0,1.0,1.0,1.0,1.0,1,1.0,1.0,1.0,1.0,1.0,1,1.0,1.0,1.0,1.0,1.0
953,small_component,0,,,,,1,0,0,0,0,0,0,4,0,0,-1,current,0,0,0.4299925649538636,0.4299925649538636,4,0,0,0,0,0,0,0,0.0,0.16666666666666666,0.16666666666666666,0.16666666666666666,0.3333333333333333,0,0.0,0.16666666666666666,0.16666666666666666,0.16666666666666666,0.3333333333333333,0,0.0,0.16666666666666666,0.16666666666666666,0.16666666666666666,0.3333333333333333,0,0.0,0.16666666666666666,0.16666666666666666,0.16666666666666666,0.3333333333333333
954,small_component,0,,,,,1,0,0,0,0,0,0,4,0,0,-1,current,0,0,0.2870312174782157,0.2870312174782157,6,4,4,4,4,0,0,0,0.4444444444444444,0.16666666666666666,0.5,0.3333333333333333,0.4166666666666667,0,0.4444444444444444,0.16666666666666666,0.5,0.3333333333333333,0.4166666666666667,0,0.4444444444444444,0.16666666666666666,0.5,0.3333333333333333,0.4166666666666667,0,0.4444444444444444,0.16666666666666666,0.5,0.3333333333333333,0.4166666666666667
955,max_rounds,0,,,,,1,1,2,2,2,6,6,4,0,-1,0,s1a3_greedy,1,0,0.09343809727579355,0.02256437965358297,9,0,0,9,9,9,0,0,0.0,0.5,1.0,0.75,0.75,0,0.0,0.5,1.0,0.75,0.75,1,1.0,1.0,1.0,1.0,1.0,1,1.0,1.0,1.0,1.0,1.0
956,no_strict_e1_improvement,0,,,,,1,0,1,1,1,1,1,4,0,0,-1,current,0,0,0.07656045754750569,0.07656045754750569,10,0,0,0,0,0,0,0,0.0,0.6666666666666666,0.5,0.5833333333333334,0.5833333333333334,0,0.0,0.6666666666666666,0.5,0.5833333333333334,0.5833333333333334,0,0.0,0.6666666666666666,0.5,0.5833333333333334,0.5833333333333334,0,0.0,0.6666666666666666,0.5,0.5833333333333334,0.5833333333333334
957,no_strict_e1_improvement,0,,,,,1,0,1,1,1,1,1,4,0,0,-1,current,0,0,0.039088272800048195,0.039088272800048195,9,9,9,9,9,0,0,1,1.0,1.0,1.0,1.0,1.0,1,1.0,1.0,1.0,1.0,1.0,1,1.0,1.0,1.0,1.0,1.0,1,1.0,1.0,1.0,1.0,1.0
958,partial_completed__no_strict_e1_improvement,1,,3,2,4,1,0,1,1,1,1,1,4,0,0,-1,current,1,0,0.17208109547694525,0.17208109547694525,8,0,0,0,0,0,0,0,0.0,0.3333333333333333,0.5,0.4166666666666667,0.4166666666666667,0,0.0,0.5,0.8333333333333334,0.6666666666666666,0.6666666666666666,0,0.0,0.5,0.8333333333333334,0.6666666666666666,0.6666666666666666,0,0.0,0.5,0.8333333333333334,0.6666666666666666,0.6666666666666666
959,max_rounds,0,,,,,1,1,4,4,4,14,14,4,-1,0,1,profiled_beam,1,1,0.08803926687687635,0.0784048680216074,9,0,0,0,0,0,0,0,0.0,0.5,0.16666666666666666,0.3333333333333333,0.5,0,0.0,0.5,0.16666666666666666,0.3333333333333333,0.5,0,0.0,0.5,0.16666666666666666,0.3333333333333333,0.5,0,0.0,0.5,0.16666666666666666,0.3333333333333333,0.4166666666666667
960,no_strict_e1_improvement,0,,,,,1,0,1,1,1,1,1,4,0,0,-1,current,0,0,0.05426315466562907,0.05426315466562907,9,0,0,0,0,0,0,0,0.0,0.5,1.0,0.75,0.75,0,0.0,0.5,1.0,0.75,0.75,0,0.0,0.5,1.0,0.75,0.75,0,0.0,0.5,1.0,0.75,0.75
961,no_strict_e1_improvement,0,,,,,1,0,1,1,1,1,1,4,0,0,-1,current,0,0,0.045039166851590075,0.045039166851590075,8,9,9,9,9,0,0,1,1.0,1.0,1.0,1.0,1.0,1,1.0,1.0,1.0,1.0,1.0,1,1.0,1.0,1.0,1.0,1.0,1,1.0,1.0,1.0,1.0,1.0
962,no_strict_e1_improvement,0,,,,,1,0,1,1,1,1,1,4,0,0,-1,current,0,0,0.18407616950571537,0.18407616950571537,6,7,7,7,7,0,0,0,0.7777777777777778,0.5,0.5,0.5,0.8333333333333334,0,0.7777777777777778,0.5,0.5,0.5,0.8333333333333334,0,0.7777777777777778,0.5,0.5,0.5,0.8333333333333334,0,0.7777777777777778,0.5,0.5,0.5,0.8333333333333334
963,no_strict_e1_improvement,0,,,,,1,0,1,1,1,1,1,4,0,0,-1,current,0,0,0.061857761504749455,0.061857761504749455,8,0,0,0,0,0,0,0,0.0,0.5,0.5,0.5,0.5,0,0.0,0.5,0.5,0.5,0.5,0,0.0,0.5,0.5,0.5,0.5,0,0.0,0.5,0.5,0.5,0.5
964,no_strict_e1_improvement,0,,,,,1,0,4,4,4,16,16,4,0,0,-1,current,0,0,0.14232366697009033,0.14232366697009033,6,0,0,0,0,0,0,0,0.0,0.5,0.3333333333333333,0.4166666666666667,0.5,0,0.0,0.5,0.3333333333333333,0.4166666666666667,0.5,0,0.0,0.5,0.3333333333333333,0.4166666666666667,0.5,0,0.0,0.5,0.3333333333333333,0.4166666666666667,0.5
965,max_rounds,0,,,,,1,1,5,4,4,14,14,4,1,1,0,s1a3_greedy,1,0,0.2802155675987403,0.10022100433707237,7,1,1,9,9,8,0,0,0.1111111111111111,0.3333333333333333,0.5,0.4166666666666667,0.5833333333333334,0,0.1111111111111111,0.3333333333333333,0.5,0.4166666666666667,0.5833333333333334,1,1.0,1.0,1.0,1.0,1.0,1,1.0,1.0,1.0,1.0,1.0
966,no_strict_e1_improvement,0,,,,,1,0,2,2,2,6,6,4,0,0,-1,current,0,0,0.08355650988717873,0.08355650988717873,7,9,9,9,9,0,0,1,1.0,1.0,1.0,1.0,1.0,1,1.0,1.0,1.0,1.0,1.0,1,1.0,1.0,1.0,1.0,1.0,1,1.0,1.0,1.0,1.0,1.0
967,max_rounds,0,,,,,1,1,5,4,4,14,14,4,0,0,1,profiled_beam,1,1,0.3902724226936698,0.12621156126260757,7,3,3,4,6,3,2,0,0.3333333333333333,0.3333333333333333,0.16666666666666666,0.25,0.4166666666666667,0,0.3333333333333333,0.3333333333333333,0.16666666666666666,0.25,0.4166666666666667,0,0.4444444444444444,0.5,0.16666666666666666,0.3333333333333333,0.4166666666666667,0,0.6666666666666666,0.8333333333333334,0.5,0.6666666666666666,0.6666666666666666
968,small_component,0,,,,,1,0,0,0,0,0,0,4,0,0,-1,current,0,0,0.26914499428433675,0.26914499428433675,6,1,1,1,1,0,0,0,0.1111111111111111,0.0,0.6666666666666666,0.3333333333333333,0.4166666666666667,0,0.1111111111111111,0.0,0.6666666666666666,0.3333333333333333,0.4166666666666667,0,0.1111111111111111,0.0,0.6666666666666666,0.3333333333333333,0.4166666666666667,0,0.1111111111111111,0.0,0.6666666666666666,0.3333333333333333,0.4166666666666667
969,no_strict_e1_improvement,0,,,,,1,0,1,1,1,1,1,4,0,0,-1,current,0,0,0.007249232303972046,0.007249232303972046,12,9,9,9,9,0,0,1,1.0,1.0,1.0,1.0,1.0,1,1.0,1.0,1.0,1.0,1.0,1,1.0,1.0,1.0,1.0,1.0,1,1.0,1.0,1.0,1.0,1.0
970,partial_completed__small_component,1,,3,2,4,1,0,0,0,0,0,0,4,0,0,-1,current,1,0,0.3723395938674609,0.3723395938674609,6,0,2,2,2,2,0,0,0.0,0.0,0.5,0.25,0.3333333333333333,0,0.2222222222222222,0.0,0.6666666666666666,0.3333333333333333,0.4166666666666667,0,0.2222222222222222,0.0,0.6666666666666666,0.3333333333333333,0.4166666666666667,0,0.2222222222222222,0.0,0.6666666666666666,0.3333333333333333,0.4166666666666667
971,no_strict_e1_improvement,0,,,,,1,0,1,1,1,1,1,4,0,0,-1,current,0,0,0.004225625346104304,0.004225625346104304,12,9,9,9,9,0,0,1,1.0,1.0,1.0,1.0,1.0,1,1.0,1.0,1.0,1.0,1.0,1,1.0,1.0,1.0,1.0,1.0,1,1.0,1.0,1.0,1.0,1.0
972,no_strict_e1_improvement,0,,,,,1,0,1,1,1,1,1,4,0,0,-1,current,0,0,0.02627255053569873,0.02627255053569873,10,9,9,9,9,0,0,1,1.0,1.0,1.0,1.0,1.0,1,1.0,1.0,1.0,1.0,1.0,1,1.0,1.0,1.0,1.0,1.0,1,1.0,1.0,1.0,1.0,1.0
973,max_rounds,0,,,,,1,1,2,2,2,6,6,4,0,1,0,s1a3_greedy,1,0,0.12011711330463488,0.051087078327933945,8,0,0,0,0,0,0,0,0.0,0.5,0.6666666666666666,0.5833333333333334,0.5833333333333334,0,0.0,0.5,0.6666666666666666,0.5833333333333334,0.5833333333333334,0,0.0,1.0,0.5,0.75,0.75,0,0.0,1.0,0.5,0.75,0.75
974,max_rounds,0,,,,,1,1,2,2,2,7,7,4,0,-1,0,s1a3_greedy,1,0,0.1079413245121638,0.004392193319896857,11,0,0,9,9,9,0,0,0.0,0.5,1.0,0.75,0.75,0,0.0,0.5,1.0,0.75,0.75,1,1.0,1.0,1.0,1.0,1.0,1,1.0,1.0,1.0,1.0,1.0
975,no_strict_e1_improvement,0,,,,,1,0,4,4,4,16,16,4,0,0,-1,current,0,0,0.11230730079114437,0.11230730079114437,8,0,0,0,0,0,0,0,0.0,0.3333333333333333,0.16666666666666666,0.25,0.3333333333333333,0,0.0,0.3333333333333333,0.16666666666666666,0.25,0.3333333333333333,0,0.0,0.3333333333333333,0.16666666666666666,0.25,0.3333333333333333,0,0.0,0.3333333333333333,0.16666666666666666,0.25,0.3333333333333333
976,max_rounds,0,,,,,1,1,5,4,4,10,10,4,-1,0,0,s1a3_greedy,1,0,0.17609360930509865,0.03877683659084141,10,0,0,3,3,3,0,0,0.0,0.6666666666666666,0.0,0.3333333333333333,0.3333333333333333,0,0.0,0.6666666666666666,0.0,0.3333333333333333,0.3333333333333333,0,0.3333333333333333,0.6666666666666666,0.5,0.5833333333333334,0.5833333333333334,0,0.3333333333333333,0.6666666666666666,0.5,0.5833333333333334,0.5833333333333334
977,no_strict_e1_improvement,0,,,,,1,0,2,2,2,7,7,4,0,0,-1,current,0,0,0.18938615336082876,0.18938615336082876,4,4,4,4,4,0,0,0,0.4444444444444444,0.5,0.16666666666666666,0.3333333333333333,0.4166666666666667,0,0.4444444444444444,0.5,0.16666666666666666,0.3333333333333333,0.4166666666666667,0,0.4444444444444444,0.5,0.16666666666666666,0.3333333333333333,0.4166666666666667,0,0.4444444444444444,0.5,0.16666666666666666,0.3333333333333333,0.4166666666666667
978,max_rounds,0,,,,,1,1,5,4,4,14,14,4,0,0,1,profiled_beam,1,1,0.2420449359342456,0.06993008436014254,9,7,7,0,9,2,9,0,0.7777777777777778,0.6666666666666666,0.6666666666666666,0.6666666666666666,0.6666666666666666,0,0.7777777777777778,0.6666666666666666,0.6666666666666666,0.6666666666666666,0.6666666666666666,0,0.0,0.5,1.0,0.75,0.75,1,1.0,1.0,1.0,1.0,1.0
979,no_strict_e1_improvement,0,,,,,1,0,1,1,1,1,1,4,0,0,-1,current,0,0,0.001660252766062816,0.001660252766062816,12,9,9,9,9,0,0,1,1.0,1.0,1.0,1.0,1.0,1,1.0,1.0,1.0,1.0,1.0,1,1.0,1.0,1.0,1.0,1.0,1,1.0,1.0,1.0,1.0,1.0
980,max_rounds,0,,,,,1,1,2,2,2,6,6,4,0,-1,0,s1a3_greedy,1,0,0.14708413432041803,0.01299667110045751,12,0,0,9,9,9,0,0,0.0,0.5,1.0,0.75,0.75,0,0.0,0.5,1.0,0.75,0.75,1,1.0,1.0,1.0,1.0,1.0,1,1.0,1.0,1.0,1.0,1.0
981,small_component,0,,,,,1,0,0,0,0,0,0,4,0,0,-1,current,0,0,0.35057120118290186,0.35057120118290186,4,0,0,0,0,0,0,0,0.0,0.3333333333333333,0.16666666666666666,0.25,0.4166666666666667,0,0.0,0.3333333333333333,0.16666666666666666,0.25,0.4166666666666667,0,0.0,0.3333333333333333,0.16666666666666666,0.25,0.4166666666666667,0,0.0,0.3333333333333333,0.16666666666666666,0.25,0.4166666666666667
982,no_strict_e1_improvement,0,,,,,1,0,1,1,1,1,1,4,0,0,-1,current,0,0,0.003766620298847556,0.003766620298847556,11,0,0,0,0,0,0,0,0.0,0.5,1.0,0.75,0.75,0,0.0,0.5,1.0,0.75,0.75,0,0.0,0.5,1.0,0.75,0.75,0,0.0,0.5,1.0,0.75,0.75
983,no_strict_e1_improvement,0,,,,,1,0,1,1,1,1,1,4,0,0,-1,current,0,0,0.049326734306911625,0.049326734306911625,8,0,0,0,0,0,0,0,0.0,0.5,1.0,0.75,0.75,0,0.0,0.5,1.0,0.75,0.75,0,0.0,0.5,1.0,0.75,0.75,0,0.0,0.5,1.0,0.75,0.75
984,no_strict_e1_improvement,0,,,,,1,0,1,1,1,1,1,4,0,0,-1,current,0,0,0.14953338044385114,0.14953338044385114,8,0,0,0,0,0,0,0,0.0,1.0,0.5,0.75,0.75,0,0.0,1.0,0.5,0.75,0.75,0,0.0,1.0,0.5,0.75,0.75,0,0.0,1.0,0.5,0.75,0.75
985,no_strict_e1_improvement,0,,,,,1,0,1,1,1,1,1,4,0,0,-1,current,0,0,0.033071330738797165,0.033071330738797165,9,9,9,9,9,0,0,1,1.0,1.0,1.0,1.0,1.0,1,1.0,1.0,1.0,1.0,1.0,1,1.0,1.0,1.0,1.0,1.0,1,1.0,1.0,1.0,1.0,1.0
986,no_strict_e1_improvement,0,,,,,1,0,1,1,1,1,1,4,0,0,-1,current,0,0,0.07045550140658936,0.07045550140658936,8,0,0,0,0,0,0,0,0.0,0.0,0.5,0.25,0.4166666666666667,0,0.0,0.0,0.5,0.25,0.4166666666666667,0,0.0,0.0,0.5,0.25,0.4166666666666667,0,0.0,0.0,0.5,0.25,0.4166666666666667
987,no_strict_e1_improvement,0,,,,,1,0,1,1,1,1,1,4,0,0,-1,current,0,0,0.023685163158612948,0.023685163158612948,10,9,9,9,9,0,0,1,1.0,1.0,1.0,1.0,1.0,1,1.0,1.0,1.0,1.0,1.0,1,1.0,1.0,1.0,1.0,1.0,1,1.0,1.0,1.0,1.0,1.0
988,max_rounds,0,,,,,1,1,3,2,2,6,6,4,0,0,1,profiled_beam,1,1,0.17094904308517775,0.06390151008963585,7,6,6,7,9,3,2,0,0.6666666666666666,0.8333333333333334,0.5,0.6666666666666666,0.6666666666666666,0,0.6666666666666666,0.8333333333333334,0.5,0.6666666666666666,0.6666666666666666,0,0.7777777777777778,0.6666666666666666,0.6666666666666666,0.6666666666666666,0.75,1,1.0,1.0,1.0,1.0,1.0
989,no_strict_e1_improvement,0,,,,,1,0,1,1,1,1,1,4,0,0,-1,current,0,0,0.0212698628505071,0.0212698628505071,9,0,0,0,0,0,0,0,0.0,0.6666666666666666,0.5,0.5833333333333334,0.5833333333333334,0,0.0,0.6666666666666666,0.5,0.5833333333333334,0.5833333333333334,0,0.0,0.6666666666666666,0.5,0.5833333333333334,0.5833333333333334,0,0.0,0.6666666666666666,0.5,0.5833333333333334,0.5833333333333334
990,no_strict_e1_improvement,0,,,,,1,0,1,1,1,1,1,4,0,0,-1,current,0,0,0.013378691859543324,0.013378691859543324,10,9,9,9,9,0,0,1,1.0,1.0,1.0,1.0,1.0,1,1.0,1.0,1.0,1.0,1.0,1,1.0,1.0,1.0,1.0,1.0,1,1.0,1.0,1.0,1.0,1.0
991,max_rounds,0,,,,,1,1,5,4,4,13,13,4,-1,0,1,profiled_beam,1,1,0.16983575746417046,0.11574715562164783,6,0,0,0,0,0,0,0,0.0,0.0,0.8333333333333334,0.4166666666666667,0.4166666666666667,0,0.0,0.0,0.8333333333333334,0.4166666666666667,0.4166666666666667,0,0.0,0.16666666666666666,0.5,0.3333333333333333,0.5,0,0.0,0.0,0.5,0.25,0.5833333333333334
992,max_rounds,0,,,,,1,1,5,4,4,16,16,4,0,1,1,profiled_beam,1,1,0.18721033035156628,0.10886617082481582,7,0,0,1,0,0,-1,0,0.0,0.3333333333333333,0.6666666666666666,0.5,0.5833333333333334,0,0.0,0.3333333333333333,0.6666666666666666,0.5,0.5833333333333334,0,0.1111111111111111,0.3333333333333333,0.6666666666666666,0.5,0.5,0,0.0,0.5,0.8333333333333334,0.6666666666666666,0.6666666666666666
993,max_rounds,0,,,,,1,1,3,2,2,7,7,4,0,-1,0,s1a3_greedy,1,0,0.11925733213623364,0.011889583974455794,11,0,0,9,9,9,0,0,0.0,0.5,0.8333333333333334,0.6666666666666666,0.6666666666666666,0,0.0,0.5,0.8333333333333334,0.6666666666666666,0.6666666666666666,1,1.0,1.0,1.0,1.0,1.0,1,1.0,1.0,1.0,1.0,1.0
994,max_rounds,0,,,,,1,1,2,2,2,6,6,4,1,0,1,profiled_beam,1,1,0.12715046061202884,0.03960864199325442,7,3,3,3,6,3,3,0,0.3333333333333333,0.5,0.6666666666666666,0.5833333333333334,0.5833333333333334,0,0.3333333333333333,0.5,0.6666666666666666,0.5833333333333334,0.5833333333333334,0,0.3333333333333333,0.5,0.6666666666666666,0.5833333333333334,0.5833333333333334,0,0.6666666666666666,0.5,0.8333333333333334,0.6666666666666666,0.6666666666666666
995,max_rounds,0,,,,,1,1,3,2,2,7,7,4,0,0,1,profiled_beam,1,1,0.17024555305639902,0.05763835180550814,9,6,6,0,9,3,9,0,0.6666666666666666,0.5,0.8333333333333334,0.6666666666666666,0.6666666666666666,0,0.6666666666666666,0.5,0.8333333333333334,0.6666666666666666,0.6666666666666666,0,0.0,0.5,0.8333333333333334,0.6666666666666666,0.6666666666666666,1,1.0,1.0,1.0,1.0,1.0
996,max_rounds,0,,,,,1,1,3,2,2,6,6,4,0,0,0,s1a3_greedy,1,0,0.24972294891873995,0.07199898723047227,7,0,0,0,0,0,0,0,0.0,0.5,0.3333333333333333,0.4166666666666667,0.6666666666666666,0,0.0,0.5,0.3333333333333333,0.4166666666666667,0.6666666666666666,0,0.0,0.6666666666666666,0.5,0.5833333333333334,0.6666666666666666,0,0.0,0.6666666666666666,0.5,0.5833333333333334,0.6666666666666666
997,max_rounds,0,,,,,1,1,3,2,2,7,7,4,0,0,1,profiled_beam,1,1,0.17946946869293848,0.1256069280207157,6,5,5,3,2,-3,-1,0,0.5555555555555556,0.3333333333333333,0.6666666666666666,0.5,0.8333333333333334,0,0.5555555555555556,0.3333333333333333,0.6666666666666666,0.5,0.8333333333333334,0,0.3333333333333333,0.0,1.0,0.5,1.0,0,0.2222222222222222,0.16666666666666666,0.6666666666666666,0.4166666666666667,0.75
998,no_strict_e1_improvement,0,,,,,1,0,1,1,1,1,1,4,0,0,-1,current,0,0,0.037329763950159155,0.037329763950159155,10,0,0,0,0,0,0,0,0.0,0.5,1.0,0.75,0.75,0,0.0,0.5,1.0,0.75,0.75,0,0.0,0.5,1.0,0.75,0.75,0,0.0,0.5,1.0,0.75,0.75
999,small_component,0,,,,,1,0,0,0,0,0,0,4,0,0,-1,current,0,0,0.31260681167865795,0.31260681167865795,5,0,0,0,0,0,0,0,0.0,0.16666666666666666,0.5,0.3333333333333333,0.4166666666666667,0,0.0,0.16666666666666666,0.5,0.3333333333333333,0.4166666666666667,0,0.0,0.16666666666666666,0.5,0.3333333333333333,0.4166666666666667,0,0.0,0.16666666666666666,0.5,0.3333333333333333,0.4166666666666667
1000,no_strict_e1_improvement,0,,,,,1,0,1,1,1,1,1,4,0,0,-1,current,0,0,0.003946820856072009,0.003946820856072009,9,0,0,0,0,0,0,0,0.0,1.0,0.5,0.75,0.75,0,0.0,1.0,0.5,0.75,0.75,0,0.0,1.0,0.5,0.75,0.75,0,0.0,1.0,0.5,0.75,0.75
1001,no_strict_e1_improvement,0,,,,,1,0,1,1,1,1,1,4,0,0,-1,current,0,0,0.026894027988115948,0.026894027988115948,10,0,0,0,0,0,0,0,0.0,0.5,1.0,0.75,0.75,0,0.0,0.5,1.0,0.75,0.75,0,0.0,0.5,1.0,0.75,0.75,0,0.0,0.5,1.0,0.75,0.75
1002,max_rounds,0,,,,,1,1,5,4,4,16,16,4,0,0,1,profiled_beam,1,1,0.1394885921229919,0.12064999031523864,7,9,9,7,6,-3,-1,1,1.0,1.0,1.0,1.0,1.0,1,1.0,1.0,1.0,1.0,1.0,0,0.7777777777777778,0.6666666666666666,0.6666666666666666,0.6666666666666666,0.8333333333333334,0,0.6666666666666666,0.8333333333333334,0.5,0.6666666666666666,0.6666666666666666
1003,max_rounds,0,,,,,1,1,4,4,4,11,11,4,0,-1,0,s1a3_greedy,1,0,0.061698842172821365,0.0374182709492743,7,0,0,1,1,1,0,0,0.0,0.5,0.3333333333333333,0.4166666666666667,0.5833333333333334,0,0.0,0.5,0.3333333333333333,0.4166666666666667,0.5833333333333334,0,0.1111111111111111,0.5,0.3333333333333333,0.4166666666666667,0.5833333333333334,0,0.1111111111111111,0.5,0.3333333333333333,0.4166666666666667,0.5833333333333334
1004,small_component,0,,,,,1,0,0,0,0,0,0,4,0,0,-1,current,0,0,0.15484731271862984,0.15484731271862984,7,2,2,2,2,0,0,0,0.2222222222222222,0.16666666666666666,0.0,0.08333333333333333,0.25,0,0.2222222222222222,0.16666666666666666,0.0,0.08333333333333333,0.25,0,0.2222222222222222,0.16666666666666666,0.0,0.08333333333333333,0.25,0,0.2222222222222222,0.16666666666666666,0.0,0.08333333333333333,0.25
1005,max_rounds,0,,,,,1,1,3,2,2,5,5,4,0,1,0,s1a3_greedy,1,0,0.1577281349649032,0.04750807645420233,8,0,0,0,0,0,0,0,0.0,0.5,0.6666666666666666,0.5833333333333334,0.5833333333333334,0,0.0,0.5,0.6666666666666666,0.5833333333333334,0.5833333333333334,0,0.0,1.0,0.5,0.75,0.75,0,0.0,1.0,0.5,0.75,0.75
1006,no_strict_e1_improvement,0,,,,,1,0,1,1,1,1,1,4,0,0,-1,current,0,0,0.04023205985625585,0.04023205985625585,11,0,0,0,0,0,0,0,0.0,1.0,0.5,0.75,0.75,0,0.0,1.0,0.5,0.75,0.75,0,0.0,1.0,0.5,0.75,0.75,0,0.0,1.0,0.5,0.75,0.75
1007,no_strict_e1_improvement,0,,,,,1,0,1,1,1,1,1,4,0,0,-1,current,0,0,0.04803970595821738,0.04803970595821738,7,7,7,7,7,0,0,0,0.7777777777777778,0.6666666666666666,0.3333333333333333,0.5,0.6666666666666666,0,0.7777777777777778,0.6666666666666666,0.3333333333333333,0.5,0.6666666666666666,0,0.7777777777777778,0.6666666666666666,0.3333333333333333,0.5,0.6666666666666666,0,0.7777777777777778,0.6666666666666666,0.3333333333333333,0.5,0.6666666666666666
1008,no_strict_e1_improvement,0,,,,,1,0,1,1,1,1,1,4,0,0,-1,current,0,0,0.003158611167843143,0.003158611167843143,12,9,9,9,9,0,0,1,1.0,1.0,1.0,1.0,1.0,1,1.0,1.0,1.0,1.0,1.0,1,1.0,1.0,1.0,1.0,1.0,1,1.0,1.0,1.0,1.0,1.0
1009,no_strict_e1_improvement,0,,,,,1,0,1,1,1,1,1,4,0,0,-1,current,0,0,0.044159345949689545,0.044159345949689545,9,9,9,9,9,0,0,1,1.0,1.0,1.0,1.0,1.0,1,1.0,1.0,1.0,1.0,1.0,1,1.0,1.0,1.0,1.0,1.0,1,1.0,1.0,1.0,1.0,1.0
1010,no_strict_e1_improvement,0,,,,,1,0,1,1,1,1,1,4,0,0,-1,current,0,0,0.0550435593710669,0.0550435593710669,8,0,0,0,0,0,0,0,0.0,0.5,1.0,0.75,0.75,0,0.0,0.5,1.0,0.75,0.75,0,0.0,0.5,1.0,0.75,0.75,0,0.0,0.5,1.0,0.75,0.75
1011,no_strict_e1_improvement,0,,,,,1,0,1,1,1,1,1,4,0,0,-1,current,0,0,0.05640669104953607,0.05640669104953607,8,9,9,9,9,0,0,1,1.0,1.0,1.0,1.0,1.0,1,1.0,1.0,1.0,1.0,1.0,1,1.0,1.0,1.0,1.0,1.0,1,1.0,1.0,1.0,1.0,1.0
1012,small_component,0,,,,,1,0,0,0,0,0,0,4,0,0,-1,current,0,0,0.41506097217400867,0.41506097217400867,6,2,2,2,2,0,0,0,0.2222222222222222,0.0,0.3333333333333333,0.16666666666666666,0.5,0,0.2222222222222222,0.0,0.3333333333333333,0.16666666666666666,0.5,0,0.2222222222222222,0.0,0.3333333333333333,0.16666666666666666,0.5,0,0.2222222222222222,0.0,0.3333333333333333,0.16666666666666666,0.5
1013,no_strict_e1_improvement,0,,,,,1,0,1,1,1,1,1,4,0,0,-1,current,0,0,0.0358818625099957,0.0358818625099957,10,9,9,9,9,0,0,1,1.0,1.0,1.0,1.0,1.0,1,1.0,1.0,1.0,1.0,1.0,1,1.0,1.0,1.0,1.0,1.0,1,1.0,1.0,1.0,1.0,1.0
1014,max_rounds,0,,,,,1,1,3,2,2,7,7,4,0,0,1,profiled_beam,1,1,0.11766337455871205,0.06849066579403977,9,1,1,1,0,-1,-1,0,0.1111111111111111,0.3333333333333333,0.6666666666666666,0.5,0.5833333333333334,0,0.1111111111111111,0.3333333333333333,0.6666666666666666,0.5,0.5833333333333334,0,0.1111111111111111,0.3333333333333333,0.6666666666666666,0.5,0.5833333333333334,0,0.0,0.5,1.0,0.75,0.75
1015,no_strict_e1_improvement,0,,,,,1,0,1,1,1,1,1,4,0,0,-1,current,0,0,0.020809684181585908,0.020809684181585908,10,0,0,0,0,0,0,0,0.0,0.5,1.0,0.75,0.75,0,0.0,0.5,1.0,0.75,0.75,0,0.0,0.5,1.0,0.75,0.75,0,0.0,0.5,1.0,0.75,0.75
1016,no_strict_e1_improvement,0,,,,,1,0,1,1,1,1,1,4,0,0,-1,current,0,0,0.08838041980440418,0.08838041980440418,10,0,0,0,0,0,0,0,0.0,0.5,0.5,0.5,0.5,0,0.0,0.5,0.5,0.5,0.5,0,0.0,0.5,0.5,0.5,0.5,0,0.0,0.5,0.5,0.5,0.5
1017,no_strict_e1_improvement,0,,,,,1,0,1,1,1,1,1,4,0,0,-1,current,0,0,0.006281330871085326,0.006281330871085326,11,9,9,9,9,0,0,1,1.0,1.0,1.0,1.0,1.0,1,1.0,1.0,1.0,1.0,1.0,1,1.0,1.0,1.0,1.0,1.0,1,1.0,1.0,1.0,1.0,1.0
1018,partial_completed__small_component,1,,3,2,4,1,0,0,0,0,0,0,4,0,0,-1,current,1,0,0.32052105587596696,0.32052105587596696,6,4,4,4,4,0,0,0,0.4444444444444444,0.16666666666666666,0.3333333333333333,0.25,0.3333333333333333,0,0.4444444444444444,0.16666666666666666,0.5,0.3333333333333333,0.5833333333333334,0,0.4444444444444444,0.16666666666666666,0.5,0.3333333333333333,0.5833333333333334,0,0.4444444444444444,0.16666666666666666,0.5,0.3333333333333333,0.5833333333333334
1019,small_component,0,,,,,1,0,0,0,0,0,0,4,0,0,-1,current,0,0,0.365193176548928,0.365193176548928,6,0,0,0,0,0,0,0,0.0,0.0,0.0,0.0,0.5833333333333334,0,0.0,0.0,0.0,0.0,0.5833333333333334,0,0.0,0.0,0.0,0.0,0.5833333333333334,0,0.0,0.0,0.0,0.0,0.5833333333333334
1020,max_rounds,0,,,,,1,1,2,2,2,7,7,4,0,1,1,profiled_beam,1,1,0.10290020704269409,0.07574423402547836,7,0,0,0,0,0,0,0,0.0,0.5,1.0,0.75,0.75,0,0.0,0.5,1.0,0.75,0.75,0,0.0,0.5,1.0,0.75,0.75,0,0.0,0.5,1.0,0.75,0.75
1021,max_rounds,0,,,,,1,1,5,4,4,15,15,4,0,-1,1,profiled_beam,1,1,0.09067956047753493,0.04716953417907158,6,0,0,6,6,6,0,0,0.0,0.3333333333333333,0.3333333333333333,0.3333333333333333,0.4166666666666667,0,0.0,0.3333333333333333,0.3333333333333333,0.3333333333333333,0.4166666666666667,0,0.6666666666666666,0.8333333333333334,0.5,0.6666666666666666,0.6666666666666666,0,0.6666666666666666,0.8333333333333334,0.5,0.6666666666666666,0.6666666666666666
1022,no_strict_e1_improvement,0,,,,,1,0,1,1,1,1,1,4,0,0,-1,current,0,0,0.023234108928591013,0.023234108928591013,9,9,9,9,9,0,0,1,1.0,1.0,1.0,1.0,1.0,1,1.0,1.0,1.0,1.0,1.0,1,1.0,1.0,1.0,1.0,1.0,1,1.0,1.0,1.0,1.0,1.0
1023,no_strict_e1_improvement,0,,,,,1,0,1,1,1,1,1,4,0,0,-1,current,0,0,0.018928969899813335,0.018928969899813335,11,9,9,9,9,0,0,1,1.0,1.0,1.0,1.0,1.0,1,1.0,1.0,1.0,1.0,1.0,1,1.0,1.0,1.0,1.0,1.0,1,1.0,1.0,1.0,1.0,1.0
1024,no_strict_e1_improvement,0,,,,,1,0,1,1,1,1,1,4,0,0,-1,current,0,0,0.0052660904281462235,0.0052660904281462235,10,9,9,9,9,0,0,1,1.0,1.0,1.0,1.0,1.0,1,1.0,1.0,1.0,1.0,1.0,1,1.0,1.0,1.0,1.0,1.0,1,1.0,1.0,1.0,1.0,1.0
1025,no_strict_e1_improvement,0,,,,,1,0,1,1,1,1,1,4,0,0,-1,current,0,0,0.1335985237189258,0.1335985237189258,9,0,0,0,0,0,0,0,0.0,0.5,0.5,0.5,0.5,0,0.0,0.5,0.5,0.5,0.5,0,0.0,0.5,0.5,0.5,0.5,0,0.0,0.5,0.5,0.5,0.5
1026,small_component,0,,,,,1,0,0,0,0,0,0,4,0,0,-1,current,0,0,0.3653039236863454,0.3653039236863454,5,0,0,0,0,0,0,0,0.0,0.5,0.0,0.25,0.3333333333333333,0,0.0,0.5,0.0,0.25,0.3333333333333333,0,0.0,0.5,0.0,0.25,0.3333333333333333,0,0.0,0.5,0.0,0.25,0.3333333333333333
1027,small_component,0,,,,,1,0,0,0,0,0,0,4,0,0,-1,current,0,0,0.30288560277161497,0.30288560277161497,5,0,0,0,0,0,0,0,0.0,0.3333333333333333,0.16666666666666666,0.25,0.4166666666666667,0,0.0,0.3333333333333333,0.16666666666666666,0.25,0.4166666666666667,0,0.0,0.3333333333333333,0.16666666666666666,0.25,0.4166666666666667,0,0.0,0.3333333333333333,0.16666666666666666,0.25,0.4166666666666667
1028,max_rounds,0,,,,,1,1,2,1,1,2,2,4,0,0,0,s1a3_greedy,1,0,0.18271095802386603,0.16250711431105933,7,0,0,0,0,0,0,0,0.0,0.0,0.3333333333333333,0.16666666666666666,0.5833333333333334,0,0.0,0.0,0.3333333333333333,0.16666666666666666,0.5833333333333334,0,0.0,0.3333333333333333,0.3333333333333333,0.3333333333333333,0.5,0,0.0,0.3333333333333333,0.3333333333333333,0.3333333333333333,0.5
1029,small_component,0,,,,,1,0,0,0,0,0,0,4,0,0,-1,current,0,0,0.37852686643600464,0.37852686643600464,7,7,7,7,7,0,0,0,0.7777777777777778,0.3333333333333333,0.6666666666666666,0.5,0.5833333333333334,0,0.7777777777777778,0.3333333333333333,0.6666666666666666,0.5,0.5833333333333334,0,0.7777777777777778,0.3333333333333333,0.6666666666666666,0.5,0.5833333333333334,0,0.7777777777777778,0.3333333333333333,0.6666666666666666,0.5,0.5833333333333334
1030,no_strict_e1_improvement,0,,,,,1,0,1,1,1,1,1,4,0,0,-1,current,0,0,0.0,0.0,12,9,9,9,9,0,0,1,1.0,1.0,1.0,1.0,1.0,1,1.0,1.0,1.0,1.0,1.0,1,1.0,1.0,1.0,1.0,1.0,1,1.0,1.0,1.0,1.0,1.0
1031,max_rounds,0,,,,,1,1,2,2,2,6,6,4,0,-1,0,s1a3_greedy,1,0,0.07927427937587102,0.060014612351854645,9,9,9,0,0,-9,0,1,1.0,1.0,1.0,1.0,1.0,1,1.0,1.0,1.0,1.0,1.0,0,0.0,0.5,1.0,0.75,0.75,0,0.0,0.5,1.0,0.75,0.75
1032,no_strict_e1_improvement,0,,,,,1,0,1,1,1,1,1,4,0,0,-1,current,0,0,0.134719537726293,0.134719537726293,8,0,0,0,0,0,0,0,0.0,0.5,0.6666666666666666,0.5833333333333334,0.6666666666666666,0,0.0,0.5,0.6666666666666666,0.5833333333333334,0.6666666666666666,0,0.0,0.5,0.6666666666666666,0.5833333333333334,0.6666666666666666,0,0.0,0.5,0.6666666666666666,0.5833333333333334,0.6666666666666666
1033,max_rounds,0,,,,,1,1,3,2,2,5,5,4,1,0,0,s1a3_greedy,1,0,0.15512241112689176,0.04893166944384575,6,0,0,0,0,0,0,0,0.0,0.3333333333333333,0.16666666666666666,0.25,0.3333333333333333,0,0.0,0.3333333333333333,0.16666666666666666,0.25,0.3333333333333333,0,0.0,0.3333333333333333,0.16666666666666666,0.25,0.3333333333333333,0,0.0,0.3333333333333333,0.16666666666666666,0.25,0.3333333333333333
1034,small_component,0,,,,,1,0,0,0,0,0,0,4,0,0,-1,current,0,0,0.35081664845347404,0.35081664845347404,5,0,0,0,0,0,0,0,0.0,0.0,0.5,0.25,0.4166666666666667,0,0.0,0.0,0.5,0.25,0.4166666666666667,0,0.0,0.0,0.5,0.25,0.4166666666666667,0,0.0,0.0,0.5,0.25,0.4166666666666667
1035,no_strict_e1_improvement,0,,,,,1,0,2,2,2,6,6,4,0,0,-1,current,0,0,0.020602888738115627,0.020602888738115627,9,9,9,9,9,0,0,1,1.0,1.0,1.0,1.0,1.0,1,1.0,1.0,1.0,1.0,1.0,1,1.0,1.0,1.0,1.0,1.0,1,1.0,1.0,1.0,1.0,1.0
1036,no_strict_e1_improvement,0,,,,,1,0,1,1,1,1,1,4,0,0,-1,current,0,0,0.0,0.0,12,9,9,9,9,0,0,1,1.0,1.0,1.0,1.0,1.0,1,1.0,1.0,1.0,1.0,1.0,1,1.0,1.0,1.0,1.0,1.0,1,1.0,1.0,1.0,1.0,1.0
1037,max_rounds,0,,,,,1,1,3,2,2,6,6,4,0,1,0,s1a3_greedy,1,0,0.12381231039762497,0.1069722305983305,9,6,6,0,0,-6,0,0,0.6666666666666666,0.5,0.8333333333333334,0.6666666666666666,0.6666666666666666,0,0.6666666666666666,0.5,0.8333333333333334,0.6666666666666666,0.6666666666666666,0,0.0,0.5,0.8333333333333334,0.6666666666666666,0.6666666666666666,0,0.0,0.5,0.8333333333333334,0.6666666666666666,0.6666666666666666
1038,no_strict_e1_improvement,0,,,,,1,0,1,1,1,1,1,4,0,0,-1,current,0,0,0.02526616072282195,0.02526616072282195,9,9,9,9,9,0,0,1,1.0,1.0,1.0,1.0,1.0,1,1.0,1.0,1.0,1.0,1.0,1,1.0,1.0,1.0,1.0,1.0,1,1.0,1.0,1.0,1.0,1.0
1039,no_strict_e1_improvement,0,,,,,1,0,2,2,2,5,5,4,0,0,-1,current,0,0,0.08048082179933165,0.08048082179933165,9,5,5,5,5,0,0,0,0.5555555555555556,0.6666666666666666,0.3333333333333333,0.5,0.6666666666666666,0,0.5555555555555556,0.6666666666666666,0.3333333333333333,0.5,0.6666666666666666,0,0.5555555555555556,0.6666666666666666,0.3333333333333333,0.5,0.6666666666666666,0,0.5555555555555556,0.6666666666666666,0.3333333333333333,0.5,0.6666666666666666
1040,no_strict_e1_improvement,0,,,,,1,0,1,1,1,1,1,4,0,0,-1,current,0,0,0.08276564643407862,0.08276564643407862,8,0,0,0,0,0,0,0,0.0,0.8333333333333334,0.5,0.6666666666666666,0.6666666666666666,0,0.0,0.8333333333333334,0.5,0.6666666666666666,0.6666666666666666,0,0.0,0.8333333333333334,0.5,0.6666666666666666,0.6666666666666666,0,0.0,0.8333333333333334,0.5,0.6666666666666666,0.6666666666666666
1041,max_rounds,0,,,,,1,1,5,4,4,11,11,4,0,-1,0,s1a3_greedy,1,0,0.16203660005703568,0.03008919721469283,8,1,1,9,9,8,0,0,0.1111111111111111,0.3333333333333333,0.6666666666666666,0.5,0.5,0,0.1111111111111111,0.3333333333333333,0.6666666666666666,0.5,0.5,1,1.0,1.0,1.0,1.0,1.0,1,1.0,1.0,1.0,1.0,1.0
1042,no_strict_e1_improvement,0,,,,,1,0,1,1,1,1,1,4,0,0,-1,current,0,0,0.08151615038514137,0.08151615038514137,10,0,0,0,0,0,0,0,0.0,0.5,1.0,0.75,0.75,0,0.0,0.5,1.0,0.75,0.75,0,0.0,0.5,1.0,0.75,0.75,0,0.0,0.5,1.0,0.75,0.75
1043,no_strict_e1_improvement,0,,,,,1,0,1,1,1,1,1,4,0,0,-1,current,0,0,0.045856792479753494,0.045856792479753494,11,9,9,9,9,0,0,1,1.0,1.0,1.0,1.0,1.0,1,1.0,1.0,1.0,1.0,1.0,1,1.0,1.0,1.0,1.0,1.0,1,1.0,1.0,1.0,1.0,1.0
1044,max_rounds,0,,,,,1,1,3,2,2,6,6,4,0,0,0,s1a3_greedy,1,0,0.08359107293654233,0.06819625858527918,6,0,0,0,0,0,0,0,0.0,0.16666666666666666,0.16666666666666666,0.16666666666666666,0.3333333333333333,0,0.0,0.16666666666666666,0.16666666666666666,0.16666666666666666,0.3333333333333333,0,0.0,0.0,0.5,0.25,0.5,0,0.0,0.0,0.5,0.25,0.5
1045,small_component,0,,,,,1,0,0,0,0,0,0,4,0,0,-1,current,0,0,0.11043929122388363,0.11043929122388363,8,7,7,7,7,0,0,0,0.7777777777777778,0.5,0.5,0.5,0.8333333333333334,0,0.7777777777777778,0.5,0.5,0.5,0.8333333333333334,0,0.7777777777777778,0.5,0.5,0.5,0.8333333333333334,0,0.7777777777777778,0.5,0.5,0.5,0.8333333333333334
1046,no_strict_e1_improvement,0,,,,,1,0,1,1,1,1,1,4,0,0,-1,current,0,0,0.025017107060799997,0.025017107060799997,11,9,9,9,9,0,0,1,1.0,1.0,1.0,1.0,1.0,1,1.0,1.0,1.0,1.0,1.0,1,1.0,1.0,1.0,1.0,1.0,1,1.0,1.0,1.0,1.0,1.0
1047,no_strict_e1_improvement,0,,,,,1,0,1,1,1,1,1,4,0,0,-1,current,0,0,0.00715638945500056,0.00715638945500056,11,0,0,0,0,0,0,0,0.0,0.5,0.5,0.5,0.5,0,0.0,0.5,0.5,0.5,0.5,0,0.0,0.5,0.5,0.5,0.5,0,0.0,0.5,0.5,0.5,0.5
1048,no_strict_e1_improvement,0,,,,,1,0,1,1,1,1,1,4,0,0,-1,current,0,0,0.027182287070900202,0.027182287070900202,9,9,9,9,9,0,0,1,1.0,1.0,1.0,1.0,1.0,1,1.0,1.0,1.0,1.0,1.0,1,1.0,1.0,1.0,1.0,1.0,1,1.0,1.0,1.0,1.0,1.0
1049,no_strict_e1_improvement,0,,,,,1,0,1,1,1,1,1,4,0,0,-1,current,0,0,0.030583371097842853,0.030583371097842853,9,9,9,9,9,0,0,1,1.0,1.0,1.0,1.0,1.0,1,1.0,1.0,1.0,1.0,1.0,1,1.0,1.0,1.0,1.0,1.0,1,1.0,1.0,1.0,1.0,1.0
1050,no_strict_e1_improvement,0,,,,,1,0,1,1,1,1,1,4,0,0,-1,current,0,0,0.0671331137418747,0.0671331137418747,9,0,0,0,0,0,0,0,0.0,0.5,1.0,0.75,0.75,0,0.0,0.5,1.0,0.75,0.75,0,0.0,0.5,1.0,0.75,0.75,0,0.0,0.5,1.0,0.75,0.75
1051,no_strict_e1_improvement,0,,,,,1,0,1,1,1,2,2,4,0,0,-1,current,0,0,0.12838341807946563,0.12838341807946563,5,0,0,0,0,0,0,0,0.0,0.16666666666666666,0.3333333333333333,0.25,0.5,0,0.0,0.16666666666666666,0.3333333333333333,0.25,0.5,0,0.0,0.16666666666666666,0.3333333333333333,0.25,0.5,0,0.0,0.16666666666666666,0.3333333333333333,0.25,0.5
1052,max_rounds,0,,,,,1,1,5,4,4,15,15,4,0,0,1,profiled_beam,1,1,0.09896081235880654,0.0829740244274338,7,6,6,6,9,3,3,0,0.6666666666666666,0.8333333333333334,0.5,0.6666666666666666,0.6666666666666666,0,0.6666666666666666,0.8333333333333334,0.5,0.6666666666666666,0.6666666666666666,0,0.6666666666666666,0.8333333333333334,0.5,0.6666666666666666,0.6666666666666666,1,1.0,1.0,1.0,1.0,1.0
1053,no_strict_e1_improvement,0,,,,,1,0,1,1,1,1,1,4,0,0,-1,current,0,0,0.0,0.0,12,9,9,9,9,0,0,1,1.0,1.0,1.0,1.0,1.0,1,1.0,1.0,1.0,1.0,1.0,1,1.0,1.0,1.0,1.0,1.0,1,1.0,1.0,1.0,1.0,1.0
1054,no_strict_e1_improvement,0,,,,,1,0,1,1,1,1,1,4,0,0,-1,current,0,0,0.07906452944735065,0.07906452944735065,7,1,1,1,1,0,0,0,0.1111111111111111,0.3333333333333333,0.3333333333333333,0.3333333333333333,0.4166666666666667,0,0.1111111111111111,0.3333333333333333,0.3333333333333333,0.3333333333333333,0.4166666666666667,0,0.1111111111111111,0.3333333333333333,0.3333333333333333,0.3333333333333333,0.4166666666666667,0,0.1111111111111111,0.3333333333333333,0.3333333333333333,0.3333333333333333,0.4166666666666667
1055,no_strict_e1_improvement,0,,,,,1,0,1,1,1,1,1,4,0,0,-1,current,0,0,0.00313730180884401,0.00313730180884401,12,9,9,9,9,0,0,1,1.0,1.0,1.0,1.0,1.0,1,1.0,1.0,1.0,1.0,1.0,1,1.0,1.0,1.0,1.0,1.0,1,1.0,1.0,1.0,1.0,1.0
1056,small_component,0,,,,,1,0,0,0,0,0,0,4,0,0,-1,current,0,0,0.4077066679795583,0.4077066679795583,6,1,1,1,1,0,0,0,0.1111111111111111,0.3333333333333333,0.3333333333333333,0.3333333333333333,0.4166666666666667,0,0.1111111111111111,0.3333333333333333,0.3333333333333333,0.3333333333333333,0.4166666666666667,0,0.1111111111111111,0.3333333333333333,0.3333333333333333,0.3333333333333333,0.4166666666666667,0,0.1111111111111111,0.3333333333333333,0.3333333333333333,0.3333333333333333,0.4166666666666667
1057,no_strict_e1_improvement,0,,,,,1,0,1,1,1,1,1,4,0,0,-1,current,0,0,0.017318937927484512,0.017318937927484512,11,0,0,0,0,0,0,0,0.0,1.0,0.5,0.75,0.75,0,0.0,1.0,0.5,0.75,0.75,0,0.0,1.0,0.5,0.75,0.75,0,0.0,1.0,0.5,0.75,0.75
1058,no_strict_e1_improvement,0,,,,,1,0,1,1,1,1,1,4,0,0,-1,current,0,0,0.08108319342136383,0.08108319342136383,8,0,0,0,0,0,0,0,0.0,0.5,0.8333333333333334,0.6666666666666666,0.6666666666666666,0,0.0,0.5,0.8333333333333334,0.6666666666666666,0.6666666666666666,0,0.0,0.5,0.8333333333333334,0.6666666666666666,0.6666666666666666,0,0.0,0.5,0.8333333333333334,0.6666666666666666,0.6666666666666666
1059,no_strict_e1_improvement,0,,,,,1,0,1,1,1,1,1,4,0,0,-1,current,0,0,0.02966304651151101,0.02966304651151101,9,9,9,9,9,0,0,1,1.0,1.0,1.0,1.0,1.0,1,1.0,1.0,1.0,1.0,1.0,1,1.0,1.0,1.0,1.0,1.0,1,1.0,1.0,1.0,1.0,1.0
1060,no_strict_e1_improvement,0,,,,,1,0,1,1,1,1,1,4,0,0,-1,current,0,0,0.004073856941734751,0.004073856941734751,12,9,9,9,9,0,0,1,1.0,1.0,1.0,1.0,1.0,1,1.0,1.0,1.0,1.0,1.0,1,1.0,1.0,1.0,1.0,1.0,1,1.0,1.0,1.0,1.0,1.0
1061,no_strict_e1_improvement,0,,,,,1,0,1,1,1,1,1,4,0,0,-1,current,0,0,0.06698014851038654,0.06698014851038654,8,0,0,0,0,0,0,0,0.0,0.5,1.0,0.75,0.75,0,0.0,0.5,1.0,0.75,0.75,0,0.0,0.5,1.0,0.75,0.75,0,0.0,0.5,1.0,0.75,0.75
1062,no_strict_e1_improvement,0,,,,,1,0,1,1,1,1,1,4,0,0,-1,current,0,0,0.023099111470704276,0.023099111470704276,9,0,0,0,0,0,0,0,0.0,0.5,1.0,0.75,0.75,0,0.0,0.5,1.0,0.75,0.75,0,0.0,0.5,1.0,0.75,0.75,0,0.0,0.5,1.0,0.75,0.75
1063,no_strict_e1_improvement,0,,,,,1,0,1,1,1,1,1,4,0,0,-1,current,0,0,0.11179961745316784,0.11179961745316784,9,1,1,1,1,0,0,0,0.1111111111111111,0.3333333333333333,0.6666666666666666,0.5,0.5833333333333334,0,0.1111111111111111,0.3333333333333333,0.6666666666666666,0.5,0.5833333333333334,0,0.1111111111111111,0.3333333333333333,0.6666666666666666,0.5,0.5833333333333334,0,0.1111111111111111,0.3333333333333333,0.6666666666666666,0.5,0.5833333333333334
1064,max_rounds,0,,,,,1,1,4,4,4,13,13,4,0,1,1,profiled_beam,1,1,0.1907493231507639,0.168581184775879,4,0,0,0,0,0,0,0,0.0,0.16666666666666666,0.5,0.3333333333333333,0.4166666666666667,0,0.0,0.16666666666666666,0.5,0.3333333333333333,0.4166666666666667,0,0.0,0.16666666666666666,0.5,0.3333333333333333,0.4166666666666667,0,0.0,0.3333333333333333,0.16666666666666666,0.25,0.3333333333333333
1065,no_strict_e1_improvement,0,,,,,1,0,1,1,1,1,1,4,0,0,-1,current,0,0,0.03881535058220228,0.03881535058220228,10,9,9,9,9,0,0,1,1.0,1.0,1.0,1.0,1.0,1,1.0,1.0,1.0,1.0,1.0,1,1.0,1.0,1.0,1.0,1.0,1,1.0,1.0,1.0,1.0,1.0
1066,no_strict_e1_improvement,0,,,,,1,0,1,1,1,1,1,4,0,0,-1,current,0,0,0.0,0.0,12,9,9,9,9,0,0,1,1.0,1.0,1.0,1.0,1.0,1,1.0,1.0,1.0,1.0,1.0,1,1.0,1.0,1.0,1.0,1.0,1,1.0,1.0,1.0,1.0,1.0
1067,no_strict_e1_improvement,0,,,,,1,0,1,1,1,1,1,4,0,0,-1,current,0,0,0.005253216406951348,0.005253216406951348,10,9,9,9,9,0,0,1,1.0,1.0,1.0,1.0,1.0,1,1.0,1.0,1.0,1.0,1.0,1,1.0,1.0,1.0,1.0,1.0,1,1.0,1.0,1.0,1.0,1.0
1068,no_strict_e1_improvement,0,,,,,1,0,1,1,1,1,1,4,0,0,-1,current,0,0,0.04024210226877282,0.04024210226877282,9,0,0,0,0,0,0,0,0.0,0.5,1.0,0.75,0.75,0,0.0,0.5,1.0,0.75,0.75,0,0.0,0.5,1.0,0.75,0.75,0,0.0,0.5,1.0,0.75,0.75
1069,no_strict_e1_improvement,0,,,,,1,0,1,1,1,1,1,4,0,0,-1,current,0,0,0.008768525595466295,0.008768525595466295,12,9,9,9,9,0,0,1,1.0,1.0,1.0,1.0,1.0,1,1.0,1.0,1.0,1.0,1.0,1,1.0,1.0,1.0,1.0,1.0,1,1.0,1.0,1.0,1.0,1.0
1070,max_rounds,0,,,,,1,1,5,4,4,13,13,4,1,1,0,s1a3_greedy,1,0,0.32223121852924425,0.031310079929729305,9,0,0,9,9,9,0,0,0.0,0.5,0.3333333333333333,0.4166666666666667,0.5833333333333334,0,0.0,0.5,0.3333333333333333,0.4166666666666667,0.5833333333333334,1,1.0,1.0,1.0,1.0,1.0,1,1.0,1.0,1.0,1.0,1.0
1071,no_strict_e1_improvement,0,,,,,1,0,1,1,1,2,2,4,0,0,-1,current,0,0,0.10830846424990644,0.10830846424990644,7,9,9,9,9,0,0,1,1.0,1.0,1.0,1.0,1.0,1,1.0,1.0,1.0,1.0,1.0,1,1.0,1.0,1.0,1.0,1.0,1,1.0,1.0,1.0,1.0,1.0
1072,no_strict_e1_improvement,0,,,,,1,0,1,1,1,1,1,4,0,0,-1,current,0,0,0.0064576976001262665,0.0064576976001262665,11,0,0,0,0,0,0,0,0.0,0.5,1.0,0.75,0.75,0,0.0,0.5,1.0,0.75,0.75,0,0.0,0.5,1.0,0.75,0.75,0,0.0,0.5,1.0,0.75,0.75
1073,no_strict_e1_improvement,0,,,,,1,0,1,1,1,1,1,4,0,0,-1,current,0,0,0.11425617337226868,0.11425617337226868,8,0,0,0,0,0,0,0,0.0,0.5,1.0,0.75,0.75,0,0.0,0.5,1.0,0.75,0.75,0,0.0,0.5,1.0,0.75,0.75,0,0.0,0.5,1.0,0.75,0.75
1074,max_rounds,0,,,,,1,1,5,4,4,13,13,4,0,1,0,s1a3_greedy,1,0,0.2811081135259883,0.05416010775782828,10,1,1,9,9,8,0,0,0.1111111111111111,0.3333333333333333,0.6666666666666666,0.5,0.5833333333333334,0,0.1111111111111111,0.3333333333333333,0.6666666666666666,0.5,0.5833333333333334,1,1.0,1.0,1.0,1.0,1.0,1,1.0,1.0,1.0,1.0,1.0
1075,no_strict_e1_improvement,0,,,,,1,0,1,1,1,1,1,4,0,0,-1,current,0,0,0.06223777557412783,0.06223777557412783,8,1,1,1,1,0,0,0,0.1111111111111111,0.3333333333333333,0.6666666666666666,0.5,0.6666666666666666,0,0.1111111111111111,0.3333333333333333,0.6666666666666666,0.5,0.6666666666666666,0,0.1111111111111111,0.3333333333333333,0.6666666666666666,0.5,0.6666666666666666,0,0.1111111111111111,0.3333333333333333,0.6666666666666666,0.5,0.6666666666666666
1076,max_rounds,0,,,,,1,1,2,2,2,6,6,4,1,0,0,s1a3_greedy,1,0,0.07935954832161467,0.02976589339474837,10,0,0,9,9,9,0,0,0.0,0.8333333333333334,0.5,0.6666666666666666,0.6666666666666666,0,0.0,0.8333333333333334,0.5,0.6666666666666666,0.6666666666666666,1,1.0,1.0,1.0,1.0,1.0,1,1.0,1.0,1.0,1.0,1.0
1077,no_strict_e1_improvement,0,,,,,1,0,1,1,1,1,1,4,0,0,-1,current,0,0,0.16138123142688224,0.16138123142688224,9,0,0,0,0,0,0,0,0.0,0.6666666666666666,0.5,0.5833333333333334,0.5833333333333334,0,0.0,0.6666666666666666,0.5,0.5833333333333334,0.5833333333333334,0,0.0,0.6666666666666666,0.5,0.5833333333333334,0.5833333333333334,0,0.0,0.6666666666666666,0.5,0.5833333333333334,0.5833333333333334
1078,no_strict_e1_improvement,0,,,,,1,0,1,1,1,1,1,4,0,0,-1,current,0,0,0.04647280275821686,0.04647280275821686,8,1,1,1,1,0,0,0,0.1111111111111111,0.3333333333333333,0.6666666666666666,0.5,0.5833333333333334,0,0.1111111111111111,0.3333333333333333,0.6666666666666666,0.5,0.5833333333333334,0,0.1111111111111111,0.3333333333333333,0.6666666666666666,0.5,0.5833333333333334,0,0.1111111111111111,0.3333333333333333,0.6666666666666666,0.5,0.5833333333333334
1079,no_strict_e1_improvement,0,,,,,1,0,1,1,1,1,1,4,0,0,-1,current,0,0,0.07033876267572244,0.07033876267572244,8,0,0,0,0,0,0,0,0.0,0.5,1.0,0.75,0.75,0,0.0,0.5,1.0,0.75,0.75,0,0.0,0.5,1.0,0.75,0.75,0,0.0,0.5,1.0,0.75,0.75
1080,max_rounds,0,,,,,1,1,2,2,2,6,6,4,-1,0,0,s1a3_greedy,1,0,0.020600696404774983,0.015348078062136969,12,9,9,0,0,-9,0,1,1.0,1.0,1.0,1.0,1.0,1,1.0,1.0,1.0,1.0,1.0,0,0.0,1.0,0.5,0.75,0.75,0,0.0,1.0,0.5,0.75,0.75
1081,no_strict_e1_improvement,0,,,,,1,0,1,1,1,1,1,4,0,0,-1,current,0,0,0.021207458650072415,0.021207458650072415,9,9,9,9,9,0,0,1,1.0,1.0,1.0,1.0,1.0,1,1.0,1.0,1.0,1.0,1.0,1,1.0,1.0,1.0,1.0,1.0,1,1.0,1.0,1.0,1.0,1.0
1082,no_strict_e1_improvement,0,,,,,1,0,1,1,1,1,1,4,0,0,-1,current,0,0,0.09204369907577832,0.09204369907577832,5,0,0,0,0,0,0,0,0.0,0.16666666666666666,0.5,0.3333333333333333,0.5,0,0.0,0.16666666666666666,0.5,0.3333333333333333,0.5,0,0.0,0.16666666666666666,0.5,0.3333333333333333,0.5,0,0.0,0.16666666666666666,0.5,0.3333333333333333,0.5
1083,max_rounds,0,,,,,1,1,3,2,2,7,7,4,0,0,1,profiled_beam,1,1,0.08728512066106002,0.04827513825148344,7,7,7,7,9,2,2,0,0.7777777777777778,0.6666666666666666,0.6666666666666666,0.6666666666666666,0.75,0,0.7777777777777778,0.6666666666666666,0.6666666666666666,0.6666666666666666,0.75,0,0.7777777777777778,0.6666666666666666,0.6666666666666666,0.6666666666666666,0.75,1,1.0,1.0,1.0,1.0,1.0
1084,no_strict_e1_improvement,0,,,,,1,0,1,1,1,1,1,4,0,0,-1,current,0,0,0.06503153324592859,0.06503153324592859,8,0,0,0,0,0,0,0,0.0,0.5,0.8333333333333334,0.6666666666666666,0.6666666666666666,0,0.0,0.5,0.8333333333333334,0.6666666666666666,0.6666666666666666,0,0.0,0.5,0.8333333333333334,0.6666666666666666,0.6666666666666666,0,0.0,0.5,0.8333333333333334,0.6666666666666666,0.6666666666666666
1085,no_strict_e1_improvement,0,,,,,1,0,1,1,1,1,1,4,0,0,-1,current,0,0,0.008083152895172438,0.008083152895172438,11,0,0,0,0,0,0,0,0.0,0.5,1.0,0.75,0.75,0,0.0,0.5,1.0,0.75,0.75,0,0.0,0.5,1.0,0.75,0.75,0,0.0,0.5,1.0,0.75,0.75
1086,no_strict_e1_improvement,0,,,,,1,0,1,1,1,1,1,4,0,0,-1,current,0,0,0.0573573342214028,0.0573573342214028,8,1,1,1,1,0,0,0,0.1111111111111111,0.3333333333333333,0.6666666666666666,0.5,0.5833333333333334,0,0.1111111111111111,0.3333333333333333,0.6666666666666666,0.5,0.5833333333333334,0,0.1111111111111111,0.3333333333333333,0.6666666666666666,0.5,0.5833333333333334,0,0.1111111111111111,0.3333333333333333,0.6666666666666666,0.5,0.5833333333333334
1087,small_component,0,,,,,1,0,0,0,0,0,0,4,0,0,-1,current,0,0,0.2930240191053599,0.2930240191053599,7,3,3,3,3,0,0,0,0.3333333333333333,0.3333333333333333,0.16666666666666666,0.25,0.4166666666666667,0,0.3333333333333333,0.3333333333333333,0.16666666666666666,0.25,0.4166666666666667,0,0.3333333333333333,0.3333333333333333,0.16666666666666666,0.25,0.4166666666666667,0,0.3333333333333333,0.3333333333333333,0.16666666666666666,0.25,0.4166666666666667
1088,no_strict_e1_improvement,0,,,,,1,0,1,1,1,1,1,4,0,0,-1,current,0,0,0.0012570072431117296,0.0012570072431117296,12,9,9,9,9,0,0,1,1.0,1.0,1.0,1.0,1.0,1,1.0,1.0,1.0,1.0,1.0,1,1.0,1.0,1.0,1.0,1.0,1,1.0,1.0,1.0,1.0,1.0
1089,no_strict_e1_improvement,0,,,,,1,0,1,1,1,1,1,4,0,0,-1,current,0,0,0.0,0.0,12,9,9,9,9,0,0,1,1.0,1.0,1.0,1.0,1.0,1,1.0,1.0,1.0,1.0,1.0,1,1.0,1.0,1.0,1.0,1.0,1,1.0,1.0,1.0,1.0,1.0
1090,no_strict_e1_improvement,0,,,,,1,0,1,1,1,2,2,4,0,0,-1,current,0,0,0.183832340563337,0.183832340563337,6,0,0,0,0,0,0,0,0.0,0.16666666666666666,0.16666666666666666,0.16666666666666666,0.3333333333333333,0,0.0,0.16666666666666666,0.16666666666666666,0.16666666666666666,0.3333333333333333,0,0.0,0.16666666666666666,0.16666666666666666,0.16666666666666666,0.3333333333333333,0,0.0,0.16666666666666666,0.16666666666666666,0.16666666666666666,0.3333333333333333
1091,no_strict_e1_improvement,0,,,,,1,0,2,2,2,7,7,4,0,0,-1,current,0,0,0.052715538535267115,0.052715538535267115,8,0,0,0,0,0,0,0,0.0,0.5,0.8333333333333334,0.6666666666666666,0.6666666666666666,0,0.0,0.5,0.8333333333333334,0.6666666666666666,0.6666666666666666,0,0.0,0.5,0.8333333333333334,0.6666666666666666,0.6666666666666666,0,0.0,0.5,0.8333333333333334,0.6666666666666666,0.6666666666666666
1092,no_strict_e1_improvement,0,,,,,1,0,1,1,1,1,1,4,0,0,-1,current,0,0,0.07450730601946513,0.07450730601946513,10,0,0,0,0,0,0,0,0.0,0.6666666666666666,0.5,0.5833333333333334,0.5833333333333334,0,0.0,0.6666666666666666,0.5,0.5833333333333334,0.5833333333333334,0,0.0,0.6666666666666666,0.5,0.5833333333333334,0.5833333333333334,0,0.0,0.6666666666666666,0.5,0.5833333333333334,0.5833333333333334
1093,no_strict_e1_improvement,0,,,,,1,0,1,1,1,1,1,4,0,0,-1,current,0,0,0.039029553066939116,0.039029553066939116,10,9,9,9,9,0,0,1,1.0,1.0,1.0,1.0,1.0,1,1.0,1.0,1.0,1.0,1.0,1,1.0,1.0,1.0,1.0,1.0,1,1.0,1.0,1.0,1.0,1.0
1094,max_rounds,0,,,,,1,1,5,4,4,15,15,4,0,0,1,profiled_beam,1,1,0.15237477666232735,0.10992249221696208,7,7,7,7,9,2,2,0,0.7777777777777778,0.6666666666666666,0.6666666666666666,0.6666666666666666,0.75,0,0.7777777777777778,0.6666666666666666,0.6666666666666666,0.6666666666666666,0.75,0,0.7777777777777778,0.6666666666666666,0.6666666666666666,0.6666666666666666,0.8333333333333334,1,1.0,1.0,1.0,1.0,1.0
1095,max_rounds,0,,,,,1,1,3,2,2,6,6,4,0,0,0,s1a3_greedy,1,0,0.1253416184335947,0.04192916016715268,8,7,7,9,9,2,0,0,0.7777777777777778,0.6666666666666666,0.6666666666666666,0.6666666666666666,0.75,0,0.7777777777777778,0.6666666666666666,0.6666666666666666,0.6666666666666666,0.75,1,1.0,1.0,1.0,1.0,1.0,1,1.0,1.0,1.0,1.0,1.0
1096,no_strict_e1_improvement,0,,,,,1,0,1,1,1,1,1,4,0,0,-1,current,0,0,0.12637356591100493,0.12637356591100493,9,0,0,0,0,0,0,0,0.0,0.5,0.6666666666666666,0.5833333333333334,0.6666666666666666,0,0.0,0.5,0.6666666666666666,0.5833333333333334,0.6666666666666666,0,0.0,0.5,0.6666666666666666,0.5833333333333334,0.6666666666666666,0,0.0,0.5,0.6666666666666666,0.5833333333333334,0.6666666666666666
1097,no_strict_e1_improvement,0,,,,,1,0,1,1,1,1,1,4,0,0,-1,current,0,0,0.08041029640783866,0.08041029640783866,7,0,0,0,0,0,0,0,0.0,0.5,0.3333333333333333,0.4166666666666667,0.5,0,0.0,0.5,0.3333333333333333,0.4166666666666667,0.5,0,0.0,0.5,0.3333333333333333,0.4166666666666667,0.5,0,0.0,0.5,0.3333333333333333,0.4166666666666667,0.5
1098,max_rounds,0,,,,,1,1,4,4,4,13,13,4,-1,-1,1,profiled_beam,1,1,0.1264548059552908,0.09675732472290595,8,0,0,0,7,7,7,0,0.0,0.3333333333333333,0.16666666666666666,0.25,0.4166666666666667,0,0.0,0.3333333333333333,0.16666666666666666,0.25,0.4166666666666667,0,0.0,0.5,0.16666666666666666,0.3333333333333333,0.4166666666666667,0,0.7777777777777778,0.6666666666666666,0.3333333333333333,0.5,0.5833333333333334
1099,no_strict_e1_improvement,0,,,,,1,0,2,2,2,7,7,4,0,0,-1,current,0,0,0.15726591401228993,0.15726591401228993,9,3,3,3,3,0,0,0,0.3333333333333333,0.0,1.0,0.5,0.75,0,0.3333333333333333,0.0,1.0,0.5,0.75,0,0.3333333333333333,0.0,1.0,0.5,0.75,0,0.3333333333333333,0.0,1.0,0.5,0.75
1100,max_rounds,0,,,,,1,1,3,2,2,5,5,4,0,0,0,s1a3_greedy,1,0,0.22351176555578908,0.12951967011516294,6,1,1,0,0,-1,0,0,0.1111111111111111,0.5,0.16666666666666666,0.3333333333333333,0.5,0,0.1111111111111111,0.5,0.16666666666666666,0.3333333333333333,0.5,0,0.0,0.6666666666666666,0.16666666666666666,0.4166666666666667,0.5,0,0.0,0.6666666666666666,0.16666666666666666,0.4166666666666667,0.5
1101,no_strict_e1_improvement,0,,,,,1,0,1,1,1,2,2,4,0,0,-1,current,0,0,0.1300348804021875,0.1300348804021875,8,0,0,0,0,0,0,0,0.0,0.6666666666666666,0.5,0.5833333333333334,0.5833333333333334,0,0.0,0.6666666666666666,0.5,0.5833333333333334,0.5833333333333334,0,0.0,0.6666666666666666,0.5,0.5833333333333334,0.5833333333333334,0,0.0,0.6666666666666666,0.5,0.5833333333333334,0.5833333333333334
1102,no_strict_e1_improvement,0,,,,,1,0,1,1,1,1,1,4,0,0,-1,current,0,0,0.026605550199747086,0.026605550199747086,10,0,0,0,0,0,0,0,0.0,0.5,1.0,0.75,0.75,0,0.0,0.5,1.0,0.75,0.75,0,0.0,0.5,1.0,0.75,0.75,0,0.0,0.5,1.0,0.75,0.75
1103,no_strict_e1_improvement,0,,,,,1,0,4,4,4,15,15,4,0,0,-1,current,0,0,0.19500858460863432,0.19500858460863432,7,0,0,0,0,0,0,0,0.0,0.6666666666666666,0.0,0.3333333333333333,0.3333333333333333,0,0.0,0.6666666666666666,0.0,0.3333333333333333,0.3333333333333333,0,0.0,0.6666666666666666,0.0,0.3333333333333333,0.3333333333333333,0,0.0,0.6666666666666666,0.0,0.3333333333333333,0.3333333333333333
1104,no_strict_e1_improvement,0,,,,,1,0,1,1,1,1,1,4,0,0,-1,current,0,0,0.06925803364720196,0.06925803364720196,8,0,0,0,0,0,0,0,0.0,0.3333333333333333,0.16666666666666666,0.25,0.4166666666666667,0,0.0,0.3333333333333333,0.16666666666666666,0.25,0.4166666666666667,0,0.0,0.3333333333333333,0.16666666666666666,0.25,0.4166666666666667,0,0.0,0.3333333333333333,0.16666666666666666,0.25,0.4166666666666667
1105,small_component,0,,,,,1,0,0,0,0,0,0,4,0,0,-1,current,0,0,0.19360618541638056,0.19360618541638056,6,0,0,0,0,0,0,0,0.0,0.16666666666666666,0.3333333333333333,0.25,0.5833333333333334,0,0.0,0.16666666666666666,0.3333333333333333,0.25,0.5833333333333334,0,0.0,0.16666666666666666,0.3333333333333333,0.25,0.5833333333333334,0,0.0,0.16666666666666666,0.3333333333333333,0.25,0.5833333333333334
1106,no_strict_e1_improvement,0,,,,,1,0,1,1,1,1,1,4,0,0,-1,current,0,0,0.029111132957041264,0.029111132957041264,8,0,0,0,0,0,0,0,0.0,0.5,0.6666666666666666,0.5833333333333334,0.75,0,0.0,0.5,0.6666666666666666,0.5833333333333334,0.75,0,0.0,0.5,0.6666666666666666,0.5833333333333334,0.75,0,0.0,0.5,0.6666666666666666,0.5833333333333334,0.75
1107,no_strict_e1_improvement,0,,,,,1,0,1,1,1,1,1,4,0,0,-1,current,0,0,0.08970613963901997,0.08970613963901997,8,3,3,3,3,0,0,0,0.3333333333333333,0.6666666666666666,0.5,0.5833333333333334,0.5833333333333334,0,0.3333333333333333,0.6666666666666666,0.5,0.5833333333333334,0.5833333333333334,0,0.3333333333333333,0.6666666666666666,0.5,0.5833333333333334,0.5833333333333334,0,0.3333333333333333,0.6666666666666666,0.5,0.5833333333333334,0.5833333333333334
1108,max_rounds,0,,,,,1,1,3,2,2,6,6,4,-1,0,1,profiled_beam,1,1,0.1339546780412396,0.08319847658276558,8,0,0,1,0,0,-1,0,0.0,0.3333333333333333,0.5,0.4166666666666667,0.5,0,0.0,0.3333333333333333,0.5,0.4166666666666667,0.5,0,0.1111111111111111,0.3333333333333333,0.6666666666666666,0.5,0.5833333333333334,0,0.0,0.5,0.5,0.5,0.5
1109,no_strict_e1_improvement,0,,,,,1,0,1,1,1,1,1,4,0,0,-1,current,0,0,0.03386672322327892,0.03386672322327892,8,0,0,0,0,0,0,0,0.0,0.5,0.6666666666666666,0.5833333333333334,0.6666666666666666,0,0.0,0.5,0.6666666666666666,0.5833333333333334,0.6666666666666666,0,0.0,0.5,0.6666666666666666,0.5833333333333334,0.6666666666666666,0,0.0,0.5,0.6666666666666666,0.5833333333333334,0.6666666666666666
1110,no_strict_e1_improvement,0,,,,,1,0,1,1,1,1,1,4,0,0,-1,current,0,0,0.20160169464846453,0.20160169464846453,9,0,0,0,0,0,0,0,0.0,0.5,0.6666666666666666,0.5833333333333334,0.75,0,0.0,0.5,0.6666666666666666,0.5833333333333334,0.75,0,0.0,0.5,0.6666666666666666,0.5833333333333334,0.75,0,0.0,0.5,0.6666666666666666,0.5833333333333334,0.75
1111,small_component,0,,,,,1,0,0,0,0,0,0,4,0,0,-1,current,0,0,0.37927184253931046,0.37927184253931046,5,2,2,2,2,0,0,0,0.2222222222222222,0.16666666666666666,0.0,0.08333333333333333,0.4166666666666667,0,0.2222222222222222,0.16666666666666666,0.0,0.08333333333333333,0.4166666666666667,0,0.2222222222222222,0.16666666666666666,0.0,0.08333333333333333,0.4166666666666667,0,0.2222222222222222,0.16666666666666666,0.0,0.08333333333333333,0.4166666666666667
1112,max_rounds,0,,,,,1,1,5,4,4,10,10,4,0,1,0,s1a3_greedy,1,0,0.2383920851474007,0.027641463888964306,9,1,1,9,9,8,0,0,0.1111111111111111,0.3333333333333333,0.5,0.4166666666666667,0.4166666666666667,0,0.1111111111111111,0.3333333333333333,0.5,0.4166666666666667,0.4166666666666667,1,1.0,1.0,1.0,1.0,1.0,1,1.0,1.0,1.0,1.0,1.0
1113,max_rounds,0,,,,,1,1,3,2,2,6,6,4,1,0,0,s1a3_greedy,1,0,0.1194745401541392,0.015730290052791435,10,0,0,9,9,9,0,0,0.0,0.8333333333333334,0.5,0.6666666666666666,0.6666666666666666,0,0.0,0.8333333333333334,0.5,0.6666666666666666,0.6666666666666666,1,1.0,1.0,1.0,1.0,1.0,1,1.0,1.0,1.0,1.0,1.0
1114,small_component,0,,,,,1,0,0,0,0,0,0,4,0,0,-1,current,0,0,0.16335865102397898,0.16335865102397898,7,0,0,0,0,0,0,0,0.0,0.3333333333333333,0.0,0.16666666666666666,0.3333333333333333,0,0.0,0.3333333333333333,0.0,0.16666666666666666,0.3333333333333333,0,0.0,0.3333333333333333,0.0,0.16666666666666666,0.3333333333333333,0,0.0,0.3333333333333333,0.0,0.16666666666666666,0.3333333333333333
1115,partial_completed__max_rounds,1,,3,2,4,1,1,5,4,4,15,15,4,0,1,1,profiled_beam,1,1,0.2391380100355794,0.13464298006147146,6,1,1,4,5,4,1,0,0.1111111111111111,0.16666666666666666,0.16666666666666666,0.16666666666666666,0.3333333333333333,0,0.1111111111111111,0.3333333333333333,0.16666666666666666,0.25,0.6666666666666666,0,0.4444444444444444,0.3333333333333333,0.16666666666666666,0.25,0.25,0,0.5555555555555556,0.3333333333333333,0.3333333333333333,0.3333333333333333,0.3333333333333333
1116,no_strict_e1_improvement,0,,,,,1,0,1,1,1,1,1,4,0,0,-1,current,0,0,0.009053870880355438,0.009053870880355438,11,9,9,9,9,0,0,1,1.0,1.0,1.0,1.0,1.0,1,1.0,1.0,1.0,1.0,1.0,1,1.0,1.0,1.0,1.0,1.0,1,1.0,1.0,1.0,1.0,1.0
1117,no_strict_e1_improvement,0,,,,,1,0,2,2,2,6,6,4,0,0,-1,current,0,0,0.05630724007884661,0.05630724007884661,10,9,9,9,9,0,0,1,1.0,1.0,1.0,1.0,1.0,1,1.0,1.0,1.0,1.0,1.0,1,1.0,1.0,1.0,1.0,1.0,1,1.0,1.0,1.0,1.0,1.0
1118,no_strict_e1_improvement,0,,,,,1,0,1,1,1,1,1,4,0,0,-1,current,0,0,0.026608794927597046,0.026608794927597046,11,9,9,9,9,0,0,1,1.0,1.0,1.0,1.0,1.0,1,1.0,1.0,1.0,1.0,1.0,1,1.0,1.0,1.0,1.0,1.0,1,1.0,1.0,1.0,1.0,1.0
1119,no_strict_e1_improvement,0,,,,,1,0,1,1,1,1,1,4,0,0,-1,current,0,0,0.06899456058939298,0.06899456058939298,10,0,0,0,0,0,0,0,0.0,1.0,0.5,0.75,0.75,0,0.0,1.0,0.5,0.75,0.75,0,0.0,1.0,0.5,0.75,0.75,0,0.0,1.0,0.5,0.75,0.75
1120,no_strict_e1_improvement,0,,,,,1,0,2,2,2,6,6,4,0,0,-1,current,0,0,0.05017962710311016,0.05017962710311016,9,9,9,9,9,0,0,1,1.0,1.0,1.0,1.0,1.0,1,1.0,1.0,1.0,1.0,1.0,1,1.0,1.0,1.0,1.0,1.0,1,1.0,1.0,1.0,1.0,1.0
1121,max_rounds,0,,,,,1,1,4,4,4,9,9,4,1,-1,0,s1a3_greedy,1,0,0.10328103764913976,0.08611113810911775,8,1,1,0,0,-1,0,0,0.1111111111111111,0.3333333333333333,0.3333333333333333,0.3333333333333333,0.5,0,0.1111111111111111,0.3333333333333333,0.3333333333333333,0.3333333333333333,0.5,0,0.0,0.3333333333333333,0.16666666666666666,0.25,0.3333333333333333,0,0.0,0.3333333333333333,0.16666666666666666,0.25,0.3333333333333333
1122,max_rounds,0,,,,,1,1,5,4,4,11,11,4,0,-1,0,s1a3_greedy,1,0,0.12914516714711985,0.08527861473460992,6,1,1,7,7,6,0,0,0.1111111111111111,0.3333333333333333,0.6666666666666666,0.5,0.6666666666666666,0,0.1111111111111111,0.3333333333333333,0.6666666666666666,0.5,0.6666666666666666,0,0.7777777777777778,0.6666666666666666,0.6666666666666666,0.6666666666666666,0.75,0,0.7777777777777778,0.6666666666666666,0.6666666666666666,0.6666666666666666,0.75
1123,max_rounds,0,,,,,1,1,5,4,4,14,14,4,0,0,1,profiled_beam,1,1,0.19151204420874515,0.1103309680086871,5,0,0,0,0,0,0,0,0.0,0.16666666666666666,0.3333333333333333,0.25,0.3333333333333333,0,0.0,0.16666666666666666,0.3333333333333333,0.25,0.3333333333333333,0,0.0,0.16666666666666666,0.3333333333333333,0.25,0.3333333333333333,0,0.0,0.5,0.6666666666666666,0.5833333333333334,0.6666666666666666
1124,no_strict_e1_improvement,0,,,,,1,0,1,1,1,1,1,4,0,0,-1,current,0,0,0.030126793620487053,0.030126793620487053,10,0,0,0,0,0,0,0,0.0,0.5,0.8333333333333334,0.6666666666666666,0.6666666666666666,0,0.0,0.5,0.8333333333333334,0.6666666666666666,0.6666666666666666,0,0.0,0.5,0.8333333333333334,0.6666666666666666,0.6666666666666666,0,0.0,0.5,0.8333333333333334,0.6666666666666666,0.6666666666666666
1125,no_strict_e1_improvement,0,,,,,1,0,1,1,1,1,1,4,0,0,-1,current,0,0,0.027303319424390793,0.027303319424390793,11,0,0,0,0,0,0,0,0.0,0.5,0.5,0.5,0.5,0,0.0,0.5,0.5,0.5,0.5,0,0.0,0.5,0.5,0.5,0.5,0,0.0,0.5,0.5,0.5,0.5
1126,max_rounds,0,,,,,1,1,2,2,2,6,6,4,0,-1,1,profiled_beam,1,1,0.1622328570423027,0.12800087640061975,6,1,1,0,0,-1,0,0,0.1111111111111111,0.6666666666666666,0.3333333333333333,0.5,0.5833333333333334,0,0.1111111111111111,0.6666666666666666,0.3333333333333333,0.5,0.5833333333333334,0,0.0,0.5,0.3333333333333333,0.4166666666666667,0.5833333333333334,0,0.0,0.5,0.3333333333333333,0.4166666666666667,0.5
1127,no_strict_e1_improvement,0,,,,,1,0,1,1,1,1,1,4,0,0,-1,current,0,0,0.035291569928328194,0.035291569928328194,10,0,0,0,0,0,0,0,0.0,0.5,1.0,0.75,0.75,0,0.0,0.5,1.0,0.75,0.75,0,0.0,0.5,1.0,0.75,0.75,0,0.0,0.5,1.0,0.75,0.75
1128,no_strict_e1_improvement,0,,,,,1,0,1,1,1,1,1,4,0,0,-1,current,0,0,0.03875723228945086,0.03875723228945086,10,1,1,1,1,0,0,0,0.1111111111111111,0.6666666666666666,0.3333333333333333,0.5,0.5833333333333334,0,0.1111111111111111,0.6666666666666666,0.3333333333333333,0.5,0.5833333333333334,0,0.1111111111111111,0.6666666666666666,0.3333333333333333,0.5,0.5833333333333334,0,0.1111111111111111,0.6666666666666666,0.3333333333333333,0.5,0.5833333333333334
1129,no_strict_e1_improvement,0,,,,,1,0,1,1,1,1,1,4,0,0,-1,current,0,0,0.050702991584936775,0.050702991584936775,8,0,0,0,0,0,0,0,0.0,0.16666666666666666,0.3333333333333333,0.25,0.4166666666666667,0,0.0,0.16666666666666666,0.3333333333333333,0.25,0.4166666666666667,0,0.0,0.16666666666666666,0.3333333333333333,0.25,0.4166666666666667,0,0.0,0.16666666666666666,0.3333333333333333,0.25,0.4166666666666667
1130,no_strict_e1_improvement,0,,,,,1,0,1,1,1,1,1,4,0,0,-1,current,0,0,0.06891207350417972,0.06891207350417972,9,0,0,0,0,0,0,0,0.0,0.8333333333333334,0.5,0.6666666666666666,0.6666666666666666,0,0.0,0.8333333333333334,0.5,0.6666666666666666,0.6666666666666666,0,0.0,0.8333333333333334,0.5,0.6666666666666666,0.6666666666666666,0,0.0,0.8333333333333334,0.5,0.6666666666666666,0.6666666666666666
1131,no_strict_e1_improvement,0,,,,,1,0,1,1,1,1,1,4,0,0,-1,current,0,0,0.05060965692003568,0.05060965692003568,7,0,0,0,0,0,0,0,0.0,0.5,0.3333333333333333,0.4166666666666667,0.5,0,0.0,0.5,0.3333333333333333,0.4166666666666667,0.5,0,0.0,0.5,0.3333333333333333,0.4166666666666667,0.5,0,0.0,0.5,0.3333333333333333,0.4166666666666667,0.5
1132,no_strict_e1_improvement,0,,,,,1,0,1,1,1,1,1,4,0,0,-1,current,0,0,0.07528105987391125,0.07528105987391125,10,0,0,0,0,0,0,0,0.0,0.5,0.0,0.25,0.3333333333333333,0,0.0,0.5,0.0,0.25,0.3333333333333333,0,0.0,0.5,0.0,0.25,0.3333333333333333,0,0.0,0.5,0.0,0.25,0.3333333333333333
1133,no_strict_e1_improvement,0,,,,,1,0,1,1,1,1,1,4,0,0,-1,current,0,0,0.12862801551818848,0.12862801551818848,8,0,0,0,0,0,0,0,0.0,0.5,0.8333333333333334,0.6666666666666666,0.6666666666666666,0,0.0,0.5,0.8333333333333334,0.6666666666666666,0.6666666666666666,0,0.0,0.5,0.8333333333333334,0.6666666666666666,0.6666666666666666,0,0.0,0.5,0.8333333333333334,0.6666666666666666,0.6666666666666666
1134,no_strict_e1_improvement,0,,,,,1,0,1,1,1,1,1,4,0,0,-1,current,0,0,0.03257968587179979,0.03257968587179979,8,0,0,0,0,0,0,0,0.0,0.16666666666666666,0.16666666666666666,0.16666666666666666,0.3333333333333333,0,0.0,0.16666666666666666,0.16666666666666666,0.16666666666666666,0.3333333333333333,0,0.0,0.16666666666666666,0.16666666666666666,0.16666666666666666,0.3333333333333333,0,0.0,0.16666666666666666,0.16666666666666666,0.16666666666666666,0.3333333333333333
1135,partial_completed__no_strict_e1_improvement,1,,3,2,4,1,0,2,2,2,5,5,4,0,0,-1,current,1,0,0.13027714965088913,0.13027714965088913,7,0,0,0,0,0,0,0,0.0,0.3333333333333333,0.16666666666666666,0.25,0.25,0,0.0,0.5,0.3333333333333333,0.4166666666666667,0.5833333333333334,0,0.0,0.5,0.3333333333333333,0.4166666666666667,0.5833333333333334,0,0.0,0.5,0.3333333333333333,0.4166666666666667,0.5833333333333334
1136,max_rounds,0,,,,,1,1,5,4,4,12,12,4,0,0,1,profiled_beam,1,1,0.31803435704205185,0.08930086956146017,6,4,4,0,7,3,7,0,0.4444444444444444,0.16666666666666666,0.5,0.3333333333333333,0.5,0,0.4444444444444444,0.16666666666666666,0.5,0.3333333333333333,0.5,0,0.0,0.3333333333333333,0.16666666666666666,0.25,0.4166666666666667,0,0.7777777777777778,0.6666666666666666,0.3333333333333333,0.5,0.5833333333333334
1137,no_strict_e1_improvement,0,,,,,1,0,1,1,1,1,1,4,0,0,-1,current,0,0,0.037409404991194606,0.037409404991194606,11,0,0,0,0,0,0,0,0.0,0.5,1.0,0.75,0.75,0,0.0,0.5,1.0,0.75,0.75,0,0.0,0.5,1.0,0.75,0.75,0,0.0,0.5,1.0,0.75,0.75
1138,max_rounds,0,,,,,1,1,3,2,2,6,6,4,0,1,1,profiled_beam,1,1,0.23466215003281832,0.03055270458571613,6,7,7,9,0,-7,-9,0,0.7777777777777778,0.6666666666666666,0.6666666666666666,0.6666666666666666,0.75,0,0.7777777777777778,0.6666666666666666,0.6666666666666666,0.6666666666666666,0.75,1,1.0,1.0,1.0,1.0,1.0,0,0.0,0.5,1.0,0.75,0.75
1139,no_strict_e1_improvement,0,,,,,1,0,1,1,1,1,1,4,0,0,-1,current,0,0,0.011398124576468641,0.011398124576468641,9,9,9,9,9,0,0,1,1.0,1.0,1.0,1.0,1.0,1,1.0,1.0,1.0,1.0,1.0,1,1.0,1.0,1.0,1.0,1.0,1,1.0,1.0,1.0,1.0,1.0
1140,no_strict_e1_improvement,0,,,,,1,0,1,1,1,1,1,4,0,0,-1,current,0,0,0.03622612865486493,0.03622612865486493,8,0,0,0,0,0,0,0,0.0,0.16666666666666666,0.5,0.3333333333333333,0.4166666666666667,0,0.0,0.16666666666666666,0.5,0.3333333333333333,0.4166666666666667,0,0.0,0.16666666666666666,0.5,0.3333333333333333,0.4166666666666667,0,0.0,0.16666666666666666,0.5,0.3333333333333333,0.4166666666666667
1141,small_component,0,,,,,1,0,0,0,0,0,0,4,0,0,-1,current,0,0,0.3426600905756156,0.3426600905756156,4,2,2,2,2,0,0,0,0.2222222222222222,0.16666666666666666,0.3333333333333333,0.25,0.4166666666666667,0,0.2222222222222222,0.16666666666666666,0.3333333333333333,0.25,0.4166666666666667,0,0.2222222222222222,0.16666666666666666,0.3333333333333333,0.25,0.4166666666666667,0,0.2222222222222222,0.16666666666666666,0.3333333333333333,0.25,0.4166666666666667
1142,no_strict_e1_improvement,0,,,,,1,0,1,1,1,1,1,4,0,0,-1,current,0,0,0.14660505492550632,0.14660505492550632,9,0,0,0,0,0,0,0,0.0,0.3333333333333333,0.16666666666666666,0.25,0.3333333333333333,0,0.0,0.3333333333333333,0.16666666666666666,0.25,0.3333333333333333,0,0.0,0.3333333333333333,0.16666666666666666,0.25,0.3333333333333333,0,0.0,0.3333333333333333,0.16666666666666666,0.25,0.3333333333333333
1143,no_strict_e1_improvement,0,,,,,1,0,2,2,2,4,4,4,0,0,-1,current,0,0,0.0847863507612298,0.0847863507612298,5,3,3,3,3,0,0,0,0.3333333333333333,0.3333333333333333,0.16666666666666666,0.25,0.3333333333333333,0,0.3333333333333333,0.3333333333333333,0.16666666666666666,0.25,0.3333333333333333,0,0.3333333333333333,0.3333333333333333,0.16666666666666666,0.25,0.3333333333333333,0,0.3333333333333333,0.3333333333333333,0.16666666666666666,0.25,0.3333333333333333
1144,no_strict_e1_improvement,0,,,,,1,0,1,1,1,1,1,4,0,0,-1,current,0,0,0.0693569282690684,0.0693569282690684,9,9,9,9,9,0,0,1,1.0,1.0,1.0,1.0,1.0,1,1.0,1.0,1.0,1.0,1.0,1,1.0,1.0,1.0,1.0,1.0,1,1.0,1.0,1.0,1.0,1.0
1145,max_rounds,0,,,,,1,1,3,2,2,6,6,4,0,1,0,s1a3_greedy,1,0,0.1551498988022407,0.015782891617467005,8,0,0,9,9,9,0,0,0.0,0.5,0.8333333333333334,0.6666666666666666,0.6666666666666666,0,0.0,0.5,0.8333333333333334,0.6666666666666666,0.6666666666666666,1,1.0,1.0,1.0,1.0,1.0,1,1.0,1.0,1.0,1.0,1.0
1146,no_strict_e1_improvement,0,,,,,1,0,1,1,1,1,1,4,0,0,-1,current,0,0,0.020084736868739128,0.020084736868739128,10,0,0,0,0,0,0,0,0.0,0.5,1.0,0.75,0.75,0,0.0,0.5,1.0,0.75,0.75,0,0.0,0.5,1.0,0.75,0.75,0,0.0,0.5,1.0,0.75,0.75
1147,no_strict_e1_improvement,0,,,,,1,0,1,1,1,1,1,4,0,0,-1,current,0,0,0.08797794952988625,0.08797794952988625,6,0,0,0,0,0,0,0,0.0,0.5,0.5,0.5,0.5,0,0.0,0.5,0.5,0.5,0.5,0,0.0,0.5,0.5,0.5,0.5,0,0.0,0.5,0.5,0.5,0.5
1148,no_strict_e1_improvement,0,,,,,1,0,1,1,1,1,1,4,0,0,-1,current,0,0,0.10534141841344535,0.10534141841344535,7,0,0,0,0,0,0,0,0.0,0.5,0.5,0.5,0.5,0,0.0,0.5,0.5,0.5,0.5,0,0.0,0.5,0.5,0.5,0.5,0,0.0,0.5,0.5,0.5,0.5
1149,small_component,0,,,,,1,0,0,0,0,0,0,4,0,0,-1,current,0,0,0.3165837266327192,0.3165837266327192,7,4,4,4,4,0,0,0,0.4444444444444444,0.5,0.3333333333333333,0.4166666666666667,0.4166666666666667,0,0.4444444444444444,0.5,0.3333333333333333,0.4166666666666667,0.4166666666666667,0,0.4444444444444444,0.5,0.3333333333333333,0.4166666666666667,0.4166666666666667,0,0.4444444444444444,0.5,0.3333333333333333,0.4166666666666667,0.4166666666666667
1150,no_strict_e1_improvement,0,,,,,1,0,1,1,1,1,1,4,0,0,-1,current,0,0,0.03590979799628258,0.03590979799628258,10,9,9,9,9,0,0,1,1.0,1.0,1.0,1.0,1.0,1,1.0,1.0,1.0,1.0,1.0,1,1.0,1.0,1.0,1.0,1.0,1,1.0,1.0,1.0,1.0,1.0
1151,no_strict_e1_improvement,0,,,,,1,0,1,1,1,1,1,4,0,0,-1,current,0,0,0.09606749098747969,0.09606749098747969,9,0,0,0,0,0,0,0,0.0,0.5,0.5,0.5,0.5,0,0.0,0.5,0.5,0.5,0.5,0,0.0,0.5,0.5,0.5,0.5,0,0.0,0.5,0.5,0.5,0.5
1152,max_rounds,0,,,,,1,1,3,2,2,6,6,4,0,0,0,s1a3_greedy,1,0,0.21273496374487877,0.12261758154879014,7,3,3,3,3,0,0,0,0.3333333333333333,0.6666666666666666,0.0,0.3333333333333333,0.5,0,0.3333333333333333,0.6666666666666666,0.0,0.3333333333333333,0.5,0,0.3333333333333333,1.0,0.0,0.5,0.75,0,0.3333333333333333,1.0,0.0,0.5,0.75
1153,no_strict_e1_improvement,0,,,,,1,0,1,1,1,1,1,4,0,0,-1,current,0,0,0.05885791995873054,0.05885791995873054,8,9,9,9,9,0,0,1,1.0,1.0,1.0,1.0,1.0,1,1.0,1.0,1.0,1.0,1.0,1,1.0,1.0,1.0,1.0,1.0,1,1.0,1.0,1.0,1.0,1.0
1154,max_rounds,0,,,,,1,1,2,2,2,6,6,4,0,-1,1,profiled_beam,1,1,0.0559563678689301,0.04740216815844178,8,0,0,0,0,0,0,0,0.0,0.5,0.6666666666666666,0.5833333333333334,0.6666666666666666,0,0.0,0.5,0.6666666666666666,0.5833333333333334,0.6666666666666666,0,0.0,0.5,0.6666666666666666,0.5833333333333334,0.6666666666666666,0,0.0,0.5,0.3333333333333333,0.4166666666666667,0.5833333333333334
1155,no_strict_e1_improvement,0,,,,,1,0,1,1,1,1,1,4,0,0,-1,current,0,0,0.04606564420585831,0.04606564420585831,7,0,0,0,0,0,0,0,0.0,0.5,0.5,0.5,0.5,0,0.0,0.5,0.5,0.5,0.5,0,0.0,0.5,0.5,0.5,0.5,0,0.0,0.5,0.5,0.5,0.5
1156,no_strict_e1_improvement,0,,,,,1,0,1,1,1,1,1,4,0,0,-1,current,0,0,0.028030195273458958,0.028030195273458958,8,0,0,0,0,0,0,0,0.0,0.5,0.8333333333333334,0.6666666666666666,0.6666666666666666,0,0.0,0.5,0.8333333333333334,0.6666666666666666,0.6666666666666666,0,0.0,0.5,0.8333333333333334,0.6666666666666666,0.6666666666666666,0,0.0,0.5,0.8333333333333334,0.6666666666666666,0.6666666666666666
1157,no_strict_e1_improvement,0,,,,,1,0,1,1,1,1,1,4,0,0,-1,current,0,0,0.018574171078701813,0.018574171078701813,10,0,0,0,0,0,0,0,0.0,0.5,1.0,0.75,0.75,0,0.0,0.5,1.0,0.75,0.75,0,0.0,0.5,1.0,0.75,0.75,0,0.0,0.5,1.0,0.75,0.75
1158,max_rounds,0,,,,,1,1,3,2,2,7,7,4,1,0,1,profiled_beam,1,1,0.06616810076714803,0.04512888359992454,9,0,0,0,9,9,9,0,0.0,0.8333333333333334,0.5,0.6666666666666666,0.6666666666666666,0,0.0,0.8333333333333334,0.5,0.6666666666666666,0.6666666666666666,0,0.0,0.8333333333333334,0.5,0.6666666666666666,0.6666666666666666,1,1.0,1.0,1.0,1.0,1.0
1159,no_strict_e1_improvement,0,,,,,1,0,1,1,1,1,1,4,0,0,-1,current,0,0,0.006084925107037027,0.006084925107037027,9,0,0,0,0,0,0,0,0.0,1.0,0.5,0.75,0.75,0,0.0,1.0,0.5,0.75,0.75,0,0.0,1.0,0.5,0.75,0.75,0,0.0,1.0,0.5,0.75,0.75
1160,max_rounds,0,,,,,1,1,2,1,1,2,2,4,0,0,0,s1a3_greedy,1,0,0.2953048360844453,0.18392442973951498,5,0,0,0,0,0,0,0,0.0,0.16666666666666666,0.3333333333333333,0.25,0.25,0,0.0,0.16666666666666666,0.3333333333333333,0.25,0.25,0,0.0,0.3333333333333333,0.5,0.4166666666666667,0.5,0,0.0,0.3333333333333333,0.5,0.4166666666666667,0.5
1161,no_strict_e1_improvement,0,,,,,1,0,1,1,1,1,1,4,0,0,-1,current,0,0,0.047205133674045406,0.047205133674045406,10,9,9,9,9,0,0,1,1.0,1.0,1.0,1.0,1.0,1,1.0,1.0,1.0,1.0,1.0,1,1.0,1.0,1.0,1.0,1.0,1,1.0,1.0,1.0,1.0,1.0
1162,no_strict_e1_improvement,0,,,,,1,0,1,1,1,1,1,4,0,0,-1,current,0,0,0.04241133046646913,0.04241133046646913,9,7,7,7,7,0,0,0,0.7777777777777778,0.6666666666666666,0.6666666666666666,0.6666666666666666,0.75,0,0.7777777777777778,0.6666666666666666,0.6666666666666666,0.6666666666666666,0.75,0,0.7777777777777778,0.6666666666666666,0.6666666666666666,0.6666666666666666,0.75,0,0.7777777777777778,0.6666666666666666,0.6666666666666666,0.6666666666666666,0.75
1163,no_strict_e1_improvement,0,,,,,1,0,2,2,2,7,7,4,0,0,-1,current,0,0,0.04814897555237015,0.04814897555237015,7,9,9,9,9,0,0,1,1.0,1.0,1.0,1.0,1.0,1,1.0,1.0,1.0,1.0,1.0,1,1.0,1.0,1.0,1.0,1.0,1,1.0,1.0,1.0,1.0,1.0
1164,partial_completed__no_strict_e1_improvement,1,,3,2,3,1,0,1,1,1,1,1,4,0,0,-1,current,1,0,0.03486560254047314,0.03486560254047314,10,0,0,0,0,0,0,0,0.0,0.5,0.6666666666666666,0.5833333333333334,0.5833333333333334,0,0.0,0.5,1.0,0.75,0.75,0,0.0,0.5,1.0,0.75,0.75,0,0.0,0.5,1.0,0.75,0.75
1165,no_strict_e1_improvement,0,,,,,1,0,1,1,1,1,1,4,0,0,-1,current,0,0,0.03148348577572809,0.03148348577572809,11,9,9,9,9,0,0,1,1.0,1.0,1.0,1.0,1.0,1,1.0,1.0,1.0,1.0,1.0,1,1.0,1.0,1.0,1.0,1.0,1,1.0,1.0,1.0,1.0,1.0
1166,no_strict_e1_improvement,0,,,,,1,0,1,1,1,1,1,4,0,0,-1,current,0,0,0.0052635822115310775,0.0052635822115310775,11,9,9,9,9,0,0,1,1.0,1.0,1.0,1.0,1.0,1,1.0,1.0,1.0,1.0,1.0,1,1.0,1.0,1.0,1.0,1.0,1,1.0,1.0,1.0,1.0,1.0
1167,no_strict_e1_improvement,0,,,,,1,0,1,1,1,1,1,4,0,0,-1,current,0,0,0.01741488960882028,0.01741488960882028,11,9,9,9,9,0,0,1,1.0,1.0,1.0,1.0,1.0,1,1.0,1.0,1.0,1.0,1.0,1,1.0,1.0,1.0,1.0,1.0,1,1.0,1.0,1.0,1.0,1.0
1168,no_strict_e1_improvement,0,,,,,1,0,1,1,1,1,1,4,0,0,-1,current,0,0,0.020511042947570484,0.020511042947570484,10,9,9,9,9,0,0,1,1.0,1.0,1.0,1.0,1.0,1,1.0,1.0,1.0,1.0,1.0,1,1.0,1.0,1.0,1.0,1.0,1,1.0,1.0,1.0,1.0,1.0
1169,max_rounds,0,,,,,1,1,3,2,2,6,6,4,0,0,0,s1a3_greedy,1,0,0.17591328918933868,0.09175055132557948,4,1,1,0,0,-1,0,0,0.1111111111111111,0.3333333333333333,0.6666666666666666,0.5,0.5833333333333334,0,0.1111111111111111,0.3333333333333333,0.6666666666666666,0.5,0.5833333333333334,0,0.0,0.5,1.0,0.75,0.75,0,0.0,0.5,1.0,0.75,0.75
1170,max_rounds,0,,,,,1,1,2,1,1,2,2,4,0,0,0,s1a3_greedy,1,0,0.2757373090522985,0.11657342741576333,7,0,0,0,0,0,0,0,0.0,0.3333333333333333,0.5,0.4166666666666667,0.5833333333333334,0,0.0,0.3333333333333333,0.5,0.4166666666666667,0.5833333333333334,0,0.0,0.5,0.8333333333333334,0.6666666666666666,0.6666666666666666,0,0.0,0.5,0.8333333333333334,0.6666666666666666,0.6666666666666666
1171,max_rounds,0,,,,,1,1,5,4,4,16,16,4,0,1,1,profiled_beam,1,1,0.230033753051733,0.05054080788977444,6,0,0,0,9,9,9,0,0.0,0.5,0.3333333333333333,0.4166666666666667,0.5833333333333334,0,0.0,0.5,0.3333333333333333,0.4166666666666667,0.5833333333333334,0,0.0,0.8333333333333334,0.5,0.6666666666666666,0.6666666666666666,1,1.0,1.0,1.0,1.0,1.0
1172,no_strict_e1_improvement,0,,,,,1,0,1,1,1,1,1,4,0,0,-1,current,0,0,0.062064242316409945,0.062064242316409945,9,9,9,9,9,0,0,1,1.0,1.0,1.0,1.0,1.0,1,1.0,1.0,1.0,1.0,1.0,1,1.0,1.0,1.0,1.0,1.0,1,1.0,1.0,1.0,1.0,1.0
1173,no_strict_e1_improvement,0,,,,,1,0,2,2,2,6,6,4,0,0,-1,current,0,0,0.11212451802566648,0.11212451802566648,7,0,0,0,0,0,0,0,0.0,0.5,1.0,0.75,0.75,0,0.0,0.5,1.0,0.75,0.75,0,0.0,0.5,1.0,0.75,0.75,0,0.0,0.5,1.0,0.75,0.75
1174,no_strict_e1_improvement,0,,,,,1,0,1,1,1,1,1,4,0,0,-1,current,0,0,0.04062730104972919,0.04062730104972919,11,9,9,9,9,0,0,1,1.0,1.0,1.0,1.0,1.0,1,1.0,1.0,1.0,1.0,1.0,1,1.0,1.0,1.0,1.0,1.0,1,1.0,1.0,1.0,1.0,1.0
1175,small_component,0,,,,,1,0,0,0,0,0,0,4,0,0,-1,current,0,0,0.3403615914285183,0.3403615914285183,5,5,5,5,5,0,0,0,0.5555555555555556,0.5,0.0,0.25,0.4166666666666667,0,0.5555555555555556,0.5,0.0,0.25,0.4166666666666667,0,0.5555555555555556,0.5,0.0,0.25,0.4166666666666667,0,0.5555555555555556,0.5,0.0,0.25,0.4166666666666667
1176,small_component,0,,,,,1,0,0,0,0,0,0,4,0,0,-1,current,0,0,0.18874270220597586,0.18874270220597586,6,5,5,5,5,0,0,0,0.5555555555555556,0.3333333333333333,0.3333333333333333,0.3333333333333333,0.6666666666666666,0,0.5555555555555556,0.3333333333333333,0.3333333333333333,0.3333333333333333,0.6666666666666666,0,0.5555555555555556,0.3333333333333333,0.3333333333333333,0.3333333333333333,0.6666666666666666,0,0.5555555555555556,0.3333333333333333,0.3333333333333333,0.3333333333333333,0.6666666666666666
1177,partial_completed__max_rounds,1,,3,2,4,1,1,5,4,4,15,15,4,1,0,1,profiled_beam,1,1,0.17961915326304734,0.05279959412291646,5,3,0,0,0,-3,0,0,0.3333333333333333,0.0,0.3333333333333333,0.16666666666666666,0.25,0,0.0,0.0,0.3333333333333333,0.16666666666666666,0.3333333333333333,0,0.0,0.16666666666666666,0.3333333333333333,0.25,0.5,0,0.0,0.0,0.5,0.25,0.4166666666666667
1178,no_strict_e1_improvement,0,,,,,1,0,1,1,1,1,1,4,0,0,-1,current,0,0,0.001104686176404357,0.001104686176404357,12,0,0,0,0,0,0,0,0.0,0.5,1.0,0.75,0.75,0,0.0,0.5,1.0,0.75,0.75,0,0.0,0.5,1.0,0.75,0.75,0,0.0,0.5,1.0,0.75,0.75
1179,no_strict_e1_improvement,0,,,,,1,0,1,1,1,1,1,4,0,0,-1,current,0,0,0.0,0.0,12,9,9,9,9,0,0,1,1.0,1.0,1.0,1.0,1.0,1,1.0,1.0,1.0,1.0,1.0,1,1.0,1.0,1.0,1.0,1.0,1,1.0,1.0,1.0,1.0,1.0
1180,max_rounds,0,,,,,1,1,2,2,2,7,7,4,0,1,0,s1a3_greedy,1,0,0.07713307424758871,0.047445696933815874,7,0,0,0,0,0,0,0,0.0,1.0,0.5,0.75,0.75,0,0.0,1.0,0.5,0.75,0.75,0,0.0,0.5,0.6666666666666666,0.5833333333333334,0.5833333333333334,0,0.0,0.5,0.6666666666666666,0.5833333333333334,0.5833333333333334
1181,max_rounds,0,,,,,1,1,5,4,4,15,15,4,0,-1,1,profiled_beam,1,1,0.2768100934724013,0.20757872983813286,7,2,2,5,0,-2,-5,0,0.2222222222222222,0.3333333333333333,0.16666666666666666,0.25,0.5,0,0.2222222222222222,0.3333333333333333,0.16666666666666666,0.25,0.5,0,0.5555555555555556,0.3333333333333333,0.3333333333333333,0.3333333333333333,0.5,0,0.0,0.16666666666666666,0.5,0.3333333333333333,0.4166666666666667
1182,no_strict_e1_improvement,0,,,,,1,0,1,1,1,1,1,4,0,0,-1,current,0,0,0.0,0.0,12,9,9,9,9,0,0,1,1.0,1.0,1.0,1.0,1.0,1,1.0,1.0,1.0,1.0,1.0,1,1.0,1.0,1.0,1.0,1.0,1,1.0,1.0,1.0,1.0,1.0
1183,max_rounds,0,,,,,1,1,5,4,4,14,14,4,1,1,0,s1a3_greedy,1,0,0.2460759182771047,0.03050086957712968,9,0,0,9,9,9,0,0,0.0,0.3333333333333333,0.6666666666666666,0.5,0.5833333333333334,0,0.0,0.3333333333333333,0.6666666666666666,0.5,0.5833333333333334,1,1.0,1.0,1.0,1.0,1.0,1,1.0,1.0,1.0,1.0,1.0
1184,no_strict_e1_improvement,0,,,,,1,0,1,1,1,1,1,4,0,0,-1,current,0,0,0.01105420442763716,0.01105420442763716,9,6,6,6,6,0,0,0,0.6666666666666666,0.8333333333333334,0.5,0.6666666666666666,0.6666666666666666,0,0.6666666666666666,0.8333333333333334,0.5,0.6666666666666666,0.6666666666666666,0,0.6666666666666666,0.8333333333333334,0.5,0.6666666666666666,0.6666666666666666,0,0.6666666666666666,0.8333333333333334,0.5,0.6666666666666666,0.6666666666666666
1185,partial_completed__no_strict_e1_improvement,1,,3,2,4,1,0,1,1,1,1,1,4,0,0,-1,current,1,0,0.034521609311923385,0.034521609311923385,10,6,9,9,9,3,0,0,0.6666666666666666,0.6666666666666666,0.5,0.5833333333333334,0.5833333333333334,1,1.0,1.0,1.0,1.0,1.0,1,1.0,1.0,1.0,1.0,1.0,1,1.0,1.0,1.0,1.0,1.0
1186,partial_completed__no_strict_e1_improvement,1,,3,2,4,1,0,2,2,2,5,5,4,0,0,-1,current,1,0,0.24272344742591181,0.24272344742591181,8,3,3,3,3,0,0,0,0.3333333333333333,0.0,0.6666666666666666,0.3333333333333333,0.3333333333333333,0,0.3333333333333333,0.0,0.8333333333333334,0.4166666666666667,0.4166666666666667,0,0.3333333333333333,0.0,0.8333333333333334,0.4166666666666667,0.4166666666666667,0,0.3333333333333333,0.0,0.8333333333333334,0.4166666666666667,0.4166666666666667
1187,no_strict_e1_improvement,0,,,,,1,0,1,1,1,1,1,4,0,0,-1,current,0,0,0.17149327819546065,0.17149327819546065,7,1,1,1,1,0,0,0,0.1111111111111111,0.3333333333333333,0.6666666666666666,0.5,0.6666666666666666,0,0.1111111111111111,0.3333333333333333,0.6666666666666666,0.5,0.6666666666666666,0,0.1111111111111111,0.3333333333333333,0.6666666666666666,0.5,0.6666666666666666,0,0.1111111111111111,0.3333333333333333,0.6666666666666666,0.5,0.6666666666666666
1188,no_strict_e1_improvement,0,,,,,1,0,1,1,1,1,1,4,0,0,-1,current,0,0,0.0937966681085527,0.0937966681085527,8,0,0,0,0,0,0,0,0.0,0.5,0.5,0.5,0.5,0,0.0,0.5,0.5,0.5,0.5,0,0.0,0.5,0.5,0.5,0.5,0,0.0,0.5,0.5,0.5,0.5
1189,no_strict_e1_improvement,0,,,,,1,0,1,1,1,1,1,4,0,0,-1,current,0,0,0.020982208661735058,0.020982208661735058,8,0,0,0,0,0,0,0,0.0,0.5,1.0,0.75,0.75,0,0.0,0.5,1.0,0.75,0.75,0,0.0,0.5,1.0,0.75,0.75,0,0.0,0.5,1.0,0.75,0.75
1190,max_rounds,0,,,,,1,1,5,4,4,15,15,4,0,0,0,s1a3_greedy,1,0,0.1529223589847485,0.10055819153785706,6,0,0,1,1,1,0,0,0.0,0.3333333333333333,0.3333333333333333,0.3333333333333333,0.4166666666666667,0,0.0,0.3333333333333333,0.3333333333333333,0.3333333333333333,0.4166666666666667,0,0.1111111111111111,0.16666666666666666,0.5,0.3333333333333333,0.5833333333333334,0,0.1111111111111111,0.16666666666666666,0.5,0.3333333333333333,0.5833333333333334
1191,no_strict_e1_improvement,0,,,,,1,0,1,1,1,1,1,4,0,0,-1,current,0,0,0.01913239744802316,0.01913239744802316,9,0,0,0,0,0,0,0,0.0,0.5,1.0,0.75,0.75,0,0.0,0.5,1.0,0.75,0.75,0,0.0,0.5,1.0,0.75,0.75,0,0.0,0.5,1.0,0.75,0.75
1192,no_strict_e1_improvement,0,,,,,1,0,1,1,1,1,1,4,0,0,-1,current,0,0,0.020839096687268466,0.020839096687268466,10,0,0,0,0,0,0,0,0.0,0.5,1.0,0.75,0.75,0,0.0,0.5,1.0,0.75,0.75,0,0.0,0.5,1.0,0.75,0.75,0,0.0,0.5,1.0,0.75,0.75
1193,no_strict_e1_improvement,0,,,,,1,0,1,1,1,1,1,4,0,0,-1,current,0,0,0.03821614795985321,0.03821614795985321,10,0,0,0,0,0,0,0,0.0,1.0,0.5,0.75,0.75,0,0.0,1.0,0.5,0.75,0.75,0,0.0,1.0,0.5,0.75,0.75,0,0.0,1.0,0.5,0.75,0.75
1194,max_rounds,0,,,,,1,1,3,2,2,8,8,4,0,0,1,profiled_beam,1,1,0.03994383856964608,0.035245065577328205,8,0,0,0,0,0,0,0,0.0,1.0,0.5,0.75,0.75,0,0.0,1.0,0.5,0.75,0.75,0,0.0,1.0,0.5,0.75,0.75,0,0.0,0.8333333333333334,0.5,0.6666666666666666,0.6666666666666666
1195,max_rounds,0,,,,,1,1,5,4,4,11,11,4,-1,0,0,s1a3_greedy,1,0,0.21755603511701338,0.07767744049003038,10,1,1,9,9,8,0,0,0.1111111111111111,0.6666666666666666,0.3333333333333333,0.5,0.6666666666666666,0,0.1111111111111111,0.6666666666666666,0.3333333333333333,0.5,0.6666666666666666,1,1.0,1.0,1.0,1.0,1.0,1,1.0,1.0,1.0,1.0,1.0
1196,no_strict_e1_improvement,0,,,,,1,0,1,1,1,1,1,4,0,0,-1,current,0,0,0.0006685433375726765,0.0006685433375726765,12,9,9,9,9,0,0,1,1.0,1.0,1.0,1.0,1.0,1,1.0,1.0,1.0,1.0,1.0,1,1.0,1.0,1.0,1.0,1.0,1,1.0,1.0,1.0,1.0,1.0
1197,max_rounds,0,,,,,1,1,3,2,2,7,7,4,1,0,0,s1a3_greedy,1,0,0.20681260650356612,0.06586469430476427,8,0,0,0,0,0,0,0,0.0,0.6666666666666666,0.3333333333333333,0.5,0.5833333333333334,0,0.0,0.6666666666666666,0.3333333333333333,0.5,0.5833333333333334,0,0.0,0.5,0.6666666666666666,0.5833333333333334,0.6666666666666666,0,0.0,0.5,0.6666666666666666,0.5833333333333334,0.6666666666666666
1198,no_strict_e1_improvement,0,,,,,1,0,1,1,1,1,1,4,0,0,-1,current,0,0,0.060662612318992615,0.060662612318992615,9,0,0,0,0,0,0,0,0.0,1.0,0.5,0.75,0.75,0,0.0,1.0,0.5,0.75,0.75,0,0.0,1.0,0.5,0.75,0.75,0,0.0,1.0,0.5,0.75,0.75
1199,no_strict_e1_improvement,0,,,,,1,0,1,1,1,1,1,4,0,0,-1,current,0,0,0.0009161212171117464,0.0009161212171117464,11,9,9,9,9,0,0,1,1.0,1.0,1.0,1.0,1.0,1,1.0,1.0,1.0,1.0,1.0,1,1.0,1.0,1.0,1.0,1.0,1,1.0,1.0,1.0,1.0,1.0
1200,no_strict_e1_improvement,0,,,,,1,0,1,1,1,1,1,4,0,0,-1,current,0,0,0.003285935614258051,0.003285935614258051,12,9,9,9,9,0,0,1,1.0,1.0,1.0,1.0,1.0,1,1.0,1.0,1.0,1.0,1.0,1,1.0,1.0,1.0,1.0,1.0,1,1.0,1.0,1.0,1.0,1.0
1201,max_rounds,0,,,,,1,1,3,2,2,6,6,4,0,0,1,profiled_beam,1,1,0.04059491353109479,0.02219086408149451,7,0,0,0,0,0,0,0,0.0,0.3333333333333333,0.16666666666666666,0.25,0.4166666666666667,0,0.0,0.3333333333333333,0.16666666666666666,0.25,0.4166666666666667,0,0.0,0.16666666666666666,0.16666666666666666,0.16666666666666666,0.5,0,0.0,0.3333333333333333,0.16666666666666666,0.25,0.5833333333333334
1202,no_strict_e1_improvement,0,,,,,1,0,1,1,1,1,1,4,0,0,-1,current,0,0,0.037051303312182426,0.037051303312182426,8,9,9,9,9,0,0,1,1.0,1.0,1.0,1.0,1.0,1,1.0,1.0,1.0,1.0,1.0,1,1.0,1.0,1.0,1.0,1.0,1,1.0,1.0,1.0,1.0,1.0
1203,max_rounds,0,,,,,1,1,5,4,4,16,16,4,-1,-1,0,s1a3_greedy,1,0,0.19798271358013153,0.10174308220545451,10,0,0,9,9,9,0,0,0.0,0.6666666666666666,0.3333333333333333,0.5,0.5833333333333334,0,0.0,0.6666666666666666,0.3333333333333333,0.5,0.5833333333333334,1,1.0,1.0,1.0,1.0,1.0,1,1.0,1.0,1.0,1.0,1.0
1204,no_strict_e1_improvement,0,,,,,1,0,1,1,1,1,1,4,0,0,-1,current,0,0,0.0,0.0,12,9,9,9,9,0,0,1,1.0,1.0,1.0,1.0,1.0,1,1.0,1.0,1.0,1.0,1.0,1,1.0,1.0,1.0,1.0,1.0,1,1.0,1.0,1.0,1.0,1.0
1205,no_strict_e1_improvement,0,,,,,1,0,1,1,1,1,1,4,0,0,-1,current,0,0,0.1361535837252935,0.1361535837252935,9,0,0,0,0,0,0,0,0.0,0.5,0.8333333333333334,0.6666666666666666,0.6666666666666666,0,0.0,0.5,0.8333333333333334,0.6666666666666666,0.6666666666666666,0,0.0,0.5,0.8333333333333334,0.6666666666666666,0.6666666666666666,0,0.0,0.5,0.8333333333333334,0.6666666666666666,0.6666666666666666
1206,no_strict_e1_improvement,0,,,,,1,0,2,2,2,6,6,4,0,0,-1,current,0,0,0.09284255219002564,0.09284255219002564,8,0,0,0,0,0,0,0,0.0,1.0,0.5,0.75,0.75,0,0.0,1.0,0.5,0.75,0.75,0,0.0,1.0,0.5,0.75,0.75,0,0.0,1.0,0.5,0.75,0.75
1207,no_strict_e1_improvement,0,,,,,1,0,1,1,1,1,1,4,0,0,-1,current,0,0,0.02189885648355509,0.02189885648355509,11,0,0,0,0,0,0,0,0.0,0.5,1.0,0.75,0.75,0,0.0,0.5,1.0,0.75,0.75,0,0.0,0.5,1.0,0.75,0.75,0,0.0,0.5,1.0,0.75,0.75
1208,no_strict_e1_improvement,0,,,,,1,0,1,1,1,1,1,4,0,0,-1,current,0,0,0.07289613659183185,0.07289613659183185,6,0,0,0,0,0,0,0,0.0,0.6666666666666666,0.5,0.5833333333333334,0.5833333333333334,0,0.0,0.6666666666666666,0.5,0.5833333333333334,0.5833333333333334,0,0.0,0.6666666666666666,0.5,0.5833333333333334,0.5833333333333334,0,0.0,0.6666666666666666,0.5,0.5833333333333334,0.5833333333333334
1209,no_strict_e1_improvement,0,,,,,1,0,1,1,1,1,1,4,0,0,-1,current,0,0,0.004804757656529546,0.004804757656529546,11,9,9,9,9,0,0,1,1.0,1.0,1.0,1.0,1.0,1,1.0,1.0,1.0,1.0,1.0,1,1.0,1.0,1.0,1.0,1.0,1,1.0,1.0,1.0,1.0,1.0
1210,no_strict_e1_improvement,0,,,,,1,0,1,1,1,1,1,4,0,0,-1,current,0,0,0.039209410548210144,0.039209410548210144,8,7,7,7,7,0,0,0,0.7777777777777778,0.3333333333333333,0.6666666666666666,0.5,0.5833333333333334,0,0.7777777777777778,0.3333333333333333,0.6666666666666666,0.5,0.5833333333333334,0,0.7777777777777778,0.3333333333333333,0.6666666666666666,0.5,0.5833333333333334,0,0.7777777777777778,0.3333333333333333,0.6666666666666666,0.5,0.5833333333333334
1211,no_strict_e1_improvement,0,,,,,1,0,1,1,1,1,1,4,0,0,-1,current,0,0,0.11959530847767989,0.11959530847767989,8,0,0,0,0,0,0,0,0.0,1.0,0.5,0.75,0.75,0,0.0,1.0,0.5,0.75,0.75,0,0.0,1.0,0.5,0.75,0.75,0,0.0,1.0,0.5,0.75,0.75
1212,max_rounds,0,,,,,1,1,3,2,2,7,7,4,1,0,0,s1a3_greedy,1,0,0.19004011697446307,0.06216692350183924,7,0,0,0,0,0,0,0,0.0,0.5,0.5,0.5,0.5,0,0.0,0.5,0.5,0.5,0.5,0,0.0,0.5,1.0,0.75,0.75,0,0.0,0.5,1.0,0.75,0.75
1213,partial_completed__no_strict_e1_improvement,1,,3,2,3,1,0,1,1,1,1,1,4,0,0,-1,current,1,0,0.04371653435130914,0.04371653435130914,9,0,9,9,9,9,0,0,0.0,0.5,0.6666666666666666,0.5833333333333334,0.5833333333333334,1,1.0,1.0,1.0,1.0,1.0,1,1.0,1.0,1.0,1.0,1.0,1,1.0,1.0,1.0,1.0,1.0
1214,no_strict_e1_improvement,0,,,,,1,0,2,2,2,7,7,4,0,0,-1,current,0,0,0.020214647559138637,0.020214647559138637,9,2,2,2,2,0,0,0,0.2222222222222222,0.3333333333333333,0.16666666666666666,0.25,0.4166666666666667,0,0.2222222222222222,0.3333333333333333,0.16666666666666666,0.25,0.4166666666666667,0,0.2222222222222222,0.3333333333333333,0.16666666666666666,0.25,0.4166666666666667,0,0.2222222222222222,0.3333333333333333,0.16666666666666666,0.25,0.4166666666666667
1215,no_strict_e1_improvement,0,,,,,1,0,1,1,1,1,1,4,0,0,-1,current,0,0,0.04094734415411949,0.04094734415411949,8,9,9,9,9,0,0,1,1.0,1.0,1.0,1.0,1.0,1,1.0,1.0,1.0,1.0,1.0,1,1.0,1.0,1.0,1.0,1.0,1,1.0,1.0,1.0,1.0,1.0
1216,no_strict_e1_improvement,0,,,,,1,0,1,1,1,2,2,4,0,0,-1,current,0,0,0.11589946101109187,0.11589946101109187,8,9,9,9,9,0,0,1,1.0,1.0,1.0,1.0,1.0,1,1.0,1.0,1.0,1.0,1.0,1,1.0,1.0,1.0,1.0,1.0,1,1.0,1.0,1.0,1.0,1.0
1217,no_strict_e1_improvement,0,,,,,1,0,2,2,2,8,8,4,0,0,-1,current,0,0,0.21807116002310067,0.21807116002310067,7,0,0,0,0,0,0,0,0.0,0.5,0.3333333333333333,0.4166666666666667,0.5,0,0.0,0.5,0.3333333333333333,0.4166666666666667,0.5,0,0.0,0.5,0.3333333333333333,0.4166666666666667,0.5,0,0.0,0.5,0.3333333333333333,0.4166666666666667,0.5
1218,no_strict_e1_improvement,0,,,,,1,0,2,2,2,7,7,4,0,0,-1,current,0,0,0.08813879402199139,0.08813879402199139,7,0,0,0,0,0,0,0,0.0,0.6666666666666666,0.5,0.5833333333333334,0.6666666666666666,0,0.0,0.6666666666666666,0.5,0.5833333333333334,0.6666666666666666,0,0.0,0.6666666666666666,0.5,0.5833333333333334,0.6666666666666666,0,0.0,0.6666666666666666,0.5,0.5833333333333334,0.6666666666666666
1219,max_rounds,0,,,,,1,1,3,2,2,6,6,4,0,1,0,s1a3_greedy,1,0,0.18775415358444056,0.07614119450833338,7,0,0,0,0,0,0,0,0.0,0.5,0.5,0.5,0.5,0,0.0,0.5,0.5,0.5,0.5,0,0.0,0.5,0.6666666666666666,0.5833333333333334,0.5833333333333334,0,0.0,0.5,0.6666666666666666,0.5833333333333334,0.5833333333333334
1220,max_rounds,0,,,,,1,1,5,4,4,14,14,4,0,0,1,profiled_beam,1,1,0.23487305776992193,0.15041770844254643,8,0,0,0,0,0,0,0,0.0,0.5,0.3333333333333333,0.4166666666666667,0.5,0,0.0,0.5,0.3333333333333333,0.4166666666666667,0.5,0,0.0,0.8333333333333334,0.5,0.6666666666666666,0.6666666666666666,0,0.0,0.8333333333333334,0.5,0.6666666666666666,0.6666666666666666
1221,no_strict_e1_improvement,0,,,,,1,0,1,1,1,1,1,4,0,0,-1,current,0,0,0.05529453240645429,0.05529453240645429,9,3,3,3,3,0,0,0,0.3333333333333333,0.0,1.0,0.5,0.75,0,0.3333333333333333,0.0,1.0,0.5,0.75,0,0.3333333333333333,0.0,1.0,0.5,0.75,0,0.3333333333333333,0.0,1.0,0.5,0.75
1222,max_rounds,0,,,,,1,1,3,2,2,6,6,4,0,0,0,s1a3_greedy,1,0,0.25153316246966523,0.08684340057273705,8,0,0,0,0,0,0,0,0.0,0.3333333333333333,0.16666666666666666,0.25,0.5,0,0.0,0.3333333333333333,0.16666666666666666,0.25,0.5,0,0.0,0.5,0.16666666666666666,0.3333333333333333,0.5,0,0.0,0.5,0.16666666666666666,0.3333333333333333,0.5
1223,no_strict_e1_improvement,0,,,,,1,0,1,1,1,1,1,4,0,0,-1,current,0,0,0.05218379331442217,0.05218379331442217,8,9,9,9,9,0,0,1,1.0,1.0,1.0,1.0,1.0,1,1.0,1.0,1.0,1.0,1.0,1,1.0,1.0,1.0,1.0,1.0,1,1.0,1.0,1.0,1.0,1.0
1224,no_strict_e1_improvement,0,,,,,1,0,1,1,1,1,1,4,0,0,-1,current,0,0,0.01920915488153696,0.01920915488153696,11,0,0,0,0,0,0,0,0.0,1.0,0.5,0.75,0.75,0,0.0,1.0,0.5,0.75,0.75,0,0.0,1.0,0.5,0.75,0.75,0,0.0,1.0,0.5,0.75,0.75
1225,no_strict_e1_improvement,0,,,,,1,0,4,4,4,12,12,4,0,0,-1,current,0,0,0.05373897822573781,0.05373897822573781,9,9,9,9,9,0,0,1,1.0,1.0,1.0,1.0,1.0,1,1.0,1.0,1.0,1.0,1.0,1,1.0,1.0,1.0,1.0,1.0,1,1.0,1.0,1.0,1.0,1.0
1226,partial_completed__small_component,1,,3,2,4,1,0,0,0,0,0,0,4,0,0,-1,current,1,0,0.25110634773348767,0.25110634773348767,6,3,0,0,0,-3,0,0,0.3333333333333333,0.0,0.3333333333333333,0.16666666666666666,0.3333333333333333,0,0.0,0.0,0.3333333333333333,0.16666666666666666,0.5,0,0.0,0.0,0.3333333333333333,0.16666666666666666,0.5,0,0.0,0.0,0.3333333333333333,0.16666666666666666,0.5
1227,small_component,0,,,,,1,0,0,0,0,0,0,4,0,0,-1,current,0,0,0.23268511542119086,0.23268511542119086,6,1,1,1,1,0,0,0,0.1111111111111111,0.0,0.3333333333333333,0.16666666666666666,0.4166666666666667,0,0.1111111111111111,0.0,0.3333333333333333,0.16666666666666666,0.4166666666666667,0,0.1111111111111111,0.0,0.3333333333333333,0.16666666666666666,0.4166666666666667,0,0.1111111111111111,0.0,0.3333333333333333,0.16666666666666666,0.4166666666666667
1228,max_rounds,0,,,,,1,1,5,4,4,12,12,4,0,0,0,s1a3_greedy,1,0,0.11371511748681466,0.1047571391488115,5,0,0,0,0,0,0,0,0.0,0.3333333333333333,0.0,0.16666666666666666,0.4166666666666667,0,0.0,0.3333333333333333,0.0,0.16666666666666666,0.4166666666666667,0,0.0,0.6666666666666666,0.16666666666666666,0.4166666666666667,0.5833333333333334,0,0.0,0.6666666666666666,0.16666666666666666,0.4166666666666667,0.5833333333333334
1229,small_component,0,,,,,1,0,0,0,0,0,0,4,0,0,-1,current,0,0,0.20650314873394868,0.20650314873394868,6,0,0,0,0,0,0,0,0.0,0.0,0.5,0.25,0.5833333333333334,0,0.0,0.0,0.5,0.25,0.5833333333333334,0,0.0,0.0,0.5,0.25,0.5833333333333334,0,0.0,0.0,0.5,0.25,0.5833333333333334
1230,max_rounds,0,,,,,1,1,3,2,2,7,7,4,1,0,1,profiled_beam,1,1,0.21914551950370273,0.04194777039811015,6,0,0,7,9,9,2,0,0.0,0.8333333333333334,0.5,0.6666666666666666,0.6666666666666666,0,0.0,0.8333333333333334,0.5,0.6666666666666666,0.6666666666666666,0,0.7777777777777778,0.6666666666666666,0.6666666666666666,0.6666666666666666,0.75,1,1.0,1.0,1.0,1.0,1.0
1231,no_strict_e1_improvement,0,,,,,1,0,1,1,1,1,1,4,0,0,-1,current,0,0,0.00443428421082596,0.00443428421082596,12,0,0,0,0,0,0,0,0.0,0.5,1.0,0.75,0.75,0,0.0,0.5,1.0,0.75,0.75,0,0.0,0.5,1.0,0.75,0.75,0,0.0,0.5,1.0,0.75,0.75
1232,no_strict_e1_improvement,0,,,,,1,0,1,1,1,1,1,4,0,0,-1,current,0,0,0.012796611660936227,0.012796611660936227,11,9,9,9,9,0,0,1,1.0,1.0,1.0,1.0,1.0,1,1.0,1.0,1.0,1.0,1.0,1,1.0,1.0,1.0,1.0,1.0,1,1.0,1.0,1.0,1.0,1.0
1233,no_strict_e1_improvement,0,,,,,1,0,1,1,1,1,1,4,0,0,-1,current,0,0,0.08654045624037583,0.08654045624037583,9,0,0,0,0,0,0,0,0.0,0.6666666666666666,0.5,0.5833333333333334,0.5833333333333334,0,0.0,0.6666666666666666,0.5,0.5833333333333334,0.5833333333333334,0,0.0,0.6666666666666666,0.5,0.5833333333333334,0.5833333333333334,0,0.0,0.6666666666666666,0.5,0.5833333333333334,0.5833333333333334
1234,no_strict_e1_improvement,0,,,,,1,0,1,1,1,1,1,4,0,0,-1,current,0,0,0.03858495162179073,0.03858495162179073,11,0,0,0,0,0,0,0,0.0,0.5,1.0,0.75,0.75,0,0.0,0.5,1.0,0.75,0.75,0,0.0,0.5,1.0,0.75,0.75,0,0.0,0.5,1.0,0.75,0.75
1235,no_strict_e1_improvement,0,,,,,1,0,1,1,1,1,1,4,0,0,-1,current,0,0,0.0015400182455778122,0.0015400182455778122,11,9,9,9,9,0,0,1,1.0,1.0,1.0,1.0,1.0,1,1.0,1.0,1.0,1.0,1.0,1,1.0,1.0,1.0,1.0,1.0,1,1.0,1.0,1.0,1.0,1.0
1236,no_strict_e1_improvement,0,,,,,1,0,1,1,1,1,1,4,0,0,-1,current,0,0,0.05376386342807867,0.05376386342807867,8,0,0,0,0,0,0,0,0.0,0.5,0.6666666666666666,0.5833333333333334,0.75,0,0.0,0.5,0.6666666666666666,0.5833333333333334,0.75,0,0.0,0.5,0.6666666666666666,0.5833333333333334,0.75,0,0.0,0.5,0.6666666666666666,0.5833333333333334,0.75
1237,max_rounds,0,,,,,1,1,5,4,4,13,13,4,1,0,0,s1a3_greedy,1,0,0.3104479306687911,0.12295861340438326,7,0,0,3,3,3,0,0,0.0,0.5,0.16666666666666666,0.3333333333333333,0.5833333333333334,0,0.0,0.5,0.16666666666666666,0.3333333333333333,0.5833333333333334,0,0.3333333333333333,1.0,0.0,0.5,1.0,0,0.3333333333333333,1.0,0.0,0.5,1.0
1238,no_strict_e1_improvement,0,,,,,1,0,1,1,1,1,1,4,0,0,-1,current,0,0,0.016063672490417957,0.016063672490417957,10,1,1,1,1,0,0,0,0.1111111111111111,0.3333333333333333,0.6666666666666666,0.5,0.5833333333333334,0,0.1111111111111111,0.3333333333333333,0.6666666666666666,0.5,0.5833333333333334,0,0.1111111111111111,0.3333333333333333,0.6666666666666666,0.5,0.5833333333333334,0,0.1111111111111111,0.3333333333333333,0.6666666666666666,0.5,0.5833333333333334
1239,no_strict_e1_improvement,0,,,,,1,0,1,1,1,1,1,4,0,0,-1,current,0,0,0.03522147160644332,0.03522147160644332,7,1,1,1,1,0,0,0,0.1111111111111111,0.3333333333333333,0.6666666666666666,0.5,0.5833333333333334,0,0.1111111111111111,0.3333333333333333,0.6666666666666666,0.5,0.5833333333333334,0,0.1111111111111111,0.3333333333333333,0.6666666666666666,0.5,0.5833333333333334,0,0.1111111111111111,0.3333333333333333,0.6666666666666666,0.5,0.5833333333333334
1240,no_strict_e1_improvement,0,,,,,1,0,1,1,1,1,1,4,0,0,-1,current,0,0,0.09780117702515174,0.09780117702515174,7,0,0,0,0,0,0,0,0.0,0.3333333333333333,0.5,0.4166666666666667,0.5833333333333334,0,0.0,0.3333333333333333,0.5,0.4166666666666667,0.5833333333333334,0,0.0,0.3333333333333333,0.5,0.4166666666666667,0.5833333333333334,0,0.0,0.3333333333333333,0.5,0.4166666666666667,0.5833333333333334
1241,max_rounds,0,,,,,1,1,2,2,2,6,6,4,0,1,0,s1a3_greedy,1,0,0.1647441228851676,0.018760172727828223,9,0,0,9,9,9,0,0,0.0,0.5,1.0,0.75,0.75,0,0.0,0.5,1.0,0.75,0.75,1,1.0,1.0,1.0,1.0,1.0,1,1.0,1.0,1.0,1.0,1.0
1242,no_strict_e1_improvement,0,,,,,1,0,1,1,1,1,1,4,0,0,-1,current,0,0,0.0919643963376681,0.0919643963376681,9,0,0,0,0,0,0,0,0.0,0.5,1.0,0.75,0.75,0,0.0,0.5,1.0,0.75,0.75,0,0.0,0.5,1.0,0.75,0.75,0,0.0,0.5,1.0,0.75,0.75
1243,max_rounds,0,,,,,1,1,5,4,4,12,12,4,-1,0,1,profiled_beam,1,1,0.24426766296771044,0.07680238750375186,6,1,1,7,9,8,2,0,0.1111111111111111,0.6666666666666666,0.3333333333333333,0.5,0.5,0,0.1111111111111111,0.6666666666666666,0.3333333333333333,0.5,0.5,0,0.7777777777777778,0.6666666666666666,0.6666666666666666,0.6666666666666666,0.8333333333333334,1,1.0,1.0,1.0,1.0,1.0
1244,no_strict_e1_improvement,0,,,,,1,0,1,1,1,1,1,4,0,0,-1,current,0,0,0.010764951507250467,0.010764951507250467,11,0,0,0,0,0,0,0,0.0,0.5,1.0,0.75,0.75,0,0.0,0.5,1.0,0.75,0.75,0,0.0,0.5,1.0,0.75,0.75,0,0.0,0.5,1.0,0.75,0.75
1245,partial_completed__no_strict_e1_improvement,1,,3,2,3,1,0,1,1,1,1,1,4,0,0,-1,current,1,0,0.015446574737628302,0.015446574737628302,12,6,9,9,9,3,0,0,0.6666666666666666,0.6666666666666666,0.5,0.5833333333333334,0.5833333333333334,1,1.0,1.0,1.0,1.0,1.0,1,1.0,1.0,1.0,1.0,1.0,1,1.0,1.0,1.0,1.0,1.0
1246,partial_completed__no_strict_e1_improvement,1,,3,2,2,1,0,1,1,1,1,1,4,0,0,-1,current,1,0,0.028074220133324463,0.028074220133324463,10,0,0,0,0,0,0,0,0.0,0.0,0.3333333333333333,0.16666666666666666,0.3333333333333333,0,0.0,0.16666666666666666,0.5,0.3333333333333333,0.6666666666666666,0,0.0,0.16666666666666666,0.5,0.3333333333333333,0.6666666666666666,0,0.0,0.16666666666666666,0.5,0.3333333333333333,0.6666666666666666
1247,no_strict_e1_improvement,0,,,,,1,0,1,1,1,1,1,4,0,0,-1,current,0,0,0.0,0.0,12,9,9,9,9,0,0,1,1.0,1.0,1.0,1.0,1.0,1,1.0,1.0,1.0,1.0,1.0,1,1.0,1.0,1.0,1.0,1.0,1,1.0,1.0,1.0,1.0,1.0
1248,no_strict_e1_improvement,0,,,,,1,0,1,1,1,1,1,4,0,0,-1,current,0,0,0.002873302437365055,0.002873302437365055,12,9,9,9,9,0,0,1,1.0,1.0,1.0,1.0,1.0,1,1.0,1.0,1.0,1.0,1.0,1,1.0,1.0,1.0,1.0,1.0,1,1.0,1.0,1.0,1.0,1.0
1249,no_strict_e1_improvement,0,,,,,1,0,2,2,2,7,7,4,0,0,-1,current,0,0,0.13794588313127557,0.13794588313127557,9,0,0,0,0,0,0,0,0.0,0.3333333333333333,0.5,0.4166666666666667,0.5833333333333334,0,0.0,0.3333333333333333,0.5,0.4166666666666667,0.5833333333333334,0,0.0,0.3333333333333333,0.5,0.4166666666666667,0.5833333333333334,0,0.0,0.3333333333333333,0.5,0.4166666666666667,0.5833333333333334
1250,no_strict_e1_improvement,0,,,,,1,0,1,1,1,1,1,4,0,0,-1,current,0,0,0.008956966921687126,0.008956966921687126,9,9,9,9,9,0,0,1,1.0,1.0,1.0,1.0,1.0,1,1.0,1.0,1.0,1.0,1.0,1,1.0,1.0,1.0,1.0,1.0,1,1.0,1.0,1.0,1.0,1.0
1251,max_rounds,0,,,,,1,1,3,2,2,6,6,4,-1,0,0,s1a3_greedy,1,0,0.20178869490822157,0.0769821172580123,9,0,0,0,0,0,0,0,0.0,0.3333333333333333,0.6666666666666666,0.5,0.5833333333333334,0,0.0,0.3333333333333333,0.6666666666666666,0.5,0.5833333333333334,0,0.0,0.5,0.8333333333333334,0.6666666666666666,0.6666666666666666,0,0.0,0.5,0.8333333333333334,0.6666666666666666,0.6666666666666666
1252,small_component,0,,,,,1,0,0,0,0,0,0,4,0,0,-1,current,0,0,0.17504962937285504,0.17504962937285504,8,0,0,0,0,0,0,0,0.0,0.0,0.6666666666666666,0.3333333333333333,0.3333333333333333,0,0.0,0.0,0.6666666666666666,0.3333333333333333,0.3333333333333333,0,0.0,0.0,0.6666666666666666,0.3333333333333333,0.3333333333333333,0,0.0,0.0,0.6666666666666666,0.3333333333333333,0.3333333333333333
1253,no_strict_e1_improvement,0,,,,,1,0,2,2,2,7,7,4,0,0,-1,current,0,0,0.10314949663976829,0.10314949663976829,8,0,0,0,0,0,0,0,0.0,0.5,1.0,0.75,0.75,0,0.0,0.5,1.0,0.75,0.75,0,0.0,0.5,1.0,0.75,0.75,0,0.0,0.5,1.0,0.75,0.75
1254,no_strict_e1_improvement,0,,,,,1,0,1,1,1,1,1,4,0,0,-1,current,0,0,0.03493760898709297,0.03493760898709297,9,9,9,9,9,0,0,1,1.0,1.0,1.0,1.0,1.0,1,1.0,1.0,1.0,1.0,1.0,1,1.0,1.0,1.0,1.0,1.0,1,1.0,1.0,1.0,1.0,1.0
1255,no_strict_e1_improvement,0,,,,,1,0,1,1,1,1,1,4,0,0,-1,current,0,0,0.018260740364591282,0.018260740364591282,10,9,9,9,9,0,0,1,1.0,1.0,1.0,1.0,1.0,1,1.0,1.0,1.0,1.0,1.0,1,1.0,1.0,1.0,1.0,1.0,1,1.0,1.0,1.0,1.0,1.0
1256,max_rounds,0,,,,,1,1,2,2,2,5,5,4,0,-1,0,s1a3_greedy,1,0,0.058928375132381916,0.02429265552200377,10,0,0,0,0,0,0,0,0.0,0.5,0.5,0.5,0.5,0,0.0,0.5,0.5,0.5,0.5,0,0.0,1.0,0.5,0.75,0.75,0,0.0,1.0,0.5,0.75,0.75
1257,no_strict_e1_improvement,0,,,,,1,0,1,1,1,1,1,4,0,0,-1,current,0,0,0.034673997511466347,0.034673997511466347,9,0,0,0,0,0,0,0,0.0,0.5,1.0,0.75,0.75,0,0.0,0.5,1.0,0.75,0.75,0,0.0,0.5,1.0,0.75,0.75,0,0.0,0.5,1.0,0.75,0.75
1258,no_strict_e1_improvement,0,,,,,1,0,1,1,1,1,1,4,0,0,-1,current,0,0,0.0,0.0,12,9,9,9,9,0,0,1,1.0,1.0,1.0,1.0,1.0,1,1.0,1.0,1.0,1.0,1.0,1,1.0,1.0,1.0,1.0,1.0,1,1.0,1.0,1.0,1.0,1.0
1259,no_strict_e1_improvement,0,,,,,1,0,1,1,1,1,1,4,0,0,-1,current,0,0,0.021721559731910627,0.021721559731910627,9,0,0,0,0,0,0,0,0.0,0.5,1.0,0.75,0.75,0,0.0,0.5,1.0,0.75,0.75,0,0.0,0.5,1.0,0.75,0.75,0,0.0,0.5,1.0,0.75,0.75
1260,max_rounds,0,,,,,1,1,3,2,2,6,6,4,0,0,0,s1a3_greedy,1,0,0.11968085387100776,0.044170634976277746,9,7,7,6,6,-1,0,0,0.7777777777777778,0.6666666666666666,0.6666666666666666,0.6666666666666666,0.8333333333333334,0,0.7777777777777778,0.6666666666666666,0.6666666666666666,0.6666666666666666,0.8333333333333334,0,0.6666666666666666,0.5,0.8333333333333334,0.6666666666666666,0.6666666666666666,0,0.6666666666666666,0.5,0.8333333333333334,0.6666666666666666,0.6666666666666666
1261,partial_completed__no_strict_e1_improvement,1,,3,2,3,1,0,1,1,1,1,1,4,0,0,-1,current,1,0,0.05109549965709448,0.05109549965709448,6,0,0,0,0,0,0,0,0.0,0.0,0.3333333333333333,0.16666666666666666,0.25,0,0.0,0.5,0.6666666666666666,0.5833333333333334,0.6666666666666666,0,0.0,0.5,0.6666666666666666,0.5833333333333334,0.6666666666666666,0,0.0,0.5,0.6666666666666666,0.5833333333333334,0.6666666666666666
1262,no_strict_e1_improvement,0,,,,,1,0,1,1,1,1,1,4,0,0,-1,current,0,0,0.005026423449938496,0.005026423449938496,10,9,9,9,9,0,0,1,1.0,1.0,1.0,1.0,1.0,1,1.0,1.0,1.0,1.0,1.0,1,1.0,1.0,1.0,1.0,1.0,1,1.0,1.0,1.0,1.0,1.0
1263,no_strict_e1_improvement,0,,,,,1,0,1,1,1,1,1,4,0,0,-1,current,0,0,0.04268482606858015,0.04268482606858015,9,0,0,0,0,0,0,0,0.0,0.5,1.0,0.75,0.75,0,0.0,0.5,1.0,0.75,0.75,0,0.0,0.5,1.0,0.75,0.75,0,0.0,0.5,1.0,0.75,0.75
1264,partial_completed__no_strict_e1_improvement,1,,3,2,3,1,0,2,2,2,6,6,4,0,0,-1,current,1,0,0.026999905705451965,0.026999905705451965,10,6,9,9,9,3,0,0,0.6666666666666666,0.5,0.6666666666666666,0.5833333333333334,0.5833333333333334,1,1.0,1.0,1.0,1.0,1.0,1,1.0,1.0,1.0,1.0,1.0,1,1.0,1.0,1.0,1.0,1.0
1265,max_rounds,0,,,,,1,1,5,4,4,15,15,4,0,0,1,profiled_beam,1,1,0.306315320233504,0.16691429540514946,4,3,3,1,3,0,2,0,0.3333333333333333,0.16666666666666666,0.0,0.08333333333333333,0.5,0,0.3333333333333333,0.16666666666666666,0.0,0.08333333333333333,0.5,0,0.1111111111111111,0.3333333333333333,0.16666666666666666,0.25,0.5833333333333334,0,0.3333333333333333,0.16666666666666666,0.3333333333333333,0.25,0.4166666666666667
1266,no_strict_e1_improvement,0,,,,,1,0,1,1,1,1,1,4,0,0,-1,current,0,0,0.031231466680765152,0.031231466680765152,10,0,0,0,0,0,0,0,0.0,0.5,1.0,0.75,0.75,0,0.0,0.5,1.0,0.75,0.75,0,0.0,0.5,1.0,0.75,0.75,0,0.0,0.5,1.0,0.75,0.75
1267,no_strict_e1_improvement,0,,,,,1,0,1,1,1,1,1,4,0,0,-1,current,0,0,0.042703243903815746,0.042703243903815746,9,9,9,9,9,0,0,1,1.0,1.0,1.0,1.0,1.0,1,1.0,1.0,1.0,1.0,1.0,1,1.0,1.0,1.0,1.0,1.0,1,1.0,1.0,1.0,1.0,1.0
1268,no_strict_e1_improvement,0,,,,,1,0,1,1,1,1,1,4,0,0,-1,current,0,0,0.032140813767910004,0.032140813767910004,11,9,9,9,9,0,0,1,1.0,1.0,1.0,1.0,1.0,1,1.0,1.0,1.0,1.0,1.0,1,1.0,1.0,1.0,1.0,1.0,1,1.0,1.0,1.0,1.0,1.0
1269,no_strict_e1_improvement,0,,,,,1,0,1,1,1,1,1,4,0,0,-1,current,0,0,0.05258278284842769,0.05258278284842769,8,0,0,0,0,0,0,0,0.0,0.8333333333333334,0.5,0.6666666666666666,0.6666666666666666,0,0.0,0.8333333333333334,0.5,0.6666666666666666,0.6666666666666666,0,0.0,0.8333333333333334,0.5,0.6666666666666666,0.6666666666666666,0,0.0,0.8333333333333334,0.5,0.6666666666666666,0.6666666666666666
1270,no_strict_e1_improvement,0,,,,,1,0,1,1,1,1,1,4,0,0,-1,current,0,0,0.09100597212091088,0.09100597212091088,7,0,0,0,0,0,0,0,0.0,0.16666666666666666,0.6666666666666666,0.4166666666666667,0.5833333333333334,0,0.0,0.16666666666666666,0.6666666666666666,0.4166666666666667,0.5833333333333334,0,0.0,0.16666666666666666,0.6666666666666666,0.4166666666666667,0.5833333333333334,0,0.0,0.16666666666666666,0.6666666666666666,0.4166666666666667,0.5833333333333334
1271,no_strict_e1_improvement,0,,,,,1,0,1,1,1,1,1,4,0,0,-1,current,0,0,0.05394501766810814,0.05394501766810814,8,0,0,0,0,0,0,0,0.0,0.3333333333333333,0.5,0.4166666666666667,0.5,0,0.0,0.3333333333333333,0.5,0.4166666666666667,0.5,0,0.0,0.3333333333333333,0.5,0.4166666666666667,0.5,0,0.0,0.3333333333333333,0.5,0.4166666666666667,0.5
1272,partial_completed__no_strict_e1_improvement,1,,3,2,4,1,0,4,4,4,16,16,4,0,0,-1,current,1,0,0.20038406318053603,0.20038406318053603,7,3,3,3,3,0,0,0,0.3333333333333333,0.0,0.6666666666666666,0.3333333333333333,0.3333333333333333,0,0.3333333333333333,0.0,1.0,0.5,0.75,0,0.3333333333333333,0.0,1.0,0.5,0.75,0,0.3333333333333333,0.0,1.0,0.5,0.75
1273,no_strict_e1_improvement,0,,,,,1,0,1,1,1,1,1,4,0,0,-1,current,0,0,0.07312309835106134,0.07312309835106134,9,0,0,0,0,0,0,0,0.0,0.5,1.0,0.75,0.75,0,0.0,0.5,1.0,0.75,0.75,0,0.0,0.5,1.0,0.75,0.75,0,0.0,0.5,1.0,0.75,0.75
1274,no_strict_e1_improvement,0,,,,,1,0,1,1,1,1,1,4,0,0,-1,current,0,0,0.07595137242848675,0.07595137242848675,10,0,0,0,0,0,0,0,0.0,0.5,0.6666666666666666,0.5833333333333334,0.6666666666666666,0,0.0,0.5,0.6666666666666666,0.5833333333333334,0.6666666666666666,0,0.0,0.5,0.6666666666666666,0.5833333333333334,0.6666666666666666,0,0.0,0.5,0.6666666666666666,0.5833333333333334,0.6666666666666666
1275,max_rounds,0,,,,,1,1,3,2,2,7,7,4,0,1,1,profiled_beam,1,1,0.11240449687466025,0.08829785200456779,8,0,0,0,0,0,0,0,0.0,1.0,0.5,0.75,0.75,0,0.0,1.0,0.5,0.75,0.75,0,0.0,1.0,0.5,0.75,0.75,0,0.0,0.5,0.6666666666666666,0.5833333333333334,0.5833333333333334
1276,no_strict_e1_improvement,0,,,,,1,0,1,1,1,1,1,4,0,0,-1,current,0,0,0.034417941545446716,0.034417941545446716,10,0,0,0,0,0,0,0,0.0,0.5,1.0,0.75,0.75,0,0.0,0.5,1.0,0.75,0.75,0,0.0,0.5,1.0,0.75,0.75,0,0.0,0.5,1.0,0.75,0.75
1277,max_rounds,0,,,,,1,1,5,4,4,12,12,4,-1,1,1,profiled_beam,1,1,0.2196719356191655,0.04155309428460896,6,0,0,0,0,0,0,0,0.0,0.3333333333333333,0.16666666666666666,0.25,0.4166666666666667,0,0.0,0.3333333333333333,0.16666666666666666,0.25,0.4166666666666667,0,0.0,0.5,0.0,0.25,0.25,0,0.0,0.3333333333333333,0.16666666666666666,0.25,0.4166666666666667
1278,no_strict_e1_improvement,0,,,,,1,0,1,1,1,1,1,4,0,0,-1,current,0,0,0.1724548333634933,0.1724548333634933,7,0,0,0,0,0,0,0,0.0,0.16666666666666666,0.5,0.3333333333333333,0.4166666666666667,0,0.0,0.16666666666666666,0.5,0.3333333333333333,0.4166666666666667,0,0.0,0.16666666666666666,0.5,0.3333333333333333,0.4166666666666667,0,0.0,0.16666666666666666,0.5,0.3333333333333333,0.4166666666666667
1279,no_strict_e1_improvement,0,,,,,1,0,1,1,1,1,1,4,0,0,-1,current,0,0,0.023665188695304096,0.023665188695304096,9,9,9,9,9,0,0,1,1.0,1.0,1.0,1.0,1.0,1,1.0,1.0,1.0,1.0,1.0,1,1.0,1.0,1.0,1.0,1.0,1,1.0,1.0,1.0,1.0,1.0
1280,max_rounds,0,,,,,1,1,5,4,4,16,16,4,-1,1,0,s1a3_greedy,1,0,0.3337934762239456,0.27195856906473637,6,0,0,3,3,3,0,0,0.0,0.3333333333333333,0.3333333333333333,0.3333333333333333,0.4166666666666667,0,0.0,0.3333333333333333,0.3333333333333333,0.3333333333333333,0.4166666666666667,0,0.3333333333333333,1.0,0.0,0.5,0.75,0,0.3333333333333333,1.0,0.0,0.5,0.75
1281,no_strict_e1_improvement,0,,,,,1,0,1,1,1,1,1,4,0,0,-1,current,0,0,0.0629841685295105,0.0629841685295105,8,0,0,0,0,0,0,0,0.0,0.5,0.8333333333333334,0.6666666666666666,0.6666666666666666,0,0.0,0.5,0.8333333333333334,0.6666666666666666,0.6666666666666666,0,0.0,0.5,0.8333333333333334,0.6666666666666666,0.6666666666666666,0,0.0,0.5,0.8333333333333334,0.6666666666666666,0.6666666666666666
1282,no_strict_e1_improvement,0,,,,,1,0,1,1,1,1,1,4,0,0,-1,current,0,0,0.006645697479446729,0.006645697479446729,12,9,9,9,9,0,0,1,1.0,1.0,1.0,1.0,1.0,1,1.0,1.0,1.0,1.0,1.0,1,1.0,1.0,1.0,1.0,1.0,1,1.0,1.0,1.0,1.0,1.0
1283,small_component,0,,,,,1,0,0,0,0,0,0,4,0,0,-1,current,0,0,0.3689124616018186,0.3689124616018186,5,0,0,0,0,0,0,0,0.0,0.3333333333333333,0.16666666666666666,0.25,0.5833333333333334,0,0.0,0.3333333333333333,0.16666666666666666,0.25,0.5833333333333334,0,0.0,0.3333333333333333,0.16666666666666666,0.25,0.5833333333333334,0,0.0,0.3333333333333333,0.16666666666666666,0.25,0.5833333333333334
1284,no_strict_e1_improvement,0,,,,,1,0,1,1,1,1,1,4,0,0,-1,current,0,0,0.12211891015370686,0.12211891015370686,7,7,7,7,7,0,0,0,0.7777777777777778,0.6666666666666666,0.6666666666666666,0.6666666666666666,0.75,0,0.7777777777777778,0.6666666666666666,0.6666666666666666,0.6666666666666666,0.75,0,0.7777777777777778,0.6666666666666666,0.6666666666666666,0.6666666666666666,0.75,0,0.7777777777777778,0.6666666666666666,0.6666666666666666,0.6666666666666666,0.75
1285,max_rounds,0,,,,,1,1,2,2,2,6,6,4,0,-1,0,s1a3_greedy,1,0,0.057757701724767685,0.05384376645088196,9,0,0,9,9,9,0,0,0.0,0.5,1.0,0.75,0.75,0,0.0,0.5,1.0,0.75,0.75,1,1.0,1.0,1.0,1.0,1.0,1,1.0,1.0,1.0,1.0,1.0
1286,max_rounds,0,,,,,1,1,4,4,4,11,11,4,0,1,1,profiled_beam,1,1,0.16915535305937132,0.06157756814112266,8,0,0,4,6,6,2,0,0.0,0.0,0.6666666666666666,0.3333333333333333,0.3333333333333333,0,0.0,0.0,0.6666666666666666,0.3333333333333333,0.3333333333333333,0,0.4444444444444444,0.16666666666666666,0.5,0.3333333333333333,0.4166666666666667,0,0.6666666666666666,0.0,0.8333333333333334,0.4166666666666667,0.4166666666666667
1287,max_rounds,0,,,,,1,1,2,2,2,6,6,4,0,-1,1,profiled_beam,1,1,0.0710326408346494,0.04865765323241552,9,9,9,9,0,-9,-9,1,1.0,1.0,1.0,1.0,1.0,1,1.0,1.0,1.0,1.0,1.0,1,1.0,1.0,1.0,1.0,1.0,0,0.0,0.5,1.0,0.75,0.75
1288,no_strict_e1_improvement,0,,,,,1,0,1,1,1,1,1,4,0,0,-1,current,0,0,0.007379993873958786,0.007379993873958786,9,9,9,9,9,0,0,1,1.0,1.0,1.0,1.0,1.0,1,1.0,1.0,1.0,1.0,1.0,1,1.0,1.0,1.0,1.0,1.0,1,1.0,1.0,1.0,1.0,1.0
1289,partial_completed__small_component,1,,3,2,3,1,0,0,0,0,0,0,4,0,0,-1,current,1,0,0.32823039626237005,0.32823039626237005,4,2,2,2,2,0,0,0,0.2222222222222222,0.0,0.3333333333333333,0.16666666666666666,0.16666666666666666,0,0.2222222222222222,0.16666666666666666,0.6666666666666666,0.4166666666666667,0.4166666666666667,0,0.2222222222222222,0.16666666666666666,0.6666666666666666,0.4166666666666667,0.4166666666666667,0,0.2222222222222222,0.16666666666666666,0.6666666666666666,0.4166666666666667,0.4166666666666667
1290,max_rounds,0,,,,,1,1,3,2,2,7,7,4,0,0,0,s1a3_greedy,1,0,0.14712324334929386,0.06980570964515209,10,6,6,9,9,3,0,0,0.6666666666666666,0.8333333333333334,0.5,0.6666666666666666,0.6666666666666666,0,0.6666666666666666,0.8333333333333334,0.5,0.6666666666666666,0.6666666666666666,1,1.0,1.0,1.0,1.0,1.0,1,1.0,1.0,1.0,1.0,1.0
1291,no_strict_e1_improvement,0,,,,,1,0,1,1,1,1,1,4,0,0,-1,current,0,0,0.12934160636117062,0.12934160636117062,8,0,0,0,0,0,0,0,0.0,0.5,0.16666666666666666,0.3333333333333333,0.6666666666666666,0,0.0,0.5,0.16666666666666666,0.3333333333333333,0.6666666666666666,0,0.0,0.5,0.16666666666666666,0.3333333333333333,0.6666666666666666,0,0.0,0.5,0.16666666666666666,0.3333333333333333,0.6666666666666666
1292,no_strict_e1_improvement,0,,,,,1,0,1,1,1,1,1,4,0,0,-1,current,0,0,0.056181382232656084,0.056181382232656084,8,0,0,0,0,0,0,0,0.0,0.5,0.8333333333333334,0.6666666666666666,0.6666666666666666,0,0.0,0.5,0.8333333333333334,0.6666666666666666,0.6666666666666666,0,0.0,0.5,0.8333333333333334,0.6666666666666666,0.6666666666666666,0,0.0,0.5,0.8333333333333334,0.6666666666666666,0.6666666666666666
1293,no_strict_e1_improvement,0,,,,,1,0,2,2,2,6,6,4,0,0,-1,current,0,0,0.07957712312539418,0.07957712312539418,8,9,9,9,9,0,0,1,1.0,1.0,1.0,1.0,1.0,1,1.0,1.0,1.0,1.0,1.0,1,1.0,1.0,1.0,1.0,1.0,1,1.0,1.0,1.0,1.0,1.0
1294,no_strict_e1_improvement,0,,,,,1,0,1,1,1,1,1,4,0,0,-1,current,0,0,0.03583775518927723,0.03583775518927723,9,0,0,0,0,0,0,0,0.0,1.0,0.5,0.75,0.75,0,0.0,1.0,0.5,0.75,0.75,0,0.0,1.0,0.5,0.75,0.75,0,0.0,1.0,0.5,0.75,0.75
1295,partial_completed__no_strict_e1_improvement,1,,3,2,3,1,0,1,1,1,1,1,4,0,0,-1,current,1,0,0.08209837538500626,0.08209837538500626,8,0,0,0,0,0,0,0,0.0,0.0,0.6666666666666666,0.3333333333333333,0.3333333333333333,0,0.0,0.5,1.0,0.75,0.75,0,0.0,0.5,1.0,0.75,0.75,0,0.0,0.5,1.0,0.75,0.75
1296,no_strict_e1_improvement,0,,,,,1,0,1,1,1,1,1,4,0,0,-1,current,0,0,0.0036872423564394317,0.0036872423564394317,12,0,0,0,0,0,0,0,0.0,0.5,1.0,0.75,0.75,0,0.0,0.5,1.0,0.75,0.75,0,0.0,0.5,1.0,0.75,0.75,0,0.0,0.5,1.0,0.75,0.75
1297,small_component,0,,,,,1,0,0,0,0,0,0,4,0,0,-1,current,0,0,0.11303595049927632,0.11303595049927632,7,4,4,4,4,0,0,0,0.4444444444444444,0.16666666666666666,0.16666666666666666,0.16666666666666666,0.3333333333333333,0,0.4444444444444444,0.16666666666666666,0.16666666666666666,0.16666666666666666,0.3333333333333333,0,0.4444444444444444,0.16666666666666666,0.16666666666666666,0.16666666666666666,0.3333333333333333,0,0.4444444444444444,0.16666666666666666,0.16666666666666666,0.16666666666666666,0.3333333333333333
1298,max_rounds,0,,,,,1,1,2,1,1,2,2,4,0,0,0,s1a3_greedy,1,0,0.18285866950949034,0.17175171027580896,7,0,0,0,0,0,0,0,0.0,0.3333333333333333,0.3333333333333333,0.3333333333333333,0.3333333333333333,0,0.0,0.3333333333333333,0.3333333333333333,0.3333333333333333,0.3333333333333333,0,0.0,0.16666666666666666,0.3333333333333333,0.25,0.25,0,0.0,0.16666666666666666,0.3333333333333333,0.25,0.25
1299,max_rounds,0,,,,,1,1,3,2,2,6,6,4,0,0,1,profiled_beam,1,1,0.17708332760958,0.10523281760591392,6,0,0,9,0,0,-9,0,0.0,0.5,0.8333333333333334,0.6666666666666666,0.6666666666666666,0,0.0,0.5,0.8333333333333334,0.6666666666666666,0.6666666666666666,1,1.0,1.0,1.0,1.0,1.0,0,0.0,0.5,1.0,0.75,0.75
1300,no_strict_e1_improvement,0,,,,,1,0,1,1,1,1,1,4,0,0,-1,current,0,0,0.0652891347805659,0.0652891347805659,9,9,9,9,9,0,0,1,1.0,1.0,1.0,1.0,1.0,1,1.0,1.0,1.0,1.0,1.0,1,1.0,1.0,1.0,1.0,1.0,1,1.0,1.0,1.0,1.0,1.0
1301,no_strict_e1_improvement,0,,,,,1,0,1,1,1,1,1,4,0,0,-1,current,0,0,0.03237599848459164,0.03237599848459164,7,1,1,1,1,0,0,0,0.1111111111111111,0.3333333333333333,0.6666666666666666,0.5,0.5833333333333334,0,0.1111111111111111,0.3333333333333333,0.6666666666666666,0.5,0.5833333333333334,0,0.1111111111111111,0.3333333333333333,0.6666666666666666,0.5,0.5833333333333334,0,0.1111111111111111,0.3333333333333333,0.6666666666666666,0.5,0.5833333333333334
1302,no_strict_e1_improvement,0,,,,,1,0,1,1,1,1,1,4,0,0,-1,current,0,0,0.06750931651913561,0.06750931651913561,7,5,5,5,5,0,0,0,0.5555555555555556,0.6666666666666666,0.3333333333333333,0.5,0.6666666666666666,0,0.5555555555555556,0.6666666666666666,0.3333333333333333,0.5,0.6666666666666666,0,0.5555555555555556,0.6666666666666666,0.3333333333333333,0.5,0.6666666666666666,0,0.5555555555555556,0.6666666666666666,0.3333333333333333,0.5,0.6666666666666666
1303,no_strict_e1_improvement,0,,,,,1,0,1,1,1,1,1,4,0,0,-1,current,0,0,0.01705073316891988,0.01705073316891988,10,9,9,9,9,0,0,1,1.0,1.0,1.0,1.0,1.0,1,1.0,1.0,1.0,1.0,1.0,1,1.0,1.0,1.0,1.0,1.0,1,1.0,1.0,1.0,1.0,1.0
1304,max_rounds,0,,,,,1,1,5,4,4,13,13,4,0,1,0,s1a3_greedy,1,0,0.33875680388882756,0.045143640522534646,4,1,1,3,3,2,0,0,0.1111111111111111,0.3333333333333333,0.0,0.16666666666666666,0.5,0,0.1111111111111111,0.3333333333333333,0.0,0.16666666666666666,0.5,0,0.3333333333333333,1.0,0.0,0.5,0.75,0,0.3333333333333333,1.0,0.0,0.5,0.75
1305,no_strict_e1_improvement,0,,,,,1,0,1,1,1,1,1,4,0,0,-1,current,0,0,0.0023629083298146725,0.0023629083298146725,12,9,9,9,9,0,0,1,1.0,1.0,1.0,1.0,1.0,1,1.0,1.0,1.0,1.0,1.0,1,1.0,1.0,1.0,1.0,1.0,1,1.0,1.0,1.0,1.0,1.0
1306,no_strict_e1_improvement,0,,,,,1,0,1,1,1,1,1,4,0,0,-1,current,0,0,0.017980023597677548,0.017980023597677548,10,0,0,0,0,0,0,0,0.0,1.0,0.5,0.75,0.75,0,0.0,1.0,0.5,0.75,0.75,0,0.0,1.0,0.5,0.75,0.75,0,0.0,1.0,0.5,0.75,0.75
1307,max_rounds,0,,,,,1,1,3,2,2,7,7,4,0,0,0,s1a3_greedy,1,0,0.16570461013664803,0.017210718477144837,11,7,7,9,9,2,0,0,0.7777777777777778,0.6666666666666666,0.6666666666666666,0.6666666666666666,0.75,0,0.7777777777777778,0.6666666666666666,0.6666666666666666,0.6666666666666666,0.75,1,1.0,1.0,1.0,1.0,1.0,1,1.0,1.0,1.0,1.0,1.0
1308,no_strict_e1_improvement,0,,,,,1,0,1,1,1,1,1,4,0,0,-1,current,0,0,0.008495260030031204,0.008495260030031204,11,9,9,9,9,0,0,1,1.0,1.0,1.0,1.0,1.0,1,1.0,1.0,1.0,1.0,1.0,1,1.0,1.0,1.0,1.0,1.0,1,1.0,1.0,1.0,1.0,1.0
1309,max_rounds,0,,,,,1,1,3,2,2,4,4,4,0,1,0,s1a3_greedy,1,0,0.20543004424932101,0.02442591862442593,11,0,0,0,0,0,0,0,0.0,0.0,0.8333333333333334,0.4166666666666667,0.4166666666666667,0,0.0,0.0,0.8333333333333334,0.4166666666666667,0.4166666666666667,0,0.0,0.5,1.0,0.75,0.75,0,0.0,0.5,1.0,0.75,0.75
1310,partial_completed__max_rounds,1,,3,2,4,1,1,3,2,2,6,6,4,-1,0,0,s1a3_greedy,1,0,0.20392808419031402,0.06258331588469446,7,0,0,0,0,0,0,0,0.0,0.3333333333333333,0.3333333333333333,0.3333333333333333,0.3333333333333333,0,0.0,0.3333333333333333,0.5,0.4166666666666667,0.5,0,0.0,0.5,1.0,0.75,0.75,0,0.0,0.5,1.0,0.75,0.75
1311,no_strict_e1_improvement,0,,,,,1,0,1,1,1,1,1,4,0,0,-1,current,0,0,0.010370779084041715,0.010370779084041715,11,9,9,9,9,0,0,1,1.0,1.0,1.0,1.0,1.0,1,1.0,1.0,1.0,1.0,1.0,1,1.0,1.0,1.0,1.0,1.0,1,1.0,1.0,1.0,1.0,1.0
1312,no_strict_e1_improvement,0,,,,,1,0,1,1,1,1,1,4,0,0,-1,current,0,0,0.04492540766174594,0.04492540766174594,8,0,0,0,0,0,0,0,0.0,1.0,0.5,0.75,0.75,0,0.0,1.0,0.5,0.75,0.75,0,0.0,1.0,0.5,0.75,0.75,0,0.0,1.0,0.5,0.75,0.75
1313,no_strict_e1_improvement,0,,,,,1,0,1,1,1,1,1,4,0,0,-1,current,0,0,0.023323877869794767,0.023323877869794767,9,9,9,9,9,0,0,1,1.0,1.0,1.0,1.0,1.0,1,1.0,1.0,1.0,1.0,1.0,1,1.0,1.0,1.0,1.0,1.0,1,1.0,1.0,1.0,1.0,1.0
1314,no_strict_e1_improvement,0,,,,,1,0,1,1,1,1,1,4,0,0,-1,current,0,0,0.055071268075456224,0.055071268075456224,8,0,0,0,0,0,0,0,0.0,0.5,0.5,0.5,0.5,0,0.0,0.5,0.5,0.5,0.5,0,0.0,0.5,0.5,0.5,0.5,0,0.0,0.5,0.5,0.5,0.5
1315,max_rounds,0,,,,,1,1,3,2,2,7,7,4,0,0,0,s1a3_greedy,1,0,0.05913958605378866,0.04307632132743796,7,0,0,0,0,0,0,0,0.0,0.16666666666666666,0.3333333333333333,0.25,0.3333333333333333,0,0.0,0.16666666666666666,0.3333333333333333,0.25,0.3333333333333333,0,0.0,0.5,0.5,0.5,0.5,0,0.0,0.5,0.5,0.5,0.5
1316,no_strict_e1_improvement,0,,,,,1,0,1,1,1,1,1,4,0,0,-1,current,0,0,0.13908094012488922,0.13908094012488922,8,9,9,9,9,0,0,1,1.0,1.0,1.0,1.0,1.0,1,1.0,1.0,1.0,1.0,1.0,1,1.0,1.0,1.0,1.0,1.0,1,1.0,1.0,1.0,1.0,1.0
1317,partial_completed__small_component,1,,3,2,3,1,0,0,0,0,0,0,4,0,0,-1,current,1,0,0.23308819284041724,0.23308819284041724,7,3,3,3,3,0,0,0,0.3333333333333333,0.0,0.6666666666666666,0.3333333333333333,0.3333333333333333,0,0.3333333333333333,0.0,0.8333333333333334,0.4166666666666667,0.4166666666666667,0,0.3333333333333333,0.0,0.8333333333333334,0.4166666666666667,0.4166666666666667,0,0.3333333333333333,0.0,0.8333333333333334,0.4166666666666667,0.4166666666666667
1318,small_component,0,,,,,1,0,0,0,0,0,0,4,0,0,-1,current,0,0,0.15945422059545913,0.15945422059545913,8,9,9,9,9,0,0,1,1.0,1.0,1.0,1.0,1.0,1,1.0,1.0,1.0,1.0,1.0,1,1.0,1.0,1.0,1.0,1.0,1,1.0,1.0,1.0,1.0,1.0
1319,no_strict_e1_improvement,0,,,,,1,0,1,1,1,1,1,4,0,0,-1,current,0,0,0.06033519364427775,0.06033519364427775,8,0,0,0,0,0,0,0,0.0,1.0,0.5,0.75,0.75,0,0.0,1.0,0.5,0.75,0.75,0,0.0,1.0,0.5,0.75,0.75,0,0.0,1.0,0.5,0.75,0.75
1320,small_component,0,,,,,1,0,0,0,0,0,0,4,0,0,-1,current,0,0,0.3986977068707347,0.3986977068707347,4,0,0,0,0,0,0,0,0.0,0.16666666666666666,0.16666666666666666,0.16666666666666666,0.3333333333333333,0,0.0,0.16666666666666666,0.16666666666666666,0.16666666666666666,0.3333333333333333,0,0.0,0.16666666666666666,0.16666666666666666,0.16666666666666666,0.3333333333333333,0,0.0,0.16666666666666666,0.16666666666666666,0.16666666666666666,0.3333333333333333
1321,max_rounds,0,,,,,1,1,5,4,4,14,14,4,1,0,0,s1a3_greedy,1,0,0.3232013338711113,0.19593369797803462,5,0,0,1,1,1,0,0,0.0,0.0,0.16666666666666666,0.08333333333333333,0.3333333333333333,0,0.0,0.0,0.16666666666666666,0.08333333333333333,0.3333333333333333,0,0.1111111111111111,0.0,0.0,0.0,0.5,0,0.1111111111111111,0.0,0.0,0.0,0.5
1322,max_rounds,0,,,,,1,1,3,2,2,7,7,4,1,0,0,s1a3_greedy,1,0,0.13898826654379567,0.05239134499182304,9,0,0,9,9,9,0,0,0.0,0.8333333333333334,0.5,0.6666666666666666,0.6666666666666666,0,0.0,0.8333333333333334,0.5,0.6666666666666666,0.6666666666666666,1,1.0,1.0,1.0,1.0,1.0,1,1.0,1.0,1.0,1.0,1.0
1323,no_strict_e1_improvement,0,,,,,1,0,1,1,1,1,1,4,0,0,-1,current,0,0,0.02634080033749342,0.02634080033749342,9,0,0,0,0,0,0,0,0.0,1.0,0.5,0.75,0.75,0,0.0,1.0,0.5,0.75,0.75,0,0.0,1.0,0.5,0.75,0.75,0,0.0,1.0,0.5,0.75,0.75
1324,no_strict_e1_improvement,0,,,,,1,0,1,1,1,1,1,4,0,0,-1,current,0,0,0.04543177783489227,0.04543177783489227,6,0,0,0,0,0,0,0,0.0,0.5,0.16666666666666666,0.3333333333333333,0.5,0,0.0,0.5,0.16666666666666666,0.3333333333333333,0.5,0,0.0,0.5,0.16666666666666666,0.3333333333333333,0.5,0,0.0,0.5,0.16666666666666666,0.3333333333333333,0.5
1325,no_strict_e1_improvement,0,,,,,1,0,1,1,1,1,1,4,0,0,-1,current,0,0,0.05015147912005583,0.05015147912005583,9,0,0,0,0,0,0,0,0.0,0.5,0.8333333333333334,0.6666666666666666,0.6666666666666666,0,0.0,0.5,0.8333333333333334,0.6666666666666666,0.6666666666666666,0,0.0,0.5,0.8333333333333334,0.6666666666666666,0.6666666666666666,0,0.0,0.5,0.8333333333333334,0.6666666666666666,0.6666666666666666
1326,no_strict_e1_improvement,0,,,,,1,0,1,1,1,1,1,4,0,0,-1,current,0,0,0.024124096070105832,0.024124096070105832,9,9,9,9,9,0,0,1,1.0,1.0,1.0,1.0,1.0,1,1.0,1.0,1.0,1.0,1.0,1,1.0,1.0,1.0,1.0,1.0,1,1.0,1.0,1.0,1.0,1.0
1327,no_strict_e1_improvement,0,,,,,1,0,2,2,2,6,6,4,0,0,-1,current,0,0,0.17229825576456884,0.17229825576456884,7,0,0,0,0,0,0,0,0.0,0.5,0.16666666666666666,0.3333333333333333,0.5,0,0.0,0.5,0.16666666666666666,0.3333333333333333,0.5,0,0.0,0.5,0.16666666666666666,0.3333333333333333,0.5,0,0.0,0.5,0.16666666666666666,0.3333333333333333,0.5
1328,no_strict_e1_improvement,0,,,,,1,0,1,1,1,1,1,4,0,0,-1,current,0,0,0.010164199552188316,0.010164199552188316,10,0,0,0,0,0,0,0,0.0,0.5,1.0,0.75,0.75,0,0.0,0.5,1.0,0.75,0.75,0,0.0,0.5,1.0,0.75,0.75,0,0.0,0.5,1.0,0.75,0.75
1329,no_strict_e1_improvement,0,,,,,1,0,1,1,1,1,1,4,0,0,-1,current,0,0,0.019992834500347573,0.019992834500347573,9,0,0,0,0,0,0,0,0.0,0.5,1.0,0.75,0.75,0,0.0,0.5,1.0,0.75,0.75,0,0.0,0.5,1.0,0.75,0.75,0,0.0,0.5,1.0,0.75,0.75
1330,no_strict_e1_improvement,0,,,,,1,0,1,1,1,1,1,4,0,0,-1,current,0,0,0.06488249901061256,0.06488249901061256,8,0,0,0,0,0,0,0,0.0,0.16666666666666666,0.5,0.3333333333333333,0.4166666666666667,0,0.0,0.16666666666666666,0.5,0.3333333333333333,0.4166666666666667,0,0.0,0.16666666666666666,0.5,0.3333333333333333,0.4166666666666667,0,0.0,0.16666666666666666,0.5,0.3333333333333333,0.4166666666666667
1331,max_rounds,0,,,,,1,1,5,4,4,11,11,4,0,0,1,profiled_beam,1,1,0.2754674465007459,0.034744132116126515,6,1,1,0,0,-1,0,0,0.1111111111111111,0.16666666666666666,0.0,0.08333333333333333,0.16666666666666666,0,0.1111111111111111,0.16666666666666666,0.0,0.08333333333333333,0.16666666666666666,0,0.0,0.5,0.0,0.25,0.25,0,0.0,0.3333333333333333,0.16666666666666666,0.25,0.4166666666666667
1332,no_strict_e1_improvement,0,,,,,1,0,1,1,1,1,1,4,0,0,-1,current,0,0,0.04407240570678065,0.04407240570678065,9,3,3,3,3,0,0,0,0.3333333333333333,0.6666666666666666,0.5,0.5833333333333334,0.5833333333333334,0,0.3333333333333333,0.6666666666666666,0.5,0.5833333333333334,0.5833333333333334,0,0.3333333333333333,0.6666666666666666,0.5,0.5833333333333334,0.5833333333333334,0,0.3333333333333333,0.6666666666666666,0.5,0.5833333333333334,0.5833333333333334
1333,max_rounds,0,,,,,1,1,2,2,2,5,5,4,0,1,0,s1a3_greedy,1,0,0.0785425587867697,0.007669925844917695,11,0,0,9,9,9,0,0,0.0,0.5,1.0,0.75,0.75,0,0.0,0.5,1.0,0.75,0.75,1,1.0,1.0,1.0,1.0,1.0,1,1.0,1.0,1.0,1.0,1.0
1334,no_strict_e1_improvement,0,,,,,1,0,1,1,1,1,1,4,0,0,-1,current,0,0,0.0,0.0,12,9,9,9,9,0,0,1,1.0,1.0,1.0,1.0,1.0,1,1.0,1.0,1.0,1.0,1.0,1,1.0,1.0,1.0,1.0,1.0,1,1.0,1.0,1.0,1.0,1.0
1335,no_strict_e1_improvement,0,,,,,1,0,1,1,1,1,1,4,0,0,-1,current,0,0,0.034067981565992035,0.034067981565992035,9,0,0,0,0,0,0,0,0.0,1.0,0.5,0.75,0.75,0,0.0,1.0,0.5,0.75,0.75,0,0.0,1.0,0.5,0.75,0.75,0,0.0,1.0,0.5,0.75,0.75
1336,no_strict_e1_improvement,0,,,,,1,0,1,1,1,1,1,4,0,0,-1,current,0,0,0.017430394034211833,0.017430394034211833,7,9,9,9,9,0,0,1,1.0,1.0,1.0,1.0,1.0,1,1.0,1.0,1.0,1.0,1.0,1,1.0,1.0,1.0,1.0,1.0,1,1.0,1.0,1.0,1.0,1.0
1337,max_rounds,0,,,,,1,1,5,4,4,12,12,4,0,0,0,s1a3_greedy,1,0,0.26667136264344055,0.04778178851120174,7,0,0,0,0,0,0,0,0.0,0.16666666666666666,0.16666666666666666,0.16666666666666666,0.4166666666666667,0,0.0,0.16666666666666666,0.16666666666666666,0.16666666666666666,0.4166666666666667,0,0.0,0.5,0.5,0.5,0.5,0,0.0,0.5,0.5,0.5,0.5
1338,max_rounds,0,,,,,1,1,3,2,2,7,7,4,0,-1,1,profiled_beam,1,1,0.1332043819129467,0.05184424761682749,8,7,7,9,0,-7,-9,0,0.7777777777777778,0.6666666666666666,0.6666666666666666,0.6666666666666666,0.75,0,0.7777777777777778,0.6666666666666666,0.6666666666666666,0.6666666666666666,0.75,1,1.0,1.0,1.0,1.0,1.0,0,0.0,0.5,0.6666666666666666,0.5833333333333334,0.6666666666666666
1339,no_strict_e1_improvement,0,,,,,1,0,1,1,1,1,1,4,0,0,-1,current,0,0,0.03449988813372329,0.03449988813372329,9,0,0,0,0,0,0,0,0.0,0.5,1.0,0.75,0.75,0,0.0,0.5,1.0,0.75,0.75,0,0.0,0.5,1.0,0.75,0.75,0,0.0,0.5,1.0,0.75,0.75
1340,no_strict_e1_improvement,0,,,,,1,0,1,1,1,1,1,4,0,0,-1,current,0,0,0.007142287601406376,0.007142287601406376,11,9,9,9,9,0,0,1,1.0,1.0,1.0,1.0,1.0,1,1.0,1.0,1.0,1.0,1.0,1,1.0,1.0,1.0,1.0,1.0,1,1.0,1.0,1.0,1.0,1.0
1341,max_rounds,0,,,,,1,1,2,2,2,6,6,4,0,1,0,s1a3_greedy,1,0,0.09542014170438051,0.037302558310329914,11,0,0,9,9,9,0,0,0.0,0.5,0.8333333333333334,0.6666666666666666,0.6666666666666666,0,0.0,0.5,0.8333333333333334,0.6666666666666666,0.6666666666666666,1,1.0,1.0,1.0,1.0,1.0,1,1.0,1.0,1.0,1.0,1.0
1342,max_rounds,0,,,,,1,1,4,4,4,12,12,4,-1,0,1,profiled_beam,1,1,0.12036446016281843,0.08033560239709914,6,4,4,4,0,-4,-4,0,0.4444444444444444,0.5,0.16666666666666666,0.3333333333333333,0.4166666666666667,0,0.4444444444444444,0.5,0.16666666666666666,0.3333333333333333,0.4166666666666667,0,0.4444444444444444,0.5,0.16666666666666666,0.3333333333333333,0.4166666666666667,0,0.0,0.6666666666666666,0.0,0.3333333333333333,0.3333333333333333
1343,no_strict_e1_improvement,0,,,,,1,0,1,1,1,1,1,4,0,0,-1,current,0,0,0.1074927191560467,0.1074927191560467,7,0,0,0,0,0,0,0,0.0,0.5,0.8333333333333334,0.6666666666666666,0.6666666666666666,0,0.0,0.5,0.8333333333333334,0.6666666666666666,0.6666666666666666,0,0.0,0.5,0.8333333333333334,0.6666666666666666,0.6666666666666666,0,0.0,0.5,0.8333333333333334,0.6666666666666666,0.6666666666666666
1344,no_strict_e1_improvement,0,,,,,1,0,1,1,1,1,1,4,0,0,-1,current,0,0,0.0010026040642211835,0.0010026040642211835,12,9,9,9,9,0,0,1,1.0,1.0,1.0,1.0,1.0,1,1.0,1.0,1.0,1.0,1.0,1,1.0,1.0,1.0,1.0,1.0,1,1.0,1.0,1.0,1.0,1.0
1345,no_strict_e1_improvement,0,,,,,1,0,1,1,1,1,1,4,0,0,-1,current,0,0,0.018633043703933556,0.018633043703933556,9,0,0,0,0,0,0,0,0.0,0.5,1.0,0.75,0.75,0,0.0,0.5,1.0,0.75,0.75,0,0.0,0.5,1.0,0.75,0.75,0,0.0,0.5,1.0,0.75,0.75
1346,max_rounds,0,,,,,1,1,3,2,2,5,5,4,0,1,0,s1a3_greedy,1,0,0.15366037810842195,0.014181156332294146,10,0,0,0,0,0,0,0,0.0,0.0,0.8333333333333334,0.4166666666666667,0.4166666666666667,0,0.0,0.0,0.8333333333333334,0.4166666666666667,0.4166666666666667,0,0.0,0.5,1.0,0.75,0.75,0,0.0,0.5,1.0,0.75,0.75
1347,partial_completed__no_strict_e1_improvement,1,,3,2,4,1,0,1,1,1,1,1,4,0,0,-1,current,1,0,0.12559982327123484,0.12559982327123484,7,0,0,0,0,0,0,0,0.0,0.3333333333333333,0.16666666666666666,0.25,0.25,0,0.0,0.5,0.3333333333333333,0.4166666666666667,0.5833333333333334,0,0.0,0.5,0.3333333333333333,0.4166666666666667,0.5833333333333334,0,0.0,0.5,0.3333333333333333,0.4166666666666667,0.5833333333333334
1348,no_strict_e1_improvement,0,,,,,1,0,1,1,1,1,1,4,0,0,-1,current,0,0,0.03407397773116827,0.03407397773116827,9,0,0,0,0,0,0,0,0.0,0.5,0.5,0.5,0.5,0,0.0,0.5,0.5,0.5,0.5,0,0.0,0.5,0.5,0.5,0.5,0,0.0,0.5,0.5,0.5,0.5
1349,no_strict_e1_improvement,0,,,,,1,0,1,1,1,1,1,4,0,0,-1,current,0,0,0.05950470563645164,0.05950470563645164,9,9,9,9,9,0,0,1,1.0,1.0,1.0,1.0,1.0,1,1.0,1.0,1.0,1.0,1.0,1,1.0,1.0,1.0,1.0,1.0,1,1.0,1.0,1.0,1.0,1.0
1350,no_strict_e1_improvement,0,,,,,1,0,1,1,1,1,1,4,0,0,-1,current,0,0,0.04905039585234287,0.04905039585234287,8,0,0,0,0,0,0,0,0.0,0.5,0.8333333333333334,0.6666666666666666,0.6666666666666666,0,0.0,0.5,0.8333333333333334,0.6666666666666666,0.6666666666666666,0,0.0,0.5,0.8333333333333334,0.6666666666666666,0.6666666666666666,0,0.0,0.5,0.8333333333333334,0.6666666666666666,0.6666666666666666
1351,small_component,0,,,,,1,0,0,0,0,0,0,4,0,0,-1,current,0,0,0.24533026479184628,0.24533026479184628,7,0,0,0,0,0,0,0,0.0,0.3333333333333333,0.5,0.4166666666666667,0.5833333333333334,0,0.0,0.3333333333333333,0.5,0.4166666666666667,0.5833333333333334,0,0.0,0.3333333333333333,0.5,0.4166666666666667,0.5833333333333334,0,0.0,0.3333333333333333,0.5,0.4166666666666667,0.5833333333333334
1352,no_strict_e1_improvement,0,,,,,1,0,1,1,1,1,1,4,0,0,-1,current,0,0,0.0,0.0,12,9,9,9,9,0,0,1,1.0,1.0,1.0,1.0,1.0,1,1.0,1.0,1.0,1.0,1.0,1,1.0,1.0,1.0,1.0,1.0,1,1.0,1.0,1.0,1.0,1.0
1353,no_strict_e1_improvement,0,,,,,1,0,1,1,1,1,1,4,0,0,-1,current,0,0,0.05404088242600361,0.05404088242600361,10,0,0,0,0,0,0,0,0.0,1.0,0.5,0.75,0.75,0,0.0,1.0,0.5,0.75,0.75,0,0.0,1.0,0.5,0.75,0.75,0,0.0,1.0,0.5,0.75,0.75
1354,max_rounds,0,,,,,1,1,2,1,1,2,2,4,0,0,0,s1a3_greedy,1,0,0.052017124369740486,0.039346952845032014,6,6,6,7,7,1,0,0,0.6666666666666666,0.5,0.5,0.5,0.6666666666666666,0,0.6666666666666666,0.5,0.5,0.5,0.6666666666666666,0,0.7777777777777778,0.6666666666666666,0.6666666666666666,0.6666666666666666,0.8333333333333334,0,0.7777777777777778,0.6666666666666666,0.6666666666666666,0.6666666666666666,0.8333333333333334
1355,no_strict_e1_improvement,0,,,,,1,0,1,1,1,1,1,4,0,0,-1,current,0,0,0.07874830486252904,0.07874830486252904,9,9,9,9,9,0,0,1,1.0,1.0,1.0,1.0,1.0,1,1.0,1.0,1.0,1.0,1.0,1,1.0,1.0,1.0,1.0,1.0,1,1.0,1.0,1.0,1.0,1.0
1356,small_component,0,,,,,1,0,0,0,0,0,0,4,0,0,-1,current,0,0,0.4094774362941583,0.4094774362941583,4,0,0,0,0,0,0,0,0.0,0.0,0.16666666666666666,0.08333333333333333,0.5,0,0.0,0.0,0.16666666666666666,0.08333333333333333,0.5,0,0.0,0.0,0.16666666666666666,0.08333333333333333,0.5,0,0.0,0.0,0.16666666666666666,0.08333333333333333,0.5
1357,max_rounds,0,,,,,1,1,4,4,4,12,12,4,1,1,1,profiled_beam,1,1,0.10757884460811813,0.06273208015287916,6,0,0,0,4,4,4,0,0.0,0.6666666666666666,0.16666666666666666,0.4166666666666667,0.5,0,0.0,0.6666666666666666,0.16666666666666666,0.4166666666666667,0.5,0,0.0,0.3333333333333333,0.16666666666666666,0.25,0.4166666666666667,0,0.4444444444444444,0.5,0.3333333333333333,0.4166666666666667,0.5833333333333334
1358,max_rounds,0,,,,,1,1,3,2,2,6,6,4,0,0,1,profiled_beam,1,1,0.11227542348206043,0.09546648462613423,6,0,0,0,0,0,0,0,0.0,0.16666666666666666,0.6666666666666666,0.4166666666666667,0.5833333333333334,0,0.0,0.16666666666666666,0.6666666666666666,0.4166666666666667,0.5833333333333334,0,0.0,0.5,0.6666666666666666,0.5833333333333334,0.75,0,0.0,0.16666666666666666,0.5,0.3333333333333333,0.5
1359,max_rounds,0,,,,,1,1,3,2,2,6,6,4,0,0,0,s1a3_greedy,1,0,0.28847699829687673,0.18259236247589192,5,1,1,1,1,0,0,0,0.1111111111111111,0.3333333333333333,0.3333333333333333,0.3333333333333333,0.3333333333333333,0,0.1111111111111111,0.3333333333333333,0.3333333333333333,0.3333333333333333,0.3333333333333333,0,0.1111111111111111,0.3333333333333333,0.16666666666666666,0.25,0.5,0,0.1111111111111111,0.3333333333333333,0.16666666666666666,0.25,0.5
1360,no_strict_e1_improvement,0,,,,,1,0,1,1,1,1,1,4,0,0,-1,current,0,0,0.01752606697846204,0.01752606697846204,10,9,9,9,9,0,0,1,1.0,1.0,1.0,1.0,1.0,1,1.0,1.0,1.0,1.0,1.0,1,1.0,1.0,1.0,1.0,1.0,1,1.0,1.0,1.0,1.0,1.0
1361,max_rounds,0,,,,,1,1,2,2,2,6,6,4,-1,0,0,s1a3_greedy,1,0,0.18154015702505907,0.17407589219510555,7,4,4,4,4,0,0,0,0.4444444444444444,0.3333333333333333,0.5,0.4166666666666667,0.5,0,0.4444444444444444,0.3333333333333333,0.5,0.4166666666666667,0.5,0,0.4444444444444444,0.3333333333333333,0.5,0.4166666666666667,0.5,0,0.4444444444444444,0.3333333333333333,0.5,0.4166666666666667,0.5
1362,small_component,0,,,,,1,0,0,0,0,0,0,4,0,0,-1,current,0,0,0.23702077070871988,0.23702077070871988,8,7,7,7,7,0,0,0,0.7777777777777778,0.6666666666666666,0.6666666666666666,0.6666666666666666,0.75,0,0.7777777777777778,0.6666666666666666,0.6666666666666666,0.6666666666666666,0.75,0,0.7777777777777778,0.6666666666666666,0.6666666666666666,0.6666666666666666,0.75,0,0.7777777777777778,0.6666666666666666,0.6666666666666666,0.6666666666666666,0.75
1363,max_rounds,0,,,,,1,1,5,4,4,11,11,4,0,0,1,profiled_beam,1,1,0.11267690484722455,0.10249556259562571,4,2,2,2,1,-1,-1,0,0.2222222222222222,0.6666666666666666,0.16666666666666666,0.4166666666666667,0.75,0,0.2222222222222222,0.6666666666666666,0.16666666666666666,0.4166666666666667,0.75,0,0.2222222222222222,0.6666666666666666,0.16666666666666666,0.4166666666666667,0.75,0,0.1111111111111111,0.3333333333333333,0.3333333333333333,0.3333333333333333,0.5
1364,no_strict_e1_improvement,0,,,,,1,0,1,1,1,1,1,4,0,0,-1,current,0,0,0.00203294570868214,0.00203294570868214,11,0,0,0,0,0,0,0,0.0,0.5,1.0,0.75,0.75,0,0.0,0.5,1.0,0.75,0.75,0,0.0,0.5,1.0,0.75,0.75,0,0.0,0.5,1.0,0.75,0.75
1365,no_strict_e1_improvement,0,,,,,1,0,1,1,1,1,1,4,0,0,-1,current,0,0,0.030550889011162024,0.030550889011162024,10,0,0,0,0,0,0,0,0.0,0.5,0.5,0.5,0.5,0,0.0,0.5,0.5,0.5,0.5,0,0.0,0.5,0.5,0.5,0.5,0,0.0,0.5,0.5,0.5,0.5
1366,no_strict_e1_improvement,0,,,,,1,0,1,1,1,1,1,4,0,0,-1,current,0,0,0.09086330359180768,0.09086330359180768,5,0,0,0,0,0,0,0,0.0,0.3333333333333333,0.16666666666666666,0.25,0.4166666666666667,0,0.0,0.3333333333333333,0.16666666666666666,0.25,0.4166666666666667,0,0.0,0.3333333333333333,0.16666666666666666,0.25,0.4166666666666667,0,0.0,0.3333333333333333,0.16666666666666666,0.25,0.4166666666666667
1367,max_rounds,0,,,,,1,1,3,2,2,7,7,4,1,0,0,s1a3_greedy,1,0,0.12270797323435545,0.021893823829789955,11,0,0,0,0,0,0,0,0.0,0.3333333333333333,0.5,0.4166666666666667,0.5833333333333334,0,0.0,0.3333333333333333,0.5,0.4166666666666667,0.5833333333333334,0,0.0,0.5,1.0,0.75,0.75,0,0.0,0.5,1.0,0.75,0.75
1368,no_strict_e1_improvement,0,,,,,1,0,1,1,1,2,2,4,0,0,-1,current,0,0,0.10353635841359694,0.10353635841359694,6,0,0,0,0,0,0,0,0.0,0.16666666666666666,0.6666666666666666,0.4166666666666667,0.5833333333333334,0,0.0,0.16666666666666666,0.6666666666666666,0.4166666666666667,0.5833333333333334,0,0.0,0.16666666666666666,0.6666666666666666,0.4166666666666667,0.5833333333333334,0,0.0,0.16666666666666666,0.6666666666666666,0.4166666666666667,0.5833333333333334
1369,no_strict_e1_improvement,0,,,,,1,0,1,1,1,1,1,4,0,0,-1,current,0,0,0.0,0.0,12,9,9,9,9,0,0,1,1.0,1.0,1.0,1.0,1.0,1,1.0,1.0,1.0,1.0,1.0,1,1.0,1.0,1.0,1.0,1.0,1,1.0,1.0,1.0,1.0,1.0
1370,max_rounds,0,,,,,1,1,4,4,4,14,14,4,0,1,1,profiled_beam,1,1,0.11583162502696116,0.06472734020402034,8,0,0,0,9,9,9,0,0.0,0.5,0.6666666666666666,0.5833333333333334,0.75,0,0.0,0.5,0.6666666666666666,0.5833333333333334,0.75,0,0.0,0.5,0.6666666666666666,0.5833333333333334,0.75,1,1.0,1.0,1.0,1.0,1.0
1371,no_strict_e1_improvement,0,,,,,1,0,1,1,1,1,1,4,0,0,-1,current,0,0,0.007911973293327415,0.007911973293327415,9,9,9,9,9,0,0,1,1.0,1.0,1.0,1.0,1.0,1,1.0,1.0,1.0,1.0,1.0,1,1.0,1.0,1.0,1.0,1.0,1,1.0,1.0,1.0,1.0,1.0
1372,no_strict_e1_improvement,0,,,,,1,0,1,1,1,1,1,4,0,0,-1,current,0,0,0.013586583236853281,0.013586583236853281,12,9,9,9,9,0,0,1,1.0,1.0,1.0,1.0,1.0,1,1.0,1.0,1.0,1.0,1.0,1,1.0,1.0,1.0,1.0,1.0,1,1.0,1.0,1.0,1.0,1.0
1373,no_strict_e1_improvement,0,,,,,1,0,1,1,1,1,1,4,0,0,-1,current,0,0,0.0,0.0,12,0,0,0,0,0,0,0,0.0,1.0,0.5,0.75,0.75,0,0.0,1.0,0.5,0.75,0.75,0,0.0,1.0,0.5,0.75,0.75,0,0.0,1.0,0.5,0.75,0.75
1374,no_strict_e1_improvement,0,,,,,1,0,1,1,1,1,1,4,0,0,-1,current,0,0,0.05593824898824096,0.05593824898824096,7,0,0,0,0,0,0,0,0.0,0.5,0.5,0.5,0.5,0,0.0,0.5,0.5,0.5,0.5,0,0.0,0.5,0.5,0.5,0.5,0,0.0,0.5,0.5,0.5,0.5
1375,max_rounds,0,,,,,1,1,3,2,2,5,5,4,0,0,0,s1a3_greedy,1,0,0.2061282272140185,0.06672336456055443,7,1,1,0,0,-1,0,0,0.1111111111111111,0.3333333333333333,0.6666666666666666,0.5,0.5833333333333334,0,0.1111111111111111,0.3333333333333333,0.6666666666666666,0.5,0.5833333333333334,0,0.0,0.5,1.0,0.75,0.75,0,0.0,0.5,1.0,0.75,0.75
1376,no_strict_e1_improvement,0,,,,,1,0,1,1,1,2,2,4,0,0,-1,current,0,0,0.13988822822769484,0.13988822822769484,9,0,0,0,0,0,0,0,0.0,0.8333333333333334,0.5,0.6666666666666666,0.6666666666666666,0,0.0,0.8333333333333334,0.5,0.6666666666666666,0.6666666666666666,0,0.0,0.8333333333333334,0.5,0.6666666666666666,0.6666666666666666,0,0.0,0.8333333333333334,0.5,0.6666666666666666,0.6666666666666666
1377,no_strict_e1_improvement,0,,,,,1,0,1,1,1,1,1,4,0,0,-1,current,0,0,0.004060320866604646,0.004060320866604646,11,9,9,9,9,0,0,1,1.0,1.0,1.0,1.0,1.0,1,1.0,1.0,1.0,1.0,1.0,1,1.0,1.0,1.0,1.0,1.0,1,1.0,1.0,1.0,1.0,1.0
1378,max_rounds,0,,,,,1,1,2,2,2,6,6,4,-1,0,0,s1a3_greedy,1,0,0.16974692419171333,0.15019527450203896,7,0,0,0,0,0,0,0,0.0,0.5,0.8333333333333334,0.6666666666666666,0.6666666666666666,0,0.0,0.5,0.8333333333333334,0.6666666666666666,0.6666666666666666,0,0.0,0.5,0.6666666666666666,0.5833333333333334,0.5833333333333334,0,0.0,0.5,0.6666666666666666,0.5833333333333334,0.5833333333333334
1379,max_rounds,0,,,,,1,1,5,4,4,14,14,4,0,-1,0,s1a3_greedy,1,0,0.23930209192136923,0.09758825848499934,6,2,2,3,3,1,0,0,0.2222222222222222,0.16666666666666666,0.6666666666666666,0.4166666666666667,0.5833333333333334,0,0.2222222222222222,0.16666666666666666,0.6666666666666666,0.4166666666666667,0.5833333333333334,0,0.3333333333333333,0.0,1.0,0.5,0.75,0,0.3333333333333333,0.0,1.0,0.5,0.75
1380,no_strict_e1_improvement,0,,,,,1,0,1,1,1,1,1,4,0,0,-1,current,0,0,0.11192136576088767,0.11192136576088767,9,0,0,0,0,0,0,0,0.0,0.5,1.0,0.75,0.75,0,0.0,0.5,1.0,0.75,0.75,0,0.0,0.5,1.0,0.75,0.75,0,0.0,0.5,1.0,0.75,0.75
1381,no_strict_e1_improvement,0,,,,,1,0,1,1,1,1,1,4,0,0,-1,current,0,0,0.010897698365927985,0.010897698365927985,11,9,9,9,9,0,0,1,1.0,1.0,1.0,1.0,1.0,1,1.0,1.0,1.0,1.0,1.0,1,1.0,1.0,1.0,1.0,1.0,1,1.0,1.0,1.0,1.0,1.0
1382,max_rounds,0,,,,,1,1,3,2,2,7,7,4,0,-1,0,s1a3_greedy,1,0,0.22910550884747258,0.04718839280152073,10,0,0,9,9,9,0,0,0.0,0.5,0.6666666666666666,0.5833333333333334,0.75,0,0.0,0.5,0.6666666666666666,0.5833333333333334,0.75,1,1.0,1.0,1.0,1.0,1.0,1,1.0,1.0,1.0,1.0,1.0
1383,max_rounds,0,,,,,1,1,3,2,2,6,6,4,0,1,0,s1a3_greedy,1,0,0.20337513585885367,0.036755889654159546,11,0,0,9,9,9,0,0,0.0,0.5,0.8333333333333334,0.6666666666666666,0.6666666666666666,0,0.0,0.5,0.8333333333333334,0.6666666666666666,0.6666666666666666,1,1.0,1.0,1.0,1.0,1.0,1,1.0,1.0,1.0,1.0,1.0
1384,no_strict_e1_improvement,0,,,,,1,0,1,1,1,1,1,4,0,0,-1,current,0,0,0.03993860197563966,0.03993860197563966,10,0,0,0,0,0,0,0,0.0,0.5,1.0,0.75,0.75,0,0.0,0.5,1.0,0.75,0.75,0,0.0,0.5,1.0,0.75,0.75,0,0.0,0.5,1.0,0.75,0.75
1385,no_strict_e1_improvement,0,,,,,1,0,1,1,1,1,1,4,0,0,-1,current,0,0,0.04244630225002766,0.04244630225002766,8,0,0,0,0,0,0,0,0.0,0.5,1.0,0.75,0.75,0,0.0,0.5,1.0,0.75,0.75,0,0.0,0.5,1.0,0.75,0.75,0,0.0,0.5,1.0,0.75,0.75
1386,no_strict_e1_improvement,0,,,,,1,0,1,1,1,1,1,4,0,0,-1,current,0,0,0.07520022181173165,0.07520022181173165,8,0,0,0,0,0,0,0,0.0,0.8333333333333334,0.5,0.6666666666666666,0.6666666666666666,0,0.0,0.8333333333333334,0.5,0.6666666666666666,0.6666666666666666,0,0.0,0.8333333333333334,0.5,0.6666666666666666,0.6666666666666666,0,0.0,0.8333333333333334,0.5,0.6666666666666666,0.6666666666666666
1387,no_strict_e1_improvement,0,,,,,1,0,1,1,1,1,1,4,0,0,-1,current,0,0,0.004695925847045146,0.004695925847045146,10,9,9,9,9,0,0,1,1.0,1.0,1.0,1.0,1.0,1,1.0,1.0,1.0,1.0,1.0,1,1.0,1.0,1.0,1.0,1.0,1,1.0,1.0,1.0,1.0,1.0
1388,no_strict_e1_improvement,0,,,,,1,0,1,1,1,1,1,4,0,0,-1,current,0,0,0.010322161639730135,0.010322161639730135,11,9,9,9,9,0,0,1,1.0,1.0,1.0,1.0,1.0,1,1.0,1.0,1.0,1.0,1.0,1,1.0,1.0,1.0,1.0,1.0,1,1.0,1.0,1.0,1.0,1.0
1389,no_strict_e1_improvement,0,,,,,1,0,1,1,1,1,1,4,0,0,-1,current,0,0,0.017848512002577383,0.017848512002577383,11,0,0,0,0,0,0,0,0.0,0.5,1.0,0.75,0.75,0,0.0,0.5,1.0,0.75,0.75,0,0.0,0.5,1.0,0.75,0.75,0,0.0,0.5,1.0,0.75,0.75
1390,no_strict_e1_improvement,0,,,,,1,0,1,1,1,1,1,4,0,0,-1,current,0,0,0.128952755437543,0.128952755437543,6,0,0,0,0,0,0,0,0.0,0.5,0.3333333333333333,0.4166666666666667,0.75,0,0.0,0.5,0.3333333333333333,0.4166666666666667,0.75,0,0.0,0.5,0.3333333333333333,0.4166666666666667,0.75,0,0.0,0.5,0.3333333333333333,0.4166666666666667,0.75
1391,no_strict_e1_improvement,0,,,,,1,0,1,1,1,1,1,4,0,0,-1,current,0,0,0.031961830953756966,0.031961830953756966,10,0,0,0,0,0,0,0,0.0,0.6666666666666666,0.5,0.5833333333333334,0.6666666666666666,0,0.0,0.6666666666666666,0.5,0.5833333333333334,0.6666666666666666,0,0.0,0.6666666666666666,0.5,0.5833333333333334,0.6666666666666666,0,0.0,0.6666666666666666,0.5,0.5833333333333334,0.6666666666666666
1392,max_rounds,0,,,,,1,1,5,4,4,14,14,4,0,1,1,profiled_beam,1,1,0.23549143597483635,0.09551339239502947,8,5,5,0,0,-5,0,0,0.5555555555555556,0.3333333333333333,0.5,0.4166666666666667,0.75,0,0.5555555555555556,0.3333333333333333,0.5,0.4166666666666667,0.75,0,0.0,0.3333333333333333,0.5,0.4166666666666667,0.75,0,0.0,0.5,1.0,0.75,0.75
1393,max_rounds,0,,,,,1,1,5,4,4,15,15,4,0,0,0,s1a3_greedy,1,0,0.15470909979194403,0.15371759328991175,5,6,6,5,5,-1,0,0,0.6666666666666666,0.8333333333333334,0.5,0.6666666666666666,0.6666666666666666,0,0.6666666666666666,0.8333333333333334,0.5,0.6666666666666666,0.6666666666666666,0,0.5555555555555556,0.5,0.3333333333333333,0.4166666666666667,0.4166666666666667,0,0.5555555555555556,0.5,0.3333333333333333,0.4166666666666667,0.4166666666666667
1394,no_strict_e1_improvement,0,,,,,1,0,1,1,1,1,1,4,0,0,-1,current,0,0,0.09345478347192208,0.09345478347192208,10,0,0,0,0,0,0,0,0.0,0.0,0.8333333333333334,0.4166666666666667,0.4166666666666667,0,0.0,0.0,0.8333333333333334,0.4166666666666667,0.4166666666666667,0,0.0,0.0,0.8333333333333334,0.4166666666666667,0.4166666666666667,0,0.0,0.0,0.8333333333333334,0.4166666666666667,0.4166666666666667
1395,partial_completed__no_strict_e1_improvement,1,,3,2,2,1,0,1,1,1,1,1,4,0,0,-1,current,1,0,0.004860937789392968,0.004860937789392968,9,6,9,9,9,3,0,0,0.6666666666666666,0.5,0.6666666666666666,0.5833333333333334,0.5833333333333334,1,1.0,1.0,1.0,1.0,1.0,1,1.0,1.0,1.0,1.0,1.0,1,1.0,1.0,1.0,1.0,1.0
1396,max_rounds,0,,,,,1,1,5,4,4,12,12,4,1,0,1,profiled_beam,1,1,0.2713555932665865,0.036741295053313174,7,0,0,9,0,0,-9,0,0.0,0.3333333333333333,0.5,0.4166666666666667,0.4166666666666667,0,0.0,0.3333333333333333,0.5,0.4166666666666667,0.4166666666666667,1,1.0,1.0,1.0,1.0,1.0,0,0.0,0.5,1.0,0.75,0.75
1397,no_strict_e1_improvement,0,,,,,1,0,1,1,1,1,1,4,0,0,-1,current,0,0,0.07631231502940257,0.07631231502940257,9,0,0,0,0,0,0,0,0.0,0.5,0.5,0.5,0.5,0,0.0,0.5,0.5,0.5,0.5,0,0.0,0.5,0.5,0.5,0.5,0,0.0,0.5,0.5,0.5,0.5
1398,max_rounds,0,,,,,1,1,2,2,2,6,6,4,1,0,0,s1a3_greedy,1,0,0.08333333333333333,0.0,12,0,0,9,9,9,0,0,0.0,1.0,0.5,0.75,0.75,0,0.0,1.0,0.5,0.75,0.75,1,1.0,1.0,1.0,1.0,1.0,1,1.0,1.0,1.0,1.0,1.0
1399,no_strict_e1_improvement,0,,,,,1,0,1,1,1,1,1,4,0,0,-1,current,0,0,0.0712888225292166,0.0712888225292166,7,0,0,0,0,0,0,0,0.0,0.16666666666666666,0.3333333333333333,0.25,0.4166666666666667,0,0.0,0.16666666666666666,0.3333333333333333,0.25,0.4166666666666667,0,0.0,0.16666666666666666,0.3333333333333333,0.25,0.4166666666666667,0,0.0,0.16666666666666666,0.3333333333333333,0.25,0.4166666666666667
1400,small_component,0,,,,,1,0,0,0,0,0,0,4,0,0,-1,current,0,0,0.3750781236837308,0.3750781236837308,6,0,0,0,0,0,0,0,0.0,0.5,0.16666666666666666,0.3333333333333333,0.4166666666666667,0,0.0,0.5,0.16666666666666666,0.3333333333333333,0.4166666666666667,0,0.0,0.5,0.16666666666666666,0.3333333333333333,0.4166666666666667,0,0.0,0.5,0.16666666666666666,0.3333333333333333,0.4166666666666667
1401,partial_completed__small_component,1,,3,2,4,1,0,0,0,0,0,0,4,0,0,-1,current,1,0,0.1875071171671152,0.1875071171671152,6,0,0,0,0,0,0,0,0.0,0.0,0.3333333333333333,0.16666666666666666,0.25,0,0.0,0.16666666666666666,0.5,0.3333333333333333,0.4166666666666667,0,0.0,0.16666666666666666,0.5,0.3333333333333333,0.4166666666666667,0,0.0,0.16666666666666666,0.5,0.3333333333333333,0.4166666666666667
1402,no_strict_e1_improvement,0,,,,,1,0,1,1,1,1,1,4,0,0,-1,current,0,0,0.04072969717284044,0.04072969717284044,7,0,0,0,0,0,0,0,0.0,1.0,0.5,0.75,0.75,0,0.0,1.0,0.5,0.75,0.75,0,0.0,1.0,0.5,0.75,0.75,0,0.0,1.0,0.5,0.75,0.75
1403,no_strict_e1_improvement,0,,,,,1,0,1,1,1,1,1,4,0,0,-1,current,0,0,0.067006036794434,0.067006036794434,8,0,0,0,0,0,0,0,0.0,1.0,0.5,0.75,0.75,0,0.0,1.0,0.5,0.75,0.75,0,0.0,1.0,0.5,0.75,0.75,0,0.0,1.0,0.5,0.75,0.75
1404,small_component,0,,,,,1,0,0,0,0,0,0,4,0,0,-1,current,0,0,0.3811524783571561,0.3811524783571561,4,0,0,0,0,0,0,0,0.0,0.3333333333333333,0.16666666666666666,0.25,0.3333333333333333,0,0.0,0.3333333333333333,0.16666666666666666,0.25,0.3333333333333333,0,0.0,0.3333333333333333,0.16666666666666666,0.25,0.3333333333333333,0,0.0,0.3333333333333333,0.16666666666666666,0.25,0.3333333333333333
1405,max_rounds,0,,,,,1,1,3,2,2,7,7,4,1,0,1,profiled_beam,1,1,0.1734646363183856,0.09800220498194297,8,6,6,0,0,-6,0,0,0.6666666666666666,0.8333333333333334,0.5,0.6666666666666666,0.6666666666666666,0,0.6666666666666666,0.8333333333333334,0.5,0.6666666666666666,0.6666666666666666,0,0.0,0.6666666666666666,0.5,0.5833333333333334,0.75,0,0.0,1.0,0.5,0.75,0.75
1406,no_strict_e1_improvement,0,,,,,1,0,2,2,2,5,5,4,0,0,-1,current,0,0,0.038519839445749916,0.038519839445749916,10,9,9,9,9,0,0,1,1.0,1.0,1.0,1.0,1.0,1,1.0,1.0,1.0,1.0,1.0,1,1.0,1.0,1.0,1.0,1.0,1,1.0,1.0,1.0,1.0,1.0
1407,no_strict_e1_improvement,0,,,,,1,0,1,1,1,1,1,4,0,0,-1,current,0,0,0.008010323469837507,0.008010323469837507,11,9,9,9,9,0,0,1,1.0,1.0,1.0,1.0,1.0,1,1.0,1.0,1.0,1.0,1.0,1,1.0,1.0,1.0,1.0,1.0,1,1.0,1.0,1.0,1.0,1.0
1408,no_strict_e1_improvement,0,,,,,1,0,1,1,1,1,1,4,0,0,-1,current,0,0,0.0069486213227113085,0.0069486213227113085,11,9,9,9,9,0,0,1,1.0,1.0,1.0,1.0,1.0,1,1.0,1.0,1.0,1.0,1.0,1,1.0,1.0,1.0,1.0,1.0,1,1.0,1.0,1.0,1.0,1.0
1409,max_rounds,0,,,,,1,1,5,4,4,15,15,4,1,-1,1,profiled_beam,1,1,0.32678215329845745,0.22404708651204905,4,3,3,2,0,-3,-2,0,0.3333333333333333,0.0,0.8333333333333334,0.4166666666666667,0.4166666666666667,0,0.3333333333333333,0.0,0.8333333333333334,0.4166666666666667,0.4166666666666667,0,0.2222222222222222,0.16666666666666666,0.6666666666666666,0.4166666666666667,0.4166666666666667,0,0.0,0.16666666666666666,0.5,0.3333333333333333,0.5
1410,no_strict_e1_improvement,0,,,,,1,0,2,2,2,6,6,4,0,0,-1,current,0,0,0.07421675821145375,0.07421675821145375,8,0,0,0,0,0,0,0,0.0,0.5,1.0,0.75,0.75,0,0.0,0.5,1.0,0.75,0.75,0,0.0,0.5,1.0,0.75,0.75,0,0.0,0.5,1.0,0.75,0.75
1411,max_rounds,0,,,,,1,1,3,2,2,6,6,4,0,0,1,profiled_beam,1,1,0.16744695665935674,0.06661791043976943,8,6,6,7,9,3,2,0,0.6666666666666666,0.8333333333333334,0.5,0.6666666666666666,0.6666666666666666,0,0.6666666666666666,0.8333333333333334,0.5,0.6666666666666666,0.6666666666666666,0,0.7777777777777778,0.6666666666666666,0.6666666666666666,0.6666666666666666,0.75,1,1.0,1.0,1.0,1.0,1.0
1412,no_strict_e1_improvement,0,,,,,1,0,1,1,1,1,1,4,0,0,-1,current,0,0,0.018712986221847434,0.018712986221847434,11,9,9,9,9,0,0,1,1.0,1.0,1.0,1.0,1.0,1,1.0,1.0,1.0,1.0,1.0,1,1.0,1.0,1.0,1.0,1.0,1,1.0,1.0,1.0,1.0,1.0
1413,no_strict_e1_improvement,0,,,,,1,0,1,1,1,1,1,4,0,0,-1,current,0,0,0.18329238332808018,0.18329238332808018,6,0,0,0,0,0,0,0,0.0,0.5,0.6666666666666666,0.5833333333333334,0.6666666666666666,0,0.0,0.5,0.6666666666666666,0.5833333333333334,0.6666666666666666,0,0.0,0.5,0.6666666666666666,0.5833333333333334,0.6666666666666666,0,0.0,0.5,0.6666666666666666,0.5833333333333334,0.6666666666666666
1414,max_rounds,0,,,,,1,1,3,2,2,6,6,4,0,1,0,s1a3_greedy,1,0,0.10755684884497896,0.04224993201205507,8,0,0,9,9,9,0,0,0.0,0.5,0.6666666666666666,0.5833333333333334,0.6666666666666666,0,0.0,0.5,0.6666666666666666,0.5833333333333334,0.6666666666666666,1,1.0,1.0,1.0,1.0,1.0,1,1.0,1.0,1.0,1.0,1.0
1415,no_strict_e1_improvement,0,,,,,1,0,2,2,2,6,6,4,0,0,-1,current,0,0,0.10044704992712165,0.10044704992712165,9,9,9,9,9,0,0,1,1.0,1.0,1.0,1.0,1.0,1,1.0,1.0,1.0,1.0,1.0,1,1.0,1.0,1.0,1.0,1.0,1,1.0,1.0,1.0,1.0,1.0
1416,no_strict_e1_improvement,0,,,,,1,0,1,1,1,1,1,4,0,0,-1,current,0,0,0.11405669152736664,0.11405669152736664,8,9,9,9,9,0,0,1,1.0,1.0,1.0,1.0,1.0,1,1.0,1.0,1.0,1.0,1.0,1,1.0,1.0,1.0,1.0,1.0,1,1.0,1.0,1.0,1.0,1.0
1417,max_rounds,0,,,,,1,1,2,1,1,2,2,4,0,0,0,s1a3_greedy,1,0,0.24256461610396704,0.04372426370779673,9,7,7,9,9,2,0,0,0.7777777777777778,0.6666666666666666,0.6666666666666666,0.6666666666666666,0.6666666666666666,0,0.7777777777777778,0.6666666666666666,0.6666666666666666,0.6666666666666666,0.6666666666666666,1,1.0,1.0,1.0,1.0,1.0,1,1.0,1.0,1.0,1.0,1.0
1418,no_strict_e1_improvement,0,,,,,1,0,1,1,1,1,1,4,0,0,-1,current,0,0,0.02903961615326504,0.02903961615326504,9,6,6,6,6,0,0,0,0.6666666666666666,0.8333333333333334,0.5,0.6666666666666666,0.6666666666666666,0,0.6666666666666666,0.8333333333333334,0.5,0.6666666666666666,0.6666666666666666,0,0.6666666666666666,0.8333333333333334,0.5,0.6666666666666666,0.6666666666666666,0,0.6666666666666666,0.8333333333333334,0.5,0.6666666666666666,0.6666666666666666
1419,no_strict_e1_improvement,0,,,,,1,0,2,2,2,6,6,4,0,0,-1,current,0,0,0.17540245627363524,0.17540245627363524,7,0,0,0,0,0,0,0,0.0,0.5,0.6666666666666666,0.5833333333333334,0.6666666666666666,0,0.0,0.5,0.6666666666666666,0.5833333333333334,0.6666666666666666,0,0.0,0.5,0.6666666666666666,0.5833333333333334,0.6666666666666666,0,0.0,0.5,0.6666666666666666,0.5833333333333334,0.6666666666666666
1420,no_strict_e1_improvement,0,,,,,1,0,1,1,1,1,1,4,0,0,-1,current,0,0,0.018411223931858938,0.018411223931858938,10,9,9,9,9,0,0,1,1.0,1.0,1.0,1.0,1.0,1,1.0,1.0,1.0,1.0,1.0,1,1.0,1.0,1.0,1.0,1.0,1,1.0,1.0,1.0,1.0,1.0
1421,no_strict_e1_improvement,0,,,,,1,0,1,1,1,1,1,4,0,0,-1,current,0,0,0.04170806147158146,0.04170806147158146,10,9,9,9,9,0,0,1,1.0,1.0,1.0,1.0,1.0,1,1.0,1.0,1.0,1.0,1.0,1,1.0,1.0,1.0,1.0,1.0,1,1.0,1.0,1.0,1.0,1.0
1422,max_rounds,0,,,,,1,1,3,2,2,6,6,4,-1,0,1,profiled_beam,1,1,0.1177027728408575,0.027727539263044793,8,0,0,3,0,0,-3,0,0.0,0.6666666666666666,0.5,0.5833333333333334,0.5833333333333334,0,0.0,0.6666666666666666,0.5,0.5833333333333334,0.5833333333333334,0,0.3333333333333333,0.6666666666666666,0.5,0.5833333333333334,0.5833333333333334,0,0.0,0.5,1.0,0.75,0.75
1423,no_strict_e1_improvement,0,,,,,1,0,2,2,2,5,5,4,0,0,-1,current,0,0,0.09575367718935013,0.09575367718935013,9,5,5,5,5,0,0,0,0.5555555555555556,0.3333333333333333,0.6666666666666666,0.5,0.6666666666666666,0,0.5555555555555556,0.3333333333333333,0.6666666666666666,0.5,0.6666666666666666,0,0.5555555555555556,0.3333333333333333,0.6666666666666666,0.5,0.6666666666666666,0,0.5555555555555556,0.3333333333333333,0.6666666666666666,0.5,0.6666666666666666
1424,max_rounds,0,,,,,1,1,3,2,2,6,6,4,-1,0,1,profiled_beam,1,1,0.17008326932167014,0.05546447060381373,6,0,0,1,1,1,0,0,0.0,0.6666666666666666,0.5,0.5833333333333334,0.5833333333333334,0,0.0,0.6666666666666666,0.5,0.5833333333333334,0.5833333333333334,0,0.1111111111111111,0.3333333333333333,0.6666666666666666,0.5,0.6666666666666666,0,0.1111111111111111,0.3333333333333333,0.6666666666666666,0.5,0.5833333333333334
1425,no_strict_e1_improvement,0,,,,,1,0,1,1,1,1,1,4,0,0,-1,current,0,0,0.14028400147799402,0.14028400147799402,6,0,0,0,0,0,0,0,0.0,0.5,0.16666666666666666,0.3333333333333333,0.5,0,0.0,0.5,0.16666666666666666,0.3333333333333333,0.5,0,0.0,0.5,0.16666666666666666,0.3333333333333333,0.5,0,0.0,0.5,0.16666666666666666,0.3333333333333333,0.5
1426,no_strict_e1_improvement,0,,,,,1,0,1,1,1,1,1,4,0,0,-1,current,0,0,0.01589116205771764,0.01589116205771764,9,0,0,0,0,0,0,0,0.0,0.5,1.0,0.75,0.75,0,0.0,0.5,1.0,0.75,0.75,0,0.0,0.5,1.0,0.75,0.75,0,0.0,0.5,1.0,0.75,0.75
1427,no_strict_e1_improvement,0,,,,,1,0,1,1,1,1,1,4,0,0,-1,current,0,0,0.006024767644703388,0.006024767644703388,10,0,0,0,0,0,0,0,0.0,0.5,1.0,0.75,0.75,0,0.0,0.5,1.0,0.75,0.75,0,0.0,0.5,1.0,0.75,0.75,0,0.0,0.5,1.0,0.75,0.75
1428,no_strict_e1_improvement,0,,,,,1,0,1,1,1,1,1,4,0,0,-1,current,0,0,0.05231776612345129,0.05231776612345129,8,0,0,0,0,0,0,0,0.0,0.5,0.5,0.5,0.5,0,0.0,0.5,0.5,0.5,0.5,0,0.0,0.5,0.5,0.5,0.5,0,0.0,0.5,0.5,0.5,0.5
1429,max_rounds,0,,,,,1,1,4,4,4,14,14,4,1,0,1,profiled_beam,1,1,0.11605973759045203,0.11120455556859572,7,0,0,0,0,0,0,0,0.0,0.6666666666666666,0.0,0.3333333333333333,0.3333333333333333,0,0.0,0.6666666666666666,0.0,0.3333333333333333,0.3333333333333333,0,0.0,0.6666666666666666,0.0,0.3333333333333333,0.3333333333333333,0,0.0,0.5,0.5,0.5,0.5
1430,no_strict_e1_improvement,0,,,,,1,0,1,1,1,1,1,4,0,0,-1,current,0,0,0.020763309284423787,0.020763309284423787,10,0,0,0,0,0,0,0,0.0,0.5,1.0,0.75,0.75,0,0.0,0.5,1.0,0.75,0.75,0,0.0,0.5,1.0,0.75,0.75,0,0.0,0.5,1.0,0.75,0.75
1431,max_rounds,0,,,,,1,1,5,4,4,12,12,4,-1,-1,0,s1a3_greedy,1,0,0.22948023304343224,0.009602829193075499,12,0,0,9,9,9,0,0,0.0,0.5,0.3333333333333333,0.4166666666666667,0.5,0,0.0,0.5,0.3333333333333333,0.4166666666666667,0.5,1,1.0,1.0,1.0,1.0,1.0,1,1.0,1.0,1.0,1.0,1.0
1432,no_strict_e1_improvement,0,,,,,1,0,1,1,1,1,1,4,0,0,-1,current,0,0,0.008641080853218833,0.008641080853218833,9,0,0,0,0,0,0,0,0.0,0.5,1.0,0.75,0.75,0,0.0,0.5,1.0,0.75,0.75,0,0.0,0.5,1.0,0.75,0.75,0,0.0,0.5,1.0,0.75,0.75
1433,no_strict_e1_improvement,0,,,,,1,0,1,1,1,1,1,4,0,0,-1,current,0,0,0.026587532988439005,0.026587532988439005,10,9,9,9,9,0,0,1,1.0,1.0,1.0,1.0,1.0,1,1.0,1.0,1.0,1.0,1.0,1,1.0,1.0,1.0,1.0,1.0,1,1.0,1.0,1.0,1.0,1.0
1434,small_component,0,,,,,1,0,0,0,0,0,0,4,0,0,-1,current,0,0,0.25243477647503215,0.25243477647503215,6,0,0,0,0,0,0,0,0.0,0.3333333333333333,0.16666666666666666,0.25,0.4166666666666667,0,0.0,0.3333333333333333,0.16666666666666666,0.25,0.4166666666666667,0,0.0,0.3333333333333333,0.16666666666666666,0.25,0.4166666666666667,0,0.0,0.3333333333333333,0.16666666666666666,0.25,0.4166666666666667
1435,no_strict_e1_improvement,0,,,,,1,0,1,1,1,1,1,4,0,0,-1,current,0,0,0.009204907963673273,0.009204907963673273,11,9,9,9,9,0,0,1,1.0,1.0,1.0,1.0,1.0,1,1.0,1.0,1.0,1.0,1.0,1,1.0,1.0,1.0,1.0,1.0,1,1.0,1.0,1.0,1.0,1.0
1436,no_strict_e1_improvement,0,,,,,1,0,1,1,1,1,1,4,0,0,-1,current,0,0,0.05535098910331726,0.05535098910331726,9,0,0,0,0,0,0,0,0.0,0.5,0.8333333333333334,0.6666666666666666,0.6666666666666666,0,0.0,0.5,0.8333333333333334,0.6666666666666666,0.6666666666666666,0,0.0,0.5,0.8333333333333334,0.6666666666666666,0.6666666666666666,0,0.0,0.5,0.8333333333333334,0.6666666666666666,0.6666666666666666
1437,small_component,0,,,,,1,0,0,0,0,0,0,4,0,0,-1,current,0,0,0.08961785522600015,0.08961785522600015,6,0,0,0,0,0,0,0,0.0,0.8333333333333334,0.5,0.6666666666666666,0.6666666666666666,0,0.0,0.8333333333333334,0.5,0.6666666666666666,0.6666666666666666,0,0.0,0.8333333333333334,0.5,0.6666666666666666,0.6666666666666666,0,0.0,0.8333333333333334,0.5,0.6666666666666666,0.6666666666666666
1438,no_strict_e1_improvement,0,,,,,1,0,1,1,1,1,1,4,0,0,-1,current,0,0,0.026827407418750226,0.026827407418750226,9,3,3,3,3,0,0,0,0.3333333333333333,0.6666666666666666,0.5,0.5833333333333334,0.5833333333333334,0,0.3333333333333333,0.6666666666666666,0.5,0.5833333333333334,0.5833333333333334,0,0.3333333333333333,0.6666666666666666,0.5,0.5833333333333334,0.5833333333333334,0,0.3333333333333333,0.6666666666666666,0.5,0.5833333333333334,0.5833333333333334
1439,no_strict_e1_improvement,0,,,,,1,0,1,1,1,1,1,4,0,0,-1,current,0,0,0.04587582033127546,0.04587582033127546,10,9,9,9,9,0,0,1,1.0,1.0,1.0,1.0,1.0,1,1.0,1.0,1.0,1.0,1.0,1,1.0,1.0,1.0,1.0,1.0,1,1.0,1.0,1.0,1.0,1.0
1440,max_rounds,0,,,,,1,1,5,4,4,14,14,4,-1,0,1,profiled_beam,1,1,0.23932851299953958,0.20330472981246808,6,0,0,0,1,1,1,0,0.0,0.16666666666666666,0.5,0.3333333333333333,0.3333333333333333,0,0.0,0.16666666666666666,0.5,0.3333333333333333,0.3333333333333333,0,0.0,0.0,0.5,0.25,0.25,0,0.1111111111111111,0.16666666666666666,0.3333333333333333,0.25,0.3333333333333333
1441,no_strict_e1_improvement,0,,,,,1,0,1,1,1,1,1,4,0,0,-1,current,0,0,0.005141106434166431,0.005141106434166431,10,0,0,0,0,0,0,0,0.0,0.5,1.0,0.75,0.75,0,0.0,0.5,1.0,0.75,0.75,0,0.0,0.5,1.0,0.75,0.75,0,0.0,0.5,1.0,0.75,0.75
1442,max_rounds,0,,,,,1,1,2,2,2,6,6,4,1,0,0,s1a3_greedy,1,0,0.07349378243088722,0.02137988681594531,10,0,0,9,9,9,0,0,0.0,1.0,0.5,0.75,0.75,0,0.0,1.0,0.5,0.75,0.75,1,1.0,1.0,1.0,1.0,1.0,1,1.0,1.0,1.0,1.0,1.0
1443,small_component,0,,,,,1,0,0,0,0,0,0,4,0,0,-1,current,0,0,0.14390062230328718,0.14390062230328718,7,0,0,0,0,0,0,0,0.0,0.16666666666666666,0.3333333333333333,0.25,0.5,0,0.0,0.16666666666666666,0.3333333333333333,0.25,0.5,0,0.0,0.16666666666666666,0.3333333333333333,0.25,0.5,0,0.0,0.16666666666666666,0.3333333333333333,0.25,0.5
1444,max_rounds,0,,,,,1,1,5,4,4,15,15,4,-1,0,1,profiled_beam,1,1,0.21204492449760437,0.08854224098225434,7,1,1,1,3,2,2,0,0.1111111111111111,0.6666666666666666,0.3333333333333333,0.5,0.6666666666666666,0,0.1111111111111111,0.6666666666666666,0.3333333333333333,0.5,0.6666666666666666,0,0.1111111111111111,0.6666666666666666,0.0,0.3333333333333333,0.5,0,0.3333333333333333,0.5,0.6666666666666666,0.5833333333333334,0.5833333333333334
1445,max_rounds,0,,,,,1,1,5,4,4,13,13,4,-1,0,1,profiled_beam,1,1,0.23230948358955553,0.1399691334615151,3,0,0,0,1,1,1,0,0.0,0.16666666666666666,0.0,0.08333333333333333,0.16666666666666666,0,0.0,0.16666666666666666,0.0,0.08333333333333333,0.16666666666666666,0,0.0,0.16666666666666666,0.0,0.08333333333333333,0.16666666666666666,0,0.1111111111111111,0.16666666666666666,0.0,0.08333333333333333,0.16666666666666666
1446,max_rounds,0,,,,,1,1,5,4,4,13,13,4,-1,1,1,profiled_beam,1,1,0.1681540505378507,0.045048993022646755,7,0,0,2,1,1,-1,0,0.0,0.16666666666666666,0.3333333333333333,0.25,0.5833333333333334,0,0.0,0.16666666666666666,0.3333333333333333,0.25,0.5833333333333334,0,0.2222222222222222,0.16666666666666666,0.3333333333333333,0.25,0.4166666666666667,0,0.1111111111111111,0.0,0.3333333333333333,0.16666666666666666,0.3333333333333333
1447,max_rounds,0,,,,,1,1,5,4,4,15,15,4,0,0,1,profiled_beam,1,1,0.22976690096159777,0.1564735813687245,5,0,0,2,0,0,-2,0,0.0,0.6666666666666666,0.16666666666666666,0.4166666666666667,0.5833333333333334,0,0.0,0.6666666666666666,0.16666666666666666,0.4166666666666667,0.5833333333333334,0,0.2222222222222222,0.3333333333333333,0.16666666666666666,0.25,0.5,0,0.0,0.5,0.16666666666666666,0.3333333333333333,0.5833333333333334
1448,no_strict_e1_improvement,0,,,,,1,0,1,1,1,1,1,4,0,0,-1,current,0,0,3.091482115754237e-05,3.091482115754237e-05,12,9,9,9,9,0,0,1,1.0,1.0,1.0,1.0,1.0,1,1.0,1.0,1.0,1.0,1.0,1,1.0,1.0,1.0,1.0,1.0,1,1.0,1.0,1.0,1.0,1.0
1449,max_rounds,0,,,,,1,1,3,2,2,7,7,4,0,0,1,profiled_beam,1,1,0.14481855339060226,0.12556059192866087,5,0,0,0,2,2,2,0,0.0,0.5,0.0,0.25,0.4166666666666667,0,0.0,0.5,0.0,0.25,0.4166666666666667,0,0.0,0.5,0.0,0.25,0.4166666666666667,0,0.2222222222222222,0.16666666666666666,0.16666666666666666,0.16666666666666666,0.3333333333333333
1450,no_strict_e1_improvement,0,,,,,1,0,1,1,1,1,1,4,0,0,-1,current,0,0,0.004209318198263645,0.004209318198263645,12,9,9,9,9,0,0,1,1.0,1.0,1.0,1.0,1.0,1,1.0,1.0,1.0,1.0,1.0,1,1.0,1.0,1.0,1.0,1.0,1,1.0,1.0,1.0,1.0,1.0
1451,no_strict_e1_improvement,0,,,,,1,0,1,1,1,1,1,4,0,0,-1,current,0,0,0.006182693061418831,0.006182693061418831,10,0,0,0,0,0,0,0,0.0,0.5,1.0,0.75,0.75,0,0.0,0.5,1.0,0.75,0.75,0,0.0,0.5,1.0,0.75,0.75,0,0.0,0.5,1.0,0.75,0.75
1452,max_rounds,0,,,,,1,1,3,2,2,4,4,4,1,0,0,s1a3_greedy,1,0,0.23339400440454483,0.10016500779117148,6,0,0,9,9,9,0,0,0.0,0.8333333333333334,0.5,0.6666666666666666,0.6666666666666666,0,0.0,0.8333333333333334,0.5,0.6666666666666666,0.6666666666666666,1,1.0,1.0,1.0,1.0,1.0,1,1.0,1.0,1.0,1.0,1.0
1453,max_rounds,0,,,,,1,1,3,2,2,6,6,4,0,0,0,s1a3_greedy,1,0,0.18636265490204096,0.11004565244851013,7,1,1,0,0,-1,0,0,0.1111111111111111,0.3333333333333333,0.6666666666666666,0.5,0.5833333333333334,0,0.1111111111111111,0.3333333333333333,0.6666666666666666,0.5,0.5833333333333334,0,0.0,0.5,1.0,0.75,0.75,0,0.0,0.5,1.0,0.75,0.75
1454,no_strict_e1_improvement,0,,,,,1,0,1,1,1,1,1,4,0,0,-1,current,0,0,0.0,0.0,12,9,9,9,9,0,0,1,1.0,1.0,1.0,1.0,1.0,1,1.0,1.0,1.0,1.0,1.0,1,1.0,1.0,1.0,1.0,1.0,1,1.0,1.0,1.0,1.0,1.0
1455,max_rounds,0,,,,,1,1,3,2,2,7,7,4,0,0,0,s1a3_greedy,1,0,0.17642935613791147,0.0908345344165961,8,7,7,9,9,2,0,0,0.7777777777777778,0.6666666666666666,0.6666666666666666,0.6666666666666666,0.75,0,0.7777777777777778,0.6666666666666666,0.6666666666666666,0.6666666666666666,0.75,1,1.0,1.0,1.0,1.0,1.0,1,1.0,1.0,1.0,1.0,1.0
1456,small_component,0,,,,,1,0,0,0,0,0,0,4,0,0,-1,current,0,0,0.3356071636080742,0.3356071636080742,5,2,2,2,2,0,0,0,0.2222222222222222,0.0,0.3333333333333333,0.16666666666666666,0.3333333333333333,0,0.2222222222222222,0.0,0.3333333333333333,0.16666666666666666,0.3333333333333333,0,0.2222222222222222,0.0,0.3333333333333333,0.16666666666666666,0.3333333333333333,0,0.2222222222222222,0.0,0.3333333333333333,0.16666666666666666,0.3333333333333333
1457,max_rounds,0,,,,,1,1,5,4,4,13,13,4,1,-1,0,s1a3_greedy,1,0,0.21933508416016897,0.09521894622594118,8,0,0,0,0,0,0,0,0.0,0.16666666666666666,0.5,0.3333333333333333,0.5,0,0.0,0.16666666666666666,0.5,0.3333333333333333,0.5,0,0.0,0.5,0.3333333333333333,0.4166666666666667,0.5,0,0.0,0.5,0.3333333333333333,0.4166666666666667,0.5
1458,no_strict_e1_improvement,0,,,,,1,0,1,1,1,1,1,4,0,0,-1,current,0,0,0.06109297166888913,0.06109297166888913,9,0,0,0,0,0,0,0,0.0,0.5,1.0,0.75,0.75,0,0.0,0.5,1.0,0.75,0.75,0,0.0,0.5,1.0,0.75,0.75,0,0.0,0.5,1.0,0.75,0.75
1459,small_component,0,,,,,1,0,0,0,0,0,0,4,0,0,-1,current,0,0,0.30335068174948293,0.30335068174948293,5,3,3,3,3,0,0,0,0.3333333333333333,0.0,0.16666666666666666,0.08333333333333333,0.5,0,0.3333333333333333,0.0,0.16666666666666666,0.08333333333333333,0.5,0,0.3333333333333333,0.0,0.16666666666666666,0.08333333333333333,0.5,0,0.3333333333333333,0.0,0.16666666666666666,0.08333333333333333,0.5
1460,no_strict_e1_improvement,0,,,,,1,0,1,1,1,1,1,4,0,0,-1,current,0,0,0.01365303931136926,0.01365303931136926,10,9,9,9,9,0,0,1,1.0,1.0,1.0,1.0,1.0,1,1.0,1.0,1.0,1.0,1.0,1,1.0,1.0,1.0,1.0,1.0,1,1.0,1.0,1.0,1.0,1.0
1461,max_rounds,0,,,,,1,1,3,2,2,7,7,4,0,-1,0,s1a3_greedy,1,0,0.16564974188804626,0.00267755426466465,11,0,0,9,9,9,0,0,0.0,0.5,0.6666666666666666,0.5833333333333334,0.6666666666666666,0,0.0,0.5,0.6666666666666666,0.5833333333333334,0.6666666666666666,1,1.0,1.0,1.0,1.0,1.0,1,1.0,1.0,1.0,1.0,1.0
1462,no_strict_e1_improvement,0,,,,,1,0,1,1,1,1,1,4,0,0,-1,current,0,0,0.06955455647160609,0.06955455647160609,7,0,0,0,0,0,0,0,0.0,0.5,0.8333333333333334,0.6666666666666666,0.6666666666666666,0,0.0,0.5,0.8333333333333334,0.6666666666666666,0.6666666666666666,0,0.0,0.5,0.8333333333333334,0.6666666666666666,0.6666666666666666,0,0.0,0.5,0.8333333333333334,0.6666666666666666,0.6666666666666666
1463,max_rounds,0,,,,,1,1,5,4,4,11,11,4,1,1,1,profiled_beam,1,1,0.23515799082815647,0.028507548617199063,7,7,7,0,0,-7,0,0,0.7777777777777778,0.6666666666666666,0.5,0.5833333333333334,0.5833333333333334,0,0.7777777777777778,0.6666666666666666,0.5,0.5833333333333334,0.5833333333333334,0,0.0,0.5,0.5,0.5,0.5,0,0.0,0.6666666666666666,0.5,0.5833333333333334,0.5833333333333334
1464,max_rounds,0,,,,,1,1,3,2,2,5,5,4,0,0,0,s1a3_greedy,1,0,0.10125873719031613,0.06425511355822285,8,1,1,0,0,-1,0,0,0.1111111111111111,0.3333333333333333,0.6666666666666666,0.5,0.5833333333333334,0,0.1111111111111111,0.3333333333333333,0.6666666666666666,0.5,0.5833333333333334,0,0.0,0.5,1.0,0.75,0.75,0,0.0,0.5,1.0,0.75,0.75
1465,no_strict_e1_improvement,0,,,,,1,0,1,1,1,1,1,4,0,0,-1,current,0,0,0.025185860538234312,0.025185860538234312,8,9,9,9,9,0,0,1,1.0,1.0,1.0,1.0,1.0,1,1.0,1.0,1.0,1.0,1.0,1,1.0,1.0,1.0,1.0,1.0,1,1.0,1.0,1.0,1.0,1.0
1466,no_strict_e1_improvement,0,,,,,1,0,1,1,1,1,1,4,0,0,-1,current,0,0,0.03607625716055433,0.03607625716055433,7,9,9,9,9,0,0,1,1.0,1.0,1.0,1.0,1.0,1,1.0,1.0,1.0,1.0,1.0,1,1.0,1.0,1.0,1.0,1.0,1,1.0,1.0,1.0,1.0,1.0
1467,no_strict_e1_improvement,0,,,,,1,0,1,1,1,1,1,4,0,0,-1,current,0,0,0.09810494507352512,0.09810494507352512,8,9,9,9,9,0,0,1,1.0,1.0,1.0,1.0,1.0,1,1.0,1.0,1.0,1.0,1.0,1,1.0,1.0,1.0,1.0,1.0,1,1.0,1.0,1.0,1.0,1.0
1468,max_rounds,0,,,,,1,1,2,2,2,6,6,4,0,-1,0,s1a3_greedy,1,0,0.17018365317683978,0.1351860378345009,9,0,0,0,0,0,0,0,0.0,0.5,0.5,0.5,0.5,0,0.0,0.5,0.5,0.5,0.5,0,0.0,0.8333333333333334,0.5,0.6666666666666666,0.6666666666666666,0,0.0,0.8333333333333334,0.5,0.6666666666666666,0.6666666666666666
1469,partial_completed__no_strict_e1_improvement,1,,3,2,4,1,0,1,1,1,2,2,4,0,0,-1,current,1,0,0.14899461118814847,0.14899461118814847,7,0,6,6,6,6,0,0,0.0,0.5,0.6666666666666666,0.5833333333333334,0.5833333333333334,0,0.6666666666666666,0.5,0.8333333333333334,0.6666666666666666,0.6666666666666666,0,0.6666666666666666,0.5,0.8333333333333334,0.6666666666666666,0.6666666666666666,0,0.6666666666666666,0.5,0.8333333333333334,0.6666666666666666,0.6666666666666666
1470,small_component,0,,,,,1,0,0,0,0,0,0,4,0,0,-1,current,0,0,0.29362759987513226,0.29362759987513226,6,1,1,1,1,0,0,0,0.1111111111111111,0.16666666666666666,0.16666666666666666,0.16666666666666666,0.3333333333333333,0,0.1111111111111111,0.16666666666666666,0.16666666666666666,0.16666666666666666,0.3333333333333333,0,0.1111111111111111,0.16666666666666666,0.16666666666666666,0.16666666666666666,0.3333333333333333,0,0.1111111111111111,0.16666666666666666,0.16666666666666666,0.16666666666666666,0.3333333333333333
1471,no_strict_e1_improvement,0,,,,,1,0,2,2,2,7,7,4,0,0,-1,current,0,0,0.09613974019885063,0.09613974019885063,8,9,9,9,9,0,0,1,1.0,1.0,1.0,1.0,1.0,1,1.0,1.0,1.0,1.0,1.0,1,1.0,1.0,1.0,1.0,1.0,1,1.0,1.0,1.0,1.0,1.0
1472,no_strict_e1_improvement,0,,,,,1,0,1,1,1,1,1,4,0,0,-1,current,0,0,0.0135498590922604,0.0135498590922604,10,9,9,9,9,0,0,1,1.0,1.0,1.0,1.0,1.0,1,1.0,1.0,1.0,1.0,1.0,1,1.0,1.0,1.0,1.0,1.0,1,1.0,1.0,1.0,1.0,1.0
1473,max_rounds,0,,,,,1,1,5,4,4,16,16,4,0,-1,1,profiled_beam,1,1,0.2947187051177025,0.193620586146911,6,0,0,1,2,2,1,0,0.0,0.3333333333333333,0.16666666666666666,0.25,0.4166666666666667,0,0.0,0.3333333333333333,0.16666666666666666,0.25,0.4166666666666667,0,0.1111111111111111,0.0,0.5,0.25,0.5833333333333334,0,0.2222222222222222,0.16666666666666666,0.3333333333333333,0.25,0.5833333333333334
1474,no_strict_e1_improvement,0,,,,,1,0,1,1,1,1,1,4,0,0,-1,current,0,0,0.07576126760492723,0.07576126760492723,8,0,0,0,0,0,0,0,0.0,0.5,0.6666666666666666,0.5833333333333334,0.5833333333333334,0,0.0,0.5,0.6666666666666666,0.5833333333333334,0.5833333333333334,0,0.0,0.5,0.6666666666666666,0.5833333333333334,0.5833333333333334,0,0.0,0.5,0.6666666666666666,0.5833333333333334,0.5833333333333334
1475,no_strict_e1_improvement,0,,,,,1,0,1,1,1,1,1,4,0,0,-1,current,0,0,0.004099298967048526,0.004099298967048526,11,0,0,0,0,0,0,0,0.0,0.5,1.0,0.75,0.75,0,0.0,0.5,1.0,0.75,0.75,0,0.0,0.5,1.0,0.75,0.75,0,0.0,0.5,1.0,0.75,0.75
1476,no_strict_e1_improvement,0,,,,,1,0,1,1,1,1,1,4,0,0,-1,current,0,0,0.025672702429195244,0.025672702429195244,10,0,0,0,0,0,0,0,0.0,0.5,1.0,0.75,0.75,0,0.0,0.5,1.0,0.75,0.75,0,0.0,0.5,1.0,0.75,0.75,0,0.0,0.5,1.0,0.75,0.75
1477,no_strict_e1_improvement,0,,,,,1,0,1,1,1,2,2,4,0,0,-1,current,0,0,0.10443622463693221,0.10443622463693221,9,0,0,0,0,0,0,0,0.0,0.5,0.8333333333333334,0.6666666666666666,0.6666666666666666,0,0.0,0.5,0.8333333333333334,0.6666666666666666,0.6666666666666666,0,0.0,0.5,0.8333333333333334,0.6666666666666666,0.6666666666666666,0,0.0,0.5,0.8333333333333334,0.6666666666666666,0.6666666666666666
1478,no_strict_e1_improvement,0,,,,,1,0,1,1,1,1,1,4,0,0,-1,current,0,0,0.03622717767332991,0.03622717767332991,10,9,9,9,9,0,0,1,1.0,1.0,1.0,1.0,1.0,1,1.0,1.0,1.0,1.0,1.0,1,1.0,1.0,1.0,1.0,1.0,1,1.0,1.0,1.0,1.0,1.0
1479,max_rounds,0,,,,,1,1,5,4,4,12,12,4,0,1,0,s1a3_greedy,1,0,0.2522892228638132,0.0305783295383056,11,0,0,9,9,9,0,0,0.0,0.3333333333333333,0.6666666666666666,0.5,0.5,0,0.0,0.3333333333333333,0.6666666666666666,0.5,0.5,1,1.0,1.0,1.0,1.0,1.0,1,1.0,1.0,1.0,1.0,1.0
1480,max_rounds,0,,,,,1,1,2,2,2,6,6,4,0,-1,0,s1a3_greedy,1,0,0.0713435720341901,0.03336596551040808,10,0,0,0,0,0,0,0,0.0,0.5,1.0,0.75,0.75,0,0.0,0.5,1.0,0.75,0.75,0,0.0,0.5,1.0,0.75,0.75,0,0.0,0.5,1.0,0.75,0.75
1481,no_strict_e1_improvement,0,,,,,1,0,1,1,1,1,1,4,0,0,-1,current,0,0,0.01626354715942095,0.01626354715942095,10,9,9,9,9,0,0,1,1.0,1.0,1.0,1.0,1.0,1,1.0,1.0,1.0,1.0,1.0,1,1.0,1.0,1.0,1.0,1.0,1,1.0,1.0,1.0,1.0,1.0
1482,no_strict_e1_improvement,0,,,,,1,0,1,1,1,1,1,4,0,0,-1,current,0,0,0.030950577308734257,0.030950577308734257,9,0,0,0,0,0,0,0,0.0,0.5,0.8333333333333334,0.6666666666666666,0.6666666666666666,0,0.0,0.5,0.8333333333333334,0.6666666666666666,0.6666666666666666,0,0.0,0.5,0.8333333333333334,0.6666666666666666,0.6666666666666666,0,0.0,0.5,0.8333333333333334,0.6666666666666666,0.6666666666666666
1483,small_component,0,,,,,1,0,0,0,0,0,0,4,0,0,-1,current,0,0,0.3556356446351856,0.3556356446351856,4,2,2,2,2,0,0,0,0.2222222222222222,0.16666666666666666,0.5,0.3333333333333333,0.4166666666666667,0,0.2222222222222222,0.16666666666666666,0.5,0.3333333333333333,0.4166666666666667,0,0.2222222222222222,0.16666666666666666,0.5,0.3333333333333333,0.4166666666666667,0,0.2222222222222222,0.16666666666666666,0.5,0.3333333333333333,0.4166666666666667
1484,no_strict_e1_improvement,0,,,,,1,0,1,1,1,1,1,4,0,0,-1,current,0,0,0.02004805424561103,0.02004805424561103,10,9,9,9,9,0,0,1,1.0,1.0,1.0,1.0,1.0,1,1.0,1.0,1.0,1.0,1.0,1,1.0,1.0,1.0,1.0,1.0,1,1.0,1.0,1.0,1.0,1.0
1485,small_component,0,,,,,1,0,0,0,0,0,0,4,0,0,-1,current,0,0,0.24674661395450434,0.24674661395450434,7,0,0,0,0,0,0,0,0.0,0.5,0.8333333333333334,0.6666666666666666,0.6666666666666666,0,0.0,0.5,0.8333333333333334,0.6666666666666666,0.6666666666666666,0,0.0,0.5,0.8333333333333334,0.6666666666666666,0.6666666666666666,0,0.0,0.5,0.8333333333333334,0.6666666666666666,0.6666666666666666
1486,max_rounds,0,,,,,1,1,2,2,2,8,8,4,1,0,0,s1a3_greedy,1,0,0.21910422233243784,0.21747696151336035,8,1,1,0,0,-1,0,0,0.1111111111111111,0.5,0.16666666666666666,0.3333333333333333,0.4166666666666667,0,0.1111111111111111,0.5,0.16666666666666666,0.3333333333333333,0.4166666666666667,0,0.0,0.3333333333333333,0.16666666666666666,0.25,0.3333333333333333,0,0.0,0.3333333333333333,0.16666666666666666,0.25,0.3333333333333333
1487,no_strict_e1_improvement,0,,,,,1,0,1,1,1,1,1,4,0,0,-1,current,0,0,0.051541778879861035,0.051541778879861035,8,0,0,0,0,0,0,0,0.0,0.5,0.6666666666666666,0.5833333333333334,0.5833333333333334,0,0.0,0.5,0.6666666666666666,0.5833333333333334,0.5833333333333334,0,0.0,0.5,0.6666666666666666,0.5833333333333334,0.5833333333333334,0,0.0,0.5,0.6666666666666666,0.5833333333333334,0.5833333333333334
1488,max_rounds,0,,,,,1,1,5,4,4,15,15,4,-1,0,1,profiled_beam,1,1,0.21313206660245973,0.05384928091734764,8,2,2,6,9,7,3,0,0.2222222222222222,0.3333333333333333,0.5,0.4166666666666667,0.5,0,0.2222222222222222,0.3333333333333333,0.5,0.4166666666666667,0.5,0,0.6666666666666666,0.5,0.8333333333333334,0.6666666666666666,0.6666666666666666,1,1.0,1.0,1.0,1.0,1.0
1489,max_rounds,0,,,,,1,1,5,4,4,13,13,4,0,1,0,s1a3_greedy,1,0,0.29854275348285836,0.03994846406082312,6,0,0,0,0,0,0,0,0.0,0.6666666666666666,0.16666666666666666,0.4166666666666667,0.4166666666666667,0,0.0,0.6666666666666666,0.16666666666666666,0.4166666666666667,0.4166666666666667,0,0.0,0.5,0.5,0.5,0.5,0,0.0,0.5,0.5,0.5,0.5
1490,max_rounds,0,,,,,1,1,5,4,4,15,15,4,1,0,0,s1a3_greedy,1,0,0.16788970477258167,0.15783167645956078,4,1,1,0,0,-1,0,0,0.1111111111111111,0.16666666666666666,0.16666666666666666,0.16666666666666666,0.5,0,0.1111111111111111,0.16666666666666666,0.16666666666666666,0.16666666666666666,0.5,0,0.0,0.0,0.16666666666666666,0.08333333333333333,0.25,0,0.0,0.0,0.16666666666666666,0.08333333333333333,0.25
1491,no_strict_e1_improvement,0,,,,,1,0,1,1,1,1,1,4,0,0,-1,current,0,0,0.004394437186419964,0.004394437186419964,11,9,9,9,9,0,0,1,1.0,1.0,1.0,1.0,1.0,1,1.0,1.0,1.0,1.0,1.0,1,1.0,1.0,1.0,1.0,1.0,1,1.0,1.0,1.0,1.0,1.0
1492,no_strict_e1_improvement,0,,,,,1,0,1,1,1,1,1,4,0,0,-1,current,0,0,0.08324573026038706,0.08324573026038706,7,0,0,0,0,0,0,0,0.0,0.0,0.8333333333333334,0.4166666666666667,0.4166666666666667,0,0.0,0.0,0.8333333333333334,0.4166666666666667,0.4166666666666667,0,0.0,0.0,0.8333333333333334,0.4166666666666667,0.4166666666666667,0,0.0,0.0,0.8333333333333334,0.4166666666666667,0.4166666666666667
1493,max_rounds,0,,,,,1,1,5,4,4,16,16,4,0,-1,1,profiled_beam,1,1,0.19671027517567077,0.18156444048509002,5,2,2,4,3,1,-1,0,0.2222222222222222,0.0,0.5,0.25,0.5,0,0.2222222222222222,0.0,0.5,0.25,0.5,0,0.4444444444444444,0.16666666666666666,0.6666666666666666,0.4166666666666667,0.5,0,0.3333333333333333,0.0,0.5,0.25,0.5
1494,small_component,0,,,,,1,0,0,0,0,0,0,4,0,0,-1,current,0,0,0.385283499956131,0.385283499956131,6,0,0,0,0,0,0,0,0.0,0.0,0.3333333333333333,0.16666666666666666,0.5,0,0.0,0.0,0.3333333333333333,0.16666666666666666,0.5,0,0.0,0.0,0.3333333333333333,0.16666666666666666,0.5,0,0.0,0.0,0.3333333333333333,0.16666666666666666,0.5
1495,no_strict_e1_improvement,0,,,,,1,0,1,1,1,1,1,4,0,0,-1,current,0,0,0.01710125369330247,0.01710125369330247,11,9,9,9,9,0,0,1,1.0,1.0,1.0,1.0,1.0,1,1.0,1.0,1.0,1.0,1.0,1,1.0,1.0,1.0,1.0,1.0,1,1.0,1.0,1.0,1.0,1.0
1496,no_strict_e1_improvement,0,,,,,1,0,1,1,1,1,1,4,0,0,-1,current,0,0,0.023356917624672253,0.023356917624672253,8,9,9,9,9,0,0,1,1.0,1.0,1.0,1.0,1.0,1,1.0,1.0,1.0,1.0,1.0,1,1.0,1.0,1.0,1.0,1.0,1,1.0,1.0,1.0,1.0,1.0
1497,no_strict_e1_improvement,0,,,,,1,0,1,1,1,1,1,4,0,0,-1,current,0,0,0.12736646122357342,0.12736646122357342,8,0,0,0,0,0,0,0,0.0,0.3333333333333333,0.5,0.4166666666666667,0.5833333333333334,0,0.0,0.3333333333333333,0.5,0.4166666666666667,0.5833333333333334,0,0.0,0.3333333333333333,0.5,0.4166666666666667,0.5833333333333334,0,0.0,0.3333333333333333,0.5,0.4166666666666667,0.5833333333333334
1498,no_strict_e1_improvement,0,,,,,1,0,1,1,1,1,1,4,0,0,-1,current,0,0,0.0396577741097038,0.0396577741097038,7,9,9,9,9,0,0,1,1.0,1.0,1.0,1.0,1.0,1,1.0,1.0,1.0,1.0,1.0,1,1.0,1.0,1.0,1.0,1.0,1,1.0,1.0,1.0,1.0,1.0
1499,partial_completed__max_rounds,1,,3,2,3,1,1,5,4,4,12,12,4,0,1,0,s1a3_greedy,1,0,0.26269340763489407,0.04497259110212326,10,5,0,0,0,-5,0,0,0.5555555555555556,0.3333333333333333,0.5,0.4166666666666667,0.4166666666666667,0,0.0,0.3333333333333333,0.6666666666666666,0.5,0.5,0,0.0,0.5,1.0,0.75,0.75,0,0.0,0.5,1.0,0.75,0.75
1500,max_rounds,0,,,,,1,1,3,2,2,6,6,4,0,0,0,s1a3_greedy,1,0,0.12199422468741734,0.041541545341412224,10,7,7,9,9,2,0,0,0.7777777777777778,0.6666666666666666,0.6666666666666666,0.6666666666666666,0.75,0,0.7777777777777778,0.6666666666666666,0.6666666666666666,0.6666666666666666,0.75,1,1.0,1.0,1.0,1.0,1.0,1,1.0,1.0,1.0,1.0,1.0
1501,no_strict_e1_improvement,0,,,,,1,0,1,1,1,1,1,4,0,0,-1,current,0,0,0.11818676474892224,0.11818676474892224,9,0,0,0,0,0,0,0,0.0,0.5,0.5,0.5,0.5,0,0.0,0.5,0.5,0.5,0.5,0,0.0,0.5,0.5,0.5,0.5,0,0.0,0.5,0.5,0.5,0.5
1502,no_strict_e1_improvement,0,,,,,1,0,1,1,1,1,1,4,0,0,-1,current,0,0,0.010811936110258102,0.010811936110258102,11,0,0,0,0,0,0,0,0.0,1.0,0.5,0.75,0.75,0,0.0,1.0,0.5,0.75,0.75,0,0.0,1.0,0.5,0.75,0.75,0,0.0,1.0,0.5,0.75,0.75
1503,no_strict_e1_improvement,0,,,,,1,0,1,1,1,1,1,4,0,0,-1,current,0,0,0.04596761132900914,0.04596761132900914,7,0,0,0,0,0,0,0,0.0,0.5,0.6666666666666666,0.5833333333333334,0.6666666666666666,0,0.0,0.5,0.6666666666666666,0.5833333333333334,0.6666666666666666,0,0.0,0.5,0.6666666666666666,0.5833333333333334,0.6666666666666666,0,0.0,0.5,0.6666666666666666,0.5833333333333334,0.6666666666666666
1504,max_rounds,0,,,,,1,1,5,4,4,8,8,4,0,0,0,s1a3_greedy,1,0,0.460283643566072,0.052778711232046284,8,0,0,0,0,0,0,0,0.0,0.16666666666666666,0.3333333333333333,0.25,0.6666666666666666,0,0.0,0.16666666666666666,0.3333333333333333,0.25,0.6666666666666666,0,0.0,0.5,0.8333333333333334,0.6666666666666666,0.6666666666666666,0,0.0,0.5,0.8333333333333334,0.6666666666666666,0.6666666666666666
1505,no_strict_e1_improvement,0,,,,,1,0,2,2,2,6,6,4,0,0,-1,current,0,0,0.06272325416405995,0.06272325416405995,10,9,9,9,9,0,0,1,1.0,1.0,1.0,1.0,1.0,1,1.0,1.0,1.0,1.0,1.0,1,1.0,1.0,1.0,1.0,1.0,1,1.0,1.0,1.0,1.0,1.0
1506,no_strict_e1_improvement,0,,,,,1,0,1,1,1,1,1,4,0,0,-1,current,0,0,0.04108553542755544,0.04108553542755544,7,1,1,1,1,0,0,0,0.1111111111111111,0.3333333333333333,0.3333333333333333,0.3333333333333333,0.5,0,0.1111111111111111,0.3333333333333333,0.3333333333333333,0.3333333333333333,0.5,0,0.1111111111111111,0.3333333333333333,0.3333333333333333,0.3333333333333333,0.5,0,0.1111111111111111,0.3333333333333333,0.3333333333333333,0.3333333333333333,0.5
1507,no_strict_e1_improvement,0,,,,,1,0,1,1,1,1,1,4,0,0,-1,current,0,0,0.033429671078920364,0.033429671078920364,8,9,9,9,9,0,0,1,1.0,1.0,1.0,1.0,1.0,1,1.0,1.0,1.0,1.0,1.0,1,1.0,1.0,1.0,1.0,1.0,1,1.0,1.0,1.0,1.0,1.0
1508,max_rounds,0,,,,,1,1,3,2,2,6,6,4,0,-1,1,profiled_beam,1,1,0.21121320376793543,0.08816685465474923,8,0,0,1,0,0,-1,0,0.0,0.5,0.5,0.5,0.5,0,0.0,0.5,0.5,0.5,0.5,0,0.1111111111111111,0.6666666666666666,0.3333333333333333,0.5,0.5833333333333334,0,0.0,0.5,0.6666666666666666,0.5833333333333334,0.5833333333333334
1509,no_strict_e1_improvement,0,,,,,1,0,1,1,1,1,1,4,0,0,-1,current,0,0,0.0008166303062656274,0.0008166303062656274,12,0,0,0,0,0,0,0,0.0,0.5,1.0,0.75,0.75,0,0.0,0.5,1.0,0.75,0.75,0,0.0,0.5,1.0,0.75,0.75,0,0.0,0.5,1.0,0.75,0.75
1510,no_strict_e1_improvement,0,,,,,1,0,1,1,1,1,1,4,0,0,-1,current,0,0,0.04801316598119835,0.04801316598119835,9,0,0,0,0,0,0,0,0.0,0.0,0.5,0.25,0.75,0,0.0,0.0,0.5,0.25,0.75,0,0.0,0.0,0.5,0.25,0.75,0,0.0,0.0,0.5,0.25,0.75
1511,max_rounds,0,,,,,1,1,5,4,4,14,14,4,1,-1,1,profiled_beam,1,1,0.24459998744229475,0.062015107522408165,6,0,0,1,0,0,-1,0,0.0,0.3333333333333333,0.0,0.16666666666666666,0.4166666666666667,0,0.0,0.3333333333333333,0.0,0.16666666666666666,0.4166666666666667,0,0.1111111111111111,0.3333333333333333,0.16666666666666666,0.25,0.5,0,0.0,0.6666666666666666,0.16666666666666666,0.4166666666666667,0.5833333333333334
1512,no_strict_e1_improvement,0,,,,,1,0,1,1,1,1,1,4,0,0,-1,current,0,0,0.07986394905795653,0.07986394905795653,6,0,0,0,0,0,0,0,0.0,0.5,0.3333333333333333,0.4166666666666667,0.5833333333333334,0,0.0,0.5,0.3333333333333333,0.4166666666666667,0.5833333333333334,0,0.0,0.5,0.3333333333333333,0.4166666666666667,0.5833333333333334,0,0.0,0.5,0.3333333333333333,0.4166666666666667,0.5833333333333334
1513,no_strict_e1_improvement,0,,,,,1,0,1,1,1,1,1,4,0,0,-1,current,0,0,0.07433948246762156,0.07433948246762156,10,0,0,0,0,0,0,0,0.0,0.5,0.6666666666666666,0.5833333333333334,0.75,0,0.0,0.5,0.6666666666666666,0.5833333333333334,0.75,0,0.0,0.5,0.6666666666666666,0.5833333333333334,0.75,0,0.0,0.5,0.6666666666666666,0.5833333333333334,0.75
1514,max_rounds,0,,,,,1,1,5,4,4,13,13,4,-1,0,1,profiled_beam,1,1,0.16735712811350822,0.08908563603957494,7,5,5,0,0,-5,0,0,0.5555555555555556,0.3333333333333333,0.6666666666666666,0.5,0.6666666666666666,0,0.5555555555555556,0.3333333333333333,0.6666666666666666,0.5,0.6666666666666666,0,0.0,0.3333333333333333,0.5,0.4166666666666667,0.5833333333333334,0,0.0,0.16666666666666666,0.5,0.3333333333333333,0.5
1515,no_strict_e1_improvement,0,,,,,1,0,1,1,1,1,1,4,0,0,-1,current,0,0,0.07303960567029814,0.07303960567029814,9,9,9,9,9,0,0,1,1.0,1.0,1.0,1.0,1.0,1,1.0,1.0,1.0,1.0,1.0,1,1.0,1.0,1.0,1.0,1.0,1,1.0,1.0,1.0,1.0,1.0
1516,no_strict_e1_improvement,0,,,,,1,0,1,1,1,1,1,4,0,0,-1,current,0,0,0.0012502149523546298,0.0012502149523546298,11,9,9,9,9,0,0,1,1.0,1.0,1.0,1.0,1.0,1,1.0,1.0,1.0,1.0,1.0,1,1.0,1.0,1.0,1.0,1.0,1,1.0,1.0,1.0,1.0,1.0
1517,small_component,0,,,,,1,0,0,0,0,0,0,4,0,0,-1,current,0,0,0.3041843757382594,0.3041843757382594,6,0,0,0,0,0,0,0,0.0,0.3333333333333333,0.16666666666666666,0.25,0.4166666666666667,0,0.0,0.3333333333333333,0.16666666666666666,0.25,0.4166666666666667,0,0.0,0.3333333333333333,0.16666666666666666,0.25,0.4166666666666667,0,0.0,0.3333333333333333,0.16666666666666666,0.25,0.4166666666666667
1518,no_strict_e1_improvement,0,,,,,1,0,1,1,1,1,1,4,0,0,-1,current,0,0,0.0005765807582065463,0.0005765807582065463,11,0,0,0,0,0,0,0,0.0,0.5,1.0,0.75,0.75,0,0.0,0.5,1.0,0.75,0.75,0,0.0,0.5,1.0,0.75,0.75,0,0.0,0.5,1.0,0.75,0.75
1519,partial_completed__no_strict_e1_improvement,1,,3,2,2,1,0,2,2,2,5,5,4,0,0,-1,current,1,0,0.11379168927669525,0.11379168927669525,7,0,0,0,0,0,0,0,0.0,0.0,0.6666666666666666,0.3333333333333333,0.3333333333333333,0,0.0,0.5,1.0,0.75,0.75,0,0.0,0.5,1.0,0.75,0.75,0,0.0,0.5,1.0,0.75,0.75
1520,no_strict_e1_improvement,0,,,,,1,0,2,2,2,6,6,4,0,0,-1,current,0,0,0.045528830184290804,0.045528830184290804,6,0,0,0,0,0,0,0,0.0,0.6666666666666666,0.16666666666666666,0.4166666666666667,0.5,0,0.0,0.6666666666666666,0.16666666666666666,0.4166666666666667,0.5,0,0.0,0.6666666666666666,0.16666666666666666,0.4166666666666667,0.5,0,0.0,0.6666666666666666,0.16666666666666666,0.4166666666666667,0.5
1521,no_strict_e1_improvement,0,,,,,1,0,1,1,1,1,1,4,0,0,-1,current,0,0,0.014487016131170094,0.014487016131170094,9,9,9,9,9,0,0,1,1.0,1.0,1.0,1.0,1.0,1,1.0,1.0,1.0,1.0,1.0,1,1.0,1.0,1.0,1.0,1.0,1,1.0,1.0,1.0,1.0,1.0
1522,max_rounds,0,,,,,1,1,5,4,4,15,15,4,0,0,1,profiled_beam,1,1,0.2044644666214784,0.05124863749369979,8,5,5,0,9,4,9,0,0.5555555555555556,0.3333333333333333,0.5,0.4166666666666667,0.6666666666666666,0,0.5555555555555556,0.3333333333333333,0.5,0.4166666666666667,0.6666666666666666,0,0.0,0.3333333333333333,0.5,0.4166666666666667,0.5833333333333334,1,1.0,1.0,1.0,1.0,1.0
1523,max_rounds,0,,,,,1,1,5,4,4,15,15,4,0,-1,1,profiled_beam,1,1,0.32057975108424824,0.18761825375258923,5,1,1,2,3,2,1,0,0.1111111111111111,0.16666666666666666,0.3333333333333333,0.25,0.6666666666666666,0,0.1111111111111111,0.16666666666666666,0.3333333333333333,0.25,0.6666666666666666,0,0.2222222222222222,0.16666666666666666,0.3333333333333333,0.25,0.4166666666666667,0,0.3333333333333333,0.0,0.6666666666666666,0.3333333333333333,0.5833333333333334
1524,no_strict_e1_improvement,0,,,,,1,0,1,1,1,1,1,4,0,0,-1,current,0,0,0.0031475004895279803,0.0031475004895279803,12,9,9,9,9,0,0,1,1.0,1.0,1.0,1.0,1.0,1,1.0,1.0,1.0,1.0,1.0,1,1.0,1.0,1.0,1.0,1.0,1,1.0,1.0,1.0,1.0,1.0
1525,no_strict_e1_improvement,0,,,,,1,0,1,1,1,1,1,4,0,0,-1,current,0,0,0.03831151779741049,0.03831151779741049,8,0,0,0,0,0,0,0,0.0,0.6666666666666666,0.5,0.5833333333333334,0.6666666666666666,0,0.0,0.6666666666666666,0.5,0.5833333333333334,0.6666666666666666,0,0.0,0.6666666666666666,0.5,0.5833333333333334,0.6666666666666666,0,0.0,0.6666666666666666,0.5,0.5833333333333334,0.6666666666666666
1526,no_strict_e1_improvement,0,,,,,1,0,1,1,1,1,1,4,0,0,-1,current,0,0,0.08566397009417415,0.08566397009417415,8,0,0,0,0,0,0,0,0.0,0.5,1.0,0.75,0.75,0,0.0,0.5,1.0,0.75,0.75,0,0.0,0.5,1.0,0.75,0.75,0,0.0,0.5,1.0,0.75,0.75
1527,no_strict_e1_improvement,0,,,,,1,0,1,1,1,1,1,4,0,0,-1,current,0,0,0.08132966452588637,0.08132966452588637,9,0,0,0,0,0,0,0,0.0,0.5,1.0,0.75,0.75,0,0.0,0.5,1.0,0.75,0.75,0,0.0,0.5,1.0,0.75,0.75,0,0.0,0.5,1.0,0.75,0.75
1528,small_component,0,,,,,1,0,0,0,0,0,0,4,0,0,-1,current,0,0,0.38062299353380996,0.38062299353380996,5,2,2,2,2,0,0,0,0.2222222222222222,0.16666666666666666,0.16666666666666666,0.16666666666666666,0.3333333333333333,0,0.2222222222222222,0.16666666666666666,0.16666666666666666,0.16666666666666666,0.3333333333333333,0,0.2222222222222222,0.16666666666666666,0.16666666666666666,0.16666666666666666,0.3333333333333333,0,0.2222222222222222,0.16666666666666666,0.16666666666666666,0.16666666666666666,0.3333333333333333
1529,max_rounds,0,,,,,1,1,2,2,2,7,7,4,0,1,1,profiled_beam,1,1,0.11584665005405743,0.06669361175348361,6,4,4,0,0,-4,0,0,0.4444444444444444,0.3333333333333333,0.5,0.4166666666666667,0.5,0,0.4444444444444444,0.3333333333333333,0.5,0.4166666666666667,0.5,0,0.0,0.16666666666666666,0.16666666666666666,0.16666666666666666,0.4166666666666667,0,0.0,0.16666666666666666,0.5,0.3333333333333333,0.4166666666666667
1530,max_rounds,0,,,,,1,1,5,4,4,16,16,4,0,1,1,profiled_beam,1,1,0.24461462845404944,0.17705242987722158,4,1,1,1,1,0,0,0,0.1111111111111111,0.16666666666666666,0.16666666666666666,0.16666666666666666,0.5,0,0.1111111111111111,0.16666666666666666,0.16666666666666666,0.16666666666666666,0.5,0,0.1111111111111111,0.3333333333333333,0.0,0.16666666666666666,0.5,0,0.1111111111111111,0.16666666666666666,0.0,0.08333333333333333,0.4166666666666667
1531,no_strict_e1_improvement,0,,,,,1,0,1,1,1,1,1,4,0,0,-1,current,0,0,0.020935450370113056,0.020935450370113056,8,0,0,0,0,0,0,0,0.0,1.0,0.5,0.75,0.75,0,0.0,1.0,0.5,0.75,0.75,0,0.0,1.0,0.5,0.75,0.75,0,0.0,1.0,0.5,0.75,0.75
1532,no_strict_e1_improvement,0,,,,,1,0,2,2,2,6,6,4,0,0,-1,current,0,0,0.04313281965247976,0.04313281965247976,9,9,9,9,9,0,0,1,1.0,1.0,1.0,1.0,1.0,1,1.0,1.0,1.0,1.0,1.0,1,1.0,1.0,1.0,1.0,1.0,1,1.0,1.0,1.0,1.0,1.0
1533,no_strict_e1_improvement,0,,,,,1,0,2,2,2,6,6,4,0,0,-1,current,0,0,0.020638546586269513,0.020638546586269513,7,9,9,9,9,0,0,1,1.0,1.0,1.0,1.0,1.0,1,1.0,1.0,1.0,1.0,1.0,1,1.0,1.0,1.0,1.0,1.0,1,1.0,1.0,1.0,1.0,1.0
1534,no_strict_e1_improvement,0,,,,,1,0,1,1,1,1,1,4,0,0,-1,current,0,0,0.049750209553167224,0.049750209553167224,7,9,9,9,9,0,0,1,1.0,1.0,1.0,1.0,1.0,1,1.0,1.0,1.0,1.0,1.0,1,1.0,1.0,1.0,1.0,1.0,1,1.0,1.0,1.0,1.0,1.0
1535,no_strict_e1_improvement,0,,,,,1,0,1,1,1,1,1,4,0,0,-1,current,0,0,0.03519249785070618,0.03519249785070618,10,0,0,0,0,0,0,0,0.0,0.5,1.0,0.75,0.75,0,0.0,0.5,1.0,0.75,0.75,0,0.0,0.5,1.0,0.75,0.75,0,0.0,0.5,1.0,0.75,0.75
1536,no_strict_e1_improvement,0,,,,,1,0,1,1,1,1,1,4,0,0,-1,current,0,0,0.02907148686548074,0.02907148686548074,9,0,0,0,0,0,0,0,0.0,0.0,0.5,0.25,0.5,0,0.0,0.0,0.5,0.25,0.5,0,0.0,0.0,0.5,0.25,0.5,0,0.0,0.0,0.5,0.25,0.5
1537,no_strict_e1_improvement,0,,,,,1,0,1,1,1,1,1,4,0,0,-1,current,0,0,0.029678376391530037,0.029678376391530037,11,0,0,0,0,0,0,0,0.0,0.5,1.0,0.75,0.75,0,0.0,0.5,1.0,0.75,0.75,0,0.0,0.5,1.0,0.75,0.75,0,0.0,0.5,1.0,0.75,0.75
1538,no_strict_e1_improvement,0,,,,,1,0,1,1,1,1,1,4,0,0,-1,current,0,0,0.17654790061836442,0.17654790061836442,6,1,1,1,1,0,0,0,0.1111111111111111,0.3333333333333333,0.3333333333333333,0.3333333333333333,0.5833333333333334,0,0.1111111111111111,0.3333333333333333,0.3333333333333333,0.3333333333333333,0.5833333333333334,0,0.1111111111111111,0.3333333333333333,0.3333333333333333,0.3333333333333333,0.5833333333333334,0,0.1111111111111111,0.3333333333333333,0.3333333333333333,0.3333333333333333,0.5833333333333334
1539,no_strict_e1_improvement,0,,,,,1,0,1,1,1,1,1,4,0,0,-1,current,0,0,0.0361638069152832,0.0361638069152832,7,9,9,9,9,0,0,1,1.0,1.0,1.0,1.0,1.0,1,1.0,1.0,1.0,1.0,1.0,1,1.0,1.0,1.0,1.0,1.0,1,1.0,1.0,1.0,1.0,1.0
1540,max_rounds,0,,,,,1,1,3,2,2,6,6,4,0,1,0,s1a3_greedy,1,0,0.21251824498176575,0.012921910112102827,10,0,0,0,0,0,0,0,0.0,0.0,0.8333333333333334,0.4166666666666667,0.4166666666666667,0,0.0,0.0,0.8333333333333334,0.4166666666666667,0.4166666666666667,0,0.0,0.5,1.0,0.75,0.75,0,0.0,0.5,1.0,0.75,0.75
1541,no_strict_e1_improvement,0,,,,,1,0,1,1,1,1,1,4,0,0,-1,current,0,0,0.06111242404828469,0.06111242404828469,8,0,0,0,0,0,0,0,0.0,0.5,1.0,0.75,0.75,0,0.0,0.5,1.0,0.75,0.75,0,0.0,0.5,1.0,0.75,0.75,0,0.0,0.5,1.0,0.75,0.75
1542,no_strict_e1_improvement,0,,,,,1,0,1,1,1,1,1,4,0,0,-1,current,0,0,0.13135575875639915,0.13135575875639915,6,0,0,0,0,0,0,0,0.0,0.0,0.6666666666666666,0.3333333333333333,0.3333333333333333,0,0.0,0.0,0.6666666666666666,0.3333333333333333,0.3333333333333333,0,0.0,0.0,0.6666666666666666,0.3333333333333333,0.3333333333333333,0,0.0,0.0,0.6666666666666666,0.3333333333333333,0.3333333333333333
1543,partial_completed__no_strict_e1_improvement,1,,3,2,3,1,0,1,1,1,1,1,4,0,0,-1,current,1,0,0.03329906282791247,0.03329906282791247,6,0,9,9,9,9,0,0,0.0,0.5,0.6666666666666666,0.5833333333333334,0.5833333333333334,1,1.0,1.0,1.0,1.0,1.0,1,1.0,1.0,1.0,1.0,1.0,1,1.0,1.0,1.0,1.0,1.0
1544,no_strict_e1_improvement,0,,,,,1,0,1,1,1,1,1,4,0,0,-1,current,0,0,0.06403659967084725,0.06403659967084725,9,0,0,0,0,0,0,0,0.0,0.5,0.3333333333333333,0.4166666666666667,0.5833333333333334,0,0.0,0.5,0.3333333333333333,0.4166666666666667,0.5833333333333334,0,0.0,0.5,0.3333333333333333,0.4166666666666667,0.5833333333333334,0,0.0,0.5,0.3333333333333333,0.4166666666666667,0.5833333333333334
1545,no_strict_e1_improvement,0,,,,,1,0,1,1,1,1,1,4,0,0,-1,current,0,0,0.0,0.0,12,9,9,9,9,0,0,1,1.0,1.0,1.0,1.0,1.0,1,1.0,1.0,1.0,1.0,1.0,1,1.0,1.0,1.0,1.0,1.0,1,1.0,1.0,1.0,1.0,1.0
1546,max_rounds,0,,,,,1,1,2,2,2,6,6,4,0,1,0,s1a3_greedy,1,0,0.14131997580019137,0.015150368756925067,10,0,0,9,9,9,0,0,0.0,0.5,1.0,0.75,0.75,0,0.0,0.5,1.0,0.75,0.75,1,1.0,1.0,1.0,1.0,1.0,1,1.0,1.0,1.0,1.0,1.0
1547,max_rounds,0,,,,,1,1,5,4,4,12,12,4,1,-1,0,s1a3_greedy,1,0,0.3390891732027133,0.012538399236897627,10,1,1,9,9,8,0,0,0.1111111111111111,0.3333333333333333,0.3333333333333333,0.3333333333333333,0.5,0,0.1111111111111111,0.3333333333333333,0.3333333333333333,0.3333333333333333,0.5,1,1.0,1.0,1.0,1.0,1.0,1,1.0,1.0,1.0,1.0,1.0
1548,no_strict_e1_improvement,0,,,,,1,0,1,1,1,1,1,4,0,0,-1,current,0,0,0.0019721653079614043,0.0019721653079614043,11,0,0,0,0,0,0,0,0.0,0.5,1.0,0.75,0.75,0,0.0,0.5,1.0,0.75,0.75,0,0.0,0.5,1.0,0.75,0.75,0,0.0,0.5,1.0,0.75,0.75
1549,max_rounds,0,,,,,1,1,3,2,2,6,6,4,1,0,0,s1a3_greedy,1,0,0.060477918945252895,0.02712956505517165,10,0,0,0,0,0,0,0,0.0,0.6666666666666666,0.5,0.5833333333333334,0.5833333333333334,0,0.0,0.6666666666666666,0.5,0.5833333333333334,0.5833333333333334,0,0.0,0.5,1.0,0.75,0.75,0,0.0,0.5,1.0,0.75,0.75
1550,small_component,0,,,,,1,0,0,0,0,0,0,4,0,0,-1,current,0,0,0.3506266721524298,0.3506266721524298,4,1,1,1,1,0,0,0,0.1111111111111111,0.16666666666666666,0.16666666666666666,0.16666666666666666,0.25,0,0.1111111111111111,0.16666666666666666,0.16666666666666666,0.16666666666666666,0.25,0,0.1111111111111111,0.16666666666666666,0.16666666666666666,0.16666666666666666,0.25,0,0.1111111111111111,0.16666666666666666,0.16666666666666666,0.16666666666666666,0.25
1551,no_strict_e1_improvement,0,,,,,1,0,1,1,1,1,1,4,0,0,-1,current,0,0,0.0026772454633222273,0.0026772454633222273,11,9,9,9,9,0,0,1,1.0,1.0,1.0,1.0,1.0,1,1.0,1.0,1.0,1.0,1.0,1,1.0,1.0,1.0,1.0,1.0,1,1.0,1.0,1.0,1.0,1.0
1552,max_rounds,0,,,,,1,1,3,2,2,6,6,4,1,0,1,profiled_beam,1,1,0.09464961849153042,0.0223062460621198,9,7,7,0,0,-7,0,0,0.7777777777777778,0.6666666666666666,0.6666666666666666,0.6666666666666666,0.75,0,0.7777777777777778,0.6666666666666666,0.6666666666666666,0.6666666666666666,0.75,0,0.0,0.8333333333333334,0.5,0.6666666666666666,0.6666666666666666,0,0.0,0.6666666666666666,0.5,0.5833333333333334,0.6666666666666666
1553,small_component,0,,,,,1,0,0,0,0,0,0,4,0,0,-1,current,0,0,0.35454312339425087,0.35454312339425087,5,1,1,1,1,0,0,0,0.1111111111111111,0.16666666666666666,0.3333333333333333,0.25,0.25,0,0.1111111111111111,0.16666666666666666,0.3333333333333333,0.25,0.25,0,0.1111111111111111,0.16666666666666666,0.3333333333333333,0.25,0.25,0,0.1111111111111111,0.16666666666666666,0.3333333333333333,0.25,0.25
1554,no_strict_e1_improvement,0,,,,,1,0,1,1,1,1,1,4,0,0,-1,current,0,0,0.047846198081970215,0.047846198081970215,9,0,0,0,0,0,0,0,0.0,0.5,0.6666666666666666,0.5833333333333334,0.5833333333333334,0,0.0,0.5,0.6666666666666666,0.5833333333333334,0.5833333333333334,0,0.0,0.5,0.6666666666666666,0.5833333333333334,0.5833333333333334,0,0.0,0.5,0.6666666666666666,0.5833333333333334,0.5833333333333334
1555,partial_completed__no_strict_e1_improvement,1,,3,2,4,1,0,1,1,1,1,1,4,0,0,-1,current,1,0,0.0388285710165898,0.0388285710165898,9,6,9,9,9,3,0,0,0.6666666666666666,0.5,0.6666666666666666,0.5833333333333334,0.5833333333333334,1,1.0,1.0,1.0,1.0,1.0,1,1.0,1.0,1.0,1.0,1.0,1,1.0,1.0,1.0,1.0,1.0
1556,no_strict_e1_improvement,0,,,,,1,0,1,1,1,1,1,4,0,0,-1,current,0,0,0.03205849245811502,0.03205849245811502,9,9,9,9,9,0,0,1,1.0,1.0,1.0,1.0,1.0,1,1.0,1.0,1.0,1.0,1.0,1,1.0,1.0,1.0,1.0,1.0,1,1.0,1.0,1.0,1.0,1.0
1557,no_strict_e1_improvement,0,,,,,1,0,1,1,1,1,1,4,0,0,-1,current,0,0,0.06763200648128986,0.06763200648128986,9,0,0,0,0,0,0,0,0.0,0.5,0.3333333333333333,0.4166666666666667,0.5,0,0.0,0.5,0.3333333333333333,0.4166666666666667,0.5,0,0.0,0.5,0.3333333333333333,0.4166666666666667,0.5,0,0.0,0.5,0.3333333333333333,0.4166666666666667,0.5
1558,no_strict_e1_improvement,0,,,,,1,0,1,1,1,1,1,4,0,0,-1,current,0,0,0.01772422529757023,0.01772422529757023,11,0,0,0,0,0,0,0,0.0,0.5,1.0,0.75,0.75,0,0.0,0.5,1.0,0.75,0.75,0,0.0,0.5,1.0,0.75,0.75,0,0.0,0.5,1.0,0.75,0.75
1559,max_rounds,0,,,,,1,1,5,4,4,12,12,4,1,-1,0,s1a3_greedy,1,0,0.34292866693188745,0.021361472916699615,8,1,1,0,0,-1,0,0,0.1111111111111111,0.3333333333333333,0.16666666666666666,0.25,0.3333333333333333,0,0.1111111111111111,0.3333333333333333,0.16666666666666666,0.25,0.3333333333333333,0,0.0,1.0,0.5,0.75,0.75,0,0.0,1.0,0.5,0.75,0.75
1560,max_rounds,0,,,,,1,1,3,2,2,8,8,4,0,0,1,profiled_beam,1,1,0.05242031021043658,0.04020031324277321,5,0,0,0,0,0,0,0,0.0,0.5,0.6666666666666666,0.5833333333333334,0.75,0,0.0,0.5,0.6666666666666666,0.5833333333333334,0.75,0,0.0,0.5,0.6666666666666666,0.5833333333333334,0.75,0,0.0,0.5,0.6666666666666666,0.5833333333333334,0.6666666666666666
1561,no_strict_e1_improvement,0,,,,,1,0,1,1,1,1,1,4,0,0,-1,current,0,0,0.09237439682086308,0.09237439682086308,8,9,9,9,9,0,0,1,1.0,1.0,1.0,1.0,1.0,1,1.0,1.0,1.0,1.0,1.0,1,1.0,1.0,1.0,1.0,1.0,1,1.0,1.0,1.0,1.0,1.0
1562,max_rounds,0,,,,,1,1,2,2,2,8,8,4,1,0,1,profiled_beam,1,1,0.17315912890868881,0.07284957814651231,6,0,0,3,6,6,3,0,0.0,0.8333333333333334,0.0,0.4166666666666667,0.4166666666666667,0,0.0,0.8333333333333334,0.0,0.4166666666666667,0.4166666666666667,0,0.3333333333333333,0.6666666666666666,0.0,0.3333333333333333,0.3333333333333333,0,0.6666666666666666,0.8333333333333334,0.0,0.4166666666666667,0.4166666666666667
1563,max_rounds,0,,,,,1,1,5,4,4,12,12,4,1,-1,0,s1a3_greedy,1,0,0.27356440511842567,0.04555634191880623,10,1,1,0,0,-1,0,0,0.1111111111111111,0.16666666666666666,0.3333333333333333,0.25,0.5,0,0.1111111111111111,0.16666666666666666,0.3333333333333333,0.25,0.5,0,0.0,0.5,0.5,0.5,0.5,0,0.0,0.5,0.5,0.5,0.5
1564,no_strict_e1_improvement,0,,,,,1,0,1,1,1,1,1,4,0,0,-1,current,0,0,0.0069497885803381605,0.0069497885803381605,11,9,9,9,9,0,0,1,1.0,1.0,1.0,1.0,1.0,1,1.0,1.0,1.0,1.0,1.0,1,1.0,1.0,1.0,1.0,1.0,1,1.0,1.0,1.0,1.0,1.0
1565,small_component,0,,,,,1,0,0,0,0,0,0,4,0,0,-1,current,0,0,0.2600489904483159,0.2600489904483159,7,0,0,0,0,0,0,0,0.0,0.5,0.16666666666666666,0.3333333333333333,0.3333333333333333,0,0.0,0.5,0.16666666666666666,0.3333333333333333,0.3333333333333333,0,0.0,0.5,0.16666666666666666,0.3333333333333333,0.3333333333333333,0,0.0,0.5,0.16666666666666666,0.3333333333333333,0.3333333333333333
1566,small_component,0,,,,,1,0,0,0,0,0,0,4,0,0,-1,current,0,0,0.3033392047509551,0.3033392047509551,5,0,0,0,0,0,0,0,0.0,0.0,0.5,0.25,0.5,0,0.0,0.0,0.5,0.25,0.5,0,0.0,0.0,0.5,0.25,0.5,0,0.0,0.0,0.5,0.25,0.5
1567,max_rounds,0,,,,,1,1,5,4,4,15,15,4,-1,1,1,profiled_beam,1,1,0.27082027165063965,0.12779469322413206,6,2,2,4,5,3,1,0,0.2222222222222222,0.16666666666666666,0.6666666666666666,0.4166666666666667,0.4166666666666667,0,0.2222222222222222,0.16666666666666666,0.6666666666666666,0.4166666666666667,0.4166666666666667,0,0.4444444444444444,0.0,0.5,0.25,0.5,0,0.5555555555555556,0.16666666666666666,0.6666666666666666,0.4166666666666667,0.75
1568,small_component,0,,,,,1,0,0,0,0,0,0,4,0,0,-1,current,0,0,0.28441352645556134,0.28441352645556134,6,0,0,0,0,0,0,0,0.0,0.3333333333333333,0.3333333333333333,0.3333333333333333,0.4166666666666667,0,0.0,0.3333333333333333,0.3333333333333333,0.3333333333333333,0.4166666666666667,0,0.0,0.3333333333333333,0.3333333333333333,0.3333333333333333,0.4166666666666667,0,0.0,0.3333333333333333,0.3333333333333333,0.3333333333333333,0.4166666666666667
1569,no_strict_e1_improvement,0,,,,,1,0,1,1,1,1,1,4,0,0,-1,current,0,0,0.1320970021188259,0.1320970021188259,7,0,0,0,0,0,0,0,0.0,0.3333333333333333,0.5,0.4166666666666667,0.5833333333333334,0,0.0,0.3333333333333333,0.5,0.4166666666666667,0.5833333333333334,0,0.0,0.3333333333333333,0.5,0.4166666666666667,0.5833333333333334,0,0.0,0.3333333333333333,0.5,0.4166666666666667,0.5833333333333334
1570,small_component,0,,,,,1,0,0,0,0,0,0,4,0,0,-1,current,0,0,0.19507970350484052,0.19507970350484052,7,0,0,0,0,0,0,0,0.0,0.16666666666666666,0.6666666666666666,0.4166666666666667,0.5,0,0.0,0.16666666666666666,0.6666666666666666,0.4166666666666667,0.5,0,0.0,0.16666666666666666,0.6666666666666666,0.4166666666666667,0.5,0,0.0,0.16666666666666666,0.6666666666666666,0.4166666666666667,0.5
1571,no_strict_e1_improvement,0,,,,,1,0,1,1,1,1,1,4,0,0,-1,current,0,0,0.08387745854755242,0.08387745854755242,8,0,0,0,0,0,0,0,0.0,0.5,0.3333333333333333,0.4166666666666667,0.5,0,0.0,0.5,0.3333333333333333,0.4166666666666667,0.5,0,0.0,0.5,0.3333333333333333,0.4166666666666667,0.5,0,0.0,0.5,0.3333333333333333,0.4166666666666667,0.5
1572,small_component,0,,,,,1,0,0,0,0,0,0,4,0,0,-1,current,0,0,0.2686421722173691,0.2686421722173691,7,4,4,4,4,0,0,0,0.4444444444444444,0.16666666666666666,0.3333333333333333,0.25,0.5,0,0.4444444444444444,0.16666666666666666,0.3333333333333333,0.25,0.5,0,0.4444444444444444,0.16666666666666666,0.3333333333333333,0.25,0.5,0,0.4444444444444444,0.16666666666666666,0.3333333333333333,0.25,0.5
1573,max_rounds,0,,,,,1,1,5,4,4,12,12,4,0,0,1,profiled_beam,1,1,0.18817975892064473,0.09563282039016485,6,2,2,7,1,-1,-6,0,0.2222222222222222,0.5,0.3333333333333333,0.4166666666666667,0.5,0,0.2222222222222222,0.5,0.3333333333333333,0.4166666666666667,0.5,0,0.7777777777777778,0.6666666666666666,0.6666666666666666,0.6666666666666666,0.75,0,0.1111111111111111,0.3333333333333333,0.5,0.4166666666666667,0.5
1574,max_rounds,0,,,,,1,1,3,2,2,7,7,4,0,0,0,s1a3_greedy,1,0,0.13959813117980957,0.06327915067474048,7,7,7,9,9,2,0,0,0.7777777777777778,0.6666666666666666,0.6666666666666666,0.6666666666666666,0.75,0,0.7777777777777778,0.6666666666666666,0.6666666666666666,0.6666666666666666,0.75,1,1.0,1.0,1.0,1.0,1.0,1,1.0,1.0,1.0,1.0,1.0
1575,max_rounds,0,,,,,1,1,5,4,4,13,13,4,0,0,0,s1a3_greedy,1,0,0.16877404476205507,0.06075694295577705,7,4,4,3,3,-1,0,0,0.4444444444444444,0.5,0.16666666666666666,0.3333333333333333,0.4166666666666667,0,0.4444444444444444,0.5,0.16666666666666666,0.3333333333333333,0.4166666666666667,0,0.3333333333333333,0.6666666666666666,0.5,0.5833333333333334,0.5833333333333334,0,0.3333333333333333,0.6666666666666666,0.5,0.5833333333333334,0.5833333333333334
1576,no_strict_e1_improvement,0,,,,,1,0,1,1,1,1,1,4,0,0,-1,current,0,0,0.0371124812712272,0.0371124812712272,10,0,0,0,0,0,0,0,0.0,0.5,1.0,0.75,0.75,0,0.0,0.5,1.0,0.75,0.75,0,0.0,0.5,1.0,0.75,0.75,0,0.0,0.5,1.0,0.75,0.75
1577,no_strict_e1_improvement,0,,,,,1,0,1,1,1,1,1,4,0,0,-1,current,0,0,0.044023112238695226,0.044023112238695226,9,0,0,0,0,0,0,0,0.0,1.0,0.5,0.75,0.75,0,0.0,1.0,0.5,0.75,0.75,0,0.0,1.0,0.5,0.75,0.75,0,0.0,1.0,0.5,0.75,0.75
1578,max_rounds,0,,,,,1,1,5,4,4,14,14,4,0,0,0,s1a3_greedy,1,0,0.22271281465267143,0.17386305937543511,5,3,3,2,2,-1,0,0,0.3333333333333333,0.6666666666666666,0.0,0.3333333333333333,0.5833333333333334,0,0.3333333333333333,0.6666666666666666,0.0,0.3333333333333333,0.5833333333333334,0,0.2222222222222222,0.5,0.0,0.25,0.4166666666666667,0,0.2222222222222222,0.5,0.0,0.25,0.4166666666666667
1579,small_component,0,,,,,1,0,0,0,0,0,0,4,0,0,-1,current,0,0,0.3616737425327301,0.3616737425327301,6,0,0,0,0,0,0,0,0.0,0.0,0.16666666666666666,0.08333333333333333,0.25,0,0.0,0.0,0.16666666666666666,0.08333333333333333,0.25,0,0.0,0.0,0.16666666666666666,0.08333333333333333,0.25,0,0.0,0.0,0.16666666666666666,0.08333333333333333,0.25
1580,no_strict_e1_improvement,0,,,,,1,0,1,1,1,1,1,4,0,0,-1,current,0,0,0.043702179566025734,0.043702179566025734,10,9,9,9,9,0,0,1,1.0,1.0,1.0,1.0,1.0,1,1.0,1.0,1.0,1.0,1.0,1,1.0,1.0,1.0,1.0,1.0,1,1.0,1.0,1.0,1.0,1.0
1581,no_strict_e1_improvement,0,,,,,1,0,1,1,1,1,1,4,0,0,-1,current,0,0,0.0632999325171113,0.0632999325171113,9,3,3,3,3,0,0,0,0.3333333333333333,0.0,1.0,0.5,0.75,0,0.3333333333333333,0.0,1.0,0.5,0.75,0,0.3333333333333333,0.0,1.0,0.5,0.75,0,0.3333333333333333,0.0,1.0,0.5,0.75
1582,no_strict_e1_improvement,0,,,,,1,0,1,1,1,1,1,4,0,0,-1,current,0,0,0.0,0.0,12,9,9,9,9,0,0,1,1.0,1.0,1.0,1.0,1.0,1,1.0,1.0,1.0,1.0,1.0,1,1.0,1.0,1.0,1.0,1.0,1,1.0,1.0,1.0,1.0,1.0
1583,no_strict_e1_improvement,0,,,,,1,0,1,1,1,1,1,4,0,0,-1,current,0,0,0.09726143255829811,0.09726143255829811,10,0,0,0,0,0,0,0,0.0,0.5,0.5,0.5,0.5,0,0.0,0.5,0.5,0.5,0.5,0,0.0,0.5,0.5,0.5,0.5,0,0.0,0.5,0.5,0.5,0.5
1584,small_component,0,,,,,1,0,0,0,0,0,0,4,0,0,-1,current,0,0,0.20293630884649852,0.20293630884649852,6,6,6,6,6,0,0,0,0.6666666666666666,0.0,0.8333333333333334,0.4166666666666667,0.4166666666666667,0,0.6666666666666666,0.0,0.8333333333333334,0.4166666666666667,0.4166666666666667,0,0.6666666666666666,0.0,0.8333333333333334,0.4166666666666667,0.4166666666666667,0,0.6666666666666666,0.0,0.8333333333333334,0.4166666666666667,0.4166666666666667
1585,max_rounds,0,,,,,1,1,2,2,2,8,8,4,-1,0,1,profiled_beam,1,1,0.07380894695719083,0.0710585394796605,9,0,0,0,0,0,0,0,0.0,0.5,1.0,0.75,0.75,0,0.0,0.5,1.0,0.75,0.75,0,0.0,0.5,0.5,0.5,0.5,0,0.0,0.6666666666666666,0.5,0.5833333333333334,0.5833333333333334
1586,no_strict_e1_improvement,0,,,,,1,0,1,1,1,1,1,4,0,0,-1,current,0,0,0.11740194074809551,0.11740194074809551,6,0,0,0,0,0,0,0,0.0,0.16666666666666666,0.3333333333333333,0.25,0.3333333333333333,0,0.0,0.16666666666666666,0.3333333333333333,0.25,0.3333333333333333,0,0.0,0.16666666666666666,0.3333333333333333,0.25,0.3333333333333333,0,0.0,0.16666666666666666,0.3333333333333333,0.25,0.3333333333333333
1587,no_strict_e1_improvement,0,,,,,1,0,1,1,1,1,1,4,0,0,-1,current,0,0,0.06037917329619328,0.06037917329619328,9,0,0,0,0,0,0,0,0.0,0.5,0.5,0.5,0.5,0,0.0,0.5,0.5,0.5,0.5,0,0.0,0.5,0.5,0.5,0.5,0,0.0,0.5,0.5,0.5,0.5
1588,no_strict_e1_improvement,0,,,,,1,0,1,1,1,1,1,4,0,0,-1,current,0,0,0.033232744744357966,0.033232744744357966,9,9,9,9,9,0,0,1,1.0,1.0,1.0,1.0,1.0,1,1.0,1.0,1.0,1.0,1.0,1,1.0,1.0,1.0,1.0,1.0,1,1.0,1.0,1.0,1.0,1.0
1589,no_strict_e1_improvement,0,,,,,1,0,1,1,1,1,1,4,0,0,-1,current,0,0,0.17503338516689837,0.17503338516689837,7,0,0,0,0,0,0,0,0.0,0.8333333333333334,0.5,0.6666666666666666,0.6666666666666666,0,0.0,0.8333333333333334,0.5,0.6666666666666666,0.6666666666666666,0,0.0,0.8333333333333334,0.5,0.6666666666666666,0.6666666666666666,0,0.0,0.8333333333333334,0.5,0.6666666666666666,0.6666666666666666
1590,no_strict_e1_improvement,0,,,,,1,0,1,1,1,1,1,4,0,0,-1,current,0,0,0.028350625187158585,0.028350625187158585,10,0,0,0,0,0,0,0,0.0,0.5,1.0,0.75,0.75,0,0.0,0.5,1.0,0.75,0.75,0,0.0,0.5,1.0,0.75,0.75,0,0.0,0.5,1.0,0.75,0.75
1591,no_strict_e1_improvement,0,,,,,1,0,1,1,1,1,1,4,0,0,-1,current,0,0,0.02115911862347275,0.02115911862347275,10,0,0,0,0,0,0,0,0.0,0.5,0.5,0.5,0.5,0,0.0,0.5,0.5,0.5,0.5,0,0.0,0.5,0.5,0.5,0.5,0,0.0,0.5,0.5,0.5,0.5
1592,max_rounds,0,,,,,1,1,3,2,2,6,6,4,0,0,0,s1a3_greedy,1,0,0.04967708637317022,0.04043393054356178,5,3,3,0,0,-3,0,0,0.3333333333333333,0.6666666666666666,0.5,0.5833333333333334,0.5833333333333334,0,0.3333333333333333,0.6666666666666666,0.5,0.5833333333333334,0.5833333333333334,0,0.0,0.5,0.5,0.5,0.5,0,0.0,0.5,0.5,0.5,0.5
1593,no_strict_e1_improvement,0,,,,,1,0,1,1,1,1,1,4,0,0,-1,current,0,0,0.014656720527758202,0.014656720527758202,10,9,9,9,9,0,0,1,1.0,1.0,1.0,1.0,1.0,1,1.0,1.0,1.0,1.0,1.0,1,1.0,1.0,1.0,1.0,1.0,1,1.0,1.0,1.0,1.0,1.0
1594,no_strict_e1_improvement,0,,,,,1,0,1,1,1,1,1,4,0,0,-1,current,0,0,0.026864623340467613,0.026864623340467613,10,0,0,0,0,0,0,0,0.0,0.5,1.0,0.75,0.75,0,0.0,0.5,1.0,0.75,0.75,0,0.0,0.5,1.0,0.75,0.75,0,0.0,0.5,1.0,0.75,0.75
1595,no_strict_e1_improvement,0,,,,,1,0,1,1,1,1,1,4,0,0,-1,current,0,0,0.0429365251523753,0.0429365251523753,10,0,0,0,0,0,0,0,0.0,0.5,1.0,0.75,0.75,0,0.0,0.5,1.0,0.75,0.75,0,0.0,0.5,1.0,0.75,0.75,0,0.0,0.5,1.0,0.75,0.75
1596,no_strict_e1_improvement,0,,,,,1,0,1,1,1,1,1,4,0,0,-1,current,0,0,0.06760747948040564,0.06760747948040564,10,9,9,9,9,0,0,1,1.0,1.0,1.0,1.0,1.0,1,1.0,1.0,1.0,1.0,1.0,1,1.0,1.0,1.0,1.0,1.0,1,1.0,1.0,1.0,1.0,1.0
1597,max_rounds,0,,,,,1,1,3,2,2,6,6,4,0,0,0,s1a3_greedy,1,0,0.04849282430950552,0.024942275408344965,7,0,0,0,0,0,0,0,0.0,0.6666666666666666,0.0,0.3333333333333333,0.3333333333333333,0,0.0,0.6666666666666666,0.0,0.3333333333333333,0.3333333333333333,0,0.0,0.8333333333333334,0.5,0.6666666666666666,0.6666666666666666,0,0.0,0.8333333333333334,0.5,0.6666666666666666,0.6666666666666666
1598,max_rounds,0,,,,,1,1,3,2,2,6,6,4,0,0,0,s1a3_greedy,1,0,0.10947203511993091,0.057012196319798626,7,0,0,0,0,0,0,0,0.0,0.5,0.8333333333333334,0.6666666666666666,0.6666666666666666,0,0.0,0.5,0.8333333333333334,0.6666666666666666,0.6666666666666666,0,0.0,0.16666666666666666,0.5,0.3333333333333333,0.4166666666666667,0,0.0,0.16666666666666666,0.5,0.3333333333333333,0.4166666666666667
1599,max_rounds,0,,,,,1,1,3,2,2,7,7,4,0,0,1,profiled_beam,1,1,0.11054691724712029,0.059787928650621325,6,0,0,0,0,0,0,0,0.0,0.16666666666666666,0.3333333333333333,0.25,0.3333333333333333,0,0.0,0.16666666666666666,0.3333333333333333,0.25,0.3333333333333333,0,0.0,0.16666666666666666,0.3333333333333333,0.25,0.3333333333333333,0,0.0,0.5,0.5,0.5,0.5
1600,no_strict_e1_improvement,0,,,,,1,0,2,2,2,7,7,4,0,0,-1,current,0,0,0.13608906402563056,0.13608906402563056,8,0,0,0,0,0,0,0,0.0,0.5,1.0,0.75,0.75,0,0.0,0.5,1.0,0.75,0.75,0,0.0,0.5,1.0,0.75,0.75,0,0.0,0.5,1.0,0.75,0.75
1601,no_strict_e1_improvement,0,,,,,1,0,1,1,1,1,1,4,0,0,-1,current,0,0,0.057979543964999415,0.057979543964999415,8,7,7,7,7,0,0,0,0.7777777777777778,0.6666666666666666,0.6666666666666666,0.6666666666666666,0.6666666666666666,0,0.7777777777777778,0.6666666666666666,0.6666666666666666,0.6666666666666666,0.6666666666666666,0,0.7777777777777778,0.6666666666666666,0.6666666666666666,0.6666666666666666,0.6666666666666666,0,0.7777777777777778,0.6666666666666666,0.6666666666666666,0.6666666666666666,0.6666666666666666
1602,no_strict_e1_improvement,0,,,,,1,0,1,1,1,1,1,4,0,0,-1,current,0,0,0.08222424301008384,0.08222424301008384,9,0,0,0,0,0,0,0,0.0,0.8333333333333334,0.5,0.6666666666666666,0.6666666666666666,0,0.0,0.8333333333333334,0.5,0.6666666666666666,0.6666666666666666,0,0.0,0.8333333333333334,0.5,0.6666666666666666,0.6666666666666666,0,0.0,0.8333333333333334,0.5,0.6666666666666666,0.6666666666666666
1603,max_rounds,0,,,,,1,1,5,4,4,14,14,4,0,-1,1,profiled_beam,1,1,0.21894380326072374,0.13950507063418627,7,4,4,0,1,-3,1,0,0.4444444444444444,0.6666666666666666,0.16666666666666666,0.4166666666666667,0.5,0,0.4444444444444444,0.6666666666666666,0.16666666666666666,0.4166666666666667,0.5,0,0.0,0.6666666666666666,0.0,0.3333333333333333,0.3333333333333333,0,0.1111111111111111,0.5,0.16666666666666666,0.3333333333333333,0.4166666666666667
1604,no_strict_e1_improvement,0,,,,,1,0,1,1,1,1,1,4,0,0,-1,current,0,0,0.023351181608935196,0.023351181608935196,8,9,9,9,9,0,0,1,1.0,1.0,1.0,1.0,1.0,1,1.0,1.0,1.0,1.0,1.0,1,1.0,1.0,1.0,1.0,1.0,1,1.0,1.0,1.0,1.0,1.0
1605,no_strict_e1_improvement,0,,,,,1,0,1,1,1,1,1,4,0,0,-1,current,0,0,0.036486281702915825,0.036486281702915825,9,9,9,9,9,0,0,1,1.0,1.0,1.0,1.0,1.0,1,1.0,1.0,1.0,1.0,1.0,1,1.0,1.0,1.0,1.0,1.0,1,1.0,1.0,1.0,1.0,1.0
1606,max_rounds,0,,,,,1,1,5,4,4,16,16,4,-1,0,1,profiled_beam,1,1,0.24225256157418093,0.17036562909682593,5,3,3,5,4,1,-1,0,0.3333333333333333,0.3333333333333333,0.3333333333333333,0.3333333333333333,0.4166666666666667,0,0.3333333333333333,0.3333333333333333,0.3333333333333333,0.3333333333333333,0.4166666666666667,0,0.5555555555555556,0.6666666666666666,0.3333333333333333,0.5,0.6666666666666666,0,0.4444444444444444,0.16666666666666666,0.16666666666666666,0.16666666666666666,0.3333333333333333
1607,no_strict_e1_improvement,0,,,,,1,0,1,1,1,1,1,4,0,0,-1,current,0,0,0.16504279461999735,0.16504279461999735,7,0,0,0,0,0,0,0,0.0,0.5,0.5,0.5,0.5,0,0.0,0.5,0.5,0.5,0.5,0,0.0,0.5,0.5,0.5,0.5,0,0.0,0.5,0.5,0.5,0.5
1608,no_strict_e1_improvement,0,,,,,1,0,2,2,2,7,7,4,0,0,-1,current,0,0,0.1222900462647279,0.1222900462647279,9,9,9,9,9,0,0,1,1.0,1.0,1.0,1.0,1.0,1,1.0,1.0,1.0,1.0,1.0,1,1.0,1.0,1.0,1.0,1.0,1,1.0,1.0,1.0,1.0,1.0
1609,no_strict_e1_improvement,0,,,,,1,0,1,1,1,1,1,4,0,0,-1,current,0,0,0.07471554353833199,0.07471554353833199,10,0,0,0,0,0,0,0,0.0,0.5,0.8333333333333334,0.6666666666666666,0.6666666666666666,0,0.0,0.5,0.8333333333333334,0.6666666666666666,0.6666666666666666,0,0.0,0.5,0.8333333333333334,0.6666666666666666,0.6666666666666666,0,0.0,0.5,0.8333333333333334,0.6666666666666666,0.6666666666666666
1610,no_strict_e1_improvement,0,,,,,1,0,1,1,1,1,1,4,0,0,-1,current,0,0,0.054264979204162955,0.054264979204162955,9,3,3,3,3,0,0,0,0.3333333333333333,0.5,0.6666666666666666,0.5833333333333334,0.5833333333333334,0,0.3333333333333333,0.5,0.6666666666666666,0.5833333333333334,0.5833333333333334,0,0.3333333333333333,0.5,0.6666666666666666,0.5833333333333334,0.5833333333333334,0,0.3333333333333333,0.5,0.6666666666666666,0.5833333333333334,0.5833333333333334
1611,small_component,0,,,,,1,0,0,0,0,0,0,4,0,0,-1,current,0,0,0.26569698564708233,0.26569698564708233,5,1,1,1,1,0,0,0,0.1111111111111111,0.3333333333333333,0.16666666666666666,0.25,0.5833333333333334,0,0.1111111111111111,0.3333333333333333,0.16666666666666666,0.25,0.5833333333333334,0,0.1111111111111111,0.3333333333333333,0.16666666666666666,0.25,0.5833333333333334,0,0.1111111111111111,0.3333333333333333,0.16666666666666666,0.25,0.5833333333333334
1612,no_strict_e1_improvement,0,,,,,1,0,1,1,1,1,1,4,0,0,-1,current,0,0,0.03056982617514829,0.03056982617514829,9,0,0,0,0,0,0,0,0.0,0.5,0.6666666666666666,0.5833333333333334,0.75,0,0.0,0.5,0.6666666666666666,0.5833333333333334,0.75,0,0.0,0.5,0.6666666666666666,0.5833333333333334,0.75,0,0.0,0.5,0.6666666666666666,0.5833333333333334,0.75
1613,no_strict_e1_improvement,0,,,,,1,0,1,1,1,1,1,4,0,0,-1,current,0,0,0.034896997114022575,0.034896997114022575,9,0,0,0,0,0,0,0,0.0,1.0,0.5,0.75,0.75,0,0.0,1.0,0.5,0.75,0.75,0,0.0,1.0,0.5,0.75,0.75,0,0.0,1.0,0.5,0.75,0.75
1614,max_rounds,0,,,,,1,1,5,4,4,15,15,4,1,0,1,profiled_beam,1,1,0.18773686602556458,0.0931122019343699,5,2,2,3,0,-2,-3,0,0.2222222222222222,0.16666666666666666,0.6666666666666666,0.4166666666666667,0.4166666666666667,0,0.2222222222222222,0.16666666666666666,0.6666666666666666,0.4166666666666667,0.4166666666666667,0,0.3333333333333333,0.0,1.0,0.5,0.75,0,0.0,0.16666666666666666,0.5,0.3333333333333333,0.5
1615,no_strict_e1_improvement,0,,,,,1,0,1,1,1,1,1,4,0,0,-1,current,0,0,0.01866996722916762,0.01866996722916762,11,9,9,9,9,0,0,1,1.0,1.0,1.0,1.0,1.0,1,1.0,1.0,1.0,1.0,1.0,1,1.0,1.0,1.0,1.0,1.0,1,1.0,1.0,1.0,1.0,1.0
1616,partial_completed__no_strict_e1_improvement,1,,3,2,3,1,0,4,4,4,13,13,4,0,0,-1,current,1,0,0.0600384776868547,0.0600384776868547,9,0,9,9,9,9,0,0,0.0,0.6666666666666666,0.5,0.5833333333333334,0.5833333333333334,1,1.0,1.0,1.0,1.0,1.0,1,1.0,1.0,1.0,1.0,1.0,1,1.0,1.0,1.0,1.0,1.0
1617,small_component,0,,,,,1,0,0,0,0,0,0,4,0,0,-1,current,0,0,0.19243494937351593,0.19243494937351593,5,0,0,0,0,0,0,0,0.0,0.3333333333333333,0.0,0.16666666666666666,0.3333333333333333,0,0.0,0.3333333333333333,0.0,0.16666666666666666,0.3333333333333333,0,0.0,0.3333333333333333,0.0,0.16666666666666666,0.3333333333333333,0,0.0,0.3333333333333333,0.0,0.16666666666666666,0.3333333333333333
1618,max_rounds,0,,,,,1,1,5,4,4,15,15,4,0,1,1,profiled_beam,1,1,0.2957043594215065,0.09700918764186402,6,0,0,0,0,0,0,0,0.0,0.0,0.0,0.0,0.08333333333333333,0,0.0,0.0,0.0,0.0,0.08333333333333333,0,0.0,0.0,0.16666666666666666,0.08333333333333333,0.16666666666666666,0,0.0,0.16666666666666666,0.3333333333333333,0.25,0.25
1619,no_strict_e1_improvement,0,,,,,1,0,1,1,1,1,1,4,0,0,-1,current,0,0,0.01729235821403563,0.01729235821403563,10,0,0,0,0,0,0,0,0.0,0.5,1.0,0.75,0.75,0,0.0,0.5,1.0,0.75,0.75,0,0.0,0.5,1.0,0.75,0.75,0,0.0,0.5,1.0,0.75,0.75
1620,no_strict_e1_improvement,0,,,,,1,0,1,1,1,1,1,4,0,0,-1,current,0,0,0.003670274280011654,0.003670274280011654,12,9,9,9,9,0,0,1,1.0,1.0,1.0,1.0,1.0,1,1.0,1.0,1.0,1.0,1.0,1,1.0,1.0,1.0,1.0,1.0,1,1.0,1.0,1.0,1.0,1.0
1621,max_rounds,0,,,,,1,1,3,2,2,6,6,4,0,0,0,s1a3_greedy,1,0,0.19036852211380997,0.052044664354374014,7,7,7,9,9,2,0,0,0.7777777777777778,0.6666666666666666,0.6666666666666666,0.6666666666666666,0.75,0,0.7777777777777778,0.6666666666666666,0.6666666666666666,0.6666666666666666,0.75,1,1.0,1.0,1.0,1.0,1.0,1,1.0,1.0,1.0,1.0,1.0
1622,no_strict_e1_improvement,0,,,,,1,0,1,1,1,1,1,4,0,0,-1,current,0,0,0.04171565889070431,0.04171565889070431,8,9,9,9,9,0,0,1,1.0,1.0,1.0,1.0,1.0,1,1.0,1.0,1.0,1.0,1.0,1,1.0,1.0,1.0,1.0,1.0,1,1.0,1.0,1.0,1.0,1.0
1623,max_rounds,0,,,,,1,1,5,4,4,14,14,4,0,0,1,profiled_beam,1,1,0.26496278680860996,0.10250881725611787,6,2,2,0,2,0,2,0,0.2222222222222222,0.0,0.5,0.25,0.5,0,0.2222222222222222,0.0,0.5,0.25,0.5,0,0.0,0.0,0.5,0.25,0.5,0,0.2222222222222222,0.16666666666666666,0.6666666666666666,0.4166666666666667,0.5833333333333334
1624,small_component,0,,,,,1,0,0,0,0,0,0,4,0,0,-1,current,0,0,0.15385567924628654,0.15385567924628654,6,0,0,0,0,0,0,0,0.0,0.5,0.5,0.5,0.5,0,0.0,0.5,0.5,0.5,0.5,0,0.0,0.5,0.5,0.5,0.5,0,0.0,0.5,0.5,0.5,0.5
1625,max_rounds,0,,,,,1,1,3,2,2,8,8,4,0,0,1,profiled_beam,1,1,0.2005116151024898,0.15238504049678644,7,3,3,3,3,0,0,0,0.3333333333333333,0.0,0.6666666666666666,0.3333333333333333,0.5833333333333334,0,0.3333333333333333,0.0,0.6666666666666666,0.3333333333333333,0.5833333333333334,0,0.3333333333333333,0.0,0.6666666666666666,0.3333333333333333,0.5833333333333334,0,0.3333333333333333,0.0,1.0,0.5,0.75
1626,partial_completed__max_rounds,1,,3,2,3,1,1,5,4,4,16,16,4,0,1,1,profiled_beam,1,1,0.27053184683124226,0.22616102981070677,5,1,1,1,1,0,0,0,0.1111111111111111,0.0,0.0,0.0,0.16666666666666666,0,0.1111111111111111,0.0,0.16666666666666666,0.08333333333333333,0.4166666666666667,0,0.1111111111111111,0.0,0.16666666666666666,0.08333333333333333,0.4166666666666667,0,0.1111111111111111,0.3333333333333333,0.0,0.16666666666666666,0.4166666666666667
1627,max_rounds,0,,,,,1,1,3,2,2,6,6,4,-1,0,0,s1a3_greedy,1,0,0.22051667034005126,0.08536796535675724,8,0,0,9,9,9,0,0,0.0,0.6666666666666666,0.5,0.5833333333333334,0.6666666666666666,0,0.0,0.6666666666666666,0.5,0.5833333333333334,0.6666666666666666,1,1.0,1.0,1.0,1.0,1.0,1,1.0,1.0,1.0,1.0,1.0
1628,max_rounds,0,,,,,1,1,3,2,2,6,6,4,0,1,1,profiled_beam,1,1,0.18079348529378572,0.14757557958364487,6,0,0,0,0,0,0,0,0.0,0.5,0.5,0.5,0.5,0,0.0,0.5,0.5,0.5,0.5,0,0.0,0.5,0.5,0.5,0.5,0,0.0,1.0,0.5,0.75,0.75
1629,no_strict_e1_improvement,0,,,,,1,0,2,2,2,6,6,4,0,0,-1,current,0,0,0.08263689343584701,0.08263689343584701,8,0,0,0,0,0,0,0,0.0,0.5,0.6666666666666666,0.5833333333333334,0.6666666666666666,0,0.0,0.5,0.6666666666666666,0.5833333333333334,0.6666666666666666,0,0.0,0.5,0.6666666666666666,0.5833333333333334,0.6666666666666666,0,0.0,0.5,0.6666666666666666,0.5833333333333334,0.6666666666666666
1630,no_strict_e1_improvement,0,,,,,1,0,1,1,1,1,1,4,0,0,-1,current,0,0,0.006408906231323878,0.006408906231323878,11,0,0,0,0,0,0,0,0.0,0.5,1.0,0.75,0.75,0,0.0,0.5,1.0,0.75,0.75,0,0.0,0.5,1.0,0.75,0.75,0,0.0,0.5,1.0,0.75,0.75
1631,no_strict_e1_improvement,0,,,,,1,0,1,1,1,1,1,4,0,0,-1,current,0,0,0.0,0.0,12,0,0,0,0,0,0,0,0.0,0.5,1.0,0.75,0.75,0,0.0,0.5,1.0,0.75,0.75,0,0.0,0.5,1.0,0.75,0.75,0,0.0,0.5,1.0,0.75,0.75
1632,no_strict_e1_improvement,0,,,,,1,0,1,1,1,1,1,4,0,0,-1,current,0,0,0.06564090106015404,0.06564090106015404,8,0,0,0,0,0,0,0,0.0,0.5,1.0,0.75,0.75,0,0.0,0.5,1.0,0.75,0.75,0,0.0,0.5,1.0,0.75,0.75,0,0.0,0.5,1.0,0.75,0.75
1633,small_component,0,,,,,1,0,0,0,0,0,0,4,0,0,-1,current,0,0,0.38183409223953885,0.38183409223953885,6,2,2,2,2,0,0,0,0.2222222222222222,0.5,0.0,0.25,0.4166666666666667,0,0.2222222222222222,0.5,0.0,0.25,0.4166666666666667,0,0.2222222222222222,0.5,0.0,0.25,0.4166666666666667,0,0.2222222222222222,0.5,0.0,0.25,0.4166666666666667
1634,no_strict_e1_improvement,0,,,,,1,0,1,1,1,1,1,4,0,0,-1,current,0,0,0.008120862922320763,0.008120862922320763,8,9,9,9,9,0,0,1,1.0,1.0,1.0,1.0,1.0,1,1.0,1.0,1.0,1.0,1.0,1,1.0,1.0,1.0,1.0,1.0,1,1.0,1.0,1.0,1.0,1.0
1635,max_rounds,0,,,,,1,1,3,2,2,5,5,4,0,1,0,s1a3_greedy,1,0,0.1378590806076924,0.04849688895046711,9,0,0,9,9,9,0,0,0.0,0.5,1.0,0.75,0.75,0,0.0,0.5,1.0,0.75,0.75,1,1.0,1.0,1.0,1.0,1.0,1,1.0,1.0,1.0,1.0,1.0
1636,max_rounds,0,,,,,1,1,5,4,4,15,15,4,1,0,0,s1a3_greedy,1,0,0.19674681313335896,0.07770759488145511,7,0,0,9,9,9,0,0,0.0,0.3333333333333333,0.5,0.4166666666666667,0.5833333333333334,0,0.0,0.3333333333333333,0.5,0.4166666666666667,0.5833333333333334,1,1.0,1.0,1.0,1.0,1.0,1,1.0,1.0,1.0,1.0,1.0
1637,max_rounds,0,,,,,1,1,3,2,2,6,6,4,0,1,0,s1a3_greedy,1,0,0.14513729233294725,0.10332895535975695,4,0,0,0,0,0,0,0,0.0,0.16666666666666666,0.3333333333333333,0.25,0.25,0,0.0,0.16666666666666666,0.3333333333333333,0.25,0.25,0,0.0,0.3333333333333333,0.16666666666666666,0.25,0.4166666666666667,0,0.0,0.3333333333333333,0.16666666666666666,0.25,0.4166666666666667
1638,no_strict_e1_improvement,0,,,,,1,0,1,1,1,1,1,4,0,0,-1,current,0,0,0.035332867254813514,0.035332867254813514,11,0,0,0,0,0,0,0,0.0,1.0,0.5,0.75,0.75,0,0.0,1.0,0.5,0.75,0.75,0,0.0,1.0,0.5,0.75,0.75,0,0.0,1.0,0.5,0.75,0.75
1639,partial_completed__no_strict_e1_improvement,1,,3,2,2,1,0,1,1,1,1,1,4,0,0,-1,current,1,0,0.01629855124823128,0.01629855124823128,10,6,9,9,9,3,0,0,0.6666666666666666,0.5,0.6666666666666666,0.5833333333333334,0.5833333333333334,1,1.0,1.0,1.0,1.0,1.0,1,1.0,1.0,1.0,1.0,1.0,1,1.0,1.0,1.0,1.0,1.0
1640,no_strict_e1_improvement,0,,,,,1,0,1,1,1,1,1,4,0,0,-1,current,0,0,0.005821044867237409,0.005821044867237409,12,0,0,0,0,0,0,0,0.0,1.0,0.5,0.75,0.75,0,0.0,1.0,0.5,0.75,0.75,0,0.0,1.0,0.5,0.75,0.75,0,0.0,1.0,0.5,0.75,0.75
1641,no_strict_e1_improvement,0,,,,,1,0,1,1,1,1,1,4,0,0,-1,current,0,0,0.04262805016090473,0.04262805016090473,11,9,9,9,9,0,0,1,1.0,1.0,1.0,1.0,1.0,1,1.0,1.0,1.0,1.0,1.0,1,1.0,1.0,1.0,1.0,1.0,1,1.0,1.0,1.0,1.0,1.0
1642,no_strict_e1_improvement,0,,,,,1,0,1,1,1,1,1,4,0,0,-1,current,0,0,0.0075073828144619865,0.0075073828144619865,10,9,9,9,9,0,0,1,1.0,1.0,1.0,1.0,1.0,1,1.0,1.0,1.0,1.0,1.0,1,1.0,1.0,1.0,1.0,1.0,1,1.0,1.0,1.0,1.0,1.0
1643,no_strict_e1_improvement,0,,,,,1,0,1,1,1,1,1,4,0,0,-1,current,0,0,0.022088949879010517,0.022088949879010517,11,9,9,9,9,0,0,1,1.0,1.0,1.0,1.0,1.0,1,1.0,1.0,1.0,1.0,1.0,1,1.0,1.0,1.0,1.0,1.0,1,1.0,1.0,1.0,1.0,1.0
1644,max_rounds,0,,,,,1,1,5,4,4,15,15,4,-1,0,1,profiled_beam,1,1,0.30591961462050676,0.13567550123358765,5,0,0,0,1,1,1,0,0.0,0.5,0.3333333333333333,0.4166666666666667,0.6666666666666666,0,0.0,0.5,0.3333333333333333,0.4166666666666667,0.6666666666666666,0,0.0,0.16666666666666666,0.16666666666666666,0.16666666666666666,0.5,0,0.1111111111111111,0.3333333333333333,0.0,0.16666666666666666,0.5
1645,no_strict_e1_improvement,0,,,,,1,0,1,1,1,1,1,4,0,0,-1,current,0,0,0.005599802980820338,0.005599802980820338,12,9,9,9,9,0,0,1,1.0,1.0,1.0,1.0,1.0,1,1.0,1.0,1.0,1.0,1.0,1,1.0,1.0,1.0,1.0,1.0,1,1.0,1.0,1.0,1.0,1.0
1646,no_strict_e1_improvement,0,,,,,1,0,1,1,1,1,1,4,0,0,-1,current,0,0,0.04579981090500951,0.04579981090500951,6,0,0,0,0,0,0,0,0.0,1.0,0.5,0.75,0.75,0,0.0,1.0,0.5,0.75,0.75,0,0.0,1.0,0.5,0.75,0.75,0,0.0,1.0,0.5,0.75,0.75
1647,no_strict_e1_improvement,0,,,,,1,0,1,1,1,1,1,4,0,0,-1,current,0,0,0.0028539964308341346,0.0028539964308341346,11,9,9,9,9,0,0,1,1.0,1.0,1.0,1.0,1.0,1,1.0,1.0,1.0,1.0,1.0,1,1.0,1.0,1.0,1.0,1.0,1,1.0,1.0,1.0,1.0,1.0
1648,max_rounds,0,,,,,1,1,3,2,2,6,6,4,0,0,1,profiled_beam,1,1,0.12319087563082576,0.10739330466215809,5,0,0,0,0,0,0,0,0.0,0.16666666666666666,0.3333333333333333,0.25,0.4166666666666667,0,0.0,0.16666666666666666,0.3333333333333333,0.25,0.4166666666666667,0,0.0,0.5,0.5,0.5,0.5,0,0.0,0.16666666666666666,0.3333333333333333,0.25,0.3333333333333333
1649,no_strict_e1_improvement,0,,,,,1,0,1,1,1,1,1,4,0,0,-1,current,0,0,0.1287375691657265,0.1287375691657265,7,0,0,0,0,0,0,0,0.0,0.6666666666666666,0.5,0.5833333333333334,0.6666666666666666,0,0.0,0.6666666666666666,0.5,0.5833333333333334,0.6666666666666666,0,0.0,0.6666666666666666,0.5,0.5833333333333334,0.6666666666666666,0,0.0,0.6666666666666666,0.5,0.5833333333333334,0.6666666666666666
1650,no_strict_e1_improvement,0,,,,,1,0,2,2,2,8,8,4,0,0,-1,current,0,0,0.09424491655469562,0.09424491655469562,9,9,9,9,9,0,0,1,1.0,1.0,1.0,1.0,1.0,1,1.0,1.0,1.0,1.0,1.0,1,1.0,1.0,1.0,1.0,1.0,1,1.0,1.0,1.0,1.0,1.0
1651,max_rounds,0,,,,,1,1,2,2,2,5,5,4,-1,0,0,s1a3_greedy,1,0,0.07279577804729342,0.06080288393422961,5,0,0,0,0,0,0,0,0.0,0.5,0.16666666666666666,0.3333333333333333,0.5,0,0.0,0.5,0.16666666666666666,0.3333333333333333,0.5,0,0.0,0.5,0.16666666666666666,0.3333333333333333,0.4166666666666667,0,0.0,0.5,0.16666666666666666,0.3333333333333333,0.4166666666666667
1652,max_rounds,0,,,,,1,1,4,4,4,12,12,4,0,1,0,s1a3_greedy,1,0,0.1931270674491922,0.04559357029696306,10,0,0,9,9,9,0,0,0.0,0.5,1.0,0.75,0.75,0,0.0,0.5,1.0,0.75,0.75,1,1.0,1.0,1.0,1.0,1.0,1,1.0,1.0,1.0,1.0,1.0
1653,no_strict_e1_improvement,0,,,,,1,0,1,1,1,1,1,4,0,0,-1,current,0,0,0.05322762361417214,0.05322762361417214,8,9,9,9,9,0,0,1,1.0,1.0,1.0,1.0,1.0,1,1.0,1.0,1.0,1.0,1.0,1,1.0,1.0,1.0,1.0,1.0,1,1.0,1.0,1.0,1.0,1.0
1654,no_strict_e1_improvement,0,,,,,1,0,1,1,1,1,1,4,0,0,-1,current,0,0,0.007949798367917538,0.007949798367917538,9,0,0,0,0,0,0,0,0.0,0.5,1.0,0.75,0.75,0,0.0,0.5,1.0,0.75,0.75,0,0.0,0.5,1.0,0.75,0.75,0,0.0,0.5,1.0,0.75,0.75
1655,no_strict_e1_improvement,0,,,,,1,0,1,1,1,1,1,4,0,0,-1,current,0,0,0.0232905646165212,0.0232905646165212,11,0,0,0,0,0,0,0,0.0,0.5,1.0,0.75,0.75,0,0.0,0.5,1.0,0.75,0.75,0,0.0,0.5,1.0,0.75,0.75,0,0.0,0.5,1.0,0.75,0.75
1656,small_component,0,,,,,1,0,0,0,0,0,0,4,0,0,-1,current,0,0,0.19034014432691038,0.19034014432691038,6,0,0,0,0,0,0,0,0.0,0.3333333333333333,0.16666666666666666,0.25,0.5833333333333334,0,0.0,0.3333333333333333,0.16666666666666666,0.25,0.5833333333333334,0,0.0,0.3333333333333333,0.16666666666666666,0.25,0.5833333333333334,0,0.0,0.3333333333333333,0.16666666666666666,0.25,0.5833333333333334
1657,max_rounds,0,,,,,1,1,3,2,2,7,7,4,0,0,0,s1a3_greedy,1,0,0.21999875269830227,0.030290208136041958,10,1,1,0,0,-1,0,0,0.1111111111111111,0.3333333333333333,0.6666666666666666,0.5,0.5833333333333334,0,0.1111111111111111,0.3333333333333333,0.6666666666666666,0.5,0.5833333333333334,0,0.0,0.5,1.0,0.75,0.75,0,0.0,0.5,1.0,0.75,0.75
1658,no_strict_e1_improvement,0,,,,,1,0,2,2,2,6,6,4,0,0,-1,current,0,0,0.12453916637847821,0.12453916637847821,8,9,9,9,9,0,0,1,1.0,1.0,1.0,1.0,1.0,1,1.0,1.0,1.0,1.0,1.0,1,1.0,1.0,1.0,1.0,1.0,1,1.0,1.0,1.0,1.0,1.0
1659,no_strict_e1_improvement,0,,,,,1,0,1,1,1,1,1,4,0,0,-1,current,0,0,0.09975824877619743,0.09975824877619743,4,0,0,0,0,0,0,0,0.0,0.0,0.0,0.0,0.4166666666666667,0,0.0,0.0,0.0,0.0,0.4166666666666667,0,0.0,0.0,0.0,0.0,0.4166666666666667,0,0.0,0.0,0.0,0.0,0.4166666666666667
1660,small_component,0,,,,,1,0,0,0,0,0,0,4,0,0,-1,current,0,0,0.25980215224747855,0.25980215224747855,5,1,1,1,1,0,0,0,0.1111111111111111,0.3333333333333333,0.16666666666666666,0.25,0.5833333333333334,0,0.1111111111111111,0.3333333333333333,0.16666666666666666,0.25,0.5833333333333334,0,0.1111111111111111,0.3333333333333333,0.16666666666666666,0.25,0.5833333333333334,0,0.1111111111111111,0.3333333333333333,0.16666666666666666,0.25,0.5833333333333334
1661,no_strict_e1_improvement,0,,,,,1,0,1,1,1,1,1,4,0,0,-1,current,0,0,0.035785468916098274,0.035785468916098274,10,0,0,0,0,0,0,0,0.0,0.5,0.5,0.5,0.5,0,0.0,0.5,0.5,0.5,0.5,0,0.0,0.5,0.5,0.5,0.5,0,0.0,0.5,0.5,0.5,0.5
1662,no_strict_e1_improvement,0,,,,,1,0,1,1,1,2,2,4,0,0,-1,current,0,0,0.07861928051958482,0.07861928051958482,7,1,1,1,1,0,0,0,0.1111111111111111,0.6666666666666666,0.3333333333333333,0.5,0.5833333333333334,0,0.1111111111111111,0.6666666666666666,0.3333333333333333,0.5,0.5833333333333334,0,0.1111111111111111,0.6666666666666666,0.3333333333333333,0.5,0.5833333333333334,0,0.1111111111111111,0.6666666666666666,0.3333333333333333,0.5,0.5833333333333334
1663,max_rounds,0,,,,,1,1,3,2,2,5,5,4,0,1,0,s1a3_greedy,1,0,0.16564766317605972,0.026224415749311447,9,0,0,9,9,9,0,0,0.0,0.5,0.8333333333333334,0.6666666666666666,0.6666666666666666,0,0.0,0.5,0.8333333333333334,0.6666666666666666,0.6666666666666666,1,1.0,1.0,1.0,1.0,1.0,1,1.0,1.0,1.0,1.0,1.0
1664,no_strict_e1_improvement,0,,,,,1,0,1,1,1,1,1,4,0,0,-1,current,0,0,0.0057711247354745865,0.0057711247354745865,11,9,9,9,9,0,0,1,1.0,1.0,1.0,1.0,1.0,1,1.0,1.0,1.0,1.0,1.0,1,1.0,1.0,1.0,1.0,1.0,1,1.0,1.0,1.0,1.0,1.0
1665,max_rounds,0,,,,,1,1,4,4,4,10,10,4,1,1,0,s1a3_greedy,1,0,0.13650085031986237,0.006469787408908208,11,0,0,9,9,9,0,0,0.0,0.5,0.5,0.5,0.5,0,0.0,0.5,0.5,0.5,0.5,1,1.0,1.0,1.0,1.0,1.0,1,1.0,1.0,1.0,1.0,1.0
1666,no_strict_e1_improvement,0,,,,,1,0,1,1,1,1,1,4,0,0,-1,current,0,0,0.03441890080769857,0.03441890080769857,10,0,0,0,0,0,0,0,0.0,0.5,1.0,0.75,0.75,0,0.0,0.5,1.0,0.75,0.75,0,0.0,0.5,1.0,0.75,0.75,0,0.0,0.5,1.0,0.75,0.75
1667,no_strict_e1_improvement,0,,,,,1,0,1,1,1,1,1,4,0,0,-1,current,0,0,0.0,0.0,12,9,9,9,9,0,0,1,1.0,1.0,1.0,1.0,1.0,1,1.0,1.0,1.0,1.0,1.0,1,1.0,1.0,1.0,1.0,1.0,1,1.0,1.0,1.0,1.0,1.0
1668,no_strict_e1_improvement,0,,,,,1,0,1,1,1,1,1,4,0,0,-1,current,0,0,0.0,0.0,12,0,0,0,0,0,0,0,0.0,0.5,1.0,0.75,0.75,0,0.0,0.5,1.0,0.75,0.75,0,0.0,0.5,1.0,0.75,0.75,0,0.0,0.5,1.0,0.75,0.75
1669,no_strict_e1_improvement,0,,,,,1,0,1,1,1,1,1,4,0,0,-1,current,0,0,0.0010571740567684174,0.0010571740567684174,12,9,9,9,9,0,0,1,1.0,1.0,1.0,1.0,1.0,1,1.0,1.0,1.0,1.0,1.0,1,1.0,1.0,1.0,1.0,1.0,1,1.0,1.0,1.0,1.0,1.0
1670,small_component,0,,,,,1,0,0,0,0,0,0,4,0,0,-1,current,0,0,0.3257262942691644,0.3257262942691644,5,0,0,0,0,0,0,0,0.0,0.16666666666666666,0.3333333333333333,0.25,0.4166666666666667,0,0.0,0.16666666666666666,0.3333333333333333,0.25,0.4166666666666667,0,0.0,0.16666666666666666,0.3333333333333333,0.25,0.4166666666666667,0,0.0,0.16666666666666666,0.3333333333333333,0.25,0.4166666666666667
1671,max_rounds,0,,,,,1,1,5,4,4,14,14,4,0,1,1,profiled_beam,1,1,0.11815491151840736,0.07735145483942081,4,0,0,0,0,0,0,0,0.0,0.6666666666666666,0.0,0.3333333333333333,0.3333333333333333,0,0.0,0.6666666666666666,0.0,0.3333333333333333,0.3333333333333333,0,0.0,0.8333333333333334,0.0,0.4166666666666667,0.4166666666666667,0,0.0,0.6666666666666666,0.0,0.3333333333333333,0.3333333333333333
1672,max_rounds,0,,,,,1,1,5,4,4,14,14,4,0,0,1,profiled_beam,1,1,0.277376152575016,0.08198435604572296,8,1,1,0,0,-1,0,0,0.1111111111111111,0.3333333333333333,0.0,0.16666666666666666,0.3333333333333333,0,0.1111111111111111,0.3333333333333333,0.0,0.16666666666666666,0.3333333333333333,0,0.0,0.16666666666666666,0.3333333333333333,0.25,0.4166666666666667,0,0.0,0.16666666666666666,0.3333333333333333,0.25,0.5
1673,no_strict_e1_improvement,0,,,,,1,0,1,1,1,1,1,4,0,0,-1,current,0,0,0.05310253923137983,0.05310253923137983,9,0,0,0,0,0,0,0,0.0,0.5,1.0,0.75,0.75,0,0.0,0.5,1.0,0.75,0.75,0,0.0,0.5,1.0,0.75,0.75,0,0.0,0.5,1.0,0.75,0.75
1674,no_strict_e1_improvement,0,,,,,1,0,1,1,1,1,1,4,0,0,-1,current,0,0,0.041205424504975476,0.041205424504975476,7,0,0,0,0,0,0,0,0.0,0.5,1.0,0.75,0.75,0,0.0,0.5,1.0,0.75,0.75,0,0.0,0.5,1.0,0.75,0.75,0,0.0,0.5,1.0,0.75,0.75
1675,no_strict_e1_improvement,0,,,,,1,0,1,1,1,1,1,4,0,0,-1,current,0,0,0.046364111825823784,0.046364111825823784,8,9,9,9,9,0,0,1,1.0,1.0,1.0,1.0,1.0,1,1.0,1.0,1.0,1.0,1.0,1,1.0,1.0,1.0,1.0,1.0,1,1.0,1.0,1.0,1.0,1.0
1676,max_rounds,0,,,,,1,1,3,2,2,6,6,4,0,1,0,s1a3_greedy,1,0,0.1789544920126597,0.04014264171322187,10,0,0,0,0,0,0,0,0.0,0.16666666666666666,0.6666666666666666,0.4166666666666667,0.5,0,0.0,0.16666666666666666,0.6666666666666666,0.4166666666666667,0.5,0,0.0,0.5,1.0,0.75,0.75,0,0.0,0.5,1.0,0.75,0.75
1677,max_rounds,0,,,,,1,1,3,2,2,5,5,4,0,0,0,s1a3_greedy,1,0,0.2846238162989418,0.12155787584682305,4,3,3,4,4,1,0,0,0.3333333333333333,0.16666666666666666,0.16666666666666666,0.16666666666666666,0.25,0,0.3333333333333333,0.16666666666666666,0.16666666666666666,0.16666666666666666,0.25,0,0.4444444444444444,0.3333333333333333,0.16666666666666666,0.25,0.5,0,0.4444444444444444,0.3333333333333333,0.16666666666666666,0.25,0.5
1678,max_rounds,0,,,,,1,1,3,2,2,5,5,4,0,1,1,profiled_beam,1,1,0.07621678958336513,0.062385596334934235,7,0,0,0,0,0,0,0,0.0,0.0,0.6666666666666666,0.3333333333333333,0.3333333333333333,0,0.0,0.0,0.6666666666666666,0.3333333333333333,0.3333333333333333,0,0.0,0.0,0.6666666666666666,0.3333333333333333,0.3333333333333333,0,0.0,0.5,0.6666666666666666,0.5833333333333334,0.5833333333333334
1679,no_strict_e1_improvement,0,,,,,1,0,2,2,2,6,6,4,0,0,-1,current,0,0,0.04619291611015797,0.04619291611015797,9,0,0,0,0,0,0,0,0.0,1.0,0.5,0.75,0.75,0,0.0,1.0,0.5,0.75,0.75,0,0.0,1.0,0.5,0.75,0.75,0,0.0,1.0,0.5,0.75,0.75
1680,partial_completed__small_component,1,,3,2,4,1,0,0,0,0,0,0,4,0,0,-1,current,1,0,0.2391251660665148,0.2391251660665148,5,0,0,0,0,0,0,0,0.0,0.3333333333333333,0.0,0.16666666666666666,0.16666666666666666,0,0.0,0.3333333333333333,0.16666666666666666,0.25,0.5,0,0.0,0.3333333333333333,0.16666666666666666,0.25,0.5,0,0.0,0.3333333333333333,0.16666666666666666,0.25,0.5
1681,no_strict_e1_improvement,0,,,,,1,0,1,1,1,1,1,4,0,0,-1,current,0,0,0.035302622825838625,0.035302622825838625,7,1,1,1,1,0,0,0,0.1111111111111111,0.3333333333333333,0.6666666666666666,0.5,0.5833333333333334,0,0.1111111111111111,0.3333333333333333,0.6666666666666666,0.5,0.5833333333333334,0,0.1111111111111111,0.3333333333333333,0.6666666666666666,0.5,0.5833333333333334,0,0.1111111111111111,0.3333333333333333,0.6666666666666666,0.5,0.5833333333333334
1682,partial_completed__no_strict_e1_improvement,1,,3,2,4,1,0,2,2,2,7,7,4,0,0,-1,current,1,0,0.17542496665070453,0.17542496665070453,7,3,3,3,3,0,0,0,0.3333333333333333,0.0,0.6666666666666666,0.3333333333333333,0.3333333333333333,0,0.3333333333333333,0.0,1.0,0.5,0.75,0,0.3333333333333333,0.0,1.0,0.5,0.75,0,0.3333333333333333,0.0,1.0,0.5,0.75
1683,max_rounds,0,,,,,1,1,3,2,2,7,7,4,0,0,1,profiled_beam,1,1,0.06652308255434036,0.023027567348132532,8,3,3,1,0,-3,-1,0,0.3333333333333333,0.6666666666666666,0.5,0.5833333333333334,0.5833333333333334,0,0.3333333333333333,0.6666666666666666,0.5,0.5833333333333334,0.5833333333333334,0,0.1111111111111111,0.3333333333333333,0.6666666666666666,0.5,0.6666666666666666,0,0.0,0.5,1.0,0.75,0.75
1684,no_strict_e1_improvement,0,,,,,1,0,1,1,1,1,1,4,0,0,-1,current,0,0,0.06183380540460348,0.06183380540460348,9,0,0,0,0,0,0,0,0.0,0.5,0.5,0.5,0.5,0,0.0,0.5,0.5,0.5,0.5,0,0.0,0.5,0.5,0.5,0.5,0,0.0,0.5,0.5,0.5,0.5
1685,partial_completed__small_component,1,,3,2,4,1,0,0,0,0,0,0,4,0,0,-1,current,1,0,0.33979276245615136,0.33979276245615136,4,0,0,0,0,0,0,0,0.0,0.16666666666666666,0.0,0.08333333333333333,0.3333333333333333,0,0.0,0.16666666666666666,0.0,0.08333333333333333,0.5,0,0.0,0.16666666666666666,0.0,0.08333333333333333,0.5,0,0.0,0.16666666666666666,0.0,0.08333333333333333,0.5
1686,no_strict_e1_improvement,0,,,,,1,0,1,1,1,1,1,4,0,0,-1,current,0,0,0.05355406257634362,0.05355406257634362,9,1,1,1,1,0,0,0,0.1111111111111111,0.3333333333333333,0.3333333333333333,0.3333333333333333,0.4166666666666667,0,0.1111111111111111,0.3333333333333333,0.3333333333333333,0.3333333333333333,0.4166666666666667,0,0.1111111111111111,0.3333333333333333,0.3333333333333333,0.3333333333333333,0.4166666666666667,0,0.1111111111111111,0.3333333333333333,0.3333333333333333,0.3333333333333333,0.4166666666666667
1687,no_strict_e1_improvement,0,,,,,1,0,1,1,1,1,1,4,0,0,-1,current,0,0,0.04112217699488004,0.04112217699488004,9,0,0,0,0,0,0,0,0.0,0.5,0.6666666666666666,0.5833333333333334,0.5833333333333334,0,0.0,0.5,0.6666666666666666,0.5833333333333334,0.5833333333333334,0,0.0,0.5,0.6666666666666666,0.5833333333333334,0.5833333333333334,0,0.0,0.5,0.6666666666666666,0.5833333333333334,0.5833333333333334
1688,no_strict_e1_improvement,0,,,,,1,0,1,1,1,1,1,4,0,0,-1,current,0,0,0.029422749299556017,0.029422749299556017,10,0,0,0,0,0,0,0,0.0,0.5,1.0,0.75,0.75,0,0.0,0.5,1.0,0.75,0.75,0,0.0,0.5,1.0,0.75,0.75,0,0.0,0.5,1.0,0.75,0.75
1689,no_strict_e1_improvement,0,,,,,1,0,1,1,1,1,1,4,0,0,-1,current,0,0,0.07040488083536427,0.07040488083536427,10,0,0,0,0,0,0,0,0.0,0.5,1.0,0.75,0.75,0,0.0,0.5,1.0,0.75,0.75,0,0.0,0.5,1.0,0.75,0.75,0,0.0,0.5,1.0,0.75,0.75
1690,no_strict_e1_improvement,0,,,,,1,0,1,1,1,1,1,4,0,0,-1,current,0,0,0.03960669909914335,0.03960669909914335,9,9,9,9,9,0,0,1,1.0,1.0,1.0,1.0,1.0,1,1.0,1.0,1.0,1.0,1.0,1,1.0,1.0,1.0,1.0,1.0,1,1.0,1.0,1.0,1.0,1.0
1691,no_strict_e1_improvement,0,,,,,1,0,1,1,1,1,1,4,0,0,-1,current,0,0,0.11143494149049123,0.11143494149049123,9,0,0,0,0,0,0,0,0.0,0.8333333333333334,0.5,0.6666666666666666,0.6666666666666666,0,0.0,0.8333333333333334,0.5,0.6666666666666666,0.6666666666666666,0,0.0,0.8333333333333334,0.5,0.6666666666666666,0.6666666666666666,0,0.0,0.8333333333333334,0.5,0.6666666666666666,0.6666666666666666
1692,no_strict_e1_improvement,0,,,,,1,0,1,1,1,1,1,4,0,0,-1,current,0,0,0.013142928190063685,0.013142928190063685,11,0,0,0,0,0,0,0,0.0,0.5,1.0,0.75,0.75,0,0.0,0.5,1.0,0.75,0.75,0,0.0,0.5,1.0,0.75,0.75,0,0.0,0.5,1.0,0.75,0.75
1693,no_strict_e1_improvement,0,,,,,1,0,1,1,1,1,1,4,0,0,-1,current,0,0,0.007927233818918467,0.007927233818918467,12,9,9,9,9,0,0,1,1.0,1.0,1.0,1.0,1.0,1,1.0,1.0,1.0,1.0,1.0,1,1.0,1.0,1.0,1.0,1.0,1,1.0,1.0,1.0,1.0,1.0
1694,no_strict_e1_improvement,0,,,,,1,0,1,1,1,1,1,4,0,0,-1,current,0,0,0.030926569054524105,0.030926569054524105,10,9,9,9,9,0,0,1,1.0,1.0,1.0,1.0,1.0,1,1.0,1.0,1.0,1.0,1.0,1,1.0,1.0,1.0,1.0,1.0,1,1.0,1.0,1.0,1.0,1.0
1695,max_rounds,0,,,,,1,1,5,4,4,16,16,4,0,0,0,s1a3_greedy,1,0,0.3742722924798727,0.2834230085136369,4,1,1,1,1,0,0,0,0.1111111111111111,0.16666666666666666,0.0,0.08333333333333333,0.4166666666666667,0,0.1111111111111111,0.16666666666666666,0.0,0.08333333333333333,0.4166666666666667,0,0.1111111111111111,0.0,0.0,0.0,0.75,0,0.1111111111111111,0.0,0.0,0.0,0.75
1696,no_strict_e1_improvement,0,,,,,1,0,1,1,1,1,1,4,0,0,-1,current,0,0,0.01719345711171627,0.01719345711171627,10,0,0,0,0,0,0,0,0.0,0.5,1.0,0.75,0.75,0,0.0,0.5,1.0,0.75,0.75,0,0.0,0.5,1.0,0.75,0.75,0,0.0,0.5,1.0,0.75,0.75
1697,no_strict_e1_improvement,0,,,,,1,0,1,1,1,1,1,4,0,0,-1,current,0,0,0.035544691452135645,0.035544691452135645,10,3,3,3,3,0,0,0,0.3333333333333333,0.6666666666666666,0.5,0.5833333333333334,0.5833333333333334,0,0.3333333333333333,0.6666666666666666,0.5,0.5833333333333334,0.5833333333333334,0,0.3333333333333333,0.6666666666666666,0.5,0.5833333333333334,0.5833333333333334,0,0.3333333333333333,0.6666666666666666,0.5,0.5833333333333334,0.5833333333333334
1698,no_strict_e1_improvement,0,,,,,1,0,1,1,1,1,1,4,0,0,-1,current,0,0,0.004072774667292833,0.004072774667292833,11,9,9,9,9,0,0,1,1.0,1.0,1.0,1.0,1.0,1,1.0,1.0,1.0,1.0,1.0,1,1.0,1.0,1.0,1.0,1.0,1,1.0,1.0,1.0,1.0,1.0
1699,no_strict_e1_improvement,0,,,,,1,0,1,1,1,1,1,4,0,0,-1,current,0,0,0.0528409033237646,0.0528409033237646,9,0,0,0,0,0,0,0,0.0,1.0,0.5,0.75,0.75,0,0.0,1.0,0.5,0.75,0.75,0,0.0,1.0,0.5,0.75,0.75,0,0.0,1.0,0.5,0.75,0.75
1700,no_strict_e1_improvement,0,,,,,1,0,1,1,1,1,1,4,0,0,-1,current,0,0,0.03289872997750839,0.03289872997750839,10,9,9,9,9,0,0,1,1.0,1.0,1.0,1.0,1.0,1,1.0,1.0,1.0,1.0,1.0,1,1.0,1.0,1.0,1.0,1.0,1,1.0,1.0,1.0,1.0,1.0
1701,no_strict_e1_improvement,0,,,,,1,0,1,1,1,1,1,4,0,0,-1,current,0,0,0.021891295288999874,0.021891295288999874,9,9,9,9,9,0,0,1,1.0,1.0,1.0,1.0,1.0,1,1.0,1.0,1.0,1.0,1.0,1,1.0,1.0,1.0,1.0,1.0,1,1.0,1.0,1.0,1.0,1.0
1702,max_rounds,0,,,,,1,1,3,2,2,7,7,4,0,0,1,profiled_beam,1,1,0.05701618486394485,0.04628666862845421,8,0,0,9,0,0,-9,0,0.0,0.5,1.0,0.75,0.75,0,0.0,0.5,1.0,0.75,0.75,1,1.0,1.0,1.0,1.0,1.0,0,0.0,0.5,0.8333333333333334,0.6666666666666666,0.6666666666666666
1703,no_strict_e1_improvement,0,,,,,1,0,1,1,1,1,1,4,0,0,-1,current,0,0,0.02873281699915727,0.02873281699915727,10,0,0,0,0,0,0,0,0.0,0.5,0.8333333333333334,0.6666666666666666,0.6666666666666666,0,0.0,0.5,0.8333333333333334,0.6666666666666666,0.6666666666666666,0,0.0,0.5,0.8333333333333334,0.6666666666666666,0.6666666666666666,0,0.0,0.5,0.8333333333333334,0.6666666666666666,0.6666666666666666
1704,max_rounds,0,,,,,1,1,2,2,2,6,6,4,-1,0,0,s1a3_greedy,1,0,0.1686533484607935,0.05212471882502238,8,3,3,3,3,0,0,0,0.3333333333333333,1.0,0.0,0.5,0.75,0,0.3333333333333333,1.0,0.0,0.5,0.75,0,0.3333333333333333,1.0,0.0,0.5,0.75,0,0.3333333333333333,1.0,0.0,0.5,0.75
1705,max_rounds,0,,,,,1,1,2,1,1,2,2,4,0,0,0,s1a3_greedy,1,0,0.19813826804359755,0.12462838444237907,3,0,0,0,0,0,0,0,0.0,0.3333333333333333,0.3333333333333333,0.3333333333333333,0.3333333333333333,0,0.0,0.3333333333333333,0.3333333333333333,0.3333333333333333,0.3333333333333333,0,0.0,0.5,0.5,0.5,0.5,0,0.0,0.5,0.5,0.5,0.5
1706,small_component,0,,,,,1,0,0,0,0,0,0,4,0,0,-1,current,0,0,0.2658818836013476,0.2658818836013476,7,0,0,0,0,0,0,0,0.0,0.3333333333333333,0.5,0.4166666666666667,0.5833333333333334,0,0.0,0.3333333333333333,0.5,0.4166666666666667,0.5833333333333334,0,0.0,0.3333333333333333,0.5,0.4166666666666667,0.5833333333333334,0,0.0,0.3333333333333333,0.5,0.4166666666666667,0.5833333333333334
1707,partial_completed__small_component,1,,3,2,3,1,0,0,0,0,0,0,4,0,0,-1,current,1,0,0.2559321665515502,0.2559321665515502,6,3,3,3,3,0,0,0,0.3333333333333333,0.0,0.6666666666666666,0.3333333333333333,0.3333333333333333,0,0.3333333333333333,0.0,1.0,0.5,0.75,0,0.3333333333333333,0.0,1.0,0.5,0.75,0,0.3333333333333333,0.0,1.0,0.5,0.75
1708,no_strict_e1_improvement,0,,,,,1,0,1,1,1,1,1,4,0,0,-1,current,0,0,0.10972040643294652,0.10972040643294652,9,0,0,0,0,0,0,0,0.0,0.5,1.0,0.75,0.75,0,0.0,0.5,1.0,0.75,0.75,0,0.0,0.5,1.0,0.75,0.75,0,0.0,0.5,1.0,0.75,0.75
1709,no_strict_e1_improvement,0,,,,,1,0,1,1,1,1,1,4,0,0,-1,current,0,0,0.09561278112232685,0.09561278112232685,7,1,1,1,1,0,0,0,0.1111111111111111,0.3333333333333333,0.6666666666666666,0.5,0.5833333333333334,0,0.1111111111111111,0.3333333333333333,0.6666666666666666,0.5,0.5833333333333334,0,0.1111111111111111,0.3333333333333333,0.6666666666666666,0.5,0.5833333333333334,0,0.1111111111111111,0.3333333333333333,0.6666666666666666,0.5,0.5833333333333334
1710,small_component,0,,,,,1,0,0,0,0,0,0,4,0,0,-1,current,0,0,0.32807716230551404,0.32807716230551404,6,5,5,5,5,0,0,0,0.5555555555555556,0.5,0.3333333333333333,0.4166666666666667,0.5,0,0.5555555555555556,0.5,0.3333333333333333,0.4166666666666667,0.5,0,0.5555555555555556,0.5,0.3333333333333333,0.4166666666666667,0.5,0,0.5555555555555556,0.5,0.3333333333333333,0.4166666666666667,0.5
1711,partial_completed__no_strict_e1_improvement,1,,3,2,2,1,0,1,1,1,1,1,4,0,0,-1,current,1,0,0.022217832961662982,0.022217832961662982,6,0,0,0,0,0,0,0,0.0,0.0,0.3333333333333333,0.16666666666666666,0.4166666666666667,0,0.0,0.0,0.5,0.25,0.75,0,0.0,0.0,0.5,0.25,0.75,0,0.0,0.0,0.5,0.25,0.75
1712,max_rounds,0,,,,,1,1,5,4,4,14,14,4,0,-1,0,s1a3_greedy,1,0,0.33078183109561604,0.18957709148526192,6,1,1,7,7,6,0,0,0.1111111111111111,0.16666666666666666,0.5,0.3333333333333333,0.4166666666666667,0,0.1111111111111111,0.16666666666666666,0.5,0.3333333333333333,0.4166666666666667,0,0.7777777777777778,0.3333333333333333,0.6666666666666666,0.5,0.5833333333333334,0,0.7777777777777778,0.3333333333333333,0.6666666666666666,0.5,0.5833333333333334
1713,no_strict_e1_improvement,0,,,,,1,0,1,1,1,1,1,4,0,0,-1,current,0,0,0.02524742324021645,0.02524742324021645,8,0,0,0,0,0,0,0,0.0,0.5,0.5,0.5,0.5,0,0.0,0.5,0.5,0.5,0.5,0,0.0,0.5,0.5,0.5,0.5,0,0.0,0.5,0.5,0.5,0.5
1714,no_strict_e1_improvement,0,,,,,1,0,1,1,1,1,1,4,0,0,-1,current,0,0,0.01121904825170835,0.01121904825170835,9,0,0,0,0,0,0,0,0.0,0.5,1.0,0.75,0.75,0,0.0,0.5,1.0,0.75,0.75,0,0.0,0.5,1.0,0.75,0.75,0,0.0,0.5,1.0,0.75,0.75
1715,max_rounds,0,,,,,1,1,2,2,2,7,7,4,0,-1,0,s1a3_greedy,1,0,0.09379321274658044,0.010459806537255645,10,0,0,9,9,9,0,0,0.0,0.5,1.0,0.75,0.75,0,0.0,0.5,1.0,0.75,0.75,1,1.0,1.0,1.0,1.0,1.0,1,1.0,1.0,1.0,1.0,1.0
1716,max_rounds,0,,,,,1,1,5,4,4,15,15,4,1,0,1,profiled_beam,1,1,0.14715167538573345,0.12531647520760694,6,1,1,0,0,-1,0,0,0.1111111111111111,0.3333333333333333,0.6666666666666666,0.5,0.5833333333333334,0,0.1111111111111111,0.3333333333333333,0.6666666666666666,0.5,0.5833333333333334,0,0.0,0.5,0.5,0.5,0.5,0,0.0,0.5,0.5,0.5,0.5
1717,max_rounds,0,,,,,1,1,2,1,1,2,2,4,0,0,0,s1a3_greedy,1,0,0.2781949485652149,0.12255523431425293,6,1,1,0,0,-1,0,0,0.1111111111111111,0.16666666666666666,0.3333333333333333,0.25,0.5,0,0.1111111111111111,0.16666666666666666,0.3333333333333333,0.25,0.5,0,0.0,0.16666666666666666,0.3333333333333333,0.25,0.3333333333333333,0,0.0,0.16666666666666666,0.3333333333333333,0.25,0.3333333333333333
1718,max_rounds,0,,,,,1,1,2,2,2,6,6,4,-1,0,0,s1a3_greedy,1,0,0.13054047090311846,0.06624151083330314,10,0,0,7,7,7,0,0,0.0,0.6666666666666666,0.5,0.5833333333333334,0.6666666666666666,0,0.0,0.6666666666666666,0.5,0.5833333333333334,0.6666666666666666,0,0.7777777777777778,0.6666666666666666,0.6666666666666666,0.6666666666666666,0.75,0,0.7777777777777778,0.6666666666666666,0.6666666666666666,0.6666666666666666,0.75
1719,small_component,0,,,,,1,0,0,0,0,0,0,4,0,0,-1,current,0,0,0.34126650355756283,0.34126650355756283,5,0,0,0,0,0,0,0,0.0,0.16666666666666666,0.3333333333333333,0.25,0.4166666666666667,0,0.0,0.16666666666666666,0.3333333333333333,0.25,0.4166666666666667,0,0.0,0.16666666666666666,0.3333333333333333,0.25,0.4166666666666667,0,0.0,0.16666666666666666,0.3333333333333333,0.25,0.4166666666666667
1720,no_strict_e1_improvement,0,,,,,1,0,1,1,1,1,1,4,0,0,-1,current,0,0,0.01197509684910377,0.01197509684910377,12,9,9,9,9,0,0,1,1.0,1.0,1.0,1.0,1.0,1,1.0,1.0,1.0,1.0,1.0,1,1.0,1.0,1.0,1.0,1.0,1,1.0,1.0,1.0,1.0,1.0
1721,no_strict_e1_improvement,0,,,,,1,0,1,1,1,1,1,4,0,0,-1,current,0,0,0.0,0.0,12,9,9,9,9,0,0,1,1.0,1.0,1.0,1.0,1.0,1,1.0,1.0,1.0,1.0,1.0,1,1.0,1.0,1.0,1.0,1.0,1,1.0,1.0,1.0,1.0,1.0
1722,no_strict_e1_improvement,0,,,,,1,0,1,1,1,1,1,4,0,0,-1,current,0,0,0.0090323556214571,0.0090323556214571,10,0,0,0,0,0,0,0,0.0,0.5,1.0,0.75,0.75,0,0.0,0.5,1.0,0.75,0.75,0,0.0,0.5,1.0,0.75,0.75,0,0.0,0.5,1.0,0.75,0.75
1723,max_rounds,0,,,,,1,1,5,4,4,15,15,4,1,0,1,profiled_beam,1,1,0.3784753878911336,0.10623089620033473,6,1,1,1,0,-1,-1,0,0.1111111111111111,0.0,0.5,0.25,0.5,0,0.1111111111111111,0.0,0.5,0.25,0.5,0,0.1111111111111111,0.16666666666666666,0.3333333333333333,0.25,0.4166666666666667,0,0.0,0.16666666666666666,0.5,0.3333333333333333,0.5
1724,max_rounds,0,,,,,1,1,4,4,4,14,14,4,1,-1,0,s1a3_greedy,1,0,0.20256752334535122,0.11152529902756214,5,0,0,4,4,4,0,0,0.0,0.0,0.16666666666666666,0.08333333333333333,0.5,0,0.0,0.0,0.16666666666666666,0.08333333333333333,0.5,0,0.4444444444444444,0.16666666666666666,0.16666666666666666,0.16666666666666666,0.4166666666666667,0,0.4444444444444444,0.16666666666666666,0.16666666666666666,0.16666666666666666,0.4166666666666667
1725,max_rounds,0,,,,,1,1,2,2,2,6,6,4,0,-1,0,s1a3_greedy,1,0,0.05155104445293546,0.017920728772878647,9,0,0,9,9,9,0,0,0.0,0.5,1.0,0.75,0.75,0,0.0,0.5,1.0,0.75,0.75,1,1.0,1.0,1.0,1.0,1.0,1,1.0,1.0,1.0,1.0,1.0
1726,small_component,0,,,,,1,0,0,0,0,0,0,4,0,0,-1,current,0,0,0.27587890687088173,0.27587890687088173,7,0,0,0,0,0,0,0,0.0,0.0,0.3333333333333333,0.16666666666666666,0.5,0,0.0,0.0,0.3333333333333333,0.16666666666666666,0.5,0,0.0,0.0,0.3333333333333333,0.16666666666666666,0.5,0,0.0,0.0,0.3333333333333333,0.16666666666666666,0.5
1727,small_component,0,,,,,1,0,0,0,0,0,0,4,0,0,-1,current,0,0,0.1123695330073436,0.1123695330073436,8,0,0,0,0,0,0,0,0.0,0.5,0.8333333333333334,0.6666666666666666,0.6666666666666666,0,0.0,0.5,0.8333333333333334,0.6666666666666666,0.6666666666666666,0,0.0,0.5,0.8333333333333334,0.6666666666666666,0.6666666666666666,0,0.0,0.5,0.8333333333333334,0.6666666666666666,0.6666666666666666
1728,max_rounds,0,,,,,1,1,5,4,4,16,16,4,0,0,0,s1a3_greedy,1,0,0.30594307110489655,0.27850113188227016,6,4,4,3,3,-1,0,0,0.4444444444444444,0.16666666666666666,0.5,0.3333333333333333,0.5,0,0.4444444444444444,0.16666666666666666,0.5,0.3333333333333333,0.5,0,0.3333333333333333,0.0,1.0,0.5,0.75,0,0.3333333333333333,0.0,1.0,0.5,0.75
1729,no_strict_e1_improvement,0,,,,,1,0,2,2,2,7,7,4,0,0,-1,current,0,0,0.05979584204033017,0.05979584204033017,10,9,9,9,9,0,0,1,1.0,1.0,1.0,1.0,1.0,1,1.0,1.0,1.0,1.0,1.0,1,1.0,1.0,1.0,1.0,1.0,1,1.0,1.0,1.0,1.0,1.0
1730,no_strict_e1_improvement,0,,,,,1,0,1,1,1,2,2,4,0,0,-1,current,0,0,0.15174418625732264,0.15174418625732264,9,0,0,0,0,0,0,0,0.0,0.5,0.5,0.5,0.5,0,0.0,0.5,0.5,0.5,0.5,0,0.0,0.5,0.5,0.5,0.5,0,0.0,0.5,0.5,0.5,0.5
1731,no_strict_e1_improvement,0,,,,,1,0,1,1,1,1,1,4,0,0,-1,current,0,0,0.09934200067073107,0.09934200067073107,7,0,0,0,0,0,0,0,0.0,0.5,1.0,0.75,0.75,0,0.0,0.5,1.0,0.75,0.75,0,0.0,0.5,1.0,0.75,0.75,0,0.0,0.5,1.0,0.75,0.75
1732,partial_completed__no_strict_e1_improvement,1,,3,2,4,1,0,1,1,1,2,2,4,0,0,-1,current,1,0,0.1740319108745704,0.1740319108745704,5,1,1,1,1,0,0,0,0.1111111111111111,0.0,0.0,0.0,0.16666666666666666,0,0.1111111111111111,0.0,0.16666666666666666,0.08333333333333333,0.25,0,0.1111111111111111,0.0,0.16666666666666666,0.08333333333333333,0.25,0,0.1111111111111111,0.0,0.16666666666666666,0.08333333333333333,0.25
1733,small_component,0,,,,,1,0,0,0,0,0,0,4,0,0,-1,current,0,0,0.33361810942490894,0.33361810942490894,7,6,6,6,6,0,0,0,0.6666666666666666,0.5,0.3333333333333333,0.4166666666666667,0.5833333333333334,0,0.6666666666666666,0.5,0.3333333333333333,0.4166666666666667,0.5833333333333334,0,0.6666666666666666,0.5,0.3333333333333333,0.4166666666666667,0.5833333333333334,0,0.6666666666666666,0.5,0.3333333333333333,0.4166666666666667,0.5833333333333334
1734,no_strict_e1_improvement,0,,,,,1,0,1,1,1,1,1,4,0,0,-1,current,0,0,0.004990703736742337,0.004990703736742337,12,9,9,9,9,0,0,1,1.0,1.0,1.0,1.0,1.0,1,1.0,1.0,1.0,1.0,1.0,1,1.0,1.0,1.0,1.0,1.0,1,1.0,1.0,1.0,1.0,1.0
1735,no_strict_e1_improvement,0,,,,,1,0,1,1,1,1,1,4,0,0,-1,current,0,0,0.009934596717357635,0.009934596717357635,11,9,9,9,9,0,0,1,1.0,1.0,1.0,1.0,1.0,1,1.0,1.0,1.0,1.0,1.0,1,1.0,1.0,1.0,1.0,1.0,1,1.0,1.0,1.0,1.0,1.0
1736,no_strict_e1_improvement,0,,,,,1,0,1,1,1,1,1,4,0,0,-1,current,0,0,0.00885885301977396,0.00885885301977396,12,9,9,9,9,0,0,1,1.0,1.0,1.0,1.0,1.0,1,1.0,1.0,1.0,1.0,1.0,1,1.0,1.0,1.0,1.0,1.0,1,1.0,1.0,1.0,1.0,1.0
1737,max_rounds,0,,,,,1,1,2,2,2,5,5,4,0,1,0,s1a3_greedy,1,0,0.09132671790818374,0.026439422741532326,11,9,9,0,0,-9,0,1,1.0,1.0,1.0,1.0,1.0,1,1.0,1.0,1.0,1.0,1.0,0,0.0,0.5,1.0,0.75,0.75,0,0.0,0.5,1.0,0.75,0.75
1738,no_strict_e1_improvement,0,,,,,1,0,1,1,1,1,1,4,0,0,-1,current,0,0,0.13756132498383522,0.13756132498383522,6,0,0,0,0,0,0,0,0.0,0.5,0.3333333333333333,0.4166666666666667,0.5,0,0.0,0.5,0.3333333333333333,0.4166666666666667,0.5,0,0.0,0.5,0.3333333333333333,0.4166666666666667,0.5,0,0.0,0.5,0.3333333333333333,0.4166666666666667,0.5
1739,no_strict_e1_improvement,0,,,,,1,0,1,1,1,1,1,4,0,0,-1,current,0,0,0.0413292438024655,0.0413292438024655,10,0,0,0,0,0,0,0,0.0,0.5,1.0,0.75,0.75,0,0.0,0.5,1.0,0.75,0.75,0,0.0,0.5,1.0,0.75,0.75,0,0.0,0.5,1.0,0.75,0.75
1740,no_strict_e1_improvement,0,,,,,1,0,1,1,1,1,1,4,0,0,-1,current,0,0,0.044827596905330815,0.044827596905330815,8,0,0,0,0,0,0,0,0.0,0.5,1.0,0.75,0.75,0,0.0,0.5,1.0,0.75,0.75,0,0.0,0.5,1.0,0.75,0.75,0,0.0,0.5,1.0,0.75,0.75
1741,no_strict_e1_improvement,0,,,,,1,0,1,1,1,1,1,4,0,0,-1,current,0,0,0.009460682049393654,0.009460682049393654,11,0,0,0,0,0,0,0,0.0,1.0,0.5,0.75,0.75,0,0.0,1.0,0.5,0.75,0.75,0,0.0,1.0,0.5,0.75,0.75,0,0.0,1.0,0.5,0.75,0.75
1742,no_strict_e1_improvement,0,,,,,1,0,1,1,1,1,1,4,0,0,-1,current,0,0,0.03259729562948147,0.03259729562948147,10,0,0,0,0,0,0,0,0.0,1.0,0.5,0.75,0.75,0,0.0,1.0,0.5,0.75,0.75,0,0.0,1.0,0.5,0.75,0.75,0,0.0,1.0,0.5,0.75,0.75
1743,partial_completed__max_rounds,1,,3,2,4,1,1,5,4,4,15,15,4,0,0,1,profiled_beam,1,1,0.22460904608791074,0.1347126654970149,3,4,4,3,5,1,2,0,0.4444444444444444,0.3333333333333333,0.3333333333333333,0.3333333333333333,0.3333333333333333,0,0.4444444444444444,0.5,0.5,0.5,0.5833333333333334,0,0.3333333333333333,0.6666666666666666,0.5,0.5833333333333334,0.5833333333333334,0,0.5555555555555556,0.6666666666666666,0.3333333333333333,0.5,0.5833333333333334
1744,no_strict_e1_improvement,0,,,,,1,0,1,1,1,1,1,4,0,0,-1,current,0,0,0.0542777213267982,0.0542777213267982,9,9,9,9,9,0,0,1,1.0,1.0,1.0,1.0,1.0,1,1.0,1.0,1.0,1.0,1.0,1,1.0,1.0,1.0,1.0,1.0,1,1.0,1.0,1.0,1.0,1.0
1745,no_strict_e1_improvement,0,,,,,1,0,1,1,1,1,1,4,0,0,-1,current,0,0,0.20023098029196262,0.20023098029196262,5,7,7,7,7,0,0,0,0.7777777777777778,0.6666666666666666,0.6666666666666666,0.6666666666666666,0.6666666666666666,0,0.7777777777777778,0.6666666666666666,0.6666666666666666,0.6666666666666666,0.6666666666666666,0,0.7777777777777778,0.6666666666666666,0.6666666666666666,0.6666666666666666,0.6666666666666666,0,0.7777777777777778,0.6666666666666666,0.6666666666666666,0.6666666666666666,0.6666666666666666
1746,max_rounds,0,,,,,1,1,5,4,4,15,15,4,-1,-1,1,profiled_beam,1,1,0.32220603836079437,0.08831128540138404,9,0,0,0,7,7,7,0,0.0,0.5,0.3333333333333333,0.4166666666666667,0.5833333333333334,0,0.0,0.5,0.3333333333333333,0.4166666666666667,0.5833333333333334,0,0.0,0.6666666666666666,0.5,0.5833333333333334,0.75,0,0.7777777777777778,0.6666666666666666,0.6666666666666666,0.6666666666666666,0.75
1747,max_rounds,0,,,,,1,1,3,2,2,7,7,4,0,0,0,s1a3_greedy,1,0,0.07166497285167377,0.04699114616960287,8,5,5,3,3,-2,0,0,0.5555555555555556,0.6666666666666666,0.3333333333333333,0.5,0.6666666666666666,0,0.5555555555555556,0.6666666666666666,0.3333333333333333,0.5,0.6666666666666666,0,0.3333333333333333,1.0,0.0,0.5,0.75,0,0.3333333333333333,1.0,0.0,0.5,0.75
1748,small_component,0,,,,,1,0,0,0,0,0,0,4,0,0,-1,current,0,0,0.33346612999836606,0.33346612999836606,7,1,1,1,1,0,0,0,0.1111111111111111,0.3333333333333333,0.5,0.4166666666666667,0.4166666666666667,0,0.1111111111111111,0.3333333333333333,0.5,0.4166666666666667,0.4166666666666667,0,0.1111111111111111,0.3333333333333333,0.5,0.4166666666666667,0.4166666666666667,0,0.1111111111111111,0.3333333333333333,0.5,0.4166666666666667,0.4166666666666667
1749,no_strict_e1_improvement,0,,,,,1,0,1,1,1,1,1,4,0,0,-1,current,0,0,0.028624523043011624,0.028624523043011624,10,0,0,0,0,0,0,0,0.0,0.5,1.0,0.75,0.75,0,0.0,0.5,1.0,0.75,0.75,0,0.0,0.5,1.0,0.75,0.75,0,0.0,0.5,1.0,0.75,0.75
1750,max_rounds,0,,,,,1,1,2,2,2,6,6,4,1,0,0,s1a3_greedy,1,0,0.15608852015187344,0.12232359995444615,7,0,0,0,0,0,0,0,0.0,0.0,0.5,0.25,0.4166666666666667,0,0.0,0.0,0.5,0.25,0.4166666666666667,0,0.0,0.0,0.3333333333333333,0.16666666666666666,0.25,0,0.0,0.0,0.3333333333333333,0.16666666666666666,0.25
1751,no_strict_e1_improvement,0,,,,,1,0,1,1,1,1,1,4,0,0,-1,current,0,0,0.090705210963885,0.090705210963885,8,0,0,0,0,0,0,0,0.0,0.8333333333333334,0.5,0.6666666666666666,0.6666666666666666,0,0.0,0.8333333333333334,0.5,0.6666666666666666,0.6666666666666666,0,0.0,0.8333333333333334,0.5,0.6666666666666666,0.6666666666666666,0,0.0,0.8333333333333334,0.5,0.6666666666666666,0.6666666666666666
1752,max_rounds,0,,,,,1,1,2,2,2,6,6,4,-1,0,0,s1a3_greedy,1,0,0.14992134436033666,0.08279728804094096,7,0,0,0,0,0,0,0,0.0,0.5,0.16666666666666666,0.3333333333333333,0.5,0,0.0,0.5,0.16666666666666666,0.3333333333333333,0.5,0,0.0,0.6666666666666666,0.5,0.5833333333333334,0.75,0,0.0,0.6666666666666666,0.5,0.5833333333333334,0.75
1753,no_strict_e1_improvement,0,,,,,1,0,1,1,1,1,1,4,0,0,-1,current,0,0,0.0766010470688343,0.0766010470688343,9,0,0,0,0,0,0,0,0.0,0.5,1.0,0.75,0.75,0,0.0,0.5,1.0,0.75,0.75,0,0.0,0.5,1.0,0.75,0.75,0,0.0,0.5,1.0,0.75,0.75
1754,max_rounds,0,,,,,1,1,3,2,2,6,6,4,0,0,1,profiled_beam,1,1,0.2115343950378398,0.06545015160615246,8,6,6,7,9,3,2,0,0.6666666666666666,0.8333333333333334,0.5,0.6666666666666666,0.6666666666666666,0,0.6666666666666666,0.8333333333333334,0.5,0.6666666666666666,0.6666666666666666,0,0.7777777777777778,0.6666666666666666,0.6666666666666666,0.6666666666666666,0.75,1,1.0,1.0,1.0,1.0,1.0
1755,no_strict_e1_improvement,0,,,,,1,0,1,1,1,1,1,4,0,0,-1,current,0,0,0.020390140513579052,0.020390140513579052,10,0,0,0,0,0,0,0,0.0,0.5,1.0,0.75,0.75,0,0.0,0.5,1.0,0.75,0.75,0,0.0,0.5,1.0,0.75,0.75,0,0.0,0.5,1.0,0.75,0.75
1756,no_strict_e1_improvement,0,,,,,1,0,1,1,1,1,1,4,0,0,-1,current,0,0,0.015577046200633049,0.015577046200633049,10,9,9,9,9,0,0,1,1.0,1.0,1.0,1.0,1.0,1,1.0,1.0,1.0,1.0,1.0,1,1.0,1.0,1.0,1.0,1.0,1,1.0,1.0,1.0,1.0,1.0
1757,no_strict_e1_improvement,0,,,,,1,0,1,1,1,1,1,4,0,0,-1,current,0,0,0.06249677327771982,0.06249677327771982,7,0,0,0,0,0,0,0,0.0,0.5,1.0,0.75,0.75,0,0.0,0.5,1.0,0.75,0.75,0,0.0,0.5,1.0,0.75,0.75,0,0.0,0.5,1.0,0.75,0.75
1758,no_strict_e1_improvement,0,,,,,1,0,1,1,1,1,1,4,0,0,-1,current,0,0,0.025581841512272756,0.025581841512272756,9,0,0,0,0,0,0,0,0.0,0.5,1.0,0.75,0.75,0,0.0,0.5,1.0,0.75,0.75,0,0.0,0.5,1.0,0.75,0.75,0,0.0,0.5,1.0,0.75,0.75
1759,no_strict_e1_improvement,0,,,,,1,0,1,1,1,1,1,4,0,0,-1,current,0,0,0.020025170175358653,0.020025170175358653,10,0,0,0,0,0,0,0,0.0,0.5,0.8333333333333334,0.6666666666666666,0.6666666666666666,0,0.0,0.5,0.8333333333333334,0.6666666666666666,0.6666666666666666,0,0.0,0.5,0.8333333333333334,0.6666666666666666,0.6666666666666666,0,0.0,0.5,0.8333333333333334,0.6666666666666666,0.6666666666666666
1760,max_rounds,0,,,,,1,1,5,4,4,11,11,4,0,-1,0,s1a3_greedy,1,0,0.17868796460485706,0.12238019801831494,7,0,0,0,0,0,0,0,0.0,0.16666666666666666,0.3333333333333333,0.25,0.4166666666666667,0,0.0,0.16666666666666666,0.3333333333333333,0.25,0.4166666666666667,0,0.0,0.5,0.3333333333333333,0.4166666666666667,0.5833333333333334,0,0.0,0.5,0.3333333333333333,0.4166666666666667,0.5833333333333334
1761,max_rounds,0,,,,,1,1,5,4,4,14,14,4,0,-1,1,profiled_beam,1,1,0.18062118565042815,0.11821320086407165,6,0,0,0,0,0,0,0,0.0,0.3333333333333333,0.16666666666666666,0.25,0.3333333333333333,0,0.0,0.3333333333333333,0.16666666666666666,0.25,0.3333333333333333,0,0.0,0.6666666666666666,0.16666666666666666,0.4166666666666667,0.5,0,0.0,1.0,0.5,0.75,0.75
1762,no_strict_e1_improvement,0,,,,,1,0,1,1,1,1,1,4,0,0,-1,current,0,0,0.009597497060894966,0.009597497060894966,10,0,0,0,0,0,0,0,0.0,0.5,1.0,0.75,0.75,0,0.0,0.5,1.0,0.75,0.75,0,0.0,0.5,1.0,0.75,0.75,0,0.0,0.5,1.0,0.75,0.75
1763,max_rounds,0,,,,,1,1,3,2,2,7,7,4,0,-1,1,profiled_beam,1,1,0.10572690470144153,0.03807793677939723,6,7,7,9,0,-7,-9,0,0.7777777777777778,0.6666666666666666,0.6666666666666666,0.6666666666666666,0.75,0,0.7777777777777778,0.6666666666666666,0.6666666666666666,0.6666666666666666,0.75,1,1.0,1.0,1.0,1.0,1.0,0,0.0,0.5,0.8333333333333334,0.6666666666666666,0.6666666666666666
1764,no_strict_e1_improvement,0,,,,,1,0,2,2,2,6,6,4,0,0,-1,current,0,0,0.03419902175664902,0.03419902175664902,11,9,9,9,9,0,0,1,1.0,1.0,1.0,1.0,1.0,1,1.0,1.0,1.0,1.0,1.0,1,1.0,1.0,1.0,1.0,1.0,1,1.0,1.0,1.0,1.0,1.0
1765,no_strict_e1_improvement,0,,,,,1,0,1,1,1,1,1,4,0,0,-1,current,0,0,0.0036203883355483413,0.0036203883355483413,11,9,9,9,9,0,0,1,1.0,1.0,1.0,1.0,1.0,1,1.0,1.0,1.0,1.0,1.0,1,1.0,1.0,1.0,1.0,1.0,1,1.0,1.0,1.0,1.0,1.0
1766,no_strict_e1_improvement,0,,,,,1,0,1,1,1,1,1,4,0,0,-1,current,0,0,0.0,0.0,12,9,9,9,9,0,0,1,1.0,1.0,1.0,1.0,1.0,1,1.0,1.0,1.0,1.0,1.0,1,1.0,1.0,1.0,1.0,1.0,1,1.0,1.0,1.0,1.0,1.0
1767,small_component,0,,,,,1,0,0,0,0,0,0,4,0,0,-1,current,0,0,0.179758553703626,0.179758553703626,8,0,0,0,0,0,0,0,0.0,0.6666666666666666,0.16666666666666666,0.4166666666666667,0.5,0,0.0,0.6666666666666666,0.16666666666666666,0.4166666666666667,0.5,0,0.0,0.6666666666666666,0.16666666666666666,0.4166666666666667,0.5,0,0.0,0.6666666666666666,0.16666666666666666,0.4166666666666667,0.5
1768,no_strict_e1_improvement,0,,,,,1,0,1,1,1,1,1,4,0,0,-1,current,0,0,0.04840322521825632,0.04840322521825632,9,0,0,0,0,0,0,0,0.0,0.8333333333333334,0.5,0.6666666666666666,0.6666666666666666,0,0.0,0.8333333333333334,0.5,0.6666666666666666,0.6666666666666666,0,0.0,0.8333333333333334,0.5,0.6666666666666666,0.6666666666666666,0,0.0,0.8333333333333334,0.5,0.6666666666666666,0.6666666666666666
1769,max_rounds,0,,,,,1,1,5,4,4,15,15,4,0,0,0,s1a3_greedy,1,0,0.08638906665146351,0.06587233704825242,6,4,4,6,6,2,0,0,0.4444444444444444,0.16666666666666666,0.5,0.3333333333333333,0.5,0,0.4444444444444444,0.16666666666666666,0.5,0.3333333333333333,0.5,0,0.6666666666666666,0.5,0.8333333333333334,0.6666666666666666,0.6666666666666666,0,0.6666666666666666,0.5,0.8333333333333334,0.6666666666666666,0.6666666666666666
1770,max_rounds,0,,,,,1,1,3,2,2,5,5,4,0,0,1,profiled_beam,1,1,0.11670286161825061,0.018130808137357235,10,6,6,7,9,3,2,0,0.6666666666666666,0.5,0.8333333333333334,0.6666666666666666,0.6666666666666666,0,0.6666666666666666,0.5,0.8333333333333334,0.6666666666666666,0.6666666666666666,0,0.7777777777777778,0.6666666666666666,0.6666666666666666,0.6666666666666666,0.75,1,1.0,1.0,1.0,1.0,1.0
1771,no_strict_e1_improvement,0,,,,,1,0,1,1,1,1,1,4,0,0,-1,current,0,0,0.023496064047018688,0.023496064047018688,10,9,9,9,9,0,0,1,1.0,1.0,1.0,1.0,1.0,1,1.0,1.0,1.0,1.0,1.0,1,1.0,1.0,1.0,1.0,1.0,1,1.0,1.0,1.0,1.0,1.0
1772,no_strict_e1_improvement,0,,,,,1,0,1,1,1,2,2,4,0,0,-1,current,0,0,0.1469639657686154,0.1469639657686154,8,0,0,0,0,0,0,0,0.0,0.6666666666666666,0.5,0.5833333333333334,0.75,0,0.0,0.6666666666666666,0.5,0.5833333333333334,0.75,0,0.0,0.6666666666666666,0.5,0.5833333333333334,0.75,0,0.0,0.6666666666666666,0.5,0.5833333333333334,0.75
1773,no_strict_e1_improvement,0,,,,,1,0,2,2,2,7,7,4,0,0,-1,current,0,0,0.06646476259144644,0.06646476259144644,9,9,9,9,9,0,0,1,1.0,1.0,1.0,1.0,1.0,1,1.0,1.0,1.0,1.0,1.0,1,1.0,1.0,1.0,1.0,1.0,1,1.0,1.0,1.0,1.0,1.0
1774,small_component,0,,,,,1,0,0,0,0,0,0,4,0,0,-1,current,0,0,0.3230434147020181,0.3230434147020181,5,0,0,0,0,0,0,0,0.0,0.0,0.5,0.25,0.4166666666666667,0,0.0,0.0,0.5,0.25,0.4166666666666667,0,0.0,0.0,0.5,0.25,0.4166666666666667,0,0.0,0.0,0.5,0.25,0.4166666666666667
1775,max_rounds,0,,,,,1,1,5,4,4,13,13,4,0,1,1,profiled_beam,1,1,0.06376370964183782,0.01640403245498116,6,0,0,0,9,9,9,0,0.0,0.3333333333333333,0.6666666666666666,0.5,0.5,0,0.0,0.3333333333333333,0.6666666666666666,0.5,0.5,0,0.0,0.6666666666666666,0.5,0.5833333333333334,0.75,1,1.0,1.0,1.0,1.0,1.0
1776,no_strict_e1_improvement,0,,,,,1,0,1,1,1,1,1,4,0,0,-1,current,0,0,0.08743987108270328,0.08743987108270328,9,0,0,0,0,0,0,0,0.0,0.5,0.8333333333333334,0.6666666666666666,0.6666666666666666,0,0.0,0.5,0.8333333333333334,0.6666666666666666,0.6666666666666666,0,0.0,0.5,0.8333333333333334,0.6666666666666666,0.6666666666666666,0,0.0,0.5,0.8333333333333334,0.6666666666666666,0.6666666666666666
1777,no_strict_e1_improvement,0,,,,,1,0,2,2,2,6,6,4,0,0,-1,current,0,0,0.032183993607759476,0.032183993607759476,10,9,9,9,9,0,0,1,1.0,1.0,1.0,1.0,1.0,1,1.0,1.0,1.0,1.0,1.0,1,1.0,1.0,1.0,1.0,1.0,1,1.0,1.0,1.0,1.0,1.0
1778,no_strict_e1_improvement,0,,,,,1,0,1,1,1,1,1,4,0,0,-1,current,0,0,0.08123817729453246,0.08123817729453246,10,7,7,7,7,0,0,0,0.7777777777777778,0.6666666666666666,0.6666666666666666,0.6666666666666666,0.75,0,0.7777777777777778,0.6666666666666666,0.6666666666666666,0.6666666666666666,0.75,0,0.7777777777777778,0.6666666666666666,0.6666666666666666,0.6666666666666666,0.75,0,0.7777777777777778,0.6666666666666666,0.6666666666666666,0.6666666666666666,0.75
1779,no_strict_e1_improvement,0,,,,,1,0,1,1,1,1,1,4,0,0,-1,current,0,0,0.012307940361400446,0.012307940361400446,11,9,9,9,9,0,0,1,1.0,1.0,1.0,1.0,1.0,1,1.0,1.0,1.0,1.0,1.0,1,1.0,1.0,1.0,1.0,1.0,1,1.0,1.0,1.0,1.0,1.0
1780,no_strict_e1_improvement,0,,,,,1,0,1,1,1,1,1,4,0,0,-1,current,0,0,0.011184045424064001,0.011184045424064001,11,9,9,9,9,0,0,1,1.0,1.0,1.0,1.0,1.0,1,1.0,1.0,1.0,1.0,1.0,1,1.0,1.0,1.0,1.0,1.0,1,1.0,1.0,1.0,1.0,1.0
1781,max_rounds,0,,,,,1,1,3,2,2,6,6,4,1,0,0,s1a3_greedy,1,0,0.08741800828526418,0.01827102239864568,10,0,0,9,9,9,0,0,0.0,0.8333333333333334,0.5,0.6666666666666666,0.6666666666666666,0,0.0,0.8333333333333334,0.5,0.6666666666666666,0.6666666666666666,1,1.0,1.0,1.0,1.0,1.0,1,1.0,1.0,1.0,1.0,1.0
1782,no_strict_e1_improvement,0,,,,,1,0,1,1,1,1,1,4,0,0,-1,current,0,0,0.05625020215908686,0.05625020215908686,10,9,9,9,9,0,0,1,1.0,1.0,1.0,1.0,1.0,1,1.0,1.0,1.0,1.0,1.0,1,1.0,1.0,1.0,1.0,1.0,1,1.0,1.0,1.0,1.0,1.0
1783,max_rounds,0,,,,,1,1,5,4,4,16,16,4,0,1,0,s1a3_greedy,1,0,0.2905245745399346,0.12732527831879756,6,0,0,9,9,9,0,0,0.0,0.3333333333333333,0.5,0.4166666666666667,0.5833333333333334,0,0.0,0.3333333333333333,0.5,0.4166666666666667,0.5833333333333334,1,1.0,1.0,1.0,1.0,1.0,1,1.0,1.0,1.0,1.0,1.0
1784,no_strict_e1_improvement,0,,,,,1,0,1,1,1,1,1,4,0,0,-1,current,0,0,0.08448346580068271,0.08448346580068271,10,0,0,0,0,0,0,0,0.0,0.5,0.5,0.5,0.5,0,0.0,0.5,0.5,0.5,0.5,0,0.0,0.5,0.5,0.5,0.5,0,0.0,0.5,0.5,0.5,0.5
1785,no_strict_e1_improvement,0,,,,,1,0,1,1,1,1,1,4,0,0,-1,current,0,0,0.0036238254979252815,0.0036238254979252815,12,0,0,0,0,0,0,0,0.0,0.5,1.0,0.75,0.75,0,0.0,0.5,1.0,0.75,0.75,0,0.0,0.5,1.0,0.75,0.75,0,0.0,0.5,1.0,0.75,0.75
1786,no_strict_e1_improvement,0,,,,,1,0,2,2,2,7,7,4,0,0,-1,current,0,0,0.09686511879165967,0.09686511879165967,9,7,7,7,7,0,0,0,0.7777777777777778,0.6666666666666666,0.6666666666666666,0.6666666666666666,0.75,0,0.7777777777777778,0.6666666666666666,0.6666666666666666,0.6666666666666666,0.75,0,0.7777777777777778,0.6666666666666666,0.6666666666666666,0.6666666666666666,0.75,0,0.7777777777777778,0.6666666666666666,0.6666666666666666,0.6666666666666666,0.75
1787,no_strict_e1_improvement,0,,,,,1,0,4,4,4,14,14,4,0,0,-1,current,0,0,0.09215513058006763,0.09215513058006763,7,0,0,0,0,0,0,0,0.0,0.3333333333333333,0.16666666666666666,0.25,0.3333333333333333,0,0.0,0.3333333333333333,0.16666666666666666,0.25,0.3333333333333333,0,0.0,0.3333333333333333,0.16666666666666666,0.25,0.3333333333333333,0,0.0,0.3333333333333333,0.16666666666666666,0.25,0.3333333333333333
1788,max_rounds,0,,,,,1,1,5,4,4,16,16,4,0,0,0,s1a3_greedy,1,0,0.2906345194205642,0.22539583376298347,7,0,0,0,0,0,0,0,0.0,0.3333333333333333,0.3333333333333333,0.3333333333333333,0.4166666666666667,0,0.0,0.3333333333333333,0.3333333333333333,0.3333333333333333,0.4166666666666667,0,0.0,0.16666666666666666,0.5,0.3333333333333333,0.3333333333333333,0,0.0,0.16666666666666666,0.5,0.3333333333333333,0.3333333333333333
1789,max_rounds,0,,,,,1,1,3,2,2,5,5,4,0,1,1,profiled_beam,1,1,0.09544501453638077,0.023350480943918228,9,0,0,9,7,7,-2,0,0.0,0.5,0.6666666666666666,0.5833333333333334,0.6666666666666666,0,0.0,0.5,0.6666666666666666,0.5833333333333334,0.6666666666666666,1,1.0,1.0,1.0,1.0,1.0,0,0.7777777777777778,0.6666666666666666,0.6666666666666666,0.6666666666666666,0.75
1790,max_rounds,0,,,,,1,1,5,4,4,13,13,4,0,1,1,profiled_beam,1,1,0.3722343097130458,0.06821463163942099,6,1,1,0,9,8,9,0,0.1111111111111111,0.3333333333333333,0.5,0.4166666666666667,0.5833333333333334,0,0.1111111111111111,0.3333333333333333,0.5,0.4166666666666667,0.5833333333333334,0,0.0,0.3333333333333333,0.5,0.4166666666666667,0.5833333333333334,1,1.0,1.0,1.0,1.0,1.0
1791,no_strict_e1_improvement,0,,,,,1,0,1,1,1,1,1,4,0,0,-1,current,0,0,0.0601370467338711,0.0601370467338711,9,0,0,0,0,0,0,0,0.0,0.5,0.6666666666666666,0.5833333333333334,0.6666666666666666,0,0.0,0.5,0.6666666666666666,0.5833333333333334,0.6666666666666666,0,0.0,0.5,0.6666666666666666,0.5833333333333334,0.6666666666666666,0,0.0,0.5,0.6666666666666666,0.5833333333333334,0.6666666666666666
1792,no_strict_e1_improvement,0,,,,,1,0,1,1,1,1,1,4,0,0,-1,current,0,0,0.09737428774436314,0.09737428774436314,8,0,0,0,0,0,0,0,0.0,0.5,0.16666666666666666,0.3333333333333333,0.5,0,0.0,0.5,0.16666666666666666,0.3333333333333333,0.5,0,0.0,0.5,0.16666666666666666,0.3333333333333333,0.5,0,0.0,0.5,0.16666666666666666,0.3333333333333333,0.5
1793,no_strict_e1_improvement,0,,,,,1,0,1,1,1,2,2,4,0,0,-1,current,0,0,0.1746472722540299,0.1746472722540299,7,0,0,0,0,0,0,0,0.0,0.5,0.3333333333333333,0.4166666666666667,0.5,0,0.0,0.5,0.3333333333333333,0.4166666666666667,0.5,0,0.0,0.5,0.3333333333333333,0.4166666666666667,0.5,0,0.0,0.5,0.3333333333333333,0.4166666666666667,0.5
1794,max_rounds,0,,,,,1,1,5,4,4,16,16,4,0,-1,0,s1a3_greedy,1,0,0.20300263467167193,0.13830878482743478,5,4,4,1,1,-3,0,0,0.4444444444444444,0.16666666666666666,0.3333333333333333,0.25,0.5,0,0.4444444444444444,0.16666666666666666,0.3333333333333333,0.25,0.5,0,0.1111111111111111,0.3333333333333333,0.5,0.4166666666666667,0.5833333333333334,0,0.1111111111111111,0.3333333333333333,0.5,0.4166666666666667,0.5833333333333334
1795,max_rounds,0,,,,,1,1,3,2,2,8,8,4,0,1,0,s1a3_greedy,1,0,0.12652468557159105,0.06899416757126649,10,0,0,0,0,0,0,0,0.0,0.5,0.5,0.5,0.5,0,0.0,0.5,0.5,0.5,0.5,0,0.0,1.0,0.5,0.75,0.75,0,0.0,1.0,0.5,0.75,0.75
1796,partial_completed__no_strict_e1_improvement,1,,3,2,3,1,0,1,1,1,1,1,4,0,0,-1,current,1,0,0.030470516066998243,0.030470516066998243,7,0,0,0,0,0,0,0,0.0,0.3333333333333333,0.3333333333333333,0.3333333333333333,0.4166666666666667,0,0.0,0.6666666666666666,0.5,0.5833333333333334,0.6666666666666666,0,0.0,0.6666666666666666,0.5,0.5833333333333334,0.6666666666666666,0,0.0,0.6666666666666666,0.5,0.5833333333333334,0.6666666666666666
1797,no_strict_e1_improvement,0,,,,,1,0,1,1,1,1,1,4,0,0,-1,current,0,0,0.08051041699945927,0.08051041699945927,10,0,0,0,0,0,0,0,0.0,0.5,0.5,0.5,0.5,0,0.0,0.5,0.5,0.5,0.5,0,0.0,0.5,0.5,0.5,0.5,0,0.0,0.5,0.5,0.5,0.5
1798,no_strict_e1_improvement,0,,,,,1,0,1,1,1,1,1,4,0,0,-1,current,0,0,0.008690848985376457,0.008690848985376457,10,0,0,0,0,0,0,0,0.0,1.0,0.5,0.75,0.75,0,0.0,1.0,0.5,0.75,0.75,0,0.0,1.0,0.5,0.75,0.75,0,0.0,1.0,0.5,0.75,0.75
1799,max_rounds,0,,,,,1,1,3,2,2,7,7,4,0,-1,0,s1a3_greedy,1,0,0.11398717078069846,0.09149823058396578,7,0,0,0,0,0,0,0,0.0,0.0,0.6666666666666666,0.3333333333333333,0.3333333333333333,0,0.0,0.0,0.6666666666666666,0.3333333333333333,0.3333333333333333,0,0.0,0.0,0.8333333333333334,0.4166666666666667,0.4166666666666667,0,0.0,0.0,0.8333333333333334,0.4166666666666667,0.4166666666666667
1800,partial_completed__max_rounds,1,,3,2,4,1,1,3,2,2,7,7,4,0,0,1,profiled_beam,1,1,0.19889135286211967,0.1938589004178842,6,3,3,3,3,0,0,0,0.3333333333333333,0.6666666666666666,0.0,0.3333333333333333,0.3333333333333333,0,0.3333333333333333,0.6666666666666666,0.0,0.3333333333333333,0.5,0,0.3333333333333333,0.6666666666666666,0.0,0.3333333333333333,0.5,0,0.3333333333333333,0.6666666666666666,0.0,0.3333333333333333,0.5
1801,max_rounds,0,,,,,1,1,5,4,4,11,11,4,0,0,0,s1a3_greedy,1,0,0.22867478740712008,0.08521926837662856,8,7,7,9,9,2,0,0,0.7777777777777778,0.6666666666666666,0.5,0.5833333333333334,0.5833333333333334,0,0.7777777777777778,0.6666666666666666,0.5,0.5833333333333334,0.5833333333333334,1,1.0,1.0,1.0,1.0,1.0,1,1.0,1.0,1.0,1.0,1.0
1802,no_strict_e1_improvement,0,,,,,1,0,1,1,1,1,1,4,0,0,-1,current,0,0,0.01870492286980152,0.01870492286980152,11,9,9,9,9,0,0,1,1.0,1.0,1.0,1.0,1.0,1,1.0,1.0,1.0,1.0,1.0,1,1.0,1.0,1.0,1.0,1.0,1,1.0,1.0,1.0,1.0,1.0
1803,small_component,0,,,,,1,0,0,0,0,0,0,4,0,0,-1,current,0,0,0.2961679721872012,0.2961679721872012,6,1,1,1,1,0,0,0,0.1111111111111111,0.0,0.6666666666666666,0.3333333333333333,0.5833333333333334,0,0.1111111111111111,0.0,0.6666666666666666,0.3333333333333333,0.5833333333333334,0,0.1111111111111111,0.0,0.6666666666666666,0.3333333333333333,0.5833333333333334,0,0.1111111111111111,0.0,0.6666666666666666,0.3333333333333333,0.5833333333333334
1804,no_strict_e1_improvement,0,,,,,1,0,1,1,1,1,1,4,0,0,-1,current,0,0,0.07833967846818268,0.07833967846818268,8,0,0,0,0,0,0,0,0.0,0.6666666666666666,0.16666666666666666,0.4166666666666667,0.5833333333333334,0,0.0,0.6666666666666666,0.16666666666666666,0.4166666666666667,0.5833333333333334,0,0.0,0.6666666666666666,0.16666666666666666,0.4166666666666667,0.5833333333333334,0,0.0,0.6666666666666666,0.16666666666666666,0.4166666666666667,0.5833333333333334
1805,no_strict_e1_improvement,0,,,,,1,0,1,1,1,1,1,4,0,0,-1,current,0,0,0.0,0.0,12,0,0,0,0,0,0,0,0.0,0.5,1.0,0.75,0.75,0,0.0,0.5,1.0,0.75,0.75,0,0.0,0.5,1.0,0.75,0.75,0,0.0,0.5,1.0,0.75,0.75
1806,max_rounds,0,,,,,1,1,2,2,2,6,6,4,0,-1,0,s1a3_greedy,1,0,0.22881793975830078,0.2031606682576239,5,0,0,0,0,0,0,0,0.0,0.3333333333333333,0.16666666666666666,0.25,0.3333333333333333,0,0.0,0.3333333333333333,0.16666666666666666,0.25,0.3333333333333333,0,0.0,0.5,0.16666666666666666,0.3333333333333333,0.4166666666666667,0,0.0,0.5,0.16666666666666666,0.3333333333333333,0.4166666666666667
1807,no_strict_e1_improvement,0,,,,,1,0,1,1,1,1,1,4,0,0,-1,current,0,0,0.005621896358206868,0.005621896358206868,11,9,9,9,9,0,0,1,1.0,1.0,1.0,1.0,1.0,1,1.0,1.0,1.0,1.0,1.0,1,1.0,1.0,1.0,1.0,1.0,1,1.0,1.0,1.0,1.0,1.0
1808,max_rounds,0,,,,,1,1,3,2,2,6,6,4,0,1,0,s1a3_greedy,1,0,0.05321435281075537,0.021215047270137195,9,7,7,0,0,-7,0,0,0.7777777777777778,0.6666666666666666,0.6666666666666666,0.6666666666666666,0.75,0,0.7777777777777778,0.6666666666666666,0.6666666666666666,0.6666666666666666,0.75,0,0.0,0.5,0.6666666666666666,0.5833333333333334,0.6666666666666666,0,0.0,0.5,0.6666666666666666,0.5833333333333334,0.6666666666666666
1809,no_strict_e1_improvement,0,,,,,1,0,1,1,1,1,1,4,0,0,-1,current,0,0,0.07058524992316961,0.07058524992316961,7,0,0,0,0,0,0,0,0.0,0.5,0.8333333333333334,0.6666666666666666,0.6666666666666666,0,0.0,0.5,0.8333333333333334,0.6666666666666666,0.6666666666666666,0,0.0,0.5,0.8333333333333334,0.6666666666666666,0.6666666666666666,0,0.0,0.5,0.8333333333333334,0.6666666666666666,0.6666666666666666
1810,no_strict_e1_improvement,0,,,,,1,0,1,1,1,1,1,4,0,0,-1,current,0,0,0.04980326443910599,0.04980326443910599,10,9,9,9,9,0,0,1,1.0,1.0,1.0,1.0,1.0,1,1.0,1.0,1.0,1.0,1.0,1,1.0,1.0,1.0,1.0,1.0,1,1.0,1.0,1.0,1.0,1.0
1811,no_strict_e1_improvement,0,,,,,1,0,1,1,1,1,1,4,0,0,-1,current,0,0,0.04024324007332325,0.04024324007332325,10,0,0,0,0,0,0,0,0.0,0.5,1.0,0.75,0.75,0,0.0,0.5,1.0,0.75,0.75,0,0.0,0.5,1.0,0.75,0.75,0,0.0,0.5,1.0,0.75,0.75
1812,max_rounds,0,,,,,1,1,3,2,2,5,5,4,0,-1,0,s1a3_greedy,1,0,0.16421060939319432,0.007109155024712284,10,0,0,9,9,9,0,0,0.0,0.5,0.8333333333333334,0.6666666666666666,0.6666666666666666,0,0.0,0.5,0.8333333333333334,0.6666666666666666,0.6666666666666666,1,1.0,1.0,1.0,1.0,1.0,1,1.0,1.0,1.0,1.0,1.0
1813,no_strict_e1_improvement,0,,,,,1,0,1,1,1,1,1,4,0,0,-1,current,0,0,0.017729806403319042,0.017729806403319042,11,0,0,0,0,0,0,0,0.0,0.5,1.0,0.75,0.75,0,0.0,0.5,1.0,0.75,0.75,0,0.0,0.5,1.0,0.75,0.75,0,0.0,0.5,1.0,0.75,0.75
1814,no_strict_e1_improvement,0,,,,,1,0,1,1,1,1,1,4,0,0,-1,current,0,0,0.017972837784327567,0.017972837784327567,8,0,0,0,0,0,0,0,0.0,0.5,0.6666666666666666,0.5833333333333334,0.6666666666666666,0,0.0,0.5,0.6666666666666666,0.5833333333333334,0.6666666666666666,0,0.0,0.5,0.6666666666666666,0.5833333333333334,0.6666666666666666,0,0.0,0.5,0.6666666666666666,0.5833333333333334,0.6666666666666666
1815,no_strict_e1_improvement,0,,,,,1,0,2,2,2,5,5,4,0,0,-1,current,0,0,0.065520426966638,0.065520426966638,7,0,0,0,0,0,0,0,0.0,0.6666666666666666,0.16666666666666666,0.4166666666666667,0.5,0,0.0,0.6666666666666666,0.16666666666666666,0.4166666666666667,0.5,0,0.0,0.6666666666666666,0.16666666666666666,0.4166666666666667,0.5,0,0.0,0.6666666666666666,0.16666666666666666,0.4166666666666667,0.5
1816,no_strict_e1_improvement,0,,,,,1,0,2,2,2,7,7,4,0,0,-1,current,0,0,0.07928764851142962,0.07928764851142962,6,0,0,0,0,0,0,0,0.0,0.5,0.16666666666666666,0.3333333333333333,0.5,0,0.0,0.5,0.16666666666666666,0.3333333333333333,0.5,0,0.0,0.5,0.16666666666666666,0.3333333333333333,0.5,0,0.0,0.5,0.16666666666666666,0.3333333333333333,0.5
1817,no_strict_e1_improvement,0,,,,,1,0,1,1,1,1,1,4,0,0,-1,current,0,0,0.004908718013515075,0.004908718013515075,12,0,0,0,0,0,0,0,0.0,0.5,1.0,0.75,0.75,0,0.0,0.5,1.0,0.75,0.75,0,0.0,0.5,1.0,0.75,0.75,0,0.0,0.5,1.0,0.75,0.75
1818,no_strict_e1_improvement,0,,,,,1,0,1,1,1,1,1,4,0,0,-1,current,0,0,0.005180208012461662,0.005180208012461662,11,0,0,0,0,0,0,0,0.0,0.5,1.0,0.75,0.75,0,0.0,0.5,1.0,0.75,0.75,0,0.0,0.5,1.0,0.75,0.75,0,0.0,0.5,1.0,0.75,0.75
1819,max_rounds,0,,,,,1,1,2,2,2,6,6,4,0,-1,1,profiled_beam,1,1,0.12029257711643974,0.07857515709474683,10,0,0,0,0,0,0,0,0.0,0.5,1.0,0.75,0.75,0,0.0,0.5,1.0,0.75,0.75,0,0.0,0.5,1.0,0.75,0.75,0,0.0,0.5,1.0,0.75,0.75
1820,no_strict_e1_improvement,0,,,,,1,0,1,1,1,1,1,4,0,0,-1,current,0,0,0.10225449378291766,0.10225449378291766,8,9,9,9,9,0,0,1,1.0,1.0,1.0,1.0,1.0,1,1.0,1.0,1.0,1.0,1.0,1,1.0,1.0,1.0,1.0,1.0,1,1.0,1.0,1.0,1.0,1.0
1821,max_rounds,0,,,,,1,1,5,4,4,13,13,4,1,0,0,s1a3_greedy,1,0,0.20963846581677595,0.034429037322600685,8,0,0,9,9,9,0,0,0.0,0.8333333333333334,0.5,0.6666666666666666,0.6666666666666666,0,0.0,0.8333333333333334,0.5,0.6666666666666666,0.6666666666666666,1,1.0,1.0,1.0,1.0,1.0,1,1.0,1.0,1.0,1.0,1.0
1822,no_strict_e1_improvement,0,,,,,1,0,1,1,1,1,1,4,0,0,-1,current,0,0,0.04801026235024134,0.04801026235024134,10,0,0,0,0,0,0,0,0.0,0.5,1.0,0.75,0.75,0,0.0,0.5,1.0,0.75,0.75,0,0.0,0.5,1.0,0.75,0.75,0,0.0,0.5,1.0,0.75,0.75
1823,max_rounds,0,,,,,1,1,5,4,4,14,14,4,-1,1,1,profiled_beam,1,1,0.2571593311925729,0.027323963935486972,9,0,0,6,9,9,3,0,0.0,0.3333333333333333,0.5,0.4166666666666667,0.5833333333333334,0,0.0,0.3333333333333333,0.5,0.4166666666666667,0.5833333333333334,0,0.6666666666666666,0.8333333333333334,0.5,0.6666666666666666,0.6666666666666666,1,1.0,1.0,1.0,1.0,1.0
1824,max_rounds,0,,,,,1,1,5,4,4,14,14,4,0,1,0,s1a3_greedy,1,0,0.15448523064454397,0.08419535805781682,8,0,0,0,0,0,0,0,0.0,0.16666666666666666,0.6666666666666666,0.4166666666666667,0.5,0,0.0,0.16666666666666666,0.6666666666666666,0.4166666666666667,0.5,0,0.0,0.5,1.0,0.75,0.75,0,0.0,0.5,1.0,0.75,0.75
1825,no_strict_e1_improvement,0,,,,,1,0,1,1,1,1,1,4,0,0,-1,current,0,0,0.14880076019714275,0.14880076019714275,6,0,0,0,0,0,0,0,0.0,0.3333333333333333,0.5,0.4166666666666667,0.5833333333333334,0,0.0,0.3333333333333333,0.5,0.4166666666666667,0.5833333333333334,0,0.0,0.3333333333333333,0.5,0.4166666666666667,0.5833333333333334,0,0.0,0.3333333333333333,0.5,0.4166666666666667,0.5833333333333334
1826,no_strict_e1_improvement,0,,,,,1,0,1,1,1,1,1,4,0,0,-1,current,0,0,0.043498846547057234,0.043498846547057234,10,9,9,9,9,0,0,1,1.0,1.0,1.0,1.0,1.0,1,1.0,1.0,1.0,1.0,1.0,1,1.0,1.0,1.0,1.0,1.0,1,1.0,1.0,1.0,1.0,1.0
1827,max_rounds,0,,,,,1,1,2,2,2,5,5,4,0,1,0,s1a3_greedy,1,0,0.06790648431827624,0.06730574493606885,6,9,9,0,0,-9,0,1,1.0,1.0,1.0,1.0,1.0,1,1.0,1.0,1.0,1.0,1.0,0,0.0,0.5,0.6666666666666666,0.5833333333333334,0.6666666666666666,0,0.0,0.5,0.6666666666666666,0.5833333333333334,0.6666666666666666
1828,max_rounds,0,,,,,1,1,5,4,4,14,14,4,-1,1,0,s1a3_greedy,1,0,0.21982912067323923,0.10862484488946696,7,0,0,0,0,0,0,0,0.0,0.5,0.0,0.25,0.3333333333333333,0,0.0,0.5,0.0,0.25,0.3333333333333333,0,0.0,1.0,0.5,0.75,0.75,0,0.0,1.0,0.5,0.75,0.75
1829,no_strict_e1_improvement,0,,,,,1,0,1,1,1,1,1,4,0,0,-1,current,0,0,0.07288910495117307,0.07288910495117307,7,0,0,0,0,0,0,0,0.0,0.16666666666666666,0.5,0.3333333333333333,0.4166666666666667,0,0.0,0.16666666666666666,0.5,0.3333333333333333,0.4166666666666667,0,0.0,0.16666666666666666,0.5,0.3333333333333333,0.4166666666666667,0,0.0,0.16666666666666666,0.5,0.3333333333333333,0.4166666666666667
1830,no_strict_e1_improvement,0,,,,,1,0,1,1,1,1,1,4,0,0,-1,current,0,0,0.06753083741447578,0.06753083741447578,6,0,0,0,0,0,0,0,0.0,0.5,0.5,0.5,0.5,0,0.0,0.5,0.5,0.5,0.5,0,0.0,0.5,0.5,0.5,0.5,0,0.0,0.5,0.5,0.5,0.5
1831,max_rounds,0,,,,,1,1,5,4,4,12,12,4,0,0,0,s1a3_greedy,1,0,0.20205611316487193,0.041946992045268416,8,7,7,9,9,2,0,0,0.7777777777777778,0.6666666666666666,0.5,0.5833333333333334,0.5833333333333334,0,0.7777777777777778,0.6666666666666666,0.5,0.5833333333333334,0.5833333333333334,1,1.0,1.0,1.0,1.0,1.0,1,1.0,1.0,1.0,1.0,1.0
1832,no_strict_e1_improvement,0,,,,,1,0,1,1,1,1,1,4,0,0,-1,current,0,0,0.05412662448361516,0.05412662448361516,8,9,9,9,9,0,0,1,1.0,1.0,1.0,1.0,1.0,1,1.0,1.0,1.0,1.0,1.0,1,1.0,1.0,1.0,1.0,1.0,1,1.0,1.0,1.0,1.0,1.0
1833,max_rounds,0,,,,,1,1,5,4,4,14,14,4,-1,0,1,profiled_beam,1,1,0.20824705809354782,0.12687546542535225,7,3,3,1,3,0,2,0,0.3333333333333333,0.8333333333333334,0.0,0.4166666666666667,0.6666666666666666,0,0.3333333333333333,0.8333333333333334,0.0,0.4166666666666667,0.6666666666666666,0,0.1111111111111111,0.6666666666666666,0.0,0.3333333333333333,0.6666666666666666,0,0.3333333333333333,1.0,0.0,0.5,0.75
1834,no_strict_e1_improvement,0,,,,,1,0,1,1,1,1,1,4,0,0,-1,current,0,0,0.01226430774355928,0.01226430774355928,10,0,0,0,0,0,0,0,0.0,0.5,1.0,0.75,0.75,0,0.0,0.5,1.0,0.75,0.75,0,0.0,0.5,1.0,0.75,0.75,0,0.0,0.5,1.0,0.75,0.75
1835,no_strict_e1_improvement,0,,,,,1,0,1,1,1,1,1,4,0,0,-1,current,0,0,0.004997629672288895,0.004997629672288895,12,9,9,9,9,0,0,1,1.0,1.0,1.0,1.0,1.0,1,1.0,1.0,1.0,1.0,1.0,1,1.0,1.0,1.0,1.0,1.0,1,1.0,1.0,1.0,1.0,1.0
1836,no_strict_e1_improvement,0,,,,,1,0,1,1,1,1,1,4,0,0,-1,current,0,0,0.010848757267619172,0.010848757267619172,10,9,9,9,9,0,0,1,1.0,1.0,1.0,1.0,1.0,1,1.0,1.0,1.0,1.0,1.0,1,1.0,1.0,1.0,1.0,1.0,1,1.0,1.0,1.0,1.0,1.0
1837,no_strict_e1_improvement,0,,,,,1,0,1,1,1,1,1,4,0,0,-1,current,0,0,0.0652851527556777,0.0652851527556777,9,9,9,9,9,0,0,1,1.0,1.0,1.0,1.0,1.0,1,1.0,1.0,1.0,1.0,1.0,1,1.0,1.0,1.0,1.0,1.0,1,1.0,1.0,1.0,1.0,1.0
1838,partial_completed__small_component,1,,3,2,4,1,0,0,0,0,0,0,4,0,0,-1,current,1,0,0.3136543952859938,0.3136543952859938,6,0,0,0,0,0,0,0,0.0,0.3333333333333333,0.16666666666666666,0.25,0.25,0,0.0,0.3333333333333333,0.16666666666666666,0.25,0.3333333333333333,0,0.0,0.3333333333333333,0.16666666666666666,0.25,0.3333333333333333,0,0.0,0.3333333333333333,0.16666666666666666,0.25,0.3333333333333333
1839,no_strict_e1_improvement,0,,,,,1,0,1,1,1,1,1,4,0,0,-1,current,0,0,0.01051117266373088,0.01051117266373088,9,9,9,9,9,0,0,1,1.0,1.0,1.0,1.0,1.0,1,1.0,1.0,1.0,1.0,1.0,1,1.0,1.0,1.0,1.0,1.0,1,1.0,1.0,1.0,1.0,1.0
1840,max_rounds,0,,,,,1,1,2,2,2,6,6,4,0,-1,0,s1a3_greedy,1,0,0.05877146994074186,0.032455211194852986,9,0,0,9,9,9,0,0,0.0,0.5,1.0,0.75,0.75,0,0.0,0.5,1.0,0.75,0.75,1,1.0,1.0,1.0,1.0,1.0,1,1.0,1.0,1.0,1.0,1.0
1841,no_strict_e1_improvement,0,,,,,1,0,1,1,1,1,1,4,0,0,-1,current,0,0,0.010974474716931581,0.010974474716931581,11,0,0,0,0,0,0,0,0.0,0.5,0.5,0.5,0.5,0,0.0,0.5,0.5,0.5,0.5,0,0.0,0.5,0.5,0.5,0.5,0,0.0,0.5,0.5,0.5,0.5
1842,max_rounds,0,,,,,1,1,5,4,4,16,16,4,0,0,1,profiled_beam,1,1,0.3227902613580227,0.20823123306035995,6,1,1,0,0,-1,0,0,0.1111111111111111,0.16666666666666666,0.3333333333333333,0.25,0.4166666666666667,0,0.1111111111111111,0.16666666666666666,0.3333333333333333,0.25,0.4166666666666667,0,0.0,0.16666666666666666,0.5,0.3333333333333333,0.4166666666666667,0,0.0,0.16666666666666666,0.5,0.3333333333333333,0.4166666666666667
1843,no_strict_e1_improvement,0,,,,,1,0,1,1,1,1,1,4,0,0,-1,current,0,0,0.06576765949527423,0.06576765949527423,10,0,0,0,0,0,0,0,0.0,0.6666666666666666,0.5,0.5833333333333334,0.5833333333333334,0,0.0,0.6666666666666666,0.5,0.5833333333333334,0.5833333333333334,0,0.0,0.6666666666666666,0.5,0.5833333333333334,0.5833333333333334,0,0.0,0.6666666666666666,0.5,0.5833333333333334,0.5833333333333334
1844,max_rounds,0,,,,,1,1,5,4,4,15,15,4,1,0,0,s1a3_greedy,1,0,0.22644460787220547,0.060392686437504985,7,0,0,9,9,9,0,0,0.0,0.6666666666666666,0.3333333333333333,0.5,0.6666666666666666,0,0.0,0.6666666666666666,0.3333333333333333,0.5,0.6666666666666666,1,1.0,1.0,1.0,1.0,1.0,1,1.0,1.0,1.0,1.0,1.0
1845,partial_completed__no_strict_e1_improvement,1,,3,2,4,1,0,2,2,2,8,8,4,0,0,-1,current,1,0,0.26605752017349005,0.26605752017349005,5,0,3,3,3,3,0,0,0.0,0.16666666666666666,0.3333333333333333,0.25,0.3333333333333333,0,0.3333333333333333,0.16666666666666666,0.3333333333333333,0.25,0.4166666666666667,0,0.3333333333333333,0.16666666666666666,0.3333333333333333,0.25,0.4166666666666667,0,0.3333333333333333,0.16666666666666666,0.3333333333333333,0.25,0.4166666666666667
1846,no_strict_e1_improvement,0,,,,,1,0,1,1,1,1,1,4,0,0,-1,current,0,0,0.007061649269113938,0.007061649269113938,9,0,0,0,0,0,0,0,0.0,0.5,1.0,0.75,0.75,0,0.0,0.5,1.0,0.75,0.75,0,0.0,0.5,1.0,0.75,0.75,0,0.0,0.5,1.0,0.75,0.75
1847,no_strict_e1_improvement,0,,,,,1,0,2,2,2,5,5,4,0,0,-1,current,0,0,0.1668714756766955,0.1668714756766955,8,0,0,0,0,0,0,0,0.0,0.6666666666666666,0.5,0.5833333333333334,0.5833333333333334,0,0.0,0.6666666666666666,0.5,0.5833333333333334,0.5833333333333334,0,0.0,0.6666666666666666,0.5,0.5833333333333334,0.5833333333333334,0,0.0,0.6666666666666666,0.5,0.5833333333333334,0.5833333333333334
1848,no_strict_e1_improvement,0,,,,,1,0,1,1,1,1,1,4,0,0,-1,current,0,0,0.02632530576859911,0.02632530576859911,8,9,9,9,9,0,0,1,1.0,1.0,1.0,1.0,1.0,1,1.0,1.0,1.0,1.0,1.0,1,1.0,1.0,1.0,1.0,1.0,1,1.0,1.0,1.0,1.0,1.0
1849,max_rounds,0,,,,,1,1,5,4,4,15,15,4,0,1,1,profiled_beam,1,1,0.205172977099816,0.13527420163154602,4,3,3,1,2,-1,1,0,0.3333333333333333,0.16666666666666666,0.3333333333333333,0.25,0.4166666666666667,0,0.3333333333333333,0.16666666666666666,0.3333333333333333,0.25,0.4166666666666667,0,0.1111111111111111,0.0,0.16666666666666666,0.08333333333333333,0.3333333333333333,0,0.2222222222222222,0.16666666666666666,0.16666666666666666,0.16666666666666666,0.4166666666666667
1850,no_strict_e1_improvement,0,,,,,1,0,2,2,2,4,4,4,0,0,-1,current,0,0,0.1210856600664556,0.1210856600664556,7,0,0,0,0,0,0,0,0.0,0.6666666666666666,0.16666666666666666,0.4166666666666667,0.5,0,0.0,0.6666666666666666,0.16666666666666666,0.4166666666666667,0.5,0,0.0,0.6666666666666666,0.16666666666666666,0.4166666666666667,0.5,0,0.0,0.6666666666666666,0.16666666666666666,0.4166666666666667,0.5
1851,max_rounds,0,,,,,1,1,5,4,4,15,15,4,0,0,1,profiled_beam,1,1,0.08144884587575991,0.05502732563763857,7,1,1,1,0,-1,-1,0,0.1111111111111111,0.3333333333333333,0.5,0.4166666666666667,0.5833333333333334,0,0.1111111111111111,0.3333333333333333,0.5,0.4166666666666667,0.5833333333333334,0,0.1111111111111111,0.3333333333333333,0.5,0.4166666666666667,0.5833333333333334,0,0.0,0.5,1.0,0.75,0.75
1852,no_strict_e1_improvement,0,,,,,1,0,2,2,2,7,7,4,0,0,-1,current,0,0,0.024263820067668956,0.024263820067668956,11,0,0,0,0,0,0,0,0.0,0.5,1.0,0.75,0.75,0,0.0,0.5,1.0,0.75,0.75,0,0.0,0.5,1.0,0.75,0.75,0,0.0,0.5,1.0,0.75,0.75
1853,no_strict_e1_improvement,0,,,,,1,0,1,1,1,1,1,4,0,0,-1,current,0,0,0.07813260890543461,0.07813260890543461,8,0,0,0,0,0,0,0,0.0,0.5,0.6666666666666666,0.5833333333333334,0.6666666666666666,0,0.0,0.5,0.6666666666666666,0.5833333333333334,0.6666666666666666,0,0.0,0.5,0.6666666666666666,0.5833333333333334,0.6666666666666666,0,0.0,0.5,0.6666666666666666,0.5833333333333334,0.6666666666666666
1854,no_strict_e1_improvement,0,,,,,1,0,1,1,1,1,1,4,0,0,-1,current,0,0,0.014688106719404459,0.014688106719404459,10,0,0,0,0,0,0,0,0.0,0.5,1.0,0.75,0.75,0,0.0,0.5,1.0,0.75,0.75,0,0.0,0.5,1.0,0.75,0.75,0,0.0,0.5,1.0,0.75,0.75
1855,max_rounds,0,,,,,1,1,4,4,4,14,14,4,1,0,0,s1a3_greedy,1,0,0.21375114237889647,0.15790714649483562,6,0,0,0,0,0,0,0,0.0,0.16666666666666666,0.16666666666666666,0.16666666666666666,0.16666666666666666,0,0.0,0.16666666666666666,0.16666666666666666,0.16666666666666666,0.16666666666666666,0,0.0,0.16666666666666666,0.3333333333333333,0.25,0.4166666666666667,0,0.0,0.16666666666666666,0.3333333333333333,0.25,0.4166666666666667
1856,no_strict_e1_improvement,0,,,,,1,0,1,1,1,1,1,4,0,0,-1,current,0,0,0.06383286789059639,0.06383286789059639,10,0,0,0,0,0,0,0,0.0,0.5,1.0,0.75,0.75,0,0.0,0.5,1.0,0.75,0.75,0,0.0,0.5,1.0,0.75,0.75,0,0.0,0.5,1.0,0.75,0.75
1857,partial_completed__small_component,1,,3,2,4,1,0,0,0,0,0,0,4,0,0,-1,current,1,0,0.1374975529809793,0.1374975529809793,3,0,0,0,0,0,0,0,0.0,0.0,0.16666666666666666,0.08333333333333333,0.16666666666666666,0,0.0,0.0,0.3333333333333333,0.16666666666666666,0.3333333333333333,0,0.0,0.0,0.3333333333333333,0.16666666666666666,0.3333333333333333,0,0.0,0.0,0.3333333333333333,0.16666666666666666,0.3333333333333333
1858,no_strict_e1_improvement,0,,,,,1,0,1,1,1,1,1,4,0,0,-1,current,0,0,0.0,0.0,12,9,9,9,9,0,0,1,1.0,1.0,1.0,1.0,1.0,1,1.0,1.0,1.0,1.0,1.0,1,1.0,1.0,1.0,1.0,1.0,1,1.0,1.0,1.0,1.0,1.0
1859,no_strict_e1_improvement,0,,,,,1,0,1,1,1,1,1,4,0,0,-1,current,0,0,0.08371213947733243,0.08371213947733243,9,1,1,1,1,0,0,0,0.1111111111111111,0.3333333333333333,0.6666666666666666,0.5,0.6666666666666666,0,0.1111111111111111,0.3333333333333333,0.6666666666666666,0.5,0.6666666666666666,0,0.1111111111111111,0.3333333333333333,0.6666666666666666,0.5,0.6666666666666666,0,0.1111111111111111,0.3333333333333333,0.6666666666666666,0.5,0.6666666666666666
1860,max_rounds,0,,,,,1,1,3,2,2,7,7,4,0,0,1,profiled_beam,1,1,0.13182752036179105,0.07780518336221576,5,0,0,0,0,0,0,0,0.0,0.6666666666666666,0.5,0.5833333333333334,0.5833333333333334,0,0.0,0.6666666666666666,0.5,0.5833333333333334,0.5833333333333334,0,0.0,0.8333333333333334,0.5,0.6666666666666666,0.6666666666666666,0,0.0,0.5,0.16666666666666666,0.3333333333333333,0.4166666666666667
1861,no_strict_e1_improvement,0,,,,,1,0,1,1,1,1,1,4,0,0,-1,current,0,0,0.02285033658457299,0.02285033658457299,10,9,9,9,9,0,0,1,1.0,1.0,1.0,1.0,1.0,1,1.0,1.0,1.0,1.0,1.0,1,1.0,1.0,1.0,1.0,1.0,1,1.0,1.0,1.0,1.0,1.0
1862,partial_completed__no_strict_e1_improvement,1,,3,2,4,1,0,2,2,2,6,6,4,0,0,-1,current,1,0,0.1784741518398126,0.1784741518398126,7,3,3,3,3,0,0,0,0.3333333333333333,0.0,0.6666666666666666,0.3333333333333333,0.3333333333333333,0,0.3333333333333333,0.0,1.0,0.5,0.75,0,0.3333333333333333,0.0,1.0,0.5,0.75,0,0.3333333333333333,0.0,1.0,0.5,0.75
1863,max_rounds,0,,,,,1,1,2,2,2,6,6,4,-1,0,0,s1a3_greedy,1,0,0.15773807815276086,0.09901206327291827,6,0,0,0,0,0,0,0,0.0,0.5,0.5,0.5,0.5,0,0.0,0.5,0.5,0.5,0.5,0,0.0,0.5,0.8333333333333334,0.6666666666666666,0.6666666666666666,0,0.0,0.5,0.8333333333333334,0.6666666666666666,0.6666666666666666
1864,no_strict_e1_improvement,0,,,,,1,0,1,1,1,1,1,4,0,0,-1,current,0,0,0.003271065807590882,0.003271065807590882,10,9,9,9,9,0,0,1,1.0,1.0,1.0,1.0,1.0,1,1.0,1.0,1.0,1.0,1.0,1,1.0,1.0,1.0,1.0,1.0,1,1.0,1.0,1.0,1.0,1.0
1865,no_strict_e1_improvement,0,,,,,1,0,1,1,1,1,1,4,0,0,-1,current,0,0,0.04689076636956694,0.04689076636956694,8,9,9,9,9,0,0,1,1.0,1.0,1.0,1.0,1.0,1,1.0,1.0,1.0,1.0,1.0,1,1.0,1.0,1.0,1.0,1.0,1,1.0,1.0,1.0,1.0,1.0
1866,no_strict_e1_improvement,0,,,,,1,0,1,1,1,2,2,4,0,0,-1,current,0,0,0.1531774178147316,0.1531774178147316,8,0,0,0,0,0,0,0,0.0,0.8333333333333334,0.0,0.4166666666666667,0.4166666666666667,0,0.0,0.8333333333333334,0.0,0.4166666666666667,0.4166666666666667,0,0.0,0.8333333333333334,0.0,0.4166666666666667,0.4166666666666667,0,0.0,0.8333333333333334,0.0,0.4166666666666667,0.4166666666666667
1867,max_rounds,0,,,,,1,1,5,4,4,15,15,4,0,-1,0,s1a3_greedy,1,0,0.20416606465975443,0.06943958438932896,8,2,2,5,5,3,0,0,0.2222222222222222,0.16666666666666666,0.6666666666666666,0.4166666666666667,0.5833333333333334,0,0.2222222222222222,0.16666666666666666,0.6666666666666666,0.4166666666666667,0.5833333333333334,0,0.5555555555555556,0.3333333333333333,0.6666666666666666,0.5,0.6666666666666666,0,0.5555555555555556,0.3333333333333333,0.6666666666666666,0.5,0.6666666666666666
1868,no_strict_e1_improvement,0,,,,,1,0,1,1,1,1,1,4,0,0,-1,current,0,0,0.0385023777683576,0.0385023777683576,11,0,0,0,0,0,0,0,0.0,0.5,1.0,0.75,0.75,0,0.0,0.5,1.0,0.75,0.75,0,0.0,0.5,1.0,0.75,0.75,0,0.0,0.5,1.0,0.75,0.75
1869,partial_completed__small_component,1,,3,2,4,1,0,0,0,0,0,0,4,0,0,-1,current,1,0,0.31688817248990137,0.31688817248990137,4,0,0,0,0,0,0,0,0.0,0.16666666666666666,0.0,0.08333333333333333,0.16666666666666666,0,0.0,0.3333333333333333,0.0,0.16666666666666666,0.4166666666666667,0,0.0,0.3333333333333333,0.0,0.16666666666666666,0.4166666666666667,0,0.0,0.3333333333333333,0.0,0.16666666666666666,0.4166666666666667
1870,no_strict_e1_improvement,0,,,,,1,0,1,1,1,1,1,4,0,0,-1,current,0,0,0.04906808833281199,0.04906808833281199,8,6,6,6,6,0,0,0,0.6666666666666666,0.5,0.8333333333333334,0.6666666666666666,0.6666666666666666,0,0.6666666666666666,0.5,0.8333333333333334,0.6666666666666666,0.6666666666666666,0,0.6666666666666666,0.5,0.8333333333333334,0.6666666666666666,0.6666666666666666,0,0.6666666666666666,0.5,0.8333333333333334,0.6666666666666666,0.6666666666666666
1871,max_rounds,0,,,,,1,1,4,4,4,15,15,4,1,1,0,s1a3_greedy,1,0,0.1885055216262117,0.1470325410288448,7,0,0,0,0,0,0,0,0.0,0.16666666666666666,0.3333333333333333,0.25,0.4166666666666667,0,0.0,0.16666666666666666,0.3333333333333333,0.25,0.4166666666666667,0,0.0,0.5,0.6666666666666666,0.5833333333333334,0.6666666666666666,0,0.0,0.5,0.6666666666666666,0.5833333333333334,0.6666666666666666
1872,no_strict_e1_improvement,0,,,,,1,0,1,1,1,1,1,4,0,0,-1,current,0,0,0.10686639416477799,0.10686639416477799,7,0,0,0,0,0,0,0,0.0,0.5,0.16666666666666666,0.3333333333333333,0.5,0,0.0,0.5,0.16666666666666666,0.3333333333333333,0.5,0,0.0,0.5,0.16666666666666666,0.3333333333333333,0.5,0,0.0,0.5,0.16666666666666666,0.3333333333333333,0.5
1873,max_rounds,0,,,,,1,1,5,4,4,11,11,4,-1,0,0,s1a3_greedy,1,0,0.2693367274478078,0.06514095588742445,7,0,0,0,0,0,0,0,0.0,0.16666666666666666,0.3333333333333333,0.25,0.3333333333333333,0,0.0,0.16666666666666666,0.3333333333333333,0.25,0.3333333333333333,0,0.0,0.5,0.3333333333333333,0.4166666666666667,0.5833333333333334,0,0.0,0.5,0.3333333333333333,0.4166666666666667,0.5833333333333334
1874,max_rounds,0,,,,,1,1,5,4,4,11,11,4,0,1,1,profiled_beam,1,1,0.18198819706837335,0.07428389644095053,5,0,0,0,0,0,0,0,0.0,0.3333333333333333,0.16666666666666666,0.25,0.4166666666666667,0,0.0,0.3333333333333333,0.16666666666666666,0.25,0.4166666666666667,0,0.0,0.16666666666666666,0.5,0.3333333333333333,0.6666666666666666,0,0.0,0.6666666666666666,0.16666666666666666,0.4166666666666667,0.5
1875,max_rounds,0,,,,,1,1,5,4,4,13,13,4,-1,-1,0,s1a3_greedy,1,0,0.2067618261401852,0.02766017181177934,10,1,1,0,0,-1,0,0,0.1111111111111111,0.16666666666666666,0.5,0.3333333333333333,0.3333333333333333,0,0.1111111111111111,0.16666666666666666,0.5,0.3333333333333333,0.3333333333333333,0,0.0,0.5,1.0,0.75,0.75,0,0.0,0.5,1.0,0.75,0.75
1876,no_strict_e1_improvement,0,,,,,1,0,1,1,1,1,1,4,0,0,-1,current,0,0,0.07388213525215785,0.07388213525215785,7,0,0,0,0,0,0,0,0.0,0.0,0.16666666666666666,0.08333333333333333,0.3333333333333333,0,0.0,0.0,0.16666666666666666,0.08333333333333333,0.3333333333333333,0,0.0,0.0,0.16666666666666666,0.08333333333333333,0.3333333333333333,0,0.0,0.0,0.16666666666666666,0.08333333333333333,0.3333333333333333
1877,no_strict_e1_improvement,0,,,,,1,0,1,1,1,1,1,4,0,0,-1,current,0,0,0.010670947997520367,0.010670947997520367,9,9,9,9,9,0,0,1,1.0,1.0,1.0,1.0,1.0,1,1.0,1.0,1.0,1.0,1.0,1,1.0,1.0,1.0,1.0,1.0,1,1.0,1.0,1.0,1.0,1.0
1878,no_strict_e1_improvement,0,,,,,1,0,1,1,1,1,1,4,0,0,-1,current,0,0,0.03798104776069522,0.03798104776069522,9,0,0,0,0,0,0,0,0.0,0.5,1.0,0.75,0.75,0,0.0,0.5,1.0,0.75,0.75,0,0.0,0.5,1.0,0.75,0.75,0,0.0,0.5,1.0,0.75,0.75
1879,max_rounds,0,,,,,1,1,5,4,4,14,14,4,-1,1,1,profiled_beam,1,1,0.1865036808885634,0.11931043506289522,7,0,0,0,0,0,0,0,0.0,0.0,0.6666666666666666,0.3333333333333333,0.3333333333333333,0,0.0,0.0,0.6666666666666666,0.3333333333333333,0.3333333333333333,0,0.0,0.16666666666666666,0.5,0.3333333333333333,0.4166666666666667,0,0.0,0.5,0.6666666666666666,0.5833333333333334,0.5833333333333334
1880,max_rounds,0,,,,,1,1,5,4,4,14,14,4,-1,-1,0,s1a3_greedy,1,0,0.2645565749456485,0.11385700789590676,9,0,0,4,4,4,0,0,0.0,0.3333333333333333,0.3333333333333333,0.3333333333333333,0.4166666666666667,0,0.0,0.3333333333333333,0.3333333333333333,0.3333333333333333,0.4166666666666667,0,0.4444444444444444,0.5,0.16666666666666666,0.3333333333333333,0.4166666666666667,0,0.4444444444444444,0.5,0.16666666666666666,0.3333333333333333,0.4166666666666667
1881,no_strict_e1_improvement,0,,,,,1,0,1,1,1,1,1,4,0,0,-1,current,0,0,0.022049486947556336,0.022049486947556336,9,0,0,0,0,0,0,0,0.0,0.5,0.5,0.5,0.5,0,0.0,0.5,0.5,0.5,0.5,0,0.0,0.5,0.5,0.5,0.5,0,0.0,0.5,0.5,0.5,0.5
1882,max_rounds,0,,,,,1,1,3,2,2,5,5,4,1,0,0,s1a3_greedy,1,0,0.189533134616795,0.1264857394514062,6,0,0,9,9,9,0,0,0.0,1.0,0.5,0.75,0.75,0,0.0,1.0,0.5,0.75,0.75,1,1.0,1.0,1.0,1.0,1.0,1,1.0,1.0,1.0,1.0,1.0
1883,max_rounds,0,,,,,1,1,3,2,2,6,6,4,0,0,0,s1a3_greedy,1,0,0.23097852369149527,0.016638454670707386,10,0,0,0,0,0,0,0,0.0,0.6666666666666666,0.16666666666666666,0.4166666666666667,0.5,0,0.0,0.6666666666666666,0.16666666666666666,0.4166666666666667,0.5,0,0.0,1.0,0.5,0.75,0.75,0,0.0,1.0,0.5,0.75,0.75
1884,no_strict_e1_improvement,0,,,,,1,0,1,1,1,1,1,4,0,0,-1,current,0,0,0.013612431474030018,0.013612431474030018,11,0,0,0,0,0,0,0,0.0,0.5,1.0,0.75,0.75,0,0.0,0.5,1.0,0.75,0.75,0,0.0,0.5,1.0,0.75,0.75,0,0.0,0.5,1.0,0.75,0.75
1885,no_strict_e1_improvement,0,,,,,1,0,1,1,1,1,1,4,0,0,-1,current,0,0,0.04613295181964835,0.04613295181964835,9,0,0,0,0,0,0,0,0.0,0.5,0.5,0.5,0.5,0,0.0,0.5,0.5,0.5,0.5,0,0.0,0.5,0.5,0.5,0.5,0,0.0,0.5,0.5,0.5,0.5
1886,no_strict_e1_improvement,0,,,,,1,0,1,1,1,1,1,4,0,0,-1,current,0,0,0.17670124024152756,0.17670124024152756,8,0,0,0,0,0,0,0,0.0,0.5,0.8333333333333334,0.6666666666666666,0.6666666666666666,0,0.0,0.5,0.8333333333333334,0.6666666666666666,0.6666666666666666,0,0.0,0.5,0.8333333333333334,0.6666666666666666,0.6666666666666666,0,0.0,0.5,0.8333333333333334,0.6666666666666666,0.6666666666666666
1887,max_rounds,0,,,,,1,1,5,4,4,15,15,4,0,-1,1,profiled_beam,1,1,0.1513978447765112,0.07521643687505275,7,7,7,9,0,-7,-9,0,0.7777777777777778,0.6666666666666666,0.6666666666666666,0.6666666666666666,0.8333333333333334,0,0.7777777777777778,0.6666666666666666,0.6666666666666666,0.6666666666666666,0.8333333333333334,1,1.0,1.0,1.0,1.0,1.0,0,0.0,0.5,0.6666666666666666,0.5833333333333334,0.6666666666666666
1888,max_rounds,0,,,,,1,1,5,4,4,13,13,4,0,0,0,s1a3_greedy,1,0,0.38777456199750304,0.019145086194233347,9,6,6,9,9,3,0,0,0.6666666666666666,0.5,0.5,0.5,0.6666666666666666,0,0.6666666666666666,0.5,0.5,0.5,0.6666666666666666,1,1.0,1.0,1.0,1.0,1.0,1,1.0,1.0,1.0,1.0,1.0
1889,max_rounds,0,,,,,1,1,2,2,2,7,7,4,0,1,0,s1a3_greedy,1,0,0.05737323500216007,0.04074734697739283,9,0,0,0,0,0,0,0,0.0,0.0,0.5,0.25,0.25,0,0.0,0.0,0.5,0.25,0.25,0,0.0,0.0,0.5,0.25,0.25,0,0.0,0.0,0.5,0.25,0.25
1890,no_strict_e1_improvement,0,,,,,1,0,1,1,1,1,1,4,0,0,-1,current,0,0,0.09832492284476757,0.09832492284476757,8,0,0,0,0,0,0,0,0.0,0.5,0.6666666666666666,0.5833333333333334,0.75,0,0.0,0.5,0.6666666666666666,0.5833333333333334,0.75,0,0.0,0.5,0.6666666666666666,0.5833333333333334,0.75,0,0.0,0.5,0.6666666666666666,0.5833333333333334,0.75
1891,no_strict_e1_improvement,0,,,,,1,0,1,1,1,1,1,4,0,0,-1,current,0,0,0.02203360976030429,0.02203360976030429,10,9,9,9,9,0,0,1,1.0,1.0,1.0,1.0,1.0,1,1.0,1.0,1.0,1.0,1.0,1,1.0,1.0,1.0,1.0,1.0,1,1.0,1.0,1.0,1.0,1.0
1892,no_strict_e1_improvement,0,,,,,1,0,1,1,1,1,1,4,0,0,-1,current,0,0,0.01770879669735829,0.01770879669735829,10,9,9,9,9,0,0,1,1.0,1.0,1.0,1.0,1.0,1,1.0,1.0,1.0,1.0,1.0,1,1.0,1.0,1.0,1.0,1.0,1,1.0,1.0,1.0,1.0,1.0
1893,max_rounds,0,,,,,1,1,5,4,4,14,14,4,0,-1,1,profiled_beam,1,1,0.33922620490193367,0.14168372874458632,6,0,0,0,0,0,0,0,0.0,0.3333333333333333,0.5,0.4166666666666667,0.5,0,0.0,0.3333333333333333,0.5,0.4166666666666667,0.5,0,0.0,0.5,0.8333333333333334,0.6666666666666666,0.6666666666666666,0,0.0,0.5,0.6666666666666666,0.5833333333333334,0.5833333333333334
1894,no_strict_e1_improvement,0,,,,,1,0,1,1,1,1,1,4,0,0,-1,current,0,0,0.01519083728392919,0.01519083728392919,10,9,9,9,9,0,0,1,1.0,1.0,1.0,1.0,1.0,1,1.0,1.0,1.0,1.0,1.0,1,1.0,1.0,1.0,1.0,1.0,1,1.0,1.0,1.0,1.0,1.0
1895,max_rounds,0,,,,,1,1,3,2,2,6,6,4,0,0,0,s1a3_greedy,1,0,0.22196846486379704,0.030543442194660504,6,1,1,3,3,2,0,0,0.1111111111111111,0.6666666666666666,0.0,0.3333333333333333,0.6666666666666666,0,0.1111111111111111,0.6666666666666666,0.0,0.3333333333333333,0.6666666666666666,0,0.3333333333333333,1.0,0.0,0.5,0.75,0,0.3333333333333333,1.0,0.0,0.5,0.75
1896,no_strict_e1_improvement,0,,,,,1,0,1,1,1,1,1,4,0,0,-1,current,0,0,0.03790428132439653,0.03790428132439653,8,7,7,7,7,0,0,0,0.7777777777777778,0.6666666666666666,0.6666666666666666,0.6666666666666666,0.75,0,0.7777777777777778,0.6666666666666666,0.6666666666666666,0.6666666666666666,0.75,0,0.7777777777777778,0.6666666666666666,0.6666666666666666,0.6666666666666666,0.75,0,0.7777777777777778,0.6666666666666666,0.6666666666666666,0.6666666666666666,0.75
1897,no_strict_e1_improvement,0,,,,,1,0,1,1,1,1,1,4,0,0,-1,current,0,0,0.011762425303459167,0.011762425303459167,11,9,9,9,9,0,0,1,1.0,1.0,1.0,1.0,1.0,1,1.0,1.0,1.0,1.0,1.0,1,1.0,1.0,1.0,1.0,1.0,1,1.0,1.0,1.0,1.0,1.0
1898,no_strict_e1_improvement,0,,,,,1,0,1,1,1,1,1,4,0,0,-1,current,0,0,0.005879229594332476,0.005879229594332476,11,9,9,9,9,0,0,1,1.0,1.0,1.0,1.0,1.0,1,1.0,1.0,1.0,1.0,1.0,1,1.0,1.0,1.0,1.0,1.0,1,1.0,1.0,1.0,1.0,1.0
1899,max_rounds,0,,,,,1,1,4,4,4,16,16,4,0,-1,1,profiled_beam,1,1,0.16922779567539692,0.15292168532808623,7,9,9,9,0,-9,-9,1,1.0,1.0,1.0,1.0,1.0,1,1.0,1.0,1.0,1.0,1.0,1,1.0,1.0,1.0,1.0,1.0,0,0.0,0.5,0.8333333333333334,0.6666666666666666,0.6666666666666666
1900,no_strict_e1_improvement,0,,,,,1,0,1,1,1,1,1,4,0,0,-1,current,0,0,0.0736179721231262,0.0736179721231262,7,0,0,0,0,0,0,0,0.0,0.5,0.5,0.5,0.5,0,0.0,0.5,0.5,0.5,0.5,0,0.0,0.5,0.5,0.5,0.5,0,0.0,0.5,0.5,0.5,0.5
1901,max_rounds,0,,,,,1,1,2,2,2,6,6,4,0,-1,1,profiled_beam,1,1,0.07249127960919093,0.06661788960142682,5,0,0,0,0,0,0,0,0.0,0.6666666666666666,0.5,0.5833333333333334,0.6666666666666666,0,0.0,0.6666666666666666,0.5,0.5833333333333334,0.6666666666666666,0,0.0,0.6666666666666666,0.5,0.5833333333333334,0.6666666666666666,0,0.0,0.3333333333333333,0.5,0.4166666666666667,0.5
1902,max_rounds,0,,,,,1,1,3,2,2,6,6,4,0,0,0,s1a3_greedy,1,0,0.06286556273698807,0.01870811383317535,9,7,7,9,9,2,0,0,0.7777777777777778,0.6666666666666666,0.6666666666666666,0.6666666666666666,0.75,0,0.7777777777777778,0.6666666666666666,0.6666666666666666,0.6666666666666666,0.75,1,1.0,1.0,1.0,1.0,1.0,1,1.0,1.0,1.0,1.0,1.0
1903,max_rounds,0,,,,,1,1,4,4,4,11,11,4,1,-1,1,profiled_beam,1,1,0.16287154263894385,0.09882782052348678,7,0,0,2,1,1,-1,0,0.0,0.3333333333333333,0.16666666666666666,0.25,0.4166666666666667,0,0.0,0.3333333333333333,0.16666666666666666,0.25,0.4166666666666667,0,0.2222222222222222,0.16666666666666666,0.6666666666666666,0.4166666666666667,0.5833333333333334,0,0.1111111111111111,0.3333333333333333,0.3333333333333333,0.3333333333333333,0.4166666666666667
1904,max_rounds,0,,,,,1,1,2,2,2,5,5,4,0,-1,0,s1a3_greedy,1,0,0.08713956798116367,0.0697916188898186,8,0,0,0,0,0,0,0,0.0,0.5,1.0,0.75,0.75,0,0.0,0.5,1.0,0.75,0.75,0,0.0,0.5,1.0,0.75,0.75,0,0.0,0.5,1.0,0.75,0.75
1905,small_component,0,,,,,1,0,0,0,0,0,0,4,0,0,-1,current,0,0,0.3395023097594579,0.3395023097594579,7,6,6,6,6,0,0,0,0.6666666666666666,0.3333333333333333,0.5,0.4166666666666667,0.5833333333333334,0,0.6666666666666666,0.3333333333333333,0.5,0.4166666666666667,0.5833333333333334,0,0.6666666666666666,0.3333333333333333,0.5,0.4166666666666667,0.5833333333333334,0,0.6666666666666666,0.3333333333333333,0.5,0.4166666666666667,0.5833333333333334
1906,no_strict_e1_improvement,0,,,,,1,0,1,1,1,1,1,4,0,0,-1,current,0,0,0.08499653440473291,0.08499653440473291,9,2,2,2,2,0,0,0,0.2222222222222222,0.16666666666666666,0.6666666666666666,0.4166666666666667,0.5833333333333334,0,0.2222222222222222,0.16666666666666666,0.6666666666666666,0.4166666666666667,0.5833333333333334,0,0.2222222222222222,0.16666666666666666,0.6666666666666666,0.4166666666666667,0.5833333333333334,0,0.2222222222222222,0.16666666666666666,0.6666666666666666,0.4166666666666667,0.5833333333333334
1907,small_component,0,,,,,1,0,0,0,0,0,0,4,0,0,-1,current,0,0,0.08050854271277785,0.08050854271277785,8,9,9,9,9,0,0,1,1.0,1.0,1.0,1.0,1.0,1,1.0,1.0,1.0,1.0,1.0,1,1.0,1.0,1.0,1.0,1.0,1,1.0,1.0,1.0,1.0,1.0
1908,max_rounds,0,,,,,1,1,3,2,2,8,8,4,0,0,1,profiled_beam,1,1,0.168633961584419,0.10716613956416647,8,7,7,7,9,2,2,0,0.7777777777777778,0.6666666666666666,0.6666666666666666,0.6666666666666666,0.8333333333333334,0,0.7777777777777778,0.6666666666666666,0.6666666666666666,0.6666666666666666,0.8333333333333334,0,0.7777777777777778,0.6666666666666666,0.6666666666666666,0.6666666666666666,0.8333333333333334,1,1.0,1.0,1.0,1.0,1.0
1909,max_rounds,0,,,,,1,1,2,2,2,6,6,4,0,-1,0,s1a3_greedy,1,0,0.051042592230563365,0.021306319162249565,9,0,0,9,9,9,0,0,0.0,0.5,1.0,0.75,0.75,0,0.0,0.5,1.0,0.75,0.75,1,1.0,1.0,1.0,1.0,1.0,1,1.0,1.0,1.0,1.0,1.0
1910,no_strict_e1_improvement,0,,,,,1,0,1,1,1,1,1,4,0,0,-1,current,0,0,0.02039617362121741,0.02039617362121741,9,9,9,9,9,0,0,1,1.0,1.0,1.0,1.0,1.0,1,1.0,1.0,1.0,1.0,1.0,1,1.0,1.0,1.0,1.0,1.0,1,1.0,1.0,1.0,1.0,1.0
1911,max_rounds,0,,,,,1,1,3,2,2,7,7,4,0,-1,1,profiled_beam,1,1,0.050845314360534154,0.024313041979136567,10,7,7,0,0,-7,0,0,0.7777777777777778,0.6666666666666666,0.6666666666666666,0.6666666666666666,0.75,0,0.7777777777777778,0.6666666666666666,0.6666666666666666,0.6666666666666666,0.75,0,0.0,0.5,0.8333333333333334,0.6666666666666666,0.6666666666666666,0,0.0,0.5,0.6666666666666666,0.5833333333333334,0.75
1912,no_strict_e1_improvement,0,,,,,1,0,1,1,1,1,1,4,0,0,-1,current,0,0,0.04059223496975998,0.04059223496975998,8,0,0,0,0,0,0,0,0.0,0.5,0.8333333333333334,0.6666666666666666,0.6666666666666666,0,0.0,0.5,0.8333333333333334,0.6666666666666666,0.6666666666666666,0,0.0,0.5,0.8333333333333334,0.6666666666666666,0.6666666666666666,0,0.0,0.5,0.8333333333333334,0.6666666666666666,0.6666666666666666
1913,no_strict_e1_improvement,0,,,,,1,0,1,1,1,1,1,4,0,0,-1,current,0,0,0.03189717194375893,0.03189717194375893,10,9,9,9,9,0,0,1,1.0,1.0,1.0,1.0,1.0,1,1.0,1.0,1.0,1.0,1.0,1,1.0,1.0,1.0,1.0,1.0,1,1.0,1.0,1.0,1.0,1.0
1914,no_strict_e1_improvement,0,,,,,1,0,2,2,2,6,6,4,0,0,-1,current,0,0,0.10763533254309247,0.10763533254309247,8,3,3,3,3,0,0,0,0.3333333333333333,0.0,1.0,0.5,0.75,0,0.3333333333333333,0.0,1.0,0.5,0.75,0,0.3333333333333333,0.0,1.0,0.5,0.75,0,0.3333333333333333,0.0,1.0,0.5,0.75
1915,no_strict_e1_improvement,0,,,,,1,0,2,2,2,7,7,4,0,0,-1,current,0,0,0.07714126507441203,0.07714126507441203,8,9,9,9,9,0,0,1,1.0,1.0,1.0,1.0,1.0,1,1.0,1.0,1.0,1.0,1.0,1,1.0,1.0,1.0,1.0,1.0,1,1.0,1.0,1.0,1.0,1.0
1916,small_component,0,,,,,1,0,0,0,0,0,0,4,0,0,-1,current,0,0,0.0919591939697663,0.0919591939697663,8,0,0,0,0,0,0,0,0.0,0.5,1.0,0.75,0.75,0,0.0,0.5,1.0,0.75,0.75,0,0.0,0.5,1.0,0.75,0.75,0,0.0,0.5,1.0,0.75,0.75
1917,small_component,0,,,,,1,0,0,0,0,0,0,4,0,0,-1,current,0,0,0.35772737860679626,0.35772737860679626,6,1,1,1,1,0,0,0,0.1111111111111111,0.0,0.16666666666666666,0.08333333333333333,0.25,0,0.1111111111111111,0.0,0.16666666666666666,0.08333333333333333,0.25,0,0.1111111111111111,0.0,0.16666666666666666,0.08333333333333333,0.25,0,0.1111111111111111,0.0,0.16666666666666666,0.08333333333333333,0.25
1918,max_rounds,0,,,,,1,1,2,2,2,6,6,4,0,-1,1,profiled_beam,1,1,0.07465041056275368,0.034279574640095234,8,9,9,9,0,-9,-9,1,1.0,1.0,1.0,1.0,1.0,1,1.0,1.0,1.0,1.0,1.0,1,1.0,1.0,1.0,1.0,1.0,0,0.0,0.5,1.0,0.75,0.75
1919,small_component,0,,,,,1,0,0,0,0,0,0,4,0,0,-1,current,0,0,0.3207442707692583,0.3207442707692583,5,0,0,0,0,0,0,0,0.0,0.3333333333333333,0.3333333333333333,0.3333333333333333,0.6666666666666666,0,0.0,0.3333333333333333,0.3333333333333333,0.3333333333333333,0.6666666666666666,0,0.0,0.3333333333333333,0.3333333333333333,0.3333333333333333,0.6666666666666666,0,0.0,0.3333333333333333,0.3333333333333333,0.3333333333333333,0.6666666666666666
1920,small_component,0,,,,,1,0,0,0,0,0,0,4,0,0,-1,current,0,0,0.20495279133319855,0.20495279133319855,7,1,1,1,1,0,0,0,0.1111111111111111,0.6666666666666666,0.3333333333333333,0.5,0.5,0,0.1111111111111111,0.6666666666666666,0.3333333333333333,0.5,0.5,0,0.1111111111111111,0.6666666666666666,0.3333333333333333,0.5,0.5,0,0.1111111111111111,0.6666666666666666,0.3333333333333333,0.5,0.5
1921,partial_completed__max_rounds,1,,3,2,4,1,1,5,4,4,15,15,4,-1,0,1,profiled_beam,1,1,0.2576938676647842,0.08717089844867587,4,2,2,0,0,-2,0,0,0.2222222222222222,0.3333333333333333,0.16666666666666666,0.25,0.3333333333333333,0,0.2222222222222222,0.3333333333333333,0.16666666666666666,0.25,0.4166666666666667,0,0.0,0.0,0.5,0.25,0.4166666666666667,0,0.0,0.5,0.16666666666666666,0.3333333333333333,0.6666666666666666
1922,no_strict_e1_improvement,0,,,,,1,0,1,1,1,1,1,4,0,0,-1,current,0,0,0.0,0.0,12,9,9,9,9,0,0,1,1.0,1.0,1.0,1.0,1.0,1,1.0,1.0,1.0,1.0,1.0,1,1.0,1.0,1.0,1.0,1.0,1,1.0,1.0,1.0,1.0,1.0
1923,no_strict_e1_improvement,0,,,,,1,0,1,1,1,1,1,4,0,0,-1,current,0,0,0.17852351690332094,0.17852351690332094,7,6,6,6,6,0,0,0,0.6666666666666666,0.8333333333333334,0.5,0.6666666666666666,0.6666666666666666,0,0.6666666666666666,0.8333333333333334,0.5,0.6666666666666666,0.6666666666666666,0,0.6666666666666666,0.8333333333333334,0.5,0.6666666666666666,0.6666666666666666,0,0.6666666666666666,0.8333333333333334,0.5,0.6666666666666666,0.6666666666666666
1924,max_rounds,0,,,,,1,1,2,2,2,6,6,4,0,-1,0,s1a3_greedy,1,0,0.05454344550768534,0.0031566856584201255,12,0,0,9,9,9,0,0,0.0,0.5,1.0,0.75,0.75,0,0.0,0.5,1.0,0.75,0.75,1,1.0,1.0,1.0,1.0,1.0,1,1.0,1.0,1.0,1.0,1.0
1925,no_strict_e1_improvement,0,,,,,1,0,1,1,1,1,1,4,0,0,-1,current,0,0,0.03996980861605456,0.03996980861605456,8,9,9,9,9,0,0,1,1.0,1.0,1.0,1.0,1.0,1,1.0,1.0,1.0,1.0,1.0,1,1.0,1.0,1.0,1.0,1.0,1,1.0,1.0,1.0,1.0,1.0
1926,max_rounds,0,,,,,1,1,2,2,2,5,5,4,0,1,0,s1a3_greedy,1,0,0.1590110802402099,0.1049780420338114,9,0,0,0,0,0,0,0,0.0,0.6666666666666666,0.5,0.5833333333333334,0.5833333333333334,0,0.0,0.6666666666666666,0.5,0.5833333333333334,0.5833333333333334,0,0.0,0.8333333333333334,0.5,0.6666666666666666,0.6666666666666666,0,0.0,0.8333333333333334,0.5,0.6666666666666666,0.6666666666666666
1927,small_component,0,,,,,1,0,0,0,0,0,0,4,0,0,-1,current,0,0,0.3309521696840723,0.3309521696840723,5,1,1,1,1,0,0,0,0.1111111111111111,0.0,0.6666666666666666,0.3333333333333333,0.75,0,0.1111111111111111,0.0,0.6666666666666666,0.3333333333333333,0.75,0,0.1111111111111111,0.0,0.6666666666666666,0.3333333333333333,0.75,0,0.1111111111111111,0.0,0.6666666666666666,0.3333333333333333,0.75
1928,no_strict_e1_improvement,0,,,,,1,0,2,2,2,4,4,4,0,0,-1,current,0,0,0.09599095458785693,0.09599095458785693,6,0,0,0,0,0,0,0,0.0,0.5,0.8333333333333334,0.6666666666666666,0.6666666666666666,0,0.0,0.5,0.8333333333333334,0.6666666666666666,0.6666666666666666,0,0.0,0.5,0.8333333333333334,0.6666666666666666,0.6666666666666666,0,0.0,0.5,0.8333333333333334,0.6666666666666666,0.6666666666666666
1929,no_strict_e1_improvement,0,,,,,1,0,1,1,1,1,1,4,0,0,-1,current,0,0,0.012661426328122616,0.012661426328122616,9,7,7,7,7,0,0,0,0.7777777777777778,0.6666666666666666,0.6666666666666666,0.6666666666666666,0.75,0,0.7777777777777778,0.6666666666666666,0.6666666666666666,0.6666666666666666,0.75,0,0.7777777777777778,0.6666666666666666,0.6666666666666666,0.6666666666666666,0.75,0,0.7777777777777778,0.6666666666666666,0.6666666666666666,0.6666666666666666,0.75
1930,no_strict_e1_improvement,0,,,,,1,0,1,1,1,1,1,4,0,0,-1,current,0,0,0.0,0.0,12,9,9,9,9,0,0,1,1.0,1.0,1.0,1.0,1.0,1,1.0,1.0,1.0,1.0,1.0,1,1.0,1.0,1.0,1.0,1.0,1,1.0,1.0,1.0,1.0,1.0
1931,max_rounds,0,,,,,1,1,2,2,2,6,6,4,0,1,0,s1a3_greedy,1,0,0.1181044653058052,0.019207540899515152,10,0,0,9,9,9,0,0,0.0,0.5,1.0,0.75,0.75,0,0.0,0.5,1.0,0.75,0.75,1,1.0,1.0,1.0,1.0,1.0,1,1.0,1.0,1.0,1.0,1.0
1932,small_component,0,,,,,1,0,0,0,0,0,0,4,0,0,-1,current,0,0,0.36577223738034564,0.36577223738034564,6,1,1,1,1,0,0,0,0.1111111111111111,0.16666666666666666,0.5,0.3333333333333333,0.5833333333333334,0,0.1111111111111111,0.16666666666666666,0.5,0.3333333333333333,0.5833333333333334,0,0.1111111111111111,0.16666666666666666,0.5,0.3333333333333333,0.5833333333333334,0,0.1111111111111111,0.16666666666666666,0.5,0.3333333333333333,0.5833333333333334
1933,max_rounds,0,,,,,1,1,3,2,2,6,6,4,0,0,0,s1a3_greedy,1,0,0.10933930054306984,0.0571818655783621,7,7,7,9,9,2,0,0,0.7777777777777778,0.6666666666666666,0.6666666666666666,0.6666666666666666,0.75,0,0.7777777777777778,0.6666666666666666,0.6666666666666666,0.6666666666666666,0.75,1,1.0,1.0,1.0,1.0,1.0,1,1.0,1.0,1.0,1.0,1.0
1934,no_strict_e1_improvement,0,,,,,1,0,1,1,1,1,1,4,0,0,-1,current,0,0,0.04539767714838187,0.04539767714838187,8,3,3,3,3,0,0,0,0.3333333333333333,0.0,1.0,0.5,0.75,0,0.3333333333333333,0.0,1.0,0.5,0.75,0,0.3333333333333333,0.0,1.0,0.5,0.75,0,0.3333333333333333,0.0,1.0,0.5,0.75
1935,no_strict_e1_improvement,0,,,,,1,0,1,1,1,1,1,4,0,0,-1,current,0,0,0.11972408182919025,0.11972408182919025,8,0,0,0,0,0,0,0,0.0,0.5,0.5,0.5,0.5,0,0.0,0.5,0.5,0.5,0.5,0,0.0,0.5,0.5,0.5,0.5,0,0.0,0.5,0.5,0.5,0.5
1936,no_strict_e1_improvement,0,,,,,1,0,1,1,1,1,1,4,0,0,-1,current,0,0,0.04757125349715352,0.04757125349715352,10,9,9,9,9,0,0,1,1.0,1.0,1.0,1.0,1.0,1,1.0,1.0,1.0,1.0,1.0,1,1.0,1.0,1.0,1.0,1.0,1,1.0,1.0,1.0,1.0,1.0
1937,no_strict_e1_improvement,0,,,,,1,0,1,1,1,1,1,4,0,0,-1,current,0,0,0.007628033946578701,0.007628033946578701,10,9,9,9,9,0,0,1,1.0,1.0,1.0,1.0,1.0,1,1.0,1.0,1.0,1.0,1.0,1,1.0,1.0,1.0,1.0,1.0,1,1.0,1.0,1.0,1.0,1.0
1938,no_strict_e1_improvement,0,,,,,1,0,1,1,1,1,1,4,0,0,-1,current,0,0,0.023313441779464483,0.023313441779464483,10,9,9,9,9,0,0,1,1.0,1.0,1.0,1.0,1.0,1,1.0,1.0,1.0,1.0,1.0,1,1.0,1.0,1.0,1.0,1.0,1,1.0,1.0,1.0,1.0,1.0
1939,no_strict_e1_improvement,0,,,,,1,0,1,1,1,1,1,4,0,0,-1,current,0,0,0.0426119357192268,0.0426119357192268,9,6,6,6,6,0,0,0,0.6666666666666666,0.8333333333333334,0.5,0.6666666666666666,0.6666666666666666,0,0.6666666666666666,0.8333333333333334,0.5,0.6666666666666666,0.6666666666666666,0,0.6666666666666666,0.8333333333333334,0.5,0.6666666666666666,0.6666666666666666,0,0.6666666666666666,0.8333333333333334,0.5,0.6666666666666666,0.6666666666666666
1940,no_strict_e1_improvement,0,,,,,1,0,1,1,1,1,1,4,0,0,-1,current,0,0,0.0123173623966674,0.0123173623966674,10,0,0,0,0,0,0,0,0.0,0.5,1.0,0.75,0.75,0,0.0,0.5,1.0,0.75,0.75,0,0.0,0.5,1.0,0.75,0.75,0,0.0,0.5,1.0,0.75,0.75
1941,no_strict_e1_improvement,0,,,,,1,0,1,1,1,1,1,4,0,0,-1,current,0,0,0.02065020613372326,0.02065020613372326,10,9,9,9,9,0,0,1,1.0,1.0,1.0,1.0,1.0,1,1.0,1.0,1.0,1.0,1.0,1,1.0,1.0,1.0,1.0,1.0,1,1.0,1.0,1.0,1.0,1.0
1942,no_strict_e1_improvement,0,,,,,1,0,1,1,1,1,1,4,0,0,-1,current,0,0,0.0021384134888648987,0.0021384134888648987,12,9,9,9,9,0,0,1,1.0,1.0,1.0,1.0,1.0,1,1.0,1.0,1.0,1.0,1.0,1,1.0,1.0,1.0,1.0,1.0,1,1.0,1.0,1.0,1.0,1.0
1943,no_strict_e1_improvement,0,,,,,1,0,1,1,1,1,1,4,0,0,-1,current,0,0,0.11144743735591571,0.11144743735591571,6,0,0,0,0,0,0,0,0.0,0.6666666666666666,0.0,0.3333333333333333,0.3333333333333333,0,0.0,0.6666666666666666,0.0,0.3333333333333333,0.3333333333333333,0,0.0,0.6666666666666666,0.0,0.3333333333333333,0.3333333333333333,0,0.0,0.6666666666666666,0.0,0.3333333333333333,0.3333333333333333
1944,max_rounds,0,,,,,1,1,4,4,4,12,12,4,-1,0,1,profiled_beam,1,1,0.19712056685239077,0.16776285072167715,6,1,1,1,0,-1,-1,0,0.1111111111111111,0.3333333333333333,0.16666666666666666,0.25,0.5,0,0.1111111111111111,0.3333333333333333,0.16666666666666666,0.25,0.5,0,0.1111111111111111,0.3333333333333333,0.16666666666666666,0.25,0.5,0,0.0,0.5,0.5,0.5,0.5
1945,no_strict_e1_improvement,0,,,,,1,0,1,1,1,1,1,4,0,0,-1,current,0,0,0.007427871615315477,0.007427871615315477,10,9,9,9,9,0,0,1,1.0,1.0,1.0,1.0,1.0,1,1.0,1.0,1.0,1.0,1.0,1,1.0,1.0,1.0,1.0,1.0,1,1.0,1.0,1.0,1.0,1.0
1946,no_strict_e1_improvement,0,,,,,1,0,1,1,1,1,1,4,0,0,-1,current,0,0,0.02671112061943859,0.02671112061943859,10,0,0,0,0,0,0,0,0.0,0.5,0.5,0.5,0.5,0,0.0,0.5,0.5,0.5,0.5,0,0.0,0.5,0.5,0.5,0.5,0,0.0,0.5,0.5,0.5,0.5
1947,max_rounds,0,,,,,1,1,2,2,2,6,6,4,0,-1,0,s1a3_greedy,1,0,0.03880176041275263,0.012313774786889553,10,0,0,0,0,0,0,0,0.0,0.5,1.0,0.75,0.75,0,0.0,0.5,1.0,0.75,0.75,0,0.0,0.5,1.0,0.75,0.75,0,0.0,0.5,1.0,0.75,0.75
1948,small_component,0,,,,,1,0,0,0,0,0,0,4,0,0,-1,current,0,0,0.29715504745642346,0.29715504745642346,5,0,0,0,0,0,0,0,0.0,0.16666666666666666,0.0,0.08333333333333333,0.3333333333333333,0,0.0,0.16666666666666666,0.0,0.08333333333333333,0.3333333333333333,0,0.0,0.16666666666666666,0.0,0.08333333333333333,0.3333333333333333,0,0.0,0.16666666666666666,0.0,0.08333333333333333,0.3333333333333333
1949,no_strict_e1_improvement,0,,,,,1,0,1,1,1,1,1,4,0,0,-1,current,0,0,0.030325813839832943,0.030325813839832943,10,9,9,9,9,0,0,1,1.0,1.0,1.0,1.0,1.0,1,1.0,1.0,1.0,1.0,1.0,1,1.0,1.0,1.0,1.0,1.0,1,1.0,1.0,1.0,1.0,1.0
1950,max_rounds,0,,,,,1,1,3,2,2,5,5,4,0,1,0,s1a3_greedy,1,0,0.06873080151854083,0.021290655112049233,10,0,0,0,0,0,0,0,0.0,0.0,0.5,0.25,0.25,0,0.0,0.0,0.5,0.25,0.25,0,0.0,0.5,0.5,0.5,0.5,0,0.0,0.5,0.5,0.5,0.5
1951,small_component,0,,,,,1,0,0,0,0,0,0,4,0,0,-1,current,0,0,0.3575790114700794,0.3575790114700794,5,0,0,0,0,0,0,0,0.0,0.0,0.16666666666666666,0.08333333333333333,0.3333333333333333,0,0.0,0.0,0.16666666666666666,0.08333333333333333,0.3333333333333333,0,0.0,0.0,0.16666666666666666,0.08333333333333333,0.3333333333333333,0,0.0,0.0,0.16666666666666666,0.08333333333333333,0.3333333333333333
1952,no_strict_e1_improvement,0,,,,,1,0,1,1,1,1,1,4,0,0,-1,current,0,0,0.06718941405415535,0.06718941405415535,11,0,0,0,0,0,0,0,0.0,1.0,0.5,0.75,0.75,0,0.0,1.0,0.5,0.75,0.75,0,0.0,1.0,0.5,0.75,0.75,0,0.0,1.0,0.5,0.75,0.75
1953,no_strict_e1_improvement,0,,,,,1,0,1,1,1,1,1,4,0,0,-1,current,0,0,0.005716446787118912,0.005716446787118912,11,0,0,0,0,0,0,0,0.0,1.0,0.5,0.75,0.75,0,0.0,1.0,0.5,0.75,0.75,0,0.0,1.0,0.5,0.75,0.75,0,0.0,1.0,0.5,0.75,0.75
1954,no_strict_e1_improvement,0,,,,,1,0,1,1,1,1,1,4,0,0,-1,current,0,0,0.02320898634692033,0.02320898634692033,10,9,9,9,9,0,0,1,1.0,1.0,1.0,1.0,1.0,1,1.0,1.0,1.0,1.0,1.0,1,1.0,1.0,1.0,1.0,1.0,1,1.0,1.0,1.0,1.0,1.0
1955,max_rounds,0,,,,,1,1,5,4,4,16,16,4,0,0,0,s1a3_greedy,1,0,0.2308817096054554,0.17629597149789333,6,2,2,2,2,0,0,0,0.2222222222222222,0.3333333333333333,0.16666666666666666,0.25,0.4166666666666667,0,0.2222222222222222,0.3333333333333333,0.16666666666666666,0.25,0.4166666666666667,0,0.2222222222222222,0.3333333333333333,0.16666666666666666,0.25,0.3333333333333333,0,0.2222222222222222,0.3333333333333333,0.16666666666666666,0.25,0.3333333333333333
1956,no_strict_e1_improvement,0,,,,,1,0,1,1,1,1,1,4,0,0,-1,current,0,0,0.03454724575082461,0.03454724575082461,11,0,0,0,0,0,0,0,0.0,0.5,0.5,0.5,0.5,0,0.0,0.5,0.5,0.5,0.5,0,0.0,0.5,0.5,0.5,0.5,0,0.0,0.5,0.5,0.5,0.5
1957,no_strict_e1_improvement,0,,,,,1,0,1,1,1,2,2,4,0,0,-1,current,0,0,0.09029197638543944,0.09029197638543944,9,7,7,7,7,0,0,0,0.7777777777777778,0.6666666666666666,0.6666666666666666,0.6666666666666666,0.75,0,0.7777777777777778,0.6666666666666666,0.6666666666666666,0.6666666666666666,0.75,0,0.7777777777777778,0.6666666666666666,0.6666666666666666,0.6666666666666666,0.75,0,0.7777777777777778,0.6666666666666666,0.6666666666666666,0.6666666666666666,0.75
1958,no_strict_e1_improvement,0,,,,,1,0,1,1,1,1,1,4,0,0,-1,current,0,0,0.09897352739547689,0.09897352739547689,9,0,0,0,0,0,0,0,0.0,0.5,0.5,0.5,0.5,0,0.0,0.5,0.5,0.5,0.5,0,0.0,0.5,0.5,0.5,0.5,0,0.0,0.5,0.5,0.5,0.5
1959,no_strict_e1_improvement,0,,,,,1,0,1,1,1,1,1,4,0,0,-1,current,0,0,0.0021307417191565037,0.0021307417191565037,11,0,0,0,0,0,0,0,0.0,0.5,1.0,0.75,0.75,0,0.0,0.5,1.0,0.75,0.75,0,0.0,0.5,1.0,0.75,0.75,0,0.0,0.5,1.0,0.75,0.75
1960,max_rounds,0,,,,,1,1,3,2,2,5,5,4,0,0,1,profiled_beam,1,1,0.054758583195507526,0.027993860344092052,10,6,6,6,9,3,3,0,0.6666666666666666,0.8333333333333334,0.5,0.6666666666666666,0.6666666666666666,0,0.6666666666666666,0.8333333333333334,0.5,0.6666666666666666,0.6666666666666666,0,0.6666666666666666,0.8333333333333334,0.5,0.6666666666666666,0.6666666666666666,1,1.0,1.0,1.0,1.0,1.0
1961,max_rounds,0,,,,,1,1,2,2,2,6,6,4,0,1,0,s1a3_greedy,1,0,0.09326510379711787,0.05686532954374949,10,0,0,9,9,9,0,0,0.0,0.5,1.0,0.75,0.75,0,0.0,0.5,1.0,0.75,0.75,1,1.0,1.0,1.0,1.0,1.0,1,1.0,1.0,1.0,1.0,1.0
1962,max_rounds,0,,,,,1,1,3,2,2,6,6,4,0,0,0,s1a3_greedy,1,0,0.17902563015619913,0.06504908452431361,8,0,0,0,0,0,0,0,0.0,0.6666666666666666,0.16666666666666666,0.4166666666666667,0.5,0,0.0,0.6666666666666666,0.16666666666666666,0.4166666666666667,0.5,0,0.0,1.0,0.5,0.75,0.75,0,0.0,1.0,0.5,0.75,0.75
1963,no_strict_e1_improvement,0,,,,,1,0,1,1,1,1,1,4,0,0,-1,current,0,0,0.012745656073093414,0.012745656073093414,11,9,9,9,9,0,0,1,1.0,1.0,1.0,1.0,1.0,1,1.0,1.0,1.0,1.0,1.0,1,1.0,1.0,1.0,1.0,1.0,1,1.0,1.0,1.0,1.0,1.0
1964,no_strict_e1_improvement,0,,,,,1,0,1,1,1,1,1,4,0,0,-1,current,0,0,0.0016874582506716251,0.0016874582506716251,10,9,9,9,9,0,0,1,1.0,1.0,1.0,1.0,1.0,1,1.0,1.0,1.0,1.0,1.0,1,1.0,1.0,1.0,1.0,1.0,1,1.0,1.0,1.0,1.0,1.0
1965,no_strict_e1_improvement,0,,,,,1,0,1,1,1,1,1,4,0,0,-1,current,0,0,0.0072544726232687635,0.0072544726232687635,11,0,0,0,0,0,0,0,0.0,0.5,1.0,0.75,0.75,0,0.0,0.5,1.0,0.75,0.75,0,0.0,0.5,1.0,0.75,0.75,0,0.0,0.5,1.0,0.75,0.75
1966,no_strict_e1_improvement,0,,,,,1,0,1,1,1,1,1,4,0,0,-1,current,0,0,0.060335264851649605,0.060335264851649605,10,9,9,9,9,0,0,1,1.0,1.0,1.0,1.0,1.0,1,1.0,1.0,1.0,1.0,1.0,1,1.0,1.0,1.0,1.0,1.0,1,1.0,1.0,1.0,1.0,1.0
1967,max_rounds,0,,,,,1,1,3,2,2,7,7,4,0,0,1,profiled_beam,1,1,0.17563357825080553,0.16311595713098845,7,0,0,0,0,0,0,0,0.0,0.16666666666666666,0.5,0.3333333333333333,0.3333333333333333,0,0.0,0.16666666666666666,0.5,0.3333333333333333,0.3333333333333333,0,0.0,0.16666666666666666,0.5,0.3333333333333333,0.3333333333333333,0,0.0,0.16666666666666666,0.5,0.3333333333333333,0.4166666666666667
1968,no_strict_e1_improvement,0,,,,,1,0,1,1,1,1,1,4,0,0,-1,current,0,0,0.0826181173324585,0.0826181173324585,9,9,9,9,9,0,0,1,1.0,1.0,1.0,1.0,1.0,1,1.0,1.0,1.0,1.0,1.0,1,1.0,1.0,1.0,1.0,1.0,1,1.0,1.0,1.0,1.0,1.0
1969,no_strict_e1_improvement,0,,,,,1,0,1,1,1,1,1,4,0,0,-1,current,0,0,0.008090471227963766,0.008090471227963766,11,0,0,0,0,0,0,0,0.0,1.0,0.5,0.75,0.75,0,0.0,1.0,0.5,0.75,0.75,0,0.0,1.0,0.5,0.75,0.75,0,0.0,1.0,0.5,0.75,0.75
1970,max_rounds,0,,,,,1,1,4,4,4,13,13,4,0,-1,0,s1a3_greedy,1,0,0.19663535803556442,0.0918103472601312,9,0,0,9,9,9,0,0,0.0,0.5,1.0,0.75,0.75,0,0.0,0.5,1.0,0.75,0.75,1,1.0,1.0,1.0,1.0,1.0,1,1.0,1.0,1.0,1.0,1.0
1971,no_strict_e1_improvement,0,,,,,1,0,1,1,1,1,1,4,0,0,-1,current,0,0,0.00677764726181825,0.00677764726181825,11,9,9,9,9,0,0,1,1.0,1.0,1.0,1.0,1.0,1,1.0,1.0,1.0,1.0,1.0,1,1.0,1.0,1.0,1.0,1.0,1,1.0,1.0,1.0,1.0,1.0
1972,small_component,0,,,,,1,0,0,0,0,0,0,4,0,0,-1,current,0,0,0.21986853331327438,0.21986853331327438,6,3,3,3,3,0,0,0,0.3333333333333333,0.6666666666666666,0.0,0.3333333333333333,0.3333333333333333,0,0.3333333333333333,0.6666666666666666,0.0,0.3333333333333333,0.3333333333333333,0,0.3333333333333333,0.6666666666666666,0.0,0.3333333333333333,0.3333333333333333,0,0.3333333333333333,0.6666666666666666,0.0,0.3333333333333333,0.3333333333333333
1973,max_rounds,0,,,,,1,1,5,4,4,15,15,4,0,0,1,profiled_beam,1,1,0.1526617662360271,0.1334423447648684,6,2,2,2,3,1,1,0,0.2222222222222222,0.16666666666666666,0.6666666666666666,0.4166666666666667,0.5833333333333334,0,0.2222222222222222,0.16666666666666666,0.6666666666666666,0.4166666666666667,0.5833333333333334,0,0.2222222222222222,0.16666666666666666,0.6666666666666666,0.4166666666666667,0.5833333333333334,0,0.3333333333333333,0.0,1.0,0.5,0.75
1974,max_rounds,0,,,,,1,1,2,2,2,5,5,4,0,-1,0,s1a3_greedy,1,0,0.09210820123553276,0.08139393106102943,9,0,0,0,0,0,0,0,0.0,0.5,1.0,0.75,0.75,0,0.0,0.5,1.0,0.75,0.75,0,0.0,0.5,1.0,0.75,0.75,0,0.0,0.5,1.0,0.75,0.75
1975,max_rounds,0,,,,,1,1,2,2,2,4,4,4,-1,0,0,s1a3_greedy,1,0,0.22466380770007768,0.10680118824044864,8,0,0,7,7,7,0,0,0.0,1.0,0.5,0.75,0.75,0,0.0,1.0,0.5,0.75,0.75,0,0.7777777777777778,0.6666666666666666,0.6666666666666666,0.6666666666666666,0.8333333333333334,0,0.7777777777777778,0.6666666666666666,0.6666666666666666,0.6666666666666666,0.8333333333333334
1976,partial_completed__no_strict_e1_improvement,1,,3,2,3,1,0,1,1,1,1,1,4,0,0,-1,current,1,0,0.11867995478678495,0.11867995478678495,7,0,0,0,0,0,0,0,0.0,0.3333333333333333,0.16666666666666666,0.25,0.25,0,0.0,0.5,0.3333333333333333,0.4166666666666667,0.5833333333333334,0,0.0,0.5,0.3333333333333333,0.4166666666666667,0.5833333333333334,0,0.0,0.5,0.3333333333333333,0.4166666666666667,0.5833333333333334
1977,small_component,0,,,,,1,0,0,0,0,0,0,4,0,0,-1,current,0,0,0.1983407118047277,0.1983407118047277,6,0,0,0,0,0,0,0,0.0,0.16666666666666666,0.5,0.3333333333333333,0.5833333333333334,0,0.0,0.16666666666666666,0.5,0.3333333333333333,0.5833333333333334,0,0.0,0.16666666666666666,0.5,0.3333333333333333,0.5833333333333334,0,0.0,0.16666666666666666,0.5,0.3333333333333333,0.5833333333333334
1978,no_strict_e1_improvement,0,,,,,1,0,1,1,1,1,1,4,0,0,-1,current,0,0,0.0034051292265454927,0.0034051292265454927,12,9,9,9,9,0,0,1,1.0,1.0,1.0,1.0,1.0,1,1.0,1.0,1.0,1.0,1.0,1,1.0,1.0,1.0,1.0,1.0,1,1.0,1.0,1.0,1.0,1.0
1979,small_component,0,,,,,1,0,0,0,0,0,0,4,0,0,-1,current,0,0,0.2621350078843534,0.2621350078843534,7,3,3,3,3,0,0,0,0.3333333333333333,0.16666666666666666,0.5,0.3333333333333333,0.5833333333333334,0,0.3333333333333333,0.16666666666666666,0.5,0.3333333333333333,0.5833333333333334,0,0.3333333333333333,0.16666666666666666,0.5,0.3333333333333333,0.5833333333333334,0,0.3333333333333333,0.16666666666666666,0.5,0.3333333333333333,0.5833333333333334
1980,small_component,0,,,,,1,0,0,0,0,0,0,4,0,0,-1,current,0,0,0.29004594148136675,0.29004594148136675,6,0,0,0,0,0,0,0,0.0,0.3333333333333333,0.16666666666666666,0.25,0.4166666666666667,0,0.0,0.3333333333333333,0.16666666666666666,0.25,0.4166666666666667,0,0.0,0.3333333333333333,0.16666666666666666,0.25,0.4166666666666667,0,0.0,0.3333333333333333,0.16666666666666666,0.25,0.4166666666666667
1981,small_component,0,,,,,1,0,0,0,0,0,0,4,0,0,-1,current,0,0,0.31086358334869146,0.31086358334869146,6,2,2,2,2,0,0,0,0.2222222222222222,0.5,0.0,0.25,0.5833333333333334,0,0.2222222222222222,0.5,0.0,0.25,0.5833333333333334,0,0.2222222222222222,0.5,0.0,0.25,0.5833333333333334,0,0.2222222222222222,0.5,0.0,0.25,0.5833333333333334
1982,no_strict_e1_improvement,0,,,,,1,0,1,1,1,1,1,4,0,0,-1,current,0,0,0.0355330283443133,0.0355330283443133,10,0,0,0,0,0,0,0,0.0,0.5,1.0,0.75,0.75,0,0.0,0.5,1.0,0.75,0.75,0,0.0,0.5,1.0,0.75,0.75,0,0.0,0.5,1.0,0.75,0.75
1983,max_rounds,0,,,,,1,1,2,2,2,7,7,4,-1,0,1,profiled_beam,1,1,0.05949457718331056,0.051753769628703594,7,0,0,0,0,0,0,0,0.0,0.3333333333333333,0.5,0.4166666666666667,0.5,0,0.0,0.3333333333333333,0.5,0.4166666666666667,0.5,0,0.0,0.3333333333333333,0.16666666666666666,0.25,0.3333333333333333,0,0.0,0.3333333333333333,0.16666666666666666,0.25,0.3333333333333333
1984,max_rounds,0,,,,,1,1,3,2,2,5,5,4,0,-1,1,profiled_beam,1,1,0.15203079705437025,0.014463066666697463,8,0,0,7,9,9,2,0,0.0,0.5,0.8333333333333334,0.6666666666666666,0.6666666666666666,0,0.0,0.5,0.8333333333333334,0.6666666666666666,0.6666666666666666,0,0.7777777777777778,0.6666666666666666,0.6666666666666666,0.6666666666666666,0.75,1,1.0,1.0,1.0,1.0,1.0
1985,no_strict_e1_improvement,0,,,,,1,0,1,1,1,1,1,4,0,0,-1,current,0,0,0.005945481359958649,0.005945481359958649,11,9,9,9,9,0,0,1,1.0,1.0,1.0,1.0,1.0,1,1.0,1.0,1.0,1.0,1.0,1,1.0,1.0,1.0,1.0,1.0,1,1.0,1.0,1.0,1.0,1.0
1986,no_strict_e1_improvement,0,,,,,1,0,1,1,1,1,1,4,0,0,-1,current,0,0,0.007943660020828247,0.007943660020828247,11,0,0,0,0,0,0,0,0.0,0.5,1.0,0.75,0.75,0,0.0,0.5,1.0,0.75,0.75,0,0.0,0.5,1.0,0.75,0.75,0,0.0,0.5,1.0,0.75,0.75
1987,no_strict_e1_improvement,0,,,,,1,0,1,1,1,1,1,4,0,0,-1,current,0,0,0.0927218875537316,0.0927218875537316,8,0,0,0,0,0,0,0,0.0,0.5,1.0,0.75,0.75,0,0.0,0.5,1.0,0.75,0.75,0,0.0,0.5,1.0,0.75,0.75,0,0.0,0.5,1.0,0.75,0.75
1988,max_rounds,0,,,,,1,1,3,2,2,6,6,4,0,0,0,s1a3_greedy,1,0,0.17381736806904277,0.030707597654933732,9,0,0,1,1,1,0,0,0.0,0.5,0.5,0.5,0.5,0,0.0,0.5,0.5,0.5,0.5,0,0.1111111111111111,0.3333333333333333,0.6666666666666666,0.5,0.5833333333333334,0,0.1111111111111111,0.3333333333333333,0.6666666666666666,0.5,0.5833333333333334
1989,max_rounds,0,,,,,1,1,5,4,4,15,15,4,1,1,1,profiled_beam,1,1,0.224148482705156,0.1432452411390841,3,0,0,1,1,1,0,0,0.0,0.16666666666666666,0.5,0.3333333333333333,0.4166666666666667,0,0.0,0.16666666666666666,0.5,0.3333333333333333,0.4166666666666667,0,0.1111111111111111,0.3333333333333333,0.3333333333333333,0.3333333333333333,0.4166666666666667,0,0.1111111111111111,0.3333333333333333,0.3333333333333333,0.3333333333333333,0.4166666666666667
1990,no_strict_e1_improvement,0,,,,,1,0,1,1,1,1,1,4,0,0,-1,current,0,0,0.09817941673099995,0.09817941673099995,8,0,0,0,0,0,0,0,0.0,0.0,0.6666666666666666,0.3333333333333333,0.3333333333333333,0,0.0,0.0,0.6666666666666666,0.3333333333333333,0.3333333333333333,0,0.0,0.0,0.6666666666666666,0.3333333333333333,0.3333333333333333,0,0.0,0.0,0.6666666666666666,0.3333333333333333,0.3333333333333333
1991,no_strict_e1_improvement,0,,,,,1,0,1,1,1,1,1,4,0,0,-1,current,0,0,0.01658069808036089,0.01658069808036089,10,9,9,9,9,0,0,1,1.0,1.0,1.0,1.0,1.0,1,1.0,1.0,1.0,1.0,1.0,1,1.0,1.0,1.0,1.0,1.0,1,1.0,1.0,1.0,1.0,1.0
1992,small_component,0,,,,,1,0,0,0,0,0,0,4,0,0,-1,current,0,0,0.18346692559619746,0.18346692559619746,7,0,0,0,0,0,0,0,0.0,0.16666666666666666,0.6666666666666666,0.4166666666666667,0.5,0,0.0,0.16666666666666666,0.6666666666666666,0.4166666666666667,0.5,0,0.0,0.16666666666666666,0.6666666666666666,0.4166666666666667,0.5,0,0.0,0.16666666666666666,0.6666666666666666,0.4166666666666667,0.5
1993,no_strict_e1_improvement,0,,,,,1,0,1,1,1,1,1,4,0,0,-1,current,0,0,0.171680748462677,0.171680748462677,9,0,0,0,0,0,0,0,0.0,0.16666666666666666,0.3333333333333333,0.25,0.3333333333333333,0,0.0,0.16666666666666666,0.3333333333333333,0.25,0.3333333333333333,0,0.0,0.16666666666666666,0.3333333333333333,0.25,0.3333333333333333,0,0.0,0.16666666666666666,0.3333333333333333,0.25,0.3333333333333333
1994,no_strict_e1_improvement,0,,,,,1,0,1,1,1,1,1,4,0,0,-1,current,0,0,0.06166296832573911,0.06166296832573911,7,0,0,0,0,0,0,0,0.0,1.0,0.5,0.75,0.75,0,0.0,1.0,0.5,0.75,0.75,0,0.0,1.0,0.5,0.75,0.75,0,0.0,1.0,0.5,0.75,0.75
1995,no_strict_e1_improvement,0,,,,,1,0,1,1,1,1,1,4,0,0,-1,current,0,0,0.040737327886745334,0.040737327886745334,9,0,0,0,0,0,0,0,0.0,0.5,1.0,0.75,0.75,0,0.0,0.5,1.0,0.75,0.75,0,0.0,0.5,1.0,0.75,0.75,0,0.0,0.5,1.0,0.75,0.75
1996,no_strict_e1_improvement,0,,,,,1,0,1,1,1,1,1,4,0,0,-1,current,0,0,0.048689632676541805,0.048689632676541805,7,9,9,9,9,0,0,1,1.0,1.0,1.0,1.0,1.0,1,1.0,1.0,1.0,1.0,1.0,1,1.0,1.0,1.0,1.0,1.0,1,1.0,1.0,1.0,1.0,1.0
1997,no_strict_e1_improvement,0,,,,,1,0,1,1,1,1,1,4,0,0,-1,current,0,0,0.034287970998169236,0.034287970998169236,9,9,9,9,9,0,0,1,1.0,1.0,1.0,1.0,1.0,1,1.0,1.0,1.0,1.0,1.0,1,1.0,1.0,1.0,1.0,1.0,1,1.0,1.0,1.0,1.0,1.0
1998,partial_completed__small_component,1,,3,2,4,1,0,0,0,0,0,0,4,0,0,-1,current,1,0,0.27389106061309576,0.27389106061309576,6,3,1,1,1,-2,0,0,0.3333333333333333,0.0,0.3333333333333333,0.16666666666666666,0.25,0,0.1111111111111111,0.0,0.6666666666666666,0.3333333333333333,0.6666666666666666,0,0.1111111111111111,0.0,0.6666666666666666,0.3333333333333333,0.6666666666666666,0,0.1111111111111111,0.0,0.6666666666666666,0.3333333333333333,0.6666666666666666
1999,no_strict_e1_improvement,0,,,,,1,0,1,1,1,1,1,4,0,0,-1,current,0,0,0.028074434958398342,0.028074434958398342,9,0,0,0,0,0,0,0,0.0,1.0,0.5,0.75,0.75,0,0.0,1.0,0.5,0.75,0.75,0,0.0,1.0,0.5,0.75,0.75,0,0.0,1.0,0.5,0.75,0.75
2000,max_rounds,0,,,,,1,1,3,2,2,7,7,4,0,0,1,profiled_beam,1,1,0.17960777909805378,0.17441289002696672,7,0,0,0,0,0,0,0,0.0,0.16666666666666666,0.16666666666666666,0.16666666666666666,0.3333333333333333,0,0.0,0.16666666666666666,0.16666666666666666,0.16666666666666666,0.3333333333333333,0,0.0,0.16666666666666666,0.16666666666666666,0.16666666666666666,0.3333333333333333,0,0.0,0.5,0.3333333333333333,0.4166666666666667,0.5
2001,no_strict_e1_improvement,0,,,,,1,0,2,2,2,7,7,4,0,0,-1,current,0,0,0.10161276906728745,0.10161276906728745,9,9,9,9,9,0,0,1,1.0,1.0,1.0,1.0,1.0,1,1.0,1.0,1.0,1.0,1.0,1,1.0,1.0,1.0,1.0,1.0,1,1.0,1.0,1.0,1.0,1.0
2002,no_strict_e1_improvement,0,,,,,1,0,1,1,1,1,1,4,0,0,-1,current,0,0,0.14427091817439455,0.14427091817439455,6,0,0,0,0,0,0,0,0.0,0.5,0.8333333333333334,0.6666666666666666,0.6666666666666666,0,0.0,0.5,0.8333333333333334,0.6666666666666666,0.6666666666666666,0,0.0,0.5,0.8333333333333334,0.6666666666666666,0.6666666666666666,0,0.0,0.5,0.8333333333333334,0.6666666666666666,0.6666666666666666
2003,no_strict_e1_improvement,0,,,,,1,0,1,1,1,1,1,4,0,0,-1,current,0,0,0.03098812827374786,0.03098812827374786,9,9,9,9,9,0,0,1,1.0,1.0,1.0,1.0,1.0,1,1.0,1.0,1.0,1.0,1.0,1,1.0,1.0,1.0,1.0,1.0,1,1.0,1.0,1.0,1.0,1.0
2004,max_rounds,0,,,,,1,1,5,4,4,11,11,4,1,1,0,s1a3_greedy,1,0,0.20595198248823485,0.04515349057813486,10,0,0,9,9,9,0,0,0.0,0.5,0.6666666666666666,0.5833333333333334,0.5833333333333334,0,0.0,0.5,0.6666666666666666,0.5833333333333334,0.5833333333333334,1,1.0,1.0,1.0,1.0,1.0,1,1.0,1.0,1.0,1.0,1.0
2005,no_strict_e1_improvement,0,,,,,1,0,1,1,1,1,1,4,0,0,-1,current,0,0,0.060285718801120915,0.060285718801120915,10,9,9,9,9,0,0,1,1.0,1.0,1.0,1.0,1.0,1,1.0,1.0,1.0,1.0,1.0,1,1.0,1.0,1.0,1.0,1.0,1,1.0,1.0,1.0,1.0,1.0
2006,partial_completed__max_rounds,1,,3,2,3,1,1,3,2,2,7,7,4,0,0,1,profiled_beam,1,1,0.17244593116144338,0.11183131082604329,6,0,0,0,0,0,0,0,0.0,0.3333333333333333,0.3333333333333333,0.3333333333333333,0.3333333333333333,0,0.0,0.3333333333333333,0.3333333333333333,0.3333333333333333,0.3333333333333333,0,0.0,0.3333333333333333,0.3333333333333333,0.3333333333333333,0.4166666666666667,0,0.0,0.5,0.3333333333333333,0.4166666666666667,0.5
2007,max_rounds,0,,,,,1,1,3,2,2,6,6,4,0,1,0,s1a3_greedy,1,0,0.09635240708788236,0.046348060170809426,10,0,0,0,0,0,0,0,0.0,0.5,0.6666666666666666,0.5833333333333334,0.5833333333333334,0,0.0,0.5,0.6666666666666666,0.5833333333333334,0.5833333333333334,0,0.0,1.0,0.5,0.75,0.75,0,0.0,1.0,0.5,0.75,0.75
2008,max_rounds,0,,,,,1,1,3,2,2,6,6,4,0,1,0,s1a3_greedy,1,0,0.17313192645087838,0.061724582531799875,6,0,0,0,0,0,0,0,0.0,0.5,0.6666666666666666,0.5833333333333334,0.5833333333333334,0,0.0,0.5,0.6666666666666666,0.5833333333333334,0.5833333333333334,0,0.0,1.0,0.5,0.75,0.75,0,0.0,1.0,0.5,0.75,0.75
2009,no_strict_e1_improvement,0,,,,,1,0,1,1,1,1,1,4,0,0,-1,current,0,0,0.016644169266025226,0.016644169266025226,10,9,9,9,9,0,0,1,1.0,1.0,1.0,1.0,1.0,1,1.0,1.0,1.0,1.0,1.0,1,1.0,1.0,1.0,1.0,1.0,1,1.0,1.0,1.0,1.0,1.0
2010,small_component,0,,,,,1,0,0,0,0,0,0,4,0,0,-1,current,0,0,0.2211266296605269,0.2211266296605269,6,1,1,1,1,0,0,0,0.1111111111111111,0.3333333333333333,0.16666666666666666,0.25,0.4166666666666667,0,0.1111111111111111,0.3333333333333333,0.16666666666666666,0.25,0.4166666666666667,0,0.1111111111111111,0.3333333333333333,0.16666666666666666,0.25,0.4166666666666667,0,0.1111111111111111,0.3333333333333333,0.16666666666666666,0.25,0.4166666666666667
2011,partial_completed__no_strict_e1_improvement,1,,3,2,2,1,0,1,1,1,1,1,4,0,0,-1,current,1,0,0.034223110104600586,0.034223110104600586,8,0,3,3,3,3,0,0,0.0,0.0,0.6666666666666666,0.3333333333333333,0.5833333333333334,0,0.3333333333333333,0.0,1.0,0.5,1.0,0,0.3333333333333333,0.0,1.0,0.5,1.0,0,0.3333333333333333,0.0,1.0,0.5,1.0
2012,no_strict_e1_improvement,0,,,,,1,0,1,1,1,1,1,4,0,0,-1,current,0,0,0.005083425436168909,0.005083425436168909,10,9,9,9,9,0,0,1,1.0,1.0,1.0,1.0,1.0,1,1.0,1.0,1.0,1.0,1.0,1,1.0,1.0,1.0,1.0,1.0,1,1.0,1.0,1.0,1.0,1.0
2013,no_strict_e1_improvement,0,,,,,1,0,1,1,1,1,1,4,0,0,-1,current,0,0,0.19080361785988012,0.19080361785988012,6,0,0,0,0,0,0,0,0.0,0.5,0.6666666666666666,0.5833333333333334,0.6666666666666666,0,0.0,0.5,0.6666666666666666,0.5833333333333334,0.6666666666666666,0,0.0,0.5,0.6666666666666666,0.5833333333333334,0.6666666666666666,0,0.0,0.5,0.6666666666666666,0.5833333333333334,0.6666666666666666
2014,no_strict_e1_improvement,0,,,,,1,0,1,1,1,1,1,4,0,0,-1,current,0,0,0.012659056267390648,0.012659056267390648,10,9,9,9,9,0,0,1,1.0,1.0,1.0,1.0,1.0,1,1.0,1.0,1.0,1.0,1.0,1,1.0,1.0,1.0,1.0,1.0,1,1.0,1.0,1.0,1.0,1.0
2015,max_rounds,0,,,,,1,1,3,2,2,6,6,4,0,1,1,profiled_beam,1,1,0.0874151981746157,0.053640685665110745,7,0,0,0,0,0,0,0,0.0,0.0,0.6666666666666666,0.3333333333333333,0.3333333333333333,0,0.0,0.0,0.6666666666666666,0.3333333333333333,0.3333333333333333,0,0.0,0.0,0.6666666666666666,0.3333333333333333,0.3333333333333333,0,0.0,0.5,0.6666666666666666,0.5833333333333334,0.5833333333333334
2016,max_rounds,0,,,,,1,1,3,2,2,6,6,4,-1,0,1,profiled_beam,1,1,0.14184271171689034,0.07801054883748293,9,0,0,0,0,0,0,0,0.0,0.5,0.5,0.5,0.5,0,0.0,0.5,0.5,0.5,0.5,0,0.0,0.5,0.5,0.5,0.5,0,0.0,0.5,0.5,0.5,0.5
2017,max_rounds,0,,,,,1,1,3,2,2,6,6,4,1,0,0,s1a3_greedy,1,0,0.12895660490418473,0.017336138524115086,6,0,0,9,9,9,0,0,0.0,1.0,0.5,0.75,0.75,0,0.0,1.0,0.5,0.75,0.75,1,1.0,1.0,1.0,1.0,1.0,1,1.0,1.0,1.0,1.0,1.0
2018,no_strict_e1_improvement,0,,,,,1,0,1,1,1,2,2,4,0,0,-1,current,0,0,0.07777224310363333,0.07777224310363333,7,3,3,3,3,0,0,0,0.3333333333333333,0.6666666666666666,0.0,0.3333333333333333,0.3333333333333333,0,0.3333333333333333,0.6666666666666666,0.0,0.3333333333333333,0.3333333333333333,0,0.3333333333333333,0.6666666666666666,0.0,0.3333333333333333,0.3333333333333333,0,0.3333333333333333,0.6666666666666666,0.0,0.3333333333333333,0.3333333333333333
2019,small_component,0,,,,,1,0,0,0,0,0,0,4,0,0,-1,current,0,0,0.18548110003272691,0.18548110003272691,8,0,0,0,0,0,0,0,0.0,1.0,0.5,0.75,0.75,0,0.0,1.0,0.5,0.75,0.75,0,0.0,1.0,0.5,0.75,0.75,0,0.0,1.0,0.5,0.75,0.75
2020,no_strict_e1_improvement,0,,,,,1,0,1,1,1,1,1,4,0,0,-1,current,0,0,0.033842804841697216,0.033842804841697216,9,0,0,0,0,0,0,0,0.0,0.5,1.0,0.75,0.75,0,0.0,0.5,1.0,0.75,0.75,0,0.0,0.5,1.0,0.75,0.75,0,0.0,0.5,1.0,0.75,0.75
2021,max_rounds,0,,,,,1,1,5,4,4,16,16,4,0,-1,1,profiled_beam,1,1,0.1599135510623455,0.1254566852003336,5,0,0,0,0,0,0,0,0.0,0.5,0.16666666666666666,0.3333333333333333,0.4166666666666667,0,0.0,0.5,0.16666666666666666,0.3333333333333333,0.4166666666666667,0,0.0,0.5,0.16666666666666666,0.3333333333333333,0.4166666666666667,0,0.0,0.5,0.16666666666666666,0.3333333333333333,0.4166666666666667
2022,no_strict_e1_improvement,0,,,,,1,0,1,1,1,1,1,4,0,0,-1,current,0,0,0.06951180969675382,0.06951180969675382,9,0,0,0,0,0,0,0,0.0,0.6666666666666666,0.5,0.5833333333333334,0.6666666666666666,0,0.0,0.6666666666666666,0.5,0.5833333333333334,0.6666666666666666,0,0.0,0.6666666666666666,0.5,0.5833333333333334,0.6666666666666666,0,0.0,0.6666666666666666,0.5,0.5833333333333334,0.6666666666666666
2023,no_strict_e1_improvement,0,,,,,1,0,1,1,1,1,1,4,0,0,-1,current,0,0,0.0,0.0,12,9,9,9,9,0,0,1,1.0,1.0,1.0,1.0,1.0,1,1.0,1.0,1.0,1.0,1.0,1,1.0,1.0,1.0,1.0,1.0,1,1.0,1.0,1.0,1.0,1.0
2024,no_strict_e1_improvement,0,,,,,1,0,1,1,1,1,1,4,0,0,-1,current,0,0,0.043610102497041225,0.043610102497041225,8,9,9,9,9,0,0,1,1.0,1.0,1.0,1.0,1.0,1,1.0,1.0,1.0,1.0,1.0,1,1.0,1.0,1.0,1.0,1.0,1,1.0,1.0,1.0,1.0,1.0
2025,no_strict_e1_improvement,0,,,,,1,0,1,1,1,1,1,4,0,0,-1,current,0,0,0.08618027266735832,0.08618027266735832,7,0,0,0,0,0,0,0,0.0,0.5,0.16666666666666666,0.3333333333333333,0.3333333333333333,0,0.0,0.5,0.16666666666666666,0.3333333333333333,0.3333333333333333,0,0.0,0.5,0.16666666666666666,0.3333333333333333,0.3333333333333333,0,0.0,0.5,0.16666666666666666,0.3333333333333333,0.3333333333333333
2026,max_rounds,0,,,,,1,1,5,4,4,14,14,4,-1,1,0,s1a3_greedy,1,0,0.28552896653612453,0.05202302088340124,7,0,0,9,9,9,0,0,0.0,0.5,0.5,0.5,0.5,0,0.0,0.5,0.5,0.5,0.5,1,1.0,1.0,1.0,1.0,1.0,1,1.0,1.0,1.0,1.0,1.0
2027,no_strict_e1_improvement,0,,,,,1,0,1,1,1,1,1,4,0,0,-1,current,0,0,0.17591409757733345,0.17591409757733345,7,0,0,0,0,0,0,0,0.0,0.8333333333333334,0.5,0.6666666666666666,0.6666666666666666,0,0.0,0.8333333333333334,0.5,0.6666666666666666,0.6666666666666666,0,0.0,0.8333333333333334,0.5,0.6666666666666666,0.6666666666666666,0,0.0,0.8333333333333334,0.5,0.6666666666666666,0.6666666666666666
2028,no_strict_e1_improvement,0,,,,,1,0,1,1,1,1,1,4,0,0,-1,current,0,0,0.04135646550760915,0.04135646550760915,9,0,0,0,0,0,0,0,0.0,0.6666666666666666,0.5,0.5833333333333334,0.6666666666666666,0,0.0,0.6666666666666666,0.5,0.5833333333333334,0.6666666666666666,0,0.0,0.6666666666666666,0.5,0.5833333333333334,0.6666666666666666,0,0.0,0.6666666666666666,0.5,0.5833333333333334,0.6666666666666666
2029,no_strict_e1_improvement,0,,,,,1,0,2,2,2,5,5,4,0,0,-1,current,0,0,0.05242143198847771,0.05242143198847771,10,9,9,9,9,0,0,1,1.0,1.0,1.0,1.0,1.0,1,1.0,1.0,1.0,1.0,1.0,1,1.0,1.0,1.0,1.0,1.0,1,1.0,1.0,1.0,1.0,1.0
2030,no_strict_e1_improvement,0,,,,,1,0,2,2,2,5,5,4,0,0,-1,current,0,0,0.07737634292182823,0.07737634292182823,7,1,1,1,1,0,0,0,0.1111111111111111,0.6666666666666666,0.0,0.3333333333333333,0.6666666666666666,0,0.1111111111111111,0.6666666666666666,0.0,0.3333333333333333,0.6666666666666666,0,0.1111111111111111,0.6666666666666666,0.0,0.3333333333333333,0.6666666666666666,0,0.1111111111111111,0.6666666666666666,0.0,0.3333333333333333,0.6666666666666666
2031,no_strict_e1_improvement,0,,,,,1,0,1,1,1,1,1,4,0,0,-1,current,0,0,0.1123371347008894,0.1123371347008894,7,9,9,9,9,0,0,1,1.0,1.0,1.0,1.0,1.0,1,1.0,1.0,1.0,1.0,1.0,1,1.0,1.0,1.0,1.0,1.0,1,1.0,1.0,1.0,1.0,1.0
2032,no_strict_e1_improvement,0,,,,,1,0,2,2,2,7,7,4,0,0,-1,current,0,0,0.15779738624890646,0.15779738624890646,6,0,0,0,0,0,0,0,0.0,0.16666666666666666,0.6666666666666666,0.4166666666666667,0.5,0,0.0,0.16666666666666666,0.6666666666666666,0.4166666666666667,0.5,0,0.0,0.16666666666666666,0.6666666666666666,0.4166666666666667,0.5,0,0.0,0.16666666666666666,0.6666666666666666,0.4166666666666667,0.5
2033,no_strict_e1_improvement,0,,,,,1,0,1,1,1,1,1,4,0,0,-1,current,0,0,0.01795698100856195,0.01795698100856195,8,9,9,9,9,0,0,1,1.0,1.0,1.0,1.0,1.0,1,1.0,1.0,1.0,1.0,1.0,1,1.0,1.0,1.0,1.0,1.0,1,1.0,1.0,1.0,1.0,1.0
2034,no_strict_e1_improvement,0,,,,,1,0,4,4,4,14,14,4,0,0,-1,current,0,0,0.08430181940396626,0.08430181940396626,7,1,1,1,1,0,0,0,0.1111111111111111,0.3333333333333333,0.6666666666666666,0.5,0.5833333333333334,0,0.1111111111111111,0.3333333333333333,0.6666666666666666,0.5,0.5833333333333334,0,0.1111111111111111,0.3333333333333333,0.6666666666666666,0.5,0.5833333333333334,0,0.1111111111111111,0.3333333333333333,0.6666666666666666,0.5,0.5833333333333334
2035,no_strict_e1_improvement,0,,,,,1,0,1,1,1,1,1,4,0,0,-1,current,0,0,0.009319646283984184,0.009319646283984184,11,9,9,9,9,0,0,1,1.0,1.0,1.0,1.0,1.0,1,1.0,1.0,1.0,1.0,1.0,1,1.0,1.0,1.0,1.0,1.0,1,1.0,1.0,1.0,1.0,1.0
2036,max_rounds,0,,,,,1,1,3,2,2,7,7,4,0,0,0,s1a3_greedy,1,0,0.11236040658938388,0.033943494238580264,9,7,7,9,9,2,0,0,0.7777777777777778,0.6666666666666666,0.6666666666666666,0.6666666666666666,0.75,0,0.7777777777777778,0.6666666666666666,0.6666666666666666,0.6666666666666666,0.75,1,1.0,1.0,1.0,1.0,1.0,1,1.0,1.0,1.0,1.0,1.0
2037,no_strict_e1_improvement,0,,,,,1,0,1,1,1,1,1,4,0,0,-1,current,0,0,0.016518306608001392,0.016518306608001392,11,9,9,9,9,0,0,1,1.0,1.0,1.0,1.0,1.0,1,1.0,1.0,1.0,1.0,1.0,1,1.0,1.0,1.0,1.0,1.0,1,1.0,1.0,1.0,1.0,1.0
2038,no_strict_e1_improvement,0,,,,,1,0,1,1,1,1,1,4,0,0,-1,current,0,0,0.004813803670307,0.004813803670307,12,0,0,0,0,0,0,0,0.0,1.0,0.5,0.75,0.75,0,0.0,1.0,0.5,0.75,0.75,0,0.0,1.0,0.5,0.75,0.75,0,0.0,1.0,0.5,0.75,0.75
2039,no_strict_e1_improvement,0,,,,,1,0,1,1,1,1,1,4,0,0,-1,current,0,0,0.09360801847651601,0.09360801847651601,9,0,0,0,0,0,0,0,0.0,1.0,0.5,0.75,0.75,0,0.0,1.0,0.5,0.75,0.75,0,0.0,1.0,0.5,0.75,0.75,0,0.0,1.0,0.5,0.75,0.75
2040,no_strict_e1_improvement,0,,,,,1,0,1,1,1,1,1,4,0,0,-1,current,0,0,0.08553898439276963,0.08553898439276963,9,6,6,6,6,0,0,0,0.6666666666666666,0.8333333333333334,0.5,0.6666666666666666,0.6666666666666666,0,0.6666666666666666,0.8333333333333334,0.5,0.6666666666666666,0.6666666666666666,0,0.6666666666666666,0.8333333333333334,0.5,0.6666666666666666,0.6666666666666666,0,0.6666666666666666,0.8333333333333334,0.5,0.6666666666666666,0.6666666666666666
2041,no_strict_e1_improvement,0,,,,,1,0,1,1,1,1,1,4,0,0,-1,current,0,0,0.05969895888119936,0.05969895888119936,9,9,9,9,9,0,0,1,1.0,1.0,1.0,1.0,1.0,1,1.0,1.0,1.0,1.0,1.0,1,1.0,1.0,1.0,1.0,1.0,1,1.0,1.0,1.0,1.0,1.0
2042,no_strict_e1_improvement,0,,,,,1,0,1,1,1,1,1,4,0,0,-1,current,0,0,0.10359966188358764,0.10359966188358764,8,0,0,0,0,0,0,0,0.0,0.5,0.8333333333333334,0.6666666666666666,0.6666666666666666,0,0.0,0.5,0.8333333333333334,0.6666666666666666,0.6666666666666666,0,0.0,0.5,0.8333333333333334,0.6666666666666666,0.6666666666666666,0,0.0,0.5,0.8333333333333334,0.6666666666666666,0.6666666666666666
2043,no_strict_e1_improvement,0,,,,,1,0,1,1,1,1,1,4,0,0,-1,current,0,0,0.0012436449372520049,0.0012436449372520049,11,0,0,0,0,0,0,0,0.0,0.5,1.0,0.75,0.75,0,0.0,0.5,1.0,0.75,0.75,0,0.0,0.5,1.0,0.75,0.75,0,0.0,0.5,1.0,0.75,0.75
2044,small_component,0,,,,,1,0,0,0,0,0,0,4,0,0,-1,current,0,0,0.27462011699875194,0.27462011699875194,4,0,0,0,0,0,0,0,0.0,0.16666666666666666,0.0,0.08333333333333333,0.3333333333333333,0,0.0,0.16666666666666666,0.0,0.08333333333333333,0.3333333333333333,0,0.0,0.16666666666666666,0.0,0.08333333333333333,0.3333333333333333,0,0.0,0.16666666666666666,0.0,0.08333333333333333,0.3333333333333333
2045,max_rounds,0,,,,,1,1,2,2,2,6,6,4,0,-1,0,s1a3_greedy,1,0,0.14205718878656626,0.10190975790222485,8,0,0,0,0,0,0,0,0.0,0.16666666666666666,0.5,0.3333333333333333,0.5,0,0.0,0.16666666666666666,0.5,0.3333333333333333,0.5,0,0.0,0.16666666666666666,0.5,0.3333333333333333,0.5,0,0.0,0.16666666666666666,0.5,0.3333333333333333,0.5
2046,no_strict_e1_improvement,0,,,,,1,0,1,1,1,2,2,4,0,0,-1,current,0,0,0.0752460747025907,0.0752460747025907,8,0,0,0,0,0,0,0,0.0,0.5,1.0,0.75,0.75,0,0.0,0.5,1.0,0.75,0.75,0,0.0,0.5,1.0,0.75,0.75,0,0.0,0.5,1.0,0.75,0.75
2047,no_strict_e1_improvement,0,,,,,1,0,2,2,2,7,7,4,0,0,-1,current,0,0,0.05476892335961262,0.05476892335961262,10,9,9,9,9,0,0,1,1.0,1.0,1.0,1.0,1.0,1,1.0,1.0,1.0,1.0,1.0,1,1.0,1.0,1.0,1.0,1.0,1,1.0,1.0,1.0,1.0,1.0
2048,no_strict_e1_improvement,0,,,,,1,0,1,1,1,1,1,4,0,0,-1,current,0,0,0.04155622484783331,0.04155622484783331,8,9,9,9,9,0,0,1,1.0,1.0,1.0,1.0,1.0,1,1.0,1.0,1.0,1.0,1.0,1,1.0,1.0,1.0,1.0,1.0,1,1.0,1.0,1.0,1.0,1.0
2049,max_rounds,0,,,,,1,1,3,2,2,5,5,4,-1,0,0,s1a3_greedy,1,0,0.051100159995257854,0.027612308428312343,7,0,0,0,0,0,0,0,0.0,0.3333333333333333,0.16666666666666666,0.25,0.3333333333333333,0,0.0,0.3333333333333333,0.16666666666666666,0.25,0.3333333333333333,0,0.0,0.5,0.0,0.25,0.3333333333333333,0,0.0,0.5,0.0,0.25,0.3333333333333333
2050,no_strict_e1_improvement,0,,,,,1,0,1,1,1,1,1,4,0,0,-1,current,0,0,0.002208157442510128,0.002208157442510128,12,0,0,0,0,0,0,0,0.0,0.5,1.0,0.75,0.75,0,0.0,0.5,1.0,0.75,0.75,0,0.0,0.5,1.0,0.75,0.75,0,0.0,0.5,1.0,0.75,0.75
2051,no_strict_e1_improvement,0,,,,,1,0,1,1,1,1,1,4,0,0,-1,current,0,0,0.02310962105790774,0.02310962105790774,11,0,0,0,0,0,0,0,0.0,0.5,1.0,0.75,0.75,0,0.0,0.5,1.0,0.75,0.75,0,0.0,0.5,1.0,0.75,0.75,0,0.0,0.5,1.0,0.75,0.75
2052,no_strict_e1_improvement,0,,,,,1,0,1,1,1,1,1,4,0,0,-1,current,0,0,0.012547556310892105,0.012547556310892105,11,0,0,0,0,0,0,0,0.0,0.5,1.0,0.75,0.75,0,0.0,0.5,1.0,0.75,0.75,0,0.0,0.5,1.0,0.75,0.75,0,0.0,0.5,1.0,0.75,0.75
2053,no_strict_e1_improvement,0,,,,,1,0,2,2,2,6,6,4,0,0,-1,current,0,0,0.08221495027343433,0.08221495027343433,9,9,9,9,9,0,0,1,1.0,1.0,1.0,1.0,1.0,1,1.0,1.0,1.0,1.0,1.0,1,1.0,1.0,1.0,1.0,1.0,1,1.0,1.0,1.0,1.0,1.0
2054,no_strict_e1_improvement,0,,,,,1,0,1,1,1,2,2,4,0,0,-1,current,0,0,0.24263073752323785,0.24263073752323785,6,0,0,0,0,0,0,0,0.0,0.16666666666666666,0.5,0.3333333333333333,0.4166666666666667,0,0.0,0.16666666666666666,0.5,0.3333333333333333,0.4166666666666667,0,0.0,0.16666666666666666,0.5,0.3333333333333333,0.4166666666666667,0,0.0,0.16666666666666666,0.5,0.3333333333333333,0.4166666666666667
2055,no_strict_e1_improvement,0,,,,,1,0,1,1,1,1,1,4,0,0,-1,current,0,0,0.05168145002486805,0.05168145002486805,9,9,9,9,9,0,0,1,1.0,1.0,1.0,1.0,1.0,1,1.0,1.0,1.0,1.0,1.0,1,1.0,1.0,1.0,1.0,1.0,1,1.0,1.0,1.0,1.0,1.0
2056,max_rounds,0,,,,,1,1,3,2,2,8,8,4,1,0,0,s1a3_greedy,1,0,0.06490857650836308,0.04642537049949169,8,0,0,0,0,0,0,0,0.0,0.5,1.0,0.75,0.75,0,0.0,0.5,1.0,0.75,0.75,0,0.0,0.5,0.5,0.5,0.5,0,0.0,0.5,0.5,0.5,0.5
2057,partial_completed__no_strict_e1_improvement,1,,3,2,4,1,0,2,2,2,5,5,4,0,0,-1,current,1,0,0.16211705282330513,0.16211705282330513,6,0,0,0,0,0,0,0,0.0,0.0,0.3333333333333333,0.16666666666666666,0.16666666666666666,0,0.0,0.0,0.3333333333333333,0.16666666666666666,0.3333333333333333,0,0.0,0.0,0.3333333333333333,0.16666666666666666,0.3333333333333333,0,0.0,0.0,0.3333333333333333,0.16666666666666666,0.3333333333333333
2058,no_strict_e1_improvement,0,,,,,1,0,1,1,1,1,1,4,0,0,-1,current,0,0,0.09064148645848036,0.09064148645848036,7,0,0,0,0,0,0,0,0.0,0.5,0.16666666666666666,0.3333333333333333,0.5,0,0.0,0.5,0.16666666666666666,0.3333333333333333,0.5,0,0.0,0.5,0.16666666666666666,0.3333333333333333,0.5,0,0.0,0.5,0.16666666666666666,0.3333333333333333,0.5
2059,no_strict_e1_improvement,0,,,,,1,0,1,1,1,1,1,4,0,0,-1,current,0,0,0.004389532686521609,0.004389532686521609,11,9,9,9,9,0,0,1,1.0,1.0,1.0,1.0,1.0,1,1.0,1.0,1.0,1.0,1.0,1,1.0,1.0,1.0,1.0,1.0,1,1.0,1.0,1.0,1.0,1.0
2060,no_strict_e1_improvement,0,,,,,1,0,1,1,1,1,1,4,0,0,-1,current,0,0,0.049996000714600086,0.049996000714600086,8,0,0,0,0,0,0,0,0.0,0.8333333333333334,0.5,0.6666666666666666,0.6666666666666666,0,0.0,0.8333333333333334,0.5,0.6666666666666666,0.6666666666666666,0,0.0,0.8333333333333334,0.5,0.6666666666666666,0.6666666666666666,0,0.0,0.8333333333333334,0.5,0.6666666666666666,0.6666666666666666
2061,no_strict_e1_improvement,0,,,,,1,0,1,1,1,1,1,4,0,0,-1,current,0,0,0.029136251270150144,0.029136251270150144,9,0,0,0,0,0,0,0,0.0,0.5,1.0,0.75,0.75,0,0.0,0.5,1.0,0.75,0.75,0,0.0,0.5,1.0,0.75,0.75,0,0.0,0.5,1.0,0.75,0.75
2062,no_strict_e1_improvement,0,,,,,1,0,1,1,1,1,1,4,0,0,-1,current,0,0,0.036647092240552105,0.036647092240552105,9,9,9,9,9,0,0,1,1.0,1.0,1.0,1.0,1.0,1,1.0,1.0,1.0,1.0,1.0,1,1.0,1.0,1.0,1.0,1.0,1,1.0,1.0,1.0,1.0,1.0
2063,no_strict_e1_improvement,0,,,,,1,0,1,1,1,1,1,4,0,0,-1,current,0,0,0.036294851607332625,0.036294851607332625,7,9,9,9,9,0,0,1,1.0,1.0,1.0,1.0,1.0,1,1.0,1.0,1.0,1.0,1.0,1,1.0,1.0,1.0,1.0,1.0,1,1.0,1.0,1.0,1.0,1.0
2064,no_strict_e1_improvement,0,,,,,1,0,1,1,1,1,1,4,0,0,-1,current,0,0,0.11986838172500332,0.11986838172500332,7,0,0,0,0,0,0,0,0.0,0.6666666666666666,0.5,0.5833333333333334,0.5833333333333334,0,0.0,0.6666666666666666,0.5,0.5833333333333334,0.5833333333333334,0,0.0,0.6666666666666666,0.5,0.5833333333333334,0.5833333333333334,0,0.0,0.6666666666666666,0.5,0.5833333333333334,0.5833333333333334
2065,max_rounds,0,,,,,1,1,5,4,4,15,15,4,0,0,1,profiled_beam,1,1,0.18997826403938234,0.07927202247083187,5,5,5,7,9,4,2,0,0.5555555555555556,0.5,0.3333333333333333,0.4166666666666667,0.4166666666666667,0,0.5555555555555556,0.5,0.3333333333333333,0.4166666666666667,0.4166666666666667,0,0.7777777777777778,0.6666666666666666,0.6666666666666666,0.6666666666666666,0.75,1,1.0,1.0,1.0,1.0,1.0
2066,max_rounds,0,,,,,1,1,5,4,4,13,13,4,0,0,0,s1a3_greedy,1,0,0.30348075926303864,0.06990746439745028,6,1,1,1,1,0,0,0,0.1111111111111111,0.16666666666666666,0.5,0.3333333333333333,0.5,0,0.1111111111111111,0.16666666666666666,0.5,0.3333333333333333,0.5,0,0.1111111111111111,0.3333333333333333,0.6666666666666666,0.5,0.6666666666666666,0,0.1111111111111111,0.3333333333333333,0.6666666666666666,0.5,0.6666666666666666
2067,no_strict_e1_improvement,0,,,,,1,0,1,1,1,1,1,4,0,0,-1,current,0,0,0.0019634336543579898,0.0019634336543579898,12,9,9,9,9,0,0,1,1.0,1.0,1.0,1.0,1.0,1,1.0,1.0,1.0,1.0,1.0,1,1.0,1.0,1.0,1.0,1.0,1,1.0,1.0,1.0,1.0,1.0
2068,max_rounds,0,,,,,1,1,3,2,2,6,6,4,0,1,1,profiled_beam,1,1,0.20056320540606976,0.07179875050981839,7,0,0,0,0,0,0,0,0.0,0.16666666666666666,0.5,0.3333333333333333,0.4166666666666667,0,0.0,0.16666666666666666,0.5,0.3333333333333333,0.4166666666666667,0,0.0,0.0,0.5,0.25,0.3333333333333333,0,0.0,0.5,0.6666666666666666,0.5833333333333334,0.6666666666666666
2069,no_strict_e1_improvement,0,,,,,1,0,1,1,1,1,1,4,0,0,-1,current,0,0,0.046138755356272064,0.046138755356272064,10,9,9,9,9,0,0,1,1.0,1.0,1.0,1.0,1.0,1,1.0,1.0,1.0,1.0,1.0,1,1.0,1.0,1.0,1.0,1.0,1,1.0,1.0,1.0,1.0,1.0
2070,no_strict_e1_improvement,0,,,,,1,0,1,1,1,1,1,4,0,0,-1,current,0,0,0.050183063838630915,0.050183063838630915,8,9,9,9,9,0,0,1,1.0,1.0,1.0,1.0,1.0,1,1.0,1.0,1.0,1.0,1.0,1,1.0,1.0,1.0,1.0,1.0,1,1.0,1.0,1.0,1.0,1.0
2071,no_strict_e1_improvement,0,,,,,1,0,1,1,1,1,1,4,0,0,-1,current,0,0,0.0030831927433609962,0.0030831927433609962,12,9,9,9,9,0,0,1,1.0,1.0,1.0,1.0,1.0,1,1.0,1.0,1.0,1.0,1.0,1,1.0,1.0,1.0,1.0,1.0,1,1.0,1.0,1.0,1.0,1.0
2072,small_component,0,,,,,1,0,0,0,0,0,0,4,0,0,-1,current,0,0,0.3021203701694806,0.3021203701694806,5,0,0,0,0,0,0,0,0.0,0.16666666666666666,0.16666666666666666,0.16666666666666666,0.5,0,0.0,0.16666666666666666,0.16666666666666666,0.16666666666666666,0.5,0,0.0,0.16666666666666666,0.16666666666666666,0.16666666666666666,0.5,0,0.0,0.16666666666666666,0.16666666666666666,0.16666666666666666,0.5
2073,no_strict_e1_improvement,0,,,,,1,0,1,1,1,1,1,4,0,0,-1,current,0,0,0.005115872869888942,0.005115872869888942,12,9,9,9,9,0,0,1,1.0,1.0,1.0,1.0,1.0,1,1.0,1.0,1.0,1.0,1.0,1,1.0,1.0,1.0,1.0,1.0,1,1.0,1.0,1.0,1.0,1.0
2074,no_strict_e1_improvement,0,,,,,1,0,1,1,1,1,1,4,0,0,-1,current,0,0,0.1285394604007403,0.1285394604007403,9,0,0,0,0,0,0,0,0.0,0.5,0.6666666666666666,0.5833333333333334,0.6666666666666666,0,0.0,0.5,0.6666666666666666,0.5833333333333334,0.6666666666666666,0,0.0,0.5,0.6666666666666666,0.5833333333333334,0.6666666666666666,0,0.0,0.5,0.6666666666666666,0.5833333333333334,0.6666666666666666
2075,no_strict_e1_improvement,0,,,,,1,0,1,1,1,1,1,4,0,0,-1,current,0,0,0.0604758703460296,0.0604758703460296,8,9,9,9,9,0,0,1,1.0,1.0,1.0,1.0,1.0,1,1.0,1.0,1.0,1.0,1.0,1,1.0,1.0,1.0,1.0,1.0,1,1.0,1.0,1.0,1.0,1.0
2076,no_strict_e1_improvement,0,,,,,1,0,2,2,2,7,7,4,0,0,-1,current,0,0,0.07917096364932756,0.07917096364932756,11,9,9,9,9,0,0,1,1.0,1.0,1.0,1.0,1.0,1,1.0,1.0,1.0,1.0,1.0,1,1.0,1.0,1.0,1.0,1.0,1,1.0,1.0,1.0,1.0,1.0
2077,max_rounds,0,,,,,1,1,3,2,2,6,6,4,0,0,1,profiled_beam,1,1,0.1099048238247633,0.03904877067543566,7,2,2,0,1,-1,1,0,0.2222222222222222,0.16666666666666666,0.3333333333333333,0.25,0.4166666666666667,0,0.2222222222222222,0.16666666666666666,0.3333333333333333,0.25,0.4166666666666667,0,0.0,0.3333333333333333,0.16666666666666666,0.25,0.3333333333333333,0,0.1111111111111111,0.3333333333333333,0.6666666666666666,0.5,0.5833333333333334
2078,no_strict_e1_improvement,0,,,,,1,0,1,1,1,1,1,4,0,0,-1,current,0,0,0.08928105793893337,0.08928105793893337,7,9,9,9,9,0,0,1,1.0,1.0,1.0,1.0,1.0,1,1.0,1.0,1.0,1.0,1.0,1,1.0,1.0,1.0,1.0,1.0,1,1.0,1.0,1.0,1.0,1.0
2079,no_strict_e1_improvement,0,,,,,1,0,1,1,1,1,1,4,0,0,-1,current,0,0,0.005865210667252541,0.005865210667252541,12,0,0,0,0,0,0,0,0.0,0.5,1.0,0.75,0.75,0,0.0,0.5,1.0,0.75,0.75,0,0.0,0.5,1.0,0.75,0.75,0,0.0,0.5,1.0,0.75,0.75
2080,max_rounds,0,,,,,1,1,4,4,4,16,16,4,-1,0,1,profiled_beam,1,1,0.19563465286046267,0.1299772383645177,5,4,4,3,3,-1,0,0,0.4444444444444444,0.6666666666666666,0.16666666666666666,0.4166666666666667,0.5,0,0.4444444444444444,0.6666666666666666,0.16666666666666666,0.4166666666666667,0.5,0,0.3333333333333333,0.8333333333333334,0.0,0.4166666666666667,0.4166666666666667,0,0.3333333333333333,0.5,0.0,0.25,0.4166666666666667
2081,partial_completed__no_strict_e1_improvement,1,,3,2,3,1,0,1,1,1,1,1,4,0,0,-1,current,1,0,0.05775810434715822,0.05775810434715822,8,0,0,0,0,0,0,0,0.0,0.3333333333333333,0.5,0.4166666666666667,0.4166666666666667,0,0.0,0.5,0.8333333333333334,0.6666666666666666,0.6666666666666666,0,0.0,0.5,0.8333333333333334,0.6666666666666666,0.6666666666666666,0,0.0,0.5,0.8333333333333334,0.6666666666666666,0.6666666666666666
2082,no_strict_e1_improvement,0,,,,,1,0,1,1,1,1,1,4,0,0,-1,current,0,0,0.00787274663647016,0.00787274663647016,9,0,0,0,0,0,0,0,0.0,0.5,1.0,0.75,0.75,0,0.0,0.5,1.0,0.75,0.75,0,0.0,0.5,1.0,0.75,0.75,0,0.0,0.5,1.0,0.75,0.75
2083,no_strict_e1_improvement,0,,,,,1,0,4,4,4,16,16,4,0,0,-1,current,0,0,0.13408886268734932,0.13408886268734932,9,9,9,9,9,0,0,1,1.0,1.0,1.0,1.0,1.0,1,1.0,1.0,1.0,1.0,1.0,1,1.0,1.0,1.0,1.0,1.0,1,1.0,1.0,1.0,1.0,1.0
2084,no_strict_e1_improvement,0,,,,,1,0,1,1,1,1,1,4,0,0,-1,current,0,0,0.015576961760719618,0.015576961760719618,10,9,9,9,9,0,0,1,1.0,1.0,1.0,1.0,1.0,1,1.0,1.0,1.0,1.0,1.0,1,1.0,1.0,1.0,1.0,1.0,1,1.0,1.0,1.0,1.0,1.0
2085,no_strict_e1_improvement,0,,,,,1,0,1,1,1,1,1,4,0,0,-1,current,0,0,0.032887473702430725,0.032887473702430725,9,2,2,2,2,0,0,0,0.2222222222222222,0.16666666666666666,0.6666666666666666,0.4166666666666667,0.5833333333333334,0,0.2222222222222222,0.16666666666666666,0.6666666666666666,0.4166666666666667,0.5833333333333334,0,0.2222222222222222,0.16666666666666666,0.6666666666666666,0.4166666666666667,0.5833333333333334,0,0.2222222222222222,0.16666666666666666,0.6666666666666666,0.4166666666666667,0.5833333333333334
2086,no_strict_e1_improvement,0,,,,,1,0,1,1,1,1,1,4,0,0,-1,current,0,0,0.040581205394119024,0.040581205394119024,10,0,0,0,0,0,0,0,0.0,0.5,1.0,0.75,0.75,0,0.0,0.5,1.0,0.75,0.75,0,0.0,0.5,1.0,0.75,0.75,0,0.0,0.5,1.0,0.75,0.75
2087,max_rounds,0,,,,,1,1,4,4,4,15,15,4,-1,0,1,profiled_beam,1,1,0.09141159399102132,0.06004015121531362,7,0,0,0,9,9,9,0,0.0,1.0,0.5,0.75,0.75,0,0.0,1.0,0.5,0.75,0.75,0,0.0,1.0,0.5,0.75,0.75,1,1.0,1.0,1.0,1.0,1.0
2088,no_strict_e1_improvement,0,,,,,1,0,1,1,1,1,1,4,0,0,-1,current,0,0,0.017679989337921143,0.017679989337921143,11,9,9,9,9,0,0,1,1.0,1.0,1.0,1.0,1.0,1,1.0,1.0,1.0,1.0,1.0,1,1.0,1.0,1.0,1.0,1.0,1,1.0,1.0,1.0,1.0,1.0
2089,no_strict_e1_improvement,0,,,,,1,0,1,1,1,1,1,4,0,0,-1,current,0,0,0.02146137715317309,0.02146137715317309,10,9,9,9,9,0,0,1,1.0,1.0,1.0,1.0,1.0,1,1.0,1.0,1.0,1.0,1.0,1,1.0,1.0,1.0,1.0,1.0,1,1.0,1.0,1.0,1.0,1.0
2090,no_strict_e1_improvement,0,,,,,1,0,1,1,1,1,1,4,0,0,-1,current,0,0,0.10158436248699824,0.10158436248699824,8,0,0,0,0,0,0,0,0.0,0.5,1.0,0.75,0.75,0,0.0,0.5,1.0,0.75,0.75,0,0.0,0.5,1.0,0.75,0.75,0,0.0,0.5,1.0,0.75,0.75
2091,no_strict_e1_improvement,0,,,,,1,0,1,1,1,1,1,4,0,0,-1,current,0,0,0.1414376925677061,0.1414376925677061,10,0,0,0,0,0,0,0,0.0,0.5,0.6666666666666666,0.5833333333333334,0.75,0,0.0,0.5,0.6666666666666666,0.5833333333333334,0.75,0,0.0,0.5,0.6666666666666666,0.5833333333333334,0.75,0,0.0,0.5,0.6666666666666666,0.5833333333333334,0.75
2092,no_strict_e1_improvement,0,,,,,1,0,1,1,1,1,1,4,0,0,-1,current,0,0,0.002129074651747942,0.002129074651747942,11,9,9,9,9,0,0,1,1.0,1.0,1.0,1.0,1.0,1,1.0,1.0,1.0,1.0,1.0,1,1.0,1.0,1.0,1.0,1.0,1,1.0,1.0,1.0,1.0,1.0
2093,no_strict_e1_improvement,0,,,,,1,0,1,1,1,1,1,4,0,0,-1,current,0,0,0.05519801812867323,0.05519801812867323,11,9,9,9,9,0,0,1,1.0,1.0,1.0,1.0,1.0,1,1.0,1.0,1.0,1.0,1.0,1,1.0,1.0,1.0,1.0,1.0,1,1.0,1.0,1.0,1.0,1.0
2094,max_rounds,0,,,,,1,1,3,2,2,8,8,4,0,0,0,s1a3_greedy,1,0,0.1492725140027081,0.11542416550219059,8,0,0,1,1,1,0,0,0.0,0.5,1.0,0.75,0.75,0,0.0,0.5,1.0,0.75,0.75,0,0.1111111111111111,0.3333333333333333,0.6666666666666666,0.5,0.6666666666666666,0,0.1111111111111111,0.3333333333333333,0.6666666666666666,0.5,0.6666666666666666
2095,no_strict_e1_improvement,0,,,,,1,0,1,1,1,1,1,4,0,0,-1,current,0,0,0.03853562536338965,0.03853562536338965,10,0,0,0,0,0,0,0,0.0,0.5,1.0,0.75,0.75,0,0.0,0.5,1.0,0.75,0.75,0,0.0,0.5,1.0,0.75,0.75,0,0.0,0.5,1.0,0.75,0.75
2096,max_rounds,0,,,,,1,1,2,2,2,7,7,4,-1,0,1,profiled_beam,1,1,0.11526743819316228,0.10049490847935279,7,0,0,0,0,0,0,0,0.0,0.6666666666666666,0.5,0.5833333333333334,0.6666666666666666,0,0.0,0.6666666666666666,0.5,0.5833333333333334,0.6666666666666666,0,0.0,0.6666666666666666,0.16666666666666666,0.4166666666666667,0.5,0,0.0,0.3333333333333333,0.5,0.4166666666666667,0.5833333333333334
2097,max_rounds,0,,,,,1,1,5,4,4,15,15,4,0,0,1,profiled_beam,1,1,0.2376165141661962,0.16641688851329187,6,2,2,2,3,1,1,0,0.2222222222222222,0.0,0.5,0.25,0.4166666666666667,0,0.2222222222222222,0.0,0.5,0.25,0.4166666666666667,0,0.2222222222222222,0.16666666666666666,0.6666666666666666,0.4166666666666667,0.4166666666666667,0,0.3333333333333333,0.0,1.0,0.5,0.75
2098,no_strict_e1_improvement,0,,,,,1,0,1,1,1,1,1,4,0,0,-1,current,0,0,0.1553625613451004,0.1553625613451004,9,0,0,0,0,0,0,0,0.0,0.8333333333333334,0.5,0.6666666666666666,0.6666666666666666,0,0.0,0.8333333333333334,0.5,0.6666666666666666,0.6666666666666666,0,0.0,0.8333333333333334,0.5,0.6666666666666666,0.6666666666666666,0,0.0,0.8333333333333334,0.5,0.6666666666666666,0.6666666666666666
2099,no_strict_e1_improvement,0,,,,,1,0,1,1,1,1,1,4,0,0,-1,current,0,0,0.07664231560193002,0.07664231560193002,6,0,0,0,0,0,0,0,0.0,0.5,1.0,0.75,0.75,0,0.0,0.5,1.0,0.75,0.75,0,0.0,0.5,1.0,0.75,0.75,0,0.0,0.5,1.0,0.75,0.75
2100,no_strict_e1_improvement,0,,,,,1,0,1,1,1,1,1,4,0,0,-1,current,0,0,0.06242069089785218,0.06242069089785218,8,0,0,0,0,0,0,0,0.0,0.5,1.0,0.75,0.75,0,0.0,0.5,1.0,0.75,0.75,0,0.0,0.5,1.0,0.75,0.75,0,0.0,0.5,1.0,0.75,0.75
2101,small_component,0,,,,,1,0,0,0,0,0,0,4,0,0,-1,current,0,0,0.1682542443741113,0.1682542443741113,6,1,1,1,1,0,0,0,0.1111111111111111,0.3333333333333333,0.16666666666666666,0.25,0.3333333333333333,0,0.1111111111111111,0.3333333333333333,0.16666666666666666,0.25,0.3333333333333333,0,0.1111111111111111,0.3333333333333333,0.16666666666666666,0.25,0.3333333333333333,0,0.1111111111111111,0.3333333333333333,0.16666666666666666,0.25,0.3333333333333333
2102,no_strict_e1_improvement,0,,,,,1,0,1,1,1,1,1,4,0,0,-1,current,0,0,0.03285659415026506,0.03285659415026506,10,0,0,0,0,0,0,0,0.0,1.0,0.5,0.75,0.75,0,0.0,1.0,0.5,0.75,0.75,0,0.0,1.0,0.5,0.75,0.75,0,0.0,1.0,0.5,0.75,0.75
2103,partial_completed__no_strict_e1_improvement,1,,3,2,2,1,0,1,1,1,1,1,4,0,0,-1,current,1,0,0.1373394718830241,0.1373394718830241,9,5,1,1,1,-4,0,0,0.5555555555555556,0.3333333333333333,0.5,0.4166666666666667,0.4166666666666667,0,0.1111111111111111,0.3333333333333333,0.6666666666666666,0.5,0.5833333333333334,0,0.1111111111111111,0.3333333333333333,0.6666666666666666,0.5,0.5833333333333334,0,0.1111111111111111,0.3333333333333333,0.6666666666666666,0.5,0.5833333333333334
2104,no_strict_e1_improvement,0,,,,,1,0,2,2,2,7,7,4,0,0,-1,current,0,0,0.0565884110207359,0.0565884110207359,8,9,9,9,9,0,0,1,1.0,1.0,1.0,1.0,1.0,1,1.0,1.0,1.0,1.0,1.0,1,1.0,1.0,1.0,1.0,1.0,1,1.0,1.0,1.0,1.0,1.0
2105,max_rounds,0,,,,,1,1,4,4,4,16,16,4,-1,-1,0,s1a3_greedy,1,0,0.20073402083168426,0.19885266597460335,7,3,3,5,5,2,0,0,0.3333333333333333,0.16666666666666666,0.5,0.3333333333333333,0.5,0,0.3333333333333333,0.16666666666666666,0.5,0.3333333333333333,0.5,0,0.5555555555555556,0.3333333333333333,0.5,0.4166666666666667,0.5,0,0.5555555555555556,0.3333333333333333,0.5,0.4166666666666667,0.5
2106,max_rounds,0,,,,,1,1,5,4,4,16,16,4,0,1,0,s1a3_greedy,1,0,0.18964182841591537,0.1574404654869189,7,1,1,5,5,4,0,0,0.1111111111111111,0.16666666666666666,0.3333333333333333,0.25,0.5,0,0.1111111111111111,0.16666666666666666,0.3333333333333333,0.25,0.5,0,0.5555555555555556,0.3333333333333333,0.3333333333333333,0.3333333333333333,0.6666666666666666,0,0.5555555555555556,0.3333333333333333,0.3333333333333333,0.3333333333333333,0.6666666666666666
2107,max_rounds,0,,,,,1,1,4,4,4,15,15,4,1,1,1,profiled_beam,1,1,0.20669595648845038,0.1674785326079776,5,2,2,2,3,1,1,0,0.2222222222222222,0.0,0.3333333333333333,0.16666666666666666,0.4166666666666667,0,0.2222222222222222,0.0,0.3333333333333333,0.16666666666666666,0.4166666666666667,0,0.2222222222222222,0.0,0.3333333333333333,0.16666666666666666,0.4166666666666667,0,0.3333333333333333,0.0,1.0,0.5,0.75
2108,max_rounds,0,,,,,1,1,5,4,4,12,12,4,1,1,0,s1a3_greedy,1,0,0.2912851486665507,0.046713105558107294,7,0,0,0,0,0,0,0,0.0,0.0,0.16666666666666666,0.08333333333333333,0.4166666666666667,0,0.0,0.0,0.16666666666666666,0.08333333333333333,0.4166666666666667,0,0.0,0.5,0.16666666666666666,0.3333333333333333,0.6666666666666666,0,0.0,0.5,0.16666666666666666,0.3333333333333333,0.6666666666666666
2109,no_strict_e1_improvement,0,,,,,1,0,1,1,1,1,1,4,0,0,-1,current,0,0,0.014041488369305929,0.014041488369305929,11,9,9,9,9,0,0,1,1.0,1.0,1.0,1.0,1.0,1,1.0,1.0,1.0,1.0,1.0,1,1.0,1.0,1.0,1.0,1.0,1,1.0,1.0,1.0,1.0,1.0
2110,no_strict_e1_improvement,0,,,,,1,0,1,1,1,1,1,4,0,0,-1,current,0,0,0.020458336919546127,0.020458336919546127,10,9,9,9,9,0,0,1,1.0,1.0,1.0,1.0,1.0,1,1.0,1.0,1.0,1.0,1.0,1,1.0,1.0,1.0,1.0,1.0,1,1.0,1.0,1.0,1.0,1.0
2111,no_strict_e1_improvement,0,,,,,1,0,1,1,1,1,1,4,0,0,-1,current,0,0,0.06142419048895439,0.06142419048895439,11,9,9,9,9,0,0,1,1.0,1.0,1.0,1.0,1.0,1,1.0,1.0,1.0,1.0,1.0,1,1.0,1.0,1.0,1.0,1.0,1,1.0,1.0,1.0,1.0,1.0
2112,small_component,0,,,,,1,0,0,0,0,0,0,4,0,0,-1,current,0,0,0.3332834281027317,0.3332834281027317,5,1,1,1,1,0,0,0,0.1111111111111111,0.16666666666666666,0.3333333333333333,0.25,0.6666666666666666,0,0.1111111111111111,0.16666666666666666,0.3333333333333333,0.25,0.6666666666666666,0,0.1111111111111111,0.16666666666666666,0.3333333333333333,0.25,0.6666666666666666,0,0.1111111111111111,0.16666666666666666,0.3333333333333333,0.25,0.6666666666666666
2113,no_strict_e1_improvement,0,,,,,1,0,1,1,1,1,1,4,0,0,-1,current,0,0,0.04126303642988205,0.04126303642988205,11,0,0,0,0,0,0,0,0.0,0.5,1.0,0.75,0.75,0,0.0,0.5,1.0,0.75,0.75,0,0.0,0.5,1.0,0.75,0.75,0,0.0,0.5,1.0,0.75,0.75
2114,no_strict_e1_improvement,0,,,,,1,0,1,1,1,1,1,4,0,0,-1,current,0,0,0.011975919876325255,0.011975919876325255,12,0,0,0,0,0,0,0,0.0,1.0,0.5,0.75,0.75,0,0.0,1.0,0.5,0.75,0.75,0,0.0,1.0,0.5,0.75,0.75,0,0.0,1.0,0.5,0.75,0.75
2115,no_strict_e1_improvement,0,,,,,1,0,1,1,1,1,1,4,0,0,-1,current,0,0,0.03583668948461612,0.03583668948461612,9,0,0,0,0,0,0,0,0.0,0.5,1.0,0.75,0.75,0,0.0,0.5,1.0,0.75,0.75,0,0.0,0.5,1.0,0.75,0.75,0,0.0,0.5,1.0,0.75,0.75
2116,no_strict_e1_improvement,0,,,,,1,0,1,1,1,1,1,4,0,0,-1,current,0,0,0.028409350663423538,0.028409350663423538,11,9,9,9,9,0,0,1,1.0,1.0,1.0,1.0,1.0,1,1.0,1.0,1.0,1.0,1.0,1,1.0,1.0,1.0,1.0,1.0,1,1.0,1.0,1.0,1.0,1.0
2117,no_strict_e1_improvement,0,,,,,1,0,2,2,2,6,6,4,0,0,-1,current,0,0,0.060301454116900764,0.060301454116900764,7,0,0,0,0,0,0,0,0.0,0.5,0.5,0.5,0.5,0,0.0,0.5,0.5,0.5,0.5,0,0.0,0.5,0.5,0.5,0.5,0,0.0,0.5,0.5,0.5,0.5
2118,no_strict_e1_improvement,0,,,,,1,0,2,2,2,5,5,4,0,0,-1,current,0,0,0.10428524479599825,0.10428524479599825,7,0,0,0,0,0,0,0,0.0,0.5,0.8333333333333334,0.6666666666666666,0.6666666666666666,0,0.0,0.5,0.8333333333333334,0.6666666666666666,0.6666666666666666,0,0.0,0.5,0.8333333333333334,0.6666666666666666,0.6666666666666666,0,0.0,0.5,0.8333333333333334,0.6666666666666666,0.6666666666666666
2119,no_strict_e1_improvement,0,,,,,1,0,1,1,1,1,1,4,0,0,-1,current,0,0,0.06647839738676946,0.06647839738676946,8,0,0,0,0,0,0,0,0.0,0.5,1.0,0.75,0.75,0,0.0,0.5,1.0,0.75,0.75,0,0.0,0.5,1.0,0.75,0.75,0,0.0,0.5,1.0,0.75,0.75
2120,small_component,0,,,,,1,0,0,0,0,0,0,4,0,0,-1,current,0,0,0.3098573759198189,0.3098573759198189,7,0,0,0,0,0,0,0,0.0,0.6666666666666666,0.0,0.3333333333333333,0.3333333333333333,0,0.0,0.6666666666666666,0.0,0.3333333333333333,0.3333333333333333,0,0.0,0.6666666666666666,0.0,0.3333333333333333,0.3333333333333333,0,0.0,0.6666666666666666,0.0,0.3333333333333333,0.3333333333333333
2121,no_strict_e1_improvement,0,,,,,1,0,1,1,1,1,1,4,0,0,-1,current,0,0,0.048185176526506744,0.048185176526506744,9,9,9,9,9,0,0,1,1.0,1.0,1.0,1.0,1.0,1,1.0,1.0,1.0,1.0,1.0,1,1.0,1.0,1.0,1.0,1.0,1,1.0,1.0,1.0,1.0,1.0
2122,no_strict_e1_improvement,0,,,,,1,0,1,1,1,2,2,4,0,0,-1,current,0,0,0.19116123393177986,0.19116123393177986,8,0,0,0,0,0,0,0,0.0,0.5,0.8333333333333334,0.6666666666666666,0.6666666666666666,0,0.0,0.5,0.8333333333333334,0.6666666666666666,0.6666666666666666,0,0.0,0.5,0.8333333333333334,0.6666666666666666,0.6666666666666666,0,0.0,0.5,0.8333333333333334,0.6666666666666666,0.6666666666666666
2123,no_strict_e1_improvement,0,,,,,1,0,1,1,1,1,1,4,0,0,-1,current,0,0,0.05538914383699497,0.05538914383699497,10,9,9,9,9,0,0,1,1.0,1.0,1.0,1.0,1.0,1,1.0,1.0,1.0,1.0,1.0,1,1.0,1.0,1.0,1.0,1.0,1,1.0,1.0,1.0,1.0,1.0
2124,no_strict_e1_improvement,0,,,,,1,0,1,1,1,1,1,4,0,0,-1,current,0,0,0.0013997132579485576,0.0013997132579485576,11,9,9,9,9,0,0,1,1.0,1.0,1.0,1.0,1.0,1,1.0,1.0,1.0,1.0,1.0,1,1.0,1.0,1.0,1.0,1.0,1,1.0,1.0,1.0,1.0,1.0
2125,no_strict_e1_improvement,0,,,,,1,0,1,1,1,1,1,4,0,0,-1,current,0,0,0.1329008930673202,0.1329008930673202,8,6,6,6,6,0,0,0,0.6666666666666666,0.8333333333333334,0.5,0.6666666666666666,0.6666666666666666,0,0.6666666666666666,0.8333333333333334,0.5,0.6666666666666666,0.6666666666666666,0,0.6666666666666666,0.8333333333333334,0.5,0.6666666666666666,0.6666666666666666,0,0.6666666666666666,0.8333333333333334,0.5,0.6666666666666666,0.6666666666666666
2126,no_strict_e1_improvement,0,,,,,1,0,1,1,1,1,1,4,0,0,-1,current,0,0,0.0,0.0,12,9,9,9,9,0,0,1,1.0,1.0,1.0,1.0,1.0,1,1.0,1.0,1.0,1.0,1.0,1,1.0,1.0,1.0,1.0,1.0,1,1.0,1.0,1.0,1.0,1.0
2127,no_strict_e1_improvement,0,,,,,1,0,1,1,1,1,1,4,0,0,-1,current,0,0,0.07271101946632068,0.07271101946632068,10,7,7,7,7,0,0,0,0.7777777777777778,0.6666666666666666,0.6666666666666666,0.6666666666666666,0.75,0,0.7777777777777778,0.6666666666666666,0.6666666666666666,0.6666666666666666,0.75,0,0.7777777777777778,0.6666666666666666,0.6666666666666666,0.6666666666666666,0.75,0,0.7777777777777778,0.6666666666666666,0.6666666666666666,0.6666666666666666,0.75
2128,no_strict_e1_improvement,0,,,,,1,0,1,1,1,1,1,4,0,0,-1,current,0,0,0.032918418291956186,0.032918418291956186,11,9,9,9,9,0,0,1,1.0,1.0,1.0,1.0,1.0,1,1.0,1.0,1.0,1.0,1.0,1,1.0,1.0,1.0,1.0,1.0,1,1.0,1.0,1.0,1.0,1.0
2129,max_rounds,0,,,,,1,1,5,4,4,13,13,4,0,0,0,s1a3_greedy,1,0,0.3339591423670451,0.047507548704743385,7,5,5,9,9,4,0,0,0.5555555555555556,0.5,0.3333333333333333,0.4166666666666667,0.5,0,0.5555555555555556,0.5,0.3333333333333333,0.4166666666666667,0.5,1,1.0,1.0,1.0,1.0,1.0,1,1.0,1.0,1.0,1.0,1.0
2130,no_strict_e1_improvement,0,,,,,1,0,2,2,2,7,7,4,0,0,-1,current,0,0,0.17661219835281372,0.17661219835281372,7,1,1,1,1,0,0,0,0.1111111111111111,0.16666666666666666,0.5,0.3333333333333333,0.4166666666666667,0,0.1111111111111111,0.16666666666666666,0.5,0.3333333333333333,0.4166666666666667,0,0.1111111111111111,0.16666666666666666,0.5,0.3333333333333333,0.4166666666666667,0,0.1111111111111111,0.16666666666666666,0.5,0.3333333333333333,0.4166666666666667
2131,no_strict_e1_improvement,0,,,,,1,0,1,1,1,1,1,4,0,0,-1,current,0,0,0.07364350060621898,0.07364350060621898,9,7,7,7,7,0,0,0,0.7777777777777778,0.6666666666666666,0.6666666666666666,0.6666666666666666,0.75,0,0.7777777777777778,0.6666666666666666,0.6666666666666666,0.6666666666666666,0.75,0,0.7777777777777778,0.6666666666666666,0.6666666666666666,0.6666666666666666,0.75,0,0.7777777777777778,0.6666666666666666,0.6666666666666666,0.6666666666666666,0.75
2132,small_component,0,,,,,1,0,0,0,0,0,0,4,0,0,-1,current,0,0,0.18002352118492126,0.18002352118492126,6,0,0,0,0,0,0,0,0.0,0.3333333333333333,0.5,0.4166666666666667,0.75,0,0.0,0.3333333333333333,0.5,0.4166666666666667,0.75,0,0.0,0.3333333333333333,0.5,0.4166666666666667,0.75,0,0.0,0.3333333333333333,0.5,0.4166666666666667,0.75
2133,no_strict_e1_improvement,0,,,,,1,0,1,1,1,1,1,4,0,0,-1,current,0,0,0.04477598890662193,0.04477598890662193,8,0,0,0,0,0,0,0,0.0,0.5,1.0,0.75,0.75,0,0.0,0.5,1.0,0.75,0.75,0,0.0,0.5,1.0,0.75,0.75,0,0.0,0.5,1.0,0.75,0.75
2134,no_strict_e1_improvement,0,,,,,1,0,1,1,1,1,1,4,0,0,-1,current,0,0,0.12141340008626382,0.12141340008626382,7,0,0,0,0,0,0,0,0.0,0.16666666666666666,0.6666666666666666,0.4166666666666667,0.5,0,0.0,0.16666666666666666,0.6666666666666666,0.4166666666666667,0.5,0,0.0,0.16666666666666666,0.6666666666666666,0.4166666666666667,0.5,0,0.0,0.16666666666666666,0.6666666666666666,0.4166666666666667,0.5
2135,small_component,0,,,,,1,0,0,0,0,0,0,4,0,0,-1,current,0,0,0.1233464339748025,0.1233464339748025,8,0,0,0,0,0,0,0,0.0,0.5,0.5,0.5,0.5,0,0.0,0.5,0.5,0.5,0.5,0,0.0,0.5,0.5,0.5,0.5,0,0.0,0.5,0.5,0.5,0.5
2136,max_rounds,0,,,,,1,1,2,2,2,6,6,4,0,-1,0,s1a3_greedy,1,0,0.09969710310300191,0.016108061497410137,10,0,0,9,9,9,0,0,0.0,0.5,1.0,0.75,0.75,0,0.0,0.5,1.0,0.75,0.75,1,1.0,1.0,1.0,1.0,1.0,1,1.0,1.0,1.0,1.0,1.0
2137,no_strict_e1_improvement,0,,,,,1,0,1,1,1,1,1,4,0,0,-1,current,0,0,0.0842955104696254,0.0842955104696254,10,0,0,0,0,0,0,0,0.0,0.5,0.8333333333333334,0.6666666666666666,0.6666666666666666,0,0.0,0.5,0.8333333333333334,0.6666666666666666,0.6666666666666666,0,0.0,0.5,0.8333333333333334,0.6666666666666666,0.6666666666666666,0,0.0,0.5,0.8333333333333334,0.6666666666666666,0.6666666666666666
2138,no_strict_e1_improvement,0,,,,,1,0,1,1,1,1,1,4,0,0,-1,current,0,0,0.0217063973347346,0.0217063973347346,11,9,9,9,9,0,0,1,1.0,1.0,1.0,1.0,1.0,1,1.0,1.0,1.0,1.0,1.0,1,1.0,1.0,1.0,1.0,1.0,1,1.0,1.0,1.0,1.0,1.0
2139,no_strict_e1_improvement,0,,,,,1,0,1,1,1,1,1,4,0,0,-1,current,0,0,0.011774374482532343,0.011774374482532343,10,9,9,9,9,0,0,1,1.0,1.0,1.0,1.0,1.0,1,1.0,1.0,1.0,1.0,1.0,1,1.0,1.0,1.0,1.0,1.0,1,1.0,1.0,1.0,1.0,1.0
2140,partial_completed__no_strict_e1_improvement,1,,3,2,4,1,0,2,2,2,5,5,4,0,0,-1,current,1,0,0.21636981517076492,0.21636981517076492,8,3,3,3,3,0,0,0,0.3333333333333333,0.0,0.6666666666666666,0.3333333333333333,0.3333333333333333,0,0.3333333333333333,0.0,0.8333333333333334,0.4166666666666667,0.4166666666666667,0,0.3333333333333333,0.0,0.8333333333333334,0.4166666666666667,0.4166666666666667,0,0.3333333333333333,0.0,0.8333333333333334,0.4166666666666667,0.4166666666666667
2141,no_strict_e1_improvement,0,,,,,1,0,1,1,1,1,1,4,0,0,-1,current,0,0,0.08125303173437715,0.08125303173437715,9,6,6,6,6,0,0,0,0.6666666666666666,0.8333333333333334,0.5,0.6666666666666666,0.6666666666666666,0,0.6666666666666666,0.8333333333333334,0.5,0.6666666666666666,0.6666666666666666,0,0.6666666666666666,0.8333333333333334,0.5,0.6666666666666666,0.6666666666666666,0,0.6666666666666666,0.8333333333333334,0.5,0.6666666666666666,0.6666666666666666
2142,max_rounds,0,,,,,1,1,5,4,4,15,15,4,0,-1,1,profiled_beam,1,1,0.26005311170592904,0.16420894969875613,5,0,0,4,3,3,-1,0,0.0,0.3333333333333333,0.16666666666666666,0.25,0.3333333333333333,0,0.0,0.3333333333333333,0.16666666666666666,0.25,0.3333333333333333,0,0.4444444444444444,0.3333333333333333,0.16666666666666666,0.25,0.4166666666666667,0,0.3333333333333333,0.16666666666666666,0.3333333333333333,0.25,0.3333333333333333
2143,no_strict_e1_improvement,0,,,,,1,0,1,1,1,1,1,4,0,0,-1,current,0,0,0.0,0.0,12,9,9,9,9,0,0,1,1.0,1.0,1.0,1.0,1.0,1,1.0,1.0,1.0,1.0,1.0,1,1.0,1.0,1.0,1.0,1.0,1,1.0,1.0,1.0,1.0,1.0
2144,max_rounds,0,,,,,1,1,5,4,4,12,12,4,0,0,1,profiled_beam,1,1,0.3478707222578426,0.08756615966558456,5,0,0,0,0,0,0,0,0.0,0.16666666666666666,0.16666666666666666,0.16666666666666666,0.5,0,0.0,0.16666666666666666,0.16666666666666666,0.16666666666666666,0.5,0,0.0,0.5,0.3333333333333333,0.4166666666666667,0.5,0,0.0,0.16666666666666666,0.16666666666666666,0.16666666666666666,0.3333333333333333
2145,no_strict_e1_improvement,0,,,,,1,0,1,1,1,1,1,4,0,0,-1,current,0,0,0.02182575734332204,0.02182575734332204,11,9,9,9,9,0,0,1,1.0,1.0,1.0,1.0,1.0,1,1.0,1.0,1.0,1.0,1.0,1,1.0,1.0,1.0,1.0,1.0,1,1.0,1.0,1.0,1.0,1.0
2146,max_rounds,0,,,,,1,1,4,4,4,16,16,4,0,-1,1,profiled_beam,1,1,0.2649561802390963,0.2233815114789953,5,3,3,0,0,-3,0,0,0.3333333333333333,0.5,0.0,0.25,0.4166666666666667,0,0.3333333333333333,0.5,0.0,0.25,0.4166666666666667,0,0.0,0.3333333333333333,0.0,0.16666666666666666,0.3333333333333333,0,0.0,0.16666666666666666,0.16666666666666666,0.16666666666666666,0.4166666666666667
2147,small_component,0,,,,,1,0,0,0,0,0,0,4,0,0,-1,current,0,0,0.1998386474636694,0.1998386474636694,6,4,4,4,4,0,0,0,0.4444444444444444,0.3333333333333333,0.5,0.4166666666666667,0.4166666666666667,0,0.4444444444444444,0.3333333333333333,0.5,0.4166666666666667,0.4166666666666667,0,0.4444444444444444,0.3333333333333333,0.5,0.4166666666666667,0.4166666666666667,0,0.4444444444444444,0.3333333333333333,0.5,0.4166666666666667,0.4166666666666667
2148,no_strict_e1_improvement,0,,,,,1,0,2,2,2,5,5,4,0,0,-1,current,0,0,0.05080972254897157,0.05080972254897157,7,9,9,9,9,0,0,1,1.0,1.0,1.0,1.0,1.0,1,1.0,1.0,1.0,1.0,1.0,1,1.0,1.0,1.0,1.0,1.0,1,1.0,1.0,1.0,1.0,1.0
2149,no_strict_e1_improvement,0,,,,,1,0,1,1,1,1,1,4,0,0,-1,current,0,0,0.016946435905992985,0.016946435905992985,10,9,9,9,9,0,0,1,1.0,1.0,1.0,1.0,1.0,1,1.0,1.0,1.0,1.0,1.0,1,1.0,1.0,1.0,1.0,1.0,1,1.0,1.0,1.0,1.0,1.0
2150,no_strict_e1_improvement,0,,,,,1,0,1,1,1,1,1,4,0,0,-1,current,0,0,0.019935935890922945,0.019935935890922945,10,0,0,0,0,0,0,0,0.0,0.5,1.0,0.75,0.75,0,0.0,0.5,1.0,0.75,0.75,0,0.0,0.5,1.0,0.75,0.75,0,0.0,0.5,1.0,0.75,0.75
2151,no_strict_e1_improvement,0,,,,,1,0,1,1,1,1,1,4,0,0,-1,current,0,0,0.028763959805170696,0.028763959805170696,10,9,9,9,9,0,0,1,1.0,1.0,1.0,1.0,1.0,1,1.0,1.0,1.0,1.0,1.0,1,1.0,1.0,1.0,1.0,1.0,1,1.0,1.0,1.0,1.0,1.0
2152,max_rounds,0,,,,,1,1,2,2,2,5,5,4,0,1,1,profiled_beam,1,1,0.1209541578621914,0.037326768428708114,7,9,9,0,0,-9,0,1,1.0,1.0,1.0,1.0,1.0,1,1.0,1.0,1.0,1.0,1.0,0,0.0,0.5,0.8333333333333334,0.6666666666666666,0.6666666666666666,0,0.0,0.5,1.0,0.75,0.75
2153,max_rounds,0,,,,,1,1,5,4,4,14,14,4,-1,-1,1,profiled_beam,1,1,0.20072267965103188,0.15870446416859826,4,0,0,0,0,0,0,0,0.0,0.0,0.0,0.0,0.4166666666666667,0,0.0,0.0,0.0,0.0,0.4166666666666667,0,0.0,0.16666666666666666,0.0,0.08333333333333333,0.4166666666666667,0,0.0,0.16666666666666666,0.16666666666666666,0.16666666666666666,0.3333333333333333
2154,no_strict_e1_improvement,0,,,,,1,0,1,1,1,1,1,4,0,0,-1,current,0,0,0.01339574228040874,0.01339574228040874,11,0,0,0,0,0,0,0,0.0,1.0,0.5,0.75,0.75,0,0.0,1.0,0.5,0.75,0.75,0,0.0,1.0,0.5,0.75,0.75,0,0.0,1.0,0.5,0.75,0.75
2155,no_strict_e1_improvement,0,,,,,1,0,1,1,1,1,1,4,0,0,-1,current,0,0,0.09240603979803079,0.09240603979803079,9,0,0,0,0,0,0,0,0.0,0.5,0.8333333333333334,0.6666666666666666,0.6666666666666666,0,0.0,0.5,0.8333333333333334,0.6666666666666666,0.6666666666666666,0,0.0,0.5,0.8333333333333334,0.6666666666666666,0.6666666666666666,0,0.0,0.5,0.8333333333333334,0.6666666666666666,0.6666666666666666
2156,no_strict_e1_improvement,0,,,,,1,0,1,1,1,1,1,4,0,0,-1,current,0,0,0.013811125420033932,0.013811125420033932,11,0,0,0,0,0,0,0,0.0,0.5,1.0,0.75,0.75,0,0.0,0.5,1.0,0.75,0.75,0,0.0,0.5,1.0,0.75,0.75,0,0.0,0.5,1.0,0.75,0.75
2157,max_rounds,0,,,,,1,1,2,1,1,2,2,4,0,0,0,s1a3_greedy,1,0,0.22717551390329996,0.16173255195220312,6,1,1,0,0,-1,0,0,0.1111111111111111,0.5,0.0,0.25,0.5,0,0.1111111111111111,0.5,0.0,0.25,0.5,0,0.0,0.5,0.0,0.25,0.4166666666666667,0,0.0,0.5,0.0,0.25,0.4166666666666667
2158,no_strict_e1_improvement,0,,,,,1,0,2,2,2,5,5,4,0,0,-1,current,0,0,0.08805340280135472,0.08805340280135472,9,9,9,9,9,0,0,1,1.0,1.0,1.0,1.0,1.0,1,1.0,1.0,1.0,1.0,1.0,1,1.0,1.0,1.0,1.0,1.0,1,1.0,1.0,1.0,1.0,1.0
2159,max_rounds,0,,,,,1,1,2,2,2,6,6,4,0,-1,0,s1a3_greedy,1,0,0.05635833367705345,0.03549440857023001,9,0,0,0,0,0,0,0,0.0,0.5,1.0,0.75,0.75,0,0.0,0.5,1.0,0.75,0.75,0,0.0,0.5,1.0,0.75,0.75,0,0.0,0.5,1.0,0.75,0.75
2160,no_strict_e1_improvement,0,,,,,1,0,1,1,1,1,1,4,0,0,-1,current,0,0,0.03788128371040026,0.03788128371040026,10,0,0,0,0,0,0,0,0.0,0.5,1.0,0.75,0.75,0,0.0,0.5,1.0,0.75,0.75,0,0.0,0.5,1.0,0.75,0.75,0,0.0,0.5,1.0,0.75,0.75
2161,max_rounds,0,,,,,1,1,3,2,2,7,7,4,0,-1,1,profiled_beam,1,1,0.126491390944769,0.06302631832659245,6,0,0,7,9,9,2,0,0.0,0.5,0.8333333333333334,0.6666666666666666,0.6666666666666666,0,0.0,0.5,0.8333333333333334,0.6666666666666666,0.6666666666666666,0,0.7777777777777778,0.6666666666666666,0.6666666666666666,0.6666666666666666,0.8333333333333334,1,1.0,1.0,1.0,1.0,1.0
2162,no_strict_e1_improvement,0,,,,,1,0,2,2,2,7,7,4,0,0,-1,current,0,0,0.07615576684474945,0.07615576684474945,9,9,9,9,9,0,0,1,1.0,1.0,1.0,1.0,1.0,1,1.0,1.0,1.0,1.0,1.0,1,1.0,1.0,1.0,1.0,1.0,1,1.0,1.0,1.0,1.0,1.0
2163,no_strict_e1_improvement,0,,,,,1,0,1,1,1,1,1,4,0,0,-1,current,0,0,0.0,0.0,12,9,9,9,9,0,0,1,1.0,1.0,1.0,1.0,1.0,1,1.0,1.0,1.0,1.0,1.0,1,1.0,1.0,1.0,1.0,1.0,1,1.0,1.0,1.0,1.0,1.0
2164,no_strict_e1_improvement,0,,,,,1,0,1,1,1,1,1,4,0,0,-1,current,0,0,0.06129897820452849,0.06129897820452849,7,1,1,1,1,0,0,0,0.1111111111111111,0.3333333333333333,0.6666666666666666,0.5,0.5833333333333334,0,0.1111111111111111,0.3333333333333333,0.6666666666666666,0.5,0.5833333333333334,0,0.1111111111111111,0.3333333333333333,0.6666666666666666,0.5,0.5833333333333334,0,0.1111111111111111,0.3333333333333333,0.6666666666666666,0.5,0.5833333333333334
2165,max_rounds,0,,,,,1,1,3,2,2,6,6,4,-1,0,1,profiled_beam,1,1,0.13449950267871222,0.07473942792663972,6,0,0,6,7,7,1,0,0.0,0.8333333333333334,0.5,0.6666666666666666,0.6666666666666666,0,0.0,0.8333333333333334,0.5,0.6666666666666666,0.6666666666666666,0,0.6666666666666666,0.8333333333333334,0.5,0.6666666666666666,0.6666666666666666,0,0.7777777777777778,0.6666666666666666,0.6666666666666666,0.6666666666666666,0.75
2166,no_strict_e1_improvement,0,,,,,1,0,1,1,1,1,1,4,0,0,-1,current,0,0,0.05446020777647694,0.05446020777647694,7,0,0,0,0,0,0,0,0.0,0.5,0.3333333333333333,0.4166666666666667,0.5,0,0.0,0.5,0.3333333333333333,0.4166666666666667,0.5,0,0.0,0.5,0.3333333333333333,0.4166666666666667,0.5,0,0.0,0.5,0.3333333333333333,0.4166666666666667,0.5
2167,no_strict_e1_improvement,0,,,,,1,0,1,1,1,1,1,4,0,0,-1,current,0,0,0.034830868554612,0.034830868554612,8,9,9,9,9,0,0,1,1.0,1.0,1.0,1.0,1.0,1,1.0,1.0,1.0,1.0,1.0,1,1.0,1.0,1.0,1.0,1.0,1,1.0,1.0,1.0,1.0,1.0
2168,no_strict_e1_improvement,0,,,,,1,0,1,1,1,1,1,4,0,0,-1,current,0,0,0.10859696567058563,0.10859696567058563,9,0,0,0,0,0,0,0,0.0,0.5,0.6666666666666666,0.5833333333333334,0.6666666666666666,0,0.0,0.5,0.6666666666666666,0.5833333333333334,0.6666666666666666,0,0.0,0.5,0.6666666666666666,0.5833333333333334,0.6666666666666666,0,0.0,0.5,0.6666666666666666,0.5833333333333334,0.6666666666666666
2169,no_strict_e1_improvement,0,,,,,1,0,2,2,2,6,6,4,0,0,-1,current,0,0,0.08753103700776894,0.08753103700776894,8,0,0,0,0,0,0,0,0.0,0.5,0.8333333333333334,0.6666666666666666,0.6666666666666666,0,0.0,0.5,0.8333333333333334,0.6666666666666666,0.6666666666666666,0,0.0,0.5,0.8333333333333334,0.6666666666666666,0.6666666666666666,0,0.0,0.5,0.8333333333333334,0.6666666666666666,0.6666666666666666
2170,small_component,0,,,,,1,0,0,0,0,0,0,4,0,0,-1,current,0,0,0.1644157978395621,0.1644157978395621,7,1,1,1,1,0,0,0,0.1111111111111111,0.3333333333333333,0.6666666666666666,0.5,0.5833333333333334,0,0.1111111111111111,0.3333333333333333,0.6666666666666666,0.5,0.5833333333333334,0,0.1111111111111111,0.3333333333333333,0.6666666666666666,0.5,0.5833333333333334,0,0.1111111111111111,0.3333333333333333,0.6666666666666666,0.5,0.5833333333333334
2171,no_strict_e1_improvement,0,,,,,1,0,1,1,1,1,1,4,0,0,-1,current,0,0,0.01848810849090417,0.01848810849090417,10,9,9,9,9,0,0,1,1.0,1.0,1.0,1.0,1.0,1,1.0,1.0,1.0,1.0,1.0,1,1.0,1.0,1.0,1.0,1.0,1,1.0,1.0,1.0,1.0,1.0
2172,max_rounds,0,,,,,1,1,2,2,2,6,6,4,0,1,0,s1a3_greedy,1,0,0.161130306776613,0.0010838137629131477,12,0,0,9,9,9,0,0,0.0,0.5,0.6666666666666666,0.5833333333333334,0.75,0,0.0,0.5,0.6666666666666666,0.5833333333333334,0.75,1,1.0,1.0,1.0,1.0,1.0,1,1.0,1.0,1.0,1.0,1.0
2173,no_strict_e1_improvement,0,,,,,1,0,1,1,1,1,1,4,0,0,-1,current,0,0,0.08147665004556377,0.08147665004556377,9,0,0,0,0,0,0,0,0.0,0.6666666666666666,0.5,0.5833333333333334,0.6666666666666666,0,0.0,0.6666666666666666,0.5,0.5833333333333334,0.6666666666666666,0,0.0,0.6666666666666666,0.5,0.5833333333333334,0.6666666666666666,0,0.0,0.6666666666666666,0.5,0.5833333333333334,0.6666666666666666
2174,no_strict_e1_improvement,0,,,,,1,0,1,1,1,1,1,4,0,0,-1,current,0,0,0.02072985889390111,0.02072985889390111,9,1,1,1,1,0,0,0,0.1111111111111111,0.3333333333333333,0.6666666666666666,0.5,0.5833333333333334,0,0.1111111111111111,0.3333333333333333,0.6666666666666666,0.5,0.5833333333333334,0,0.1111111111111111,0.3333333333333333,0.6666666666666666,0.5,0.5833333333333334,0,0.1111111111111111,0.3333333333333333,0.6666666666666666,0.5,0.5833333333333334
2175,partial_completed__no_strict_e1_improvement,1,,3,2,4,1,0,2,2,2,6,6,4,0,0,-1,current,1,0,0.06697695267697175,0.06697695267697175,6,0,0,0,0,0,0,0,0.0,0.3333333333333333,0.0,0.16666666666666666,0.16666666666666666,0,0.0,0.3333333333333333,0.16666666666666666,0.25,0.3333333333333333,0,0.0,0.3333333333333333,0.16666666666666666,0.25,0.3333333333333333,0,0.0,0.3333333333333333,0.16666666666666666,0.25,0.3333333333333333
2176,no_strict_e1_improvement,0,,,,,1,0,1,1,1,1,1,4,0,0,-1,current,0,0,0.0,0.0,12,9,9,9,9,0,0,1,1.0,1.0,1.0,1.0,1.0,1,1.0,1.0,1.0,1.0,1.0,1,1.0,1.0,1.0,1.0,1.0,1,1.0,1.0,1.0,1.0,1.0
2177,no_strict_e1_improvement,0,,,,,1,0,1,1,1,1,1,4,0,0,-1,current,0,0,0.10554657007257144,0.10554657007257144,7,0,0,0,0,0,0,0,0.0,0.5,0.8333333333333334,0.6666666666666666,0.6666666666666666,0,0.0,0.5,0.8333333333333334,0.6666666666666666,0.6666666666666666,0,0.0,0.5,0.8333333333333334,0.6666666666666666,0.6666666666666666,0,0.0,0.5,0.8333333333333334,0.6666666666666666,0.6666666666666666
2178,no_strict_e1_improvement,0,,,,,1,0,1,1,1,1,1,4,0,0,-1,current,0,0,0.038054725931336485,0.038054725931336485,9,0,0,0,0,0,0,0,0.0,0.5,1.0,0.75,0.75,0,0.0,0.5,1.0,0.75,0.75,0,0.0,0.5,1.0,0.75,0.75,0,0.0,0.5,1.0,0.75,0.75
2179,small_component,0,,,,,1,0,0,0,0,0,0,4,0,0,-1,current,0,0,0.27150149550288916,0.27150149550288916,3,0,0,0,0,0,0,0,0.0,0.16666666666666666,0.16666666666666666,0.16666666666666666,0.3333333333333333,0,0.0,0.16666666666666666,0.16666666666666666,0.16666666666666666,0.3333333333333333,0,0.0,0.16666666666666666,0.16666666666666666,0.16666666666666666,0.3333333333333333,0,0.0,0.16666666666666666,0.16666666666666666,0.16666666666666666,0.3333333333333333
2180,max_rounds,0,,,,,1,1,2,2,2,7,7,4,1,0,0,s1a3_greedy,1,0,0.11913818058868249,0.0822899838288625,9,0,0,0,0,0,0,0,0.0,0.5,0.5,0.5,0.5,0,0.0,0.5,0.5,0.5,0.5,0,0.0,0.5,1.0,0.75,0.75,0,0.0,0.5,1.0,0.75,0.75
2181,no_strict_e1_improvement,0,,,,,1,0,4,4,4,13,13,4,0,0,-1,current,0,0,0.12524322792887688,0.12524322792887688,8,0,0,0,0,0,0,0,0.0,0.16666666666666666,0.3333333333333333,0.25,0.5,0,0.0,0.16666666666666666,0.3333333333333333,0.25,0.5,0,0.0,0.16666666666666666,0.3333333333333333,0.25,0.5,0,0.0,0.16666666666666666,0.3333333333333333,0.25,0.5
2182,no_strict_e1_improvement,0,,,,,1,0,1,1,1,1,1,4,0,0,-1,current,0,0,0.04809326802690824,0.04809326802690824,9,9,9,9,9,0,0,1,1.0,1.0,1.0,1.0,1.0,1,1.0,1.0,1.0,1.0,1.0,1,1.0,1.0,1.0,1.0,1.0,1,1.0,1.0,1.0,1.0,1.0
2183,no_strict_e1_improvement,0,,,,,1,0,1,1,1,1,1,4,0,0,-1,current,0,0,0.004517832460502784,0.004517832460502784,12,9,9,9,9,0,0,1,1.0,1.0,1.0,1.0,1.0,1,1.0,1.0,1.0,1.0,1.0,1,1.0,1.0,1.0,1.0,1.0,1,1.0,1.0,1.0,1.0,1.0
2184,no_strict_e1_improvement,0,,,,,1,0,1,1,1,1,1,4,0,0,-1,current,0,0,0.05979098007082939,0.05979098007082939,6,0,0,0,0,0,0,0,0.0,0.5,1.0,0.75,0.75,0,0.0,0.5,1.0,0.75,0.75,0,0.0,0.5,1.0,0.75,0.75,0,0.0,0.5,1.0,0.75,0.75
2185,no_strict_e1_improvement,0,,,,,1,0,1,1,1,1,1,4,0,0,-1,current,0,0,0.024870698961118858,0.024870698961118858,10,9,9,9,9,0,0,1,1.0,1.0,1.0,1.0,1.0,1,1.0,1.0,1.0,1.0,1.0,1,1.0,1.0,1.0,1.0,1.0,1,1.0,1.0,1.0,1.0,1.0
2186,no_strict_e1_improvement,0,,,,,1,0,1,1,1,1,1,4,0,0,-1,current,0,0,0.016626841388642788,0.016626841388642788,10,0,0,0,0,0,0,0,0.0,0.5,0.5,0.5,0.5,0,0.0,0.5,0.5,0.5,0.5,0,0.0,0.5,0.5,0.5,0.5,0,0.0,0.5,0.5,0.5,0.5
2187,partial_completed__max_rounds,1,,3,2,4,1,1,5,4,4,13,13,4,0,1,0,s1a3_greedy,1,0,0.2491132989525795,0.05021358731513222,7,1,0,0,0,-1,0,0,0.1111111111111111,0.0,0.16666666666666666,0.08333333333333333,0.08333333333333333,0,0.0,0.0,0.3333333333333333,0.16666666666666666,0.16666666666666666,0,0.0,0.0,0.6666666666666666,0.3333333333333333,0.3333333333333333,0,0.0,0.0,0.6666666666666666,0.3333333333333333,0.3333333333333333
2188,max_rounds,0,,,,,1,1,3,2,2,5,5,4,0,1,0,s1a3_greedy,1,0,0.16243446847268692,0.08015493967104703,8,1,1,1,1,0,0,0,0.1111111111111111,0.16666666666666666,0.5,0.3333333333333333,0.5,0,0.1111111111111111,0.16666666666666666,0.5,0.3333333333333333,0.5,0,0.1111111111111111,0.3333333333333333,0.6666666666666666,0.5,0.5833333333333334,0,0.1111111111111111,0.3333333333333333,0.6666666666666666,0.5,0.5833333333333334
2189,no_strict_e1_improvement,0,,,,,1,0,2,2,2,7,7,4,0,0,-1,current,0,0,0.06308650595019571,0.06308650595019571,8,0,0,0,0,0,0,0,0.0,0.5,0.5,0.5,0.5,0,0.0,0.5,0.5,0.5,0.5,0,0.0,0.5,0.5,0.5,0.5,0,0.0,0.5,0.5,0.5,0.5
2190,no_strict_e1_improvement,0,,,,,1,0,1,1,1,1,1,4,0,0,-1,current,0,0,0.005003368481993675,0.005003368481993675,11,9,9,9,9,0,0,1,1.0,1.0,1.0,1.0,1.0,1,1.0,1.0,1.0,1.0,1.0,1,1.0,1.0,1.0,1.0,1.0,1,1.0,1.0,1.0,1.0,1.0
2191,no_strict_e1_improvement,0,,,,,1,0,1,1,1,1,1,4,0,0,-1,current,0,0,0.004736316700776418,0.004736316700776418,11,0,0,0,0,0,0,0,0.0,0.5,1.0,0.75,0.75,0,0.0,0.5,1.0,0.75,0.75,0,0.0,0.5,1.0,0.75,0.75,0,0.0,0.5,1.0,0.75,0.75
2192,no_strict_e1_improvement,0,,,,,1,0,1,1,1,1,1,4,0,0,-1,current,0,0,0.0,0.0,12,9,9,9,9,0,0,1,1.0,1.0,1.0,1.0,1.0,1,1.0,1.0,1.0,1.0,1.0,1,1.0,1.0,1.0,1.0,1.0,1,1.0,1.0,1.0,1.0,1.0
2193,max_rounds,0,,,,,1,1,3,2,2,8,8,4,0,-1,1,profiled_beam,1,1,0.23229259500900903,0.1659385353947679,7,5,5,3,0,-5,-3,0,0.5555555555555556,0.6666666666666666,0.16666666666666666,0.4166666666666667,0.75,0,0.5555555555555556,0.6666666666666666,0.16666666666666666,0.4166666666666667,0.75,0,0.3333333333333333,0.5,0.16666666666666666,0.3333333333333333,0.6666666666666666,0,0.0,0.3333333333333333,0.16666666666666666,0.25,0.4166666666666667
2194,no_strict_e1_improvement,0,,,,,1,0,1,1,1,1,1,4,0,0,-1,current,0,0,0.027061987668275833,0.027061987668275833,9,9,9,9,9,0,0,1,1.0,1.0,1.0,1.0,1.0,1,1.0,1.0,1.0,1.0,1.0,1,1.0,1.0,1.0,1.0,1.0,1,1.0,1.0,1.0,1.0,1.0
2195,no_strict_e1_improvement,0,,,,,1,0,1,1,1,1,1,4,0,0,-1,current,0,0,0.03991356988747915,0.03991356988747915,10,0,0,0,0,0,0,0,0.0,1.0,0.5,0.75,0.75,0,0.0,1.0,0.5,0.75,0.75,0,0.0,1.0,0.5,0.75,0.75,0,0.0,1.0,0.5,0.75,0.75
2196,no_strict_e1_improvement,0,,,,,1,0,1,1,1,1,1,4,0,0,-1,current,0,0,0.1083697802387178,0.1083697802387178,7,2,2,2,2,0,0,0,0.2222222222222222,0.16666666666666666,0.6666666666666666,0.4166666666666667,0.5833333333333334,0,0.2222222222222222,0.16666666666666666,0.6666666666666666,0.4166666666666667,0.5833333333333334,0,0.2222222222222222,0.16666666666666666,0.6666666666666666,0.4166666666666667,0.5833333333333334,0,0.2222222222222222,0.16666666666666666,0.6666666666666666,0.4166666666666667,0.5833333333333334
2197,small_component,0,,,,,1,0,0,0,0,0,0,4,0,0,-1,current,0,0,0.22489402163773775,0.22489402163773775,7,0,0,0,0,0,0,0,0.0,0.5,0.6666666666666666,0.5833333333333334,0.5833333333333334,0,0.0,0.5,0.6666666666666666,0.5833333333333334,0.5833333333333334,0,0.0,0.5,0.6666666666666666,0.5833333333333334,0.5833333333333334,0,0.0,0.5,0.6666666666666666,0.5833333333333334,0.5833333333333334
2198,partial_completed__no_strict_e1_improvement,1,,3,2,3,1,0,1,1,1,1,1,4,0,0,-1,current,1,0,0.009694338776171207,0.009694338776171207,10,6,9,9,9,3,0,0,0.6666666666666666,0.5,0.6666666666666666,0.5833333333333334,0.5833333333333334,1,1.0,1.0,1.0,1.0,1.0,1,1.0,1.0,1.0,1.0,1.0,1,1.0,1.0,1.0,1.0,1.0
2199,no_strict_e1_improvement,0,,,,,1,0,1,1,1,1,1,4,0,0,-1,current,0,0,0.11590698702881734,0.11590698702881734,6,0,0,0,0,0,0,0,0.0,0.5,0.5,0.5,0.5,0,0.0,0.5,0.5,0.5,0.5,0,0.0,0.5,0.5,0.5,0.5,0,0.0,0.5,0.5,0.5,0.5
2200,no_strict_e1_improvement,0,,,,,1,0,1,1,1,1,1,4,0,0,-1,current,0,0,0.014335613387326399,0.014335613387326399,10,0,0,0,0,0,0,0,0.0,0.5,1.0,0.75,0.75,0,0.0,0.5,1.0,0.75,0.75,0,0.0,0.5,1.0,0.75,0.75,0,0.0,0.5,1.0,0.75,0.75
2201,no_strict_e1_improvement,0,,,,,1,0,1,1,1,1,1,4,0,0,-1,current,0,0,0.1400411839907368,0.1400411839907368,9,0,0,0,0,0,0,0,0.0,0.5,1.0,0.75,0.75,0,0.0,0.5,1.0,0.75,0.75,0,0.0,0.5,1.0,0.75,0.75,0,0.0,0.5,1.0,0.75,0.75
2202,no_strict_e1_improvement,0,,,,,1,0,1,1,1,1,1,4,0,0,-1,current,0,0,0.028438495782514412,0.028438495782514412,9,0,0,0,0,0,0,0,0.0,1.0,0.5,0.75,0.75,0,0.0,1.0,0.5,0.75,0.75,0,0.0,1.0,0.5,0.75,0.75,0,0.0,1.0,0.5,0.75,0.75
2203,small_component,0,,,,,1,0,0,0,0,0,0,4,0,0,-1,current,0,0,0.1801394186913967,0.1801394186913967,6,0,0,0,0,0,0,0,0.0,0.5,0.0,0.25,0.3333333333333333,0,0.0,0.5,0.0,0.25,0.3333333333333333,0,0.0,0.5,0.0,0.25,0.3333333333333333,0,0.0,0.5,0.0,0.25,0.3333333333333333
2204,no_strict_e1_improvement,0,,,,,1,0,1,1,1,1,1,4,0,0,-1,current,0,0,0.03503132487336794,0.03503132487336794,8,9,9,9,9,0,0,1,1.0,1.0,1.0,1.0,1.0,1,1.0,1.0,1.0,1.0,1.0,1,1.0,1.0,1.0,1.0,1.0,1,1.0,1.0,1.0,1.0,1.0
2205,no_strict_e1_improvement,0,,,,,1,0,1,1,1,1,1,4,0,0,-1,current,0,0,0.03043190762400627,0.03043190762400627,9,1,1,1,1,0,0,0,0.1111111111111111,0.3333333333333333,0.6666666666666666,0.5,0.5833333333333334,0,0.1111111111111111,0.3333333333333333,0.6666666666666666,0.5,0.5833333333333334,0,0.1111111111111111,0.3333333333333333,0.6666666666666666,0.5,0.5833333333333334,0,0.1111111111111111,0.3333333333333333,0.6666666666666666,0.5,0.5833333333333334
2206,no_strict_e1_improvement,0,,,,,1,0,3,2,2,7,7,4,0,0,-1,current,0,0,0.06912946825226148,0.06912946825226148,11,9,9,9,9,0,0,1,1.0,1.0,1.0,1.0,1.0,1,1.0,1.0,1.0,1.0,1.0,1,1.0,1.0,1.0,1.0,1.0,1,1.0,1.0,1.0,1.0,1.0
2207,max_rounds,0,,,,,1,1,3,2,2,5,5,4,0,0,0,s1a3_greedy,1,0,0.1702115620331218,0.014706511554929117,10,0,0,0,0,0,0,0,0.0,0.5,0.5,0.5,0.5,0,0.0,0.5,0.5,0.5,0.5,0,0.0,0.5,1.0,0.75,0.75,0,0.0,0.5,1.0,0.75,0.75
2208,no_strict_e1_improvement,0,,,,,1,0,1,1,1,1,1,4,0,0,-1,current,0,0,0.013424334426720938,0.013424334426720938,11,9,9,9,9,0,0,1,1.0,1.0,1.0,1.0,1.0,1,1.0,1.0,1.0,1.0,1.0,1,1.0,1.0,1.0,1.0,1.0,1,1.0,1.0,1.0,1.0,1.0
2209,small_component,0,,,,,1,0,0,0,0,0,0,4,0,0,-1,current,0,0,0.2361249371121327,0.2361249371121327,6,4,4,4,4,0,0,0,0.4444444444444444,0.0,0.5,0.25,0.5,0,0.4444444444444444,0.0,0.5,0.25,0.5,0,0.4444444444444444,0.0,0.5,0.25,0.5,0,0.4444444444444444,0.0,0.5,0.25,0.5
2210,no_strict_e1_improvement,0,,,,,1,0,2,2,2,6,6,4,0,0,-1,current,0,0,0.07273814066623648,0.07273814066623648,9,1,1,1,1,0,0,0,0.1111111111111111,0.3333333333333333,0.6666666666666666,0.5,0.5833333333333334,0,0.1111111111111111,0.3333333333333333,0.6666666666666666,0.5,0.5833333333333334,0,0.1111111111111111,0.3333333333333333,0.6666666666666666,0.5,0.5833333333333334,0,0.1111111111111111,0.3333333333333333,0.6666666666666666,0.5,0.5833333333333334
2211,small_component,0,,,,,1,0,0,0,0,0,0,4,0,0,-1,current,0,0,0.17729645036160946,0.17729645036160946,6,0,0,0,0,0,0,0,0.0,0.16666666666666666,0.3333333333333333,0.25,0.5833333333333334,0,0.0,0.16666666666666666,0.3333333333333333,0.25,0.5833333333333334,0,0.0,0.16666666666666666,0.3333333333333333,0.25,0.5833333333333334,0,0.0,0.16666666666666666,0.3333333333333333,0.25,0.5833333333333334
2212,no_strict_e1_improvement,0,,,,,1,0,1,1,1,1,1,4,0,0,-1,current,0,0,0.023553210000197094,0.023553210000197094,11,9,9,9,9,0,0,1,1.0,1.0,1.0,1.0,1.0,1,1.0,1.0,1.0,1.0,1.0,1,1.0,1.0,1.0,1.0,1.0,1,1.0,1.0,1.0,1.0,1.0
2213,no_strict_e1_improvement,0,,,,,1,0,1,1,1,2,2,4,0,0,-1,current,0,0,0.1410555603603522,0.1410555603603522,8,6,6,6,6,0,0,0,0.6666666666666666,0.5,0.8333333333333334,0.6666666666666666,0.6666666666666666,0,0.6666666666666666,0.5,0.8333333333333334,0.6666666666666666,0.6666666666666666,0,0.6666666666666666,0.5,0.8333333333333334,0.6666666666666666,0.6666666666666666,0,0.6666666666666666,0.5,0.8333333333333334,0.6666666666666666,0.6666666666666666
2214,no_strict_e1_improvement,0,,,,,1,0,2,2,2,5,5,4,0,0,-1,current,0,0,0.08540756794779251,0.08540756794779251,7,9,9,9,9,0,0,1,1.0,1.0,1.0,1.0,1.0,1,1.0,1.0,1.0,1.0,1.0,1,1.0,1.0,1.0,1.0,1.0,1,1.0,1.0,1.0,1.0,1.0
2215,no_strict_e1_improvement,0,,,,,1,0,1,1,1,1,1,4,0,0,-1,current,0,0,3.7241712561808527e-05,3.7241712561808527e-05,12,0,0,0,0,0,0,0,0.0,1.0,0.5,0.75,0.75,0,0.0,1.0,0.5,0.75,0.75,0,0.0,1.0,0.5,0.75,0.75,0,0.0,1.0,0.5,0.75,0.75
2216,no_strict_e1_improvement,0,,,,,1,0,1,1,1,1,1,4,0,0,-1,current,0,0,0.0,0.0,12,9,9,9,9,0,0,1,1.0,1.0,1.0,1.0,1.0,1,1.0,1.0,1.0,1.0,1.0,1,1.0,1.0,1.0,1.0,1.0,1,1.0,1.0,1.0,1.0,1.0
2217,max_rounds,0,,,,,1,1,2,2,2,6,6,4,0,1,0,s1a3_greedy,1,0,0.0340578593313694,0.015840785577893257,10,0,0,0,0,0,0,0,0.0,0.5,1.0,0.75,0.75,0,0.0,0.5,1.0,0.75,0.75,0,0.0,0.5,1.0,0.75,0.75,0,0.0,0.5,1.0,0.75,0.75
2218,no_strict_e1_improvement,0,,,,,1,0,1,1,1,1,1,4,0,0,-1,current,0,0,0.10831093974411488,0.10831093974411488,8,0,0,0,0,0,0,0,0.0,0.6666666666666666,0.5,0.5833333333333334,0.6666666666666666,0,0.0,0.6666666666666666,0.5,0.5833333333333334,0.6666666666666666,0,0.0,0.6666666666666666,0.5,0.5833333333333334,0.6666666666666666,0,0.0,0.6666666666666666,0.5,0.5833333333333334,0.6666666666666666
2219,small_component,0,,,,,1,0,0,0,0,0,0,4,0,0,-1,current,0,0,0.3686702450116475,0.3686702450116475,7,0,0,0,0,0,0,0,0.0,0.16666666666666666,0.5,0.3333333333333333,0.6666666666666666,0,0.0,0.16666666666666666,0.5,0.3333333333333333,0.6666666666666666,0,0.0,0.16666666666666666,0.5,0.3333333333333333,0.6666666666666666,0,0.0,0.16666666666666666,0.5,0.3333333333333333,0.6666666666666666
2220,no_strict_e1_improvement,0,,,,,1,0,1,1,1,1,1,4,0,0,-1,current,0,0,0.0032078168199708066,0.0032078168199708066,9,9,9,9,9,0,0,1,1.0,1.0,1.0,1.0,1.0,1,1.0,1.0,1.0,1.0,1.0,1,1.0,1.0,1.0,1.0,1.0,1,1.0,1.0,1.0,1.0,1.0
2221,max_rounds,0,,,,,1,1,3,2,2,8,8,4,-1,0,1,profiled_beam,1,1,0.2535698649783929,0.16526330002428344,4,0,0,0,0,0,0,0,0.0,0.3333333333333333,0.16666666666666666,0.25,0.5,0,0.0,0.3333333333333333,0.16666666666666666,0.25,0.5,0,0.0,0.5,0.16666666666666666,0.3333333333333333,0.5,0,0.0,0.5,0.16666666666666666,0.3333333333333333,0.5
2222,no_strict_e1_improvement,0,,,,,1,0,1,1,1,1,1,4,0,0,-1,current,0,0,0.07771294222523768,0.07771294222523768,5,3,3,3,3,0,0,0,0.3333333333333333,0.0,0.5,0.25,0.5,0,0.3333333333333333,0.0,0.5,0.25,0.5,0,0.3333333333333333,0.0,0.5,0.25,0.5,0,0.3333333333333333,0.0,0.5,0.25,0.5
2223,no_strict_e1_improvement,0,,,,,1,0,1,1,1,1,1,4,0,0,-1,current,0,0,0.004484327044337988,0.004484327044337988,11,9,9,9,9,0,0,1,1.0,1.0,1.0,1.0,1.0,1,1.0,1.0,1.0,1.0,1.0,1,1.0,1.0,1.0,1.0,1.0,1,1.0,1.0,1.0,1.0,1.0
2224,no_strict_e1_improvement,0,,,,,1,0,1,1,1,1,1,4,0,0,-1,current,0,0,0.010537553413693482,0.010537553413693482,8,0,0,0,0,0,0,0,0.0,0.8333333333333334,0.5,0.6666666666666666,0.6666666666666666,0,0.0,0.8333333333333334,0.5,0.6666666666666666,0.6666666666666666,0,0.0,0.8333333333333334,0.5,0.6666666666666666,0.6666666666666666,0,0.0,0.8333333333333334,0.5,0.6666666666666666,0.6666666666666666
2225,max_rounds,0,,,,,1,1,5,4,4,14,14,4,-1,-1,1,profiled_beam,1,1,0.28600290790200233,0.10070051749547322,6,0,0,4,6,6,2,0,0.0,0.3333333333333333,0.0,0.16666666666666666,0.3333333333333333,0,0.0,0.3333333333333333,0.0,0.16666666666666666,0.3333333333333333,0,0.4444444444444444,0.5,0.16666666666666666,0.3333333333333333,0.5,0,0.6666666666666666,0.8333333333333334,0.5,0.6666666666666666,0.6666666666666666
2226,no_strict_e1_improvement,0,,,,,1,0,1,1,1,1,1,4,0,0,-1,current,0,0,0.08088892938879629,0.08088892938879629,9,0,0,0,0,0,0,0,0.0,1.0,0.5,0.75,0.75,0,0.0,1.0,0.5,0.75,0.75,0,0.0,1.0,0.5,0.75,0.75,0,0.0,1.0,0.5,0.75,0.75
2227,no_strict_e1_improvement,0,,,,,1,0,1,1,1,1,1,4,0,0,-1,current,0,0,0.02881411447500189,0.02881411447500189,7,0,0,0,0,0,0,0,0.0,0.5,0.5,0.5,0.5,0,0.0,0.5,0.5,0.5,0.5,0,0.0,0.5,0.5,0.5,0.5,0,0.0,0.5,0.5,0.5,0.5
2228,no_strict_e1_improvement,0,,,,,1,0,1,1,1,1,1,4,0,0,-1,current,0,0,0.014484139469762644,0.014484139469762644,11,9,9,9,9,0,0,1,1.0,1.0,1.0,1.0,1.0,1,1.0,1.0,1.0,1.0,1.0,1,1.0,1.0,1.0,1.0,1.0,1,1.0,1.0,1.0,1.0,1.0
2229,small_component,0,,,,,1,0,0,0,0,0,0,4,0,0,-1,current,0,0,0.3045287976662318,0.3045287976662318,5,5,5,5,5,0,0,0,0.5555555555555556,0.3333333333333333,0.0,0.16666666666666666,0.4166666666666667,0,0.5555555555555556,0.3333333333333333,0.0,0.16666666666666666,0.4166666666666667,0,0.5555555555555556,0.3333333333333333,0.0,0.16666666666666666,0.4166666666666667,0,0.5555555555555556,0.3333333333333333,0.0,0.16666666666666666,0.4166666666666667
2230,small_component,0,,,,,1,0,0,0,0,0,0,4,0,0,-1,current,0,0,0.3794677716990312,0.3794677716990312,6,2,2,2,2,0,0,0,0.2222222222222222,0.3333333333333333,0.0,0.16666666666666666,0.5,0,0.2222222222222222,0.3333333333333333,0.0,0.16666666666666666,0.5,0,0.2222222222222222,0.3333333333333333,0.0,0.16666666666666666,0.5,0,0.2222222222222222,0.3333333333333333,0.0,0.16666666666666666,0.5
2231,no_strict_e1_improvement,0,,,,,1,0,1,1,1,1,1,4,0,0,-1,current,0,0,0.07164817536249757,0.07164817536249757,10,9,9,9,9,0,0,1,1.0,1.0,1.0,1.0,1.0,1,1.0,1.0,1.0,1.0,1.0,1,1.0,1.0,1.0,1.0,1.0,1,1.0,1.0,1.0,1.0,1.0
2232,max_rounds,0,,,,,1,1,5,4,4,15,15,4,-1,-1,1,profiled_beam,1,1,0.22556635310562947,0.15473323152400553,3,1,1,0,0,-1,0,0,0.1111111111111111,0.16666666666666666,0.16666666666666666,0.16666666666666666,0.3333333333333333,0,0.1111111111111111,0.16666666666666666,0.16666666666666666,0.16666666666666666,0.3333333333333333,0,0.0,0.5,0.3333333333333333,0.4166666666666667,0.5,0,0.0,0.3333333333333333,0.5,0.4166666666666667,0.5
2233,no_strict_e1_improvement,0,,,,,1,0,1,1,1,1,1,4,0,0,-1,current,0,0,0.01635585104425748,0.01635585104425748,8,9,9,9,9,0,0,1,1.0,1.0,1.0,1.0,1.0,1,1.0,1.0,1.0,1.0,1.0,1,1.0,1.0,1.0,1.0,1.0,1,1.0,1.0,1.0,1.0,1.0
2234,no_strict_e1_improvement,0,,,,,1,0,1,1,1,1,1,4,0,0,-1,current,0,0,0.003440475401779016,0.003440475401779016,12,9,9,9,9,0,0,1,1.0,1.0,1.0,1.0,1.0,1,1.0,1.0,1.0,1.0,1.0,1,1.0,1.0,1.0,1.0,1.0,1,1.0,1.0,1.0,1.0,1.0
2235,no_strict_e1_improvement,0,,,,,1,0,1,1,1,1,1,4,0,0,-1,current,0,0,0.013446012201408545,0.013446012201408545,9,9,9,9,9,0,0,1,1.0,1.0,1.0,1.0,1.0,1,1.0,1.0,1.0,1.0,1.0,1,1.0,1.0,1.0,1.0,1.0,1,1.0,1.0,1.0,1.0,1.0
2236,max_rounds,0,,,,,1,1,5,4,4,14,14,4,0,0,0,s1a3_greedy,1,0,0.3069814642270406,0.07869246524448197,7,1,1,0,0,-1,0,0,0.1111111111111111,0.5,0.0,0.25,0.4166666666666667,0,0.1111111111111111,0.5,0.0,0.25,0.4166666666666667,0,0.0,0.6666666666666666,0.16666666666666666,0.4166666666666667,0.5,0,0.0,0.6666666666666666,0.16666666666666666,0.4166666666666667,0.5
2237,max_rounds,0,,,,,1,1,5,4,4,11,11,4,0,0,0,s1a3_greedy,1,0,0.29199059881890815,0.05238604855549056,8,1,1,3,3,2,0,0,0.1111111111111111,0.16666666666666666,0.3333333333333333,0.25,0.5,0,0.1111111111111111,0.16666666666666666,0.3333333333333333,0.25,0.5,0,0.3333333333333333,0.6666666666666666,0.5,0.5833333333333334,0.5833333333333334,0,0.3333333333333333,0.6666666666666666,0.5,0.5833333333333334,0.5833333333333334
2238,no_strict_e1_improvement,0,,,,,1,0,1,1,1,1,1,4,0,0,-1,current,0,0,0.01588808186352253,0.01588808186352253,8,0,0,0,0,0,0,0,0.0,1.0,0.5,0.75,0.75,0,0.0,1.0,0.5,0.75,0.75,0,0.0,1.0,0.5,0.75,0.75,0,0.0,1.0,0.5,0.75,0.75
2239,no_strict_e1_improvement,0,,,,,1,0,1,1,1,1,1,4,0,0,-1,current,0,0,0.12700054422020912,0.12700054422020912,8,0,0,0,0,0,0,0,0.0,1.0,0.5,0.75,0.75,0,0.0,1.0,0.5,0.75,0.75,0,0.0,1.0,0.5,0.75,0.75,0,0.0,1.0,0.5,0.75,0.75
2240,no_strict_e1_improvement,0,,,,,1,0,1,1,1,1,1,4,0,0,-1,current,0,0,0.05843200255185366,0.05843200255185366,9,0,0,0,0,0,0,0,0.0,0.5,1.0,0.75,0.75,0,0.0,0.5,1.0,0.75,0.75,0,0.0,0.5,1.0,0.75,0.75,0,0.0,0.5,1.0,0.75,0.75
2241,no_strict_e1_improvement,0,,,,,1,0,5,4,4,15,15,4,0,0,-1,current,0,0,0.13195842504501343,0.13195842504501343,7,0,0,0,0,0,0,0,0.0,0.5,0.8333333333333334,0.6666666666666666,0.6666666666666666,0,0.0,0.5,0.8333333333333334,0.6666666666666666,0.6666666666666666,0,0.0,0.5,0.8333333333333334,0.6666666666666666,0.6666666666666666,0,0.0,0.5,0.8333333333333334,0.6666666666666666,0.6666666666666666
2242,small_component,0,,,,,1,0,0,0,0,0,0,4,0,0,-1,current,0,0,0.19729488187779984,0.19729488187779984,8,4,4,4,4,0,0,0,0.4444444444444444,0.3333333333333333,0.5,0.4166666666666667,0.5,0,0.4444444444444444,0.3333333333333333,0.5,0.4166666666666667,0.5,0,0.4444444444444444,0.3333333333333333,0.5,0.4166666666666667,0.5,0,0.4444444444444444,0.3333333333333333,0.5,0.4166666666666667,0.5
2243,no_strict_e1_improvement,0,,,,,1,0,1,1,1,1,1,4,0,0,-1,current,0,0,0.011641477234661579,0.011641477234661579,12,0,0,0,0,0,0,0,0.0,0.5,1.0,0.75,0.75,0,0.0,0.5,1.0,0.75,0.75,0,0.0,0.5,1.0,0.75,0.75,0,0.0,0.5,1.0,0.75,0.75
2244,partial_completed__no_strict_e1_improvement,1,,3,2,3,1,0,1,1,1,1,1,4,0,0,-1,current,1,0,0.03657138153600196,0.03657138153600196,8,6,9,9,9,3,0,0,0.6666666666666666,0.5,0.6666666666666666,0.5833333333333334,0.5833333333333334,1,1.0,1.0,1.0,1.0,1.0,1,1.0,1.0,1.0,1.0,1.0,1,1.0,1.0,1.0,1.0,1.0
2245,max_rounds,0,,,,,1,1,5,4,4,15,15,4,0,-1,0,s1a3_greedy,1,0,0.22974300694962344,0.12948416359722614,4,3,3,6,6,3,0,0,0.3333333333333333,0.6666666666666666,0.5,0.5833333333333334,0.5833333333333334,0,0.3333333333333333,0.6666666666666666,0.5,0.5833333333333334,0.5833333333333334,0,0.6666666666666666,0.8333333333333334,0.5,0.6666666666666666,0.6666666666666666,0,0.6666666666666666,0.8333333333333334,0.5,0.6666666666666666,0.6666666666666666
2246,max_rounds,0,,,,,1,1,2,2,2,6,6,4,1,0,0,s1a3_greedy,1,0,0.10540270153433084,0.06852339332302411,6,9,9,0,0,-9,0,1,1.0,1.0,1.0,1.0,1.0,1,1.0,1.0,1.0,1.0,1.0,0,0.0,1.0,0.5,0.75,0.75,0,0.0,1.0,0.5,0.75,0.75
2247,no_strict_e1_improvement,0,,,,,1,0,1,1,1,1,1,4,0,0,-1,current,0,0,0.034357877603421606,0.034357877603421606,8,0,0,0,0,0,0,0,0.0,1.0,0.5,0.75,0.75,0,0.0,1.0,0.5,0.75,0.75,0,0.0,1.0,0.5,0.75,0.75,0,0.0,1.0,0.5,0.75,0.75
2248,max_rounds,0,,,,,1,1,3,2,2,5,5,4,0,0,1,profiled_beam,1,1,0.03518788485477368,0.026502226789792378,9,0,0,9,0,0,-9,0,0.0,0.5,0.8333333333333334,0.6666666666666666,0.6666666666666666,0,0.0,0.5,0.8333333333333334,0.6666666666666666,0.6666666666666666,1,1.0,1.0,1.0,1.0,1.0,0,0.0,0.5,1.0,0.75,0.75
2249,max_rounds,0,,,,,1,1,2,2,2,6,6,4,0,-1,0,s1a3_greedy,1,0,0.10034371664126714,0.09825950441882014,6,7,7,1,1,-6,0,0,0.7777777777777778,0.6666666666666666,0.6666666666666666,0.6666666666666666,0.75,0,0.7777777777777778,0.6666666666666666,0.6666666666666666,0.6666666666666666,0.75,0,0.1111111111111111,0.3333333333333333,0.6666666666666666,0.5,0.5833333333333334,0,0.1111111111111111,0.3333333333333333,0.6666666666666666,0.5,0.5833333333333334
2250,no_strict_e1_improvement,0,,,,,1,0,1,1,1,1,1,4,0,0,-1,current,0,0,0.08621613743404548,0.08621613743404548,6,0,0,0,0,0,0,0,0.0,0.6666666666666666,0.5,0.5833333333333334,0.75,0,0.0,0.6666666666666666,0.5,0.5833333333333334,0.75,0,0.0,0.6666666666666666,0.5,0.5833333333333334,0.75,0,0.0,0.6666666666666666,0.5,0.5833333333333334,0.75
2251,no_strict_e1_improvement,0,,,,,1,0,1,1,1,2,2,4,0,0,-1,current,0,0,0.25724259577691555,0.25724259577691555,6,0,0,0,0,0,0,0,0.0,0.16666666666666666,0.5,0.3333333333333333,0.4166666666666667,0,0.0,0.16666666666666666,0.5,0.3333333333333333,0.4166666666666667,0,0.0,0.16666666666666666,0.5,0.3333333333333333,0.4166666666666667,0,0.0,0.16666666666666666,0.5,0.3333333333333333,0.4166666666666667
2252,no_strict_e1_improvement,0,,,,,1,0,2,2,2,7,7,4,0,0,-1,current,0,0,0.15116761300790435,0.15116761300790435,6,1,1,1,1,0,0,0,0.1111111111111111,0.0,0.6666666666666666,0.3333333333333333,0.5833333333333334,0,0.1111111111111111,0.0,0.6666666666666666,0.3333333333333333,0.5833333333333334,0,0.1111111111111111,0.0,0.6666666666666666,0.3333333333333333,0.5833333333333334,0,0.1111111111111111,0.0,0.6666666666666666,0.3333333333333333,0.5833333333333334
2253,no_strict_e1_improvement,0,,,,,1,0,1,1,1,1,1,4,0,0,-1,current,0,0,0.08498278143815696,0.08498278143815696,7,4,4,4,4,0,0,0,0.4444444444444444,0.16666666666666666,0.5,0.3333333333333333,0.4166666666666667,0,0.4444444444444444,0.16666666666666666,0.5,0.3333333333333333,0.4166666666666667,0,0.4444444444444444,0.16666666666666666,0.5,0.3333333333333333,0.4166666666666667,0,0.4444444444444444,0.16666666666666666,0.5,0.3333333333333333,0.4166666666666667
2254,max_rounds,0,,,,,1,1,5,4,4,13,13,4,-1,0,0,s1a3_greedy,1,0,0.14704484042401114,0.06974298677717646,7,0,0,0,0,0,0,0,0.0,0.3333333333333333,0.0,0.16666666666666666,0.25,0,0.0,0.3333333333333333,0.0,0.16666666666666666,0.25,0,0.0,0.5,0.5,0.5,0.5,0,0.0,0.5,0.5,0.5,0.5
2255,no_strict_e1_improvement,0,,,,,1,0,1,1,1,1,1,4,0,0,-1,current,0,0,0.0278810642970105,0.0278810642970105,10,9,9,9,9,0,0,1,1.0,1.0,1.0,1.0,1.0,1,1.0,1.0,1.0,1.0,1.0,1,1.0,1.0,1.0,1.0,1.0,1,1.0,1.0,1.0,1.0,1.0
2256,no_strict_e1_improvement,0,,,,,1,0,1,1,1,1,1,4,0,0,-1,current,0,0,0.013441822491586208,0.013441822491586208,12,0,0,0,0,0,0,0,0.0,0.5,1.0,0.75,0.75,0,0.0,0.5,1.0,0.75,0.75,0,0.0,0.5,1.0,0.75,0.75,0,0.0,0.5,1.0,0.75,0.75
2257,no_strict_e1_improvement,0,,,,,1,0,1,1,1,1,1,4,0,0,-1,current,0,0,0.06289127965768178,0.06289127965768178,11,0,0,0,0,0,0,0,0.0,1.0,0.5,0.75,0.75,0,0.0,1.0,0.5,0.75,0.75,0,0.0,1.0,0.5,0.75,0.75,0,0.0,1.0,0.5,0.75,0.75
2258,no_strict_e1_improvement,0,,,,,1,0,1,1,1,1,1,4,0,0,-1,current,0,0,0.06412198627367616,0.06412198627367616,8,1,1,1,1,0,0,0,0.1111111111111111,0.3333333333333333,0.6666666666666666,0.5,0.6666666666666666,0,0.1111111111111111,0.3333333333333333,0.6666666666666666,0.5,0.6666666666666666,0,0.1111111111111111,0.3333333333333333,0.6666666666666666,0.5,0.6666666666666666,0,0.1111111111111111,0.3333333333333333,0.6666666666666666,0.5,0.6666666666666666
2259,no_strict_e1_improvement,0,,,,,1,0,2,2,2,6,6,4,0,0,-1,current,0,0,0.17688606989880404,0.17688606989880404,7,0,0,0,0,0,0,0,0.0,0.16666666666666666,0.5,0.3333333333333333,0.5,0,0.0,0.16666666666666666,0.5,0.3333333333333333,0.5,0,0.0,0.16666666666666666,0.5,0.3333333333333333,0.5,0,0.0,0.16666666666666666,0.5,0.3333333333333333,0.5
2260,no_strict_e1_improvement,0,,,,,1,0,1,1,1,1,1,4,0,0,-1,current,0,0,0.012049073042968908,0.012049073042968908,11,0,0,0,0,0,0,0,0.0,0.5,0.5,0.5,0.5,0,0.0,0.5,0.5,0.5,0.5,0,0.0,0.5,0.5,0.5,0.5,0,0.0,0.5,0.5,0.5,0.5
2261,small_component,0,,,,,1,0,0,0,0,0,0,4,0,0,-1,current,0,0,0.3135044729957978,0.3135044729957978,4,0,0,0,0,0,0,0,0.0,0.16666666666666666,0.16666666666666666,0.16666666666666666,0.3333333333333333,0,0.0,0.16666666666666666,0.16666666666666666,0.16666666666666666,0.3333333333333333,0,0.0,0.16666666666666666,0.16666666666666666,0.16666666666666666,0.3333333333333333,0,0.0,0.16666666666666666,0.16666666666666666,0.16666666666666666,0.3333333333333333
2262,no_strict_e1_improvement,0,,,,,1,0,1,1,1,2,2,4,0,0,-1,current,0,0,0.11240140333150823,0.11240140333150823,7,0,0,0,0,0,0,0,0.0,0.5,1.0,0.75,0.75,0,0.0,0.5,1.0,0.75,0.75,0,0.0,0.5,1.0,0.75,0.75,0,0.0,0.5,1.0,0.75,0.75
2263,no_strict_e1_improvement,0,,,,,1,0,4,4,4,14,14,4,0,0,-1,current,0,0,0.20813439413905144,0.20813439413905144,8,0,0,0,0,0,0,0,0.0,0.8333333333333334,0.0,0.4166666666666667,0.6666666666666666,0,0.0,0.8333333333333334,0.0,0.4166666666666667,0.6666666666666666,0,0.0,0.8333333333333334,0.0,0.4166666666666667,0.6666666666666666,0,0.0,0.8333333333333334,0.0,0.4166666666666667,0.6666666666666666
2264,small_component,0,,,,,1,0,0,0,0,0,0,4,0,0,-1,current,0,0,0.2890077568590641,0.2890077568590641,6,0,0,0,0,0,0,0,0.0,0.3333333333333333,0.16666666666666666,0.25,0.5833333333333334,0,0.0,0.3333333333333333,0.16666666666666666,0.25,0.5833333333333334,0,0.0,0.3333333333333333,0.16666666666666666,0.25,0.5833333333333334,0,0.0,0.3333333333333333,0.16666666666666666,0.25,0.5833333333333334
2265,no_strict_e1_improvement,0,,,,,1,0,1,1,1,1,1,4,0,0,-1,current,0,0,0.013785271594921747,0.013785271594921747,11,0,0,0,0,0,0,0,0.0,0.5,1.0,0.75,0.75,0,0.0,0.5,1.0,0.75,0.75,0,0.0,0.5,1.0,0.75,0.75,0,0.0,0.5,1.0,0.75,0.75
2266,no_strict_e1_improvement,0,,,,,1,0,1,1,1,1,1,4,0,0,-1,current,0,0,0.025369368648777407,0.025369368648777407,8,9,9,9,9,0,0,1,1.0,1.0,1.0,1.0,1.0,1,1.0,1.0,1.0,1.0,1.0,1,1.0,1.0,1.0,1.0,1.0,1,1.0,1.0,1.0,1.0,1.0
2267,max_rounds,0,,,,,1,1,3,2,2,6,6,4,0,1,1,profiled_beam,1,1,0.09318852828194697,0.024681683629751205,8,0,0,7,9,9,2,0,0.0,0.5,1.0,0.75,0.75,0,0.0,0.5,1.0,0.75,0.75,0,0.7777777777777778,0.6666666666666666,0.6666666666666666,0.6666666666666666,0.8333333333333334,1,1.0,1.0,1.0,1.0,1.0
2268,max_rounds,0,,,,,1,1,2,2,2,6,6,4,0,-1,0,s1a3_greedy,1,0,0.09646431636065245,0.009036507612715164,10,0,0,9,9,9,0,0,0.0,0.5,1.0,0.75,0.75,0,0.0,0.5,1.0,0.75,0.75,1,1.0,1.0,1.0,1.0,1.0,1,1.0,1.0,1.0,1.0,1.0
2269,no_strict_e1_improvement,0,,,,,1,0,1,1,1,1,1,4,0,0,-1,current,0,0,0.04582250237460054,0.04582250237460054,7,6,6,6,6,0,0,0,0.6666666666666666,0.5,0.8333333333333334,0.6666666666666666,0.6666666666666666,0,0.6666666666666666,0.5,0.8333333333333334,0.6666666666666666,0.6666666666666666,0,0.6666666666666666,0.5,0.8333333333333334,0.6666666666666666,0.6666666666666666,0,0.6666666666666666,0.5,0.8333333333333334,0.6666666666666666,0.6666666666666666
2270,partial_completed__max_rounds,1,,3,2,4,1,1,5,4,4,16,16,4,1,-1,0,s1a3_greedy,1,0,0.30519359310468036,0.2500956169484804,5,0,0,0,0,0,0,0,0.0,0.0,0.0,0.0,0.08333333333333333,0,0.0,0.16666666666666666,0.16666666666666666,0.16666666666666666,0.25,0,0.0,0.0,0.5,0.25,0.5,0,0.0,0.0,0.5,0.25,0.5
2271,no_strict_e1_improvement,0,,,,,1,0,4,4,4,14,14,4,0,0,-1,current,0,0,0.21216959009567896,0.21216959009567896,6,2,2,2,2,0,0,0,0.2222222222222222,0.0,0.16666666666666666,0.08333333333333333,0.4166666666666667,0,0.2222222222222222,0.0,0.16666666666666666,0.08333333333333333,0.4166666666666667,0,0.2222222222222222,0.0,0.16666666666666666,0.08333333333333333,0.4166666666666667,0,0.2222222222222222,0.0,0.16666666666666666,0.08333333333333333,0.4166666666666667
2272,no_strict_e1_improvement,0,,,,,1,0,1,1,1,1,1,4,0,0,-1,current,0,0,0.09595867805182934,0.09595867805182934,6,0,0,0,0,0,0,0,0.0,0.5,0.6666666666666666,0.5833333333333334,0.75,0,0.0,0.5,0.6666666666666666,0.5833333333333334,0.75,0,0.0,0.5,0.6666666666666666,0.5833333333333334,0.75,0,0.0,0.5,0.6666666666666666,0.5833333333333334,0.75
2273,small_component,0,,,,,1,0,0,0,0,0,0,4,0,0,-1,current,0,0,0.27762844910224277,0.27762844910224277,7,5,5,5,5,0,0,0,0.5555555555555556,0.16666666666666666,0.6666666666666666,0.4166666666666667,0.75,0,0.5555555555555556,0.16666666666666666,0.6666666666666666,0.4166666666666667,0.75,0,0.5555555555555556,0.16666666666666666,0.6666666666666666,0.4166666666666667,0.75,0,0.5555555555555556,0.16666666666666666,0.6666666666666666,0.4166666666666667,0.75
2274,no_strict_e1_improvement,0,,,,,1,0,1,1,1,1,1,4,0,0,-1,current,0,0,0.010923539598782858,0.010923539598782858,11,9,9,9,9,0,0,1,1.0,1.0,1.0,1.0,1.0,1,1.0,1.0,1.0,1.0,1.0,1,1.0,1.0,1.0,1.0,1.0,1,1.0,1.0,1.0,1.0,1.0
2275,small_component,0,,,,,1,0,0,0,0,0,0,4,0,0,-1,current,0,0,0.3015618925176871,0.3015618925176871,5,1,1,1,1,0,0,0,0.1111111111111111,0.3333333333333333,0.16666666666666666,0.25,0.5,0,0.1111111111111111,0.3333333333333333,0.16666666666666666,0.25,0.5,0,0.1111111111111111,0.3333333333333333,0.16666666666666666,0.25,0.5,0,0.1111111111111111,0.3333333333333333,0.16666666666666666,0.25,0.5
2276,no_strict_e1_improvement,0,,,,,1,0,1,1,1,1,1,4,0,0,-1,current,0,0,0.010711452341638505,0.010711452341638505,10,9,9,9,9,0,0,1,1.0,1.0,1.0,1.0,1.0,1,1.0,1.0,1.0,1.0,1.0,1,1.0,1.0,1.0,1.0,1.0,1,1.0,1.0,1.0,1.0,1.0
2277,small_component,0,,,,,1,0,0,0,0,0,0,4,0,0,-1,current,0,0,0.13196276842306057,0.13196276842306057,8,0,0,0,0,0,0,0,0.0,0.5,1.0,0.75,0.75,0,0.0,0.5,1.0,0.75,0.75,0,0.0,0.5,1.0,0.75,0.75,0,0.0,0.5,1.0,0.75,0.75
2278,max_rounds,0,,,,,1,1,5,4,4,12,12,4,0,0,0,s1a3_greedy,1,0,0.2948783015211423,0.06098430541654428,5,0,0,0,0,0,0,0,0.0,0.16666666666666666,0.3333333333333333,0.25,0.3333333333333333,0,0.0,0.16666666666666666,0.3333333333333333,0.25,0.3333333333333333,0,0.0,0.5,0.6666666666666666,0.5833333333333334,0.6666666666666666,0,0.0,0.5,0.6666666666666666,0.5833333333333334,0.6666666666666666
2279,max_rounds,0,,,,,1,1,2,2,2,6,6,4,0,1,1,profiled_beam,1,1,0.08446505417426427,0.06787114093701045,7,9,9,9,0,-9,-9,1,1.0,1.0,1.0,1.0,1.0,1,1.0,1.0,1.0,1.0,1.0,1,1.0,1.0,1.0,1.0,1.0,0,0.0,0.5,1.0,0.75,0.75
2280,max_rounds,0,,,,,1,1,2,2,2,6,6,4,0,-1,0,s1a3_greedy,1,0,0.12516731955111027,0.06071716050306956,6,0,0,9,9,9,0,0,0.0,0.5,1.0,0.75,0.75,0,0.0,0.5,1.0,0.75,0.75,1,1.0,1.0,1.0,1.0,1.0,1,1.0,1.0,1.0,1.0,1.0
2281,max_rounds,0,,,,,1,1,3,2,2,7,7,4,0,-1,1,profiled_beam,1,1,0.07004531690229972,0.030180047266185284,8,2,2,2,1,-1,-1,0,0.2222222222222222,0.3333333333333333,0.5,0.4166666666666667,0.5,0,0.2222222222222222,0.3333333333333333,0.5,0.4166666666666667,0.5,0,0.2222222222222222,0.3333333333333333,0.5,0.4166666666666667,0.5,0,0.1111111111111111,0.3333333333333333,0.5,0.4166666666666667,0.5833333333333334
2282,no_strict_e1_improvement,0,,,,,1,0,1,1,1,1,1,4,0,0,-1,current,0,0,0.00781798044530054,0.00781798044530054,11,9,9,9,9,0,0,1,1.0,1.0,1.0,1.0,1.0,1,1.0,1.0,1.0,1.0,1.0,1,1.0,1.0,1.0,1.0,1.0,1,1.0,1.0,1.0,1.0,1.0
2283,max_rounds,0,,,,,1,1,3,2,2,6,6,4,-1,0,0,s1a3_greedy,1,0,0.21382347339143357,0.011614812227586905,11,0,0,9,9,9,0,0,0.0,0.6666666666666666,0.5,0.5833333333333334,0.75,0,0.0,0.6666666666666666,0.5,0.5833333333333334,0.75,1,1.0,1.0,1.0,1.0,1.0,1,1.0,1.0,1.0,1.0,1.0
2284,no_strict_e1_improvement,0,,,,,1,0,1,1,1,1,1,4,0,0,-1,current,0,0,0.07785541734968622,0.07785541734968622,9,9,9,9,9,0,0,1,1.0,1.0,1.0,1.0,1.0,1,1.0,1.0,1.0,1.0,1.0,1,1.0,1.0,1.0,1.0,1.0,1,1.0,1.0,1.0,1.0,1.0
2285,no_strict_e1_improvement,0,,,,,1,0,1,1,1,1,1,4,0,0,-1,current,0,0,0.005231524507204692,0.005231524507204692,11,9,9,9,9,0,0,1,1.0,1.0,1.0,1.0,1.0,1,1.0,1.0,1.0,1.0,1.0,1,1.0,1.0,1.0,1.0,1.0,1,1.0,1.0,1.0,1.0,1.0
2286,no_strict_e1_improvement,0,,,,,1,0,1,1,1,1,1,4,0,0,-1,current,0,0,0.0204691366913418,0.0204691366913418,9,0,0,0,0,0,0,0,0.0,0.5,0.5,0.5,0.5,0,0.0,0.5,0.5,0.5,0.5,0,0.0,0.5,0.5,0.5,0.5,0,0.0,0.5,0.5,0.5,0.5
2287,max_rounds,0,,,,,1,1,4,4,4,12,12,4,-1,1,0,s1a3_greedy,1,0,0.11924065959950288,0.07996864469411473,7,0,0,0,0,0,0,0,0.0,1.0,0.5,0.75,0.75,0,0.0,1.0,0.5,0.75,0.75,0,0.0,0.5,0.6666666666666666,0.5833333333333334,0.5833333333333334,0,0.0,0.5,0.6666666666666666,0.5833333333333334,0.5833333333333334
2288,no_strict_e1_improvement,0,,,,,1,0,1,1,1,1,1,4,0,0,-1,current,0,0,0.00450114396517165,0.00450114396517165,10,0,0,0,0,0,0,0,0.0,0.5,1.0,0.75,0.75,0,0.0,0.5,1.0,0.75,0.75,0,0.0,0.5,1.0,0.75,0.75,0,0.0,0.5,1.0,0.75,0.75
2289,no_strict_e1_improvement,0,,,,,1,0,1,1,1,1,1,4,0,0,-1,current,0,0,0.02881837481011947,0.02881837481011947,10,0,0,0,0,0,0,0,0.0,0.5,1.0,0.75,0.75,0,0.0,0.5,1.0,0.75,0.75,0,0.0,0.5,1.0,0.75,0.75,0,0.0,0.5,1.0,0.75,0.75
2290,no_strict_e1_improvement,0,,,,,1,0,1,1,1,1,1,4,0,0,-1,current,0,0,0.004726584690312545,0.004726584690312545,12,9,9,9,9,0,0,1,1.0,1.0,1.0,1.0,1.0,1,1.0,1.0,1.0,1.0,1.0,1,1.0,1.0,1.0,1.0,1.0,1,1.0,1.0,1.0,1.0,1.0
2291,no_strict_e1_improvement,0,,,,,1,0,1,1,1,1,1,4,0,0,-1,current,0,0,0.07388561964035034,0.07388561964035034,11,0,0,0,0,0,0,0,0.0,0.5,1.0,0.75,0.75,0,0.0,0.5,1.0,0.75,0.75,0,0.0,0.5,1.0,0.75,0.75,0,0.0,0.5,1.0,0.75,0.75
2292,partial_completed__small_component,1,,3,2,4,1,0,0,0,0,0,0,4,0,0,-1,current,1,0,0.20162844487155476,0.20162844487155476,5,1,5,5,5,4,0,0,0.1111111111111111,0.16666666666666666,0.3333333333333333,0.25,0.25,0,0.5555555555555556,0.3333333333333333,0.3333333333333333,0.3333333333333333,0.4166666666666667,0,0.5555555555555556,0.3333333333333333,0.3333333333333333,0.3333333333333333,0.4166666666666667,0,0.5555555555555556,0.3333333333333333,0.3333333333333333,0.3333333333333333,0.4166666666666667
2293,no_strict_e1_improvement,0,,,,,1,0,1,1,1,1,1,4,0,0,-1,current,0,0,0.02304864798982938,0.02304864798982938,8,9,9,9,9,0,0,1,1.0,1.0,1.0,1.0,1.0,1,1.0,1.0,1.0,1.0,1.0,1,1.0,1.0,1.0,1.0,1.0,1,1.0,1.0,1.0,1.0,1.0
2294,max_rounds,0,,,,,1,1,4,4,4,13,13,4,1,0,0,s1a3_greedy,1,0,0.1659133704379201,0.14006659908530614,5,2,2,0,0,-2,0,0,0.2222222222222222,0.0,0.3333333333333333,0.16666666666666666,0.4166666666666667,0,0.2222222222222222,0.0,0.3333333333333333,0.16666666666666666,0.4166666666666667,0,0.0,0.0,0.3333333333333333,0.16666666666666666,0.5,0,0.0,0.0,0.3333333333333333,0.16666666666666666,0.5
2295,no_strict_e1_improvement,0,,,,,1,0,1,1,1,2,2,4,0,0,-1,current,0,0,0.127787785915037,0.127787785915037,8,0,0,0,0,0,0,0,0.0,0.5,1.0,0.75,0.75,0,0.0,0.5,1.0,0.75,0.75,0,0.0,0.5,1.0,0.75,0.75,0,0.0,0.5,1.0,0.75,0.75
2296,partial_completed__no_strict_e1_improvement,1,,3,2,3,1,0,1,1,1,1,1,4,0,0,-1,current,1,0,0.025290525207916897,0.025290525207916897,11,0,0,0,0,0,0,0,0.0,0.0,0.6666666666666666,0.3333333333333333,0.3333333333333333,0,0.0,0.5,1.0,0.75,0.75,0,0.0,0.5,1.0,0.75,0.75,0,0.0,0.5,1.0,0.75,0.75
2297,small_component,0,,,,,1,0,0,0,0,0,0,4,0,0,-1,current,0,0,0.3468093005940318,0.3468093005940318,6,2,2,2,2,0,0,0,0.2222222222222222,0.5,0.0,0.25,0.5,0,0.2222222222222222,0.5,0.0,0.25,0.5,0,0.2222222222222222,0.5,0.0,0.25,0.5,0,0.2222222222222222,0.5,0.0,0.25,0.5
2298,no_strict_e1_improvement,0,,,,,1,0,2,2,2,6,6,4,0,0,-1,current,0,0,0.2344523804883162,0.2344523804883162,5,3,3,3,3,0,0,0,0.3333333333333333,0.3333333333333333,0.3333333333333333,0.3333333333333333,0.6666666666666666,0,0.3333333333333333,0.3333333333333333,0.3333333333333333,0.3333333333333333,0.6666666666666666,0,0.3333333333333333,0.3333333333333333,0.3333333333333333,0.3333333333333333,0.6666666666666666,0,0.3333333333333333,0.3333333333333333,0.3333333333333333,0.3333333333333333,0.6666666666666666
2299,partial_completed__max_rounds,1,,3,2,4,1,1,3,2,2,8,8,4,0,0,0,s1a3_greedy,1,0,0.2110575915624698,0.18768406783541045,4,1,1,1,1,0,0,0,0.1111111111111111,0.0,0.0,0.0,0.08333333333333333,0,0.1111111111111111,0.16666666666666666,0.16666666666666666,0.16666666666666666,0.3333333333333333,0,0.1111111111111111,0.16666666666666666,0.0,0.08333333333333333,0.4166666666666667,0,0.1111111111111111,0.16666666666666666,0.0,0.08333333333333333,0.4166666666666667
2300,no_strict_e1_improvement,0,,,,,1,0,1,1,1,1,1,4,0,0,-1,current,0,0,0.01173032762017101,0.01173032762017101,10,9,9,9,9,0,0,1,1.0,1.0,1.0,1.0,1.0,1,1.0,1.0,1.0,1.0,1.0,1,1.0,1.0,1.0,1.0,1.0,1,1.0,1.0,1.0,1.0,1.0
2301,no_strict_e1_improvement,0,,,,,1,0,1,1,1,1,1,4,0,0,-1,current,0,0,0.01968458799334864,0.01968458799334864,9,9,9,9,9,0,0,1,1.0,1.0,1.0,1.0,1.0,1,1.0,1.0,1.0,1.0,1.0,1,1.0,1.0,1.0,1.0,1.0,1,1.0,1.0,1.0,1.0,1.0
2302,no_strict_e1_improvement,0,,,,,1,0,1,1,1,1,1,4,0,0,-1,current,0,0,0.021747086740409333,0.021747086740409333,7,9,9,9,9,0,0,1,1.0,1.0,1.0,1.0,1.0,1,1.0,1.0,1.0,1.0,1.0,1,1.0,1.0,1.0,1.0,1.0,1,1.0,1.0,1.0,1.0,1.0
2303,max_rounds,0,,,,,1,1,2,2,2,6,6,4,1,0,0,s1a3_greedy,1,0,0.08095738983441454,0.018742000305792317,9,0,0,9,9,9,0,0,0.0,1.0,0.5,0.75,0.75,0,0.0,1.0,0.5,0.75,0.75,1,1.0,1.0,1.0,1.0,1.0,1,1.0,1.0,1.0,1.0,1.0
2304,max_rounds,0,,,,,1,1,5,4,4,14,14,4,0,-1,0,s1a3_greedy,1,0,0.27190710968958837,0.0475373180427899,7,0,0,0,0,0,0,0,0.0,0.5,0.16666666666666666,0.3333333333333333,0.5,0,0.0,0.5,0.16666666666666666,0.3333333333333333,0.5,0,0.0,0.5,0.16666666666666666,0.3333333333333333,0.4166666666666667,0,0.0,0.5,0.16666666666666666,0.3333333333333333,0.4166666666666667
2305,max_rounds,0,,,,,1,1,4,4,4,16,16,4,1,1,1,profiled_beam,1,1,0.2199452924542129,0.192140202911105,6,4,4,4,0,-4,-4,0,0.4444444444444444,0.3333333333333333,0.5,0.4166666666666667,0.5,0,0.4444444444444444,0.3333333333333333,0.5,0.4166666666666667,0.5,0,0.4444444444444444,0.3333333333333333,0.5,0.4166666666666667,0.4166666666666667,0,0.0,0.16666666666666666,0.6666666666666666,0.4166666666666667,0.5
2306,max_rounds,0,,,,,1,1,3,2,2,8,8,4,1,0,0,s1a3_greedy,1,0,0.30551841855049133,0.26226219270999235,5,1,1,0,0,-1,0,0,0.1111111111111111,0.0,0.5,0.25,0.5833333333333334,0,0.1111111111111111,0.0,0.5,0.25,0.5833333333333334,0,0.0,0.16666666666666666,0.3333333333333333,0.25,0.5,0,0.0,0.16666666666666666,0.3333333333333333,0.25,0.5
2307,max_rounds,0,,,,,1,1,2,2,2,6,6,4,0,1,0,s1a3_greedy,1,0,0.07116246223449707,0.0683483163981388,10,9,9,0,0,-9,0,1,1.0,1.0,1.0,1.0,1.0,1,1.0,1.0,1.0,1.0,1.0,0,0.0,0.5,1.0,0.75,0.75,0,0.0,0.5,1.0,0.75,0.75
2308,max_rounds,0,,,,,1,1,3,2,2,6,6,4,0,0,0,s1a3_greedy,1,0,0.22082796723892292,0.05349783878773451,8,7,7,9,9,2,0,0,0.7777777777777778,0.6666666666666666,0.6666666666666666,0.6666666666666666,0.75,0,0.7777777777777778,0.6666666666666666,0.6666666666666666,0.6666666666666666,0.75,1,1.0,1.0,1.0,1.0,1.0,1,1.0,1.0,1.0,1.0,1.0
2309,no_strict_e1_improvement,0,,,,,1,0,1,1,1,1,1,4,0,0,-1,current,0,0,0.024345284095034003,0.024345284095034003,11,9,9,9,9,0,0,1,1.0,1.0,1.0,1.0,1.0,1,1.0,1.0,1.0,1.0,1.0,1,1.0,1.0,1.0,1.0,1.0,1,1.0,1.0,1.0,1.0,1.0
2310,no_strict_e1_improvement,0,,,,,1,0,1,1,1,1,1,4,0,0,-1,current,0,0,0.03239902636657158,0.03239902636657158,9,9,9,9,9,0,0,1,1.0,1.0,1.0,1.0,1.0,1,1.0,1.0,1.0,1.0,1.0,1,1.0,1.0,1.0,1.0,1.0,1,1.0,1.0,1.0,1.0,1.0
2311,no_strict_e1_improvement,0,,,,,1,0,1,1,1,1,1,4,0,0,-1,current,0,0,0.0013764193281531334,0.0013764193281531334,12,0,0,0,0,0,0,0,0.0,0.5,1.0,0.75,0.75,0,0.0,0.5,1.0,0.75,0.75,0,0.0,0.5,1.0,0.75,0.75,0,0.0,0.5,1.0,0.75,0.75
2312,small_component,0,,,,,1,0,0,0,0,0,0,4,0,0,-1,current,0,0,0.15398562513291836,0.15398562513291836,7,0,0,0,0,0,0,0,0.0,0.5,0.5,0.5,0.5,0,0.0,0.5,0.5,0.5,0.5,0,0.0,0.5,0.5,0.5,0.5,0,0.0,0.5,0.5,0.5,0.5
2313,no_strict_e1_improvement,0,,,,,1,0,4,4,4,10,10,4,0,0,-1,current,0,0,0.06841487251222134,0.06841487251222134,8,6,6,6,6,0,0,0,0.6666666666666666,0.5,0.8333333333333334,0.6666666666666666,0.6666666666666666,0,0.6666666666666666,0.5,0.8333333333333334,0.6666666666666666,0.6666666666666666,0,0.6666666666666666,0.5,0.8333333333333334,0.6666666666666666,0.6666666666666666,0,0.6666666666666666,0.5,0.8333333333333334,0.6666666666666666,0.6666666666666666
2314,no_strict_e1_improvement,0,,,,,1,0,1,1,1,1,1,4,0,0,-1,current,0,0,0.09030651363233726,0.09030651363233726,8,0,0,0,0,0,0,0,0.0,0.5,0.5,0.5,0.5,0,0.0,0.5,0.5,0.5,0.5,0,0.0,0.5,0.5,0.5,0.5,0,0.0,0.5,0.5,0.5,0.5
2315,max_rounds,0,,,,,1,1,3,2,2,6,6,4,0,0,0,s1a3_greedy,1,0,0.17787378281354904,0.027240477191905182,8,0,0,0,0,0,0,0,0.0,0.16666666666666666,0.6666666666666666,0.4166666666666667,0.5,0,0.0,0.16666666666666666,0.6666666666666666,0.4166666666666667,0.5,0,0.0,0.5,1.0,0.75,0.75,0,0.0,0.5,1.0,0.75,0.75
2316,no_strict_e1_improvement,0,,,,,1,0,2,2,2,6,6,4,0,0,-1,current,0,0,0.08353437793751557,0.08353437793751557,6,6,6,6,6,0,0,0,0.6666666666666666,0.8333333333333334,0.5,0.6666666666666666,0.6666666666666666,0,0.6666666666666666,0.8333333333333334,0.5,0.6666666666666666,0.6666666666666666,0,0.6666666666666666,0.8333333333333334,0.5,0.6666666666666666,0.6666666666666666,0,0.6666666666666666,0.8333333333333334,0.5,0.6666666666666666,0.6666666666666666
2317,max_rounds,0,,,,,1,1,2,2,2,6,6,4,0,1,0,s1a3_greedy,1,0,0.051764316546420254,0.040218559093773365,11,0,0,0,0,0,0,0,0.0,0.5,1.0,0.75,0.75,0,0.0,0.5,1.0,0.75,0.75,0,0.0,0.5,1.0,0.75,0.75,0,0.0,0.5,1.0,0.75,0.75
2318,no_strict_e1_improvement,0,,,,,1,0,2,2,2,6,6,4,0,0,-1,current,0,0,0.08439722111991917,0.08439722111991917,7,9,9,9,9,0,0,1,1.0,1.0,1.0,1.0,1.0,1,1.0,1.0,1.0,1.0,1.0,1,1.0,1.0,1.0,1.0,1.0,1,1.0,1.0,1.0,1.0,1.0
2319,max_rounds,0,,,,,1,1,3,2,2,5,5,4,0,0,0,s1a3_greedy,1,0,0.14905541576445103,0.018140940306087334,9,7,7,9,9,2,0,0,0.7777777777777778,0.6666666666666666,0.6666666666666666,0.6666666666666666,0.8333333333333334,0,0.7777777777777778,0.6666666666666666,0.6666666666666666,0.6666666666666666,0.8333333333333334,1,1.0,1.0,1.0,1.0,1.0,1,1.0,1.0,1.0,1.0,1.0
2320,max_rounds,0,,,,,1,1,5,4,4,13,13,4,0,0,1,profiled_beam,1,1,0.15392720140516758,0.062387363674739994,6,4,4,0,4,0,4,0,0.4444444444444444,0.16666666666666666,0.3333333333333333,0.25,0.3333333333333333,0,0.4444444444444444,0.16666666666666666,0.3333333333333333,0.25,0.3333333333333333,0,0.0,0.16666666666666666,0.3333333333333333,0.25,0.4166666666666667,0,0.4444444444444444,0.16666666666666666,0.5,0.3333333333333333,0.4166666666666667
2321,no_strict_e1_improvement,0,,,,,1,0,1,1,1,1,1,4,0,0,-1,current,0,0,0.01101125031709671,0.01101125031709671,11,9,9,9,9,0,0,1,1.0,1.0,1.0,1.0,1.0,1,1.0,1.0,1.0,1.0,1.0,1,1.0,1.0,1.0,1.0,1.0,1,1.0,1.0,1.0,1.0,1.0
2322,no_strict_e1_improvement,0,,,,,1,0,2,2,2,6,6,4,0,0,-1,current,0,0,0.0890691364184022,0.0890691364184022,7,0,0,0,0,0,0,0,0.0,0.16666666666666666,0.5,0.3333333333333333,0.5,0,0.0,0.16666666666666666,0.5,0.3333333333333333,0.5,0,0.0,0.16666666666666666,0.5,0.3333333333333333,0.5,0,0.0,0.16666666666666666,0.5,0.3333333333333333,0.5
2323,max_rounds,0,,,,,1,1,2,2,2,6,6,4,0,-1,0,s1a3_greedy,1,0,0.08698668020466964,0.012625481312473616,12,0,0,9,9,9,0,0,0.0,0.5,1.0,0.75,0.75,0,0.0,0.5,1.0,0.75,0.75,1,1.0,1.0,1.0,1.0,1.0,1,1.0,1.0,1.0,1.0,1.0
2324,small_component,0,,,,,1,0,0,0,0,0,0,4,0,0,-1,current,0,0,0.1638478652263681,0.1638478652263681,6,0,0,0,0,0,0,0,0.0,0.3333333333333333,0.5,0.4166666666666667,0.5833333333333334,0,0.0,0.3333333333333333,0.5,0.4166666666666667,0.5833333333333334,0,0.0,0.3333333333333333,0.5,0.4166666666666667,0.5833333333333334,0,0.0,0.3333333333333333,0.5,0.4166666666666667,0.5833333333333334
2325,max_rounds,0,,,,,1,1,3,2,2,6,6,4,0,1,0,s1a3_greedy,1,0,0.22655412058035532,0.0,12,0,0,9,9,9,0,0,0.0,0.5,0.8333333333333334,0.6666666666666666,0.6666666666666666,0,0.0,0.5,0.8333333333333334,0.6666666666666666,0.6666666666666666,1,1.0,1.0,1.0,1.0,1.0,1,1.0,1.0,1.0,1.0,1.0
2326,max_rounds,0,,,,,1,1,5,4,4,15,15,4,0,0,1,profiled_beam,1,1,0.22522038993580887,0.07082063328319539,4,1,1,0,0,-1,0,0,0.1111111111111111,0.3333333333333333,0.16666666666666666,0.25,0.4166666666666667,0,0.1111111111111111,0.3333333333333333,0.16666666666666666,0.25,0.4166666666666667,0,0.0,0.16666666666666666,0.0,0.08333333333333333,0.25,0,0.0,0.5,0.3333333333333333,0.4166666666666667,0.5833333333333334
2327,no_strict_e1_improvement,0,,,,,1,0,1,1,1,1,1,4,0,0,-1,current,0,0,0.026622988438854616,0.026622988438854616,11,9,9,9,9,0,0,1,1.0,1.0,1.0,1.0,1.0,1,1.0,1.0,1.0,1.0,1.0,1,1.0,1.0,1.0,1.0,1.0,1,1.0,1.0,1.0,1.0,1.0
2328,no_strict_e1_improvement,0,,,,,1,0,2,2,2,6,6,4,0,0,-1,current,0,0,0.03212876493732134,0.03212876493732134,9,0,0,0,0,0,0,0,0.0,1.0,0.5,0.75,0.75,0,0.0,1.0,0.5,0.75,0.75,0,0.0,1.0,0.5,0.75,0.75,0,0.0,1.0,0.5,0.75,0.75
2329,no_strict_e1_improvement,0,,,,,1,0,1,1,1,1,1,4,0,0,-1,current,0,0,0.06722622147450845,0.06722622147450845,9,0,0,0,0,0,0,0,0.0,0.5,1.0,0.75,0.75,0,0.0,0.5,1.0,0.75,0.75,0,0.0,0.5,1.0,0.75,0.75,0,0.0,0.5,1.0,0.75,0.75
2330,no_strict_e1_improvement,0,,,,,1,0,1,1,1,1,1,4,0,0,-1,current,0,0,0.01524711101471136,0.01524711101471136,10,0,0,0,0,0,0,0,0.0,0.5,0.8333333333333334,0.6666666666666666,0.6666666666666666,0,0.0,0.5,0.8333333333333334,0.6666666666666666,0.6666666666666666,0,0.0,0.5,0.8333333333333334,0.6666666666666666,0.6666666666666666,0,0.0,0.5,0.8333333333333334,0.6666666666666666,0.6666666666666666
2331,no_strict_e1_improvement,0,,,,,1,0,1,1,1,1,1,4,0,0,-1,current,0,0,0.11494298279285431,0.11494298279285431,9,0,0,0,0,0,0,0,0.0,0.5,0.3333333333333333,0.4166666666666667,0.5833333333333334,0,0.0,0.5,0.3333333333333333,0.4166666666666667,0.5833333333333334,0,0.0,0.5,0.3333333333333333,0.4166666666666667,0.5833333333333334,0,0.0,0.5,0.3333333333333333,0.4166666666666667,0.5833333333333334
2332,no_strict_e1_improvement,0,,,,,1,0,1,1,1,1,1,4,0,0,-1,current,0,0,0.09070403377215068,0.09070403377215068,10,9,9,9,9,0,0,1,1.0,1.0,1.0,1.0,1.0,1,1.0,1.0,1.0,1.0,1.0,1,1.0,1.0,1.0,1.0,1.0,1,1.0,1.0,1.0,1.0,1.0
2333,no_strict_e1_improvement,0,,,,,1,0,1,1,1,1,1,4,0,0,-1,current,0,0,0.07387107703834772,0.07387107703834772,8,0,0,0,0,0,0,0,0.0,0.5,1.0,0.75,0.75,0,0.0,0.5,1.0,0.75,0.75,0,0.0,0.5,1.0,0.75,0.75,0,0.0,0.5,1.0,0.75,0.75
2334,no_strict_e1_improvement,0,,,,,1,0,1,1,1,1,1,4,0,0,-1,current,0,0,0.01463421294465661,0.01463421294465661,11,0,0,0,0,0,0,0,0.0,0.5,1.0,0.75,0.75,0,0.0,0.5,1.0,0.75,0.75,0,0.0,0.5,1.0,0.75,0.75,0,0.0,0.5,1.0,0.75,0.75
2335,max_rounds,0,,,,,1,1,4,4,4,10,10,4,0,1,0,s1a3_greedy,1,0,0.09152897447347641,0.08897931152023375,6,0,0,0,0,0,0,0,0.0,0.5,1.0,0.75,0.75,0,0.0,0.5,1.0,0.75,0.75,0,0.0,0.5,1.0,0.75,0.75,0,0.0,0.5,1.0,0.75,0.75
2336,partial_completed__max_rounds,1,,3,2,4,1,1,5,4,4,15,15,4,0,1,1,profiled_beam,1,1,0.25744206287587684,0.2272632710325221,5,4,4,3,0,-4,-3,0,0.4444444444444444,0.16666666666666666,0.5,0.3333333333333333,0.4166666666666667,0,0.4444444444444444,0.16666666666666666,0.6666666666666666,0.4166666666666667,0.5,0,0.3333333333333333,0.0,0.8333333333333334,0.4166666666666667,0.4166666666666667,0,0.0,0.0,0.8333333333333334,0.4166666666666667,0.6666666666666666
2337,small_component,0,,,,,1,0,0,0,0,0,0,4,0,0,-1,current,0,0,0.3843858440717061,0.3843858440717061,5,4,4,4,4,0,0,0,0.4444444444444444,0.16666666666666666,0.3333333333333333,0.25,0.4166666666666667,0,0.4444444444444444,0.16666666666666666,0.3333333333333333,0.25,0.4166666666666667,0,0.4444444444444444,0.16666666666666666,0.3333333333333333,0.25,0.4166666666666667,0,0.4444444444444444,0.16666666666666666,0.3333333333333333,0.25,0.4166666666666667
2338,max_rounds,0,,,,,1,1,3,2,2,6,6,4,1,0,0,s1a3_greedy,1,0,0.14214875300725302,0.01795230250960837,10,7,7,0,0,-7,0,0,0.7777777777777778,0.6666666666666666,0.6666666666666666,0.6666666666666666,0.75,0,0.7777777777777778,0.6666666666666666,0.6666666666666666,0.6666666666666666,0.75,0,0.0,1.0,0.5,0.75,0.75,0,0.0,1.0,0.5,0.75,0.75
2339,max_rounds,0,,,,,1,1,3,2,2,6,6,4,0,0,0,s1a3_greedy,1,0,0.246156052298223,0.11715427840438981,6,5,5,7,7,2,0,0,0.5555555555555556,0.3333333333333333,0.5,0.4166666666666667,0.5833333333333334,0,0.5555555555555556,0.3333333333333333,0.5,0.4166666666666667,0.5833333333333334,0,0.7777777777777778,0.6666666666666666,0.6666666666666666,0.6666666666666666,0.75,0,0.7777777777777778,0.6666666666666666,0.6666666666666666,0.6666666666666666,0.75
2340,max_rounds,0,,,,,1,1,5,4,4,13,13,4,0,0,1,profiled_beam,1,1,0.2679334587107102,0.14104102862377962,6,1,1,4,0,-1,-4,0,0.1111111111111111,0.16666666666666666,0.3333333333333333,0.25,0.4166666666666667,0,0.1111111111111111,0.16666666666666666,0.3333333333333333,0.25,0.4166666666666667,0,0.4444444444444444,0.3333333333333333,0.5,0.4166666666666667,0.5,0,0.0,0.16666666666666666,0.3333333333333333,0.25,0.3333333333333333
2341,partial_completed__no_strict_e1_improvement,1,,3,2,3,1,0,2,2,2,8,8,4,0,0,-1,current,1,0,0.07602386580159266,0.07602386580159266,8,0,9,9,9,9,0,0,0.0,0.6666666666666666,0.5,0.5833333333333334,0.5833333333333334,1,1.0,1.0,1.0,1.0,1.0,1,1.0,1.0,1.0,1.0,1.0,1,1.0,1.0,1.0,1.0,1.0
2342,no_strict_e1_improvement,0,,,,,1,0,1,1,1,1,1,4,0,0,-1,current,0,0,0.052414515210936465,0.052414515210936465,8,0,0,0,0,0,0,0,0.0,0.5,1.0,0.75,0.75,0,0.0,0.5,1.0,0.75,0.75,0,0.0,0.5,1.0,0.75,0.75,0,0.0,0.5,1.0,0.75,0.75
2343,no_strict_e1_improvement,0,,,,,1,0,1,1,1,1,1,4,0,0,-1,current,0,0,0.0065362049887577696,0.0065362049887577696,11,9,9,9,9,0,0,1,1.0,1.0,1.0,1.0,1.0,1,1.0,1.0,1.0,1.0,1.0,1,1.0,1.0,1.0,1.0,1.0,1,1.0,1.0,1.0,1.0,1.0
2344,no_strict_e1_improvement,0,,,,,1,0,1,1,1,1,1,4,0,0,-1,current,0,0,0.03776419069617987,0.03776419069617987,9,9,9,9,9,0,0,1,1.0,1.0,1.0,1.0,1.0,1,1.0,1.0,1.0,1.0,1.0,1,1.0,1.0,1.0,1.0,1.0,1,1.0,1.0,1.0,1.0,1.0
2345,no_strict_e1_improvement,0,,,,,1,0,1,1,1,1,1,4,0,0,-1,current,0,0,0.17543620484260222,0.17543620484260222,8,1,1,1,1,0,0,0,0.1111111111111111,0.0,0.3333333333333333,0.16666666666666666,0.3333333333333333,0,0.1111111111111111,0.0,0.3333333333333333,0.16666666666666666,0.3333333333333333,0,0.1111111111111111,0.0,0.3333333333333333,0.16666666666666666,0.3333333333333333,0,0.1111111111111111,0.0,0.3333333333333333,0.16666666666666666,0.3333333333333333
2346,no_strict_e1_improvement,0,,,,,1,0,1,1,1,1,1,4,0,0,-1,current,0,0,0.02637143984126548,0.02637143984126548,8,0,0,0,0,0,0,0,0.0,0.5,1.0,0.75,0.75,0,0.0,0.5,1.0,0.75,0.75,0,0.0,0.5,1.0,0.75,0.75,0,0.0,0.5,1.0,0.75,0.75
2347,no_strict_e1_improvement,0,,,,,1,0,1,1,1,1,1,4,0,0,-1,current,0,0,0.08114507173498471,0.08114507173498471,9,0,0,0,0,0,0,0,0.0,1.0,0.5,0.75,0.75,0,0.0,1.0,0.5,0.75,0.75,0,0.0,1.0,0.5,0.75,0.75,0,0.0,1.0,0.5,0.75,0.75
2348,max_rounds,0,,,,,1,1,3,2,2,6,6,4,0,0,0,s1a3_greedy,1,0,0.22888350548843542,0.0520301202001671,6,7,7,9,9,2,0,0,0.7777777777777778,0.6666666666666666,0.6666666666666666,0.6666666666666666,0.75,0,0.7777777777777778,0.6666666666666666,0.6666666666666666,0.6666666666666666,0.75,1,1.0,1.0,1.0,1.0,1.0,1,1.0,1.0,1.0,1.0,1.0
2349,partial_completed__no_strict_e1_improvement,1,,3,2,4,1,0,2,2,2,7,7,4,0,0,-1,current,1,0,0.2768470918138822,0.2768470918138822,6,0,0,0,0,0,0,0,0.0,0.3333333333333333,0.3333333333333333,0.3333333333333333,0.3333333333333333,0,0.0,0.6666666666666666,0.5,0.5833333333333334,0.6666666666666666,0,0.0,0.6666666666666666,0.5,0.5833333333333334,0.6666666666666666,0,0.0,0.6666666666666666,0.5,0.5833333333333334,0.6666666666666666
2350,no_strict_e1_improvement,0,,,,,1,0,1,1,1,1,1,4,0,0,-1,current,0,0,0.08685713866725564,0.08685713866725564,7,9,9,9,9,0,0,1,1.0,1.0,1.0,1.0,1.0,1,1.0,1.0,1.0,1.0,1.0,1,1.0,1.0,1.0,1.0,1.0,1,1.0,1.0,1.0,1.0,1.0
2351,max_rounds,0,,,,,1,1,5,4,4,14,14,4,-1,-1,0,s1a3_greedy,1,0,0.23854837411393723,0.050557175651192665,6,0,0,0,0,0,0,0,0.0,0.3333333333333333,0.16666666666666666,0.25,0.4166666666666667,0,0.0,0.3333333333333333,0.16666666666666666,0.25,0.4166666666666667,0,0.0,0.5,0.3333333333333333,0.4166666666666667,0.5833333333333334,0,0.0,0.5,0.3333333333333333,0.4166666666666667,0.5833333333333334
2352,no_strict_e1_improvement,0,,,,,1,0,1,1,1,1,1,4,0,0,-1,current,0,0,0.008126974105834961,0.008126974105834961,10,9,9,9,9,0,0,1,1.0,1.0,1.0,1.0,1.0,1,1.0,1.0,1.0,1.0,1.0,1,1.0,1.0,1.0,1.0,1.0,1,1.0,1.0,1.0,1.0,1.0
2353,small_component,0,,,,,1,0,0,0,0,0,0,4,0,0,-1,current,0,0,0.35422897587219876,0.35422897587219876,5,4,4,4,4,0,0,0,0.4444444444444444,0.5,0.16666666666666666,0.3333333333333333,0.4166666666666667,0,0.4444444444444444,0.5,0.16666666666666666,0.3333333333333333,0.4166666666666667,0,0.4444444444444444,0.5,0.16666666666666666,0.3333333333333333,0.4166666666666667,0,0.4444444444444444,0.5,0.16666666666666666,0.3333333333333333,0.4166666666666667
2354,max_rounds,0,,,,,1,1,3,2,2,5,5,4,0,0,0,s1a3_greedy,1,0,0.22855653893202543,0.09169487344721954,6,2,2,1,1,-1,0,0,0.2222222222222222,0.16666666666666666,0.3333333333333333,0.25,0.4166666666666667,0,0.2222222222222222,0.16666666666666666,0.3333333333333333,0.25,0.4166666666666667,0,0.1111111111111111,0.3333333333333333,0.6666666666666666,0.5,0.5833333333333334,0,0.1111111111111111,0.3333333333333333,0.6666666666666666,0.5,0.5833333333333334
2355,max_rounds,0,,,,,1,1,2,2,2,7,7,4,-1,0,0,s1a3_greedy,1,0,0.09962167342503865,0.022192078952987988,10,0,0,9,9,9,0,0,0.0,1.0,0.5,0.75,0.75,0,0.0,1.0,0.5,0.75,0.75,1,1.0,1.0,1.0,1.0,1.0,1,1.0,1.0,1.0,1.0,1.0
2356,no_strict_e1_improvement,0,,,,,1,0,1,1,1,1,1,4,0,0,-1,current,0,0,0.02971443390318503,0.02971443390318503,9,9,9,9,9,0,0,1,1.0,1.0,1.0,1.0,1.0,1,1.0,1.0,1.0,1.0,1.0,1,1.0,1.0,1.0,1.0,1.0,1,1.0,1.0,1.0,1.0,1.0
2357,small_component,0,,,,,1,0,0,0,0,0,0,4,0,0,-1,current,0,0,0.4124066319782287,0.4124066319782287,4,1,1,1,1,0,0,0,0.1111111111111111,0.16666666666666666,0.16666666666666666,0.16666666666666666,0.4166666666666667,0,0.1111111111111111,0.16666666666666666,0.16666666666666666,0.16666666666666666,0.4166666666666667,0,0.1111111111111111,0.16666666666666666,0.16666666666666666,0.16666666666666666,0.4166666666666667,0,0.1111111111111111,0.16666666666666666,0.16666666666666666,0.16666666666666666,0.4166666666666667
2358,no_strict_e1_improvement,0,,,,,1,0,1,1,1,1,1,4,0,0,-1,current,0,0,0.014345035888254642,0.014345035888254642,10,0,0,0,0,0,0,0,0.0,0.5,1.0,0.75,0.75,0,0.0,0.5,1.0,0.75,0.75,0,0.0,0.5,1.0,0.75,0.75,0,0.0,0.5,1.0,0.75,0.75
2359,no_strict_e1_improvement,0,,,,,1,0,1,1,1,1,1,4,0,0,-1,current,0,0,0.1441037740247945,0.1441037740247945,6,1,1,1,1,0,0,0,0.1111111111111111,0.6666666666666666,0.3333333333333333,0.5,0.6666666666666666,0,0.1111111111111111,0.6666666666666666,0.3333333333333333,0.5,0.6666666666666666,0,0.1111111111111111,0.6666666666666666,0.3333333333333333,0.5,0.6666666666666666,0,0.1111111111111111,0.6666666666666666,0.3333333333333333,0.5,0.6666666666666666
2360,no_strict_e1_improvement,0,,,,,1,0,1,1,1,1,1,4,0,0,-1,current,0,0,0.043075667694211006,0.043075667694211006,9,0,0,0,0,0,0,0,0.0,0.5,1.0,0.75,0.75,0,0.0,0.5,1.0,0.75,0.75,0,0.0,0.5,1.0,0.75,0.75,0,0.0,0.5,1.0,0.75,0.75
2361,max_rounds,0,,,,,1,1,2,2,2,7,7,4,1,0,1,profiled_beam,1,1,0.07881184682870905,0.07543238112702966,4,1,1,0,0,-1,0,0,0.1111111111111111,0.3333333333333333,0.6666666666666666,0.5,0.5833333333333334,0,0.1111111111111111,0.3333333333333333,0.6666666666666666,0.5,0.5833333333333334,0,0.0,0.5,0.16666666666666666,0.3333333333333333,0.4166666666666667,0,0.0,0.3333333333333333,0.16666666666666666,0.25,0.3333333333333333
2362,no_strict_e1_improvement,0,,,,,1,0,1,1,1,1,1,4,0,0,-1,current,0,0,0.007995650793115297,0.007995650793115297,9,0,0,0,0,0,0,0,0.0,0.5,1.0,0.75,0.75,0,0.0,0.5,1.0,0.75,0.75,0,0.0,0.5,1.0,0.75,0.75,0,0.0,0.5,1.0,0.75,0.75
2363,no_strict_e1_improvement,0,,,,,1,0,2,2,2,6,6,4,0,0,-1,current,0,0,0.11101560015231371,0.11101560015231371,6,0,0,0,0,0,0,0,0.0,0.3333333333333333,0.5,0.4166666666666667,0.5,0,0.0,0.3333333333333333,0.5,0.4166666666666667,0.5,0,0.0,0.3333333333333333,0.5,0.4166666666666667,0.5,0,0.0,0.3333333333333333,0.5,0.4166666666666667,0.5
2364,no_strict_e1_improvement,0,,,,,1,0,1,1,1,1,1,4,0,0,-1,current,0,0,0.037193297408521175,0.037193297408521175,9,9,9,9,9,0,0,1,1.0,1.0,1.0,1.0,1.0,1,1.0,1.0,1.0,1.0,1.0,1,1.0,1.0,1.0,1.0,1.0,1,1.0,1.0,1.0,1.0,1.0
2365,max_rounds,0,,,,,1,1,5,4,4,13,13,4,0,0,0,s1a3_greedy,1,0,0.1941974014043808,0.10045987615982692,9,4,4,6,6,2,0,0,0.4444444444444444,0.16666666666666666,0.5,0.3333333333333333,0.3333333333333333,0,0.4444444444444444,0.16666666666666666,0.5,0.3333333333333333,0.3333333333333333,0,0.6666666666666666,0.5,0.8333333333333334,0.6666666666666666,0.6666666666666666,0,0.6666666666666666,0.5,0.8333333333333334,0.6666666666666666,0.6666666666666666
2366,no_strict_e1_improvement,0,,,,,1,0,1,1,1,1,1,4,0,0,-1,current,0,0,0.02829480233291785,0.02829480233291785,9,0,0,0,0,0,0,0,0.0,0.5,1.0,0.75,0.75,0,0.0,0.5,1.0,0.75,0.75,0,0.0,0.5,1.0,0.75,0.75,0,0.0,0.5,1.0,0.75,0.75
2367,no_strict_e1_improvement,0,,,,,1,0,1,1,1,1,1,4,0,0,-1,current,0,0,0.018001890605470788,0.018001890605470788,10,9,9,9,9,0,0,1,1.0,1.0,1.0,1.0,1.0,1,1.0,1.0,1.0,1.0,1.0,1,1.0,1.0,1.0,1.0,1.0,1,1.0,1.0,1.0,1.0,1.0
2368,max_rounds,0,,,,,1,1,5,4,4,15,15,4,0,0,1,profiled_beam,1,1,0.2219267669133842,0.20472092057267824,6,4,4,4,4,0,0,0,0.4444444444444444,0.5,0.3333333333333333,0.4166666666666667,0.4166666666666667,0,0.4444444444444444,0.5,0.3333333333333333,0.4166666666666667,0.4166666666666667,0,0.4444444444444444,0.5,0.3333333333333333,0.4166666666666667,0.4166666666666667,0,0.4444444444444444,0.5,0.3333333333333333,0.4166666666666667,0.5
2369,partial_completed__max_rounds,1,,3,2,4,1,1,5,4,4,16,16,4,0,-1,1,profiled_beam,1,1,0.23667620603616038,0.12958060189460716,7,3,0,0,4,1,4,0,0.3333333333333333,0.3333333333333333,0.0,0.16666666666666666,0.4166666666666667,0,0.0,0.3333333333333333,0.0,0.16666666666666666,0.5833333333333334,0,0.0,0.3333333333333333,0.0,0.16666666666666666,0.5833333333333334,0,0.4444444444444444,0.5,0.0,0.25,0.5
2370,no_strict_e1_improvement,0,,,,,1,0,1,1,1,1,1,4,0,0,-1,current,0,0,0.131292260591484,0.131292260591484,7,1,1,1,1,0,0,0,0.1111111111111111,0.3333333333333333,0.6666666666666666,0.5,0.5833333333333334,0,0.1111111111111111,0.3333333333333333,0.6666666666666666,0.5,0.5833333333333334,0,0.1111111111111111,0.3333333333333333,0.6666666666666666,0.5,0.5833333333333334,0,0.1111111111111111,0.3333333333333333,0.6666666666666666,0.5,0.5833333333333334
2371,no_strict_e1_improvement,0,,,,,1,0,1,1,1,1,1,4,0,0,-1,current,0,0,0.12523954547941685,0.12523954547941685,8,0,0,0,0,0,0,0,0.0,0.16666666666666666,0.6666666666666666,0.4166666666666667,0.5,0,0.0,0.16666666666666666,0.6666666666666666,0.4166666666666667,0.5,0,0.0,0.16666666666666666,0.6666666666666666,0.4166666666666667,0.5,0,0.0,0.16666666666666666,0.6666666666666666,0.4166666666666667,0.5
2372,no_strict_e1_improvement,0,,,,,1,0,1,1,1,1,1,4,0,0,-1,current,0,0,0.05844053998589516,0.05844053998589516,9,1,1,1,1,0,0,0,0.1111111111111111,0.6666666666666666,0.3333333333333333,0.5,0.6666666666666666,0,0.1111111111111111,0.6666666666666666,0.3333333333333333,0.5,0.6666666666666666,0,0.1111111111111111,0.6666666666666666,0.3333333333333333,0.5,0.6666666666666666,0,0.1111111111111111,0.6666666666666666,0.3333333333333333,0.5,0.6666666666666666
2373,max_rounds,0,,,,,1,1,4,4,4,13,13,4,1,0,0,s1a3_greedy,1,0,0.07171871357907851,0.04705551701287428,10,0,0,9,9,9,0,0,0.0,1.0,0.5,0.75,0.75,0,0.0,1.0,0.5,0.75,0.75,1,1.0,1.0,1.0,1.0,1.0,1,1.0,1.0,1.0,1.0,1.0
2374,partial_completed__small_component,1,,3,2,3,1,0,0,0,0,0,0,4,0,0,-1,current,1,0,0.2423663386143744,0.2423663386143744,6,4,2,2,2,-2,0,0,0.4444444444444444,0.16666666666666666,0.5,0.3333333333333333,0.3333333333333333,0,0.2222222222222222,0.16666666666666666,0.6666666666666666,0.4166666666666667,0.4166666666666667,0,0.2222222222222222,0.16666666666666666,0.6666666666666666,0.4166666666666667,0.4166666666666667,0,0.2222222222222222,0.16666666666666666,0.6666666666666666,0.4166666666666667,0.4166666666666667
2375,no_strict_e1_improvement,0,,,,,1,0,1,1,1,1,1,4,0,0,-1,current,0,0,0.1308784761155645,0.1308784761155645,5,0,0,0,0,0,0,0,0.0,0.3333333333333333,0.5,0.4166666666666667,0.5833333333333334,0,0.0,0.3333333333333333,0.5,0.4166666666666667,0.5833333333333334,0,0.0,0.3333333333333333,0.5,0.4166666666666667,0.5833333333333334,0,0.0,0.3333333333333333,0.5,0.4166666666666667,0.5833333333333334
2376,max_rounds,0,,,,,1,1,5,4,4,15,15,4,0,1,1,profiled_beam,1,1,0.22333467255036035,0.1917047658644151,5,0,0,0,0,0,0,0,0.0,0.16666666666666666,0.16666666666666666,0.16666666666666666,0.4166666666666667,0,0.0,0.16666666666666666,0.16666666666666666,0.16666666666666666,0.4166666666666667,0,0.0,0.16666666666666666,0.16666666666666666,0.16666666666666666,0.4166666666666667,0,0.0,0.3333333333333333,0.0,0.16666666666666666,0.3333333333333333
2377,no_strict_e1_improvement,0,,,,,1,0,1,1,1,1,1,4,0,0,-1,current,0,0,0.06417757148543994,0.06417757148543994,7,7,7,7,7,0,0,0,0.7777777777777778,0.6666666666666666,0.6666666666666666,0.6666666666666666,0.75,0,0.7777777777777778,0.6666666666666666,0.6666666666666666,0.6666666666666666,0.75,0,0.7777777777777778,0.6666666666666666,0.6666666666666666,0.6666666666666666,0.75,0,0.7777777777777778,0.6666666666666666,0.6666666666666666,0.6666666666666666,0.75
2378,no_strict_e1_improvement,0,,,,,1,0,1,1,1,1,1,4,0,0,-1,current,0,0,0.009278963009516398,0.009278963009516398,11,0,0,0,0,0,0,0,0.0,0.5,1.0,0.75,0.75,0,0.0,0.5,1.0,0.75,0.75,0,0.0,0.5,1.0,0.75,0.75,0,0.0,0.5,1.0,0.75,0.75
2379,max_rounds,0,,,,,1,1,4,4,4,16,16,4,1,0,1,profiled_beam,1,1,0.19046240610380968,0.09192355287571748,9,0,0,0,9,9,9,0,0.0,1.0,0.5,0.75,0.75,0,0.0,1.0,0.5,0.75,0.75,0,0.0,1.0,0.5,0.75,0.75,1,1.0,1.0,1.0,1.0,1.0
2380,max_rounds,0,,,,,1,1,5,4,4,13,13,4,-1,1,1,profiled_beam,1,1,0.19189435961501053,0.053257592992546655,8,0,0,0,0,0,0,0,0.0,0.16666666666666666,0.6666666666666666,0.4166666666666667,0.5,0,0.0,0.16666666666666666,0.6666666666666666,0.4166666666666667,0.5,0,0.0,0.16666666666666666,0.5,0.3333333333333333,0.4166666666666667,0,0.0,0.5,0.3333333333333333,0.4166666666666667,0.5
2381,no_strict_e1_improvement,0,,,,,1,0,1,1,1,1,1,4,0,0,-1,current,0,0,0.0870558883373936,0.0870558883373936,8,9,9,9,9,0,0,1,1.0,1.0,1.0,1.0,1.0,1,1.0,1.0,1.0,1.0,1.0,1,1.0,1.0,1.0,1.0,1.0,1,1.0,1.0,1.0,1.0,1.0
2382,no_strict_e1_improvement,0,,,,,1,0,1,1,1,1,1,4,0,0,-1,current,0,0,0.0117889903485775,0.0117889903485775,9,9,9,9,9,0,0,1,1.0,1.0,1.0,1.0,1.0,1,1.0,1.0,1.0,1.0,1.0,1,1.0,1.0,1.0,1.0,1.0,1,1.0,1.0,1.0,1.0,1.0
2383,no_strict_e1_improvement,0,,,,,1,0,1,1,1,1,1,4,0,0,-1,current,0,0,0.05533798442532619,0.05533798442532619,7,3,3,3,3,0,0,0,0.3333333333333333,0.0,1.0,0.5,0.75,0,0.3333333333333333,0.0,1.0,0.5,0.75,0,0.3333333333333333,0.0,1.0,0.5,0.75,0,0.3333333333333333,0.0,1.0,0.5,0.75
2384,no_strict_e1_improvement,0,,,,,1,0,1,1,1,1,1,4,0,0,-1,current,0,0,0.1467354310055574,0.1467354310055574,8,6,6,6,6,0,0,0,0.6666666666666666,0.5,0.8333333333333334,0.6666666666666666,0.6666666666666666,0,0.6666666666666666,0.5,0.8333333333333334,0.6666666666666666,0.6666666666666666,0,0.6666666666666666,0.5,0.8333333333333334,0.6666666666666666,0.6666666666666666,0,0.6666666666666666,0.5,0.8333333333333334,0.6666666666666666,0.6666666666666666
2385,no_strict_e1_improvement,0,,,,,1,0,1,1,1,1,1,4,0,0,-1,current,0,0,0.06032658069549749,0.06032658069549749,6,2,2,2,2,0,0,0,0.2222222222222222,0.16666666666666666,0.6666666666666666,0.4166666666666667,0.5833333333333334,0,0.2222222222222222,0.16666666666666666,0.6666666666666666,0.4166666666666667,0.5833333333333334,0,0.2222222222222222,0.16666666666666666,0.6666666666666666,0.4166666666666667,0.5833333333333334,0,0.2222222222222222,0.16666666666666666,0.6666666666666666,0.4166666666666667,0.5833333333333334
2386,max_rounds,0,,,,,1,1,5,4,4,10,10,4,0,-1,0,s1a3_greedy,1,0,0.22540232337390384,0.024574817701553304,6,1,1,9,9,8,0,0,0.1111111111111111,0.3333333333333333,0.6666666666666666,0.5,0.5833333333333334,0,0.1111111111111111,0.3333333333333333,0.6666666666666666,0.5,0.5833333333333334,1,1.0,1.0,1.0,1.0,1.0,1,1.0,1.0,1.0,1.0,1.0
2387,no_strict_e1_improvement,0,,,,,1,0,1,1,1,1,1,4,0,0,-1,current,0,0,0.0807417631149292,0.0807417631149292,11,0,0,0,0,0,0,0,0.0,0.8333333333333334,0.5,0.6666666666666666,0.6666666666666666,0,0.0,0.8333333333333334,0.5,0.6666666666666666,0.6666666666666666,0,0.0,0.8333333333333334,0.5,0.6666666666666666,0.6666666666666666,0,0.0,0.8333333333333334,0.5,0.6666666666666666,0.6666666666666666
2388,no_strict_e1_improvement,0,,,,,1,0,1,1,1,1,1,4,0,0,-1,current,0,0,0.08620710981388886,0.08620710981388886,8,0,0,0,0,0,0,0,0.0,0.8333333333333334,0.5,0.6666666666666666,0.6666666666666666,0,0.0,0.8333333333333334,0.5,0.6666666666666666,0.6666666666666666,0,0.0,0.8333333333333334,0.5,0.6666666666666666,0.6666666666666666,0,0.0,0.8333333333333334,0.5,0.6666666666666666,0.6666666666666666
2389,no_strict_e1_improvement,0,,,,,1,0,1,1,1,1,1,4,0,0,-1,current,0,0,0.024688659235835075,0.024688659235835075,10,9,9,9,9,0,0,1,1.0,1.0,1.0,1.0,1.0,1,1.0,1.0,1.0,1.0,1.0,1,1.0,1.0,1.0,1.0,1.0,1,1.0,1.0,1.0,1.0,1.0
2390,partial_completed__small_component,1,,3,2,4,1,0,0,0,0,0,0,4,0,0,-1,current,1,0,0.29368860957523185,0.29368860957523185,6,0,0,0,0,0,0,0,0.0,0.16666666666666666,0.3333333333333333,0.25,0.25,0,0.0,0.3333333333333333,0.3333333333333333,0.3333333333333333,0.4166666666666667,0,0.0,0.3333333333333333,0.3333333333333333,0.3333333333333333,0.4166666666666667,0,0.0,0.3333333333333333,0.3333333333333333,0.3333333333333333,0.4166666666666667
2391,no_strict_e1_improvement,0,,,,,1,0,1,1,1,2,2,4,0,0,-1,current,0,0,0.13326573635761937,0.13326573635761937,7,0,0,0,0,0,0,0,0.0,0.6666666666666666,0.16666666666666666,0.4166666666666667,0.5833333333333334,0,0.0,0.6666666666666666,0.16666666666666666,0.4166666666666667,0.5833333333333334,0,0.0,0.6666666666666666,0.16666666666666666,0.4166666666666667,0.5833333333333334,0,0.0,0.6666666666666666,0.16666666666666666,0.4166666666666667,0.5833333333333334
2392,no_strict_e1_improvement,0,,,,,1,0,1,1,1,1,1,4,0,0,-1,current,0,0,0.009100734100987514,0.009100734100987514,10,9,9,9,9,0,0,1,1.0,1.0,1.0,1.0,1.0,1,1.0,1.0,1.0,1.0,1.0,1,1.0,1.0,1.0,1.0,1.0,1,1.0,1.0,1.0,1.0,1.0
2393,max_rounds,0,,,,,1,1,3,2,2,6,6,4,0,0,0,s1a3_greedy,1,0,0.22774530233194432,0.03336771732817093,10,7,7,9,9,2,0,0,0.7777777777777778,0.6666666666666666,0.6666666666666666,0.6666666666666666,0.75,0,0.7777777777777778,0.6666666666666666,0.6666666666666666,0.6666666666666666,0.75,1,1.0,1.0,1.0,1.0,1.0,1,1.0,1.0,1.0,1.0,1.0
2394,max_rounds,0,,,,,1,1,5,4,4,15,15,4,1,-1,1,profiled_beam,1,1,0.2296942985461404,0.10795977370192607,5,0,0,0,0,0,0,0,0.0,0.6666666666666666,0.16666666666666666,0.4166666666666667,0.5,0,0.0,0.6666666666666666,0.16666666666666666,0.4166666666666667,0.5,0,0.0,0.5,0.16666666666666666,0.3333333333333333,0.4166666666666667,0,0.0,0.3333333333333333,0.5,0.4166666666666667,0.5
2395,partial_completed__no_strict_e1_improvement,1,,3,2,3,1,0,1,1,1,1,1,4,0,0,-1,current,1,0,0.011719582602381706,0.011719582602381706,9,0,9,9,9,9,0,0,0.0,0.5,0.6666666666666666,0.5833333333333334,0.5833333333333334,1,1.0,1.0,1.0,1.0,1.0,1,1.0,1.0,1.0,1.0,1.0,1,1.0,1.0,1.0,1.0,1.0
2396,no_strict_e1_improvement,0,,,,,1,0,1,1,1,1,1,4,0,0,-1,current,0,0,0.0,0.0,12,9,9,9,9,0,0,1,1.0,1.0,1.0,1.0,1.0,1,1.0,1.0,1.0,1.0,1.0,1,1.0,1.0,1.0,1.0,1.0,1,1.0,1.0,1.0,1.0,1.0
2397,no_strict_e1_improvement,0,,,,,1,0,1,1,1,1,1,4,0,0,-1,current,0,0,0.0,0.0,12,9,9,9,9,0,0,1,1.0,1.0,1.0,1.0,1.0,1,1.0,1.0,1.0,1.0,1.0,1,1.0,1.0,1.0,1.0,1.0,1,1.0,1.0,1.0,1.0,1.0
2398,no_strict_e1_improvement,0,,,,,1,0,1,1,1,1,1,4,0,0,-1,current,0,0,0.0003717320117478569,0.0003717320117478569,12,9,9,9,9,0,0,1,1.0,1.0,1.0,1.0,1.0,1,1.0,1.0,1.0,1.0,1.0,1,1.0,1.0,1.0,1.0,1.0,1,1.0,1.0,1.0,1.0,1.0
2399,no_strict_e1_improvement,0,,,,,1,0,1,1,1,1,1,4,0,0,-1,current,0,0,0.04488646471872926,0.04488646471872926,8,0,0,0,0,0,0,0,0.0,0.16666666666666666,0.6666666666666666,0.4166666666666667,0.5,0,0.0,0.16666666666666666,0.6666666666666666,0.4166666666666667,0.5,0,0.0,0.16666666666666666,0.6666666666666666,0.4166666666666667,0.5,0,0.0,0.16666666666666666,0.6666666666666666,0.4166666666666667,0.5
2400,no_strict_e1_improvement,0,,,,,1,0,1,1,1,1,1,4,0,0,-1,current,0,0,0.0,0.0,12,0,0,0,0,0,0,0,0.0,0.5,1.0,0.75,0.75,0,0.0,0.5,1.0,0.75,0.75,0,0.0,0.5,1.0,0.75,0.75,0,0.0,0.5,1.0,0.75,0.75
2401,no_strict_e1_improvement,0,,,,,1,0,1,1,1,1,1,4,0,0,-1,current,0,0,0.013734908929715553,0.013734908929715553,12,9,9,9,9,0,0,1,1.0,1.0,1.0,1.0,1.0,1,1.0,1.0,1.0,1.0,1.0,1,1.0,1.0,1.0,1.0,1.0,1,1.0,1.0,1.0,1.0,1.0
2402,small_component,0,,,,,1,0,0,0,0,0,0,4,0,0,-1,current,0,0,0.24336888289932782,0.24336888289932782,6,2,2,2,2,0,0,0,0.2222222222222222,0.16666666666666666,0.5,0.3333333333333333,0.4166666666666667,0,0.2222222222222222,0.16666666666666666,0.5,0.3333333333333333,0.4166666666666667,0,0.2222222222222222,0.16666666666666666,0.5,0.3333333333333333,0.4166666666666667,0,0.2222222222222222,0.16666666666666666,0.5,0.3333333333333333,0.4166666666666667
2403,no_strict_e1_improvement,0,,,,,1,0,1,1,1,1,1,4,0,0,-1,current,0,0,0.15807633361934373,0.15807633361934373,5,0,0,0,0,0,0,0,0.0,0.16666666666666666,0.3333333333333333,0.25,0.4166666666666667,0,0.0,0.16666666666666666,0.3333333333333333,0.25,0.4166666666666667,0,0.0,0.16666666666666666,0.3333333333333333,0.25,0.4166666666666667,0,0.0,0.16666666666666666,0.3333333333333333,0.25,0.4166666666666667
2404,no_strict_e1_improvement,0,,,,,1,0,1,1,1,1,1,4,0,0,-1,current,0,0,0.041986264288425446,0.041986264288425446,9,0,0,0,0,0,0,0,0.0,0.5,1.0,0.75,0.75,0,0.0,0.5,1.0,0.75,0.75,0,0.0,0.5,1.0,0.75,0.75,0,0.0,0.5,1.0,0.75,0.75
2405,max_rounds,0,,,,,1,1,2,2,2,6,6,4,1,0,0,s1a3_greedy,1,0,0.08007865383600195,0.07779243697101872,7,0,0,0,0,0,0,0,0.0,0.3333333333333333,0.16666666666666666,0.25,0.3333333333333333,0,0.0,0.3333333333333333,0.16666666666666666,0.25,0.3333333333333333,0,0.0,0.3333333333333333,0.5,0.4166666666666667,0.5,0,0.0,0.3333333333333333,0.5,0.4166666666666667,0.5
2406,max_rounds,0,,,,,1,1,5,4,4,12,12,4,0,0,0,s1a3_greedy,1,0,0.342677337427934,0.10836409653226535,7,3,3,4,4,1,0,0,0.3333333333333333,0.3333333333333333,0.16666666666666666,0.25,0.25,0,0.3333333333333333,0.3333333333333333,0.16666666666666666,0.25,0.25,0,0.4444444444444444,0.5,0.16666666666666666,0.3333333333333333,0.4166666666666667,0,0.4444444444444444,0.5,0.16666666666666666,0.3333333333333333,0.4166666666666667
2407,no_strict_e1_improvement,0,,,,,1,0,1,1,1,1,1,4,0,0,-1,current,0,0,0.15128251421265304,0.15128251421265304,7,0,0,0,0,0,0,0,0.0,0.5,0.6666666666666666,0.5833333333333334,0.6666666666666666,0,0.0,0.5,0.6666666666666666,0.5833333333333334,0.6666666666666666,0,0.0,0.5,0.6666666666666666,0.5833333333333334,0.6666666666666666,0,0.0,0.5,0.6666666666666666,0.5833333333333334,0.6666666666666666
2408,no_strict_e1_improvement,0,,,,,1,0,1,1,1,1,1,4,0,0,-1,current,0,0,0.08519648512204488,0.08519648512204488,10,9,9,9,9,0,0,1,1.0,1.0,1.0,1.0,1.0,1,1.0,1.0,1.0,1.0,1.0,1,1.0,1.0,1.0,1.0,1.0,1,1.0,1.0,1.0,1.0,1.0
2409,max_rounds,0,,,,,1,1,5,4,4,16,16,4,0,0,1,profiled_beam,1,1,0.19425087880032757,0.14970898092724383,6,2,2,2,1,-1,-1,0,0.2222222222222222,0.16666666666666666,0.6666666666666666,0.4166666666666667,0.75,0,0.2222222222222222,0.16666666666666666,0.6666666666666666,0.4166666666666667,0.75,0,0.2222222222222222,0.16666666666666666,0.6666666666666666,0.4166666666666667,0.75,0,0.1111111111111111,0.3333333333333333,0.16666666666666666,0.25,0.5
2410,no_strict_e1_improvement,0,,,,,1,0,1,1,1,1,1,4,0,0,-1,current,0,0,0.027657902469703306,0.027657902469703306,9,0,0,0,0,0,0,0,0.0,0.5,1.0,0.75,0.75,0,0.0,0.5,1.0,0.75,0.75,0,0.0,0.5,1.0,0.75,0.75,0,0.0,0.5,1.0,0.75,0.75
2411,no_strict_e1_improvement,0,,,,,1,0,1,1,1,1,1,4,0,0,-1,current,0,0,0.021461954805999994,0.021461954805999994,10,3,3,3,3,0,0,0,0.3333333333333333,0.6666666666666666,0.5,0.5833333333333334,0.5833333333333334,0,0.3333333333333333,0.6666666666666666,0.5,0.5833333333333334,0.5833333333333334,0,0.3333333333333333,0.6666666666666666,0.5,0.5833333333333334,0.5833333333333334,0,0.3333333333333333,0.6666666666666666,0.5,0.5833333333333334,0.5833333333333334
2412,small_component,0,,,,,1,0,0,0,0,0,0,4,0,0,-1,current,0,0,0.34333626289541525,0.34333626289541525,5,0,0,0,0,0,0,0,0.0,0.5,0.16666666666666666,0.3333333333333333,0.3333333333333333,0,0.0,0.5,0.16666666666666666,0.3333333333333333,0.3333333333333333,0,0.0,0.5,0.16666666666666666,0.3333333333333333,0.3333333333333333,0,0.0,0.5,0.16666666666666666,0.3333333333333333,0.3333333333333333
2413,no_strict_e1_improvement,0,,,,,1,0,1,1,1,1,1,4,0,0,-1,current,0,0,0.010730497383822998,0.010730497383822998,10,0,0,0,0,0,0,0,0.0,0.5,1.0,0.75,0.75,0,0.0,0.5,1.0,0.75,0.75,0,0.0,0.5,1.0,0.75,0.75,0,0.0,0.5,1.0,0.75,0.75
2414,no_strict_e1_improvement,0,,,,,1,0,1,1,1,1,1,4,0,0,-1,current,0,0,0.048420909947405257,0.048420909947405257,9,9,9,9,9,0,0,1,1.0,1.0,1.0,1.0,1.0,1,1.0,1.0,1.0,1.0,1.0,1,1.0,1.0,1.0,1.0,1.0,1,1.0,1.0,1.0,1.0,1.0
2415,max_rounds,0,,,,,1,1,5,4,4,13,13,4,0,0,0,s1a3_greedy,1,0,0.1344007272273302,0.08879307797178626,6,5,5,3,3,-2,0,0,0.5555555555555556,0.3333333333333333,0.6666666666666666,0.5,0.6666666666666666,0,0.5555555555555556,0.3333333333333333,0.6666666666666666,0.5,0.6666666666666666,0,0.3333333333333333,0.0,1.0,0.5,0.75,0,0.3333333333333333,0.0,1.0,0.5,0.75
2416,partial_completed__no_strict_e1_improvement,1,,3,2,3,1,0,1,1,1,1,1,4,0,0,-1,current,1,0,0.005505823685477178,0.005505823685477178,11,0,9,9,9,9,0,0,0.0,0.6666666666666666,0.5,0.5833333333333334,0.5833333333333334,1,1.0,1.0,1.0,1.0,1.0,1,1.0,1.0,1.0,1.0,1.0,1,1.0,1.0,1.0,1.0,1.0
2417,no_strict_e1_improvement,0,,,,,1,0,1,1,1,1,1,4,0,0,-1,current,0,0,0.06188203083972136,0.06188203083972136,9,3,3,3,3,0,0,0,0.3333333333333333,0.0,1.0,0.5,0.75,0,0.3333333333333333,0.0,1.0,0.5,0.75,0,0.3333333333333333,0.0,1.0,0.5,0.75,0,0.3333333333333333,0.0,1.0,0.5,0.75
2418,max_rounds,0,,,,,1,1,5,4,4,16,16,4,-1,0,1,profiled_beam,1,1,0.3127739156285922,0.18651287537068129,4,3,3,1,1,-2,0,0,0.3333333333333333,0.3333333333333333,0.16666666666666666,0.25,0.3333333333333333,0,0.3333333333333333,0.3333333333333333,0.16666666666666666,0.25,0.3333333333333333,0,0.1111111111111111,0.3333333333333333,0.0,0.16666666666666666,0.25,0,0.1111111111111111,0.3333333333333333,0.0,0.16666666666666666,0.3333333333333333
2419,no_strict_e1_improvement,0,,,,,1,0,2,2,2,7,7,4,0,0,-1,current,0,0,0.22645949013531208,0.22645949013531208,6,0,0,0,0,0,0,0,0.0,0.16666666666666666,0.5,0.3333333333333333,0.3333333333333333,0,0.0,0.16666666666666666,0.5,0.3333333333333333,0.3333333333333333,0,0.0,0.16666666666666666,0.5,0.3333333333333333,0.3333333333333333,0,0.0,0.16666666666666666,0.5,0.3333333333333333,0.3333333333333333
2420,no_strict_e1_improvement,0,,,,,1,0,1,1,1,1,1,4,0,0,-1,current,0,0,0.06585773354163393,0.06585773354163393,8,0,0,0,0,0,0,0,0.0,0.8333333333333334,0.5,0.6666666666666666,0.6666666666666666,0,0.0,0.8333333333333334,0.5,0.6666666666666666,0.6666666666666666,0,0.0,0.8333333333333334,0.5,0.6666666666666666,0.6666666666666666,0,0.0,0.8333333333333334,0.5,0.6666666666666666,0.6666666666666666
2421,max_rounds,0,,,,,1,1,3,2,2,6,6,4,0,1,0,s1a3_greedy,1,0,0.1832146986077229,0.10925782549505432,5,0,0,0,0,0,0,0,0.0,0.3333333333333333,0.6666666666666666,0.5,0.5833333333333334,0,0.0,0.3333333333333333,0.6666666666666666,0.5,0.5833333333333334,0,0.0,0.6666666666666666,0.5,0.5833333333333334,0.6666666666666666,0,0.0,0.6666666666666666,0.5,0.5833333333333334,0.6666666666666666
2422,no_strict_e1_improvement,0,,,,,1,0,1,1,1,1,1,4,0,0,-1,current,0,0,0.004196960556631287,0.004196960556631287,9,9,9,9,9,0,0,1,1.0,1.0,1.0,1.0,1.0,1,1.0,1.0,1.0,1.0,1.0,1,1.0,1.0,1.0,1.0,1.0,1,1.0,1.0,1.0,1.0,1.0
2423,max_rounds,0,,,,,1,1,4,4,4,13,13,4,-1,0,0,s1a3_greedy,1,0,0.1852716033657392,0.1280662522961696,5,3,3,3,3,0,0,0,0.3333333333333333,1.0,0.0,0.5,1.0,0,0.3333333333333333,1.0,0.0,0.5,1.0,0,0.3333333333333333,1.0,0.0,0.5,0.75,0,0.3333333333333333,1.0,0.0,0.5,0.75
2424,no_strict_e1_improvement,0,,,,,1,0,1,1,1,1,1,4,0,0,-1,current,0,0,0.013693265849724412,0.013693265849724412,11,9,9,9,9,0,0,1,1.0,1.0,1.0,1.0,1.0,1,1.0,1.0,1.0,1.0,1.0,1,1.0,1.0,1.0,1.0,1.0,1,1.0,1.0,1.0,1.0,1.0
2425,no_strict_e1_improvement,0,,,,,1,0,2,2,2,6,6,4,0,0,-1,current,0,0,0.11346729844808578,0.11346729844808578,8,1,1,1,1,0,0,0,0.1111111111111111,0.5,0.16666666666666666,0.3333333333333333,0.5,0,0.1111111111111111,0.5,0.16666666666666666,0.3333333333333333,0.5,0,0.1111111111111111,0.5,0.16666666666666666,0.3333333333333333,0.5,0,0.1111111111111111,0.5,0.16666666666666666,0.3333333333333333,0.5
2426,no_strict_e1_improvement,0,,,,,1,0,1,1,1,1,1,4,0,0,-1,current,0,0,0.047397070874770485,0.047397070874770485,9,1,1,1,1,0,0,0,0.1111111111111111,0.3333333333333333,0.6666666666666666,0.5,0.5833333333333334,0,0.1111111111111111,0.3333333333333333,0.6666666666666666,0.5,0.5833333333333334,0,0.1111111111111111,0.3333333333333333,0.6666666666666666,0.5,0.5833333333333334,0,0.1111111111111111,0.3333333333333333,0.6666666666666666,0.5,0.5833333333333334
2427,max_rounds,0,,,,,1,1,2,2,2,7,7,4,0,-1,1,profiled_beam,1,1,0.12592915693918863,0.11648654658347368,7,9,9,9,0,-9,-9,1,1.0,1.0,1.0,1.0,1.0,1,1.0,1.0,1.0,1.0,1.0,1,1.0,1.0,1.0,1.0,1.0,0,0.0,0.5,0.8333333333333334,0.6666666666666666,0.6666666666666666
2428,no_strict_e1_improvement,0,,,,,1,0,1,1,1,1,1,4,0,0,-1,current,0,0,0.02480576156328122,0.02480576156328122,9,0,0,0,0,0,0,0,0.0,0.8333333333333334,0.5,0.6666666666666666,0.6666666666666666,0,0.0,0.8333333333333334,0.5,0.6666666666666666,0.6666666666666666,0,0.0,0.8333333333333334,0.5,0.6666666666666666,0.6666666666666666,0,0.0,0.8333333333333334,0.5,0.6666666666666666,0.6666666666666666
2429,no_strict_e1_improvement,0,,,,,1,0,1,1,1,1,1,4,0,0,-1,current,0,0,0.06535032701989014,0.06535032701989014,8,1,1,1,1,0,0,0,0.1111111111111111,0.3333333333333333,0.6666666666666666,0.5,0.5833333333333334,0,0.1111111111111111,0.3333333333333333,0.6666666666666666,0.5,0.5833333333333334,0,0.1111111111111111,0.3333333333333333,0.6666666666666666,0.5,0.5833333333333334,0,0.1111111111111111,0.3333333333333333,0.6666666666666666,0.5,0.5833333333333334
2430,max_rounds,0,,,,,1,1,3,2,2,5,5,4,0,1,0,s1a3_greedy,1,0,0.21306532202288508,0.03645216332127651,8,6,6,0,0,-6,0,0,0.6666666666666666,0.5,0.8333333333333334,0.6666666666666666,0.6666666666666666,0,0.6666666666666666,0.5,0.8333333333333334,0.6666666666666666,0.6666666666666666,0,0.0,0.5,1.0,0.75,0.75,0,0.0,0.5,1.0,0.75,0.75
2431,no_strict_e1_improvement,0,,,,,1,0,2,2,2,6,6,4,0,0,-1,current,0,0,0.07521363875518243,0.07521363875518243,8,7,7,7,7,0,0,0,0.7777777777777778,0.5,0.6666666666666666,0.5833333333333334,0.5833333333333334,0,0.7777777777777778,0.5,0.6666666666666666,0.5833333333333334,0.5833333333333334,0,0.7777777777777778,0.5,0.6666666666666666,0.5833333333333334,0.5833333333333334,0,0.7777777777777778,0.5,0.6666666666666666,0.5833333333333334,0.5833333333333334
2432,max_rounds,0,,,,,1,1,2,2,2,6,6,4,1,0,0,s1a3_greedy,1,0,0.09924048185348511,0.03149335583051046,9,0,0,0,0,0,0,0,0.0,1.0,0.5,0.75,0.75,0,0.0,1.0,0.5,0.75,0.75,0,0.0,1.0,0.5,0.75,0.75,0,0.0,1.0,0.5,0.75,0.75
2433,no_strict_e1_improvement,0,,,,,1,0,4,4,4,11,11,4,0,0,-1,current,0,0,0.0860436021660765,0.0860436021660765,9,9,9,9,9,0,0,1,1.0,1.0,1.0,1.0,1.0,1,1.0,1.0,1.0,1.0,1.0,1,1.0,1.0,1.0,1.0,1.0,1,1.0,1.0,1.0,1.0,1.0
2434,partial_completed__small_component,1,,3,2,4,1,0,0,0,0,0,0,4,0,0,-1,current,1,0,0.2610158994793892,0.2610158994793892,6,0,3,3,3,3,0,0,0.0,0.16666666666666666,0.16666666666666666,0.16666666666666666,0.3333333333333333,0,0.3333333333333333,0.16666666666666666,0.16666666666666666,0.16666666666666666,0.5,0,0.3333333333333333,0.16666666666666666,0.16666666666666666,0.16666666666666666,0.5,0,0.3333333333333333,0.16666666666666666,0.16666666666666666,0.16666666666666666,0.5
2435,small_component,0,,,,,1,0,0,0,0,0,0,4,0,0,-1,current,0,0,0.33551223622635007,0.33551223622635007,3,0,0,0,0,0,0,0,0.0,0.3333333333333333,0.16666666666666666,0.25,0.25,0,0.0,0.3333333333333333,0.16666666666666666,0.25,0.25,0,0.0,0.3333333333333333,0.16666666666666666,0.25,0.25,0,0.0,0.3333333333333333,0.16666666666666666,0.25,0.25
2436,no_strict_e1_improvement,0,,,,,1,0,1,1,1,1,1,4,0,0,-1,current,0,0,0.02006527742681404,0.02006527742681404,10,9,9,9,9,0,0,1,1.0,1.0,1.0,1.0,1.0,1,1.0,1.0,1.0,1.0,1.0,1,1.0,1.0,1.0,1.0,1.0,1,1.0,1.0,1.0,1.0,1.0
2437,max_rounds,0,,,,,1,1,3,2,2,5,5,4,0,1,0,s1a3_greedy,1,0,0.07342311864097913,0.038485226997484766,7,0,0,9,9,9,0,0,0.0,0.5,0.8333333333333334,0.6666666666666666,0.6666666666666666,0,0.0,0.5,0.8333333333333334,0.6666666666666666,0.6666666666666666,1,1.0,1.0,1.0,1.0,1.0,1,1.0,1.0,1.0,1.0,1.0
2438,small_component,0,,,,,1,0,0,0,0,0,0,4,0,0,-1,current,0,0,0.259262642277766,0.259262642277766,6,0,0,0,0,0,0,0,0.0,0.16666666666666666,0.6666666666666666,0.4166666666666667,0.5,0,0.0,0.16666666666666666,0.6666666666666666,0.4166666666666667,0.5,0,0.0,0.16666666666666666,0.6666666666666666,0.4166666666666667,0.5,0,0.0,0.16666666666666666,0.6666666666666666,0.4166666666666667,0.5
2439,partial_completed__no_strict_e1_improvement,1,,3,2,4,1,0,4,4,4,13,13,4,0,0,-1,current,1,0,0.19518437950561443,0.19518437950561443,5,0,0,0,0,0,0,0,0.0,0.16666666666666666,0.0,0.08333333333333333,0.4166666666666667,0,0.0,0.5,0.0,0.25,0.5833333333333334,0,0.0,0.5,0.0,0.25,0.5833333333333334,0,0.0,0.5,0.0,0.25,0.5833333333333334
2440,no_strict_e1_improvement,0,,,,,1,0,1,1,1,1,1,4,0,0,-1,current,0,0,0.07151700804630916,0.07151700804630916,8,0,0,0,0,0,0,0,0.0,0.5,0.6666666666666666,0.5833333333333334,0.6666666666666666,0,0.0,0.5,0.6666666666666666,0.5833333333333334,0.6666666666666666,0,0.0,0.5,0.6666666666666666,0.5833333333333334,0.6666666666666666,0,0.0,0.5,0.6666666666666666,0.5833333333333334,0.6666666666666666
2441,no_strict_e1_improvement,0,,,,,1,0,1,1,1,1,1,4,0,0,-1,current,0,0,0.01269794074081195,0.01269794074081195,9,9,9,9,9,0,0,1,1.0,1.0,1.0,1.0,1.0,1,1.0,1.0,1.0,1.0,1.0,1,1.0,1.0,1.0,1.0,1.0,1,1.0,1.0,1.0,1.0,1.0
2442,no_strict_e1_improvement,0,,,,,1,0,1,1,1,1,1,4,0,0,-1,current,0,0,0.016015577440460522,0.016015577440460522,10,9,9,9,9,0,0,1,1.0,1.0,1.0,1.0,1.0,1,1.0,1.0,1.0,1.0,1.0,1,1.0,1.0,1.0,1.0,1.0,1,1.0,1.0,1.0,1.0,1.0
2443,no_strict_e1_improvement,0,,,,,1,0,1,1,1,1,1,4,0,0,-1,current,0,0,0.014723113214131445,0.014723113214131445,11,0,0,0,0,0,0,0,0.0,0.5,0.5,0.5,0.5,0,0.0,0.5,0.5,0.5,0.5,0,0.0,0.5,0.5,0.5,0.5,0,0.0,0.5,0.5,0.5,0.5
2444,no_strict_e1_improvement,0,,,,,1,0,1,1,1,1,1,4,0,0,-1,current,0,0,0.02603928263609608,0.02603928263609608,10,9,9,9,9,0,0,1,1.0,1.0,1.0,1.0,1.0,1,1.0,1.0,1.0,1.0,1.0,1,1.0,1.0,1.0,1.0,1.0,1,1.0,1.0,1.0,1.0,1.0
2445,no_strict_e1_improvement,0,,,,,1,0,1,1,1,1,1,4,0,0,-1,current,0,0,0.04534190117071072,0.04534190117071072,9,9,9,9,9,0,0,1,1.0,1.0,1.0,1.0,1.0,1,1.0,1.0,1.0,1.0,1.0,1,1.0,1.0,1.0,1.0,1.0,1,1.0,1.0,1.0,1.0,1.0
2446,max_rounds,0,,,,,1,1,5,4,4,15,15,4,0,0,1,profiled_beam,1,1,0.2042472797135512,0.12556818088827035,6,1,1,0,0,-1,0,0,0.1111111111111111,0.3333333333333333,0.0,0.16666666666666666,0.4166666666666667,0,0.1111111111111111,0.3333333333333333,0.0,0.16666666666666666,0.4166666666666667,0,0.0,0.5,0.0,0.25,0.3333333333333333,0,0.0,0.16666666666666666,0.3333333333333333,0.25,0.25
2447,no_strict_e1_improvement,0,,,,,1,0,1,1,1,1,1,4,0,0,-1,current,0,0,0.0782964030901591,0.0782964030901591,9,7,7,7,7,0,0,0,0.7777777777777778,0.6666666666666666,0.6666666666666666,0.6666666666666666,0.75,0,0.7777777777777778,0.6666666666666666,0.6666666666666666,0.6666666666666666,0.75,0,0.7777777777777778,0.6666666666666666,0.6666666666666666,0.6666666666666666,0.75,0,0.7777777777777778,0.6666666666666666,0.6666666666666666,0.6666666666666666,0.75
2448,max_rounds,0,,,,,1,1,3,2,2,6,6,4,0,-1,0,s1a3_greedy,1,0,0.20600450038909912,0.12389205970490973,7,0,0,1,1,1,0,0,0.0,0.3333333333333333,0.3333333333333333,0.3333333333333333,0.4166666666666667,0,0.0,0.3333333333333333,0.3333333333333333,0.3333333333333333,0.4166666666666667,0,0.1111111111111111,0.3333333333333333,0.3333333333333333,0.3333333333333333,0.3333333333333333,0,0.1111111111111111,0.3333333333333333,0.3333333333333333,0.3333333333333333,0.3333333333333333
2449,max_rounds,0,,,,,1,1,3,2,2,8,8,4,0,-1,1,profiled_beam,1,1,0.18223221662143865,0.13309502539535364,6,0,0,0,3,3,3,0,0.0,0.5,0.3333333333333333,0.4166666666666667,0.5833333333333334,0,0.0,0.5,0.3333333333333333,0.4166666666666667,0.5833333333333334,0,0.0,1.0,0.5,0.75,0.75,0,0.3333333333333333,0.5,0.6666666666666666,0.5833333333333334,0.5833333333333334
2450,no_strict_e1_improvement,0,,,,,1,0,1,1,1,1,1,4,0,0,-1,current,0,0,0.009394338199247917,0.009394338199247917,9,9,9,9,9,0,0,1,1.0,1.0,1.0,1.0,1.0,1,1.0,1.0,1.0,1.0,1.0,1,1.0,1.0,1.0,1.0,1.0,1,1.0,1.0,1.0,1.0,1.0
2451,small_component,0,,,,,1,0,0,0,0,0,0,4,0,0,-1,current,0,0,0.30144542921334505,0.30144542921334505,7,5,5,5,5,0,0,0,0.5555555555555556,0.6666666666666666,0.3333333333333333,0.5,0.8333333333333334,0,0.5555555555555556,0.6666666666666666,0.3333333333333333,0.5,0.8333333333333334,0,0.5555555555555556,0.6666666666666666,0.3333333333333333,0.5,0.8333333333333334,0,0.5555555555555556,0.6666666666666666,0.3333333333333333,0.5,0.8333333333333334
2452,no_strict_e1_improvement,0,,,,,1,0,1,1,1,1,1,4,0,0,-1,current,0,0,0.030529634018118184,0.030529634018118184,9,0,0,0,0,0,0,0,0.0,0.3333333333333333,0.16666666666666666,0.25,0.3333333333333333,0,0.0,0.3333333333333333,0.16666666666666666,0.25,0.3333333333333333,0,0.0,0.3333333333333333,0.16666666666666666,0.25,0.3333333333333333,0,0.0,0.3333333333333333,0.16666666666666666,0.25,0.3333333333333333
2453,no_strict_e1_improvement,0,,,,,1,0,1,1,1,1,1,4,0,0,-1,current,0,0,0.0710778816913565,0.0710778816913565,8,0,0,0,0,0,0,0,0.0,0.16666666666666666,0.6666666666666666,0.4166666666666667,0.5,0,0.0,0.16666666666666666,0.6666666666666666,0.4166666666666667,0.5,0,0.0,0.16666666666666666,0.6666666666666666,0.4166666666666667,0.5,0,0.0,0.16666666666666666,0.6666666666666666,0.4166666666666667,0.5
2454,max_rounds,0,,,,,1,1,2,2,2,7,7,4,0,-1,0,s1a3_greedy,1,0,0.11570176371606067,0.04123074157784382,7,0,0,0,0,0,0,0,0.0,0.16666666666666666,0.5,0.3333333333333333,0.5,0,0.0,0.16666666666666666,0.5,0.3333333333333333,0.5,0,0.0,0.5,0.8333333333333334,0.6666666666666666,0.6666666666666666,0,0.0,0.5,0.8333333333333334,0.6666666666666666,0.6666666666666666
2455,no_strict_e1_improvement,0,,,,,1,0,1,1,1,1,1,4,0,0,-1,current,0,0,0.02051254827529192,0.02051254827529192,9,9,9,9,9,0,0,1,1.0,1.0,1.0,1.0,1.0,1,1.0,1.0,1.0,1.0,1.0,1,1.0,1.0,1.0,1.0,1.0,1,1.0,1.0,1.0,1.0,1.0
2456,no_strict_e1_improvement,0,,,,,1,0,1,1,1,1,1,4,0,0,-1,current,0,0,0.050629459942380585,0.050629459942380585,10,0,0,0,0,0,0,0,0.0,0.5,1.0,0.75,0.75,0,0.0,0.5,1.0,0.75,0.75,0,0.0,0.5,1.0,0.75,0.75,0,0.0,0.5,1.0,0.75,0.75
2457,max_rounds,0,,,,,1,1,5,4,4,13,13,4,0,-1,1,profiled_beam,1,1,0.18676337910195193,0.06784637276238452,7,0,0,3,3,3,0,0,0.0,0.5,0.5,0.5,0.5,0,0.0,0.5,0.5,0.5,0.5,0,0.3333333333333333,0.6666666666666666,0.5,0.5833333333333334,0.5833333333333334,0,0.3333333333333333,0.6666666666666666,0.0,0.3333333333333333,0.3333333333333333
2458,no_strict_e1_improvement,0,,,,,1,0,2,2,2,5,5,4,0,0,-1,current,0,0,0.11799398964891832,0.11799398964891832,7,0,0,0,0,0,0,0,0.0,0.5,1.0,0.75,0.75,0,0.0,0.5,1.0,0.75,0.75,0,0.0,0.5,1.0,0.75,0.75,0,0.0,0.5,1.0,0.75,0.75
2459,max_rounds,0,,,,,1,1,5,4,4,16,16,4,-1,-1,1,profiled_beam,1,1,0.3644189434514071,0.11218524010231097,4,0,0,0,5,5,5,0,0.0,0.3333333333333333,0.0,0.16666666666666666,0.5833333333333334,0,0.0,0.3333333333333333,0.0,0.16666666666666666,0.5833333333333334,0,0.0,0.5,0.3333333333333333,0.4166666666666667,0.5833333333333334,0,0.5555555555555556,0.6666666666666666,0.3333333333333333,0.5,0.6666666666666666
2460,no_strict_e1_improvement,0,,,,,1,0,1,1,1,1,1,4,0,0,-1,current,0,0,0.24628384178504348,0.24628384178504348,7,0,0,0,0,0,0,0,0.0,0.5,0.3333333333333333,0.4166666666666667,0.4166666666666667,0,0.0,0.5,0.3333333333333333,0.4166666666666667,0.4166666666666667,0,0.0,0.5,0.3333333333333333,0.4166666666666667,0.4166666666666667,0,0.0,0.5,0.3333333333333333,0.4166666666666667,0.4166666666666667
2461,no_strict_e1_improvement,0,,,,,1,0,4,4,4,16,16,4,0,0,-1,current,0,0,0.09536766881744067,0.09536766881744067,7,7,7,7,7,0,0,0,0.7777777777777778,0.6666666666666666,0.6666666666666666,0.6666666666666666,0.75,0,0.7777777777777778,0.6666666666666666,0.6666666666666666,0.6666666666666666,0.75,0,0.7777777777777778,0.6666666666666666,0.6666666666666666,0.6666666666666666,0.75,0,0.7777777777777778,0.6666666666666666,0.6666666666666666,0.6666666666666666,0.75
2462,max_rounds,0,,,,,1,1,3,2,2,6,6,4,0,0,0,s1a3_greedy,1,0,0.20596053078770638,0.031907400116324425,8,0,0,0,0,0,0,0,0.0,0.16666666666666666,0.6666666666666666,0.4166666666666667,0.5,0,0.0,0.16666666666666666,0.6666666666666666,0.4166666666666667,0.5,0,0.0,0.5,1.0,0.75,0.75,0,0.0,0.5,1.0,0.75,0.75
2463,no_strict_e1_improvement,0,,,,,1,0,1,1,1,1,1,4,0,0,-1,current,0,0,0.029244706655542057,0.029244706655542057,9,0,0,0,0,0,0,0,0.0,0.5,0.6666666666666666,0.5833333333333334,0.5833333333333334,0,0.0,0.5,0.6666666666666666,0.5833333333333334,0.5833333333333334,0,0.0,0.5,0.6666666666666666,0.5833333333333334,0.5833333333333334,0,0.0,0.5,0.6666666666666666,0.5833333333333334,0.5833333333333334
2464,no_strict_e1_improvement,0,,,,,1,0,1,1,1,1,1,4,0,0,-1,current,0,0,0.15932926426952085,0.15932926426952085,8,1,1,1,1,0,0,0,0.1111111111111111,0.6666666666666666,0.3333333333333333,0.5,0.5,0,0.1111111111111111,0.6666666666666666,0.3333333333333333,0.5,0.5,0,0.1111111111111111,0.6666666666666666,0.3333333333333333,0.5,0.5,0,0.1111111111111111,0.6666666666666666,0.3333333333333333,0.5,0.5
2465,max_rounds,0,,,,,1,1,3,2,2,6,6,4,0,-1,1,profiled_beam,1,1,0.11508287551502387,0.06319578954329093,7,7,7,9,0,-7,-9,0,0.7777777777777778,0.6666666666666666,0.6666666666666666,0.6666666666666666,0.75,0,0.7777777777777778,0.6666666666666666,0.6666666666666666,0.6666666666666666,0.75,1,1.0,1.0,1.0,1.0,1.0,0,0.0,0.5,0.8333333333333334,0.6666666666666666,0.6666666666666666
2466,no_strict_e1_improvement,0,,,,,1,0,1,1,1,1,1,4,0,0,-1,current,0,0,0.01978715571264426,0.01978715571264426,10,0,0,0,0,0,0,0,0.0,0.5,1.0,0.75,0.75,0,0.0,0.5,1.0,0.75,0.75,0,0.0,0.5,1.0,0.75,0.75,0,0.0,0.5,1.0,0.75,0.75
2467,max_rounds,0,,,,,1,1,5,4,4,10,10,4,0,0,0,s1a3_greedy,1,0,0.07842037205894788,0.03538620192557573,7,1,1,0,0,-1,0,0,0.1111111111111111,0.6666666666666666,0.3333333333333333,0.5,0.5833333333333334,0,0.1111111111111111,0.6666666666666666,0.3333333333333333,0.5,0.5833333333333334,0,0.0,1.0,0.5,0.75,0.75,0,0.0,1.0,0.5,0.75,0.75
2468,no_strict_e1_improvement,0,,,,,1,0,1,1,1,1,1,4,0,0,-1,current,0,0,0.019536076094179105,0.019536076094179105,11,9,9,9,9,0,0,1,1.0,1.0,1.0,1.0,1.0,1,1.0,1.0,1.0,1.0,1.0,1,1.0,1.0,1.0,1.0,1.0,1,1.0,1.0,1.0,1.0,1.0
2469,no_strict_e1_improvement,0,,,,,1,0,2,2,2,7,7,4,0,0,-1,current,0,0,0.06567506988843282,0.06567506988843282,10,0,0,0,0,0,0,0,0.0,0.5,1.0,0.75,0.75,0,0.0,0.5,1.0,0.75,0.75,0,0.0,0.5,1.0,0.75,0.75,0,0.0,0.5,1.0,0.75,0.75
2470,no_strict_e1_improvement,0,,,,,1,0,1,1,1,1,1,4,0,0,-1,current,0,0,0.007874841491381327,0.007874841491381327,12,9,9,9,9,0,0,1,1.0,1.0,1.0,1.0,1.0,1,1.0,1.0,1.0,1.0,1.0,1,1.0,1.0,1.0,1.0,1.0,1,1.0,1.0,1.0,1.0,1.0
2471,no_strict_e1_improvement,0,,,,,1,0,1,1,1,2,2,4,0,0,-1,current,0,0,0.16049438156187534,0.16049438156187534,9,6,6,6,6,0,0,0,0.6666666666666666,0.5,0.8333333333333334,0.6666666666666666,0.6666666666666666,0,0.6666666666666666,0.5,0.8333333333333334,0.6666666666666666,0.6666666666666666,0,0.6666666666666666,0.5,0.8333333333333334,0.6666666666666666,0.6666666666666666,0,0.6666666666666666,0.5,0.8333333333333334,0.6666666666666666,0.6666666666666666
2472,small_component,0,,,,,1,0,0,0,0,0,0,4,0,0,-1,current,0,0,0.19598360208328813,0.19598360208328813,5,5,5,5,5,0,0,0,0.5555555555555556,0.3333333333333333,0.6666666666666666,0.5,0.6666666666666666,0,0.5555555555555556,0.3333333333333333,0.6666666666666666,0.5,0.6666666666666666,0,0.5555555555555556,0.3333333333333333,0.6666666666666666,0.5,0.6666666666666666,0,0.5555555555555556,0.3333333333333333,0.6666666666666666,0.5,0.6666666666666666
2473,no_strict_e1_improvement,0,,,,,1,0,1,1,1,1,1,4,0,0,-1,current,0,0,0.046649410078922905,0.046649410078922905,10,0,0,0,0,0,0,0,0.0,0.5,1.0,0.75,0.75,0,0.0,0.5,1.0,0.75,0.75,0,0.0,0.5,1.0,0.75,0.75,0,0.0,0.5,1.0,0.75,0.75
2474,no_strict_e1_improvement,0,,,,,1,0,1,1,1,1,1,4,0,0,-1,current,0,0,0.030593801425614704,0.030593801425614704,6,0,0,0,0,0,0,0,0.0,0.16666666666666666,0.5,0.3333333333333333,0.5,0,0.0,0.16666666666666666,0.5,0.3333333333333333,0.5,0,0.0,0.16666666666666666,0.5,0.3333333333333333,0.5,0,0.0,0.16666666666666666,0.5,0.3333333333333333,0.5
2475,no_strict_e1_improvement,0,,,,,1,0,2,2,2,8,8,4,0,0,-1,current,0,0,0.10152480898735423,0.10152480898735423,7,3,3,3,3,0,0,0,0.3333333333333333,0.5,0.6666666666666666,0.5833333333333334,0.5833333333333334,0,0.3333333333333333,0.5,0.6666666666666666,0.5833333333333334,0.5833333333333334,0,0.3333333333333333,0.5,0.6666666666666666,0.5833333333333334,0.5833333333333334,0,0.3333333333333333,0.5,0.6666666666666666,0.5833333333333334,0.5833333333333334
2476,no_strict_e1_improvement,0,,,,,1,0,1,1,1,1,1,4,0,0,-1,current,0,0,0.03396660817088559,0.03396660817088559,10,0,0,0,0,0,0,0,0.0,0.5,1.0,0.75,0.75,0,0.0,0.5,1.0,0.75,0.75,0,0.0,0.5,1.0,0.75,0.75,0,0.0,0.5,1.0,0.75,0.75
2477,no_strict_e1_improvement,0,,,,,1,0,1,1,1,1,1,4,0,0,-1,current,0,0,0.061648561308781304,0.061648561308781304,9,0,0,0,0,0,0,0,0.0,0.8333333333333334,0.0,0.4166666666666667,0.4166666666666667,0,0.0,0.8333333333333334,0.0,0.4166666666666667,0.4166666666666667,0,0.0,0.8333333333333334,0.0,0.4166666666666667,0.4166666666666667,0,0.0,0.8333333333333334,0.0,0.4166666666666667,0.4166666666666667
2478,max_rounds,0,,,,,1,1,5,4,4,13,13,4,-1,0,1,profiled_beam,1,1,0.1513541986544927,0.14131793659180403,6,0,0,3,5,5,2,0,0.0,0.3333333333333333,0.5,0.4166666666666667,0.75,0,0.0,0.3333333333333333,0.5,0.4166666666666667,0.75,0,0.3333333333333333,0.0,1.0,0.5,1.0,0,0.5555555555555556,0.3333333333333333,0.5,0.4166666666666667,0.6666666666666666
2479,max_rounds,0,,,,,1,1,5,4,4,16,16,4,-1,0,0,s1a3_greedy,1,0,0.13852783350739628,0.0745189810404554,5,2,2,0,0,-2,0,0,0.2222222222222222,0.0,0.3333333333333333,0.16666666666666666,0.5,0,0.2222222222222222,0.0,0.3333333333333333,0.16666666666666666,0.5,0,0.0,0.0,0.3333333333333333,0.16666666666666666,0.4166666666666667,0,0.0,0.0,0.3333333333333333,0.16666666666666666,0.4166666666666667
2480,no_strict_e1_improvement,0,,,,,1,0,1,1,1,1,1,4,0,0,-1,current,0,0,0.019244059920310974,0.019244059920310974,10,0,0,0,0,0,0,0,0.0,0.5,1.0,0.75,0.75,0,0.0,0.5,1.0,0.75,0.75,0,0.0,0.5,1.0,0.75,0.75,0,0.0,0.5,1.0,0.75,0.75
2481,partial_completed__small_component,1,,3,2,2,1,0,0,0,0,0,0,4,0,0,-1,current,1,0,0.2513393970827262,0.2513393970827262,5,0,0,0,0,0,0,0,0.0,0.0,0.16666666666666666,0.08333333333333333,0.25,0,0.0,0.16666666666666666,0.3333333333333333,0.25,0.4166666666666667,0,0.0,0.16666666666666666,0.3333333333333333,0.25,0.4166666666666667,0,0.0,0.16666666666666666,0.3333333333333333,0.25,0.4166666666666667
2482,max_rounds,0,,,,,1,1,2,2,2,7,7,4,0,1,1,profiled_beam,1,1,0.13982194289565086,0.07508564181625843,7,0,0,7,9,9,2,0,0.0,0.5,1.0,0.75,0.75,0,0.0,0.5,1.0,0.75,0.75,0,0.7777777777777778,0.6666666666666666,0.6666666666666666,0.6666666666666666,0.75,1,1.0,1.0,1.0,1.0,1.0
2483,no_strict_e1_improvement,0,,,,,1,0,1,1,1,1,1,4,0,0,-1,current,0,0,0.04015462783475717,0.04015462783475717,7,0,0,0,0,0,0,0,0.0,0.3333333333333333,0.16666666666666666,0.25,0.3333333333333333,0,0.0,0.3333333333333333,0.16666666666666666,0.25,0.3333333333333333,0,0.0,0.3333333333333333,0.16666666666666666,0.25,0.3333333333333333,0,0.0,0.3333333333333333,0.16666666666666666,0.25,0.3333333333333333
2484,no_strict_e1_improvement,0,,,,,1,0,1,1,1,1,1,4,0,0,-1,current,0,0,0.017397949235601118,0.017397949235601118,9,0,0,0,0,0,0,0,0.0,1.0,0.5,0.75,0.75,0,0.0,1.0,0.5,0.75,0.75,0,0.0,1.0,0.5,0.75,0.75,0,0.0,1.0,0.5,0.75,0.75
2485,partial_completed__no_strict_e1_improvement,1,,3,2,4,1,0,1,1,1,1,1,4,0,0,-1,current,1,0,0.08058354863896966,0.08058354863896966,8,0,0,0,0,0,0,0,0.0,0.0,0.3333333333333333,0.16666666666666666,0.16666666666666666,0,0.0,0.5,0.5,0.5,0.5,0,0.0,0.5,0.5,0.5,0.5,0,0.0,0.5,0.5,0.5,0.5
2486,max_rounds,0,,,,,1,1,3,2,2,6,6,4,0,1,0,s1a3_greedy,1,0,0.1452946899808012,0.10278850918014844,8,7,7,0,0,-7,0,0,0.7777777777777778,0.6666666666666666,0.6666666666666666,0.6666666666666666,0.75,0,0.7777777777777778,0.6666666666666666,0.6666666666666666,0.6666666666666666,0.75,0,0.0,0.5,1.0,0.75,0.75,0,0.0,0.5,1.0,0.75,0.75
2487,no_strict_e1_improvement,0,,,,,1,0,2,2,2,7,7,4,0,0,-1,current,0,0,0.04965693255265554,0.04965693255265554,9,9,9,9,9,0,0,1,1.0,1.0,1.0,1.0,1.0,1,1.0,1.0,1.0,1.0,1.0,1,1.0,1.0,1.0,1.0,1.0,1,1.0,1.0,1.0,1.0,1.0
2488,max_rounds,0,,,,,1,1,2,1,1,2,2,4,0,0,0,s1a3_greedy,1,0,0.12481887202011421,0.036271134372024484,9,1,1,0,0,-1,0,0,0.1111111111111111,0.3333333333333333,0.6666666666666666,0.5,0.5,0,0.1111111111111111,0.3333333333333333,0.6666666666666666,0.5,0.5,0,0.0,0.5,0.8333333333333334,0.6666666666666666,0.6666666666666666,0,0.0,0.5,0.8333333333333334,0.6666666666666666,0.6666666666666666
2489,max_rounds,0,,,,,1,1,3,2,2,5,5,4,0,0,0,s1a3_greedy,1,0,0.12027917274584372,0.0935355699621141,6,7,7,9,9,2,0,0,0.7777777777777778,0.6666666666666666,0.6666666666666666,0.6666666666666666,0.75,0,0.7777777777777778,0.6666666666666666,0.6666666666666666,0.6666666666666666,0.75,1,1.0,1.0,1.0,1.0,1.0,1,1.0,1.0,1.0,1.0,1.0
2490,no_strict_e1_improvement,0,,,,,1,0,1,1,1,1,1,4,0,0,-1,current,0,0,0.010710515702764193,0.010710515702764193,9,9,9,9,9,0,0,1,1.0,1.0,1.0,1.0,1.0,1,1.0,1.0,1.0,1.0,1.0,1,1.0,1.0,1.0,1.0,1.0,1,1.0,1.0,1.0,1.0,1.0
2491,no_strict_e1_improvement,0,,,,,1,0,1,1,1,1,1,4,0,0,-1,current,0,0,0.002375829964876175,0.002375829964876175,12,9,9,9,9,0,0,1,1.0,1.0,1.0,1.0,1.0,1,1.0,1.0,1.0,1.0,1.0,1,1.0,1.0,1.0,1.0,1.0,1,1.0,1.0,1.0,1.0,1.0
2492,no_strict_e1_improvement,0,,,,,1,0,1,1,1,1,1,4,0,0,-1,current,0,0,0.03731024203201135,0.03731024203201135,7,2,2,2,2,0,0,0,0.2222222222222222,0.16666666666666666,0.6666666666666666,0.4166666666666667,0.5833333333333334,0,0.2222222222222222,0.16666666666666666,0.6666666666666666,0.4166666666666667,0.5833333333333334,0,0.2222222222222222,0.16666666666666666,0.6666666666666666,0.4166666666666667,0.5833333333333334,0,0.2222222222222222,0.16666666666666666,0.6666666666666666,0.4166666666666667,0.5833333333333334
2493,no_strict_e1_improvement,0,,,,,1,0,1,1,1,1,1,4,0,0,-1,current,0,0,0.0762206472766896,0.0762206472766896,7,9,9,9,9,0,0,1,1.0,1.0,1.0,1.0,1.0,1,1.0,1.0,1.0,1.0,1.0,1,1.0,1.0,1.0,1.0,1.0,1,1.0,1.0,1.0,1.0,1.0
2494,max_rounds,0,,,,,1,1,5,4,4,12,12,4,0,1,1,profiled_beam,1,1,0.12605496627899507,0.09049671399407089,7,0,0,0,0,0,0,0,0.0,1.0,0.5,0.75,0.75,0,0.0,1.0,0.5,0.75,0.75,0,0.0,0.5,0.3333333333333333,0.4166666666666667,0.5,0,0.0,0.5,0.6666666666666666,0.5833333333333334,0.5833333333333334
2495,max_rounds,0,,,,,1,1,5,4,4,13,13,4,-1,0,0,s1a3_greedy,1,0,0.3235335466451943,0.172732885965767,6,4,4,3,3,-1,0,0,0.4444444444444444,0.5,0.0,0.25,0.5,0,0.4444444444444444,0.5,0.0,0.25,0.5,0,0.3333333333333333,1.0,0.0,0.5,0.75,0,0.3333333333333333,1.0,0.0,0.5,0.75
2496,max_rounds,0,,,,,1,1,3,2,2,6,6,4,0,1,0,s1a3_greedy,1,0,0.1741108551310996,0.05938609425599376,7,0,0,9,9,9,0,0,0.0,0.5,0.6666666666666666,0.5833333333333334,0.6666666666666666,0,0.0,0.5,0.6666666666666666,0.5833333333333334,0.6666666666666666,1,1.0,1.0,1.0,1.0,1.0,1,1.0,1.0,1.0,1.0,1.0
2497,no_strict_e1_improvement,0,,,,,1,0,1,1,1,1,1,4,0,0,-1,current,0,0,0.0399787196268638,0.0399787196268638,11,9,9,9,9,0,0,1,1.0,1.0,1.0,1.0,1.0,1,1.0,1.0,1.0,1.0,1.0,1,1.0,1.0,1.0,1.0,1.0,1,1.0,1.0,1.0,1.0,1.0
2498,no_strict_e1_improvement,0,,,,,1,0,1,1,1,1,1,4,0,0,-1,current,0,0,0.05725977632876796,0.05725977632876796,7,0,0,0,0,0,0,0,0.0,0.3333333333333333,0.5,0.4166666666666667,0.5,0,0.0,0.3333333333333333,0.5,0.4166666666666667,0.5,0,0.0,0.3333333333333333,0.5,0.4166666666666667,0.5,0,0.0,0.3333333333333333,0.5,0.4166666666666667,0.5
2499,no_strict_e1_improvement,0,,,,,1,0,1,1,1,1,1,4,0,0,-1,current,0,0,0.0,0.0,12,0,0,0,0,0,0,0,0.0,0.5,1.0,0.75,0.75,0,0.0,0.5,1.0,0.75,0.75,0,0.0,0.5,1.0,0.75,0.75,0,0.0,0.5,1.0,0.75,0.75
2500,no_strict_e1_improvement,0,,,,,1,0,1,1,1,1,1,4,0,0,-1,current,0,0,0.15957921417430043,0.15957921417430043,7,0,0,0,0,0,0,0,0.0,0.0,0.5,0.25,0.6666666666666666,0,0.0,0.0,0.5,0.25,0.6666666666666666,0,0.0,0.0,0.5,0.25,0.6666666666666666,0,0.0,0.0,0.5,0.25,0.6666666666666666
2501,no_strict_e1_improvement,0,,,,,1,0,1,1,1,1,1,4,0,0,-1,current,0,0,0.015523996126527587,0.015523996126527587,9,9,9,9,9,0,0,1,1.0,1.0,1.0,1.0,1.0,1,1.0,1.0,1.0,1.0,1.0,1,1.0,1.0,1.0,1.0,1.0,1,1.0,1.0,1.0,1.0,1.0
2502,no_strict_e1_improvement,0,,,,,1,0,1,1,1,2,2,4,0,0,-1,current,0,0,0.10115009173750877,0.10115009173750877,6,0,0,0,0,0,0,0,0.0,0.16666666666666666,0.3333333333333333,0.25,0.5,0,0.0,0.16666666666666666,0.3333333333333333,0.25,0.5,0,0.0,0.16666666666666666,0.3333333333333333,0.25,0.5,0,0.0,0.16666666666666666,0.3333333333333333,0.25,0.5
2503,max_rounds,0,,,,,1,1,3,2,2,5,5,4,0,0,1,profiled_beam,1,1,0.12371406750753522,0.1235091343211631,9,6,6,6,9,3,3,0,0.6666666666666666,0.8333333333333334,0.5,0.6666666666666666,0.6666666666666666,0,0.6666666666666666,0.8333333333333334,0.5,0.6666666666666666,0.6666666666666666,0,0.6666666666666666,0.8333333333333334,0.5,0.6666666666666666,0.6666666666666666,1,1.0,1.0,1.0,1.0,1.0
2504,no_strict_e1_improvement,0,,,,,1,0,1,1,1,1,1,4,0,0,-1,current,0,0,0.0102173729489247,0.0102173729489247,11,9,9,9,9,0,0,1,1.0,1.0,1.0,1.0,1.0,1,1.0,1.0,1.0,1.0,1.0,1,1.0,1.0,1.0,1.0,1.0,1,1.0,1.0,1.0,1.0,1.0
2505,no_strict_e1_improvement,0,,,,,1,0,1,1,1,1,1,4,0,0,-1,current,0,0,0.007869346688191095,0.007869346688191095,11,0,0,0,0,0,0,0,0.0,0.5,0.5,0.5,0.5,0,0.0,0.5,0.5,0.5,0.5,0,0.0,0.5,0.5,0.5,0.5,0,0.0,0.5,0.5,0.5,0.5
2506,no_strict_e1_improvement,0,,,,,1,0,1,1,1,1,1,4,0,0,-1,current,0,0,0.03342969622462988,0.03342969622462988,9,0,0,0,0,0,0,0,0.0,0.5,1.0,0.75,0.75,0,0.0,0.5,1.0,0.75,0.75,0,0.0,0.5,1.0,0.75,0.75,0,0.0,0.5,1.0,0.75,0.75
2507,no_strict_e1_improvement,0,,,,,1,0,1,1,1,1,1,4,0,0,-1,current,0,0,0.013259445317089558,0.013259445317089558,11,9,9,9,9,0,0,1,1.0,1.0,1.0,1.0,1.0,1,1.0,1.0,1.0,1.0,1.0,1,1.0,1.0,1.0,1.0,1.0,1,1.0,1.0,1.0,1.0,1.0
2508,no_strict_e1_improvement,0,,,,,1,0,1,1,1,1,1,4,0,0,-1,current,0,0,0.02354290196672082,0.02354290196672082,11,9,9,9,9,0,0,1,1.0,1.0,1.0,1.0,1.0,1,1.0,1.0,1.0,1.0,1.0,1,1.0,1.0,1.0,1.0,1.0,1,1.0,1.0,1.0,1.0,1.0
2509,no_strict_e1_improvement,0,,,,,1,0,1,1,1,1,1,4,0,0,-1,current,0,0,0.050649638598163925,0.050649638598163925,9,0,0,0,0,0,0,0,0.0,0.5,0.6666666666666666,0.5833333333333334,0.6666666666666666,0,0.0,0.5,0.6666666666666666,0.5833333333333334,0.6666666666666666,0,0.0,0.5,0.6666666666666666,0.5833333333333334,0.6666666666666666,0,0.0,0.5,0.6666666666666666,0.5833333333333334,0.6666666666666666
2510,no_strict_e1_improvement,0,,,,,1,0,1,1,1,1,1,4,0,0,-1,current,0,0,0.09250294789671898,0.09250294789671898,8,1,1,1,1,0,0,0,0.1111111111111111,0.3333333333333333,0.6666666666666666,0.5,0.6666666666666666,0,0.1111111111111111,0.3333333333333333,0.6666666666666666,0.5,0.6666666666666666,0,0.1111111111111111,0.3333333333333333,0.6666666666666666,0.5,0.6666666666666666,0,0.1111111111111111,0.3333333333333333,0.6666666666666666,0.5,0.6666666666666666
2511,max_rounds,0,,,,,1,1,2,2,2,6,6,4,1,0,0,s1a3_greedy,1,0,0.10036859506120284,0.09102805672834317,7,0,0,0,0,0,0,0,0.0,1.0,0.5,0.75,0.75,0,0.0,1.0,0.5,0.75,0.75,0,0.0,1.0,0.5,0.75,0.75,0,0.0,1.0,0.5,0.75,0.75
2512,no_strict_e1_improvement,0,,,,,1,0,1,1,1,1,1,4,0,0,-1,current,0,0,0.07545256117979686,0.07545256117979686,8,9,9,9,9,0,0,1,1.0,1.0,1.0,1.0,1.0,1,1.0,1.0,1.0,1.0,1.0,1,1.0,1.0,1.0,1.0,1.0,1,1.0,1.0,1.0,1.0,1.0
2513,max_rounds,0,,,,,1,1,5,4,4,10,10,4,0,0,1,profiled_beam,1,1,0.32676468975842,0.18439488671720028,6,0,0,0,0,0,0,0,0.0,0.16666666666666666,0.3333333333333333,0.25,0.25,0,0.0,0.16666666666666666,0.3333333333333333,0.25,0.25,0,0.0,0.0,0.5,0.25,0.3333333333333333,0,0.0,0.16666666666666666,0.6666666666666666,0.4166666666666667,0.5
2514,no_strict_e1_improvement,0,,,,,1,0,1,1,1,1,1,4,0,0,-1,current,0,0,0.05468207489078244,0.05468207489078244,8,1,1,1,1,0,0,0,0.1111111111111111,0.3333333333333333,0.3333333333333333,0.3333333333333333,0.4166666666666667,0,0.1111111111111111,0.3333333333333333,0.3333333333333333,0.3333333333333333,0.4166666666666667,0,0.1111111111111111,0.3333333333333333,0.3333333333333333,0.3333333333333333,0.4166666666666667,0,0.1111111111111111,0.3333333333333333,0.3333333333333333,0.3333333333333333,0.4166666666666667
2515,partial_completed__max_rounds,1,,3,2,4,1,1,2,1,1,2,2,4,0,0,0,s1a3_greedy,1,0,0.1968064640338222,0.13312492488572994,7,0,1,0,0,0,0,0,0.0,0.3333333333333333,0.3333333333333333,0.3333333333333333,0.3333333333333333,0,0.1111111111111111,0.6666666666666666,0.3333333333333333,0.5,0.5,0,0.0,0.8333333333333334,0.5,0.6666666666666666,0.6666666666666666,0,0.0,0.8333333333333334,0.5,0.6666666666666666,0.6666666666666666
2516,no_strict_e1_improvement,0,,,,,1,0,1,1,1,1,1,4,0,0,-1,current,0,0,0.13963411934673786,0.13963411934673786,8,0,0,0,0,0,0,0,0.0,0.5,1.0,0.75,0.75,0,0.0,0.5,1.0,0.75,0.75,0,0.0,0.5,1.0,0.75,0.75,0,0.0,0.5,1.0,0.75,0.75
2517,no_strict_e1_improvement,0,,,,,1,0,1,1,1,1,1,4,0,0,-1,current,0,0,0.06269708446537454,0.06269708446537454,8,0,0,0,0,0,0,0,0.0,0.5,1.0,0.75,0.75,0,0.0,0.5,1.0,0.75,0.75,0,0.0,0.5,1.0,0.75,0.75,0,0.0,0.5,1.0,0.75,0.75
2518,no_strict_e1_improvement,0,,,,,1,0,1,1,1,1,1,4,0,0,-1,current,0,0,0.08876901771873236,0.08876901771873236,8,6,6,6,6,0,0,0,0.6666666666666666,0.5,0.8333333333333334,0.6666666666666666,0.6666666666666666,0,0.6666666666666666,0.5,0.8333333333333334,0.6666666666666666,0.6666666666666666,0,0.6666666666666666,0.5,0.8333333333333334,0.6666666666666666,0.6666666666666666,0,0.6666666666666666,0.5,0.8333333333333334,0.6666666666666666,0.6666666666666666
2519,small_component,0,,,,,1,0,0,0,0,0,0,4,0,0,-1,current,0,0,0.2965680807828903,0.2965680807828903,6,1,1,1,1,0,0,0,0.1111111111111111,0.5,0.0,0.25,0.5833333333333334,0,0.1111111111111111,0.5,0.0,0.25,0.5833333333333334,0,0.1111111111111111,0.5,0.0,0.25,0.5833333333333334,0,0.1111111111111111,0.5,0.0,0.25,0.5833333333333334
2520,no_strict_e1_improvement,0,,,,,1,0,1,1,1,1,1,4,0,0,-1,current,0,0,0.01323154071966807,0.01323154071966807,11,9,9,9,9,0,0,1,1.0,1.0,1.0,1.0,1.0,1,1.0,1.0,1.0,1.0,1.0,1,1.0,1.0,1.0,1.0,1.0,1,1.0,1.0,1.0,1.0,1.0
2521,no_strict_e1_improvement,0,,,,,1,0,1,1,1,1,1,4,0,0,-1,current,0,0,0.015523437488203248,0.015523437488203248,10,0,0,0,0,0,0,0,0.0,0.5,1.0,0.75,0.75,0,0.0,0.5,1.0,0.75,0.75,0,0.0,0.5,1.0,0.75,0.75,0,0.0,0.5,1.0,0.75,0.75
2522,partial_completed__no_strict_e1_improvement,1,,3,2,2,1,0,1,1,1,1,1,4,0,0,-1,current,1,0,0.036929559583465256,0.036929559583465256,7,0,0,0,0,0,0,0,0.0,0.3333333333333333,0.0,0.16666666666666666,0.25,0,0.0,0.5,0.3333333333333333,0.4166666666666667,0.5,0,0.0,0.5,0.3333333333333333,0.4166666666666667,0.5,0,0.0,0.5,0.3333333333333333,0.4166666666666667,0.5
2523,no_strict_e1_improvement,0,,,,,1,0,1,1,1,1,1,4,0,0,-1,current,0,0,0.0,0.0,12,9,9,9,9,0,0,1,1.0,1.0,1.0,1.0,1.0,1,1.0,1.0,1.0,1.0,1.0,1,1.0,1.0,1.0,1.0,1.0,1,1.0,1.0,1.0,1.0,1.0
2524,small_component,0,,,,,1,0,0,0,0,0,0,4,0,0,-1,current,0,0,0.3789348751306534,0.3789348751306534,7,7,7,7,7,0,0,0,0.7777777777777778,0.3333333333333333,0.6666666666666666,0.5,0.5833333333333334,0,0.7777777777777778,0.3333333333333333,0.6666666666666666,0.5,0.5833333333333334,0,0.7777777777777778,0.3333333333333333,0.6666666666666666,0.5,0.5833333333333334,0,0.7777777777777778,0.3333333333333333,0.6666666666666666,0.5,0.5833333333333334
2525,partial_completed__no_strict_e1_improvement,1,,3,2,3,1,0,1,1,1,1,1,4,0,0,-1,current,1,0,0.0061563970521092415,0.0061563970521092415,10,0,9,9,9,9,0,0,0.0,0.5,0.6666666666666666,0.5833333333333334,0.5833333333333334,1,1.0,1.0,1.0,1.0,1.0,1,1.0,1.0,1.0,1.0,1.0,1,1.0,1.0,1.0,1.0,1.0
2526,partial_completed__small_component,1,,3,2,4,1,0,0,0,0,0,0,4,0,0,-1,current,1,0,0.27638306717077893,0.27638306717077893,6,0,0,0,0,0,0,0,0.0,0.16666666666666666,0.16666666666666666,0.16666666666666666,0.25,0,0.0,0.16666666666666666,0.16666666666666666,0.16666666666666666,0.25,0,0.0,0.16666666666666666,0.16666666666666666,0.16666666666666666,0.25,0,0.0,0.16666666666666666,0.16666666666666666,0.16666666666666666,0.25
2527,no_strict_e1_improvement,0,,,,,1,0,1,1,1,1,1,4,0,0,-1,current,0,0,0.0042637054187556105,0.0042637054187556105,11,9,9,9,9,0,0,1,1.0,1.0,1.0,1.0,1.0,1,1.0,1.0,1.0,1.0,1.0,1,1.0,1.0,1.0,1.0,1.0,1,1.0,1.0,1.0,1.0,1.0
2528,no_strict_e1_improvement,0,,,,,1,0,1,1,1,1,1,4,0,0,-1,current,0,0,0.10947215999476612,0.10947215999476612,8,0,0,0,0,0,0,0,0.0,0.5,0.16666666666666666,0.3333333333333333,0.5,0,0.0,0.5,0.16666666666666666,0.3333333333333333,0.5,0,0.0,0.5,0.16666666666666666,0.3333333333333333,0.5,0,0.0,0.5,0.16666666666666666,0.3333333333333333,0.5
2529,no_strict_e1_improvement,0,,,,,1,0,1,1,1,1,1,4,0,0,-1,current,0,0,0.04006588866468519,0.04006588866468519,11,7,7,7,7,0,0,0,0.7777777777777778,0.6666666666666666,0.6666666666666666,0.6666666666666666,0.75,0,0.7777777777777778,0.6666666666666666,0.6666666666666666,0.6666666666666666,0.75,0,0.7777777777777778,0.6666666666666666,0.6666666666666666,0.6666666666666666,0.75,0,0.7777777777777778,0.6666666666666666,0.6666666666666666,0.6666666666666666,0.75
2530,no_strict_e1_improvement,0,,,,,1,0,1,1,1,1,1,4,0,0,-1,current,0,0,0.003760262237240871,0.003760262237240871,12,9,9,9,9,0,0,1,1.0,1.0,1.0,1.0,1.0,1,1.0,1.0,1.0,1.0,1.0,1,1.0,1.0,1.0,1.0,1.0,1,1.0,1.0,1.0,1.0,1.0
2531,no_strict_e1_improvement,0,,,,,1,0,1,1,1,1,1,4,0,0,-1,current,0,0,0.012568835634738207,0.012568835634738207,11,9,9,9,9,0,0,1,1.0,1.0,1.0,1.0,1.0,1,1.0,1.0,1.0,1.0,1.0,1,1.0,1.0,1.0,1.0,1.0,1,1.0,1.0,1.0,1.0,1.0
2532,no_strict_e1_improvement,0,,,,,1,0,1,1,1,1,1,4,0,0,-1,current,0,0,0.016415047148863476,0.016415047148863476,11,9,9,9,9,0,0,1,1.0,1.0,1.0,1.0,1.0,1,1.0,1.0,1.0,1.0,1.0,1,1.0,1.0,1.0,1.0,1.0,1,1.0,1.0,1.0,1.0,1.0
2533,max_rounds,0,,,,,1,1,3,2,2,6,6,4,0,0,0,s1a3_greedy,1,0,0.1849362887442112,0.08003961232801278,9,0,0,0,0,0,0,0,0.0,0.6666666666666666,0.16666666666666666,0.4166666666666667,0.5,0,0.0,0.6666666666666666,0.16666666666666666,0.4166666666666667,0.5,0,0.0,1.0,0.5,0.75,0.75,0,0.0,1.0,0.5,0.75,0.75
2534,no_strict_e1_improvement,0,,,,,1,0,1,1,1,1,1,4,0,0,-1,current,0,0,0.08528657754262288,0.08528657754262288,7,0,0,0,0,0,0,0,0.0,0.5,0.6666666666666666,0.5833333333333334,0.6666666666666666,0,0.0,0.5,0.6666666666666666,0.5833333333333334,0.6666666666666666,0,0.0,0.5,0.6666666666666666,0.5833333333333334,0.6666666666666666,0,0.0,0.5,0.6666666666666666,0.5833333333333334,0.6666666666666666
2535,no_strict_e1_improvement,0,,,,,1,0,1,1,1,1,1,4,0,0,-1,current,0,0,0.028205745077381533,0.028205745077381533,10,9,9,9,9,0,0,1,1.0,1.0,1.0,1.0,1.0,1,1.0,1.0,1.0,1.0,1.0,1,1.0,1.0,1.0,1.0,1.0,1,1.0,1.0,1.0,1.0,1.0
2536,max_rounds,0,,,,,1,1,3,2,2,5,5,4,0,0,0,s1a3_greedy,1,0,0.1899697488794724,0.1774563149859508,8,1,1,0,0,-1,0,0,0.1111111111111111,0.3333333333333333,0.6666666666666666,0.5,0.5,0,0.1111111111111111,0.3333333333333333,0.6666666666666666,0.5,0.5,0,0.0,0.3333333333333333,0.5,0.4166666666666667,0.5,0,0.0,0.3333333333333333,0.5,0.4166666666666667,0.5
2537,no_strict_e1_improvement,0,,,,,1,0,1,1,1,1,1,4,0,0,-1,current,0,0,0.049688766400019325,0.049688766400019325,11,9,9,9,9,0,0,1,1.0,1.0,1.0,1.0,1.0,1,1.0,1.0,1.0,1.0,1.0,1,1.0,1.0,1.0,1.0,1.0,1,1.0,1.0,1.0,1.0,1.0
2538,small_component,0,,,,,1,0,0,0,0,0,0,4,0,0,-1,current,0,0,0.4231683885057767,0.4231683885057767,6,5,5,5,5,0,0,0,0.5555555555555556,0.16666666666666666,0.3333333333333333,0.25,0.5,0,0.5555555555555556,0.16666666666666666,0.3333333333333333,0.25,0.5,0,0.5555555555555556,0.16666666666666666,0.3333333333333333,0.25,0.5,0,0.5555555555555556,0.16666666666666666,0.3333333333333333,0.25,0.5
2539,no_strict_e1_improvement,0,,,,,1,0,1,1,1,1,1,4,0,0,-1,current,0,0,0.05012318988641103,0.05012318988641103,10,9,9,9,9,0,0,1,1.0,1.0,1.0,1.0,1.0,1,1.0,1.0,1.0,1.0,1.0,1,1.0,1.0,1.0,1.0,1.0,1,1.0,1.0,1.0,1.0,1.0
2540,no_strict_e1_improvement,0,,,,,1,0,1,1,1,1,1,4,0,0,-1,current,0,0,0.03004319065560897,0.03004319065560897,10,0,0,0,0,0,0,0,0.0,1.0,0.5,0.75,0.75,0,0.0,1.0,0.5,0.75,0.75,0,0.0,1.0,0.5,0.75,0.75,0,0.0,1.0,0.5,0.75,0.75
2541,no_strict_e1_improvement,0,,,,,1,0,1,1,1,1,1,4,0,0,-1,current,0,0,0.026274175383150578,0.026274175383150578,10,9,9,9,9,0,0,1,1.0,1.0,1.0,1.0,1.0,1,1.0,1.0,1.0,1.0,1.0,1,1.0,1.0,1.0,1.0,1.0,1,1.0,1.0,1.0,1.0,1.0
2542,max_rounds,0,,,,,1,1,5,4,4,15,15,4,0,0,1,profiled_beam,1,1,0.19123618692780534,0.09088917666425307,5,4,4,1,7,3,6,0,0.4444444444444444,0.3333333333333333,0.5,0.4166666666666667,0.4166666666666667,0,0.4444444444444444,0.3333333333333333,0.5,0.4166666666666667,0.4166666666666667,0,0.1111111111111111,0.3333333333333333,0.6666666666666666,0.5,0.6666666666666666,0,0.7777777777777778,0.6666666666666666,0.6666666666666666,0.6666666666666666,0.8333333333333334
2543,max_rounds,0,,,,,1,1,3,2,2,6,6,4,0,0,0,s1a3_greedy,1,0,0.13859125971794128,0.029853307952483494,10,7,7,9,9,2,0,0,0.7777777777777778,0.6666666666666666,0.6666666666666666,0.6666666666666666,0.75,0,0.7777777777777778,0.6666666666666666,0.6666666666666666,0.6666666666666666,0.75,1,1.0,1.0,1.0,1.0,1.0,1,1.0,1.0,1.0,1.0,1.0
2544,no_strict_e1_improvement,0,,,,,1,0,1,1,1,1,1,4,0,0,-1,current,0,0,0.02975684404373169,0.02975684404373169,10,0,0,0,0,0,0,0,0.0,0.5,1.0,0.75,0.75,0,0.0,0.5,1.0,0.75,0.75,0,0.0,0.5,1.0,0.75,0.75,0,0.0,0.5,1.0,0.75,0.75
2545,no_strict_e1_improvement,0,,,,,1,0,1,1,1,1,1,4,0,0,-1,current,0,0,0.04768842311265568,0.04768842311265568,9,0,0,0,0,0,0,0,0.0,0.5,1.0,0.75,0.75,0,0.0,0.5,1.0,0.75,0.75,0,0.0,0.5,1.0,0.75,0.75,0,0.0,0.5,1.0,0.75,0.75
2546,no_strict_e1_improvement,0,,,,,1,0,2,2,2,6,6,4,0,0,-1,current,0,0,0.1033749266838034,0.1033749266838034,7,0,0,0,0,0,0,0,0.0,0.16666666666666666,0.16666666666666666,0.16666666666666666,0.3333333333333333,0,0.0,0.16666666666666666,0.16666666666666666,0.16666666666666666,0.3333333333333333,0,0.0,0.16666666666666666,0.16666666666666666,0.16666666666666666,0.3333333333333333,0,0.0,0.16666666666666666,0.16666666666666666,0.16666666666666666,0.3333333333333333
2547,no_strict_e1_improvement,0,,,,,1,0,1,1,1,1,1,4,0,0,-1,current,0,0,0.06240858960275849,0.06240858960275849,8,0,0,0,0,0,0,0,0.0,0.5,0.3333333333333333,0.4166666666666667,0.75,0,0.0,0.5,0.3333333333333333,0.4166666666666667,0.75,0,0.0,0.5,0.3333333333333333,0.4166666666666667,0.75,0,0.0,0.5,0.3333333333333333,0.4166666666666667,0.75
2548,max_rounds,0,,,,,1,1,3,2,2,6,6,4,0,-1,0,s1a3_greedy,1,0,0.183467881133159,0.011539325816556811,11,6,6,0,0,-6,0,0,0.6666666666666666,0.5,0.8333333333333334,0.6666666666666666,0.6666666666666666,0,0.6666666666666666,0.5,0.8333333333333334,0.6666666666666666,0.6666666666666666,0,0.0,0.5,1.0,0.75,0.75,0,0.0,0.5,1.0,0.75,0.75
2549,no_strict_e1_improvement,0,,,,,1,0,1,1,1,1,1,4,0,0,-1,current,0,0,0.008097107211748758,0.008097107211748758,12,0,0,0,0,0,0,0,0.0,0.5,1.0,0.75,0.75,0,0.0,0.5,1.0,0.75,0.75,0,0.0,0.5,1.0,0.75,0.75,0,0.0,0.5,1.0,0.75,0.75
2550,no_strict_e1_improvement,0,,,,,1,0,1,1,1,1,1,4,0,0,-1,current,0,0,0.00818061331907908,0.00818061331907908,9,9,9,9,9,0,0,1,1.0,1.0,1.0,1.0,1.0,1,1.0,1.0,1.0,1.0,1.0,1,1.0,1.0,1.0,1.0,1.0,1,1.0,1.0,1.0,1.0,1.0
2551,no_strict_e1_improvement,0,,,,,1,0,1,1,1,2,2,4,0,0,-1,current,0,0,0.19670725179215273,0.19670725179215273,6,0,0,0,0,0,0,0,0.0,0.5,0.8333333333333334,0.6666666666666666,0.6666666666666666,0,0.0,0.5,0.8333333333333334,0.6666666666666666,0.6666666666666666,0,0.0,0.5,0.8333333333333334,0.6666666666666666,0.6666666666666666,0,0.0,0.5,0.8333333333333334,0.6666666666666666,0.6666666666666666
2552,no_strict_e1_improvement,0,,,,,1,0,1,1,1,1,1,4,0,0,-1,current,0,0,0.11804918572306633,0.11804918572306633,7,0,0,0,0,0,0,0,0.0,0.6666666666666666,0.5,0.5833333333333334,0.75,0,0.0,0.6666666666666666,0.5,0.5833333333333334,0.75,0,0.0,0.6666666666666666,0.5,0.5833333333333334,0.75,0,0.0,0.6666666666666666,0.5,0.5833333333333334,0.75
2553,max_rounds,0,,,,,1,1,2,2,2,6,6,4,0,-1,0,s1a3_greedy,1,0,0.06536148550609748,0.04600561146313945,7,0,0,0,0,0,0,0,0.0,0.5,0.6666666666666666,0.5833333333333334,0.5833333333333334,0,0.0,0.5,0.6666666666666666,0.5833333333333334,0.5833333333333334,0,0.0,0.5,0.8333333333333334,0.6666666666666666,0.6666666666666666,0,0.0,0.5,0.8333333333333334,0.6666666666666666,0.6666666666666666
2554,no_strict_e1_improvement,0,,,,,1,0,2,2,2,6,6,4,0,0,-1,current,0,0,0.05264424066990614,0.05264424066990614,10,9,9,9,9,0,0,1,1.0,1.0,1.0,1.0,1.0,1,1.0,1.0,1.0,1.0,1.0,1,1.0,1.0,1.0,1.0,1.0,1,1.0,1.0,1.0,1.0,1.0
2555,max_rounds,0,,,,,1,1,3,2,2,6,6,4,0,0,0,s1a3_greedy,1,0,0.14665534595648447,0.02885158360004425,10,7,7,9,9,2,0,0,0.7777777777777778,0.6666666666666666,0.6666666666666666,0.6666666666666666,0.75,0,0.7777777777777778,0.6666666666666666,0.6666666666666666,0.6666666666666666,0.75,1,1.0,1.0,1.0,1.0,1.0,1,1.0,1.0,1.0,1.0,1.0
2556,small_component,0,,,,,1,0,0,0,0,0,0,4,0,0,-1,current,0,0,0.12400448128270607,0.12400448128270607,6,7,7,7,7,0,0,0,0.7777777777777778,0.6666666666666666,0.6666666666666666,0.6666666666666666,0.75,0,0.7777777777777778,0.6666666666666666,0.6666666666666666,0.6666666666666666,0.75,0,0.7777777777777778,0.6666666666666666,0.6666666666666666,0.6666666666666666,0.75,0,0.7777777777777778,0.6666666666666666,0.6666666666666666,0.6666666666666666,0.75
2557,no_strict_e1_improvement,0,,,,,1,0,1,1,1,1,1,4,0,0,-1,current,0,0,0.0512220673263073,0.0512220673263073,10,6,6,6,6,0,0,0,0.6666666666666666,0.5,0.8333333333333334,0.6666666666666666,0.6666666666666666,0,0.6666666666666666,0.5,0.8333333333333334,0.6666666666666666,0.6666666666666666,0,0.6666666666666666,0.5,0.8333333333333334,0.6666666666666666,0.6666666666666666,0,0.6666666666666666,0.5,0.8333333333333334,0.6666666666666666,0.6666666666666666
2558,no_strict_e1_improvement,0,,,,,1,0,1,1,1,1,1,4,0,0,-1,current,0,0,0.011989329010248184,0.011989329010248184,11,9,9,9,9,0,0,1,1.0,1.0,1.0,1.0,1.0,1,1.0,1.0,1.0,1.0,1.0,1,1.0,1.0,1.0,1.0,1.0,1,1.0,1.0,1.0,1.0,1.0
2559,no_strict_e1_improvement,0,,,,,1,0,1,1,1,1,1,4,0,0,-1,current,0,0,0.010028572753071785,0.010028572753071785,10,9,9,9,9,0,0,1,1.0,1.0,1.0,1.0,1.0,1,1.0,1.0,1.0,1.0,1.0,1,1.0,1.0,1.0,1.0,1.0,1,1.0,1.0,1.0,1.0,1.0
2560,max_rounds,0,,,,,1,1,4,4,4,16,16,4,0,1,1,profiled_beam,1,1,0.1964851568142573,0.12939217345168194,3,1,1,1,0,-1,-1,0,0.1111111111111111,0.3333333333333333,0.3333333333333333,0.3333333333333333,0.5833333333333334,0,0.1111111111111111,0.3333333333333333,0.3333333333333333,0.3333333333333333,0.5833333333333334,0,0.1111111111111111,0.3333333333333333,0.3333333333333333,0.3333333333333333,0.5833333333333334,0,0.0,0.0,0.3333333333333333,0.16666666666666666,0.4166666666666667
2561,max_rounds,0,,,,,1,1,2,2,2,6,6,4,0,1,0,s1a3_greedy,1,0,0.05533953135212263,0.0495738306393226,8,0,0,9,9,9,0,0,0.0,0.5,1.0,0.75,0.75,0,0.0,0.5,1.0,0.75,0.75,1,1.0,1.0,1.0,1.0,1.0,1,1.0,1.0,1.0,1.0,1.0
2562,no_strict_e1_improvement,0,,,,,1,0,1,1,1,1,1,4,0,0,-1,current,0,0,0.02616319510464867,0.02616319510464867,8,9,9,9,9,0,0,1,1.0,1.0,1.0,1.0,1.0,1,1.0,1.0,1.0,1.0,1.0,1,1.0,1.0,1.0,1.0,1.0,1,1.0,1.0,1.0,1.0,1.0
2563,no_strict_e1_improvement,0,,,,,1,0,1,1,1,1,1,4,0,0,-1,current,0,0,0.024705083788527798,0.024705083788527798,11,9,9,9,9,0,0,1,1.0,1.0,1.0,1.0,1.0,1,1.0,1.0,1.0,1.0,1.0,1,1.0,1.0,1.0,1.0,1.0,1,1.0,1.0,1.0,1.0,1.0
2564,max_rounds,0,,,,,1,1,3,2,2,6,6,4,0,0,0,s1a3_greedy,1,0,0.19858193948554495,0.03778725916830202,10,0,0,0,0,0,0,0,0.0,0.16666666666666666,0.6666666666666666,0.4166666666666667,0.5,0,0.0,0.16666666666666666,0.6666666666666666,0.4166666666666667,0.5,0,0.0,0.5,1.0,0.75,0.75,0,0.0,0.5,1.0,0.75,0.75
2565,no_strict_e1_improvement,0,,,,,1,0,2,2,2,6,6,4,0,0,-1,current,0,0,0.05324901329974333,0.05324901329974333,9,9,9,9,9,0,0,1,1.0,1.0,1.0,1.0,1.0,1,1.0,1.0,1.0,1.0,1.0,1,1.0,1.0,1.0,1.0,1.0,1,1.0,1.0,1.0,1.0,1.0
2566,max_rounds,0,,,,,1,1,5,4,4,14,14,4,0,1,1,profiled_beam,1,1,0.1021672395678858,0.08833898898834984,5,6,6,0,3,-3,3,0,0.6666666666666666,0.8333333333333334,0.5,0.6666666666666666,0.6666666666666666,0,0.6666666666666666,0.8333333333333334,0.5,0.6666666666666666,0.6666666666666666,0,0.0,0.5,0.5,0.5,0.5,0,0.3333333333333333,0.6666666666666666,0.0,0.3333333333333333,0.3333333333333333
2567,max_rounds,0,,,,,1,1,5,4,4,15,15,4,0,1,1,profiled_beam,1,1,0.246227760023127,0.07769092048207919,4,0,0,1,7,7,6,0,0.0,0.3333333333333333,0.3333333333333333,0.3333333333333333,0.5833333333333334,0,0.0,0.3333333333333333,0.3333333333333333,0.3333333333333333,0.5833333333333334,0,0.1111111111111111,0.16666666666666666,0.3333333333333333,0.25,0.5,0,0.7777777777777778,0.6666666666666666,0.3333333333333333,0.5,0.6666666666666666
2568,no_strict_e1_improvement,0,,,,,1,0,1,1,1,1,1,4,0,0,-1,current,0,0,0.044222379413743816,0.044222379413743816,11,0,0,0,0,0,0,0,0.0,0.5,1.0,0.75,0.75,0,0.0,0.5,1.0,0.75,0.75,0,0.0,0.5,1.0,0.75,0.75,0,0.0,0.5,1.0,0.75,0.75
2569,no_strict_e1_improvement,0,,,,,1,0,1,1,1,1,1,4,0,0,-1,current,0,0,0.09094526378127436,0.09094526378127436,7,7,7,7,7,0,0,0,0.7777777777777778,0.6666666666666666,0.6666666666666666,0.6666666666666666,0.75,0,0.7777777777777778,0.6666666666666666,0.6666666666666666,0.6666666666666666,0.75,0,0.7777777777777778,0.6666666666666666,0.6666666666666666,0.6666666666666666,0.75,0,0.7777777777777778,0.6666666666666666,0.6666666666666666,0.6666666666666666,0.75
2570,no_strict_e1_improvement,0,,,,,1,0,1,1,1,1,1,4,0,0,-1,current,0,0,0.034507742937421426,0.034507742937421426,7,9,9,9,9,0,0,1,1.0,1.0,1.0,1.0,1.0,1,1.0,1.0,1.0,1.0,1.0,1,1.0,1.0,1.0,1.0,1.0,1,1.0,1.0,1.0,1.0,1.0
2571,max_rounds,0,,,,,1,1,3,2,2,7,7,4,0,0,0,s1a3_greedy,1,0,0.2079528570175171,0.059136544819921255,7,7,7,9,9,2,0,0,0.7777777777777778,0.6666666666666666,0.6666666666666666,0.6666666666666666,0.75,0,0.7777777777777778,0.6666666666666666,0.6666666666666666,0.6666666666666666,0.75,1,1.0,1.0,1.0,1.0,1.0,1,1.0,1.0,1.0,1.0,1.0
2572,no_strict_e1_improvement,0,,,,,1,0,1,1,1,1,1,4,0,0,-1,current,0,0,0.034739378839731216,0.034739378839731216,11,9,9,9,9,0,0,1,1.0,1.0,1.0,1.0,1.0,1,1.0,1.0,1.0,1.0,1.0,1,1.0,1.0,1.0,1.0,1.0,1,1.0,1.0,1.0,1.0,1.0
2573,no_strict_e1_improvement,0,,,,,1,0,1,1,1,1,1,4,0,0,-1,current,0,0,0.11920212892194589,0.11920212892194589,7,2,2,2,2,0,0,0,0.2222222222222222,0.5,0.16666666666666666,0.3333333333333333,0.3333333333333333,0,0.2222222222222222,0.5,0.16666666666666666,0.3333333333333333,0.3333333333333333,0,0.2222222222222222,0.5,0.16666666666666666,0.3333333333333333,0.3333333333333333,0,0.2222222222222222,0.5,0.16666666666666666,0.3333333333333333,0.3333333333333333
2574,no_strict_e1_improvement,0,,,,,1,0,1,1,1,1,1,4,0,0,-1,current,0,0,0.011371408899625143,0.011371408899625143,12,9,9,9,9,0,0,1,1.0,1.0,1.0,1.0,1.0,1,1.0,1.0,1.0,1.0,1.0,1,1.0,1.0,1.0,1.0,1.0,1,1.0,1.0,1.0,1.0,1.0
2575,max_rounds,0,,,,,1,1,2,1,1,2,2,4,0,0,1,profiled_beam,1,1,0.2485896640767654,0.22393441759049892,6,3,3,3,2,-1,-1,0,0.3333333333333333,0.16666666666666666,0.3333333333333333,0.25,0.3333333333333333,0,0.3333333333333333,0.16666666666666666,0.3333333333333333,0.25,0.3333333333333333,0,0.3333333333333333,0.16666666666666666,0.3333333333333333,0.25,0.3333333333333333,0,0.2222222222222222,0.16666666666666666,0.16666666666666666,0.16666666666666666,0.4166666666666667
2576,small_component,0,,,,,1,0,0,0,0,0,0,4,0,0,-1,current,0,0,0.27328503876924515,0.27328503876924515,6,3,3,3,3,0,0,0,0.3333333333333333,0.16666666666666666,0.3333333333333333,0.25,0.5,0,0.3333333333333333,0.16666666666666666,0.3333333333333333,0.25,0.5,0,0.3333333333333333,0.16666666666666666,0.3333333333333333,0.25,0.5,0,0.3333333333333333,0.16666666666666666,0.3333333333333333,0.25,0.5
2577,small_component,0,,,,,1,0,0,0,0,0,0,4,0,0,-1,current,0,0,0.13216760040571293,0.13216760040571293,7,1,1,1,1,0,0,0,0.1111111111111111,0.3333333333333333,0.6666666666666666,0.5,0.5833333333333334,0,0.1111111111111111,0.3333333333333333,0.6666666666666666,0.5,0.5833333333333334,0,0.1111111111111111,0.3333333333333333,0.6666666666666666,0.5,0.5833333333333334,0,0.1111111111111111,0.3333333333333333,0.6666666666666666,0.5,0.5833333333333334
2578,no_strict_e1_improvement,0,,,,,1,0,2,2,2,5,5,4,0,0,-1,current,0,0,0.12976807604233423,0.12976807604233423,7,0,0,0,0,0,0,0,0.0,0.5,1.0,0.75,0.75,0,0.0,0.5,1.0,0.75,0.75,0,0.0,0.5,1.0,0.75,0.75,0,0.0,0.5,1.0,0.75,0.75
2579,no_strict_e1_improvement,0,,,,,1,0,1,1,1,1,1,4,0,0,-1,current,0,0,0.062053101641746856,0.062053101641746856,8,0,0,0,0,0,0,0,0.0,0.8333333333333334,0.5,0.6666666666666666,0.6666666666666666,0,0.0,0.8333333333333334,0.5,0.6666666666666666,0.6666666666666666,0,0.0,0.8333333333333334,0.5,0.6666666666666666,0.6666666666666666,0,0.0,0.8333333333333334,0.5,0.6666666666666666,0.6666666666666666
2580,no_strict_e1_improvement,0,,,,,1,0,1,1,1,2,2,4,0,0,-1,current,0,0,0.14827228182305893,0.14827228182305893,8,0,0,0,0,0,0,0,0.0,0.5,0.5,0.5,0.5,0,0.0,0.5,0.5,0.5,0.5,0,0.0,0.5,0.5,0.5,0.5,0,0.0,0.5,0.5,0.5,0.5
2581,max_rounds,0,,,,,1,1,5,4,4,14,14,4,-1,1,1,profiled_beam,1,1,0.22383202984929085,0.14088572026230395,6,0,0,0,0,0,0,0,0.0,0.5,0.8333333333333334,0.6666666666666666,0.6666666666666666,0,0.0,0.5,0.8333333333333334,0.6666666666666666,0.6666666666666666,0,0.0,0.0,0.6666666666666666,0.3333333333333333,0.3333333333333333,0,0.0,0.5,0.8333333333333334,0.6666666666666666,0.6666666666666666
2582,max_rounds,0,,,,,1,1,5,4,4,10,10,4,0,1,1,profiled_beam,1,1,0.22475235785047212,0.05042141256853938,8,0,0,0,0,0,0,0,0.0,0.3333333333333333,0.16666666666666666,0.25,0.3333333333333333,0,0.0,0.3333333333333333,0.16666666666666666,0.25,0.3333333333333333,0,0.0,0.5,0.5,0.5,0.5,0,0.0,0.5,0.5,0.5,0.5
2583,max_rounds,0,,,,,1,1,2,2,2,6,6,4,-1,0,0,s1a3_greedy,1,0,0.06327885071368655,0.004783716598467436,11,0,0,9,9,9,0,0,0.0,1.0,0.5,0.75,0.75,0,0.0,1.0,0.5,0.75,0.75,1,1.0,1.0,1.0,1.0,1.0,1,1.0,1.0,1.0,1.0,1.0
2584,no_strict_e1_improvement,0,,,,,1,0,2,2,2,4,4,4,0,0,-1,current,0,0,0.10863342539717753,0.10863342539717753,6,0,0,0,0,0,0,0,0.0,0.16666666666666666,0.3333333333333333,0.25,0.4166666666666667,0,0.0,0.16666666666666666,0.3333333333333333,0.25,0.4166666666666667,0,0.0,0.16666666666666666,0.3333333333333333,0.25,0.4166666666666667,0,0.0,0.16666666666666666,0.3333333333333333,0.25,0.4166666666666667
2585,no_strict_e1_improvement,0,,,,,1,0,1,1,1,1,1,4,0,0,-1,current,0,0,0.060099937642614044,0.060099937642614044,9,3,3,3,3,0,0,0,0.3333333333333333,0.6666666666666666,0.5,0.5833333333333334,0.5833333333333334,0,0.3333333333333333,0.6666666666666666,0.5,0.5833333333333334,0.5833333333333334,0,0.3333333333333333,0.6666666666666666,0.5,0.5833333333333334,0.5833333333333334,0,0.3333333333333333,0.6666666666666666,0.5,0.5833333333333334,0.5833333333333334
2586,no_strict_e1_improvement,0,,,,,1,0,1,1,1,1,1,4,0,0,-1,current,0,0,0.041453504314025245,0.041453504314025245,9,9,9,9,9,0,0,1,1.0,1.0,1.0,1.0,1.0,1,1.0,1.0,1.0,1.0,1.0,1,1.0,1.0,1.0,1.0,1.0,1,1.0,1.0,1.0,1.0,1.0
2587,no_strict_e1_improvement,0,,,,,1,0,1,1,1,1,1,4,0,0,-1,current,0,0,0.1147239481700429,0.1147239481700429,7,0,0,0,0,0,0,0,0.0,0.0,0.16666666666666666,0.08333333333333333,0.4166666666666667,0,0.0,0.0,0.16666666666666666,0.08333333333333333,0.4166666666666667,0,0.0,0.0,0.16666666666666666,0.08333333333333333,0.4166666666666667,0,0.0,0.0,0.16666666666666666,0.08333333333333333,0.4166666666666667
2588,no_strict_e1_improvement,0,,,,,1,0,1,1,1,1,1,4,0,0,-1,current,0,0,0.08045361066857974,0.08045361066857974,10,0,0,0,0,0,0,0,0.0,0.5,0.5,0.5,0.5,0,0.0,0.5,0.5,0.5,0.5,0,0.0,0.5,0.5,0.5,0.5,0,0.0,0.5,0.5,0.5,0.5
2589,no_strict_e1_improvement,0,,,,,1,0,1,1,1,1,1,4,0,0,-1,current,0,0,0.10492879152297974,0.10492879152297974,10,0,0,0,0,0,0,0,0.0,0.5,1.0,0.75,0.75,0,0.0,0.5,1.0,0.75,0.75,0,0.0,0.5,1.0,0.75,0.75,0,0.0,0.5,1.0,0.75,0.75
2590,no_strict_e1_improvement,0,,,,,1,0,1,1,1,1,1,4,0,0,-1,current,0,0,0.1833457536995411,0.1833457536995411,9,0,0,0,0,0,0,0,0.0,0.5,0.6666666666666666,0.5833333333333334,0.6666666666666666,0,0.0,0.5,0.6666666666666666,0.5833333333333334,0.6666666666666666,0,0.0,0.5,0.6666666666666666,0.5833333333333334,0.6666666666666666,0,0.0,0.5,0.6666666666666666,0.5833333333333334,0.6666666666666666
2591,max_rounds,0,,,,,1,1,4,4,4,13,13,4,1,-1,1,profiled_beam,1,1,0.18102034305532774,0.16666770509133735,4,0,0,0,0,0,0,0,0.0,0.16666666666666666,0.5,0.3333333333333333,0.4166666666666667,0,0.0,0.16666666666666666,0.5,0.3333333333333333,0.4166666666666667,0,0.0,0.16666666666666666,0.5,0.3333333333333333,0.4166666666666667,0,0.0,0.16666666666666666,0.16666666666666666,0.16666666666666666,0.4166666666666667
2592,no_strict_e1_improvement,0,,,,,1,0,1,1,1,1,1,4,0,0,-1,current,0,0,0.06514466421989103,0.06514466421989103,10,6,6,6,6,0,0,0,0.6666666666666666,0.8333333333333334,0.5,0.6666666666666666,0.6666666666666666,0,0.6666666666666666,0.8333333333333334,0.5,0.6666666666666666,0.6666666666666666,0,0.6666666666666666,0.8333333333333334,0.5,0.6666666666666666,0.6666666666666666,0,0.6666666666666666,0.8333333333333334,0.5,0.6666666666666666,0.6666666666666666
2593,no_strict_e1_improvement,0,,,,,1,0,1,1,1,1,1,4,0,0,-1,current,0,0,0.08034216115872066,0.08034216115872066,9,9,9,9,9,0,0,1,1.0,1.0,1.0,1.0,1.0,1,1.0,1.0,1.0,1.0,1.0,1,1.0,1.0,1.0,1.0,1.0,1,1.0,1.0,1.0,1.0,1.0
2594,no_strict_e1_improvement,0,,,,,1,0,1,1,1,1,1,4,0,0,-1,current,0,0,0.06843251114090283,0.06843251114090283,10,9,9,9,9,0,0,1,1.0,1.0,1.0,1.0,1.0,1,1.0,1.0,1.0,1.0,1.0,1,1.0,1.0,1.0,1.0,1.0,1,1.0,1.0,1.0,1.0,1.0
2595,max_rounds,0,,,,,1,1,3,2,2,6,6,4,0,1,1,profiled_beam,1,1,0.19547324255108833,0.062009531228492655,8,1,1,0,0,-1,0,0,0.1111111111111111,0.6666666666666666,0.3333333333333333,0.5,0.6666666666666666,0,0.1111111111111111,0.6666666666666666,0.3333333333333333,0.5,0.6666666666666666,0,0.0,0.5,0.5,0.5,0.5,0,0.0,0.5,0.6666666666666666,0.5833333333333334,0.5833333333333334
2596,no_strict_e1_improvement,0,,,,,1,0,1,1,1,1,1,4,0,0,-1,current,0,0,0.09941525974621375,0.09941525974621375,9,0,0,0,0,0,0,0,0.0,0.6666666666666666,0.5,0.5833333333333334,0.5833333333333334,0,0.0,0.6666666666666666,0.5,0.5833333333333334,0.5833333333333334,0,0.0,0.6666666666666666,0.5,0.5833333333333334,0.5833333333333334,0,0.0,0.6666666666666666,0.5,0.5833333333333334,0.5833333333333334
2597,no_strict_e1_improvement,0,,,,,1,0,2,2,2,5,5,4,0,0,-1,current,0,0,0.055030044789115586,0.055030044789115586,10,9,9,9,9,0,0,1,1.0,1.0,1.0,1.0,1.0,1,1.0,1.0,1.0,1.0,1.0,1,1.0,1.0,1.0,1.0,1.0,1,1.0,1.0,1.0,1.0,1.0
2598,max_rounds,0,,,,,1,1,2,2,2,6,6,4,-1,0,0,s1a3_greedy,1,0,0.08521825137237708,0.0632473286241293,6,0,0,0,0,0,0,0,0.0,0.5,0.0,0.25,0.3333333333333333,0,0.0,0.5,0.0,0.25,0.3333333333333333,0,0.0,0.3333333333333333,0.16666666666666666,0.25,0.3333333333333333,0,0.0,0.3333333333333333,0.16666666666666666,0.25,0.3333333333333333
2599,no_strict_e1_improvement,0,,,,,1,0,4,4,4,12,12,4,0,0,-1,current,0,0,0.11158030798348288,0.11158030798348288,8,3,3,3,3,0,0,0,0.3333333333333333,0.0,1.0,0.5,0.75,0,0.3333333333333333,0.0,1.0,0.5,0.75,0,0.3333333333333333,0.0,1.0,0.5,0.75,0,0.3333333333333333,0.0,1.0,0.5,0.75
2600,partial_completed__no_strict_e1_improvement,1,,3,2,4,1,0,2,2,2,7,7,4,0,0,-1,current,1,0,0.15538253324727216,0.15538253324727216,7,3,6,6,6,3,0,0,0.3333333333333333,0.0,0.5,0.25,0.25,0,0.6666666666666666,0.5,0.8333333333333334,0.6666666666666666,0.6666666666666666,0,0.6666666666666666,0.5,0.8333333333333334,0.6666666666666666,0.6666666666666666,0,0.6666666666666666,0.5,0.8333333333333334,0.6666666666666666,0.6666666666666666
2601,max_rounds,0,,,,,1,1,5,4,4,13,13,4,-1,1,0,s1a3_greedy,1,0,0.22396281361579895,0.14291037991642952,6,7,7,1,1,-6,0,0,0.7777777777777778,0.6666666666666666,0.6666666666666666,0.6666666666666666,0.8333333333333334,0,0.7777777777777778,0.6666666666666666,0.6666666666666666,0.6666666666666666,0.8333333333333334,0,0.1111111111111111,0.5,0.3333333333333333,0.4166666666666667,0.5833333333333334,0,0.1111111111111111,0.5,0.3333333333333333,0.4166666666666667,0.5833333333333334
2602,no_strict_e1_improvement,0,,,,,1,0,1,1,1,1,1,4,0,0,-1,current,0,0,0.025056960061192513,0.025056960061192513,10,0,0,0,0,0,0,0,0.0,0.5,1.0,0.75,0.75,0,0.0,0.5,1.0,0.75,0.75,0,0.0,0.5,1.0,0.75,0.75,0,0.0,0.5,1.0,0.75,0.75
2603,max_rounds,0,,,,,1,1,5,4,4,14,14,4,0,0,0,s1a3_greedy,1,0,0.1168207087709258,0.08700465247966349,8,7,7,5,5,-2,0,0,0.7777777777777778,0.6666666666666666,0.3333333333333333,0.5,0.6666666666666666,0,0.7777777777777778,0.6666666666666666,0.3333333333333333,0.5,0.6666666666666666,0,0.5555555555555556,0.3333333333333333,0.6666666666666666,0.5,0.8333333333333334,0,0.5555555555555556,0.3333333333333333,0.6666666666666666,0.5,0.8333333333333334
2604,no_strict_e1_improvement,0,,,,,1,0,1,1,1,1,1,4,0,0,-1,current,0,0,0.09864386008121073,0.09864386008121073,10,7,7,7,7,0,0,0,0.7777777777777778,0.6666666666666666,0.6666666666666666,0.6666666666666666,0.8333333333333334,0,0.7777777777777778,0.6666666666666666,0.6666666666666666,0.6666666666666666,0.8333333333333334,0,0.7777777777777778,0.6666666666666666,0.6666666666666666,0.6666666666666666,0.8333333333333334,0,0.7777777777777778,0.6666666666666666,0.6666666666666666,0.6666666666666666,0.8333333333333334
2605,no_strict_e1_improvement,0,,,,,1,0,1,1,1,1,1,4,0,0,-1,current,0,0,0.01166428749759992,0.01166428749759992,10,9,9,9,9,0,0,1,1.0,1.0,1.0,1.0,1.0,1,1.0,1.0,1.0,1.0,1.0,1,1.0,1.0,1.0,1.0,1.0,1,1.0,1.0,1.0,1.0,1.0
2606,no_strict_e1_improvement,0,,,,,1,0,1,1,1,1,1,4,0,0,-1,current,0,0,0.043276336044073105,0.043276336044073105,10,9,9,9,9,0,0,1,1.0,1.0,1.0,1.0,1.0,1,1.0,1.0,1.0,1.0,1.0,1,1.0,1.0,1.0,1.0,1.0,1,1.0,1.0,1.0,1.0,1.0
2607,no_strict_e1_improvement,0,,,,,1,0,1,1,1,1,1,4,0,0,-1,current,0,0,0.02331102794657151,0.02331102794657151,11,0,0,0,0,0,0,0,0.0,0.5,1.0,0.75,0.75,0,0.0,0.5,1.0,0.75,0.75,0,0.0,0.5,1.0,0.75,0.75,0,0.0,0.5,1.0,0.75,0.75
2608,no_strict_e1_improvement,0,,,,,1,0,1,1,1,1,1,4,0,0,-1,current,0,0,0.01452839250365893,0.01452839250365893,11,0,0,0,0,0,0,0,0.0,0.5,1.0,0.75,0.75,0,0.0,0.5,1.0,0.75,0.75,0,0.0,0.5,1.0,0.75,0.75,0,0.0,0.5,1.0,0.75,0.75
2609,no_strict_e1_improvement,0,,,,,1,0,1,1,1,1,1,4,0,0,-1,current,0,0,0.02533567448457082,0.02533567448457082,10,9,9,9,9,0,0,1,1.0,1.0,1.0,1.0,1.0,1,1.0,1.0,1.0,1.0,1.0,1,1.0,1.0,1.0,1.0,1.0,1,1.0,1.0,1.0,1.0,1.0
2610,no_strict_e1_improvement,0,,,,,1,0,1,1,1,1,1,4,0,0,-1,current,0,0,0.0165666793861116,0.0165666793861116,9,9,9,9,9,0,0,1,1.0,1.0,1.0,1.0,1.0,1,1.0,1.0,1.0,1.0,1.0,1,1.0,1.0,1.0,1.0,1.0,1,1.0,1.0,1.0,1.0,1.0
2611,max_rounds,0,,,,,1,1,3,2,2,6,6,4,0,0,1,profiled_beam,1,1,0.11841784557327628,0.05052915199970206,8,0,0,0,0,0,0,0,0.0,0.8333333333333334,0.0,0.4166666666666667,0.4166666666666667,0,0.0,0.8333333333333334,0.0,0.4166666666666667,0.4166666666666667,0,0.0,0.6666666666666666,0.16666666666666666,0.4166666666666667,0.5,0,0.0,1.0,0.5,0.75,0.75
2612,no_strict_e1_improvement,0,,,,,1,0,1,1,1,1,1,4,0,0,-1,current,0,0,0.1505608487253388,0.1505608487253388,7,7,7,7,7,0,0,0,0.7777777777777778,0.6666666666666666,0.6666666666666666,0.6666666666666666,0.75,0,0.7777777777777778,0.6666666666666666,0.6666666666666666,0.6666666666666666,0.75,0,0.7777777777777778,0.6666666666666666,0.6666666666666666,0.6666666666666666,0.75,0,0.7777777777777778,0.6666666666666666,0.6666666666666666,0.6666666666666666,0.75
2613,no_strict_e1_improvement,0,,,,,1,0,1,1,1,1,1,4,0,0,-1,current,0,0,0.07110066463549931,0.07110066463549931,11,0,0,0,0,0,0,0,0.0,0.5,0.8333333333333334,0.6666666666666666,0.6666666666666666,0,0.0,0.5,0.8333333333333334,0.6666666666666666,0.6666666666666666,0,0.0,0.5,0.8333333333333334,0.6666666666666666,0.6666666666666666,0,0.0,0.5,0.8333333333333334,0.6666666666666666,0.6666666666666666
2614,no_strict_e1_improvement,0,,,,,1,0,1,1,1,1,1,4,0,0,-1,current,0,0,0.09152711803714435,0.09152711803714435,9,9,9,9,9,0,0,1,1.0,1.0,1.0,1.0,1.0,1,1.0,1.0,1.0,1.0,1.0,1,1.0,1.0,1.0,1.0,1.0,1,1.0,1.0,1.0,1.0,1.0
2615,max_rounds,0,,,,,1,1,5,4,4,9,9,4,0,-1,0,s1a3_greedy,1,0,0.1093775595848759,0.057565211318433285,8,3,3,0,0,-3,0,0,0.3333333333333333,0.5,0.6666666666666666,0.5833333333333334,0.5833333333333334,0,0.3333333333333333,0.5,0.6666666666666666,0.5833333333333334,0.5833333333333334,0,0.0,0.5,0.6666666666666666,0.5833333333333334,0.5833333333333334,0,0.0,0.5,0.6666666666666666,0.5833333333333334,0.5833333333333334
2616,no_strict_e1_improvement,0,,,,,1,0,1,1,1,1,1,4,0,0,-1,current,0,0,0.18057291807296375,0.18057291807296375,7,0,0,0,0,0,0,0,0.0,0.6666666666666666,0.5,0.5833333333333334,0.6666666666666666,0,0.0,0.6666666666666666,0.5,0.5833333333333334,0.6666666666666666,0,0.0,0.6666666666666666,0.5,0.5833333333333334,0.6666666666666666,0,0.0,0.6666666666666666,0.5,0.5833333333333334,0.6666666666666666
2617,no_strict_e1_improvement,0,,,,,1,0,2,2,2,6,6,4,0,0,-1,current,0,0,0.1976151664275676,0.1976151664275676,5,3,3,3,3,0,0,0,0.3333333333333333,0.5,0.16666666666666666,0.3333333333333333,0.5,0,0.3333333333333333,0.5,0.16666666666666666,0.3333333333333333,0.5,0,0.3333333333333333,0.5,0.16666666666666666,0.3333333333333333,0.5,0,0.3333333333333333,0.5,0.16666666666666666,0.3333333333333333,0.5
2618,no_strict_e1_improvement,0,,,,,1,0,1,1,1,1,1,4,0,0,-1,current,0,0,0.014148739476998648,0.014148739476998648,9,9,9,9,9,0,0,1,1.0,1.0,1.0,1.0,1.0,1,1.0,1.0,1.0,1.0,1.0,1,1.0,1.0,1.0,1.0,1.0,1,1.0,1.0,1.0,1.0,1.0
2619,max_rounds,0,,,,,1,1,5,4,4,12,12,4,0,0,0,s1a3_greedy,1,0,0.2043277844786644,0.11177877647181352,7,0,0,0,0,0,0,0,0.0,0.6666666666666666,0.3333333333333333,0.5,0.5,0,0.0,0.6666666666666666,0.3333333333333333,0.5,0.5,0,0.0,1.0,0.5,0.75,0.75,0,0.0,1.0,0.5,0.75,0.75
2620,no_strict_e1_improvement,0,,,,,1,0,2,2,2,6,6,4,0,0,-1,current,0,0,0.055003788943092026,0.055003788943092026,7,6,6,6,6,0,0,0,0.6666666666666666,0.8333333333333334,0.5,0.6666666666666666,0.6666666666666666,0,0.6666666666666666,0.8333333333333334,0.5,0.6666666666666666,0.6666666666666666,0,0.6666666666666666,0.8333333333333334,0.5,0.6666666666666666,0.6666666666666666,0,0.6666666666666666,0.8333333333333334,0.5,0.6666666666666666,0.6666666666666666
2621,no_strict_e1_improvement,0,,,,,1,0,1,1,1,2,2,4,0,0,-1,current,0,0,0.1706143324263394,0.1706143324263394,8,0,0,0,0,0,0,0,0.0,0.16666666666666666,0.5,0.3333333333333333,0.4166666666666667,0,0.0,0.16666666666666666,0.5,0.3333333333333333,0.4166666666666667,0,0.0,0.16666666666666666,0.5,0.3333333333333333,0.4166666666666667,0,0.0,0.16666666666666666,0.5,0.3333333333333333,0.4166666666666667
2622,no_strict_e1_improvement,0,,,,,1,0,2,2,2,7,7,4,0,0,-1,current,0,0,0.12782838032580912,0.12782838032580912,8,0,0,0,0,0,0,0,0.0,0.8333333333333334,0.0,0.4166666666666667,0.4166666666666667,0,0.0,0.8333333333333334,0.0,0.4166666666666667,0.4166666666666667,0,0.0,0.8333333333333334,0.0,0.4166666666666667,0.4166666666666667,0,0.0,0.8333333333333334,0.0,0.4166666666666667,0.4166666666666667
2623,no_strict_e1_improvement,0,,,,,1,0,2,2,2,7,7,4,0,0,-1,current,0,0,0.03712579607963562,0.03712579607963562,9,9,9,9,9,0,0,1,1.0,1.0,1.0,1.0,1.0,1,1.0,1.0,1.0,1.0,1.0,1,1.0,1.0,1.0,1.0,1.0,1,1.0,1.0,1.0,1.0,1.0
2624,no_strict_e1_improvement,0,,,,,1,0,1,1,1,1,1,4,0,0,-1,current,0,0,0.05421458541726073,0.05421458541726073,6,0,0,0,0,0,0,0,0.0,0.5,1.0,0.75,0.75,0,0.0,0.5,1.0,0.75,0.75,0,0.0,0.5,1.0,0.75,0.75,0,0.0,0.5,1.0,0.75,0.75
2625,partial_completed__max_rounds,1,,3,2,3,1,1,5,4,4,16,16,4,-1,0,1,profiled_beam,1,1,0.2610495996971925,0.20244814020891985,6,4,5,3,0,-4,-3,0,0.4444444444444444,0.16666666666666666,0.5,0.3333333333333333,0.4166666666666667,0,0.5555555555555556,0.16666666666666666,0.6666666666666666,0.4166666666666667,0.75,0,0.3333333333333333,0.0,0.6666666666666666,0.3333333333333333,0.3333333333333333,0,0.0,0.16666666666666666,0.3333333333333333,0.25,0.5
2626,partial_completed__max_rounds,1,,3,2,4,1,1,5,4,4,13,13,4,0,-1,1,profiled_beam,1,1,0.2420141783853372,0.13655216619372368,7,0,0,1,0,0,-1,0,0.0,0.16666666666666666,0.16666666666666666,0.16666666666666666,0.3333333333333333,0,0.0,0.16666666666666666,0.3333333333333333,0.25,0.5833333333333334,0,0.1111111111111111,0.5,0.3333333333333333,0.4166666666666667,0.5833333333333334,0,0.0,0.5,0.3333333333333333,0.4166666666666667,0.75
2627,no_strict_e1_improvement,0,,,,,1,0,1,1,1,1,1,4,0,0,-1,current,0,0,0.14178133880098662,0.14178133880098662,6,0,0,0,0,0,0,0,0.0,0.3333333333333333,0.5,0.4166666666666667,0.5833333333333334,0,0.0,0.3333333333333333,0.5,0.4166666666666667,0.5833333333333334,0,0.0,0.3333333333333333,0.5,0.4166666666666667,0.5833333333333334,0,0.0,0.3333333333333333,0.5,0.4166666666666667,0.5833333333333334
2628,small_component,0,,,,,1,0,0,0,0,0,0,4,0,0,-1,current,0,0,0.21799934034546217,0.21799934034546217,7,0,0,0,0,0,0,0,0.0,0.16666666666666666,0.16666666666666666,0.16666666666666666,0.3333333333333333,0,0.0,0.16666666666666666,0.16666666666666666,0.16666666666666666,0.3333333333333333,0,0.0,0.16666666666666666,0.16666666666666666,0.16666666666666666,0.3333333333333333,0,0.0,0.16666666666666666,0.16666666666666666,0.16666666666666666,0.3333333333333333
2629,no_strict_e1_improvement,0,,,,,1,0,1,1,1,1,1,4,0,0,-1,current,0,0,0.0767495222389698,0.0767495222389698,9,0,0,0,0,0,0,0,0.0,1.0,0.5,0.75,0.75,0,0.0,1.0,0.5,0.75,0.75,0,0.0,1.0,0.5,0.75,0.75,0,0.0,1.0,0.5,0.75,0.75
2630,no_strict_e1_improvement,0,,,,,1,0,1,1,1,1,1,4,0,0,-1,current,0,0,0.04854947219913205,0.04854947219913205,8,0,0,0,0,0,0,0,0.0,0.0,0.5,0.25,0.5833333333333334,0,0.0,0.0,0.5,0.25,0.5833333333333334,0,0.0,0.0,0.5,0.25,0.5833333333333334,0,0.0,0.0,0.5,0.25,0.5833333333333334
2631,max_rounds,0,,,,,1,1,5,4,4,12,12,4,0,1,1,profiled_beam,1,1,0.10239758455039312,0.047398531421398125,4,7,7,9,0,-7,-9,0,0.7777777777777778,0.6666666666666666,0.6666666666666666,0.6666666666666666,0.75,0,0.7777777777777778,0.6666666666666666,0.6666666666666666,0.6666666666666666,0.75,1,1.0,1.0,1.0,1.0,1.0,0,0.0,0.5,1.0,0.75,0.75
2632,max_rounds,0,,,,,1,1,2,2,2,6,6,4,0,1,1,profiled_beam,1,1,0.11680299043655396,0.037589418391386666,9,0,0,6,9,9,3,0,0.0,0.5,0.8333333333333334,0.6666666666666666,0.6666666666666666,0,0.0,0.5,0.8333333333333334,0.6666666666666666,0.6666666666666666,0,0.6666666666666666,0.5,0.8333333333333334,0.6666666666666666,0.6666666666666666,1,1.0,1.0,1.0,1.0,1.0
2633,partial_completed__no_strict_e1_improvement,1,,3,2,2,1,0,1,1,1,1,1,4,0,0,-1,current,1,0,0.004601517187741895,0.004601517187741895,11,0,9,9,9,9,0,0,0.0,0.6666666666666666,0.5,0.5833333333333334,0.5833333333333334,1,1.0,1.0,1.0,1.0,1.0,1,1.0,1.0,1.0,1.0,1.0,1,1.0,1.0,1.0,1.0,1.0
2634,small_component,0,,,,,1,0,0,0,0,0,0,4,0,0,-1,current,0,0,0.2559713547428449,0.2559713547428449,8,4,4,4,4,0,0,0,0.4444444444444444,0.5,0.3333333333333333,0.4166666666666667,0.5,0,0.4444444444444444,0.5,0.3333333333333333,0.4166666666666667,0.5,0,0.4444444444444444,0.5,0.3333333333333333,0.4166666666666667,0.5,0,0.4444444444444444,0.5,0.3333333333333333,0.4166666666666667,0.5
2635,no_strict_e1_improvement,0,,,,,1,0,1,1,1,1,1,4,0,0,-1,current,0,0,0.12176349634925525,0.12176349634925525,7,0,0,0,0,0,0,0,0.0,0.5,0.6666666666666666,0.5833333333333334,0.6666666666666666,0,0.0,0.5,0.6666666666666666,0.5833333333333334,0.6666666666666666,0,0.0,0.5,0.6666666666666666,0.5833333333333334,0.6666666666666666,0,0.0,0.5,0.6666666666666666,0.5833333333333334,0.6666666666666666
2636,max_rounds,0,,,,,1,1,2,2,2,6,6,4,0,1,0,s1a3_greedy,1,0,0.07561786919056128,0.05812469912537684,9,1,1,7,7,6,0,0,0.1111111111111111,0.3333333333333333,0.6666666666666666,0.5,0.6666666666666666,0,0.1111111111111111,0.3333333333333333,0.6666666666666666,0.5,0.6666666666666666,0,0.7777777777777778,0.6666666666666666,0.6666666666666666,0.6666666666666666,0.75,0,0.7777777777777778,0.6666666666666666,0.6666666666666666,0.6666666666666666,0.75
2637,max_rounds,0,,,,,1,1,2,2,2,6,6,4,0,1,0,s1a3_greedy,1,0,0.08332987688481808,0.06958613855143388,10,9,9,0,0,-9,0,1,1.0,1.0,1.0,1.0,1.0,1,1.0,1.0,1.0,1.0,1.0,0,0.0,0.5,1.0,0.75,0.75,0,0.0,0.5,1.0,0.75,0.75
2638,no_strict_e1_improvement,0,,,,,1,0,1,1,1,1,1,4,0,0,-1,current,0,0,0.09633976283172767,0.09633976283172767,7,0,0,0,0,0,0,0,0.0,0.3333333333333333,0.16666666666666666,0.25,0.4166666666666667,0,0.0,0.3333333333333333,0.16666666666666666,0.25,0.4166666666666667,0,0.0,0.3333333333333333,0.16666666666666666,0.25,0.4166666666666667,0,0.0,0.3333333333333333,0.16666666666666666,0.25,0.4166666666666667
2639,no_strict_e1_improvement,0,,,,,1,0,1,1,1,1,1,4,0,0,-1,current,0,0,0.022695224382914603,0.022695224382914603,11,0,0,0,0,0,0,0,0.0,0.5,0.8333333333333334,0.6666666666666666,0.6666666666666666,0,0.0,0.5,0.8333333333333334,0.6666666666666666,0.6666666666666666,0,0.0,0.5,0.8333333333333334,0.6666666666666666,0.6666666666666666,0,0.0,0.5,0.8333333333333334,0.6666666666666666,0.6666666666666666
2640,max_rounds,0,,,,,1,1,5,4,4,12,12,4,0,-1,0,s1a3_greedy,1,0,0.27488703032334644,0.08968126866966486,6,0,0,0,0,0,0,0,0.0,0.3333333333333333,0.3333333333333333,0.3333333333333333,0.5833333333333334,0,0.0,0.3333333333333333,0.3333333333333333,0.3333333333333333,0.5833333333333334,0,0.0,0.16666666666666666,0.3333333333333333,0.25,0.3333333333333333,0,0.0,0.16666666666666666,0.3333333333333333,0.25,0.3333333333333333
2641,small_component,0,,,,,1,0,0,0,0,0,0,4,0,0,-1,current,0,0,0.24229102457563081,0.24229102457563081,5,3,3,3,3,0,0,0,0.3333333333333333,0.5,0.0,0.25,0.3333333333333333,0,0.3333333333333333,0.5,0.0,0.25,0.3333333333333333,0,0.3333333333333333,0.5,0.0,0.25,0.3333333333333333,0,0.3333333333333333,0.5,0.0,0.25,0.3333333333333333
2642,max_rounds,0,,,,,1,1,4,4,4,12,12,4,0,-1,0,s1a3_greedy,1,0,0.0871944207077225,0.06100188925241431,8,0,0,0,0,0,0,0,0.0,0.5,1.0,0.75,0.75,0,0.0,0.5,1.0,0.75,0.75,0,0.0,0.5,1.0,0.75,0.75,0,0.0,0.5,1.0,0.75,0.75
2643,max_rounds,0,,,,,1,1,3,2,2,6,6,4,0,0,0,s1a3_greedy,1,0,0.20404093666002154,0.040886021102778614,9,7,7,9,9,2,0,0,0.7777777777777778,0.6666666666666666,0.6666666666666666,0.6666666666666666,0.75,0,0.7777777777777778,0.6666666666666666,0.6666666666666666,0.6666666666666666,0.75,1,1.0,1.0,1.0,1.0,1.0,1,1.0,1.0,1.0,1.0,1.0
2644,max_rounds,0,,,,,1,1,5,4,4,15,15,4,0,1,0,s1a3_greedy,1,0,0.2878227507074674,0.12475892156362534,4,5,5,0,0,-5,0,0,0.5555555555555556,0.5,0.3333333333333333,0.4166666666666667,0.5,0,0.5555555555555556,0.5,0.3333333333333333,0.4166666666666667,0.5,0,0.0,0.5,0.16666666666666666,0.3333333333333333,0.5,0,0.0,0.5,0.16666666666666666,0.3333333333333333,0.5
2645,no_strict_e1_improvement,0,,,,,1,0,1,1,1,1,1,4,0,0,-1,current,0,0,0.08692920704682668,0.08692920704682668,7,0,0,0,0,0,0,0,0.0,0.6666666666666666,0.5,0.5833333333333334,0.6666666666666666,0,0.0,0.6666666666666666,0.5,0.5833333333333334,0.6666666666666666,0,0.0,0.6666666666666666,0.5,0.5833333333333334,0.6666666666666666,0,0.0,0.6666666666666666,0.5,0.5833333333333334,0.6666666666666666
2646,max_rounds,0,,,,,1,1,2,2,2,7,7,4,0,-1,0,s1a3_greedy,1,0,0.16556848542920002,0.12326220007768522,5,0,0,0,0,0,0,0,0.0,0.3333333333333333,0.5,0.4166666666666667,0.5,0,0.0,0.3333333333333333,0.5,0.4166666666666667,0.5,0,0.0,0.6666666666666666,0.5,0.5833333333333334,0.75,0,0.0,0.6666666666666666,0.5,0.5833333333333334,0.75
2647,max_rounds,0,,,,,1,1,5,4,4,16,16,4,-1,0,1,profiled_beam,1,1,0.16784265000994006,0.1475643397619327,6,3,3,3,1,-2,-2,0,0.3333333333333333,0.3333333333333333,0.3333333333333333,0.3333333333333333,0.4166666666666667,0,0.3333333333333333,0.3333333333333333,0.3333333333333333,0.3333333333333333,0.4166666666666667,0,0.3333333333333333,0.3333333333333333,0.3333333333333333,0.3333333333333333,0.4166666666666667,0,0.1111111111111111,0.5,0.0,0.25,0.5833333333333334
2648,max_rounds,0,,,,,1,1,3,2,2,6,6,4,0,0,1,profiled_beam,1,1,0.1453861432770888,0.06650298805955875,6,3,3,3,0,-3,-3,0,0.3333333333333333,0.6666666666666666,0.5,0.5833333333333334,0.5833333333333334,0,0.3333333333333333,0.6666666666666666,0.5,0.5833333333333334,0.5833333333333334,0,0.3333333333333333,0.6666666666666666,0.5,0.5833333333333334,0.5833333333333334,0,0.0,0.5,1.0,0.75,0.75
2649,no_strict_e1_improvement,0,,,,,1,0,1,1,1,1,1,4,0,0,-1,current,0,0,0.0036982018500566483,0.0036982018500566483,12,0,0,0,0,0,0,0,0.0,0.5,1.0,0.75,0.75,0,0.0,0.5,1.0,0.75,0.75,0,0.0,0.5,1.0,0.75,0.75,0,0.0,0.5,1.0,0.75,0.75
2650,no_strict_e1_improvement,0,,,,,1,0,1,1,1,1,1,4,0,0,-1,current,0,0,0.02585152272755901,0.02585152272755901,10,9,9,9,9,0,0,1,1.0,1.0,1.0,1.0,1.0,1,1.0,1.0,1.0,1.0,1.0,1,1.0,1.0,1.0,1.0,1.0,1,1.0,1.0,1.0,1.0,1.0
2651,no_strict_e1_improvement,0,,,,,1,0,1,1,1,1,1,4,0,0,-1,current,0,0,0.02629348278666536,0.02629348278666536,9,0,0,0,0,0,0,0,0.0,0.8333333333333334,0.5,0.6666666666666666,0.6666666666666666,0,0.0,0.8333333333333334,0.5,0.6666666666666666,0.6666666666666666,0,0.0,0.8333333333333334,0.5,0.6666666666666666,0.6666666666666666,0,0.0,0.8333333333333334,0.5,0.6666666666666666,0.6666666666666666
2652,no_strict_e1_improvement,0,,,,,1,0,1,1,1,1,1,4,0,0,-1,current,0,0,0.09339734609238803,0.09339734609238803,8,7,7,7,7,0,0,0,0.7777777777777778,0.6666666666666666,0.6666666666666666,0.6666666666666666,0.8333333333333334,0,0.7777777777777778,0.6666666666666666,0.6666666666666666,0.6666666666666666,0.8333333333333334,0,0.7777777777777778,0.6666666666666666,0.6666666666666666,0.6666666666666666,0.8333333333333334,0,0.7777777777777778,0.6666666666666666,0.6666666666666666,0.6666666666666666,0.8333333333333334
2653,no_strict_e1_improvement,0,,,,,1,0,1,1,1,1,1,4,0,0,-1,current,0,0,0.020335649140179157,0.020335649140179157,9,0,0,0,0,0,0,0,0.0,0.5,1.0,0.75,0.75,0,0.0,0.5,1.0,0.75,0.75,0,0.0,0.5,1.0,0.75,0.75,0,0.0,0.5,1.0,0.75,0.75
2654,max_rounds,0,,,,,1,1,3,2,2,4,4,4,0,-1,0,s1a3_greedy,1,0,0.10828178321632247,0.023818816368778545,10,0,0,9,9,9,0,0,0.0,0.5,0.8333333333333334,0.6666666666666666,0.6666666666666666,0,0.0,0.5,0.8333333333333334,0.6666666666666666,0.6666666666666666,1,1.0,1.0,1.0,1.0,1.0,1,1.0,1.0,1.0,1.0,1.0
2655,no_strict_e1_improvement,0,,,,,1,0,1,1,1,1,1,4,0,0,-1,current,0,0,0.11244312297397603,0.11244312297397603,9,7,7,7,7,0,0,0,0.7777777777777778,0.6666666666666666,0.6666666666666666,0.6666666666666666,0.75,0,0.7777777777777778,0.6666666666666666,0.6666666666666666,0.6666666666666666,0.75,0,0.7777777777777778,0.6666666666666666,0.6666666666666666,0.6666666666666666,0.75,0,0.7777777777777778,0.6666666666666666,0.6666666666666666,0.6666666666666666,0.75
2656,no_strict_e1_improvement,0,,,,,1,0,1,1,1,1,1,4,0,0,-1,current,0,0,0.09052674720684688,0.09052674720684688,9,0,0,0,0,0,0,0,0.0,0.0,0.5,0.25,0.5,0,0.0,0.0,0.5,0.25,0.5,0,0.0,0.0,0.5,0.25,0.5,0,0.0,0.0,0.5,0.25,0.5
2657,no_strict_e1_improvement,0,,,,,1,0,1,1,1,1,1,4,0,0,-1,current,0,0,0.01065799209754914,0.01065799209754914,9,9,9,9,9,0,0,1,1.0,1.0,1.0,1.0,1.0,1,1.0,1.0,1.0,1.0,1.0,1,1.0,1.0,1.0,1.0,1.0,1,1.0,1.0,1.0,1.0,1.0
2658,no_strict_e1_improvement,0,,,,,1,0,1,1,1,1,1,4,0,0,-1,current,0,0,0.027421106429149706,0.027421106429149706,8,0,0,0,0,0,0,0,0.0,0.5,1.0,0.75,0.75,0,0.0,0.5,1.0,0.75,0.75,0,0.0,0.5,1.0,0.75,0.75,0,0.0,0.5,1.0,0.75,0.75
2659,no_strict_e1_improvement,0,,,,,1,0,1,1,1,1,1,4,0,0,-1,current,0,0,0.05539371104290088,0.05539371104290088,7,9,9,9,9,0,0,1,1.0,1.0,1.0,1.0,1.0,1,1.0,1.0,1.0,1.0,1.0,1,1.0,1.0,1.0,1.0,1.0,1,1.0,1.0,1.0,1.0,1.0
2660,no_strict_e1_improvement,0,,,,,1,0,1,1,1,1,1,4,0,0,-1,current,0,0,0.07419317153592904,0.07419317153592904,9,0,0,0,0,0,0,0,0.0,0.5,0.8333333333333334,0.6666666666666666,0.6666666666666666,0,0.0,0.5,0.8333333333333334,0.6666666666666666,0.6666666666666666,0,0.0,0.5,0.8333333333333334,0.6666666666666666,0.6666666666666666,0,0.0,0.5,0.8333333333333334,0.6666666666666666,0.6666666666666666
2661,no_strict_e1_improvement,0,,,,,1,0,1,1,1,1,1,4,0,0,-1,current,0,0,0.0032124153027931848,0.0032124153027931848,12,9,9,9,9,0,0,1,1.0,1.0,1.0,1.0,1.0,1,1.0,1.0,1.0,1.0,1.0,1,1.0,1.0,1.0,1.0,1.0,1,1.0,1.0,1.0,1.0,1.0
2662,max_rounds,0,,,,,1,1,3,2,2,4,4,4,1,0,0,s1a3_greedy,1,0,0.2169469098250071,0.03538415798296531,10,0,0,7,7,7,0,0,0.0,0.6666666666666666,0.5,0.5833333333333334,0.6666666666666666,0,0.0,0.6666666666666666,0.5,0.5833333333333334,0.6666666666666666,0,0.7777777777777778,0.6666666666666666,0.6666666666666666,0.6666666666666666,0.8333333333333334,0,0.7777777777777778,0.6666666666666666,0.6666666666666666,0.6666666666666666,0.8333333333333334
2663,no_strict_e1_improvement,0,,,,,1,0,1,1,1,1,1,4,0,0,-1,current,0,0,0.03115014499053359,0.03115014499053359,9,9,9,9,9,0,0,1,1.0,1.0,1.0,1.0,1.0,1,1.0,1.0,1.0,1.0,1.0,1,1.0,1.0,1.0,1.0,1.0,1,1.0,1.0,1.0,1.0,1.0
2664,no_strict_e1_improvement,0,,,,,1,0,1,1,1,1,1,4,0,0,-1,current,0,0,0.009662111095773676,0.009662111095773676,10,9,9,9,9,0,0,1,1.0,1.0,1.0,1.0,1.0,1,1.0,1.0,1.0,1.0,1.0,1,1.0,1.0,1.0,1.0,1.0,1,1.0,1.0,1.0,1.0,1.0
2665,no_strict_e1_improvement,0,,,,,1,0,1,1,1,1,1,4,0,0,-1,current,0,0,0.09280993820478518,0.09280993820478518,10,0,0,0,0,0,0,0,0.0,0.5,0.6666666666666666,0.5833333333333334,0.5833333333333334,0,0.0,0.5,0.6666666666666666,0.5833333333333334,0.5833333333333334,0,0.0,0.5,0.6666666666666666,0.5833333333333334,0.5833333333333334,0,0.0,0.5,0.6666666666666666,0.5833333333333334,0.5833333333333334
2666,no_strict_e1_improvement,0,,,,,1,0,1,1,1,1,1,4,0,0,-1,current,0,0,0.02710620251794656,0.02710620251794656,8,9,9,9,9,0,0,1,1.0,1.0,1.0,1.0,1.0,1,1.0,1.0,1.0,1.0,1.0,1,1.0,1.0,1.0,1.0,1.0,1,1.0,1.0,1.0,1.0,1.0
2667,no_strict_e1_improvement,0,,,,,1,0,1,1,1,1,1,4,0,0,-1,current,0,0,0.06931549372772376,0.06931549372772376,8,0,0,0,0,0,0,0,0.0,0.5,0.6666666666666666,0.5833333333333334,0.5833333333333334,0,0.0,0.5,0.6666666666666666,0.5833333333333334,0.5833333333333334,0,0.0,0.5,0.6666666666666666,0.5833333333333334,0.5833333333333334,0,0.0,0.5,0.6666666666666666,0.5833333333333334,0.5833333333333334
2668,no_strict_e1_improvement,0,,,,,1,0,1,1,1,2,2,4,0,0,-1,current,0,0,0.14605703049649796,0.14605703049649796,7,0,0,0,0,0,0,0,0.0,0.5,0.6666666666666666,0.5833333333333334,0.5833333333333334,0,0.0,0.5,0.6666666666666666,0.5833333333333334,0.5833333333333334,0,0.0,0.5,0.6666666666666666,0.5833333333333334,0.5833333333333334,0,0.0,0.5,0.6666666666666666,0.5833333333333334,0.5833333333333334
2669,no_strict_e1_improvement,0,,,,,1,0,1,1,1,1,1,4,0,0,-1,current,0,0,0.03019285403812925,0.03019285403812925,8,3,3,3,3,0,0,0,0.3333333333333333,0.0,1.0,0.5,0.75,0,0.3333333333333333,0.0,1.0,0.5,0.75,0,0.3333333333333333,0.0,1.0,0.5,0.75,0,0.3333333333333333,0.0,1.0,0.5,0.75
2670,max_rounds,0,,,,,1,1,3,2,2,5,5,4,0,0,1,profiled_beam,1,1,0.17675267157998556,0.04345746988353009,8,0,0,0,0,0,0,0,0.0,0.5,0.0,0.25,0.4166666666666667,0,0.0,0.5,0.0,0.25,0.4166666666666667,0,0.0,0.6666666666666666,0.5,0.5833333333333334,0.75,0,0.0,0.3333333333333333,0.16666666666666666,0.25,0.5
2671,no_strict_e1_improvement,0,,,,,1,0,1,1,1,1,1,4,0,0,-1,current,0,0,0.02671407217470308,0.02671407217470308,8,9,9,9,9,0,0,1,1.0,1.0,1.0,1.0,1.0,1,1.0,1.0,1.0,1.0,1.0,1,1.0,1.0,1.0,1.0,1.0,1,1.0,1.0,1.0,1.0,1.0
2672,no_strict_e1_improvement,0,,,,,1,0,2,2,2,6,6,4,0,0,-1,current,0,0,0.17897862351189056,0.17897862351189056,9,0,0,0,0,0,0,0,0.0,0.5,0.3333333333333333,0.4166666666666667,0.5833333333333334,0,0.0,0.5,0.3333333333333333,0.4166666666666667,0.5833333333333334,0,0.0,0.5,0.3333333333333333,0.4166666666666667,0.5833333333333334,0,0.0,0.5,0.3333333333333333,0.4166666666666667,0.5833333333333334
2673,no_strict_e1_improvement,0,,,,,1,0,1,1,1,1,1,4,0,0,-1,current,0,0,0.024123415273303788,0.024123415273303788,10,0,0,0,0,0,0,0,0.0,0.5,1.0,0.75,0.75,0,0.0,0.5,1.0,0.75,0.75,0,0.0,0.5,1.0,0.75,0.75,0,0.0,0.5,1.0,0.75,0.75
2674,max_rounds,0,,,,,1,1,3,2,2,6,6,4,0,0,0,s1a3_greedy,1,0,0.25973148985455435,0.06823490552293758,6,5,5,7,7,2,0,0,0.5555555555555556,0.3333333333333333,0.5,0.4166666666666667,0.5833333333333334,0,0.5555555555555556,0.3333333333333333,0.5,0.4166666666666667,0.5833333333333334,0,0.7777777777777778,0.6666666666666666,0.6666666666666666,0.6666666666666666,0.75,0,0.7777777777777778,0.6666666666666666,0.6666666666666666,0.6666666666666666,0.75
2675,small_component,0,,,,,1,0,0,0,0,0,0,4,0,0,-1,current,0,0,0.15488045856667063,0.15488045856667063,8,0,0,0,0,0,0,0,0.0,0.8333333333333334,0.5,0.6666666666666666,0.6666666666666666,0,0.0,0.8333333333333334,0.5,0.6666666666666666,0.6666666666666666,0,0.0,0.8333333333333334,0.5,0.6666666666666666,0.6666666666666666,0,0.0,0.8333333333333334,0.5,0.6666666666666666,0.6666666666666666
2676,no_strict_e1_improvement,0,,,,,1,0,1,1,1,1,1,4,0,0,-1,current,0,0,0.010275831135610739,0.010275831135610739,11,9,9,9,9,0,0,1,1.0,1.0,1.0,1.0,1.0,1,1.0,1.0,1.0,1.0,1.0,1,1.0,1.0,1.0,1.0,1.0,1,1.0,1.0,1.0,1.0,1.0
2677,partial_completed__no_strict_e1_improvement,1,,3,2,4,1,0,2,2,2,8,8,4,0,0,-1,current,1,0,0.0936386096291244,0.0936386096291244,7,0,0,0,0,0,0,0,0.0,0.0,0.6666666666666666,0.3333333333333333,0.3333333333333333,0,0.0,0.5,1.0,0.75,0.75,0,0.0,0.5,1.0,0.75,0.75,0,0.0,0.5,1.0,0.75,0.75
2678,max_rounds,0,,,,,1,1,3,2,2,7,7,4,0,1,0,s1a3_greedy,1,0,0.21689066337421536,0.05258019914617762,7,0,0,0,0,0,0,0,0.0,0.0,0.6666666666666666,0.3333333333333333,0.3333333333333333,0,0.0,0.0,0.6666666666666666,0.3333333333333333,0.3333333333333333,0,0.0,0.5,0.8333333333333334,0.6666666666666666,0.6666666666666666,0,0.0,0.5,0.8333333333333334,0.6666666666666666,0.6666666666666666
2679,max_rounds,0,,,,,1,1,3,2,2,6,6,4,0,1,0,s1a3_greedy,1,0,0.11795613821595907,0.07665900855014722,6,0,0,0,0,0,0,0,0.0,0.5,0.6666666666666666,0.5833333333333334,0.5833333333333334,0,0.0,0.5,0.6666666666666666,0.5833333333333334,0.5833333333333334,0,0.0,1.0,0.5,0.75,0.75,0,0.0,1.0,0.5,0.75,0.75
2680,no_strict_e1_improvement,0,,,,,1,0,1,1,1,1,1,4,0,0,-1,current,0,0,0.03781081673999628,0.03781081673999628,8,0,0,0,0,0,0,0,0.0,0.8333333333333334,0.5,0.6666666666666666,0.6666666666666666,0,0.0,0.8333333333333334,0.5,0.6666666666666666,0.6666666666666666,0,0.0,0.8333333333333334,0.5,0.6666666666666666,0.6666666666666666,0,0.0,0.8333333333333334,0.5,0.6666666666666666,0.6666666666666666
2681,no_strict_e1_improvement,0,,,,,1,0,1,1,1,1,1,4,0,0,-1,current,0,0,0.01725290094812711,0.01725290094812711,10,0,0,0,0,0,0,0,0.0,1.0,0.5,0.75,0.75,0,0.0,1.0,0.5,0.75,0.75,0,0.0,1.0,0.5,0.75,0.75,0,0.0,1.0,0.5,0.75,0.75
2682,max_rounds,0,,,,,1,1,2,2,2,6,6,4,0,-1,0,s1a3_greedy,1,0,0.12109676996866862,0.11239610022554795,8,3,3,3,3,0,0,0,0.3333333333333333,0.0,1.0,0.5,0.75,0,0.3333333333333333,0.0,1.0,0.5,0.75,0,0.3333333333333333,0.0,1.0,0.5,0.75,0,0.3333333333333333,0.0,1.0,0.5,0.75
2683,partial_completed__small_component,1,,3,2,4,1,0,0,0,0,0,0,4,0,0,-1,current,1,0,0.18268498425216725,0.18268498425216725,5,0,1,1,1,1,0,0,0.0,0.0,0.3333333333333333,0.16666666666666666,0.16666666666666666,0,0.1111111111111111,0.0,0.3333333333333333,0.16666666666666666,0.25,0,0.1111111111111111,0.0,0.3333333333333333,0.16666666666666666,0.25,0,0.1111111111111111,0.0,0.3333333333333333,0.16666666666666666,0.25
2684,no_strict_e1_improvement,0,,,,,1,0,1,1,1,1,1,4,0,0,-1,current,0,0,0.019934383531411488,0.019934383531411488,11,0,0,0,0,0,0,0,0.0,0.5,1.0,0.75,0.75,0,0.0,0.5,1.0,0.75,0.75,0,0.0,0.5,1.0,0.75,0.75,0,0.0,0.5,1.0,0.75,0.75
2685,small_component,0,,,,,1,0,0,0,0,0,0,4,0,0,-1,current,0,0,0.26844913853953284,0.26844913853953284,5,1,1,1,1,0,0,0,0.1111111111111111,0.0,0.0,0.0,0.3333333333333333,0,0.1111111111111111,0.0,0.0,0.0,0.3333333333333333,0,0.1111111111111111,0.0,0.0,0.0,0.3333333333333333,0,0.1111111111111111,0.0,0.0,0.0,0.3333333333333333
2686,no_strict_e1_improvement,0,,,,,1,0,1,1,1,1,1,4,0,0,-1,current,0,0,0.01126632591088613,0.01126632591088613,10,9,9,9,9,0,0,1,1.0,1.0,1.0,1.0,1.0,1,1.0,1.0,1.0,1.0,1.0,1,1.0,1.0,1.0,1.0,1.0,1,1.0,1.0,1.0,1.0,1.0
2687,no_strict_e1_improvement,0,,,,,1,0,1,1,1,1,1,4,0,0,-1,current,0,0,0.04072957051297029,0.04072957051297029,10,9,9,9,9,0,0,1,1.0,1.0,1.0,1.0,1.0,1,1.0,1.0,1.0,1.0,1.0,1,1.0,1.0,1.0,1.0,1.0,1,1.0,1.0,1.0,1.0,1.0
2688,no_strict_e1_improvement,0,,,,,1,0,1,1,1,1,1,4,0,0,-1,current,0,0,0.0021441963811715445,0.0021441963811715445,11,9,9,9,9,0,0,1,1.0,1.0,1.0,1.0,1.0,1,1.0,1.0,1.0,1.0,1.0,1,1.0,1.0,1.0,1.0,1.0,1,1.0,1.0,1.0,1.0,1.0
2689,no_strict_e1_improvement,0,,,,,1,0,1,1,1,1,1,4,0,0,-1,current,0,0,0.007243334097438492,0.007243334097438492,10,9,9,9,9,0,0,1,1.0,1.0,1.0,1.0,1.0,1,1.0,1.0,1.0,1.0,1.0,1,1.0,1.0,1.0,1.0,1.0,1,1.0,1.0,1.0,1.0,1.0
2690,no_strict_e1_improvement,0,,,,,1,0,1,1,1,1,1,4,0,0,-1,current,0,0,0.03382001584395766,0.03382001584395766,10,0,0,0,0,0,0,0,0.0,0.5,1.0,0.75,0.75,0,0.0,0.5,1.0,0.75,0.75,0,0.0,0.5,1.0,0.75,0.75,0,0.0,0.5,1.0,0.75,0.75
2691,partial_completed__no_strict_e1_improvement,1,,3,2,3,1,0,1,1,1,1,1,4,0,0,-1,current,1,0,0.018136861113210518,0.018136861113210518,8,0,9,9,9,9,0,0,0.0,0.5,0.6666666666666666,0.5833333333333334,0.5833333333333334,1,1.0,1.0,1.0,1.0,1.0,1,1.0,1.0,1.0,1.0,1.0,1,1.0,1.0,1.0,1.0,1.0
2692,no_strict_e1_improvement,0,,,,,1,0,1,1,1,1,1,4,0,0,-1,current,0,0,0.0037654927000403404,0.0037654927000403404,11,9,9,9,9,0,0,1,1.0,1.0,1.0,1.0,1.0,1,1.0,1.0,1.0,1.0,1.0,1,1.0,1.0,1.0,1.0,1.0,1,1.0,1.0,1.0,1.0,1.0
2693,max_rounds,0,,,,,1,1,3,2,2,6,6,4,0,0,0,s1a3_greedy,1,0,0.07769636926241219,0.057120123567680516,6,4,4,5,5,1,0,0,0.4444444444444444,0.5,0.3333333333333333,0.4166666666666667,0.5,0,0.4444444444444444,0.5,0.3333333333333333,0.4166666666666667,0.5,0,0.5555555555555556,0.3333333333333333,0.6666666666666666,0.5,0.6666666666666666,0,0.5555555555555556,0.3333333333333333,0.6666666666666666,0.5,0.6666666666666666
2694,no_strict_e1_improvement,0,,,,,1,0,1,1,1,1,1,4,0,0,-1,current,0,0,0.00671698742856582,0.00671698742856582,10,9,9,9,9,0,0,1,1.0,1.0,1.0,1.0,1.0,1,1.0,1.0,1.0,1.0,1.0,1,1.0,1.0,1.0,1.0,1.0,1,1.0,1.0,1.0,1.0,1.0
2695,max_rounds,0,,,,,1,1,4,4,4,13,13,4,-1,1,1,profiled_beam,1,1,0.16370131471194327,0.11367939699751635,5,3,3,3,0,-3,-3,0,0.3333333333333333,0.0,0.8333333333333334,0.4166666666666667,0.4166666666666667,0,0.3333333333333333,0.0,0.8333333333333334,0.4166666666666667,0.4166666666666667,0,0.3333333333333333,0.0,1.0,0.5,0.75,0,0.0,0.3333333333333333,0.5,0.4166666666666667,0.5833333333333334
2696,max_rounds,0,,,,,1,1,5,4,4,14,14,4,0,0,1,profiled_beam,1,1,0.20281536877155304,0.1054859406625231,7,0,0,0,4,4,4,0,0.0,0.3333333333333333,0.3333333333333333,0.3333333333333333,0.5833333333333334,0,0.0,0.3333333333333333,0.3333333333333333,0.3333333333333333,0.5833333333333334,0,0.0,0.3333333333333333,0.16666666666666666,0.25,0.5,0,0.4444444444444444,0.5,0.3333333333333333,0.4166666666666667,0.5
2697,max_rounds,0,,,,,1,1,5,4,4,14,14,4,0,0,0,s1a3_greedy,1,0,0.16314997089405855,0.06429523897046845,8,2,2,3,3,1,0,0,0.2222222222222222,0.16666666666666666,0.6666666666666666,0.4166666666666667,0.5833333333333334,0,0.2222222222222222,0.16666666666666666,0.6666666666666666,0.4166666666666667,0.5833333333333334,0,0.3333333333333333,0.0,1.0,0.5,0.75,0,0.3333333333333333,0.0,1.0,0.5,0.75
2698,small_component,0,,,,,1,0,0,0,0,0,0,4,0,0,-1,current,0,0,0.3523389003239572,0.3523389003239572,3,3,3,3,3,0,0,0,0.3333333333333333,0.0,0.16666666666666666,0.08333333333333333,0.6666666666666666,0,0.3333333333333333,0.0,0.16666666666666666,0.08333333333333333,0.6666666666666666,0,0.3333333333333333,0.0,0.16666666666666666,0.08333333333333333,0.6666666666666666,0,0.3333333333333333,0.0,0.16666666666666666,0.08333333333333333,0.6666666666666666
2699,no_strict_e1_improvement,0,,,,,1,0,1,1,1,1,1,4,0,0,-1,current,0,0,0.062297059843937554,0.062297059843937554,10,9,9,9,9,0,0,1,1.0,1.0,1.0,1.0,1.0,1,1.0,1.0,1.0,1.0,1.0,1,1.0,1.0,1.0,1.0,1.0,1,1.0,1.0,1.0,1.0,1.0
2700,no_strict_e1_improvement,0,,,,,1,0,2,2,2,5,5,4,0,0,-1,current,0,0,0.04180031828582287,0.04180031828582287,8,9,9,9,9,0,0,1,1.0,1.0,1.0,1.0,1.0,1,1.0,1.0,1.0,1.0,1.0,1,1.0,1.0,1.0,1.0,1.0,1,1.0,1.0,1.0,1.0,1.0
2701,no_strict_e1_improvement,0,,,,,1,0,1,1,1,2,2,4,0,0,-1,current,0,0,0.21021077005813518,0.21021077005813518,6,0,0,0,0,0,0,0,0.0,0.3333333333333333,0.16666666666666666,0.25,0.5833333333333334,0,0.0,0.3333333333333333,0.16666666666666666,0.25,0.5833333333333334,0,0.0,0.3333333333333333,0.16666666666666666,0.25,0.5833333333333334,0,0.0,0.3333333333333333,0.16666666666666666,0.25,0.5833333333333334
2702,max_rounds,0,,,,,1,1,2,2,2,6,6,4,-1,0,0,s1a3_greedy,1,0,0.07971400208771229,0.07754957924286525,9,0,0,9,9,9,0,0,0.0,1.0,0.5,0.75,0.75,0,0.0,1.0,0.5,0.75,0.75,1,1.0,1.0,1.0,1.0,1.0,1,1.0,1.0,1.0,1.0,1.0
2703,no_strict_e1_improvement,0,,,,,1,0,1,1,1,1,1,4,0,0,-1,current,0,0,0.0034964114893227816,0.0034964114893227816,11,0,0,0,0,0,0,0,0.0,0.5,1.0,0.75,0.75,0,0.0,0.5,1.0,0.75,0.75,0,0.0,0.5,1.0,0.75,0.75,0,0.0,0.5,1.0,0.75,0.75
2704,no_strict_e1_improvement,0,,,,,1,0,1,1,1,1,1,4,0,0,-1,current,0,0,0.023790779213110607,0.023790779213110607,11,9,9,9,9,0,0,1,1.0,1.0,1.0,1.0,1.0,1,1.0,1.0,1.0,1.0,1.0,1,1.0,1.0,1.0,1.0,1.0,1,1.0,1.0,1.0,1.0,1.0
2705,max_rounds,0,,,,,1,1,3,2,2,7,7,4,0,1,0,s1a3_greedy,1,0,0.11438423519333203,0.05134543548532141,9,0,0,0,0,0,0,0,0.0,0.5,0.5,0.5,0.5,0,0.0,0.5,0.5,0.5,0.5,0,0.0,0.5,0.5,0.5,0.5,0,0.0,0.5,0.5,0.5,0.5
2706,no_strict_e1_improvement,0,,,,,1,0,1,1,1,1,1,4,0,0,-1,current,0,0,0.013256559187235931,0.013256559187235931,9,9,9,9,9,0,0,1,1.0,1.0,1.0,1.0,1.0,1,1.0,1.0,1.0,1.0,1.0,1,1.0,1.0,1.0,1.0,1.0,1,1.0,1.0,1.0,1.0,1.0
2707,no_strict_e1_improvement,0,,,,,1,0,1,1,1,1,1,4,0,0,-1,current,0,0,0.07020037931700547,0.07020037931700547,9,0,0,0,0,0,0,0,0.0,0.5,1.0,0.75,0.75,0,0.0,0.5,1.0,0.75,0.75,0,0.0,0.5,1.0,0.75,0.75,0,0.0,0.5,1.0,0.75,0.75
2708,max_rounds,0,,,,,1,1,4,4,4,15,15,4,0,-1,1,profiled_beam,1,1,0.04501253211249908,0.02474871390343954,9,9,9,9,0,-9,-9,1,1.0,1.0,1.0,1.0,1.0,1,1.0,1.0,1.0,1.0,1.0,1,1.0,1.0,1.0,1.0,1.0,0,0.0,0.5,1.0,0.75,0.75
2709,no_strict_e1_improvement,0,,,,,1,0,1,1,1,1,1,4,0,0,-1,current,0,0,0.025191463219622772,0.025191463219622772,9,9,9,9,9,0,0,1,1.0,1.0,1.0,1.0,1.0,1,1.0,1.0,1.0,1.0,1.0,1,1.0,1.0,1.0,1.0,1.0,1,1.0,1.0,1.0,1.0,1.0
2710,max_rounds,0,,,,,1,1,5,4,4,14,14,4,-1,0,1,profiled_beam,1,1,0.3073703261713187,0.1411521164700389,8,1,1,7,9,8,2,0,0.1111111111111111,0.5,0.3333333333333333,0.4166666666666667,0.4166666666666667,0,0.1111111111111111,0.5,0.3333333333333333,0.4166666666666667,0.4166666666666667,0,0.7777777777777778,0.6666666666666666,0.6666666666666666,0.6666666666666666,0.8333333333333334,1,1.0,1.0,1.0,1.0,1.0
2711,no_strict_e1_improvement,0,,,,,1,0,1,1,1,1,1,4,0,0,-1,current,0,0,0.010294961859472096,0.010294961859472096,9,7,7,7,7,0,0,0,0.7777777777777778,0.6666666666666666,0.6666666666666666,0.6666666666666666,0.75,0,0.7777777777777778,0.6666666666666666,0.6666666666666666,0.6666666666666666,0.75,0,0.7777777777777778,0.6666666666666666,0.6666666666666666,0.6666666666666666,0.75,0,0.7777777777777778,0.6666666666666666,0.6666666666666666,0.6666666666666666,0.75
2712,small_component,0,,,,,1,0,0,0,0,0,0,4,0,0,-1,current,0,0,0.15120535320602357,0.15120535320602357,6,0,0,0,0,0,0,0,0.0,0.5,0.8333333333333334,0.6666666666666666,0.6666666666666666,0,0.0,0.5,0.8333333333333334,0.6666666666666666,0.6666666666666666,0,0.0,0.5,0.8333333333333334,0.6666666666666666,0.6666666666666666,0,0.0,0.5,0.8333333333333334,0.6666666666666666,0.6666666666666666
2713,no_strict_e1_improvement,0,,,,,1,0,1,1,1,1,1,4,0,0,-1,current,0,0,0.09502591751515865,0.09502591751515865,9,1,1,1,1,0,0,0,0.1111111111111111,0.3333333333333333,0.6666666666666666,0.5,0.5833333333333334,0,0.1111111111111111,0.3333333333333333,0.6666666666666666,0.5,0.5833333333333334,0,0.1111111111111111,0.3333333333333333,0.6666666666666666,0.5,0.5833333333333334,0,0.1111111111111111,0.3333333333333333,0.6666666666666666,0.5,0.5833333333333334
2714,no_strict_e1_improvement,0,,,,,1,0,1,1,1,1,1,4,0,0,-1,current,0,0,0.053825018306573234,0.053825018306573234,7,0,0,0,0,0,0,0,0.0,0.5,0.5,0.5,0.5,0,0.0,0.5,0.5,0.5,0.5,0,0.0,0.5,0.5,0.5,0.5,0,0.0,0.5,0.5,0.5,0.5
2715,no_strict_e1_improvement,0,,,,,1,0,1,1,1,1,1,4,0,0,-1,current,0,0,0.007339595079732438,0.007339595079732438,10,0,0,0,0,0,0,0,0.0,0.5,1.0,0.75,0.75,0,0.0,0.5,1.0,0.75,0.75,0,0.0,0.5,1.0,0.75,0.75,0,0.0,0.5,1.0,0.75,0.75
2716,no_strict_e1_improvement,0,,,,,1,0,1,1,1,1,1,4,0,0,-1,current,0,0,0.044529265413681664,0.044529265413681664,10,0,0,0,0,0,0,0,0.0,0.5,0.5,0.5,0.5,0,0.0,0.5,0.5,0.5,0.5,0,0.0,0.5,0.5,0.5,0.5,0,0.0,0.5,0.5,0.5,0.5
2717,no_strict_e1_improvement,0,,,,,1,0,1,1,1,1,1,4,0,0,-1,current,0,0,0.007017074152827263,0.007017074152827263,11,0,0,0,0,0,0,0,0.0,0.5,1.0,0.75,0.75,0,0.0,0.5,1.0,0.75,0.75,0,0.0,0.5,1.0,0.75,0.75,0,0.0,0.5,1.0,0.75,0.75
2718,no_strict_e1_improvement,0,,,,,1,0,1,1,1,1,1,4,0,0,-1,current,0,0,0.055722012339780726,0.055722012339780726,8,0,0,0,0,0,0,0,0.0,0.5,0.3333333333333333,0.4166666666666667,0.5833333333333334,0,0.0,0.5,0.3333333333333333,0.4166666666666667,0.5833333333333334,0,0.0,0.5,0.3333333333333333,0.4166666666666667,0.5833333333333334,0,0.0,0.5,0.3333333333333333,0.4166666666666667,0.5833333333333334
2719,no_strict_e1_improvement,0,,,,,1,0,1,1,1,1,1,4,0,0,-1,current,0,0,0.04474589414894581,0.04474589414894581,8,0,0,0,0,0,0,0,0.0,0.6666666666666666,0.5,0.5833333333333334,0.5833333333333334,0,0.0,0.6666666666666666,0.5,0.5833333333333334,0.5833333333333334,0,0.0,0.6666666666666666,0.5,0.5833333333333334,0.5833333333333334,0,0.0,0.6666666666666666,0.5,0.5833333333333334,0.5833333333333334
2720,max_rounds,0,,,,,1,1,5,4,4,14,14,4,1,-1,1,profiled_beam,1,1,0.21039680112153292,0.06354937407498558,8,0,0,1,9,9,8,0,0.0,0.5,0.5,0.5,0.5,0,0.0,0.5,0.5,0.5,0.5,0,0.1111111111111111,0.3333333333333333,0.3333333333333333,0.3333333333333333,0.5,1,1.0,1.0,1.0,1.0,1.0
2721,no_strict_e1_improvement,0,,,,,1,0,1,1,1,1,1,4,0,0,-1,current,0,0,0.062430759270985924,0.062430759270985924,9,7,7,7,7,0,0,0,0.7777777777777778,0.6666666666666666,0.6666666666666666,0.6666666666666666,0.75,0,0.7777777777777778,0.6666666666666666,0.6666666666666666,0.6666666666666666,0.75,0,0.7777777777777778,0.6666666666666666,0.6666666666666666,0.6666666666666666,0.75,0,0.7777777777777778,0.6666666666666666,0.6666666666666666,0.6666666666666666,0.75
2722,small_component,0,,,,,1,0,0,0,0,0,0,4,0,0,-1,current,0,0,0.2306036502122879,0.2306036502122879,8,6,6,6,6,0,0,0,0.6666666666666666,0.5,0.8333333333333334,0.6666666666666666,0.6666666666666666,0,0.6666666666666666,0.5,0.8333333333333334,0.6666666666666666,0.6666666666666666,0,0.6666666666666666,0.5,0.8333333333333334,0.6666666666666666,0.6666666666666666,0,0.6666666666666666,0.5,0.8333333333333334,0.6666666666666666,0.6666666666666666
2723,max_rounds,0,,,,,1,1,3,2,2,5,5,4,0,0,0,s1a3_greedy,1,0,0.1897353157401085,0.037686389490166526,9,1,1,0,0,-1,0,0,0.1111111111111111,0.3333333333333333,0.3333333333333333,0.3333333333333333,0.5,0,0.1111111111111111,0.3333333333333333,0.3333333333333333,0.3333333333333333,0.5,0,0.0,0.6666666666666666,0.5,0.5833333333333334,0.5833333333333334,0,0.0,0.6666666666666666,0.5,0.5833333333333334,0.5833333333333334
2724,small_component,0,,,,,1,0,0,0,0,0,0,4,0,0,-1,current,0,0,0.2644328474998474,0.2644328474998474,7,1,1,1,1,0,0,0,0.1111111111111111,0.16666666666666666,0.5,0.3333333333333333,0.5,0,0.1111111111111111,0.16666666666666666,0.5,0.3333333333333333,0.5,0,0.1111111111111111,0.16666666666666666,0.5,0.3333333333333333,0.5,0,0.1111111111111111,0.16666666666666666,0.5,0.3333333333333333,0.5
2725,no_strict_e1_improvement,0,,,,,1,0,2,2,2,6,6,4,0,0,-1,current,0,0,0.047211247185866036,0.047211247185866036,11,0,0,0,0,0,0,0,0.0,0.5,1.0,0.75,0.75,0,0.0,0.5,1.0,0.75,0.75,0,0.0,0.5,1.0,0.75,0.75,0,0.0,0.5,1.0,0.75,0.75
2726,no_strict_e1_improvement,0,,,,,1,0,1,1,1,1,1,4,0,0,-1,current,0,0,0.04308664814258615,0.04308664814258615,9,9,9,9,9,0,0,1,1.0,1.0,1.0,1.0,1.0,1,1.0,1.0,1.0,1.0,1.0,1,1.0,1.0,1.0,1.0,1.0,1,1.0,1.0,1.0,1.0,1.0
2727,max_rounds,0,,,,,1,1,5,4,4,14,14,4,0,1,1,profiled_beam,1,1,0.1456282635529836,0.06035868947704633,6,1,1,1,9,8,8,0,0.1111111111111111,0.3333333333333333,0.6666666666666666,0.5,0.5833333333333334,0,0.1111111111111111,0.3333333333333333,0.6666666666666666,0.5,0.5833333333333334,0,0.1111111111111111,0.3333333333333333,0.6666666666666666,0.5,0.5833333333333334,1,1.0,1.0,1.0,1.0,1.0
2728,max_rounds,0,,,,,1,1,5,4,4,14,14,4,0,0,1,profiled_beam,1,1,0.19251745954776803,0.12525863588477174,9,0,0,0,0,0,0,0,0.0,0.3333333333333333,0.16666666666666666,0.25,0.3333333333333333,0,0.0,0.3333333333333333,0.16666666666666666,0.25,0.3333333333333333,0,0.0,0.3333333333333333,0.16666666666666666,0.25,0.3333333333333333,0,0.0,0.6666666666666666,0.5,0.5833333333333334,0.6666666666666666
2729,no_strict_e1_improvement,0,,,,,1,0,1,1,1,1,1,4,0,0,-1,current,0,0,0.0025595735448102155,0.0025595735448102155,12,9,9,9,9,0,0,1,1.0,1.0,1.0,1.0,1.0,1,1.0,1.0,1.0,1.0,1.0,1,1.0,1.0,1.0,1.0,1.0,1,1.0,1.0,1.0,1.0,1.0
2730,no_strict_e1_improvement,0,,,,,1,0,1,1,1,1,1,4,0,0,-1,current,0,0,0.047660370357334614,0.047660370357334614,8,0,0,0,0,0,0,0,0.0,0.5,1.0,0.75,0.75,0,0.0,0.5,1.0,0.75,0.75,0,0.0,0.5,1.0,0.75,0.75,0,0.0,0.5,1.0,0.75,0.75
2731,max_rounds,0,,,,,1,1,5,4,4,14,14,4,0,1,0,s1a3_greedy,1,0,0.21590592712163925,0.1403492552538713,6,0,0,0,0,0,0,0,0.0,0.5,0.3333333333333333,0.4166666666666667,0.75,0,0.0,0.5,0.3333333333333333,0.4166666666666667,0.75,0,0.0,0.3333333333333333,0.5,0.4166666666666667,0.5833333333333334,0,0.0,0.3333333333333333,0.5,0.4166666666666667,0.5833333333333334
2732,no_strict_e1_improvement,0,,,,,1,0,1,1,1,1,1,4,0,0,-1,current,0,0,0.04500750514368216,0.04500750514368216,7,0,0,0,0,0,0,0,0.0,0.5,1.0,0.75,0.75,0,0.0,0.5,1.0,0.75,0.75,0,0.0,0.5,1.0,0.75,0.75,0,0.0,0.5,1.0,0.75,0.75
2733,max_rounds,0,,,,,1,1,5,4,4,10,10,4,-1,0,0,s1a3_greedy,1,0,0.3034832044504583,0.050155241042375565,9,1,1,0,0,-1,0,0,0.1111111111111111,0.16666666666666666,0.3333333333333333,0.25,0.4166666666666667,0,0.1111111111111111,0.16666666666666666,0.3333333333333333,0.25,0.4166666666666667,0,0.0,0.5,1.0,0.75,0.75,0,0.0,0.5,1.0,0.75,0.75
2734,small_component,0,,,,,1,0,0,0,0,0,0,4,0,0,-1,current,0,0,0.3345273023393626,0.3345273023393626,6,5,5,5,5,0,0,0,0.5555555555555556,0.3333333333333333,0.3333333333333333,0.3333333333333333,0.5833333333333334,0,0.5555555555555556,0.3333333333333333,0.3333333333333333,0.3333333333333333,0.5833333333333334,0,0.5555555555555556,0.3333333333333333,0.3333333333333333,0.3333333333333333,0.5833333333333334,0,0.5555555555555556,0.3333333333333333,0.3333333333333333,0.3333333333333333,0.5833333333333334
2735,no_strict_e1_improvement,0,,,,,1,0,1,1,1,1,1,4,0,0,-1,current,0,0,0.013178228711088499,0.013178228711088499,12,0,0,0,0,0,0,0,0.0,0.5,1.0,0.75,0.75,0,0.0,0.5,1.0,0.75,0.75,0,0.0,0.5,1.0,0.75,0.75,0,0.0,0.5,1.0,0.75,0.75
2736,max_rounds,0,,,,,1,1,3,2,2,7,7,4,1,0,0,s1a3_greedy,1,0,0.11455412115901709,0.04762175275633732,5,0,0,9,9,9,0,0,0.0,0.6666666666666666,0.5,0.5833333333333334,0.6666666666666666,0,0.0,0.6666666666666666,0.5,0.5833333333333334,0.6666666666666666,1,1.0,1.0,1.0,1.0,1.0,1,1.0,1.0,1.0,1.0,1.0
2737,max_rounds,0,,,,,1,1,2,2,2,5,5,4,0,1,1,profiled_beam,1,1,0.16017178477098545,0.10043824401994546,4,1,1,1,0,-1,-1,0,0.1111111111111111,0.3333333333333333,0.3333333333333333,0.3333333333333333,0.5,0,0.1111111111111111,0.3333333333333333,0.3333333333333333,0.3333333333333333,0.5,0,0.1111111111111111,0.3333333333333333,0.3333333333333333,0.3333333333333333,0.5,0,0.0,0.6666666666666666,0.3333333333333333,0.5,0.6666666666666666
2738,no_strict_e1_improvement,0,,,,,1,0,1,1,1,1,1,4,0,0,-1,current,0,0,0.0022544567473232746,0.0022544567473232746,12,9,9,9,9,0,0,1,1.0,1.0,1.0,1.0,1.0,1,1.0,1.0,1.0,1.0,1.0,1,1.0,1.0,1.0,1.0,1.0,1,1.0,1.0,1.0,1.0,1.0
2739,no_strict_e1_improvement,0,,,,,1,0,1,1,1,1,1,4,0,0,-1,current,0,0,0.020954129179396357,0.020954129179396357,9,7,7,7,7,0,0,0,0.7777777777777778,0.6666666666666666,0.6666666666666666,0.6666666666666666,0.8333333333333334,0,0.7777777777777778,0.6666666666666666,0.6666666666666666,0.6666666666666666,0.8333333333333334,0,0.7777777777777778,0.6666666666666666,0.6666666666666666,0.6666666666666666,0.8333333333333334,0,0.7777777777777778,0.6666666666666666,0.6666666666666666,0.6666666666666666,0.8333333333333334
2740,max_rounds,0,,,,,1,1,3,2,2,6,6,4,-1,0,1,profiled_beam,1,1,0.19718710581461588,0.07073735352605581,9,0,0,7,9,9,2,0,0.0,0.8333333333333334,0.5,0.6666666666666666,0.6666666666666666,0,0.0,0.8333333333333334,0.5,0.6666666666666666,0.6666666666666666,0,0.7777777777777778,0.6666666666666666,0.6666666666666666,0.6666666666666666,0.75,1,1.0,1.0,1.0,1.0,1.0
2741,small_component,0,,,,,1,0,0,0,0,0,0,4,0,0,-1,current,0,0,0.20416732504963875,0.20416732504963875,4,1,1,1,1,0,0,0,0.1111111111111111,0.6666666666666666,0.3333333333333333,0.5,0.5833333333333334,0,0.1111111111111111,0.6666666666666666,0.3333333333333333,0.5,0.5833333333333334,0,0.1111111111111111,0.6666666666666666,0.3333333333333333,0.5,0.5833333333333334,0,0.1111111111111111,0.6666666666666666,0.3333333333333333,0.5,0.5833333333333334
2742,no_strict_e1_improvement,0,,,,,1,0,1,1,1,1,1,4,0,0,-1,current,0,0,0.06447955713762592,0.06447955713762592,9,9,9,9,9,0,0,1,1.0,1.0,1.0,1.0,1.0,1,1.0,1.0,1.0,1.0,1.0,1,1.0,1.0,1.0,1.0,1.0,1,1.0,1.0,1.0,1.0,1.0
2743,max_rounds,0,,,,,1,1,2,2,2,4,4,4,0,-1,0,s1a3_greedy,1,0,0.07701379666104913,0.044409408078839384,7,0,0,9,9,9,0,0,0.0,0.5,1.0,0.75,0.75,0,0.0,0.5,1.0,0.75,0.75,1,1.0,1.0,1.0,1.0,1.0,1,1.0,1.0,1.0,1.0,1.0
2744,no_strict_e1_improvement,0,,,,,1,0,1,1,1,1,1,4,0,0,-1,current,0,0,0.18782220020269355,0.18782220020269355,6,0,0,0,0,0,0,0,0.0,0.3333333333333333,0.5,0.4166666666666667,0.5,0,0.0,0.3333333333333333,0.5,0.4166666666666667,0.5,0,0.0,0.3333333333333333,0.5,0.4166666666666667,0.5,0,0.0,0.3333333333333333,0.5,0.4166666666666667,0.5
2745,no_strict_e1_improvement,0,,,,,1,0,1,1,1,1,1,4,0,0,-1,current,0,0,0.0008524395525455475,0.0008524395525455475,12,0,0,0,0,0,0,0,0.0,0.5,1.0,0.75,0.75,0,0.0,0.5,1.0,0.75,0.75,0,0.0,0.5,1.0,0.75,0.75,0,0.0,0.5,1.0,0.75,0.75
2746,no_strict_e1_improvement,0,,,,,1,0,1,1,1,1,1,4,0,0,-1,current,0,0,0.0,0.0,12,9,9,9,9,0,0,1,1.0,1.0,1.0,1.0,1.0,1,1.0,1.0,1.0,1.0,1.0,1,1.0,1.0,1.0,1.0,1.0,1,1.0,1.0,1.0,1.0,1.0
2747,no_strict_e1_improvement,0,,,,,1,0,1,1,1,1,1,4,0,0,-1,current,0,0,0.03511409802983204,0.03511409802983204,8,9,9,9,9,0,0,1,1.0,1.0,1.0,1.0,1.0,1,1.0,1.0,1.0,1.0,1.0,1,1.0,1.0,1.0,1.0,1.0,1,1.0,1.0,1.0,1.0,1.0
2748,no_strict_e1_improvement,0,,,,,1,0,1,1,1,1,1,4,0,0,-1,current,0,0,0.08296978287398815,0.08296978287398815,8,4,4,4,4,0,0,0,0.4444444444444444,0.5,0.16666666666666666,0.3333333333333333,0.4166666666666667,0,0.4444444444444444,0.5,0.16666666666666666,0.3333333333333333,0.4166666666666667,0,0.4444444444444444,0.5,0.16666666666666666,0.3333333333333333,0.4166666666666667,0,0.4444444444444444,0.5,0.16666666666666666,0.3333333333333333,0.4166666666666667
2749,no_strict_e1_improvement,0,,,,,1,0,1,1,1,1,1,4,0,0,-1,current,0,0,0.12197309608260791,0.12197309608260791,7,0,0,0,0,0,0,0,0.0,0.3333333333333333,0.5,0.4166666666666667,0.5,0,0.0,0.3333333333333333,0.5,0.4166666666666667,0.5,0,0.0,0.3333333333333333,0.5,0.4166666666666667,0.5,0,0.0,0.3333333333333333,0.5,0.4166666666666667,0.5
2750,max_rounds,0,,,,,1,1,5,4,4,16,16,4,-1,-1,1,profiled_beam,1,1,0.2907567135989666,0.18391158136849603,5,2,2,2,2,0,0,0,0.2222222222222222,0.16666666666666666,0.5,0.3333333333333333,0.5833333333333334,0,0.2222222222222222,0.16666666666666666,0.5,0.3333333333333333,0.5833333333333334,0,0.2222222222222222,0.0,0.3333333333333333,0.16666666666666666,0.5,0,0.2222222222222222,0.0,0.3333333333333333,0.16666666666666666,0.5
2751,max_rounds,0,,,,,1,1,3,2,2,6,6,4,-1,0,1,profiled_beam,1,1,0.1831097143391768,0.04749087865153948,10,3,3,0,0,-3,0,0,0.3333333333333333,0.6666666666666666,0.5,0.5833333333333334,0.5833333333333334,0,0.3333333333333333,0.6666666666666666,0.5,0.5833333333333334,0.5833333333333334,0,0.0,0.5,0.5,0.5,0.5,0,0.0,0.5,0.5,0.5,0.5
2752,no_strict_e1_improvement,0,,,,,1,0,1,1,1,1,1,4,0,0,-1,current,0,0,0.0418324702574561,0.0418324702574561,6,0,0,0,0,0,0,0,0.0,0.5,0.5,0.5,0.5,0,0.0,0.5,0.5,0.5,0.5,0,0.0,0.5,0.5,0.5,0.5,0,0.0,0.5,0.5,0.5,0.5
2753,no_strict_e1_improvement,0,,,,,1,0,1,1,1,1,1,4,0,0,-1,current,0,0,0.01170988396431009,0.01170988396431009,10,9,9,9,9,0,0,1,1.0,1.0,1.0,1.0,1.0,1,1.0,1.0,1.0,1.0,1.0,1,1.0,1.0,1.0,1.0,1.0,1,1.0,1.0,1.0,1.0,1.0
2754,no_strict_e1_improvement,0,,,,,1,0,1,1,1,1,1,4,0,0,-1,current,0,0,0.06101918484394749,0.06101918484394749,9,0,0,0,0,0,0,0,0.0,0.5,0.5,0.5,0.5,0,0.0,0.5,0.5,0.5,0.5,0,0.0,0.5,0.5,0.5,0.5,0,0.0,0.5,0.5,0.5,0.5
2755,no_strict_e1_improvement,0,,,,,1,0,1,1,1,1,1,4,0,0,-1,current,0,0,0.0014382265508174896,0.0014382265508174896,12,0,0,0,0,0,0,0,0.0,0.5,1.0,0.75,0.75,0,0.0,0.5,1.0,0.75,0.75,0,0.0,0.5,1.0,0.75,0.75,0,0.0,0.5,1.0,0.75,0.75
2756,no_strict_e1_improvement,0,,,,,1,0,1,1,1,1,1,4,0,0,-1,current,0,0,0.02685844663452978,0.02685844663452978,8,0,0,0,0,0,0,0,0.0,0.5,1.0,0.75,0.75,0,0.0,0.5,1.0,0.75,0.75,0,0.0,0.5,1.0,0.75,0.75,0,0.0,0.5,1.0,0.75,0.75
2757,no_strict_e1_improvement,0,,,,,1,0,1,1,1,1,1,4,0,0,-1,current,0,0,0.056247059566279255,0.056247059566279255,8,0,0,0,0,0,0,0,0.0,0.3333333333333333,0.16666666666666666,0.25,0.3333333333333333,0,0.0,0.3333333333333333,0.16666666666666666,0.25,0.3333333333333333,0,0.0,0.3333333333333333,0.16666666666666666,0.25,0.3333333333333333,0,0.0,0.3333333333333333,0.16666666666666666,0.25,0.3333333333333333
2758,no_strict_e1_improvement,0,,,,,1,0,2,2,2,6,6,4,0,0,-1,current,0,0,0.07857275668842097,0.07857275668842097,8,0,0,0,0,0,0,0,0.0,0.5,1.0,0.75,0.75,0,0.0,0.5,1.0,0.75,0.75,0,0.0,0.5,1.0,0.75,0.75,0,0.0,0.5,1.0,0.75,0.75
2759,max_rounds,0,,,,,1,1,3,2,2,7,7,4,0,1,0,s1a3_greedy,1,0,0.13781463727355003,0.03495329866806666,9,0,0,9,9,9,0,0,0.0,0.5,0.8333333333333334,0.6666666666666666,0.6666666666666666,0,0.0,0.5,0.8333333333333334,0.6666666666666666,0.6666666666666666,1,1.0,1.0,1.0,1.0,1.0,1,1.0,1.0,1.0,1.0,1.0
2760,partial_completed__no_strict_e1_improvement,1,,3,2,3,1,0,2,2,2,5,5,4,0,0,-1,current,1,0,0.20113543622816601,0.20113543622816601,7,3,3,3,3,0,0,0,0.3333333333333333,0.0,0.6666666666666666,0.3333333333333333,0.3333333333333333,0,0.3333333333333333,0.0,1.0,0.5,0.75,0,0.3333333333333333,0.0,1.0,0.5,0.75,0,0.3333333333333333,0.0,1.0,0.5,0.75
2761,max_rounds,0,,,,,1,1,3,2,2,7,7,4,0,1,0,s1a3_greedy,1,0,0.19468219950795174,0.03175516054034233,11,0,0,9,9,9,0,0,0.0,0.5,0.8333333333333334,0.6666666666666666,0.6666666666666666,0,0.0,0.5,0.8333333333333334,0.6666666666666666,0.6666666666666666,1,1.0,1.0,1.0,1.0,1.0,1,1.0,1.0,1.0,1.0,1.0
2762,max_rounds,0,,,,,1,1,5,4,4,11,11,4,0,0,1,profiled_beam,1,1,0.21471318850914636,0.04354133414259801,6,0,0,0,0,0,0,0,0.0,0.0,0.3333333333333333,0.16666666666666666,0.4166666666666667,0,0.0,0.0,0.3333333333333333,0.16666666666666666,0.4166666666666667,0,0.0,0.0,0.5,0.25,0.5833333333333334,0,0.0,0.0,0.5,0.25,0.5
2763,no_strict_e1_improvement,0,,,,,1,0,1,1,1,1,1,4,0,0,-1,current,0,0,0.05764657678082585,0.05764657678082585,9,9,9,9,9,0,0,1,1.0,1.0,1.0,1.0,1.0,1,1.0,1.0,1.0,1.0,1.0,1,1.0,1.0,1.0,1.0,1.0,1,1.0,1.0,1.0,1.0,1.0
2764,max_rounds,0,,,,,1,1,5,4,4,15,15,4,0,0,1,profiled_beam,1,1,0.296360619366169,0.09852131456136703,7,0,0,0,0,0,0,0,0.0,0.3333333333333333,0.5,0.4166666666666667,0.5833333333333334,0,0.0,0.3333333333333333,0.5,0.4166666666666667,0.5833333333333334,0,0.0,0.16666666666666666,0.6666666666666666,0.4166666666666667,0.5,0,0.0,0.5,1.0,0.75,0.75
2765,no_strict_e1_improvement,0,,,,,1,0,1,1,1,1,1,4,0,0,-1,current,0,0,0.005499588325619698,0.005499588325619698,11,9,9,9,9,0,0,1,1.0,1.0,1.0,1.0,1.0,1,1.0,1.0,1.0,1.0,1.0,1,1.0,1.0,1.0,1.0,1.0,1,1.0,1.0,1.0,1.0,1.0
2766,max_rounds,0,,,,,1,1,3,2,2,6,6,4,0,0,1,profiled_beam,1,1,0.12943684241812056,0.0956778531932893,6,0,0,0,0,0,0,0,0.0,0.16666666666666666,0.5,0.3333333333333333,0.5,0,0.0,0.16666666666666666,0.5,0.3333333333333333,0.5,0,0.0,0.16666666666666666,0.5,0.3333333333333333,0.5,0,0.0,0.16666666666666666,0.5,0.3333333333333333,0.4166666666666667
2767,small_component,0,,,,,1,0,0,0,0,0,0,4,0,0,-1,current,0,0,0.2373218610882759,0.2373218610882759,6,0,0,0,0,0,0,0,0.0,0.0,0.5,0.25,0.25,0,0.0,0.0,0.5,0.25,0.25,0,0.0,0.0,0.5,0.25,0.25,0,0.0,0.0,0.5,0.25,0.25
2768,max_rounds,0,,,,,1,1,3,2,2,7,7,4,0,0,0,s1a3_greedy,1,0,0.18763469307062527,0.04532412633610269,9,7,7,9,9,2,0,0,0.7777777777777778,0.6666666666666666,0.6666666666666666,0.6666666666666666,0.75,0,0.7777777777777778,0.6666666666666666,0.6666666666666666,0.6666666666666666,0.75,1,1.0,1.0,1.0,1.0,1.0,1,1.0,1.0,1.0,1.0,1.0
2769,no_strict_e1_improvement,0,,,,,1,0,2,2,2,7,7,4,0,0,-1,current,0,0,0.076218049818029,0.076218049818029,8,3,3,3,3,0,0,0,0.3333333333333333,0.0,1.0,0.5,0.75,0,0.3333333333333333,0.0,1.0,0.5,0.75,0,0.3333333333333333,0.0,1.0,0.5,0.75,0,0.3333333333333333,0.0,1.0,0.5,0.75
2770,max_rounds,0,,,,,1,1,5,4,4,15,15,4,0,-1,1,profiled_beam,1,1,0.24221243957678476,0.17265433880190054,8,7,7,5,1,-6,-4,0,0.7777777777777778,0.3333333333333333,0.6666666666666666,0.5,0.5833333333333334,0,0.7777777777777778,0.3333333333333333,0.6666666666666666,0.5,0.5833333333333334,0,0.5555555555555556,0.3333333333333333,0.3333333333333333,0.3333333333333333,0.6666666666666666,0,0.1111111111111111,0.16666666666666666,0.5,0.3333333333333333,0.4166666666666667
2771,max_rounds,0,,,,,1,1,5,4,4,15,15,4,0,0,0,s1a3_greedy,1,0,0.17568909035374722,0.0933408581962188,6,2,2,4,4,2,0,0,0.2222222222222222,0.16666666666666666,0.6666666666666666,0.4166666666666667,0.5833333333333334,0,0.2222222222222222,0.16666666666666666,0.6666666666666666,0.4166666666666667,0.5833333333333334,0,0.4444444444444444,0.5,0.3333333333333333,0.4166666666666667,0.5,0,0.4444444444444444,0.5,0.3333333333333333,0.4166666666666667,0.5
2772,no_strict_e1_improvement,0,,,,,1,0,1,1,1,1,1,4,0,0,-1,current,0,0,0.08965714400013287,0.08965714400013287,6,0,0,0,0,0,0,0,0.0,0.8333333333333334,0.5,0.6666666666666666,0.6666666666666666,0,0.0,0.8333333333333334,0.5,0.6666666666666666,0.6666666666666666,0,0.0,0.8333333333333334,0.5,0.6666666666666666,0.6666666666666666,0,0.0,0.8333333333333334,0.5,0.6666666666666666,0.6666666666666666
2773,no_strict_e1_improvement,0,,,,,1,0,1,1,1,1,1,4,0,0,-1,current,0,0,0.01462709306118389,0.01462709306118389,9,0,0,0,0,0,0,0,0.0,0.5,1.0,0.75,0.75,0,0.0,0.5,1.0,0.75,0.75,0,0.0,0.5,1.0,0.75,0.75,0,0.0,0.5,1.0,0.75,0.75
2774,no_strict_e1_improvement,0,,,,,1,0,1,1,1,1,1,4,0,0,-1,current,0,0,0.12472522833074133,0.12472522833074133,7,0,0,0,0,0,0,0,0.0,0.5,0.5,0.5,0.5,0,0.0,0.5,0.5,0.5,0.5,0,0.0,0.5,0.5,0.5,0.5,0,0.0,0.5,0.5,0.5,0.5
2775,max_rounds,0,,,,,1,1,3,2,2,8,8,4,1,0,1,profiled_beam,1,1,0.04090210050344467,0.02680961452036475,7,6,6,7,0,-6,-7,0,0.6666666666666666,0.8333333333333334,0.5,0.6666666666666666,0.6666666666666666,0,0.6666666666666666,0.8333333333333334,0.5,0.6666666666666666,0.6666666666666666,0,0.7777777777777778,0.6666666666666666,0.6666666666666666,0.6666666666666666,0.75,0,0.0,0.6666666666666666,0.5,0.5833333333333334,0.6666666666666666
2776,partial_completed__small_component,1,,3,2,4,1,0,0,0,0,0,0,4,0,0,-1,current,1,0,0.34659920384486514,0.34659920384486514,5,0,0,0,0,0,0,0,0.0,0.3333333333333333,0.16666666666666666,0.25,0.3333333333333333,0,0.0,0.3333333333333333,0.16666666666666666,0.25,0.4166666666666667,0,0.0,0.3333333333333333,0.16666666666666666,0.25,0.4166666666666667,0,0.0,0.3333333333333333,0.16666666666666666,0.25,0.4166666666666667
2777,partial_completed__no_strict_e1_improvement,1,,3,2,3,1,0,1,1,1,2,2,4,0,0,-1,current,1,0,0.17175135823587576,0.17175135823587576,8,0,0,0,0,0,0,0,0.0,0.5,0.3333333333333333,0.4166666666666667,0.4166666666666667,0,0.0,0.6666666666666666,0.5,0.5833333333333334,0.5833333333333334,0,0.0,0.6666666666666666,0.5,0.5833333333333334,0.5833333333333334,0,0.0,0.6666666666666666,0.5,0.5833333333333334,0.5833333333333334
2778,max_rounds,0,,,,,1,1,3,2,2,6,6,4,-1,0,0,s1a3_greedy,1,0,0.12607232225127518,0.06280622126845022,8,6,6,0,0,-6,0,0,0.6666666666666666,0.8333333333333334,0.5,0.6666666666666666,0.6666666666666666,0,0.6666666666666666,0.8333333333333334,0.5,0.6666666666666666,0.6666666666666666,0,0.0,0.8333333333333334,0.5,0.6666666666666666,0.6666666666666666,0,0.0,0.8333333333333334,0.5,0.6666666666666666,0.6666666666666666
2779,no_strict_e1_improvement,0,,,,,1,0,1,1,1,1,1,4,0,0,-1,current,0,0,5.035664556392779e-05,5.035664556392779e-05,12,9,9,9,9,0,0,1,1.0,1.0,1.0,1.0,1.0,1,1.0,1.0,1.0,1.0,1.0,1,1.0,1.0,1.0,1.0,1.0,1,1.0,1.0,1.0,1.0,1.0
2780,no_strict_e1_improvement,0,,,,,1,0,2,2,2,6,6,4,0,0,-1,current,0,0,0.14660822720422098,0.14660822720422098,9,0,0,0,0,0,0,0,0.0,0.3333333333333333,0.5,0.4166666666666667,0.5833333333333334,0,0.0,0.3333333333333333,0.5,0.4166666666666667,0.5833333333333334,0,0.0,0.3333333333333333,0.5,0.4166666666666667,0.5833333333333334,0,0.0,0.3333333333333333,0.5,0.4166666666666667,0.5833333333333334
2781,no_strict_e1_improvement,0,,,,,1,0,1,1,1,1,1,4,0,0,-1,current,0,0,0.036960966574649014,0.036960966574649014,7,0,0,0,0,0,0,0,0.0,0.5,0.6666666666666666,0.5833333333333334,0.75,0,0.0,0.5,0.6666666666666666,0.5833333333333334,0.75,0,0.0,0.5,0.6666666666666666,0.5833333333333334,0.75,0,0.0,0.5,0.6666666666666666,0.5833333333333334,0.75
2782,no_strict_e1_improvement,0,,,,,1,0,1,1,1,1,1,4,0,0,-1,current,0,0,0.04241048754192889,0.04241048754192889,9,0,0,0,0,0,0,0,0.0,0.5,0.5,0.5,0.5,0,0.0,0.5,0.5,0.5,0.5,0,0.0,0.5,0.5,0.5,0.5,0,0.0,0.5,0.5,0.5,0.5
2783,no_strict_e1_improvement,0,,,,,1,0,1,1,1,1,1,4,0,0,-1,current,0,0,0.055571550192932286,0.055571550192932286,7,6,6,6,6,0,0,0,0.6666666666666666,0.8333333333333334,0.5,0.6666666666666666,0.6666666666666666,0,0.6666666666666666,0.8333333333333334,0.5,0.6666666666666666,0.6666666666666666,0,0.6666666666666666,0.8333333333333334,0.5,0.6666666666666666,0.6666666666666666,0,0.6666666666666666,0.8333333333333334,0.5,0.6666666666666666,0.6666666666666666
2784,no_strict_e1_improvement,0,,,,,1,0,1,1,1,1,1,4,0,0,-1,current,0,0,0.035395076498389244,0.035395076498389244,8,0,0,0,0,0,0,0,0.0,0.5,0.5,0.5,0.5,0,0.0,0.5,0.5,0.5,0.5,0,0.0,0.5,0.5,0.5,0.5,0,0.0,0.5,0.5,0.5,0.5
2785,no_strict_e1_improvement,0,,,,,1,0,1,1,1,1,1,4,0,0,-1,current,0,0,0.021113373960057896,0.021113373960057896,11,0,0,0,0,0,0,0,0.0,0.5,1.0,0.75,0.75,0,0.0,0.5,1.0,0.75,0.75,0,0.0,0.5,1.0,0.75,0.75,0,0.0,0.5,1.0,0.75,0.75
2786,small_component,0,,,,,1,0,0,0,0,0,0,4,0,0,-1,current,0,0,0.2611247220387061,0.2611247220387061,6,1,1,1,1,0,0,0,0.1111111111111111,0.3333333333333333,0.0,0.16666666666666666,0.4166666666666667,0,0.1111111111111111,0.3333333333333333,0.0,0.16666666666666666,0.4166666666666667,0,0.1111111111111111,0.3333333333333333,0.0,0.16666666666666666,0.4166666666666667,0,0.1111111111111111,0.3333333333333333,0.0,0.16666666666666666,0.4166666666666667
2787,partial_completed__no_strict_e1_improvement,1,,3,2,2,1,0,1,1,1,1,1,4,0,0,-1,current,1,0,0.008837153514226278,0.008837153514226278,11,0,0,0,0,0,0,0,0.0,0.0,0.6666666666666666,0.3333333333333333,0.3333333333333333,0,0.0,0.5,1.0,0.75,0.75,0,0.0,0.5,1.0,0.75,0.75,0,0.0,0.5,1.0,0.75,0.75
2788,no_strict_e1_improvement,0,,,,,1,0,1,1,1,1,1,4,0,0,-1,current,0,0,0.03820223826915026,0.03820223826915026,8,9,9,9,9,0,0,1,1.0,1.0,1.0,1.0,1.0,1,1.0,1.0,1.0,1.0,1.0,1,1.0,1.0,1.0,1.0,1.0,1,1.0,1.0,1.0,1.0,1.0
2789,max_rounds,0,,,,,1,1,2,2,2,6,6,4,-1,0,0,s1a3_greedy,1,0,0.05823634580398599,0.016616435023024678,10,0,0,9,9,9,0,0,0.0,1.0,0.5,0.75,0.75,0,0.0,1.0,0.5,0.75,0.75,1,1.0,1.0,1.0,1.0,1.0,1,1.0,1.0,1.0,1.0,1.0
2790,no_strict_e1_improvement,0,,,,,1,0,1,1,1,1,1,4,0,0,-1,current,0,0,0.0628358853670458,0.0628358853670458,8,0,0,0,0,0,0,0,0.0,0.6666666666666666,0.16666666666666666,0.4166666666666667,0.5,0,0.0,0.6666666666666666,0.16666666666666666,0.4166666666666667,0.5,0,0.0,0.6666666666666666,0.16666666666666666,0.4166666666666667,0.5,0,0.0,0.6666666666666666,0.16666666666666666,0.4166666666666667,0.5
2791,no_strict_e1_improvement,0,,,,,1,0,1,1,1,1,1,4,0,0,-1,current,0,0,0.08690299807737271,0.08690299807737271,7,0,0,0,0,0,0,0,0.0,0.5,0.5,0.5,0.5,0,0.0,0.5,0.5,0.5,0.5,0,0.0,0.5,0.5,0.5,0.5,0,0.0,0.5,0.5,0.5,0.5
2792,max_rounds,0,,,,,1,1,2,2,2,4,4,4,0,-1,0,s1a3_greedy,1,0,0.06949574903895457,0.049881032668054104,7,0,0,0,0,0,0,0,0.0,0.5,1.0,0.75,0.75,0,0.0,0.5,1.0,0.75,0.75,0,0.0,0.5,1.0,0.75,0.75,0,0.0,0.5,1.0,0.75,0.75
2793,max_rounds,0,,,,,1,1,2,2,2,6,6,4,1,0,0,s1a3_greedy,1,0,0.13146408771475157,0.107275059640718,6,4,4,4,4,0,0,0,0.4444444444444444,0.16666666666666666,0.5,0.3333333333333333,0.4166666666666667,0,0.4444444444444444,0.16666666666666666,0.5,0.3333333333333333,0.4166666666666667,0,0.4444444444444444,0.16666666666666666,0.5,0.3333333333333333,0.4166666666666667,0,0.4444444444444444,0.16666666666666666,0.5,0.3333333333333333,0.4166666666666667
2794,no_strict_e1_improvement,0,,,,,1,0,1,1,1,1,1,4,0,0,-1,current,0,0,0.01808372128289193,0.01808372128289193,11,0,0,0,0,0,0,0,0.0,0.5,1.0,0.75,0.75,0,0.0,0.5,1.0,0.75,0.75,0,0.0,0.5,1.0,0.75,0.75,0,0.0,0.5,1.0,0.75,0.75
2795,no_strict_e1_improvement,0,,,,,1,0,1,1,1,1,1,4,0,0,-1,current,0,0,0.14359263454874358,0.14359263454874358,9,0,0,0,0,0,0,0,0.0,0.5,0.8333333333333334,0.6666666666666666,0.6666666666666666,0,0.0,0.5,0.8333333333333334,0.6666666666666666,0.6666666666666666,0,0.0,0.5,0.8333333333333334,0.6666666666666666,0.6666666666666666,0,0.0,0.5,0.8333333333333334,0.6666666666666666,0.6666666666666666
2796,max_rounds,0,,,,,1,1,3,2,2,6,6,4,-1,0,0,s1a3_greedy,1,0,0.11206594516988844,0.028785399937381346,6,0,0,0,0,0,0,0,0.0,0.3333333333333333,0.5,0.4166666666666667,0.5,0,0.0,0.3333333333333333,0.5,0.4166666666666667,0.5,0,0.0,0.5,1.0,0.75,0.75,0,0.0,0.5,1.0,0.75,0.75
2797,no_strict_e1_improvement,0,,,,,1,0,1,1,1,1,1,4,0,0,-1,current,0,0,0.1290955850854516,0.1290955850854516,6,0,0,0,0,0,0,0,0.0,0.5,0.3333333333333333,0.4166666666666667,0.5833333333333334,0,0.0,0.5,0.3333333333333333,0.4166666666666667,0.5833333333333334,0,0.0,0.5,0.3333333333333333,0.4166666666666667,0.5833333333333334,0,0.0,0.5,0.3333333333333333,0.4166666666666667,0.5833333333333334
2798,no_strict_e1_improvement,0,,,,,1,0,1,1,1,1,1,4,0,0,-1,current,0,0,0.04348007387792071,0.04348007387792071,8,0,0,0,0,0,0,0,0.0,0.5,0.8333333333333334,0.6666666666666666,0.6666666666666666,0,0.0,0.5,0.8333333333333334,0.6666666666666666,0.6666666666666666,0,0.0,0.5,0.8333333333333334,0.6666666666666666,0.6666666666666666,0,0.0,0.5,0.8333333333333334,0.6666666666666666,0.6666666666666666
2799,no_strict_e1_improvement,0,,,,,1,0,2,2,2,6,6,4,0,0,-1,current,0,0,0.1341556289504903,0.1341556289504903,7,2,2,2,2,0,0,0,0.2222222222222222,0.16666666666666666,0.6666666666666666,0.4166666666666667,0.5833333333333334,0,0.2222222222222222,0.16666666666666666,0.6666666666666666,0.4166666666666667,0.5833333333333334,0,0.2222222222222222,0.16666666666666666,0.6666666666666666,0.4166666666666667,0.5833333333333334,0,0.2222222222222222,0.16666666666666666,0.6666666666666666,0.4166666666666667,0.5833333333333334
2800,no_strict_e1_improvement,0,,,,,1,0,1,1,1,1,1,4,0,0,-1,current,0,0,0.012303601445940634,0.012303601445940634,10,6,6,6,6,0,0,0,0.6666666666666666,0.5,0.8333333333333334,0.6666666666666666,0.6666666666666666,0,0.6666666666666666,0.5,0.8333333333333334,0.6666666666666666,0.6666666666666666,0,0.6666666666666666,0.5,0.8333333333333334,0.6666666666666666,0.6666666666666666,0,0.6666666666666666,0.5,0.8333333333333334,0.6666666666666666,0.6666666666666666
2801,no_strict_e1_improvement,0,,,,,1,0,2,2,2,6,6,4,0,0,-1,current,0,0,0.06291742995381355,0.06291742995381355,10,9,9,9,9,0,0,1,1.0,1.0,1.0,1.0,1.0,1,1.0,1.0,1.0,1.0,1.0,1,1.0,1.0,1.0,1.0,1.0,1,1.0,1.0,1.0,1.0,1.0
2802,no_strict_e1_improvement,0,,,,,1,0,1,1,1,1,1,4,0,0,-1,current,0,0,0.03737822330246369,0.03737822330246369,9,9,9,9,9,0,0,1,1.0,1.0,1.0,1.0,1.0,1,1.0,1.0,1.0,1.0,1.0,1,1.0,1.0,1.0,1.0,1.0,1,1.0,1.0,1.0,1.0,1.0
2803,max_rounds,0,,,,,1,1,3,2,2,5,5,4,0,0,0,s1a3_greedy,1,0,0.19286923948675394,0.11937436057875554,7,1,1,0,0,-1,0,0,0.1111111111111111,0.3333333333333333,0.5,0.4166666666666667,0.5833333333333334,0,0.1111111111111111,0.3333333333333333,0.5,0.4166666666666667,0.5833333333333334,0,0.0,0.5,0.6666666666666666,0.5833333333333334,0.6666666666666666,0,0.0,0.5,0.6666666666666666,0.5833333333333334,0.6666666666666666
2804,no_strict_e1_improvement,0,,,,,1,0,1,1,1,2,2,4,0,0,-1,current,0,0,0.13476557036240897,0.13476557036240897,10,0,0,0,0,0,0,0,0.0,0.5,1.0,0.75,0.75,0,0.0,0.5,1.0,0.75,0.75,0,0.0,0.5,1.0,0.75,0.75,0,0.0,0.5,1.0,0.75,0.75
2805,max_rounds,0,,,,,1,1,3,2,2,7,7,4,0,0,0,s1a3_greedy,1,0,0.09978028875775635,0.05419697558196882,8,7,7,9,9,2,0,0,0.7777777777777778,0.6666666666666666,0.6666666666666666,0.6666666666666666,0.75,0,0.7777777777777778,0.6666666666666666,0.6666666666666666,0.6666666666666666,0.75,1,1.0,1.0,1.0,1.0,1.0,1,1.0,1.0,1.0,1.0,1.0
2806,small_component,0,,,,,1,0,0,0,0,0,0,4,0,0,-1,current,0,0,0.07644863504295547,0.07644863504295547,7,1,1,1,1,0,0,0,0.1111111111111111,0.6666666666666666,0.3333333333333333,0.5,0.6666666666666666,0,0.1111111111111111,0.6666666666666666,0.3333333333333333,0.5,0.6666666666666666,0,0.1111111111111111,0.6666666666666666,0.3333333333333333,0.5,0.6666666666666666,0,0.1111111111111111,0.6666666666666666,0.3333333333333333,0.5,0.6666666666666666
2807,max_rounds,0,,,,,1,1,5,4,4,12,12,4,-1,0,0,s1a3_greedy,1,0,0.31395208338896435,0.13571309372006604,7,1,1,0,0,-1,0,0,0.1111111111111111,0.3333333333333333,0.16666666666666666,0.25,0.5,0,0.1111111111111111,0.3333333333333333,0.16666666666666666,0.25,0.5,0,0.0,0.5,0.6666666666666666,0.5833333333333334,0.6666666666666666,0,0.0,0.5,0.6666666666666666,0.5833333333333334,0.6666666666666666
2808,max_rounds,0,,,,,1,1,5,4,4,13,13,4,0,0,1,profiled_beam,1,1,0.30052912545700866,0.09301458710494141,6,1,1,0,0,-1,0,0,0.1111111111111111,0.16666666666666666,0.3333333333333333,0.25,0.3333333333333333,0,0.1111111111111111,0.16666666666666666,0.3333333333333333,0.25,0.3333333333333333,0,0.0,0.5,0.3333333333333333,0.4166666666666667,0.5833333333333334,0,0.0,0.5,0.6666666666666666,0.5833333333333334,0.6666666666666666
2809,no_strict_e1_improvement,0,,,,,1,0,1,1,1,1,1,4,0,0,-1,current,0,0,0.09765409274647634,0.09765409274647634,10,7,7,7,7,0,0,0,0.7777777777777778,0.6666666666666666,0.6666666666666666,0.6666666666666666,0.8333333333333334,0,0.7777777777777778,0.6666666666666666,0.6666666666666666,0.6666666666666666,0.8333333333333334,0,0.7777777777777778,0.6666666666666666,0.6666666666666666,0.6666666666666666,0.8333333333333334,0,0.7777777777777778,0.6666666666666666,0.6666666666666666,0.6666666666666666,0.8333333333333334
2810,no_strict_e1_improvement,0,,,,,1,0,1,1,1,1,1,4,0,0,-1,current,0,0,0.0,0.0,12,9,9,9,9,0,0,1,1.0,1.0,1.0,1.0,1.0,1,1.0,1.0,1.0,1.0,1.0,1,1.0,1.0,1.0,1.0,1.0,1,1.0,1.0,1.0,1.0,1.0
2811,small_component,0,,,,,1,0,0,0,0,0,0,4,0,0,-1,current,0,0,0.21335083805024624,0.21335083805024624,7,0,0,0,0,0,0,0,0.0,0.8333333333333334,0.5,0.6666666666666666,0.6666666666666666,0,0.0,0.8333333333333334,0.5,0.6666666666666666,0.6666666666666666,0,0.0,0.8333333333333334,0.5,0.6666666666666666,0.6666666666666666,0,0.0,0.8333333333333334,0.5,0.6666666666666666,0.6666666666666666
2812,max_rounds,0,,,,,1,1,3,2,2,7,7,4,0,0,0,s1a3_greedy,1,0,0.14322458549092212,0.034592046906861164,7,7,7,9,9,2,0,0,0.7777777777777778,0.6666666666666666,0.6666666666666666,0.6666666666666666,0.75,0,0.7777777777777778,0.6666666666666666,0.6666666666666666,0.6666666666666666,0.75,1,1.0,1.0,1.0,1.0,1.0,1,1.0,1.0,1.0,1.0,1.0
2813,no_strict_e1_improvement,0,,,,,1,0,1,1,1,1,1,4,0,0,-1,current,0,0,0.014003024475338558,0.014003024475338558,10,9,9,9,9,0,0,1,1.0,1.0,1.0,1.0,1.0,1,1.0,1.0,1.0,1.0,1.0,1,1.0,1.0,1.0,1.0,1.0,1,1.0,1.0,1.0,1.0,1.0
2814,partial_completed__max_rounds,1,,3,2,4,1,1,3,2,2,6,6,4,0,0,0,s1a3_greedy,1,0,0.1262250201155742,0.07863821958502133,7,1,1,0,0,-1,0,0,0.1111111111111111,0.0,0.5,0.25,0.3333333333333333,0,0.1111111111111111,0.3333333333333333,0.6666666666666666,0.5,0.6666666666666666,0,0.0,0.5,1.0,0.75,0.75,0,0.0,0.5,1.0,0.75,0.75
2815,no_strict_e1_improvement,0,,,,,1,0,1,1,1,1,1,4,0,0,-1,current,0,0,0.024272121236814808,0.024272121236814808,10,0,0,0,0,0,0,0,0.0,0.5,1.0,0.75,0.75,0,0.0,0.5,1.0,0.75,0.75,0,0.0,0.5,1.0,0.75,0.75,0,0.0,0.5,1.0,0.75,0.75
2816,no_strict_e1_improvement,0,,,,,1,0,1,1,1,1,1,4,0,0,-1,current,0,0,0.016250818967819214,0.016250818967819214,11,0,0,0,0,0,0,0,0.0,0.5,1.0,0.75,0.75,0,0.0,0.5,1.0,0.75,0.75,0,0.0,0.5,1.0,0.75,0.75,0,0.0,0.5,1.0,0.75,0.75
2817,max_rounds,0,,,,,1,1,3,2,2,7,7,4,-1,0,0,s1a3_greedy,1,0,0.05252060480415821,0.029679344772982102,11,0,0,0,0,0,0,0,0.0,0.5,0.5,0.5,0.5,0,0.0,0.5,0.5,0.5,0.5,0,0.0,0.5,0.5,0.5,0.5,0,0.0,0.5,0.5,0.5,0.5
2818,no_strict_e1_improvement,0,,,,,1,0,1,1,1,1,1,4,0,0,-1,current,0,0,0.010541840456426144,0.010541840456426144,10,0,0,0,0,0,0,0,0.0,0.5,1.0,0.75,0.75,0,0.0,0.5,1.0,0.75,0.75,0,0.0,0.5,1.0,0.75,0.75,0,0.0,0.5,1.0,0.75,0.75
2819,no_strict_e1_improvement,0,,,,,1,0,1,1,1,1,1,4,0,0,-1,current,0,0,0.0470259798069795,0.0470259798069795,10,0,0,0,0,0,0,0,0.0,0.5,1.0,0.75,0.75,0,0.0,0.5,1.0,0.75,0.75,0,0.0,0.5,1.0,0.75,0.75,0,0.0,0.5,1.0,0.75,0.75
2820,no_strict_e1_improvement,0,,,,,1,0,1,1,1,1,1,4,0,0,-1,current,0,0,0.01172309679289659,0.01172309679289659,10,0,0,0,0,0,0,0,0.0,0.5,1.0,0.75,0.75,0,0.0,0.5,1.0,0.75,0.75,0,0.0,0.5,1.0,0.75,0.75,0,0.0,0.5,1.0,0.75,0.75
2821,small_component,0,,,,,1,0,0,0,0,0,0,4,0,0,-1,current,0,0,0.23275016279270253,0.23275016279270253,8,0,0,0,0,0,0,0,0.0,0.16666666666666666,0.6666666666666666,0.4166666666666667,0.5833333333333334,0,0.0,0.16666666666666666,0.6666666666666666,0.4166666666666667,0.5833333333333334,0,0.0,0.16666666666666666,0.6666666666666666,0.4166666666666667,0.5833333333333334,0,0.0,0.16666666666666666,0.6666666666666666,0.4166666666666667,0.5833333333333334
2822,small_component,0,,,,,1,0,0,0,0,0,0,4,0,0,-1,current,0,0,0.20011365599930286,0.20011365599930286,6,0,0,0,0,0,0,0,0.0,0.6666666666666666,0.16666666666666666,0.4166666666666667,0.5833333333333334,0,0.0,0.6666666666666666,0.16666666666666666,0.4166666666666667,0.5833333333333334,0,0.0,0.6666666666666666,0.16666666666666666,0.4166666666666667,0.5833333333333334,0,0.0,0.6666666666666666,0.16666666666666666,0.4166666666666667,0.5833333333333334
2823,no_strict_e1_improvement,0,,,,,1,0,1,1,1,1,1,4,0,0,-1,current,0,0,0.022494814669092495,0.022494814669092495,10,9,9,9,9,0,0,1,1.0,1.0,1.0,1.0,1.0,1,1.0,1.0,1.0,1.0,1.0,1,1.0,1.0,1.0,1.0,1.0,1,1.0,1.0,1.0,1.0,1.0
2824,no_strict_e1_improvement,0,,,,,1,0,1,1,1,1,1,4,0,0,-1,current,0,0,0.04070836235769093,0.04070836235769093,11,0,0,0,0,0,0,0,0.0,1.0,0.5,0.75,0.75,0,0.0,1.0,0.5,0.75,0.75,0,0.0,1.0,0.5,0.75,0.75,0,0.0,1.0,0.5,0.75,0.75
2825,max_rounds,0,,,,,1,1,4,4,4,13,13,4,-1,1,0,s1a3_greedy,1,0,0.17914088365311423,0.06199268329267701,4,0,0,7,7,7,0,0,0.0,0.16666666666666666,0.5,0.3333333333333333,0.5,0,0.0,0.16666666666666666,0.5,0.3333333333333333,0.5,0,0.7777777777777778,0.6666666666666666,0.6666666666666666,0.6666666666666666,0.75,0,0.7777777777777778,0.6666666666666666,0.6666666666666666,0.6666666666666666,0.75
2826,no_strict_e1_improvement,0,,,,,1,0,1,1,1,1,1,4,0,0,-1,current,0,0,0.023679199628531933,0.023679199628531933,11,0,0,0,0,0,0,0,0.0,0.5,1.0,0.75,0.75,0,0.0,0.5,1.0,0.75,0.75,0,0.0,0.5,1.0,0.75,0.75,0,0.0,0.5,1.0,0.75,0.75
2827,max_rounds,0,,,,,1,1,3,2,2,5,5,4,-1,0,0,s1a3_greedy,1,0,0.07445630927880605,0.0,12,0,0,9,9,9,0,0,0.0,0.8333333333333334,0.5,0.6666666666666666,0.6666666666666666,0,0.0,0.8333333333333334,0.5,0.6666666666666666,0.6666666666666666,1,1.0,1.0,1.0,1.0,1.0,1,1.0,1.0,1.0,1.0,1.0
2828,no_strict_e1_improvement,0,,,,,1,0,1,1,1,1,1,4,0,0,-1,current,0,0,0.042009446769952774,0.042009446769952774,10,7,7,7,7,0,0,0,0.7777777777777778,0.6666666666666666,0.6666666666666666,0.6666666666666666,0.8333333333333334,0,0.7777777777777778,0.6666666666666666,0.6666666666666666,0.6666666666666666,0.8333333333333334,0,0.7777777777777778,0.6666666666666666,0.6666666666666666,0.6666666666666666,0.8333333333333334,0,0.7777777777777778,0.6666666666666666,0.6666666666666666,0.6666666666666666,0.8333333333333334
2829,no_strict_e1_improvement,0,,,,,1,0,1,1,1,1,1,4,0,0,-1,current,0,0,0.0588054700444142,0.0588054700444142,6,0,0,0,0,0,0,0,0.0,0.5,1.0,0.75,0.75,0,0.0,0.5,1.0,0.75,0.75,0,0.0,0.5,1.0,0.75,0.75,0,0.0,0.5,1.0,0.75,0.75
2830,no_strict_e1_improvement,0,,,,,1,0,1,1,1,1,1,4,0,0,-1,current,0,0,0.13015119591727853,0.13015119591727853,5,0,0,0,0,0,0,0,0.0,0.5,0.5,0.5,0.5,0,0.0,0.5,0.5,0.5,0.5,0,0.0,0.5,0.5,0.5,0.5,0,0.0,0.5,0.5,0.5,0.5
2831,no_strict_e1_improvement,0,,,,,1,0,1,1,1,1,1,4,0,0,-1,current,0,0,0.07525255026606222,0.07525255026606222,10,7,7,7,7,0,0,0,0.7777777777777778,0.6666666666666666,0.6666666666666666,0.6666666666666666,0.75,0,0.7777777777777778,0.6666666666666666,0.6666666666666666,0.6666666666666666,0.75,0,0.7777777777777778,0.6666666666666666,0.6666666666666666,0.6666666666666666,0.75,0,0.7777777777777778,0.6666666666666666,0.6666666666666666,0.6666666666666666,0.75
2832,max_rounds,0,,,,,1,1,3,2,2,6,6,4,0,0,1,profiled_beam,1,1,0.08891540641585986,0.05422090863188108,9,7,7,7,9,2,2,0,0.7777777777777778,0.6666666666666666,0.6666666666666666,0.6666666666666666,0.75,0,0.7777777777777778,0.6666666666666666,0.6666666666666666,0.6666666666666666,0.75,0,0.7777777777777778,0.6666666666666666,0.6666666666666666,0.6666666666666666,0.75,1,1.0,1.0,1.0,1.0,1.0
2833,no_strict_e1_improvement,0,,,,,1,0,1,1,1,1,1,4,0,0,-1,current,0,0,0.1080133783010145,0.1080133783010145,8,1,1,1,1,0,0,0,0.1111111111111111,0.3333333333333333,0.3333333333333333,0.3333333333333333,0.4166666666666667,0,0.1111111111111111,0.3333333333333333,0.3333333333333333,0.3333333333333333,0.4166666666666667,0,0.1111111111111111,0.3333333333333333,0.3333333333333333,0.3333333333333333,0.4166666666666667,0,0.1111111111111111,0.3333333333333333,0.3333333333333333,0.3333333333333333,0.4166666666666667
2834,max_rounds,0,,,,,1,1,3,2,2,6,6,4,0,0,0,s1a3_greedy,1,0,0.09523472158859174,0.054961270187050104,5,7,7,9,9,2,0,0,0.7777777777777778,0.6666666666666666,0.6666666666666666,0.6666666666666666,0.75,0,0.7777777777777778,0.6666666666666666,0.6666666666666666,0.6666666666666666,0.75,1,1.0,1.0,1.0,1.0,1.0,1,1.0,1.0,1.0,1.0,1.0
2835,no_strict_e1_improvement,0,,,,,1,0,1,1,1,1,1,4,0,0,-1,current,0,0,0.07496063054228823,0.07496063054228823,8,0,0,0,0,0,0,0,0.0,1.0,0.5,0.75,0.75,0,0.0,1.0,0.5,0.75,0.75,0,0.0,1.0,0.5,0.75,0.75,0,0.0,1.0,0.5,0.75,0.75
2836,max_rounds,0,,,,,1,1,2,2,2,6,6,4,0,-1,1,profiled_beam,1,1,0.10137508685390155,0.08814679582913716,8,3,3,3,3,0,0,0,0.3333333333333333,0.0,1.0,0.5,0.75,0,0.3333333333333333,0.0,1.0,0.5,0.75,0,0.3333333333333333,0.0,1.0,0.5,0.75,0,0.3333333333333333,0.0,1.0,0.5,0.75
2837,no_strict_e1_improvement,0,,,,,1,0,1,1,1,1,1,4,0,0,-1,current,0,0,0.14331908989697695,0.14331908989697695,7,0,0,0,0,0,0,0,0.0,0.5,0.5,0.5,0.5,0,0.0,0.5,0.5,0.5,0.5,0,0.0,0.5,0.5,0.5,0.5,0,0.0,0.5,0.5,0.5,0.5
2838,no_strict_e1_improvement,0,,,,,1,0,1,1,1,1,1,4,0,0,-1,current,0,0,0.031292555232842766,0.031292555232842766,11,7,7,7,7,0,0,0,0.7777777777777778,0.6666666666666666,0.6666666666666666,0.6666666666666666,0.75,0,0.7777777777777778,0.6666666666666666,0.6666666666666666,0.6666666666666666,0.75,0,0.7777777777777778,0.6666666666666666,0.6666666666666666,0.6666666666666666,0.75,0,0.7777777777777778,0.6666666666666666,0.6666666666666666,0.6666666666666666,0.75
2839,no_strict_e1_improvement,0,,,,,1,0,1,1,1,1,1,4,0,0,-1,current,0,0,0.11584845172910718,0.11584845172910718,7,0,0,0,0,0,0,0,0.0,0.5,1.0,0.75,0.75,0,0.0,0.5,1.0,0.75,0.75,0,0.0,0.5,1.0,0.75,0.75,0,0.0,0.5,1.0,0.75,0.75
2840,max_rounds,0,,,,,1,1,5,4,4,12,12,4,0,1,0,s1a3_greedy,1,0,0.18555519233147302,0.08309736677135031,8,0,0,9,9,9,0,0,0.0,0.5,0.8333333333333334,0.6666666666666666,0.6666666666666666,0,0.0,0.5,0.8333333333333334,0.6666666666666666,0.6666666666666666,1,1.0,1.0,1.0,1.0,1.0,1,1.0,1.0,1.0,1.0,1.0
2841,partial_completed__no_strict_e1_improvement,1,,3,2,3,1,0,2,2,2,5,5,4,0,0,-1,current,1,0,0.05415802293767532,0.05415802293767532,9,6,9,9,9,3,0,0,0.6666666666666666,0.6666666666666666,0.5,0.5833333333333334,0.5833333333333334,1,1.0,1.0,1.0,1.0,1.0,1,1.0,1.0,1.0,1.0,1.0,1,1.0,1.0,1.0,1.0,1.0
2842,no_strict_e1_improvement,0,,,,,1,0,1,1,1,1,1,4,0,0,-1,current,0,0,0.03398095536977053,0.03398095536977053,11,9,9,9,9,0,0,1,1.0,1.0,1.0,1.0,1.0,1,1.0,1.0,1.0,1.0,1.0,1,1.0,1.0,1.0,1.0,1.0,1,1.0,1.0,1.0,1.0,1.0
2843,max_rounds,0,,,,,1,1,5,4,4,15,15,4,-1,0,1,profiled_beam,1,1,0.31326467792193097,0.14187555884321532,7,4,4,0,0,-4,0,0,0.4444444444444444,0.16666666666666666,0.6666666666666666,0.4166666666666667,0.5,0,0.4444444444444444,0.16666666666666666,0.6666666666666666,0.4166666666666667,0.5,0,0.0,0.16666666666666666,0.16666666666666666,0.16666666666666666,0.6666666666666666,0,0.0,0.16666666666666666,0.16666666666666666,0.16666666666666666,0.5833333333333334
2844,no_strict_e1_improvement,0,,,,,1,0,1,1,1,1,1,4,0,0,-1,current,0,0,0.0931355223680536,0.0931355223680536,10,0,0,0,0,0,0,0,0.0,0.5,0.8333333333333334,0.6666666666666666,0.6666666666666666,0,0.0,0.5,0.8333333333333334,0.6666666666666666,0.6666666666666666,0,0.0,0.5,0.8333333333333334,0.6666666666666666,0.6666666666666666,0,0.0,0.5,0.8333333333333334,0.6666666666666666,0.6666666666666666
2845,max_rounds,0,,,,,1,1,3,2,2,6,6,4,0,0,0,s1a3_greedy,1,0,0.08990404626820236,0.042453574288326,6,7,7,9,9,2,0,0,0.7777777777777778,0.6666666666666666,0.6666666666666666,0.6666666666666666,0.8333333333333334,0,0.7777777777777778,0.6666666666666666,0.6666666666666666,0.6666666666666666,0.8333333333333334,1,1.0,1.0,1.0,1.0,1.0,1,1.0,1.0,1.0,1.0,1.0
2846,no_strict_e1_improvement,0,,,,,1,0,1,1,1,1,1,4,0,0,-1,current,0,0,0.034872976752618946,0.034872976752618946,9,0,0,0,0,0,0,0,0.0,0.8333333333333334,0.5,0.6666666666666666,0.6666666666666666,0,0.0,0.8333333333333334,0.5,0.6666666666666666,0.6666666666666666,0,0.0,0.8333333333333334,0.5,0.6666666666666666,0.6666666666666666,0,0.0,0.8333333333333334,0.5,0.6666666666666666,0.6666666666666666
2847,no_strict_e1_improvement,0,,,,,1,0,1,1,1,1,1,4,0,0,-1,current,0,0,0.019150712915385764,0.019150712915385764,9,1,1,1,1,0,0,0,0.1111111111111111,0.3333333333333333,0.6666666666666666,0.5,0.5833333333333334,0,0.1111111111111111,0.3333333333333333,0.6666666666666666,0.5,0.5833333333333334,0,0.1111111111111111,0.3333333333333333,0.6666666666666666,0.5,0.5833333333333334,0,0.1111111111111111,0.3333333333333333,0.6666666666666666,0.5,0.5833333333333334
2848,no_strict_e1_improvement,0,,,,,1,0,1,1,1,1,1,4,0,0,-1,current,0,0,0.008358783088624477,0.008358783088624477,9,9,9,9,9,0,0,1,1.0,1.0,1.0,1.0,1.0,1,1.0,1.0,1.0,1.0,1.0,1,1.0,1.0,1.0,1.0,1.0,1,1.0,1.0,1.0,1.0,1.0
2849,no_strict_e1_improvement,0,,,,,1,0,1,1,1,1,1,4,0,0,-1,current,0,0,0.13977293794353804,0.13977293794353804,6,0,0,0,0,0,0,0,0.0,0.16666666666666666,0.16666666666666666,0.16666666666666666,0.4166666666666667,0,0.0,0.16666666666666666,0.16666666666666666,0.16666666666666666,0.4166666666666667,0,0.0,0.16666666666666666,0.16666666666666666,0.16666666666666666,0.4166666666666667,0,0.0,0.16666666666666666,0.16666666666666666,0.16666666666666666,0.4166666666666667
2850,no_strict_e1_improvement,0,,,,,1,0,1,1,1,1,1,4,0,0,-1,current,0,0,0.042937821398178734,0.042937821398178734,9,0,0,0,0,0,0,0,0.0,0.5,1.0,0.75,0.75,0,0.0,0.5,1.0,0.75,0.75,0,0.0,0.5,1.0,0.75,0.75,0,0.0,0.5,1.0,0.75,0.75
2851,no_strict_e1_improvement,0,,,,,1,0,1,1,1,1,1,4,0,0,-1,current,0,0,0.05160246789455414,0.05160246789455414,10,0,0,0,0,0,0,0,0.0,1.0,0.5,0.75,0.75,0,0.0,1.0,0.5,0.75,0.75,0,0.0,1.0,0.5,0.75,0.75,0,0.0,1.0,0.5,0.75,0.75
2852,no_strict_e1_improvement,0,,,,,1,0,1,1,1,1,1,4,0,0,-1,current,0,0,0.018160468045001227,0.018160468045001227,8,0,0,0,0,0,0,0,0.0,0.5,1.0,0.75,0.75,0,0.0,0.5,1.0,0.75,0.75,0,0.0,0.5,1.0,0.75,0.75,0,0.0,0.5,1.0,0.75,0.75
2853,max_rounds,0,,,,,1,1,2,2,2,6,6,4,0,-1,0,s1a3_greedy,1,0,0.07273393132102986,0.04252789937891066,11,0,0,9,9,9,0,0,0.0,0.5,0.6666666666666666,0.5833333333333334,0.6666666666666666,0,0.0,0.5,0.6666666666666666,0.5833333333333334,0.6666666666666666,1,1.0,1.0,1.0,1.0,1.0,1,1.0,1.0,1.0,1.0,1.0
2854,small_component,0,,,,,1,0,0,0,0,0,0,4,0,0,-1,current,0,0,0.30128480152537424,0.30128480152537424,5,3,3,3,3,0,0,0,0.3333333333333333,0.16666666666666666,0.5,0.3333333333333333,0.5,0,0.3333333333333333,0.16666666666666666,0.5,0.3333333333333333,0.5,0,0.3333333333333333,0.16666666666666666,0.5,0.3333333333333333,0.5,0,0.3333333333333333,0.16666666666666666,0.5,0.3333333333333333,0.5
2855,partial_completed__no_strict_e1_improvement,1,,3,2,4,1,0,1,1,1,1,1,4,0,0,-1,current,1,0,0.11245307171096404,0.11245307171096404,7,6,9,9,9,3,0,0,0.6666666666666666,0.6666666666666666,0.5,0.5833333333333334,0.5833333333333334,1,1.0,1.0,1.0,1.0,1.0,1,1.0,1.0,1.0,1.0,1.0,1,1.0,1.0,1.0,1.0,1.0
2856,no_strict_e1_improvement,0,,,,,1,0,1,1,1,1,1,4,0,0,-1,current,0,0,0.03651221593221029,0.03651221593221029,11,0,0,0,0,0,0,0,0.0,0.5,1.0,0.75,0.75,0,0.0,0.5,1.0,0.75,0.75,0,0.0,0.5,1.0,0.75,0.75,0,0.0,0.5,1.0,0.75,0.75
2857,max_rounds,0,,,,,1,1,5,4,4,13,13,4,-1,-1,0,s1a3_greedy,1,0,0.18356957395250598,0.0665278509259224,8,1,1,0,0,-1,0,0,0.1111111111111111,0.16666666666666666,0.16666666666666666,0.16666666666666666,0.4166666666666667,0,0.1111111111111111,0.16666666666666666,0.16666666666666666,0.16666666666666666,0.4166666666666667,0,0.0,0.6666666666666666,0.16666666666666666,0.4166666666666667,0.5,0,0.0,0.6666666666666666,0.16666666666666666,0.4166666666666667,0.5
2858,max_rounds,0,,,,,1,1,5,4,4,14,14,4,-1,0,1,profiled_beam,1,1,0.24253917206078768,0.05858698456237713,8,5,5,0,0,-5,0,0,0.5555555555555556,0.5,0.3333333333333333,0.4166666666666667,0.5,0,0.5555555555555556,0.5,0.3333333333333333,0.4166666666666667,0.5,0,0.0,0.6666666666666666,0.5,0.5833333333333334,0.6666666666666666,0,0.0,1.0,0.5,0.75,0.75
2859,no_strict_e1_improvement,0,,,,,1,0,1,1,1,1,1,4,0,0,-1,current,0,0,0.11563736153766513,0.11563736153766513,7,0,0,0,0,0,0,0,0.0,0.6666666666666666,0.0,0.3333333333333333,0.3333333333333333,0,0.0,0.6666666666666666,0.0,0.3333333333333333,0.3333333333333333,0,0.0,0.6666666666666666,0.0,0.3333333333333333,0.3333333333333333,0,0.0,0.6666666666666666,0.0,0.3333333333333333,0.3333333333333333
2860,no_strict_e1_improvement,0,,,,,1,0,1,1,1,1,1,4,0,0,-1,current,0,0,0.10134814555446307,0.10134814555446307,8,0,0,0,0,0,0,0,0.0,1.0,0.5,0.75,0.75,0,0.0,1.0,0.5,0.75,0.75,0,0.0,1.0,0.5,0.75,0.75,0,0.0,1.0,0.5,0.75,0.75
2861,max_rounds,0,,,,,1,1,2,2,2,6,6,4,0,1,1,profiled_beam,1,1,0.07314540601025026,0.03808885719627142,8,0,0,0,0,0,0,0,0.0,0.5,1.0,0.75,0.75,0,0.0,0.5,1.0,0.75,0.75,0,0.0,0.5,1.0,0.75,0.75,0,0.0,0.5,1.0,0.75,0.75
2862,no_strict_e1_improvement,0,,,,,1,0,1,1,1,1,1,4,0,0,-1,current,0,0,0.0030051032420791066,0.0030051032420791066,11,0,0,0,0,0,0,0,0.0,0.5,1.0,0.75,0.75,0,0.0,0.5,1.0,0.75,0.75,0,0.0,0.5,1.0,0.75,0.75,0,0.0,0.5,1.0,0.75,0.75
2863,no_strict_e1_improvement,0,,,,,1,0,1,1,1,1,1,4,0,0,-1,current,0,0,0.021358582889661193,0.021358582889661193,10,0,0,0,0,0,0,0,0.0,1.0,0.5,0.75,0.75,0,0.0,1.0,0.5,0.75,0.75,0,0.0,1.0,0.5,0.75,0.75,0,0.0,1.0,0.5,0.75,0.75
2864,no_strict_e1_improvement,0,,,,,1,0,1,1,1,1,1,4,0,0,-1,current,0,0,0.0,0.0,12,9,9,9,9,0,0,1,1.0,1.0,1.0,1.0,1.0,1,1.0,1.0,1.0,1.0,1.0,1,1.0,1.0,1.0,1.0,1.0,1,1.0,1.0,1.0,1.0,1.0
2865,max_rounds,0,,,,,1,1,5,4,4,12,12,4,-1,0,1,profiled_beam,1,1,0.27157960676898557,0.04181444540154189,6,0,0,6,9,9,3,0,0.0,0.5,0.3333333333333333,0.4166666666666667,0.5833333333333334,0,0.0,0.5,0.3333333333333333,0.4166666666666667,0.5833333333333334,0,0.6666666666666666,0.8333333333333334,0.5,0.6666666666666666,0.6666666666666666,1,1.0,1.0,1.0,1.0,1.0
2866,no_strict_e1_improvement,0,,,,,1,0,1,1,1,1,1,4,0,0,-1,current,0,0,0.09748057089745998,0.09748057089745998,7,0,0,0,0,0,0,0,0.0,0.16666666666666666,0.6666666666666666,0.4166666666666667,0.5,0,0.0,0.16666666666666666,0.6666666666666666,0.4166666666666667,0.5,0,0.0,0.16666666666666666,0.6666666666666666,0.4166666666666667,0.5,0,0.0,0.16666666666666666,0.6666666666666666,0.4166666666666667,0.5
2867,no_strict_e1_improvement,0,,,,,1,0,1,1,1,1,1,4,0,0,-1,current,0,0,0.010007255400220553,0.010007255400220553,11,9,9,9,9,0,0,1,1.0,1.0,1.0,1.0,1.0,1,1.0,1.0,1.0,1.0,1.0,1,1.0,1.0,1.0,1.0,1.0,1,1.0,1.0,1.0,1.0,1.0
2868,no_strict_e1_improvement,0,,,,,1,0,1,1,1,1,1,4,0,0,-1,current,0,0,0.06902150871853034,0.06902150871853034,8,0,0,0,0,0,0,0,0.0,0.5,0.5,0.5,0.5,0,0.0,0.5,0.5,0.5,0.5,0,0.0,0.5,0.5,0.5,0.5,0,0.0,0.5,0.5,0.5,0.5
2869,max_rounds,0,,,,,1,1,5,4,4,14,14,4,1,-1,0,s1a3_greedy,1,0,0.30578967556357384,0.12866425265868506,7,2,2,9,9,7,0,0,0.2222222222222222,0.3333333333333333,0.5,0.4166666666666667,0.5833333333333334,0,0.2222222222222222,0.3333333333333333,0.5,0.4166666666666667,0.5833333333333334,1,1.0,1.0,1.0,1.0,1.0,1,1.0,1.0,1.0,1.0,1.0
2870,no_strict_e1_improvement,0,,,,,1,0,1,1,1,2,2,4,0,0,-1,current,0,0,0.1703045880421996,0.1703045880421996,7,0,0,0,0,0,0,0,0.0,0.5,0.8333333333333334,0.6666666666666666,0.6666666666666666,0,0.0,0.5,0.8333333333333334,0.6666666666666666,0.6666666666666666,0,0.0,0.5,0.8333333333333334,0.6666666666666666,0.6666666666666666,0,0.0,0.5,0.8333333333333334,0.6666666666666666,0.6666666666666666
2871,partial_completed__max_rounds,1,,3,2,4,1,1,5,4,4,12,12,4,1,0,0,s1a3_greedy,1,0,0.300757153891027,0.06822646719714005,8,0,4,3,3,3,0,0,0.0,0.5,0.16666666666666666,0.3333333333333333,0.3333333333333333,0,0.4444444444444444,0.6666666666666666,0.16666666666666666,0.4166666666666667,0.5833333333333334,0,0.3333333333333333,1.0,0.0,0.5,0.75,0,0.3333333333333333,1.0,0.0,0.5,0.75
2872,max_rounds,0,,,,,1,1,3,2,2,8,8,4,0,1,0,s1a3_greedy,1,0,0.1462207706645131,0.08783600634584825,6,0,0,0,0,0,0,0,0.0,0.16666666666666666,0.3333333333333333,0.25,0.3333333333333333,0,0.0,0.16666666666666666,0.3333333333333333,0.25,0.3333333333333333,0,0.0,0.16666666666666666,0.3333333333333333,0.25,0.3333333333333333,0,0.0,0.16666666666666666,0.3333333333333333,0.25,0.3333333333333333
2873,no_strict_e1_improvement,0,,,,,1,0,1,1,1,1,1,4,0,0,-1,current,0,0,0.015726403954128425,0.015726403954128425,10,9,9,9,9,0,0,1,1.0,1.0,1.0,1.0,1.0,1,1.0,1.0,1.0,1.0,1.0,1,1.0,1.0,1.0,1.0,1.0,1,1.0,1.0,1.0,1.0,1.0
2874,no_strict_e1_improvement,0,,,,,1,0,1,1,1,1,1,4,0,0,-1,current,0,0,0.14788735782106718,0.14788735782106718,7,7,7,7,7,0,0,0,0.7777777777777778,0.6666666666666666,0.6666666666666666,0.6666666666666666,0.75,0,0.7777777777777778,0.6666666666666666,0.6666666666666666,0.6666666666666666,0.75,0,0.7777777777777778,0.6666666666666666,0.6666666666666666,0.6666666666666666,0.75,0,0.7777777777777778,0.6666666666666666,0.6666666666666666,0.6666666666666666,0.75
2875,no_strict_e1_improvement,0,,,,,1,0,1,1,1,1,1,4,0,0,-1,current,0,0,0.025474611359337967,0.025474611359337967,8,2,2,2,2,0,0,0,0.2222222222222222,0.16666666666666666,0.6666666666666666,0.4166666666666667,0.5833333333333334,0,0.2222222222222222,0.16666666666666666,0.6666666666666666,0.4166666666666667,0.5833333333333334,0,0.2222222222222222,0.16666666666666666,0.6666666666666666,0.4166666666666667,0.5833333333333334,0,0.2222222222222222,0.16666666666666666,0.6666666666666666,0.4166666666666667,0.5833333333333334
2876,no_strict_e1_improvement,0,,,,,1,0,1,1,1,1,1,4,0,0,-1,current,0,0,0.1405642299602429,0.1405642299602429,7,0,0,0,0,0,0,0,0.0,0.5,0.16666666666666666,0.3333333333333333,0.4166666666666667,0,0.0,0.5,0.16666666666666666,0.3333333333333333,0.4166666666666667,0,0.0,0.5,0.16666666666666666,0.3333333333333333,0.4166666666666667,0,0.0,0.5,0.16666666666666666,0.3333333333333333,0.4166666666666667
2877,no_strict_e1_improvement,0,,,,,1,0,2,2,2,6,6,4,0,0,-1,current,0,0,0.15429605543613434,0.15429605543613434,9,0,0,0,0,0,0,0,0.0,0.5,1.0,0.75,0.75,0,0.0,0.5,1.0,0.75,0.75,0,0.0,0.5,1.0,0.75,0.75,0,0.0,0.5,1.0,0.75,0.75
2878,no_strict_e1_improvement,0,,,,,1,0,1,1,1,1,1,4,0,0,-1,current,0,0,0.008524497970938683,0.008524497970938683,11,9,9,9,9,0,0,1,1.0,1.0,1.0,1.0,1.0,1,1.0,1.0,1.0,1.0,1.0,1,1.0,1.0,1.0,1.0,1.0,1,1.0,1.0,1.0,1.0,1.0
2879,no_strict_e1_improvement,0,,,,,1,0,1,1,1,1,1,4,0,0,-1,current,0,0,0.028245008395363886,0.028245008395363886,9,9,9,9,9,0,0,1,1.0,1.0,1.0,1.0,1.0,1,1.0,1.0,1.0,1.0,1.0,1,1.0,1.0,1.0,1.0,1.0,1,1.0,1.0,1.0,1.0,1.0
2880,partial_completed__max_rounds,1,,3,2,4,1,1,4,4,4,14,14,4,-1,0,1,profiled_beam,1,1,0.23997663302967945,0.11791280806452657,7,0,1,2,0,0,-2,0,0.0,0.16666666666666666,0.16666666666666666,0.16666666666666666,0.3333333333333333,0,0.1111111111111111,0.3333333333333333,0.16666666666666666,0.25,0.5,0,0.2222222222222222,0.3333333333333333,0.5,0.4166666666666667,0.5,0,0.0,0.3333333333333333,0.5,0.4166666666666667,0.5
2881,max_rounds,0,,,,,1,1,5,4,4,13,13,4,-1,1,1,profiled_beam,1,1,0.277646079659462,0.05108859700461229,9,0,0,0,0,0,0,0,0.0,0.3333333333333333,0.5,0.4166666666666667,0.5,0,0.0,0.3333333333333333,0.5,0.4166666666666667,0.5,0,0.0,0.8333333333333334,0.5,0.6666666666666666,0.6666666666666666,0,0.0,1.0,0.5,0.75,0.75
2882,partial_completed__max_rounds,1,,3,2,3,1,1,5,4,4,15,15,4,0,0,1,profiled_beam,1,1,0.21653343938911954,0.046811458033819996,9,0,0,0,0,0,0,0,0.0,0.3333333333333333,0.3333333333333333,0.3333333333333333,0.3333333333333333,0,0.0,0.3333333333333333,0.5,0.4166666666666667,0.5,0,0.0,0.5,0.6666666666666666,0.5833333333333334,0.6666666666666666,0,0.0,0.5,1.0,0.75,0.75
2883,max_rounds,0,,,,,1,1,5,4,4,15,15,4,0,0,1,profiled_beam,1,1,0.16004492063075304,0.12515606203426918,5,5,5,5,3,-2,-2,0,0.5555555555555556,0.6666666666666666,0.16666666666666666,0.4166666666666667,0.75,0,0.5555555555555556,0.6666666666666666,0.16666666666666666,0.4166666666666667,0.75,0,0.5555555555555556,0.6666666666666666,0.16666666666666666,0.4166666666666667,0.75,0,0.3333333333333333,0.5,0.0,0.25,0.4166666666666667
2884,no_strict_e1_improvement,0,,,,,1,0,1,1,1,1,1,4,0,0,-1,current,0,0,0.04035100340843201,0.04035100340843201,9,0,0,0,0,0,0,0,0.0,0.5,1.0,0.75,0.75,0,0.0,0.5,1.0,0.75,0.75,0,0.0,0.5,1.0,0.75,0.75,0,0.0,0.5,1.0,0.75,0.75
2885,no_strict_e1_improvement,0,,,,,1,0,1,1,1,1,1,4,0,0,-1,current,0,0,0.010089236001173655,0.010089236001173655,11,9,9,9,9,0,0,1,1.0,1.0,1.0,1.0,1.0,1,1.0,1.0,1.0,1.0,1.0,1,1.0,1.0,1.0,1.0,1.0,1,1.0,1.0,1.0,1.0,1.0
2886,no_strict_e1_improvement,0,,,,,1,0,1,1,1,1,1,4,0,0,-1,current,0,0,0.12089479885374506,0.12089479885374506,6,0,0,0,0,0,0,0,0.0,0.5,0.6666666666666666,0.5833333333333334,0.5833333333333334,0,0.0,0.5,0.6666666666666666,0.5833333333333334,0.5833333333333334,0,0.0,0.5,0.6666666666666666,0.5833333333333334,0.5833333333333334,0,0.0,0.5,0.6666666666666666,0.5833333333333334,0.5833333333333334
2887,no_strict_e1_improvement,0,,,,,1,0,1,1,1,1,1,4,0,0,-1,current,0,0,0.023815770788739126,0.023815770788739126,10,9,9,9,9,0,0,1,1.0,1.0,1.0,1.0,1.0,1,1.0,1.0,1.0,1.0,1.0,1,1.0,1.0,1.0,1.0,1.0,1,1.0,1.0,1.0,1.0,1.0
2888,no_strict_e1_improvement,0,,,,,1,0,1,1,1,1,1,4,0,0,-1,current,0,0,0.10688857610026996,0.10688857610026996,8,0,0,0,0,0,0,0,0.0,0.5,0.8333333333333334,0.6666666666666666,0.6666666666666666,0,0.0,0.5,0.8333333333333334,0.6666666666666666,0.6666666666666666,0,0.0,0.5,0.8333333333333334,0.6666666666666666,0.6666666666666666,0,0.0,0.5,0.8333333333333334,0.6666666666666666,0.6666666666666666
2889,small_component,0,,,,,1,0,0,0,0,0,0,4,0,0,-1,current,0,0,0.35174845725608367,0.35174845725608367,7,5,5,5,5,0,0,0,0.5555555555555556,0.0,0.6666666666666666,0.3333333333333333,0.4166666666666667,0,0.5555555555555556,0.0,0.6666666666666666,0.3333333333333333,0.4166666666666667,0,0.5555555555555556,0.0,0.6666666666666666,0.3333333333333333,0.4166666666666667,0,0.5555555555555556,0.0,0.6666666666666666,0.3333333333333333,0.4166666666666667
2890,small_component,0,,,,,1,0,0,0,0,0,0,4,0,0,-1,current,0,0,0.3710826613629858,0.3710826613629858,5,1,1,1,1,0,0,0,0.1111111111111111,0.16666666666666666,0.16666666666666666,0.16666666666666666,0.25,0,0.1111111111111111,0.16666666666666666,0.16666666666666666,0.16666666666666666,0.25,0,0.1111111111111111,0.16666666666666666,0.16666666666666666,0.16666666666666666,0.25,0,0.1111111111111111,0.16666666666666666,0.16666666666666666,0.16666666666666666,0.25
2891,no_strict_e1_improvement,0,,,,,1,0,1,1,1,1,1,4,0,0,-1,current,0,0,0.0611131233163178,0.0611131233163178,8,0,0,0,0,0,0,0,0.0,0.5,1.0,0.75,0.75,0,0.0,0.5,1.0,0.75,0.75,0,0.0,0.5,1.0,0.75,0.75,0,0.0,0.5,1.0,0.75,0.75
2892,no_strict_e1_improvement,0,,,,,1,0,1,1,1,1,1,4,0,0,-1,current,0,0,0.025930852784464758,0.025930852784464758,9,0,0,0,0,0,0,0,0.0,0.5,1.0,0.75,0.75,0,0.0,0.5,1.0,0.75,0.75,0,0.0,0.5,1.0,0.75,0.75,0,0.0,0.5,1.0,0.75,0.75
2893,max_rounds,0,,,,,1,1,2,2,2,6,6,4,0,-1,0,s1a3_greedy,1,0,0.06979284683863322,0.0,12,0,0,9,9,9,0,0,0.0,0.5,1.0,0.75,0.75,0,0.0,0.5,1.0,0.75,0.75,1,1.0,1.0,1.0,1.0,1.0,1,1.0,1.0,1.0,1.0,1.0
2894,no_strict_e1_improvement,0,,,,,1,0,1,1,1,2,2,4,0,0,-1,current,0,0,0.0857925054927667,0.0857925054927667,8,0,0,0,0,0,0,0,0.0,0.5,1.0,0.75,0.75,0,0.0,0.5,1.0,0.75,0.75,0,0.0,0.5,1.0,0.75,0.75,0,0.0,0.5,1.0,0.75,0.75
2895,no_strict_e1_improvement,0,,,,,1,0,4,4,4,16,16,4,0,0,-1,current,0,0,0.11123684048652649,0.11123684048652649,8,4,4,4,4,0,0,0,0.4444444444444444,0.16666666666666666,0.5,0.3333333333333333,0.5,0,0.4444444444444444,0.16666666666666666,0.5,0.3333333333333333,0.5,0,0.4444444444444444,0.16666666666666666,0.5,0.3333333333333333,0.5,0,0.4444444444444444,0.16666666666666666,0.5,0.3333333333333333,0.5
2896,no_strict_e1_improvement,0,,,,,1,0,1,1,1,1,1,4,0,0,-1,current,0,0,0.0023206875969966254,0.0023206875969966254,12,9,9,9,9,0,0,1,1.0,1.0,1.0,1.0,1.0,1,1.0,1.0,1.0,1.0,1.0,1,1.0,1.0,1.0,1.0,1.0,1,1.0,1.0,1.0,1.0,1.0
2897,no_strict_e1_improvement,0,,,,,1,0,1,1,1,1,1,4,0,0,-1,current,0,0,0.015433743440856537,0.015433743440856537,10,0,0,0,0,0,0,0,0.0,0.5,1.0,0.75,0.75,0,0.0,0.5,1.0,0.75,0.75,0,0.0,0.5,1.0,0.75,0.75,0,0.0,0.5,1.0,0.75,0.75
2898,max_rounds,0,,,,,1,1,2,2,2,5,5,4,-1,0,0,s1a3_greedy,1,0,0.031944055032605924,0.0045876541795829935,10,9,9,0,0,-9,0,1,1.0,1.0,1.0,1.0,1.0,1,1.0,1.0,1.0,1.0,1.0,0,0.0,1.0,0.5,0.75,0.75,0,0.0,1.0,0.5,0.75,0.75
2899,small_component,0,,,,,1,0,0,0,0,0,0,4,0,0,-1,current,0,0,0.20466730495293936,0.20466730495293936,7,0,0,0,0,0,0,0,0.0,0.16666666666666666,0.16666666666666666,0.16666666666666666,0.3333333333333333,0,0.0,0.16666666666666666,0.16666666666666666,0.16666666666666666,0.3333333333333333,0,0.0,0.16666666666666666,0.16666666666666666,0.16666666666666666,0.3333333333333333,0,0.0,0.16666666666666666,0.16666666666666666,0.16666666666666666,0.3333333333333333
2900,max_rounds,0,,,,,1,1,3,2,2,8,8,4,0,0,1,profiled_beam,1,1,0.08895530986289184,0.07863714794317882,7,1,1,1,1,0,0,0,0.1111111111111111,0.3333333333333333,0.6666666666666666,0.5,0.5833333333333334,0,0.1111111111111111,0.3333333333333333,0.6666666666666666,0.5,0.5833333333333334,0,0.1111111111111111,0.3333333333333333,0.6666666666666666,0.5,0.5833333333333334,0,0.1111111111111111,0.3333333333333333,0.6666666666666666,0.5,0.6666666666666666
2901,no_strict_e1_improvement,0,,,,,1,0,2,2,2,6,6,4,0,0,-1,current,0,0,0.07562177728201884,0.07562177728201884,8,0,0,0,0,0,0,0,0.0,1.0,0.5,0.75,0.75,0,0.0,1.0,0.5,0.75,0.75,0,0.0,1.0,0.5,0.75,0.75,0,0.0,1.0,0.5,0.75,0.75
2902,max_rounds,0,,,,,1,1,3,2,2,7,7,4,0,0,1,profiled_beam,1,1,0.09108814752350251,0.0846087393971781,6,7,7,7,9,2,2,0,0.7777777777777778,0.6666666666666666,0.6666666666666666,0.6666666666666666,0.75,0,0.7777777777777778,0.6666666666666666,0.6666666666666666,0.6666666666666666,0.75,0,0.7777777777777778,0.6666666666666666,0.6666666666666666,0.6666666666666666,0.75,1,1.0,1.0,1.0,1.0,1.0
2903,no_strict_e1_improvement,0,,,,,1,0,1,1,1,1,1,4,0,0,-1,current,0,0,0.09441681113094091,0.09441681113094091,8,1,1,1,1,0,0,0,0.1111111111111111,0.3333333333333333,0.6666666666666666,0.5,0.6666666666666666,0,0.1111111111111111,0.3333333333333333,0.6666666666666666,0.5,0.6666666666666666,0,0.1111111111111111,0.3333333333333333,0.6666666666666666,0.5,0.6666666666666666,0,0.1111111111111111,0.3333333333333333,0.6666666666666666,0.5,0.6666666666666666
2904,no_strict_e1_improvement,0,,,,,1,0,1,1,1,1,1,4,0,0,-1,current,0,0,0.009789788086588183,0.009789788086588183,11,9,9,9,9,0,0,1,1.0,1.0,1.0,1.0,1.0,1,1.0,1.0,1.0,1.0,1.0,1,1.0,1.0,1.0,1.0,1.0,1,1.0,1.0,1.0,1.0,1.0
2905,no_strict_e1_improvement,0,,,,,1,0,2,2,2,7,7,4,0,0,-1,current,0,0,0.057249551018079124,0.057249551018079124,9,1,1,1,1,0,0,0,0.1111111111111111,0.3333333333333333,0.6666666666666666,0.5,0.5833333333333334,0,0.1111111111111111,0.3333333333333333,0.6666666666666666,0.5,0.5833333333333334,0,0.1111111111111111,0.3333333333333333,0.6666666666666666,0.5,0.5833333333333334,0,0.1111111111111111,0.3333333333333333,0.6666666666666666,0.5,0.5833333333333334
2906,no_strict_e1_improvement,0,,,,,1,0,1,1,1,1,1,4,0,0,-1,current,0,0,0.07490369863808155,0.07490369863808155,9,0,0,0,0,0,0,0,0.0,0.5,1.0,0.75,0.75,0,0.0,0.5,1.0,0.75,0.75,0,0.0,0.5,1.0,0.75,0.75,0,0.0,0.5,1.0,0.75,0.75
2907,no_strict_e1_improvement,0,,,,,1,0,1,1,1,1,1,4,0,0,-1,current,0,0,0.0,0.0,12,0,0,0,0,0,0,0,0.0,0.5,1.0,0.75,0.75,0,0.0,0.5,1.0,0.75,0.75,0,0.0,0.5,1.0,0.75,0.75,0,0.0,0.5,1.0,0.75,0.75
2908,no_strict_e1_improvement,0,,,,,1,0,1,1,1,1,1,4,0,0,-1,current,0,0,0.0,0.0,12,9,9,9,9,0,0,1,1.0,1.0,1.0,1.0,1.0,1,1.0,1.0,1.0,1.0,1.0,1,1.0,1.0,1.0,1.0,1.0,1,1.0,1.0,1.0,1.0,1.0
2909,no_strict_e1_improvement,0,,,,,1,0,1,1,1,1,1,4,0,0,-1,current,0,0,0.07060848052302997,0.07060848052302997,9,0,0,0,0,0,0,0,0.0,0.5,0.8333333333333334,0.6666666666666666,0.6666666666666666,0,0.0,0.5,0.8333333333333334,0.6666666666666666,0.6666666666666666,0,0.0,0.5,0.8333333333333334,0.6666666666666666,0.6666666666666666,0,0.0,0.5,0.8333333333333334,0.6666666666666666,0.6666666666666666
2910,max_rounds,0,,,,,1,1,4,4,4,13,13,4,1,0,0,s1a3_greedy,1,0,0.06638034929831822,0.025033483902613323,10,0,0,9,9,9,0,0,0.0,1.0,0.5,0.75,0.75,0,0.0,1.0,0.5,0.75,0.75,1,1.0,1.0,1.0,1.0,1.0,1,1.0,1.0,1.0,1.0,1.0
2911,no_strict_e1_improvement,0,,,,,1,0,1,1,1,1,1,4,0,0,-1,current,0,0,0.005556592096885045,0.005556592096885045,12,9,9,9,9,0,0,1,1.0,1.0,1.0,1.0,1.0,1,1.0,1.0,1.0,1.0,1.0,1,1.0,1.0,1.0,1.0,1.0,1,1.0,1.0,1.0,1.0,1.0
2912,max_rounds,0,,,,,1,1,3,2,2,5,5,4,0,0,0,s1a3_greedy,1,0,0.19523453370978436,0.038979580625891685,7,1,1,0,0,-1,0,0,0.1111111111111111,0.3333333333333333,0.6666666666666666,0.5,0.5833333333333334,0,0.1111111111111111,0.3333333333333333,0.6666666666666666,0.5,0.5833333333333334,0,0.0,0.5,1.0,0.75,0.75,0,0.0,0.5,1.0,0.75,0.75
2913,no_strict_e1_improvement,0,,,,,1,0,2,2,2,6,6,4,0,0,-1,current,0,0,0.07585111757119496,0.07585111757119496,9,3,3,3,3,0,0,0,0.3333333333333333,0.0,1.0,0.5,0.75,0,0.3333333333333333,0.0,1.0,0.5,0.75,0,0.3333333333333333,0.0,1.0,0.5,0.75,0,0.3333333333333333,0.0,1.0,0.5,0.75
2914,no_strict_e1_improvement,0,,,,,1,0,1,1,1,1,1,4,0,0,-1,current,0,0,0.02000180259346962,0.02000180259346962,11,9,9,9,9,0,0,1,1.0,1.0,1.0,1.0,1.0,1,1.0,1.0,1.0,1.0,1.0,1,1.0,1.0,1.0,1.0,1.0,1,1.0,1.0,1.0,1.0,1.0
2915,max_rounds,0,,,,,1,1,3,2,2,5,5,4,0,-1,0,s1a3_greedy,1,0,0.1377385752275586,0.03645409418580433,9,0,0,0,0,0,0,0,0.0,0.5,0.5,0.5,0.5,0,0.0,0.5,0.5,0.5,0.5,0,0.0,1.0,0.5,0.75,0.75,0,0.0,1.0,0.5,0.75,0.75
2916,partial_completed__no_strict_e1_improvement,1,,3,2,3,1,0,2,2,2,7,7,4,0,0,-1,current,1,0,0.12293841441472371,0.12293841441472371,9,1,2,2,2,1,0,0,0.1111111111111111,0.16666666666666666,0.16666666666666666,0.16666666666666666,0.25,0,0.2222222222222222,0.16666666666666666,0.6666666666666666,0.4166666666666667,0.5833333333333334,0,0.2222222222222222,0.16666666666666666,0.6666666666666666,0.4166666666666667,0.5833333333333334,0,0.2222222222222222,0.16666666666666666,0.6666666666666666,0.4166666666666667,0.5833333333333334
2917,no_strict_e1_improvement,0,,,,,1,0,1,1,1,1,1,4,0,0,-1,current,0,0,0.060684767862161,0.060684767862161,10,0,0,0,0,0,0,0,0.0,0.6666666666666666,0.5,0.5833333333333334,0.75,0,0.0,0.6666666666666666,0.5,0.5833333333333334,0.75,0,0.0,0.6666666666666666,0.5,0.5833333333333334,0.75,0,0.0,0.6666666666666666,0.5,0.5833333333333334,0.75
2918,max_rounds,0,,,,,1,1,4,4,4,16,16,4,0,1,0,s1a3_greedy,1,0,0.2588162810231249,0.16456553460254023,7,1,1,7,7,6,0,0,0.1111111111111111,0.16666666666666666,0.3333333333333333,0.25,0.5,0,0.1111111111111111,0.16666666666666666,0.3333333333333333,0.25,0.5,0,0.7777777777777778,0.5,0.5,0.5,0.8333333333333334,0,0.7777777777777778,0.5,0.5,0.5,0.8333333333333334
2919,no_strict_e1_improvement,0,,,,,1,0,1,1,1,1,1,4,0,0,-1,current,0,0,0.0026876560101906457,0.0026876560101906457,12,9,9,9,9,0,0,1,1.0,1.0,1.0,1.0,1.0,1,1.0,1.0,1.0,1.0,1.0,1,1.0,1.0,1.0,1.0,1.0,1,1.0,1.0,1.0,1.0,1.0
2920,no_strict_e1_improvement,0,,,,,1,0,1,1,1,1,1,4,0,0,-1,current,0,0,0.0030412220706542334,0.0030412220706542334,11,9,9,9,9,0,0,1,1.0,1.0,1.0,1.0,1.0,1,1.0,1.0,1.0,1.0,1.0,1,1.0,1.0,1.0,1.0,1.0,1,1.0,1.0,1.0,1.0,1.0
2921,no_strict_e1_improvement,0,,,,,1,0,1,1,1,1,1,4,0,0,-1,current,0,0,0.012544418180671832,0.012544418180671832,10,1,1,1,1,0,0,0,0.1111111111111111,0.3333333333333333,0.6666666666666666,0.5,0.5833333333333334,0,0.1111111111111111,0.3333333333333333,0.6666666666666666,0.5,0.5833333333333334,0,0.1111111111111111,0.3333333333333333,0.6666666666666666,0.5,0.5833333333333334,0,0.1111111111111111,0.3333333333333333,0.6666666666666666,0.5,0.5833333333333334
2922,no_strict_e1_improvement,0,,,,,1,0,1,1,1,1,1,4,0,0,-1,current,0,0,0.0034713347752889,0.0034713347752889,12,0,0,0,0,0,0,0,0.0,1.0,0.5,0.75,0.75,0,0.0,1.0,0.5,0.75,0.75,0,0.0,1.0,0.5,0.75,0.75,0,0.0,1.0,0.5,0.75,0.75
2923,no_strict_e1_improvement,0,,,,,1,0,1,1,1,1,1,4,0,0,-1,current,0,0,0.05545160733163357,0.05545160733163357,9,1,1,1,1,0,0,0,0.1111111111111111,0.3333333333333333,0.6666666666666666,0.5,0.6666666666666666,0,0.1111111111111111,0.3333333333333333,0.6666666666666666,0.5,0.6666666666666666,0,0.1111111111111111,0.3333333333333333,0.6666666666666666,0.5,0.6666666666666666,0,0.1111111111111111,0.3333333333333333,0.6666666666666666,0.5,0.6666666666666666
2924,no_strict_e1_improvement,0,,,,,1,0,1,1,1,1,1,4,0,0,-1,current,0,0,0.12025940913008526,0.12025940913008526,8,0,0,0,0,0,0,0,0.0,0.5,0.5,0.5,0.5,0,0.0,0.5,0.5,0.5,0.5,0,0.0,0.5,0.5,0.5,0.5,0,0.0,0.5,0.5,0.5,0.5
2925,no_strict_e1_improvement,0,,,,,1,0,1,1,1,1,1,4,0,0,-1,current,0,0,0.11451406435420115,0.11451406435420115,7,6,6,6,6,0,0,0,0.6666666666666666,0.5,0.8333333333333334,0.6666666666666666,0.6666666666666666,0,0.6666666666666666,0.5,0.8333333333333334,0.6666666666666666,0.6666666666666666,0,0.6666666666666666,0.5,0.8333333333333334,0.6666666666666666,0.6666666666666666,0,0.6666666666666666,0.5,0.8333333333333334,0.6666666666666666,0.6666666666666666
2926,no_strict_e1_improvement,0,,,,,1,0,2,2,2,8,8,4,0,0,-1,current,0,0,0.0433616084822764,0.0433616084822764,9,9,9,9,9,0,0,1,1.0,1.0,1.0,1.0,1.0,1,1.0,1.0,1.0,1.0,1.0,1,1.0,1.0,1.0,1.0,1.0,1,1.0,1.0,1.0,1.0,1.0
2927,max_rounds,0,,,,,1,1,2,2,2,6,6,4,-1,0,0,s1a3_greedy,1,0,0.16401018326481184,0.06538681437571843,7,0,0,1,1,1,0,0,0.0,0.6666666666666666,0.5,0.5833333333333334,0.5833333333333334,0,0.0,0.6666666666666666,0.5,0.5833333333333334,0.5833333333333334,0,0.1111111111111111,0.3333333333333333,0.6666666666666666,0.5,0.5833333333333334,0,0.1111111111111111,0.3333333333333333,0.6666666666666666,0.5,0.5833333333333334
2928,no_strict_e1_improvement,0,,,,,1,0,1,1,1,1,1,4,0,0,-1,current,0,0,0.018993082145849865,0.018993082145849865,11,9,9,9,9,0,0,1,1.0,1.0,1.0,1.0,1.0,1,1.0,1.0,1.0,1.0,1.0,1,1.0,1.0,1.0,1.0,1.0,1,1.0,1.0,1.0,1.0,1.0
2929,small_component,0,,,,,1,0,0,0,0,0,0,4,0,0,-1,current,0,0,0.3378004636615515,0.3378004636615515,6,4,4,4,4,0,0,0,0.4444444444444444,0.3333333333333333,0.16666666666666666,0.25,0.5833333333333334,0,0.4444444444444444,0.3333333333333333,0.16666666666666666,0.25,0.5833333333333334,0,0.4444444444444444,0.3333333333333333,0.16666666666666666,0.25,0.5833333333333334,0,0.4444444444444444,0.3333333333333333,0.16666666666666666,0.25,0.5833333333333334
2930,max_rounds,0,,,,,1,1,3,2,2,5,5,4,0,0,1,profiled_beam,1,1,0.12495151286323865,0.010191195954879126,9,0,0,0,0,0,0,0,0.0,0.0,0.8333333333333334,0.4166666666666667,0.4166666666666667,0,0.0,0.0,0.8333333333333334,0.4166666666666667,0.4166666666666667,0,0.0,0.5,1.0,0.75,0.75,0,0.0,0.5,1.0,0.75,0.75
2931,no_strict_e1_improvement,0,,,,,1,0,1,1,1,1,1,4,0,0,-1,current,0,0,0.021925047738477588,0.021925047738477588,11,9,9,9,9,0,0,1,1.0,1.0,1.0,1.0,1.0,1,1.0,1.0,1.0,1.0,1.0,1,1.0,1.0,1.0,1.0,1.0,1,1.0,1.0,1.0,1.0,1.0
2932,no_strict_e1_improvement,0,,,,,1,0,1,1,1,1,1,4,0,0,-1,current,0,0,0.052468499168753624,0.052468499168753624,9,0,0,0,0,0,0,0,0.0,1.0,0.5,0.75,0.75,0,0.0,1.0,0.5,0.75,0.75,0,0.0,1.0,0.5,0.75,0.75,0,0.0,1.0,0.5,0.75,0.75
2933,no_strict_e1_improvement,0,,,,,1,0,1,1,1,1,1,4,0,0,-1,current,0,0,0.0012986362756540377,0.0012986362756540377,12,9,9,9,9,0,0,1,1.0,1.0,1.0,1.0,1.0,1,1.0,1.0,1.0,1.0,1.0,1,1.0,1.0,1.0,1.0,1.0,1,1.0,1.0,1.0,1.0,1.0
2934,no_strict_e1_improvement,0,,,,,1,0,1,1,1,1,1,4,0,0,-1,current,0,0,0.007529030864437421,0.007529030864437421,11,9,9,9,9,0,0,1,1.0,1.0,1.0,1.0,1.0,1,1.0,1.0,1.0,1.0,1.0,1,1.0,1.0,1.0,1.0,1.0,1,1.0,1.0,1.0,1.0,1.0
2935,max_rounds,0,,,,,1,1,3,2,2,5,5,4,0,0,1,profiled_beam,1,1,0.09495397377759218,0.06499937394013007,6,0,0,2,0,0,-2,0,0.0,0.16666666666666666,0.5,0.3333333333333333,0.5,0,0.0,0.16666666666666666,0.5,0.3333333333333333,0.5,0,0.2222222222222222,0.16666666666666666,0.6666666666666666,0.4166666666666667,0.5833333333333334,0,0.0,0.16666666666666666,0.5,0.3333333333333333,0.5
2936,no_strict_e1_improvement,0,,,,,1,0,1,1,1,1,1,4,0,0,-1,current,0,0,0.03850014787167311,0.03850014787167311,11,9,9,9,9,0,0,1,1.0,1.0,1.0,1.0,1.0,1,1.0,1.0,1.0,1.0,1.0,1,1.0,1.0,1.0,1.0,1.0,1,1.0,1.0,1.0,1.0,1.0
2937,max_rounds,0,,,,,1,1,2,2,2,7,7,4,0,-1,0,s1a3_greedy,1,0,0.1652833465486765,0.04551709132889906,9,0,0,9,9,9,0,0,0.0,0.5,1.0,0.75,0.75,0,0.0,0.5,1.0,0.75,0.75,1,1.0,1.0,1.0,1.0,1.0,1,1.0,1.0,1.0,1.0,1.0
2938,no_strict_e1_improvement,0,,,,,1,0,1,1,1,1,1,4,0,0,-1,current,0,0,0.021060612052679062,0.021060612052679062,10,9,9,9,9,0,0,1,1.0,1.0,1.0,1.0,1.0,1,1.0,1.0,1.0,1.0,1.0,1,1.0,1.0,1.0,1.0,1.0,1,1.0,1.0,1.0,1.0,1.0
2939,no_strict_e1_improvement,0,,,,,1,0,1,1,1,1,1,4,0,0,-1,current,0,0,0.02410828974097967,0.02410828974097967,10,0,0,0,0,0,0,0,0.0,0.5,0.5,0.5,0.5,0,0.0,0.5,0.5,0.5,0.5,0,0.0,0.5,0.5,0.5,0.5,0,0.0,0.5,0.5,0.5,0.5
2940,max_rounds,0,,,,,1,1,2,2,2,6,6,4,-1,0,0,s1a3_greedy,1,0,0.04284233941386143,0.038406356858710446,5,0,0,0,0,0,0,0,0.0,0.6666666666666666,0.0,0.3333333333333333,0.3333333333333333,0,0.0,0.6666666666666666,0.0,0.3333333333333333,0.3333333333333333,0,0.0,0.5,0.5,0.5,0.5,0,0.0,0.5,0.5,0.5,0.5
2941,no_strict_e1_improvement,0,,,,,1,0,1,1,1,1,1,4,0,0,-1,current,0,0,0.0751044809197386,0.0751044809197386,9,0,0,0,0,0,0,0,0.0,0.0,0.8333333333333334,0.4166666666666667,0.4166666666666667,0,0.0,0.0,0.8333333333333334,0.4166666666666667,0.4166666666666667,0,0.0,0.0,0.8333333333333334,0.4166666666666667,0.4166666666666667,0,0.0,0.0,0.8333333333333334,0.4166666666666667,0.4166666666666667
2942,no_strict_e1_improvement,0,,,,,1,0,1,1,1,1,1,4,0,0,-1,current,0,0,0.053412661189213395,0.053412661189213395,9,3,3,3,3,0,0,0,0.3333333333333333,0.6666666666666666,0.5,0.5833333333333334,0.5833333333333334,0,0.3333333333333333,0.6666666666666666,0.5,0.5833333333333334,0.5833333333333334,0,0.3333333333333333,0.6666666666666666,0.5,0.5833333333333334,0.5833333333333334,0,0.3333333333333333,0.6666666666666666,0.5,0.5833333333333334,0.5833333333333334
2943,small_component,0,,,,,1,0,0,0,0,0,0,4,0,0,-1,current,0,0,0.29730577518542606,0.29730577518542606,6,6,6,6,6,0,0,0,0.6666666666666666,0.5,0.3333333333333333,0.4166666666666667,0.5833333333333334,0,0.6666666666666666,0.5,0.3333333333333333,0.4166666666666667,0.5833333333333334,0,0.6666666666666666,0.5,0.3333333333333333,0.4166666666666667,0.5833333333333334,0,0.6666666666666666,0.5,0.3333333333333333,0.4166666666666667,0.5833333333333334
2944,no_strict_e1_improvement,0,,,,,1,0,1,1,1,1,1,4,0,0,-1,current,0,0,0.003808673471212387,0.003808673471212387,12,9,9,9,9,0,0,1,1.0,1.0,1.0,1.0,1.0,1,1.0,1.0,1.0,1.0,1.0,1,1.0,1.0,1.0,1.0,1.0,1,1.0,1.0,1.0,1.0,1.0
2945,no_strict_e1_improvement,0,,,,,1,0,1,1,1,1,1,4,0,0,-1,current,0,0,0.0077689037037392454,0.0077689037037392454,10,0,0,0,0,0,0,0,0.0,0.5,1.0,0.75,0.75,0,0.0,0.5,1.0,0.75,0.75,0,0.0,0.5,1.0,0.75,0.75,0,0.0,0.5,1.0,0.75,0.75
2946,no_strict_e1_improvement,0,,,,,1,0,1,1,1,1,1,4,0,0,-1,current,0,0,0.05186669466396173,0.05186669466396173,9,9,9,9,9,0,0,1,1.0,1.0,1.0,1.0,1.0,1,1.0,1.0,1.0,1.0,1.0,1,1.0,1.0,1.0,1.0,1.0,1,1.0,1.0,1.0,1.0,1.0
2947,max_rounds,0,,,,,1,1,4,4,4,12,12,4,0,1,0,s1a3_greedy,1,0,0.08371777056405942,0.0822765404979388,7,5,5,0,0,-5,0,0,0.5555555555555556,0.6666666666666666,0.3333333333333333,0.5,0.8333333333333334,0,0.5555555555555556,0.6666666666666666,0.3333333333333333,0.5,0.8333333333333334,0,0.0,0.16666666666666666,0.5,0.3333333333333333,0.5,0,0.0,0.16666666666666666,0.5,0.3333333333333333,0.5
2948,no_strict_e1_improvement,0,,,,,1,0,1,1,1,1,1,4,0,0,-1,current,0,0,0.15529204780856767,0.15529204780856767,7,0,0,0,0,0,0,0,0.0,0.5,1.0,0.75,0.75,0,0.0,0.5,1.0,0.75,0.75,0,0.0,0.5,1.0,0.75,0.75,0,0.0,0.5,1.0,0.75,0.75
2949,max_rounds,0,,,,,1,1,2,2,2,6,6,4,0,1,0,s1a3_greedy,1,0,0.24941703553001085,0.19537170603871346,6,1,1,0,0,-1,0,0,0.1111111111111111,0.16666666666666666,0.0,0.08333333333333333,0.25,0,0.1111111111111111,0.16666666666666666,0.0,0.08333333333333333,0.25,0,0.0,0.3333333333333333,0.0,0.16666666666666666,0.3333333333333333,0,0.0,0.3333333333333333,0.0,0.16666666666666666,0.3333333333333333
2950,no_strict_e1_improvement,0,,,,,1,0,1,1,1,1,1,4,0,0,-1,current,0,0,0.005545311296979587,0.005545311296979587,11,7,7,7,7,0,0,0,0.7777777777777778,0.6666666666666666,0.6666666666666666,0.6666666666666666,0.75,0,0.7777777777777778,0.6666666666666666,0.6666666666666666,0.6666666666666666,0.75,0,0.7777777777777778,0.6666666666666666,0.6666666666666666,0.6666666666666666,0.75,0,0.7777777777777778,0.6666666666666666,0.6666666666666666,0.6666666666666666,0.75
2951,no_strict_e1_improvement,0,,,,,1,0,1,1,1,1,1,4,0,0,-1,current,0,0,0.06415574718266726,0.06415574718266726,8,6,6,6,6,0,0,0,0.6666666666666666,0.8333333333333334,0.5,0.6666666666666666,0.6666666666666666,0,0.6666666666666666,0.8333333333333334,0.5,0.6666666666666666,0.6666666666666666,0,0.6666666666666666,0.8333333333333334,0.5,0.6666666666666666,0.6666666666666666,0,0.6666666666666666,0.8333333333333334,0.5,0.6666666666666666,0.6666666666666666
2952,no_strict_e1_improvement,0,,,,,1,0,1,1,1,1,1,4,0,0,-1,current,0,0,0.010840864153578877,0.010840864153578877,10,9,9,9,9,0,0,1,1.0,1.0,1.0,1.0,1.0,1,1.0,1.0,1.0,1.0,1.0,1,1.0,1.0,1.0,1.0,1.0,1,1.0,1.0,1.0,1.0,1.0
2953,no_strict_e1_improvement,0,,,,,1,0,1,1,1,1,1,4,0,0,-1,current,0,0,0.09523439795399706,0.09523439795399706,10,0,0,0,0,0,0,0,0.0,0.5,0.8333333333333334,0.6666666666666666,0.6666666666666666,0,0.0,0.5,0.8333333333333334,0.6666666666666666,0.6666666666666666,0,0.0,0.5,0.8333333333333334,0.6666666666666666,0.6666666666666666,0,0.0,0.5,0.8333333333333334,0.6666666666666666,0.6666666666666666
2954,max_rounds,0,,,,,1,1,2,1,1,2,2,4,0,0,0,s1a3_greedy,1,0,0.21353614081939062,0.1773208323866129,8,0,0,0,0,0,0,0,0.0,0.5,0.3333333333333333,0.4166666666666667,0.5,0,0.0,0.5,0.3333333333333333,0.4166666666666667,0.5,0,0.0,0.6666666666666666,0.5,0.5833333333333334,0.6666666666666666,0,0.0,0.6666666666666666,0.5,0.5833333333333334,0.6666666666666666
2955,no_strict_e1_improvement,0,,,,,1,0,1,1,1,1,1,4,0,0,-1,current,0,0,0.0913860579021275,0.0913860579021275,9,6,6,6,6,0,0,0,0.6666666666666666,0.8333333333333334,0.5,0.6666666666666666,0.6666666666666666,0,0.6666666666666666,0.8333333333333334,0.5,0.6666666666666666,0.6666666666666666,0,0.6666666666666666,0.8333333333333334,0.5,0.6666666666666666,0.6666666666666666,0,0.6666666666666666,0.8333333333333334,0.5,0.6666666666666666,0.6666666666666666
2956,max_rounds,0,,,,,1,1,3,2,2,5,5,4,0,0,0,s1a3_greedy,1,0,0.12665090585748354,0.010951472485127548,9,7,7,9,9,2,0,0,0.7777777777777778,0.6666666666666666,0.6666666666666666,0.6666666666666666,0.75,0,0.7777777777777778,0.6666666666666666,0.6666666666666666,0.6666666666666666,0.75,1,1.0,1.0,1.0,1.0,1.0,1,1.0,1.0,1.0,1.0,1.0
2957,no_strict_e1_improvement,0,,,,,1,0,1,1,1,1,1,4,0,0,-1,current,0,0,0.12483842950314283,0.12483842950314283,5,0,0,0,0,0,0,0,0.0,0.16666666666666666,0.5,0.3333333333333333,0.4166666666666667,0,0.0,0.16666666666666666,0.5,0.3333333333333333,0.4166666666666667,0,0.0,0.16666666666666666,0.5,0.3333333333333333,0.4166666666666667,0,0.0,0.16666666666666666,0.5,0.3333333333333333,0.4166666666666667
2958,no_strict_e1_improvement,0,,,,,1,0,1,1,1,1,1,4,0,0,-1,current,0,0,0.015055760586013397,0.015055760586013397,11,0,0,0,0,0,0,0,0.0,0.8333333333333334,0.5,0.6666666666666666,0.6666666666666666,0,0.0,0.8333333333333334,0.5,0.6666666666666666,0.6666666666666666,0,0.0,0.8333333333333334,0.5,0.6666666666666666,0.6666666666666666,0,0.0,0.8333333333333334,0.5,0.6666666666666666,0.6666666666666666
2959,no_strict_e1_improvement,0,,,,,1,0,1,1,1,1,1,4,0,0,-1,current,0,0,0.00862149068658861,0.00862149068658861,9,9,9,9,9,0,0,1,1.0,1.0,1.0,1.0,1.0,1,1.0,1.0,1.0,1.0,1.0,1,1.0,1.0,1.0,1.0,1.0,1,1.0,1.0,1.0,1.0,1.0
2960,no_strict_e1_improvement,0,,,,,1,0,1,1,1,1,1,4,0,0,-1,current,0,0,0.10248347666735451,0.10248347666735451,8,0,0,0,0,0,0,0,0.0,0.5,0.6666666666666666,0.5833333333333334,0.6666666666666666,0,0.0,0.5,0.6666666666666666,0.5833333333333334,0.6666666666666666,0,0.0,0.5,0.6666666666666666,0.5833333333333334,0.6666666666666666,0,0.0,0.5,0.6666666666666666,0.5833333333333334,0.6666666666666666
2961,no_strict_e1_improvement,0,,,,,1,0,1,1,1,1,1,4,0,0,-1,current,0,0,0.015573469921946526,0.015573469921946526,11,0,0,0,0,0,0,0,0.0,1.0,0.5,0.75,0.75,0,0.0,1.0,0.5,0.75,0.75,0,0.0,1.0,0.5,0.75,0.75,0,0.0,1.0,0.5,0.75,0.75
2962,max_rounds,0,,,,,1,1,3,2,2,7,7,4,-1,0,0,s1a3_greedy,1,0,0.12333021499216557,0.10058499174192548,7,0,0,0,0,0,0,0,0.0,0.6666666666666666,0.16666666666666666,0.4166666666666667,0.5,0,0.0,0.6666666666666666,0.16666666666666666,0.4166666666666667,0.5,0,0.0,1.0,0.5,0.75,0.75,0,0.0,1.0,0.5,0.75,0.75
2963,no_strict_e1_improvement,0,,,,,1,0,1,1,1,1,1,4,0,0,-1,current,0,0,0.1084293454963093,0.1084293454963093,7,0,0,0,0,0,0,0,0.0,0.5,0.5,0.5,0.5,0,0.0,0.5,0.5,0.5,0.5,0,0.0,0.5,0.5,0.5,0.5,0,0.0,0.5,0.5,0.5,0.5
2964,max_rounds,0,,,,,1,1,2,2,2,6,6,4,1,0,0,s1a3_greedy,1,0,0.09960794169455767,0.023722725299497444,8,0,0,9,9,9,0,0,0.0,1.0,0.5,0.75,0.75,0,0.0,1.0,0.5,0.75,0.75,1,1.0,1.0,1.0,1.0,1.0,1,1.0,1.0,1.0,1.0,1.0
2965,no_strict_e1_improvement,0,,,,,1,0,1,1,1,1,1,4,0,0,-1,current,0,0,0.08294927049428225,0.08294927049428225,9,0,0,0,0,0,0,0,0.0,0.6666666666666666,0.5,0.5833333333333334,0.5833333333333334,0,0.0,0.6666666666666666,0.5,0.5833333333333334,0.5833333333333334,0,0.0,0.6666666666666666,0.5,0.5833333333333334,0.5833333333333334,0,0.0,0.6666666666666666,0.5,0.5833333333333334,0.5833333333333334
2966,no_strict_e1_improvement,0,,,,,1,0,1,1,1,1,1,4,0,0,-1,current,0,0,0.01898122827212016,0.01898122827212016,11,9,9,9,9,0,0,1,1.0,1.0,1.0,1.0,1.0,1,1.0,1.0,1.0,1.0,1.0,1,1.0,1.0,1.0,1.0,1.0,1,1.0,1.0,1.0,1.0,1.0
2967,no_strict_e1_improvement,0,,,,,1,0,1,1,1,1,1,4,0,0,-1,current,0,0,0.019849295417467754,0.019849295417467754,8,0,0,0,0,0,0,0,0.0,1.0,0.5,0.75,0.75,0,0.0,1.0,0.5,0.75,0.75,0,0.0,1.0,0.5,0.75,0.75,0,0.0,1.0,0.5,0.75,0.75
2968,max_rounds,0,,,,,1,1,3,2,2,6,6,4,0,1,0,s1a3_greedy,1,0,0.17958650598302484,0.015524597993741432,8,0,0,9,9,9,0,0,0.0,0.5,0.6666666666666666,0.5833333333333334,0.75,0,0.0,0.5,0.6666666666666666,0.5833333333333334,0.75,1,1.0,1.0,1.0,1.0,1.0,1,1.0,1.0,1.0,1.0,1.0
2969,no_strict_e1_improvement,0,,,,,1,0,1,1,1,1,1,4,0,0,-1,current,0,0,0.003955093600476782,0.003955093600476782,10,9,9,9,9,0,0,1,1.0,1.0,1.0,1.0,1.0,1,1.0,1.0,1.0,1.0,1.0,1,1.0,1.0,1.0,1.0,1.0,1,1.0,1.0,1.0,1.0,1.0
2970,no_strict_e1_improvement,0,,,,,1,0,1,1,1,1,1,4,0,0,-1,current,0,0,0.03410594475766023,0.03410594475766023,8,9,9,9,9,0,0,1,1.0,1.0,1.0,1.0,1.0,1,1.0,1.0,1.0,1.0,1.0,1,1.0,1.0,1.0,1.0,1.0,1,1.0,1.0,1.0,1.0,1.0
2971,max_rounds,0,,,,,1,1,5,4,4,15,15,4,0,0,1,profiled_beam,1,1,0.2081578786795338,0.1304051329692205,8,0,0,0,0,0,0,0,0.0,0.16666666666666666,0.16666666666666666,0.16666666666666666,0.3333333333333333,0,0.0,0.16666666666666666,0.16666666666666666,0.16666666666666666,0.3333333333333333,0,0.0,0.16666666666666666,0.16666666666666666,0.16666666666666666,0.3333333333333333,0,0.0,0.16666666666666666,0.3333333333333333,0.25,0.4166666666666667
2972,partial_completed__no_strict_e1_improvement,1,,3,2,4,1,0,4,4,4,13,13,4,0,0,-1,current,1,0,0.11086446916063626,0.11086446916063626,6,0,0,0,0,0,0,0,0.0,0.0,0.6666666666666666,0.3333333333333333,0.3333333333333333,0,0.0,0.16666666666666666,0.6666666666666666,0.4166666666666667,0.5,0,0.0,0.16666666666666666,0.6666666666666666,0.4166666666666667,0.5,0,0.0,0.16666666666666666,0.6666666666666666,0.4166666666666667,0.5
2973,max_rounds,0,,,,,1,1,4,4,4,15,15,4,-1,0,1,profiled_beam,1,1,0.16379484022036195,0.13121373722484955,1,2,2,2,0,-2,-2,0,0.2222222222222222,0.0,0.5,0.25,0.4166666666666667,0,0.2222222222222222,0.0,0.5,0.25,0.4166666666666667,0,0.2222222222222222,0.0,0.5,0.25,0.4166666666666667,0,0.0,0.0,0.3333333333333333,0.16666666666666666,0.25
2974,max_rounds,0,,,,,1,1,3,2,2,6,6,4,0,0,1,profiled_beam,1,1,0.09543115870716672,0.040386592193196215,6,6,6,6,9,3,3,0,0.6666666666666666,0.5,0.8333333333333334,0.6666666666666666,0.6666666666666666,0,0.6666666666666666,0.5,0.8333333333333334,0.6666666666666666,0.6666666666666666,0,0.6666666666666666,0.5,0.8333333333333334,0.6666666666666666,0.6666666666666666,1,1.0,1.0,1.0,1.0,1.0
2975,partial_completed__small_component,1,,3,2,4,1,0,0,0,0,0,0,4,0,0,-1,current,1,0,0.4682295908375333,0.4682295908375333,4,0,0,0,0,0,0,0,0.0,0.0,0.16666666666666666,0.08333333333333333,0.16666666666666666,0,0.0,0.0,0.3333333333333333,0.16666666666666666,0.25,0,0.0,0.0,0.3333333333333333,0.16666666666666666,0.25,0,0.0,0.0,0.3333333333333333,0.16666666666666666,0.25
2976,no_strict_e1_improvement,0,,,,,1,0,1,1,1,1,1,4,0,0,-1,current,0,0,0.0365727865913262,0.0365727865913262,9,0,0,0,0,0,0,0,0.0,0.8333333333333334,0.5,0.6666666666666666,0.6666666666666666,0,0.0,0.8333333333333334,0.5,0.6666666666666666,0.6666666666666666,0,0.0,0.8333333333333334,0.5,0.6666666666666666,0.6666666666666666,0,0.0,0.8333333333333334,0.5,0.6666666666666666,0.6666666666666666
2977,no_strict_e1_improvement,0,,,,,1,0,1,1,1,1,1,4,0,0,-1,current,0,0,0.00717777634660403,0.00717777634660403,9,9,9,9,9,0,0,1,1.0,1.0,1.0,1.0,1.0,1,1.0,1.0,1.0,1.0,1.0,1,1.0,1.0,1.0,1.0,1.0,1,1.0,1.0,1.0,1.0,1.0
2978,max_rounds,0,,,,,1,1,3,2,2,7,7,4,0,0,0,s1a3_greedy,1,0,0.12098379495243232,0.04893655516207218,8,0,0,0,0,0,0,0,0.0,0.3333333333333333,0.16666666666666666,0.25,0.3333333333333333,0,0.0,0.3333333333333333,0.16666666666666666,0.25,0.3333333333333333,0,0.0,0.5,0.5,0.5,0.5,0,0.0,0.5,0.5,0.5,0.5
2979,no_strict_e1_improvement,0,,,,,1,0,1,1,1,1,1,4,0,0,-1,current,0,0,0.07535964669659734,0.07535964669659734,7,0,0,0,0,0,0,0,0.0,0.3333333333333333,0.0,0.16666666666666666,0.25,0,0.0,0.3333333333333333,0.0,0.16666666666666666,0.25,0,0.0,0.3333333333333333,0.0,0.16666666666666666,0.25,0,0.0,0.3333333333333333,0.0,0.16666666666666666,0.25
2980,no_strict_e1_improvement,0,,,,,1,0,1,1,1,1,1,4,0,0,-1,current,0,0,0.05366383586078882,0.05366383586078882,9,0,0,0,0,0,0,0,0.0,0.5,1.0,0.75,0.75,0,0.0,0.5,1.0,0.75,0.75,0,0.0,0.5,1.0,0.75,0.75,0,0.0,0.5,1.0,0.75,0.75
2981,max_rounds,0,,,,,1,1,3,2,2,6,6,4,0,1,0,s1a3_greedy,1,0,0.06188502042399099,0.02827569784130901,10,0,0,9,9,9,0,0,0.0,0.5,0.8333333333333334,0.6666666666666666,0.6666666666666666,0,0.0,0.5,0.8333333333333334,0.6666666666666666,0.6666666666666666,1,1.0,1.0,1.0,1.0,1.0,1,1.0,1.0,1.0,1.0,1.0
2982,no_strict_e1_improvement,0,,,,,1,0,1,1,1,2,2,4,0,0,-1,current,0,0,0.061772762487332024,0.061772762487332024,8,9,9,9,9,0,0,1,1.0,1.0,1.0,1.0,1.0,1,1.0,1.0,1.0,1.0,1.0,1,1.0,1.0,1.0,1.0,1.0,1,1.0,1.0,1.0,1.0,1.0
2983,no_strict_e1_improvement,0,,,,,1,0,1,1,1,1,1,4,0,0,-1,current,0,0,0.03632814340138187,0.03632814340138187,10,0,0,0,0,0,0,0,0.0,0.6666666666666666,0.5,0.5833333333333334,0.5833333333333334,0,0.0,0.6666666666666666,0.5,0.5833333333333334,0.5833333333333334,0,0.0,0.6666666666666666,0.5,0.5833333333333334,0.5833333333333334,0,0.0,0.6666666666666666,0.5,0.5833333333333334,0.5833333333333334
2984,small_component,0,,,,,1,0,0,0,0,0,0,4,0,0,-1,current,0,0,0.26895694931348163,0.26895694931348163,6,1,1,1,1,0,0,0,0.1111111111111111,0.16666666666666666,0.16666666666666666,0.16666666666666666,0.25,0,0.1111111111111111,0.16666666666666666,0.16666666666666666,0.16666666666666666,0.25,0,0.1111111111111111,0.16666666666666666,0.16666666666666666,0.16666666666666666,0.25,0,0.1111111111111111,0.16666666666666666,0.16666666666666666,0.16666666666666666,0.25
2985,no_strict_e1_improvement,0,,,,,1,0,1,1,1,1,1,4,0,0,-1,current,0,0,0.016812448389828205,0.016812448389828205,10,9,9,9,9,0,0,1,1.0,1.0,1.0,1.0,1.0,1,1.0,1.0,1.0,1.0,1.0,1,1.0,1.0,1.0,1.0,1.0,1,1.0,1.0,1.0,1.0,1.0
2986,no_strict_e1_improvement,0,,,,,1,0,1,1,1,1,1,4,0,0,-1,current,0,0,0.0,0.0,12,9,9,9,9,0,0,1,1.0,1.0,1.0,1.0,1.0,1,1.0,1.0,1.0,1.0,1.0,1,1.0,1.0,1.0,1.0,1.0,1,1.0,1.0,1.0,1.0,1.0
2987,no_strict_e1_improvement,0,,,,,1,0,1,1,1,1,1,4,0,0,-1,current,0,0,0.009026894151854018,0.009026894151854018,11,9,9,9,9,0,0,1,1.0,1.0,1.0,1.0,1.0,1,1.0,1.0,1.0,1.0,1.0,1,1.0,1.0,1.0,1.0,1.0,1,1.0,1.0,1.0,1.0,1.0
2988,no_strict_e1_improvement,0,,,,,1,0,1,1,1,1,1,4,0,0,-1,current,0,0,0.017645916874850325,0.017645916874850325,10,9,9,9,9,0,0,1,1.0,1.0,1.0,1.0,1.0,1,1.0,1.0,1.0,1.0,1.0,1,1.0,1.0,1.0,1.0,1.0,1,1.0,1.0,1.0,1.0,1.0
2989,no_strict_e1_improvement,0,,,,,1,0,1,1,1,1,1,4,0,0,-1,current,0,0,0.0212373707909137,0.0212373707909137,11,0,0,0,0,0,0,0,0.0,0.5,0.5,0.5,0.5,0,0.0,0.5,0.5,0.5,0.5,0,0.0,0.5,0.5,0.5,0.5,0,0.0,0.5,0.5,0.5,0.5
2990,no_strict_e1_improvement,0,,,,,1,0,1,1,1,1,1,4,0,0,-1,current,0,0,0.005103915308912595,0.005103915308912595,11,0,0,0,0,0,0,0,0.0,0.5,1.0,0.75,0.75,0,0.0,0.5,1.0,0.75,0.75,0,0.0,0.5,1.0,0.75,0.75,0,0.0,0.5,1.0,0.75,0.75
2991,partial_completed__no_strict_e1_improvement,1,,3,2,2,1,0,1,1,1,1,1,4,0,0,-1,current,1,0,0.02492363521984468,0.02492363521984468,8,0,0,0,0,0,0,0,0.0,0.3333333333333333,0.0,0.16666666666666666,0.16666666666666666,0,0.0,0.5,0.5,0.5,0.5,0,0.0,0.5,0.5,0.5,0.5,0,0.0,0.5,0.5,0.5,0.5
2992,no_strict_e1_improvement,0,,,,,1,0,1,1,1,1,1,4,0,0,-1,current,0,0,0.021024266878763836,0.021024266878763836,11,0,0,0,0,0,0,0,0.0,0.5,1.0,0.75,0.75,0,0.0,0.5,1.0,0.75,0.75,0,0.0,0.5,1.0,0.75,0.75,0,0.0,0.5,1.0,0.75,0.75
2993,max_rounds,0,,,,,1,1,3,2,2,8,8,4,0,0,1,profiled_beam,1,1,0.08678735482196014,0.042678828516121335,6,7,7,7,9,2,2,0,0.7777777777777778,0.6666666666666666,0.6666666666666666,0.6666666666666666,0.75,0,0.7777777777777778,0.6666666666666666,0.6666666666666666,0.6666666666666666,0.75,0,0.7777777777777778,0.6666666666666666,0.6666666666666666,0.6666666666666666,0.75,1,1.0,1.0,1.0,1.0,1.0
2994,no_strict_e1_improvement,0,,,,,1,0,1,1,1,1,1,4,0,0,-1,current,0,0,0.0,0.0,12,0,0,0,0,0,0,0,0.0,1.0,0.5,0.75,0.75,0,0.0,1.0,0.5,0.75,0.75,0,0.0,1.0,0.5,0.75,0.75,0,0.0,1.0,0.5,0.75,0.75
2995,no_strict_e1_improvement,0,,,,,1,0,1,1,1,1,1,4,0,0,-1,current,0,0,0.04113140717769662,0.04113140717769662,10,0,0,0,0,0,0,0,0.0,0.5,1.0,0.75,0.75,0,0.0,0.5,1.0,0.75,0.75,0,0.0,0.5,1.0,0.75,0.75,0,0.0,0.5,1.0,0.75,0.75
2996,no_strict_e1_improvement,0,,,,,1,0,1,1,1,1,1,4,0,0,-1,current,0,0,0.0064261833516259985,0.0064261833516259985,11,9,9,9,9,0,0,1,1.0,1.0,1.0,1.0,1.0,1,1.0,1.0,1.0,1.0,1.0,1,1.0,1.0,1.0,1.0,1.0,1,1.0,1.0,1.0,1.0,1.0
2997,no_strict_e1_improvement,0,,,,,1,0,1,1,1,1,1,4,0,0,-1,current,0,0,0.047821892076171935,0.047821892076171935,9,0,0,0,0,0,0,0,0.0,0.3333333333333333,0.16666666666666666,0.25,0.4166666666666667,0,0.0,0.3333333333333333,0.16666666666666666,0.25,0.4166666666666667,0,0.0,0.3333333333333333,0.16666666666666666,0.25,0.4166666666666667,0,0.0,0.3333333333333333,0.16666666666666666,0.25,0.4166666666666667
2998,no_strict_e1_improvement,0,,,,,1,0,2,2,2,6,6,4,0,0,-1,current,0,0,0.15337981283664703,0.15337981283664703,10,3,3,3,3,0,0,0,0.3333333333333333,0.0,1.0,0.5,0.75,0,0.3333333333333333,0.0,1.0,0.5,0.75,0,0.3333333333333333,0.0,1.0,0.5,0.75,0,0.3333333333333333,0.0,1.0,0.5,0.75
2999,small_component,0,,,,,1,0,0,0,0,0,0,4,0,0,-1,current,0,0,0.3086559648315112,0.3086559648315112,6,0,0,0,0,0,0,0,0.0,0.3333333333333333,0.3333333333333333,0.3333333333333333,0.4166666666666667,0,0.0,0.3333333333333333,0.3333333333333333,0.3333333333333333,0.4166666666666667,0,0.0,0.3333333333333333,0.3333333333333333,0.3333333333333333,0.4166666666666667,0,0.0,0.3333333333333333,0.3333333333333333,0.3333333333333333,0.4166666666666667
