sample_index,status,partial_completion_applied,partial_completion_error,partial_completion_missing_pieces,partial_completion_legal_translations,partial_completion_candidates,rounds_attempted,rounds_accepted,total_global_candidates,total_poses,total_recorded_poses,total_completion_candidates,total_recorded_completion_candidates,completion_beam_width,selected_row_shift,selected_column_shift,selected_completion_index,selected_completion_origin,prediction_changed,beam_prediction_changed_vs_s1a3,initial_e1_mean_adjacency_score,final_e1_mean_adjacency_score,final_e1_mutual_top1_edges,baseline_correct_pieces,completed_baseline_correct_pieces,s1a3_reference_correct_pieces,selected_correct_pieces,piece_change,beam_piece_change_vs_s1a3,baseline_PA,baseline_AA,baseline_HA,baseline_VA,baseline_SRA,baseline_NA,completed_baseline_PA,completed_baseline_AA,completed_baseline_HA,completed_baseline_VA,completed_baseline_SRA,completed_baseline_NA,s1a3_reference_PA,s1a3_reference_AA,s1a3_reference_HA,s1a3_reference_VA,s1a3_reference_SRA,s1a3_reference_NA,selected_PA,selected_AA,selected_HA,selected_VA,selected_SRA,selected_NA
0,small_component,0,,,,,1,0,0,0,0,0,0,1,0,0,-1,current,0,0,0.23587691418360918,0.23587691418360918,17,0,0,0,0,0,0,0,0.0,0.45,0.35,0.4,0.525,0,0.0,0.45,0.35,0.4,0.525,0,0.0,0.45,0.35,0.4,0.525,0,0.0,0.45,0.35,0.4,0.525
1,max_rounds,0,,,,,1,1,2,1,1,1,1,1,0,0,0,s1a3_greedy,1,0,0.07646934429649263,0.0553684537531808,27,1,1,1,1,0,0,0,0.04,0.7,0.85,0.775,0.775,0,0.04,0.7,0.85,0.775,0.775,0,0.04,0.7,0.9,0.8,0.8,0,0.04,0.7,0.9,0.8,0.8
2,max_rounds,0,,,,,1,1,2,1,1,1,1,1,0,0,0,s1a3_greedy,1,0,0.14122444682288915,0.11171097703045234,28,2,2,0,0,-2,0,0,0.08,0.85,0.7,0.775,0.775,0,0.08,0.85,0.7,0.775,0.775,0,0.0,0.85,0.75,0.8,0.8,0,0.0,0.85,0.75,0.8,0.8
3,max_rounds,0,,,,,1,1,2,1,1,1,1,1,0,0,0,s1a3_greedy,1,0,0.24588192142546178,0.08824597122438718,22,16,16,22,22,6,0,0,0.64,0.65,0.4,0.525,0.6,0,0.64,0.65,0.4,0.525,0.6,0,0.88,0.9,0.85,0.875,0.875,0,0.88,0.9,0.85,0.875,0.875
4,max_rounds,0,,,,,1,1,2,1,1,1,1,1,0,0,0,s1a3_greedy,1,0,0.05259665242629126,0.03211553184082731,30,22,22,25,25,3,0,0,0.88,0.9,0.85,0.875,0.875,0,0.88,0.9,0.85,0.875,0.875,1,1.0,1.0,1.0,1.0,1.0,1,1.0,1.0,1.0,1.0,1.0
5,max_rounds,0,,,,,1,1,2,1,1,1,1,1,0,0,0,s1a3_greedy,1,0,0.109061986557208,0.10143267025705427,24,0,0,0,0,0,0,0,0.0,0.65,0.85,0.75,0.75,0,0.0,0.65,0.85,0.75,0.75,0,0.0,0.65,0.85,0.75,0.775,0,0.0,0.65,0.85,0.75,0.775
6,no_strict_e1_improvement,0,,,,,1,0,2,1,1,1,1,1,0,0,-1,current,0,0,0.09055492251645773,0.09055492251645773,21,0,0,0,0,0,0,0,0.0,0.55,0.5,0.525,0.575,0,0.0,0.55,0.5,0.525,0.575,0,0.0,0.55,0.5,0.525,0.575,0,0.0,0.55,0.5,0.525,0.575
7,partial_completed__no_strict_e1_improvement,1,,5,2,4,1,0,2,1,1,1,1,1,0,0,-1,current,1,0,0.17412031555286375,0.17412031555286375,20,0,4,4,4,4,0,0,0.0,0.2,0.2,0.2,0.225,0,0.16,0.25,0.35,0.3,0.325,0,0.16,0.25,0.35,0.3,0.325,0,0.16,0.25,0.35,0.3,0.325
8,no_strict_e1_improvement,0,,,,,1,0,2,1,1,1,1,1,0,0,-1,current,0,0,0.054070299956947565,0.054070299956947565,30,22,22,22,22,0,0,0,0.88,0.85,0.85,0.85,0.85,0,0.88,0.85,0.85,0.85,0.85,0,0.88,0.85,0.85,0.85,0.85,0,0.88,0.85,0.85,0.85,0.85
9,max_rounds,0,,,,,1,1,2,1,1,1,1,1,0,0,0,s1a3_greedy,1,0,0.20966661524144,0.18272286404971966,22,0,0,0,0,0,0,0,0.0,0.5,0.6,0.55,0.625,0,0.0,0.5,0.6,0.55,0.625,0,0.0,0.55,0.65,0.6,0.675,0,0.0,0.55,0.65,0.6,0.675
10,max_rounds,0,,,,,1,1,2,1,1,1,1,1,0,0,0,s1a3_greedy,1,0,0.17148889216477983,0.14141582485171966,23,0,0,0,0,0,0,0,0.0,0.5,0.65,0.575,0.675,0,0.0,0.5,0.65,0.575,0.675,0,0.0,0.5,0.65,0.575,0.65,0,0.0,0.5,0.65,0.575,0.65
11,no_strict_e1_improvement,0,,,,,1,0,1,1,0,1,0,1,0,0,-1,current,0,0,0.0618340017972514,0.0618340017972514,31,1,1,1,1,0,0,0,0.04,0.6,0.9,0.75,0.775,0,0.04,0.6,0.9,0.75,0.775,0,0.04,0.6,0.9,0.75,0.775,0,0.04,0.6,0.9,0.75,0.775
12,no_strict_e1_improvement,0,,,,,1,0,2,1,1,1,1,1,0,0,-1,current,0,0,0.15844366191886367,0.15844366191886367,18,1,1,1,1,0,0,0,0.04,0.35,0.6,0.475,0.525,0,0.04,0.35,0.6,0.475,0.525,0,0.04,0.35,0.6,0.475,0.525,0,0.04,0.35,0.6,0.475,0.525
13,partial_completed__small_component,1,,10,3,6,1,0,0,0,0,0,0,1,0,0,-1,current,1,0,0.302453570056241,0.302453570056241,13,1,1,1,1,0,0,0,0.04,0.0,0.05,0.025,0.125,0,0.04,0.0,0.05,0.025,0.15,0,0.04,0.0,0.05,0.025,0.15,0,0.04,0.0,0.05,0.025,0.15
14,max_rounds,0,,,,,1,1,2,1,1,1,1,1,0,0,0,s1a3_greedy,1,0,0.14156909505982185,0.11486836793046677,22,0,0,0,0,0,0,0,0.0,0.55,0.65,0.6,0.65,0,0.0,0.55,0.65,0.6,0.65,0,0.0,0.75,0.7,0.725,0.725,0,0.0,0.75,0.7,0.725,0.725
15,no_strict_e1_improvement,0,,,,,1,0,1,1,0,1,0,1,0,0,-1,current,0,0,0.04668669648235664,0.04668669648235664,24,23,23,23,23,0,0,0,0.92,0.9,0.9,0.9,0.925,0,0.92,0.9,0.9,0.9,0.925,0,0.92,0.9,0.9,0.9,0.925,0,0.92,0.9,0.9,0.9,0.925
16,max_rounds,0,,,,,1,1,2,1,1,1,1,1,0,0,0,s1a3_greedy,1,0,0.21633030868833886,0.04502346081426367,28,18,18,25,25,7,0,0,0.72,0.65,0.65,0.65,0.725,0,0.72,0.65,0.65,0.65,0.725,1,1.0,1.0,1.0,1.0,1.0,1,1.0,1.0,1.0,1.0,1.0
17,no_strict_e1_improvement,0,,,,,1,0,1,1,0,1,0,1,0,0,-1,current,0,0,0.022943166078766807,0.022943166078766807,35,25,25,25,25,0,0,1,1.0,1.0,1.0,1.0,1.0,1,1.0,1.0,1.0,1.0,1.0,1,1.0,1.0,1.0,1.0,1.0,1,1.0,1.0,1.0,1.0,1.0
18,partial_completed__small_component,1,,15,4,8,1,0,0,0,0,0,0,1,0,0,-1,current,1,0,0.2353422307409346,0.2353422307409346,19,5,6,6,6,1,0,0,0.2,0.0,0.4,0.2,0.2,0,0.24,0.15,0.8,0.475,0.55,0,0.24,0.15,0.8,0.475,0.55,0,0.24,0.15,0.8,0.475,0.55
19,partial_completed__max_rounds,1,,10,3,6,1,1,2,1,1,1,1,1,0,0,0,s1a3_greedy,1,0,0.0953731866349699,0.06171458516910207,21,0,0,2,2,2,0,0,0.0,0.4,0.5,0.45,0.45,0,0.0,0.55,0.65,0.6,0.65,0,0.08,0.6,0.7,0.65,0.675,0,0.08,0.6,0.7,0.65,0.675
20,no_strict_e1_improvement,0,,,,,1,0,1,1,0,1,0,1,0,0,-1,current,0,0,0.02594668362289667,0.02594668362289667,33,25,25,25,25,0,0,1,1.0,1.0,1.0,1.0,1.0,1,1.0,1.0,1.0,1.0,1.0,1,1.0,1.0,1.0,1.0,1.0,1,1.0,1.0,1.0,1.0,1.0
21,no_strict_e1_improvement,0,,,,,1,0,1,1,0,1,0,1,0,0,-1,current,0,0,0.018360447557643055,0.018360447557643055,31,0,0,0,0,0,0,0,0.0,0.75,1.0,0.875,0.875,0,0.0,0.75,1.0,0.875,0.875,0,0.0,0.75,1.0,0.875,0.875,0,0.0,0.75,1.0,0.875,0.875
22,max_rounds,0,,,,,1,1,2,1,1,1,1,1,0,0,0,s1a3_greedy,1,0,0.11211229497566819,0.04922433509491384,25,22,22,25,25,3,0,0,0.88,0.75,0.8,0.775,0.8,0,0.88,0.75,0.8,0.775,0.8,1,1.0,1.0,1.0,1.0,1.0,1,1.0,1.0,1.0,1.0,1.0
23,no_strict_e1_improvement,0,,,,,1,0,2,1,1,1,1,1,0,0,-1,current,0,0,0.18200272157555447,0.18200272157555447,20,0,0,0,0,0,0,0,0.0,0.45,0.5,0.475,0.6,0,0.0,0.45,0.5,0.475,0.6,0,0.0,0.45,0.5,0.475,0.6,0,0.0,0.45,0.5,0.475,0.6
24,no_strict_e1_improvement,0,,,,,1,0,1,1,0,1,0,1,0,0,-1,current,0,0,0.03683884817983198,0.03683884817983198,32,25,25,25,25,0,0,1,1.0,1.0,1.0,1.0,1.0,1,1.0,1.0,1.0,1.0,1.0,1,1.0,1.0,1.0,1.0,1.0,1,1.0,1.0,1.0,1.0,1.0
25,max_rounds,0,,,,,1,1,2,1,1,1,1,1,0,0,0,s1a3_greedy,1,0,0.10043938517046627,0.0986506313784048,21,1,1,0,0,-1,0,0,0.04,0.65,0.85,0.75,0.775,0,0.04,0.65,0.85,0.75,0.775,0,0.0,0.75,0.95,0.85,0.85,0,0.0,0.75,0.95,0.85,0.85
26,max_rounds,0,,,,,1,1,2,1,1,1,1,1,0,0,0,s1a3_greedy,1,0,0.2675091320648789,0.19847305256698747,21,3,3,0,0,-3,0,0,0.12,0.55,0.35,0.45,0.45,0,0.12,0.55,0.35,0.45,0.45,0,0.0,0.45,0.7,0.575,0.625,0,0.0,0.45,0.7,0.575,0.625
27,no_strict_e1_improvement,0,,,,,1,0,2,1,1,1,1,1,0,0,-1,current,0,0,0.12542457100353205,0.12542457100353205,25,18,18,18,18,0,0,0,0.72,0.5,0.6,0.55,0.625,0,0.72,0.5,0.6,0.55,0.625,0,0.72,0.5,0.6,0.55,0.625,0,0.72,0.5,0.6,0.55,0.625
28,max_rounds,0,,,,,1,1,2,1,1,1,1,1,0,0,0,s1a3_greedy,1,0,0.1036094129551202,0.045313152857124804,30,23,23,25,25,2,0,0,0.92,0.9,0.85,0.875,0.875,0,0.92,0.9,0.85,0.875,0.875,1,1.0,1.0,1.0,1.0,1.0,1,1.0,1.0,1.0,1.0,1.0
29,no_strict_e1_improvement,0,,,,,1,0,1,1,0,1,0,1,0,0,-1,current,0,0,0.017559360002633185,0.017559360002633185,32,25,25,25,25,0,0,1,1.0,1.0,1.0,1.0,1.0,1,1.0,1.0,1.0,1.0,1.0,1,1.0,1.0,1.0,1.0,1.0,1,1.0,1.0,1.0,1.0,1.0
30,max_rounds,0,,,,,1,1,2,1,1,1,1,1,0,0,0,s1a3_greedy,1,0,0.1882597690273542,0.12213466913090087,23,0,0,0,0,0,0,0,0.0,0.45,0.65,0.55,0.55,0,0.0,0.45,0.65,0.55,0.55,0,0.0,0.7,0.7,0.7,0.7,0,0.0,0.7,0.7,0.7,0.7
31,max_rounds,0,,,,,1,1,2,1,1,1,1,1,0,0,0,s1a3_greedy,1,0,0.34144040051032787,0.25764191162306815,13,2,2,1,1,-1,0,0,0.08,0.15,0.4,0.275,0.3,0,0.08,0.15,0.4,0.275,0.3,0,0.04,0.2,0.45,0.325,0.375,0,0.04,0.2,0.45,0.325,0.375
32,no_strict_e1_improvement,0,,,,,1,0,1,1,0,1,0,1,0,0,-1,current,0,0,0.03294652261538431,0.03294652261538431,32,25,25,25,25,0,0,1,1.0,1.0,1.0,1.0,1.0,1,1.0,1.0,1.0,1.0,1.0,1,1.0,1.0,1.0,1.0,1.0,1,1.0,1.0,1.0,1.0,1.0
33,no_strict_e1_improvement,0,,,,,1,0,2,1,1,1,1,1,0,0,-1,current,0,0,0.19725041219498962,0.19725041219498962,23,0,0,0,0,0,0,0,0.0,0.6,0.65,0.625,0.675,0,0.0,0.6,0.65,0.625,0.675,0,0.0,0.6,0.65,0.625,0.675,0,0.0,0.6,0.65,0.625,0.675
34,no_strict_e1_improvement,0,,,,,1,0,1,1,0,1,0,1,0,0,-1,current,0,0,0.012104099639691413,0.012104099639691413,34,0,0,0,0,0,0,0,0.0,1.0,0.75,0.875,0.875,0,0.0,1.0,0.75,0.875,0.875,0,0.0,1.0,0.75,0.875,0.875,0,0.0,1.0,0.75,0.875,0.875
35,max_rounds,0,,,,,1,1,2,1,1,1,1,1,0,0,0,s1a3_greedy,1,0,0.2575861617224291,0.2506631545023993,14,1,1,2,2,1,0,0,0.04,0.4,0.25,0.325,0.425,0,0.04,0.4,0.25,0.325,0.425,0,0.08,0.4,0.4,0.4,0.475,0,0.08,0.4,0.4,0.4,0.475
36,partial_completed__no_strict_e1_improvement,1,,10,3,6,1,0,2,1,1,1,1,1,0,0,-1,current,1,0,0.18437308187130838,0.18437308187130838,15,0,8,8,8,8,0,0,0.0,0.2,0.3,0.25,0.275,0,0.32,0.2,0.4,0.3,0.35,0,0.32,0.2,0.4,0.3,0.35,0,0.32,0.2,0.4,0.3,0.35
37,max_rounds,0,,,,,1,1,2,1,1,1,1,1,0,0,0,s1a3_greedy,1,0,0.2590842313598841,0.17109944713301956,16,2,2,0,0,-2,0,0,0.08,0.3,0.45,0.375,0.45,0,0.08,0.3,0.45,0.375,0.45,0,0.0,0.35,0.3,0.325,0.4,0,0.0,0.35,0.3,0.325,0.4
38,no_strict_e1_improvement,0,,,,,1,0,1,1,0,1,0,1,0,0,-1,current,0,0,0.04334100903943181,0.04334100903943181,32,0,0,0,0,0,0,0,0.0,1.0,0.75,0.875,0.875,0,0.0,1.0,0.75,0.875,0.875,0,0.0,1.0,0.75,0.875,0.875,0,0.0,1.0,0.75,0.875,0.875
39,no_strict_e1_improvement,0,,,,,1,0,2,1,1,1,1,1,0,0,-1,current,0,0,0.07991522174561397,0.07991522174561397,31,0,0,0,0,0,0,0,0.0,0.75,1.0,0.875,0.875,0,0.0,0.75,1.0,0.875,0.875,0,0.0,0.75,1.0,0.875,0.875,0,0.0,0.75,1.0,0.875,0.875
40,max_rounds,0,,,,,1,1,2,1,1,1,1,1,0,0,0,s1a3_greedy,1,0,0.23405287037603556,0.20011829268187284,19,0,0,0,0,0,0,0,0.0,0.45,0.4,0.425,0.45,0,0.0,0.45,0.4,0.425,0.45,0,0.0,0.45,0.4,0.425,0.55,0,0.0,0.45,0.4,0.425,0.55
41,no_strict_e1_improvement,0,,,,,1,0,2,1,1,1,1,1,0,0,-1,current,0,0,0.16123277373262682,0.16123277373262682,29,14,14,14,14,0,0,0,0.56,0.75,0.65,0.7,0.7,0,0.56,0.75,0.65,0.7,0.7,0,0.56,0.75,0.65,0.7,0.7,0,0.56,0.75,0.65,0.7,0.7
42,max_rounds,0,,,,,1,1,2,1,1,1,1,1,0,0,0,s1a3_greedy,1,0,0.14859154803853017,0.02405422362498939,26,19,19,25,25,6,0,0,0.76,0.6,0.75,0.675,0.775,0,0.76,0.6,0.75,0.675,0.775,1,1.0,1.0,1.0,1.0,1.0,1,1.0,1.0,1.0,1.0,1.0
43,no_strict_e1_improvement,0,,,,,1,0,1,1,0,1,0,1,0,0,-1,current,0,0,0.026731409737840293,0.026731409737840293,34,25,25,25,25,0,0,1,1.0,1.0,1.0,1.0,1.0,1,1.0,1.0,1.0,1.0,1.0,1,1.0,1.0,1.0,1.0,1.0,1,1.0,1.0,1.0,1.0,1.0
44,no_strict_e1_improvement,0,,,,,1,0,1,1,0,1,0,1,0,0,-1,current,0,0,0.030135107575915754,0.030135107575915754,29,25,25,25,25,0,0,1,1.0,1.0,1.0,1.0,1.0,1,1.0,1.0,1.0,1.0,1.0,1,1.0,1.0,1.0,1.0,1.0,1,1.0,1.0,1.0,1.0,1.0
45,partial_completed__max_rounds,1,,5,2,4,1,1,2,1,1,1,1,1,0,0,0,s1a3_greedy,1,0,0.268274943693541,0.17713441166561097,11,0,0,0,0,0,0,0,0.0,0.15,0.15,0.15,0.25,0,0.0,0.2,0.15,0.175,0.3,0,0.0,0.3,0.25,0.275,0.425,0,0.0,0.3,0.25,0.275,0.425
46,no_strict_e1_improvement,0,,,,,1,0,2,1,1,1,1,1,0,0,-1,current,0,0,0.22056418057181873,0.22056418057181873,17,0,0,0,0,0,0,0,0.0,0.45,0.3,0.375,0.4,0,0.0,0.45,0.3,0.375,0.4,0,0.0,0.45,0.3,0.375,0.4,0,0.0,0.45,0.3,0.375,0.4
47,no_strict_e1_improvement,0,,,,,1,0,2,1,1,1,1,1,0,0,-1,current,0,0,0.16026366773294284,0.16026366773294284,22,4,4,4,4,0,0,0,0.16,0.7,0.4,0.55,0.625,0,0.16,0.7,0.4,0.55,0.625,0,0.16,0.7,0.4,0.55,0.625,0,0.16,0.7,0.4,0.55,0.625
48,no_strict_e1_improvement,0,,,,,1,0,2,1,1,1,1,1,0,0,-1,current,0,0,0.15461006874684244,0.15461006874684244,18,2,2,2,2,0,0,0,0.08,0.4,0.4,0.4,0.475,0,0.08,0.4,0.4,0.4,0.475,0,0.08,0.4,0.4,0.4,0.475,0,0.08,0.4,0.4,0.4,0.475
49,no_strict_e1_improvement,0,,,,,1,0,2,1,1,1,1,1,0,0,-1,current,0,0,0.07035212749615312,0.07035212749615312,25,14,14,14,14,0,0,0,0.56,0.5,0.55,0.525,0.55,0,0.56,0.5,0.55,0.525,0.55,0,0.56,0.5,0.55,0.525,0.55,0,0.56,0.5,0.55,0.525,0.55
50,no_strict_e1_improvement,0,,,,,1,0,1,1,0,1,0,1,0,0,-1,current,0,0,0.04247746738838032,0.04247746738838032,32,0,0,0,0,0,0,0,0.0,0.75,1.0,0.875,0.875,0,0.0,0.75,1.0,0.875,0.875,0,0.0,0.75,1.0,0.875,0.875,0,0.0,0.75,1.0,0.875,0.875
51,no_strict_e1_improvement,0,,,,,1,0,2,1,1,1,1,1,0,0,-1,current,0,0,0.25665069646202027,0.25665069646202027,18,0,0,0,0,0,0,0,0.0,0.1,0.2,0.15,0.175,0,0.0,0.1,0.2,0.15,0.175,0,0.0,0.1,0.2,0.15,0.175,0,0.0,0.1,0.2,0.15,0.175
52,max_rounds,0,,,,,1,1,2,1,1,1,1,1,0,0,0,s1a3_greedy,1,0,0.17212851208169014,0.056658056122250854,28,0,0,0,0,0,0,0,0.0,0.55,0.8,0.675,0.7,0,0.0,0.55,0.8,0.675,0.7,0,0.0,0.75,1.0,0.875,0.875,0,0.0,0.75,1.0,0.875,0.875
53,max_rounds,0,,,,,1,1,2,1,1,1,1,1,0,0,0,s1a3_greedy,1,0,0.24233808813150973,0.18098704075309796,16,5,5,8,8,3,0,0,0.2,0.5,0.15,0.325,0.4,0,0.2,0.5,0.15,0.325,0.4,0,0.32,0.6,0.3,0.45,0.5,0,0.32,0.6,0.3,0.45,0.5
54,max_rounds,0,,,,,1,1,2,1,1,1,1,1,0,0,0,s1a3_greedy,1,0,0.10190308080054819,0.06546979195263702,26,23,23,25,25,2,0,0,0.92,0.85,0.9,0.875,0.9,0,0.92,0.85,0.9,0.875,0.9,1,1.0,1.0,1.0,1.0,1.0,1,1.0,1.0,1.0,1.0,1.0
55,small_component,0,,,,,1,0,0,0,0,0,0,1,0,0,-1,current,0,0,0.20829626631602877,0.20829626631602877,17,5,5,5,5,0,0,0,0.2,0.4,0.05,0.225,0.325,0,0.2,0.4,0.05,0.225,0.325,0,0.2,0.4,0.05,0.225,0.325,0,0.2,0.4,0.05,0.225,0.325
56,max_rounds,0,,,,,1,1,2,1,1,1,1,1,0,0,0,s1a3_greedy,1,0,0.1842606007863651,0.16193491432786686,24,0,0,0,0,0,0,0,0.0,0.55,0.65,0.6,0.7,0,0.0,0.55,0.65,0.6,0.7,0,0.0,0.65,0.7,0.675,0.8,0,0.0,0.65,0.7,0.675,0.8
57,max_rounds,0,,,,,1,1,2,1,1,1,1,1,0,0,0,s1a3_greedy,1,0,0.29932982083410026,0.24140276429243385,12,0,0,0,0,0,0,0,0.0,0.3,0.3,0.3,0.45,0,0.0,0.3,0.3,0.3,0.45,0,0.0,0.3,0.25,0.275,0.35,0,0.0,0.3,0.25,0.275,0.35
58,max_rounds,0,,,,,1,1,2,1,1,1,1,1,0,0,0,s1a3_greedy,1,0,0.14117605501087382,0.11465253039496019,22,16,16,18,18,2,0,0,0.64,0.55,0.7,0.625,0.65,0,0.64,0.55,0.7,0.625,0.65,0,0.72,0.6,0.6,0.6,0.675,0,0.72,0.6,0.6,0.6,0.675
59,partial_completed__max_rounds,1,,5,2,4,1,1,2,1,1,1,1,1,0,0,0,s1a3_greedy,1,0,0.21102996271947633,0.12925256017333595,11,5,1,0,0,-5,0,0,0.2,0.2,0.3,0.25,0.375,0,0.04,0.2,0.3,0.25,0.4,0,0.0,0.2,0.15,0.175,0.35,0,0.0,0.2,0.15,0.175,0.35
60,no_strict_e1_improvement,0,,,,,1,0,2,1,1,1,1,1,0,0,-1,current,0,0,0.1796921645756811,0.1796921645756811,22,15,15,15,15,0,0,0,0.6,0.7,0.5,0.6,0.6,0,0.6,0.7,0.5,0.6,0.6,0,0.6,0.7,0.5,0.6,0.6,0,0.6,0.7,0.5,0.6,0.6
61,no_strict_e1_improvement,0,,,,,1,0,2,1,1,1,1,1,0,0,-1,current,0,0,0.14041878203861416,0.14041878203861416,24,3,3,3,3,0,0,0,0.12,0.5,0.55,0.525,0.525,0,0.12,0.5,0.55,0.525,0.525,0,0.12,0.5,0.55,0.525,0.525,0,0.12,0.5,0.55,0.525,0.525
62,max_rounds,0,,,,,1,1,2,1,1,1,1,1,0,0,0,s1a3_greedy,1,0,0.10763670951128006,0.06470886734314263,26,17,17,20,20,3,0,0,0.68,0.5,0.65,0.575,0.625,0,0.68,0.5,0.65,0.575,0.625,0,0.8,0.7,0.8,0.75,0.775,0,0.8,0.7,0.8,0.75,0.775
63,no_strict_e1_improvement,0,,,,,1,0,2,1,1,1,1,1,0,0,-1,current,0,0,0.14085671287029983,0.14085671287029983,21,0,0,0,0,0,0,0,0.0,0.6,0.6,0.6,0.725,0,0.0,0.6,0.6,0.6,0.725,0,0.0,0.6,0.6,0.6,0.725,0,0.0,0.6,0.6,0.6,0.725
64,no_strict_e1_improvement,0,,,,,1,0,1,1,0,1,0,1,0,0,-1,current,0,0,0.028315539500908926,0.028315539500908926,33,25,25,25,25,0,0,1,1.0,1.0,1.0,1.0,1.0,1,1.0,1.0,1.0,1.0,1.0,1,1.0,1.0,1.0,1.0,1.0,1,1.0,1.0,1.0,1.0,1.0
65,partial_completed__no_strict_e1_improvement,1,,10,3,6,1,0,2,1,1,1,1,1,0,0,-1,current,1,0,0.09635218794064712,0.09635218794064712,13,0,0,0,0,0,0,0,0.0,0.2,0.0,0.1,0.15,0,0.0,0.2,0.0,0.1,0.225,0,0.0,0.2,0.0,0.1,0.225,0,0.0,0.2,0.0,0.1,0.225
66,no_strict_e1_improvement,0,,,,,1,0,1,1,0,1,0,1,0,0,-1,current,0,0,0.03141213578055613,0.03141213578055613,32,25,25,25,25,0,0,1,1.0,1.0,1.0,1.0,1.0,1,1.0,1.0,1.0,1.0,1.0,1,1.0,1.0,1.0,1.0,1.0,1,1.0,1.0,1.0,1.0,1.0
67,max_rounds,0,,,,,1,1,2,1,1,1,1,1,0,0,0,s1a3_greedy,1,0,0.1820578124606982,0.16876716746482998,20,0,0,0,0,0,0,0,0.0,0.6,0.5,0.55,0.625,0,0.0,0.6,0.5,0.55,0.625,0,0.0,0.7,0.6,0.65,0.65,0,0.0,0.7,0.6,0.65,0.65
68,no_strict_e1_improvement,0,,,,,1,0,2,1,1,1,1,1,0,0,-1,current,0,0,0.180875752310385,0.180875752310385,22,0,0,0,0,0,0,0,0.0,0.45,0.4,0.425,0.45,0,0.0,0.45,0.4,0.425,0.45,0,0.0,0.45,0.4,0.425,0.45,0,0.0,0.45,0.4,0.425,0.45
69,small_component,0,,,,,1,0,0,0,0,0,0,1,0,0,-1,current,0,0,0.2821744460379705,0.2821744460379705,17,1,1,1,1,0,0,0,0.04,0.15,0.45,0.3,0.325,0,0.04,0.15,0.45,0.3,0.325,0,0.04,0.15,0.45,0.3,0.325,0,0.04,0.15,0.45,0.3,0.325
70,max_rounds,0,,,,,1,1,2,1,1,1,1,1,0,0,0,s1a3_greedy,1,0,0.31046001355352926,0.12972331260607461,17,0,0,0,0,0,0,0,0.0,0.2,0.2,0.2,0.325,0,0.0,0.2,0.2,0.2,0.325,0,0.0,0.35,0.45,0.4,0.475,0,0.0,0.35,0.45,0.4,0.475
71,max_rounds,0,,,,,1,1,2,1,1,1,1,1,0,0,0,s1a3_greedy,1,0,0.22165604950860143,0.12411982973571867,24,0,0,0,0,0,0,0,0.0,0.55,0.55,0.55,0.6,0,0.0,0.55,0.55,0.55,0.6,0,0.0,0.6,0.75,0.675,0.7,0,0.0,0.6,0.75,0.675,0.7
72,no_strict_e1_improvement,0,,,,,1,0,1,1,0,1,0,1,0,0,-1,current,0,0,0.046462797492858955,0.046462797492858955,29,25,25,25,25,0,0,1,1.0,1.0,1.0,1.0,1.0,1,1.0,1.0,1.0,1.0,1.0,1,1.0,1.0,1.0,1.0,1.0,1,1.0,1.0,1.0,1.0,1.0
73,max_rounds,0,,,,,1,1,2,1,1,1,1,1,0,0,0,s1a3_greedy,1,0,0.15075884794350713,0.06215613943058997,29,21,21,23,23,2,0,0,0.84,0.7,0.8,0.75,0.75,0,0.84,0.7,0.8,0.75,0.75,0,0.92,0.9,0.9,0.9,0.925,0,0.92,0.9,0.9,0.9,0.925
74,max_rounds,0,,,,,1,1,2,1,1,1,1,1,0,0,0,s1a3_greedy,1,0,0.08784549590200186,0.03546830993145704,33,22,22,25,25,3,0,0,0.88,0.9,0.85,0.875,0.875,0,0.88,0.9,0.85,0.875,0.875,1,1.0,1.0,1.0,1.0,1.0,1,1.0,1.0,1.0,1.0,1.0
75,no_strict_e1_improvement,0,,,,,1,0,2,1,1,1,1,1,0,0,-1,current,0,0,0.07130130445584655,0.07130130445584655,24,21,21,21,21,0,0,0,0.84,0.7,0.75,0.725,0.775,0,0.84,0.7,0.75,0.725,0.775,0,0.84,0.7,0.75,0.725,0.775,0,0.84,0.7,0.75,0.725,0.775
76,small_component,0,,,,,1,0,0,0,0,0,0,1,0,0,-1,current,0,0,0.27347977752797303,0.27347977752797303,15,1,1,1,1,0,0,0,0.04,0.25,0.25,0.25,0.3,0,0.04,0.25,0.25,0.25,0.3,0,0.04,0.25,0.25,0.25,0.3,0,0.04,0.25,0.25,0.25,0.3
77,max_rounds,0,,,,,1,1,2,1,1,1,1,1,0,0,0,s1a3_greedy,1,0,0.23231569231866162,0.21408239859738387,11,1,1,1,1,0,0,0,0.04,0.15,0.15,0.15,0.275,0,0.04,0.15,0.15,0.15,0.275,0,0.04,0.05,0.2,0.125,0.15,0,0.04,0.05,0.2,0.125,0.15
78,max_rounds,0,,,,,1,1,2,1,1,1,1,1,0,0,0,s1a3_greedy,1,0,0.27176019446924327,0.2660131562966853,18,0,0,0,0,0,0,0,0.0,0.5,0.25,0.375,0.425,0,0.0,0.5,0.25,0.375,0.425,0,0.0,0.45,0.35,0.4,0.45,0,0.0,0.45,0.35,0.4,0.45
79,no_strict_e1_improvement,0,,,,,1,0,2,1,1,1,1,1,0,0,-1,current,0,0,0.2196350798010826,0.2196350798010826,23,19,19,19,19,0,0,0,0.76,0.4,0.85,0.625,0.7,0,0.76,0.4,0.85,0.625,0.7,0,0.76,0.4,0.85,0.625,0.7,0,0.76,0.4,0.85,0.625,0.7
80,no_strict_e1_improvement,0,,,,,1,0,1,1,0,1,0,1,0,0,-1,current,0,0,0.016271275910548867,0.016271275910548867,31,21,21,21,21,0,0,0,0.84,0.85,0.8,0.825,0.85,0,0.84,0.85,0.8,0.825,0.85,0,0.84,0.85,0.8,0.825,0.85,0,0.84,0.85,0.8,0.825,0.85
81,no_strict_e1_improvement,0,,,,,1,0,1,1,0,1,0,1,0,0,-1,current,0,0,0.05068721603602171,0.05068721603602171,30,25,25,25,25,0,0,1,1.0,1.0,1.0,1.0,1.0,1,1.0,1.0,1.0,1.0,1.0,1,1.0,1.0,1.0,1.0,1.0,1,1.0,1.0,1.0,1.0,1.0
82,partial_completed__max_rounds,1,,5,2,4,1,1,2,1,1,1,1,1,0,0,0,s1a3_greedy,1,0,0.18905887794098816,0.1830821076349821,21,10,0,0,0,-10,0,0,0.4,0.4,0.65,0.525,0.575,0,0.0,0.4,0.7,0.55,0.65,0,0.0,0.5,0.75,0.625,0.75,0,0.0,0.5,0.75,0.625,0.75
83,no_strict_e1_improvement,0,,,,,1,0,2,1,1,1,1,1,0,0,-1,current,0,0,0.26565130550879984,0.26565130550879984,18,0,0,0,0,0,0,0,0.0,0.45,0.5,0.475,0.55,0,0.0,0.45,0.5,0.475,0.55,0,0.0,0.45,0.5,0.475,0.55,0,0.0,0.45,0.5,0.475,0.55
84,max_rounds,0,,,,,1,1,2,1,1,1,1,1,0,0,0,s1a3_greedy,1,0,0.13923357478342951,0.1353781167883426,29,17,17,18,18,1,0,0,0.68,0.7,0.7,0.7,0.75,0,0.68,0.7,0.7,0.7,0.75,0,0.72,0.7,0.75,0.725,0.775,0,0.72,0.7,0.75,0.725,0.775
85,partial_completed__max_rounds,1,,5,2,4,1,1,2,1,1,1,1,1,0,0,0,s1a3_greedy,1,0,0.23079799111001192,0.2270459339953959,17,2,2,2,2,0,0,0,0.08,0.45,0.4,0.425,0.425,0,0.08,0.55,0.45,0.5,0.6,0,0.08,0.35,0.6,0.475,0.475,0,0.08,0.35,0.6,0.475,0.475
86,no_strict_e1_improvement,0,,,,,1,0,2,1,1,1,1,1,0,0,-1,current,0,0,0.20141087749507278,0.20141087749507278,24,0,0,0,0,0,0,0,0.0,0.5,0.55,0.525,0.55,0,0.0,0.5,0.55,0.525,0.55,0,0.0,0.5,0.55,0.525,0.55,0,0.0,0.5,0.55,0.525,0.55
87,partial_completed__max_rounds,1,,5,2,4,1,1,2,1,1,1,1,1,0,0,0,s1a3_greedy,1,0,0.21689701399300249,0.18925523884245193,13,4,5,6,6,2,0,0,0.16,0.1,0.25,0.175,0.225,0,0.2,0.1,0.3,0.2,0.25,0,0.24,0.1,0.4,0.25,0.325,0,0.24,0.1,0.4,0.25,0.325
88,no_strict_e1_improvement,0,,,,,1,0,1,1,0,1,0,1,0,0,-1,current,0,0,0.0650855435684207,0.0650855435684207,29,0,0,0,0,0,0,0,0.0,0.75,0.75,0.75,0.75,0,0.0,0.75,0.75,0.75,0.75,0,0.0,0.75,0.75,0.75,0.75,0,0.0,0.75,0.75,0.75,0.75
89,no_strict_e1_improvement,0,,,,,1,0,1,1,0,1,0,1,0,0,-1,current,0,0,0.04042383446358144,0.04042383446358144,30,25,25,25,25,0,0,1,1.0,1.0,1.0,1.0,1.0,1,1.0,1.0,1.0,1.0,1.0,1,1.0,1.0,1.0,1.0,1.0,1,1.0,1.0,1.0,1.0,1.0
90,no_strict_e1_improvement,0,,,,,1,0,1,1,0,1,0,1,0,0,-1,current,0,0,0.07126161782070994,0.07126161782070994,32,25,25,25,25,0,0,1,1.0,1.0,1.0,1.0,1.0,1,1.0,1.0,1.0,1.0,1.0,1,1.0,1.0,1.0,1.0,1.0,1,1.0,1.0,1.0,1.0,1.0
91,no_strict_e1_improvement,0,,,,,1,0,2,1,1,1,1,1,0,0,-1,current,0,0,0.11390909627079963,0.11390909627079963,27,0,0,0,0,0,0,0,0.0,0.3,0.55,0.425,0.525,0,0.0,0.3,0.55,0.425,0.525,0,0.0,0.3,0.55,0.425,0.525,0,0.0,0.3,0.55,0.425,0.525
92,max_rounds,0,,,,,1,1,2,1,1,1,1,1,0,0,0,s1a3_greedy,1,0,0.30840863538905977,0.2032034810865298,21,0,0,0,0,0,0,0,0.0,0.35,0.5,0.425,0.475,0,0.0,0.35,0.5,0.425,0.475,0,0.0,0.65,0.7,0.675,0.675,0,0.0,0.65,0.7,0.675,0.675
93,no_strict_e1_improvement,0,,,,,1,0,2,1,1,1,1,1,0,0,-1,current,0,0,0.18407541348133236,0.18407541348133236,25,0,0,0,0,0,0,0,0.0,0.6,0.7,0.65,0.7,0,0.0,0.6,0.7,0.65,0.7,0,0.0,0.6,0.7,0.65,0.7,0,0.0,0.6,0.7,0.65,0.7
94,no_strict_e1_improvement,0,,,,,1,0,1,1,0,1,0,1,0,0,-1,current,0,0,0.009708159550791606,0.009708159550791606,36,25,25,25,25,0,0,1,1.0,1.0,1.0,1.0,1.0,1,1.0,1.0,1.0,1.0,1.0,1,1.0,1.0,1.0,1.0,1.0,1,1.0,1.0,1.0,1.0,1.0
95,max_rounds,0,,,,,1,1,2,1,1,1,1,1,0,0,0,s1a3_greedy,1,0,0.2574603400658816,0.15522167109884322,19,0,0,0,0,0,0,0,0.0,0.35,0.25,0.3,0.375,0,0.0,0.35,0.25,0.3,0.375,0,0.0,0.45,0.35,0.4,0.45,0,0.0,0.45,0.35,0.4,0.45
96,max_rounds,0,,,,,1,1,2,1,1,1,1,1,0,0,0,s1a3_greedy,1,0,0.19290638347156347,0.1427134980331175,18,0,0,2,2,2,0,0,0.0,0.25,0.4,0.325,0.375,0,0.0,0.25,0.4,0.325,0.375,0,0.08,0.35,0.55,0.45,0.525,0,0.08,0.35,0.55,0.45,0.525
97,no_strict_e1_improvement,0,,,,,1,0,2,1,1,1,1,1,0,0,-1,current,0,0,0.08383176560164429,0.08383176560164429,29,0,0,0,0,0,0,0,0.0,0.75,1.0,0.875,0.875,0,0.0,0.75,1.0,0.875,0.875,0,0.0,0.75,1.0,0.875,0.875,0,0.0,0.75,1.0,0.875,0.875
98,partial_completed__max_rounds,1,,5,2,4,1,1,2,1,1,1,1,1,0,0,0,s1a3_greedy,1,0,0.2389765024301596,0.19584996135672555,14,1,1,4,4,3,0,0,0.04,0.5,0.2,0.35,0.35,0,0.04,0.6,0.2,0.4,0.4,0,0.16,0.4,0.1,0.25,0.3,0,0.16,0.4,0.1,0.25,0.3
99,no_strict_e1_improvement,0,,,,,1,0,1,1,0,1,0,1,0,0,-1,current,0,0,0.07672568624839186,0.07672568624839186,30,0,0,0,0,0,0,0,0.0,0.8,0.7,0.75,0.775,0,0.0,0.8,0.7,0.75,0.775,0,0.0,0.8,0.7,0.75,0.775,0,0.0,0.8,0.7,0.75,0.775
100,max_rounds,0,,,,,1,1,2,1,1,1,1,1,0,0,0,s1a3_greedy,1,0,0.2829689661040902,0.2667394291143864,17,9,9,8,8,-1,0,0,0.36,0.45,0.5,0.475,0.5,0,0.36,0.45,0.5,0.475,0.5,0,0.32,0.55,0.35,0.45,0.5,0,0.32,0.55,0.35,0.45,0.5
101,no_strict_e1_improvement,0,,,,,1,0,1,1,0,1,0,1,0,0,-1,current,0,0,0.02738245769869536,0.02738245769869536,31,25,25,25,25,0,0,1,1.0,1.0,1.0,1.0,1.0,1,1.0,1.0,1.0,1.0,1.0,1,1.0,1.0,1.0,1.0,1.0,1,1.0,1.0,1.0,1.0,1.0
102,max_rounds,0,,,,,1,1,2,1,1,1,1,1,0,0,0,s1a3_greedy,1,0,0.29984033974469637,0.21399041556869633,10,1,1,0,0,-1,0,0,0.04,0.1,0.25,0.175,0.25,0,0.04,0.1,0.25,0.175,0.25,0,0.0,0.25,0.25,0.25,0.35,0,0.0,0.25,0.25,0.25,0.35
103,max_rounds,0,,,,,1,1,2,1,1,1,1,1,0,0,0,s1a3_greedy,1,0,0.24848373669665308,0.20484103733906522,16,1,1,0,0,-1,0,0,0.04,0.55,0.2,0.375,0.45,0,0.04,0.55,0.2,0.375,0.45,0,0.0,0.55,0.1,0.325,0.4,0,0.0,0.55,0.1,0.325,0.4
104,max_rounds,0,,,,,1,1,2,1,1,1,1,1,0,0,0,s1a3_greedy,1,0,0.1807841608999297,0.11020860043354333,26,0,0,0,0,0,0,0,0.0,0.6,0.5,0.55,0.65,0,0.0,0.6,0.5,0.55,0.65,0,0.0,0.9,0.4,0.65,0.8,0,0.0,0.9,0.4,0.65,0.8
105,no_strict_e1_improvement,0,,,,,1,0,1,1,0,1,0,1,0,0,-1,current,0,0,0.01705511239124462,0.01705511239124462,36,25,25,25,25,0,0,1,1.0,1.0,1.0,1.0,1.0,1,1.0,1.0,1.0,1.0,1.0,1,1.0,1.0,1.0,1.0,1.0,1,1.0,1.0,1.0,1.0,1.0
106,no_strict_e1_improvement,0,,,,,1,0,2,1,1,1,1,1,0,0,-1,current,0,0,0.09804258593358099,0.09804258593358099,28,21,21,21,21,0,0,0,0.84,0.9,0.8,0.85,0.85,0,0.84,0.9,0.8,0.85,0.85,0,0.84,0.9,0.8,0.85,0.85,0,0.84,0.9,0.8,0.85,0.85
107,no_strict_e1_improvement,0,,,,,1,0,2,1,1,1,1,1,0,0,-1,current,0,0,0.14863220083643683,0.14863220083643683,15,1,1,1,1,0,0,0,0.04,0.15,0.25,0.2,0.25,0,0.04,0.15,0.25,0.2,0.25,0,0.04,0.15,0.25,0.2,0.25,0,0.04,0.15,0.25,0.2,0.25
108,max_rounds,0,,,,,1,1,2,1,1,1,1,1,0,0,0,s1a3_greedy,1,0,0.25619636334013196,0.1682194530731067,21,1,1,1,1,0,0,0,0.04,0.35,0.4,0.375,0.475,0,0.04,0.35,0.4,0.375,0.475,0,0.04,0.35,0.65,0.5,0.625,0,0.04,0.35,0.65,0.5,0.625
109,max_rounds,0,,,,,1,1,2,1,1,1,1,1,0,0,0,s1a3_greedy,1,0,0.23209259198047222,0.2226474357652478,15,0,0,1,1,1,0,0,0.0,0.35,0.35,0.35,0.4,0,0.0,0.35,0.35,0.35,0.4,0,0.04,0.35,0.25,0.3,0.375,0,0.04,0.35,0.25,0.3,0.375
110,no_strict_e1_improvement,0,,,,,1,0,2,1,1,1,1,1,0,0,-1,current,0,0,0.2586425147484988,0.2586425147484988,21,0,0,0,0,0,0,0,0.0,0.45,0.5,0.475,0.475,0,0.0,0.45,0.5,0.475,0.475,0,0.0,0.45,0.5,0.475,0.475,0,0.0,0.45,0.5,0.475,0.475
111,max_rounds,0,,,,,1,1,2,1,1,1,1,1,0,0,0,s1a3_greedy,1,0,0.11095978277735412,0.020151298446580767,29,22,22,23,23,1,0,0,0.88,0.9,0.85,0.875,0.875,0,0.88,0.9,0.85,0.875,0.875,0,0.92,0.85,0.9,0.875,0.875,0,0.92,0.85,0.9,0.875,0.875
112,max_rounds,0,,,,,1,1,2,1,1,1,1,1,0,0,0,s1a3_greedy,1,0,0.1815756012161728,0.13239744132733905,20,14,14,11,11,-3,0,0,0.56,0.65,0.35,0.5,0.575,0,0.56,0.65,0.35,0.5,0.575,0,0.44,0.55,0.45,0.5,0.5,0,0.44,0.55,0.45,0.5,0.5
113,small_component,0,,,,,1,0,0,0,0,0,0,1,0,0,-1,current,0,0,0.29470522282645106,0.29470522282645106,15,0,0,0,0,0,0,0,0.0,0.2,0.3,0.25,0.375,0,0.0,0.2,0.3,0.25,0.375,0,0.0,0.2,0.3,0.25,0.375,0,0.0,0.2,0.3,0.25,0.375
114,no_strict_e1_improvement,0,,,,,1,0,1,1,0,1,0,1,0,0,-1,current,0,0,0.04768355875276029,0.04768355875276029,34,25,25,25,25,0,0,1,1.0,1.0,1.0,1.0,1.0,1,1.0,1.0,1.0,1.0,1.0,1,1.0,1.0,1.0,1.0,1.0,1,1.0,1.0,1.0,1.0,1.0
115,no_strict_e1_improvement,0,,,,,1,0,1,1,0,1,0,1,0,0,-1,current,0,0,0.04764552365522832,0.04764552365522832,30,25,25,25,25,0,0,1,1.0,1.0,1.0,1.0,1.0,1,1.0,1.0,1.0,1.0,1.0,1,1.0,1.0,1.0,1.0,1.0,1,1.0,1.0,1.0,1.0,1.0
116,max_rounds,0,,,,,1,1,2,1,1,1,1,1,0,0,0,s1a3_greedy,1,0,0.11060134304570965,0.08318763916031457,22,0,0,0,0,0,0,0,0.0,0.7,0.4,0.55,0.55,0,0.0,0.7,0.4,0.55,0.55,0,0.0,0.65,0.4,0.525,0.55,0,0.0,0.65,0.4,0.525,0.55
117,no_strict_e1_improvement,0,,,,,1,0,2,1,1,1,1,1,0,0,-1,current,0,0,0.13751790896058083,0.13751790896058083,27,0,0,0,0,0,0,0,0.0,0.75,0.75,0.75,0.75,0,0.0,0.75,0.75,0.75,0.75,0,0.0,0.75,0.75,0.75,0.75,0,0.0,0.75,0.75,0.75,0.75
118,partial_completed__max_rounds,1,,5,2,3,1,1,2,1,1,1,1,1,0,0,0,s1a3_greedy,1,0,0.21026844917796553,0.17053927555680276,17,2,2,0,0,-2,0,0,0.08,0.25,0.15,0.2,0.275,0,0.08,0.25,0.2,0.225,0.3,0,0.0,0.5,0.15,0.325,0.35,0,0.0,0.5,0.15,0.325,0.35
119,max_rounds,0,,,,,1,1,2,1,1,1,1,1,0,0,0,s1a3_greedy,1,0,0.3244688525795937,0.22533475876152806,17,0,0,0,0,0,0,0,0.0,0.3,0.25,0.275,0.375,0,0.0,0.3,0.25,0.275,0.375,0,0.0,0.4,0.35,0.375,0.425,0,0.0,0.4,0.35,0.375,0.425
120,no_strict_e1_improvement,0,,,,,1,0,1,1,0,1,0,1,0,0,-1,current,0,0,0.016345100139733403,0.016345100139733403,32,0,0,0,0,0,0,0,0.0,1.0,0.75,0.875,0.875,0,0.0,1.0,0.75,0.875,0.875,0,0.0,1.0,0.75,0.875,0.875,0,0.0,1.0,0.75,0.875,0.875
121,max_rounds,0,,,,,1,1,2,1,1,1,1,1,0,0,0,s1a3_greedy,1,0,0.22617956078611315,0.049755628732964394,26,1,1,0,0,-1,0,0,0.04,0.75,0.35,0.55,0.6,0,0.04,0.75,0.35,0.55,0.6,0,0.0,1.0,0.75,0.875,0.875,0,0.0,1.0,0.75,0.875,0.875
122,no_strict_e1_improvement,0,,,,,1,0,1,1,0,1,0,1,0,0,-1,current,0,0,0.10910823680460453,0.10910823680460453,28,0,0,0,0,0,0,0,0.0,0.75,0.9,0.825,0.825,0,0.0,0.75,0.9,0.825,0.825,0,0.0,0.75,0.9,0.825,0.825,0,0.0,0.75,0.9,0.825,0.825
123,max_rounds,0,,,,,1,1,2,1,1,1,1,1,0,0,0,s1a3_greedy,1,0,0.2185612485744059,0.1720538561232388,23,0,0,1,1,1,0,0,0.0,0.5,0.55,0.525,0.55,0,0.0,0.5,0.55,0.525,0.55,0,0.04,0.4,0.6,0.5,0.525,0,0.04,0.4,0.6,0.5,0.525
124,max_rounds,0,,,,,1,1,2,1,1,1,1,1,0,0,0,s1a3_greedy,1,0,0.1197659284225665,0.07682698467397131,19,12,12,15,15,3,0,0,0.48,0.5,0.65,0.575,0.6,0,0.48,0.5,0.65,0.575,0.6,0,0.6,0.55,0.65,0.6,0.6,0,0.6,0.55,0.65,0.6,0.6
125,no_strict_e1_improvement,0,,,,,1,0,2,1,1,1,1,1,0,0,-1,current,0,0,0.21247508995002135,0.21247508995002135,18,0,0,0,0,0,0,0,0.0,0.6,0.35,0.475,0.5,0,0.0,0.6,0.35,0.475,0.5,0,0.0,0.6,0.35,0.475,0.5,0,0.0,0.6,0.35,0.475,0.5
126,max_rounds,0,,,,,1,1,2,1,1,1,1,1,0,0,0,s1a3_greedy,1,0,0.10422863374114968,0.02067661181790754,24,18,18,25,25,7,0,0,0.72,0.75,0.7,0.725,0.75,0,0.72,0.75,0.7,0.725,0.75,1,1.0,1.0,1.0,1.0,1.0,1,1.0,1.0,1.0,1.0,1.0
127,max_rounds,0,,,,,1,1,2,1,1,1,1,1,0,0,0,s1a3_greedy,1,0,0.2361105639487505,0.13457246306352316,19,8,8,15,15,7,0,0,0.32,0.25,0.35,0.3,0.475,0,0.32,0.25,0.35,0.3,0.475,0,0.6,0.5,0.6,0.55,0.6,0,0.6,0.5,0.6,0.55,0.6
128,no_strict_e1_improvement,0,,,,,1,0,2,1,1,1,1,1,0,0,-1,current,0,0,0.17181166211375967,0.17181166211375967,21,0,0,0,0,0,0,0,0.0,0.45,0.75,0.6,0.625,0,0.0,0.45,0.75,0.6,0.625,0,0.0,0.45,0.75,0.6,0.625,0,0.0,0.45,0.75,0.6,0.625
129,max_rounds,0,,,,,1,1,2,1,1,1,1,1,0,0,0,s1a3_greedy,1,0,0.23511665067635476,0.21716423109173774,13,0,0,0,0,0,0,0,0.0,0.25,0.2,0.225,0.275,0,0.0,0.25,0.2,0.225,0.275,0,0.0,0.3,0.15,0.225,0.35,0,0.0,0.3,0.15,0.225,0.35
130,no_strict_e1_improvement,0,,,,,1,0,2,1,1,1,1,1,0,0,-1,current,0,0,0.13906546598300337,0.13906546598300337,27,0,0,0,0,0,0,0,0.0,0.6,0.75,0.675,0.675,0,0.0,0.6,0.75,0.675,0.675,0,0.0,0.6,0.75,0.675,0.675,0,0.0,0.6,0.75,0.675,0.675
131,no_strict_e1_improvement,0,,,,,1,0,2,1,1,1,1,1,0,0,-1,current,0,0,0.2196529144537635,0.2196529144537635,19,2,2,2,2,0,0,0,0.08,0.4,0.25,0.325,0.425,0,0.08,0.4,0.25,0.325,0.425,0,0.08,0.4,0.25,0.325,0.425,0,0.08,0.4,0.25,0.325,0.425
132,max_rounds,0,,,,,1,1,2,1,1,1,1,1,0,0,0,s1a3_greedy,1,0,0.1532505800598301,0.13272125830408185,14,0,0,1,1,1,0,0,0.0,0.6,0.45,0.525,0.55,0,0.0,0.6,0.45,0.525,0.55,0,0.04,0.45,0.35,0.4,0.475,0,0.04,0.45,0.35,0.4,0.475
133,max_rounds,0,,,,,1,1,2,1,1,1,1,1,0,0,0,s1a3_greedy,1,0,0.2500368346110918,0.17109525527339428,16,1,1,0,0,-1,0,0,0.04,0.3,0.3,0.3,0.4,0,0.04,0.3,0.3,0.3,0.4,0,0.0,0.3,0.55,0.425,0.45,0,0.0,0.3,0.55,0.425,0.45
134,no_strict_e1_improvement,0,,,,,1,0,2,1,1,1,1,1,0,0,-1,current,0,0,0.14409257988445462,0.14409257988445462,20,0,0,0,0,0,0,0,0.0,0.5,0.4,0.45,0.575,0,0.0,0.5,0.4,0.45,0.575,0,0.0,0.5,0.4,0.45,0.575,0,0.0,0.5,0.4,0.45,0.575
135,no_strict_e1_improvement,0,,,,,1,0,1,1,0,1,0,1,0,0,-1,current,0,0,0.044346050953026864,0.044346050953026864,29,0,0,0,0,0,0,0,0.0,0.75,0.8,0.775,0.775,0,0.0,0.75,0.8,0.775,0.775,0,0.0,0.75,0.8,0.775,0.775,0,0.0,0.75,0.8,0.775,0.775
136,max_rounds,0,,,,,1,1,2,1,1,1,1,1,0,0,0,s1a3_greedy,1,0,0.06822601365856826,0.03590166950598359,29,22,22,23,23,1,0,0,0.88,0.8,0.85,0.825,0.825,0,0.88,0.8,0.85,0.825,0.825,0,0.92,0.9,0.9,0.9,0.925,0,0.92,0.9,0.9,0.9,0.925
137,max_rounds,0,,,,,1,1,2,1,1,1,1,1,0,0,0,s1a3_greedy,1,0,0.22708278633654116,0.14639190847519784,18,1,1,1,1,0,0,0,0.04,0.25,0.4,0.325,0.4,0,0.04,0.25,0.4,0.325,0.4,0,0.04,0.45,0.65,0.55,0.55,0,0.04,0.45,0.65,0.55,0.55
138,max_rounds,0,,,,,1,1,2,1,1,1,1,1,0,0,0,s1a3_greedy,1,0,0.11517424923367799,0.04939117399044335,30,0,0,0,0,0,0,0,0.0,0.6,0.85,0.725,0.775,0,0.0,0.6,0.85,0.725,0.775,0,0.0,0.75,1.0,0.875,0.875,0,0.0,0.75,1.0,0.875,0.875
139,max_rounds,0,,,,,1,1,2,1,1,1,1,1,0,0,0,s1a3_greedy,1,0,0.11436552498489619,0.09160223593935371,20,0,0,1,1,1,0,0,0.0,0.75,0.75,0.75,0.75,0,0.0,0.75,0.75,0.75,0.75,0,0.04,0.6,0.75,0.675,0.7,0,0.04,0.6,0.75,0.675,0.7
140,max_rounds,0,,,,,1,1,2,1,1,1,1,1,0,0,0,s1a3_greedy,1,0,0.18144660621182992,0.1589984591351822,16,5,5,1,1,-4,0,0,0.2,0.2,0.2,0.2,0.3,0,0.2,0.2,0.2,0.2,0.3,0,0.04,0.2,0.3,0.25,0.325,0,0.04,0.2,0.3,0.25,0.325
141,no_strict_e1_improvement,0,,,,,1,0,2,1,1,1,1,1,0,0,-1,current,0,0,0.06416643472621217,0.06416643472621217,29,22,22,22,22,0,0,0,0.88,0.9,0.85,0.875,0.875,0,0.88,0.9,0.85,0.875,0.875,0,0.88,0.9,0.85,0.875,0.875,0,0.88,0.9,0.85,0.875,0.875
142,max_rounds,0,,,,,1,1,2,1,1,1,1,1,0,0,0,s1a3_greedy,1,0,0.20114364140026736,0.11907086763822008,16,0,0,0,0,0,0,0,0.0,0.55,0.15,0.35,0.375,0,0.0,0.55,0.15,0.35,0.375,0,0.0,0.45,0.3,0.375,0.4,0,0.0,0.45,0.3,0.375,0.4
143,max_rounds,0,,,,,1,1,2,1,1,1,1,1,0,0,0,s1a3_greedy,1,0,0.10602677834831412,0.020583417371381075,29,20,20,25,25,5,0,0,0.8,0.7,0.65,0.675,0.7,0,0.8,0.7,0.65,0.675,0.7,1,1.0,1.0,1.0,1.0,1.0,1,1.0,1.0,1.0,1.0,1.0
144,no_strict_e1_improvement,0,,,,,1,0,1,1,0,1,0,1,0,0,-1,current,0,0,0.08298206489998847,0.08298206489998847,25,23,23,23,23,0,0,0,0.92,0.9,0.85,0.875,0.875,0,0.92,0.9,0.85,0.875,0.875,0,0.92,0.9,0.85,0.875,0.875,0,0.92,0.9,0.85,0.875,0.875
145,max_rounds,0,,,,,1,1,2,1,1,1,1,1,0,0,0,s1a3_greedy,1,0,0.23960110422049183,0.19002398094162345,19,0,0,0,0,0,0,0,0.0,0.5,0.6,0.55,0.575,0,0.0,0.5,0.6,0.55,0.575,0,0.0,0.5,0.55,0.525,0.575,0,0.0,0.5,0.55,0.525,0.575
146,max_rounds,0,,,,,1,1,2,1,1,1,1,1,0,0,0,s1a3_greedy,1,0,0.15500487182289363,0.12533966100309044,26,23,23,20,20,-3,0,0,0.92,0.85,0.8,0.825,0.925,0,0.92,0.85,0.8,0.825,0.925,0,0.8,0.75,0.65,0.7,0.725,0,0.8,0.75,0.65,0.7,0.725
147,no_strict_e1_improvement,0,,,,,1,0,2,1,1,1,1,1,0,0,-1,current,0,0,0.21130721382796763,0.21130721382796763,23,0,0,0,0,0,0,0,0.0,0.65,0.55,0.6,0.625,0,0.0,0.65,0.55,0.6,0.625,0,0.0,0.65,0.55,0.6,0.625,0,0.0,0.65,0.55,0.6,0.625
148,max_rounds,0,,,,,1,1,2,1,1,1,1,1,0,0,0,s1a3_greedy,1,0,0.18715472627663984,0.15365490317344666,14,0,0,0,0,0,0,0,0.0,0.85,0.6,0.725,0.725,0,0.0,0.85,0.6,0.725,0.725,0,0.0,0.6,0.5,0.55,0.6,0,0.0,0.6,0.5,0.55,0.6
149,no_strict_e1_improvement,0,,,,,1,0,1,1,0,1,0,1,0,0,-1,current,0,0,0.02057325388304889,0.02057325388304889,34,25,25,25,25,0,0,1,1.0,1.0,1.0,1.0,1.0,1,1.0,1.0,1.0,1.0,1.0,1,1.0,1.0,1.0,1.0,1.0,1,1.0,1.0,1.0,1.0,1.0
150,max_rounds,0,,,,,1,1,2,1,1,1,1,1,0,0,0,s1a3_greedy,1,0,0.19263597854878753,0.142438205704093,18,0,0,0,0,0,0,0,0.0,0.4,0.4,0.4,0.425,0,0.0,0.4,0.4,0.4,0.425,0,0.0,0.5,0.4,0.45,0.525,0,0.0,0.5,0.4,0.45,0.525
151,max_rounds,0,,,,,1,1,2,1,1,1,1,1,0,0,0,s1a3_greedy,1,0,0.15096811938565224,0.1341533775208518,22,0,0,0,0,0,0,0,0.0,0.6,0.35,0.475,0.5,0,0.0,0.6,0.35,0.475,0.5,0,0.0,0.65,0.25,0.45,0.5,0,0.0,0.65,0.25,0.45,0.5
152,max_rounds,0,,,,,1,1,2,1,1,1,1,1,0,0,0,s1a3_greedy,1,0,0.040009372285567224,0.029693310416769238,27,21,21,23,23,2,0,0,0.84,0.8,0.8,0.8,0.85,0,0.84,0.8,0.8,0.8,0.85,0,0.92,0.9,0.9,0.9,0.925,0,0.92,0.9,0.9,0.9,0.925
153,partial_completed__max_rounds,1,,5,2,4,1,1,2,1,1,1,1,1,0,0,0,s1a3_greedy,1,0,0.1160572912544012,0.08238507360219956,30,0,1,0,0,0,0,0,0.0,0.6,0.4,0.5,0.525,0,0.04,0.7,0.45,0.575,0.625,0,0.0,0.8,0.55,0.675,0.7,0,0.0,0.8,0.55,0.675,0.7
154,max_rounds,0,,,,,1,1,2,1,1,1,1,1,0,0,0,s1a3_greedy,1,0,0.13752907318994403,0.1119218781008385,28,22,22,19,19,-3,0,0,0.88,0.75,0.75,0.75,0.8,0,0.88,0.75,0.75,0.75,0.8,0,0.76,0.75,0.7,0.725,0.725,0,0.76,0.75,0.7,0.725,0.725
155,no_strict_e1_improvement,0,,,,,1,0,1,1,0,1,0,1,0,0,-1,current,0,0,0.03783736723707989,0.03783736723707989,32,0,0,0,0,0,0,0,0.0,0.75,0.95,0.85,0.85,0,0.0,0.75,0.95,0.85,0.85,0,0.0,0.75,0.95,0.85,0.85,0,0.0,0.75,0.95,0.85,0.85
156,partial_completed__no_strict_e1_improvement,1,,5,2,4,1,0,2,1,1,1,1,1,0,0,-1,current,1,0,0.13779512159526347,0.13779512159526347,24,5,5,5,5,0,0,0,0.2,0.25,0.8,0.525,0.525,0,0.2,0.25,1.0,0.625,0.75,0,0.2,0.25,1.0,0.625,0.75,0,0.2,0.25,1.0,0.625,0.75
157,no_strict_e1_improvement,0,,,,,1,0,2,1,1,1,1,1,0,0,-1,current,0,0,0.04111451408825815,0.04111451408825815,32,0,0,0,0,0,0,0,0.0,0.75,1.0,0.875,0.875,0,0.0,0.75,1.0,0.875,0.875,0,0.0,0.75,1.0,0.875,0.875,0,0.0,0.75,1.0,0.875,0.875
158,no_strict_e1_improvement,0,,,,,1,0,1,1,0,1,0,1,0,0,-1,current,0,0,0.118464353622403,0.118464353622403,27,0,0,0,0,0,0,0,0.0,0.75,1.0,0.875,0.875,0,0.0,0.75,1.0,0.875,0.875,0,0.0,0.75,1.0,0.875,0.875,0,0.0,0.75,1.0,0.875,0.875
159,partial_completed__no_strict_e1_improvement,1,,5,2,4,1,0,2,1,1,1,1,1,0,0,-1,current,1,0,0.04209361462853849,0.04209361462853849,34,0,25,25,25,25,0,0,0.0,0.8,0.75,0.775,0.775,1,1.0,1.0,1.0,1.0,1.0,1,1.0,1.0,1.0,1.0,1.0,1,1.0,1.0,1.0,1.0,1.0
160,max_rounds,0,,,,,1,1,2,1,1,1,1,1,0,0,0,s1a3_greedy,1,0,0.2228043012903072,0.0943919267388992,15,0,0,0,0,0,0,0,0.0,0.45,0.15,0.3,0.375,0,0.0,0.45,0.15,0.3,0.375,0,0.0,0.25,0.35,0.3,0.3,0,0.0,0.25,0.35,0.3,0.3
161,max_rounds,0,,,,,1,1,2,1,1,1,1,1,0,0,0,s1a3_greedy,1,0,0.12731614992953838,0.10158819486387075,24,0,0,0,0,0,0,0,0.0,0.55,0.75,0.65,0.725,0,0.0,0.55,0.75,0.65,0.725,0,0.0,0.55,0.75,0.65,0.675,0,0.0,0.55,0.75,0.65,0.675
162,max_rounds,0,,,,,1,1,2,1,1,1,1,1,0,0,0,s1a3_greedy,1,0,0.25654971052426845,0.12026031101122499,17,0,0,1,1,1,0,0,0.0,0.45,0.25,0.35,0.425,0,0.0,0.45,0.25,0.35,0.425,0,0.04,0.3,0.35,0.325,0.375,0,0.04,0.3,0.35,0.325,0.375
163,max_rounds,0,,,,,1,1,2,1,1,1,1,1,0,0,0,s1a3_greedy,1,0,0.1166339424205944,0.025109756062738596,33,23,23,25,25,2,0,0,0.92,0.8,0.85,0.825,0.825,0,0.92,0.8,0.85,0.825,0.825,1,1.0,1.0,1.0,1.0,1.0,1,1.0,1.0,1.0,1.0,1.0
164,no_strict_e1_improvement,0,,,,,1,0,1,1,0,1,0,1,0,0,-1,current,0,0,0.045742649119347334,0.045742649119347334,31,25,25,25,25,0,0,1,1.0,1.0,1.0,1.0,1.0,1,1.0,1.0,1.0,1.0,1.0,1,1.0,1.0,1.0,1.0,1.0,1,1.0,1.0,1.0,1.0,1.0
165,no_strict_e1_improvement,0,,,,,1,0,1,1,0,1,0,1,0,0,-1,current,0,0,0.01804376479703933,0.01804376479703933,32,25,25,25,25,0,0,1,1.0,1.0,1.0,1.0,1.0,1,1.0,1.0,1.0,1.0,1.0,1,1.0,1.0,1.0,1.0,1.0,1,1.0,1.0,1.0,1.0,1.0
166,max_rounds,0,,,,,1,1,2,1,1,1,1,1,0,0,0,s1a3_greedy,1,0,0.17767960862256588,0.17255272516049444,17,0,0,0,0,0,0,0,0.0,0.3,0.55,0.425,0.45,0,0.0,0.3,0.55,0.425,0.45,0,0.0,0.3,0.6,0.45,0.475,0,0.0,0.3,0.6,0.45,0.475
167,no_strict_e1_improvement,0,,,,,1,0,2,1,1,1,1,1,0,0,-1,current,0,0,0.15303527017822488,0.15303527017822488,24,5,5,5,5,0,0,0,0.2,0.0,0.9,0.45,0.575,0,0.2,0.0,0.9,0.45,0.575,0,0.2,0.0,0.9,0.45,0.575,0,0.2,0.0,0.9,0.45,0.575
168,max_rounds,0,,,,,1,1,2,1,1,1,1,1,0,0,0,s1a3_greedy,1,0,0.1847900399705395,0.11571174731943756,15,1,1,1,1,0,0,0,0.04,0.45,0.4,0.425,0.475,0,0.04,0.45,0.4,0.425,0.475,0,0.04,0.55,0.6,0.575,0.65,0,0.04,0.55,0.6,0.575,0.65
169,max_rounds,0,,,,,1,1,2,1,1,1,1,1,0,0,0,s1a3_greedy,1,0,0.13192055393592456,0.129897131229518,24,0,0,0,0,0,0,0,0.0,0.55,0.8,0.675,0.7,0,0.0,0.55,0.8,0.675,0.7,0,0.0,0.45,0.65,0.55,0.6,0,0.0,0.45,0.65,0.55,0.6
170,max_rounds,0,,,,,1,1,2,1,1,1,1,1,0,0,0,s1a3_greedy,1,0,0.18424654954578729,0.06167216328758514,26,17,17,25,25,8,0,0,0.68,0.8,0.6,0.7,0.825,0,0.68,0.8,0.6,0.7,0.825,1,1.0,1.0,1.0,1.0,1.0,1,1.0,1.0,1.0,1.0,1.0
171,no_strict_e1_improvement,0,,,,,1,0,2,1,1,1,1,1,0,0,-1,current,0,0,0.12431376284221188,0.12431376284221188,24,0,0,0,0,0,0,0,0.0,0.7,0.6,0.65,0.7,0,0.0,0.7,0.6,0.65,0.7,0,0.0,0.7,0.6,0.65,0.7,0,0.0,0.7,0.6,0.65,0.7
172,max_rounds,0,,,,,1,1,2,1,1,1,1,1,0,0,0,s1a3_greedy,1,0,0.24464113027788698,0.10918765784008429,21,1,1,0,0,-1,0,0,0.04,0.55,0.3,0.425,0.5,0,0.04,0.55,0.3,0.425,0.5,0,0.0,0.85,0.6,0.725,0.725,0,0.0,0.85,0.6,0.725,0.725
173,no_strict_e1_improvement,0,,,,,1,0,1,1,0,1,0,1,0,0,-1,current,0,0,0.11913864634698257,0.11913864634698257,25,2,2,2,2,0,0,0,0.08,0.8,0.55,0.675,0.725,0,0.08,0.8,0.55,0.675,0.725,0,0.08,0.8,0.55,0.675,0.725,0,0.08,0.8,0.55,0.675,0.725
174,max_rounds,0,,,,,1,1,2,1,1,1,1,1,0,0,0,s1a3_greedy,1,0,0.3008338325889781,0.20985799899790436,18,14,14,15,15,1,0,0,0.56,0.5,0.45,0.475,0.5,0,0.56,0.5,0.45,0.475,0.5,0,0.6,0.5,0.5,0.5,0.5,0,0.6,0.5,0.5,0.5,0.5
175,no_strict_e1_improvement,0,,,,,1,0,1,1,0,1,0,1,0,0,-1,current,0,0,0.00839389443572145,0.00839389443572145,37,25,25,25,25,0,0,1,1.0,1.0,1.0,1.0,1.0,1,1.0,1.0,1.0,1.0,1.0,1,1.0,1.0,1.0,1.0,1.0,1,1.0,1.0,1.0,1.0,1.0
176,no_strict_e1_improvement,0,,,,,1,0,1,1,0,1,0,1,0,0,-1,current,0,0,0.00809634467586875,0.00809634467586875,37,25,25,25,25,0,0,1,1.0,1.0,1.0,1.0,1.0,1,1.0,1.0,1.0,1.0,1.0,1,1.0,1.0,1.0,1.0,1.0,1,1.0,1.0,1.0,1.0,1.0
177,max_rounds,0,,,,,1,1,2,1,1,1,1,1,0,0,0,s1a3_greedy,1,0,0.07428257637220667,0.03181444975634804,21,0,0,0,0,0,0,0,0.0,0.7,0.75,0.725,0.8,0,0.0,0.7,0.75,0.725,0.8,0,0.0,0.7,0.85,0.775,0.775,0,0.0,0.7,0.85,0.775,0.775
178,no_strict_e1_improvement,0,,,,,1,0,1,1,0,1,0,1,0,0,-1,current,0,0,0.019434026395902037,0.019434026395902037,34,25,25,25,25,0,0,1,1.0,1.0,1.0,1.0,1.0,1,1.0,1.0,1.0,1.0,1.0,1,1.0,1.0,1.0,1.0,1.0,1,1.0,1.0,1.0,1.0,1.0
179,max_rounds,0,,,,,1,1,2,1,1,1,1,1,0,0,0,s1a3_greedy,1,0,0.19148393543437123,0.17755576545605437,16,0,0,0,0,0,0,0,0.0,0.45,0.15,0.3,0.375,0,0.0,0.45,0.15,0.3,0.375,0,0.0,0.4,0.15,0.275,0.325,0,0.0,0.4,0.15,0.275,0.325
180,no_strict_e1_improvement,0,,,,,1,0,1,1,0,1,0,1,0,0,-1,current,0,0,0.05505390097387135,0.05505390097387135,29,0,0,0,0,0,0,0,0.0,0.75,1.0,0.875,0.875,0,0.0,0.75,1.0,0.875,0.875,0,0.0,0.75,1.0,0.875,0.875,0,0.0,0.75,1.0,0.875,0.875
181,max_rounds,0,,,,,1,1,2,1,1,1,1,1,0,0,0,s1a3_greedy,1,0,0.25372523026308047,0.1790661871433258,21,10,10,19,19,9,0,0,0.4,0.45,0.45,0.45,0.45,0,0.4,0.45,0.45,0.45,0.45,0,0.76,0.7,0.85,0.775,0.775,0,0.76,0.7,0.85,0.775,0.775
182,max_rounds,0,,,,,1,1,2,1,1,1,1,1,0,0,0,s1a3_greedy,1,0,0.1973736250773072,0.11008526149671524,25,0,0,1,1,1,0,0,0.0,0.3,0.6,0.45,0.475,0,0.0,0.3,0.6,0.45,0.475,0,0.04,0.65,0.8,0.725,0.775,0,0.04,0.65,0.8,0.725,0.775
183,max_rounds,0,,,,,1,1,2,1,1,1,1,1,0,0,0,s1a3_greedy,1,0,0.22248843532288448,0.17982572747860104,21,0,0,0,0,0,0,0,0.0,0.5,0.45,0.475,0.55,0,0.0,0.5,0.45,0.475,0.55,0,0.0,0.65,0.7,0.675,0.675,0,0.0,0.65,0.7,0.675,0.675
184,max_rounds,0,,,,,1,1,2,1,1,1,1,1,0,0,0,s1a3_greedy,1,0,0.33661789135076103,0.3087933700531721,10,0,0,0,0,0,0,0,0.0,0.2,0.55,0.375,0.4,0,0.0,0.2,0.55,0.375,0.4,0,0.0,0.25,0.25,0.25,0.4,0,0.0,0.25,0.25,0.25,0.4
185,no_strict_e1_improvement,0,,,,,1,0,1,1,0,1,0,1,0,0,-1,current,0,0,0.04020584866811987,0.04020584866811987,31,25,25,25,25,0,0,1,1.0,1.0,1.0,1.0,1.0,1,1.0,1.0,1.0,1.0,1.0,1,1.0,1.0,1.0,1.0,1.0,1,1.0,1.0,1.0,1.0,1.0
186,small_component,0,,,,,1,0,0,0,0,0,0,1,0,0,-1,current,0,0,0.25074602720560507,0.25074602720560507,17,1,1,1,1,0,0,0,0.04,0.1,0.05,0.075,0.2,0,0.04,0.1,0.05,0.075,0.2,0,0.04,0.1,0.05,0.075,0.2,0,0.04,0.1,0.05,0.075,0.2
187,no_strict_e1_improvement,0,,,,,1,0,1,1,0,1,0,1,0,0,-1,current,0,0,0.05588338976876912,0.05588338976876912,32,25,25,25,25,0,0,1,1.0,1.0,1.0,1.0,1.0,1,1.0,1.0,1.0,1.0,1.0,1,1.0,1.0,1.0,1.0,1.0,1,1.0,1.0,1.0,1.0,1.0
188,max_rounds,0,,,,,1,1,2,1,1,1,1,1,0,0,0,s1a3_greedy,1,0,0.22869583455612882,0.1814439204754308,13,0,0,0,0,0,0,0,0.0,0.1,0.4,0.25,0.3,0,0.0,0.1,0.4,0.25,0.3,0,0.0,0.3,0.5,0.4,0.425,0,0.0,0.3,0.5,0.4,0.425
189,max_rounds,0,,,,,1,1,2,1,1,1,1,1,0,0,0,s1a3_greedy,1,0,0.04694764721207321,0.04147913104388863,32,0,0,0,0,0,0,0,0.0,0.75,0.95,0.85,0.85,0,0.0,0.75,0.95,0.85,0.85,0,0.0,0.75,0.85,0.8,0.85,0,0.0,0.75,0.85,0.8,0.85
190,max_rounds,0,,,,,1,1,2,1,1,1,1,1,0,0,0,s1a3_greedy,1,0,0.26615342274308207,0.22142066871747373,16,0,0,0,0,0,0,0,0.0,0.45,0.2,0.325,0.4,0,0.0,0.45,0.2,0.325,0.4,0,0.0,0.35,0.2,0.275,0.35,0,0.0,0.35,0.2,0.275,0.35
191,partial_completed__max_rounds,1,,5,2,4,1,1,2,1,1,1,1,1,0,0,0,s1a3_greedy,1,0,0.2484002633485943,0.10908654363593087,24,0,0,0,0,0,0,0,0.0,0.45,0.3,0.375,0.45,0,0.0,0.55,0.3,0.425,0.525,0,0.0,0.8,0.55,0.675,0.675,0,0.0,0.8,0.55,0.675,0.675
192,no_strict_e1_improvement,0,,,,,1,0,2,1,1,1,1,1,0,0,-1,current,0,0,0.11955144965322688,0.11955144965322688,28,0,0,0,0,0,0,0,0.0,0.75,0.6,0.675,0.7,0,0.0,0.75,0.6,0.675,0.7,0,0.0,0.75,0.6,0.675,0.7,0,0.0,0.75,0.6,0.675,0.7
193,partial_completed__no_strict_e1_improvement,1,,5,2,4,1,0,2,1,1,1,1,1,0,0,-1,current,1,0,0.24520959442015738,0.24520959442015738,17,1,3,3,3,2,0,0,0.04,0.25,0.35,0.3,0.325,0,0.12,0.25,0.35,0.3,0.4,0,0.12,0.25,0.35,0.3,0.4,0,0.12,0.25,0.35,0.3,0.4
194,no_strict_e1_improvement,0,,,,,1,0,1,1,0,1,0,1,0,0,-1,current,0,0,0.08594287540763616,0.08594287540763616,30,25,25,25,25,0,0,1,1.0,1.0,1.0,1.0,1.0,1,1.0,1.0,1.0,1.0,1.0,1,1.0,1.0,1.0,1.0,1.0,1,1.0,1.0,1.0,1.0,1.0
195,no_strict_e1_improvement,0,,,,,1,0,1,1,0,1,0,1,0,0,-1,current,0,0,0.009948119352338835,0.009948119352338835,38,25,25,25,25,0,0,1,1.0,1.0,1.0,1.0,1.0,1,1.0,1.0,1.0,1.0,1.0,1,1.0,1.0,1.0,1.0,1.0,1,1.0,1.0,1.0,1.0,1.0
196,no_strict_e1_improvement,0,,,,,1,0,2,1,1,1,1,1,0,0,-1,current,0,0,0.10062388118822127,0.10062388118822127,29,15,15,15,15,0,0,0,0.6,0.5,0.7,0.6,0.65,0,0.6,0.5,0.7,0.6,0.65,0,0.6,0.5,0.7,0.6,0.65,0,0.6,0.5,0.7,0.6,0.65
197,no_strict_e1_improvement,0,,,,,1,0,1,1,0,1,0,1,0,0,-1,current,0,0,0.05981636941432953,0.05981636941432953,35,0,0,0,0,0,0,0,0.0,0.75,1.0,0.875,0.875,0,0.0,0.75,1.0,0.875,0.875,0,0.0,0.75,1.0,0.875,0.875,0,0.0,0.75,1.0,0.875,0.875
198,partial_completed__max_rounds,1,,5,2,4,1,1,2,1,1,1,1,1,0,0,0,s1a3_greedy,1,0,0.35096641797572375,0.18512749155052005,21,0,9,10,10,10,0,0,0.0,0.45,0.25,0.35,0.375,0,0.36,0.45,0.3,0.375,0.425,0,0.4,0.6,0.65,0.625,0.675,0,0.4,0.6,0.65,0.625,0.675
199,no_strict_e1_improvement,0,,,,,1,0,2,1,1,1,1,1,0,0,-1,current,0,0,0.1545447049313225,0.1545447049313225,19,0,0,0,0,0,0,0,0.0,0.6,0.7,0.65,0.65,0,0.0,0.6,0.7,0.65,0.65,0,0.0,0.6,0.7,0.65,0.65,0,0.0,0.6,0.7,0.65,0.65
200,max_rounds,0,,,,,1,1,2,1,1,1,1,1,0,0,0,s1a3_greedy,1,0,0.028845954206190072,0.024573606831836514,29,23,23,25,25,2,0,0,0.92,0.9,0.9,0.9,0.925,0,0.92,0.9,0.9,0.9,0.925,1,1.0,1.0,1.0,1.0,1.0,1,1.0,1.0,1.0,1.0,1.0
201,max_rounds,0,,,,,1,1,2,1,1,1,1,1,0,0,0,s1a3_greedy,1,0,0.10351583172159735,0.08977869978407398,9,3,3,5,5,2,0,0,0.12,0.2,0.45,0.325,0.35,0,0.12,0.2,0.45,0.325,0.35,0,0.2,0.1,0.45,0.275,0.3,0,0.2,0.1,0.45,0.275,0.3
202,max_rounds,0,,,,,1,1,2,1,1,1,1,1,0,0,0,s1a3_greedy,1,0,0.30088409744203093,0.30085797656793145,11,0,0,1,1,1,0,0,0.0,0.35,0.2,0.275,0.325,0,0.0,0.35,0.2,0.275,0.325,0,0.04,0.3,0.1,0.2,0.325,0,0.04,0.3,0.1,0.2,0.325
203,no_strict_e1_improvement,0,,,,,1,0,2,1,1,1,1,1,0,0,-1,current,0,0,0.04917252446757629,0.04917252446757629,31,0,0,0,0,0,0,0,0.0,0.75,1.0,0.875,0.875,0,0.0,0.75,1.0,0.875,0.875,0,0.0,0.75,1.0,0.875,0.875,0,0.0,0.75,1.0,0.875,0.875
204,max_rounds,0,,,,,1,1,2,1,1,1,1,1,0,0,0,s1a3_greedy,1,0,0.259221947460901,0.24738727029107394,13,1,1,0,0,-1,0,0,0.04,0.45,0.5,0.475,0.525,0,0.04,0.45,0.5,0.475,0.525,0,0.0,0.25,0.45,0.35,0.5,0,0.0,0.25,0.45,0.35,0.5
205,max_rounds,0,,,,,1,1,2,1,1,1,1,1,0,0,0,s1a3_greedy,1,0,0.2603509340668097,0.22192054241895676,14,0,0,0,0,0,0,0,0.0,0.45,0.3,0.375,0.425,0,0.0,0.45,0.3,0.375,0.425,0,0.0,0.5,0.5,0.5,0.525,0,0.0,0.5,0.5,0.5,0.525
206,small_component,0,,,,,1,0,0,0,0,0,0,1,0,0,-1,current,0,0,0.2675158940255642,0.2675158940255642,18,9,9,9,9,0,0,0,0.36,0.4,0.3,0.35,0.45,0,0.36,0.4,0.3,0.35,0.45,0,0.36,0.4,0.3,0.35,0.45,0,0.36,0.4,0.3,0.35,0.45
207,partial_completed__max_rounds,1,,5,2,4,1,1,2,1,1,1,1,1,0,0,0,s1a3_greedy,1,0,0.19975980883464217,0.16867145728319882,28,0,4,0,0,0,0,0,0.0,0.5,0.7,0.6,0.6,0,0.16,0.5,0.85,0.675,0.675,0,0.0,0.5,0.9,0.7,0.7,0,0.0,0.5,0.9,0.7,0.7
208,max_rounds,0,,,,,1,1,2,1,1,1,1,1,0,0,0,s1a3_greedy,1,0,0.2333948166575283,0.19497623379575088,13,0,0,0,0,0,0,0,0.0,0.2,0.45,0.325,0.375,0,0.0,0.2,0.45,0.325,0.375,0,0.0,0.25,0.3,0.275,0.375,0,0.0,0.25,0.3,0.275,0.375
209,no_strict_e1_improvement,0,,,,,1,0,1,1,0,1,0,1,0,0,-1,current,0,0,0.024671274179127067,0.024671274179127067,36,25,25,25,25,0,0,1,1.0,1.0,1.0,1.0,1.0,1,1.0,1.0,1.0,1.0,1.0,1,1.0,1.0,1.0,1.0,1.0,1,1.0,1.0,1.0,1.0,1.0
210,no_strict_e1_improvement,0,,,,,1,0,1,1,0,1,0,1,0,0,-1,current,0,0,0.03013200238056015,0.03013200238056015,33,21,21,21,21,0,0,0,0.84,0.8,0.85,0.825,0.85,0,0.84,0.8,0.85,0.825,0.85,0,0.84,0.8,0.85,0.825,0.85,0,0.84,0.8,0.85,0.825,0.85
211,max_rounds,0,,,,,1,1,2,1,1,1,1,1,0,0,0,s1a3_greedy,1,0,0.16811104246298783,0.10645095100044273,18,1,1,0,0,-1,0,0,0.04,0.5,0.35,0.425,0.575,0,0.04,0.5,0.35,0.425,0.575,0,0.0,0.7,0.75,0.725,0.75,0,0.0,0.7,0.75,0.725,0.75
212,no_strict_e1_improvement,0,,,,,1,0,1,1,0,1,0,1,0,0,-1,current,0,0,0.026033518230542542,0.026033518230542542,36,25,25,25,25,0,0,1,1.0,1.0,1.0,1.0,1.0,1,1.0,1.0,1.0,1.0,1.0,1,1.0,1.0,1.0,1.0,1.0,1,1.0,1.0,1.0,1.0,1.0
213,no_strict_e1_improvement,0,,,,,1,0,1,1,0,1,0,1,0,0,-1,current,0,0,0.028659947979031132,0.028659947979031132,29,25,25,25,25,0,0,1,1.0,1.0,1.0,1.0,1.0,1,1.0,1.0,1.0,1.0,1.0,1,1.0,1.0,1.0,1.0,1.0,1,1.0,1.0,1.0,1.0,1.0
214,no_strict_e1_improvement,0,,,,,1,0,2,1,1,1,1,1,0,0,-1,current,0,0,0.06504322066903115,0.06504322066903115,32,0,0,0,0,0,0,0,0.0,0.75,0.95,0.85,0.85,0,0.0,0.75,0.95,0.85,0.85,0,0.0,0.75,0.95,0.85,0.85,0,0.0,0.75,0.95,0.85,0.85
215,max_rounds,0,,,,,1,1,2,1,1,1,1,1,0,0,0,s1a3_greedy,1,0,0.17145993569865822,0.03757155779749155,29,13,13,23,23,10,0,0,0.52,0.65,0.55,0.6,0.65,0,0.52,0.65,0.55,0.6,0.65,0,0.92,0.9,0.9,0.9,0.925,0,0.92,0.9,0.9,0.9,0.925
216,max_rounds,0,,,,,1,1,2,1,1,1,1,1,0,0,0,s1a3_greedy,1,0,0.19307606974616648,0.14903966588899492,20,13,13,13,13,0,0,0,0.52,0.4,0.5,0.45,0.525,0,0.52,0.4,0.5,0.45,0.525,0,0.52,0.45,0.6,0.525,0.6,0,0.52,0.45,0.6,0.525,0.6
217,no_strict_e1_improvement,0,,,,,1,0,2,1,1,1,1,1,0,0,-1,current,0,0,0.09791262520011515,0.09791262520011515,30,0,0,0,0,0,0,0,0.0,0.9,0.75,0.825,0.825,0,0.0,0.9,0.75,0.825,0.825,0,0.0,0.9,0.75,0.825,0.825,0,0.0,0.9,0.75,0.825,0.825
218,no_strict_e1_improvement,0,,,,,1,0,2,1,1,1,1,1,0,0,-1,current,0,0,0.1422517619561404,0.1422517619561404,18,17,17,17,17,0,0,0,0.68,0.55,0.7,0.625,0.7,0,0.68,0.55,0.7,0.625,0.7,0,0.68,0.55,0.7,0.625,0.7,0,0.68,0.55,0.7,0.625,0.7
219,no_strict_e1_improvement,0,,,,,1,0,2,1,1,1,1,1,0,0,-1,current,0,0,0.21690087551251053,0.21690087551251053,23,14,14,14,14,0,0,0,0.56,0.4,0.5,0.45,0.45,0,0.56,0.4,0.5,0.45,0.45,0,0.56,0.4,0.5,0.45,0.45,0,0.56,0.4,0.5,0.45,0.45
220,no_strict_e1_improvement,0,,,,,1,0,1,1,0,1,0,1,0,0,-1,current,0,0,0.07480073496699333,0.07480073496699333,29,0,0,0,0,0,0,0,0.0,1.0,0.75,0.875,0.875,0,0.0,1.0,0.75,0.875,0.875,0,0.0,1.0,0.75,0.875,0.875,0,0.0,1.0,0.75,0.875,0.875
221,partial_completed__max_rounds,1,,5,2,4,1,1,2,1,1,1,1,1,0,0,0,s1a3_greedy,1,0,0.2621949289226905,0.19170278527308254,12,0,3,1,1,1,0,0,0.0,0.3,0.15,0.225,0.225,0,0.12,0.3,0.15,0.225,0.25,0,0.04,0.55,0.4,0.475,0.525,0,0.04,0.55,0.4,0.475,0.525
222,no_strict_e1_improvement,0,,,,,1,0,2,1,1,1,1,1,0,0,-1,current,0,0,0.08010062365792692,0.08010062365792692,30,0,0,0,0,0,0,0,0.0,0.75,1.0,0.875,0.875,0,0.0,0.75,1.0,0.875,0.875,0,0.0,0.75,1.0,0.875,0.875,0,0.0,0.75,1.0,0.875,0.875
223,small_component,0,,,,,1,0,0,0,0,0,0,1,0,0,-1,current,0,0,0.29366005123592914,0.29366005123592914,20,7,7,7,7,0,0,0,0.28,0.45,0.25,0.35,0.425,0,0.28,0.45,0.25,0.35,0.425,0,0.28,0.45,0.25,0.35,0.425,0,0.28,0.45,0.25,0.35,0.425
224,max_rounds,0,,,,,1,1,2,1,1,1,1,1,0,0,0,s1a3_greedy,1,0,0.1058809394162381,0.037903033746988515,25,0,0,0,0,0,0,0,0.0,0.65,0.75,0.7,0.75,0,0.0,0.65,0.75,0.7,0.75,0,0.0,0.75,0.9,0.825,0.825,0,0.0,0.75,0.9,0.825,0.825
225,max_rounds,0,,,,,1,1,2,1,1,1,1,1,0,0,0,s1a3_greedy,1,0,0.21863795833196492,0.16233204915188254,19,0,0,0,0,0,0,0,0.0,0.25,0.5,0.375,0.475,0,0.0,0.25,0.5,0.375,0.475,0,0.0,0.35,0.55,0.45,0.45,0,0.0,0.35,0.55,0.45,0.45
226,max_rounds,0,,,,,1,1,2,1,1,1,1,1,0,0,0,s1a3_greedy,1,0,0.06543967450852506,0.036860048308153634,29,22,22,25,25,3,0,0,0.88,0.9,0.85,0.875,0.875,0,0.88,0.9,0.85,0.875,0.875,1,1.0,1.0,1.0,1.0,1.0,1,1.0,1.0,1.0,1.0,1.0
227,no_strict_e1_improvement,0,,,,,1,0,1,1,0,1,0,1,0,0,-1,current,0,0,0.10686920415610075,0.10686920415610075,32,0,0,0,0,0,0,0,0.0,0.55,0.9,0.725,0.725,0,0.0,0.55,0.9,0.725,0.725,0,0.0,0.55,0.9,0.725,0.725,0,0.0,0.55,0.9,0.725,0.725
228,no_strict_e1_improvement,0,,,,,1,0,1,1,0,1,0,1,0,0,-1,current,0,0,0.07858836418017745,0.07858836418017745,29,20,20,20,20,0,0,0,0.8,0.5,0.95,0.725,0.725,0,0.8,0.5,0.95,0.725,0.725,0,0.8,0.5,0.95,0.725,0.725,0,0.8,0.5,0.95,0.725,0.725
229,no_strict_e1_improvement,0,,,,,1,0,2,1,1,1,1,1,0,0,-1,current,0,0,0.046228306798730044,0.046228306798730044,32,25,25,25,25,0,0,1,1.0,1.0,1.0,1.0,1.0,1,1.0,1.0,1.0,1.0,1.0,1,1.0,1.0,1.0,1.0,1.0,1,1.0,1.0,1.0,1.0,1.0
230,max_rounds,0,,,,,1,1,2,1,1,1,1,1,0,0,0,s1a3_greedy,1,0,0.09469788693531882,0.07571411183744203,27,0,0,0,0,0,0,0,0.0,0.75,0.85,0.8,0.8,0,0.0,0.75,0.85,0.8,0.8,0,0.0,0.75,0.9,0.825,0.85,0,0.0,0.75,0.9,0.825,0.85
231,max_rounds,0,,,,,1,1,2,1,1,1,1,1,0,0,0,s1a3_greedy,1,0,0.26892250985838473,0.24139797049574555,15,0,0,1,1,1,0,0,0.0,0.4,0.35,0.375,0.425,0,0.0,0.4,0.35,0.375,0.425,0,0.04,0.5,0.2,0.35,0.375,0,0.04,0.5,0.2,0.35,0.375
232,max_rounds,0,,,,,1,1,2,1,1,1,1,1,0,0,0,s1a3_greedy,1,0,0.23954745202790945,0.10855525608640164,25,0,0,0,0,0,0,0,0.0,0.5,0.45,0.475,0.525,0,0.0,0.5,0.45,0.475,0.525,0,0.0,0.65,0.75,0.7,0.725,0,0.0,0.65,0.75,0.7,0.725
233,max_rounds,0,,,,,1,1,2,1,1,1,1,1,0,0,0,s1a3_greedy,1,0,0.2089762884483207,0.1435852233611513,18,0,0,0,0,0,0,0,0.0,0.6,0.6,0.6,0.65,0,0.0,0.6,0.6,0.6,0.65,0,0.0,0.45,0.6,0.525,0.625,0,0.0,0.45,0.6,0.525,0.625
234,no_strict_e1_improvement,0,,,,,1,0,2,1,1,1,1,1,0,0,-1,current,0,0,0.15464127274462952,0.15464127274462952,25,0,0,0,0,0,0,0,0.0,0.8,0.5,0.65,0.75,0,0.0,0.8,0.5,0.65,0.75,0,0.0,0.8,0.5,0.65,0.75,0,0.0,0.8,0.5,0.65,0.75
235,no_strict_e1_improvement,0,,,,,1,0,1,1,0,1,0,1,0,0,-1,current,0,0,0.0010014218525611796,0.0010014218525611796,39,25,25,25,25,0,0,1,1.0,1.0,1.0,1.0,1.0,1,1.0,1.0,1.0,1.0,1.0,1,1.0,1.0,1.0,1.0,1.0,1,1.0,1.0,1.0,1.0,1.0
236,no_strict_e1_improvement,0,,,,,1,0,1,1,0,1,0,1,0,0,-1,current,0,0,0.016821363696362824,0.016821363696362824,25,0,0,0,0,0,0,0,0.0,0.25,1.0,0.625,0.625,0,0.0,0.25,1.0,0.625,0.625,0,0.0,0.25,1.0,0.625,0.625,0,0.0,0.25,1.0,0.625,0.625
237,max_rounds,0,,,,,1,1,2,1,1,1,1,1,0,0,0,s1a3_greedy,1,0,0.22393147945404052,0.2155546572408639,15,10,10,2,2,-8,0,0,0.4,0.4,0.45,0.425,0.5,0,0.4,0.4,0.45,0.425,0.5,0,0.08,0.45,0.45,0.45,0.575,0,0.08,0.45,0.45,0.45,0.575
238,max_rounds,0,,,,,1,1,2,1,1,1,1,1,0,0,0,s1a3_greedy,1,0,0.14668054068461062,0.10673285396769643,24,19,19,19,19,0,0,0,0.76,0.55,0.8,0.675,0.675,0,0.76,0.55,0.8,0.675,0.675,0,0.76,0.65,0.8,0.725,0.75,0,0.76,0.65,0.8,0.725,0.75
239,max_rounds,0,,,,,1,1,2,1,1,1,1,1,0,0,0,s1a3_greedy,1,0,0.3388824747893523,0.2655725168082427,18,0,0,8,8,8,0,0,0.0,0.45,0.4,0.425,0.5,0,0.0,0.45,0.4,0.425,0.5,0,0.32,0.6,0.45,0.525,0.525,0,0.32,0.6,0.45,0.525,0.525
240,max_rounds,0,,,,,1,1,2,1,1,1,1,1,0,0,0,s1a3_greedy,1,0,0.21578285759314894,0.2069885792210698,18,0,0,0,0,0,0,0,0.0,0.5,0.6,0.55,0.6,0,0.0,0.5,0.6,0.55,0.6,0,0.0,0.2,0.45,0.325,0.475,0,0.0,0.2,0.45,0.325,0.475
241,max_rounds,0,,,,,1,1,2,1,1,1,1,1,0,0,0,s1a3_greedy,1,0,0.2313665593508631,0.13393021514639258,23,1,1,0,0,-1,0,0,0.04,0.5,0.5,0.5,0.55,0,0.04,0.5,0.5,0.5,0.55,0,0.0,0.55,0.6,0.575,0.575,0,0.0,0.55,0.6,0.575,0.575
242,max_rounds,0,,,,,1,1,2,1,1,1,1,1,0,0,0,s1a3_greedy,1,0,0.06546736953314394,0.051390552276279776,27,21,21,19,19,-2,0,0,0.84,0.7,0.8,0.75,0.8,0,0.84,0.7,0.8,0.75,0.8,0,0.76,0.55,0.8,0.675,0.75,0,0.76,0.55,0.8,0.675,0.75
243,max_rounds,0,,,,,1,1,2,1,1,1,1,1,0,0,0,s1a3_greedy,1,0,0.26995162274688483,0.19382322952151299,21,0,0,0,0,0,0,0,0.0,0.65,0.25,0.45,0.45,0,0.0,0.65,0.25,0.45,0.45,0,0.0,0.7,0.6,0.65,0.65,0,0.0,0.7,0.6,0.65,0.65
244,max_rounds,0,,,,,1,1,2,1,1,1,1,1,0,0,0,s1a3_greedy,1,0,0.23805850876669865,0.18679908709598864,17,0,0,0,0,0,0,0,0.0,0.35,0.3,0.325,0.375,0,0.0,0.35,0.3,0.325,0.375,0,0.0,0.45,0.15,0.3,0.3,0,0.0,0.45,0.15,0.3,0.3
245,partial_completed__no_strict_e1_improvement,1,,5,2,4,1,0,1,1,0,1,0,1,0,0,-1,current,1,0,0.10909508317708969,0.10909508317708969,28,10,10,10,10,0,0,0,0.4,0.5,0.8,0.65,0.65,0,0.4,0.5,0.9,0.7,0.725,0,0.4,0.5,0.9,0.7,0.725,0,0.4,0.5,0.9,0.7,0.725
246,max_rounds,0,,,,,1,1,2,1,1,1,1,1,0,0,0,s1a3_greedy,1,0,0.2232531047658995,0.13988450125325472,25,8,8,9,9,1,0,0,0.32,0.45,0.6,0.525,0.525,0,0.32,0.45,0.6,0.525,0.525,0,0.36,0.4,0.8,0.6,0.6,0,0.36,0.4,0.8,0.6,0.6
247,max_rounds,0,,,,,1,1,2,1,1,1,1,1,0,0,0,s1a3_greedy,1,0,0.2394815100240521,0.15873694837791846,11,0,0,2,2,2,0,0,0.0,0.2,0.2,0.2,0.3,0,0.0,0.2,0.2,0.2,0.3,0,0.08,0.25,0.2,0.225,0.3,0,0.08,0.25,0.2,0.225,0.3
248,max_rounds,0,,,,,1,1,2,1,1,1,1,1,0,0,0,s1a3_greedy,1,0,0.22256872300058603,0.1785742506441693,13,2,2,1,1,-1,0,0,0.08,0.4,0.3,0.35,0.375,0,0.08,0.4,0.3,0.35,0.375,0,0.04,0.4,0.25,0.325,0.45,0,0.04,0.4,0.25,0.325,0.45
249,no_strict_e1_improvement,0,,,,,1,0,2,1,1,1,1,1,0,0,-1,current,0,0,0.025262280740025744,0.025262280740025744,23,25,25,25,25,0,0,1,1.0,1.0,1.0,1.0,1.0,1,1.0,1.0,1.0,1.0,1.0,1,1.0,1.0,1.0,1.0,1.0,1,1.0,1.0,1.0,1.0,1.0
250,partial_completed__no_strict_e1_improvement,1,,5,2,4,1,0,2,1,1,1,1,1,0,0,-1,current,1,0,0.15707968446076848,0.15707968446076848,24,0,7,7,7,7,0,0,0.0,0.25,0.75,0.5,0.5,0,0.28,0.35,0.9,0.625,0.7,0,0.28,0.35,0.9,0.625,0.7,0,0.28,0.35,0.9,0.625,0.7
251,no_strict_e1_improvement,0,,,,,1,0,2,1,1,1,1,1,0,0,-1,current,0,0,0.05593021502136253,0.05593021502136253,27,25,25,25,25,0,0,1,1.0,1.0,1.0,1.0,1.0,1,1.0,1.0,1.0,1.0,1.0,1,1.0,1.0,1.0,1.0,1.0,1,1.0,1.0,1.0,1.0,1.0
252,max_rounds,0,,,,,1,1,2,1,1,1,1,1,0,0,0,s1a3_greedy,1,0,0.09249354749917985,0.08910424002096988,23,0,0,0,0,0,0,0,0.0,0.55,0.6,0.575,0.575,0,0.0,0.55,0.6,0.575,0.575,0,0.0,0.6,0.45,0.525,0.55,0,0.0,0.6,0.45,0.525,0.55
253,no_strict_e1_improvement,0,,,,,1,0,1,1,0,1,0,1,0,0,-1,current,0,0,0.03343333709053695,0.03343333709053695,30,23,23,23,23,0,0,0,0.92,0.8,0.9,0.85,0.875,0,0.92,0.8,0.9,0.85,0.875,0,0.92,0.8,0.9,0.85,0.875,0,0.92,0.8,0.9,0.85,0.875
254,no_strict_e1_improvement,0,,,,,1,0,2,1,1,1,1,1,0,0,-1,current,0,0,0.12507014009170234,0.12507014009170234,25,1,1,1,1,0,0,0,0.04,0.35,0.4,0.375,0.45,0,0.04,0.35,0.4,0.375,0.45,0,0.04,0.35,0.4,0.375,0.45,0,0.04,0.35,0.4,0.375,0.45
255,no_strict_e1_improvement,0,,,,,1,0,2,1,1,1,1,1,0,0,-1,current,0,0,0.07734744409099222,0.07734744409099222,30,0,0,0,0,0,0,0,0.0,0.75,0.85,0.8,0.8,0,0.0,0.75,0.85,0.8,0.8,0,0.0,0.75,0.85,0.8,0.8,0,0.0,0.75,0.85,0.8,0.8
256,no_strict_e1_improvement,0,,,,,1,0,2,1,1,1,1,1,0,0,-1,current,0,0,0.2524535260745324,0.2524535260745324,18,0,0,0,0,0,0,0,0.0,0.45,0.5,0.475,0.5,0,0.0,0.45,0.5,0.475,0.5,0,0.0,0.45,0.5,0.475,0.5,0,0.0,0.45,0.5,0.475,0.5
257,max_rounds,0,,,,,1,1,2,1,1,1,1,1,0,0,0,s1a3_greedy,1,0,0.06695123707831954,0.02339382483114605,32,3,3,0,0,-3,0,0,0.12,0.55,0.75,0.65,0.675,0,0.12,0.55,0.75,0.65,0.675,0,0.0,0.75,1.0,0.875,0.875,0,0.0,0.75,1.0,0.875,0.875
258,no_strict_e1_improvement,0,,,,,1,0,1,1,0,1,0,1,0,0,-1,current,0,0,0.07233377043157815,0.07233377043157815,29,20,20,20,20,0,0,0,0.8,0.95,0.75,0.85,0.85,0,0.8,0.95,0.75,0.85,0.85,0,0.8,0.95,0.75,0.85,0.85,0,0.8,0.95,0.75,0.85,0.85
259,no_strict_e1_improvement,0,,,,,1,0,2,1,1,1,1,1,0,0,-1,current,0,0,0.11131456079892814,0.11131456079892814,26,4,4,4,4,0,0,0,0.16,0.35,0.75,0.55,0.625,0,0.16,0.35,0.75,0.55,0.625,0,0.16,0.35,0.75,0.55,0.625,0,0.16,0.35,0.75,0.55,0.625
260,no_strict_e1_improvement,0,,,,,1,0,1,1,0,1,0,1,0,0,-1,current,0,0,0.0243764367653057,0.0243764367653057,33,23,23,23,23,0,0,0,0.92,0.9,0.9,0.9,0.925,0,0.92,0.9,0.9,0.9,0.925,0,0.92,0.9,0.9,0.9,0.925,0,0.92,0.9,0.9,0.9,0.925
261,max_rounds,0,,,,,1,1,2,1,1,1,1,1,0,0,0,s1a3_greedy,1,0,0.18954895325005056,0.14347027698531747,21,0,0,0,0,0,0,0,0.0,0.5,0.7,0.6,0.6,0,0.0,0.5,0.7,0.6,0.6,0,0.0,0.55,0.75,0.65,0.7,0,0.0,0.55,0.75,0.65,0.7
262,no_strict_e1_improvement,0,,,,,1,0,2,1,1,1,1,1,0,0,-1,current,0,0,0.04140734216198325,0.04140734216198325,33,25,25,25,25,0,0,1,1.0,1.0,1.0,1.0,1.0,1,1.0,1.0,1.0,1.0,1.0,1,1.0,1.0,1.0,1.0,1.0,1,1.0,1.0,1.0,1.0,1.0
263,max_rounds,0,,,,,1,1,2,1,1,1,1,1,0,0,0,s1a3_greedy,1,0,0.24567386059788987,0.23192058028653265,16,0,0,2,2,2,0,0,0.0,0.35,0.3,0.325,0.4,0,0.0,0.35,0.3,0.325,0.4,0,0.08,0.3,0.25,0.275,0.4,0,0.08,0.3,0.25,0.275,0.4
264,no_strict_e1_improvement,0,,,,,1,0,1,1,0,1,0,1,0,0,-1,current,0,0,0.011465712450444698,0.011465712450444698,35,25,25,25,25,0,0,1,1.0,1.0,1.0,1.0,1.0,1,1.0,1.0,1.0,1.0,1.0,1,1.0,1.0,1.0,1.0,1.0,1,1.0,1.0,1.0,1.0,1.0
265,max_rounds,0,,,,,1,1,2,1,1,1,1,1,0,0,0,s1a3_greedy,1,0,0.2325314638670534,0.13495978449936957,26,7,7,10,10,3,0,0,0.28,0.45,0.45,0.45,0.5,0,0.28,0.45,0.45,0.45,0.5,0,0.4,0.55,0.75,0.65,0.725,0,0.4,0.55,0.75,0.65,0.725
266,max_rounds,0,,,,,1,1,2,1,1,1,1,1,0,0,0,s1a3_greedy,1,0,0.06971010647248477,0.01846875326591544,30,22,22,25,25,3,0,0,0.88,0.85,0.9,0.875,0.875,0,0.88,0.85,0.9,0.875,0.875,1,1.0,1.0,1.0,1.0,1.0,1,1.0,1.0,1.0,1.0,1.0
267,no_strict_e1_improvement,0,,,,,1,0,1,1,0,1,0,1,0,0,-1,current,0,0,0.06297782876063138,0.06297782876063138,34,0,0,0,0,0,0,0,0.0,0.75,1.0,0.875,0.875,0,0.0,0.75,1.0,0.875,0.875,0,0.0,0.75,1.0,0.875,0.875,0,0.0,0.75,1.0,0.875,0.875
268,max_rounds,0,,,,,1,1,2,1,1,1,1,1,0,0,0,s1a3_greedy,1,0,0.09584192563779652,0.02836080067791045,30,22,22,25,25,3,0,0,0.88,0.9,0.7,0.8,0.8,0,0.88,0.9,0.7,0.8,0.8,1,1.0,1.0,1.0,1.0,1.0,1,1.0,1.0,1.0,1.0,1.0
269,max_rounds,0,,,,,1,1,2,1,1,1,1,1,0,0,0,s1a3_greedy,1,0,0.13660036416258664,0.06161877498961985,21,4,4,4,4,0,0,0,0.16,0.5,0.35,0.425,0.5,0,0.16,0.5,0.35,0.425,0.5,0,0.16,0.4,0.7,0.55,0.625,0,0.16,0.4,0.7,0.55,0.625
270,max_rounds,0,,,,,1,1,2,1,1,1,1,1,0,0,0,s1a3_greedy,1,0,0.19379851659759878,0.19315491477027535,20,0,0,1,1,1,0,0,0.0,0.55,0.7,0.625,0.65,0,0.0,0.55,0.7,0.625,0.65,0,0.04,0.6,0.75,0.675,0.725,0,0.04,0.6,0.75,0.675,0.725
271,max_rounds,0,,,,,1,1,2,1,1,1,1,1,0,0,0,s1a3_greedy,1,0,0.3044057657942176,0.20677817543037236,15,1,1,0,0,-1,0,0,0.04,0.5,0.15,0.325,0.375,0,0.04,0.5,0.15,0.325,0.375,0,0.0,0.45,0.15,0.3,0.375,0,0.0,0.45,0.15,0.3,0.375
272,no_strict_e1_improvement,0,,,,,1,0,1,1,0,1,0,1,0,0,-1,current,0,0,0.03540060378727503,0.03540060378727503,35,25,25,25,25,0,0,1,1.0,1.0,1.0,1.0,1.0,1,1.0,1.0,1.0,1.0,1.0,1,1.0,1.0,1.0,1.0,1.0,1,1.0,1.0,1.0,1.0,1.0
273,no_strict_e1_improvement,0,,,,,1,0,2,1,1,1,1,1,0,0,-1,current,0,0,0.20236814994132146,0.20236814994132146,22,9,9,9,9,0,0,0,0.36,0.5,0.55,0.525,0.6,0,0.36,0.5,0.55,0.525,0.6,0,0.36,0.5,0.55,0.525,0.6,0,0.36,0.5,0.55,0.525,0.6
274,no_strict_e1_improvement,0,,,,,1,0,1,1,0,1,0,1,0,0,-1,current,0,0,0.038530815101694316,0.038530815101694316,28,25,25,25,25,0,0,1,1.0,1.0,1.0,1.0,1.0,1,1.0,1.0,1.0,1.0,1.0,1,1.0,1.0,1.0,1.0,1.0,1,1.0,1.0,1.0,1.0,1.0
275,max_rounds,0,,,,,1,1,2,1,1,1,1,1,0,0,0,s1a3_greedy,1,0,0.23075256758311297,0.11803457438654733,19,1,1,0,0,-1,0,0,0.04,0.35,0.2,0.275,0.45,0,0.04,0.35,0.2,0.275,0.45,0,0.0,0.5,0.3,0.4,0.45,0,0.0,0.5,0.3,0.4,0.45
276,no_strict_e1_improvement,0,,,,,1,0,2,1,1,1,1,1,0,0,-1,current,0,0,0.22975258508231491,0.22975258508231491,16,2,2,2,2,0,0,0,0.08,0.3,0.5,0.4,0.425,0,0.08,0.3,0.5,0.4,0.425,0,0.08,0.3,0.5,0.4,0.425,0,0.08,0.3,0.5,0.4,0.425
277,no_strict_e1_improvement,0,,,,,1,0,2,1,1,1,1,1,0,0,-1,current,0,0,0.06199240267308141,0.06199240267308141,28,23,23,23,23,0,0,0,0.92,0.9,0.85,0.875,0.9,0,0.92,0.9,0.85,0.875,0.9,0,0.92,0.9,0.85,0.875,0.9,0,0.92,0.9,0.85,0.875,0.9
278,partial_completed__max_rounds,1,,5,2,4,1,1,2,1,1,1,1,1,0,0,0,s1a3_greedy,1,0,0.1857024570228532,0.08963807327672839,13,2,2,0,0,-2,0,0,0.08,0.3,0.2,0.25,0.275,0,0.08,0.3,0.2,0.25,0.3,0,0.0,0.4,0.25,0.325,0.4,0,0.0,0.4,0.25,0.325,0.4
279,max_rounds,0,,,,,1,1,2,1,1,1,1,1,0,0,0,s1a3_greedy,1,0,0.2496513095247792,0.22892236105399205,16,0,0,0,0,0,0,0,0.0,0.1,0.5,0.3,0.375,0,0.0,0.1,0.5,0.3,0.375,0,0.0,0.1,0.35,0.225,0.35,0,0.0,0.1,0.35,0.225,0.35
280,no_strict_e1_improvement,0,,,,,1,0,2,1,1,1,1,1,0,0,-1,current,0,0,0.21335772848688067,0.21335772848688067,20,0,0,0,0,0,0,0,0.0,0.4,0.5,0.45,0.525,0,0.0,0.4,0.5,0.45,0.525,0,0.0,0.4,0.5,0.45,0.525,0,0.0,0.4,0.5,0.45,0.525
281,max_rounds,0,,,,,1,1,2,1,1,1,1,1,0,0,0,s1a3_greedy,1,0,0.12819072036072612,0.1256483156234026,26,0,0,0,0,0,0,0,0.0,0.75,0.95,0.85,0.85,0,0.0,0.75,0.95,0.85,0.85,0,0.0,0.75,0.95,0.85,0.85,0,0.0,0.75,0.95,0.85,0.85
282,no_strict_e1_improvement,0,,,,,1,0,1,1,0,1,0,1,0,0,-1,current,0,0,0.052619343460537496,0.052619343460537496,34,0,0,0,0,0,0,0,0.0,0.75,1.0,0.875,0.875,0,0.0,0.75,1.0,0.875,0.875,0,0.0,0.75,1.0,0.875,0.875,0,0.0,0.75,1.0,0.875,0.875
283,max_rounds,0,,,,,1,1,2,1,1,1,1,1,0,0,0,s1a3_greedy,1,0,0.09501722919521853,0.061671842623036356,27,23,23,25,25,2,0,0,0.92,0.85,0.9,0.875,0.875,0,0.92,0.85,0.9,0.875,0.875,1,1.0,1.0,1.0,1.0,1.0,1,1.0,1.0,1.0,1.0,1.0
284,max_rounds,0,,,,,1,1,2,1,1,1,1,1,0,0,0,s1a3_greedy,1,0,0.11043945134442765,0.05496885308530182,30,1,1,0,0,-1,0,0,0.04,0.6,0.8,0.7,0.725,0,0.04,0.6,0.8,0.7,0.725,0,0.0,0.6,0.9,0.75,0.8,0,0.0,0.6,0.9,0.75,0.8
285,no_strict_e1_improvement,0,,,,,1,0,1,1,0,1,0,1,0,0,-1,current,0,0,0.04167792668449692,0.04167792668449692,33,23,23,23,23,0,0,0,0.92,0.9,0.9,0.9,0.925,0,0.92,0.9,0.9,0.9,0.925,0,0.92,0.9,0.9,0.9,0.925,0,0.92,0.9,0.9,0.9,0.925
286,max_rounds,0,,,,,1,1,2,1,1,1,1,1,0,0,0,s1a3_greedy,1,0,0.1626545259496197,0.11295155677944421,21,1,1,0,0,-1,0,0,0.04,0.75,0.6,0.675,0.725,0,0.04,0.75,0.6,0.675,0.725,0,0.0,0.65,0.5,0.575,0.65,0,0.0,0.65,0.5,0.575,0.65
287,no_strict_e1_improvement,0,,,,,1,0,2,1,1,1,1,1,0,0,-1,current,0,0,0.10730947747360915,0.10730947747360915,23,1,1,1,1,0,0,0,0.04,0.7,0.6,0.65,0.725,0,0.04,0.7,0.6,0.65,0.725,0,0.04,0.7,0.6,0.65,0.725,0,0.04,0.7,0.6,0.65,0.725
288,no_strict_e1_improvement,0,,,,,1,0,1,1,0,1,0,1,0,0,-1,current,0,0,0.05222371450508945,0.05222371450508945,23,0,0,0,0,0,0,0,0.0,0.75,0.75,0.75,0.75,0,0.0,0.75,0.75,0.75,0.75,0,0.0,0.75,0.75,0.75,0.75,0,0.0,0.75,0.75,0.75,0.75
289,partial_completed__max_rounds,1,,5,2,4,1,1,2,1,1,1,1,1,0,0,0,s1a3_greedy,1,0,0.20665908062364907,0.07877446479687933,21,12,13,21,21,9,0,0,0.48,0.4,0.55,0.475,0.5,0,0.52,0.4,0.55,0.475,0.575,0,0.84,0.8,0.8,0.8,0.85,0,0.84,0.8,0.8,0.8,0.85
290,max_rounds,0,,,,,1,1,2,1,1,1,1,1,0,0,0,s1a3_greedy,1,0,0.22318426507990807,0.16507577917072921,15,1,1,1,1,0,0,0,0.04,0.2,0.2,0.2,0.25,0,0.04,0.2,0.2,0.2,0.25,0,0.04,0.05,0.4,0.225,0.3,0,0.04,0.05,0.4,0.225,0.3
291,no_strict_e1_improvement,0,,,,,1,0,1,1,0,1,0,1,0,0,-1,current,0,0,0.016867512837052345,0.016867512837052345,37,0,0,0,0,0,0,0,0.0,0.75,1.0,0.875,0.875,0,0.0,0.75,1.0,0.875,0.875,0,0.0,0.75,1.0,0.875,0.875,0,0.0,0.75,1.0,0.875,0.875
292,no_strict_e1_improvement,0,,,,,1,0,1,1,0,1,0,1,0,0,-1,current,0,0,0.009425953186291736,0.009425953186291736,32,25,25,25,25,0,0,1,1.0,1.0,1.0,1.0,1.0,1,1.0,1.0,1.0,1.0,1.0,1,1.0,1.0,1.0,1.0,1.0,1,1.0,1.0,1.0,1.0,1.0
293,no_strict_e1_improvement,0,,,,,1,0,2,1,1,1,1,1,0,0,-1,current,0,0,0.10157867623493075,0.10157867623493075,27,22,22,22,22,0,0,0,0.88,0.7,0.9,0.8,0.8,0,0.88,0.7,0.9,0.8,0.8,0,0.88,0.7,0.9,0.8,0.8,0,0.88,0.7,0.9,0.8,0.8
294,partial_completed__no_strict_e1_improvement,1,,5,2,3,1,0,1,1,0,1,0,1,0,0,-1,current,1,0,0.046932267211377623,0.046932267211377623,32,20,0,0,0,-20,0,0,0.8,0.8,0.75,0.775,0.775,0,0.0,0.95,0.75,0.85,0.85,0,0.0,0.95,0.75,0.85,0.85,0,0.0,0.95,0.75,0.85,0.85
295,max_rounds,0,,,,,1,1,2,1,1,1,1,1,0,0,0,s1a3_greedy,1,0,0.08893335791362915,0.0403476207429776,31,23,23,25,25,2,0,0,0.92,0.85,0.9,0.875,0.875,0,0.92,0.85,0.9,0.875,0.875,1,1.0,1.0,1.0,1.0,1.0,1,1.0,1.0,1.0,1.0,1.0
296,no_strict_e1_improvement,0,,,,,1,0,2,1,1,1,1,1,0,0,-1,current,0,0,0.11777067717630416,0.11777067717630416,20,18,18,18,18,0,0,0,0.72,0.75,0.8,0.775,0.775,0,0.72,0.75,0.8,0.775,0.775,0,0.72,0.75,0.8,0.775,0.775,0,0.72,0.75,0.8,0.775,0.775
297,max_rounds,0,,,,,1,1,2,1,1,1,1,1,0,0,0,s1a3_greedy,1,0,0.25782874346477913,0.218267806712538,11,0,0,2,2,2,0,0,0.0,0.3,0.45,0.375,0.375,0,0.0,0.3,0.45,0.375,0.375,0,0.08,0.2,0.3,0.25,0.3,0,0.08,0.2,0.3,0.25,0.3
298,max_rounds,0,,,,,1,1,2,1,1,1,1,1,0,0,0,s1a3_greedy,1,0,0.10379764065146446,0.10058193991426378,20,0,0,0,0,0,0,0,0.0,0.55,0.65,0.6,0.7,0,0.0,0.55,0.65,0.6,0.7,0,0.0,0.45,0.6,0.525,0.575,0,0.0,0.45,0.6,0.525,0.575
299,no_strict_e1_improvement,0,,,,,1,0,2,1,1,1,1,1,0,0,-1,current,0,0,0.1546395005992963,0.1546395005992963,21,0,0,0,0,0,0,0,0.0,0.6,0.45,0.525,0.6,0,0.0,0.6,0.45,0.525,0.6,0,0.0,0.6,0.45,0.525,0.6,0,0.0,0.6,0.45,0.525,0.6
300,max_rounds,0,,,,,1,1,2,1,1,1,1,1,0,0,0,s1a3_greedy,1,0,0.17209920947971113,0.09756548837358422,26,14,14,16,16,2,0,0,0.56,0.65,0.45,0.55,0.575,0,0.56,0.65,0.45,0.55,0.575,0,0.64,0.75,0.6,0.675,0.725,0,0.64,0.75,0.6,0.675,0.725
301,no_strict_e1_improvement,0,,,,,1,0,2,1,1,1,1,1,0,0,-1,current,0,0,0.09906927314586937,0.09906927314586937,27,0,0,0,0,0,0,0,0.0,0.75,0.9,0.825,0.85,0,0.0,0.75,0.9,0.825,0.85,0,0.0,0.75,0.9,0.825,0.85,0,0.0,0.75,0.9,0.825,0.85
302,max_rounds,0,,,,,1,1,2,1,1,1,1,1,0,0,0,s1a3_greedy,1,0,0.26529793296940624,0.14394457352464088,18,0,0,0,0,0,0,0,0.0,0.45,0.3,0.375,0.45,0,0.0,0.45,0.3,0.375,0.45,0,0.0,0.45,0.45,0.45,0.5,0,0.0,0.45,0.45,0.45,0.5
303,no_strict_e1_improvement,0,,,,,1,0,1,1,0,1,0,1,0,0,-1,current,0,0,0.09525812226347626,0.09525812226347626,32,0,0,0,0,0,0,0,0.0,0.65,0.9,0.775,0.825,0,0.0,0.65,0.9,0.775,0.825,0,0.0,0.65,0.9,0.775,0.825,0,0.0,0.65,0.9,0.775,0.825
304,partial_completed__max_rounds,1,,5,2,4,1,1,2,1,1,1,1,1,0,0,0,s1a3_greedy,1,0,0.1840380905836355,0.1422013593954034,11,0,1,1,1,1,0,0,0.0,0.05,0.15,0.1,0.15,0,0.04,0.05,0.15,0.1,0.15,0,0.04,0.05,0.15,0.1,0.3,0,0.04,0.05,0.15,0.1,0.3
305,small_component,0,,,,,1,0,0,0,0,0,0,1,0,0,-1,current,0,0,0.29548689744551665,0.29548689744551665,17,10,10,10,10,0,0,0,0.4,0.35,0.4,0.375,0.4,0,0.4,0.35,0.4,0.375,0.4,0,0.4,0.35,0.4,0.375,0.4,0,0.4,0.35,0.4,0.375,0.4
306,no_strict_e1_improvement,0,,,,,1,0,1,1,0,1,0,1,0,0,-1,current,0,0,0.02604342859121971,0.02604342859121971,32,25,25,25,25,0,0,1,1.0,1.0,1.0,1.0,1.0,1,1.0,1.0,1.0,1.0,1.0,1,1.0,1.0,1.0,1.0,1.0,1,1.0,1.0,1.0,1.0,1.0
307,no_strict_e1_improvement,0,,,,,1,0,2,1,1,1,1,1,0,0,-1,current,0,0,0.06974434501025825,0.06974434501025825,23,23,23,23,23,0,0,0,0.92,0.9,0.9,0.9,0.9,0,0.92,0.9,0.9,0.9,0.9,0,0.92,0.9,0.9,0.9,0.9,0,0.92,0.9,0.9,0.9,0.9
308,no_strict_e1_improvement,0,,,,,1,0,1,1,0,1,0,1,0,0,-1,current,0,0,0.03495178865268826,0.03495178865268826,31,25,25,25,25,0,0,1,1.0,1.0,1.0,1.0,1.0,1,1.0,1.0,1.0,1.0,1.0,1,1.0,1.0,1.0,1.0,1.0,1,1.0,1.0,1.0,1.0,1.0
309,max_rounds,0,,,,,1,1,2,1,1,1,1,1,0,0,0,s1a3_greedy,1,0,0.08370863683230709,0.07725538182712625,25,0,0,0,0,0,0,0,0.0,0.65,0.75,0.7,0.75,0,0.0,0.65,0.75,0.7,0.75,0,0.0,0.75,0.95,0.85,0.85,0,0.0,0.75,0.95,0.85,0.85
310,max_rounds,0,,,,,1,1,2,1,1,1,1,1,0,0,0,s1a3_greedy,1,0,0.04526318321313738,0.045219495721539715,15,15,15,16,16,1,0,0,0.6,0.45,0.5,0.475,0.6,0,0.6,0.45,0.5,0.475,0.6,0,0.64,0.45,0.55,0.5,0.55,0,0.64,0.45,0.55,0.5,0.55
311,no_strict_e1_improvement,0,,,,,1,0,1,1,0,1,0,1,0,0,-1,current,0,0,0.017733863065950574,0.017733863065950574,32,25,25,25,25,0,0,1,1.0,1.0,1.0,1.0,1.0,1,1.0,1.0,1.0,1.0,1.0,1,1.0,1.0,1.0,1.0,1.0,1,1.0,1.0,1.0,1.0,1.0
312,max_rounds,0,,,,,1,1,2,1,1,1,1,1,0,0,0,s1a3_greedy,1,0,0.1665957157034427,0.12691457965411246,26,0,0,0,0,0,0,0,0.0,0.5,0.65,0.575,0.6,0,0.0,0.5,0.65,0.575,0.6,0,0.0,0.55,0.75,0.65,0.7,0,0.0,0.55,0.75,0.65,0.7
313,max_rounds,0,,,,,1,1,2,1,1,1,1,1,0,0,0,s1a3_greedy,1,0,0.2680288776929956,0.22794761894620025,6,1,1,2,2,1,0,0,0.04,0.1,0.0,0.05,0.25,0,0.04,0.1,0.0,0.05,0.25,0,0.08,0.05,0.1,0.075,0.225,0,0.08,0.05,0.1,0.075,0.225
314,no_strict_e1_improvement,0,,,,,1,0,1,1,0,1,0,1,0,0,-1,current,0,0,0.06426264960318803,0.06426264960318803,32,25,25,25,25,0,0,1,1.0,1.0,1.0,1.0,1.0,1,1.0,1.0,1.0,1.0,1.0,1,1.0,1.0,1.0,1.0,1.0,1,1.0,1.0,1.0,1.0,1.0
315,max_rounds,0,,,,,1,1,2,1,1,1,1,1,0,0,0,s1a3_greedy,1,0,0.2851499671582133,0.18524802119936795,12,0,0,0,0,0,0,0,0.0,0.1,0.5,0.3,0.4,0,0.0,0.1,0.5,0.3,0.4,0,0.0,0.25,0.5,0.375,0.475,0,0.0,0.25,0.5,0.375,0.475
316,max_rounds,0,,,,,1,1,2,1,1,1,1,1,0,0,0,s1a3_greedy,1,0,0.22742372426437213,0.1445263423025608,16,3,3,1,1,-2,0,0,0.12,0.35,0.65,0.5,0.5,0,0.12,0.35,0.65,0.5,0.5,0,0.04,0.45,0.55,0.5,0.6,0,0.04,0.45,0.55,0.5,0.6
317,no_strict_e1_improvement,0,,,,,1,0,2,1,1,1,1,1,0,0,-1,current,0,0,0.12609008608269506,0.12609008608269506,23,0,0,0,0,0,0,0,0.0,0.65,0.6,0.625,0.675,0,0.0,0.65,0.6,0.625,0.675,0,0.0,0.65,0.6,0.625,0.675,0,0.0,0.65,0.6,0.625,0.675
318,max_rounds,0,,,,,1,1,2,1,1,1,1,1,0,0,0,s1a3_greedy,1,0,0.13993403315544128,0.13160666916519403,27,17,17,18,18,1,0,0,0.68,0.6,0.75,0.675,0.725,0,0.68,0.6,0.75,0.675,0.725,0,0.72,0.65,0.85,0.75,0.775,0,0.72,0.65,0.85,0.75,0.775
319,max_rounds,0,,,,,1,1,2,1,1,1,1,1,0,0,0,s1a3_greedy,1,0,0.20662857084535063,0.14507358665578068,23,0,0,1,1,1,0,0,0.0,0.7,0.55,0.625,0.625,0,0.0,0.7,0.55,0.625,0.625,0,0.04,0.75,0.65,0.7,0.7,0,0.04,0.75,0.65,0.7,0.7
320,no_strict_e1_improvement,0,,,,,1,0,2,1,1,1,1,1,0,0,-1,current,0,0,0.10446543300058693,0.10446543300058693,24,21,21,21,21,0,0,0,0.84,0.7,0.75,0.725,0.775,0,0.84,0.7,0.75,0.725,0.775,0,0.84,0.7,0.75,0.725,0.775,0,0.84,0.7,0.75,0.725,0.775
321,max_rounds,0,,,,,1,1,2,1,1,1,1,1,0,0,0,s1a3_greedy,1,0,0.27752473750151696,0.19463758908641465,19,0,0,2,2,2,0,0,0.0,0.4,0.5,0.45,0.55,0,0.0,0.4,0.5,0.45,0.55,0,0.08,0.7,0.65,0.675,0.725,0,0.08,0.7,0.65,0.675,0.725
322,no_strict_e1_improvement,0,,,,,1,0,2,1,1,1,1,1,0,0,-1,current,0,0,0.18865521622356027,0.18865521622356027,24,0,0,0,0,0,0,0,0.0,0.6,0.45,0.525,0.575,0,0.0,0.6,0.45,0.525,0.575,0,0.0,0.6,0.45,0.525,0.575,0,0.0,0.6,0.45,0.525,0.575
323,max_rounds,0,,,,,1,1,2,1,1,1,1,1,0,0,0,s1a3_greedy,1,0,0.1314803758636117,0.12998906029388307,22,21,21,19,19,-2,0,0,0.84,0.8,0.75,0.775,0.8,0,0.84,0.8,0.75,0.775,0.8,0,0.76,0.7,0.7,0.7,0.75,0,0.76,0.7,0.7,0.7,0.75
324,no_strict_e1_improvement,0,,,,,1,0,1,1,0,1,0,1,0,0,-1,current,0,0,0.05312252303119749,0.05312252303119749,27,25,25,25,25,0,0,1,1.0,1.0,1.0,1.0,1.0,1,1.0,1.0,1.0,1.0,1.0,1,1.0,1.0,1.0,1.0,1.0,1,1.0,1.0,1.0,1.0,1.0
325,no_strict_e1_improvement,0,,,,,1,0,1,1,0,1,0,1,0,0,-1,current,0,0,0.11984362359944498,0.11984362359944498,27,0,0,0,0,0,0,0,0.0,0.8,0.75,0.775,0.825,0,0.0,0.8,0.75,0.775,0.825,0,0.0,0.8,0.75,0.775,0.825,0,0.0,0.8,0.75,0.775,0.825
326,small_component,0,,,,,1,0,0,0,0,0,0,1,0,0,-1,current,0,0,0.19169530934887008,0.19169530934887008,19,1,1,1,1,0,0,0,0.04,0.4,0.15,0.275,0.4,0,0.04,0.4,0.15,0.275,0.4,0,0.04,0.4,0.15,0.275,0.4,0,0.04,0.4,0.15,0.275,0.4
327,no_strict_e1_improvement,0,,,,,1,0,2,1,1,1,1,1,0,0,-1,current,0,0,0.09203318618237973,0.09203318618237973,33,0,0,0,0,0,0,0,0.0,0.75,0.95,0.85,0.85,0,0.0,0.75,0.95,0.85,0.85,0,0.0,0.75,0.95,0.85,0.85,0,0.0,0.75,0.95,0.85,0.85
328,max_rounds,0,,,,,1,1,2,1,1,1,1,1,0,0,0,s1a3_greedy,1,0,0.15529519515112042,0.09814958740025759,19,0,0,0,0,0,0,0,0.0,0.35,0.65,0.5,0.6,0,0.0,0.35,0.65,0.5,0.6,0,0.0,0.55,0.8,0.675,0.725,0,0.0,0.55,0.8,0.675,0.725
329,max_rounds,0,,,,,1,1,2,1,1,1,1,1,0,0,0,s1a3_greedy,1,0,0.153080846183002,0.1164110278710723,16,0,0,0,0,0,0,0,0.0,0.1,0.75,0.425,0.425,0,0.0,0.1,0.75,0.425,0.425,0,0.0,0.0,0.55,0.275,0.275,0,0.0,0.0,0.55,0.275,0.275
330,max_rounds,0,,,,,1,1,2,1,1,1,1,1,0,0,0,s1a3_greedy,1,0,0.19306371867714917,0.15527446050109575,17,0,0,0,0,0,0,0,0.0,0.45,0.35,0.4,0.475,0,0.0,0.45,0.35,0.4,0.475,0,0.0,0.35,0.35,0.35,0.4,0,0.0,0.35,0.35,0.35,0.4
331,no_strict_e1_improvement,0,,,,,1,0,2,1,1,1,1,1,0,0,-1,current,0,0,0.030701877921819686,0.030701877921819686,33,25,25,25,25,0,0,1,1.0,1.0,1.0,1.0,1.0,1,1.0,1.0,1.0,1.0,1.0,1,1.0,1.0,1.0,1.0,1.0,1,1.0,1.0,1.0,1.0,1.0
332,max_rounds,0,,,,,1,1,2,1,1,1,1,1,0,0,0,s1a3_greedy,1,0,0.2811832688152208,0.1351141307171929,17,15,15,8,8,-7,0,0,0.6,0.35,0.6,0.475,0.525,0,0.6,0.35,0.6,0.475,0.525,0,0.32,0.25,0.6,0.425,0.475,0,0.32,0.25,0.6,0.425,0.475
333,max_rounds,0,,,,,1,1,2,1,1,1,1,1,0,0,0,s1a3_greedy,1,0,0.17254697158932686,0.15808103581657634,24,1,1,2,2,1,0,0,0.04,0.5,0.55,0.525,0.6,0,0.04,0.5,0.55,0.525,0.6,0,0.08,0.55,0.65,0.6,0.625,0,0.08,0.55,0.65,0.6,0.625
334,max_rounds,0,,,,,1,1,2,1,1,1,1,1,0,0,0,s1a3_greedy,1,0,0.19755704208509997,0.10571429560659454,18,0,0,0,0,0,0,0,0.0,0.45,0.55,0.5,0.6,0,0.0,0.45,0.55,0.5,0.6,0,0.0,0.55,0.75,0.65,0.725,0,0.0,0.55,0.75,0.65,0.725
335,no_strict_e1_improvement,0,,,,,1,0,2,1,1,1,1,1,0,0,-1,current,0,0,0.09868318943772465,0.09868318943772465,25,0,0,0,0,0,0,0,0.0,0.85,0.65,0.75,0.775,0,0.0,0.85,0.65,0.75,0.775,0,0.0,0.85,0.65,0.75,0.775,0,0.0,0.85,0.65,0.75,0.775
336,max_rounds,0,,,,,1,1,2,1,1,1,1,1,0,0,0,s1a3_greedy,1,0,0.10249183664564043,0.04827202502638102,27,0,0,0,0,0,0,0,0.0,0.75,0.9,0.825,0.85,0,0.0,0.75,0.9,0.825,0.85,0,0.0,0.75,0.9,0.825,0.825,0,0.0,0.75,0.9,0.825,0.825
337,max_rounds,0,,,,,1,1,2,1,1,1,1,1,0,0,0,s1a3_greedy,1,0,0.19824274070560932,0.14127637008205057,23,4,4,3,3,-1,0,0,0.16,0.4,0.7,0.55,0.625,0,0.16,0.4,0.7,0.55,0.625,0,0.12,0.6,0.75,0.675,0.675,0,0.12,0.6,0.75,0.675,0.675
338,no_strict_e1_improvement,0,,,,,1,0,1,1,0,1,0,1,0,0,-1,current,0,0,0.08876272831112146,0.08876272831112146,28,0,0,0,0,0,0,0,0.0,0.8,0.65,0.725,0.75,0,0.0,0.8,0.65,0.725,0.75,0,0.0,0.8,0.65,0.725,0.75,0,0.0,0.8,0.65,0.725,0.75
339,partial_completed__max_rounds,1,,5,2,4,1,1,2,1,1,1,1,1,0,0,0,s1a3_greedy,1,0,0.25073537637945265,0.2119807300856337,13,0,6,2,2,2,0,0,0.0,0.3,0.15,0.225,0.3,0,0.24,0.35,0.15,0.25,0.35,0,0.08,0.15,0.25,0.2,0.475,0,0.08,0.15,0.25,0.2,0.475
340,no_strict_e1_improvement,0,,,,,1,0,1,1,0,1,0,1,0,0,-1,current,0,0,0.04000652832910419,0.04000652832910419,34,25,25,25,25,0,0,1,1.0,1.0,1.0,1.0,1.0,1,1.0,1.0,1.0,1.0,1.0,1,1.0,1.0,1.0,1.0,1.0,1,1.0,1.0,1.0,1.0,1.0
341,max_rounds,0,,,,,1,1,2,1,1,1,1,1,0,0,0,s1a3_greedy,1,0,0.0854380670003593,0.07512396303936839,26,0,0,0,0,0,0,0,0.0,0.75,0.9,0.825,0.825,0,0.0,0.75,0.9,0.825,0.825,0,0.0,0.75,0.95,0.85,0.85,0,0.0,0.75,0.95,0.85,0.85
342,no_strict_e1_improvement,0,,,,,1,0,1,1,0,1,0,1,0,0,-1,current,0,0,0.043612293899059296,0.043612293899059296,32,25,25,25,25,0,0,1,1.0,1.0,1.0,1.0,1.0,1,1.0,1.0,1.0,1.0,1.0,1,1.0,1.0,1.0,1.0,1.0,1,1.0,1.0,1.0,1.0,1.0
343,max_rounds,0,,,,,1,1,2,1,1,1,1,1,0,0,0,s1a3_greedy,1,0,0.1568953252164647,0.11822008171584457,28,0,0,0,0,0,0,0,0.0,0.5,0.85,0.675,0.675,0,0.0,0.5,0.85,0.675,0.675,0,0.0,0.5,0.95,0.725,0.725,0,0.0,0.5,0.95,0.725,0.725
344,max_rounds,0,,,,,1,1,2,1,1,1,1,1,0,0,0,s1a3_greedy,1,0,0.2520248231943697,0.16896092579700053,19,0,0,0,0,0,0,0,0.0,0.6,0.5,0.55,0.575,0,0.0,0.6,0.5,0.55,0.575,0,0.0,0.6,0.4,0.5,0.55,0,0.0,0.6,0.4,0.5,0.55
345,small_component,0,,,,,1,0,0,0,0,0,0,1,0,0,-1,current,0,0,0.32678357171826067,0.32678357171826067,18,4,4,4,4,0,0,0,0.16,0.2,0.1,0.15,0.275,0,0.16,0.2,0.1,0.15,0.275,0,0.16,0.2,0.1,0.15,0.275,0,0.16,0.2,0.1,0.15,0.275
346,no_strict_e1_improvement,0,,,,,1,0,1,1,0,1,0,1,0,0,-1,current,0,0,0.044361755542922765,0.044361755542922765,30,22,22,22,22,0,0,0,0.88,0.85,0.85,0.85,0.85,0,0.88,0.85,0.85,0.85,0.85,0,0.88,0.85,0.85,0.85,0.85,0,0.88,0.85,0.85,0.85,0.85
347,no_strict_e1_improvement,0,,,,,1,0,2,1,1,1,1,1,0,0,-1,current,0,0,0.08056560473050922,0.08056560473050922,31,25,25,25,25,0,0,1,1.0,1.0,1.0,1.0,1.0,1,1.0,1.0,1.0,1.0,1.0,1,1.0,1.0,1.0,1.0,1.0,1,1.0,1.0,1.0,1.0,1.0
348,no_strict_e1_improvement,0,,,,,1,0,1,1,0,1,0,1,0,0,-1,current,0,0,0.08323371245933231,0.08323371245933231,31,21,21,21,21,0,0,0,0.84,0.9,0.8,0.85,0.85,0,0.84,0.9,0.8,0.85,0.85,0,0.84,0.9,0.8,0.85,0.85,0,0.84,0.9,0.8,0.85,0.85
349,partial_completed__max_rounds,1,,5,2,4,1,1,2,1,1,1,1,1,0,0,0,s1a3_greedy,1,0,0.25563183257036143,0.186552937993838,15,0,0,0,0,0,0,0,0.0,0.25,0.25,0.25,0.275,0,0.0,0.25,0.25,0.25,0.325,0,0.0,0.35,0.3,0.325,0.35,0,0.0,0.35,0.3,0.325,0.35
350,max_rounds,0,,,,,1,1,2,1,1,1,1,1,0,0,0,s1a3_greedy,1,0,0.2587616703240201,0.19249012492364273,16,1,1,0,0,-1,0,0,0.04,0.65,0.2,0.425,0.475,0,0.04,0.65,0.2,0.425,0.475,0,0.0,0.5,0.2,0.35,0.45,0,0.0,0.5,0.2,0.35,0.45
351,max_rounds,0,,,,,1,1,2,1,1,1,1,1,0,0,0,s1a3_greedy,1,0,0.11965651838108897,0.11738213747739792,21,0,0,0,0,0,0,0,0.0,0.9,0.7,0.8,0.825,0,0.0,0.9,0.7,0.8,0.825,0,0.0,0.75,0.6,0.675,0.725,0,0.0,0.75,0.6,0.675,0.725
352,no_strict_e1_improvement,0,,,,,1,0,2,1,1,1,1,1,0,0,-1,current,0,0,0.08689738439861686,0.08689738439861686,26,0,0,0,0,0,0,0,0.0,0.65,0.9,0.775,0.8,0,0.0,0.65,0.9,0.775,0.8,0,0.0,0.65,0.9,0.775,0.8,0,0.0,0.65,0.9,0.775,0.8
353,no_strict_e1_improvement,0,,,,,1,0,1,1,0,1,0,1,0,0,-1,current,0,0,0.030326735228300095,0.030326735228300095,26,23,23,23,23,0,0,0,0.92,0.9,0.9,0.9,0.925,0,0.92,0.9,0.9,0.9,0.925,0,0.92,0.9,0.9,0.9,0.925,0,0.92,0.9,0.9,0.9,0.925
354,max_rounds,0,,,,,1,1,2,1,1,1,1,1,0,0,0,s1a3_greedy,1,0,0.17845903015695513,0.10540538015775383,28,0,0,0,0,0,0,0,0.0,0.5,0.6,0.55,0.575,0,0.0,0.5,0.6,0.55,0.575,0,0.0,0.85,0.75,0.8,0.8,0,0.0,0.85,0.75,0.8,0.8
355,no_strict_e1_improvement,0,,,,,1,0,1,1,0,1,0,1,0,0,-1,current,0,0,0.06685422623995692,0.06685422623995692,31,25,25,25,25,0,0,1,1.0,1.0,1.0,1.0,1.0,1,1.0,1.0,1.0,1.0,1.0,1,1.0,1.0,1.0,1.0,1.0,1,1.0,1.0,1.0,1.0,1.0
356,no_strict_e1_improvement,0,,,,,1,0,1,1,0,1,0,1,0,0,-1,current,0,0,0.036577292054425926,0.036577292054425926,28,25,25,25,25,0,0,1,1.0,1.0,1.0,1.0,1.0,1,1.0,1.0,1.0,1.0,1.0,1,1.0,1.0,1.0,1.0,1.0,1,1.0,1.0,1.0,1.0,1.0
357,no_strict_e1_improvement,0,,,,,1,0,2,1,1,1,1,1,0,0,-1,current,0,0,0.18140809995820745,0.18140809995820745,20,0,0,0,0,0,0,0,0.0,0.45,0.55,0.5,0.625,0,0.0,0.45,0.55,0.5,0.625,0,0.0,0.45,0.55,0.5,0.625,0,0.0,0.45,0.55,0.5,0.625
358,partial_completed__max_rounds,1,,5,2,3,1,1,2,1,1,1,1,1,0,0,0,s1a3_greedy,1,0,0.08776245452463627,0.06435443905647845,23,0,0,0,0,0,0,0,0.0,0.6,0.65,0.625,0.625,0,0.0,0.75,0.85,0.8,0.8,0,0.0,0.75,0.85,0.8,0.825,0,0.0,0.75,0.85,0.8,0.825
359,no_strict_e1_improvement,0,,,,,1,0,1,1,0,1,0,1,0,0,-1,current,0,0,0.027175763010745868,0.027175763010745868,30,22,22,22,22,0,0,0,0.88,0.8,0.85,0.825,0.85,0,0.88,0.8,0.85,0.825,0.85,0,0.88,0.8,0.85,0.825,0.85,0,0.88,0.8,0.85,0.825,0.85
360,no_strict_e1_improvement,0,,,,,1,0,1,1,0,1,0,1,0,0,-1,current,0,0,0.02935201032087207,0.02935201032087207,32,25,25,25,25,0,0,1,1.0,1.0,1.0,1.0,1.0,1,1.0,1.0,1.0,1.0,1.0,1,1.0,1.0,1.0,1.0,1.0,1,1.0,1.0,1.0,1.0,1.0
361,no_strict_e1_improvement,0,,,,,1,0,1,1,0,1,0,1,0,0,-1,current,0,0,0.04514585281722248,0.04514585281722248,31,0,0,0,0,0,0,0,0.0,0.75,1.0,0.875,0.875,0,0.0,0.75,1.0,0.875,0.875,0,0.0,0.75,1.0,0.875,0.875,0,0.0,0.75,1.0,0.875,0.875
362,max_rounds,0,,,,,1,1,2,1,1,1,1,1,0,0,0,s1a3_greedy,1,0,0.05076318932697177,0.04753316822170746,24,23,23,21,21,-2,0,0,0.92,0.9,0.9,0.9,0.925,0,0.92,0.9,0.9,0.9,0.925,0,0.84,0.8,0.8,0.8,0.825,0,0.84,0.8,0.8,0.8,0.825
363,no_strict_e1_improvement,0,,,,,1,0,2,1,1,1,1,1,0,0,-1,current,0,0,0.1908628646750003,0.1908628646750003,20,15,15,15,15,0,0,0,0.6,0.6,0.45,0.525,0.55,0,0.6,0.6,0.45,0.525,0.55,0,0.6,0.6,0.45,0.525,0.55,0,0.6,0.6,0.45,0.525,0.55
364,no_strict_e1_improvement,0,,,,,1,0,1,1,0,1,0,1,0,0,-1,current,0,0,0.010682332003489137,0.010682332003489137,36,25,25,25,25,0,0,1,1.0,1.0,1.0,1.0,1.0,1,1.0,1.0,1.0,1.0,1.0,1,1.0,1.0,1.0,1.0,1.0,1,1.0,1.0,1.0,1.0,1.0
365,small_component,0,,,,,1,0,0,0,0,0,0,1,0,0,-1,current,0,0,0.3275873460341245,0.3275873460341245,18,8,8,8,8,0,0,0,0.32,0.45,0.35,0.4,0.5,0,0.32,0.45,0.35,0.4,0.5,0,0.32,0.45,0.35,0.4,0.5,0,0.32,0.45,0.35,0.4,0.5
366,no_strict_e1_improvement,0,,,,,1,0,1,1,0,1,0,1,0,0,-1,current,0,0,0.0030280287726782264,0.0030280287726782264,35,25,25,25,25,0,0,1,1.0,1.0,1.0,1.0,1.0,1,1.0,1.0,1.0,1.0,1.0,1,1.0,1.0,1.0,1.0,1.0,1,1.0,1.0,1.0,1.0,1.0
367,no_strict_e1_improvement,0,,,,,1,0,1,1,0,1,0,1,0,0,-1,current,0,0,0.020343883207533508,0.020343883207533508,34,25,25,25,25,0,0,1,1.0,1.0,1.0,1.0,1.0,1,1.0,1.0,1.0,1.0,1.0,1,1.0,1.0,1.0,1.0,1.0,1,1.0,1.0,1.0,1.0,1.0
368,no_strict_e1_improvement,0,,,,,1,0,1,1,0,1,0,1,0,0,-1,current,0,0,0.015795514412457124,0.015795514412457124,33,25,25,25,25,0,0,1,1.0,1.0,1.0,1.0,1.0,1,1.0,1.0,1.0,1.0,1.0,1,1.0,1.0,1.0,1.0,1.0,1,1.0,1.0,1.0,1.0,1.0
369,max_rounds,0,,,,,1,1,2,1,1,1,1,1,0,0,0,s1a3_greedy,1,0,0.1663214847445488,0.12183533329516649,23,13,13,16,16,3,0,0,0.52,0.5,0.6,0.55,0.65,0,0.52,0.5,0.6,0.55,0.65,0,0.64,0.65,0.7,0.675,0.725,0,0.64,0.65,0.7,0.675,0.725
370,no_strict_e1_improvement,0,,,,,1,0,1,1,0,1,0,1,0,0,-1,current,0,0,0.018753142026253045,0.018753142026253045,36,25,25,25,25,0,0,1,1.0,1.0,1.0,1.0,1.0,1,1.0,1.0,1.0,1.0,1.0,1,1.0,1.0,1.0,1.0,1.0,1,1.0,1.0,1.0,1.0,1.0
371,no_strict_e1_improvement,0,,,,,1,0,1,1,0,1,0,1,0,0,-1,current,0,0,0.02287673783721402,0.02287673783721402,31,22,22,22,22,0,0,0,0.88,0.85,0.9,0.875,0.875,0,0.88,0.85,0.9,0.875,0.875,0,0.88,0.85,0.9,0.875,0.875,0,0.88,0.85,0.9,0.875,0.875
372,max_rounds,0,,,,,1,1,2,1,1,1,1,1,0,0,0,s1a3_greedy,1,0,0.2517681424273178,0.2322144316509366,14,0,0,0,0,0,0,0,0.0,0.55,0.25,0.4,0.475,0,0.0,0.55,0.25,0.4,0.475,0,0.0,0.45,0.2,0.325,0.45,0,0.0,0.45,0.2,0.325,0.45
373,max_rounds,0,,,,,1,1,2,1,1,1,1,1,0,0,0,s1a3_greedy,1,0,0.14867234108387492,0.14400197369977832,12,0,0,1,1,1,0,0,0.0,0.45,0.2,0.325,0.375,0,0.0,0.45,0.2,0.325,0.375,0,0.04,0.4,0.05,0.225,0.35,0,0.04,0.4,0.05,0.225,0.35
374,no_strict_e1_improvement,0,,,,,1,0,2,1,1,1,1,1,0,0,-1,current,0,0,0.13682958958670496,0.13682958958670496,22,0,0,0,0,0,0,0,0.0,0.55,0.65,0.6,0.675,0,0.0,0.55,0.65,0.6,0.675,0,0.0,0.55,0.65,0.6,0.675,0,0.0,0.55,0.65,0.6,0.675
375,no_strict_e1_improvement,0,,,,,1,0,1,1,0,1,0,1,0,0,-1,current,0,0,0.028765899129211903,0.028765899129211903,33,25,25,25,25,0,0,1,1.0,1.0,1.0,1.0,1.0,1,1.0,1.0,1.0,1.0,1.0,1,1.0,1.0,1.0,1.0,1.0,1,1.0,1.0,1.0,1.0,1.0
376,no_strict_e1_improvement,0,,,,,1,0,1,1,0,1,0,1,0,0,-1,current,0,0,0.0059928840957581995,0.0059928840957581995,38,25,25,25,25,0,0,1,1.0,1.0,1.0,1.0,1.0,1,1.0,1.0,1.0,1.0,1.0,1,1.0,1.0,1.0,1.0,1.0,1,1.0,1.0,1.0,1.0,1.0
377,small_component,0,,,,,1,0,0,0,0,0,0,1,0,0,-1,current,0,0,0.28719464223395336,0.28719464223395336,21,4,4,4,4,0,0,0,0.16,0.3,0.25,0.275,0.4,0,0.16,0.3,0.25,0.275,0.4,0,0.16,0.3,0.25,0.275,0.4,0,0.16,0.3,0.25,0.275,0.4
378,no_strict_e1_improvement,0,,,,,1,0,2,1,1,1,1,1,0,0,-1,current,0,0,0.17945809838129206,0.17945809838129206,20,0,0,0,0,0,0,0,0.0,0.4,0.2,0.3,0.425,0,0.0,0.4,0.2,0.3,0.425,0,0.0,0.4,0.2,0.3,0.425,0,0.0,0.4,0.2,0.3,0.425
379,max_rounds,0,,,,,1,1,2,1,1,1,1,1,0,0,0,s1a3_greedy,1,0,0.19059181557968258,0.11901997474487871,13,2,2,0,0,-2,0,0,0.08,0.45,0.35,0.4,0.475,0,0.08,0.45,0.35,0.4,0.475,0,0.0,0.35,0.4,0.375,0.475,0,0.0,0.35,0.4,0.375,0.475
380,no_strict_e1_improvement,0,,,,,1,0,2,1,1,1,1,1,0,0,-1,current,0,0,0.09194390632619616,0.09194390632619616,25,25,25,25,25,0,0,1,1.0,1.0,1.0,1.0,1.0,1,1.0,1.0,1.0,1.0,1.0,1,1.0,1.0,1.0,1.0,1.0,1,1.0,1.0,1.0,1.0,1.0
381,max_rounds,0,,,,,1,1,2,1,1,1,1,1,0,0,0,s1a3_greedy,1,0,0.1999876206042245,0.16660415048245342,22,0,0,1,1,1,0,0,0.0,0.3,0.25,0.275,0.325,0,0.0,0.3,0.25,0.275,0.325,0,0.04,0.45,0.2,0.325,0.4,0,0.04,0.45,0.2,0.325,0.4
382,max_rounds,0,,,,,1,1,2,1,1,1,1,1,0,0,0,s1a3_greedy,1,0,0.17871097018942236,0.0964432206004858,29,12,12,20,20,8,0,0,0.48,0.65,0.65,0.65,0.675,0,0.48,0.65,0.65,0.65,0.675,0,0.8,0.95,0.75,0.85,0.85,0,0.8,0.95,0.75,0.85,0.85
383,no_strict_e1_improvement,0,,,,,1,0,1,1,0,1,0,1,0,0,-1,current,0,0,0.048674692725762726,0.048674692725762726,30,25,25,25,25,0,0,1,1.0,1.0,1.0,1.0,1.0,1,1.0,1.0,1.0,1.0,1.0,1,1.0,1.0,1.0,1.0,1.0,1,1.0,1.0,1.0,1.0,1.0
384,max_rounds,0,,,,,1,1,2,1,1,1,1,1,0,0,0,s1a3_greedy,1,0,0.19420470391632988,0.07201759897870944,23,19,19,23,23,4,0,0,0.76,0.65,0.65,0.65,0.7,0,0.76,0.65,0.65,0.65,0.7,0,0.92,0.85,0.85,0.85,0.95,0,0.92,0.85,0.85,0.85,0.95
385,max_rounds,0,,,,,1,1,2,1,1,1,1,1,0,0,0,s1a3_greedy,1,0,0.13218962542596274,0.06292764199897646,22,0,0,0,0,0,0,0,0.0,0.55,0.75,0.65,0.725,0,0.0,0.55,0.75,0.65,0.725,0,0.0,0.6,0.85,0.725,0.725,0,0.0,0.6,0.85,0.725,0.725
386,no_strict_e1_improvement,0,,,,,1,0,2,1,1,1,1,1,0,0,-1,current,0,0,0.08857539820019156,0.08857539820019156,31,0,0,0,0,0,0,0,0.0,1.0,0.75,0.875,0.875,0,0.0,1.0,0.75,0.875,0.875,0,0.0,1.0,0.75,0.875,0.875,0,0.0,1.0,0.75,0.875,0.875
387,max_rounds,0,,,,,1,1,2,1,1,1,1,1,0,0,0,s1a3_greedy,1,0,0.27264791904017327,0.21795182512141764,17,0,0,0,0,0,0,0,0.0,0.4,0.55,0.475,0.525,0,0.0,0.4,0.55,0.475,0.525,0,0.0,0.55,0.8,0.675,0.7,0,0.0,0.55,0.8,0.675,0.7
388,max_rounds,0,,,,,1,1,2,1,1,1,1,1,0,0,0,s1a3_greedy,1,0,0.1303153375396505,0.09975746322888882,22,1,1,0,0,-1,0,0,0.04,0.7,0.75,0.725,0.725,0,0.04,0.7,0.75,0.725,0.725,0,0.0,0.75,0.85,0.8,0.825,0,0.0,0.75,0.85,0.8,0.825
389,no_strict_e1_improvement,0,,,,,1,0,1,1,0,1,0,1,0,0,-1,current,0,0,0.0032164220698177814,0.0032164220698177814,40,25,25,25,25,0,0,1,1.0,1.0,1.0,1.0,1.0,1,1.0,1.0,1.0,1.0,1.0,1,1.0,1.0,1.0,1.0,1.0,1,1.0,1.0,1.0,1.0,1.0
390,no_strict_e1_improvement,0,,,,,1,0,1,1,0,1,0,1,0,0,-1,current,0,0,0.02964926043059677,0.02964926043059677,35,25,25,25,25,0,0,1,1.0,1.0,1.0,1.0,1.0,1,1.0,1.0,1.0,1.0,1.0,1,1.0,1.0,1.0,1.0,1.0,1,1.0,1.0,1.0,1.0,1.0
391,max_rounds,0,,,,,1,1,2,1,1,1,1,1,0,0,0,s1a3_greedy,1,0,0.11034735071589238,0.051455953373806554,26,23,23,25,25,2,0,0,0.92,0.9,0.85,0.875,0.875,0,0.92,0.9,0.85,0.875,0.875,1,1.0,1.0,1.0,1.0,1.0,1,1.0,1.0,1.0,1.0,1.0
392,no_strict_e1_improvement,0,,,,,1,0,2,1,1,1,1,1,0,0,-1,current,0,0,0.028335482382681222,0.028335482382681222,28,25,25,25,25,0,0,1,1.0,1.0,1.0,1.0,1.0,1,1.0,1.0,1.0,1.0,1.0,1,1.0,1.0,1.0,1.0,1.0,1,1.0,1.0,1.0,1.0,1.0
393,max_rounds,0,,,,,1,1,2,1,1,1,1,1,0,0,0,s1a3_greedy,1,0,0.13257496254518628,0.07410079957917333,25,16,16,18,18,2,0,0,0.64,0.85,0.55,0.7,0.7,0,0.64,0.85,0.55,0.7,0.7,0,0.72,0.85,0.65,0.75,0.775,0,0.72,0.85,0.65,0.75,0.775
394,no_strict_e1_improvement,0,,,,,1,0,2,1,1,1,1,1,0,0,-1,current,0,0,0.1877182868644013,0.1877182868644013,16,0,0,0,0,0,0,0,0.0,0.25,0.05,0.15,0.2,0,0.0,0.25,0.05,0.15,0.2,0,0.0,0.25,0.05,0.15,0.2,0,0.0,0.25,0.05,0.15,0.2
395,no_strict_e1_improvement,0,,,,,1,0,2,1,1,1,1,1,0,0,-1,current,0,0,0.21514935200102628,0.21514935200102628,21,0,0,0,0,0,0,0,0.0,0.6,0.5,0.55,0.6,0,0.0,0.6,0.5,0.55,0.6,0,0.0,0.6,0.5,0.55,0.6,0,0.0,0.6,0.5,0.55,0.6
396,max_rounds,0,,,,,1,1,2,1,1,1,1,1,0,0,0,s1a3_greedy,1,0,0.1394224239164032,0.13912307856080589,19,0,0,0,0,0,0,0,0.0,0.9,0.5,0.7,0.7,0,0.0,0.9,0.5,0.7,0.7,0,0.0,0.7,0.55,0.625,0.675,0,0.0,0.7,0.55,0.625,0.675
397,max_rounds,0,,,,,1,1,2,1,1,1,1,1,0,0,0,s1a3_greedy,1,0,0.13062705844640732,0.11354751791805029,28,0,0,0,0,0,0,0,0.0,0.55,0.85,0.7,0.725,0,0.0,0.55,0.85,0.7,0.725,0,0.0,0.55,0.9,0.725,0.725,0,0.0,0.55,0.9,0.725,0.725
398,no_strict_e1_improvement,0,,,,,1,0,2,1,1,1,1,1,0,0,-1,current,0,0,0.10000741980038583,0.10000741980038583,28,23,23,23,23,0,0,0,0.92,0.9,0.8,0.85,0.875,0,0.92,0.9,0.8,0.85,0.875,0,0.92,0.9,0.8,0.85,0.875,0,0.92,0.9,0.8,0.85,0.875
399,no_strict_e1_improvement,0,,,,,1,0,1,1,0,1,0,1,0,0,-1,current,0,0,0.001298654661513865,0.001298654661513865,39,25,25,25,25,0,0,1,1.0,1.0,1.0,1.0,1.0,1,1.0,1.0,1.0,1.0,1.0,1,1.0,1.0,1.0,1.0,1.0,1,1.0,1.0,1.0,1.0,1.0
400,no_strict_e1_improvement,0,,,,,1,0,1,1,0,1,0,1,0,0,-1,current,0,0,0.020698474196251482,0.020698474196251482,31,20,20,20,20,0,0,0,0.8,0.75,0.75,0.75,0.775,0,0.8,0.75,0.75,0.75,0.775,0,0.8,0.75,0.75,0.75,0.775,0,0.8,0.75,0.75,0.75,0.775
401,no_strict_e1_improvement,0,,,,,1,0,2,1,1,1,1,1,0,0,-1,current,0,0,0.155133321788162,0.155133321788162,19,0,0,0,0,0,0,0,0.0,0.6,0.2,0.4,0.45,0,0.0,0.6,0.2,0.4,0.45,0,0.0,0.6,0.2,0.4,0.45,0,0.0,0.6,0.2,0.4,0.45
402,max_rounds,0,,,,,1,1,2,1,1,1,1,1,0,0,0,s1a3_greedy,1,0,0.12216518924105912,0.06338114209938794,28,23,23,23,23,0,0,0,0.92,0.85,0.8,0.825,0.825,0,0.92,0.85,0.8,0.825,0.825,0,0.92,0.9,0.85,0.875,0.875,0,0.92,0.9,0.85,0.875,0.875
403,max_rounds,0,,,,,1,1,2,1,1,1,1,1,0,0,0,s1a3_greedy,1,0,0.18847697777673603,0.1492162079550326,22,18,18,12,12,-6,0,0,0.72,0.65,0.65,0.65,0.675,0,0.72,0.65,0.65,0.65,0.675,0,0.48,0.65,0.4,0.525,0.55,0,0.48,0.65,0.4,0.525,0.55
404,small_component,0,,,,,1,0,0,0,0,0,0,1,0,0,-1,current,0,0,0.23009308744221926,0.23009308744221926,20,9,9,9,9,0,0,0,0.36,0.2,0.8,0.5,0.65,0,0.36,0.2,0.8,0.5,0.65,0,0.36,0.2,0.8,0.5,0.65,0,0.36,0.2,0.8,0.5,0.65
405,max_rounds,0,,,,,1,1,2,1,1,1,1,1,0,0,0,s1a3_greedy,1,0,0.33497594110667706,0.2946532931178808,16,0,0,1,1,1,0,0,0.0,0.4,0.4,0.4,0.4,0,0.0,0.4,0.4,0.4,0.4,0,0.04,0.4,0.45,0.425,0.475,0,0.04,0.4,0.45,0.425,0.475
406,max_rounds,0,,,,,1,1,2,1,1,1,1,1,0,0,0,s1a3_greedy,1,0,0.22361609955551104,0.19394542310328688,15,2,2,0,0,-2,0,0,0.08,0.2,0.2,0.2,0.275,0,0.08,0.2,0.2,0.2,0.275,0,0.0,0.45,0.2,0.325,0.35,0,0.0,0.45,0.2,0.325,0.35
407,max_rounds,0,,,,,1,1,2,1,1,1,1,1,0,0,0,s1a3_greedy,1,0,0.21713082627393304,0.18510524099692702,17,0,0,0,0,0,0,0,0.0,0.35,0.55,0.45,0.55,0,0.0,0.35,0.55,0.45,0.55,0,0.0,0.4,0.55,0.475,0.55,0,0.0,0.4,0.55,0.475,0.55
408,max_rounds,0,,,,,1,1,2,1,1,1,1,1,0,0,0,s1a3_greedy,1,0,0.1947422634344548,0.15892946044914424,16,7,7,1,1,-6,0,0,0.28,0.5,0.5,0.5,0.55,0,0.28,0.5,0.5,0.5,0.55,0,0.04,0.35,0.5,0.425,0.475,0,0.04,0.35,0.5,0.425,0.475
409,no_strict_e1_improvement,0,,,,,1,0,2,1,1,1,1,1,0,0,-1,current,0,0,0.060386435501277445,0.060386435501277445,30,20,20,20,20,0,0,0,0.8,0.95,0.75,0.85,0.85,0,0.8,0.95,0.75,0.85,0.85,0,0.8,0.95,0.75,0.85,0.85,0,0.8,0.95,0.75,0.85,0.85
410,no_strict_e1_improvement,0,,,,,1,0,2,1,1,1,1,1,0,0,-1,current,0,0,0.11001333707827143,0.11001333707827143,22,0,0,0,0,0,0,0,0.0,0.5,0.35,0.425,0.5,0,0.0,0.5,0.35,0.425,0.5,0,0.0,0.5,0.35,0.425,0.5,0,0.0,0.5,0.35,0.425,0.5
411,partial_completed__max_rounds,1,,5,2,4,1,1,2,1,1,1,1,1,0,0,0,s1a3_greedy,1,0,0.15421119146049023,0.11826203847303987,17,17,17,21,21,4,0,0,0.68,0.6,0.6,0.6,0.6,0,0.68,0.65,0.65,0.65,0.675,0,0.84,0.9,0.6,0.75,0.85,0,0.84,0.9,0.6,0.75,0.85
412,max_rounds,0,,,,,1,1,2,1,1,1,1,1,0,0,0,s1a3_greedy,1,0,0.20598915461450815,0.10570127721875906,26,0,0,0,0,0,0,0,0.0,0.7,0.5,0.6,0.625,0,0.0,0.7,0.5,0.6,0.625,0,0.0,0.9,0.65,0.775,0.8,0,0.0,0.9,0.65,0.775,0.8
413,no_strict_e1_improvement,0,,,,,1,0,2,1,1,1,1,1,0,0,-1,current,0,0,0.06456668593455106,0.06456668593455106,28,25,25,25,25,0,0,1,1.0,1.0,1.0,1.0,1.0,1,1.0,1.0,1.0,1.0,1.0,1,1.0,1.0,1.0,1.0,1.0,1,1.0,1.0,1.0,1.0,1.0
414,partial_completed__max_rounds,1,,5,2,4,1,1,2,1,1,1,1,1,0,0,0,s1a3_greedy,1,0,0.26302340025140436,0.2407748655154137,6,1,1,2,2,1,0,0,0.04,0.15,0.1,0.125,0.25,0,0.04,0.15,0.25,0.2,0.35,0,0.08,0.0,0.1,0.05,0.25,0,0.08,0.0,0.1,0.05,0.25
415,max_rounds,0,,,,,1,1,2,1,1,1,1,1,0,0,0,s1a3_greedy,1,0,0.23196823028847574,0.20352553427219391,14,0,0,0,0,0,0,0,0.0,0.35,0.7,0.525,0.55,0,0.0,0.35,0.7,0.525,0.55,0,0.0,0.3,0.55,0.425,0.475,0,0.0,0.3,0.55,0.425,0.475
416,max_rounds,0,,,,,1,1,2,1,1,1,1,1,0,0,0,s1a3_greedy,1,0,0.14973882937338204,0.07434408743283712,15,1,1,0,0,-1,0,0,0.04,0.2,0.2,0.2,0.225,0,0.04,0.2,0.2,0.2,0.225,0,0.0,0.2,0.3,0.25,0.275,0,0.0,0.2,0.3,0.25,0.275
417,max_rounds,0,,,,,1,1,2,1,1,1,1,1,0,0,0,s1a3_greedy,1,0,0.2992771303048357,0.2837156087625772,11,0,0,1,1,1,0,0,0.0,0.35,0.1,0.225,0.25,0,0.0,0.35,0.1,0.225,0.25,0,0.04,0.35,0.15,0.25,0.325,0,0.04,0.35,0.15,0.25,0.325
418,partial_completed__max_rounds,1,,5,2,4,1,1,2,1,1,1,1,1,0,0,0,s1a3_greedy,1,0,0.24529724266321865,0.16608247769909212,12,0,0,1,1,1,0,0,0.0,0.25,0.05,0.15,0.275,0,0.0,0.25,0.05,0.15,0.35,0,0.04,0.15,0.25,0.2,0.225,0,0.04,0.15,0.25,0.2,0.225
419,max_rounds,0,,,,,1,1,2,1,1,1,1,1,0,0,0,s1a3_greedy,1,0,0.0617790428106673,0.047923528880346566,25,22,22,25,25,3,0,0,0.88,0.9,0.85,0.875,0.875,0,0.88,0.9,0.85,0.875,0.875,1,1.0,1.0,1.0,1.0,1.0,1,1.0,1.0,1.0,1.0,1.0
420,max_rounds,0,,,,,1,1,2,1,1,1,1,1,0,0,0,s1a3_greedy,1,0,0.23088804502040147,0.2306827992259059,13,1,1,1,1,0,0,0,0.04,0.25,0.35,0.3,0.4,0,0.04,0.25,0.35,0.3,0.4,0,0.04,0.4,0.45,0.425,0.5,0,0.04,0.4,0.45,0.425,0.5
421,no_strict_e1_improvement,0,,,,,1,0,2,1,1,1,1,1,0,0,-1,current,0,0,0.09026399558060802,0.09026399558060802,26,1,1,1,1,0,0,0,0.04,0.7,0.9,0.8,0.8,0,0.04,0.7,0.9,0.8,0.8,0,0.04,0.7,0.9,0.8,0.8,0,0.04,0.7,0.9,0.8,0.8
422,small_component,0,,,,,1,0,0,0,0,0,0,1,0,0,-1,current,0,0,0.35203557103523053,0.35203557103523053,17,4,4,4,4,0,0,0,0.16,0.1,0.35,0.225,0.4,0,0.16,0.1,0.35,0.225,0.4,0,0.16,0.1,0.35,0.225,0.4,0,0.16,0.1,0.35,0.225,0.4
423,max_rounds,0,,,,,1,1,2,1,1,1,1,1,0,0,0,s1a3_greedy,1,0,0.24145307787694037,0.1499014889355749,17,5,5,9,9,4,0,0,0.2,0.35,0.4,0.375,0.55,0,0.2,0.35,0.4,0.375,0.55,0,0.36,0.45,0.55,0.5,0.6,0,0.36,0.45,0.55,0.5,0.6
424,no_strict_e1_improvement,0,,,,,1,0,1,1,0,1,0,1,0,0,-1,current,0,0,0.011516748799476773,0.011516748799476773,35,25,25,25,25,0,0,1,1.0,1.0,1.0,1.0,1.0,1,1.0,1.0,1.0,1.0,1.0,1,1.0,1.0,1.0,1.0,1.0,1,1.0,1.0,1.0,1.0,1.0
425,max_rounds,0,,,,,1,1,2,1,1,1,1,1,0,0,0,s1a3_greedy,1,0,0.1222663875669241,0.10391510920599104,26,0,0,1,1,1,0,0,0.0,0.6,0.85,0.725,0.725,0,0.0,0.6,0.85,0.725,0.725,0,0.04,0.55,0.8,0.675,0.7,0,0.04,0.55,0.8,0.675,0.7
426,small_component,0,,,,,1,0,0,0,0,0,0,1,0,0,-1,current,0,0,0.24000218897708692,0.24000218897708692,16,2,2,2,2,0,0,0,0.08,0.1,0.1,0.1,0.175,0,0.08,0.1,0.1,0.1,0.175,0,0.08,0.1,0.1,0.1,0.175,0,0.08,0.1,0.1,0.1,0.175
427,max_rounds,0,,,,,1,1,2,1,1,1,1,1,0,0,0,s1a3_greedy,1,0,0.07882467159070075,0.03563575141597539,31,21,21,23,23,2,0,0,0.84,0.7,0.8,0.75,0.8,0,0.84,0.7,0.8,0.75,0.8,0,0.92,0.9,0.9,0.9,0.925,0,0.92,0.9,0.9,0.9,0.925
428,max_rounds,0,,,,,1,1,2,1,1,1,1,1,0,0,0,s1a3_greedy,1,0,0.10854900288395583,0.0813571787904948,25,0,0,1,1,1,0,0,0.0,0.75,0.6,0.675,0.75,0,0.0,0.75,0.6,0.675,0.75,0,0.04,0.65,0.5,0.575,0.65,0,0.04,0.65,0.5,0.575,0.65
429,no_strict_e1_improvement,0,,,,,1,0,1,1,0,1,0,1,0,0,-1,current,0,0,0.04018644804600626,0.04018644804600626,30,25,25,25,25,0,0,1,1.0,1.0,1.0,1.0,1.0,1,1.0,1.0,1.0,1.0,1.0,1,1.0,1.0,1.0,1.0,1.0,1,1.0,1.0,1.0,1.0,1.0
430,no_strict_e1_improvement,0,,,,,1,0,2,1,1,1,1,1,0,0,-1,current,0,0,0.032431621906289364,0.032431621906289364,24,0,0,0,0,0,0,0,0.0,0.75,0.85,0.8,0.825,0,0.0,0.75,0.85,0.8,0.825,0,0.0,0.75,0.85,0.8,0.825,0,0.0,0.75,0.85,0.8,0.825
431,no_strict_e1_improvement,0,,,,,1,0,1,1,0,1,0,1,0,0,-1,current,0,0,0.12352108678314835,0.12352108678314835,30,0,0,0,0,0,0,0,0.0,0.8,0.55,0.675,0.675,0,0.0,0.8,0.55,0.675,0.675,0,0.0,0.8,0.55,0.675,0.675,0,0.0,0.8,0.55,0.675,0.675
432,no_strict_e1_improvement,0,,,,,1,0,2,1,1,1,1,1,0,0,-1,current,0,0,0.06970140160992741,0.06970140160992741,28,25,25,25,25,0,0,1,1.0,1.0,1.0,1.0,1.0,1,1.0,1.0,1.0,1.0,1.0,1,1.0,1.0,1.0,1.0,1.0,1,1.0,1.0,1.0,1.0,1.0
433,partial_completed__max_rounds,1,,5,2,4,1,1,2,1,1,1,1,1,0,0,0,s1a3_greedy,1,0,0.1664763206616044,0.03151451610028744,28,0,15,25,25,25,0,0,0.0,0.5,0.75,0.625,0.625,0,0.6,0.5,0.9,0.7,0.825,1,1.0,1.0,1.0,1.0,1.0,1,1.0,1.0,1.0,1.0,1.0
434,partial_completed__no_strict_e1_improvement,1,,5,2,4,1,0,2,1,1,1,1,1,0,0,-1,current,1,0,0.2665578541811556,0.2665578541811556,20,1,1,1,1,0,0,0,0.04,0.25,0.35,0.3,0.35,0,0.04,0.35,0.45,0.4,0.45,0,0.04,0.35,0.45,0.4,0.45,0,0.04,0.35,0.45,0.4,0.45
435,no_strict_e1_improvement,0,,,,,1,0,1,1,0,1,0,1,0,0,-1,current,0,0,0.07092828210443258,0.07092828210443258,32,0,0,0,0,0,0,0,0.0,1.0,0.75,0.875,0.875,0,0.0,1.0,0.75,0.875,0.875,0,0.0,1.0,0.75,0.875,0.875,0,0.0,1.0,0.75,0.875,0.875
436,no_strict_e1_improvement,0,,,,,1,0,2,1,1,1,1,1,0,0,-1,current,0,0,0.15849412449751982,0.15849412449751982,20,0,0,0,0,0,0,0,0.0,0.65,0.2,0.425,0.5,0,0.0,0.65,0.2,0.425,0.5,0,0.0,0.65,0.2,0.425,0.5,0,0.0,0.65,0.2,0.425,0.5
437,no_strict_e1_improvement,0,,,,,1,0,2,1,1,1,1,1,0,0,-1,current,0,0,0.18991069500334562,0.18991069500334562,23,0,0,0,0,0,0,0,0.0,0.5,0.7,0.6,0.6,0,0.0,0.5,0.7,0.6,0.6,0,0.0,0.5,0.7,0.6,0.6,0,0.0,0.5,0.7,0.6,0.6
438,max_rounds,0,,,,,1,1,2,1,1,1,1,1,0,0,0,s1a3_greedy,1,0,0.2751084844116122,0.1447777773370035,19,5,5,11,11,6,0,0,0.2,0.2,0.45,0.325,0.425,0,0.2,0.2,0.45,0.325,0.425,0,0.44,0.3,0.7,0.5,0.55,0,0.44,0.3,0.7,0.5,0.55
439,max_rounds,0,,,,,1,1,2,1,1,1,1,1,0,0,0,s1a3_greedy,1,0,0.2711802682839334,0.2634977053385228,18,0,0,0,0,0,0,0,0.0,0.4,0.5,0.45,0.475,0,0.0,0.4,0.5,0.45,0.475,0,0.0,0.4,0.4,0.4,0.45,0,0.0,0.4,0.4,0.4,0.45
440,max_rounds,0,,,,,1,1,2,1,1,1,1,1,0,0,0,s1a3_greedy,1,0,0.1902864793781191,0.07515849056653678,27,1,1,0,0,-1,0,0,0.04,0.25,0.65,0.45,0.475,0,0.04,0.25,0.65,0.45,0.475,0,0.0,0.5,0.95,0.725,0.725,0,0.0,0.5,0.95,0.725,0.725
441,no_strict_e1_improvement,0,,,,,1,0,2,1,1,1,1,1,0,0,-1,current,0,0,0.1727037437260151,0.1727037437260151,24,6,6,6,6,0,0,0,0.24,0.6,0.25,0.425,0.45,0,0.24,0.6,0.25,0.425,0.45,0,0.24,0.6,0.25,0.425,0.45,0,0.24,0.6,0.25,0.425,0.45
442,max_rounds,0,,,,,1,1,2,1,1,1,1,1,0,0,0,s1a3_greedy,1,0,0.29816725495038554,0.18784427033970133,14,1,1,1,1,0,0,0,0.04,0.25,0.0,0.125,0.275,0,0.04,0.25,0.0,0.125,0.275,0,0.04,0.2,0.05,0.125,0.25,0,0.04,0.2,0.05,0.125,0.25
443,no_strict_e1_improvement,0,,,,,1,0,2,1,1,1,1,1,0,0,-1,current,0,0,0.0878527194770868,0.0878527194770868,27,21,21,21,21,0,0,0,0.84,0.75,0.7,0.725,0.775,0,0.84,0.75,0.7,0.725,0.775,0,0.84,0.75,0.7,0.725,0.775,0,0.84,0.75,0.7,0.725,0.775
444,max_rounds,0,,,,,1,1,2,1,1,1,1,1,0,0,0,s1a3_greedy,1,0,0.10455491884495131,0.0696440153522417,14,0,0,0,0,0,0,0,0.0,0.25,0.2,0.225,0.275,0,0.0,0.25,0.2,0.225,0.275,0,0.0,0.25,0.1,0.175,0.225,0,0.0,0.25,0.1,0.175,0.225
445,max_rounds,0,,,,,1,1,2,1,1,1,1,1,0,0,0,s1a3_greedy,1,0,0.26943919364130126,0.16600973441964015,19,8,8,9,9,1,0,0,0.32,0.25,0.35,0.3,0.35,0,0.32,0.25,0.35,0.3,0.35,0,0.36,0.25,0.45,0.35,0.45,0,0.36,0.25,0.45,0.35,0.45
446,no_strict_e1_improvement,0,,,,,1,0,1,1,0,1,0,1,0,0,-1,current,0,0,0.04245676100254059,0.04245676100254059,34,0,0,0,0,0,0,0,0.0,0.75,0.75,0.75,0.75,0,0.0,0.75,0.75,0.75,0.75,0,0.0,0.75,0.75,0.75,0.75,0,0.0,0.75,0.75,0.75,0.75
447,no_strict_e1_improvement,0,,,,,1,0,1,1,0,1,0,1,0,0,-1,current,0,0,0.031023512419778854,0.031023512419778854,30,0,0,0,0,0,0,0,0.0,1.0,0.75,0.875,0.875,0,0.0,1.0,0.75,0.875,0.875,0,0.0,1.0,0.75,0.875,0.875,0,0.0,1.0,0.75,0.875,0.875
448,max_rounds,0,,,,,1,1,2,1,1,1,1,1,0,0,0,s1a3_greedy,1,0,0.06881763439159841,0.04548197358381003,25,21,21,25,25,4,0,0,0.84,0.9,0.8,0.85,0.85,0,0.84,0.9,0.8,0.85,0.85,1,1.0,1.0,1.0,1.0,1.0,1,1.0,1.0,1.0,1.0,1.0
449,no_strict_e1_improvement,0,,,,,1,0,2,1,1,1,1,1,0,0,-1,current,0,0,0.10834205485880374,0.10834205485880374,23,0,0,0,0,0,0,0,0.0,0.55,0.45,0.5,0.6,0,0.0,0.55,0.45,0.5,0.6,0,0.0,0.55,0.45,0.5,0.6,0,0.0,0.55,0.45,0.5,0.6
450,small_component,0,,,,,1,0,0,0,0,0,0,1,0,0,-1,current,0,0,0.2642221953254193,0.2642221953254193,12,3,3,3,3,0,0,0,0.12,0.1,0.1,0.1,0.15,0,0.12,0.1,0.1,0.1,0.15,0,0.12,0.1,0.1,0.1,0.15,0,0.12,0.1,0.1,0.1,0.15
451,max_rounds,0,,,,,1,1,2,1,1,1,1,1,0,0,0,s1a3_greedy,1,0,0.12241374157019891,0.0187447369156871,29,21,21,25,25,4,0,0,0.84,0.8,0.85,0.825,0.825,0,0.84,0.8,0.85,0.825,0.825,1,1.0,1.0,1.0,1.0,1.0,1,1.0,1.0,1.0,1.0,1.0
452,max_rounds,0,,,,,1,1,2,1,1,1,1,1,0,0,0,s1a3_greedy,1,0,0.24606820025364867,0.192656644777162,20,0,0,0,0,0,0,0,0.0,0.55,0.6,0.575,0.675,0,0.0,0.55,0.6,0.575,0.675,0,0.0,0.5,0.75,0.625,0.625,0,0.0,0.5,0.75,0.625,0.625
453,max_rounds,0,,,,,1,1,2,1,1,1,1,1,0,0,0,s1a3_greedy,1,0,0.22696439154678955,0.15545427816687152,13,0,0,0,0,0,0,0,0.0,0.15,0.5,0.325,0.35,0,0.0,0.15,0.5,0.325,0.35,0,0.0,0.05,0.2,0.125,0.225,0,0.0,0.05,0.2,0.125,0.225
454,max_rounds,0,,,,,1,1,2,1,1,1,1,1,0,0,0,s1a3_greedy,1,0,0.16401106921257452,0.10127681229496374,26,2,2,2,2,0,0,0,0.08,0.6,0.75,0.675,0.7,0,0.08,0.6,0.75,0.675,0.7,0,0.08,0.6,0.8,0.7,0.7,0,0.08,0.6,0.8,0.7,0.7
455,max_rounds,0,,,,,1,1,2,1,1,1,1,1,0,0,0,s1a3_greedy,1,0,0.22737684880266898,0.19907057099044323,9,1,1,1,1,0,0,0,0.04,0.25,0.4,0.325,0.35,0,0.04,0.25,0.4,0.325,0.35,0,0.04,0.25,0.25,0.25,0.3,0,0.04,0.25,0.25,0.25,0.3
456,max_rounds,0,,,,,1,1,2,1,1,1,1,1,0,0,0,s1a3_greedy,1,0,0.30515037910081444,0.19341046460904182,14,0,0,1,1,1,0,0,0.0,0.2,0.35,0.275,0.275,0,0.0,0.2,0.35,0.275,0.275,0,0.04,0.25,0.35,0.3,0.375,0,0.04,0.25,0.35,0.3,0.375
457,max_rounds,0,,,,,1,1,2,1,1,1,1,1,0,0,0,s1a3_greedy,1,0,0.111456426884979,0.07280389415100216,33,0,0,0,0,0,0,0,0.0,0.65,0.85,0.75,0.75,0,0.0,0.65,0.85,0.75,0.75,0,0.0,0.75,0.9,0.825,0.825,0,0.0,0.75,0.9,0.825,0.825
458,no_strict_e1_improvement,0,,,,,1,0,2,1,1,1,1,1,0,0,-1,current,0,0,0.23459598852787167,0.23459598852787167,14,1,1,1,1,0,0,0,0.04,0.45,0.45,0.45,0.5,0,0.04,0.45,0.45,0.45,0.5,0,0.04,0.45,0.45,0.45,0.5,0,0.04,0.45,0.45,0.45,0.5
459,max_rounds,0,,,,,1,1,2,1,1,1,1,1,0,0,0,s1a3_greedy,1,0,0.1562715822365135,0.14574428293853997,20,2,2,1,1,-1,0,0,0.08,0.55,0.65,0.6,0.65,0,0.08,0.55,0.65,0.6,0.65,0,0.04,0.5,0.6,0.55,0.65,0,0.04,0.5,0.6,0.55,0.65
460,no_strict_e1_improvement,0,,,,,1,0,1,1,0,1,0,1,0,0,-1,current,0,0,0.04253501616185531,0.04253501616185531,33,25,25,25,25,0,0,1,1.0,1.0,1.0,1.0,1.0,1,1.0,1.0,1.0,1.0,1.0,1,1.0,1.0,1.0,1.0,1.0,1,1.0,1.0,1.0,1.0,1.0
461,max_rounds,0,,,,,1,1,2,1,1,1,1,1,0,0,0,s1a3_greedy,1,0,0.16112671873997897,0.11857997125480324,24,10,10,11,11,1,0,0,0.4,0.6,0.6,0.6,0.7,0,0.4,0.6,0.6,0.6,0.7,0,0.44,0.7,0.65,0.675,0.675,0,0.44,0.7,0.65,0.675,0.675
462,no_strict_e1_improvement,0,,,,,1,0,1,1,0,1,0,1,0,0,-1,current,0,0,0.023837033263407647,0.023837033263407647,34,25,25,25,25,0,0,1,1.0,1.0,1.0,1.0,1.0,1,1.0,1.0,1.0,1.0,1.0,1,1.0,1.0,1.0,1.0,1.0,1,1.0,1.0,1.0,1.0,1.0
463,max_rounds,0,,,,,1,1,2,1,1,1,1,1,0,0,0,s1a3_greedy,1,0,0.10158824364189059,0.03463437447790056,28,22,22,25,25,3,0,0,0.88,0.85,0.8,0.825,0.825,0,0.88,0.85,0.8,0.825,0.825,1,1.0,1.0,1.0,1.0,1.0,1,1.0,1.0,1.0,1.0,1.0
464,max_rounds,0,,,,,1,1,2,1,1,1,1,1,0,0,0,s1a3_greedy,1,0,0.06786887424532324,0.05011854283511639,32,22,22,25,25,3,0,0,0.88,0.7,0.85,0.775,0.775,0,0.88,0.7,0.85,0.775,0.775,1,1.0,1.0,1.0,1.0,1.0,1,1.0,1.0,1.0,1.0,1.0
465,partial_completed__max_rounds,1,,5,2,4,1,1,2,1,1,1,1,1,0,0,0,s1a3_greedy,1,0,0.19404773204005324,0.10265749035752378,14,0,2,0,0,0,0,0,0.0,0.2,0.3,0.25,0.325,0,0.08,0.25,0.35,0.3,0.375,0,0.0,0.5,0.55,0.525,0.55,0,0.0,0.5,0.55,0.525,0.55
466,partial_completed__max_rounds,1,,5,2,4,1,1,2,1,1,1,1,1,0,0,0,s1a3_greedy,1,0,0.22029291572398507,0.07086188548710197,31,0,1,0,0,0,0,0,0.0,0.55,0.45,0.5,0.5,0,0.04,0.65,0.5,0.575,0.575,0,0.0,1.0,0.75,0.875,0.875,0,0.0,1.0,0.75,0.875,0.875
467,small_component,0,,,,,1,0,0,0,0,0,0,1,0,0,-1,current,0,0,0.291018049698323,0.291018049698323,14,0,0,0,0,0,0,0,0.0,0.25,0.2,0.225,0.275,0,0.0,0.25,0.2,0.225,0.275,0,0.0,0.25,0.2,0.225,0.275,0,0.0,0.25,0.2,0.225,0.275
468,no_strict_e1_improvement,0,,,,,1,0,2,1,1,1,1,1,0,0,-1,current,0,0,0.217619773093611,0.217619773093611,23,2,2,2,2,0,0,0,0.08,0.5,0.65,0.575,0.625,0,0.08,0.5,0.65,0.575,0.625,0,0.08,0.5,0.65,0.575,0.625,0,0.08,0.5,0.65,0.575,0.625
469,no_strict_e1_improvement,0,,,,,1,0,1,1,0,1,0,1,0,0,-1,current,0,0,0.09485345946159214,0.09485345946159214,31,0,0,0,0,0,0,0,0.0,0.95,0.75,0.85,0.85,0,0.0,0.95,0.75,0.85,0.85,0,0.0,0.95,0.75,0.85,0.85,0,0.0,0.95,0.75,0.85,0.85
470,no_strict_e1_improvement,0,,,,,1,0,1,1,0,1,0,1,0,0,-1,current,0,0,0.02583171909209341,0.02583171909209341,34,25,25,25,25,0,0,1,1.0,1.0,1.0,1.0,1.0,1,1.0,1.0,1.0,1.0,1.0,1,1.0,1.0,1.0,1.0,1.0,1,1.0,1.0,1.0,1.0,1.0
471,no_strict_e1_improvement,0,,,,,1,0,1,1,0,1,0,1,0,0,-1,current,0,0,0.059700463875196876,0.059700463875196876,25,0,0,0,0,0,0,0,0.0,0.95,0.75,0.85,0.85,0,0.0,0.95,0.75,0.85,0.85,0,0.0,0.95,0.75,0.85,0.85,0,0.0,0.95,0.75,0.85,0.85
472,no_strict_e1_improvement,0,,,,,1,0,1,1,0,1,0,1,0,0,-1,current,0,0,0.032204972300678494,0.032204972300678494,27,0,0,0,0,0,0,0,0.0,1.0,0.75,0.875,0.875,0,0.0,1.0,0.75,0.875,0.875,0,0.0,1.0,0.75,0.875,0.875,0,0.0,1.0,0.75,0.875,0.875
473,no_strict_e1_improvement,0,,,,,1,0,2,1,1,1,1,1,0,0,-1,current,0,0,0.1293474989128299,0.1293474989128299,23,16,16,16,16,0,0,0,0.64,0.5,0.6,0.55,0.65,0,0.64,0.5,0.6,0.55,0.65,0,0.64,0.5,0.6,0.55,0.65,0,0.64,0.5,0.6,0.55,0.65
474,max_rounds,0,,,,,1,1,2,1,1,1,1,1,0,0,0,s1a3_greedy,1,0,0.16610230605583637,0.15886354919057338,20,17,17,14,14,-3,0,0,0.68,0.6,0.5,0.55,0.6,0,0.68,0.6,0.5,0.55,0.6,0,0.56,0.5,0.45,0.475,0.475,0,0.56,0.5,0.45,0.475,0.475
475,small_component,0,,,,,1,0,0,0,0,0,0,1,0,0,-1,current,0,0,0.3146524884738028,0.3146524884738028,15,0,0,0,0,0,0,0,0.0,0.2,0.4,0.3,0.375,0,0.0,0.2,0.4,0.3,0.375,0,0.0,0.2,0.4,0.3,0.375,0,0.0,0.2,0.4,0.3,0.375
476,no_strict_e1_improvement,0,,,,,1,0,2,1,1,1,1,1,0,0,-1,current,0,0,0.2772463649744168,0.2772463649744168,16,4,4,4,4,0,0,0,0.16,0.2,0.3,0.25,0.3,0,0.16,0.2,0.3,0.25,0.3,0,0.16,0.2,0.3,0.25,0.3,0,0.16,0.2,0.3,0.25,0.3
477,no_strict_e1_improvement,0,,,,,1,0,2,1,1,1,1,1,0,0,-1,current,0,0,0.2268622328992933,0.2268622328992933,22,6,6,6,6,0,0,0,0.24,0.65,0.6,0.625,0.65,0,0.24,0.65,0.6,0.625,0.65,0,0.24,0.65,0.6,0.625,0.65,0,0.24,0.65,0.6,0.625,0.65
478,small_component,0,,,,,1,0,0,0,0,0,0,1,0,0,-1,current,0,0,0.33884836896904746,0.33884836896904746,13,1,1,1,1,0,0,0,0.04,0.1,0.05,0.075,0.15,0,0.04,0.1,0.05,0.075,0.15,0,0.04,0.1,0.05,0.075,0.15,0,0.04,0.1,0.05,0.075,0.15
479,no_strict_e1_improvement,0,,,,,1,0,1,1,0,1,0,1,0,0,-1,current,0,0,0.024224801489617677,0.024224801489617677,35,25,25,25,25,0,0,1,1.0,1.0,1.0,1.0,1.0,1,1.0,1.0,1.0,1.0,1.0,1,1.0,1.0,1.0,1.0,1.0,1,1.0,1.0,1.0,1.0,1.0
480,max_rounds,0,,,,,1,1,2,1,1,1,1,1,0,0,0,s1a3_greedy,1,0,0.10286242787260562,0.07207858220208437,26,0,0,0,0,0,0,0,0.0,0.75,0.65,0.7,0.775,0,0.0,0.75,0.65,0.7,0.775,0,0.0,0.85,0.75,0.8,0.8,0,0.0,0.85,0.75,0.8,0.8
481,max_rounds,0,,,,,1,1,2,1,1,1,1,1,0,0,0,s1a3_greedy,1,0,0.23378429937874898,0.047211420664098114,33,12,12,25,25,13,0,0,0.48,0.65,0.8,0.725,0.75,0,0.48,0.65,0.8,0.725,0.75,1,1.0,1.0,1.0,1.0,1.0,1,1.0,1.0,1.0,1.0,1.0
482,no_strict_e1_improvement,0,,,,,1,0,1,1,0,1,0,1,0,0,-1,current,0,0,0.1022133357822895,0.1022133357822895,29,0,0,0,0,0,0,0,0.0,0.6,0.65,0.625,0.625,0,0.0,0.6,0.65,0.625,0.625,0,0.0,0.6,0.65,0.625,0.625,0,0.0,0.6,0.65,0.625,0.625
483,max_rounds,0,,,,,1,1,2,1,1,1,1,1,0,0,0,s1a3_greedy,1,0,0.2218420973047614,0.16758748996071518,19,0,0,0,0,0,0,0,0.0,0.45,0.4,0.425,0.525,0,0.0,0.45,0.4,0.425,0.525,0,0.0,0.6,0.6,0.6,0.6,0,0.0,0.6,0.6,0.6,0.6
484,max_rounds,0,,,,,1,1,2,1,1,1,1,1,0,0,0,s1a3_greedy,1,0,0.26148271169513465,0.08976785569102504,24,0,0,0,0,0,0,0,0.0,0.4,0.55,0.475,0.55,0,0.0,0.4,0.55,0.475,0.55,0,0.0,1.0,0.75,0.875,0.875,0,0.0,1.0,0.75,0.875,0.875
485,no_strict_e1_improvement,0,,,,,1,0,2,1,1,1,1,1,0,0,-1,current,0,0,0.19517385847866536,0.19517385847866536,23,0,0,0,0,0,0,0,0.0,0.65,0.5,0.575,0.6,0,0.0,0.65,0.5,0.575,0.6,0,0.0,0.65,0.5,0.575,0.6,0,0.0,0.65,0.5,0.575,0.6
486,no_strict_e1_improvement,0,,,,,1,0,2,1,1,1,1,1,0,0,-1,current,0,0,0.0533302185125649,0.0533302185125649,28,25,25,25,25,0,0,1,1.0,1.0,1.0,1.0,1.0,1,1.0,1.0,1.0,1.0,1.0,1,1.0,1.0,1.0,1.0,1.0,1,1.0,1.0,1.0,1.0,1.0
487,small_component,0,,,,,1,0,0,0,0,0,0,1,0,0,-1,current,0,0,0.30343241019290873,0.30343241019290873,19,2,2,2,2,0,0,0,0.08,0.35,0.2,0.275,0.35,0,0.08,0.35,0.2,0.275,0.35,0,0.08,0.35,0.2,0.275,0.35,0,0.08,0.35,0.2,0.275,0.35
488,no_strict_e1_improvement,0,,,,,1,0,2,1,1,1,1,1,0,0,-1,current,0,0,0.10592822109565532,0.10592822109565532,24,21,21,21,21,0,0,0,0.84,0.8,0.7,0.75,0.825,0,0.84,0.8,0.7,0.75,0.825,0,0.84,0.8,0.7,0.75,0.825,0,0.84,0.8,0.7,0.75,0.825
489,max_rounds,0,,,,,1,1,2,1,1,1,1,1,0,0,0,s1a3_greedy,1,0,0.20606151438551024,0.12496969019994139,20,3,3,3,3,0,0,0,0.12,0.4,0.4,0.4,0.425,0,0.12,0.4,0.4,0.4,0.425,0,0.12,0.45,0.45,0.45,0.475,0,0.12,0.45,0.45,0.45,0.475
490,max_rounds,0,,,,,1,1,2,1,1,1,1,1,0,0,0,s1a3_greedy,1,0,0.2787654624378774,0.25258312162477525,12,1,1,0,0,-1,0,0,0.04,0.25,0.1,0.175,0.3,0,0.04,0.25,0.1,0.175,0.3,0,0.0,0.25,0.1,0.175,0.275,0,0.0,0.25,0.1,0.175,0.275
491,partial_completed__max_rounds,1,,5,2,3,1,1,2,1,1,1,1,1,0,0,0,s1a3_greedy,1,0,0.020752966700820254,0.01478626555763185,30,18,23,25,25,7,0,0,0.72,0.7,0.65,0.675,0.7,0,0.92,0.9,0.8,0.85,0.875,1,1.0,1.0,1.0,1.0,1.0,1,1.0,1.0,1.0,1.0,1.0
492,no_strict_e1_improvement,0,,,,,1,0,1,1,0,1,0,1,0,0,-1,current,0,0,0.05181290556211025,0.05181290556211025,28,25,25,25,25,0,0,1,1.0,1.0,1.0,1.0,1.0,1,1.0,1.0,1.0,1.0,1.0,1,1.0,1.0,1.0,1.0,1.0,1,1.0,1.0,1.0,1.0,1.0
493,max_rounds,0,,,,,1,1,2,1,1,1,1,1,0,0,0,s1a3_greedy,1,0,0.05102520674117841,0.05055546727962792,32,20,20,20,20,0,0,0,0.8,0.85,0.75,0.8,0.825,0,0.8,0.85,0.75,0.8,0.825,0,0.8,0.95,0.75,0.85,0.85,0,0.8,0.95,0.75,0.85,0.85
494,small_component,0,,,,,1,0,0,0,0,0,0,1,0,0,-1,current,0,0,0.28144007590599357,0.28144007590599357,16,1,1,1,1,0,0,0,0.04,0.4,0.15,0.275,0.375,0,0.04,0.4,0.15,0.275,0.375,0,0.04,0.4,0.15,0.275,0.375,0,0.04,0.4,0.15,0.275,0.375
495,no_strict_e1_improvement,0,,,,,1,0,2,1,1,1,1,1,0,0,-1,current,0,0,0.20549647965235635,0.20549647965235635,19,2,2,2,2,0,0,0,0.08,0.5,0.15,0.325,0.425,0,0.08,0.5,0.15,0.325,0.425,0,0.08,0.5,0.15,0.325,0.425,0,0.08,0.5,0.15,0.325,0.425
496,no_strict_e1_improvement,0,,,,,1,0,2,1,1,1,1,1,0,0,-1,current,0,0,0.15323263489917735,0.15323263489917735,11,0,0,0,0,0,0,0,0.0,0.15,0.15,0.15,0.225,0,0.0,0.15,0.15,0.15,0.225,0,0.0,0.15,0.15,0.15,0.225,0,0.0,0.15,0.15,0.15,0.225
497,no_strict_e1_improvement,0,,,,,1,0,2,1,1,1,1,1,0,0,-1,current,0,0,0.06698621856048703,0.06698621856048703,30,23,23,23,23,0,0,0,0.92,0.8,0.9,0.85,0.875,0,0.92,0.8,0.9,0.85,0.875,0,0.92,0.8,0.9,0.85,0.875,0,0.92,0.8,0.9,0.85,0.875
498,no_strict_e1_improvement,0,,,,,1,0,1,1,0,1,0,1,0,0,-1,current,0,0,0.019643162889406086,0.019643162889406086,32,25,25,25,25,0,0,1,1.0,1.0,1.0,1.0,1.0,1,1.0,1.0,1.0,1.0,1.0,1,1.0,1.0,1.0,1.0,1.0,1,1.0,1.0,1.0,1.0,1.0
499,max_rounds,0,,,,,1,1,2,1,1,1,1,1,0,0,0,s1a3_greedy,1,0,0.26708398381015286,0.13628549489658326,15,0,0,4,4,4,0,0,0.0,0.05,0.2,0.125,0.25,0,0.0,0.05,0.2,0.125,0.25,0,0.16,0.1,0.2,0.15,0.3,0,0.16,0.1,0.2,0.15,0.3
500,no_strict_e1_improvement,0,,,,,1,0,2,1,1,1,1,1,0,0,-1,current,0,0,0.21060614991001786,0.21060614991001786,24,0,0,0,0,0,0,0,0.0,0.65,0.7,0.675,0.775,0,0.0,0.65,0.7,0.675,0.775,0,0.0,0.65,0.7,0.675,0.775,0,0.0,0.65,0.7,0.675,0.775
501,partial_completed__max_rounds,1,,5,2,4,1,1,2,1,1,1,1,1,0,0,0,s1a3_greedy,1,0,0.25893564270809294,0.17479691058397293,27,0,0,0,0,0,0,0,0.0,0.5,0.5,0.5,0.5,0,0.0,0.55,0.5,0.525,0.625,0,0.0,0.5,0.9,0.7,0.8,0,0.0,0.5,0.9,0.7,0.8
502,no_strict_e1_improvement,0,,,,,1,0,2,1,1,1,1,1,0,0,-1,current,0,0,0.3003923553042114,0.3003923553042114,19,0,0,0,0,0,0,0,0.0,0.2,0.35,0.275,0.375,0,0.0,0.2,0.35,0.275,0.375,0,0.0,0.2,0.35,0.275,0.375,0,0.0,0.2,0.35,0.275,0.375
503,max_rounds,0,,,,,1,1,2,1,1,1,1,1,0,0,0,s1a3_greedy,1,0,0.183813778066542,0.14321904171956704,23,0,0,0,0,0,0,0,0.0,0.4,0.7,0.55,0.575,0,0.0,0.4,0.7,0.55,0.575,0,0.0,0.35,0.75,0.55,0.55,0,0.0,0.35,0.75,0.55,0.55
504,max_rounds,0,,,,,1,1,2,1,1,1,1,1,0,0,0,s1a3_greedy,1,0,0.17678639870136975,0.14206382166594267,22,1,1,0,0,-1,0,0,0.04,0.5,0.35,0.425,0.575,0,0.04,0.5,0.35,0.425,0.575,0,0.0,0.55,0.35,0.45,0.55,0,0.0,0.55,0.35,0.45,0.55
505,max_rounds,0,,,,,1,1,2,1,1,1,1,1,0,0,0,s1a3_greedy,1,0,0.037126810441259296,0.03443534302059561,25,0,0,0,0,0,0,0,0.0,0.85,0.6,0.725,0.75,0,0.0,0.85,0.6,0.725,0.75,0,0.0,0.8,0.65,0.725,0.725,0,0.0,0.8,0.65,0.725,0.725
506,no_strict_e1_improvement,0,,,,,1,0,2,1,1,1,1,1,0,0,-1,current,0,0,0.11672669928520918,0.11672669928520918,24,0,0,0,0,0,0,0,0.0,0.6,0.75,0.675,0.7,0,0.0,0.6,0.75,0.675,0.7,0,0.0,0.6,0.75,0.675,0.7,0,0.0,0.6,0.75,0.675,0.7
507,max_rounds,0,,,,,1,1,2,1,1,1,1,1,0,0,0,s1a3_greedy,1,0,0.1067180075100623,0.03328115304466337,28,23,23,25,25,2,0,0,0.92,0.8,0.9,0.85,0.875,0,0.92,0.8,0.9,0.85,0.875,1,1.0,1.0,1.0,1.0,1.0,1,1.0,1.0,1.0,1.0,1.0
508,partial_completed__no_strict_e1_improvement,1,,10,3,6,1,0,2,1,1,1,1,1,0,0,-1,current,1,0,0.0768960529472679,0.0768960529472679,19,0,2,2,2,2,0,0,0.0,0.5,0.6,0.55,0.55,0,0.08,0.5,0.65,0.575,0.6,0,0.08,0.5,0.65,0.575,0.6,0,0.08,0.5,0.65,0.575,0.6
509,no_strict_e1_improvement,0,,,,,1,0,2,1,1,1,1,1,0,0,-1,current,0,0,0.1311327338218689,0.1311327338218689,26,0,0,0,0,0,0,0,0.0,0.7,0.85,0.775,0.775,0,0.0,0.7,0.85,0.775,0.775,0,0.0,0.7,0.85,0.775,0.775,0,0.0,0.7,0.85,0.775,0.775
510,partial_completed__small_component,1,,5,2,4,1,0,0,0,0,0,0,1,0,0,-1,current,1,0,0.2147841056867037,0.2147841056867037,15,0,0,0,0,0,0,0,0.0,0.3,0.2,0.25,0.25,0,0.0,0.3,0.25,0.275,0.3,0,0.0,0.3,0.25,0.275,0.3,0,0.0,0.3,0.25,0.275,0.3
511,no_strict_e1_improvement,0,,,,,1,0,1,1,0,1,0,1,0,0,-1,current,0,0,0.021973356767557562,0.021973356767557562,37,25,25,25,25,0,0,1,1.0,1.0,1.0,1.0,1.0,1,1.0,1.0,1.0,1.0,1.0,1,1.0,1.0,1.0,1.0,1.0,1,1.0,1.0,1.0,1.0,1.0
512,max_rounds,0,,,,,1,1,2,1,1,1,1,1,0,0,0,s1a3_greedy,1,0,0.26746384393190964,0.20464109325548635,16,0,0,0,0,0,0,0,0.0,0.3,0.5,0.4,0.55,0,0.0,0.3,0.5,0.4,0.55,0,0.0,0.45,0.5,0.475,0.5,0,0.0,0.45,0.5,0.475,0.5
513,no_strict_e1_improvement,0,,,,,1,0,1,1,0,1,0,1,0,0,-1,current,0,0,0.011624625214608386,0.011624625214608386,30,25,25,25,25,0,0,1,1.0,1.0,1.0,1.0,1.0,1,1.0,1.0,1.0,1.0,1.0,1,1.0,1.0,1.0,1.0,1.0,1,1.0,1.0,1.0,1.0,1.0
514,no_strict_e1_improvement,0,,,,,1,0,1,1,0,1,0,1,0,0,-1,current,0,0,0.09109927358513233,0.09109927358513233,27,1,1,1,1,0,0,0,0.04,0.65,0.9,0.775,0.8,0,0.04,0.65,0.9,0.775,0.8,0,0.04,0.65,0.9,0.775,0.8,0,0.04,0.65,0.9,0.775,0.8
515,max_rounds,0,,,,,1,1,2,1,1,1,1,1,0,0,0,s1a3_greedy,1,0,0.13945886660367252,0.06297647833707742,24,0,0,0,0,0,0,0,0.0,0.75,0.6,0.675,0.725,0,0.0,0.75,0.6,0.675,0.725,0,0.0,1.0,0.75,0.875,0.875,0,0.0,1.0,0.75,0.875,0.875
516,max_rounds,0,,,,,1,1,2,1,1,1,1,1,0,0,0,s1a3_greedy,1,0,0.19135530702769757,0.12073402106761932,28,0,0,0,0,0,0,0,0.0,0.6,0.8,0.7,0.7,0,0.0,0.6,0.8,0.7,0.7,0,0.0,0.65,0.9,0.775,0.775,0,0.0,0.65,0.9,0.775,0.775
517,no_strict_e1_improvement,0,,,,,1,0,2,1,1,1,1,1,0,0,-1,current,0,0,0.06180569032439962,0.06180569032439962,26,0,0,0,0,0,0,0,0.0,0.75,0.9,0.825,0.825,0,0.0,0.75,0.9,0.825,0.825,0,0.0,0.75,0.9,0.825,0.825,0,0.0,0.75,0.9,0.825,0.825
518,no_strict_e1_improvement,0,,,,,1,0,2,1,1,1,1,1,0,0,-1,current,0,0,0.10850707651115954,0.10850707651115954,30,21,21,21,21,0,0,0,0.84,0.9,0.7,0.8,0.9,0,0.84,0.9,0.7,0.8,0.9,0,0.84,0.9,0.7,0.8,0.9,0,0.84,0.9,0.7,0.8,0.9
519,no_strict_e1_improvement,0,,,,,1,0,1,1,0,1,0,1,0,0,-1,current,0,0,0.09128816849552095,0.09128816849552095,26,0,0,0,0,0,0,0,0.0,0.95,0.75,0.85,0.85,0,0.0,0.95,0.75,0.85,0.85,0,0.0,0.95,0.75,0.85,0.85,0,0.0,0.95,0.75,0.85,0.85
520,max_rounds,0,,,,,1,1,2,1,1,1,1,1,0,0,0,s1a3_greedy,1,0,0.14767166841775178,0.09035915676504373,29,0,0,0,0,0,0,0,0.0,0.75,0.85,0.8,0.8,0,0.0,0.75,0.85,0.8,0.8,0,0.0,0.75,1.0,0.875,0.875,0,0.0,0.75,1.0,0.875,0.875
521,no_strict_e1_improvement,0,,,,,1,0,2,1,1,1,1,1,0,0,-1,current,0,0,0.08130272621056064,0.08130272621056064,25,21,21,21,21,0,0,0,0.84,0.65,0.7,0.675,0.75,0,0.84,0.65,0.7,0.675,0.75,0,0.84,0.65,0.7,0.675,0.75,0,0.84,0.65,0.7,0.675,0.75
522,no_strict_e1_improvement,0,,,,,1,0,1,1,0,1,0,1,0,0,-1,current,0,0,0.10069280218449421,0.10069280218449421,22,0,0,0,0,0,0,0,0.0,0.75,0.9,0.825,0.85,0,0.0,0.75,0.9,0.825,0.85,0,0.0,0.75,0.9,0.825,0.85,0,0.0,0.75,0.9,0.825,0.85
523,no_strict_e1_improvement,0,,,,,1,0,1,1,0,1,0,1,0,0,-1,current,0,0,0.05287761026993394,0.05287761026993394,31,0,0,0,0,0,0,0,0.0,0.75,1.0,0.875,0.875,0,0.0,0.75,1.0,0.875,0.875,0,0.0,0.75,1.0,0.875,0.875,0,0.0,0.75,1.0,0.875,0.875
524,no_strict_e1_improvement,0,,,,,1,0,1,1,0,1,0,1,0,0,-1,current,0,0,0.026108295749872924,0.026108295749872924,29,25,25,25,25,0,0,1,1.0,1.0,1.0,1.0,1.0,1,1.0,1.0,1.0,1.0,1.0,1,1.0,1.0,1.0,1.0,1.0,1,1.0,1.0,1.0,1.0,1.0
525,max_rounds,0,,,,,1,1,2,1,1,1,1,1,0,0,0,s1a3_greedy,1,0,0.23507933158252853,0.21559320306405425,10,0,0,2,2,2,0,0,0.0,0.3,0.35,0.325,0.375,0,0.0,0.3,0.35,0.325,0.375,0,0.08,0.15,0.2,0.175,0.25,0,0.08,0.15,0.2,0.175,0.25
526,no_strict_e1_improvement,0,,,,,1,0,2,1,1,1,1,1,0,0,-1,current,0,0,0.16389637009706348,0.16389637009706348,19,0,0,0,0,0,0,0,0.0,0.35,0.4,0.375,0.45,0,0.0,0.35,0.4,0.375,0.45,0,0.0,0.35,0.4,0.375,0.45,0,0.0,0.35,0.4,0.375,0.45
527,no_strict_e1_improvement,0,,,,,1,0,2,1,1,1,1,1,0,0,-1,current,0,0,0.14239370996656361,0.14239370996656361,24,0,0,0,0,0,0,0,0.0,0.75,0.8,0.775,0.775,0,0.0,0.75,0.8,0.775,0.775,0,0.0,0.75,0.8,0.775,0.775,0,0.0,0.75,0.8,0.775,0.775
528,max_rounds,0,,,,,1,1,2,1,1,1,1,1,0,0,0,s1a3_greedy,1,0,0.0856171568389982,0.023847506009042264,33,0,0,0,0,0,0,0,0.0,0.5,0.95,0.725,0.725,0,0.0,0.5,0.95,0.725,0.725,0,0.0,0.75,1.0,0.875,0.875,0,0.0,0.75,1.0,0.875,0.875
529,max_rounds,0,,,,,1,1,2,1,1,1,1,1,0,0,0,s1a3_greedy,1,0,0.12827292520087213,0.09289783069398254,28,14,14,21,21,7,0,0,0.56,0.75,0.7,0.725,0.725,0,0.56,0.75,0.7,0.725,0.725,0,0.84,0.85,0.8,0.825,0.85,0,0.84,0.85,0.8,0.825,0.85
530,no_strict_e1_improvement,0,,,,,1,0,1,1,0,1,0,1,0,0,-1,current,0,0,0.05520942521034158,0.05520942521034158,23,25,25,25,25,0,0,1,1.0,1.0,1.0,1.0,1.0,1,1.0,1.0,1.0,1.0,1.0,1,1.0,1.0,1.0,1.0,1.0,1,1.0,1.0,1.0,1.0,1.0
531,max_rounds,0,,,,,1,1,2,1,1,1,1,1,0,0,0,s1a3_greedy,1,0,0.1585069009452127,0.1120374571881257,24,11,11,0,0,-11,0,0,0.44,0.65,0.8,0.725,0.725,0,0.44,0.65,0.8,0.725,0.725,0,0.0,1.0,0.75,0.875,0.875,0,0.0,1.0,0.75,0.875,0.875
532,max_rounds,0,,,,,1,1,2,1,1,1,1,1,0,0,0,s1a3_greedy,1,0,0.1998195354746713,0.12201908457864193,22,1,1,0,0,-1,0,0,0.04,0.4,0.5,0.45,0.5,0,0.04,0.4,0.5,0.45,0.5,0,0.0,0.6,0.9,0.75,0.8,0,0.0,0.6,0.9,0.75,0.8
533,no_strict_e1_improvement,0,,,,,1,0,2,1,1,1,1,1,0,0,-1,current,0,0,0.20418002244550734,0.20418002244550734,18,1,1,1,1,0,0,0,0.04,0.3,0.4,0.35,0.4,0,0.04,0.3,0.4,0.35,0.4,0,0.04,0.3,0.4,0.35,0.4,0,0.04,0.3,0.4,0.35,0.4
534,small_component,0,,,,,1,0,0,0,0,0,0,1,0,0,-1,current,0,0,0.23443729118444026,0.23443729118444026,19,4,4,4,4,0,0,0,0.16,0.4,0.3,0.35,0.375,0,0.16,0.4,0.3,0.35,0.375,0,0.16,0.4,0.3,0.35,0.375,0,0.16,0.4,0.3,0.35,0.375
535,no_strict_e1_improvement,0,,,,,1,0,1,1,0,1,0,1,0,0,-1,current,0,0,0.008818584168329835,0.008818584168329835,32,25,25,25,25,0,0,1,1.0,1.0,1.0,1.0,1.0,1,1.0,1.0,1.0,1.0,1.0,1,1.0,1.0,1.0,1.0,1.0,1,1.0,1.0,1.0,1.0,1.0
536,max_rounds,0,,,,,1,1,2,1,1,1,1,1,0,0,0,s1a3_greedy,1,0,0.31737840962596237,0.2464292828432008,18,4,4,3,3,-1,0,0,0.16,0.2,0.55,0.375,0.5,0,0.16,0.2,0.55,0.375,0.5,0,0.12,0.25,0.4,0.325,0.45,0,0.12,0.25,0.4,0.325,0.45
537,max_rounds,0,,,,,1,1,2,1,1,1,1,1,0,0,0,s1a3_greedy,1,0,0.17204329657834022,0.10960633407812566,23,0,0,0,0,0,0,0,0.0,0.75,0.55,0.65,0.675,0,0.0,0.75,0.55,0.65,0.675,0,0.0,0.9,0.65,0.775,0.8,0,0.0,0.9,0.65,0.775,0.8
538,max_rounds,0,,,,,1,1,2,1,1,1,1,1,0,0,0,s1a3_greedy,1,0,0.15959953457349912,0.11142790630692616,25,0,0,0,0,0,0,0,0.0,0.9,0.6,0.75,0.75,0,0.0,0.9,0.6,0.75,0.75,0,0.0,1.0,0.75,0.875,0.875,0,0.0,1.0,0.75,0.875,0.875
539,no_strict_e1_improvement,0,,,,,1,0,1,1,0,1,0,1,0,0,-1,current,0,0,0.05454834685660899,0.05454834685660899,29,25,25,25,25,0,0,1,1.0,1.0,1.0,1.0,1.0,1,1.0,1.0,1.0,1.0,1.0,1,1.0,1.0,1.0,1.0,1.0,1,1.0,1.0,1.0,1.0,1.0
540,max_rounds,0,,,,,1,1,2,1,1,1,1,1,0,0,0,s1a3_greedy,1,0,0.13612230609869586,0.10315431552007795,19,2,2,2,2,0,0,0,0.08,0.6,0.55,0.575,0.575,0,0.08,0.6,0.55,0.575,0.575,0,0.08,0.65,0.7,0.675,0.675,0,0.08,0.65,0.7,0.675,0.675
541,no_strict_e1_improvement,0,,,,,1,0,2,1,1,1,1,1,0,0,-1,current,0,0,0.10300304454285651,0.10300304454285651,33,0,0,0,0,0,0,0,0.0,0.75,0.9,0.825,0.825,0,0.0,0.75,0.9,0.825,0.825,0,0.0,0.75,0.9,0.825,0.825,0,0.0,0.75,0.9,0.825,0.825
542,no_strict_e1_improvement,0,,,,,1,0,2,1,1,1,1,1,0,0,-1,current,0,0,0.03771197975147515,0.03771197975147515,22,12,12,12,12,0,0,0,0.48,0.3,0.4,0.35,0.375,0,0.48,0.3,0.4,0.35,0.375,0,0.48,0.3,0.4,0.35,0.375,0,0.48,0.3,0.4,0.35,0.375
543,max_rounds,0,,,,,1,1,2,1,1,1,1,1,0,0,0,s1a3_greedy,1,0,0.15281842390395467,0.11323983045149362,19,0,0,0,0,0,0,0,0.0,0.6,0.7,0.65,0.725,0,0.0,0.6,0.7,0.65,0.725,0,0.0,0.6,0.65,0.625,0.65,0,0.0,0.6,0.65,0.625,0.65
544,no_strict_e1_improvement,0,,,,,1,0,1,1,0,1,0,1,0,0,-1,current,0,0,0.011590520350728184,0.011590520350728184,35,25,25,25,25,0,0,1,1.0,1.0,1.0,1.0,1.0,1,1.0,1.0,1.0,1.0,1.0,1,1.0,1.0,1.0,1.0,1.0,1,1.0,1.0,1.0,1.0,1.0
545,small_component,0,,,,,1,0,0,0,0,0,0,1,0,0,-1,current,0,0,0.2199372025905177,0.2199372025905177,17,7,7,7,7,0,0,0,0.28,0.25,0.4,0.325,0.45,0,0.28,0.25,0.4,0.325,0.45,0,0.28,0.25,0.4,0.325,0.45,0,0.28,0.25,0.4,0.325,0.45
546,no_strict_e1_improvement,0,,,,,1,0,1,1,0,1,0,1,0,0,-1,current,0,0,0.03856274944846518,0.03856274944846518,28,25,25,25,25,0,0,1,1.0,1.0,1.0,1.0,1.0,1,1.0,1.0,1.0,1.0,1.0,1,1.0,1.0,1.0,1.0,1.0,1,1.0,1.0,1.0,1.0,1.0
547,small_component,0,,,,,1,0,0,0,0,0,0,1,0,0,-1,current,0,0,0.2608490761369467,0.2608490761369467,16,0,0,0,0,0,0,0,0.0,0.1,0.5,0.3,0.375,0,0.0,0.1,0.5,0.3,0.375,0,0.0,0.1,0.5,0.3,0.375,0,0.0,0.1,0.5,0.3,0.375
548,max_rounds,0,,,,,1,1,2,1,1,1,1,1,0,0,0,s1a3_greedy,1,0,0.18831232595621258,0.14025484047888312,13,2,2,0,0,-2,0,0,0.08,0.35,0.2,0.275,0.275,0,0.08,0.35,0.2,0.275,0.275,0,0.0,0.55,0.3,0.425,0.425,0,0.0,0.55,0.3,0.425,0.425
549,no_strict_e1_improvement,0,,,,,1,0,1,1,0,1,0,1,0,0,-1,current,0,0,0.0331121173046995,0.0331121173046995,30,21,21,21,21,0,0,0,0.84,0.75,0.8,0.775,0.775,0,0.84,0.75,0.8,0.775,0.775,0,0.84,0.75,0.8,0.775,0.775,0,0.84,0.75,0.8,0.775,0.775
550,max_rounds,0,,,,,1,1,2,1,1,1,1,1,0,0,0,s1a3_greedy,1,0,0.05680285629350692,0.03794224096054677,27,19,19,20,20,1,0,0,0.76,0.65,0.65,0.65,0.725,0,0.76,0.65,0.65,0.65,0.725,0,0.8,0.7,0.7,0.7,0.75,0,0.8,0.7,0.7,0.7,0.75
551,no_strict_e1_improvement,0,,,,,1,0,1,1,0,1,0,1,0,0,-1,current,0,0,0.048702318978030235,0.048702318978030235,31,25,25,25,25,0,0,1,1.0,1.0,1.0,1.0,1.0,1,1.0,1.0,1.0,1.0,1.0,1,1.0,1.0,1.0,1.0,1.0,1,1.0,1.0,1.0,1.0,1.0
552,no_strict_e1_improvement,0,,,,,1,0,1,1,0,1,0,1,0,0,-1,current,0,0,0.012305094450130127,0.012305094450130127,36,25,25,25,25,0,0,1,1.0,1.0,1.0,1.0,1.0,1,1.0,1.0,1.0,1.0,1.0,1,1.0,1.0,1.0,1.0,1.0,1,1.0,1.0,1.0,1.0,1.0
553,no_strict_e1_improvement,0,,,,,1,0,2,1,1,1,1,1,0,0,-1,current,0,0,0.19206821448169648,0.19206821448169648,25,0,0,0,0,0,0,0,0.0,0.4,0.6,0.5,0.525,0,0.0,0.4,0.6,0.5,0.525,0,0.0,0.4,0.6,0.5,0.525,0,0.0,0.4,0.6,0.5,0.525
554,max_rounds,0,,,,,1,1,2,1,1,1,1,1,0,0,0,s1a3_greedy,1,0,0.12736897496506572,0.11529766041785479,24,0,0,1,1,1,0,0,0.0,0.65,0.8,0.725,0.75,0,0.0,0.65,0.8,0.725,0.75,0,0.04,0.7,0.7,0.7,0.725,0,0.04,0.7,0.7,0.7,0.725
555,max_rounds,0,,,,,1,1,2,1,1,1,1,1,0,0,0,s1a3_greedy,1,0,0.2065131254377775,0.17185352777596563,18,1,1,0,0,-1,0,0,0.04,0.5,0.3,0.4,0.55,0,0.04,0.5,0.3,0.4,0.55,0,0.0,0.65,0.4,0.525,0.575,0,0.0,0.65,0.4,0.525,0.575
556,max_rounds,0,,,,,1,1,2,1,1,1,1,1,0,0,0,s1a3_greedy,1,0,0.23441419842420147,0.15389808625914156,15,0,0,0,0,0,0,0,0.0,0.4,0.4,0.4,0.45,0,0.0,0.4,0.4,0.4,0.45,0,0.0,0.5,0.4,0.45,0.475,0,0.0,0.5,0.4,0.45,0.475
557,max_rounds,0,,,,,1,1,2,1,1,1,1,1,0,0,0,s1a3_greedy,1,0,0.09471761285094545,0.028431625571101904,28,21,21,23,23,2,0,0,0.84,0.8,0.85,0.825,0.85,0,0.84,0.8,0.85,0.825,0.85,0,0.92,0.9,0.85,0.875,0.9,0,0.92,0.9,0.85,0.875,0.9
558,no_strict_e1_improvement,0,,,,,1,0,1,1,0,1,0,1,0,0,-1,current,0,0,0.10364166125655175,0.10364166125655175,32,0,0,0,0,0,0,0,0.0,0.75,0.9,0.825,0.825,0,0.0,0.75,0.9,0.825,0.825,0,0.0,0.75,0.9,0.825,0.825,0,0.0,0.75,0.9,0.825,0.825
559,max_rounds,0,,,,,1,1,2,1,1,1,1,1,0,0,0,s1a3_greedy,1,0,0.09010089917574078,0.08979502809233963,24,0,0,0,0,0,0,0,0.0,0.95,0.75,0.85,0.85,0,0.0,0.95,0.75,0.85,0.85,0,0.0,0.9,0.75,0.825,0.825,0,0.0,0.9,0.75,0.825,0.825
560,no_strict_e1_improvement,0,,,,,1,0,1,1,0,1,0,1,0,0,-1,current,0,0,0.03420762326568365,0.03420762326568365,33,25,25,25,25,0,0,1,1.0,1.0,1.0,1.0,1.0,1,1.0,1.0,1.0,1.0,1.0,1,1.0,1.0,1.0,1.0,1.0,1,1.0,1.0,1.0,1.0,1.0
561,no_strict_e1_improvement,0,,,,,1,0,2,1,1,1,1,1,0,0,-1,current,0,0,0.023717019008472562,0.023717019008472562,31,0,0,0,0,0,0,0,0.0,0.75,1.0,0.875,0.875,0,0.0,0.75,1.0,0.875,0.875,0,0.0,0.75,1.0,0.875,0.875,0,0.0,0.75,1.0,0.875,0.875
562,max_rounds,0,,,,,1,1,2,1,1,1,1,1,0,0,0,s1a3_greedy,1,0,0.32169770734617487,0.1638464041199768,15,0,0,0,0,0,0,0,0.0,0.2,0.2,0.2,0.275,0,0.0,0.2,0.2,0.2,0.275,0,0.0,0.2,0.75,0.475,0.5,0,0.0,0.2,0.75,0.475,0.5
563,partial_completed__max_rounds,1,,5,2,4,1,1,2,1,1,1,1,1,0,0,0,s1a3_greedy,1,0,0.2653933530560607,0.1023273706319742,16,0,0,0,0,0,0,0,0.0,0.45,0.05,0.25,0.25,0,0.0,0.55,0.1,0.325,0.325,0,0.0,0.55,0.15,0.35,0.4,0,0.0,0.55,0.15,0.35,0.4
564,no_strict_e1_improvement,0,,,,,1,0,1,1,0,1,0,1,0,0,-1,current,0,0,0.047842582664452495,0.047842582664452495,31,25,25,25,25,0,0,1,1.0,1.0,1.0,1.0,1.0,1,1.0,1.0,1.0,1.0,1.0,1,1.0,1.0,1.0,1.0,1.0,1,1.0,1.0,1.0,1.0,1.0
565,max_rounds,0,,,,,1,1,2,1,1,1,1,1,0,0,0,s1a3_greedy,1,0,0.1746406753314659,0.13724969746544957,20,0,0,0,0,0,0,0,0.0,0.3,0.5,0.4,0.45,0,0.0,0.3,0.5,0.4,0.45,0,0.0,0.25,0.6,0.425,0.45,0,0.0,0.25,0.6,0.425,0.45
566,max_rounds,0,,,,,1,1,2,1,1,1,1,1,0,0,0,s1a3_greedy,1,0,0.23241020820569247,0.1139076087041758,22,15,15,20,20,5,0,0,0.6,0.65,0.4,0.525,0.55,0,0.6,0.65,0.4,0.525,0.55,0,0.8,0.75,0.75,0.75,0.775,0,0.8,0.75,0.75,0.75,0.775
567,max_rounds,0,,,,,1,1,2,1,1,1,1,1,0,0,0,s1a3_greedy,1,0,0.053937515872530636,0.05247668239753693,28,0,0,0,0,0,0,0,0.0,0.9,0.55,0.725,0.725,0,0.0,0.9,0.55,0.725,0.725,0,0.0,0.95,0.5,0.725,0.725,0,0.0,0.95,0.5,0.725,0.725
568,no_strict_e1_improvement,0,,,,,1,0,2,1,1,1,1,1,0,0,-1,current,0,0,0.24199728070525453,0.24199728070525453,22,11,11,11,11,0,0,0,0.44,0.5,0.4,0.45,0.5,0,0.44,0.5,0.4,0.45,0.5,0,0.44,0.5,0.4,0.45,0.5,0,0.44,0.5,0.4,0.45,0.5
569,max_rounds,0,,,,,1,1,2,1,1,1,1,1,0,0,0,s1a3_greedy,1,0,0.1812939996132627,0.1072167400358012,15,2,2,0,0,-2,0,0,0.08,0.4,0.35,0.375,0.425,0,0.08,0.4,0.35,0.375,0.425,0,0.0,0.45,0.35,0.4,0.45,0,0.0,0.45,0.35,0.4,0.45
570,no_strict_e1_improvement,0,,,,,1,0,1,1,0,1,0,1,0,0,-1,current,0,0,0.05508076831465587,0.05508076831465587,30,2,2,2,2,0,0,0,0.08,0.85,0.7,0.775,0.775,0,0.08,0.85,0.7,0.775,0.775,0,0.08,0.85,0.7,0.775,0.775,0,0.08,0.85,0.7,0.775,0.775
571,max_rounds,0,,,,,1,1,2,1,1,1,1,1,0,0,0,s1a3_greedy,1,0,0.27887418972095473,0.10735056818230078,13,5,5,4,4,-1,0,0,0.2,0.15,0.4,0.275,0.35,0,0.2,0.15,0.4,0.275,0.35,0,0.16,0.15,0.6,0.375,0.525,0,0.16,0.15,0.6,0.375,0.525
572,partial_completed__max_rounds,1,,5,2,4,1,1,2,1,1,1,1,1,0,0,0,s1a3_greedy,1,0,0.13798347325064242,0.12893648254685103,18,0,0,0,0,0,0,0,0.0,0.45,0.3,0.375,0.4,0,0.0,0.45,0.4,0.425,0.475,0,0.0,0.45,0.35,0.4,0.45,0,0.0,0.45,0.35,0.4,0.45
573,max_rounds,0,,,,,1,1,2,1,1,1,1,1,0,0,0,s1a3_greedy,1,0,0.07234418496955186,0.06313202132005244,26,0,0,0,0,0,0,0,0.0,0.75,0.8,0.775,0.825,0,0.0,0.75,0.8,0.775,0.825,0,0.0,0.75,0.85,0.8,0.825,0,0.0,0.75,0.85,0.8,0.825
574,max_rounds,0,,,,,1,1,2,1,1,1,1,1,0,0,0,s1a3_greedy,1,0,0.08230349701480008,0.08228188874782064,26,21,21,21,21,0,0,0,0.84,0.9,0.8,0.85,0.85,0,0.84,0.9,0.8,0.85,0.85,0,0.84,0.75,0.8,0.775,0.825,0,0.84,0.75,0.8,0.775,0.825
575,partial_completed__max_rounds,1,,5,2,4,1,1,2,1,1,1,1,1,0,0,0,s1a3_greedy,1,0,0.23071045498363674,0.20166079250629992,18,1,0,0,0,-1,0,0,0.04,0.4,0.3,0.35,0.425,0,0.0,0.45,0.3,0.375,0.475,0,0.0,0.45,0.45,0.45,0.475,0,0.0,0.45,0.45,0.45,0.475
576,max_rounds,0,,,,,1,1,2,1,1,1,1,1,0,0,0,s1a3_greedy,1,0,0.1753708522999659,0.13445444589015096,19,0,0,0,0,0,0,0,0.0,0.65,0.65,0.65,0.675,0,0.0,0.65,0.65,0.65,0.675,0,0.0,0.5,0.65,0.575,0.6,0,0.0,0.5,0.65,0.575,0.6
577,max_rounds,0,,,,,1,1,2,1,1,1,1,1,0,0,0,s1a3_greedy,1,0,0.2577526152597784,0.11531872439663857,16,1,1,7,7,6,0,0,0.04,0.25,0.3,0.275,0.35,0,0.04,0.25,0.3,0.275,0.35,0,0.28,0.35,0.15,0.25,0.325,0,0.28,0.35,0.15,0.25,0.325
578,max_rounds,0,,,,,1,1,2,1,1,1,1,1,0,0,0,s1a3_greedy,1,0,0.08963982854038477,0.05423204768449068,28,21,21,25,25,4,0,0,0.84,0.9,0.8,0.85,0.85,0,0.84,0.9,0.8,0.85,0.85,1,1.0,1.0,1.0,1.0,1.0,1,1.0,1.0,1.0,1.0,1.0
579,small_component,0,,,,,1,0,0,0,0,0,0,1,0,0,-1,current,0,0,0.2756495417212136,0.2756495417212136,14,0,0,0,0,0,0,0,0.0,0.25,0.05,0.15,0.2,0,0.0,0.25,0.05,0.15,0.2,0,0.0,0.25,0.05,0.15,0.2,0,0.0,0.25,0.05,0.15,0.2
580,max_rounds,0,,,,,1,1,2,1,1,1,1,1,0,0,0,s1a3_greedy,1,0,0.2657014685217291,0.16375448144972324,20,3,3,1,1,-2,0,0,0.12,0.4,0.55,0.475,0.55,0,0.12,0.4,0.55,0.475,0.55,0,0.04,0.6,0.75,0.675,0.725,0,0.04,0.6,0.75,0.675,0.725
581,no_strict_e1_improvement,0,,,,,1,0,1,1,0,1,0,1,0,0,-1,current,0,0,0.10108565510163317,0.10108565510163317,31,0,0,0,0,0,0,0,0.0,0.7,0.85,0.775,0.775,0,0.0,0.7,0.85,0.775,0.775,0,0.0,0.7,0.85,0.775,0.775,0,0.0,0.7,0.85,0.775,0.775
582,max_rounds,0,,,,,1,1,2,1,1,1,1,1,0,0,0,s1a3_greedy,1,0,0.35857496990356597,0.2936222989112139,16,0,0,0,0,0,0,0,0.0,0.35,0.4,0.375,0.475,0,0.0,0.35,0.4,0.375,0.475,0,0.0,0.35,0.35,0.35,0.45,0,0.0,0.35,0.35,0.35,0.45
583,no_strict_e1_improvement,0,,,,,1,0,1,1,0,1,0,1,0,0,-1,current,0,0,0.01705115439835936,0.01705115439835936,33,25,25,25,25,0,0,1,1.0,1.0,1.0,1.0,1.0,1,1.0,1.0,1.0,1.0,1.0,1,1.0,1.0,1.0,1.0,1.0,1,1.0,1.0,1.0,1.0,1.0
584,no_strict_e1_improvement,0,,,,,1,0,1,1,0,1,0,1,0,0,-1,current,0,0,0.05477050947956741,0.05477050947956741,35,1,1,1,1,0,0,0,0.04,0.65,0.9,0.775,0.8,0,0.04,0.65,0.9,0.775,0.8,0,0.04,0.65,0.9,0.775,0.8,0,0.04,0.65,0.9,0.775,0.8
585,no_strict_e1_improvement,0,,,,,1,0,1,1,0,1,0,1,0,0,-1,current,0,0,0.03100678732735105,0.03100678732735105,32,25,25,25,25,0,0,1,1.0,1.0,1.0,1.0,1.0,1,1.0,1.0,1.0,1.0,1.0,1,1.0,1.0,1.0,1.0,1.0,1,1.0,1.0,1.0,1.0,1.0
586,partial_completed__max_rounds,1,,5,2,4,1,1,2,1,1,1,1,1,0,0,0,s1a3_greedy,1,0,0.18381260958849452,0.16735462279739294,14,0,0,0,0,0,0,0,0.0,0.05,0.15,0.1,0.2,0,0.0,0.05,0.15,0.1,0.25,0,0.0,0.1,0.2,0.15,0.225,0,0.0,0.1,0.2,0.15,0.225
587,no_strict_e1_improvement,0,,,,,1,0,2,1,1,1,1,1,0,0,-1,current,0,0,0.11436762831417582,0.11436762831417582,20,16,16,16,16,0,0,0,0.64,0.55,0.45,0.5,0.575,0,0.64,0.55,0.45,0.5,0.575,0,0.64,0.55,0.45,0.5,0.575,0,0.64,0.55,0.45,0.5,0.575
588,max_rounds,0,,,,,1,1,2,1,1,1,1,1,0,0,0,s1a3_greedy,1,0,0.21218771316343918,0.15411767769837753,29,0,0,0,0,0,0,0,0.0,0.75,0.6,0.675,0.7,0,0.0,0.75,0.6,0.675,0.7,0,0.0,0.95,0.75,0.85,0.85,0,0.0,0.95,0.75,0.85,0.85
589,no_strict_e1_improvement,0,,,,,1,0,2,1,1,1,1,1,0,0,-1,current,0,0,0.1768650851910934,0.1768650851910934,20,2,2,2,2,0,0,0,0.08,0.7,0.4,0.55,0.6,0,0.08,0.7,0.4,0.55,0.6,0,0.08,0.7,0.4,0.55,0.6,0,0.08,0.7,0.4,0.55,0.6
590,max_rounds,0,,,,,1,1,2,1,1,1,1,1,0,0,0,s1a3_greedy,1,0,0.2419675262644887,0.133521000132896,26,12,12,17,17,5,0,0,0.48,0.5,0.75,0.625,0.65,0,0.48,0.5,0.75,0.625,0.65,0,0.68,0.75,0.65,0.7,0.75,0,0.68,0.75,0.65,0.7,0.75
591,no_strict_e1_improvement,0,,,,,1,0,1,1,0,1,0,1,0,0,-1,current,0,0,0.057112496346235275,0.057112496346235275,25,21,21,21,21,0,0,0,0.84,0.7,0.75,0.725,0.8,0,0.84,0.7,0.75,0.725,0.8,0,0.84,0.7,0.75,0.725,0.8,0,0.84,0.7,0.75,0.725,0.8
592,no_strict_e1_improvement,0,,,,,1,0,1,1,0,1,0,1,0,0,-1,current,0,0,0.018950473237782716,0.018950473237782716,36,25,25,25,25,0,0,1,1.0,1.0,1.0,1.0,1.0,1,1.0,1.0,1.0,1.0,1.0,1,1.0,1.0,1.0,1.0,1.0,1,1.0,1.0,1.0,1.0,1.0
593,max_rounds,0,,,,,1,1,2,1,1,1,1,1,0,0,0,s1a3_greedy,1,0,0.18617418290814386,0.04625752785941586,31,12,12,25,25,13,0,0,0.48,0.55,0.85,0.7,0.7,0,0.48,0.55,0.85,0.7,0.7,1,1.0,1.0,1.0,1.0,1.0,1,1.0,1.0,1.0,1.0,1.0
594,max_rounds,0,,,,,1,1,2,1,1,1,1,1,0,0,0,s1a3_greedy,1,0,0.21794954212382436,0.16071085752919317,24,0,0,1,1,1,0,0,0.0,0.55,0.7,0.625,0.65,0,0.0,0.55,0.7,0.625,0.65,0,0.04,0.65,0.75,0.7,0.725,0,0.04,0.65,0.75,0.7,0.725
595,no_strict_e1_improvement,0,,,,,1,0,2,1,1,1,1,1,0,0,-1,current,0,0,0.1138152727857232,0.1138152727857232,26,0,0,0,0,0,0,0,0.0,0.55,0.8,0.675,0.7,0,0.0,0.55,0.8,0.675,0.7,0,0.0,0.55,0.8,0.675,0.7,0,0.0,0.55,0.8,0.675,0.7
596,max_rounds,0,,,,,1,1,2,1,1,1,1,1,0,0,0,s1a3_greedy,1,0,0.21368635362014174,0.1434611412230879,12,1,1,1,1,0,0,0,0.04,0.05,0.3,0.175,0.325,0,0.04,0.05,0.3,0.175,0.325,0,0.04,0.2,0.35,0.275,0.375,0,0.04,0.2,0.35,0.275,0.375
597,no_strict_e1_improvement,0,,,,,1,0,1,1,0,1,0,1,0,0,-1,current,0,0,0.02412783446488902,0.02412783446488902,35,25,25,25,25,0,0,1,1.0,1.0,1.0,1.0,1.0,1,1.0,1.0,1.0,1.0,1.0,1,1.0,1.0,1.0,1.0,1.0,1,1.0,1.0,1.0,1.0,1.0
598,no_strict_e1_improvement,0,,,,,1,0,1,1,0,1,0,1,0,0,-1,current,0,0,0.0335093760091695,0.0335093760091695,35,25,25,25,25,0,0,1,1.0,1.0,1.0,1.0,1.0,1,1.0,1.0,1.0,1.0,1.0,1,1.0,1.0,1.0,1.0,1.0,1,1.0,1.0,1.0,1.0,1.0
599,no_strict_e1_improvement,0,,,,,1,0,2,1,1,1,1,1,0,0,-1,current,0,0,0.10907220845110714,0.10907220845110714,23,15,15,15,15,0,0,0,0.6,0.9,0.25,0.575,0.8,0,0.6,0.9,0.25,0.575,0.8,0,0.6,0.9,0.25,0.575,0.8,0,0.6,0.9,0.25,0.575,0.8
600,no_strict_e1_improvement,0,,,,,1,0,1,1,0,1,0,1,0,0,-1,current,0,0,0.015580361439606349,0.015580361439606349,31,25,25,25,25,0,0,1,1.0,1.0,1.0,1.0,1.0,1,1.0,1.0,1.0,1.0,1.0,1,1.0,1.0,1.0,1.0,1.0,1,1.0,1.0,1.0,1.0,1.0
601,no_strict_e1_improvement,0,,,,,1,0,2,1,1,1,1,1,0,0,-1,current,0,0,0.2724733277224004,0.2724733277224004,17,1,1,1,1,0,0,0,0.04,0.35,0.45,0.4,0.475,0,0.04,0.35,0.45,0.4,0.475,0,0.04,0.35,0.45,0.4,0.475,0,0.04,0.35,0.45,0.4,0.475
602,no_strict_e1_improvement,0,,,,,1,0,2,1,1,1,1,1,0,0,-1,current,0,0,0.19806798668578268,0.19806798668578268,19,0,0,0,0,0,0,0,0.0,0.4,0.45,0.425,0.5,0,0.0,0.4,0.45,0.425,0.5,0,0.0,0.4,0.45,0.425,0.5,0,0.0,0.4,0.45,0.425,0.5
603,max_rounds,0,,,,,1,1,2,1,1,1,1,1,0,0,0,s1a3_greedy,1,0,0.3013387950355536,0.13091237679327605,19,3,3,0,0,-3,0,0,0.12,0.15,0.45,0.3,0.375,0,0.12,0.15,0.45,0.3,0.375,0,0.0,0.25,0.45,0.35,0.425,0,0.0,0.25,0.45,0.35,0.425
604,no_strict_e1_improvement,0,,,,,1,0,1,1,0,1,0,1,0,0,-1,current,0,0,0.014103433856507763,0.014103433856507763,33,0,0,0,0,0,0,0,0.0,0.75,1.0,0.875,0.875,0,0.0,0.75,1.0,0.875,0.875,0,0.0,0.75,1.0,0.875,0.875,0,0.0,0.75,1.0,0.875,0.875
605,no_strict_e1_improvement,0,,,,,1,0,1,1,0,1,0,1,0,0,-1,current,0,0,0.012527376438083593,0.012527376438083593,38,25,25,25,25,0,0,1,1.0,1.0,1.0,1.0,1.0,1,1.0,1.0,1.0,1.0,1.0,1,1.0,1.0,1.0,1.0,1.0,1,1.0,1.0,1.0,1.0,1.0
606,no_strict_e1_improvement,0,,,,,1,0,2,1,1,1,1,1,0,0,-1,current,0,0,0.19539786729728803,0.19539786729728803,21,8,8,8,8,0,0,0,0.32,0.25,0.55,0.4,0.5,0,0.32,0.25,0.55,0.4,0.5,0,0.32,0.25,0.55,0.4,0.5,0,0.32,0.25,0.55,0.4,0.5
607,no_strict_e1_improvement,0,,,,,1,0,1,1,0,1,0,1,0,0,-1,current,0,0,0.013571566995233297,0.013571566995233297,38,25,25,25,25,0,0,1,1.0,1.0,1.0,1.0,1.0,1,1.0,1.0,1.0,1.0,1.0,1,1.0,1.0,1.0,1.0,1.0,1,1.0,1.0,1.0,1.0,1.0
608,max_rounds,0,,,,,1,1,2,1,1,1,1,1,0,0,0,s1a3_greedy,1,0,0.21566494312137366,0.17214668625965715,23,0,0,0,0,0,0,0,0.0,0.3,0.75,0.525,0.575,0,0.0,0.3,0.75,0.525,0.575,0,0.0,0.25,0.9,0.575,0.575,0,0.0,0.25,0.9,0.575,0.575
609,max_rounds,0,,,,,1,1,2,1,1,1,1,1,0,0,0,s1a3_greedy,1,0,0.20144246231648139,0.1993387703463668,12,1,1,0,0,-1,0,0,0.04,0.3,0.2,0.25,0.25,0,0.04,0.3,0.2,0.25,0.25,0,0.0,0.3,0.25,0.275,0.4,0,0.0,0.3,0.25,0.275,0.4
610,max_rounds,0,,,,,1,1,2,1,1,1,1,1,0,0,0,s1a3_greedy,1,0,0.34098418927751484,0.2922031135763973,15,0,0,0,0,0,0,0,0.0,0.5,0.3,0.4,0.475,0,0.0,0.5,0.3,0.4,0.475,0,0.0,0.3,0.55,0.425,0.45,0,0.0,0.3,0.55,0.425,0.45
611,partial_completed__max_rounds,1,,5,2,4,1,1,2,1,1,1,1,1,0,0,0,s1a3_greedy,1,0,0.34302837271243336,0.3085755903739482,18,0,0,0,0,0,0,0,0.0,0.4,0.35,0.375,0.4,0,0.0,0.4,0.35,0.375,0.45,0,0.0,0.45,0.3,0.375,0.425,0,0.0,0.45,0.3,0.375,0.425
612,no_strict_e1_improvement,0,,,,,1,0,2,1,1,1,1,1,0,0,-1,current,0,0,0.11647382936207577,0.11647382936207577,24,0,0,0,0,0,0,0,0.0,0.55,0.75,0.65,0.675,0,0.0,0.55,0.75,0.65,0.675,0,0.0,0.55,0.75,0.65,0.675,0,0.0,0.55,0.75,0.65,0.675
613,no_strict_e1_improvement,0,,,,,1,0,2,1,1,1,1,1,0,0,-1,current,0,0,0.042223847200511956,0.042223847200511956,22,0,0,0,0,0,0,0,0.0,0.6,0.55,0.575,0.625,0,0.0,0.6,0.55,0.575,0.625,0,0.0,0.6,0.55,0.575,0.625,0,0.0,0.6,0.55,0.575,0.625
614,max_rounds,0,,,,,1,1,2,1,1,1,1,1,0,0,0,s1a3_greedy,1,0,0.14494600222969894,0.12695366400585045,21,0,0,0,0,0,0,0,0.0,0.7,0.5,0.6,0.6,0,0.0,0.7,0.5,0.6,0.6,0,0.0,0.65,0.65,0.65,0.8,0,0.0,0.65,0.65,0.65,0.8
615,no_strict_e1_improvement,0,,,,,1,0,2,1,1,1,1,1,0,0,-1,current,0,0,0.10400238321017241,0.10400238321017241,24,19,19,19,19,0,0,0,0.76,0.65,0.75,0.7,0.725,0,0.76,0.65,0.75,0.7,0.725,0,0.76,0.65,0.75,0.7,0.725,0,0.76,0.65,0.75,0.7,0.725
616,no_strict_e1_improvement,0,,,,,1,0,2,1,1,1,1,1,0,0,-1,current,0,0,0.11804172375705094,0.11804172375705094,26,0,0,0,0,0,0,0,0.0,0.75,0.8,0.775,0.775,0,0.0,0.75,0.8,0.775,0.775,0,0.0,0.75,0.8,0.775,0.775,0,0.0,0.75,0.8,0.775,0.775
617,no_strict_e1_improvement,0,,,,,1,0,1,1,0,1,0,1,0,0,-1,current,0,0,0.03259402211988345,0.03259402211988345,34,25,25,25,25,0,0,1,1.0,1.0,1.0,1.0,1.0,1,1.0,1.0,1.0,1.0,1.0,1,1.0,1.0,1.0,1.0,1.0,1,1.0,1.0,1.0,1.0,1.0
618,max_rounds,0,,,,,1,1,2,1,1,1,1,1,0,0,0,s1a3_greedy,1,0,0.08583830231800675,0.06914967158809304,31,0,0,0,0,0,0,0,0.0,0.95,0.75,0.85,0.85,0,0.0,0.95,0.75,0.85,0.85,0,0.0,0.9,0.75,0.825,0.825,0,0.0,0.9,0.75,0.825,0.825
619,max_rounds,0,,,,,1,1,2,1,1,1,1,1,0,0,0,s1a3_greedy,1,0,0.2833309265173739,0.18740948083577677,14,10,10,15,15,5,0,0,0.4,0.45,0.35,0.4,0.4,0,0.4,0.45,0.35,0.4,0.4,0,0.6,0.5,0.5,0.5,0.55,0,0.6,0.5,0.5,0.5,0.55
620,max_rounds,0,,,,,1,1,2,1,1,1,1,1,0,0,0,s1a3_greedy,1,0,0.16485557105625048,0.049834624771028756,16,1,1,1,1,0,0,0,0.04,0.35,0.45,0.4,0.5,0,0.04,0.35,0.45,0.4,0.5,0,0.04,0.35,0.4,0.375,0.425,0,0.04,0.35,0.4,0.375,0.425
621,max_rounds,0,,,,,1,1,2,1,1,1,1,1,0,0,0,s1a3_greedy,1,0,0.19608664098195733,0.18304008156992496,24,15,15,13,13,-2,0,0,0.6,0.85,0.5,0.675,0.675,0,0.6,0.85,0.5,0.675,0.675,0,0.52,0.75,0.4,0.575,0.65,0,0.52,0.75,0.4,0.575,0.65
622,max_rounds,0,,,,,1,1,2,1,1,1,1,1,0,0,0,s1a3_greedy,1,0,0.21605602212948724,0.1625285648740828,13,0,0,0,0,0,0,0,0.0,0.05,0.15,0.1,0.225,0,0.0,0.05,0.15,0.1,0.225,0,0.0,0.15,0.3,0.225,0.3,0,0.0,0.15,0.3,0.225,0.3
623,no_strict_e1_improvement,0,,,,,1,0,1,1,0,1,0,1,0,0,-1,current,0,0,0.02396320186671801,0.02396320186671801,34,25,25,25,25,0,0,1,1.0,1.0,1.0,1.0,1.0,1,1.0,1.0,1.0,1.0,1.0,1,1.0,1.0,1.0,1.0,1.0,1,1.0,1.0,1.0,1.0,1.0
624,max_rounds,0,,,,,1,1,2,1,1,1,1,1,0,0,0,s1a3_greedy,1,0,0.27128077098168435,0.16225310587324202,25,2,2,0,0,-2,0,0,0.08,0.6,0.45,0.525,0.55,0,0.08,0.6,0.45,0.525,0.55,0,0.0,0.8,0.75,0.775,0.8,0,0.0,0.8,0.75,0.775,0.8
625,max_rounds,0,,,,,1,1,2,1,1,1,1,1,0,0,0,s1a3_greedy,1,0,0.2243899530294584,0.174443503835937,11,0,0,0,0,0,0,0,0.0,0.2,0.2,0.2,0.3,0,0.0,0.2,0.2,0.2,0.3,0,0.0,0.3,0.55,0.425,0.45,0,0.0,0.3,0.55,0.425,0.45
626,no_strict_e1_improvement,0,,,,,1,0,1,1,0,1,0,1,0,0,-1,current,0,0,0.03355701758991927,0.03355701758991927,31,25,25,25,25,0,0,1,1.0,1.0,1.0,1.0,1.0,1,1.0,1.0,1.0,1.0,1.0,1,1.0,1.0,1.0,1.0,1.0,1,1.0,1.0,1.0,1.0,1.0
627,max_rounds,0,,,,,1,1,2,1,1,1,1,1,0,0,0,s1a3_greedy,1,0,0.2099035416729748,0.10944638499058783,27,0,0,0,0,0,0,0,0.0,0.35,0.5,0.425,0.45,0,0.0,0.35,0.5,0.425,0.45,0,0.0,0.75,0.9,0.825,0.825,0,0.0,0.75,0.9,0.825,0.825
628,max_rounds,0,,,,,1,1,2,1,1,1,1,1,0,0,0,s1a3_greedy,1,0,0.1905249590985477,0.14541354579851032,21,0,0,0,0,0,0,0,0.0,0.55,0.65,0.6,0.6,0,0.0,0.55,0.65,0.6,0.6,0,0.0,0.65,0.55,0.6,0.725,0,0.0,0.65,0.55,0.6,0.725
629,small_component,0,,,,,1,0,0,0,0,0,0,1,0,0,-1,current,0,0,0.31692787129431965,0.31692787129431965,18,1,1,1,1,0,0,0,0.04,0.25,0.35,0.3,0.35,0,0.04,0.25,0.35,0.3,0.35,0,0.04,0.25,0.35,0.3,0.35,0,0.04,0.25,0.35,0.3,0.35
630,max_rounds,0,,,,,1,1,2,1,1,1,1,1,0,0,0,s1a3_greedy,1,0,0.22075417903251945,0.19464338993620914,19,3,3,1,1,-2,0,0,0.12,0.5,0.2,0.35,0.4,0,0.12,0.5,0.2,0.35,0.4,0,0.04,0.55,0.45,0.5,0.575,0,0.04,0.55,0.45,0.5,0.575
631,max_rounds,0,,,,,1,1,2,1,1,1,1,1,0,0,0,s1a3_greedy,1,0,0.1653539859020384,0.029955843582865783,28,14,14,25,25,11,0,0,0.56,0.55,0.75,0.65,0.65,0,0.56,0.55,0.75,0.65,0.65,1,1.0,1.0,1.0,1.0,1.0,1,1.0,1.0,1.0,1.0,1.0
632,max_rounds,0,,,,,1,1,2,1,1,1,1,1,0,0,0,s1a3_greedy,1,0,0.1561018519103527,0.08806377314613201,26,1,1,0,0,-1,0,0,0.04,0.5,0.65,0.575,0.6,0,0.04,0.5,0.65,0.575,0.6,0,0.0,0.65,0.75,0.7,0.725,0,0.0,0.65,0.75,0.7,0.725
633,max_rounds,0,,,,,1,1,2,1,1,1,1,1,0,0,0,s1a3_greedy,1,0,0.24895571789238602,0.1691204123198986,19,1,1,0,0,-1,0,0,0.04,0.3,0.35,0.325,0.375,0,0.04,0.3,0.35,0.325,0.375,0,0.0,0.3,0.3,0.3,0.4,0,0.0,0.3,0.3,0.3,0.4
634,no_strict_e1_improvement,0,,,,,1,0,1,1,0,1,0,1,0,0,-1,current,0,0,0.010075956326909363,0.010075956326909363,33,25,25,25,25,0,0,1,1.0,1.0,1.0,1.0,1.0,1,1.0,1.0,1.0,1.0,1.0,1,1.0,1.0,1.0,1.0,1.0,1,1.0,1.0,1.0,1.0,1.0
635,no_strict_e1_improvement,0,,,,,1,0,1,1,0,1,0,1,0,0,-1,current,0,0,0.037591070076450704,0.037591070076450704,30,25,25,25,25,0,0,1,1.0,1.0,1.0,1.0,1.0,1,1.0,1.0,1.0,1.0,1.0,1,1.0,1.0,1.0,1.0,1.0,1,1.0,1.0,1.0,1.0,1.0
636,max_rounds,0,,,,,1,1,2,1,1,1,1,1,0,0,0,s1a3_greedy,1,0,0.2638005003827857,0.2257175684295362,14,1,1,2,2,1,0,0,0.04,0.35,0.2,0.275,0.425,0,0.04,0.35,0.2,0.275,0.425,0,0.08,0.3,0.2,0.25,0.325,0,0.08,0.3,0.2,0.25,0.325
637,max_rounds,0,,,,,1,1,2,1,1,1,1,1,0,0,0,s1a3_greedy,1,0,0.1685652043670416,0.14205313082784415,28,0,0,0,0,0,0,0,0.0,0.7,0.55,0.625,0.675,0,0.0,0.7,0.55,0.625,0.675,0,0.0,0.8,0.65,0.725,0.725,0,0.0,0.8,0.65,0.725,0.725
638,no_strict_e1_improvement,0,,,,,1,0,1,1,0,1,0,1,0,0,-1,current,0,0,0.01834947758470662,0.01834947758470662,35,25,25,25,25,0,0,1,1.0,1.0,1.0,1.0,1.0,1,1.0,1.0,1.0,1.0,1.0,1,1.0,1.0,1.0,1.0,1.0,1,1.0,1.0,1.0,1.0,1.0
639,max_rounds,0,,,,,1,1,2,1,1,1,1,1,0,0,0,s1a3_greedy,1,0,0.35064571460534355,0.1530523154171533,19,1,1,2,2,1,0,0,0.04,0.25,0.25,0.25,0.3,0,0.04,0.25,0.25,0.25,0.3,0,0.08,0.7,0.3,0.5,0.5,0,0.08,0.7,0.3,0.5,0.5
640,no_strict_e1_improvement,0,,,,,1,0,2,1,1,1,1,1,0,0,-1,current,0,0,0.24262869891244918,0.24262869891244918,21,1,1,1,1,0,0,0,0.04,0.45,0.45,0.45,0.5,0,0.04,0.45,0.45,0.45,0.5,0,0.04,0.45,0.45,0.45,0.5,0,0.04,0.45,0.45,0.45,0.5
641,max_rounds,0,,,,,1,1,2,1,1,1,1,1,0,0,0,s1a3_greedy,1,0,0.21862535630789354,0.21315514115631232,17,0,0,0,0,0,0,0,0.0,0.4,0.35,0.375,0.45,0,0.0,0.4,0.35,0.375,0.45,0,0.0,0.3,0.3,0.3,0.425,0,0.0,0.3,0.3,0.3,0.425
642,no_strict_e1_improvement,0,,,,,1,0,2,1,1,1,1,1,0,0,-1,current,0,0,0.11207761798686988,0.11207761798686988,26,0,0,0,0,0,0,0,0.0,0.75,0.9,0.825,0.825,0,0.0,0.75,0.9,0.825,0.825,0,0.0,0.75,0.9,0.825,0.825,0,0.0,0.75,0.9,0.825,0.825
643,max_rounds,0,,,,,1,1,2,1,1,1,1,1,0,0,0,s1a3_greedy,1,0,0.2825801809842233,0.2384281684877351,18,0,0,0,0,0,0,0,0.0,0.25,0.25,0.25,0.3,0,0.0,0.25,0.25,0.25,0.3,0,0.0,0.2,0.15,0.175,0.275,0,0.0,0.2,0.15,0.175,0.275
644,no_strict_e1_improvement,0,,,,,1,0,2,1,1,1,1,1,0,0,-1,current,0,0,0.07797997980378568,0.07797997980378568,27,0,0,0,0,0,0,0,0.0,0.8,0.55,0.675,0.7,0,0.0,0.8,0.55,0.675,0.7,0,0.0,0.8,0.55,0.675,0.7,0,0.0,0.8,0.55,0.675,0.7
645,max_rounds,0,,,,,1,1,2,1,1,1,1,1,0,0,0,s1a3_greedy,1,0,0.19049464310519398,0.10028518533799798,27,21,21,21,21,0,0,0,0.84,0.7,0.7,0.7,0.75,0,0.84,0.7,0.7,0.7,0.75,0,0.84,0.85,0.8,0.825,0.85,0,0.84,0.85,0.8,0.825,0.85
646,no_strict_e1_improvement,0,,,,,1,0,1,1,0,1,0,1,0,0,-1,current,0,0,0.025482582635595462,0.025482582635595462,32,25,25,25,25,0,0,1,1.0,1.0,1.0,1.0,1.0,1,1.0,1.0,1.0,1.0,1.0,1,1.0,1.0,1.0,1.0,1.0,1,1.0,1.0,1.0,1.0,1.0
647,no_strict_e1_improvement,0,,,,,1,0,1,1,0,1,0,1,0,0,-1,current,0,0,0.050969599914969875,0.050969599914969875,27,0,0,0,0,0,0,0,0.0,0.75,0.9,0.825,0.85,0,0.0,0.75,0.9,0.825,0.85,0,0.0,0.75,0.9,0.825,0.85,0,0.0,0.75,0.9,0.825,0.85
648,max_rounds,0,,,,,1,1,2,1,1,1,1,1,0,0,0,s1a3_greedy,1,0,0.21329734118044144,0.055701869777112736,26,1,1,0,0,-1,0,0,0.04,0.6,0.4,0.5,0.55,0,0.04,0.6,0.4,0.5,0.55,0,0.0,1.0,0.75,0.875,0.875,0,0.0,1.0,0.75,0.875,0.875
649,no_strict_e1_improvement,0,,,,,1,0,1,1,0,1,0,1,0,0,-1,current,0,0,0.043374672070785894,0.043374672070785894,30,0,0,0,0,0,0,0,0.0,0.75,1.0,0.875,0.875,0,0.0,0.75,1.0,0.875,0.875,0,0.0,0.75,1.0,0.875,0.875,0,0.0,0.75,1.0,0.875,0.875
650,no_strict_e1_improvement,0,,,,,1,0,2,1,1,1,1,1,0,0,-1,current,0,0,0.23013466908596455,0.23013466908596455,19,0,0,0,0,0,0,0,0.0,0.35,0.6,0.475,0.55,0,0.0,0.35,0.6,0.475,0.55,0,0.0,0.35,0.6,0.475,0.55,0,0.0,0.35,0.6,0.475,0.55
651,max_rounds,0,,,,,1,1,2,1,1,1,1,1,0,0,0,s1a3_greedy,1,0,0.1010760773322545,0.07326139261422213,18,0,0,0,0,0,0,0,0.0,0.5,0.5,0.5,0.525,0,0.0,0.5,0.5,0.5,0.525,0,0.0,0.55,0.6,0.575,0.625,0,0.0,0.55,0.6,0.575,0.625
652,max_rounds,0,,,,,1,1,2,1,1,1,1,1,0,0,0,s1a3_greedy,1,0,0.2815055127546657,0.1389437340607401,20,0,0,0,0,0,0,0,0.0,0.4,0.15,0.275,0.3,0,0.0,0.4,0.15,0.275,0.3,0,0.0,0.5,0.25,0.375,0.375,0,0.0,0.5,0.25,0.375,0.375
653,no_strict_e1_improvement,0,,,,,1,0,1,1,0,1,0,1,0,0,-1,current,0,0,0.038795008638408034,0.038795008638408034,33,25,25,25,25,0,0,1,1.0,1.0,1.0,1.0,1.0,1,1.0,1.0,1.0,1.0,1.0,1,1.0,1.0,1.0,1.0,1.0,1,1.0,1.0,1.0,1.0,1.0
654,max_rounds,0,,,,,1,1,2,1,1,1,1,1,0,0,0,s1a3_greedy,1,0,0.27061026976443825,0.1633995646610856,15,0,0,0,0,0,0,0,0.0,0.4,0.45,0.425,0.45,0,0.0,0.4,0.45,0.425,0.45,0,0.0,0.5,0.4,0.45,0.525,0,0.0,0.5,0.4,0.45,0.525
655,no_strict_e1_improvement,0,,,,,1,0,2,1,1,1,1,1,0,0,-1,current,0,0,0.13743163297767752,0.13743163297767752,23,13,13,13,13,0,0,0,0.52,0.5,0.75,0.625,0.675,0,0.52,0.5,0.75,0.625,0.675,0,0.52,0.5,0.75,0.625,0.675,0,0.52,0.5,0.75,0.625,0.675
656,max_rounds,0,,,,,1,1,2,1,1,1,1,1,0,0,0,s1a3_greedy,1,0,0.11298740671481937,0.08572190981940367,19,0,0,0,0,0,0,0,0.0,0.55,0.6,0.575,0.6,0,0.0,0.55,0.6,0.575,0.6,0,0.0,0.65,0.75,0.7,0.725,0,0.0,0.65,0.75,0.7,0.725
657,no_strict_e1_improvement,0,,,,,1,0,1,1,0,1,0,1,0,0,-1,current,0,0,0.029787544382270426,0.029787544382270426,30,25,25,25,25,0,0,1,1.0,1.0,1.0,1.0,1.0,1,1.0,1.0,1.0,1.0,1.0,1,1.0,1.0,1.0,1.0,1.0,1,1.0,1.0,1.0,1.0,1.0
658,no_strict_e1_improvement,0,,,,,1,0,1,1,0,1,0,1,0,0,-1,current,0,0,0.03641479268553667,0.03641479268553667,32,25,25,25,25,0,0,1,1.0,1.0,1.0,1.0,1.0,1,1.0,1.0,1.0,1.0,1.0,1,1.0,1.0,1.0,1.0,1.0,1,1.0,1.0,1.0,1.0,1.0
659,no_strict_e1_improvement,0,,,,,1,0,1,1,0,1,0,1,0,0,-1,current,0,0,0.06435051118023694,0.06435051118023694,27,0,0,0,0,0,0,0,0.0,1.0,0.75,0.875,0.875,0,0.0,1.0,0.75,0.875,0.875,0,0.0,1.0,0.75,0.875,0.875,0,0.0,1.0,0.75,0.875,0.875
660,max_rounds,0,,,,,1,1,2,1,1,1,1,1,0,0,0,s1a3_greedy,1,0,0.08531796725001187,0.08391608396777883,25,0,0,0,0,0,0,0,0.0,0.6,0.6,0.6,0.65,0,0.0,0.6,0.6,0.6,0.65,0,0.0,0.6,0.65,0.625,0.65,0,0.0,0.6,0.65,0.625,0.65
661,partial_completed__max_rounds,1,,5,2,4,1,1,2,1,1,1,1,1,0,0,0,s1a3_greedy,1,0,0.13870497792959213,0.08790542122442276,14,0,0,0,0,0,0,0,0.0,0.2,0.3,0.25,0.3,0,0.0,0.2,0.45,0.325,0.375,0,0.0,0.1,0.55,0.325,0.35,0,0.0,0.1,0.55,0.325,0.35
662,max_rounds,0,,,,,1,1,2,1,1,1,1,1,0,0,0,s1a3_greedy,1,0,0.2735450583160855,0.21580311635043473,14,9,9,4,4,-5,0,0,0.36,0.4,0.35,0.375,0.45,0,0.36,0.4,0.35,0.375,0.45,0,0.16,0.25,0.5,0.375,0.45,0,0.16,0.25,0.5,0.375,0.45
663,no_strict_e1_improvement,0,,,,,1,0,1,1,0,1,0,1,0,0,-1,current,0,0,0.09718005550093949,0.09718005550093949,25,20,20,20,20,0,0,0,0.8,0.95,0.75,0.85,0.85,0,0.8,0.95,0.75,0.85,0.85,0,0.8,0.95,0.75,0.85,0.85,0,0.8,0.95,0.75,0.85,0.85
664,no_strict_e1_improvement,0,,,,,1,0,1,1,0,1,0,1,0,0,-1,current,0,0,0.03334536826296244,0.03334536826296244,26,25,25,25,25,0,0,1,1.0,1.0,1.0,1.0,1.0,1,1.0,1.0,1.0,1.0,1.0,1,1.0,1.0,1.0,1.0,1.0,1,1.0,1.0,1.0,1.0,1.0
665,max_rounds,0,,,,,1,1,2,1,1,1,1,1,0,0,0,s1a3_greedy,1,0,0.1870011660968885,0.10078394658339676,23,0,0,0,0,0,0,0,0.0,0.45,0.6,0.525,0.575,0,0.0,0.45,0.6,0.525,0.575,0,0.0,0.65,0.8,0.725,0.75,0,0.0,0.65,0.8,0.725,0.75
666,max_rounds,0,,,,,1,1,2,1,1,1,1,1,0,0,0,s1a3_greedy,1,0,0.32260770961293017,0.19519680633675307,17,5,5,1,1,-4,0,0,0.2,0.3,0.4,0.35,0.4,0,0.2,0.3,0.4,0.35,0.4,0,0.04,0.6,0.55,0.575,0.575,0,0.04,0.6,0.55,0.575,0.575
667,max_rounds,0,,,,,1,1,2,1,1,1,1,1,0,0,0,s1a3_greedy,1,0,0.06968869515694678,0.01809608277399093,31,23,23,25,25,2,0,0,0.92,0.9,0.9,0.9,0.925,0,0.92,0.9,0.9,0.9,0.925,1,1.0,1.0,1.0,1.0,1.0,1,1.0,1.0,1.0,1.0,1.0
668,no_strict_e1_improvement,0,,,,,1,0,1,1,0,1,0,1,0,0,-1,current,0,0,0.02088116332888603,0.02088116332888603,38,25,25,25,25,0,0,1,1.0,1.0,1.0,1.0,1.0,1,1.0,1.0,1.0,1.0,1.0,1,1.0,1.0,1.0,1.0,1.0,1,1.0,1.0,1.0,1.0,1.0
669,no_strict_e1_improvement,0,,,,,1,0,2,1,1,1,1,1,0,0,-1,current,0,0,0.009855727845570072,0.009855727845570072,30,21,21,21,21,0,0,0,0.84,0.8,0.8,0.8,0.8,0,0.84,0.8,0.8,0.8,0.8,0,0.84,0.8,0.8,0.8,0.8,0,0.84,0.8,0.8,0.8,0.8
670,no_strict_e1_improvement,0,,,,,1,0,2,1,1,1,1,1,0,0,-1,current,0,0,0.19354323762236164,0.19354323762236164,25,3,3,3,3,0,0,0,0.12,0.55,0.5,0.525,0.625,0,0.12,0.55,0.5,0.525,0.625,0,0.12,0.55,0.5,0.525,0.625,0,0.12,0.55,0.5,0.525,0.625
671,max_rounds,0,,,,,1,1,2,1,1,1,1,1,0,0,0,s1a3_greedy,1,0,0.11415293123573064,0.10623060406651348,27,1,1,3,3,2,0,0,0.04,0.55,0.75,0.65,0.675,0,0.04,0.55,0.75,0.65,0.675,0,0.12,0.45,0.7,0.575,0.625,0,0.12,0.45,0.7,0.575,0.625
672,no_strict_e1_improvement,0,,,,,1,0,2,1,1,1,1,1,0,0,-1,current,0,0,0.1299423252698034,0.1299423252698034,24,20,20,20,20,0,0,0,0.8,0.8,0.75,0.775,0.8,0,0.8,0.8,0.75,0.775,0.8,0,0.8,0.8,0.75,0.775,0.8,0,0.8,0.8,0.75,0.775,0.8
673,no_strict_e1_improvement,0,,,,,1,0,1,1,0,1,0,1,0,0,-1,current,0,0,0.07685746042989194,0.07685746042989194,32,25,25,25,25,0,0,1,1.0,1.0,1.0,1.0,1.0,1,1.0,1.0,1.0,1.0,1.0,1,1.0,1.0,1.0,1.0,1.0,1,1.0,1.0,1.0,1.0,1.0
674,no_strict_e1_improvement,0,,,,,1,0,1,1,0,1,0,1,0,0,-1,current,0,0,0.001166848186403513,0.001166848186403513,39,25,25,25,25,0,0,1,1.0,1.0,1.0,1.0,1.0,1,1.0,1.0,1.0,1.0,1.0,1,1.0,1.0,1.0,1.0,1.0,1,1.0,1.0,1.0,1.0,1.0
675,max_rounds,0,,,,,1,1,2,1,1,1,1,1,0,0,0,s1a3_greedy,1,0,0.19763628183864057,0.0988309990036214,24,1,1,0,0,-1,0,0,0.04,0.65,0.35,0.5,0.5,0,0.04,0.65,0.35,0.5,0.5,0,0.0,0.9,0.45,0.675,0.675,0,0.0,0.9,0.45,0.675,0.675
676,max_rounds,0,,,,,1,1,2,1,1,1,1,1,0,0,0,s1a3_greedy,1,0,0.2739348400384188,0.2576235530897975,10,0,0,1,1,1,0,0,0.0,0.35,0.4,0.375,0.475,0,0.0,0.35,0.4,0.375,0.475,0,0.04,0.2,0.25,0.225,0.45,0,0.04,0.2,0.25,0.225,0.45
677,max_rounds,0,,,,,1,1,2,1,1,1,1,1,0,0,0,s1a3_greedy,1,0,0.2508547175209969,0.22494059689342977,12,5,5,0,0,-5,0,0,0.2,0.2,0.45,0.325,0.375,0,0.2,0.2,0.45,0.325,0.375,0,0.0,0.15,0.35,0.25,0.35,0,0.0,0.15,0.35,0.25,0.35
678,no_strict_e1_improvement,0,,,,,1,0,2,1,1,1,1,1,0,0,-1,current,0,0,0.18137957695871593,0.18137957695871593,24,0,0,0,0,0,0,0,0.0,0.6,0.6,0.6,0.65,0,0.0,0.6,0.6,0.6,0.65,0,0.0,0.6,0.6,0.6,0.65,0,0.0,0.6,0.6,0.6,0.65
679,no_strict_e1_improvement,0,,,,,1,0,1,1,0,1,0,1,0,0,-1,current,0,0,0.034018107451265676,0.034018107451265676,30,25,25,25,25,0,0,1,1.0,1.0,1.0,1.0,1.0,1,1.0,1.0,1.0,1.0,1.0,1,1.0,1.0,1.0,1.0,1.0,1,1.0,1.0,1.0,1.0,1.0
680,max_rounds,0,,,,,1,1,2,1,1,1,1,1,0,0,0,s1a3_greedy,1,0,0.21292042681016027,0.1741166389081627,17,0,0,0,0,0,0,0,0.0,0.5,0.35,0.425,0.475,0,0.0,0.5,0.35,0.425,0.475,0,0.0,0.3,0.35,0.325,0.35,0,0.0,0.3,0.35,0.325,0.35
681,no_strict_e1_improvement,0,,,,,1,0,1,1,0,1,0,1,0,0,-1,current,0,0,0.06628680324647576,0.06628680324647576,28,0,0,0,0,0,0,0,0.0,0.75,1.0,0.875,0.875,0,0.0,0.75,1.0,0.875,0.875,0,0.0,0.75,1.0,0.875,0.875,0,0.0,0.75,1.0,0.875,0.875
682,no_strict_e1_improvement,0,,,,,1,0,1,1,0,1,0,1,0,0,-1,current,0,0,0.012872704828623682,0.012872704828623682,35,25,25,25,25,0,0,1,1.0,1.0,1.0,1.0,1.0,1,1.0,1.0,1.0,1.0,1.0,1,1.0,1.0,1.0,1.0,1.0,1,1.0,1.0,1.0,1.0,1.0
683,max_rounds,0,,,,,1,1,2,1,1,1,1,1,0,0,0,s1a3_greedy,1,0,0.18130702804774046,0.11579004004597664,24,1,1,0,0,-1,0,0,0.04,0.4,0.65,0.525,0.575,0,0.04,0.4,0.65,0.525,0.575,0,0.0,0.6,0.75,0.675,0.675,0,0.0,0.6,0.75,0.675,0.675
684,partial_completed__no_strict_e1_improvement,1,,5,2,4,1,0,2,1,1,1,1,1,0,0,-1,current,1,0,0.2631945531989913,0.2631945531989913,20,8,8,8,8,0,0,0,0.32,0.3,0.55,0.425,0.45,0,0.32,0.3,0.55,0.425,0.45,0,0.32,0.3,0.55,0.425,0.45,0,0.32,0.3,0.55,0.425,0.45
685,max_rounds,0,,,,,1,1,2,1,1,1,1,1,0,0,0,s1a3_greedy,1,0,0.10191424844670109,0.0996839364641346,17,0,0,0,0,0,0,0,0.0,0.35,0.35,0.35,0.425,0,0.0,0.35,0.35,0.35,0.425,0,0.0,0.4,0.45,0.425,0.55,0,0.0,0.4,0.45,0.425,0.55
686,no_strict_e1_improvement,0,,,,,1,0,2,1,1,1,1,1,0,0,-1,current,0,0,0.1269129880820401,0.1269129880820401,28,0,0,0,0,0,0,0,0.0,0.85,0.6,0.725,0.725,0,0.0,0.85,0.6,0.725,0.725,0,0.0,0.85,0.6,0.725,0.725,0,0.0,0.85,0.6,0.725,0.725
687,no_strict_e1_improvement,0,,,,,1,0,1,1,0,1,0,1,0,0,-1,current,0,0,0.04442386728478596,0.04442386728478596,33,25,25,25,25,0,0,1,1.0,1.0,1.0,1.0,1.0,1,1.0,1.0,1.0,1.0,1.0,1,1.0,1.0,1.0,1.0,1.0,1,1.0,1.0,1.0,1.0,1.0
688,no_strict_e1_improvement,0,,,,,1,0,2,1,1,1,1,1,0,0,-1,current,0,0,0.06294797570444643,0.06294797570444643,31,0,0,0,0,0,0,0,0.0,0.75,0.75,0.75,0.75,0,0.0,0.75,0.75,0.75,0.75,0,0.0,0.75,0.75,0.75,0.75,0,0.0,0.75,0.75,0.75,0.75
689,max_rounds,0,,,,,1,1,2,1,1,1,1,1,0,0,0,s1a3_greedy,1,0,0.1120484077197034,0.09043706290540285,25,0,0,0,0,0,0,0,0.0,0.5,0.95,0.725,0.725,0,0.0,0.5,0.95,0.725,0.725,0,0.0,0.75,1.0,0.875,0.875,0,0.0,0.75,1.0,0.875,0.875
690,max_rounds,0,,,,,1,1,2,1,1,1,1,1,0,0,0,s1a3_greedy,1,0,0.07491078778984957,0.05184653690666892,29,1,1,0,0,-1,0,0,0.04,0.6,0.85,0.725,0.725,0,0.04,0.6,0.85,0.725,0.725,0,0.0,0.75,1.0,0.875,0.875,0,0.0,0.75,1.0,0.875,0.875
691,no_strict_e1_improvement,0,,,,,1,0,2,1,1,1,1,1,0,0,-1,current,0,0,0.1343752629356459,0.1343752629356459,24,0,0,0,0,0,0,0,0.0,0.75,0.95,0.85,0.85,0,0.0,0.75,0.95,0.85,0.85,0,0.0,0.75,0.95,0.85,0.85,0,0.0,0.75,0.95,0.85,0.85
692,max_rounds,0,,,,,1,1,2,1,1,1,1,1,0,0,0,s1a3_greedy,1,0,0.1637356908991933,0.0806521566817537,25,0,0,0,0,0,0,0,0.0,0.8,0.55,0.675,0.725,0,0.0,0.8,0.55,0.675,0.725,0,0.0,0.85,0.75,0.8,0.825,0,0.0,0.85,0.75,0.8,0.825
693,no_strict_e1_improvement,0,,,,,1,0,1,1,0,1,0,1,0,0,-1,current,0,0,0.03958800553809851,0.03958800553809851,31,0,0,0,0,0,0,0,0.0,0.75,1.0,0.875,0.875,0,0.0,0.75,1.0,0.875,0.875,0,0.0,0.75,1.0,0.875,0.875,0,0.0,0.75,1.0,0.875,0.875
694,max_rounds,0,,,,,1,1,2,1,1,1,1,1,0,0,0,s1a3_greedy,1,0,0.3176276362675708,0.1017074167903047,23,4,4,0,0,-4,0,0,0.16,0.45,0.4,0.425,0.45,0,0.16,0.45,0.4,0.425,0.45,0,0.0,0.65,0.9,0.775,0.8,0,0.0,0.65,0.9,0.775,0.8
695,max_rounds,0,,,,,1,1,2,1,1,1,1,1,0,0,0,s1a3_greedy,1,0,0.2398058778140694,0.21776967463083566,19,0,0,1,1,1,0,0,0.0,0.25,0.5,0.375,0.45,0,0.0,0.25,0.5,0.375,0.45,0,0.04,0.25,0.45,0.35,0.4,0,0.04,0.25,0.45,0.35,0.4
696,no_strict_e1_improvement,0,,,,,1,0,1,1,0,1,0,1,0,0,-1,current,0,0,0.03334369248477742,0.03334369248477742,32,0,0,0,0,0,0,0,0.0,0.75,1.0,0.875,0.875,0,0.0,0.75,1.0,0.875,0.875,0,0.0,0.75,1.0,0.875,0.875,0,0.0,0.75,1.0,0.875,0.875
697,max_rounds,0,,,,,1,1,2,1,1,1,1,1,0,0,0,s1a3_greedy,1,0,0.2477720830589533,0.23465163889341056,17,2,2,3,3,1,0,0,0.08,0.45,0.2,0.325,0.375,0,0.08,0.45,0.2,0.325,0.375,0,0.12,0.4,0.35,0.375,0.5,0,0.12,0.4,0.35,0.375,0.5
698,max_rounds,0,,,,,1,1,2,1,1,1,1,1,0,0,0,s1a3_greedy,1,0,0.2356957506533945,0.17946162548905703,13,4,4,3,3,-1,0,0,0.16,0.2,0.15,0.175,0.4,0,0.16,0.2,0.15,0.175,0.4,0,0.12,0.15,0.2,0.175,0.275,0,0.12,0.15,0.2,0.175,0.275
699,no_strict_e1_improvement,0,,,,,1,0,1,1,0,1,0,1,0,0,-1,current,0,0,0.02099527702666819,0.02099527702666819,33,25,25,25,25,0,0,1,1.0,1.0,1.0,1.0,1.0,1,1.0,1.0,1.0,1.0,1.0,1,1.0,1.0,1.0,1.0,1.0,1,1.0,1.0,1.0,1.0,1.0
700,max_rounds,0,,,,,1,1,2,1,1,1,1,1,0,0,0,s1a3_greedy,1,0,0.2014361176334205,0.18840111415775027,16,0,0,0,0,0,0,0,0.0,0.45,0.4,0.425,0.475,0,0.0,0.45,0.4,0.425,0.475,0,0.0,0.35,0.4,0.375,0.45,0,0.0,0.35,0.4,0.375,0.45
701,max_rounds,0,,,,,1,1,2,1,1,1,1,1,0,0,0,s1a3_greedy,1,0,0.24521010352764278,0.17179749839851866,12,0,0,1,1,1,0,0,0.0,0.3,0.15,0.225,0.325,0,0.0,0.3,0.15,0.225,0.325,0,0.04,0.2,0.35,0.275,0.35,0,0.04,0.2,0.35,0.275,0.35
702,max_rounds,0,,,,,1,1,2,1,1,1,1,1,0,0,0,s1a3_greedy,1,0,0.14195568542927503,0.12172691700980068,24,20,20,20,20,0,0,0,0.8,0.65,0.8,0.725,0.725,0,0.8,0.65,0.8,0.725,0.725,0,0.8,0.6,0.75,0.675,0.775,0,0.8,0.6,0.75,0.675,0.775
703,no_strict_e1_improvement,0,,,,,1,0,1,1,0,1,0,1,0,0,-1,current,0,0,0.06213490430964157,0.06213490430964157,24,21,21,21,21,0,0,0,0.84,0.8,0.75,0.775,0.85,0,0.84,0.8,0.75,0.775,0.85,0,0.84,0.8,0.75,0.775,0.85,0,0.84,0.8,0.75,0.775,0.85
704,max_rounds,0,,,,,1,1,2,1,1,1,1,1,0,0,0,s1a3_greedy,1,0,0.24290642849227878,0.166711438036873,16,0,0,0,0,0,0,0,0.0,0.3,0.2,0.25,0.275,0,0.0,0.3,0.2,0.25,0.275,0,0.0,0.3,0.5,0.4,0.4,0,0.0,0.3,0.5,0.4,0.4
705,partial_completed__max_rounds,1,,5,2,4,1,1,2,1,1,1,1,1,0,0,0,s1a3_greedy,1,0,0.26537563845995465,0.1505405113923189,17,2,1,4,4,2,0,0,0.08,0.15,0.4,0.275,0.3,0,0.04,0.15,0.4,0.275,0.325,0,0.16,0.05,0.35,0.2,0.25,0,0.16,0.05,0.35,0.2,0.25
706,max_rounds,0,,,,,1,1,2,1,1,1,1,1,0,0,0,s1a3_greedy,1,0,0.11465538949123584,0.05948540046229027,23,19,19,23,23,4,0,0,0.76,0.75,0.75,0.75,0.85,0,0.76,0.75,0.75,0.75,0.85,0,0.92,0.85,0.8,0.825,0.925,0,0.92,0.85,0.8,0.825,0.925
707,no_strict_e1_improvement,0,,,,,1,0,1,1,0,1,0,1,0,0,-1,current,0,0,0.030848521972075105,0.030848521972075105,33,23,23,23,23,0,0,0,0.92,0.85,0.8,0.825,0.85,0,0.92,0.85,0.8,0.825,0.85,0,0.92,0.85,0.8,0.825,0.85,0,0.92,0.85,0.8,0.825,0.85
708,no_strict_e1_improvement,0,,,,,1,0,1,1,0,1,0,1,0,0,-1,current,0,0,0.07369932252913713,0.07369932252913713,31,20,20,20,20,0,0,0,0.8,0.95,0.75,0.85,0.85,0,0.8,0.95,0.75,0.85,0.85,0,0.8,0.95,0.75,0.85,0.85,0,0.8,0.95,0.75,0.85,0.85
709,no_strict_e1_improvement,0,,,,,1,0,1,1,0,1,0,1,0,0,-1,current,0,0,0.02096141492947936,0.02096141492947936,31,25,25,25,25,0,0,1,1.0,1.0,1.0,1.0,1.0,1,1.0,1.0,1.0,1.0,1.0,1,1.0,1.0,1.0,1.0,1.0,1,1.0,1.0,1.0,1.0,1.0
710,max_rounds,0,,,,,1,1,2,1,1,1,1,1,0,0,0,s1a3_greedy,1,0,0.2901493014884181,0.2524262611754239,18,0,0,1,1,1,0,0,0.0,0.45,0.4,0.425,0.475,0,0.0,0.45,0.4,0.425,0.475,0,0.04,0.55,0.45,0.5,0.575,0,0.04,0.55,0.45,0.5,0.575
711,max_rounds,0,,,,,1,1,2,1,1,1,1,1,0,0,0,s1a3_greedy,1,0,0.02905289250193164,0.025475020857993514,30,23,23,22,22,-1,0,0,0.92,0.85,0.9,0.875,0.875,0,0.92,0.85,0.9,0.875,0.875,0,0.88,0.85,0.85,0.85,0.85,0,0.88,0.85,0.85,0.85,0.85
712,max_rounds,0,,,,,1,1,2,1,1,1,1,1,0,0,0,s1a3_greedy,1,0,0.13123356439173223,0.09479567652742844,19,2,2,0,0,-2,0,0,0.08,0.3,0.55,0.425,0.525,0,0.08,0.3,0.55,0.425,0.525,0,0.0,0.65,0.8,0.725,0.75,0,0.0,0.65,0.8,0.725,0.75
713,no_strict_e1_improvement,0,,,,,1,0,1,1,0,1,0,1,0,0,-1,current,0,0,0.0291117959539406,0.0291117959539406,35,25,25,25,25,0,0,1,1.0,1.0,1.0,1.0,1.0,1,1.0,1.0,1.0,1.0,1.0,1,1.0,1.0,1.0,1.0,1.0,1,1.0,1.0,1.0,1.0,1.0
714,no_strict_e1_improvement,0,,,,,1,0,1,1,0,1,0,1,0,0,-1,current,0,0,0.055241636885330084,0.055241636885330084,31,25,25,25,25,0,0,1,1.0,1.0,1.0,1.0,1.0,1,1.0,1.0,1.0,1.0,1.0,1,1.0,1.0,1.0,1.0,1.0,1,1.0,1.0,1.0,1.0,1.0
715,max_rounds,0,,,,,1,1,2,1,1,1,1,1,0,0,0,s1a3_greedy,1,0,0.11320531870005653,0.11166087165474892,21,0,0,0,0,0,0,0,0.0,0.55,0.45,0.5,0.55,0,0.0,0.55,0.45,0.5,0.55,0,0.0,0.5,0.45,0.475,0.5,0,0.0,0.5,0.45,0.475,0.5
716,max_rounds,0,,,,,1,1,2,1,1,1,1,1,0,0,0,s1a3_greedy,1,0,0.13519532420905306,0.10131623139604926,28,0,0,0,0,0,0,0,0.0,0.85,0.75,0.8,0.85,0,0.0,0.85,0.75,0.8,0.85,0,0.0,0.95,0.75,0.85,0.85,0,0.0,0.95,0.75,0.85,0.85
717,max_rounds,0,,,,,1,1,2,1,1,1,1,1,0,0,0,s1a3_greedy,1,0,0.168391384134884,0.1542076760873897,20,0,0,0,0,0,0,0,0.0,0.55,0.55,0.55,0.55,0,0.0,0.55,0.55,0.55,0.55,0,0.0,0.7,0.7,0.7,0.725,0,0.0,0.7,0.7,0.7,0.725
718,max_rounds,0,,,,,1,1,2,1,1,1,1,1,0,0,0,s1a3_greedy,1,0,0.0656719462829642,0.0588145297835581,20,18,18,19,19,1,0,0,0.72,0.5,0.65,0.575,0.65,0,0.72,0.5,0.65,0.575,0.65,0,0.76,0.5,0.6,0.55,0.65,0,0.76,0.5,0.6,0.55,0.65
719,max_rounds,0,,,,,1,1,2,1,1,1,1,1,0,0,0,s1a3_greedy,1,0,0.28292909523006526,0.24198618130758404,17,0,0,0,0,0,0,0,0.0,0.55,0.55,0.55,0.575,0,0.0,0.55,0.55,0.55,0.575,0,0.0,0.5,0.5,0.5,0.575,0,0.0,0.5,0.5,0.5,0.575
720,no_strict_e1_improvement,0,,,,,1,0,1,1,0,1,0,1,0,0,-1,current,0,0,0.04394134587782901,0.04394134587782901,32,25,25,25,25,0,0,1,1.0,1.0,1.0,1.0,1.0,1,1.0,1.0,1.0,1.0,1.0,1,1.0,1.0,1.0,1.0,1.0,1,1.0,1.0,1.0,1.0,1.0
721,no_strict_e1_improvement,0,,,,,1,0,2,1,1,1,1,1,0,0,-1,current,0,0,0.15269699005875736,0.15269699005875736,24,0,0,0,0,0,0,0,0.0,0.7,0.6,0.65,0.65,0,0.0,0.7,0.6,0.65,0.65,0,0.0,0.7,0.6,0.65,0.65,0,0.0,0.7,0.6,0.65,0.65
722,max_rounds,0,,,,,1,1,2,1,1,1,1,1,0,0,0,s1a3_greedy,1,0,0.12926495620049536,0.09386294223368168,27,1,1,0,0,-1,0,0,0.04,0.4,0.75,0.575,0.625,0,0.04,0.4,0.75,0.575,0.625,0,0.0,0.45,0.8,0.625,0.625,0,0.0,0.45,0.8,0.625,0.625
723,max_rounds,0,,,,,1,1,2,1,1,1,1,1,0,0,0,s1a3_greedy,1,0,0.25931222045328467,0.1380026999686379,13,0,0,0,0,0,0,0,0.0,0.0,0.3,0.15,0.2,0,0.0,0.0,0.3,0.15,0.2,0,0.0,0.0,0.25,0.125,0.25,0,0.0,0.0,0.25,0.125,0.25
724,no_strict_e1_improvement,0,,,,,1,0,1,1,0,1,0,1,0,0,-1,current,0,0,0.015730175333737863,0.015730175333737863,37,25,25,25,25,0,0,1,1.0,1.0,1.0,1.0,1.0,1,1.0,1.0,1.0,1.0,1.0,1,1.0,1.0,1.0,1.0,1.0,1,1.0,1.0,1.0,1.0,1.0
725,no_strict_e1_improvement,0,,,,,1,0,1,1,0,1,0,1,0,0,-1,current,0,0,0.03518293706001714,0.03518293706001714,32,25,25,25,25,0,0,1,1.0,1.0,1.0,1.0,1.0,1,1.0,1.0,1.0,1.0,1.0,1,1.0,1.0,1.0,1.0,1.0,1,1.0,1.0,1.0,1.0,1.0
726,partial_completed__max_rounds,1,,5,2,4,1,1,2,1,1,1,1,1,0,0,0,s1a3_greedy,1,0,0.08337641748948954,0.04434353033429943,15,0,0,0,0,0,0,0,0.0,0.3,0.3,0.3,0.35,0,0.0,0.3,0.3,0.3,0.375,0,0.0,0.3,0.55,0.425,0.425,0,0.0,0.3,0.55,0.425,0.425
727,no_strict_e1_improvement,0,,,,,1,0,2,1,1,1,1,1,0,0,-1,current,0,0,0.20709459129720925,0.20709459129720925,19,0,0,0,0,0,0,0,0.0,0.45,0.45,0.45,0.55,0,0.0,0.45,0.45,0.45,0.55,0,0.0,0.45,0.45,0.45,0.55,0,0.0,0.45,0.45,0.45,0.55
728,max_rounds,0,,,,,1,1,2,1,1,1,1,1,0,0,0,s1a3_greedy,1,0,0.2614631002070382,0.04610278781037778,24,15,15,25,25,10,0,0,0.6,0.75,0.6,0.675,0.775,0,0.6,0.75,0.6,0.675,0.775,1,1.0,1.0,1.0,1.0,1.0,1,1.0,1.0,1.0,1.0,1.0
729,no_strict_e1_improvement,0,,,,,1,0,1,1,0,1,0,1,0,0,-1,current,0,0,0.02943884003907442,0.02943884003907442,33,25,25,25,25,0,0,1,1.0,1.0,1.0,1.0,1.0,1,1.0,1.0,1.0,1.0,1.0,1,1.0,1.0,1.0,1.0,1.0,1,1.0,1.0,1.0,1.0,1.0
730,no_strict_e1_improvement,0,,,,,1,0,1,1,0,1,0,1,0,0,-1,current,0,0,0.024798259721137583,0.024798259721137583,33,25,25,25,25,0,0,1,1.0,1.0,1.0,1.0,1.0,1,1.0,1.0,1.0,1.0,1.0,1,1.0,1.0,1.0,1.0,1.0,1,1.0,1.0,1.0,1.0,1.0
731,no_strict_e1_improvement,0,,,,,1,0,2,1,1,1,1,1,0,0,-1,current,0,0,0.0997426773305051,0.0997426773305051,25,21,21,21,21,0,0,0,0.84,0.85,0.8,0.825,0.875,0,0.84,0.85,0.8,0.825,0.875,0,0.84,0.85,0.8,0.825,0.875,0,0.84,0.85,0.8,0.825,0.875
732,no_strict_e1_improvement,0,,,,,1,0,2,1,1,1,1,1,0,0,-1,current,0,0,0.1496048223518301,0.1496048223518301,22,0,0,0,0,0,0,0,0.0,0.55,0.45,0.5,0.525,0,0.0,0.55,0.45,0.5,0.525,0,0.0,0.55,0.45,0.5,0.525,0,0.0,0.55,0.45,0.5,0.525
733,small_component,0,,,,,1,0,0,0,0,0,0,1,0,0,-1,current,0,0,0.23820208311080932,0.23820208311080932,16,4,4,4,4,0,0,0,0.16,0.25,0.15,0.2,0.225,0,0.16,0.25,0.15,0.2,0.225,0,0.16,0.25,0.15,0.2,0.225,0,0.16,0.25,0.15,0.2,0.225
734,no_strict_e1_improvement,0,,,,,1,0,2,1,1,1,1,1,0,0,-1,current,0,0,0.15918551844661125,0.15918551844661125,22,0,0,0,0,0,0,0,0.0,0.6,0.6,0.6,0.625,0,0.0,0.6,0.6,0.6,0.625,0,0.0,0.6,0.6,0.6,0.625,0,0.0,0.6,0.6,0.6,0.625
735,max_rounds,0,,,,,1,1,2,1,1,1,1,1,0,0,0,s1a3_greedy,1,0,0.2557194933528081,0.15306739208172077,13,8,8,6,6,-2,0,0,0.32,0.4,0.0,0.2,0.375,0,0.32,0.4,0.0,0.2,0.375,0,0.24,0.25,0.15,0.2,0.325,0,0.24,0.25,0.15,0.2,0.325
736,no_strict_e1_improvement,0,,,,,1,0,2,1,1,1,1,1,0,0,-1,current,0,0,0.09101420452352613,0.09101420452352613,21,0,0,0,0,0,0,0,0.0,0.65,0.55,0.6,0.6,0,0.0,0.65,0.55,0.6,0.6,0,0.0,0.65,0.55,0.6,0.6,0,0.0,0.65,0.55,0.6,0.6
737,no_strict_e1_improvement,0,,,,,1,0,2,1,1,1,1,1,0,0,-1,current,0,0,0.08593625905923545,0.08593625905923545,28,0,0,0,0,0,0,0,0.0,0.75,1.0,0.875,0.875,0,0.0,0.75,1.0,0.875,0.875,0,0.0,0.75,1.0,0.875,0.875,0,0.0,0.75,1.0,0.875,0.875
738,no_strict_e1_improvement,0,,,,,1,0,1,1,0,1,0,1,0,0,-1,current,0,0,0.11125077391043306,0.11125077391043306,29,0,0,0,0,0,0,0,0.0,1.0,0.75,0.875,0.875,0,0.0,1.0,0.75,0.875,0.875,0,0.0,1.0,0.75,0.875,0.875,0,0.0,1.0,0.75,0.875,0.875
739,no_strict_e1_improvement,0,,,,,1,0,1,1,0,1,0,1,0,0,-1,current,0,0,0.07930778153240681,0.07930778153240681,29,0,0,0,0,0,0,0,0.0,0.65,0.85,0.75,0.775,0,0.0,0.65,0.85,0.75,0.775,0,0.0,0.65,0.85,0.75,0.775,0,0.0,0.65,0.85,0.75,0.775
740,no_strict_e1_improvement,0,,,,,1,0,1,1,0,1,0,1,0,0,-1,current,0,0,0.02046609251992777,0.02046609251992777,32,25,25,25,25,0,0,1,1.0,1.0,1.0,1.0,1.0,1,1.0,1.0,1.0,1.0,1.0,1,1.0,1.0,1.0,1.0,1.0,1,1.0,1.0,1.0,1.0,1.0
741,no_strict_e1_improvement,0,,,,,1,0,1,1,0,1,0,1,0,0,-1,current,0,0,0.03960214166436345,0.03960214166436345,33,0,0,0,0,0,0,0,0.0,0.75,1.0,0.875,0.875,0,0.0,0.75,1.0,0.875,0.875,0,0.0,0.75,1.0,0.875,0.875,0,0.0,0.75,1.0,0.875,0.875
742,max_rounds,0,,,,,1,1,2,1,1,1,1,1,0,0,0,s1a3_greedy,1,0,0.23056563311256467,0.20249386841896921,17,6,6,9,9,3,0,0,0.24,0.6,0.35,0.475,0.55,0,0.24,0.6,0.35,0.475,0.55,0,0.36,0.45,0.5,0.475,0.525,0,0.36,0.45,0.5,0.475,0.525
743,no_strict_e1_improvement,0,,,,,1,0,2,1,1,1,1,1,0,0,-1,current,0,0,0.17907907613553106,0.17907907613553106,21,0,0,0,0,0,0,0,0.0,0.45,0.45,0.45,0.525,0,0.0,0.45,0.45,0.45,0.525,0,0.0,0.45,0.45,0.45,0.525,0,0.0,0.45,0.45,0.45,0.525
744,no_strict_e1_improvement,0,,,,,1,0,1,1,0,1,0,1,0,0,-1,current,0,0,0.04042090855073184,0.04042090855073184,31,25,25,25,25,0,0,1,1.0,1.0,1.0,1.0,1.0,1,1.0,1.0,1.0,1.0,1.0,1,1.0,1.0,1.0,1.0,1.0,1,1.0,1.0,1.0,1.0,1.0
745,partial_completed__no_strict_e1_improvement,1,,5,2,3,1,0,1,1,0,1,0,1,0,0,-1,current,1,0,0.06692456958116963,0.06692456958116963,26,20,25,25,25,5,0,0,0.8,0.75,0.8,0.775,0.775,1,1.0,1.0,1.0,1.0,1.0,1,1.0,1.0,1.0,1.0,1.0,1,1.0,1.0,1.0,1.0,1.0
746,no_strict_e1_improvement,0,,,,,1,0,2,1,1,1,1,1,0,0,-1,current,0,0,0.17658137581311167,0.17658137581311167,25,17,17,17,17,0,0,0,0.68,0.6,0.7,0.65,0.725,0,0.68,0.6,0.7,0.65,0.725,0,0.68,0.6,0.7,0.65,0.725,0,0.68,0.6,0.7,0.65,0.725
747,no_strict_e1_improvement,0,,,,,1,0,1,1,0,1,0,1,0,0,-1,current,0,0,0.054477808391675354,0.054477808391675354,32,25,25,25,25,0,0,1,1.0,1.0,1.0,1.0,1.0,1,1.0,1.0,1.0,1.0,1.0,1,1.0,1.0,1.0,1.0,1.0,1,1.0,1.0,1.0,1.0,1.0
748,small_component,0,,,,,1,0,0,0,0,0,0,1,0,0,-1,current,0,0,0.2518707135226578,0.2518707135226578,21,0,0,0,0,0,0,0,0.0,0.15,0.7,0.425,0.475,0,0.0,0.15,0.7,0.425,0.475,0,0.0,0.15,0.7,0.425,0.475,0,0.0,0.15,0.7,0.425,0.475
749,no_strict_e1_improvement,0,,,,,1,0,2,1,1,1,1,1,0,0,-1,current,0,0,0.12377536904532463,0.12377536904532463,25,0,0,0,0,0,0,0,0.0,0.75,0.95,0.85,0.85,0,0.0,0.75,0.95,0.85,0.85,0,0.0,0.75,0.95,0.85,0.85,0,0.0,0.75,0.95,0.85,0.85
750,max_rounds,0,,,,,1,1,2,1,1,1,1,1,0,0,0,s1a3_greedy,1,0,0.17263157647103072,0.17106947053689509,16,17,17,14,14,-3,0,0,0.68,0.6,0.65,0.625,0.675,0,0.68,0.6,0.65,0.625,0.675,0,0.56,0.75,0.45,0.6,0.675,0,0.56,0.75,0.45,0.6,0.675
751,no_strict_e1_improvement,0,,,,,1,0,1,1,0,1,0,1,0,0,-1,current,0,0,0.0937095170840621,0.0937095170840621,29,0,0,0,0,0,0,0,0.0,0.75,0.95,0.85,0.85,0,0.0,0.75,0.95,0.85,0.85,0,0.0,0.75,0.95,0.85,0.85,0,0.0,0.75,0.95,0.85,0.85
752,small_component,0,,,,,1,0,0,0,0,0,0,1,0,0,-1,current,0,0,0.30335876550525426,0.30335876550525426,15,1,1,1,1,0,0,0,0.04,0.3,0.2,0.25,0.325,0,0.04,0.3,0.2,0.25,0.325,0,0.04,0.3,0.2,0.25,0.325,0,0.04,0.3,0.2,0.25,0.325
753,max_rounds,0,,,,,1,1,2,1,1,1,1,1,0,0,0,s1a3_greedy,1,0,0.1079157767817378,0.0899468008428812,25,21,21,23,23,2,0,0,0.84,0.8,0.85,0.825,0.85,0,0.84,0.8,0.85,0.825,0.85,0,0.92,0.9,0.8,0.85,0.9,0,0.92,0.9,0.8,0.85,0.9
754,max_rounds,0,,,,,1,1,2,1,1,1,1,1,0,0,0,s1a3_greedy,1,0,0.22740694956155494,0.1546862626913935,14,1,1,0,0,-1,0,0,0.04,0.35,0.35,0.35,0.35,0,0.04,0.35,0.35,0.35,0.35,0,0.0,0.3,0.45,0.375,0.45,0,0.0,0.3,0.45,0.375,0.45
755,max_rounds,0,,,,,1,1,2,1,1,1,1,1,0,0,0,s1a3_greedy,1,0,0.20698021773714573,0.1256645550718531,21,16,16,17,17,1,0,0,0.64,0.55,0.5,0.525,0.575,0,0.64,0.55,0.5,0.525,0.575,0,0.68,0.6,0.6,0.6,0.675,0,0.68,0.6,0.6,0.6,0.675
756,no_strict_e1_improvement,0,,,,,1,0,2,1,1,1,1,1,0,0,-1,current,0,0,0.151643019344192,0.151643019344192,19,0,0,0,0,0,0,0,0.0,0.45,0.45,0.45,0.5,0,0.0,0.45,0.45,0.45,0.5,0,0.0,0.45,0.45,0.45,0.5,0,0.0,0.45,0.45,0.45,0.5
757,no_strict_e1_improvement,0,,,,,1,0,2,1,1,1,1,1,0,0,-1,current,0,0,0.1491640333086252,0.1491640333086252,28,0,0,0,0,0,0,0,0.0,0.75,0.8,0.775,0.775,0,0.0,0.75,0.8,0.775,0.775,0,0.0,0.75,0.8,0.775,0.775,0,0.0,0.75,0.8,0.775,0.775
758,no_strict_e1_improvement,0,,,,,1,0,1,1,0,1,0,1,0,0,-1,current,0,0,0.05624375830811914,0.05624375830811914,30,25,25,25,25,0,0,1,1.0,1.0,1.0,1.0,1.0,1,1.0,1.0,1.0,1.0,1.0,1,1.0,1.0,1.0,1.0,1.0,1,1.0,1.0,1.0,1.0,1.0
759,max_rounds,0,,,,,1,1,2,1,1,1,1,1,0,0,0,s1a3_greedy,1,0,0.2521673858165741,0.14774295291863382,21,12,12,21,21,9,0,0,0.48,0.5,0.6,0.55,0.55,0,0.48,0.5,0.6,0.55,0.55,0,0.84,0.85,0.8,0.825,0.85,0,0.84,0.85,0.8,0.825,0.85
760,no_strict_e1_improvement,0,,,,,1,0,1,1,0,1,0,1,0,0,-1,current,0,0,0.020492231409298255,0.020492231409298255,33,25,25,25,25,0,0,1,1.0,1.0,1.0,1.0,1.0,1,1.0,1.0,1.0,1.0,1.0,1,1.0,1.0,1.0,1.0,1.0,1,1.0,1.0,1.0,1.0,1.0
761,no_strict_e1_improvement,0,,,,,1,0,1,1,0,1,0,1,0,0,-1,current,0,0,0.02159773411694914,0.02159773411694914,34,25,25,25,25,0,0,1,1.0,1.0,1.0,1.0,1.0,1,1.0,1.0,1.0,1.0,1.0,1,1.0,1.0,1.0,1.0,1.0,1,1.0,1.0,1.0,1.0,1.0
762,no_strict_e1_improvement,0,,,,,1,0,2,1,1,1,1,1,0,0,-1,current,0,0,0.08039199505001307,0.08039199505001307,30,23,23,23,23,0,0,0,0.92,0.8,0.8,0.8,0.85,0,0.92,0.8,0.8,0.8,0.85,0,0.92,0.8,0.8,0.8,0.85,0,0.92,0.8,0.8,0.8,0.85
763,max_rounds,0,,,,,1,1,2,1,1,1,1,1,0,0,0,s1a3_greedy,1,0,0.25105942958034577,0.14424985069781543,21,3,3,0,0,-3,0,0,0.12,0.3,0.4,0.35,0.425,0,0.12,0.3,0.4,0.35,0.425,0,0.0,0.5,0.75,0.625,0.65,0,0.0,0.5,0.75,0.625,0.65
764,partial_completed__small_component,1,,5,2,4,1,0,0,0,0,0,0,1,0,0,-1,current,1,0,0.29524172904202717,0.29524172904202717,15,0,0,0,0,0,0,0,0.0,0.25,0.15,0.2,0.3,0,0.0,0.3,0.15,0.225,0.35,0,0.0,0.3,0.15,0.225,0.35,0,0.0,0.3,0.15,0.225,0.35
765,no_strict_e1_improvement,0,,,,,1,0,2,1,1,1,1,1,0,0,-1,current,0,0,0.11258833473548294,0.11258833473548294,31,0,0,0,0,0,0,0,0.0,0.75,0.85,0.8,0.8,0,0.0,0.75,0.85,0.8,0.8,0,0.0,0.75,0.85,0.8,0.8,0,0.0,0.75,0.85,0.8,0.8
766,max_rounds,0,,,,,1,1,2,1,1,1,1,1,0,0,0,s1a3_greedy,1,0,0.1371314121701289,0.12165478598326444,17,0,0,0,0,0,0,0,0.0,0.6,0.65,0.625,0.7,0,0.0,0.6,0.65,0.625,0.7,0,0.0,0.55,0.6,0.575,0.625,0,0.0,0.55,0.6,0.575,0.625
767,no_strict_e1_improvement,0,,,,,1,0,1,1,0,1,0,1,0,0,-1,current,0,0,0.047112165740691124,0.047112165740691124,34,0,0,0,0,0,0,0,0.0,0.75,1.0,0.875,0.875,0,0.0,0.75,1.0,0.875,0.875,0,0.0,0.75,1.0,0.875,0.875,0,0.0,0.75,1.0,0.875,0.875
768,max_rounds,0,,,,,1,1,2,1,1,1,1,1,0,0,0,s1a3_greedy,1,0,0.23206495356016604,0.1801186826545745,15,0,0,0,0,0,0,0,0.0,0.3,0.4,0.35,0.475,0,0.0,0.3,0.4,0.35,0.475,0,0.0,0.3,0.15,0.225,0.325,0,0.0,0.3,0.15,0.225,0.325
769,no_strict_e1_improvement,0,,,,,1,0,1,1,0,1,0,1,0,0,-1,current,0,0,0.026295657036826015,0.026295657036826015,36,25,25,25,25,0,0,1,1.0,1.0,1.0,1.0,1.0,1,1.0,1.0,1.0,1.0,1.0,1,1.0,1.0,1.0,1.0,1.0,1,1.0,1.0,1.0,1.0,1.0
770,no_strict_e1_improvement,0,,,,,1,0,1,1,0,1,0,1,0,0,-1,current,0,0,0.03414117997745052,0.03414117997745052,34,25,25,25,25,0,0,1,1.0,1.0,1.0,1.0,1.0,1,1.0,1.0,1.0,1.0,1.0,1,1.0,1.0,1.0,1.0,1.0,1,1.0,1.0,1.0,1.0,1.0
771,no_strict_e1_improvement,0,,,,,1,0,2,1,1,1,1,1,0,0,-1,current,0,0,0.12804970798024443,0.12804970798024443,25,1,1,1,1,0,0,0,0.04,0.45,0.6,0.525,0.6,0,0.04,0.45,0.6,0.525,0.6,0,0.04,0.45,0.6,0.525,0.6,0,0.04,0.45,0.6,0.525,0.6
772,max_rounds,0,,,,,1,1,2,1,1,1,1,1,0,0,0,s1a3_greedy,1,0,0.1999795951647684,0.17066644446458668,20,0,0,0,0,0,0,0,0.0,0.6,0.6,0.6,0.7,0,0.0,0.6,0.6,0.6,0.7,0,0.0,0.65,0.6,0.625,0.75,0,0.0,0.65,0.6,0.625,0.75
773,max_rounds,0,,,,,1,1,2,1,1,1,1,1,0,0,0,s1a3_greedy,1,0,0.09143399354652501,0.08031756124109961,25,0,0,0,0,0,0,0,0.0,0.75,0.95,0.85,0.85,0,0.0,0.75,0.95,0.85,0.85,0,0.0,0.75,0.85,0.8,0.8,0,0.0,0.75,0.85,0.8,0.8
774,max_rounds,0,,,,,1,1,2,1,1,1,1,1,0,0,0,s1a3_greedy,1,0,0.12274687886820175,0.09210113399312832,28,0,0,0,0,0,0,0,0.0,0.75,0.8,0.775,0.825,0,0.0,0.75,0.8,0.775,0.825,0,0.0,0.65,0.85,0.75,0.8,0,0.0,0.65,0.85,0.75,0.8
775,max_rounds,0,,,,,1,1,2,1,1,1,1,1,0,0,0,s1a3_greedy,1,0,0.06164351131301373,0.03968553710728884,26,17,17,21,21,4,0,0,0.68,0.7,0.6,0.65,0.725,0,0.68,0.7,0.6,0.65,0.725,0,0.84,0.8,0.8,0.8,0.825,0,0.84,0.8,0.8,0.8,0.825
776,no_strict_e1_improvement,0,,,,,1,0,2,1,1,1,1,1,0,0,-1,current,0,0,0.1897644681041129,0.1897644681041129,17,1,1,1,1,0,0,0,0.04,0.35,0.45,0.4,0.475,0,0.04,0.35,0.45,0.4,0.475,0,0.04,0.35,0.45,0.4,0.475,0,0.04,0.35,0.45,0.4,0.475
777,no_strict_e1_improvement,0,,,,,1,0,1,1,0,1,0,1,0,0,-1,current,0,0,0.022631971853479628,0.022631971853479628,38,25,25,25,25,0,0,1,1.0,1.0,1.0,1.0,1.0,1,1.0,1.0,1.0,1.0,1.0,1,1.0,1.0,1.0,1.0,1.0,1,1.0,1.0,1.0,1.0,1.0
778,no_strict_e1_improvement,0,,,,,1,0,2,1,1,1,1,1,0,0,-1,current,0,0,0.1449762140866369,0.1449762140866369,21,18,18,18,18,0,0,0,0.72,0.7,0.35,0.525,0.525,0,0.72,0.7,0.35,0.525,0.525,0,0.72,0.7,0.35,0.525,0.525,0,0.72,0.7,0.35,0.525,0.525
779,no_strict_e1_improvement,0,,,,,1,0,1,1,0,1,0,1,0,0,-1,current,0,0,0.011999977380037307,0.011999977380037307,38,25,25,25,25,0,0,1,1.0,1.0,1.0,1.0,1.0,1,1.0,1.0,1.0,1.0,1.0,1,1.0,1.0,1.0,1.0,1.0,1,1.0,1.0,1.0,1.0,1.0
780,no_strict_e1_improvement,0,,,,,1,0,1,1,0,1,0,1,0,0,-1,current,0,0,0.06438709660433233,0.06438709660433233,25,25,25,25,25,0,0,1,1.0,1.0,1.0,1.0,1.0,1,1.0,1.0,1.0,1.0,1.0,1,1.0,1.0,1.0,1.0,1.0,1,1.0,1.0,1.0,1.0,1.0
781,max_rounds,0,,,,,1,1,2,1,1,1,1,1,0,0,0,s1a3_greedy,1,0,0.22614598906657193,0.1741110153408954,18,9,9,9,9,0,0,0,0.36,0.35,0.5,0.425,0.45,0,0.36,0.35,0.5,0.425,0.45,0,0.36,0.45,0.6,0.525,0.525,0,0.36,0.45,0.6,0.525,0.525
782,no_strict_e1_improvement,0,,,,,1,0,1,1,0,1,0,1,0,0,-1,current,0,0,0.020042385160923003,0.020042385160923003,35,25,25,25,25,0,0,1,1.0,1.0,1.0,1.0,1.0,1,1.0,1.0,1.0,1.0,1.0,1,1.0,1.0,1.0,1.0,1.0,1,1.0,1.0,1.0,1.0,1.0
783,max_rounds,0,,,,,1,1,2,1,1,1,1,1,0,0,0,s1a3_greedy,1,0,0.31362988681066784,0.18147096346365288,13,0,0,0,0,0,0,0,0.0,0.15,0.15,0.15,0.325,0,0.0,0.15,0.15,0.15,0.325,0,0.0,0.15,0.15,0.15,0.3,0,0.0,0.15,0.15,0.15,0.3
784,no_strict_e1_improvement,0,,,,,1,0,1,1,0,1,0,1,0,0,-1,current,0,0,0.041181916883215305,0.041181916883215305,31,25,25,25,25,0,0,1,1.0,1.0,1.0,1.0,1.0,1,1.0,1.0,1.0,1.0,1.0,1,1.0,1.0,1.0,1.0,1.0,1,1.0,1.0,1.0,1.0,1.0
785,no_strict_e1_improvement,0,,,,,1,0,1,1,0,1,0,1,0,0,-1,current,0,0,0.08432946801185608,0.08432946801185608,26,0,0,0,0,0,0,0,0.0,0.75,1.0,0.875,0.875,0,0.0,0.75,1.0,0.875,0.875,0,0.0,0.75,1.0,0.875,0.875,0,0.0,0.75,1.0,0.875,0.875
786,no_strict_e1_improvement,0,,,,,1,0,1,1,0,1,0,1,0,0,-1,current,0,0,0.061786264181137085,0.061786264181137085,30,25,25,25,25,0,0,1,1.0,1.0,1.0,1.0,1.0,1,1.0,1.0,1.0,1.0,1.0,1,1.0,1.0,1.0,1.0,1.0,1,1.0,1.0,1.0,1.0,1.0
787,small_component,0,,,,,1,0,0,0,0,0,0,1,0,0,-1,current,0,0,0.26355524075916037,0.26355524075916037,15,1,1,1,1,0,0,0,0.04,0.1,0.1,0.1,0.15,0,0.04,0.1,0.1,0.1,0.15,0,0.04,0.1,0.1,0.1,0.15,0,0.04,0.1,0.1,0.1,0.15
788,max_rounds,0,,,,,1,1,2,1,1,1,1,1,0,0,0,s1a3_greedy,1,0,0.16606441952753812,0.14178012436022983,22,14,14,21,21,7,0,0,0.56,0.8,0.65,0.725,0.725,0,0.56,0.8,0.65,0.725,0.725,0,0.84,0.75,0.7,0.725,0.725,0,0.84,0.75,0.7,0.725,0.725
789,max_rounds,0,,,,,1,1,2,1,1,1,1,1,0,0,0,s1a3_greedy,1,0,0.39631234920816494,0.20677759264362977,14,2,2,0,0,-2,0,0,0.08,0.15,0.25,0.2,0.35,0,0.08,0.15,0.25,0.2,0.35,0,0.0,0.4,0.3,0.35,0.375,0,0.0,0.4,0.3,0.35,0.375
790,no_strict_e1_improvement,0,,,,,1,0,1,1,0,1,0,1,0,0,-1,current,0,0,0.03335714857676066,0.03335714857676066,23,3,3,3,3,0,0,0,0.12,0.5,0.6,0.55,0.6,0,0.12,0.5,0.6,0.55,0.6,0,0.12,0.5,0.6,0.55,0.6,0,0.12,0.5,0.6,0.55,0.6
791,no_strict_e1_improvement,0,,,,,1,0,2,1,1,1,1,1,0,0,-1,current,0,0,0.09354328033514321,0.09354328033514321,25,22,22,22,22,0,0,0,0.88,0.9,0.85,0.875,0.875,0,0.88,0.9,0.85,0.875,0.875,0,0.88,0.9,0.85,0.875,0.875,0,0.88,0.9,0.85,0.875,0.875
792,max_rounds,0,,,,,1,1,2,1,1,1,1,1,0,0,0,s1a3_greedy,1,0,0.10758168094325811,0.09647117315325886,27,21,21,21,21,0,0,0,0.84,0.8,0.8,0.8,0.8,0,0.84,0.8,0.8,0.8,0.8,0,0.84,0.8,0.8,0.8,0.8,0,0.84,0.8,0.8,0.8,0.8
793,max_rounds,0,,,,,1,1,2,1,1,1,1,1,0,0,0,s1a3_greedy,1,0,0.22057224437594414,0.17652052369667218,22,2,2,0,0,-2,0,0,0.08,0.6,0.55,0.575,0.6,0,0.08,0.6,0.55,0.575,0.6,0,0.0,0.8,0.6,0.7,0.7,0,0.0,0.8,0.6,0.7,0.7
794,no_strict_e1_improvement,0,,,,,1,0,2,1,1,1,1,1,0,0,-1,current,0,0,0.1896879640640691,0.1896879640640691,24,0,0,0,0,0,0,0,0.0,0.45,0.7,0.575,0.65,0,0.0,0.45,0.7,0.575,0.65,0,0.0,0.45,0.7,0.575,0.65,0,0.0,0.45,0.7,0.575,0.65
795,partial_completed__max_rounds,1,,5,2,4,1,1,2,1,1,1,1,1,0,0,0,s1a3_greedy,1,0,0.1998296444886364,0.040151053728186524,23,0,0,0,0,0,0,0,0.0,0.45,0.3,0.375,0.375,0,0.0,0.6,0.45,0.525,0.525,0,0.0,0.75,0.75,0.75,0.75,0,0.0,0.75,0.75,0.75,0.75
796,no_strict_e1_improvement,0,,,,,1,0,1,1,0,1,0,1,0,0,-1,current,0,0,0.025771380797959865,0.025771380797959865,34,25,25,25,25,0,0,1,1.0,1.0,1.0,1.0,1.0,1,1.0,1.0,1.0,1.0,1.0,1,1.0,1.0,1.0,1.0,1.0,1,1.0,1.0,1.0,1.0,1.0
797,no_strict_e1_improvement,0,,,,,1,0,1,1,0,1,0,1,0,0,-1,current,0,0,0.017978358000982554,0.017978358000982554,33,25,25,25,25,0,0,1,1.0,1.0,1.0,1.0,1.0,1,1.0,1.0,1.0,1.0,1.0,1,1.0,1.0,1.0,1.0,1.0,1,1.0,1.0,1.0,1.0,1.0
798,no_strict_e1_improvement,0,,,,,1,0,1,1,0,1,0,1,0,0,-1,current,0,0,0.05451006181538105,0.05451006181538105,30,25,25,25,25,0,0,1,1.0,1.0,1.0,1.0,1.0,1,1.0,1.0,1.0,1.0,1.0,1,1.0,1.0,1.0,1.0,1.0,1,1.0,1.0,1.0,1.0,1.0
799,partial_completed__max_rounds,1,,5,2,4,1,1,2,1,1,1,1,1,0,0,0,s1a3_greedy,1,0,0.24380834489129483,0.200476020865608,16,2,3,0,0,-2,0,0,0.08,0.5,0.1,0.3,0.3,0,0.12,0.5,0.1,0.3,0.325,0,0.0,0.4,0.1,0.25,0.375,0,0.0,0.4,0.1,0.25,0.375
800,no_strict_e1_improvement,0,,,,,1,0,1,1,0,1,0,1,0,0,-1,current,0,0,0.09710352090187371,0.09710352090187371,25,21,21,21,21,0,0,0,0.84,0.9,0.7,0.8,0.8,0,0.84,0.9,0.7,0.8,0.8,0,0.84,0.9,0.7,0.8,0.8,0,0.84,0.9,0.7,0.8,0.8
801,no_strict_e1_improvement,0,,,,,1,0,1,1,0,1,0,1,0,0,-1,current,0,0,0.014102621795609593,0.014102621795609593,36,25,25,25,25,0,0,1,1.0,1.0,1.0,1.0,1.0,1,1.0,1.0,1.0,1.0,1.0,1,1.0,1.0,1.0,1.0,1.0,1,1.0,1.0,1.0,1.0,1.0
802,no_strict_e1_improvement,0,,,,,1,0,1,1,0,1,0,1,0,0,-1,current,0,0,0.057416536984965204,0.057416536984965204,29,23,23,23,23,0,0,0,0.92,0.9,0.85,0.875,0.9,0,0.92,0.9,0.85,0.875,0.9,0,0.92,0.9,0.85,0.875,0.9,0,0.92,0.9,0.85,0.875,0.9
803,no_strict_e1_improvement,0,,,,,1,0,1,1,0,1,0,1,0,0,-1,current,0,0,0.032265307009220125,0.032265307009220125,34,25,25,25,25,0,0,1,1.0,1.0,1.0,1.0,1.0,1,1.0,1.0,1.0,1.0,1.0,1,1.0,1.0,1.0,1.0,1.0,1,1.0,1.0,1.0,1.0,1.0
804,partial_completed__no_strict_e1_improvement,1,,10,3,6,1,0,2,1,1,1,1,1,0,0,-1,current,1,0,0.10469003384932876,0.10469003384932876,16,0,1,1,1,1,0,0,0.0,0.15,0.0,0.075,0.15,0,0.04,0.25,0.05,0.15,0.275,0,0.04,0.25,0.05,0.15,0.275,0,0.04,0.25,0.05,0.15,0.275
805,max_rounds,0,,,,,1,1,2,1,1,1,1,1,0,0,0,s1a3_greedy,1,0,0.12759186297189445,0.06936474253889173,30,0,0,0,0,0,0,0,0.0,0.9,0.6,0.75,0.75,0,0.0,0.9,0.6,0.75,0.75,0,0.0,0.9,0.75,0.825,0.825,0,0.0,0.9,0.75,0.825,0.825
806,partial_completed__no_strict_e1_improvement,1,,10,3,6,1,0,2,1,1,1,1,1,0,0,-1,current,1,0,0.16510204472579063,0.16510204472579063,19,5,0,0,0,-5,0,0,0.2,0.35,0.4,0.375,0.375,0,0.0,0.5,0.6,0.55,0.575,0,0.0,0.5,0.6,0.55,0.575,0,0.0,0.5,0.6,0.55,0.575
807,no_strict_e1_improvement,0,,,,,1,0,1,1,0,1,0,1,0,0,-1,current,0,0,0.049830693565309045,0.049830693565309045,29,22,22,22,22,0,0,0,0.88,0.9,0.85,0.875,0.875,0,0.88,0.9,0.85,0.875,0.875,0,0.88,0.9,0.85,0.875,0.875,0,0.88,0.9,0.85,0.875,0.875
808,max_rounds,0,,,,,1,1,2,1,1,1,1,1,0,0,0,s1a3_greedy,1,0,0.18623335449956357,0.1114996550604701,22,15,15,12,12,-3,0,0,0.6,0.55,0.55,0.55,0.575,0,0.6,0.55,0.55,0.55,0.575,0,0.48,0.6,0.5,0.55,0.6,0,0.48,0.6,0.5,0.55,0.6
809,partial_completed__small_component,1,,5,2,4,1,0,0,0,0,0,0,1,0,0,-1,current,1,0,0.3014679012354463,0.3014679012354463,15,0,0,0,0,0,0,0,0.0,0.15,0.05,0.1,0.225,0,0.0,0.15,0.05,0.1,0.275,0,0.0,0.15,0.05,0.1,0.275,0,0.0,0.15,0.05,0.1,0.275
810,max_rounds,0,,,,,1,1,2,1,1,1,1,1,0,0,0,s1a3_greedy,1,0,0.2678960291719704,0.23923591045240755,15,1,1,0,0,-1,0,0,0.04,0.45,0.15,0.3,0.375,0,0.04,0.45,0.15,0.3,0.375,0,0.0,0.4,0.25,0.325,0.375,0,0.0,0.4,0.25,0.325,0.375
811,max_rounds,0,,,,,1,1,2,1,1,1,1,1,0,0,0,s1a3_greedy,1,0,0.21242522340035067,0.15280788232339546,13,1,1,0,0,-1,0,0,0.04,0.4,0.35,0.375,0.475,0,0.04,0.4,0.35,0.375,0.475,0,0.0,0.4,0.5,0.45,0.475,0,0.0,0.4,0.5,0.45,0.475
812,no_strict_e1_improvement,0,,,,,1,0,2,1,1,1,1,1,0,0,-1,current,0,0,0.2328749492764473,0.2328749492764473,20,1,1,1,1,0,0,0,0.04,0.35,0.5,0.425,0.5,0,0.04,0.35,0.5,0.425,0.5,0,0.04,0.35,0.5,0.425,0.5,0,0.04,0.35,0.5,0.425,0.5
813,no_strict_e1_improvement,0,,,,,1,0,1,1,0,1,0,1,0,0,-1,current,0,0,0.04802566640428267,0.04802566640428267,31,25,25,25,25,0,0,1,1.0,1.0,1.0,1.0,1.0,1,1.0,1.0,1.0,1.0,1.0,1,1.0,1.0,1.0,1.0,1.0,1,1.0,1.0,1.0,1.0,1.0
814,max_rounds,0,,,,,1,1,2,1,1,1,1,1,0,0,0,s1a3_greedy,1,0,0.05753195423167199,0.04077199699822813,34,20,20,23,23,3,0,0,0.8,0.85,0.75,0.8,0.8,0,0.8,0.85,0.75,0.8,0.8,0,0.92,0.9,0.9,0.9,0.925,0,0.92,0.9,0.9,0.9,0.925
815,max_rounds,0,,,,,1,1,2,1,1,1,1,1,0,0,0,s1a3_greedy,1,0,0.10838829008862376,0.09768393086269497,25,0,0,0,0,0,0,0,0.0,0.85,0.65,0.75,0.775,0,0.0,0.85,0.65,0.75,0.775,0,0.0,0.85,0.75,0.8,0.825,0,0.0,0.85,0.75,0.8,0.825
816,max_rounds,0,,,,,1,1,2,1,1,1,1,1,0,0,0,s1a3_greedy,1,0,0.25544040676904844,0.25514945440227166,13,1,1,0,0,-1,0,0,0.04,0.1,0.2,0.15,0.25,0,0.04,0.1,0.2,0.15,0.25,0,0.0,0.25,0.15,0.2,0.25,0,0.0,0.25,0.15,0.2,0.25
817,no_strict_e1_improvement,0,,,,,1,0,1,1,0,1,0,1,0,0,-1,current,0,0,0.013625995587790384,0.013625995587790384,35,25,25,25,25,0,0,1,1.0,1.0,1.0,1.0,1.0,1,1.0,1.0,1.0,1.0,1.0,1,1.0,1.0,1.0,1.0,1.0,1,1.0,1.0,1.0,1.0,1.0
818,no_strict_e1_improvement,0,,,,,1,0,1,1,0,1,0,1,0,0,-1,current,0,0,0.012506042583845555,0.012506042583845555,32,25,25,25,25,0,0,1,1.0,1.0,1.0,1.0,1.0,1,1.0,1.0,1.0,1.0,1.0,1,1.0,1.0,1.0,1.0,1.0,1,1.0,1.0,1.0,1.0,1.0
819,max_rounds,0,,,,,1,1,2,1,1,1,1,1,0,0,0,s1a3_greedy,1,0,0.128842479816376,0.0674295862314466,26,15,15,17,17,2,0,0,0.6,0.65,0.5,0.575,0.6,0,0.6,0.65,0.5,0.575,0.6,0,0.68,0.7,0.6,0.65,0.65,0,0.68,0.7,0.6,0.65,0.65
820,max_rounds,0,,,,,1,1,2,1,1,1,1,1,0,0,0,s1a3_greedy,1,0,0.19190387619892135,0.1643455354962498,12,0,0,0,0,0,0,0,0.0,0.45,0.5,0.475,0.5,0,0.0,0.45,0.5,0.475,0.5,0,0.0,0.2,0.4,0.3,0.35,0,0.0,0.2,0.4,0.3,0.35
821,partial_completed__max_rounds,1,,5,2,4,1,1,2,1,1,1,1,1,0,0,0,s1a3_greedy,1,0,0.1636492691060994,0.1368114875687752,25,17,19,15,15,-2,0,0,0.68,0.65,0.6,0.625,0.625,0,0.76,0.7,0.8,0.75,0.775,0,0.6,0.8,0.75,0.775,0.775,0,0.6,0.8,0.75,0.775,0.775
822,small_component,0,,,,,1,0,0,0,0,0,0,1,0,0,-1,current,0,0,0.3045831207185984,0.3045831207185984,17,0,0,0,0,0,0,0,0.0,0.15,0.45,0.3,0.3,0,0.0,0.15,0.45,0.3,0.3,0,0.0,0.15,0.45,0.3,0.3,0,0.0,0.15,0.45,0.3,0.3
823,max_rounds,0,,,,,1,1,2,1,1,1,1,1,0,0,0,s1a3_greedy,1,0,0.19820079477503896,0.1296384991146624,21,21,21,16,16,-5,0,0,0.84,0.7,0.8,0.75,0.75,0,0.84,0.7,0.8,0.75,0.75,0,0.64,0.55,0.75,0.65,0.675,0,0.64,0.55,0.75,0.65,0.675
824,max_rounds,0,,,,,1,1,2,1,1,1,1,1,0,0,0,s1a3_greedy,1,0,0.1893310585990548,0.13753863632446156,21,0,0,0,0,0,0,0,0.0,0.65,0.55,0.6,0.65,0,0.0,0.65,0.55,0.6,0.65,0,0.0,0.9,0.65,0.775,0.8,0,0.0,0.9,0.65,0.775,0.8
825,no_strict_e1_improvement,0,,,,,1,0,2,1,1,1,1,1,0,0,-1,current,0,0,0.05856927689164877,0.05856927689164877,32,0,0,0,0,0,0,0,0.0,0.75,1.0,0.875,0.875,0,0.0,0.75,1.0,0.875,0.875,0,0.0,0.75,1.0,0.875,0.875,0,0.0,0.75,1.0,0.875,0.875
826,max_rounds,0,,,,,1,1,2,1,1,1,1,1,0,0,0,s1a3_greedy,1,0,0.22694740467704833,0.2165543703828007,19,0,0,0,0,0,0,0,0.0,0.55,0.65,0.6,0.65,0,0.0,0.55,0.65,0.6,0.65,0,0.0,0.4,0.55,0.475,0.475,0,0.0,0.4,0.55,0.475,0.475
827,small_component,0,,,,,1,0,0,0,0,0,0,1,0,0,-1,current,0,0,0.30433306581253416,0.30433306581253416,18,1,1,1,1,0,0,0,0.04,0.1,0.0,0.05,0.175,0,0.04,0.1,0.0,0.05,0.175,0,0.04,0.1,0.0,0.05,0.175,0,0.04,0.1,0.0,0.05,0.175
828,partial_completed__small_component,1,,5,2,4,1,0,0,0,0,0,0,1,0,0,-1,current,1,0,0.23467103061266242,0.23467103061266242,17,1,0,0,0,-1,0,0,0.04,0.4,0.35,0.375,0.425,0,0.0,0.55,0.4,0.475,0.525,0,0.0,0.55,0.4,0.475,0.525,0,0.0,0.55,0.4,0.475,0.525
829,small_component,0,,,,,1,0,0,0,0,0,0,1,0,0,-1,current,0,0,0.14823527005264622,0.14823527005264622,20,1,1,1,1,0,0,0,0.04,0.2,0.1,0.15,0.225,0,0.04,0.2,0.1,0.15,0.225,0,0.04,0.2,0.1,0.15,0.225,0,0.04,0.2,0.1,0.15,0.225
830,no_strict_e1_improvement,0,,,,,1,0,1,1,0,1,0,1,0,0,-1,current,0,0,0.03318891255185008,0.03318891255185008,33,25,25,25,25,0,0,1,1.0,1.0,1.0,1.0,1.0,1,1.0,1.0,1.0,1.0,1.0,1,1.0,1.0,1.0,1.0,1.0,1,1.0,1.0,1.0,1.0,1.0
831,max_rounds,0,,,,,1,1,2,1,1,1,1,1,0,0,0,s1a3_greedy,1,0,0.0545249430462718,0.04941857662051916,26,15,15,16,16,1,0,0,0.6,0.8,0.5,0.65,0.675,0,0.6,0.8,0.5,0.65,0.675,0,0.64,0.75,0.55,0.65,0.675,0,0.64,0.75,0.55,0.65,0.675
832,no_strict_e1_improvement,0,,,,,1,0,1,1,0,1,0,1,0,0,-1,current,0,0,0.020984716532984747,0.020984716532984747,34,25,25,25,25,0,0,1,1.0,1.0,1.0,1.0,1.0,1,1.0,1.0,1.0,1.0,1.0,1,1.0,1.0,1.0,1.0,1.0,1,1.0,1.0,1.0,1.0,1.0
833,no_strict_e1_improvement,0,,,,,1,0,2,1,1,1,1,1,0,0,-1,current,0,0,0.08530686166632222,0.08530686166632222,30,0,0,0,0,0,0,0,0.0,1.0,0.75,0.875,0.875,0,0.0,1.0,0.75,0.875,0.875,0,0.0,1.0,0.75,0.875,0.875,0,0.0,1.0,0.75,0.875,0.875
834,no_strict_e1_improvement,0,,,,,1,0,2,1,1,1,1,1,0,0,-1,current,0,0,0.10223656799644232,0.10223656799644232,25,23,23,23,23,0,0,0,0.92,0.8,0.9,0.85,0.875,0,0.92,0.8,0.9,0.85,0.875,0,0.92,0.8,0.9,0.85,0.875,0,0.92,0.8,0.9,0.85,0.875
835,max_rounds,0,,,,,1,1,2,1,1,1,1,1,0,0,0,s1a3_greedy,1,0,0.062301341615966524,0.04911757161316928,29,23,23,21,21,-2,0,0,0.92,0.8,0.9,0.85,0.9,0,0.92,0.8,0.9,0.85,0.9,0,0.84,0.9,0.8,0.85,0.85,0,0.84,0.9,0.8,0.85,0.85
836,max_rounds,0,,,,,1,1,2,1,1,1,1,1,0,0,0,s1a3_greedy,1,0,0.3186643974389881,0.18119221269153057,23,6,6,18,18,12,0,0,0.24,0.35,0.15,0.25,0.275,0,0.24,0.35,0.15,0.25,0.275,0,0.72,0.65,0.65,0.65,0.725,0,0.72,0.65,0.65,0.65,0.725
837,max_rounds,0,,,,,1,1,2,1,1,1,1,1,0,0,0,s1a3_greedy,1,0,0.1201451150001958,0.10105560319207144,25,0,0,0,0,0,0,0,0.0,0.8,0.5,0.65,0.7,0,0.0,0.8,0.5,0.65,0.7,0,0.0,0.7,0.65,0.675,0.75,0,0.0,0.7,0.65,0.675,0.75
838,no_strict_e1_improvement,0,,,,,1,0,1,1,0,1,0,1,0,0,-1,current,0,0,0.07261047214269638,0.07261047214269638,30,1,1,1,1,0,0,0,0.04,0.9,0.65,0.775,0.8,0,0.04,0.9,0.65,0.775,0.8,0,0.04,0.9,0.65,0.775,0.8,0,0.04,0.9,0.65,0.775,0.8
839,no_strict_e1_improvement,0,,,,,1,0,2,1,1,1,1,1,0,0,-1,current,0,0,0.1940898213069886,0.1940898213069886,22,0,0,0,0,0,0,0,0.0,0.6,0.85,0.725,0.775,0,0.0,0.6,0.85,0.725,0.775,0,0.0,0.6,0.85,0.725,0.775,0,0.0,0.6,0.85,0.725,0.775
840,max_rounds,0,,,,,1,1,2,1,1,1,1,1,0,0,0,s1a3_greedy,1,0,0.11836474155716133,0.04304267591505777,28,21,21,25,25,4,0,0,0.84,0.8,0.9,0.85,0.85,0,0.84,0.8,0.9,0.85,0.85,1,1.0,1.0,1.0,1.0,1.0,1,1.0,1.0,1.0,1.0,1.0
841,no_strict_e1_improvement,0,,,,,1,0,1,1,0,1,0,1,0,0,-1,current,0,0,0.04169120971055236,0.04169120971055236,33,25,25,25,25,0,0,1,1.0,1.0,1.0,1.0,1.0,1,1.0,1.0,1.0,1.0,1.0,1,1.0,1.0,1.0,1.0,1.0,1,1.0,1.0,1.0,1.0,1.0
842,max_rounds,0,,,,,1,1,2,1,1,1,1,1,0,0,0,s1a3_greedy,1,0,0.11467409504111856,0.09524704851210117,28,17,17,20,20,3,0,0,0.68,0.8,0.8,0.8,0.8,0,0.68,0.8,0.8,0.8,0.8,0,0.8,0.8,0.75,0.775,0.8,0,0.8,0.8,0.75,0.775,0.8
843,max_rounds,0,,,,,1,1,2,1,1,1,1,1,0,0,0,s1a3_greedy,1,0,0.07173026229720562,0.04766541586723179,32,22,22,25,25,3,0,0,0.88,0.9,0.85,0.875,0.875,0,0.88,0.9,0.85,0.875,0.875,1,1.0,1.0,1.0,1.0,1.0,1,1.0,1.0,1.0,1.0,1.0
844,no_strict_e1_improvement,0,,,,,1,0,1,1,0,1,0,1,0,0,-1,current,0,0,0.05402966754045337,0.05402966754045337,30,23,23,23,23,0,0,0,0.92,0.9,0.85,0.875,0.875,0,0.92,0.9,0.85,0.875,0.875,0,0.92,0.9,0.85,0.875,0.875,0,0.92,0.9,0.85,0.875,0.875
845,no_strict_e1_improvement,0,,,,,1,0,1,1,0,1,0,1,0,0,-1,current,0,0,0.0634366499260068,0.0634366499260068,29,25,25,25,25,0,0,1,1.0,1.0,1.0,1.0,1.0,1,1.0,1.0,1.0,1.0,1.0,1,1.0,1.0,1.0,1.0,1.0,1,1.0,1.0,1.0,1.0,1.0
846,no_strict_e1_improvement,0,,,,,1,0,2,1,1,1,1,1,0,0,-1,current,0,0,0.16749412030912936,0.16749412030912936,26,0,0,0,0,0,0,0,0.0,0.65,0.4,0.525,0.575,0,0.0,0.65,0.4,0.525,0.575,0,0.0,0.65,0.4,0.525,0.575,0,0.0,0.65,0.4,0.525,0.575
847,max_rounds,0,,,,,1,1,2,1,1,1,1,1,0,0,0,s1a3_greedy,1,0,0.13615993874263949,0.10029951402102597,19,0,0,1,1,1,0,0,0.0,0.5,0.6,0.55,0.55,0,0.0,0.5,0.6,0.55,0.55,0,0.04,0.35,0.55,0.45,0.5,0,0.04,0.35,0.55,0.45,0.5
848,no_strict_e1_improvement,0,,,,,1,0,1,1,0,1,0,1,0,0,-1,current,0,0,0.023259766862611286,0.023259766862611286,32,25,25,25,25,0,0,1,1.0,1.0,1.0,1.0,1.0,1,1.0,1.0,1.0,1.0,1.0,1,1.0,1.0,1.0,1.0,1.0,1,1.0,1.0,1.0,1.0,1.0
849,max_rounds,0,,,,,1,1,2,1,1,1,1,1,0,0,0,s1a3_greedy,1,0,0.1488050640327856,0.08321616312023253,27,0,0,0,0,0,0,0,0.0,0.85,0.65,0.75,0.75,0,0.0,0.85,0.65,0.75,0.75,0,0.0,1.0,0.75,0.875,0.875,0,0.0,1.0,0.75,0.875,0.875
850,no_strict_e1_improvement,0,,,,,1,0,1,1,0,1,0,1,0,0,-1,current,0,0,0.02732923391449731,0.02732923391449731,29,1,1,1,1,0,0,0,0.04,0.6,0.75,0.675,0.7,0,0.04,0.6,0.75,0.675,0.7,0,0.04,0.6,0.75,0.675,0.7,0,0.04,0.6,0.75,0.675,0.7
851,partial_completed__max_rounds,1,,5,2,4,1,1,2,1,1,1,1,1,0,0,0,s1a3_greedy,1,0,0.13955565495416522,0.10076104298932478,15,1,4,0,0,-1,0,0,0.04,0.4,0.4,0.4,0.475,0,0.16,0.45,0.4,0.425,0.525,0,0.0,0.45,0.4,0.425,0.6,0,0.0,0.45,0.4,0.425,0.6
852,small_component,0,,,,,1,0,0,0,0,0,0,1,0,0,-1,current,0,0,0.2962388763029594,0.2962388763029594,13,0,0,0,0,0,0,0,0.0,0.2,0.05,0.125,0.25,0,0.0,0.2,0.05,0.125,0.25,0,0.0,0.2,0.05,0.125,0.25,0,0.0,0.2,0.05,0.125,0.25
853,no_strict_e1_improvement,0,,,,,1,0,1,1,0,1,0,1,0,0,-1,current,0,0,0.04447730529209366,0.04447730529209366,27,25,25,25,25,0,0,1,1.0,1.0,1.0,1.0,1.0,1,1.0,1.0,1.0,1.0,1.0,1,1.0,1.0,1.0,1.0,1.0,1,1.0,1.0,1.0,1.0,1.0
854,max_rounds,0,,,,,1,1,2,1,1,1,1,1,0,0,0,s1a3_greedy,1,0,0.2429899576352909,0.23273985851556062,20,0,0,0,0,0,0,0,0.0,0.25,0.75,0.5,0.55,0,0.0,0.25,0.75,0.5,0.55,0,0.0,0.3,0.75,0.525,0.6,0,0.0,0.3,0.75,0.525,0.6
855,no_strict_e1_improvement,0,,,,,1,0,1,1,0,1,0,1,0,0,-1,current,0,0,0.03805393482325599,0.03805393482325599,25,21,21,21,21,0,0,0,0.84,0.9,0.8,0.85,0.9,0,0.84,0.9,0.8,0.85,0.9,0,0.84,0.9,0.8,0.85,0.9,0,0.84,0.9,0.8,0.85,0.9
856,max_rounds,0,,,,,1,1,2,1,1,1,1,1,0,0,0,s1a3_greedy,1,0,0.029491214343579486,0.017499304917873815,33,21,21,25,25,4,0,0,0.84,0.8,0.9,0.85,0.85,0,0.84,0.8,0.9,0.85,0.85,1,1.0,1.0,1.0,1.0,1.0,1,1.0,1.0,1.0,1.0,1.0
857,max_rounds,0,,,,,1,1,2,1,1,1,1,1,0,0,0,s1a3_greedy,1,0,0.26743731831666084,0.22619070196524263,13,0,0,0,0,0,0,0,0.0,0.45,0.4,0.425,0.475,0,0.0,0.45,0.4,0.425,0.475,0,0.0,0.25,0.35,0.3,0.35,0,0.0,0.25,0.35,0.3,0.35
858,max_rounds,0,,,,,1,1,2,1,1,1,1,1,0,0,0,s1a3_greedy,1,0,0.3143961664289236,0.10032755248248577,17,0,0,1,1,1,0,0,0.0,0.4,0.5,0.45,0.5,0,0.0,0.4,0.5,0.45,0.5,0,0.04,0.7,0.6,0.65,0.675,0,0.04,0.7,0.6,0.65,0.675
859,partial_completed__max_rounds,1,,5,2,4,1,1,2,1,1,1,1,1,0,0,0,s1a3_greedy,1,0,0.21769545217975975,0.18168804431334137,23,0,0,2,2,2,0,0,0.0,0.5,0.4,0.45,0.45,0,0.0,0.6,0.4,0.5,0.525,0,0.08,0.65,0.5,0.575,0.6,0,0.08,0.65,0.5,0.575,0.6
860,no_strict_e1_improvement,0,,,,,1,0,1,1,0,1,0,1,0,0,-1,current,0,0,0.09787165767047554,0.09787165767047554,28,13,13,13,13,0,0,0,0.52,0.8,0.65,0.725,0.75,0,0.52,0.8,0.65,0.725,0.75,0,0.52,0.8,0.65,0.725,0.75,0,0.52,0.8,0.65,0.725,0.75
861,max_rounds,0,,,,,1,1,2,1,1,1,1,1,0,0,0,s1a3_greedy,1,0,0.2576684897649102,0.15811224326025694,15,1,1,0,0,-1,0,0,0.04,0.45,0.25,0.35,0.35,0,0.04,0.45,0.25,0.35,0.35,0,0.0,0.4,0.3,0.35,0.375,0,0.0,0.4,0.3,0.35,0.375
862,max_rounds,0,,,,,1,1,2,1,1,1,1,1,0,0,0,s1a3_greedy,1,0,0.15636925291037188,0.12320901019629674,19,0,0,0,0,0,0,0,0.0,0.1,0.4,0.25,0.325,0,0.0,0.1,0.4,0.25,0.325,0,0.0,0.3,0.55,0.425,0.45,0,0.0,0.3,0.55,0.425,0.45
863,partial_completed__no_strict_e1_improvement,1,,10,3,6,1,0,2,1,1,1,1,1,0,0,-1,current,1,0,0.21940432949340902,0.21940432949340902,20,6,6,6,6,0,0,0,0.24,0.2,0.4,0.3,0.3,0,0.24,0.25,0.45,0.35,0.4,0,0.24,0.25,0.45,0.35,0.4,0,0.24,0.25,0.45,0.35,0.4
864,max_rounds,0,,,,,1,1,2,1,1,1,1,1,0,0,0,s1a3_greedy,1,0,0.12157773065846414,0.04263362486381084,31,20,20,25,25,5,0,0,0.8,0.8,0.65,0.725,0.75,0,0.8,0.8,0.65,0.725,0.75,1,1.0,1.0,1.0,1.0,1.0,1,1.0,1.0,1.0,1.0,1.0
865,max_rounds,0,,,,,1,1,2,1,1,1,1,1,0,0,0,s1a3_greedy,1,0,0.18270931048318745,0.12984939026646317,24,0,0,0,0,0,0,0,0.0,0.5,0.75,0.625,0.65,0,0.0,0.5,0.75,0.625,0.65,0,0.0,0.55,0.65,0.6,0.625,0,0.0,0.55,0.65,0.6,0.625
866,max_rounds,0,,,,,1,1,2,1,1,1,1,1,0,0,0,s1a3_greedy,1,0,0.26995411470998076,0.16493053415324538,22,8,8,6,6,-2,0,0,0.32,0.4,0.35,0.375,0.4,0,0.32,0.4,0.35,0.375,0.4,0,0.24,0.6,0.8,0.7,0.7,0,0.24,0.6,0.8,0.7,0.7
867,no_strict_e1_improvement,0,,,,,1,0,2,1,1,1,1,1,0,0,-1,current,0,0,0.2124995679128915,0.2124995679128915,22,0,0,0,0,0,0,0,0.0,0.35,0.55,0.45,0.5,0,0.0,0.35,0.55,0.45,0.5,0,0.0,0.35,0.55,0.45,0.5,0,0.0,0.35,0.55,0.45,0.5
868,max_rounds,0,,,,,1,1,2,1,1,1,1,1,0,0,0,s1a3_greedy,1,0,0.3052796398289502,0.26573765752837064,16,0,0,3,3,3,0,0,0.0,0.55,0.35,0.45,0.525,0,0.0,0.55,0.35,0.45,0.525,0,0.12,0.45,0.25,0.35,0.475,0,0.12,0.45,0.25,0.35,0.475
869,partial_completed__no_strict_e1_improvement,1,,5,2,4,1,0,2,1,1,1,1,1,0,0,-1,current,1,0,0.20416158317239025,0.20416158317239025,21,0,0,0,0,0,0,0,0.0,0.25,0.45,0.35,0.425,0,0.0,0.3,0.55,0.425,0.5,0,0.0,0.3,0.55,0.425,0.5,0,0.0,0.3,0.55,0.425,0.5
870,max_rounds,0,,,,,1,1,2,1,1,1,1,1,0,0,0,s1a3_greedy,1,0,0.28522075491491705,0.19239932354539632,16,11,11,16,16,5,0,0,0.44,0.35,0.5,0.425,0.5,0,0.44,0.35,0.5,0.425,0.5,0,0.64,0.6,0.6,0.6,0.675,0,0.64,0.6,0.6,0.6,0.675
871,max_rounds,0,,,,,1,1,2,1,1,1,1,1,0,0,0,s1a3_greedy,1,0,0.11627051155082882,0.07233747127465903,29,23,23,25,25,2,0,0,0.92,0.85,0.8,0.825,0.825,0,0.92,0.85,0.8,0.825,0.825,1,1.0,1.0,1.0,1.0,1.0,1,1.0,1.0,1.0,1.0,1.0
872,no_strict_e1_improvement,0,,,,,1,0,1,1,0,1,0,1,0,0,-1,current,0,0,0.04595948210917413,0.04595948210917413,31,23,23,23,23,0,0,0,0.92,0.9,0.9,0.9,0.925,0,0.92,0.9,0.9,0.9,0.925,0,0.92,0.9,0.9,0.9,0.925,0,0.92,0.9,0.9,0.9,0.925
873,no_strict_e1_improvement,0,,,,,1,0,2,1,1,1,1,1,0,0,-1,current,0,0,0.20987327776383607,0.20987327776383607,19,0,0,0,0,0,0,0,0.0,0.25,0.35,0.3,0.375,0,0.0,0.25,0.35,0.3,0.375,0,0.0,0.25,0.35,0.3,0.375,0,0.0,0.25,0.35,0.3,0.375
874,no_strict_e1_improvement,0,,,,,1,0,1,1,0,1,0,1,0,0,-1,current,0,0,0.10234583355486393,0.10234583355486393,24,0,0,0,0,0,0,0,0.0,0.75,0.95,0.85,0.85,0,0.0,0.75,0.95,0.85,0.85,0,0.0,0.75,0.95,0.85,0.85,0,0.0,0.75,0.95,0.85,0.85
875,max_rounds,0,,,,,1,1,2,1,1,1,1,1,0,0,0,s1a3_greedy,1,0,0.1241893423255533,0.11563842049799859,24,0,0,1,1,1,0,0,0.0,0.65,0.9,0.775,0.8,0,0.0,0.65,0.9,0.775,0.8,0,0.04,0.6,0.85,0.725,0.725,0,0.04,0.6,0.85,0.725,0.725
876,max_rounds,0,,,,,1,1,2,1,1,1,1,1,0,0,0,s1a3_greedy,1,0,0.14683813436422496,0.13359192374628037,22,0,0,0,0,0,0,0,0.0,0.55,0.5,0.525,0.625,0,0.0,0.55,0.5,0.525,0.625,0,0.0,0.65,0.55,0.6,0.625,0,0.0,0.65,0.55,0.6,0.625
877,max_rounds,0,,,,,1,1,2,1,1,1,1,1,0,0,0,s1a3_greedy,1,0,0.25907961378688926,0.17149716421845368,20,2,2,1,1,-1,0,0,0.08,0.35,0.4,0.375,0.45,0,0.08,0.35,0.4,0.375,0.45,0,0.04,0.75,0.65,0.7,0.725,0,0.04,0.75,0.65,0.7,0.725
878,partial_completed__small_component,1,,5,2,4,1,0,0,0,0,0,0,1,0,0,-1,current,1,0,0.19738989225734258,0.19738989225734258,13,2,2,2,2,0,0,0,0.08,0.05,0.1,0.075,0.1,0,0.08,0.1,0.15,0.125,0.2,0,0.08,0.1,0.15,0.125,0.2,0,0.08,0.1,0.15,0.125,0.2
879,no_strict_e1_improvement,0,,,,,1,0,1,1,0,1,0,1,0,0,-1,current,0,0,0.006050941720604897,0.006050941720604897,36,25,25,25,25,0,0,1,1.0,1.0,1.0,1.0,1.0,1,1.0,1.0,1.0,1.0,1.0,1,1.0,1.0,1.0,1.0,1.0,1,1.0,1.0,1.0,1.0,1.0
880,max_rounds,0,,,,,1,1,2,1,1,1,1,1,0,0,0,s1a3_greedy,1,0,0.17992943900753744,0.09575570149463601,22,17,17,23,23,6,0,0,0.68,0.85,0.6,0.725,0.725,0,0.68,0.85,0.6,0.725,0.725,0,0.92,0.9,0.9,0.9,0.925,0,0.92,0.9,0.9,0.9,0.925
881,max_rounds,0,,,,,1,1,2,1,1,1,1,1,0,0,0,s1a3_greedy,1,0,0.10179285012418404,0.09128834792645649,27,0,0,0,0,0,0,0,0.0,0.75,1.0,0.875,0.875,0,0.0,0.75,1.0,0.875,0.875,0,0.0,0.75,0.9,0.825,0.825,0,0.0,0.75,0.9,0.825,0.825
882,max_rounds,0,,,,,1,1,2,1,1,1,1,1,0,0,0,s1a3_greedy,1,0,0.26256823078729213,0.25352986343204975,15,3,3,0,0,-3,0,0,0.12,0.4,0.05,0.225,0.3,0,0.12,0.4,0.05,0.225,0.3,0,0.0,0.45,0.05,0.25,0.375,0,0.0,0.45,0.05,0.25,0.375
883,no_strict_e1_improvement,0,,,,,1,0,1,1,0,1,0,1,0,0,-1,current,0,0,0.07094737521838397,0.07094737521838397,27,0,0,0,0,0,0,0,0.0,0.75,0.9,0.825,0.85,0,0.0,0.75,0.9,0.825,0.85,0,0.0,0.75,0.9,0.825,0.85,0,0.0,0.75,0.9,0.825,0.85
884,max_rounds,0,,,,,1,1,2,1,1,1,1,1,0,0,0,s1a3_greedy,1,0,0.20249441885389388,0.12874932565318886,18,0,0,0,0,0,0,0,0.0,0.35,0.65,0.5,0.6,0,0.0,0.35,0.65,0.5,0.6,0,0.0,0.4,0.55,0.475,0.55,0,0.0,0.4,0.55,0.475,0.55
885,partial_completed__no_strict_e1_improvement,1,,10,3,6,1,0,2,1,1,1,1,1,0,0,-1,current,1,0,0.05295150874881074,0.05295150874881074,20,0,0,0,0,0,0,0,0.0,0.6,0.5,0.55,0.55,0,0.0,0.7,0.5,0.6,0.675,0,0.0,0.7,0.5,0.6,0.675,0,0.0,0.7,0.5,0.6,0.675
886,no_strict_e1_improvement,0,,,,,1,0,1,1,0,1,0,1,0,0,-1,current,0,0,0.0949512314517051,0.0949512314517051,27,1,1,1,1,0,0,0,0.04,0.6,0.8,0.7,0.725,0,0.04,0.6,0.8,0.7,0.725,0,0.04,0.6,0.8,0.7,0.725,0,0.04,0.6,0.8,0.7,0.725
887,no_strict_e1_improvement,0,,,,,1,0,1,1,0,1,0,1,0,0,-1,current,0,0,0.08374795636627823,0.08374795636627823,30,0,0,0,0,0,0,0,0.0,0.75,0.75,0.75,0.75,0,0.0,0.75,0.75,0.75,0.75,0,0.0,0.75,0.75,0.75,0.75,0,0.0,0.75,0.75,0.75,0.75
888,max_rounds,0,,,,,1,1,2,1,1,1,1,1,0,0,0,s1a3_greedy,1,0,0.2089253591839224,0.10949890917399899,22,0,0,0,0,0,0,0,0.0,0.65,0.45,0.55,0.55,0,0.0,0.65,0.45,0.55,0.55,0,0.0,0.95,0.75,0.85,0.85,0,0.0,0.95,0.75,0.85,0.85
889,no_strict_e1_improvement,0,,,,,1,0,2,1,1,1,1,1,0,0,-1,current,0,0,0.15368737536191474,0.15368737536191474,23,1,1,1,1,0,0,0,0.04,0.55,0.6,0.575,0.65,0,0.04,0.55,0.6,0.575,0.65,0,0.04,0.55,0.6,0.575,0.65,0,0.04,0.55,0.6,0.575,0.65
890,no_strict_e1_improvement,0,,,,,1,0,1,1,0,1,0,1,0,0,-1,current,0,0,0.023616218322422354,0.023616218322422354,34,20,20,20,20,0,0,0,0.8,0.95,0.75,0.85,0.85,0,0.8,0.95,0.75,0.85,0.85,0,0.8,0.95,0.75,0.85,0.85,0,0.8,0.95,0.75,0.85,0.85
891,max_rounds,0,,,,,1,1,2,1,1,1,1,1,0,0,0,s1a3_greedy,1,0,0.0764457173878327,0.07327359898481518,21,0,0,0,0,0,0,0,0.0,0.75,1.0,0.875,0.875,0,0.0,0.75,1.0,0.875,0.875,0,0.0,0.6,0.85,0.725,0.775,0,0.0,0.6,0.85,0.725,0.775
892,no_strict_e1_improvement,0,,,,,1,0,1,1,0,1,0,1,0,0,-1,current,0,0,0.02935009386856109,0.02935009386856109,35,25,25,25,25,0,0,1,1.0,1.0,1.0,1.0,1.0,1,1.0,1.0,1.0,1.0,1.0,1,1.0,1.0,1.0,1.0,1.0,1,1.0,1.0,1.0,1.0,1.0
893,partial_completed__no_strict_e1_improvement,1,,5,2,4,1,0,2,1,1,1,1,1,0,0,-1,current,1,0,0.21474689103197306,0.21474689103197306,18,0,0,0,0,0,0,0,0.0,0.35,0.35,0.35,0.35,0,0.0,0.35,0.4,0.375,0.425,0,0.0,0.35,0.4,0.375,0.425,0,0.0,0.35,0.4,0.375,0.425
894,no_strict_e1_improvement,0,,,,,1,0,1,1,0,1,0,1,0,0,-1,current,0,0,0.04589537843130529,0.04589537843130529,30,25,25,25,25,0,0,1,1.0,1.0,1.0,1.0,1.0,1,1.0,1.0,1.0,1.0,1.0,1,1.0,1.0,1.0,1.0,1.0,1,1.0,1.0,1.0,1.0,1.0
895,no_strict_e1_improvement,0,,,,,1,0,2,1,1,1,1,1,0,0,-1,current,0,0,0.10531697981059551,0.10531697981059551,24,0,0,0,0,0,0,0,0.0,0.65,0.7,0.675,0.725,0,0.0,0.65,0.7,0.675,0.725,0,0.0,0.65,0.7,0.675,0.725,0,0.0,0.65,0.7,0.675,0.725
896,max_rounds,0,,,,,1,1,2,1,1,1,1,1,0,0,0,s1a3_greedy,1,0,0.19711566474288703,0.17755351355299354,22,2,2,1,1,-1,0,0,0.08,0.4,0.5,0.45,0.55,0,0.08,0.4,0.5,0.45,0.55,0,0.04,0.3,0.5,0.4,0.5,0,0.04,0.3,0.5,0.4,0.5
897,max_rounds,0,,,,,1,1,2,1,1,1,1,1,0,0,0,s1a3_greedy,1,0,0.14856184555683286,0.07638641328085213,32,0,0,0,0,0,0,0,0.0,0.6,0.8,0.7,0.725,0,0.0,0.6,0.8,0.7,0.725,0,0.0,0.75,1.0,0.875,0.875,0,0.0,0.75,1.0,0.875,0.875
898,no_strict_e1_improvement,0,,,,,1,0,1,1,0,1,0,1,0,0,-1,current,0,0,0.013851569376129191,0.013851569376129191,35,25,25,25,25,0,0,1,1.0,1.0,1.0,1.0,1.0,1,1.0,1.0,1.0,1.0,1.0,1,1.0,1.0,1.0,1.0,1.0,1,1.0,1.0,1.0,1.0,1.0
899,no_strict_e1_improvement,0,,,,,1,0,1,1,0,1,0,1,0,0,-1,current,0,0,0.02617498202598654,0.02617498202598654,33,25,25,25,25,0,0,1,1.0,1.0,1.0,1.0,1.0,1,1.0,1.0,1.0,1.0,1.0,1,1.0,1.0,1.0,1.0,1.0,1,1.0,1.0,1.0,1.0,1.0
900,max_rounds,0,,,,,1,1,2,1,1,1,1,1,0,0,0,s1a3_greedy,1,0,0.1732453819946386,0.11562604448990896,21,0,0,0,0,0,0,0,0.0,0.45,0.65,0.55,0.6,0,0.0,0.45,0.65,0.55,0.6,0,0.0,0.25,0.7,0.475,0.525,0,0.0,0.25,0.7,0.475,0.525
901,max_rounds,0,,,,,1,1,2,1,1,1,1,1,0,0,0,s1a3_greedy,1,0,0.28532599543686954,0.17939518189523368,27,2,2,7,7,5,0,0,0.08,0.45,0.6,0.525,0.6,0,0.08,0.45,0.6,0.525,0.6,0,0.28,0.5,0.7,0.6,0.65,0,0.28,0.5,0.7,0.6,0.65
902,no_strict_e1_improvement,0,,,,,1,0,1,1,0,1,0,1,0,0,-1,current,0,0,0.014487048191949726,0.014487048191949726,36,25,25,25,25,0,0,1,1.0,1.0,1.0,1.0,1.0,1,1.0,1.0,1.0,1.0,1.0,1,1.0,1.0,1.0,1.0,1.0,1,1.0,1.0,1.0,1.0,1.0
903,no_strict_e1_improvement,0,,,,,1,0,1,1,0,1,0,1,0,0,-1,current,0,0,0.04529331345111132,0.04529331345111132,30,25,25,25,25,0,0,1,1.0,1.0,1.0,1.0,1.0,1,1.0,1.0,1.0,1.0,1.0,1,1.0,1.0,1.0,1.0,1.0,1,1.0,1.0,1.0,1.0,1.0
904,no_strict_e1_improvement,0,,,,,1,0,2,1,1,1,1,1,0,0,-1,current,0,0,0.05305159287527204,0.05305159287527204,29,25,25,25,25,0,0,1,1.0,1.0,1.0,1.0,1.0,1,1.0,1.0,1.0,1.0,1.0,1,1.0,1.0,1.0,1.0,1.0,1,1.0,1.0,1.0,1.0,1.0
905,max_rounds,0,,,,,1,1,2,1,1,1,1,1,0,0,0,s1a3_greedy,1,0,0.22991674229269848,0.12506995196454226,22,0,0,0,0,0,0,0,0.0,0.55,0.55,0.55,0.575,0,0.0,0.55,0.55,0.55,0.575,0,0.0,0.75,0.65,0.7,0.725,0,0.0,0.75,0.65,0.7,0.725
906,max_rounds,0,,,,,1,1,2,1,1,1,1,1,0,0,0,s1a3_greedy,1,0,0.23604047875851392,0.18667850494384766,24,0,0,0,0,0,0,0,0.0,0.4,0.55,0.475,0.525,0,0.0,0.4,0.55,0.475,0.525,0,0.0,0.7,0.75,0.725,0.725,0,0.0,0.7,0.75,0.725,0.725
907,no_strict_e1_improvement,0,,,,,1,0,1,1,0,1,0,1,0,0,-1,current,0,0,0.010082995012635366,0.010082995012635366,36,25,25,25,25,0,0,1,1.0,1.0,1.0,1.0,1.0,1,1.0,1.0,1.0,1.0,1.0,1,1.0,1.0,1.0,1.0,1.0,1,1.0,1.0,1.0,1.0,1.0
908,max_rounds,0,,,,,1,1,2,1,1,1,1,1,0,0,0,s1a3_greedy,1,0,0.18613582933321596,0.10739308325573801,22,0,0,0,0,0,0,0,0.0,0.7,0.5,0.6,0.625,0,0.0,0.7,0.5,0.6,0.625,0,0.0,0.85,0.75,0.8,0.825,0,0.0,0.85,0.75,0.8,0.825
909,no_strict_e1_improvement,0,,,,,1,0,2,1,1,1,1,1,0,0,-1,current,0,0,0.11736388377612457,0.11736388377612457,26,0,0,0,0,0,0,0,0.0,0.75,0.7,0.725,0.75,0,0.0,0.75,0.7,0.725,0.75,0,0.0,0.75,0.7,0.725,0.75,0,0.0,0.75,0.7,0.725,0.75
910,no_strict_e1_improvement,0,,,,,1,0,1,1,0,1,0,1,0,0,-1,current,0,0,0.08678416201146319,0.08678416201146319,27,0,0,0,0,0,0,0,0.0,0.65,0.9,0.775,0.775,0,0.0,0.65,0.9,0.775,0.775,0,0.0,0.65,0.9,0.775,0.775,0,0.0,0.65,0.9,0.775,0.775
911,max_rounds,0,,,,,1,1,2,1,1,1,1,1,0,0,0,s1a3_greedy,1,0,0.16171905404771678,0.10171438629622571,24,0,0,0,0,0,0,0,0.0,0.35,0.6,0.475,0.575,0,0.0,0.35,0.6,0.475,0.575,0,0.0,0.45,0.6,0.525,0.675,0,0.0,0.45,0.6,0.525,0.675
912,max_rounds,0,,,,,1,1,2,1,1,1,1,1,0,0,0,s1a3_greedy,1,0,0.15012144945794717,0.14511722271563485,20,0,0,0,0,0,0,0,0.0,0.8,0.25,0.525,0.525,0,0.0,0.8,0.25,0.525,0.525,0,0.0,0.5,0.3,0.4,0.5,0,0.0,0.5,0.3,0.4,0.5
913,no_strict_e1_improvement,0,,,,,1,0,1,1,0,1,0,1,0,0,-1,current,0,0,0.06882618219824507,0.06882618219824507,34,0,0,0,0,0,0,0,0.0,1.0,0.75,0.875,0.875,0,0.0,1.0,0.75,0.875,0.875,0,0.0,1.0,0.75,0.875,0.875,0,0.0,1.0,0.75,0.875,0.875
914,no_strict_e1_improvement,0,,,,,1,0,2,1,1,1,1,1,0,0,-1,current,0,0,0.05710845914436504,0.05710845914436504,28,25,25,25,25,0,0,1,1.0,1.0,1.0,1.0,1.0,1,1.0,1.0,1.0,1.0,1.0,1,1.0,1.0,1.0,1.0,1.0,1,1.0,1.0,1.0,1.0,1.0
915,no_strict_e1_improvement,0,,,,,1,0,1,1,0,1,0,1,0,0,-1,current,0,0,0.036704348190687595,0.036704348190687595,31,25,25,25,25,0,0,1,1.0,1.0,1.0,1.0,1.0,1,1.0,1.0,1.0,1.0,1.0,1,1.0,1.0,1.0,1.0,1.0,1,1.0,1.0,1.0,1.0,1.0
916,max_rounds,0,,,,,1,1,2,1,1,1,1,1,0,0,0,s1a3_greedy,1,0,0.2037933542393148,0.19492477290332316,18,0,0,0,0,0,0,0,0.0,0.85,0.45,0.65,0.65,0,0.0,0.85,0.45,0.65,0.65,0,0.0,0.5,0.4,0.45,0.525,0,0.0,0.5,0.4,0.45,0.525
917,max_rounds,0,,,,,1,1,2,1,1,1,1,1,0,0,0,s1a3_greedy,1,0,0.20646550133824348,0.17601157846511342,20,0,0,0,0,0,0,0,0.0,0.45,0.55,0.5,0.55,0,0.0,0.45,0.55,0.5,0.55,0,0.0,0.45,0.5,0.475,0.575,0,0.0,0.45,0.5,0.475,0.575
918,max_rounds,0,,,,,1,1,2,1,1,1,1,1,0,0,0,s1a3_greedy,1,0,0.1907280215062201,0.11155767971649766,25,20,20,20,20,0,0,0,0.8,0.75,0.65,0.7,0.75,0,0.8,0.75,0.65,0.7,0.75,0,0.8,0.95,0.75,0.85,0.85,0,0.8,0.95,0.75,0.85,0.85
919,max_rounds,0,,,,,1,1,2,1,1,1,1,1,0,0,0,s1a3_greedy,1,0,0.04651891829780652,0.034272497970232504,34,23,23,25,25,2,0,0,0.92,0.9,0.9,0.9,0.925,0,0.92,0.9,0.9,0.9,0.925,1,1.0,1.0,1.0,1.0,1.0,1,1.0,1.0,1.0,1.0,1.0
920,no_strict_e1_improvement,0,,,,,1,0,2,1,1,1,1,1,0,0,-1,current,0,0,0.0726381067885086,0.0726381067885086,32,0,0,0,0,0,0,0,0.0,0.75,1.0,0.875,0.875,0,0.0,0.75,1.0,0.875,0.875,0,0.0,0.75,1.0,0.875,0.875,0,0.0,0.75,1.0,0.875,0.875
921,partial_completed__no_strict_e1_improvement,1,,10,3,6,1,0,2,1,1,1,1,1,0,0,-1,current,1,0,0.035177453345386314,0.035177453345386314,22,0,1,1,1,1,0,0,0.0,0.55,0.45,0.5,0.5,0,0.04,0.65,0.45,0.55,0.6,0,0.04,0.65,0.45,0.55,0.6,0,0.04,0.65,0.45,0.55,0.6
922,max_rounds,0,,,,,1,1,2,1,1,1,1,1,0,0,0,s1a3_greedy,1,0,0.24068977703573183,0.21921131018316373,10,0,0,1,1,1,0,0,0.0,0.25,0.35,0.3,0.4,0,0.0,0.25,0.35,0.3,0.4,0,0.04,0.05,0.3,0.175,0.3,0,0.04,0.05,0.3,0.175,0.3
923,max_rounds,0,,,,,1,1,2,1,1,1,1,1,0,0,0,s1a3_greedy,1,0,0.20653223882836755,0.1781052964477567,12,1,1,1,1,0,0,0,0.04,0.05,0.25,0.15,0.2,0,0.04,0.05,0.25,0.15,0.2,0,0.04,0.1,0.25,0.175,0.25,0,0.04,0.1,0.25,0.175,0.25
924,no_strict_e1_improvement,0,,,,,1,0,2,1,1,1,1,1,0,0,-1,current,0,0,0.15771056435769423,0.15771056435769423,23,0,0,0,0,0,0,0,0.0,0.2,0.65,0.425,0.525,0,0.0,0.2,0.65,0.425,0.525,0,0.0,0.2,0.65,0.425,0.525,0,0.0,0.2,0.65,0.425,0.525
925,max_rounds,0,,,,,1,1,2,1,1,1,1,1,0,0,0,s1a3_greedy,1,0,0.07106734339613467,0.033719449606724086,32,22,22,25,25,3,0,0,0.88,0.85,0.85,0.85,0.85,0,0.88,0.85,0.85,0.85,0.85,1,1.0,1.0,1.0,1.0,1.0,1,1.0,1.0,1.0,1.0,1.0
926,max_rounds,0,,,,,1,1,2,1,1,1,1,1,0,0,0,s1a3_greedy,1,0,0.21234211592236535,0.19185510199749842,19,1,1,1,1,0,0,0,0.04,0.25,0.4,0.325,0.35,0,0.04,0.25,0.4,0.325,0.35,0,0.04,0.2,0.45,0.325,0.4,0,0.04,0.2,0.45,0.325,0.4
927,no_strict_e1_improvement,0,,,,,1,0,2,1,1,1,1,1,0,0,-1,current,0,0,0.09958720686845482,0.09958720686845482,29,0,0,0,0,0,0,0,0.0,0.75,0.75,0.75,0.75,0,0.0,0.75,0.75,0.75,0.75,0,0.0,0.75,0.75,0.75,0.75,0,0.0,0.75,0.75,0.75,0.75
928,no_strict_e1_improvement,0,,,,,1,0,1,1,0,1,0,1,0,0,-1,current,0,0,0.11463378335392918,0.11463378335392918,27,0,0,0,0,0,0,0,0.0,0.65,0.8,0.725,0.725,0,0.0,0.65,0.8,0.725,0.725,0,0.0,0.65,0.8,0.725,0.725,0,0.0,0.65,0.8,0.725,0.725
929,max_rounds,0,,,,,1,1,2,1,1,1,1,1,0,0,0,s1a3_greedy,1,0,0.2845338755636476,0.24845230914652347,14,1,1,0,0,-1,0,0,0.04,0.5,0.35,0.425,0.45,0,0.04,0.5,0.35,0.425,0.45,0,0.0,0.5,0.35,0.425,0.475,0,0.0,0.5,0.35,0.425,0.475
930,no_strict_e1_improvement,0,,,,,1,0,1,1,0,1,0,1,0,0,-1,current,0,0,0.05139227819163352,0.05139227819163352,33,25,25,25,25,0,0,1,1.0,1.0,1.0,1.0,1.0,1,1.0,1.0,1.0,1.0,1.0,1,1.0,1.0,1.0,1.0,1.0,1,1.0,1.0,1.0,1.0,1.0
931,max_rounds,0,,,,,1,1,2,1,1,1,1,1,0,0,0,s1a3_greedy,1,0,0.14243120895698666,0.09608726708684116,21,1,1,0,0,-1,0,0,0.04,0.6,0.4,0.5,0.6,0,0.04,0.6,0.4,0.5,0.6,0,0.0,0.7,0.6,0.65,0.675,0,0.0,0.7,0.6,0.65,0.675
932,max_rounds,0,,,,,1,1,2,1,1,1,1,1,0,0,0,s1a3_greedy,1,0,0.29717929488688244,0.21620621689071412,14,0,0,0,0,0,0,0,0.0,0.2,0.25,0.225,0.3,0,0.0,0.2,0.25,0.225,0.3,0,0.0,0.25,0.15,0.2,0.25,0,0.0,0.25,0.15,0.2,0.25
933,max_rounds,0,,,,,1,1,2,1,1,1,1,1,0,0,0,s1a3_greedy,1,0,0.16525483755394815,0.14872307054465636,21,0,0,0,0,0,0,0,0.0,0.45,0.35,0.4,0.5,0,0.0,0.45,0.35,0.4,0.5,0,0.0,0.55,0.3,0.425,0.45,0,0.0,0.55,0.3,0.425,0.45
934,no_strict_e1_improvement,0,,,,,1,0,1,1,0,1,0,1,0,0,-1,current,0,0,0.03433219965081662,0.03433219965081662,35,25,25,25,25,0,0,1,1.0,1.0,1.0,1.0,1.0,1,1.0,1.0,1.0,1.0,1.0,1,1.0,1.0,1.0,1.0,1.0,1,1.0,1.0,1.0,1.0,1.0
935,max_rounds,0,,,,,1,1,2,1,1,1,1,1,0,0,0,s1a3_greedy,1,0,0.35618393691256645,0.3016119935549796,17,1,1,0,0,-1,0,0,0.04,0.6,0.3,0.45,0.55,0,0.04,0.6,0.3,0.45,0.55,0,0.0,0.5,0.3,0.4,0.525,0,0.0,0.5,0.3,0.4,0.525
936,no_strict_e1_improvement,0,,,,,1,0,1,1,0,1,0,1,0,0,-1,current,0,0,0.04489421015168773,0.04489421015168773,33,1,1,1,1,0,0,0,0.04,0.65,0.8,0.725,0.75,0,0.04,0.65,0.8,0.725,0.75,0,0.04,0.65,0.8,0.725,0.75,0,0.04,0.65,0.8,0.725,0.75
937,partial_completed__no_strict_e1_improvement,1,,5,2,4,1,0,2,1,1,1,1,1,0,0,-1,current,1,0,0.15320541841065277,0.15320541841065277,19,0,0,0,0,0,0,0,0.0,0.35,0.15,0.25,0.25,0,0.0,0.45,0.15,0.3,0.3,0,0.0,0.45,0.15,0.3,0.3,0,0.0,0.45,0.15,0.3,0.3
938,no_strict_e1_improvement,0,,,,,1,0,2,1,1,1,1,1,0,0,-1,current,0,0,0.20706153027713298,0.20706153027713298,22,0,0,0,0,0,0,0,0.0,0.5,0.75,0.625,0.65,0,0.0,0.5,0.75,0.625,0.65,0,0.0,0.5,0.75,0.625,0.65,0,0.0,0.5,0.75,0.625,0.65
939,small_component,0,,,,,1,0,0,0,0,0,0,1,0,0,-1,current,0,0,0.21605597054585815,0.21605597054585815,18,0,0,0,0,0,0,0,0.0,0.4,0.25,0.325,0.4,0,0.0,0.4,0.25,0.325,0.4,0,0.0,0.4,0.25,0.325,0.4,0,0.0,0.4,0.25,0.325,0.4
940,max_rounds,0,,,,,1,1,2,1,1,1,1,1,0,0,0,s1a3_greedy,1,0,0.09816244007088244,0.013384997984394431,33,23,23,25,25,2,0,0,0.92,0.85,0.85,0.85,0.85,0,0.92,0.85,0.85,0.85,0.85,1,1.0,1.0,1.0,1.0,1.0,1,1.0,1.0,1.0,1.0,1.0
941,no_strict_e1_improvement,0,,,,,1,0,1,1,0,1,0,1,0,0,-1,current,0,0,0.04461670952150598,0.04461670952150598,32,25,25,25,25,0,0,1,1.0,1.0,1.0,1.0,1.0,1,1.0,1.0,1.0,1.0,1.0,1,1.0,1.0,1.0,1.0,1.0,1,1.0,1.0,1.0,1.0,1.0
942,max_rounds,0,,,,,1,1,2,1,1,1,1,1,0,0,0,s1a3_greedy,1,0,0.2503982068737969,0.24212472075596453,12,0,0,3,3,3,0,0,0.0,0.3,0.5,0.4,0.45,0,0.0,0.3,0.5,0.4,0.45,0,0.12,0.15,0.4,0.275,0.35,0,0.12,0.15,0.4,0.275,0.35
943,no_strict_e1_improvement,0,,,,,1,0,2,1,1,1,1,1,0,0,-1,current,0,0,0.1704127026721835,0.1704127026721835,19,0,0,0,0,0,0,0,0.0,0.55,0.2,0.375,0.425,0,0.0,0.55,0.2,0.375,0.425,0,0.0,0.55,0.2,0.375,0.425,0,0.0,0.55,0.2,0.375,0.425
944,no_strict_e1_improvement,0,,,,,1,0,1,1,0,1,0,1,0,0,-1,current,0,0,0.042069136281497777,0.042069136281497777,34,25,25,25,25,0,0,1,1.0,1.0,1.0,1.0,1.0,1,1.0,1.0,1.0,1.0,1.0,1,1.0,1.0,1.0,1.0,1.0,1,1.0,1.0,1.0,1.0,1.0
945,max_rounds,0,,,,,1,1,2,1,1,1,1,1,0,0,0,s1a3_greedy,1,0,0.20221824077889322,0.15294864266179503,23,0,0,0,0,0,0,0,0.0,0.55,0.5,0.525,0.575,0,0.0,0.55,0.5,0.525,0.575,0,0.0,0.55,0.5,0.525,0.55,0,0.0,0.55,0.5,0.525,0.55
946,no_strict_e1_improvement,0,,,,,1,0,2,1,1,1,1,1,0,0,-1,current,0,0,0.07403441063361242,0.07403441063361242,29,0,0,0,0,0,0,0,0.0,0.6,0.85,0.725,0.725,0,0.0,0.6,0.85,0.725,0.725,0,0.0,0.6,0.85,0.725,0.725,0,0.0,0.6,0.85,0.725,0.725
947,no_strict_e1_improvement,0,,,,,1,0,2,1,1,1,1,1,0,0,-1,current,0,0,0.14644244494847952,0.14644244494847952,23,0,0,0,0,0,0,0,0.0,0.45,0.7,0.575,0.6,0,0.0,0.45,0.7,0.575,0.6,0,0.0,0.45,0.7,0.575,0.6,0,0.0,0.45,0.7,0.575,0.6
948,max_rounds,0,,,,,1,1,2,1,1,1,1,1,0,0,0,s1a3_greedy,1,0,0.14438402852974833,0.13239372780080885,24,0,0,1,1,1,0,0,0.0,0.75,0.9,0.825,0.85,0,0.0,0.75,0.9,0.825,0.85,0,0.04,0.5,0.8,0.65,0.7,0,0.04,0.5,0.8,0.65,0.7
949,no_strict_e1_improvement,0,,,,,1,0,1,1,0,1,0,1,0,0,-1,current,0,0,0.09395915307104588,0.09395915307104588,27,0,0,0,0,0,0,0,0.0,0.75,1.0,0.875,0.875,0,0.0,0.75,1.0,0.875,0.875,0,0.0,0.75,1.0,0.875,0.875,0,0.0,0.75,1.0,0.875,0.875
950,max_rounds,0,,,,,1,1,2,1,1,1,1,1,0,0,0,s1a3_greedy,1,0,0.19248040309175848,0.153874898084905,16,0,0,0,0,0,0,0,0.0,0.5,0.6,0.55,0.675,0,0.0,0.5,0.6,0.55,0.675,0,0.0,0.5,0.5,0.5,0.55,0,0.0,0.5,0.5,0.5,0.55
951,max_rounds,0,,,,,1,1,2,1,1,1,1,1,0,0,0,s1a3_greedy,1,0,0.29909064813982694,0.1515559970168397,20,0,0,0,0,0,0,0,0.0,0.4,0.35,0.375,0.425,0,0.0,0.4,0.35,0.375,0.425,0,0.0,0.7,0.75,0.725,0.75,0,0.0,0.7,0.75,0.725,0.75
952,max_rounds,0,,,,,1,1,2,1,1,1,1,1,0,0,0,s1a3_greedy,1,0,0.25282486535143106,0.23554572876309976,13,5,5,1,1,-4,0,0,0.2,0.3,0.2,0.25,0.375,0,0.2,0.3,0.2,0.25,0.375,0,0.04,0.25,0.1,0.175,0.3,0,0.04,0.25,0.1,0.175,0.3
953,small_component,0,,,,,1,0,0,0,0,0,0,1,0,0,-1,current,0,0,0.218295998533722,0.218295998533722,16,4,4,4,4,0,0,0,0.16,0.25,0.15,0.2,0.3,0,0.16,0.25,0.15,0.2,0.3,0,0.16,0.25,0.15,0.2,0.3,0,0.16,0.25,0.15,0.2,0.3
954,no_strict_e1_improvement,0,,,,,1,0,1,1,0,1,0,1,0,0,-1,current,0,0,0.046292523393640296,0.046292523393640296,28,25,25,25,25,0,0,1,1.0,1.0,1.0,1.0,1.0,1,1.0,1.0,1.0,1.0,1.0,1,1.0,1.0,1.0,1.0,1.0,1,1.0,1.0,1.0,1.0,1.0
955,max_rounds,0,,,,,1,1,2,1,1,1,1,1,0,0,0,s1a3_greedy,1,0,0.35454673282802107,0.12289808075875044,23,0,0,0,0,0,0,0,0.0,0.25,0.45,0.35,0.45,0,0.0,0.25,0.45,0.35,0.45,0,0.0,0.55,0.75,0.65,0.65,0,0.0,0.55,0.75,0.65,0.65
956,max_rounds,0,,,,,1,1,2,1,1,1,1,1,0,0,0,s1a3_greedy,1,0,0.286265997053124,0.19683760030166014,8,0,0,0,0,0,0,0,0.0,0.1,0.55,0.325,0.325,0,0.0,0.1,0.55,0.325,0.325,0,0.0,0.25,0.25,0.25,0.325,0,0.0,0.25,0.25,0.25,0.325
957,no_strict_e1_improvement,0,,,,,1,0,2,1,1,1,1,1,0,0,-1,current,0,0,0.08951201145537198,0.08951201145537198,23,16,16,16,16,0,0,0,0.64,0.65,0.5,0.575,0.6,0,0.64,0.65,0.5,0.575,0.6,0,0.64,0.65,0.5,0.575,0.6,0,0.64,0.65,0.5,0.575,0.6
958,max_rounds,0,,,,,1,1,2,1,1,1,1,1,0,0,0,s1a3_greedy,1,0,0.16685844798921606,0.16605826507147867,15,1,1,1,1,0,0,0,0.04,0.3,0.5,0.4,0.525,0,0.04,0.3,0.5,0.4,0.525,0,0.04,0.3,0.55,0.425,0.45,0,0.04,0.3,0.55,0.425,0.45
959,max_rounds,0,,,,,1,1,2,1,1,1,1,1,0,0,0,s1a3_greedy,1,0,0.1950510313945415,0.1303472640203836,17,8,8,5,5,-3,0,0,0.32,0.6,0.7,0.65,0.65,0,0.32,0.6,0.7,0.65,0.65,0,0.2,0.6,0.45,0.525,0.575,0,0.2,0.6,0.45,0.525,0.575
960,small_component,0,,,,,1,0,0,0,0,0,0,1,0,0,-1,current,0,0,0.29243145699147133,0.29243145699147133,15,0,0,0,0,0,0,0,0.0,0.15,0.2,0.175,0.225,0,0.0,0.15,0.2,0.175,0.225,0,0.0,0.15,0.2,0.175,0.225,0,0.0,0.15,0.2,0.175,0.225
961,no_strict_e1_improvement,0,,,,,1,0,1,1,0,1,0,1,0,0,-1,current,0,0,0.03736939660739154,0.03736939660739154,30,25,25,25,25,0,0,1,1.0,1.0,1.0,1.0,1.0,1,1.0,1.0,1.0,1.0,1.0,1,1.0,1.0,1.0,1.0,1.0,1,1.0,1.0,1.0,1.0,1.0
962,no_strict_e1_improvement,0,,,,,1,0,2,1,1,1,1,1,0,0,-1,current,0,0,0.19642235412611625,0.19642235412611625,22,0,0,0,0,0,0,0,0.0,0.45,0.5,0.475,0.575,0,0.0,0.45,0.5,0.475,0.575,0,0.0,0.45,0.5,0.475,0.575,0,0.0,0.45,0.5,0.475,0.575
963,no_strict_e1_improvement,0,,,,,1,0,2,1,1,1,1,1,0,0,-1,current,0,0,0.055975810764357446,0.055975810764357446,27,0,0,0,0,0,0,0,0.0,0.75,0.95,0.85,0.85,0,0.0,0.75,0.95,0.85,0.85,0,0.0,0.75,0.95,0.85,0.85,0,0.0,0.75,0.95,0.85,0.85
964,no_strict_e1_improvement,0,,,,,1,0,2,1,1,1,1,1,0,0,-1,current,0,0,0.1796126595036185,0.1796126595036185,22,1,1,1,1,0,0,0,0.04,0.55,0.3,0.425,0.5,0,0.04,0.55,0.3,0.425,0.5,0,0.04,0.55,0.3,0.425,0.5,0,0.04,0.55,0.3,0.425,0.5
965,max_rounds,0,,,,,1,1,2,1,1,1,1,1,0,0,0,s1a3_greedy,1,0,0.25281511479988694,0.23023919481784105,15,3,3,3,3,0,0,0,0.12,0.4,0.45,0.425,0.475,0,0.12,0.4,0.45,0.425,0.475,0,0.12,0.45,0.45,0.45,0.45,0,0.12,0.45,0.45,0.45,0.45
966,no_strict_e1_improvement,0,,,,,1,0,2,1,1,1,1,1,0,0,-1,current,0,0,0.1734069810830988,0.1734069810830988,19,1,1,1,1,0,0,0,0.04,0.4,0.4,0.4,0.5,0,0.04,0.4,0.4,0.4,0.5,0,0.04,0.4,0.4,0.4,0.5,0,0.04,0.4,0.4,0.4,0.5
967,no_strict_e1_improvement,0,,,,,1,0,1,1,0,1,0,1,0,0,-1,current,0,0,0.05573909934610129,0.05573909934610129,34,0,0,0,0,0,0,0,0.0,0.9,0.75,0.825,0.825,0,0.0,0.9,0.75,0.825,0.825,0,0.0,0.9,0.75,0.825,0.825,0,0.0,0.9,0.75,0.825,0.825
968,no_strict_e1_improvement,0,,,,,1,0,2,1,1,1,1,1,0,0,-1,current,0,0,0.21939576882869005,0.21939576882869005,20,0,0,0,0,0,0,0,0.0,0.1,0.65,0.375,0.4,0,0.0,0.1,0.65,0.375,0.4,0,0.0,0.1,0.65,0.375,0.4,0,0.0,0.1,0.65,0.375,0.4
969,max_rounds,0,,,,,1,1,2,1,1,1,1,1,0,0,0,s1a3_greedy,1,0,0.27243945488007737,0.17288859599502757,22,7,7,7,7,0,0,0,0.28,0.35,0.25,0.3,0.375,0,0.28,0.35,0.25,0.3,0.375,0,0.28,0.6,0.5,0.55,0.6,0,0.28,0.6,0.5,0.55,0.6
970,max_rounds,0,,,,,1,1,2,1,1,1,1,1,0,0,0,s1a3_greedy,1,0,0.23916990724392234,0.14739689477719367,14,1,1,0,0,-1,0,0,0.04,0.25,0.15,0.2,0.325,0,0.04,0.25,0.15,0.2,0.325,0,0.0,0.35,0.15,0.25,0.325,0,0.0,0.35,0.15,0.25,0.325
971,max_rounds,0,,,,,1,1,2,1,1,1,1,1,0,0,0,s1a3_greedy,1,0,0.28550916001040605,0.1971976204898965,17,0,0,0,0,0,0,0,0.0,0.2,0.25,0.225,0.35,0,0.0,0.2,0.25,0.225,0.35,0,0.0,0.45,0.4,0.425,0.475,0,0.0,0.45,0.4,0.425,0.475
972,no_strict_e1_improvement,0,,,,,1,0,2,1,1,1,1,1,0,0,-1,current,0,0,0.1761210580356419,0.1761210580356419,24,6,6,6,6,0,0,0,0.24,0.6,0.55,0.575,0.65,0,0.24,0.6,0.55,0.575,0.65,0,0.24,0.6,0.55,0.575,0.65,0,0.24,0.6,0.55,0.575,0.65
973,no_strict_e1_improvement,0,,,,,1,0,1,1,0,1,0,1,0,0,-1,current,0,0,0.019900299748405813,0.019900299748405813,35,0,0,0,0,0,0,0,0.0,1.0,0.75,0.875,0.875,0,0.0,1.0,0.75,0.875,0.875,0,0.0,1.0,0.75,0.875,0.875,0,0.0,1.0,0.75,0.875,0.875
974,max_rounds,0,,,,,1,1,2,1,1,1,1,1,0,0,0,s1a3_greedy,1,0,0.1282893163501285,0.0722662102431059,26,18,18,23,23,5,0,0,0.72,0.6,0.7,0.65,0.7,0,0.72,0.6,0.7,0.65,0.7,0,0.92,0.85,0.9,0.875,0.9,0,0.92,0.85,0.9,0.875,0.9
975,no_strict_e1_improvement,0,,,,,1,0,2,1,1,1,1,1,0,0,-1,current,0,0,0.20842132343677805,0.20842132343677805,17,0,0,0,0,0,0,0,0.0,0.35,0.45,0.4,0.425,0,0.0,0.35,0.45,0.4,0.425,0,0.0,0.35,0.45,0.4,0.425,0,0.0,0.35,0.45,0.4,0.425
976,max_rounds,0,,,,,1,1,2,1,1,1,1,1,0,0,0,s1a3_greedy,1,0,0.23840956236235797,0.21767953243106603,18,13,13,10,10,-3,0,0,0.52,0.6,0.4,0.5,0.575,0,0.52,0.6,0.4,0.5,0.575,0,0.4,0.5,0.5,0.5,0.6,0,0.4,0.5,0.5,0.5,0.6
977,no_strict_e1_improvement,0,,,,,1,0,1,1,0,1,0,1,0,0,-1,current,0,0,0.01894431747496128,0.01894431747496128,31,22,22,22,22,0,0,0,0.88,0.8,0.85,0.825,0.85,0,0.88,0.8,0.85,0.825,0.85,0,0.88,0.8,0.85,0.825,0.85,0,0.88,0.8,0.85,0.825,0.85
978,max_rounds,0,,,,,1,1,2,1,1,1,1,1,0,0,0,s1a3_greedy,1,0,0.30117106409743427,0.23363269281107932,14,0,0,0,0,0,0,0,0.0,0.25,0.3,0.275,0.375,0,0.0,0.25,0.3,0.275,0.375,0,0.0,0.3,0.35,0.325,0.45,0,0.0,0.3,0.35,0.325,0.45
979,no_strict_e1_improvement,0,,,,,1,0,1,1,0,1,0,1,0,0,-1,current,0,0,0.016042774810921402,0.016042774810921402,36,25,25,25,25,0,0,1,1.0,1.0,1.0,1.0,1.0,1,1.0,1.0,1.0,1.0,1.0,1,1.0,1.0,1.0,1.0,1.0,1,1.0,1.0,1.0,1.0,1.0
980,no_strict_e1_improvement,0,,,,,1,0,2,1,1,1,1,1,0,0,-1,current,0,0,0.1852964764344506,0.1852964764344506,19,0,0,0,0,0,0,0,0.0,0.45,0.55,0.5,0.5,0,0.0,0.45,0.55,0.5,0.5,0,0.0,0.45,0.55,0.5,0.5,0,0.0,0.45,0.55,0.5,0.5
981,no_strict_e1_improvement,0,,,,,1,0,2,1,1,1,1,1,0,0,-1,current,0,0,0.2572104508522898,0.2572104508522898,19,0,0,0,0,0,0,0,0.0,0.2,0.45,0.325,0.325,0,0.0,0.2,0.45,0.325,0.325,0,0.0,0.2,0.45,0.325,0.325,0,0.0,0.2,0.45,0.325,0.325
982,no_strict_e1_improvement,0,,,,,1,0,2,1,1,1,1,1,0,0,-1,current,0,0,0.056075406912714246,0.056075406912714246,28,25,25,25,25,0,0,1,1.0,1.0,1.0,1.0,1.0,1,1.0,1.0,1.0,1.0,1.0,1,1.0,1.0,1.0,1.0,1.0,1,1.0,1.0,1.0,1.0,1.0
983,max_rounds,0,,,,,1,1,2,1,1,1,1,1,0,0,0,s1a3_greedy,1,0,0.11550796004012227,0.03511998497415334,28,22,22,25,25,3,0,0,0.88,0.75,0.8,0.775,0.825,0,0.88,0.75,0.8,0.775,0.825,1,1.0,1.0,1.0,1.0,1.0,1,1.0,1.0,1.0,1.0,1.0
984,no_strict_e1_improvement,0,,,,,1,0,1,1,0,1,0,1,0,0,-1,current,0,0,0.12149644333403557,0.12149644333403557,30,0,0,0,0,0,0,0,0.0,0.75,0.85,0.8,0.8,0,0.0,0.75,0.85,0.8,0.8,0,0.0,0.75,0.85,0.8,0.8,0,0.0,0.75,0.85,0.8,0.8
985,no_strict_e1_improvement,0,,,,,1,0,2,1,1,1,1,1,0,0,-1,current,0,0,0.13908080293331296,0.13908080293331296,24,0,0,0,0,0,0,0,0.0,0.6,0.7,0.65,0.675,0,0.0,0.6,0.7,0.65,0.675,0,0.0,0.6,0.7,0.65,0.675,0,0.0,0.6,0.7,0.65,0.675
986,no_strict_e1_improvement,0,,,,,1,0,2,1,1,1,1,1,0,0,-1,current,0,0,0.10385583507595583,0.10385583507595583,29,0,0,0,0,0,0,0,0.0,0.75,0.85,0.8,0.8,0,0.0,0.75,0.85,0.8,0.8,0,0.0,0.75,0.85,0.8,0.8,0,0.0,0.75,0.85,0.8,0.8
987,no_strict_e1_improvement,0,,,,,1,0,2,1,1,1,1,1,0,0,-1,current,0,0,0.2072508596582338,0.2072508596582338,19,0,0,0,0,0,0,0,0.0,0.15,0.4,0.275,0.35,0,0.0,0.15,0.4,0.275,0.35,0,0.0,0.15,0.4,0.275,0.35,0,0.0,0.15,0.4,0.275,0.35
988,max_rounds,0,,,,,1,1,2,1,1,1,1,1,0,0,0,s1a3_greedy,1,0,0.11240953896194697,0.09952938528731466,24,21,21,23,23,2,0,0,0.84,0.8,0.9,0.85,0.85,0,0.84,0.8,0.9,0.85,0.85,0,0.92,0.9,0.85,0.875,0.9,0,0.92,0.9,0.85,0.875,0.9
989,max_rounds,0,,,,,1,1,2,1,1,1,1,1,0,0,0,s1a3_greedy,1,0,0.1898572575316848,0.06184392947629931,27,0,0,0,0,0,0,0,0.0,0.55,0.35,0.45,0.475,0,0.0,0.55,0.35,0.45,0.475,0,0.0,0.9,0.75,0.825,0.825,0,0.0,0.9,0.75,0.825,0.825
990,max_rounds,0,,,,,1,1,2,1,1,1,1,1,0,0,0,s1a3_greedy,1,0,0.18940757848322393,0.05268222996965051,27,17,17,25,25,8,0,0,0.68,0.55,0.7,0.625,0.75,0,0.68,0.55,0.7,0.625,0.75,1,1.0,1.0,1.0,1.0,1.0,1,1.0,1.0,1.0,1.0,1.0
991,max_rounds,0,,,,,1,1,2,1,1,1,1,1,0,0,0,s1a3_greedy,1,0,0.3244080666685477,0.1460697181028081,17,1,1,0,0,-1,0,0,0.04,0.45,0.15,0.3,0.325,0,0.04,0.45,0.15,0.3,0.325,0,0.0,0.6,0.45,0.525,0.65,0,0.0,0.6,0.45,0.525,0.65
992,max_rounds,0,,,,,1,1,2,1,1,1,1,1,0,0,0,s1a3_greedy,1,0,0.11455109146772884,0.09533882955438458,22,0,0,0,0,0,0,0,0.0,0.7,0.85,0.775,0.775,0,0.0,0.7,0.85,0.775,0.775,0,0.0,0.7,0.55,0.625,0.675,0,0.0,0.7,0.55,0.625,0.675
993,no_strict_e1_improvement,0,,,,,1,0,1,1,0,1,0,1,0,0,-1,current,0,0,0.003010882111266255,0.003010882111266255,38,25,25,25,25,0,0,1,1.0,1.0,1.0,1.0,1.0,1,1.0,1.0,1.0,1.0,1.0,1,1.0,1.0,1.0,1.0,1.0,1,1.0,1.0,1.0,1.0,1.0
994,no_strict_e1_improvement,0,,,,,1,0,2,1,1,1,1,1,0,0,-1,current,0,0,0.20657576071098446,0.20657576071098446,21,0,0,0,0,0,0,0,0.0,0.7,0.45,0.575,0.6,0,0.0,0.7,0.45,0.575,0.6,0,0.0,0.7,0.45,0.575,0.6,0,0.0,0.7,0.45,0.575,0.6
995,max_rounds,0,,,,,1,1,2,1,1,1,1,1,0,0,0,s1a3_greedy,1,0,0.16283773042960092,0.11208658111281693,24,19,19,22,22,3,0,0,0.76,0.8,0.6,0.7,0.775,0,0.76,0.8,0.6,0.7,0.775,0,0.88,0.9,0.85,0.875,0.875,0,0.88,0.9,0.85,0.875,0.875
996,max_rounds,0,,,,,1,1,2,1,1,1,1,1,0,0,0,s1a3_greedy,1,0,0.2714452501269989,0.19837147342041134,21,0,0,0,0,0,0,0,0.0,0.55,0.4,0.475,0.525,0,0.0,0.55,0.4,0.475,0.525,0,0.0,0.75,0.45,0.6,0.675,0,0.0,0.75,0.45,0.6,0.675
997,no_strict_e1_improvement,0,,,,,1,0,2,1,1,1,1,1,0,0,-1,current,0,0,0.11314193028956651,0.11314193028956651,27,0,0,0,0,0,0,0,0.0,1.0,0.75,0.875,0.875,0,0.0,1.0,0.75,0.875,0.875,0,0.0,1.0,0.75,0.875,0.875,0,0.0,1.0,0.75,0.875,0.875
998,no_strict_e1_improvement,0,,,,,1,0,2,1,1,1,1,1,0,0,-1,current,0,0,0.16648352311581222,0.16648352311581222,22,0,0,0,0,0,0,0,0.0,0.35,0.45,0.4,0.475,0,0.0,0.35,0.45,0.4,0.475,0,0.0,0.35,0.45,0.4,0.475,0,0.0,0.35,0.45,0.4,0.475
999,no_strict_e1_improvement,0,,,,,1,0,1,1,0,1,0,1,0,0,-1,current,0,0,0.0072029836766887454,0.0072029836766887454,36,25,25,25,25,0,0,1,1.0,1.0,1.0,1.0,1.0,1,1.0,1.0,1.0,1.0,1.0,1,1.0,1.0,1.0,1.0,1.0,1,1.0,1.0,1.0,1.0,1.0
1000,max_rounds,0,,,,,1,1,2,1,1,1,1,1,0,0,0,s1a3_greedy,1,0,0.16671437700279057,0.1055440588388592,24,15,15,17,17,2,0,0,0.6,0.55,0.55,0.55,0.65,0,0.6,0.55,0.55,0.55,0.65,0,0.68,0.7,0.75,0.725,0.8,0,0.68,0.7,0.75,0.725,0.8
1001,max_rounds,0,,,,,1,1,2,1,1,1,1,1,0,0,0,s1a3_greedy,1,0,0.20731197968125342,0.11425516963936388,16,2,2,2,2,0,0,0,0.08,0.25,0.35,0.3,0.4,0,0.08,0.25,0.35,0.3,0.4,0,0.08,0.45,0.5,0.475,0.6,0,0.08,0.45,0.5,0.475,0.6
1002,no_strict_e1_improvement,0,,,,,1,0,1,1,0,1,0,1,0,0,-1,current,0,0,0.06231545187765732,0.06231545187765732,29,23,23,23,23,0,0,0,0.92,0.9,0.9,0.9,0.925,0,0.92,0.9,0.9,0.9,0.925,0,0.92,0.9,0.9,0.9,0.925,0,0.92,0.9,0.9,0.9,0.925
1003,small_component,0,,,,,1,0,0,0,0,0,0,1,0,0,-1,current,0,0,0.3481972909998149,0.3481972909998149,17,0,0,0,0,0,0,0,0.0,0.35,0.1,0.225,0.275,0,0.0,0.35,0.1,0.225,0.275,0,0.0,0.35,0.1,0.225,0.275,0,0.0,0.35,0.1,0.225,0.275
1004,small_component,0,,,,,1,0,0,0,0,0,0,1,0,0,-1,current,0,0,0.2600333204638446,0.2600333204638446,17,0,0,0,0,0,0,0,0.0,0.25,0.15,0.2,0.3,0,0.0,0.25,0.15,0.2,0.3,0,0.0,0.25,0.15,0.2,0.3,0,0.0,0.25,0.15,0.2,0.3
1005,no_strict_e1_improvement,0,,,,,1,0,1,1,0,1,0,1,0,0,-1,current,0,0,0.04846492529613897,0.04846492529613897,28,21,21,21,21,0,0,0,0.84,0.8,0.9,0.85,0.85,0,0.84,0.8,0.9,0.85,0.85,0,0.84,0.8,0.9,0.85,0.85,0,0.84,0.8,0.9,0.85,0.85
1006,max_rounds,0,,,,,1,1,2,1,1,1,1,1,0,0,0,s1a3_greedy,1,0,0.1450731902383268,0.10037913266569376,27,1,1,3,3,2,0,0,0.04,0.45,0.85,0.65,0.675,0,0.04,0.45,0.85,0.65,0.675,0,0.12,0.45,0.9,0.675,0.75,0,0.12,0.45,0.9,0.675,0.75
1007,no_strict_e1_improvement,0,,,,,1,0,1,1,0,1,0,1,0,0,-1,current,0,0,0.005854351626476273,0.005854351626476273,37,25,25,25,25,0,0,1,1.0,1.0,1.0,1.0,1.0,1,1.0,1.0,1.0,1.0,1.0,1,1.0,1.0,1.0,1.0,1.0,1,1.0,1.0,1.0,1.0,1.0
1008,max_rounds,0,,,,,1,1,2,1,1,1,1,1,0,0,0,s1a3_greedy,1,0,0.11687526693567633,0.1074640798382461,25,0,0,0,0,0,0,0,0.0,0.5,0.8,0.65,0.675,0,0.0,0.5,0.8,0.65,0.675,0,0.0,0.6,0.75,0.675,0.725,0,0.0,0.6,0.75,0.675,0.725
1009,no_strict_e1_improvement,0,,,,,1,0,2,1,1,1,1,1,0,0,-1,current,0,0,0.08479116624221206,0.08479116624221206,25,0,0,0,0,0,0,0,0.0,0.65,0.85,0.75,0.775,0,0.0,0.65,0.85,0.75,0.775,0,0.0,0.65,0.85,0.75,0.775,0,0.0,0.65,0.85,0.75,0.775
1010,max_rounds,0,,,,,1,1,2,1,1,1,1,1,0,0,0,s1a3_greedy,1,0,0.11741152169415728,0.10345443540718406,18,0,0,0,0,0,0,0,0.0,0.2,0.5,0.35,0.35,0,0.0,0.2,0.5,0.35,0.35,0,0.0,0.1,0.45,0.275,0.325,0,0.0,0.1,0.45,0.275,0.325
1011,max_rounds,0,,,,,1,1,2,1,1,1,1,1,0,0,0,s1a3_greedy,1,0,0.26344002827536317,0.21553781779948622,20,1,1,0,0,-1,0,0,0.04,0.35,0.6,0.475,0.55,0,0.04,0.35,0.6,0.475,0.55,0,0.0,0.3,0.5,0.4,0.425,0,0.0,0.3,0.5,0.4,0.425
1012,no_strict_e1_improvement,0,,,,,1,0,1,1,0,1,0,1,0,0,-1,current,0,0,0.048339433153159916,0.048339433153159916,28,25,25,25,25,0,0,1,1.0,1.0,1.0,1.0,1.0,1,1.0,1.0,1.0,1.0,1.0,1,1.0,1.0,1.0,1.0,1.0,1,1.0,1.0,1.0,1.0,1.0
1013,max_rounds,0,,,,,1,1,2,1,1,1,1,1,0,0,0,s1a3_greedy,1,0,0.2691625307314098,0.11758202327182517,16,1,1,0,0,-1,0,0,0.04,0.2,0.3,0.25,0.325,0,0.04,0.2,0.3,0.25,0.325,0,0.0,0.4,0.5,0.45,0.55,0,0.0,0.4,0.5,0.45,0.55
1014,max_rounds,0,,,,,1,1,2,1,1,1,1,1,0,0,0,s1a3_greedy,1,0,0.24341737437353003,0.22793870573223102,13,0,0,0,0,0,0,0,0.0,0.3,0.55,0.425,0.525,0,0.0,0.3,0.55,0.425,0.525,0,0.0,0.25,0.5,0.375,0.375,0,0.0,0.25,0.5,0.375,0.375
1015,no_strict_e1_improvement,0,,,,,1,0,2,1,1,1,1,1,0,0,-1,current,0,0,0.17084008238161913,0.17084008238161913,25,0,0,0,0,0,0,0,0.0,0.35,0.4,0.375,0.5,0,0.0,0.35,0.4,0.375,0.5,0,0.0,0.35,0.4,0.375,0.5,0,0.0,0.35,0.4,0.375,0.5
1016,no_strict_e1_improvement,0,,,,,1,0,1,1,0,1,0,1,0,0,-1,current,0,0,0.041179913945961745,0.041179913945961745,28,25,25,25,25,0,0,1,1.0,1.0,1.0,1.0,1.0,1,1.0,1.0,1.0,1.0,1.0,1,1.0,1.0,1.0,1.0,1.0,1,1.0,1.0,1.0,1.0,1.0
1017,no_strict_e1_improvement,0,,,,,1,0,2,1,1,1,1,1,0,0,-1,current,0,0,0.08123662201687694,0.08123662201687694,26,0,0,0,0,0,0,0,0.0,0.75,0.95,0.85,0.85,0,0.0,0.75,0.95,0.85,0.85,0,0.0,0.75,0.95,0.85,0.85,0,0.0,0.75,0.95,0.85,0.85
1018,no_strict_e1_improvement,0,,,,,1,0,1,1,0,1,0,1,0,0,-1,current,0,0,0.03827764168381691,0.03827764168381691,36,0,0,0,0,0,0,0,0.0,0.75,1.0,0.875,0.875,0,0.0,0.75,1.0,0.875,0.875,0,0.0,0.75,1.0,0.875,0.875,0,0.0,0.75,1.0,0.875,0.875
1019,max_rounds,0,,,,,1,1,2,1,1,1,1,1,0,0,0,s1a3_greedy,1,0,0.20866858680965378,0.1800463574123569,16,8,8,9,9,1,0,0,0.32,0.5,0.25,0.375,0.5,0,0.32,0.5,0.25,0.375,0.5,0,0.36,0.3,0.3,0.3,0.525,0,0.36,0.3,0.3,0.3,0.525
1020,no_strict_e1_improvement,0,,,,,1,0,1,1,0,1,0,1,0,0,-1,current,0,0,0.015428671869449318,0.015428671869449318,37,25,25,25,25,0,0,1,1.0,1.0,1.0,1.0,1.0,1,1.0,1.0,1.0,1.0,1.0,1,1.0,1.0,1.0,1.0,1.0,1,1.0,1.0,1.0,1.0,1.0
1021,no_strict_e1_improvement,0,,,,,1,0,1,1,0,1,0,1,0,0,-1,current,0,0,0.004795006872154772,0.004795006872154772,36,0,0,0,0,0,0,0,0.0,0.75,1.0,0.875,0.875,0,0.0,0.75,1.0,0.875,0.875,0,0.0,0.75,1.0,0.875,0.875,0,0.0,0.75,1.0,0.875,0.875
1022,no_strict_e1_improvement,0,,,,,1,0,2,1,1,1,1,1,0,0,-1,current,0,0,0.1849008109420538,0.1849008109420538,20,0,0,0,0,0,0,0,0.0,0.6,0.4,0.5,0.6,0,0.0,0.6,0.4,0.5,0.6,0,0.0,0.6,0.4,0.5,0.6,0,0.0,0.6,0.4,0.5,0.6
1023,max_rounds,0,,,,,1,1,2,1,1,1,1,1,0,0,0,s1a3_greedy,1,0,0.1774647206068039,0.03910481273196638,32,20,20,25,25,5,0,0,0.8,0.7,0.65,0.675,0.675,0,0.8,0.7,0.65,0.675,0.675,1,1.0,1.0,1.0,1.0,1.0,1,1.0,1.0,1.0,1.0,1.0
1024,no_strict_e1_improvement,0,,,,,1,0,1,1,0,1,0,1,0,0,-1,current,0,0,0.08714371295645833,0.08714371295645833,26,3,3,3,3,0,0,0,0.12,0.45,0.9,0.675,0.75,0,0.12,0.45,0.9,0.675,0.75,0,0.12,0.45,0.9,0.675,0.75,0,0.12,0.45,0.9,0.675,0.75
1025,max_rounds,0,,,,,1,1,2,1,1,1,1,1,0,0,0,s1a3_greedy,1,0,0.13597385482862592,0.12005650841165334,24,0,0,0,0,0,0,0,0.0,0.4,0.8,0.6,0.625,0,0.0,0.4,0.8,0.6,0.625,0,0.0,0.4,0.7,0.55,0.6,0,0.0,0.4,0.7,0.55,0.6
1026,max_rounds,0,,,,,1,1,2,1,1,1,1,1,0,0,0,s1a3_greedy,1,0,0.30296376361511645,0.2635964259970933,15,1,1,1,1,0,0,0,0.04,0.3,0.4,0.35,0.375,0,0.04,0.3,0.4,0.35,0.375,0,0.04,0.4,0.35,0.375,0.425,0,0.04,0.4,0.35,0.375,0.425
1027,max_rounds,0,,,,,1,1,2,1,1,1,1,1,0,0,0,s1a3_greedy,1,0,0.28792147936765106,0.2827307509724051,12,1,1,0,0,-1,0,0,0.04,0.25,0.45,0.35,0.425,0,0.04,0.25,0.45,0.35,0.425,0,0.0,0.3,0.35,0.325,0.375,0,0.0,0.3,0.35,0.325,0.375
1028,max_rounds,0,,,,,1,1,2,1,1,1,1,1,0,0,0,s1a3_greedy,1,0,0.1507263035804499,0.10003596533206291,22,2,2,0,0,-2,0,0,0.08,0.55,0.8,0.675,0.725,0,0.08,0.55,0.8,0.675,0.725,0,0.0,0.65,0.85,0.75,0.775,0,0.0,0.65,0.85,0.75,0.775
1029,max_rounds,0,,,,,1,1,2,1,1,1,1,1,0,0,0,s1a3_greedy,1,0,0.23694182333128994,0.2138200241519371,10,1,1,4,4,3,0,0,0.04,0.25,0.15,0.2,0.35,0,0.04,0.25,0.15,0.2,0.35,0,0.16,0.2,0.25,0.225,0.35,0,0.16,0.2,0.25,0.225,0.35
1030,no_strict_e1_improvement,0,,,,,1,0,1,1,0,1,0,1,0,0,-1,current,0,0,0.060614386852830646,0.060614386852830646,28,0,0,0,0,0,0,0,0.0,0.75,1.0,0.875,0.875,0,0.0,0.75,1.0,0.875,0.875,0,0.0,0.75,1.0,0.875,0.875,0,0.0,0.75,1.0,0.875,0.875
1031,no_strict_e1_improvement,0,,,,,1,0,2,1,1,1,1,1,0,0,-1,current,0,0,0.12042400758655276,0.12042400758655276,24,1,1,1,1,0,0,0,0.04,0.55,0.55,0.55,0.625,0,0.04,0.55,0.55,0.55,0.625,0,0.04,0.55,0.55,0.55,0.625,0,0.04,0.55,0.55,0.55,0.625
1032,max_rounds,0,,,,,1,1,2,1,1,1,1,1,0,0,0,s1a3_greedy,1,0,0.25827118353918194,0.20569427888840436,18,1,1,0,0,-1,0,0,0.04,0.45,0.2,0.325,0.375,0,0.04,0.45,0.2,0.325,0.375,0,0.0,0.55,0.4,0.475,0.55,0,0.0,0.55,0.4,0.475,0.55
1033,no_strict_e1_improvement,0,,,,,1,0,1,1,0,1,0,1,0,0,-1,current,0,0,0.04063935582526028,0.04063935582526028,29,25,25,25,25,0,0,1,1.0,1.0,1.0,1.0,1.0,1,1.0,1.0,1.0,1.0,1.0,1,1.0,1.0,1.0,1.0,1.0,1,1.0,1.0,1.0,1.0,1.0
1034,no_strict_e1_improvement,0,,,,,1,0,2,1,1,1,1,1,0,0,-1,current,0,0,0.1263310732319951,0.1263310732319951,23,0,0,0,0,0,0,0,0.0,0.4,0.65,0.525,0.575,0,0.0,0.4,0.65,0.525,0.575,0,0.0,0.4,0.65,0.525,0.575,0,0.0,0.4,0.65,0.525,0.575
1035,no_strict_e1_improvement,0,,,,,1,0,2,1,1,1,1,1,0,0,-1,current,0,0,0.08073856621049344,0.08073856621049344,22,0,0,0,0,0,0,0,0.0,0.7,0.55,0.625,0.675,0,0.0,0.7,0.55,0.625,0.675,0,0.0,0.7,0.55,0.625,0.675,0,0.0,0.7,0.55,0.625,0.675
1036,max_rounds,0,,,,,1,1,2,1,1,1,1,1,0,0,0,s1a3_greedy,1,0,0.10767447408870794,0.09729512390331366,23,0,0,0,0,0,0,0,0.0,0.85,0.75,0.8,0.8,0,0.0,0.85,0.75,0.8,0.8,0,0.0,0.85,0.75,0.8,0.8,0,0.0,0.85,0.75,0.8,0.8
1037,no_strict_e1_improvement,0,,,,,1,0,2,1,1,1,1,1,0,0,-1,current,0,0,0.14240033105015754,0.14240033105015754,25,0,0,0,0,0,0,0,0.0,0.75,0.9,0.825,0.825,0,0.0,0.75,0.9,0.825,0.825,0,0.0,0.75,0.9,0.825,0.825,0,0.0,0.75,0.9,0.825,0.825
1038,no_strict_e1_improvement,0,,,,,1,0,1,1,0,1,0,1,0,0,-1,current,0,0,0.008527772687375545,0.008527772687375545,39,25,25,25,25,0,0,1,1.0,1.0,1.0,1.0,1.0,1,1.0,1.0,1.0,1.0,1.0,1,1.0,1.0,1.0,1.0,1.0,1,1.0,1.0,1.0,1.0,1.0
1039,max_rounds,0,,,,,1,1,2,1,1,1,1,1,0,0,0,s1a3_greedy,1,0,0.1367554657452274,0.08796906470379326,22,23,23,25,25,2,0,0,0.92,0.85,0.8,0.825,0.85,0,0.92,0.85,0.8,0.825,0.85,1,1.0,1.0,1.0,1.0,1.0,1,1.0,1.0,1.0,1.0,1.0
1040,no_strict_e1_improvement,0,,,,,1,0,1,1,0,1,0,1,0,0,-1,current,0,0,0.010790071729570628,0.010790071729570628,37,25,25,25,25,0,0,1,1.0,1.0,1.0,1.0,1.0,1,1.0,1.0,1.0,1.0,1.0,1,1.0,1.0,1.0,1.0,1.0,1,1.0,1.0,1.0,1.0,1.0
1041,max_rounds,0,,,,,1,1,2,1,1,1,1,1,0,0,0,s1a3_greedy,1,0,0.3503876383361785,0.2265210791490972,15,3,3,0,0,-3,0,0,0.12,0.35,0.4,0.375,0.4,0,0.12,0.35,0.4,0.375,0.4,0,0.0,0.4,0.5,0.45,0.525,0,0.0,0.4,0.5,0.45,0.525
1042,partial_completed__no_strict_e1_improvement,1,,5,2,4,1,0,2,1,1,1,1,1,0,0,-1,current,1,0,0.23831038493663073,0.23831038493663073,19,0,0,0,0,0,0,0,0.0,0.2,0.35,0.275,0.325,0,0.0,0.3,0.35,0.325,0.4,0,0.0,0.3,0.35,0.325,0.4,0,0.0,0.3,0.35,0.325,0.4
1043,no_strict_e1_improvement,0,,,,,1,0,1,1,0,1,0,1,0,0,-1,current,0,0,0.014118236489593983,0.014118236489593983,33,25,25,25,25,0,0,1,1.0,1.0,1.0,1.0,1.0,1,1.0,1.0,1.0,1.0,1.0,1,1.0,1.0,1.0,1.0,1.0,1,1.0,1.0,1.0,1.0,1.0
1044,max_rounds,0,,,,,1,1,2,1,1,1,1,1,0,0,0,s1a3_greedy,1,0,0.2135157261043787,0.1778482578229159,15,0,0,1,1,1,0,0,0.0,0.45,0.2,0.325,0.425,0,0.0,0.45,0.2,0.325,0.425,0,0.04,0.35,0.15,0.25,0.35,0,0.04,0.35,0.15,0.25,0.35
1045,no_strict_e1_improvement,0,,,,,1,0,1,1,0,1,0,1,0,0,-1,current,0,0,0.015520977415144443,0.015520977415144443,33,25,25,25,25,0,0,1,1.0,1.0,1.0,1.0,1.0,1,1.0,1.0,1.0,1.0,1.0,1,1.0,1.0,1.0,1.0,1.0,1,1.0,1.0,1.0,1.0,1.0
1046,no_strict_e1_improvement,0,,,,,1,0,1,1,0,1,0,1,0,0,-1,current,0,0,0.04983646455220878,0.04983646455220878,35,25,25,25,25,0,0,1,1.0,1.0,1.0,1.0,1.0,1,1.0,1.0,1.0,1.0,1.0,1,1.0,1.0,1.0,1.0,1.0,1,1.0,1.0,1.0,1.0,1.0
1047,max_rounds,0,,,,,1,1,2,1,1,1,1,1,0,0,0,s1a3_greedy,1,0,0.14228012307867174,0.11233091891626827,17,13,13,9,9,-4,0,0,0.52,0.45,0.3,0.375,0.45,0,0.52,0.45,0.3,0.375,0.45,0,0.36,0.5,0.3,0.4,0.5,0,0.36,0.5,0.3,0.4,0.5
1048,no_strict_e1_improvement,0,,,,,1,0,1,1,0,1,0,1,0,0,-1,current,0,0,0.03334388018574828,0.03334388018574828,31,0,0,0,0,0,0,0,0.0,0.7,0.9,0.8,0.825,0,0.0,0.7,0.9,0.8,0.825,0,0.0,0.7,0.9,0.8,0.825,0,0.0,0.7,0.9,0.8,0.825
1049,no_strict_e1_improvement,0,,,,,1,0,2,1,1,1,1,1,0,0,-1,current,0,0,0.24720770160201938,0.24720770160201938,21,2,2,2,2,0,0,0,0.08,0.4,0.45,0.425,0.5,0,0.08,0.4,0.45,0.425,0.5,0,0.08,0.4,0.45,0.425,0.5,0,0.08,0.4,0.45,0.425,0.5
1050,no_strict_e1_improvement,0,,,,,1,0,2,1,1,1,1,1,0,0,-1,current,0,0,0.17046606957228505,0.17046606957228505,23,20,20,20,20,0,0,0,0.8,0.7,0.65,0.675,0.7,0,0.8,0.7,0.65,0.675,0.7,0,0.8,0.7,0.65,0.675,0.7,0,0.8,0.7,0.65,0.675,0.7
1051,no_strict_e1_improvement,0,,,,,1,0,1,1,0,1,0,1,0,0,-1,current,0,0,0.04267122627934441,0.04267122627934441,34,25,25,25,25,0,0,1,1.0,1.0,1.0,1.0,1.0,1,1.0,1.0,1.0,1.0,1.0,1,1.0,1.0,1.0,1.0,1.0,1,1.0,1.0,1.0,1.0,1.0
1052,no_strict_e1_improvement,0,,,,,1,0,1,1,0,1,0,1,0,0,-1,current,0,0,0.15575062478892504,0.15575062478892504,22,10,10,10,10,0,0,0,0.4,0.7,0.7,0.7,0.7,0,0.4,0.7,0.7,0.7,0.7,0,0.4,0.7,0.7,0.7,0.7,0,0.4,0.7,0.7,0.7,0.7
1053,no_strict_e1_improvement,0,,,,,1,0,1,1,0,1,0,1,0,0,-1,current,0,0,0.053000376548152414,0.053000376548152414,29,25,25,25,25,0,0,1,1.0,1.0,1.0,1.0,1.0,1,1.0,1.0,1.0,1.0,1.0,1,1.0,1.0,1.0,1.0,1.0,1,1.0,1.0,1.0,1.0,1.0
1054,no_strict_e1_improvement,0,,,,,1,0,2,1,1,1,1,1,0,0,-1,current,0,0,0.07405267861904577,0.07405267861904577,32,0,0,0,0,0,0,0,0.0,1.0,0.75,0.875,0.875,0,0.0,1.0,0.75,0.875,0.875,0,0.0,1.0,0.75,0.875,0.875,0,0.0,1.0,0.75,0.875,0.875
1055,max_rounds,0,,,,,1,1,2,1,1,1,1,1,0,0,0,s1a3_greedy,1,0,0.2469867701991461,0.14355190795031375,20,2,2,0,0,-2,0,0,0.08,0.3,0.45,0.375,0.475,0,0.08,0.3,0.45,0.375,0.475,0,0.0,0.7,0.65,0.675,0.675,0,0.0,0.7,0.65,0.675,0.675
1056,max_rounds,0,,,,,1,1,2,1,1,1,1,1,0,0,0,s1a3_greedy,1,0,0.16946459678001702,0.15843513114377855,25,2,2,0,0,-2,0,0,0.08,0.65,0.5,0.575,0.65,0,0.08,0.65,0.5,0.575,0.65,0,0.0,0.8,0.55,0.675,0.75,0,0.0,0.8,0.55,0.675,0.75
1057,no_strict_e1_improvement,0,,,,,1,0,2,1,1,1,1,1,0,0,-1,current,0,0,0.04072658256627619,0.04072658256627619,27,21,21,21,21,0,0,0,0.84,0.8,0.8,0.8,0.825,0,0.84,0.8,0.8,0.8,0.825,0,0.84,0.8,0.8,0.8,0.825,0,0.84,0.8,0.8,0.8,0.825
1058,max_rounds,0,,,,,1,1,2,1,1,1,1,1,0,0,0,s1a3_greedy,1,0,0.1578741488745436,0.1415132778463885,20,4,4,6,6,2,0,0,0.16,0.55,0.7,0.625,0.65,0,0.16,0.55,0.7,0.625,0.65,0,0.24,0.65,0.7,0.675,0.7,0,0.24,0.65,0.7,0.675,0.7
1059,max_rounds,0,,,,,1,1,2,1,1,1,1,1,0,0,0,s1a3_greedy,1,0,0.19727553697302938,0.14851011512801052,27,0,0,0,0,0,0,0,0.0,0.6,0.45,0.525,0.525,0,0.0,0.6,0.45,0.525,0.525,0,0.0,0.5,0.7,0.6,0.6,0,0.0,0.5,0.7,0.6,0.6
1060,max_rounds,0,,,,,1,1,2,1,1,1,1,1,0,0,0,s1a3_greedy,1,0,0.16490329317748548,0.14199666790664195,28,0,0,0,0,0,0,0,0.0,0.7,0.65,0.675,0.675,0,0.0,0.7,0.65,0.675,0.675,0,0.0,0.6,0.75,0.675,0.875,0,0.0,0.6,0.75,0.675,0.875
1061,max_rounds,0,,,,,1,1,2,1,1,1,1,1,0,0,0,s1a3_greedy,1,0,0.04264815833885223,0.03946460678707808,27,23,23,25,25,2,0,0,0.92,0.9,0.9,0.9,0.925,0,0.92,0.9,0.9,0.9,0.925,1,1.0,1.0,1.0,1.0,1.0,1,1.0,1.0,1.0,1.0,1.0
1062,partial_completed__no_strict_e1_improvement,1,,10,3,6,1,0,2,1,1,1,1,1,0,0,-1,current,1,0,0.017319641337599022,0.017319641337599022,24,0,1,1,1,1,0,0,0.0,0.6,0.5,0.55,0.55,0,0.04,0.65,0.55,0.6,0.65,0,0.04,0.65,0.55,0.6,0.65,0,0.04,0.65,0.55,0.6,0.65
1063,no_strict_e1_improvement,0,,,,,1,0,1,1,0,1,0,1,0,0,-1,current,0,0,0.043886463670060036,0.043886463670060036,25,0,0,0,0,0,0,0,0.0,1.0,0.75,0.875,0.875,0,0.0,1.0,0.75,0.875,0.875,0,0.0,1.0,0.75,0.875,0.875,0,0.0,1.0,0.75,0.875,0.875
1064,no_strict_e1_improvement,0,,,,,1,0,1,1,0,1,0,1,0,0,-1,current,0,0,0.018030748469755054,0.018030748469755054,37,25,25,25,25,0,0,1,1.0,1.0,1.0,1.0,1.0,1,1.0,1.0,1.0,1.0,1.0,1,1.0,1.0,1.0,1.0,1.0,1,1.0,1.0,1.0,1.0,1.0
1065,max_rounds,0,,,,,1,1,2,1,1,1,1,1,0,0,0,s1a3_greedy,1,0,0.08469276227988302,0.06778175258077682,28,0,0,0,0,0,0,0,0.0,0.75,0.9,0.825,0.825,0,0.0,0.75,0.9,0.825,0.825,0,0.0,0.75,1.0,0.875,0.875,0,0.0,0.75,1.0,0.875,0.875
1066,max_rounds,0,,,,,1,1,2,1,1,1,1,1,0,0,0,s1a3_greedy,1,0,0.09350104401819408,0.07422715327702463,30,0,0,0,0,0,0,0,0.0,0.6,0.65,0.625,0.625,0,0.0,0.6,0.65,0.625,0.625,0,0.0,0.75,0.75,0.75,0.75,0,0.0,0.75,0.75,0.75,0.75
1067,no_strict_e1_improvement,0,,,,,1,0,2,1,1,1,1,1,0,0,-1,current,0,0,0.17302482093218713,0.17302482093218713,19,19,19,19,19,0,0,0,0.76,0.75,0.6,0.675,0.675,0,0.76,0.75,0.6,0.675,0.675,0,0.76,0.75,0.6,0.675,0.675,0,0.76,0.75,0.6,0.675,0.675
1068,no_strict_e1_improvement,0,,,,,1,0,2,1,1,1,1,1,0,0,-1,current,0,0,0.24590217913500964,0.24590217913500964,21,1,1,1,1,0,0,0,0.04,0.4,0.6,0.5,0.55,0,0.04,0.4,0.6,0.5,0.55,0,0.04,0.4,0.6,0.5,0.55,0,0.04,0.4,0.6,0.5,0.55
1069,max_rounds,0,,,,,1,1,2,1,1,1,1,1,0,0,0,s1a3_greedy,1,0,0.20132854043040424,0.1406653466721764,16,4,4,2,2,-2,0,0,0.16,0.3,0.35,0.325,0.35,0,0.16,0.3,0.35,0.325,0.35,0,0.08,0.25,0.35,0.3,0.4,0,0.08,0.25,0.35,0.3,0.4
1070,partial_completed__max_rounds,1,,5,2,3,1,1,2,1,1,1,1,1,0,0,0,s1a3_greedy,1,0,0.12634578982833772,0.08519389976281673,30,0,0,0,0,0,0,0,0.0,0.5,0.75,0.625,0.625,0,0.0,0.7,0.9,0.8,0.825,0,0.0,0.75,1.0,0.875,0.875,0,0.0,0.75,1.0,0.875,0.875
1071,no_strict_e1_improvement,0,,,,,1,0,2,1,1,1,1,1,0,0,-1,current,0,0,0.09695380507037044,0.09695380507037044,27,0,0,0,0,0,0,0,0.0,0.9,0.75,0.825,0.825,0,0.0,0.9,0.75,0.825,0.825,0,0.0,0.9,0.75,0.825,0.825,0,0.0,0.9,0.75,0.825,0.825
1072,max_rounds,0,,,,,1,1,2,1,1,1,1,1,0,0,0,s1a3_greedy,1,0,0.2746212968137115,0.22021840014494956,15,1,1,3,3,2,0,0,0.04,0.1,0.3,0.2,0.325,0,0.04,0.1,0.3,0.2,0.325,0,0.12,0.15,0.35,0.25,0.3,0,0.12,0.15,0.35,0.25,0.3
1073,no_strict_e1_improvement,0,,,,,1,0,2,1,1,1,1,1,0,0,-1,current,0,0,0.05498009984148666,0.05498009984148666,31,0,0,0,0,0,0,0,0.0,0.75,0.9,0.825,0.825,0,0.0,0.75,0.9,0.825,0.825,0,0.0,0.75,0.9,0.825,0.825,0,0.0,0.75,0.9,0.825,0.825
1074,no_strict_e1_improvement,0,,,,,1,0,1,1,0,1,0,1,0,0,-1,current,0,0,0.05524377593537792,0.05524377593537792,28,0,0,0,0,0,0,0,0.0,0.75,0.85,0.8,0.825,0,0.0,0.75,0.85,0.8,0.825,0,0.0,0.75,0.85,0.8,0.825,0,0.0,0.75,0.85,0.8,0.825
1075,max_rounds,0,,,,,1,1,2,1,1,1,1,1,0,0,0,s1a3_greedy,1,0,0.2661015078425407,0.1436982300132513,26,0,0,0,0,0,0,0,0.0,0.4,0.55,0.475,0.525,0,0.0,0.4,0.55,0.475,0.525,0,0.0,0.75,0.9,0.825,0.825,0,0.0,0.75,0.9,0.825,0.825
1076,max_rounds,0,,,,,1,1,2,1,1,1,1,1,0,0,0,s1a3_greedy,1,0,0.1954614993846917,0.15988956578075886,11,1,1,2,2,1,0,0,0.04,0.25,0.3,0.275,0.35,0,0.04,0.25,0.3,0.275,0.35,0,0.08,0.3,0.0,0.15,0.275,0,0.08,0.3,0.0,0.15,0.275
1077,no_strict_e1_improvement,0,,,,,1,0,2,1,1,1,1,1,0,0,-1,current,0,0,0.24630175764905288,0.24630175764905288,19,0,0,0,0,0,0,0,0.0,0.2,0.45,0.325,0.4,0,0.0,0.2,0.45,0.325,0.4,0,0.0,0.2,0.45,0.325,0.4,0,0.0,0.2,0.45,0.325,0.4
1078,partial_completed__small_component,1,,5,2,4,1,0,0,0,0,0,0,1,0,0,-1,current,1,0,0.34475372327724474,0.34475372327724474,15,1,2,2,2,1,0,0,0.04,0.15,0.25,0.2,0.25,0,0.08,0.15,0.3,0.225,0.275,0,0.08,0.15,0.3,0.225,0.275,0,0.08,0.15,0.3,0.225,0.275
1079,max_rounds,0,,,,,1,1,2,1,1,1,1,1,0,0,0,s1a3_greedy,1,0,0.1238684767158702,0.10546201202087105,23,0,0,0,0,0,0,0,0.0,0.6,0.7,0.65,0.65,0,0.0,0.6,0.7,0.65,0.65,0,0.0,0.75,0.85,0.8,0.8,0,0.0,0.75,0.85,0.8,0.8
1080,max_rounds,0,,,,,1,1,2,1,1,1,1,1,0,0,0,s1a3_greedy,1,0,0.19813974137650803,0.09476709236041643,21,0,0,1,1,1,0,0,0.0,0.65,0.65,0.65,0.7,0,0.0,0.65,0.65,0.65,0.7,0,0.04,0.7,0.9,0.8,0.8,0,0.04,0.7,0.9,0.8,0.8
1081,no_strict_e1_improvement,0,,,,,1,0,1,1,0,1,0,1,0,0,-1,current,0,0,0.01653801908250898,0.01653801908250898,34,25,25,25,25,0,0,1,1.0,1.0,1.0,1.0,1.0,1,1.0,1.0,1.0,1.0,1.0,1,1.0,1.0,1.0,1.0,1.0,1,1.0,1.0,1.0,1.0,1.0
1082,no_strict_e1_improvement,0,,,,,1,0,1,1,0,1,0,1,0,0,-1,current,0,0,0.005661833053454757,0.005661833053454757,37,25,25,25,25,0,0,1,1.0,1.0,1.0,1.0,1.0,1,1.0,1.0,1.0,1.0,1.0,1,1.0,1.0,1.0,1.0,1.0,1,1.0,1.0,1.0,1.0,1.0
1083,no_strict_e1_improvement,0,,,,,1,0,1,1,0,1,0,1,0,0,-1,current,0,0,0.013963196985423565,0.013963196985423565,39,25,25,25,25,0,0,1,1.0,1.0,1.0,1.0,1.0,1,1.0,1.0,1.0,1.0,1.0,1,1.0,1.0,1.0,1.0,1.0,1,1.0,1.0,1.0,1.0,1.0
1084,max_rounds,0,,,,,1,1,2,1,1,1,1,1,0,0,0,s1a3_greedy,1,0,0.30573951177066194,0.15849976734025403,12,0,0,2,2,2,0,0,0.0,0.3,0.25,0.275,0.325,0,0.0,0.3,0.25,0.275,0.325,0,0.08,0.6,0.5,0.55,0.625,0,0.08,0.6,0.5,0.55,0.625
1085,no_strict_e1_improvement,0,,,,,1,0,1,1,0,1,0,1,0,0,-1,current,0,0,0.041742383898235855,0.041742383898235855,30,0,0,0,0,0,0,0,0.0,0.65,0.9,0.775,0.8,0,0.0,0.65,0.9,0.775,0.8,0,0.0,0.65,0.9,0.775,0.8,0,0.0,0.65,0.9,0.775,0.8
1086,max_rounds,0,,,,,1,1,2,1,1,1,1,1,0,0,0,s1a3_greedy,1,0,0.20638641018158524,0.13412875328795054,12,0,0,0,0,0,0,0,0.0,0.2,0.25,0.225,0.25,0,0.0,0.2,0.25,0.225,0.25,0,0.0,0.2,0.35,0.275,0.375,0,0.0,0.2,0.35,0.275,0.375
1087,max_rounds,0,,,,,1,1,2,1,1,1,1,1,0,0,0,s1a3_greedy,1,0,0.34588079468230715,0.26034476510249077,17,0,0,0,0,0,0,0,0.0,0.2,0.25,0.225,0.275,0,0.0,0.2,0.25,0.225,0.275,0,0.0,0.2,0.3,0.25,0.3,0,0.0,0.2,0.3,0.25,0.3
1088,no_strict_e1_improvement,0,,,,,1,0,2,1,1,1,1,1,0,0,-1,current,0,0,0.13244589993264527,0.13244589993264527,22,0,0,0,0,0,0,0,0.0,0.75,0.95,0.85,0.85,0,0.0,0.75,0.95,0.85,0.85,0,0.0,0.75,0.95,0.85,0.85,0,0.0,0.75,0.95,0.85,0.85
1089,partial_completed__small_component,1,,5,2,4,1,0,0,0,0,0,0,1,0,0,-1,current,1,0,0.2725998526875628,0.2725998526875628,16,0,0,0,0,0,0,0,0.0,0.2,0.15,0.175,0.25,0,0.0,0.25,0.15,0.2,0.3,0,0.0,0.25,0.15,0.2,0.3,0,0.0,0.25,0.15,0.2,0.3
1090,small_component,0,,,,,1,0,0,0,0,0,0,1,0,0,-1,current,0,0,0.20019177938957,0.20019177938957,17,1,1,1,1,0,0,0,0.04,0.05,0.25,0.15,0.225,0,0.04,0.05,0.25,0.15,0.225,0,0.04,0.05,0.25,0.15,0.225,0,0.04,0.05,0.25,0.15,0.225
1091,max_rounds,0,,,,,1,1,2,1,1,1,1,1,0,0,0,s1a3_greedy,1,0,0.09981139180017636,0.08059285104973242,18,8,8,7,7,-1,0,0,0.32,0.4,0.45,0.425,0.425,0,0.32,0.4,0.45,0.425,0.425,0,0.28,0.3,0.55,0.425,0.425,0,0.28,0.3,0.55,0.425,0.425
1092,max_rounds,0,,,,,1,1,2,1,1,1,1,1,0,0,0,s1a3_greedy,1,0,0.05455120819970034,0.05315971932723187,26,22,22,22,22,0,0,0,0.88,0.85,0.9,0.875,0.875,0,0.88,0.85,0.9,0.875,0.875,0,0.88,0.85,0.9,0.875,0.875,0,0.88,0.85,0.9,0.875,0.875
1093,no_strict_e1_improvement,0,,,,,1,0,1,1,0,1,0,1,0,0,-1,current,0,0,0.017959920316934587,0.017959920316934587,36,25,25,25,25,0,0,1,1.0,1.0,1.0,1.0,1.0,1,1.0,1.0,1.0,1.0,1.0,1,1.0,1.0,1.0,1.0,1.0,1,1.0,1.0,1.0,1.0,1.0
1094,no_strict_e1_improvement,0,,,,,1,0,2,1,1,1,1,1,0,0,-1,current,0,0,0.2301290557719767,0.2301290557719767,20,7,7,7,7,0,0,0,0.28,0.65,0.3,0.475,0.55,0,0.28,0.65,0.3,0.475,0.55,0,0.28,0.65,0.3,0.475,0.55,0,0.28,0.65,0.3,0.475,0.55
1095,small_component,0,,,,,1,0,0,0,0,0,0,1,0,0,-1,current,0,0,0.2271199720678851,0.2271199720678851,16,0,0,0,0,0,0,0,0.0,0.55,0.25,0.4,0.425,0,0.0,0.55,0.25,0.4,0.425,0,0.0,0.55,0.25,0.4,0.425,0,0.0,0.55,0.25,0.4,0.425
1096,no_strict_e1_improvement,0,,,,,1,0,1,1,0,1,0,1,0,0,-1,current,0,0,0.03440585522912443,0.03440585522912443,31,23,23,23,23,0,0,0,0.92,0.9,0.9,0.9,0.925,0,0.92,0.9,0.9,0.9,0.925,0,0.92,0.9,0.9,0.9,0.925,0,0.92,0.9,0.9,0.9,0.925
1097,max_rounds,0,,,,,1,1,2,1,1,1,1,1,0,0,0,s1a3_greedy,1,0,0.2364830187987536,0.10963581440446432,21,1,1,0,0,-1,0,0,0.04,0.4,0.5,0.45,0.525,0,0.04,0.4,0.5,0.45,0.525,0,0.0,0.65,0.5,0.575,0.625,0,0.0,0.65,0.5,0.575,0.625
1098,max_rounds,0,,,,,1,1,2,1,1,1,1,1,0,0,0,s1a3_greedy,1,0,0.2051084939856082,0.1807699203491211,15,0,0,3,3,3,0,0,0.0,0.2,0.45,0.325,0.4,0,0.0,0.2,0.45,0.325,0.4,0,0.12,0.25,0.45,0.35,0.475,0,0.12,0.25,0.45,0.35,0.475
1099,no_strict_e1_improvement,0,,,,,1,0,1,1,0,1,0,1,0,0,-1,current,0,0,0.04996962293807883,0.04996962293807883,29,0,0,0,0,0,0,0,0.0,0.75,1.0,0.875,0.875,0,0.0,0.75,1.0,0.875,0.875,0,0.0,0.75,1.0,0.875,0.875,0,0.0,0.75,1.0,0.875,0.875
1100,no_strict_e1_improvement,0,,,,,1,0,2,1,1,1,1,1,0,0,-1,current,0,0,0.10277688152855262,0.10277688152855262,29,6,6,6,6,0,0,0,0.24,0.8,0.65,0.725,0.725,0,0.24,0.8,0.65,0.725,0.725,0,0.24,0.8,0.65,0.725,0.725,0,0.24,0.8,0.65,0.725,0.725
1101,max_rounds,0,,,,,1,1,2,1,1,1,1,1,0,0,0,s1a3_greedy,1,0,0.3296790753607638,0.30380060892784966,11,3,3,5,5,2,0,0,0.12,0.45,0.1,0.275,0.35,0,0.12,0.45,0.1,0.275,0.35,0,0.2,0.2,0.0,0.1,0.15,0,0.2,0.2,0.0,0.1,0.15
1102,no_strict_e1_improvement,0,,,,,1,0,2,1,1,1,1,1,0,0,-1,current,0,0,0.2540705024788622,0.2540705024788622,18,0,0,0,0,0,0,0,0.0,0.35,0.55,0.45,0.5,0,0.0,0.35,0.55,0.45,0.5,0,0.0,0.35,0.55,0.45,0.5,0,0.0,0.35,0.55,0.45,0.5
1103,max_rounds,0,,,,,1,1,2,1,1,1,1,1,0,0,0,s1a3_greedy,1,0,0.13363222223706545,0.12594524659216405,24,0,0,0,0,0,0,0,0.0,0.5,0.65,0.575,0.6,0,0.0,0.5,0.65,0.575,0.6,0,0.0,0.5,0.8,0.65,0.65,0,0.0,0.5,0.8,0.65,0.65
1104,max_rounds,0,,,,,1,1,2,1,1,1,1,1,0,0,0,s1a3_greedy,1,0,0.08152118218131363,0.06792116584256291,26,0,0,0,0,0,0,0,0.0,0.9,0.65,0.775,0.775,0,0.0,0.9,0.65,0.775,0.775,0,0.0,0.9,0.65,0.775,0.8,0,0.0,0.9,0.65,0.775,0.8
1105,no_strict_e1_improvement,0,,,,,1,0,2,1,1,1,1,1,0,0,-1,current,0,0,0.07935393925290554,0.07935393925290554,33,0,0,0,0,0,0,0,0.0,0.75,1.0,0.875,0.875,0,0.0,0.75,1.0,0.875,0.875,0,0.0,0.75,1.0,0.875,0.875,0,0.0,0.75,1.0,0.875,0.875
1106,no_strict_e1_improvement,0,,,,,1,0,1,1,0,1,0,1,0,0,-1,current,0,0,0.0365827500470914,0.0365827500470914,32,25,25,25,25,0,0,1,1.0,1.0,1.0,1.0,1.0,1,1.0,1.0,1.0,1.0,1.0,1,1.0,1.0,1.0,1.0,1.0,1,1.0,1.0,1.0,1.0,1.0
1107,max_rounds,0,,,,,1,1,2,1,1,1,1,1,0,0,0,s1a3_greedy,1,0,0.1845027811243199,0.16084044020390137,17,2,2,0,0,-2,0,0,0.08,0.35,0.35,0.35,0.375,0,0.08,0.35,0.35,0.35,0.375,0,0.0,0.35,0.35,0.35,0.425,0,0.0,0.35,0.35,0.35,0.425
1108,max_rounds,0,,,,,1,1,2,1,1,1,1,1,0,0,0,s1a3_greedy,1,0,0.11340627770405262,0.10140360903460532,25,1,1,0,0,-1,0,0,0.04,0.85,0.65,0.75,0.775,0,0.04,0.85,0.65,0.75,0.775,0,0.0,0.85,0.75,0.8,0.825,0,0.0,0.85,0.75,0.8,0.825
1109,no_strict_e1_improvement,0,,,,,1,0,2,1,1,1,1,1,0,0,-1,current,0,0,0.21347131645306944,0.21347131645306944,14,2,2,2,2,0,0,0,0.08,0.15,0.2,0.175,0.25,0,0.08,0.15,0.2,0.175,0.25,0,0.08,0.15,0.2,0.175,0.25,0,0.08,0.15,0.2,0.175,0.25
1110,no_strict_e1_improvement,0,,,,,1,0,2,1,1,1,1,1,0,0,-1,current,0,0,0.17909235251136124,0.17909235251136124,16,0,0,0,0,0,0,0,0.0,0.4,0.25,0.325,0.5,0,0.0,0.4,0.25,0.325,0.5,0,0.0,0.4,0.25,0.325,0.5,0,0.0,0.4,0.25,0.325,0.5
1111,max_rounds,0,,,,,1,1,2,1,1,1,1,1,0,0,0,s1a3_greedy,1,0,0.29921944489469754,0.28074180861003695,13,2,2,0,0,-2,0,0,0.08,0.3,0.45,0.375,0.425,0,0.08,0.3,0.45,0.375,0.425,0,0.0,0.0,0.4,0.2,0.275,0,0.0,0.0,0.4,0.2,0.275
1112,no_strict_e1_improvement,0,,,,,1,0,1,1,0,1,0,1,0,0,-1,current,0,0,0.028569892048835754,0.028569892048835754,34,0,0,0,0,0,0,0,0.0,0.75,1.0,0.875,0.875,0,0.0,0.75,1.0,0.875,0.875,0,0.0,0.75,1.0,0.875,0.875,0,0.0,0.75,1.0,0.875,0.875
1113,max_rounds,0,,,,,1,1,2,1,1,1,1,1,0,0,0,s1a3_greedy,1,0,0.27239262985531243,0.2162711365148425,17,0,0,0,0,0,0,0,0.0,0.3,0.3,0.3,0.45,0,0.0,0.3,0.3,0.3,0.45,0,0.0,0.25,0.4,0.325,0.4,0,0.0,0.25,0.4,0.325,0.4
1114,no_strict_e1_improvement,0,,,,,1,0,1,1,0,1,0,1,0,0,-1,current,0,0,0.10781230931170285,0.10781230931170285,31,0,0,0,0,0,0,0,0.0,0.8,0.65,0.725,0.75,0,0.0,0.8,0.65,0.725,0.75,0,0.0,0.8,0.65,0.725,0.75,0,0.0,0.8,0.65,0.725,0.75
1115,max_rounds,0,,,,,1,1,2,1,1,1,1,1,0,0,0,s1a3_greedy,1,0,0.19893102907808496,0.18665366066852584,16,0,0,0,0,0,0,0,0.0,0.5,0.6,0.55,0.575,0,0.0,0.5,0.6,0.55,0.575,0,0.0,0.4,0.45,0.425,0.5,0,0.0,0.4,0.45,0.425,0.5
1116,no_strict_e1_improvement,0,,,,,1,0,2,1,1,1,1,1,0,0,-1,current,0,0,0.11630178028717637,0.11630178028717637,29,0,0,0,0,0,0,0,0.0,0.75,1.0,0.875,0.875,0,0.0,0.75,1.0,0.875,0.875,0,0.0,0.75,1.0,0.875,0.875,0,0.0,0.75,1.0,0.875,0.875
1117,max_rounds,0,,,,,1,1,2,1,1,1,1,1,0,0,0,s1a3_greedy,1,0,0.2415628471702803,0.16869746848824435,15,0,0,2,2,2,0,0,0.0,0.35,0.3,0.325,0.45,0,0.0,0.35,0.3,0.325,0.45,0,0.08,0.5,0.35,0.425,0.5,0,0.08,0.5,0.35,0.425,0.5
1118,no_strict_e1_improvement,0,,,,,1,0,1,1,0,1,0,1,0,0,-1,current,0,0,0.036273492022883144,0.036273492022883144,31,25,25,25,25,0,0,1,1.0,1.0,1.0,1.0,1.0,1,1.0,1.0,1.0,1.0,1.0,1,1.0,1.0,1.0,1.0,1.0,1,1.0,1.0,1.0,1.0,1.0
1119,no_strict_e1_improvement,0,,,,,1,0,1,1,0,1,0,1,0,0,-1,current,0,0,0.1823049696511589,0.1823049696511589,23,0,0,0,0,0,0,0,0.0,0.65,0.8,0.725,0.825,0,0.0,0.65,0.8,0.725,0.825,0,0.0,0.65,0.8,0.725,0.825,0,0.0,0.65,0.8,0.725,0.825
1120,max_rounds,0,,,,,1,1,2,1,1,1,1,1,0,0,0,s1a3_greedy,1,0,0.17856739880517125,0.1385400453582406,20,0,0,0,0,0,0,0,0.0,0.65,0.55,0.6,0.6,0,0.0,0.65,0.55,0.6,0.6,0,0.0,0.65,0.45,0.55,0.55,0,0.0,0.65,0.45,0.55,0.55
1121,max_rounds,0,,,,,1,1,2,1,1,1,1,1,0,0,0,s1a3_greedy,1,0,0.19971358728653285,0.15627607158385218,16,0,0,0,0,0,0,0,0.0,0.25,0.2,0.225,0.375,0,0.0,0.25,0.2,0.225,0.375,0,0.0,0.3,0.3,0.3,0.4,0,0.0,0.3,0.3,0.3,0.4
1122,partial_completed__max_rounds,1,,5,2,4,1,1,2,1,1,1,1,1,0,0,0,s1a3_greedy,1,0,0.09193215172272176,0.07866948076989502,18,8,0,0,0,-8,0,0,0.32,0.6,0.4,0.5,0.5,0,0.0,0.6,0.4,0.5,0.525,0,0.0,0.7,0.5,0.6,0.65,0,0.0,0.7,0.5,0.6,0.65
1123,max_rounds,0,,,,,1,1,2,1,1,1,1,1,0,0,0,s1a3_greedy,1,0,0.16452628479892156,0.14065362334804377,27,0,0,0,0,0,0,0,0.0,0.55,0.7,0.625,0.625,0,0.0,0.55,0.7,0.625,0.625,0,0.0,0.6,0.75,0.675,0.7,0,0.0,0.6,0.75,0.675,0.7
1124,max_rounds,0,,,,,1,1,2,1,1,1,1,1,0,0,0,s1a3_greedy,1,0,0.24849182340549306,0.08482590176863596,19,1,1,4,4,3,0,0,0.04,0.2,0.15,0.175,0.3,0,0.04,0.2,0.15,0.175,0.3,0,0.16,0.4,0.55,0.475,0.525,0,0.16,0.4,0.55,0.475,0.525
1125,no_strict_e1_improvement,0,,,,,1,0,2,1,1,1,1,1,0,0,-1,current,0,0,0.11286791770835407,0.11286791770835407,20,4,4,4,4,0,0,0,0.16,0.5,0.55,0.525,0.55,0,0.16,0.5,0.55,0.525,0.55,0,0.16,0.5,0.55,0.525,0.55,0,0.16,0.5,0.55,0.525,0.55
1126,max_rounds,0,,,,,1,1,2,1,1,1,1,1,0,0,0,s1a3_greedy,1,0,0.18214628850109876,0.12992339890333823,21,6,6,7,7,1,0,0,0.24,0.4,0.6,0.5,0.525,0,0.24,0.4,0.6,0.5,0.525,0,0.28,0.4,0.7,0.55,0.6,0,0.28,0.4,0.7,0.55,0.6
1127,no_strict_e1_improvement,0,,,,,1,0,1,1,0,1,0,1,0,0,-1,current,0,0,0.01498195348540321,0.01498195348540321,35,25,25,25,25,0,0,1,1.0,1.0,1.0,1.0,1.0,1,1.0,1.0,1.0,1.0,1.0,1,1.0,1.0,1.0,1.0,1.0,1,1.0,1.0,1.0,1.0,1.0
1128,max_rounds,0,,,,,1,1,2,1,1,1,1,1,0,0,0,s1a3_greedy,1,0,0.02469872681540437,0.02235030946030747,13,9,9,7,7,-2,0,0,0.36,0.45,0.2,0.325,0.325,0,0.36,0.45,0.2,0.325,0.325,0,0.28,0.65,0.1,0.375,0.425,0,0.28,0.65,0.1,0.375,0.425
1129,max_rounds,0,,,,,1,1,2,1,1,1,1,1,0,0,0,s1a3_greedy,1,0,0.25304694566875696,0.20018013663375314,19,1,1,1,1,0,0,0,0.04,0.4,0.4,0.4,0.425,0,0.04,0.4,0.4,0.4,0.425,0,0.04,0.5,0.55,0.525,0.6,0,0.04,0.5,0.55,0.525,0.6
1130,max_rounds,0,,,,,1,1,2,1,1,1,1,1,0,0,0,s1a3_greedy,1,0,0.14034511489589932,0.11474158834462286,21,0,0,0,0,0,0,0,0.0,0.75,0.55,0.65,0.675,0,0.0,0.75,0.55,0.65,0.675,0,0.0,0.75,0.6,0.675,0.675,0,0.0,0.75,0.6,0.675,0.675
1131,no_strict_e1_improvement,0,,,,,1,0,2,1,1,1,1,1,0,0,-1,current,0,0,0.09651627853745595,0.09651627853745595,27,1,1,1,1,0,0,0,0.04,0.65,0.85,0.75,0.775,0,0.04,0.65,0.85,0.75,0.775,0,0.04,0.65,0.85,0.75,0.775,0,0.04,0.65,0.85,0.75,0.775
1132,max_rounds,0,,,,,1,1,2,1,1,1,1,1,0,0,0,s1a3_greedy,1,0,0.2801465992350131,0.21057630187133328,14,2,2,0,0,-2,0,0,0.08,0.25,0.3,0.275,0.45,0,0.08,0.25,0.3,0.275,0.45,0,0.0,0.3,0.2,0.25,0.375,0,0.0,0.3,0.2,0.25,0.375
1133,no_strict_e1_improvement,0,,,,,1,0,2,1,1,1,1,1,0,0,-1,current,0,0,0.18274884606944397,0.18274884606944397,16,0,0,0,0,0,0,0,0.0,0.3,0.1,0.2,0.35,0,0.0,0.3,0.1,0.2,0.35,0,0.0,0.3,0.1,0.2,0.35,0,0.0,0.3,0.1,0.2,0.35
1134,no_strict_e1_improvement,0,,,,,1,0,1,1,0,1,0,1,0,0,-1,current,0,0,0.01976137807359919,0.01976137807359919,24,17,17,17,17,0,0,0,0.68,0.8,0.6,0.7,0.725,0,0.68,0.8,0.6,0.7,0.725,0,0.68,0.8,0.6,0.7,0.725,0,0.68,0.8,0.6,0.7,0.725
1135,no_strict_e1_improvement,0,,,,,1,0,2,1,1,1,1,1,0,0,-1,current,0,0,0.26590107505908234,0.26590107505908234,16,0,0,0,0,0,0,0,0.0,0.25,0.45,0.35,0.4,0,0.0,0.25,0.45,0.35,0.4,0,0.0,0.25,0.45,0.35,0.4,0,0.0,0.25,0.45,0.35,0.4
1136,no_strict_e1_improvement,0,,,,,1,0,2,1,1,1,1,1,0,0,-1,current,0,0,0.0965576205868274,0.0965576205868274,24,0,0,0,0,0,0,0,0.0,0.75,0.8,0.775,0.825,0,0.0,0.75,0.8,0.775,0.825,0,0.0,0.75,0.8,0.775,0.825,0,0.0,0.75,0.8,0.775,0.825
1137,no_strict_e1_improvement,0,,,,,1,0,2,1,1,1,1,1,0,0,-1,current,0,0,0.09767364176805131,0.09767364176805131,23,1,1,1,1,0,0,0,0.04,0.35,0.7,0.525,0.575,0,0.04,0.35,0.7,0.525,0.575,0,0.04,0.35,0.7,0.525,0.575,0,0.04,0.35,0.7,0.525,0.575
1138,no_strict_e1_improvement,0,,,,,1,0,2,1,1,1,1,1,0,0,-1,current,0,0,0.07556479997001589,0.07556479997001589,30,0,0,0,0,0,0,0,0.0,1.0,0.75,0.875,0.875,0,0.0,1.0,0.75,0.875,0.875,0,0.0,1.0,0.75,0.875,0.875,0,0.0,1.0,0.75,0.875,0.875
1139,no_strict_e1_improvement,0,,,,,1,0,1,1,0,1,0,1,0,0,-1,current,0,0,0.06768381641013548,0.06768381641013548,34,25,25,25,25,0,0,1,1.0,1.0,1.0,1.0,1.0,1,1.0,1.0,1.0,1.0,1.0,1,1.0,1.0,1.0,1.0,1.0,1,1.0,1.0,1.0,1.0,1.0
1140,no_strict_e1_improvement,0,,,,,1,0,2,1,1,1,1,1,0,0,-1,current,0,0,0.11246922961436212,0.11246922961436212,27,0,0,0,0,0,0,0,0.0,0.5,0.9,0.7,0.7,0,0.0,0.5,0.9,0.7,0.7,0,0.0,0.5,0.9,0.7,0.7,0,0.0,0.5,0.9,0.7,0.7
1141,max_rounds,0,,,,,1,1,2,1,1,1,1,1,0,0,0,s1a3_greedy,1,0,0.07928673897404223,0.05524751464836299,27,20,20,20,20,0,0,0,0.8,0.95,0.75,0.85,0.85,0,0.8,0.95,0.75,0.85,0.85,0,0.8,0.75,0.75,0.75,0.775,0,0.8,0.75,0.75,0.75,0.775
1142,no_strict_e1_improvement,0,,,,,1,0,2,1,1,1,1,1,0,0,-1,current,0,0,0.19952610894688405,0.19952610894688405,20,3,3,3,3,0,0,0,0.12,0.6,0.5,0.55,0.625,0,0.12,0.6,0.5,0.55,0.625,0,0.12,0.6,0.5,0.55,0.625,0,0.12,0.6,0.5,0.55,0.625
1143,max_rounds,0,,,,,1,1,2,1,1,1,1,1,0,0,0,s1a3_greedy,1,0,0.18673918736167253,0.18434609351679682,14,0,0,0,0,0,0,0,0.0,0.65,0.4,0.525,0.6,0,0.0,0.65,0.4,0.525,0.6,0,0.0,0.65,0.35,0.5,0.55,0,0.0,0.65,0.35,0.5,0.55
1144,max_rounds,0,,,,,1,1,2,1,1,1,1,1,0,0,0,s1a3_greedy,1,0,0.2596439703600481,0.21749284587567672,18,0,0,0,0,0,0,0,0.0,0.5,0.65,0.575,0.65,0,0.0,0.5,0.65,0.575,0.65,0,0.0,0.55,0.7,0.625,0.675,0,0.0,0.55,0.7,0.625,0.675
1145,partial_completed__no_strict_e1_improvement,1,,5,2,3,1,0,2,1,1,1,1,1,0,0,-1,current,1,0,0.13960323942592368,0.13960323942592368,17,0,0,0,0,0,0,0,0.0,0.4,0.35,0.375,0.4,0,0.0,0.5,0.5,0.5,0.525,0,0.0,0.5,0.5,0.5,0.525,0,0.0,0.5,0.5,0.5,0.525
1146,max_rounds,0,,,,,1,1,2,1,1,1,1,1,0,0,0,s1a3_greedy,1,0,0.1186193619389087,0.03612739359377883,28,0,0,0,0,0,0,0,0.0,0.5,0.75,0.625,0.65,0,0.0,0.5,0.75,0.625,0.65,0,0.0,0.75,1.0,0.875,0.875,0,0.0,0.75,1.0,0.875,0.875
1147,no_strict_e1_improvement,0,,,,,1,0,2,1,1,1,1,1,0,0,-1,current,0,0,0.02058096369728446,0.02058096369728446,35,25,25,25,25,0,0,1,1.0,1.0,1.0,1.0,1.0,1,1.0,1.0,1.0,1.0,1.0,1,1.0,1.0,1.0,1.0,1.0,1,1.0,1.0,1.0,1.0,1.0
1148,max_rounds,0,,,,,1,1,2,1,1,1,1,1,0,0,0,s1a3_greedy,1,0,0.1329383049160242,0.09962419318035245,27,0,0,0,0,0,0,0,0.0,0.7,0.4,0.55,0.55,0,0.0,0.7,0.4,0.55,0.55,0,0.0,0.85,0.6,0.725,0.725,0,0.0,0.85,0.6,0.725,0.725
1149,no_strict_e1_improvement,0,,,,,1,0,1,1,0,1,0,1,0,0,-1,current,0,0,0.08019929860602133,0.08019929860602133,24,0,0,0,0,0,0,0,0.0,0.55,0.7,0.625,0.675,0,0.0,0.55,0.7,0.625,0.675,0,0.0,0.55,0.7,0.625,0.675,0,0.0,0.55,0.7,0.625,0.675
1150,no_strict_e1_improvement,0,,,,,1,0,2,1,1,1,1,1,0,0,-1,current,0,0,0.07908753966912627,0.07908753966912627,31,0,0,0,0,0,0,0,0.0,0.65,0.75,0.7,0.725,0,0.0,0.65,0.75,0.7,0.725,0,0.0,0.65,0.75,0.7,0.725,0,0.0,0.65,0.75,0.7,0.725
1151,max_rounds,0,,,,,1,1,2,1,1,1,1,1,0,0,0,s1a3_greedy,1,0,0.17312841075472535,0.06536364499388583,27,1,1,0,0,-1,0,0,0.04,0.65,0.5,0.575,0.7,0,0.04,0.65,0.5,0.575,0.7,0,0.0,0.9,0.75,0.825,0.85,0,0.0,0.9,0.75,0.825,0.85
1152,no_strict_e1_improvement,0,,,,,1,0,2,1,1,1,1,1,0,0,-1,current,0,0,0.12102024799096398,0.12102024799096398,20,0,0,0,0,0,0,0,0.0,0.75,0.45,0.6,0.6,0,0.0,0.75,0.45,0.6,0.6,0,0.0,0.75,0.45,0.6,0.6,0,0.0,0.75,0.45,0.6,0.6
1153,max_rounds,0,,,,,1,1,2,1,1,1,1,1,0,0,0,s1a3_greedy,1,0,0.1074530002544634,0.05657305185450241,33,0,0,0,0,0,0,0,0.0,0.65,0.9,0.775,0.775,0,0.0,0.65,0.9,0.775,0.775,0,0.0,0.75,1.0,0.875,0.875,0,0.0,0.75,1.0,0.875,0.875
1154,max_rounds,0,,,,,1,1,2,1,1,1,1,1,0,0,0,s1a3_greedy,1,0,0.17430808022618294,0.03481126688420773,31,19,19,23,23,4,0,0,0.76,0.55,0.7,0.625,0.65,0,0.76,0.55,0.7,0.625,0.65,0,0.92,0.85,0.9,0.875,0.9,0,0.92,0.85,0.9,0.875,0.9
1155,no_strict_e1_improvement,0,,,,,1,0,2,1,1,1,1,1,0,0,-1,current,0,0,0.11759302509017289,0.11759302509017289,24,0,0,0,0,0,0,0,0.0,0.75,0.3,0.525,0.6,0,0.0,0.75,0.3,0.525,0.6,0,0.0,0.75,0.3,0.525,0.6,0,0.0,0.75,0.3,0.525,0.6
1156,partial_completed__max_rounds,1,,5,2,4,1,1,2,1,1,1,1,1,0,0,0,s1a3_greedy,1,0,0.26705386965768413,0.23088169306283818,15,0,2,2,2,2,0,0,0.0,0.2,0.15,0.175,0.2,0,0.08,0.2,0.15,0.175,0.225,0,0.08,0.25,0.15,0.2,0.25,0,0.08,0.25,0.15,0.2,0.25
1157,no_strict_e1_improvement,0,,,,,1,0,2,1,1,1,1,1,0,0,-1,current,0,0,0.04720112408977002,0.04720112408977002,28,23,23,23,23,0,0,0,0.92,0.9,0.9,0.9,0.925,0,0.92,0.9,0.9,0.9,0.925,0,0.92,0.9,0.9,0.9,0.925,0,0.92,0.9,0.9,0.9,0.925
1158,small_component,0,,,,,1,0,0,0,0,0,0,1,0,0,-1,current,0,0,0.20531057656917256,0.20531057656917256,18,0,0,0,0,0,0,0,0.0,0.5,0.05,0.275,0.375,0,0.0,0.5,0.05,0.275,0.375,0,0.0,0.5,0.05,0.275,0.375,0,0.0,0.5,0.05,0.275,0.375
1159,max_rounds,0,,,,,1,1,2,1,1,1,1,1,0,0,0,s1a3_greedy,1,0,0.16113419480388985,0.10572607828071341,24,15,15,15,15,0,0,0,0.6,0.7,0.5,0.6,0.625,0,0.6,0.7,0.5,0.6,0.625,0,0.6,0.75,0.5,0.625,0.675,0,0.6,0.75,0.5,0.625,0.675
1160,max_rounds,0,,,,,1,1,2,1,1,1,1,1,0,0,0,s1a3_greedy,1,0,0.10510836516623386,0.08345214895089156,23,20,20,23,23,3,0,0,0.8,0.85,0.75,0.8,0.825,0,0.8,0.85,0.75,0.8,0.825,0,0.92,0.9,0.9,0.9,0.925,0,0.92,0.9,0.9,0.9,0.925
1161,max_rounds,0,,,,,1,1,2,1,1,1,1,1,0,0,0,s1a3_greedy,1,0,0.09667087474954314,0.04353128064540215,29,22,22,25,25,3,0,0,0.88,0.85,0.9,0.875,0.875,0,0.88,0.85,0.9,0.875,0.875,1,1.0,1.0,1.0,1.0,1.0,1,1.0,1.0,1.0,1.0,1.0
1162,max_rounds,0,,,,,1,1,2,1,1,1,1,1,0,0,0,s1a3_greedy,1,0,0.13417772501707076,0.08230087710544468,18,0,0,0,0,0,0,0,0.0,0.15,0.2,0.175,0.325,0,0.0,0.15,0.2,0.175,0.325,0,0.0,0.15,0.3,0.225,0.375,0,0.0,0.15,0.3,0.225,0.375
1163,no_strict_e1_improvement,0,,,,,1,0,1,1,0,1,0,1,0,0,-1,current,0,0,0.08698748731985688,0.08698748731985688,31,0,0,0,0,0,0,0,0.0,0.95,0.75,0.85,0.85,0,0.0,0.95,0.75,0.85,0.85,0,0.0,0.95,0.75,0.85,0.85,0,0.0,0.95,0.75,0.85,0.85
1164,no_strict_e1_improvement,0,,,,,1,0,1,1,0,1,0,1,0,0,-1,current,0,0,0.031976607930846515,0.031976607930846515,30,25,25,25,25,0,0,1,1.0,1.0,1.0,1.0,1.0,1,1.0,1.0,1.0,1.0,1.0,1,1.0,1.0,1.0,1.0,1.0,1,1.0,1.0,1.0,1.0,1.0
1165,no_strict_e1_improvement,0,,,,,1,0,1,1,0,1,0,1,0,0,-1,current,0,0,0.03418581464793533,0.03418581464793533,33,23,23,23,23,0,0,0,0.92,0.85,0.9,0.875,0.925,0,0.92,0.85,0.9,0.875,0.925,0,0.92,0.85,0.9,0.875,0.925,0,0.92,0.85,0.9,0.875,0.925
1166,max_rounds,0,,,,,1,1,2,1,1,1,1,1,0,0,0,s1a3_greedy,1,0,0.1938930376956705,0.18694499669363723,13,1,1,2,2,1,0,0,0.04,0.25,0.25,0.25,0.3,0,0.04,0.25,0.25,0.25,0.3,0,0.08,0.3,0.3,0.3,0.425,0,0.08,0.3,0.3,0.3,0.425
1167,no_strict_e1_improvement,0,,,,,1,0,2,1,1,1,1,1,0,0,-1,current,0,0,0.22758264243602752,0.22758264243602752,17,0,0,0,0,0,0,0,0.0,0.25,0.25,0.25,0.375,0,0.0,0.25,0.25,0.25,0.375,0,0.0,0.25,0.25,0.25,0.375,0,0.0,0.25,0.25,0.25,0.375
1168,no_strict_e1_improvement,0,,,,,1,0,1,1,0,1,0,1,0,0,-1,current,0,0,0.1072682234691456,0.1072682234691456,30,0,0,0,0,0,0,0,0.0,0.75,1.0,0.875,0.875,0,0.0,0.75,1.0,0.875,0.875,0,0.0,0.75,1.0,0.875,0.875,0,0.0,0.75,1.0,0.875,0.875
1169,no_strict_e1_improvement,0,,,,,1,0,2,1,1,1,1,1,0,0,-1,current,0,0,0.12601195103488863,0.12601195103488863,26,0,0,0,0,0,0,0,0.0,0.6,0.8,0.7,0.7,0,0.0,0.6,0.8,0.7,0.7,0,0.0,0.6,0.8,0.7,0.7,0,0.0,0.6,0.8,0.7,0.7
1170,max_rounds,0,,,,,1,1,2,1,1,1,1,1,0,0,0,s1a3_greedy,1,0,0.11912354746600613,0.0885557179688476,25,0,0,1,1,1,0,0,0.0,0.5,0.95,0.725,0.725,0,0.0,0.5,0.95,0.725,0.725,0,0.04,0.55,0.8,0.675,0.7,0,0.04,0.55,0.8,0.675,0.7
1171,no_strict_e1_improvement,0,,,,,1,0,2,1,1,1,1,1,0,0,-1,current,0,0,0.09933108185650781,0.09933108185650781,22,0,0,0,0,0,0,0,0.0,0.75,0.6,0.675,0.725,0,0.0,0.75,0.6,0.675,0.725,0,0.0,0.75,0.6,0.675,0.725,0,0.0,0.75,0.6,0.675,0.725
1172,partial_completed__small_component,1,,5,2,4,1,0,0,0,0,0,0,1,0,0,-1,current,1,0,0.2396623051026836,0.2396623051026836,18,0,6,6,6,6,0,0,0.0,0.1,0.4,0.25,0.3,0,0.24,0.1,0.45,0.275,0.4,0,0.24,0.1,0.45,0.275,0.4,0,0.24,0.1,0.45,0.275,0.4
1173,max_rounds,0,,,,,1,1,2,1,1,1,1,1,0,0,0,s1a3_greedy,1,0,0.2794747987863957,0.11802858470473439,11,0,0,0,0,0,0,0,0.0,0.15,0.3,0.225,0.375,0,0.0,0.15,0.3,0.225,0.375,0,0.0,0.25,0.3,0.275,0.35,0,0.0,0.25,0.3,0.275,0.35
1174,max_rounds,0,,,,,1,1,2,1,1,1,1,1,0,0,0,s1a3_greedy,1,0,0.11202824506908655,0.10496661118231713,32,0,0,0,0,0,0,0,0.0,0.7,0.9,0.8,0.8,0,0.0,0.7,0.9,0.8,0.8,0,0.0,0.65,0.9,0.775,0.775,0,0.0,0.65,0.9,0.775,0.775
1175,no_strict_e1_improvement,0,,,,,1,0,1,1,0,1,0,1,0,0,-1,current,0,0,0.009897499065846204,0.009897499065846204,38,25,25,25,25,0,0,1,1.0,1.0,1.0,1.0,1.0,1,1.0,1.0,1.0,1.0,1.0,1,1.0,1.0,1.0,1.0,1.0,1,1.0,1.0,1.0,1.0,1.0
1176,no_strict_e1_improvement,0,,,,,1,0,1,1,0,1,0,1,0,0,-1,current,0,0,0.041050543263554576,0.041050543263554576,32,25,25,25,25,0,0,1,1.0,1.0,1.0,1.0,1.0,1,1.0,1.0,1.0,1.0,1.0,1,1.0,1.0,1.0,1.0,1.0,1,1.0,1.0,1.0,1.0,1.0
1177,no_strict_e1_improvement,0,,,,,1,0,2,1,1,1,1,1,0,0,-1,current,0,0,0.09224239999894053,0.09224239999894053,23,20,20,20,20,0,0,0,0.8,0.7,0.7,0.7,0.8,0,0.8,0.7,0.7,0.7,0.8,0,0.8,0.7,0.7,0.7,0.8,0,0.8,0.7,0.7,0.7,0.8
1178,no_strict_e1_improvement,0,,,,,1,0,1,1,0,1,0,1,0,0,-1,current,0,0,0.049107376975007354,0.049107376975007354,31,0,0,0,0,0,0,0,0.0,0.7,0.85,0.775,0.775,0,0.0,0.7,0.85,0.775,0.775,0,0.0,0.7,0.85,0.775,0.775,0,0.0,0.7,0.85,0.775,0.775
1179,max_rounds,0,,,,,1,1,2,1,1,1,1,1,0,0,0,s1a3_greedy,1,0,0.30231650206260385,0.20620544237317517,14,2,2,1,1,-1,0,0,0.08,0.4,0.3,0.35,0.425,0,0.08,0.4,0.3,0.35,0.425,0,0.04,0.45,0.7,0.575,0.6,0,0.04,0.45,0.7,0.575,0.6
1180,max_rounds,0,,,,,1,1,2,1,1,1,1,1,0,0,0,s1a3_greedy,1,0,0.16913558766973438,0.11268231762369396,28,0,0,0,0,0,0,0,0.0,0.65,0.8,0.725,0.725,0,0.0,0.65,0.8,0.725,0.725,0,0.0,0.75,1.0,0.875,0.875,0,0.0,0.75,1.0,0.875,0.875
1181,max_rounds,0,,,,,1,1,2,1,1,1,1,1,0,0,0,s1a3_greedy,1,0,0.15033778396900743,0.14075172727461904,21,0,0,0,0,0,0,0,0.0,0.65,0.85,0.75,0.75,0,0.0,0.65,0.85,0.75,0.75,0,0.0,0.65,0.75,0.7,0.75,0,0.0,0.65,0.75,0.7,0.75
1182,no_strict_e1_improvement,0,,,,,1,0,2,1,1,1,1,1,0,0,-1,current,0,0,0.15923244105651974,0.15923244105651974,23,20,20,20,20,0,0,0,0.8,0.6,0.85,0.725,0.75,0,0.8,0.6,0.85,0.725,0.75,0,0.8,0.6,0.85,0.725,0.75,0,0.8,0.6,0.85,0.725,0.75
1183,max_rounds,0,,,,,1,1,2,1,1,1,1,1,0,0,0,s1a3_greedy,1,0,0.19510350404307247,0.1508880368230166,14,0,0,0,0,0,0,0,0.0,0.15,0.35,0.25,0.375,0,0.0,0.15,0.35,0.25,0.375,0,0.0,0.65,0.5,0.575,0.6,0,0.0,0.65,0.5,0.575,0.6
1184,max_rounds,0,,,,,1,1,2,1,1,1,1,1,0,0,0,s1a3_greedy,1,0,0.17586049556557554,0.17061615505081135,17,5,5,7,7,2,0,0,0.2,0.5,0.7,0.6,0.625,0,0.2,0.5,0.7,0.6,0.625,0,0.28,0.55,0.55,0.55,0.625,0,0.28,0.55,0.55,0.55,0.625
1185,no_strict_e1_improvement,0,,,,,1,0,1,1,0,1,0,1,0,0,-1,current,0,0,0.004321674117818475,0.004321674117818475,38,25,25,25,25,0,0,1,1.0,1.0,1.0,1.0,1.0,1,1.0,1.0,1.0,1.0,1.0,1,1.0,1.0,1.0,1.0,1.0,1,1.0,1.0,1.0,1.0,1.0
1186,no_strict_e1_improvement,0,,,,,1,0,1,1,0,1,0,1,0,0,-1,current,0,0,0.10697071440517902,0.10697071440517902,32,19,19,19,19,0,0,0,0.76,0.8,0.8,0.8,0.825,0,0.76,0.8,0.8,0.8,0.825,0,0.76,0.8,0.8,0.8,0.825,0,0.76,0.8,0.8,0.8,0.825
1187,small_component,0,,,,,1,0,0,0,0,0,0,1,0,0,-1,current,0,0,0.1969558319367934,0.1969558319367934,19,2,2,2,2,0,0,0,0.08,0.45,0.15,0.3,0.35,0,0.08,0.45,0.15,0.3,0.35,0,0.08,0.45,0.15,0.3,0.35,0,0.08,0.45,0.15,0.3,0.35
1188,max_rounds,0,,,,,1,1,2,1,1,1,1,1,0,0,0,s1a3_greedy,1,0,0.2116721074329689,0.1945305748609826,19,0,0,0,0,0,0,0,0.0,0.4,0.7,0.55,0.6,0,0.0,0.4,0.7,0.55,0.6,0,0.0,0.5,0.7,0.6,0.675,0,0.0,0.5,0.7,0.6,0.675
1189,max_rounds,0,,,,,1,1,2,1,1,1,1,1,0,0,0,s1a3_greedy,1,0,0.3089245761744678,0.16905877712706568,19,1,1,0,0,-1,0,0,0.04,0.25,0.45,0.35,0.425,0,0.04,0.25,0.45,0.35,0.425,0,0.0,0.65,0.6,0.625,0.7,0,0.0,0.65,0.6,0.625,0.7
1190,no_strict_e1_improvement,0,,,,,1,0,1,1,0,1,0,1,0,0,-1,current,0,0,0.05980337692890316,0.05980337692890316,30,25,25,25,25,0,0,1,1.0,1.0,1.0,1.0,1.0,1,1.0,1.0,1.0,1.0,1.0,1,1.0,1.0,1.0,1.0,1.0,1,1.0,1.0,1.0,1.0,1.0
1191,max_rounds,0,,,,,1,1,2,1,1,1,1,1,0,0,0,s1a3_greedy,1,0,0.15058816857635976,0.058486582845216614,26,19,19,25,25,6,0,0,0.76,0.75,0.65,0.7,0.775,0,0.76,0.75,0.65,0.7,0.775,1,1.0,1.0,1.0,1.0,1.0,1,1.0,1.0,1.0,1.0,1.0
1192,no_strict_e1_improvement,0,,,,,1,0,2,1,1,1,1,1,0,0,-1,current,0,0,0.04224756704643369,0.04224756704643369,28,21,21,21,21,0,0,0,0.84,0.8,0.8,0.8,0.8,0,0.84,0.8,0.8,0.8,0.8,0,0.84,0.8,0.8,0.8,0.8,0,0.84,0.8,0.8,0.8,0.8
1193,no_strict_e1_improvement,0,,,,,1,0,2,1,1,1,1,1,0,0,-1,current,0,0,0.1585638945689425,0.1585638945689425,26,0,0,0,0,0,0,0,0.0,0.8,0.4,0.6,0.625,0,0.0,0.8,0.4,0.6,0.625,0,0.0,0.8,0.4,0.6,0.625,0,0.0,0.8,0.4,0.6,0.625
1194,no_strict_e1_improvement,0,,,,,1,0,1,1,0,1,0,1,0,0,-1,current,0,0,0.0848969221347943,0.0848969221347943,26,0,0,0,0,0,0,0,0.0,0.85,0.75,0.8,0.85,0,0.0,0.85,0.75,0.8,0.85,0,0.0,0.85,0.75,0.8,0.85,0,0.0,0.85,0.75,0.8,0.85
1195,max_rounds,0,,,,,1,1,2,1,1,1,1,1,0,0,0,s1a3_greedy,1,0,0.32024154588580134,0.18437851313501596,16,0,0,0,0,0,0,0,0.0,0.05,0.2,0.125,0.2,0,0.0,0.05,0.2,0.125,0.2,0,0.0,0.05,0.15,0.1,0.25,0,0.0,0.05,0.15,0.1,0.25
1196,max_rounds,0,,,,,1,1,2,1,1,1,1,1,0,0,0,s1a3_greedy,1,0,0.24929685156093911,0.23035486798034982,13,1,1,4,4,3,0,0,0.04,0.3,0.25,0.275,0.375,0,0.04,0.3,0.25,0.275,0.375,0,0.16,0.4,0.15,0.275,0.325,0,0.16,0.4,0.15,0.275,0.325
1197,max_rounds,0,,,,,1,1,2,1,1,1,1,1,0,0,0,s1a3_greedy,1,0,0.1905492613092065,0.16995624867267906,20,0,0,0,0,0,0,0,0.0,0.2,0.5,0.35,0.35,0,0.0,0.2,0.5,0.35,0.35,0,0.0,0.15,0.65,0.4,0.5,0,0.0,0.15,0.65,0.4,0.5
1198,no_strict_e1_improvement,0,,,,,1,0,1,1,0,1,0,1,0,0,-1,current,0,0,0.10187858864665031,0.10187858864665031,32,0,0,0,0,0,0,0,0.0,0.75,0.95,0.85,0.85,0,0.0,0.75,0.95,0.85,0.85,0,0.0,0.75,0.95,0.85,0.85,0,0.0,0.75,0.95,0.85,0.85
1199,max_rounds,0,,,,,1,1,2,1,1,1,1,1,0,0,0,s1a3_greedy,1,0,0.23255736492574214,0.16551999263465406,23,15,15,0,0,-15,0,0,0.6,0.35,0.55,0.45,0.45,0,0.6,0.35,0.55,0.45,0.45,0,0.0,0.75,0.6,0.675,0.675,0,0.0,0.75,0.6,0.675,0.675
1200,small_component,0,,,,,1,0,0,0,0,0,0,1,0,0,-1,current,0,0,0.32596101858653126,0.32596101858653126,16,0,0,0,0,0,0,0,0.0,0.1,0.4,0.25,0.375,0,0.0,0.1,0.4,0.25,0.375,0,0.0,0.1,0.4,0.25,0.375,0,0.0,0.1,0.4,0.25,0.375
1201,max_rounds,0,,,,,1,1,2,1,1,1,1,1,0,0,0,s1a3_greedy,1,0,0.26909905972424897,0.10650663708802313,17,0,0,0,0,0,0,0,0.0,0.65,0.45,0.55,0.625,0,0.0,0.65,0.45,0.55,0.625,0,0.0,0.6,0.65,0.625,0.65,0,0.0,0.6,0.65,0.625,0.65
1202,max_rounds,0,,,,,1,1,2,1,1,1,1,1,0,0,0,s1a3_greedy,1,0,0.2249567016493529,0.10967215921264142,13,3,3,0,0,-3,0,0,0.12,0.05,0.45,0.25,0.325,0,0.12,0.05,0.45,0.25,0.325,0,0.0,0.2,0.3,0.25,0.325,0,0.0,0.2,0.3,0.25,0.325
1203,partial_completed__no_strict_e1_improvement,1,,5,2,4,1,0,2,1,1,1,1,1,0,0,-1,current,1,0,0.16284507899545134,0.16284507899545134,24,14,17,17,17,3,0,0,0.56,0.45,0.65,0.55,0.55,0,0.68,0.55,0.75,0.65,0.7,0,0.68,0.55,0.75,0.65,0.7,0,0.68,0.55,0.75,0.65,0.7
1204,max_rounds,0,,,,,1,1,2,1,1,1,1,1,0,0,0,s1a3_greedy,1,0,0.24091035234741867,0.13049712090287358,22,0,0,0,0,0,0,0,0.0,0.3,0.4,0.35,0.425,0,0.0,0.3,0.4,0.35,0.425,0,0.0,0.4,0.65,0.525,0.625,0,0.0,0.4,0.65,0.525,0.625
1205,no_strict_e1_improvement,0,,,,,1,0,2,1,1,1,1,1,0,0,-1,current,0,0,0.13975402116775512,0.13975402116775512,27,0,0,0,0,0,0,0,0.0,0.95,0.75,0.85,0.85,0,0.0,0.95,0.75,0.85,0.85,0,0.0,0.95,0.75,0.85,0.85,0,0.0,0.95,0.75,0.85,0.85
1206,partial_completed__no_strict_e1_improvement,1,,5,2,4,1,0,2,1,1,1,1,1,0,0,-1,current,1,0,0.1944036472705193,0.1944036472705193,21,0,2,2,2,2,0,0,0.0,0.45,0.5,0.475,0.525,0,0.08,0.45,0.6,0.525,0.575,0,0.08,0.45,0.6,0.525,0.575,0,0.08,0.45,0.6,0.525,0.575
1207,no_strict_e1_improvement,0,,,,,1,0,2,1,1,1,1,1,0,0,-1,current,0,0,0.14024237785488367,0.14024237785488367,24,0,0,0,0,0,0,0,0.0,0.4,0.75,0.575,0.675,0,0.0,0.4,0.75,0.575,0.675,0,0.0,0.4,0.75,0.575,0.675,0,0.0,0.4,0.75,0.575,0.675
1208,max_rounds,0,,,,,1,1,2,1,1,1,1,1,0,0,0,s1a3_greedy,1,0,0.2741034601815045,0.1566383508499712,19,3,3,3,3,0,0,0,0.12,0.35,0.25,0.3,0.325,0,0.12,0.35,0.25,0.3,0.325,0,0.12,0.45,0.4,0.425,0.475,0,0.12,0.45,0.4,0.425,0.475
1209,no_strict_e1_improvement,0,,,,,1,0,2,1,1,1,1,1,0,0,-1,current,0,0,0.25916794370859864,0.25916794370859864,17,5,5,5,5,0,0,0,0.2,0.35,0.45,0.4,0.45,0,0.2,0.35,0.45,0.4,0.45,0,0.2,0.35,0.45,0.4,0.45,0,0.2,0.35,0.45,0.4,0.45
1210,no_strict_e1_improvement,0,,,,,1,0,1,1,0,1,0,1,0,0,-1,current,0,0,0.03507317618932575,0.03507317618932575,33,25,25,25,25,0,0,1,1.0,1.0,1.0,1.0,1.0,1,1.0,1.0,1.0,1.0,1.0,1,1.0,1.0,1.0,1.0,1.0,1,1.0,1.0,1.0,1.0,1.0
1211,no_strict_e1_improvement,0,,,,,1,0,2,1,1,1,1,1,0,0,-1,current,0,0,0.03244364280253649,0.03244364280253649,34,25,25,25,25,0,0,1,1.0,1.0,1.0,1.0,1.0,1,1.0,1.0,1.0,1.0,1.0,1,1.0,1.0,1.0,1.0,1.0,1,1.0,1.0,1.0,1.0,1.0
1212,partial_completed__no_strict_e1_improvement,1,,5,2,3,1,0,1,1,0,1,0,1,0,0,-1,current,1,0,0.11251128211151809,0.11251128211151809,29,10,10,10,10,0,0,0,0.4,0.5,0.8,0.65,0.65,0,0.4,0.5,1.0,0.75,0.75,0,0.4,0.5,1.0,0.75,0.75,0,0.4,0.5,1.0,0.75,0.75
1213,max_rounds,0,,,,,1,1,2,1,1,1,1,1,0,0,0,s1a3_greedy,1,0,0.2453089452115819,0.2238010091125034,14,2,2,0,0,-2,0,0,0.08,0.2,0.35,0.275,0.325,0,0.08,0.2,0.35,0.275,0.325,0,0.0,0.25,0.25,0.25,0.3,0,0.0,0.25,0.25,0.25,0.3
1214,no_strict_e1_improvement,0,,,,,1,0,1,1,0,1,0,1,0,0,-1,current,0,0,0.07209873511164915,0.07209873511164915,26,1,1,1,1,0,0,0,0.04,0.6,0.9,0.75,0.775,0,0.04,0.6,0.9,0.75,0.775,0,0.04,0.6,0.9,0.75,0.775,0,0.04,0.6,0.9,0.75,0.775
1215,small_component,0,,,,,1,0,0,0,0,0,0,1,0,0,-1,current,0,0,0.27258120459737256,0.27258120459737256,15,0,0,0,0,0,0,0,0.0,0.2,0.4,0.3,0.35,0,0.0,0.2,0.4,0.3,0.35,0,0.0,0.2,0.4,0.3,0.35,0,0.0,0.2,0.4,0.3,0.35
1216,no_strict_e1_improvement,0,,,,,1,0,1,1,0,1,0,1,0,0,-1,current,0,0,0.04623578796163201,0.04623578796163201,30,25,25,25,25,0,0,1,1.0,1.0,1.0,1.0,1.0,1,1.0,1.0,1.0,1.0,1.0,1,1.0,1.0,1.0,1.0,1.0,1,1.0,1.0,1.0,1.0,1.0
1217,no_strict_e1_improvement,0,,,,,1,0,2,1,1,1,1,1,0,0,-1,current,0,0,0.1154916217084974,0.1154916217084974,20,0,0,0,0,0,0,0,0.0,0.5,0.6,0.55,0.6,0,0.0,0.5,0.6,0.55,0.6,0,0.0,0.5,0.6,0.55,0.6,0,0.0,0.5,0.6,0.55,0.6
1218,max_rounds,0,,,,,1,1,2,1,1,1,1,1,0,0,0,s1a3_greedy,1,0,0.11461366474395618,0.10939980366965756,22,0,0,0,0,0,0,0,0.0,0.55,0.85,0.7,0.7,0,0.0,0.55,0.85,0.7,0.7,0,0.0,0.6,0.85,0.725,0.725,0,0.0,0.6,0.85,0.725,0.725
1219,no_strict_e1_improvement,0,,,,,1,0,1,1,0,1,0,1,0,0,-1,current,0,0,0.030628570780390874,0.030628570780390874,32,25,25,25,25,0,0,1,1.0,1.0,1.0,1.0,1.0,1,1.0,1.0,1.0,1.0,1.0,1,1.0,1.0,1.0,1.0,1.0,1,1.0,1.0,1.0,1.0,1.0
1220,no_strict_e1_improvement,0,,,,,1,0,2,1,1,1,1,1,0,0,-1,current,0,0,0.2243030714802444,0.2243030714802444,19,1,1,1,1,0,0,0,0.04,0.1,0.5,0.3,0.375,0,0.04,0.1,0.5,0.3,0.375,0,0.04,0.1,0.5,0.3,0.375,0,0.04,0.1,0.5,0.3,0.375
1221,max_rounds,0,,,,,1,1,2,1,1,1,1,1,0,0,0,s1a3_greedy,1,0,0.10149950361810625,0.08532710762228816,18,1,1,2,2,1,0,0,0.04,0.45,0.8,0.625,0.65,0,0.04,0.45,0.8,0.625,0.65,0,0.08,0.65,0.75,0.7,0.725,0,0.08,0.65,0.75,0.7,0.725
1222,no_strict_e1_improvement,0,,,,,1,0,1,1,0,1,0,1,0,0,-1,current,0,0,0.010042195417918265,0.010042195417918265,37,25,25,25,25,0,0,1,1.0,1.0,1.0,1.0,1.0,1,1.0,1.0,1.0,1.0,1.0,1,1.0,1.0,1.0,1.0,1.0,1,1.0,1.0,1.0,1.0,1.0
1223,max_rounds,0,,,,,1,1,2,1,1,1,1,1,0,0,0,s1a3_greedy,1,0,0.24755469295196236,0.2220057602855377,20,0,0,0,0,0,0,0,0.0,0.6,0.4,0.5,0.525,0,0.0,0.6,0.4,0.5,0.525,0,0.0,0.7,0.4,0.55,0.575,0,0.0,0.7,0.4,0.55,0.575
1224,max_rounds,0,,,,,1,1,2,1,1,1,1,1,0,0,0,s1a3_greedy,1,0,0.2527102309046313,0.14116253261454403,16,0,0,0,0,0,0,0,0.0,0.35,0.5,0.425,0.5,0,0.0,0.35,0.5,0.425,0.5,0,0.0,0.35,0.5,0.425,0.45,0,0.0,0.35,0.5,0.425,0.45
1225,max_rounds,0,,,,,1,1,2,1,1,1,1,1,0,0,0,s1a3_greedy,1,0,0.17946100714616478,0.08215614347718656,22,0,0,0,0,0,0,0,0.0,0.6,0.5,0.55,0.575,0,0.0,0.6,0.5,0.55,0.575,0,0.0,0.85,0.75,0.8,0.825,0,0.0,0.85,0.75,0.8,0.825
1226,max_rounds,0,,,,,1,1,2,1,1,1,1,1,0,0,0,s1a3_greedy,1,0,0.36041201022453606,0.22693604996893554,14,0,0,0,0,0,0,0,0.0,0.15,0.35,0.25,0.325,0,0.0,0.15,0.35,0.25,0.325,0,0.0,0.25,0.4,0.325,0.5,0,0.0,0.25,0.4,0.325,0.5
1227,partial_completed__small_component,1,,10,3,6,1,0,0,0,0,0,0,1,0,0,-1,current,1,0,0.21456554867327213,0.21456554867327213,14,6,0,0,0,-6,0,0,0.24,0.4,0.15,0.275,0.3,0,0.0,0.45,0.2,0.325,0.4,0,0.0,0.45,0.2,0.325,0.4,0,0.0,0.45,0.2,0.325,0.4
1228,max_rounds,0,,,,,1,1,2,1,1,1,1,1,0,0,0,s1a3_greedy,1,0,0.16452376857341733,0.11347281027119607,21,1,1,0,0,-1,0,0,0.04,0.8,0.65,0.725,0.725,0,0.04,0.8,0.65,0.725,0.725,0,0.0,0.85,0.7,0.775,0.775,0,0.0,0.85,0.7,0.775,0.775
1229,max_rounds,0,,,,,1,1,2,1,1,1,1,1,0,0,0,s1a3_greedy,1,0,0.20026774359866978,0.16423964918358253,15,1,1,1,1,0,0,0,0.04,0.4,0.05,0.225,0.3,0,0.04,0.4,0.05,0.225,0.3,0,0.04,0.5,0.1,0.3,0.325,0,0.04,0.5,0.1,0.3,0.325
1230,no_strict_e1_improvement,0,,,,,1,0,2,1,1,1,1,1,0,0,-1,current,0,0,0.041808226192370054,0.041808226192370054,33,25,25,25,25,0,0,1,1.0,1.0,1.0,1.0,1.0,1,1.0,1.0,1.0,1.0,1.0,1,1.0,1.0,1.0,1.0,1.0,1,1.0,1.0,1.0,1.0,1.0
1231,max_rounds,0,,,,,1,1,2,1,1,1,1,1,0,0,0,s1a3_greedy,1,0,0.1628133603138849,0.13617118432957795,20,13,13,18,18,5,0,0,0.52,0.55,0.45,0.5,0.6,0,0.52,0.55,0.45,0.5,0.6,0,0.72,0.65,0.7,0.675,0.725,0,0.72,0.65,0.7,0.675,0.725
1232,max_rounds,0,,,,,1,1,2,1,1,1,1,1,0,0,0,s1a3_greedy,1,0,0.09572414272406604,0.02203783282020595,32,20,20,25,25,5,0,0,0.8,0.8,0.7,0.75,0.775,0,0.8,0.8,0.7,0.75,0.775,1,1.0,1.0,1.0,1.0,1.0,1,1.0,1.0,1.0,1.0,1.0
1233,no_strict_e1_improvement,0,,,,,1,0,1,1,0,1,0,1,0,0,-1,current,0,0,0.006459287903271616,0.006459287903271616,37,25,25,25,25,0,0,1,1.0,1.0,1.0,1.0,1.0,1,1.0,1.0,1.0,1.0,1.0,1,1.0,1.0,1.0,1.0,1.0,1,1.0,1.0,1.0,1.0,1.0
1234,no_strict_e1_improvement,0,,,,,1,0,2,1,1,1,1,1,0,0,-1,current,0,0,0.20648425547406077,0.20648425547406077,22,20,20,20,20,0,0,0,0.8,0.6,0.6,0.6,0.625,0,0.8,0.6,0.6,0.6,0.625,0,0.8,0.6,0.6,0.6,0.625,0,0.8,0.6,0.6,0.6,0.625
1235,max_rounds,0,,,,,1,1,2,1,1,1,1,1,0,0,0,s1a3_greedy,1,0,0.16182937351986765,0.11588928550481796,26,0,0,0,0,0,0,0,0.0,0.6,0.8,0.7,0.75,0,0.0,0.6,0.8,0.7,0.75,0,0.0,0.75,0.8,0.775,0.825,0,0.0,0.75,0.8,0.775,0.825
1236,partial_completed__max_rounds,1,,5,2,4,1,1,2,1,1,1,1,1,0,0,0,s1a3_greedy,1,0,0.2602006124332547,0.23357517069671302,15,0,0,0,0,0,0,0,0.0,0.3,0.2,0.25,0.3,0,0.0,0.35,0.2,0.275,0.35,0,0.0,0.35,0.2,0.275,0.35,0,0.0,0.35,0.2,0.275,0.35
1237,max_rounds,0,,,,,1,1,2,1,1,1,1,1,0,0,0,s1a3_greedy,1,0,0.24906961771193892,0.23756969787646084,20,3,3,2,2,-1,0,0,0.12,0.4,0.5,0.45,0.525,0,0.12,0.4,0.5,0.45,0.525,0,0.08,0.35,0.4,0.375,0.475,0,0.08,0.35,0.4,0.375,0.475
1238,no_strict_e1_improvement,0,,,,,1,0,1,1,0,1,0,1,0,0,-1,current,0,0,0.030337401700671764,0.030337401700671764,32,23,23,23,23,0,0,0,0.92,0.9,0.9,0.9,0.925,0,0.92,0.9,0.9,0.9,0.925,0,0.92,0.9,0.9,0.9,0.925,0,0.92,0.9,0.9,0.9,0.925
1239,no_strict_e1_improvement,0,,,,,1,0,2,1,1,1,1,1,0,0,-1,current,0,0,0.1354072256712243,0.1354072256712243,28,0,0,0,0,0,0,0,0.0,0.75,0.9,0.825,0.825,0,0.0,0.75,0.9,0.825,0.825,0,0.0,0.75,0.9,0.825,0.825,0,0.0,0.75,0.9,0.825,0.825
1240,no_strict_e1_improvement,0,,,,,1,0,1,1,0,1,0,1,0,0,-1,current,0,0,0.07650538693415002,0.07650538693415002,30,15,15,15,15,0,0,0,0.6,0.9,0.75,0.825,0.825,0,0.6,0.9,0.75,0.825,0.825,0,0.6,0.9,0.75,0.825,0.825,0,0.6,0.9,0.75,0.825,0.825
1241,no_strict_e1_improvement,0,,,,,1,0,1,1,0,1,0,1,0,0,-1,current,0,0,0.016166122572030872,0.016166122572030872,34,25,25,25,25,0,0,1,1.0,1.0,1.0,1.0,1.0,1,1.0,1.0,1.0,1.0,1.0,1,1.0,1.0,1.0,1.0,1.0,1,1.0,1.0,1.0,1.0,1.0
1242,no_strict_e1_improvement,0,,,,,1,0,1,1,0,1,0,1,0,0,-1,current,0,0,0.028516649804078042,0.028516649804078042,36,0,0,0,0,0,0,0,0.0,1.0,0.75,0.875,0.875,0,0.0,1.0,0.75,0.875,0.875,0,0.0,1.0,0.75,0.875,0.875,0,0.0,1.0,0.75,0.875,0.875
1243,max_rounds,0,,,,,1,1,2,1,1,1,1,1,0,0,0,s1a3_greedy,1,0,0.2002157441340387,0.10602778886677697,18,0,0,0,0,0,0,0,0.0,0.5,0.3,0.4,0.425,0,0.0,0.5,0.3,0.4,0.425,0,0.0,0.45,0.35,0.4,0.45,0,0.0,0.45,0.35,0.4,0.45
1244,max_rounds,0,,,,,1,1,2,1,1,1,1,1,0,0,0,s1a3_greedy,1,0,0.06802083551883698,0.06552356014726683,24,0,0,0,0,0,0,0,0.0,0.6,0.8,0.7,0.7,0,0.0,0.6,0.8,0.7,0.7,0,0.0,0.75,0.9,0.825,0.825,0,0.0,0.75,0.9,0.825,0.825
1245,small_component,0,,,,,1,0,0,0,0,0,0,1,0,0,-1,current,0,0,0.2258417470380664,0.2258417470380664,16,1,1,1,1,0,0,0,0.04,0.25,0.25,0.25,0.3,0,0.04,0.25,0.25,0.25,0.3,0,0.04,0.25,0.25,0.25,0.3,0,0.04,0.25,0.25,0.25,0.3
1246,max_rounds,0,,,,,1,1,2,1,1,1,1,1,0,0,0,s1a3_greedy,1,0,0.32850538357160985,0.17446004084777086,17,0,0,0,0,0,0,0,0.0,0.35,0.4,0.375,0.475,0,0.0,0.35,0.4,0.375,0.475,0,0.0,0.45,0.6,0.525,0.65,0,0.0,0.45,0.6,0.525,0.65
1247,max_rounds,0,,,,,1,1,2,1,1,1,1,1,0,0,0,s1a3_greedy,1,0,0.286218974320218,0.2818536237347871,17,0,0,0,0,0,0,0,0.0,0.65,0.45,0.55,0.65,0,0.0,0.65,0.45,0.55,0.65,0,0.0,0.5,0.4,0.45,0.525,0,0.0,0.5,0.4,0.45,0.525
1248,no_strict_e1_improvement,0,,,,,1,0,1,1,0,1,0,1,0,0,-1,current,0,0,0.008994305948726833,0.008994305948726833,35,25,25,25,25,0,0,1,1.0,1.0,1.0,1.0,1.0,1,1.0,1.0,1.0,1.0,1.0,1,1.0,1.0,1.0,1.0,1.0,1,1.0,1.0,1.0,1.0,1.0
1249,partial_completed__max_rounds,1,,5,2,4,1,1,2,1,1,1,1,1,0,0,0,s1a3_greedy,1,0,0.1776237955316901,0.14852289732079954,24,0,0,5,5,5,0,0,0.0,0.25,0.75,0.5,0.5,0,0.0,0.25,0.9,0.575,0.575,0,0.2,0.25,1.0,0.625,0.75,0,0.2,0.25,1.0,0.625,0.75
1250,no_strict_e1_improvement,0,,,,,1,0,1,1,0,1,0,1,0,0,-1,current,0,0,0.12473165495903231,0.12473165495903231,29,0,0,0,0,0,0,0,0.0,0.65,0.75,0.7,0.75,0,0.0,0.65,0.75,0.7,0.75,0,0.0,0.65,0.75,0.7,0.75,0,0.0,0.65,0.75,0.7,0.75
1251,no_strict_e1_improvement,0,,,,,1,0,2,1,1,1,1,1,0,0,-1,current,0,0,0.17202065418678103,0.17202065418678103,19,0,0,0,0,0,0,0,0.0,0.2,0.3,0.25,0.325,0,0.0,0.2,0.3,0.25,0.325,0,0.0,0.2,0.3,0.25,0.325,0,0.0,0.2,0.3,0.25,0.325
1252,max_rounds,0,,,,,1,1,2,1,1,1,1,1,0,0,0,s1a3_greedy,1,0,0.20221903251076584,0.1489154914084793,8,1,1,0,0,-1,0,0,0.04,0.15,0.05,0.1,0.275,0,0.04,0.15,0.05,0.1,0.275,0,0.0,0.05,0.2,0.125,0.2,0,0.0,0.05,0.2,0.125,0.2
1253,max_rounds,0,,,,,1,1,2,1,1,1,1,1,0,0,0,s1a3_greedy,1,0,0.12193290501309093,0.02181370207981672,29,23,23,25,25,2,0,0,0.92,0.85,0.8,0.825,0.825,0,0.92,0.85,0.8,0.825,0.825,1,1.0,1.0,1.0,1.0,1.0,1,1.0,1.0,1.0,1.0,1.0
1254,no_strict_e1_improvement,0,,,,,1,0,1,1,0,1,0,1,0,0,-1,current,0,0,0.041253733821213244,0.041253733821213244,34,25,25,25,25,0,0,1,1.0,1.0,1.0,1.0,1.0,1,1.0,1.0,1.0,1.0,1.0,1,1.0,1.0,1.0,1.0,1.0,1,1.0,1.0,1.0,1.0,1.0
1255,no_strict_e1_improvement,0,,,,,1,0,1,1,0,1,0,1,0,0,-1,current,0,0,0.03606436639092862,0.03606436639092862,31,0,0,0,0,0,0,0,0.0,0.75,1.0,0.875,0.875,0,0.0,0.75,1.0,0.875,0.875,0,0.0,0.75,1.0,0.875,0.875,0,0.0,0.75,1.0,0.875,0.875
1256,max_rounds,0,,,,,1,1,2,1,1,1,1,1,0,0,0,s1a3_greedy,1,0,0.16106527146766894,0.10880621955730022,18,0,0,0,0,0,0,0,0.0,0.35,0.45,0.4,0.4,0,0.0,0.35,0.45,0.4,0.4,0,0.0,0.3,0.45,0.375,0.45,0,0.0,0.3,0.45,0.375,0.45
1257,no_strict_e1_improvement,0,,,,,1,0,2,1,1,1,1,1,0,0,-1,current,0,0,0.1217828708817251,0.1217828708817251,25,0,0,0,0,0,0,0,0.0,0.9,0.75,0.825,0.825,0,0.0,0.9,0.75,0.825,0.825,0,0.0,0.9,0.75,0.825,0.825,0,0.0,0.9,0.75,0.825,0.825
1258,partial_completed__max_rounds,1,,5,2,3,1,1,2,1,1,1,1,1,0,0,0,s1a3_greedy,1,0,0.15866629243828356,0.1145936452812748,24,4,2,0,0,-4,0,0,0.16,0.25,0.7,0.475,0.475,0,0.08,0.25,0.85,0.55,0.55,0,0.0,0.25,0.85,0.55,0.575,0,0.0,0.25,0.85,0.55,0.575
1259,no_strict_e1_improvement,0,,,,,1,0,2,1,1,1,1,1,0,0,-1,current,0,0,0.1734009557403624,0.1734009557403624,19,0,0,0,0,0,0,0,0.0,0.65,0.7,0.675,0.675,0,0.0,0.65,0.7,0.675,0.675,0,0.0,0.65,0.7,0.675,0.675,0,0.0,0.65,0.7,0.675,0.675
1260,no_strict_e1_improvement,0,,,,,1,0,2,1,1,1,1,1,0,0,-1,current,0,0,0.1254663707688451,0.1254663707688451,24,11,11,11,11,0,0,0,0.44,0.7,0.65,0.675,0.675,0,0.44,0.7,0.65,0.675,0.675,0,0.44,0.7,0.65,0.675,0.675,0,0.44,0.7,0.65,0.675,0.675
1261,max_rounds,0,,,,,1,1,2,1,1,1,1,1,0,0,0,s1a3_greedy,1,0,0.2023254010360688,0.08949951059184968,25,14,14,19,19,5,0,0,0.56,0.45,0.55,0.5,0.575,0,0.56,0.45,0.55,0.5,0.575,0,0.76,0.65,0.75,0.7,0.75,0,0.76,0.65,0.75,0.7,0.75
1262,no_strict_e1_improvement,0,,,,,1,0,2,1,1,1,1,1,0,0,-1,current,0,0,0.1602119006216526,0.1602119006216526,22,19,19,19,19,0,0,0,0.76,0.85,0.5,0.675,0.775,0,0.76,0.85,0.5,0.675,0.775,0,0.76,0.85,0.5,0.675,0.775,0,0.76,0.85,0.5,0.675,0.775
1263,partial_completed__max_rounds,1,,5,2,4,1,1,2,1,1,1,1,1,0,0,0,s1a3_greedy,1,0,0.23600239539518952,0.1033724789507687,23,0,0,0,0,0,0,0,0.0,0.35,0.35,0.35,0.35,0,0.0,0.4,0.5,0.45,0.45,0,0.0,0.25,0.6,0.425,0.475,0,0.0,0.25,0.6,0.425,0.475
1264,max_rounds,0,,,,,1,1,2,1,1,1,1,1,0,0,0,s1a3_greedy,1,0,0.11935101430863142,0.06319146243622527,34,0,0,0,0,0,0,0,0.0,0.45,0.85,0.65,0.75,0,0.0,0.45,0.85,0.65,0.75,0,0.0,0.75,0.95,0.85,0.85,0,0.0,0.75,0.95,0.85,0.85
1265,no_strict_e1_improvement,0,,,,,1,0,1,1,0,1,0,1,0,0,-1,current,0,0,0.025566595303826035,0.025566595303826035,31,25,25,25,25,0,0,1,1.0,1.0,1.0,1.0,1.0,1,1.0,1.0,1.0,1.0,1.0,1,1.0,1.0,1.0,1.0,1.0,1,1.0,1.0,1.0,1.0,1.0
1266,partial_completed__max_rounds,1,,5,2,4,1,1,2,1,1,1,1,1,0,0,0,s1a3_greedy,1,0,0.10613375906832516,0.09148655459284782,30,19,23,23,23,4,0,0,0.76,0.65,0.75,0.7,0.7,0,0.92,0.85,0.9,0.875,0.875,0,0.92,0.9,0.85,0.875,0.9,0,0.92,0.9,0.85,0.875,0.9
1267,no_strict_e1_improvement,0,,,,,1,0,2,1,1,1,1,1,0,0,-1,current,0,0,0.2605506182735553,0.2605506182735553,15,1,1,1,1,0,0,0,0.04,0.45,0.35,0.4,0.525,0,0.04,0.45,0.35,0.4,0.525,0,0.04,0.45,0.35,0.4,0.525,0,0.04,0.45,0.35,0.4,0.525
1268,max_rounds,0,,,,,1,1,2,1,1,1,1,1,0,0,0,s1a3_greedy,1,0,0.14558709906414152,0.14367471234872936,26,0,0,0,0,0,0,0,0.0,0.9,0.5,0.7,0.725,0,0.0,0.9,0.5,0.7,0.725,0,0.0,0.85,0.55,0.7,0.725,0,0.0,0.85,0.55,0.7,0.725
1269,max_rounds,0,,,,,1,1,2,1,1,1,1,1,0,0,0,s1a3_greedy,1,0,0.1993791743181646,0.06968988301232457,25,0,0,0,0,0,0,0,0.0,0.65,0.4,0.525,0.625,0,0.0,0.65,0.4,0.525,0.625,0,0.0,0.9,0.55,0.725,0.725,0,0.0,0.9,0.55,0.725,0.725
1270,max_rounds,0,,,,,1,1,2,1,1,1,1,1,0,0,0,s1a3_greedy,1,0,0.20190334967337548,0.06585921933874488,19,1,1,0,0,-1,0,0,0.04,0.35,0.4,0.375,0.45,0,0.04,0.35,0.4,0.375,0.45,0,0.0,0.7,0.75,0.725,0.725,0,0.0,0.7,0.75,0.725,0.725
1271,max_rounds,0,,,,,1,1,2,1,1,1,1,1,0,0,0,s1a3_greedy,1,0,0.18782289570663124,0.10128654099535198,25,1,1,0,0,-1,0,0,0.04,0.5,0.55,0.525,0.525,0,0.04,0.5,0.55,0.525,0.525,0,0.0,0.55,0.9,0.725,0.725,0,0.0,0.55,0.9,0.725,0.725
1272,max_rounds,0,,,,,1,1,2,1,1,1,1,1,0,0,0,s1a3_greedy,1,0,0.11030099159688689,0.03578825128497556,20,0,0,0,0,0,0,0,0.0,0.4,0.6,0.5,0.525,0,0.0,0.4,0.6,0.5,0.525,0,0.0,0.65,0.75,0.7,0.7,0,0.0,0.65,0.75,0.7,0.7
1273,no_strict_e1_improvement,0,,,,,1,0,1,1,0,1,0,1,0,0,-1,current,0,0,0.021394348004832864,0.021394348004832864,34,25,25,25,25,0,0,1,1.0,1.0,1.0,1.0,1.0,1,1.0,1.0,1.0,1.0,1.0,1,1.0,1.0,1.0,1.0,1.0,1,1.0,1.0,1.0,1.0,1.0
1274,max_rounds,0,,,,,1,1,2,1,1,1,1,1,0,0,0,s1a3_greedy,1,0,0.17685528994770722,0.16968138202792032,17,11,11,11,11,0,0,0,0.44,0.35,0.55,0.45,0.475,0,0.44,0.35,0.55,0.45,0.475,0,0.44,0.35,0.45,0.4,0.45,0,0.44,0.35,0.45,0.4,0.45
1275,no_strict_e1_improvement,0,,,,,1,0,2,1,1,1,1,1,0,0,-1,current,0,0,0.18476682080654427,0.18476682080654427,22,17,17,17,17,0,0,0,0.68,0.65,0.65,0.65,0.675,0,0.68,0.65,0.65,0.65,0.675,0,0.68,0.65,0.65,0.65,0.675,0,0.68,0.65,0.65,0.65,0.675
1276,max_rounds,0,,,,,1,1,2,1,1,1,1,1,0,0,0,s1a3_greedy,1,0,0.17694864578079433,0.06907708891958464,15,14,14,17,17,3,0,0,0.56,0.55,0.35,0.45,0.475,0,0.56,0.55,0.35,0.45,0.475,0,0.68,0.65,0.55,0.6,0.7,0,0.68,0.65,0.55,0.6,0.7
1277,max_rounds,0,,,,,1,1,2,1,1,1,1,1,0,0,0,s1a3_greedy,1,0,0.1612464523408562,0.11831433643237688,16,0,0,0,0,0,0,0,0.0,0.1,0.5,0.3,0.375,0,0.0,0.1,0.5,0.3,0.375,0,0.0,0.25,0.45,0.35,0.425,0,0.0,0.25,0.45,0.35,0.425
1278,partial_completed__max_rounds,1,,5,2,4,1,1,2,1,1,1,1,1,0,0,0,s1a3_greedy,1,0,0.23048363089037593,0.19442759780213237,14,0,1,2,2,2,0,0,0.0,0.1,0.35,0.225,0.3,0,0.04,0.15,0.35,0.25,0.375,0,0.08,0.15,0.3,0.225,0.35,0,0.08,0.15,0.3,0.225,0.35
1279,max_rounds,0,,,,,1,1,2,1,1,1,1,1,0,0,0,s1a3_greedy,1,0,0.3181318872375414,0.2268052266925224,14,0,0,1,1,1,0,0,0.0,0.25,0.25,0.25,0.3,0,0.0,0.25,0.25,0.25,0.3,0,0.04,0.05,0.25,0.15,0.3,0,0.04,0.05,0.25,0.15,0.3
1280,max_rounds,0,,,,,1,1,2,1,1,1,1,1,0,0,0,s1a3_greedy,1,0,0.22834233913599747,0.20701068816124463,14,0,0,1,1,1,0,0,0.0,0.4,0.35,0.375,0.375,0,0.0,0.4,0.35,0.375,0.375,0,0.04,0.45,0.4,0.425,0.45,0,0.04,0.45,0.4,0.425,0.45
1281,small_component,0,,,,,1,0,0,0,0,0,0,1,0,0,-1,current,0,0,0.3015583019645419,0.3015583019645419,15,1,1,1,1,0,0,0,0.04,0.15,0.15,0.15,0.275,0,0.04,0.15,0.15,0.15,0.275,0,0.04,0.15,0.15,0.15,0.275,0,0.04,0.15,0.15,0.15,0.275
1282,max_rounds,0,,,,,1,1,2,1,1,1,1,1,0,0,0,s1a3_greedy,1,0,0.1634400761220604,0.15607029949314893,24,2,2,2,2,0,0,0,0.08,0.35,0.7,0.525,0.625,0,0.08,0.35,0.7,0.525,0.625,0,0.08,0.35,0.7,0.525,0.575,0,0.08,0.35,0.7,0.525,0.575
1283,no_strict_e1_improvement,0,,,,,1,0,2,1,1,1,1,1,0,0,-1,current,0,0,0.11062193345278501,0.11062193345278501,31,0,0,0,0,0,0,0,0.0,0.75,0.95,0.85,0.85,0,0.0,0.75,0.95,0.85,0.85,0,0.0,0.75,0.95,0.85,0.85,0,0.0,0.75,0.95,0.85,0.85
1284,no_strict_e1_improvement,0,,,,,1,0,1,1,0,1,0,1,0,0,-1,current,0,0,0.09080374063923954,0.09080374063923954,29,21,21,21,21,0,0,0,0.84,0.85,0.8,0.825,0.85,0,0.84,0.85,0.8,0.825,0.85,0,0.84,0.85,0.8,0.825,0.85,0,0.84,0.85,0.8,0.825,0.85
1285,max_rounds,0,,,,,1,1,2,1,1,1,1,1,0,0,0,s1a3_greedy,1,0,0.24473994173458777,0.17133685663575307,12,1,1,0,0,-1,0,0,0.04,0.2,0.3,0.25,0.4,0,0.04,0.2,0.3,0.25,0.4,0,0.0,0.15,0.3,0.225,0.3,0,0.0,0.15,0.3,0.225,0.3
1286,no_strict_e1_improvement,0,,,,,1,0,1,1,0,1,0,1,0,0,-1,current,0,0,0.029498313990188763,0.029498313990188763,26,25,25,25,25,0,0,1,1.0,1.0,1.0,1.0,1.0,1,1.0,1.0,1.0,1.0,1.0,1,1.0,1.0,1.0,1.0,1.0,1,1.0,1.0,1.0,1.0,1.0
1287,no_strict_e1_improvement,0,,,,,1,0,2,1,1,1,1,1,0,0,-1,current,0,0,0.1282333444338292,0.1282333444338292,21,22,22,22,22,0,0,0,0.88,0.85,0.85,0.85,0.85,0,0.88,0.85,0.85,0.85,0.85,0,0.88,0.85,0.85,0.85,0.85,0,0.88,0.85,0.85,0.85,0.85
1288,no_strict_e1_improvement,0,,,,,1,0,1,1,0,1,0,1,0,0,-1,current,0,0,0.06586403800174594,0.06586403800174594,30,20,20,20,20,0,0,0,0.8,0.8,0.75,0.775,0.8,0,0.8,0.8,0.75,0.775,0.8,0,0.8,0.8,0.75,0.775,0.8,0,0.8,0.8,0.75,0.775,0.8
1289,max_rounds,0,,,,,1,1,2,1,1,1,1,1,0,0,0,s1a3_greedy,1,0,0.08197123603604269,0.07919642030901741,24,0,0,0,0,0,0,0,0.0,0.65,0.7,0.675,0.725,0,0.0,0.65,0.7,0.675,0.725,0,0.0,0.55,0.75,0.65,0.775,0,0.0,0.55,0.75,0.65,0.775
1290,partial_completed__small_component,1,,10,3,6,1,0,0,0,0,0,0,1,0,0,-1,current,1,0,0.22489291112869977,0.22489291112869977,15,0,1,1,1,1,0,0,0.0,0.0,0.15,0.075,0.125,0,0.04,0.0,0.25,0.125,0.175,0,0.04,0.0,0.25,0.125,0.175,0,0.04,0.0,0.25,0.125,0.175
1291,max_rounds,0,,,,,1,1,2,1,1,1,1,1,0,0,0,s1a3_greedy,1,0,0.10457187682186486,0.061447741610754746,24,0,0,2,2,2,0,0,0.0,0.65,0.9,0.775,0.8,0,0.0,0.65,0.9,0.775,0.8,0,0.08,0.7,0.85,0.775,0.775,0,0.08,0.7,0.85,0.775,0.775
1292,partial_completed__no_strict_e1_improvement,1,,5,2,4,1,0,1,1,0,1,0,1,0,0,-1,current,1,0,0.04941834942437708,0.04941834942437708,32,20,25,25,25,5,0,0,0.8,0.8,0.75,0.775,0.775,1,1.0,1.0,1.0,1.0,1.0,1,1.0,1.0,1.0,1.0,1.0,1,1.0,1.0,1.0,1.0,1.0
1293,max_rounds,0,,,,,1,1,2,1,1,1,1,1,0,0,0,s1a3_greedy,1,0,0.20908584292046725,0.1287221222417429,21,0,0,0,0,0,0,0,0.0,0.35,0.45,0.4,0.475,0,0.0,0.35,0.45,0.4,0.475,0,0.0,0.35,0.5,0.425,0.475,0,0.0,0.35,0.5,0.425,0.475
1294,max_rounds,0,,,,,1,1,2,1,1,1,1,1,0,0,0,s1a3_greedy,1,0,0.23157461975788465,0.22162458377424626,12,2,2,2,2,0,0,0,0.08,0.35,0.2,0.275,0.375,0,0.08,0.35,0.2,0.275,0.375,0,0.08,0.25,0.1,0.175,0.3,0,0.08,0.25,0.1,0.175,0.3
1295,no_strict_e1_improvement,0,,,,,1,0,2,1,1,1,1,1,0,0,-1,current,0,0,0.06464833511709003,0.06464833511709003,26,0,0,0,0,0,0,0,0.0,0.75,1.0,0.875,0.875,0,0.0,0.75,1.0,0.875,0.875,0,0.0,0.75,1.0,0.875,0.875,0,0.0,0.75,1.0,0.875,0.875
1296,partial_completed__no_strict_e1_improvement,1,,5,2,4,1,0,1,1,0,1,0,1,0,0,-1,current,1,0,0.07619109957013279,0.07619109957013279,24,0,0,0,0,0,0,0,0.0,0.65,0.6,0.625,0.625,0,0.0,0.8,0.6,0.7,0.7,0,0.0,0.8,0.6,0.7,0.7,0,0.0,0.8,0.6,0.7,0.7
1297,max_rounds,0,,,,,1,1,2,1,1,1,1,1,0,0,0,s1a3_greedy,1,0,0.09470482883043588,0.03219278891338036,27,22,22,25,25,3,0,0,0.88,0.85,0.8,0.825,0.825,0,0.88,0.85,0.8,0.825,0.825,1,1.0,1.0,1.0,1.0,1.0,1,1.0,1.0,1.0,1.0,1.0
1298,max_rounds,0,,,,,1,1,2,1,1,1,1,1,0,0,0,s1a3_greedy,1,0,0.284616213478148,0.1184691931353882,19,0,0,1,1,1,0,0,0.0,0.25,0.4,0.325,0.375,0,0.0,0.25,0.4,0.325,0.375,0,0.04,0.6,0.55,0.575,0.675,0,0.04,0.6,0.55,0.575,0.675
1299,no_strict_e1_improvement,0,,,,,1,0,1,1,0,1,0,1,0,0,-1,current,0,0,0.01572126502869651,0.01572126502869651,32,25,25,25,25,0,0,1,1.0,1.0,1.0,1.0,1.0,1,1.0,1.0,1.0,1.0,1.0,1,1.0,1.0,1.0,1.0,1.0,1,1.0,1.0,1.0,1.0,1.0
1300,max_rounds,0,,,,,1,1,2,1,1,1,1,1,0,0,0,s1a3_greedy,1,0,0.25272518265119287,0.1598128935089335,20,0,0,0,0,0,0,0,0.0,0.6,0.5,0.55,0.6,0,0.0,0.6,0.5,0.55,0.6,0,0.0,0.7,0.65,0.675,0.675,0,0.0,0.7,0.65,0.675,0.675
1301,max_rounds,0,,,,,1,1,2,1,1,1,1,1,0,0,0,s1a3_greedy,1,0,0.14317168314009904,0.13138033826835455,19,0,0,0,0,0,0,0,0.0,0.55,0.55,0.55,0.6,0,0.0,0.55,0.55,0.55,0.6,0,0.0,0.55,0.5,0.525,0.6,0,0.0,0.55,0.5,0.525,0.6
1302,no_strict_e1_improvement,0,,,,,1,0,1,1,0,1,0,1,0,0,-1,current,0,0,0.047512234223540874,0.047512234223540874,29,0,0,0,0,0,0,0,0.0,0.75,1.0,0.875,0.875,0,0.0,0.75,1.0,0.875,0.875,0,0.0,0.75,1.0,0.875,0.875,0,0.0,0.75,1.0,0.875,0.875
1303,partial_completed__max_rounds,1,,10,3,6,1,1,2,1,1,1,1,1,0,0,0,s1a3_greedy,1,0,0.1821463427011622,0.17825216050841847,13,0,1,0,0,0,0,0,0.0,0.1,0.45,0.275,0.275,0,0.04,0.1,0.65,0.375,0.5,0,0.0,0.1,0.4,0.25,0.4,0,0.0,0.1,0.4,0.25,0.4
1304,no_strict_e1_improvement,0,,,,,1,0,2,1,1,1,1,1,0,0,-1,current,0,0,0.09685071101412177,0.09685071101412177,26,0,0,0,0,0,0,0,0.0,0.6,0.65,0.625,0.625,0,0.0,0.6,0.65,0.625,0.625,0,0.0,0.6,0.65,0.625,0.625,0,0.0,0.6,0.65,0.625,0.625
1305,no_strict_e1_improvement,0,,,,,1,0,2,1,1,1,1,1,0,0,-1,current,0,0,0.12550042441580445,0.12550042441580445,29,0,0,0,0,0,0,0,0.0,0.75,0.95,0.85,0.85,0,0.0,0.75,0.95,0.85,0.85,0,0.0,0.75,0.95,0.85,0.85,0,0.0,0.75,0.95,0.85,0.85
1306,partial_completed__max_rounds,1,,5,2,4,1,1,2,1,1,1,1,1,0,0,0,s1a3_greedy,1,0,0.2116910360753536,0.18050596602261065,23,9,9,10,10,1,0,0,0.36,0.45,0.7,0.575,0.6,0,0.36,0.45,0.85,0.65,0.7,0,0.4,0.5,0.85,0.675,0.725,0,0.4,0.5,0.85,0.675,0.725
1307,max_rounds,0,,,,,1,1,2,1,1,1,1,1,0,0,0,s1a3_greedy,1,0,0.32286708038300277,0.1832283100578934,14,5,5,5,5,0,0,0,0.2,0.1,0.2,0.15,0.275,0,0.2,0.1,0.2,0.15,0.275,0,0.2,0.1,0.3,0.2,0.4,0,0.2,0.1,0.3,0.2,0.4
1308,no_strict_e1_improvement,0,,,,,1,0,1,1,0,1,0,1,0,0,-1,current,0,0,0.06056735973106697,0.06056735973106697,28,0,0,0,0,0,0,0,0.0,0.95,0.75,0.85,0.85,0,0.0,0.95,0.75,0.85,0.85,0,0.0,0.95,0.75,0.85,0.85,0,0.0,0.95,0.75,0.85,0.85
1309,max_rounds,0,,,,,1,1,2,1,1,1,1,1,0,0,0,s1a3_greedy,1,0,0.10218663874547929,0.06403962469194084,28,0,0,0,0,0,0,0,0.0,0.8,0.35,0.575,0.725,0,0.0,0.8,0.35,0.575,0.725,0,0.0,0.9,0.45,0.675,0.775,0,0.0,0.9,0.45,0.675,0.775
1310,max_rounds,0,,,,,1,1,2,1,1,1,1,1,0,0,0,s1a3_greedy,1,0,0.17609422761015595,0.13781584189273416,23,0,0,0,0,0,0,0,0.0,0.5,0.45,0.475,0.5,0,0.0,0.5,0.45,0.475,0.5,0,0.0,0.55,0.55,0.55,0.575,0,0.0,0.55,0.55,0.55,0.575
1311,max_rounds,0,,,,,1,1,2,1,1,1,1,1,0,0,0,s1a3_greedy,1,0,0.05247111429926008,0.047362794959917666,25,23,23,20,20,-3,0,0,0.92,0.85,0.9,0.875,0.875,0,0.92,0.85,0.9,0.875,0.875,0,0.8,0.85,0.75,0.8,0.825,0,0.8,0.85,0.75,0.8,0.825
1312,max_rounds,0,,,,,1,1,2,1,1,1,1,1,0,0,0,s1a3_greedy,1,0,0.18297685560246463,0.12179904635995627,18,13,13,14,14,1,0,0,0.52,0.6,0.3,0.45,0.5,0,0.52,0.6,0.3,0.45,0.5,0,0.56,0.5,0.45,0.475,0.55,0,0.56,0.5,0.45,0.475,0.55
1313,no_strict_e1_improvement,0,,,,,1,0,1,1,0,1,0,1,0,0,-1,current,0,0,0.13033612594008445,0.13033612594008445,27,0,0,0,0,0,0,0,0.0,0.75,0.75,0.75,0.75,0,0.0,0.75,0.75,0.75,0.75,0,0.0,0.75,0.75,0.75,0.75,0,0.0,0.75,0.75,0.75,0.75
1314,max_rounds,0,,,,,1,1,2,1,1,1,1,1,0,0,0,s1a3_greedy,1,0,0.06854196829372086,0.020461644447641446,25,23,23,25,25,2,0,0,0.92,0.8,0.85,0.825,0.825,0,0.92,0.8,0.85,0.825,0.825,1,1.0,1.0,1.0,1.0,1.0,1,1.0,1.0,1.0,1.0,1.0
1315,max_rounds,0,,,,,1,1,2,1,1,1,1,1,0,0,0,s1a3_greedy,1,0,0.13463413472054525,0.07609389255521819,28,3,3,0,0,-3,0,0,0.12,0.8,0.7,0.75,0.775,0,0.12,0.8,0.7,0.75,0.775,0,0.0,1.0,0.75,0.875,0.875,0,0.0,1.0,0.75,0.875,0.875
1316,max_rounds,0,,,,,1,1,2,1,1,1,1,1,0,0,0,s1a3_greedy,1,0,0.20913940770551562,0.09976969913113862,27,15,15,19,19,4,0,0,0.6,0.6,0.6,0.6,0.65,0,0.6,0.6,0.6,0.6,0.65,0,0.76,0.75,0.7,0.725,0.8,0,0.76,0.75,0.7,0.725,0.8
1317,small_component,0,,,,,1,0,0,0,0,0,0,1,0,0,-1,current,0,0,0.2515614728908986,0.2515614728908986,18,0,0,0,0,0,0,0,0.0,0.35,0.1,0.225,0.35,0,0.0,0.35,0.1,0.225,0.35,0,0.0,0.35,0.1,0.225,0.35,0,0.0,0.35,0.1,0.225,0.35
1318,no_strict_e1_improvement,0,,,,,1,0,1,1,0,1,0,1,0,0,-1,current,0,0,0.037116177676944064,0.037116177676944064,25,25,25,25,25,0,0,1,1.0,1.0,1.0,1.0,1.0,1,1.0,1.0,1.0,1.0,1.0,1,1.0,1.0,1.0,1.0,1.0,1,1.0,1.0,1.0,1.0,1.0
1319,max_rounds,0,,,,,1,1,2,1,1,1,1,1,0,0,0,s1a3_greedy,1,0,0.19982294861692934,0.18375850230222568,15,0,0,1,1,1,0,0,0.0,0.35,0.4,0.375,0.45,0,0.0,0.35,0.4,0.375,0.45,0,0.04,0.45,0.3,0.375,0.5,0,0.04,0.45,0.3,0.375,0.5
1320,small_component,0,,,,,1,0,0,0,0,0,0,1,0,0,-1,current,0,0,0.27066775964049156,0.27066775964049156,16,0,0,0,0,0,0,0,0.0,0.1,0.15,0.125,0.25,0,0.0,0.1,0.15,0.125,0.25,0,0.0,0.1,0.15,0.125,0.25,0,0.0,0.1,0.15,0.125,0.25
1321,max_rounds,0,,,,,1,1,2,1,1,1,1,1,0,0,0,s1a3_greedy,1,0,0.1654454349190928,0.13464722723001615,21,10,10,10,10,0,0,0,0.4,0.65,0.35,0.5,0.6,0,0.4,0.65,0.35,0.5,0.6,0,0.4,0.6,0.45,0.525,0.575,0,0.4,0.6,0.45,0.525,0.575
1322,partial_completed__max_rounds,1,,5,2,4,1,1,2,1,1,1,1,1,0,0,0,s1a3_greedy,1,0,0.24638020871207117,0.23312022250611336,15,0,0,2,2,2,0,0,0.0,0.3,0.3,0.3,0.35,0,0.0,0.35,0.3,0.325,0.4,0,0.08,0.25,0.3,0.275,0.325,0,0.08,0.25,0.3,0.275,0.325
1323,no_strict_e1_improvement,0,,,,,1,0,1,1,0,1,0,1,0,0,-1,current,0,0,0.049589002499124034,0.049589002499124034,30,0,0,0,0,0,0,0,0.0,0.75,1.0,0.875,0.875,0,0.0,0.75,1.0,0.875,0.875,0,0.0,0.75,1.0,0.875,0.875,0,0.0,0.75,1.0,0.875,0.875
1324,max_rounds,0,,,,,1,1,2,1,1,1,1,1,0,0,0,s1a3_greedy,1,0,0.2921302136033773,0.2532950025983155,15,1,1,0,0,-1,0,0,0.04,0.5,0.5,0.5,0.5,0,0.04,0.5,0.5,0.5,0.5,0,0.0,0.45,0.25,0.35,0.425,0,0.0,0.45,0.25,0.35,0.425
1325,max_rounds,0,,,,,1,1,2,1,1,1,1,1,0,0,0,s1a3_greedy,1,0,0.296108485350851,0.24164988886914215,20,0,0,0,0,0,0,0,0.0,0.45,0.7,0.575,0.6,0,0.0,0.45,0.7,0.575,0.6,0,0.0,0.5,0.65,0.575,0.65,0,0.0,0.5,0.65,0.575,0.65
1326,partial_completed__max_rounds,1,,5,2,3,1,1,2,1,1,1,1,1,0,0,0,s1a3_greedy,1,0,0.10230449750088155,0.046359034487977624,29,19,23,25,25,6,0,0,0.76,0.75,0.7,0.725,0.725,0,0.92,0.9,0.85,0.875,0.875,1,1.0,1.0,1.0,1.0,1.0,1,1.0,1.0,1.0,1.0,1.0
1327,max_rounds,0,,,,,1,1,2,1,1,1,1,1,0,0,0,s1a3_greedy,1,0,0.23652270867023617,0.19375714384950699,15,0,0,0,0,0,0,0,0.0,0.3,0.35,0.325,0.4,0,0.0,0.3,0.35,0.325,0.4,0,0.0,0.35,0.25,0.3,0.425,0,0.0,0.35,0.25,0.3,0.425
1328,no_strict_e1_improvement,0,,,,,1,0,2,1,1,1,1,1,0,0,-1,current,0,0,0.2819469475885853,0.2819469475885853,20,0,0,0,0,0,0,0,0.0,0.3,0.3,0.3,0.4,0,0.0,0.3,0.3,0.3,0.4,0,0.0,0.3,0.3,0.3,0.4,0,0.0,0.3,0.3,0.3,0.4
1329,partial_completed__no_strict_e1_improvement,1,,5,2,4,1,0,2,1,1,1,1,1,0,0,-1,current,1,0,0.2602558970917016,0.2602558970917016,20,0,0,0,0,0,0,0,0.0,0.4,0.45,0.425,0.45,0,0.0,0.45,0.55,0.5,0.55,0,0.0,0.45,0.55,0.5,0.55,0,0.0,0.45,0.55,0.5,0.55
1330,small_component,0,,,,,1,0,0,0,0,0,0,1,0,0,-1,current,0,0,0.23094729019794613,0.23094729019794613,18,1,1,1,1,0,0,0,0.04,0.2,0.5,0.35,0.4,0,0.04,0.2,0.5,0.35,0.4,0,0.04,0.2,0.5,0.35,0.4,0,0.04,0.2,0.5,0.35,0.4
1331,max_rounds,0,,,,,1,1,2,1,1,1,1,1,0,0,0,s1a3_greedy,1,0,0.15492614696267992,0.14803944316226988,18,16,16,14,14,-2,0,0,0.64,0.55,0.6,0.575,0.625,0,0.64,0.55,0.6,0.575,0.625,0,0.56,0.4,0.55,0.475,0.575,0,0.56,0.4,0.55,0.475,0.575
1332,max_rounds,0,,,,,1,1,2,1,1,1,1,1,0,0,0,s1a3_greedy,1,0,0.10425281131174416,0.09775319453328848,19,0,0,2,2,2,0,0,0.0,0.55,0.4,0.475,0.6,0,0.0,0.55,0.4,0.475,0.6,0,0.08,0.4,0.3,0.35,0.4,0,0.08,0.4,0.3,0.35,0.4
1333,max_rounds,0,,,,,1,1,2,1,1,1,1,1,0,0,0,s1a3_greedy,1,0,0.16614825194701552,0.1172985679237172,22,0,0,0,0,0,0,0,0.0,0.8,0.55,0.675,0.775,0,0.0,0.8,0.55,0.675,0.775,0,0.0,0.55,0.65,0.6,0.7,0,0.0,0.55,0.65,0.6,0.7
1334,max_rounds,0,,,,,1,1,2,1,1,1,1,1,0,0,0,s1a3_greedy,1,0,0.06594269601628185,0.05133948635775596,28,0,0,0,0,0,0,0,0.0,0.5,0.85,0.675,0.675,0,0.0,0.5,0.85,0.675,0.675,0,0.0,0.5,0.9,0.7,0.7,0,0.0,0.5,0.9,0.7,0.7
1335,max_rounds,0,,,,,1,1,2,1,1,1,1,1,0,0,0,s1a3_greedy,1,0,0.10951900710351765,0.061333579337224366,23,0,0,0,0,0,0,0,0.0,0.6,0.4,0.5,0.525,0,0.0,0.6,0.4,0.5,0.525,0,0.0,0.7,0.55,0.625,0.65,0,0.0,0.7,0.55,0.625,0.65
1336,max_rounds,0,,,,,1,1,2,1,1,1,1,1,0,0,0,s1a3_greedy,1,0,0.23253709714044818,0.21341068840702065,16,1,1,2,2,1,0,0,0.04,0.4,0.5,0.45,0.525,0,0.04,0.4,0.5,0.45,0.525,0,0.08,0.4,0.5,0.45,0.5,0,0.08,0.4,0.5,0.45,0.5
1337,no_strict_e1_improvement,0,,,,,1,0,2,1,1,1,1,1,0,0,-1,current,0,0,0.21195169822312893,0.21195169822312893,19,0,0,0,0,0,0,0,0.0,0.25,0.45,0.35,0.375,0,0.0,0.25,0.45,0.35,0.375,0,0.0,0.25,0.45,0.35,0.375,0,0.0,0.25,0.45,0.35,0.375
1338,max_rounds,0,,,,,1,1,2,1,1,1,1,1,0,0,0,s1a3_greedy,1,0,0.20079263262450694,0.14525350090116262,20,0,0,0,0,0,0,0,0.0,0.65,0.55,0.6,0.65,0,0.0,0.65,0.55,0.6,0.65,0,0.0,0.9,0.55,0.725,0.725,0,0.0,0.9,0.55,0.725,0.725
1339,no_strict_e1_improvement,0,,,,,1,0,2,1,1,1,1,1,0,0,-1,current,0,0,0.2467561248340644,0.2467561248340644,18,0,0,0,0,0,0,0,0.0,0.5,0.7,0.6,0.6,0,0.0,0.5,0.7,0.6,0.6,0,0.0,0.5,0.7,0.6,0.6,0,0.0,0.5,0.7,0.6,0.6
1340,no_strict_e1_improvement,0,,,,,1,0,2,1,1,1,1,1,0,0,-1,current,0,0,0.07422388503327966,0.07422388503327966,29,25,25,25,25,0,0,1,1.0,1.0,1.0,1.0,1.0,1,1.0,1.0,1.0,1.0,1.0,1,1.0,1.0,1.0,1.0,1.0,1,1.0,1.0,1.0,1.0,1.0
1341,max_rounds,0,,,,,1,1,2,1,1,1,1,1,0,0,0,s1a3_greedy,1,0,0.1734456996433437,0.11673121387138963,24,0,0,0,0,0,0,0,0.0,0.45,0.6,0.525,0.525,0,0.0,0.45,0.6,0.525,0.525,0,0.0,0.55,0.7,0.625,0.625,0,0.0,0.55,0.7,0.625,0.625
1342,max_rounds,0,,,,,1,1,2,1,1,1,1,1,0,0,0,s1a3_greedy,1,0,0.16337234508246185,0.07944723815890029,22,16,16,18,18,2,0,0,0.64,0.55,0.45,0.5,0.525,0,0.64,0.55,0.45,0.5,0.525,0,0.72,0.6,0.6,0.6,0.625,0,0.72,0.6,0.6,0.6,0.625
1343,no_strict_e1_improvement,0,,,,,1,0,2,1,1,1,1,1,0,0,-1,current,0,0,0.2397025472135283,0.2397025472135283,22,0,0,0,0,0,0,0,0.0,0.3,0.35,0.325,0.35,0,0.0,0.3,0.35,0.325,0.35,0,0.0,0.3,0.35,0.325,0.35,0,0.0,0.3,0.35,0.325,0.35
1344,partial_completed__small_component,1,,5,2,4,1,0,0,0,0,0,0,1,0,0,-1,current,1,0,0.3014995103905676,0.3014995103905676,16,5,5,5,5,0,0,0,0.2,0.35,0.05,0.2,0.275,0,0.2,0.35,0.05,0.2,0.275,0,0.2,0.35,0.05,0.2,0.275,0,0.2,0.35,0.05,0.2,0.275
1345,max_rounds,0,,,,,1,1,2,1,1,1,1,1,0,0,0,s1a3_greedy,1,0,0.18637199148652145,0.16847394751966932,26,0,0,0,0,0,0,0,0.0,0.6,0.7,0.65,0.65,0,0.0,0.6,0.7,0.65,0.65,0,0.0,0.65,0.6,0.625,0.65,0,0.0,0.65,0.6,0.625,0.65
1346,no_strict_e1_improvement,0,,,,,1,0,2,1,1,1,1,1,0,0,-1,current,0,0,0.20898566903779284,0.20898566903779284,20,0,0,0,0,0,0,0,0.0,0.55,0.5,0.525,0.6,0,0.0,0.55,0.5,0.525,0.6,0,0.0,0.55,0.5,0.525,0.6,0,0.0,0.55,0.5,0.525,0.6
1347,max_rounds,0,,,,,1,1,2,1,1,1,1,1,0,0,0,s1a3_greedy,1,0,0.0968824811046943,0.06310908568557352,30,0,0,0,0,0,0,0,0.0,0.7,0.9,0.8,0.825,0,0.0,0.7,0.9,0.8,0.825,0,0.0,0.75,0.9,0.825,0.825,0,0.0,0.75,0.9,0.825,0.825
1348,no_strict_e1_improvement,0,,,,,1,0,1,1,0,1,0,1,0,0,-1,current,0,0,0.033326306194067,0.033326306194067,26,25,25,25,25,0,0,1,1.0,1.0,1.0,1.0,1.0,1,1.0,1.0,1.0,1.0,1.0,1,1.0,1.0,1.0,1.0,1.0,1,1.0,1.0,1.0,1.0,1.0
1349,no_strict_e1_improvement,0,,,,,1,0,1,1,0,1,0,1,0,0,-1,current,0,0,0.03830684203712735,0.03830684203712735,30,25,25,25,25,0,0,1,1.0,1.0,1.0,1.0,1.0,1,1.0,1.0,1.0,1.0,1.0,1,1.0,1.0,1.0,1.0,1.0,1,1.0,1.0,1.0,1.0,1.0
1350,no_strict_e1_improvement,0,,,,,1,0,1,1,0,1,0,1,0,0,-1,current,0,0,0.022267457586713134,0.022267457586713134,32,25,25,25,25,0,0,1,1.0,1.0,1.0,1.0,1.0,1,1.0,1.0,1.0,1.0,1.0,1,1.0,1.0,1.0,1.0,1.0,1,1.0,1.0,1.0,1.0,1.0
1351,no_strict_e1_improvement,0,,,,,1,0,2,1,1,1,1,1,0,0,-1,current,0,0,0.17727292625640984,0.17727292625640984,23,0,0,0,0,0,0,0,0.0,0.5,0.6,0.55,0.575,0,0.0,0.5,0.6,0.55,0.575,0,0.0,0.5,0.6,0.55,0.575,0,0.0,0.5,0.6,0.55,0.575
1352,max_rounds,0,,,,,1,1,2,1,1,1,1,1,0,0,0,s1a3_greedy,1,0,0.12419134750380181,0.09052360443747602,24,20,20,21,21,1,0,0,0.8,0.65,0.75,0.7,0.8,0,0.8,0.65,0.75,0.7,0.8,0,0.84,0.7,0.7,0.7,0.8,0,0.84,0.7,0.7,0.7,0.8
1353,no_strict_e1_improvement,0,,,,,1,0,2,1,1,1,1,1,0,0,-1,current,0,0,0.24886213774443605,0.24886213774443605,17,6,6,6,6,0,0,0,0.24,0.2,0.4,0.3,0.35,0,0.24,0.2,0.4,0.3,0.35,0,0.24,0.2,0.4,0.3,0.35,0,0.24,0.2,0.4,0.3,0.35
1354,no_strict_e1_improvement,0,,,,,1,0,2,1,1,1,1,1,0,0,-1,current,0,0,0.10687643038108945,0.10687643038108945,30,0,0,0,0,0,0,0,0.0,0.6,0.8,0.7,0.7,0,0.0,0.6,0.8,0.7,0.7,0,0.0,0.6,0.8,0.7,0.7,0,0.0,0.6,0.8,0.7,0.7
1355,partial_completed__small_component,1,,5,2,4,1,0,0,0,0,0,0,1,0,0,-1,current,1,0,0.26079270894406364,0.26079270894406364,15,2,2,2,2,0,0,0,0.08,0.35,0.2,0.275,0.325,0,0.08,0.4,0.2,0.3,0.35,0,0.08,0.4,0.2,0.3,0.35,0,0.08,0.4,0.2,0.3,0.35
1356,small_component,0,,,,,1,0,0,0,0,0,0,1,0,0,-1,current,0,0,0.2600418796588201,0.2600418796588201,9,3,3,3,3,0,0,0,0.12,0.15,0.15,0.15,0.25,0,0.12,0.15,0.15,0.15,0.25,0,0.12,0.15,0.15,0.15,0.25,0,0.12,0.15,0.15,0.15,0.25
1357,no_strict_e1_improvement,0,,,,,1,0,2,1,1,1,1,1,0,0,-1,current,0,0,0.16302691567689181,0.16302691567689181,21,13,13,13,13,0,0,0,0.52,0.55,0.6,0.575,0.625,0,0.52,0.55,0.6,0.575,0.625,0,0.52,0.55,0.6,0.575,0.625,0,0.52,0.55,0.6,0.575,0.625
1358,max_rounds,0,,,,,1,1,2,1,1,1,1,1,0,0,0,s1a3_greedy,1,0,0.03681443141686032,0.024328824355325195,29,23,23,25,25,2,0,0,0.92,0.9,0.9,0.9,0.925,0,0.92,0.9,0.9,0.9,0.925,1,1.0,1.0,1.0,1.0,1.0,1,1.0,1.0,1.0,1.0,1.0
1359,max_rounds,0,,,,,1,1,2,1,1,1,1,1,0,0,0,s1a3_greedy,1,0,0.16871383152902125,0.09680650981608778,11,1,1,2,2,1,0,0,0.04,0.3,0.1,0.2,0.25,0,0.04,0.3,0.1,0.2,0.25,0,0.08,0.35,0.15,0.25,0.3,0,0.08,0.35,0.15,0.25,0.3
1360,max_rounds,0,,,,,1,1,2,1,1,1,1,1,0,0,0,s1a3_greedy,1,0,0.053388571133837104,0.049372826353646815,28,0,0,0,0,0,0,0,0.0,1.0,0.75,0.875,0.875,0,0.0,1.0,0.75,0.875,0.875,0,0.0,0.9,0.65,0.775,0.8,0,0.0,0.9,0.65,0.775,0.8
1361,max_rounds,0,,,,,1,1,2,1,1,1,1,1,0,0,0,s1a3_greedy,1,0,0.13686919787433,0.1276352500775829,29,0,0,0,0,0,0,0,0.0,0.75,0.7,0.725,0.75,0,0.0,0.75,0.7,0.725,0.75,0,0.0,0.9,0.75,0.825,0.825,0,0.0,0.9,0.75,0.825,0.825
1362,no_strict_e1_improvement,0,,,,,1,0,2,1,1,1,1,1,0,0,-1,current,0,0,0.2125013523036614,0.2125013523036614,15,0,0,0,0,0,0,0,0.0,0.25,0.25,0.25,0.375,0,0.0,0.25,0.25,0.25,0.375,0,0.0,0.25,0.25,0.25,0.375,0,0.0,0.25,0.25,0.25,0.375
1363,no_strict_e1_improvement,0,,,,,1,0,1,1,0,1,0,1,0,0,-1,current,0,0,0.08866228947881609,0.08866228947881609,23,0,0,0,0,0,0,0,0.0,0.6,0.45,0.525,0.6,0,0.0,0.6,0.45,0.525,0.6,0,0.0,0.6,0.45,0.525,0.6,0,0.0,0.6,0.45,0.525,0.6
1364,no_strict_e1_improvement,0,,,,,1,0,2,1,1,1,1,1,0,0,-1,current,0,0,0.13484916952438653,0.13484916952438653,25,17,17,17,17,0,0,0,0.68,0.8,0.7,0.75,0.75,0,0.68,0.8,0.7,0.75,0.75,0,0.68,0.8,0.7,0.75,0.75,0,0.68,0.8,0.7,0.75,0.75
1365,small_component,0,,,,,1,0,0,0,0,0,0,1,0,0,-1,current,0,0,0.2910275573143736,0.2910275573143736,13,1,1,1,1,0,0,0,0.04,0.3,0.3,0.3,0.375,0,0.04,0.3,0.3,0.3,0.375,0,0.04,0.3,0.3,0.3,0.375,0,0.04,0.3,0.3,0.3,0.375
1366,max_rounds,0,,,,,1,1,2,1,1,1,1,1,0,0,0,s1a3_greedy,1,0,0.06706034853123129,0.05929748623166233,28,0,0,0,0,0,0,0,0.0,0.7,0.75,0.725,0.75,0,0.0,0.7,0.75,0.725,0.75,0,0.0,0.7,0.75,0.725,0.75,0,0.0,0.7,0.75,0.725,0.75
1367,max_rounds,0,,,,,1,1,2,1,1,1,1,1,0,0,0,s1a3_greedy,1,0,0.2699725626036525,0.23380267001048197,20,0,0,1,1,1,0,0,0.0,0.35,0.5,0.425,0.55,0,0.0,0.35,0.5,0.425,0.55,0,0.04,0.35,0.7,0.525,0.575,0,0.04,0.35,0.7,0.525,0.575
1368,no_strict_e1_improvement,0,,,,,1,0,1,1,0,1,0,1,0,0,-1,current,0,0,0.05461707692593336,0.05461707692593336,30,1,1,1,1,0,0,0,0.04,0.7,0.9,0.8,0.8,0,0.04,0.7,0.9,0.8,0.8,0,0.04,0.7,0.9,0.8,0.8,0,0.04,0.7,0.9,0.8,0.8
1369,max_rounds,0,,,,,1,1,2,1,1,1,1,1,0,0,0,s1a3_greedy,1,0,0.3385194566275459,0.27405752437189224,15,1,1,0,0,-1,0,0,0.04,0.25,0.35,0.3,0.35,0,0.04,0.25,0.35,0.3,0.35,0,0.0,0.2,0.2,0.2,0.2,0,0.0,0.2,0.2,0.2,0.2
1370,max_rounds,0,,,,,1,1,2,1,1,1,1,1,0,0,0,s1a3_greedy,1,0,0.2245481099234894,0.21386310767848044,20,0,0,0,0,0,0,0,0.0,0.55,0.7,0.625,0.675,0,0.0,0.55,0.7,0.625,0.675,0,0.0,0.5,0.75,0.625,0.675,0,0.0,0.5,0.75,0.625,0.675
1371,max_rounds,0,,,,,1,1,2,1,1,1,1,1,0,0,0,s1a3_greedy,1,0,0.11876739193103276,0.09416491417214275,26,16,16,10,10,-6,0,0,0.64,0.7,0.85,0.775,0.775,0,0.64,0.7,0.85,0.775,0.775,0,0.4,0.85,0.7,0.775,0.775,0,0.4,0.85,0.7,0.775,0.775
1372,partial_completed__max_rounds,1,,5,2,4,1,1,2,1,1,1,1,1,0,0,0,s1a3_greedy,1,0,0.27247566825535613,0.21946649810124655,13,3,3,0,0,-3,0,0,0.12,0.3,0.15,0.225,0.3,0,0.12,0.3,0.15,0.225,0.375,0,0.0,0.45,0.15,0.3,0.375,0,0.0,0.45,0.15,0.3,0.375
1373,max_rounds,0,,,,,1,1,2,1,1,1,1,1,0,0,0,s1a3_greedy,1,0,0.10162694040918722,0.03372926303418353,28,23,23,25,25,2,0,0,0.92,0.8,0.9,0.85,0.85,0,0.92,0.8,0.9,0.85,0.85,1,1.0,1.0,1.0,1.0,1.0,1,1.0,1.0,1.0,1.0,1.0
1374,no_strict_e1_improvement,0,,,,,1,0,1,1,0,1,0,1,0,0,-1,current,0,0,0.02056146914837882,0.02056146914837882,31,25,25,25,25,0,0,1,1.0,1.0,1.0,1.0,1.0,1,1.0,1.0,1.0,1.0,1.0,1,1.0,1.0,1.0,1.0,1.0,1,1.0,1.0,1.0,1.0,1.0
1375,no_strict_e1_improvement,0,,,,,1,0,1,1,0,1,0,1,0,0,-1,current,0,0,0.1759269243106246,0.1759269243106246,25,0,0,0,0,0,0,0,0.0,0.65,0.85,0.75,0.8,0,0.0,0.65,0.85,0.75,0.8,0,0.0,0.65,0.85,0.75,0.8,0,0.0,0.65,0.85,0.75,0.8
1376,no_strict_e1_improvement,0,,,,,1,0,2,1,1,1,1,1,0,0,-1,current,0,0,0.052319597563473506,0.052319597563473506,31,0,0,0,0,0,0,0,0.0,1.0,0.75,0.875,0.875,0,0.0,1.0,0.75,0.875,0.875,0,0.0,1.0,0.75,0.875,0.875,0,0.0,1.0,0.75,0.875,0.875
1377,partial_completed__no_strict_e1_improvement,1,,5,2,4,1,0,2,1,1,1,1,1,0,0,-1,current,1,0,0.13058276821102482,0.13058276821102482,24,0,0,0,0,0,0,0,0.0,0.6,0.6,0.6,0.6,0,0.0,0.7,0.7,0.7,0.7,0,0.0,0.7,0.7,0.7,0.7,0,0.0,0.7,0.7,0.7,0.7
1378,max_rounds,0,,,,,1,1,2,1,1,1,1,1,0,0,0,s1a3_greedy,1,0,0.13489230428822338,0.10443330603229697,17,0,0,5,5,5,0,0,0.0,0.45,0.65,0.55,0.6,0,0.0,0.45,0.65,0.55,0.6,0,0.2,0.5,0.5,0.5,0.575,0,0.2,0.5,0.5,0.5,0.575
1379,small_component,0,,,,,1,0,0,0,0,0,0,1,0,0,-1,current,0,0,0.28729832916287706,0.28729832916287706,16,1,1,1,1,0,0,0,0.04,0.2,0.15,0.175,0.3,0,0.04,0.2,0.15,0.175,0.3,0,0.04,0.2,0.15,0.175,0.3,0,0.04,0.2,0.15,0.175,0.3
1380,no_strict_e1_improvement,0,,,,,1,0,1,1,0,1,0,1,0,0,-1,current,0,0,0.06594393227715045,0.06594393227715045,32,0,0,0,0,0,0,0,0.0,0.75,0.95,0.85,0.85,0,0.0,0.75,0.95,0.85,0.85,0,0.0,0.75,0.95,0.85,0.85,0,0.0,0.75,0.95,0.85,0.85
1381,max_rounds,0,,,,,1,1,2,1,1,1,1,1,0,0,0,s1a3_greedy,1,0,0.1437276111682877,0.052309784153476355,26,1,1,0,0,-1,0,0,0.04,0.6,0.8,0.7,0.75,0,0.04,0.6,0.8,0.7,0.75,0,0.0,0.75,1.0,0.875,0.875,0,0.0,0.75,1.0,0.875,0.875
1382,partial_completed__max_rounds,1,,5,2,4,1,1,2,1,1,1,1,1,0,0,0,s1a3_greedy,1,0,0.2626948993653059,0.021619133034255354,28,0,10,25,25,25,0,0,0.0,0.45,0.35,0.4,0.425,0,0.4,0.45,0.35,0.4,0.45,1,1.0,1.0,1.0,1.0,1.0,1,1.0,1.0,1.0,1.0,1.0
1383,small_component,0,,,,,1,0,0,0,0,0,0,1,0,0,-1,current,0,0,0.2955023536109366,0.2955023536109366,16,0,0,0,0,0,0,0,0.0,0.35,0.15,0.25,0.375,0,0.0,0.35,0.15,0.25,0.375,0,0.0,0.35,0.15,0.25,0.375,0,0.0,0.35,0.15,0.25,0.375
1384,no_strict_e1_improvement,0,,,,,1,0,2,1,1,1,1,1,0,0,-1,current,0,0,0.15181990883065738,0.15181990883065738,21,0,0,0,0,0,0,0,0.0,0.4,0.55,0.475,0.55,0,0.0,0.4,0.55,0.475,0.55,0,0.0,0.4,0.55,0.475,0.55,0,0.0,0.4,0.55,0.475,0.55
1385,no_strict_e1_improvement,0,,,,,1,0,2,1,1,1,1,1,0,0,-1,current,0,0,0.26495344266295434,0.26495344266295434,16,0,0,0,0,0,0,0,0.0,0.25,0.25,0.25,0.375,0,0.0,0.25,0.25,0.25,0.375,0,0.0,0.25,0.25,0.25,0.375,0,0.0,0.25,0.25,0.25,0.375
1386,partial_completed__no_strict_e1_improvement,1,,5,2,2,1,0,1,1,0,1,0,1,0,0,-1,current,1,0,0.12478293650783598,0.12478293650783598,26,10,10,10,10,0,0,0,0.4,0.5,0.8,0.65,0.65,0,0.4,0.5,0.95,0.725,0.725,0,0.4,0.5,0.95,0.725,0.725,0,0.4,0.5,0.95,0.725,0.725
1387,no_strict_e1_improvement,0,,,,,1,0,1,1,0,1,0,1,0,0,-1,current,0,0,0.04399403475108556,0.04399403475108556,28,0,0,0,0,0,0,0,0.0,0.65,0.75,0.7,0.75,0,0.0,0.65,0.75,0.7,0.75,0,0.0,0.65,0.75,0.7,0.75,0,0.0,0.65,0.75,0.7,0.75
1388,no_strict_e1_improvement,0,,,,,1,0,1,1,0,1,0,1,0,0,-1,current,0,0,0.04158343586605042,0.04158343586605042,31,0,0,0,0,0,0,0,0.0,0.75,1.0,0.875,0.875,0,0.0,0.75,1.0,0.875,0.875,0,0.0,0.75,1.0,0.875,0.875,0,0.0,0.75,1.0,0.875,0.875
1389,max_rounds,0,,,,,1,1,2,1,1,1,1,1,0,0,0,s1a3_greedy,1,0,0.07038232672493905,0.06691063994076103,28,0,0,0,0,0,0,0,0.0,0.75,0.85,0.8,0.825,0,0.0,0.75,0.85,0.8,0.825,0,0.0,0.75,0.95,0.85,0.85,0,0.0,0.75,0.95,0.85,0.85
1390,no_strict_e1_improvement,0,,,,,1,0,1,1,0,1,0,1,0,0,-1,current,0,0,0.050544909889868,0.050544909889868,33,25,25,25,25,0,0,1,1.0,1.0,1.0,1.0,1.0,1,1.0,1.0,1.0,1.0,1.0,1,1.0,1.0,1.0,1.0,1.0,1,1.0,1.0,1.0,1.0,1.0
1391,partial_completed__no_strict_e1_improvement,1,,5,2,3,1,0,1,1,0,1,0,1,0,0,-1,current,1,0,0.04473202573572053,0.04473202573572053,27,20,25,25,25,5,0,0,0.8,0.75,0.8,0.775,0.775,1,1.0,1.0,1.0,1.0,1.0,1,1.0,1.0,1.0,1.0,1.0,1,1.0,1.0,1.0,1.0,1.0
1392,no_strict_e1_improvement,0,,,,,1,0,1,1,0,1,0,1,0,0,-1,current,0,0,0.007254427403677255,0.007254427403677255,35,25,25,25,25,0,0,1,1.0,1.0,1.0,1.0,1.0,1,1.0,1.0,1.0,1.0,1.0,1,1.0,1.0,1.0,1.0,1.0,1,1.0,1.0,1.0,1.0,1.0
1393,no_strict_e1_improvement,0,,,,,1,0,2,1,1,1,1,1,0,0,-1,current,0,0,0.082905197981745,0.082905197981745,32,0,0,0,0,0,0,0,0.0,0.7,0.9,0.8,0.825,0,0.0,0.7,0.9,0.8,0.825,0,0.0,0.7,0.9,0.8,0.825,0,0.0,0.7,0.9,0.8,0.825
1394,max_rounds,0,,,,,1,1,2,1,1,1,1,1,0,0,0,s1a3_greedy,1,0,0.1693586509936722,0.10833483974274713,23,0,0,0,0,0,0,0,0.0,0.5,0.65,0.575,0.6,0,0.0,0.5,0.65,0.575,0.6,0,0.0,0.7,0.75,0.725,0.75,0,0.0,0.7,0.75,0.725,0.75
1395,no_strict_e1_improvement,0,,,,,1,0,2,1,1,1,1,1,0,0,-1,current,0,0,0.08435462579363957,0.08435462579363957,31,0,0,0,0,0,0,0,0.0,0.75,1.0,0.875,0.875,0,0.0,0.75,1.0,0.875,0.875,0,0.0,0.75,1.0,0.875,0.875,0,0.0,0.75,1.0,0.875,0.875
1396,no_strict_e1_improvement,0,,,,,1,0,1,1,0,1,0,1,0,0,-1,current,0,0,0.05679732204880565,0.05679732204880565,30,25,25,25,25,0,0,1,1.0,1.0,1.0,1.0,1.0,1,1.0,1.0,1.0,1.0,1.0,1,1.0,1.0,1.0,1.0,1.0,1,1.0,1.0,1.0,1.0,1.0
1397,max_rounds,0,,,,,1,1,2,1,1,1,1,1,0,0,0,s1a3_greedy,1,0,0.1396775296423584,0.1016806778148748,26,0,0,0,0,0,0,0,0.0,0.8,0.65,0.725,0.75,0,0.0,0.8,0.65,0.725,0.75,0,0.0,0.75,0.6,0.675,0.675,0,0.0,0.75,0.6,0.675,0.675
1398,no_strict_e1_improvement,0,,,,,1,0,1,1,0,1,0,1,0,0,-1,current,0,0,0.03266369793564081,0.03266369793564081,33,25,25,25,25,0,0,1,1.0,1.0,1.0,1.0,1.0,1,1.0,1.0,1.0,1.0,1.0,1,1.0,1.0,1.0,1.0,1.0,1,1.0,1.0,1.0,1.0,1.0
1399,max_rounds,0,,,,,1,1,2,1,1,1,1,1,0,0,0,s1a3_greedy,1,0,0.2945756393717602,0.20614669343922287,21,0,0,3,3,3,0,0,0.0,0.55,0.55,0.55,0.575,0,0.0,0.55,0.55,0.55,0.575,0,0.12,0.7,0.3,0.5,0.675,0,0.12,0.7,0.3,0.5,0.675
1400,no_strict_e1_improvement,0,,,,,1,0,1,1,0,1,0,1,0,0,-1,current,0,0,0.036869565610140854,0.036869565610140854,30,0,0,0,0,0,0,0,0.0,0.75,1.0,0.875,0.875,0,0.0,0.75,1.0,0.875,0.875,0,0.0,0.75,1.0,0.875,0.875,0,0.0,0.75,1.0,0.875,0.875
1401,max_rounds,0,,,,,1,1,2,1,1,1,1,1,0,0,0,s1a3_greedy,1,0,0.2485402981750667,0.1398001980065601,19,0,0,0,0,0,0,0,0.0,0.1,0.45,0.275,0.325,0,0.0,0.1,0.45,0.275,0.325,0,0.0,0.1,0.6,0.35,0.4,0,0.0,0.1,0.6,0.35,0.4
1402,small_component,0,,,,,1,0,0,0,0,0,0,1,0,0,-1,current,0,0,0.288113528759277,0.288113528759277,17,3,3,3,3,0,0,0,0.12,0.15,0.2,0.175,0.3,0,0.12,0.15,0.2,0.175,0.3,0,0.12,0.15,0.2,0.175,0.3,0,0.12,0.15,0.2,0.175,0.3
1403,no_strict_e1_improvement,0,,,,,1,0,1,1,0,1,0,1,0,0,-1,current,0,0,0.012563534080982208,0.012563534080982208,34,25,25,25,25,0,0,1,1.0,1.0,1.0,1.0,1.0,1,1.0,1.0,1.0,1.0,1.0,1,1.0,1.0,1.0,1.0,1.0,1,1.0,1.0,1.0,1.0,1.0
1404,max_rounds,0,,,,,1,1,2,1,1,1,1,1,0,0,0,s1a3_greedy,1,0,0.21898287877993425,0.14192036171880318,14,0,0,0,0,0,0,0,0.0,0.15,0.05,0.1,0.15,0,0.0,0.15,0.05,0.1,0.15,0,0.0,0.2,0.2,0.2,0.3,0,0.0,0.2,0.2,0.2,0.3
1405,no_strict_e1_improvement,0,,,,,1,0,2,1,1,1,1,1,0,0,-1,current,0,0,0.19608676210045814,0.19608676210045814,26,19,19,19,19,0,0,0,0.76,0.6,0.65,0.625,0.65,0,0.76,0.6,0.65,0.625,0.65,0,0.76,0.6,0.65,0.625,0.65,0,0.76,0.6,0.65,0.625,0.65
1406,max_rounds,0,,,,,1,1,2,1,1,1,1,1,0,0,0,s1a3_greedy,1,0,0.07371775567387431,0.0626684853175675,12,0,0,2,2,2,0,0,0.0,0.2,0.15,0.175,0.225,0,0.0,0.2,0.15,0.175,0.225,0,0.08,0.3,0.15,0.225,0.325,0,0.08,0.3,0.15,0.225,0.325
1407,max_rounds,0,,,,,1,1,2,1,1,1,1,1,0,0,0,s1a3_greedy,1,0,0.1398631993914023,0.1018077687593177,23,0,0,0,0,0,0,0,0.0,0.85,0.65,0.75,0.775,0,0.0,0.85,0.65,0.75,0.775,0,0.0,0.8,0.55,0.675,0.7,0,0.0,0.8,0.55,0.675,0.7
1408,no_strict_e1_improvement,0,,,,,1,0,1,1,0,1,0,1,0,0,-1,current,0,0,0.022567055412218907,0.022567055412218907,30,0,0,0,0,0,0,0,0.0,1.0,0.75,0.875,0.875,0,0.0,1.0,0.75,0.875,0.875,0,0.0,1.0,0.75,0.875,0.875,0,0.0,1.0,0.75,0.875,0.875
1409,max_rounds,0,,,,,1,1,2,1,1,1,1,1,0,0,0,s1a3_greedy,1,0,0.15781260947696865,0.06973229325958527,24,2,2,0,0,-2,0,0,0.08,0.6,0.75,0.675,0.725,0,0.08,0.6,0.75,0.675,0.725,0,0.0,0.75,1.0,0.875,0.875,0,0.0,0.75,1.0,0.875,0.875
1410,max_rounds,0,,,,,1,1,2,1,1,1,1,1,0,0,0,s1a3_greedy,1,0,0.24189085616817466,0.22002249436918647,16,0,0,0,0,0,0,0,0.0,0.3,0.6,0.45,0.55,0,0.0,0.3,0.6,0.45,0.55,0,0.0,0.35,0.55,0.45,0.55,0,0.0,0.35,0.55,0.45,0.55
1411,max_rounds,0,,,,,1,1,2,1,1,1,1,1,0,0,0,s1a3_greedy,1,0,0.16592616491980153,0.044529882667120546,28,1,1,0,0,-1,0,0,0.04,0.35,0.75,0.55,0.65,0,0.04,0.35,0.75,0.55,0.65,0,0.0,0.75,1.0,0.875,0.875,0,0.0,0.75,1.0,0.875,0.875
1412,max_rounds,0,,,,,1,1,2,1,1,1,1,1,0,0,0,s1a3_greedy,1,0,0.24456992629129673,0.16044204307399923,22,1,1,2,2,1,0,0,0.04,0.5,0.35,0.425,0.425,0,0.04,0.5,0.35,0.425,0.425,0,0.08,0.6,0.5,0.55,0.55,0,0.08,0.6,0.5,0.55,0.55
1413,max_rounds,0,,,,,1,1,2,1,1,1,1,1,0,0,0,s1a3_greedy,1,0,0.18483143812045455,0.08309635868063196,21,13,13,25,25,12,0,0,0.52,0.4,0.7,0.55,0.6,0,0.52,0.4,0.7,0.55,0.6,1,1.0,1.0,1.0,1.0,1.0,1,1.0,1.0,1.0,1.0,1.0
1414,small_component,0,,,,,1,0,0,0,0,0,0,1,0,0,-1,current,0,0,0.36168709410121663,0.36168709410121663,16,7,7,7,7,0,0,0,0.28,0.2,0.2,0.2,0.25,0,0.28,0.2,0.2,0.2,0.25,0,0.28,0.2,0.2,0.2,0.25,0,0.28,0.2,0.2,0.2,0.25
1415,max_rounds,0,,,,,1,1,2,1,1,1,1,1,0,0,0,s1a3_greedy,1,0,0.19537752941250802,0.14459110116586088,27,16,16,23,23,7,0,0,0.64,0.75,0.65,0.7,0.75,0,0.64,0.75,0.65,0.7,0.75,0,0.92,0.9,0.8,0.85,0.875,0,0.92,0.9,0.8,0.85,0.875
1416,partial_completed__small_component,1,,5,2,4,1,0,0,0,0,0,0,1,0,0,-1,current,1,0,0.18429998558713123,0.18429998558713123,14,1,5,5,5,4,0,0,0.04,0.45,0.1,0.275,0.3,0,0.2,0.6,0.1,0.35,0.375,0,0.2,0.6,0.1,0.35,0.375,0,0.2,0.6,0.1,0.35,0.375
1417,no_strict_e1_improvement,0,,,,,1,0,2,1,1,1,1,1,0,0,-1,current,0,0,0.1445696265436709,0.1445696265436709,24,0,0,0,0,0,0,0,0.0,0.65,0.55,0.6,0.65,0,0.0,0.65,0.55,0.6,0.65,0,0.0,0.65,0.55,0.6,0.65,0,0.0,0.65,0.55,0.6,0.65
1418,no_strict_e1_improvement,0,,,,,1,0,1,1,0,1,0,1,0,0,-1,current,0,0,0.042366106808185575,0.042366106808185575,35,25,25,25,25,0,0,1,1.0,1.0,1.0,1.0,1.0,1,1.0,1.0,1.0,1.0,1.0,1,1.0,1.0,1.0,1.0,1.0,1,1.0,1.0,1.0,1.0,1.0
1419,no_strict_e1_improvement,0,,,,,1,0,2,1,1,1,1,1,0,0,-1,current,0,0,0.06042669024318457,0.06042669024318457,32,20,20,20,20,0,0,0,0.8,0.95,0.75,0.85,0.85,0,0.8,0.95,0.75,0.85,0.85,0,0.8,0.95,0.75,0.85,0.85,0,0.8,0.95,0.75,0.85,0.85
1420,max_rounds,0,,,,,1,1,2,1,1,1,1,1,0,0,0,s1a3_greedy,1,0,0.10569359380169771,0.04048148430301808,33,0,0,0,0,0,0,0,0.0,0.65,0.85,0.75,0.75,0,0.0,0.65,0.85,0.75,0.75,0,0.0,0.75,1.0,0.875,0.875,0,0.0,0.75,1.0,0.875,0.875
1421,no_strict_e1_improvement,0,,,,,1,0,1,1,0,1,0,1,0,0,-1,current,0,0,0.037719903548713775,0.037719903548713775,28,25,25,25,25,0,0,1,1.0,1.0,1.0,1.0,1.0,1,1.0,1.0,1.0,1.0,1.0,1,1.0,1.0,1.0,1.0,1.0,1,1.0,1.0,1.0,1.0,1.0
1422,no_strict_e1_improvement,0,,,,,1,0,1,1,0,1,0,1,0,0,-1,current,0,0,0.03681262284517288,0.03681262284517288,27,25,25,25,25,0,0,1,1.0,1.0,1.0,1.0,1.0,1,1.0,1.0,1.0,1.0,1.0,1,1.0,1.0,1.0,1.0,1.0,1,1.0,1.0,1.0,1.0,1.0
1423,max_rounds,0,,,,,1,1,2,1,1,1,1,1,0,0,0,s1a3_greedy,1,0,0.16378210973925889,0.1530772960279137,19,0,0,0,0,0,0,0,0.0,0.45,0.55,0.5,0.525,0,0.0,0.45,0.55,0.5,0.525,0,0.0,0.45,0.5,0.475,0.5,0,0.0,0.45,0.5,0.475,0.5
1424,max_rounds,0,,,,,1,1,2,1,1,1,1,1,0,0,0,s1a3_greedy,1,0,0.11657616458833217,0.0323302817880176,29,17,17,25,25,8,0,0,0.68,0.7,0.8,0.75,0.775,0,0.68,0.7,0.8,0.75,0.775,1,1.0,1.0,1.0,1.0,1.0,1,1.0,1.0,1.0,1.0,1.0
1425,max_rounds,0,,,,,1,1,2,1,1,1,1,1,0,0,0,s1a3_greedy,1,0,0.2926463427953422,0.2337436626665294,11,0,0,0,0,0,0,0,0.0,0.05,0.2,0.125,0.25,0,0.0,0.05,0.2,0.125,0.25,0,0.0,0.2,0.2,0.2,0.325,0,0.0,0.2,0.2,0.2,0.325
1426,no_strict_e1_improvement,0,,,,,1,0,2,1,1,1,1,1,0,0,-1,current,0,0,0.10925234856549651,0.10925234856549651,29,23,23,23,23,0,0,0,0.92,0.8,0.85,0.825,0.925,0,0.92,0.8,0.85,0.825,0.925,0,0.92,0.8,0.85,0.825,0.925,0,0.92,0.8,0.85,0.825,0.925
1427,no_strict_e1_improvement,0,,,,,1,0,2,1,1,1,1,1,0,0,-1,current,0,0,0.17703166188439354,0.17703166188439354,19,1,1,1,1,0,0,0,0.04,0.55,0.3,0.425,0.475,0,0.04,0.55,0.3,0.425,0.475,0,0.04,0.55,0.3,0.425,0.475,0,0.04,0.55,0.3,0.425,0.475
1428,max_rounds,0,,,,,1,1,2,1,1,1,1,1,0,0,0,s1a3_greedy,1,0,0.09428592931944876,0.06392048757988959,33,0,0,0,0,0,0,0,0.0,0.7,0.85,0.775,0.825,0,0.0,0.7,0.85,0.775,0.825,0,0.0,0.75,0.9,0.825,0.85,0,0.0,0.75,0.9,0.825,0.85
1429,no_strict_e1_improvement,0,,,,,1,0,1,1,0,1,0,1,0,0,-1,current,0,0,0.01983796074055135,0.01983796074055135,36,0,0,0,0,0,0,0,0.0,0.75,1.0,0.875,0.875,0,0.0,0.75,1.0,0.875,0.875,0,0.0,0.75,1.0,0.875,0.875,0,0.0,0.75,1.0,0.875,0.875
1430,no_strict_e1_improvement,0,,,,,1,0,2,1,1,1,1,1,0,0,-1,current,0,0,0.06477970704436302,0.06477970704436302,23,0,0,0,0,0,0,0,0.0,0.85,0.65,0.75,0.75,0,0.0,0.85,0.65,0.75,0.75,0,0.0,0.85,0.65,0.75,0.75,0,0.0,0.85,0.65,0.75,0.75
1431,max_rounds,0,,,,,1,1,2,1,1,1,1,1,0,0,0,s1a3_greedy,1,0,0.07109220465645194,0.019821860920637847,35,20,20,25,25,5,0,0,0.8,0.75,0.95,0.85,0.85,0,0.8,0.75,0.95,0.85,0.85,1,1.0,1.0,1.0,1.0,1.0,1,1.0,1.0,1.0,1.0,1.0
1432,max_rounds,0,,,,,1,1,2,1,1,1,1,1,0,0,0,s1a3_greedy,1,0,0.19044642677763476,0.1321852310677059,16,0,0,0,0,0,0,0,0.0,0.65,0.25,0.45,0.475,0,0.0,0.65,0.25,0.45,0.475,0,0.0,0.5,0.3,0.4,0.5,0,0.0,0.5,0.3,0.4,0.5
1433,partial_completed__max_rounds,1,,5,2,4,1,1,2,1,1,1,1,1,0,0,0,s1a3_greedy,1,0,0.1995550785213709,0.18312708233497688,21,14,1,1,1,-13,0,0,0.56,0.55,0.5,0.525,0.55,0,0.04,0.6,0.5,0.55,0.65,0,0.04,0.75,0.55,0.65,0.7,0,0.04,0.75,0.55,0.65,0.7
1434,no_strict_e1_improvement,0,,,,,1,0,1,1,0,1,0,1,0,0,-1,current,0,0,0.03603016331326216,0.03603016331326216,32,20,20,20,20,0,0,0,0.8,0.95,0.75,0.85,0.85,0,0.8,0.95,0.75,0.85,0.85,0,0.8,0.95,0.75,0.85,0.85,0,0.8,0.95,0.75,0.85,0.85
1435,max_rounds,0,,,,,1,1,2,1,1,1,1,1,0,0,0,s1a3_greedy,1,0,0.07100724162301049,0.06404247639002278,23,10,10,8,8,-2,0,0,0.4,0.65,0.75,0.7,0.7,0,0.4,0.65,0.75,0.7,0.7,0,0.32,0.6,0.55,0.575,0.625,0,0.32,0.6,0.55,0.575,0.625
1436,no_strict_e1_improvement,0,,,,,1,0,2,1,1,1,1,1,0,0,-1,current,0,0,0.08076442210003734,0.08076442210003734,27,0,0,0,0,0,0,0,0.0,0.95,0.75,0.85,0.85,0,0.0,0.95,0.75,0.85,0.85,0,0.0,0.95,0.75,0.85,0.85,0,0.0,0.95,0.75,0.85,0.85
1437,no_strict_e1_improvement,0,,,,,1,0,2,1,1,1,1,1,0,0,-1,current,0,0,0.0970183236640878,0.0970183236640878,20,0,0,0,0,0,0,0,0.0,0.65,0.65,0.65,0.725,0,0.0,0.65,0.65,0.65,0.725,0,0.0,0.65,0.65,0.65,0.725,0,0.0,0.65,0.65,0.65,0.725
1438,max_rounds,0,,,,,1,1,2,1,1,1,1,1,0,0,0,s1a3_greedy,1,0,0.13980186604894698,0.07799429290462286,17,1,1,1,1,0,0,0,0.04,0.2,0.5,0.35,0.425,0,0.04,0.2,0.5,0.35,0.425,0,0.04,0.3,0.4,0.35,0.425,0,0.04,0.3,0.4,0.35,0.425
1439,no_strict_e1_improvement,0,,,,,1,0,1,1,0,1,0,1,0,0,-1,current,0,0,0.015402342884044629,0.015402342884044629,29,25,25,25,25,0,0,1,1.0,1.0,1.0,1.0,1.0,1,1.0,1.0,1.0,1.0,1.0,1,1.0,1.0,1.0,1.0,1.0,1,1.0,1.0,1.0,1.0,1.0
1440,max_rounds,0,,,,,1,1,2,1,1,1,1,1,0,0,0,s1a3_greedy,1,0,0.19122718358994462,0.14089100196142681,15,2,2,1,1,-1,0,0,0.08,0.4,0.2,0.3,0.3,0,0.08,0.4,0.2,0.3,0.3,0,0.04,0.5,0.2,0.35,0.45,0,0.04,0.5,0.2,0.35,0.45
1441,no_strict_e1_improvement,0,,,,,1,0,2,1,1,1,1,1,0,0,-1,current,0,0,0.22353211916051804,0.22353211916051804,18,2,2,2,2,0,0,0,0.08,0.2,0.05,0.125,0.225,0,0.08,0.2,0.05,0.125,0.225,0,0.08,0.2,0.05,0.125,0.225,0,0.08,0.2,0.05,0.125,0.225
1442,no_strict_e1_improvement,0,,,,,1,0,1,1,0,1,0,1,0,0,-1,current,0,0,0.07726028971374035,0.07726028971374035,30,0,0,0,0,0,0,0,0.0,0.75,1.0,0.875,0.875,0,0.0,0.75,1.0,0.875,0.875,0,0.0,0.75,1.0,0.875,0.875,0,0.0,0.75,1.0,0.875,0.875
1443,no_strict_e1_improvement,0,,,,,1,0,1,1,0,1,0,1,0,0,-1,current,0,0,0.02099505318328738,0.02099505318328738,35,25,25,25,25,0,0,1,1.0,1.0,1.0,1.0,1.0,1,1.0,1.0,1.0,1.0,1.0,1,1.0,1.0,1.0,1.0,1.0,1,1.0,1.0,1.0,1.0,1.0
1444,no_strict_e1_improvement,0,,,,,1,0,2,1,1,1,1,1,0,0,-1,current,0,0,0.19357171350857244,0.19357171350857244,21,1,1,1,1,0,0,0,0.04,0.5,0.6,0.55,0.6,0,0.04,0.5,0.6,0.55,0.6,0,0.04,0.5,0.6,0.55,0.6,0,0.04,0.5,0.6,0.55,0.6
1445,no_strict_e1_improvement,0,,,,,1,0,2,1,1,1,1,1,0,0,-1,current,0,0,0.16821228496264667,0.16821228496264667,14,0,0,0,0,0,0,0,0.0,0.55,0.4,0.475,0.525,0,0.0,0.55,0.4,0.475,0.525,0,0.0,0.55,0.4,0.475,0.525,0,0.0,0.55,0.4,0.475,0.525
1446,no_strict_e1_improvement,0,,,,,1,0,1,1,0,1,0,1,0,0,-1,current,0,0,0.0692426699330099,0.0692426699330099,31,0,0,0,0,0,0,0,0.0,0.95,0.75,0.85,0.85,0,0.0,0.95,0.75,0.85,0.85,0,0.0,0.95,0.75,0.85,0.85,0,0.0,0.95,0.75,0.85,0.85
1447,no_strict_e1_improvement,0,,,,,1,0,2,1,1,1,1,1,0,0,-1,current,0,0,0.15865060443175025,0.15865060443175025,18,0,0,0,0,0,0,0,0.0,0.45,0.5,0.475,0.6,0,0.0,0.45,0.5,0.475,0.6,0,0.0,0.45,0.5,0.475,0.6,0,0.0,0.45,0.5,0.475,0.6
1448,no_strict_e1_improvement,0,,,,,1,0,1,1,0,1,0,1,0,0,-1,current,0,0,0.04420080899726599,0.04420080899726599,32,0,0,0,0,0,0,0,0.0,0.75,0.95,0.85,0.85,0,0.0,0.75,0.95,0.85,0.85,0,0.0,0.75,0.95,0.85,0.85,0,0.0,0.75,0.95,0.85,0.85
1449,partial_completed__max_rounds,1,,10,3,6,1,1,2,1,1,1,1,1,0,0,0,s1a3_greedy,1,0,0.201412229903508,0.07537815767573193,14,6,7,7,7,1,0,0,0.24,0.1,0.35,0.225,0.25,0,0.28,0.15,0.45,0.3,0.4,0,0.28,0.4,0.6,0.5,0.5,0,0.28,0.4,0.6,0.5,0.5
1450,max_rounds,0,,,,,1,1,2,1,1,1,1,1,0,0,0,s1a3_greedy,1,0,0.14240711529455438,0.1105804321839969,17,15,15,15,15,0,0,0,0.6,0.5,0.8,0.65,0.7,0,0.6,0.5,0.8,0.65,0.7,0,0.6,0.4,0.6,0.5,0.55,0,0.6,0.4,0.6,0.5,0.55
1451,max_rounds,0,,,,,1,1,2,1,1,1,1,1,0,0,0,s1a3_greedy,1,0,0.2612959733232856,0.1915604343637824,20,1,1,3,3,2,0,0,0.04,0.45,0.2,0.325,0.425,0,0.04,0.45,0.2,0.325,0.425,0,0.12,0.45,0.15,0.3,0.375,0,0.12,0.45,0.15,0.3,0.375
1452,max_rounds,0,,,,,1,1,2,1,1,1,1,1,0,0,0,s1a3_greedy,1,0,0.19064471903257071,0.1811412529088557,19,0,0,0,0,0,0,0,0.0,0.2,0.65,0.425,0.45,0,0.0,0.2,0.65,0.425,0.45,0,0.0,0.45,0.4,0.425,0.45,0,0.0,0.45,0.4,0.425,0.45
1453,max_rounds,0,,,,,1,1,2,1,1,1,1,1,0,0,0,s1a3_greedy,1,0,0.3096943182987161,0.21236735807033255,14,0,0,1,1,1,0,0,0.0,0.05,0.3,0.175,0.3,0,0.0,0.05,0.3,0.175,0.3,0,0.04,0.25,0.25,0.25,0.425,0,0.04,0.25,0.25,0.25,0.425
1454,no_strict_e1_improvement,0,,,,,1,0,1,1,0,1,0,1,0,0,-1,current,0,0,0.0729189112316817,0.0729189112316817,29,0,0,0,0,0,0,0,0.0,0.75,0.7,0.725,0.725,0,0.0,0.75,0.7,0.725,0.725,0,0.0,0.75,0.7,0.725,0.725,0,0.0,0.75,0.7,0.725,0.725
1455,max_rounds,0,,,,,1,1,2,1,1,1,1,1,0,0,0,s1a3_greedy,1,0,0.23649708977900447,0.13674122113734483,21,15,15,12,12,-3,0,0,0.6,0.65,0.45,0.55,0.575,0,0.6,0.65,0.45,0.55,0.575,0,0.48,0.65,0.35,0.5,0.575,0,0.48,0.65,0.35,0.5,0.575
1456,max_rounds,0,,,,,1,1,2,1,1,1,1,1,0,0,0,s1a3_greedy,1,0,0.15302676307037472,0.12821150168310852,18,2,2,3,3,1,0,0,0.08,0.2,0.6,0.4,0.45,0,0.08,0.2,0.6,0.4,0.45,0,0.12,0.2,0.7,0.45,0.45,0,0.12,0.2,0.7,0.45,0.45
1457,max_rounds,0,,,,,1,1,2,1,1,1,1,1,0,0,0,s1a3_greedy,1,0,0.13317942032590507,0.04999190176604316,30,0,0,0,0,0,0,0,0.0,0.7,0.8,0.75,0.775,0,0.0,0.7,0.8,0.75,0.775,0,0.0,0.75,0.95,0.85,0.85,0,0.0,0.75,0.95,0.85,0.85
1458,no_strict_e1_improvement,0,,,,,1,0,1,1,0,1,0,1,0,0,-1,current,0,0,0.033444627188146114,0.033444627188146114,28,25,25,25,25,0,0,1,1.0,1.0,1.0,1.0,1.0,1,1.0,1.0,1.0,1.0,1.0,1,1.0,1.0,1.0,1.0,1.0,1,1.0,1.0,1.0,1.0,1.0
1459,no_strict_e1_improvement,0,,,,,1,0,1,1,0,1,0,1,0,0,-1,current,0,0,0.02165070315822959,0.02165070315822959,35,25,25,25,25,0,0,1,1.0,1.0,1.0,1.0,1.0,1,1.0,1.0,1.0,1.0,1.0,1,1.0,1.0,1.0,1.0,1.0,1,1.0,1.0,1.0,1.0,1.0
1460,max_rounds,0,,,,,1,1,2,1,1,1,1,1,0,0,0,s1a3_greedy,1,0,0.21672236513113602,0.1899431432480924,13,0,0,0,0,0,0,0,0.0,0.6,0.7,0.65,0.65,0,0.0,0.6,0.7,0.65,0.65,0,0.0,0.35,0.4,0.375,0.5,0,0.0,0.35,0.4,0.375,0.5
1461,max_rounds,0,,,,,1,1,2,1,1,1,1,1,0,0,0,s1a3_greedy,1,0,0.22548574932734483,0.2031090280681383,19,2,2,0,0,-2,0,0,0.08,0.65,0.45,0.55,0.575,0,0.08,0.65,0.45,0.55,0.575,0,0.0,0.6,0.5,0.55,0.6,0,0.0,0.6,0.5,0.55,0.6
1462,no_strict_e1_improvement,0,,,,,1,0,2,1,1,1,1,1,0,0,-1,current,0,0,0.15203059394843876,0.15203059394843876,22,1,1,1,1,0,0,0,0.04,0.55,0.45,0.5,0.6,0,0.04,0.55,0.45,0.5,0.6,0,0.04,0.55,0.45,0.5,0.6,0,0.04,0.55,0.45,0.5,0.6
1463,no_strict_e1_improvement,0,,,,,1,0,2,1,1,1,1,1,0,0,-1,current,0,0,0.1392767876968719,0.1392767876968719,19,0,0,0,0,0,0,0,0.0,0.45,0.35,0.4,0.475,0,0.0,0.45,0.35,0.4,0.475,0,0.0,0.45,0.35,0.4,0.475,0,0.0,0.45,0.35,0.4,0.475
1464,no_strict_e1_improvement,0,,,,,1,0,1,1,0,1,0,1,0,0,-1,current,0,0,0.04058572895592079,0.04058572895592079,34,0,0,0,0,0,0,0,0.0,0.75,1.0,0.875,0.875,0,0.0,0.75,1.0,0.875,0.875,0,0.0,0.75,1.0,0.875,0.875,0,0.0,0.75,1.0,0.875,0.875
1465,no_strict_e1_improvement,0,,,,,1,0,2,1,1,1,1,1,0,0,-1,current,0,0,0.10308043371915118,0.10308043371915118,26,0,0,0,0,0,0,0,0.0,0.75,0.95,0.85,0.85,0,0.0,0.75,0.95,0.85,0.85,0,0.0,0.75,0.95,0.85,0.85,0,0.0,0.75,0.95,0.85,0.85
1466,no_strict_e1_improvement,0,,,,,1,0,2,1,1,1,1,1,0,0,-1,current,0,0,0.13573874951107429,0.13573874951107429,30,0,0,0,0,0,0,0,0.0,0.85,0.65,0.75,0.775,0,0.0,0.85,0.65,0.75,0.775,0,0.0,0.85,0.65,0.75,0.775,0,0.0,0.85,0.65,0.75,0.775
1467,no_strict_e1_improvement,0,,,,,1,0,1,1,0,1,0,1,0,0,-1,current,0,0,0.023133809241699055,0.023133809241699055,35,25,25,25,25,0,0,1,1.0,1.0,1.0,1.0,1.0,1,1.0,1.0,1.0,1.0,1.0,1,1.0,1.0,1.0,1.0,1.0,1,1.0,1.0,1.0,1.0,1.0
1468,no_strict_e1_improvement,0,,,,,1,0,1,1,0,1,0,1,0,0,-1,current,0,0,0.049562172521837054,0.049562172521837054,34,0,0,0,0,0,0,0,0.0,0.75,0.75,0.75,0.75,0,0.0,0.75,0.75,0.75,0.75,0,0.0,0.75,0.75,0.75,0.75,0,0.0,0.75,0.75,0.75,0.75
1469,max_rounds,0,,,,,1,1,2,1,1,1,1,1,0,0,0,s1a3_greedy,1,0,0.1016110563185066,0.10131038795225322,24,0,0,0,0,0,0,0,0.0,0.75,0.95,0.85,0.85,0,0.0,0.75,0.95,0.85,0.85,0,0.0,0.75,0.8,0.775,0.825,0,0.0,0.75,0.8,0.775,0.825
1470,partial_completed__no_strict_e1_improvement,1,,5,2,4,1,0,1,1,0,1,0,1,0,0,-1,current,1,0,0.10289457368198782,0.10289457368198782,25,0,0,0,0,0,0,0,0.0,0.6,0.6,0.6,0.6,0,0.0,0.75,0.7,0.725,0.8,0,0.0,0.75,0.7,0.725,0.8,0,0.0,0.75,0.7,0.725,0.8
1471,max_rounds,0,,,,,1,1,2,1,1,1,1,1,0,0,0,s1a3_greedy,1,0,0.15733360946178437,0.14247058811597527,27,0,0,0,0,0,0,0,0.0,0.45,0.8,0.625,0.725,0,0.0,0.45,0.8,0.625,0.725,0,0.0,0.6,0.7,0.65,0.7,0,0.0,0.6,0.7,0.65,0.7
1472,max_rounds,0,,,,,1,1,2,1,1,1,1,1,0,0,0,s1a3_greedy,1,0,0.28067577291622003,0.1931665375490411,18,0,0,0,0,0,0,0,0.0,0.4,0.45,0.425,0.45,0,0.0,0.4,0.45,0.425,0.45,0,0.0,0.55,0.55,0.55,0.575,0,0.0,0.55,0.55,0.55,0.575
1473,partial_completed__no_strict_e1_improvement,1,,5,2,3,1,0,2,1,1,1,1,1,0,0,-1,current,1,0,0.1236636410234496,0.1236636410234496,14,1,1,1,1,0,0,0,0.04,0.25,0.1,0.175,0.25,0,0.04,0.4,0.15,0.275,0.35,0,0.04,0.4,0.15,0.275,0.35,0,0.04,0.4,0.15,0.275,0.35
1474,no_strict_e1_improvement,0,,,,,1,0,1,1,0,1,0,1,0,0,-1,current,0,0,0.03168720157118514,0.03168720157118514,28,25,25,25,25,0,0,1,1.0,1.0,1.0,1.0,1.0,1,1.0,1.0,1.0,1.0,1.0,1,1.0,1.0,1.0,1.0,1.0,1,1.0,1.0,1.0,1.0,1.0
1475,no_strict_e1_improvement,0,,,,,1,0,1,1,0,1,0,1,0,0,-1,current,0,0,0.018692390638170762,0.018692390638170762,31,1,1,1,1,0,0,0,0.04,0.7,0.85,0.775,0.775,0,0.04,0.7,0.85,0.775,0.775,0,0.04,0.7,0.85,0.775,0.775,0,0.04,0.7,0.85,0.775,0.775
1476,no_strict_e1_improvement,0,,,,,1,0,2,1,1,1,1,1,0,0,-1,current,0,0,0.04960566924419254,0.04960566924419254,33,25,25,25,25,0,0,1,1.0,1.0,1.0,1.0,1.0,1,1.0,1.0,1.0,1.0,1.0,1,1.0,1.0,1.0,1.0,1.0,1,1.0,1.0,1.0,1.0,1.0
1477,max_rounds,0,,,,,1,1,2,1,1,1,1,1,0,0,0,s1a3_greedy,1,0,0.2437421423383057,0.19715709025040268,23,0,0,0,0,0,0,0,0.0,0.65,0.55,0.6,0.65,0,0.0,0.65,0.55,0.6,0.65,0,0.0,0.8,0.6,0.7,0.775,0,0.0,0.8,0.6,0.7,0.775
1478,no_strict_e1_improvement,0,,,,,1,0,2,1,1,1,1,1,0,0,-1,current,0,0,0.20947285047732295,0.20947285047732295,22,3,3,3,3,0,0,0,0.12,0.25,0.85,0.55,0.625,0,0.12,0.25,0.85,0.55,0.625,0,0.12,0.25,0.85,0.55,0.625,0,0.12,0.25,0.85,0.55,0.625
1479,no_strict_e1_improvement,0,,,,,1,0,2,1,1,1,1,1,0,0,-1,current,0,0,0.09017885373905302,0.09017885373905302,29,15,15,15,15,0,0,0,0.6,0.75,0.9,0.825,0.825,0,0.6,0.75,0.9,0.825,0.825,0,0.6,0.75,0.9,0.825,0.825,0,0.6,0.75,0.9,0.825,0.825
1480,max_rounds,0,,,,,1,1,2,1,1,1,1,1,0,0,0,s1a3_greedy,1,0,0.18059180863201618,0.1472145142266527,24,11,11,8,8,-3,0,0,0.44,0.6,0.7,0.65,0.675,0,0.44,0.6,0.7,0.65,0.675,0,0.32,0.65,0.4,0.525,0.575,0,0.32,0.65,0.4,0.525,0.575
1481,max_rounds,0,,,,,1,1,2,1,1,1,1,1,0,0,0,s1a3_greedy,1,0,0.17941364038379107,0.15997596299384895,19,4,4,3,3,-1,0,0,0.16,0.45,0.6,0.525,0.575,0,0.16,0.45,0.6,0.525,0.575,0,0.12,0.4,0.7,0.55,0.575,0,0.12,0.4,0.7,0.55,0.575
1482,max_rounds,0,,,,,1,1,2,1,1,1,1,1,0,0,0,s1a3_greedy,1,0,0.22303460495604668,0.07253020064963493,29,0,0,0,0,0,0,0,0.0,0.7,0.5,0.6,0.65,0,0.0,0.7,0.5,0.6,0.65,0,0.0,1.0,0.75,0.875,0.875,0,0.0,1.0,0.75,0.875,0.875
1483,max_rounds,0,,,,,1,1,2,1,1,1,1,1,0,0,0,s1a3_greedy,1,0,0.14468862086960144,0.14162891136365943,11,2,2,3,3,1,0,0,0.08,0.0,0.0,0.0,0.2,0,0.08,0.0,0.0,0.0,0.2,0,0.12,0.1,0.0,0.05,0.175,0,0.12,0.1,0.0,0.05,0.175
1484,max_rounds,0,,,,,1,1,2,1,1,1,1,1,0,0,0,s1a3_greedy,1,0,0.3048217240953818,0.2919789327541366,19,0,0,0,0,0,0,0,0.0,0.55,0.2,0.375,0.4,0,0.0,0.55,0.2,0.375,0.4,0,0.0,0.6,0.35,0.475,0.5,0,0.0,0.6,0.35,0.475,0.5
1485,max_rounds,0,,,,,1,1,2,1,1,1,1,1,0,0,0,s1a3_greedy,1,0,0.24697205766278785,0.15276126295502762,18,15,15,15,15,0,0,0,0.6,0.7,0.45,0.575,0.575,0,0.6,0.7,0.45,0.575,0.575,0,0.6,0.6,0.5,0.55,0.575,0,0.6,0.6,0.5,0.55,0.575
1486,no_strict_e1_improvement,0,,,,,1,0,1,1,0,1,0,1,0,0,-1,current,0,0,0.07337472578510643,0.07337472578510643,32,20,20,20,20,0,0,0,0.8,0.75,0.95,0.85,0.85,0,0.8,0.75,0.95,0.85,0.85,0,0.8,0.75,0.95,0.85,0.85,0,0.8,0.75,0.95,0.85,0.85
1487,no_strict_e1_improvement,0,,,,,1,0,2,1,1,1,1,1,0,0,-1,current,0,0,0.134203214145964,0.134203214145964,27,0,0,0,0,0,0,0,0.0,0.75,0.8,0.775,0.775,0,0.0,0.75,0.8,0.775,0.775,0,0.0,0.75,0.8,0.775,0.775,0,0.0,0.75,0.8,0.775,0.775
1488,no_strict_e1_improvement,0,,,,,1,0,2,1,1,1,1,1,0,0,-1,current,0,0,0.18476450755260884,0.18476450755260884,17,0,0,0,0,0,0,0,0.0,0.1,0.45,0.275,0.35,0,0.0,0.1,0.45,0.275,0.35,0,0.0,0.1,0.45,0.275,0.35,0,0.0,0.1,0.45,0.275,0.35
1489,small_component,0,,,,,1,0,0,0,0,0,0,1,0,0,-1,current,0,0,0.13767750586848707,0.13767750586848707,21,0,0,0,0,0,0,0,0.0,0.3,0.5,0.4,0.4,0,0.0,0.3,0.5,0.4,0.4,0,0.0,0.3,0.5,0.4,0.4,0,0.0,0.3,0.5,0.4,0.4
1490,no_strict_e1_improvement,0,,,,,1,0,2,1,1,1,1,1,0,0,-1,current,0,0,0.06076981031801552,0.06076981031801552,30,15,15,15,15,0,0,0,0.6,0.9,0.75,0.825,0.825,0,0.6,0.9,0.75,0.825,0.825,0,0.6,0.9,0.75,0.825,0.825,0,0.6,0.9,0.75,0.825,0.825
1491,max_rounds,0,,,,,1,1,2,1,1,1,1,1,0,0,0,s1a3_greedy,1,0,0.21827246072934942,0.19011908482061698,20,0,0,0,0,0,0,0,0.0,0.3,0.2,0.25,0.55,0,0.0,0.3,0.2,0.25,0.55,0,0.0,0.3,0.3,0.3,0.45,0,0.0,0.3,0.3,0.3,0.45
1492,max_rounds,0,,,,,1,1,2,1,1,1,1,1,0,0,0,s1a3_greedy,1,0,0.08681187632028013,0.0774344755569473,29,0,0,0,0,0,0,0,0.0,1.0,0.75,0.875,0.875,0,0.0,1.0,0.75,0.875,0.875,0,0.0,0.9,0.75,0.825,0.825,0,0.0,0.9,0.75,0.825,0.825
1493,small_component,0,,,,,1,0,0,0,0,0,0,1,0,0,-1,current,0,0,0.2735600227082614,0.2735600227082614,17,3,3,3,3,0,0,0,0.12,0.35,0.5,0.425,0.55,0,0.12,0.35,0.5,0.425,0.55,0,0.12,0.35,0.5,0.425,0.55,0,0.12,0.35,0.5,0.425,0.55
1494,no_strict_e1_improvement,0,,,,,1,0,2,1,1,1,1,1,0,0,-1,current,0,0,0.23734185080975295,0.23734185080975295,18,0,0,0,0,0,0,0,0.0,0.4,0.25,0.325,0.4,0,0.0,0.4,0.25,0.325,0.4,0,0.0,0.4,0.25,0.325,0.4,0,0.0,0.4,0.25,0.325,0.4
1495,no_strict_e1_improvement,0,,,,,1,0,1,1,0,1,0,1,0,0,-1,current,0,0,0.038426608673398734,0.038426608673398734,29,0,0,0,0,0,0,0,0.0,0.75,1.0,0.875,0.875,0,0.0,0.75,1.0,0.875,0.875,0,0.0,0.75,1.0,0.875,0.875,0,0.0,0.75,1.0,0.875,0.875
1496,no_strict_e1_improvement,0,,,,,1,0,1,1,0,1,0,1,0,0,-1,current,0,0,0.035818822449073195,0.035818822449073195,29,25,25,25,25,0,0,1,1.0,1.0,1.0,1.0,1.0,1,1.0,1.0,1.0,1.0,1.0,1,1.0,1.0,1.0,1.0,1.0,1,1.0,1.0,1.0,1.0,1.0
1497,max_rounds,0,,,,,1,1,2,1,1,1,1,1,0,0,0,s1a3_greedy,1,0,0.21704836825374513,0.09260831738356501,29,0,0,0,0,0,0,0,0.0,0.6,0.65,0.625,0.65,0,0.0,0.6,0.65,0.625,0.65,0,0.0,0.75,0.9,0.825,0.825,0,0.0,0.75,0.9,0.825,0.825
1498,max_rounds,0,,,,,1,1,2,1,1,1,1,1,0,0,0,s1a3_greedy,1,0,0.2505991630256176,0.23803457510657608,16,3,3,0,0,-3,0,0,0.12,0.7,0.3,0.5,0.575,0,0.12,0.7,0.3,0.5,0.575,0,0.0,0.6,0.35,0.475,0.525,0,0.0,0.6,0.35,0.475,0.525
1499,max_rounds,0,,,,,1,1,2,1,1,1,1,1,0,0,0,s1a3_greedy,1,0,0.07206984125077724,0.05655670892447233,27,0,0,0,0,0,0,0,0.0,0.65,0.8,0.725,0.725,0,0.0,0.65,0.8,0.725,0.725,0,0.0,0.75,1.0,0.875,0.875,0,0.0,0.75,1.0,0.875,0.875
1500,no_strict_e1_improvement,0,,,,,1,0,1,1,0,1,0,1,0,0,-1,current,0,0,0.022478712256997824,0.022478712256997824,36,25,25,25,25,0,0,1,1.0,1.0,1.0,1.0,1.0,1,1.0,1.0,1.0,1.0,1.0,1,1.0,1.0,1.0,1.0,1.0,1,1.0,1.0,1.0,1.0,1.0
1501,small_component,0,,,,,1,0,0,0,0,0,0,1,0,0,-1,current,0,0,0.29979175380431117,0.29979175380431117,13,0,0,0,0,0,0,0,0.0,0.2,0.15,0.175,0.3,0,0.0,0.2,0.15,0.175,0.3,0,0.0,0.2,0.15,0.175,0.3,0,0.0,0.2,0.15,0.175,0.3
1502,partial_completed__max_rounds,1,,5,2,4,1,1,2,1,1,1,1,1,0,0,0,s1a3_greedy,1,0,0.20496163227362557,0.1592661294620484,13,5,5,0,0,-5,0,0,0.2,0.5,0.05,0.275,0.3,0,0.2,0.55,0.05,0.3,0.35,0,0.0,0.4,0.1,0.25,0.325,0,0.0,0.4,0.1,0.25,0.325
1503,no_strict_e1_improvement,0,,,,,1,0,2,1,1,1,1,1,0,0,-1,current,0,0,0.11817078052554279,0.11817078052554279,24,17,17,17,17,0,0,0,0.68,0.8,0.7,0.75,0.75,0,0.68,0.8,0.7,0.75,0.75,0,0.68,0.8,0.7,0.75,0.75,0,0.68,0.8,0.7,0.75,0.75
1504,max_rounds,0,,,,,1,1,2,1,1,1,1,1,0,0,0,s1a3_greedy,1,0,0.13262715059681796,0.08912604781799019,26,9,9,8,8,-1,0,0,0.36,0.65,0.4,0.525,0.575,0,0.36,0.65,0.4,0.525,0.575,0,0.32,0.75,0.4,0.575,0.625,0,0.32,0.75,0.4,0.575,0.625
1505,no_strict_e1_improvement,0,,,,,1,0,1,1,0,1,0,1,0,0,-1,current,0,0,0.00832668279763311,0.00832668279763311,36,0,0,0,0,0,0,0,0.0,0.75,1.0,0.875,0.875,0,0.0,0.75,1.0,0.875,0.875,0,0.0,0.75,1.0,0.875,0.875,0,0.0,0.75,1.0,0.875,0.875
1506,max_rounds,0,,,,,1,1,2,1,1,1,1,1,0,0,0,s1a3_greedy,1,0,0.2031965058296919,0.09350521429441869,20,0,0,0,0,0,0,0,0.0,0.7,0.6,0.65,0.675,0,0.0,0.7,0.6,0.65,0.675,0,0.0,0.85,0.75,0.8,0.8,0,0.0,0.85,0.75,0.8,0.8
1507,max_rounds,0,,,,,1,1,2,1,1,1,1,1,0,0,0,s1a3_greedy,1,0,0.20934354092460125,0.13629619367711712,23,1,1,0,0,-1,0,0,0.04,0.75,0.45,0.6,0.625,0,0.04,0.75,0.45,0.6,0.625,0,0.0,0.95,0.5,0.725,0.725,0,0.0,0.95,0.5,0.725,0.725
1508,max_rounds,0,,,,,1,1,2,1,1,1,1,1,0,0,0,s1a3_greedy,1,0,0.2361412199679762,0.08667022963054478,21,3,3,0,0,-3,0,0,0.12,0.1,0.45,0.275,0.3,0,0.12,0.1,0.45,0.275,0.3,0,0.0,0.15,0.75,0.45,0.5,0,0.0,0.15,0.75,0.45,0.5
1509,max_rounds,0,,,,,1,1,2,1,1,1,1,1,0,0,0,s1a3_greedy,1,0,0.20210266455542297,0.115520409331657,17,0,0,0,0,0,0,0,0.0,0.5,0.15,0.325,0.375,0,0.0,0.5,0.15,0.325,0.375,0,0.0,0.85,0.75,0.8,0.8,0,0.0,0.85,0.75,0.8,0.8
1510,no_strict_e1_improvement,0,,,,,1,0,1,1,0,1,0,1,0,0,-1,current,0,0,0.05199288679286838,0.05199288679286838,32,0,0,0,0,0,0,0,0.0,0.75,1.0,0.875,0.875,0,0.0,0.75,1.0,0.875,0.875,0,0.0,0.75,1.0,0.875,0.875,0,0.0,0.75,1.0,0.875,0.875
1511,max_rounds,0,,,,,1,1,2,1,1,1,1,1,0,0,0,s1a3_greedy,1,0,0.17127822428010403,0.0932493305997923,21,16,16,21,21,5,0,0,0.64,0.65,0.6,0.625,0.75,0,0.64,0.65,0.6,0.625,0.75,0,0.84,0.75,0.7,0.725,0.825,0,0.84,0.75,0.7,0.725,0.825
1512,partial_completed__max_rounds,1,,5,2,4,1,1,2,1,1,1,1,1,0,0,0,s1a3_greedy,1,0,0.23443415521178396,0.17041926544625313,20,5,10,7,7,2,0,0,0.2,0.35,0.45,0.4,0.425,0,0.4,0.4,0.45,0.425,0.45,0,0.28,0.4,0.5,0.45,0.6,0,0.28,0.4,0.5,0.45,0.6
1513,max_rounds,0,,,,,1,1,2,1,1,1,1,1,0,0,0,s1a3_greedy,1,0,0.2438864990428556,0.09683652259991504,22,0,0,0,0,0,0,0,0.0,0.5,0.55,0.525,0.575,0,0.0,0.5,0.55,0.525,0.575,0,0.0,0.75,0.75,0.75,0.75,0,0.0,0.75,0.75,0.75,0.75
1514,max_rounds,0,,,,,1,1,2,1,1,1,1,1,0,0,0,s1a3_greedy,1,0,0.11658948026888538,0.08643547932442744,28,0,0,0,0,0,0,0,0.0,0.85,0.75,0.8,0.825,0,0.0,0.85,0.75,0.8,0.825,0,0.0,0.9,0.75,0.825,0.825,0,0.0,0.9,0.75,0.825,0.825
1515,max_rounds,0,,,,,1,1,2,1,1,1,1,1,0,0,0,s1a3_greedy,1,0,0.06544030306395143,0.013186960585881025,34,23,23,25,25,2,0,0,0.92,0.85,0.85,0.85,0.95,0,0.92,0.85,0.85,0.85,0.95,1,1.0,1.0,1.0,1.0,1.0,1,1.0,1.0,1.0,1.0,1.0
1516,max_rounds,0,,,,,1,1,2,1,1,1,1,1,0,0,0,s1a3_greedy,1,0,0.2388232445664471,0.15077691605256405,13,1,1,0,0,-1,0,0,0.04,0.25,0.3,0.275,0.325,0,0.04,0.25,0.3,0.275,0.325,0,0.0,0.1,0.45,0.275,0.35,0,0.0,0.1,0.45,0.275,0.35
1517,no_strict_e1_improvement,0,,,,,1,0,1,1,0,1,0,1,0,0,-1,current,0,0,0.04421833445958327,0.04421833445958327,30,25,25,25,25,0,0,1,1.0,1.0,1.0,1.0,1.0,1,1.0,1.0,1.0,1.0,1.0,1,1.0,1.0,1.0,1.0,1.0,1,1.0,1.0,1.0,1.0,1.0
1518,no_strict_e1_improvement,0,,,,,1,0,2,1,1,1,1,1,0,0,-1,current,0,0,0.10072623777668924,0.10072623777668924,26,2,2,2,2,0,0,0,0.08,0.5,0.8,0.65,0.7,0,0.08,0.5,0.8,0.65,0.7,0,0.08,0.5,0.8,0.65,0.7,0,0.08,0.5,0.8,0.65,0.7
1519,max_rounds,0,,,,,1,1,2,1,1,1,1,1,0,0,0,s1a3_greedy,1,0,0.34503169685408464,0.2780035036499612,12,4,4,4,4,0,0,0,0.16,0.5,0.25,0.375,0.45,0,0.16,0.5,0.25,0.375,0.45,0,0.16,0.25,0.25,0.25,0.325,0,0.16,0.25,0.25,0.25,0.325
1520,no_strict_e1_improvement,0,,,,,1,0,1,1,0,1,0,1,0,0,-1,current,0,0,0.020441141864284872,0.020441141864284872,34,25,25,25,25,0,0,1,1.0,1.0,1.0,1.0,1.0,1,1.0,1.0,1.0,1.0,1.0,1,1.0,1.0,1.0,1.0,1.0,1,1.0,1.0,1.0,1.0,1.0
1521,no_strict_e1_improvement,0,,,,,1,0,2,1,1,1,1,1,0,0,-1,current,0,0,0.1289720909204334,0.1289720909204334,20,0,0,0,0,0,0,0,0.0,0.6,0.65,0.625,0.65,0,0.0,0.6,0.65,0.625,0.65,0,0.0,0.6,0.65,0.625,0.65,0,0.0,0.6,0.65,0.625,0.65
1522,no_strict_e1_improvement,0,,,,,1,0,1,1,0,1,0,1,0,0,-1,current,0,0,0.04622026518918574,0.04622026518918574,28,25,25,25,25,0,0,1,1.0,1.0,1.0,1.0,1.0,1,1.0,1.0,1.0,1.0,1.0,1,1.0,1.0,1.0,1.0,1.0,1,1.0,1.0,1.0,1.0,1.0
1523,no_strict_e1_improvement,0,,,,,1,0,1,1,0,1,0,1,0,0,-1,current,0,0,0.06346886027313303,0.06346886027313303,24,23,23,23,23,0,0,0,0.92,0.9,0.9,0.9,0.925,0,0.92,0.9,0.9,0.9,0.925,0,0.92,0.9,0.9,0.9,0.925,0,0.92,0.9,0.9,0.9,0.925
1524,no_strict_e1_improvement,0,,,,,1,0,2,1,1,1,1,1,0,0,-1,current,0,0,0.16541707122232766,0.16541707122232766,23,15,15,15,15,0,0,0,0.6,0.75,0.8,0.775,0.825,0,0.6,0.75,0.8,0.775,0.825,0,0.6,0.75,0.8,0.775,0.825,0,0.6,0.75,0.8,0.775,0.825
1525,max_rounds,0,,,,,1,1,2,1,1,1,1,1,0,0,0,s1a3_greedy,1,0,0.24896349249465857,0.14330214296642224,23,0,0,0,0,0,0,0,0.0,0.4,0.55,0.475,0.5,0,0.0,0.4,0.55,0.475,0.5,0,0.0,0.65,0.7,0.675,0.725,0,0.0,0.65,0.7,0.675,0.725
1526,max_rounds,0,,,,,1,1,2,1,1,1,1,1,0,0,0,s1a3_greedy,1,0,0.1165429817396216,0.042597630573436615,23,17,17,23,23,6,0,0,0.68,0.7,0.65,0.675,0.775,0,0.68,0.7,0.65,0.675,0.775,0,0.92,0.8,0.85,0.825,0.875,0,0.92,0.8,0.85,0.825,0.875
1527,max_rounds,0,,,,,1,1,2,1,1,1,1,1,0,0,0,s1a3_greedy,1,0,0.11686499579809606,0.05703063039109111,27,0,0,3,3,3,0,0,0.0,0.65,0.65,0.65,0.675,0,0.0,0.65,0.65,0.65,0.675,0,0.12,0.65,0.7,0.675,0.675,0,0.12,0.65,0.7,0.675,0.675
1528,max_rounds,0,,,,,1,1,2,1,1,1,1,1,0,0,0,s1a3_greedy,1,0,0.22545123999007047,0.10407626861706376,23,0,0,0,0,0,0,0,0.0,0.35,0.45,0.4,0.45,0,0.0,0.35,0.45,0.4,0.45,0,0.0,0.8,0.55,0.675,0.675,0,0.0,0.8,0.55,0.675,0.675
1529,max_rounds,0,,,,,1,1,2,1,1,1,1,1,0,0,0,s1a3_greedy,1,0,0.1314899003249593,0.0973265417444054,15,0,0,0,0,0,0,0,0.0,0.2,0.4,0.3,0.4,0,0.0,0.2,0.4,0.3,0.4,0,0.0,0.35,0.25,0.3,0.375,0,0.0,0.35,0.25,0.3,0.375
1530,max_rounds,0,,,,,1,1,2,1,1,1,1,1,0,0,0,s1a3_greedy,1,0,0.29644218683242796,0.2554411050863564,14,4,4,1,1,-3,0,0,0.16,0.05,0.55,0.3,0.4,0,0.16,0.05,0.55,0.3,0.4,0,0.04,0.1,0.3,0.2,0.3,0,0.04,0.1,0.3,0.2,0.3
1531,max_rounds,0,,,,,1,1,2,1,1,1,1,1,0,0,0,s1a3_greedy,1,0,0.24221528058988043,0.20951068179274443,9,5,5,0,0,-5,0,0,0.2,0.0,0.25,0.125,0.225,0,0.2,0.0,0.25,0.125,0.225,0,0.0,0.1,0.4,0.25,0.4,0,0.0,0.1,0.4,0.25,0.4
1532,no_strict_e1_improvement,0,,,,,1,0,1,1,0,1,0,1,0,0,-1,current,0,0,0.06643629726022482,0.06643629726022482,30,0,0,0,0,0,0,0,0.0,0.75,1.0,0.875,0.875,0,0.0,0.75,1.0,0.875,0.875,0,0.0,0.75,1.0,0.875,0.875,0,0.0,0.75,1.0,0.875,0.875
1533,no_strict_e1_improvement,0,,,,,1,0,1,1,0,1,0,1,0,0,-1,current,0,0,0.03258756529539823,0.03258756529539823,33,25,25,25,25,0,0,1,1.0,1.0,1.0,1.0,1.0,1,1.0,1.0,1.0,1.0,1.0,1,1.0,1.0,1.0,1.0,1.0,1,1.0,1.0,1.0,1.0,1.0
1534,partial_completed__no_strict_e1_improvement,1,,5,2,4,1,0,2,1,1,1,1,1,0,0,-1,current,1,0,0.28241578983142973,0.28241578983142973,15,0,0,0,0,0,0,0,0.0,0.4,0.1,0.25,0.275,0,0.0,0.45,0.15,0.3,0.35,0,0.0,0.45,0.15,0.3,0.35,0,0.0,0.45,0.15,0.3,0.35
1535,max_rounds,0,,,,,1,1,2,1,1,1,1,1,0,0,0,s1a3_greedy,1,0,0.20956308825407177,0.1851515761576593,17,0,0,0,0,0,0,0,0.0,0.05,0.3,0.175,0.325,0,0.0,0.05,0.3,0.175,0.325,0,0.0,0.2,0.2,0.2,0.25,0,0.0,0.2,0.2,0.2,0.25
1536,no_strict_e1_improvement,0,,,,,1,0,2,1,1,1,1,1,0,0,-1,current,0,0,0.0750408443622291,0.0750408443622291,25,17,17,17,17,0,0,0,0.68,0.9,0.6,0.75,0.85,0,0.68,0.9,0.6,0.75,0.85,0,0.68,0.9,0.6,0.75,0.85,0,0.68,0.9,0.6,0.75,0.85
1537,max_rounds,0,,,,,1,1,2,1,1,1,1,1,0,0,0,s1a3_greedy,1,0,0.0533459143480286,0.04884804466273636,32,0,0,0,0,0,0,0,0.0,0.75,0.95,0.85,0.85,0,0.0,0.75,0.95,0.85,0.85,0,0.0,0.75,0.9,0.825,0.825,0,0.0,0.75,0.9,0.825,0.825
1538,max_rounds,0,,,,,1,1,2,1,1,1,1,1,0,0,0,s1a3_greedy,1,0,0.15231212666258215,0.08849573074840009,29,0,0,0,0,0,0,0,0.0,0.65,0.7,0.675,0.675,0,0.0,0.65,0.7,0.675,0.675,0,0.0,0.75,0.9,0.825,0.825,0,0.0,0.75,0.9,0.825,0.825
1539,max_rounds,0,,,,,1,1,2,1,1,1,1,1,0,0,0,s1a3_greedy,1,0,0.2023404006147757,0.185297462483868,11,0,0,0,0,0,0,0,0.0,0.5,0.15,0.325,0.4,0,0.0,0.5,0.15,0.325,0.4,0,0.0,0.4,0.0,0.2,0.3,0,0.0,0.4,0.0,0.2,0.3
1540,max_rounds,0,,,,,1,1,2,1,1,1,1,1,0,0,0,s1a3_greedy,1,0,0.11710936901508831,0.11302229775465093,25,0,0,0,0,0,0,0,0.0,0.55,0.8,0.675,0.7,0,0.0,0.55,0.8,0.675,0.7,0,0.0,0.55,0.75,0.65,0.675,0,0.0,0.55,0.75,0.65,0.675
1541,no_strict_e1_improvement,0,,,,,1,0,1,1,0,1,0,1,0,0,-1,current,0,0,0.10830685878172516,0.10830685878172516,27,16,16,16,16,0,0,0,0.64,0.7,0.85,0.775,0.775,0,0.64,0.7,0.85,0.775,0.775,0,0.64,0.7,0.85,0.775,0.775,0,0.64,0.7,0.85,0.775,0.775
1542,partial_completed__max_rounds,1,,5,2,4,1,1,2,1,1,1,1,1,0,0,0,s1a3_greedy,1,0,0.19899897705763578,0.06800057323271176,24,0,0,0,0,0,0,0,0.0,0.5,0.45,0.475,0.475,0,0.0,0.6,0.45,0.525,0.525,0,0.0,0.75,0.75,0.75,0.75,0,0.0,0.75,0.75,0.75,0.75
1543,no_strict_e1_improvement,0,,,,,1,0,1,1,0,1,0,1,0,0,-1,current,0,0,0.026192605693358927,0.026192605693358927,32,25,25,25,25,0,0,1,1.0,1.0,1.0,1.0,1.0,1,1.0,1.0,1.0,1.0,1.0,1,1.0,1.0,1.0,1.0,1.0,1,1.0,1.0,1.0,1.0,1.0
1544,no_strict_e1_improvement,0,,,,,1,0,1,1,0,1,0,1,0,0,-1,current,0,0,0.023545108211692423,0.023545108211692423,33,0,0,0,0,0,0,0,0.0,0.75,1.0,0.875,0.875,0,0.0,0.75,1.0,0.875,0.875,0,0.0,0.75,1.0,0.875,0.875,0,0.0,0.75,1.0,0.875,0.875
1545,max_rounds,0,,,,,1,1,2,1,1,1,1,1,0,0,0,s1a3_greedy,1,0,0.329609864205122,0.25287011999171227,21,0,0,0,0,0,0,0,0.0,0.3,0.7,0.5,0.5,0,0.0,0.3,0.7,0.5,0.5,0,0.0,0.5,0.65,0.575,0.625,0,0.0,0.5,0.65,0.575,0.625
1546,no_strict_e1_improvement,0,,,,,1,0,2,1,1,1,1,1,0,0,-1,current,0,0,0.1948659722227603,0.1948659722227603,22,0,0,0,0,0,0,0,0.0,0.4,0.6,0.5,0.525,0,0.0,0.4,0.6,0.5,0.525,0,0.0,0.4,0.6,0.5,0.525,0,0.0,0.4,0.6,0.5,0.525
1547,max_rounds,0,,,,,1,1,2,1,1,1,1,1,0,0,0,s1a3_greedy,1,0,0.1864422940678196,0.15759661139163655,17,14,14,15,15,1,0,0,0.56,0.6,0.7,0.65,0.7,0,0.56,0.6,0.7,0.65,0.7,0,0.6,0.5,0.65,0.575,0.575,0,0.6,0.5,0.65,0.575,0.575
1548,max_rounds,0,,,,,1,1,2,1,1,1,1,1,0,0,0,s1a3_greedy,1,0,0.298169686505571,0.2734461209794972,14,1,1,0,0,-1,0,0,0.04,0.15,0.0,0.075,0.2,0,0.04,0.15,0.0,0.075,0.2,0,0.0,0.1,0.05,0.075,0.175,0,0.0,0.1,0.05,0.075,0.175
1549,no_strict_e1_improvement,0,,,,,1,0,1,1,0,1,0,1,0,0,-1,current,0,0,0.017803868651390074,0.017803868651390074,39,25,25,25,25,0,0,1,1.0,1.0,1.0,1.0,1.0,1,1.0,1.0,1.0,1.0,1.0,1,1.0,1.0,1.0,1.0,1.0,1,1.0,1.0,1.0,1.0,1.0
1550,no_strict_e1_improvement,0,,,,,1,0,1,1,0,1,0,1,0,0,-1,current,0,0,0.01502235271036625,0.01502235271036625,36,25,25,25,25,0,0,1,1.0,1.0,1.0,1.0,1.0,1,1.0,1.0,1.0,1.0,1.0,1,1.0,1.0,1.0,1.0,1.0,1,1.0,1.0,1.0,1.0,1.0
1551,no_strict_e1_improvement,0,,,,,1,0,1,1,0,1,0,1,0,0,-1,current,0,0,0.05197807746444596,0.05197807746444596,26,25,25,25,25,0,0,1,1.0,1.0,1.0,1.0,1.0,1,1.0,1.0,1.0,1.0,1.0,1,1.0,1.0,1.0,1.0,1.0,1,1.0,1.0,1.0,1.0,1.0
1552,max_rounds,0,,,,,1,1,2,1,1,1,1,1,0,0,0,s1a3_greedy,1,0,0.20019136402988807,0.15303573614219204,23,0,0,0,0,0,0,0,0.0,0.65,0.65,0.65,0.675,0,0.0,0.65,0.65,0.65,0.675,0,0.0,0.65,0.6,0.625,0.675,0,0.0,0.65,0.6,0.625,0.675
1553,max_rounds,0,,,,,1,1,2,1,1,1,1,1,0,0,0,s1a3_greedy,1,0,0.1459206690895371,0.09210382146993652,22,0,0,0,0,0,0,0,0.0,0.55,0.6,0.575,0.625,0,0.0,0.55,0.6,0.575,0.625,0,0.0,0.55,0.6,0.575,0.675,0,0.0,0.55,0.6,0.575,0.675
1554,max_rounds,0,,,,,1,1,2,1,1,1,1,1,0,0,0,s1a3_greedy,1,0,0.250462141353637,0.24878045234363527,11,1,1,0,0,-1,0,0,0.04,0.35,0.4,0.375,0.375,0,0.04,0.35,0.4,0.375,0.375,0,0.0,0.25,0.3,0.275,0.35,0,0.0,0.25,0.3,0.275,0.35
1555,no_strict_e1_improvement,0,,,,,1,0,1,1,0,1,0,1,0,0,-1,current,0,0,0.012594618415459991,0.012594618415459991,33,25,25,25,25,0,0,1,1.0,1.0,1.0,1.0,1.0,1,1.0,1.0,1.0,1.0,1.0,1,1.0,1.0,1.0,1.0,1.0,1,1.0,1.0,1.0,1.0,1.0
1556,max_rounds,0,,,,,1,1,2,1,1,1,1,1,0,0,0,s1a3_greedy,1,0,0.25286169436294587,0.24983431883156298,13,0,0,0,0,0,0,0,0.0,0.15,0.45,0.3,0.375,0,0.0,0.15,0.45,0.3,0.375,0,0.0,0.15,0.35,0.25,0.35,0,0.0,0.15,0.35,0.25,0.35
1557,no_strict_e1_improvement,0,,,,,1,0,2,1,1,1,1,1,0,0,-1,current,0,0,0.2021016025391873,0.2021016025391873,19,15,15,15,15,0,0,0,0.6,0.55,0.6,0.575,0.6,0,0.6,0.55,0.6,0.575,0.6,0,0.6,0.55,0.6,0.575,0.6,0,0.6,0.55,0.6,0.575,0.6
1558,max_rounds,0,,,,,1,1,2,1,1,1,1,1,0,0,0,s1a3_greedy,1,0,0.13268529050983488,0.11712477346882225,26,0,0,1,1,1,0,0,0.0,0.55,0.9,0.725,0.75,0,0.0,0.55,0.9,0.725,0.75,0,0.04,0.55,0.8,0.675,0.675,0,0.04,0.55,0.8,0.675,0.675
1559,max_rounds,0,,,,,1,1,2,1,1,1,1,1,0,0,0,s1a3_greedy,1,0,0.24889014726504682,0.1160043278709054,28,0,0,0,0,0,0,0,0.0,0.55,0.4,0.475,0.525,0,0.0,0.55,0.4,0.475,0.525,0,0.0,0.85,0.55,0.7,0.7,0,0.0,0.85,0.55,0.7,0.7
1560,no_strict_e1_improvement,0,,,,,1,0,2,1,1,1,1,1,0,0,-1,current,0,0,0.23823280620854348,0.23823280620854348,18,14,14,14,14,0,0,0,0.56,0.6,0.45,0.525,0.575,0,0.56,0.6,0.45,0.525,0.575,0,0.56,0.6,0.45,0.525,0.575,0,0.56,0.6,0.45,0.525,0.575
1561,no_strict_e1_improvement,0,,,,,1,0,2,1,1,1,1,1,0,0,-1,current,0,0,0.2390018864069134,0.2390018864069134,22,1,1,1,1,0,0,0,0.04,0.45,0.55,0.5,0.525,0,0.04,0.45,0.55,0.5,0.525,0,0.04,0.45,0.55,0.5,0.525,0,0.04,0.45,0.55,0.5,0.525
1562,max_rounds,0,,,,,1,1,2,1,1,1,1,1,0,0,0,s1a3_greedy,1,0,0.15338798551820218,0.13651526696048677,21,6,6,7,7,1,0,0,0.24,0.35,0.4,0.375,0.45,0,0.24,0.35,0.4,0.375,0.45,0,0.28,0.35,0.3,0.325,0.4,0,0.28,0.35,0.3,0.325,0.4
1563,max_rounds,0,,,,,1,1,2,1,1,1,1,1,0,0,0,s1a3_greedy,1,0,0.17248572213575245,0.14300485169515015,22,0,0,0,0,0,0,0,0.0,0.3,0.5,0.4,0.5,0,0.0,0.3,0.5,0.4,0.5,0,0.0,0.35,0.5,0.425,0.525,0,0.0,0.35,0.5,0.425,0.525
1564,no_strict_e1_improvement,0,,,,,1,0,1,1,0,1,0,1,0,0,-1,current,0,0,0.11040252386592328,0.11040252386592328,25,0,0,0,0,0,0,0,0.0,0.5,0.8,0.65,0.7,0,0.0,0.5,0.8,0.65,0.7,0,0.0,0.5,0.8,0.65,0.7,0,0.0,0.5,0.8,0.65,0.7
1565,max_rounds,0,,,,,1,1,2,1,1,1,1,1,0,0,0,s1a3_greedy,1,0,0.09756077891215682,0.02919529816135764,29,22,22,25,25,3,0,0,0.88,0.85,0.85,0.85,0.9,0,0.88,0.85,0.85,0.85,0.9,1,1.0,1.0,1.0,1.0,1.0,1,1.0,1.0,1.0,1.0,1.0
1566,no_strict_e1_improvement,0,,,,,1,0,2,1,1,1,1,1,0,0,-1,current,0,0,0.10708864054176956,0.10708864054176956,29,0,0,0,0,0,0,0,0.0,0.75,0.8,0.775,0.775,0,0.0,0.75,0.8,0.775,0.775,0,0.0,0.75,0.8,0.775,0.775,0,0.0,0.75,0.8,0.775,0.775
1567,max_rounds,0,,,,,1,1,2,1,1,1,1,1,0,0,0,s1a3_greedy,1,0,0.09330129367299378,0.06512817214243113,27,22,22,25,25,3,0,0,0.88,0.9,0.85,0.875,0.875,0,0.88,0.9,0.85,0.875,0.875,1,1.0,1.0,1.0,1.0,1.0,1,1.0,1.0,1.0,1.0,1.0
1568,no_strict_e1_improvement,0,,,,,1,0,1,1,0,1,0,1,0,0,-1,current,0,0,0.039935518987476826,0.039935518987476826,30,0,0,0,0,0,0,0,0.0,0.75,1.0,0.875,0.875,0,0.0,0.75,1.0,0.875,0.875,0,0.0,0.75,1.0,0.875,0.875,0,0.0,0.75,1.0,0.875,0.875
1569,small_component,0,,,,,1,0,0,0,0,0,0,1,0,0,-1,current,0,0,0.2200559176504612,0.2200559176504612,18,1,1,1,1,0,0,0,0.04,0.45,0.65,0.55,0.575,0,0.04,0.45,0.65,0.55,0.575,0,0.04,0.45,0.65,0.55,0.575,0,0.04,0.45,0.65,0.55,0.575
1570,max_rounds,0,,,,,1,1,2,1,1,1,1,1,0,0,0,s1a3_greedy,1,0,0.07883821669965982,0.07853162735700607,20,1,1,1,1,0,0,0,0.04,0.65,0.85,0.75,0.775,0,0.04,0.65,0.85,0.75,0.775,0,0.04,0.65,0.8,0.725,0.75,0,0.04,0.65,0.8,0.725,0.75
1571,no_strict_e1_improvement,0,,,,,1,0,1,1,0,1,0,1,0,0,-1,current,0,0,0.0023425568593665957,0.0023425568593665957,39,25,25,25,25,0,0,1,1.0,1.0,1.0,1.0,1.0,1,1.0,1.0,1.0,1.0,1.0,1,1.0,1.0,1.0,1.0,1.0,1,1.0,1.0,1.0,1.0,1.0
1572,no_strict_e1_improvement,0,,,,,1,0,2,1,1,1,1,1,0,0,-1,current,0,0,0.21454924428835512,0.21454924428835512,21,0,0,0,0,0,0,0,0.0,0.7,0.65,0.675,0.675,0,0.0,0.7,0.65,0.675,0.675,0,0.0,0.7,0.65,0.675,0.675,0,0.0,0.7,0.65,0.675,0.675
1573,no_strict_e1_improvement,0,,,,,1,0,2,1,1,1,1,1,0,0,-1,current,0,0,0.2627864406793378,0.2627864406793378,18,0,0,0,0,0,0,0,0.0,0.4,0.4,0.4,0.45,0,0.0,0.4,0.4,0.4,0.45,0,0.0,0.4,0.4,0.4,0.45,0,0.0,0.4,0.4,0.4,0.45
1574,max_rounds,0,,,,,1,1,2,1,1,1,1,1,0,0,0,s1a3_greedy,1,0,0.13536612445604987,0.09433822322753257,27,8,8,20,20,12,0,0,0.32,0.55,0.85,0.7,0.7,0,0.32,0.55,0.85,0.7,0.7,0,0.8,0.75,0.65,0.7,0.8,0,0.8,0.75,0.65,0.7,0.8
1575,max_rounds,0,,,,,1,1,2,1,1,1,1,1,0,0,0,s1a3_greedy,1,0,0.1135706937406212,0.07633439195342362,25,0,0,0,0,0,0,0,0.0,0.7,0.45,0.575,0.575,0,0.0,0.7,0.45,0.575,0.575,0,0.0,0.7,0.55,0.625,0.625,0,0.0,0.7,0.55,0.625,0.625
1576,no_strict_e1_improvement,0,,,,,1,0,2,1,1,1,1,1,0,0,-1,current,0,0,0.046567031345330176,0.046567031345330176,31,0,0,0,0,0,0,0,0.0,0.75,1.0,0.875,0.875,0,0.0,0.75,1.0,0.875,0.875,0,0.0,0.75,1.0,0.875,0.875,0,0.0,0.75,1.0,0.875,0.875
1577,no_strict_e1_improvement,0,,,,,1,0,1,1,0,1,0,1,0,0,-1,current,0,0,0.13563768783351407,0.13563768783351407,23,0,0,0,0,0,0,0,0.0,0.75,0.9,0.825,0.825,0,0.0,0.75,0.9,0.825,0.825,0,0.0,0.75,0.9,0.825,0.825,0,0.0,0.75,0.9,0.825,0.825
1578,no_strict_e1_improvement,0,,,,,1,0,2,1,1,1,1,1,0,0,-1,current,0,0,0.1909984413534403,0.1909984413534403,23,0,0,0,0,0,0,0,0.0,0.4,0.4,0.4,0.5,0,0.0,0.4,0.4,0.4,0.5,0,0.0,0.4,0.4,0.4,0.5,0,0.0,0.4,0.4,0.4,0.5
1579,small_component,0,,,,,1,0,0,0,0,0,0,1,0,0,-1,current,0,0,0.24575725462054834,0.24575725462054834,17,0,0,0,0,0,0,0,0.0,0.3,0.5,0.4,0.5,0,0.0,0.3,0.5,0.4,0.5,0,0.0,0.3,0.5,0.4,0.5,0,0.0,0.3,0.5,0.4,0.5
1580,max_rounds,0,,,,,1,1,2,1,1,1,1,1,0,0,0,s1a3_greedy,1,0,0.1775998233817518,0.1135201910044998,28,0,0,1,1,1,0,0,0.0,0.45,0.65,0.55,0.55,0,0.0,0.45,0.65,0.55,0.55,0,0.04,0.6,0.8,0.7,0.725,0,0.04,0.6,0.8,0.7,0.725
1581,max_rounds,0,,,,,1,1,2,1,1,1,1,1,0,0,0,s1a3_greedy,1,0,0.057387365686008704,0.04425962269306183,28,21,21,25,25,4,0,0,0.84,0.75,0.8,0.775,0.825,0,0.84,0.75,0.8,0.775,0.825,1,1.0,1.0,1.0,1.0,1.0,1,1.0,1.0,1.0,1.0,1.0
1582,max_rounds,0,,,,,1,1,2,1,1,1,1,1,0,0,0,s1a3_greedy,1,0,0.10648310836404562,0.09695231299847365,28,21,21,21,21,0,0,0,0.84,0.9,0.6,0.75,0.75,0,0.84,0.9,0.6,0.75,0.75,0,0.84,0.9,0.6,0.75,0.75,0,0.84,0.9,0.6,0.75,0.75
1583,max_rounds,0,,,,,1,1,2,1,1,1,1,1,0,0,0,s1a3_greedy,1,0,0.05617651137035864,0.037069483162486,23,23,23,25,25,2,0,0,0.92,0.85,0.9,0.875,0.875,0,0.92,0.85,0.9,0.875,0.875,1,1.0,1.0,1.0,1.0,1.0,1,1.0,1.0,1.0,1.0,1.0
1584,max_rounds,0,,,,,1,1,2,1,1,1,1,1,0,0,0,s1a3_greedy,1,0,0.2805170237086713,0.21899641798809172,17,2,2,0,0,-2,0,0,0.08,0.45,0.3,0.375,0.45,0,0.08,0.45,0.3,0.375,0.45,0,0.0,0.5,0.15,0.325,0.4,0,0.0,0.5,0.15,0.325,0.4
1585,max_rounds,0,,,,,1,1,2,1,1,1,1,1,0,0,0,s1a3_greedy,1,0,0.12478500786237419,0.10060684834606945,24,0,0,0,0,0,0,0,0.0,0.55,0.75,0.65,0.7,0,0.0,0.55,0.75,0.65,0.7,0,0.0,0.65,0.7,0.675,0.7,0,0.0,0.65,0.7,0.675,0.7
1586,max_rounds,0,,,,,1,1,2,1,1,1,1,1,0,0,0,s1a3_greedy,1,0,0.20009784229914657,0.18305431716144085,19,0,0,0,0,0,0,0,0.0,0.55,0.35,0.45,0.475,0,0.0,0.55,0.35,0.45,0.475,0,0.0,0.45,0.45,0.45,0.45,0,0.0,0.45,0.45,0.45,0.45
1587,max_rounds,0,,,,,1,1,2,1,1,1,1,1,0,0,0,s1a3_greedy,1,0,0.14505914049223065,0.053025289857760075,30,1,1,0,0,-1,0,0,0.04,0.65,0.75,0.7,0.725,0,0.04,0.65,0.75,0.7,0.725,0,0.0,0.75,1.0,0.875,0.875,0,0.0,0.75,1.0,0.875,0.875
1588,small_component,0,,,,,1,0,0,0,0,0,0,1,0,0,-1,current,0,0,0.21360331192845478,0.21360331192845478,14,0,0,0,0,0,0,0,0.0,0.05,0.0,0.025,0.175,0,0.0,0.05,0.0,0.025,0.175,0,0.0,0.05,0.0,0.025,0.175,0,0.0,0.05,0.0,0.025,0.175
1589,no_strict_e1_improvement,0,,,,,1,0,2,1,1,1,1,1,0,0,-1,current,0,0,0.04295425316086039,0.04295425316086039,33,25,25,25,25,0,0,1,1.0,1.0,1.0,1.0,1.0,1,1.0,1.0,1.0,1.0,1.0,1,1.0,1.0,1.0,1.0,1.0,1,1.0,1.0,1.0,1.0,1.0
1590,partial_completed__no_strict_e1_improvement,1,,5,2,4,1,0,2,1,1,1,1,1,0,0,-1,current,1,0,0.19562645242694998,0.19562645242694998,17,0,9,9,9,9,0,0,0.0,0.1,0.45,0.275,0.35,0,0.36,0.1,0.45,0.275,0.375,0,0.36,0.1,0.45,0.275,0.375,0,0.36,0.1,0.45,0.275,0.375
1591,partial_completed__max_rounds,1,,5,2,4,1,1,2,1,1,1,1,1,0,0,0,s1a3_greedy,1,0,0.21856790612218902,0.10616025901399553,16,1,1,0,0,-1,0,0,0.04,0.1,0.5,0.3,0.4,0,0.04,0.1,0.55,0.325,0.45,0,0.0,0.25,0.45,0.35,0.375,0,0.0,0.25,0.45,0.35,0.375
1592,max_rounds,0,,,,,1,1,2,1,1,1,1,1,0,0,0,s1a3_greedy,1,0,0.2465807924978435,0.22164144848939032,16,0,0,0,0,0,0,0,0.0,0.45,0.55,0.5,0.6,0,0.0,0.45,0.55,0.5,0.6,0,0.0,0.55,0.55,0.55,0.625,0,0.0,0.55,0.55,0.55,0.625
1593,max_rounds,0,,,,,1,1,2,1,1,1,1,1,0,0,0,s1a3_greedy,1,0,0.1760186633124249,0.10876171214040369,19,0,0,0,0,0,0,0,0.0,0.15,0.6,0.375,0.4,0,0.0,0.15,0.6,0.375,0.4,0,0.0,0.3,0.7,0.5,0.55,0,0.0,0.3,0.7,0.5,0.55
1594,no_strict_e1_improvement,0,,,,,1,0,1,1,0,1,0,1,0,0,-1,current,0,0,0.03776660462317523,0.03776660462317523,32,23,23,23,23,0,0,0,0.92,0.85,0.9,0.875,0.9,0,0.92,0.85,0.9,0.875,0.9,0,0.92,0.85,0.9,0.875,0.9,0,0.92,0.85,0.9,0.875,0.9
1595,no_strict_e1_improvement,0,,,,,1,0,1,1,0,1,0,1,0,0,-1,current,0,0,0.08248137609334663,0.08248137609334663,30,0,0,0,0,0,0,0,0.0,0.7,0.8,0.75,0.775,0,0.0,0.7,0.8,0.75,0.775,0,0.0,0.7,0.8,0.75,0.775,0,0.0,0.7,0.8,0.75,0.775
1596,partial_completed__max_rounds,1,,5,2,4,1,1,2,1,1,1,1,1,0,0,0,s1a3_greedy,1,0,0.2339051950839348,0.16307507400633767,19,1,1,2,2,1,0,0,0.04,0.45,0.3,0.375,0.425,0,0.04,0.45,0.35,0.4,0.45,0,0.08,0.65,0.55,0.6,0.65,0,0.08,0.65,0.55,0.6,0.65
1597,no_strict_e1_improvement,0,,,,,1,0,1,1,0,1,0,1,0,0,-1,current,0,0,0.091983662545681,0.091983662545681,30,0,0,0,0,0,0,0,0.0,0.75,1.0,0.875,0.875,0,0.0,0.75,1.0,0.875,0.875,0,0.0,0.75,1.0,0.875,0.875,0,0.0,0.75,1.0,0.875,0.875
1598,no_strict_e1_improvement,0,,,,,1,0,2,1,1,1,1,1,0,0,-1,current,0,0,0.24478128049522638,0.24478128049522638,18,0,0,0,0,0,0,0,0.0,0.25,0.4,0.325,0.45,0,0.0,0.25,0.4,0.325,0.45,0,0.0,0.25,0.4,0.325,0.45,0,0.0,0.25,0.4,0.325,0.45
1599,no_strict_e1_improvement,0,,,,,1,0,1,1,0,1,0,1,0,0,-1,current,0,0,0.05658513533999212,0.05658513533999212,28,23,23,23,23,0,0,0,0.92,0.9,0.9,0.9,0.925,0,0.92,0.9,0.9,0.9,0.925,0,0.92,0.9,0.9,0.9,0.925,0,0.92,0.9,0.9,0.9,0.925
1600,max_rounds,0,,,,,1,1,2,1,1,1,1,1,0,0,0,s1a3_greedy,1,0,0.2914767130278051,0.2741995730670169,12,0,0,0,0,0,0,0,0.0,0.3,0.35,0.325,0.425,0,0.0,0.3,0.35,0.325,0.425,0,0.0,0.25,0.45,0.35,0.375,0,0.0,0.25,0.45,0.35,0.375
1601,no_strict_e1_improvement,0,,,,,1,0,2,1,1,1,1,1,0,0,-1,current,0,0,0.09514892501756549,0.09514892501756549,27,0,0,0,0,0,0,0,0.0,0.75,1.0,0.875,0.875,0,0.0,0.75,1.0,0.875,0.875,0,0.0,0.75,1.0,0.875,0.875,0,0.0,0.75,1.0,0.875,0.875
1602,max_rounds,0,,,,,1,1,2,1,1,1,1,1,0,0,0,s1a3_greedy,1,0,0.23604169127138447,0.16256264911498874,13,0,0,0,0,0,0,0,0.0,0.25,0.3,0.275,0.35,0,0.0,0.25,0.3,0.275,0.35,0,0.0,0.2,0.35,0.275,0.375,0,0.0,0.2,0.35,0.275,0.375
1603,max_rounds,0,,,,,1,1,2,1,1,1,1,1,0,0,0,s1a3_greedy,1,0,0.04243825455014303,0.03292653562784835,32,0,0,0,0,0,0,0,0.0,0.75,0.85,0.8,0.825,0,0.0,0.75,0.85,0.8,0.825,0,0.0,0.75,0.95,0.85,0.85,0,0.0,0.75,0.95,0.85,0.85
1604,max_rounds,0,,,,,1,1,2,1,1,1,1,1,0,0,0,s1a3_greedy,1,0,0.11097551602870226,0.022338255075737834,31,0,0,0,0,0,0,0,0.0,0.65,0.8,0.725,0.75,0,0.0,0.65,0.8,0.725,0.75,0,0.0,0.75,1.0,0.875,0.875,0,0.0,0.75,1.0,0.875,0.875
1605,no_strict_e1_improvement,0,,,,,1,0,1,1,0,1,0,1,0,0,-1,current,0,0,0.07006401694379746,0.07006401694379746,31,0,0,0,0,0,0,0,0.0,0.75,1.0,0.875,0.875,0,0.0,0.75,1.0,0.875,0.875,0,0.0,0.75,1.0,0.875,0.875,0,0.0,0.75,1.0,0.875,0.875
1606,no_strict_e1_improvement,0,,,,,1,0,1,1,0,1,0,1,0,0,-1,current,0,0,0.09325825814157725,0.09325825814157725,26,23,23,23,23,0,0,0,0.92,0.9,0.9,0.9,0.925,0,0.92,0.9,0.9,0.9,0.925,0,0.92,0.9,0.9,0.9,0.925,0,0.92,0.9,0.9,0.9,0.925
1607,no_strict_e1_improvement,0,,,,,1,0,1,1,0,1,0,1,0,0,-1,current,0,0,0.05145355686545372,0.05145355686545372,31,0,0,0,0,0,0,0,0.0,0.75,1.0,0.875,0.875,0,0.0,0.75,1.0,0.875,0.875,0,0.0,0.75,1.0,0.875,0.875,0,0.0,0.75,1.0,0.875,0.875
1608,no_strict_e1_improvement,0,,,,,1,0,2,1,1,1,1,1,0,0,-1,current,0,0,0.05566875892691314,0.05566875892691314,31,0,0,0,0,0,0,0,0.0,0.7,0.75,0.725,0.725,0,0.0,0.7,0.75,0.725,0.725,0,0.0,0.7,0.75,0.725,0.725,0,0.0,0.7,0.75,0.725,0.725
1609,no_strict_e1_improvement,0,,,,,1,0,2,1,1,1,1,1,0,0,-1,current,0,0,0.2084232757333666,0.2084232757333666,22,0,0,0,0,0,0,0,0.0,0.45,0.55,0.5,0.525,0,0.0,0.45,0.55,0.5,0.525,0,0.0,0.45,0.55,0.5,0.525,0,0.0,0.45,0.55,0.5,0.525
1610,max_rounds,0,,,,,1,1,2,1,1,1,1,1,0,0,0,s1a3_greedy,1,0,0.10368932896235492,0.07105157656769734,33,0,0,0,0,0,0,0,0.0,0.65,0.8,0.725,0.75,0,0.0,0.65,0.8,0.725,0.75,0,0.0,0.75,1.0,0.875,0.875,0,0.0,0.75,1.0,0.875,0.875
1611,max_rounds,0,,,,,1,1,2,1,1,1,1,1,0,0,0,s1a3_greedy,1,0,0.13899483550339936,0.06727097700349986,26,22,22,23,23,1,0,0,0.88,0.8,0.8,0.8,0.8,0,0.88,0.8,0.8,0.8,0.8,0,0.92,0.9,0.9,0.9,0.925,0,0.92,0.9,0.9,0.9,0.925
1612,max_rounds,0,,,,,1,1,2,1,1,1,1,1,0,0,0,s1a3_greedy,1,0,0.17374964896880557,0.09789971248537768,20,16,16,8,8,-8,0,0,0.64,0.75,0.45,0.6,0.625,0,0.64,0.75,0.45,0.6,0.625,0,0.32,0.55,0.4,0.475,0.5,0,0.32,0.55,0.4,0.475,0.5
1613,max_rounds,0,,,,,1,1,2,1,1,1,1,1,0,0,0,s1a3_greedy,1,0,0.09697625571861863,0.07698028618469835,36,0,0,0,0,0,0,0,0.0,0.7,0.9,0.8,0.825,0,0.0,0.7,0.9,0.8,0.825,0,0.0,0.75,0.95,0.85,0.85,0,0.0,0.75,0.95,0.85,0.85
1614,no_strict_e1_improvement,0,,,,,1,0,2,1,1,1,1,1,0,0,-1,current,0,0,0.06434428226202726,0.06434428226202726,28,25,25,25,25,0,0,1,1.0,1.0,1.0,1.0,1.0,1,1.0,1.0,1.0,1.0,1.0,1,1.0,1.0,1.0,1.0,1.0,1,1.0,1.0,1.0,1.0,1.0
1615,max_rounds,0,,,,,1,1,2,1,1,1,1,1,0,0,0,s1a3_greedy,1,0,0.28540109293535354,0.18739283545874058,15,0,0,0,0,0,0,0,0.0,0.2,0.3,0.25,0.35,0,0.0,0.2,0.3,0.25,0.35,0,0.0,0.25,0.5,0.375,0.475,0,0.0,0.25,0.5,0.375,0.475
1616,no_strict_e1_improvement,0,,,,,1,0,1,1,0,1,0,1,0,0,-1,current,0,0,0.07323079296038486,0.07323079296038486,31,0,0,0,0,0,0,0,0.0,0.9,0.75,0.825,0.825,0,0.0,0.9,0.75,0.825,0.825,0,0.0,0.9,0.75,0.825,0.825,0,0.0,0.9,0.75,0.825,0.825
1617,max_rounds,0,,,,,1,1,2,1,1,1,1,1,0,0,0,s1a3_greedy,1,0,0.29801331429043787,0.13691797353094443,17,1,1,3,3,2,0,0,0.04,0.3,0.15,0.225,0.25,0,0.04,0.3,0.15,0.225,0.25,0,0.12,0.35,0.15,0.25,0.325,0,0.12,0.35,0.15,0.25,0.325
1618,no_strict_e1_improvement,0,,,,,1,0,1,1,0,1,0,1,0,0,-1,current,0,0,0.06366232698783278,0.06366232698783278,30,25,25,25,25,0,0,1,1.0,1.0,1.0,1.0,1.0,1,1.0,1.0,1.0,1.0,1.0,1,1.0,1.0,1.0,1.0,1.0,1,1.0,1.0,1.0,1.0,1.0
1619,max_rounds,0,,,,,1,1,2,1,1,1,1,1,0,0,0,s1a3_greedy,1,0,0.23553367918357254,0.15534462957875803,22,0,0,3,3,3,0,0,0.0,0.45,0.4,0.425,0.575,0,0.0,0.45,0.4,0.425,0.575,0,0.12,0.7,0.75,0.725,0.75,0,0.12,0.7,0.75,0.725,0.75
1620,no_strict_e1_improvement,0,,,,,1,0,1,1,0,1,0,1,0,0,-1,current,0,0,0.009726933995261788,0.009726933995261788,37,25,25,25,25,0,0,1,1.0,1.0,1.0,1.0,1.0,1,1.0,1.0,1.0,1.0,1.0,1,1.0,1.0,1.0,1.0,1.0,1,1.0,1.0,1.0,1.0,1.0
1621,max_rounds,0,,,,,1,1,2,1,1,1,1,1,0,0,0,s1a3_greedy,1,0,0.17227591518312693,0.10143990738288267,26,20,20,23,23,3,0,0,0.8,0.7,0.75,0.725,0.775,0,0.8,0.7,0.75,0.725,0.775,0,0.92,0.8,0.85,0.825,0.825,0,0.92,0.8,0.85,0.825,0.825
1622,no_strict_e1_improvement,0,,,,,1,0,1,1,0,1,0,1,0,0,-1,current,0,0,0.057603946479503065,0.057603946479503065,34,0,0,0,0,0,0,0,0.0,1.0,0.75,0.875,0.875,0,0.0,1.0,0.75,0.875,0.875,0,0.0,1.0,0.75,0.875,0.875,0,0.0,1.0,0.75,0.875,0.875
1623,no_strict_e1_improvement,0,,,,,1,0,2,1,1,1,1,1,0,0,-1,current,0,0,0.24137153020128607,0.24137153020128607,18,3,3,3,3,0,0,0,0.12,0.65,0.2,0.425,0.5,0,0.12,0.65,0.2,0.425,0.5,0,0.12,0.65,0.2,0.425,0.5,0,0.12,0.65,0.2,0.425,0.5
1624,partial_completed__max_rounds,1,,5,2,4,1,1,2,1,1,1,1,1,0,0,0,s1a3_greedy,1,0,0.16841056724078954,0.06094953260617331,27,15,17,25,25,10,0,0,0.6,0.45,0.45,0.45,0.525,0,0.68,0.45,0.55,0.5,0.625,1,1.0,1.0,1.0,1.0,1.0,1,1.0,1.0,1.0,1.0,1.0
1625,max_rounds,0,,,,,1,1,2,1,1,1,1,1,0,0,0,s1a3_greedy,1,0,0.050421966006979346,0.03450373127125204,31,23,23,25,25,2,0,0,0.92,0.9,0.9,0.9,0.925,0,0.92,0.9,0.9,0.9,0.925,1,1.0,1.0,1.0,1.0,1.0,1,1.0,1.0,1.0,1.0,1.0
1626,max_rounds,0,,,,,1,1,2,1,1,1,1,1,0,0,0,s1a3_greedy,1,0,0.12093349633505568,0.02534990885978914,33,19,19,25,25,6,0,0,0.76,0.85,0.7,0.775,0.775,0,0.76,0.85,0.7,0.775,0.775,1,1.0,1.0,1.0,1.0,1.0,1,1.0,1.0,1.0,1.0,1.0
1627,no_strict_e1_improvement,0,,,,,1,0,1,1,0,1,0,1,0,0,-1,current,0,0,0.06899103550240397,0.06899103550240397,28,25,25,25,25,0,0,1,1.0,1.0,1.0,1.0,1.0,1,1.0,1.0,1.0,1.0,1.0,1,1.0,1.0,1.0,1.0,1.0,1,1.0,1.0,1.0,1.0,1.0
1628,no_strict_e1_improvement,0,,,,,1,0,1,1,0,1,0,1,0,0,-1,current,0,0,0.006739560142159462,0.006739560142159462,38,25,25,25,25,0,0,1,1.0,1.0,1.0,1.0,1.0,1,1.0,1.0,1.0,1.0,1.0,1,1.0,1.0,1.0,1.0,1.0,1,1.0,1.0,1.0,1.0,1.0
1629,no_strict_e1_improvement,0,,,,,1,0,1,1,0,1,0,1,0,0,-1,current,0,0,0.06473362799733877,0.06473362799733877,31,0,0,0,0,0,0,0,0.0,0.75,1.0,0.875,0.875,0,0.0,0.75,1.0,0.875,0.875,0,0.0,0.75,1.0,0.875,0.875,0,0.0,0.75,1.0,0.875,0.875
1630,max_rounds,0,,,,,1,1,2,1,1,1,1,1,0,0,0,s1a3_greedy,1,0,0.273781316075474,0.11326180744217709,24,0,0,0,0,0,0,0,0.0,0.35,0.45,0.4,0.525,0,0.0,0.35,0.45,0.4,0.525,0,0.0,0.6,0.75,0.675,0.675,0,0.0,0.6,0.75,0.675,0.675
1631,max_rounds,0,,,,,1,1,2,1,1,1,1,1,0,0,0,s1a3_greedy,1,0,0.25961902188137176,0.1992548312060535,22,4,4,1,1,-3,0,0,0.16,0.45,0.55,0.5,0.525,0,0.16,0.45,0.55,0.5,0.525,0,0.04,0.6,0.6,0.6,0.625,0,0.04,0.6,0.6,0.6,0.625
1632,max_rounds,0,,,,,1,1,2,1,1,1,1,1,0,0,0,s1a3_greedy,1,0,0.22957831497769804,0.08422279758378863,28,17,17,25,25,8,0,0,0.68,0.6,0.65,0.625,0.65,0,0.68,0.6,0.65,0.625,0.65,1,1.0,1.0,1.0,1.0,1.0,1,1.0,1.0,1.0,1.0,1.0
1633,partial_completed__max_rounds,1,,5,2,4,1,1,2,1,1,1,1,1,0,0,0,s1a3_greedy,1,0,0.21375341676175594,0.12848361544311046,19,0,0,0,0,0,0,0,0.0,0.15,0.4,0.275,0.325,0,0.0,0.15,0.5,0.325,0.4,0,0.0,0.8,0.75,0.775,0.825,0,0.0,0.8,0.75,0.775,0.825
1634,max_rounds,0,,,,,1,1,2,1,1,1,1,1,0,0,0,s1a3_greedy,1,0,0.20244159874273465,0.1871516855317168,23,1,1,0,0,-1,0,0,0.04,0.7,0.55,0.625,0.65,0,0.04,0.7,0.55,0.625,0.65,0,0.0,0.75,0.55,0.65,0.725,0,0.0,0.75,0.55,0.65,0.725
1635,max_rounds,0,,,,,1,1,2,1,1,1,1,1,0,0,0,s1a3_greedy,1,0,0.2522022707387805,0.06908581603784114,20,1,1,0,0,-1,0,0,0.04,0.45,0.55,0.5,0.55,0,0.04,0.45,0.55,0.5,0.55,0,0.0,0.7,0.65,0.675,0.7,0,0.0,0.7,0.65,0.675,0.7
1636,max_rounds,0,,,,,1,1,2,1,1,1,1,1,0,0,0,s1a3_greedy,1,0,0.11705693295225501,0.04055495630018413,30,22,22,25,25,3,0,0,0.88,0.7,0.85,0.775,0.775,0,0.88,0.7,0.85,0.775,0.775,1,1.0,1.0,1.0,1.0,1.0,1,1.0,1.0,1.0,1.0,1.0
1637,max_rounds,0,,,,,1,1,2,1,1,1,1,1,0,0,0,s1a3_greedy,1,0,0.11861989913741126,0.08129392397822813,27,16,16,20,20,4,0,0,0.64,0.55,0.8,0.675,0.7,0,0.64,0.55,0.8,0.675,0.7,0,0.8,0.75,0.85,0.8,0.825,0,0.8,0.75,0.85,0.8,0.825
1638,max_rounds,0,,,,,1,1,2,1,1,1,1,1,0,0,0,s1a3_greedy,1,0,0.13873232847545297,0.09829811279196292,26,0,0,0,0,0,0,0,0.0,0.75,0.5,0.625,0.675,0,0.0,0.75,0.5,0.625,0.675,0,0.0,0.85,0.5,0.675,0.7,0,0.0,0.85,0.5,0.675,0.7
1639,no_strict_e1_improvement,0,,,,,1,0,1,1,0,1,0,1,0,0,-1,current,0,0,0.01708073405898176,0.01708073405898176,30,25,25,25,25,0,0,1,1.0,1.0,1.0,1.0,1.0,1,1.0,1.0,1.0,1.0,1.0,1,1.0,1.0,1.0,1.0,1.0,1,1.0,1.0,1.0,1.0,1.0
1640,max_rounds,0,,,,,1,1,2,1,1,1,1,1,0,0,0,s1a3_greedy,1,0,0.17639763257466257,0.13920116877634428,22,19,19,19,19,0,0,0,0.76,0.6,0.75,0.675,0.725,0,0.76,0.6,0.75,0.675,0.725,0,0.76,0.9,0.7,0.8,0.875,0,0.76,0.9,0.7,0.8,0.875
1641,max_rounds,0,,,,,1,1,2,1,1,1,1,1,0,0,0,s1a3_greedy,1,0,0.2702499168924987,0.18505876162089407,21,0,0,0,0,0,0,0,0.0,0.45,0.35,0.4,0.45,0,0.0,0.45,0.35,0.4,0.45,0,0.0,0.25,0.5,0.375,0.4,0,0.0,0.25,0.5,0.375,0.4
1642,max_rounds,0,,,,,1,1,2,1,1,1,1,1,0,0,0,s1a3_greedy,1,0,0.09028966191381187,0.06428575586905935,9,0,0,0,0,0,0,0,0.0,0.2,0.35,0.275,0.35,0,0.0,0.2,0.35,0.275,0.35,0,0.0,0.25,0.2,0.225,0.25,0,0.0,0.25,0.2,0.225,0.25
1643,max_rounds,0,,,,,1,1,2,1,1,1,1,1,0,0,0,s1a3_greedy,1,0,0.15082191306864842,0.06331840587081387,25,17,17,21,21,4,0,0,0.68,0.75,0.6,0.675,0.775,0,0.68,0.75,0.6,0.675,0.775,0,0.84,0.85,0.7,0.775,0.775,0,0.84,0.85,0.7,0.775,0.775
1644,small_component,0,,,,,1,0,0,0,0,0,0,1,0,0,-1,current,0,0,0.28295764088397846,0.28295764088397846,17,2,2,2,2,0,0,0,0.08,0.0,0.3,0.15,0.25,0,0.08,0.0,0.3,0.15,0.25,0,0.08,0.0,0.3,0.15,0.25,0,0.08,0.0,0.3,0.15,0.25
1645,no_strict_e1_improvement,0,,,,,1,0,1,1,0,1,0,1,0,0,-1,current,0,0,0.02083163030911237,0.02083163030911237,31,25,25,25,25,0,0,1,1.0,1.0,1.0,1.0,1.0,1,1.0,1.0,1.0,1.0,1.0,1,1.0,1.0,1.0,1.0,1.0,1,1.0,1.0,1.0,1.0,1.0
1646,max_rounds,0,,,,,1,1,2,1,1,1,1,1,0,0,0,s1a3_greedy,1,0,0.17004252404440195,0.11076652312185616,19,21,21,21,21,0,0,0,0.84,0.8,0.65,0.725,0.725,0,0.84,0.8,0.65,0.725,0.725,0,0.84,0.75,0.85,0.8,0.9,0,0.84,0.75,0.85,0.8,0.9
1647,partial_completed__no_strict_e1_improvement,1,,5,2,4,1,0,2,1,1,1,1,1,0,0,-1,current,1,0,0.21475002707447857,0.21475002707447857,21,0,3,3,3,3,0,0,0.0,0.45,0.4,0.425,0.425,0,0.12,0.6,0.5,0.55,0.55,0,0.12,0.6,0.5,0.55,0.55,0,0.12,0.6,0.5,0.55,0.55
1648,small_component,0,,,,,1,0,0,0,0,0,0,1,0,0,-1,current,0,0,0.27593490085564554,0.27593490085564554,16,6,6,6,6,0,0,0,0.24,0.25,0.2,0.225,0.325,0,0.24,0.25,0.2,0.225,0.325,0,0.24,0.25,0.2,0.225,0.325,0,0.24,0.25,0.2,0.225,0.325
1649,max_rounds,0,,,,,1,1,2,1,1,1,1,1,0,0,0,s1a3_greedy,1,0,0.14728152005700396,0.10861106170341372,26,0,0,0,0,0,0,0,0.0,0.8,0.6,0.7,0.7,0,0.0,0.8,0.6,0.7,0.7,0,0.0,0.8,0.65,0.725,0.75,0,0.0,0.8,0.65,0.725,0.75
1650,partial_completed__no_strict_e1_improvement,1,,5,2,4,1,0,2,1,1,1,1,1,0,0,-1,current,1,0,0.17166405761317946,0.17166405761317946,19,3,5,5,5,2,0,0,0.12,0.35,0.25,0.3,0.3,0,0.2,0.4,0.3,0.35,0.375,0,0.2,0.4,0.3,0.35,0.375,0,0.2,0.4,0.3,0.35,0.375
1651,no_strict_e1_improvement,0,,,,,1,0,2,1,1,1,1,1,0,0,-1,current,0,0,0.11838068715296686,0.11838068715296686,28,0,0,0,0,0,0,0,0.0,0.65,0.8,0.725,0.725,0,0.0,0.65,0.8,0.725,0.725,0,0.0,0.65,0.8,0.725,0.725,0,0.0,0.65,0.8,0.725,0.725
1652,no_strict_e1_improvement,0,,,,,1,0,1,1,0,1,0,1,0,0,-1,current,0,0,0.04851411458221264,0.04851411458221264,32,25,25,25,25,0,0,1,1.0,1.0,1.0,1.0,1.0,1,1.0,1.0,1.0,1.0,1.0,1,1.0,1.0,1.0,1.0,1.0,1,1.0,1.0,1.0,1.0,1.0
1653,max_rounds,0,,,,,1,1,2,1,1,1,1,1,0,0,0,s1a3_greedy,1,0,0.22539638484595342,0.08411188499012497,18,9,9,15,15,6,0,0,0.36,0.25,0.4,0.325,0.35,0,0.36,0.25,0.4,0.325,0.35,0,0.6,0.45,0.6,0.525,0.65,0,0.6,0.45,0.6,0.525,0.65
1654,no_strict_e1_improvement,0,,,,,1,0,1,1,0,1,0,1,0,0,-1,current,0,0,0.05088351150916424,0.05088351150916424,29,20,20,20,20,0,0,0,0.8,0.75,0.95,0.85,0.85,0,0.8,0.75,0.95,0.85,0.85,0,0.8,0.75,0.95,0.85,0.85,0,0.8,0.75,0.95,0.85,0.85
1655,max_rounds,0,,,,,1,1,2,1,1,1,1,1,0,0,0,s1a3_greedy,1,0,0.2459480794146657,0.0917714215349406,22,3,3,1,1,-2,0,0,0.12,0.3,0.5,0.4,0.5,0,0.12,0.3,0.5,0.4,0.5,0,0.04,0.9,0.7,0.8,0.8,0,0.04,0.9,0.7,0.8,0.8
1656,max_rounds,0,,,,,1,1,2,1,1,1,1,1,0,0,0,s1a3_greedy,1,0,0.08870597607456147,0.0812449786812067,25,0,0,0,0,0,0,0,0.0,0.65,0.75,0.7,0.725,0,0.0,0.65,0.75,0.7,0.725,0,0.0,0.7,0.75,0.725,0.725,0,0.0,0.7,0.75,0.725,0.725
1657,no_strict_e1_improvement,0,,,,,1,0,1,1,0,1,0,1,0,0,-1,current,0,0,0.026674058265052737,0.026674058265052737,28,25,25,25,25,0,0,1,1.0,1.0,1.0,1.0,1.0,1,1.0,1.0,1.0,1.0,1.0,1,1.0,1.0,1.0,1.0,1.0,1,1.0,1.0,1.0,1.0,1.0
1658,max_rounds,0,,,,,1,1,2,1,1,1,1,1,0,0,0,s1a3_greedy,1,0,0.2352483339531318,0.18736685554322322,20,0,0,1,1,1,0,0,0.0,0.6,0.25,0.425,0.45,0,0.0,0.6,0.25,0.425,0.45,0,0.04,0.35,0.4,0.375,0.475,0,0.04,0.35,0.4,0.375,0.475
1659,max_rounds,0,,,,,1,1,2,1,1,1,1,1,0,0,0,s1a3_greedy,1,0,0.12685476082260722,0.12219794651027768,22,12,12,18,18,6,0,0,0.48,0.55,0.6,0.575,0.6,0,0.48,0.55,0.6,0.575,0.6,0,0.72,0.7,0.55,0.625,0.675,0,0.72,0.7,0.55,0.625,0.675
1660,max_rounds,0,,,,,1,1,2,1,1,1,1,1,0,0,0,s1a3_greedy,1,0,0.23840382383204997,0.16177940284833311,20,0,0,0,0,0,0,0,0.0,0.55,0.65,0.6,0.6,0,0.0,0.55,0.65,0.6,0.6,0,0.0,0.5,0.65,0.575,0.65,0,0.0,0.5,0.65,0.575,0.65
1661,no_strict_e1_improvement,0,,,,,1,0,2,1,1,1,1,1,0,0,-1,current,0,0,0.12460994818247854,0.12460994818247854,26,0,0,0,0,0,0,0,0.0,0.75,0.95,0.85,0.85,0,0.0,0.75,0.95,0.85,0.85,0,0.0,0.75,0.95,0.85,0.85,0,0.0,0.75,0.95,0.85,0.85
1662,max_rounds,0,,,,,1,1,2,1,1,1,1,1,0,0,0,s1a3_greedy,1,0,0.08245147257111966,0.07580610397271811,27,0,0,0,0,0,0,0,0.0,0.9,0.75,0.825,0.825,0,0.0,0.9,0.75,0.825,0.825,0,0.0,0.95,0.75,0.85,0.85,0,0.0,0.95,0.75,0.85,0.85
1663,max_rounds,0,,,,,1,1,2,1,1,1,1,1,0,0,0,s1a3_greedy,1,0,0.23197108767926694,0.0666808317299001,30,13,13,25,25,12,0,0,0.52,0.65,0.7,0.675,0.675,0,0.52,0.65,0.7,0.675,0.675,1,1.0,1.0,1.0,1.0,1.0,1,1.0,1.0,1.0,1.0,1.0
1664,no_strict_e1_improvement,0,,,,,1,0,1,1,0,1,0,1,0,0,-1,current,0,0,0.03227271636715159,0.03227271636715159,32,25,25,25,25,0,0,1,1.0,1.0,1.0,1.0,1.0,1,1.0,1.0,1.0,1.0,1.0,1,1.0,1.0,1.0,1.0,1.0,1,1.0,1.0,1.0,1.0,1.0
1665,partial_completed__small_component,1,,10,3,6,1,0,0,0,0,0,0,1,0,0,-1,current,1,0,0.30147458841092883,0.30147458841092883,12,0,2,2,2,2,0,0,0.0,0.05,0.25,0.15,0.175,0,0.08,0.15,0.35,0.25,0.3,0,0.08,0.15,0.35,0.25,0.3,0,0.08,0.15,0.35,0.25,0.3
1666,max_rounds,0,,,,,1,1,2,1,1,1,1,1,0,0,0,s1a3_greedy,1,0,0.037842476475634615,0.032876011217013,15,0,0,0,0,0,0,0,0.0,0.3,0.4,0.35,0.425,0,0.0,0.3,0.4,0.35,0.425,0,0.0,0.35,0.35,0.35,0.4,0,0.0,0.35,0.35,0.35,0.4
1667,max_rounds,0,,,,,1,1,2,1,1,1,1,1,0,0,0,s1a3_greedy,1,0,0.2586509785614908,0.22743020073976367,12,3,3,0,0,-3,0,0,0.12,0.25,0.3,0.275,0.4,0,0.12,0.25,0.3,0.275,0.4,0,0.0,0.2,0.2,0.2,0.375,0,0.0,0.2,0.2,0.2,0.375
1668,max_rounds,0,,,,,1,1,2,1,1,1,1,1,0,0,0,s1a3_greedy,1,0,0.1978283172706142,0.1783814916620031,24,6,6,0,0,-6,0,0,0.24,0.65,0.65,0.65,0.7,0,0.24,0.65,0.65,0.65,0.7,0,0.0,0.65,0.7,0.675,0.725,0,0.0,0.65,0.7,0.675,0.725
1669,partial_completed__no_strict_e1_improvement,1,,5,2,3,1,0,1,1,0,1,0,1,0,0,-1,current,1,0,0.024493705651548226,0.024493705651548226,27,17,22,22,22,5,0,0,0.68,0.7,0.6,0.65,0.65,0,0.88,0.9,0.85,0.875,0.875,0,0.88,0.9,0.85,0.875,0.875,0,0.88,0.9,0.85,0.875,0.875
1670,no_strict_e1_improvement,0,,,,,1,0,2,1,1,1,1,1,0,0,-1,current,0,0,0.09499948393968224,0.09499948393968224,26,13,13,13,13,0,0,0,0.52,0.6,0.8,0.7,0.7,0,0.52,0.6,0.8,0.7,0.7,0,0.52,0.6,0.8,0.7,0.7,0,0.52,0.6,0.8,0.7,0.7
1671,max_rounds,0,,,,,1,1,2,1,1,1,1,1,0,0,0,s1a3_greedy,1,0,0.16213202548678965,0.13610185373108835,22,18,18,16,16,-2,0,0,0.72,0.45,0.65,0.55,0.575,0,0.72,0.45,0.65,0.55,0.575,0,0.64,0.6,0.6,0.6,0.65,0,0.64,0.6,0.6,0.6,0.65
1672,max_rounds,0,,,,,1,1,2,1,1,1,1,1,0,0,0,s1a3_greedy,1,0,0.18732845129270573,0.17840829971537459,20,0,0,0,0,0,0,0,0.0,0.55,0.4,0.475,0.55,0,0.0,0.55,0.4,0.475,0.55,0,0.0,0.45,0.3,0.375,0.45,0,0.0,0.45,0.3,0.375,0.45
1673,max_rounds,0,,,,,1,1,2,1,1,1,1,1,0,0,0,s1a3_greedy,1,0,0.21178191054204945,0.1796421388309682,17,11,11,8,8,-3,0,0,0.44,0.35,0.45,0.4,0.525,0,0.44,0.35,0.45,0.4,0.525,0,0.32,0.2,0.4,0.3,0.425,0,0.32,0.2,0.4,0.3,0.425
1674,no_strict_e1_improvement,0,,,,,1,0,2,1,1,1,1,1,0,0,-1,current,0,0,0.15817088796279677,0.15817088796279677,22,0,0,0,0,0,0,0,0.0,0.75,0.9,0.825,0.825,0,0.0,0.75,0.9,0.825,0.825,0,0.0,0.75,0.9,0.825,0.825,0,0.0,0.75,0.9,0.825,0.825
1675,max_rounds,0,,,,,1,1,2,1,1,1,1,1,0,0,0,s1a3_greedy,1,0,0.11929561248980462,0.10649254457093775,28,21,21,20,20,-1,0,0,0.84,0.7,0.9,0.8,0.85,0,0.84,0.7,0.9,0.8,0.85,0,0.8,0.7,0.75,0.725,0.8,0,0.8,0.7,0.75,0.725,0.8
1676,partial_completed__max_rounds,1,,5,2,4,1,1,2,1,1,1,1,1,0,0,0,s1a3_greedy,1,0,0.23884567469358445,0.19899308476597072,11,1,1,0,0,-1,0,0,0.04,0.15,0.35,0.25,0.3,0,0.04,0.25,0.5,0.375,0.425,0,0.0,0.2,0.25,0.225,0.275,0,0.0,0.2,0.25,0.225,0.275
1677,no_strict_e1_improvement,0,,,,,1,0,2,1,1,1,1,1,0,0,-1,current,0,0,0.10692044188035651,0.10692044188035651,25,0,0,0,0,0,0,0,0.0,0.75,0.9,0.825,0.825,0,0.0,0.75,0.9,0.825,0.825,0,0.0,0.75,0.9,0.825,0.825,0,0.0,0.75,0.9,0.825,0.825
1678,no_strict_e1_improvement,0,,,,,1,0,2,1,1,1,1,1,0,0,-1,current,0,0,0.11311225079116412,0.11311225079116412,27,0,0,0,0,0,0,0,0.0,0.65,0.8,0.725,0.725,0,0.0,0.65,0.8,0.725,0.725,0,0.0,0.65,0.8,0.725,0.725,0,0.0,0.65,0.8,0.725,0.725
1679,no_strict_e1_improvement,0,,,,,1,0,2,1,1,1,1,1,0,0,-1,current,0,0,0.07061739899218082,0.07061739899218082,28,0,0,0,0,0,0,0,0.0,1.0,0.75,0.875,0.875,0,0.0,1.0,0.75,0.875,0.875,0,0.0,1.0,0.75,0.875,0.875,0,0.0,1.0,0.75,0.875,0.875
1680,max_rounds,0,,,,,1,1,2,1,1,1,1,1,0,0,0,s1a3_greedy,1,0,0.2653671549400315,0.20473936796188355,13,0,0,0,0,0,0,0,0.0,0.5,0.3,0.4,0.4,0,0.0,0.5,0.3,0.4,0.4,0,0.0,0.3,0.3,0.3,0.4,0,0.0,0.3,0.3,0.3,0.4
1681,no_strict_e1_improvement,0,,,,,1,0,2,1,1,1,1,1,0,0,-1,current,0,0,0.07710924221901223,0.07710924221901223,27,23,23,23,23,0,0,0,0.92,0.85,0.9,0.875,0.9,0,0.92,0.85,0.9,0.875,0.9,0,0.92,0.85,0.9,0.875,0.9,0,0.92,0.85,0.9,0.875,0.9
1682,no_strict_e1_improvement,0,,,,,1,0,1,1,0,1,0,1,0,0,-1,current,0,0,0.0535640134010464,0.0535640134010464,28,0,0,0,0,0,0,0,0.0,0.75,1.0,0.875,0.875,0,0.0,0.75,1.0,0.875,0.875,0,0.0,0.75,1.0,0.875,0.875,0,0.0,0.75,1.0,0.875,0.875
1683,no_strict_e1_improvement,0,,,,,1,0,1,1,0,1,0,1,0,0,-1,current,0,0,0.054372913856059316,0.054372913856059316,28,0,0,0,0,0,0,0,0.0,1.0,0.75,0.875,0.875,0,0.0,1.0,0.75,0.875,0.875,0,0.0,1.0,0.75,0.875,0.875,0,0.0,1.0,0.75,0.875,0.875
1684,no_strict_e1_improvement,0,,,,,1,0,1,1,0,1,0,1,0,0,-1,current,0,0,0.09786727700848133,0.09786727700848133,27,0,0,0,0,0,0,0,0.0,0.85,0.75,0.8,0.85,0,0.0,0.85,0.75,0.8,0.85,0,0.0,0.85,0.75,0.8,0.85,0,0.0,0.85,0.75,0.8,0.85
1685,no_strict_e1_improvement,0,,,,,1,0,1,1,0,1,0,1,0,0,-1,current,0,0,0.049515611655078826,0.049515611655078826,29,25,25,25,25,0,0,1,1.0,1.0,1.0,1.0,1.0,1,1.0,1.0,1.0,1.0,1.0,1,1.0,1.0,1.0,1.0,1.0,1,1.0,1.0,1.0,1.0,1.0
1686,max_rounds,0,,,,,1,1,2,1,1,1,1,1,0,0,0,s1a3_greedy,1,0,0.18804591046646238,0.16976284584961832,22,0,0,0,0,0,0,0,0.0,0.4,0.65,0.525,0.525,0,0.0,0.4,0.65,0.525,0.525,0,0.0,0.6,0.55,0.575,0.625,0,0.0,0.6,0.55,0.575,0.625
1687,no_strict_e1_improvement,0,,,,,1,0,2,1,1,1,1,1,0,0,-1,current,0,0,0.14636603863909842,0.14636603863909842,21,6,6,6,6,0,0,0,0.24,0.6,0.5,0.55,0.575,0,0.24,0.6,0.5,0.55,0.575,0,0.24,0.6,0.5,0.55,0.575,0,0.24,0.6,0.5,0.55,0.575
1688,max_rounds,0,,,,,1,1,2,1,1,1,1,1,0,0,0,s1a3_greedy,1,0,0.11541837081895209,0.07429089642246253,30,0,0,0,0,0,0,0,0.0,0.85,0.75,0.8,0.825,0,0.0,0.85,0.75,0.8,0.825,0,0.0,0.95,0.75,0.85,0.85,0,0.0,0.95,0.75,0.85,0.85
1689,no_strict_e1_improvement,0,,,,,1,0,1,1,0,1,0,1,0,0,-1,current,0,0,0.029569718943093903,0.029569718943093903,28,25,25,25,25,0,0,1,1.0,1.0,1.0,1.0,1.0,1,1.0,1.0,1.0,1.0,1.0,1,1.0,1.0,1.0,1.0,1.0,1,1.0,1.0,1.0,1.0,1.0
1690,max_rounds,0,,,,,1,1,2,1,1,1,1,1,0,0,0,s1a3_greedy,1,0,0.06494480650871992,0.05237239543348551,29,23,23,25,25,2,0,0,0.92,0.8,0.8,0.8,0.85,0,0.92,0.8,0.8,0.8,0.85,1,1.0,1.0,1.0,1.0,1.0,1,1.0,1.0,1.0,1.0,1.0
1691,max_rounds,0,,,,,1,1,2,1,1,1,1,1,0,0,0,s1a3_greedy,1,0,0.09025461450219155,0.07297755014151334,25,22,22,23,23,1,0,0,0.88,0.9,0.85,0.875,0.875,0,0.88,0.9,0.85,0.875,0.875,0,0.92,0.85,0.9,0.875,0.9,0,0.92,0.85,0.9,0.875,0.9
1692,max_rounds,0,,,,,1,1,2,1,1,1,1,1,0,0,0,s1a3_greedy,1,0,0.13050014834152535,0.11361623230623082,26,0,0,0,0,0,0,0,0.0,0.55,0.75,0.65,0.75,0,0.0,0.55,0.75,0.65,0.75,0,0.0,0.5,0.75,0.625,0.7,0,0.0,0.5,0.75,0.625,0.7
1693,max_rounds,0,,,,,1,1,2,1,1,1,1,1,0,0,0,s1a3_greedy,1,0,0.16745615711552092,0.14829606573912316,15,1,1,1,1,0,0,0,0.04,0.45,0.45,0.45,0.475,0,0.04,0.45,0.45,0.45,0.475,0,0.04,0.35,0.4,0.375,0.425,0,0.04,0.35,0.4,0.375,0.425
1694,no_strict_e1_improvement,0,,,,,1,0,1,1,0,1,0,1,0,0,-1,current,0,0,0.04351221916731447,0.04351221916731447,28,0,0,0,0,0,0,0,0.0,0.75,0.9,0.825,0.825,0,0.0,0.75,0.9,0.825,0.825,0,0.0,0.75,0.9,0.825,0.825,0,0.0,0.75,0.9,0.825,0.825
1695,no_strict_e1_improvement,0,,,,,1,0,2,1,1,1,1,1,0,0,-1,current,0,0,0.203029314475134,0.203029314475134,20,5,5,5,5,0,0,0,0.2,0.35,0.4,0.375,0.475,0,0.2,0.35,0.4,0.375,0.475,0,0.2,0.35,0.4,0.375,0.475,0,0.2,0.35,0.4,0.375,0.475
1696,max_rounds,0,,,,,1,1,2,1,1,1,1,1,0,0,0,s1a3_greedy,1,0,0.20377557650208472,0.1298953031655401,25,4,4,2,2,-2,0,0,0.16,0.45,0.6,0.525,0.55,0,0.16,0.45,0.6,0.525,0.55,0,0.08,0.65,0.75,0.7,0.7,0,0.08,0.65,0.75,0.7,0.7
1697,max_rounds,0,,,,,1,1,2,1,1,1,1,1,0,0,0,s1a3_greedy,1,0,0.1505743726156652,0.08735705371946097,20,0,0,0,0,0,0,0,0.0,0.4,0.6,0.5,0.55,0,0.0,0.4,0.6,0.5,0.55,0,0.0,0.65,0.6,0.625,0.675,0,0.0,0.65,0.6,0.625,0.675
1698,no_strict_e1_improvement,0,,,,,1,0,1,1,0,1,0,1,0,0,-1,current,0,0,0.05197140504606068,0.05197140504606068,29,25,25,25,25,0,0,1,1.0,1.0,1.0,1.0,1.0,1,1.0,1.0,1.0,1.0,1.0,1,1.0,1.0,1.0,1.0,1.0,1,1.0,1.0,1.0,1.0,1.0
1699,no_strict_e1_improvement,0,,,,,1,0,2,1,1,1,1,1,0,0,-1,current,0,0,0.23123496901243926,0.23123496901243926,21,0,0,0,0,0,0,0,0.0,0.5,0.55,0.525,0.625,0,0.0,0.5,0.55,0.525,0.625,0,0.0,0.5,0.55,0.525,0.625,0,0.0,0.5,0.55,0.525,0.625
1700,no_strict_e1_improvement,0,,,,,1,0,1,1,0,1,0,1,0,0,-1,current,0,0,0.12253743577748537,0.12253743577748537,27,0,0,0,0,0,0,0,0.0,0.9,0.75,0.825,0.825,0,0.0,0.9,0.75,0.825,0.825,0,0.0,0.9,0.75,0.825,0.825,0,0.0,0.9,0.75,0.825,0.825
1701,no_strict_e1_improvement,0,,,,,1,0,2,1,1,1,1,1,0,0,-1,current,0,0,0.07635762665886432,0.07635762665886432,27,0,0,0,0,0,0,0,0.0,0.95,0.75,0.85,0.85,0,0.0,0.95,0.75,0.85,0.85,0,0.0,0.95,0.75,0.85,0.85,0,0.0,0.95,0.75,0.85,0.85
1702,no_strict_e1_improvement,0,,,,,1,0,1,1,0,1,0,1,0,0,-1,current,0,0,0.047676146309822795,0.047676146309822795,28,25,25,25,25,0,0,1,1.0,1.0,1.0,1.0,1.0,1,1.0,1.0,1.0,1.0,1.0,1,1.0,1.0,1.0,1.0,1.0,1,1.0,1.0,1.0,1.0,1.0
1703,partial_completed__no_strict_e1_improvement,1,,10,3,6,1,0,2,1,1,1,1,1,0,0,-1,current,1,0,0.18584835813817335,0.18584835813817335,19,0,0,0,0,0,0,0,0.0,0.3,0.3,0.3,0.375,0,0.0,0.3,0.55,0.425,0.65,0,0.0,0.3,0.55,0.425,0.65,0,0.0,0.3,0.55,0.425,0.65
1704,no_strict_e1_improvement,0,,,,,1,0,2,1,1,1,1,1,0,0,-1,current,0,0,0.10470078180078417,0.10470078180078417,24,0,0,0,0,0,0,0,0.0,0.45,0.65,0.55,0.6,0,0.0,0.45,0.65,0.55,0.6,0,0.0,0.45,0.65,0.55,0.6,0,0.0,0.45,0.65,0.55,0.6
1705,small_component,0,,,,,1,0,0,0,0,0,0,1,0,0,-1,current,0,0,0.2778992672683671,0.2778992672683671,14,1,1,1,1,0,0,0,0.04,0.25,0.15,0.2,0.325,0,0.04,0.25,0.15,0.2,0.325,0,0.04,0.25,0.15,0.2,0.325,0,0.04,0.25,0.15,0.2,0.325
1706,no_strict_e1_improvement,0,,,,,1,0,2,1,1,1,1,1,0,0,-1,current,0,0,0.0999921114591416,0.0999921114591416,28,0,0,0,0,0,0,0,0.0,0.5,0.55,0.525,0.575,0,0.0,0.5,0.55,0.525,0.575,0,0.0,0.5,0.55,0.525,0.575,0,0.0,0.5,0.55,0.525,0.575
1707,max_rounds,0,,,,,1,1,2,1,1,1,1,1,0,0,0,s1a3_greedy,1,0,0.2523360729217529,0.12204275666736067,14,2,2,6,6,4,0,0,0.08,0.4,0.25,0.325,0.375,0,0.08,0.4,0.25,0.325,0.375,0,0.24,0.3,0.4,0.35,0.425,0,0.24,0.3,0.4,0.35,0.425
1708,partial_completed__no_strict_e1_improvement,1,,5,2,4,1,0,1,1,0,1,0,1,0,0,-1,current,1,0,0.17842234317213296,0.17842234317213296,21,0,0,0,0,0,0,0,0.0,0.4,0.6,0.5,0.525,0,0.0,0.45,0.65,0.55,0.625,0,0.0,0.45,0.65,0.55,0.625,0,0.0,0.45,0.65,0.55,0.625
1709,max_rounds,0,,,,,1,1,2,1,1,1,1,1,0,0,0,s1a3_greedy,1,0,0.07665859719563742,0.07318943714199122,26,19,19,20,20,1,0,0,0.76,0.7,0.8,0.75,0.8,0,0.76,0.7,0.8,0.75,0.8,0,0.8,0.7,0.75,0.725,0.75,0,0.8,0.7,0.75,0.725,0.75
1710,max_rounds,0,,,,,1,1,2,1,1,1,1,1,0,0,0,s1a3_greedy,1,0,0.2060779995750636,0.19908322868868708,14,0,0,0,0,0,0,0,0.0,0.45,0.05,0.25,0.35,0,0.0,0.45,0.05,0.25,0.35,0,0.0,0.5,0.15,0.325,0.375,0,0.0,0.5,0.15,0.325,0.375
1711,small_component,0,,,,,1,0,0,0,0,0,0,1,0,0,-1,current,0,0,0.2557444568024948,0.2557444568024948,17,4,4,4,4,0,0,0,0.16,0.35,0.2,0.275,0.3,0,0.16,0.35,0.2,0.275,0.3,0,0.16,0.35,0.2,0.275,0.3,0,0.16,0.35,0.2,0.275,0.3
1712,max_rounds,0,,,,,1,1,2,1,1,1,1,1,0,0,0,s1a3_greedy,1,0,0.23992594357114286,0.19584700206760317,20,2,2,0,0,-2,0,0,0.08,0.65,0.7,0.675,0.7,0,0.08,0.65,0.7,0.675,0.7,0,0.0,0.7,0.8,0.75,0.75,0,0.0,0.7,0.8,0.75,0.75
1713,no_strict_e1_improvement,0,,,,,1,0,2,1,1,1,1,1,0,0,-1,current,0,0,0.02483895765908528,0.02483895765908528,32,25,25,25,25,0,0,1,1.0,1.0,1.0,1.0,1.0,1,1.0,1.0,1.0,1.0,1.0,1,1.0,1.0,1.0,1.0,1.0,1,1.0,1.0,1.0,1.0,1.0
1714,no_strict_e1_improvement,0,,,,,1,0,2,1,1,1,1,1,0,0,-1,current,0,0,0.08123925576801412,0.08123925576801412,24,17,17,17,17,0,0,0,0.68,0.65,0.45,0.55,0.65,0,0.68,0.65,0.45,0.55,0.65,0,0.68,0.65,0.45,0.55,0.65,0,0.68,0.65,0.45,0.55,0.65
1715,max_rounds,0,,,,,1,1,2,1,1,1,1,1,0,0,0,s1a3_greedy,1,0,0.1545332247740589,0.12734279989963398,23,15,15,17,17,2,0,0,0.6,0.55,0.55,0.55,0.65,0,0.6,0.55,0.55,0.55,0.65,0,0.68,0.55,0.55,0.55,0.7,0,0.68,0.55,0.55,0.55,0.7
1716,no_strict_e1_improvement,0,,,,,1,0,2,1,1,1,1,1,0,0,-1,current,0,0,0.23751579558011143,0.23751579558011143,20,0,0,0,0,0,0,0,0.0,0.45,0.45,0.45,0.475,0,0.0,0.45,0.45,0.45,0.475,0,0.0,0.45,0.45,0.45,0.475,0,0.0,0.45,0.45,0.45,0.475
1717,no_strict_e1_improvement,0,,,,,1,0,1,1,0,1,0,1,0,0,-1,current,0,0,0.010158783360384404,0.010158783360384404,29,0,0,0,0,0,0,0,0.0,0.75,1.0,0.875,0.875,0,0.0,0.75,1.0,0.875,0.875,0,0.0,0.75,1.0,0.875,0.875,0,0.0,0.75,1.0,0.875,0.875
1718,max_rounds,0,,,,,1,1,2,1,1,1,1,1,0,0,0,s1a3_greedy,1,0,0.15425973936216905,0.14148924538458232,20,1,1,4,4,3,0,0,0.04,0.35,0.6,0.475,0.525,0,0.04,0.35,0.6,0.475,0.525,0,0.16,0.35,0.7,0.525,0.625,0,0.16,0.35,0.7,0.525,0.625
1719,max_rounds,0,,,,,1,1,2,1,1,1,1,1,0,0,0,s1a3_greedy,1,0,0.07956159866880626,0.07872845776146278,24,0,0,0,0,0,0,0,0.0,0.6,0.65,0.625,0.65,0,0.0,0.6,0.65,0.625,0.65,0,0.0,0.55,0.65,0.6,0.65,0,0.0,0.55,0.65,0.6,0.65
1720,no_strict_e1_improvement,0,,,,,1,0,2,1,1,1,1,1,0,0,-1,current,0,0,0.0736868679523468,0.0736868679523468,31,0,0,0,0,0,0,0,0.0,0.95,0.75,0.85,0.85,0,0.0,0.95,0.75,0.85,0.85,0,0.0,0.95,0.75,0.85,0.85,0,0.0,0.95,0.75,0.85,0.85
1721,max_rounds,0,,,,,1,1,2,1,1,1,1,1,0,0,0,s1a3_greedy,1,0,0.15416371133178472,0.10361357880174182,25,1,1,0,0,-1,0,0,0.04,0.45,0.6,0.525,0.6,0,0.04,0.45,0.6,0.525,0.6,0,0.0,0.7,0.85,0.775,0.825,0,0.0,0.7,0.85,0.775,0.825
1722,no_strict_e1_improvement,0,,,,,1,0,2,1,1,1,1,1,0,0,-1,current,0,0,0.13221529335714877,0.13221529335714877,25,0,0,0,0,0,0,0,0.0,0.75,0.7,0.725,0.725,0,0.0,0.75,0.7,0.725,0.725,0,0.0,0.75,0.7,0.725,0.725,0,0.0,0.75,0.7,0.725,0.725
1723,no_strict_e1_improvement,0,,,,,1,0,2,1,1,1,1,1,0,0,-1,current,0,0,0.23671091636642813,0.23671091636642813,18,0,0,0,0,0,0,0,0.0,0.25,0.55,0.4,0.425,0,0.0,0.25,0.55,0.4,0.425,0,0.0,0.25,0.55,0.4,0.425,0,0.0,0.25,0.55,0.4,0.425
1724,max_rounds,0,,,,,1,1,2,1,1,1,1,1,0,0,0,s1a3_greedy,1,0,0.21929962054709903,0.19081254429765976,13,0,0,1,1,1,0,0,0.0,0.35,0.6,0.475,0.525,0,0.0,0.35,0.6,0.475,0.525,0,0.04,0.4,0.55,0.475,0.625,0,0.04,0.4,0.55,0.475,0.625
1725,no_strict_e1_improvement,0,,,,,1,0,2,1,1,1,1,1,0,0,-1,current,0,0,0.21056978821252414,0.21056978821252414,19,1,1,1,1,0,0,0,0.04,0.5,0.2,0.35,0.375,0,0.04,0.5,0.2,0.35,0.375,0,0.04,0.5,0.2,0.35,0.375,0,0.04,0.5,0.2,0.35,0.375
1726,no_strict_e1_improvement,0,,,,,1,0,2,1,1,1,1,1,0,0,-1,current,0,0,0.09679913621075684,0.09679913621075684,19,0,0,0,0,0,0,0,0.0,0.5,0.75,0.625,0.65,0,0.0,0.5,0.75,0.625,0.65,0,0.0,0.5,0.75,0.625,0.65,0,0.0,0.5,0.75,0.625,0.65
1727,no_strict_e1_improvement,0,,,,,1,0,1,1,0,1,0,1,0,0,-1,current,0,0,0.035338018293259665,0.035338018293259665,35,0,0,0,0,0,0,0,0.0,0.75,1.0,0.875,0.875,0,0.0,0.75,1.0,0.875,0.875,0,0.0,0.75,1.0,0.875,0.875,0,0.0,0.75,1.0,0.875,0.875
1728,max_rounds,0,,,,,1,1,2,1,1,1,1,1,0,0,0,s1a3_greedy,1,0,0.2288691435009241,0.18909220007481053,23,16,16,16,16,0,0,0,0.64,0.4,0.65,0.525,0.575,0,0.64,0.4,0.65,0.525,0.575,0,0.64,0.45,0.75,0.6,0.6,0,0.64,0.45,0.75,0.6,0.6
1729,no_strict_e1_improvement,0,,,,,1,0,2,1,1,1,1,1,0,0,-1,current,0,0,0.18842794336815133,0.18842794336815133,19,1,1,1,1,0,0,0,0.04,0.05,0.3,0.175,0.325,0,0.04,0.05,0.3,0.175,0.325,0,0.04,0.05,0.3,0.175,0.325,0,0.04,0.05,0.3,0.175,0.325
1730,small_component,0,,,,,1,0,0,0,0,0,0,1,0,0,-1,current,0,0,0.191474025323987,0.191474025323987,19,0,0,0,0,0,0,0,0.0,0.25,0.2,0.225,0.375,0,0.0,0.25,0.2,0.225,0.375,0,0.0,0.25,0.2,0.225,0.375,0,0.0,0.25,0.2,0.225,0.375
1731,max_rounds,0,,,,,1,1,2,1,1,1,1,1,0,0,0,s1a3_greedy,1,0,0.13133032293408178,0.12511365102836863,20,0,0,0,0,0,0,0,0.0,0.7,0.5,0.6,0.625,0,0.0,0.7,0.5,0.6,0.625,0,0.0,0.75,0.55,0.65,0.65,0,0.0,0.75,0.55,0.65,0.65
1732,no_strict_e1_improvement,0,,,,,1,0,2,1,1,1,1,1,0,0,-1,current,0,0,0.19741297331638635,0.19741297331638635,26,1,1,1,1,0,0,0,0.04,0.65,0.7,0.675,0.675,0,0.04,0.65,0.7,0.675,0.675,0,0.04,0.65,0.7,0.675,0.675,0,0.04,0.65,0.7,0.675,0.675
1733,no_strict_e1_improvement,0,,,,,1,0,2,1,1,1,1,1,0,0,-1,current,0,0,0.05075369923142716,0.05075369923142716,26,1,1,1,1,0,0,0,0.04,0.8,0.6,0.7,0.725,0,0.04,0.8,0.6,0.7,0.725,0,0.04,0.8,0.6,0.7,0.725,0,0.04,0.8,0.6,0.7,0.725
1734,max_rounds,0,,,,,1,1,2,1,1,1,1,1,0,0,0,s1a3_greedy,1,0,0.19662793240859172,0.10538469643215649,26,8,8,4,4,-4,0,0,0.32,0.4,0.8,0.6,0.6,0,0.32,0.4,0.8,0.6,0.6,0,0.16,0.65,0.85,0.75,0.75,0,0.16,0.65,0.85,0.75,0.75
1735,max_rounds,0,,,,,1,1,2,1,1,1,1,1,0,0,0,s1a3_greedy,1,0,0.23062094622291623,0.22152962293475867,12,0,0,0,0,0,0,0,0.0,0.3,0.45,0.375,0.5,0,0.0,0.3,0.45,0.375,0.5,0,0.0,0.3,0.3,0.3,0.3,0,0.0,0.3,0.3,0.3,0.3
1736,no_strict_e1_improvement,0,,,,,1,0,1,1,0,1,0,1,0,0,-1,current,0,0,0.06618117894977331,0.06618117894977331,27,0,0,0,0,0,0,0,0.0,0.75,1.0,0.875,0.875,0,0.0,0.75,1.0,0.875,0.875,0,0.0,0.75,1.0,0.875,0.875,0,0.0,0.75,1.0,0.875,0.875
1737,no_strict_e1_improvement,0,,,,,1,0,2,1,1,1,1,1,0,0,-1,current,0,0,0.17408714308403433,0.17408714308403433,25,5,5,5,5,0,0,0,0.2,0.45,0.85,0.65,0.675,0,0.2,0.45,0.85,0.65,0.675,0,0.2,0.45,0.85,0.65,0.675,0,0.2,0.45,0.85,0.65,0.675
1738,no_strict_e1_improvement,0,,,,,1,0,1,1,0,1,0,1,0,0,-1,current,0,0,0.06925143204862252,0.06925143204862252,28,0,0,0,0,0,0,0,0.0,0.75,0.95,0.85,0.85,0,0.0,0.75,0.95,0.85,0.85,0,0.0,0.75,0.95,0.85,0.85,0,0.0,0.75,0.95,0.85,0.85
1739,no_strict_e1_improvement,0,,,,,1,0,1,1,0,1,0,1,0,0,-1,current,0,0,0.01267164081800729,0.01267164081800729,35,25,25,25,25,0,0,1,1.0,1.0,1.0,1.0,1.0,1,1.0,1.0,1.0,1.0,1.0,1,1.0,1.0,1.0,1.0,1.0,1,1.0,1.0,1.0,1.0,1.0
1740,max_rounds,0,,,,,1,1,2,1,1,1,1,1,0,0,0,s1a3_greedy,1,0,0.2793633219145704,0.1461756166187115,11,0,0,0,0,0,0,0,0.0,0.2,0.15,0.175,0.2,0,0.0,0.2,0.15,0.175,0.2,0,0.0,0.25,0.2,0.225,0.35,0,0.0,0.25,0.2,0.225,0.35
1741,no_strict_e1_improvement,0,,,,,1,0,1,1,0,1,0,1,0,0,-1,current,0,0,0.019253740046406165,0.019253740046406165,32,25,25,25,25,0,0,1,1.0,1.0,1.0,1.0,1.0,1,1.0,1.0,1.0,1.0,1.0,1,1.0,1.0,1.0,1.0,1.0,1,1.0,1.0,1.0,1.0,1.0
1742,max_rounds,0,,,,,1,1,2,1,1,1,1,1,0,0,0,s1a3_greedy,1,0,0.2384713953593746,0.18941322024911642,15,0,0,2,2,2,0,0,0.0,0.45,0.6,0.525,0.6,0,0.0,0.45,0.6,0.525,0.6,0,0.08,0.55,0.6,0.575,0.575,0,0.08,0.55,0.6,0.575,0.575
1743,no_strict_e1_improvement,0,,,,,1,0,1,1,0,1,0,1,0,0,-1,current,0,0,0.02851122572319582,0.02851122572319582,32,0,0,0,0,0,0,0,0.0,0.75,1.0,0.875,0.875,0,0.0,0.75,1.0,0.875,0.875,0,0.0,0.75,1.0,0.875,0.875,0,0.0,0.75,1.0,0.875,0.875
1744,no_strict_e1_improvement,0,,,,,1,0,2,1,1,1,1,1,0,0,-1,current,0,0,0.17771533983759583,0.17771533983759583,28,0,0,0,0,0,0,0,0.0,0.45,0.9,0.675,0.7,0,0.0,0.45,0.9,0.675,0.7,0,0.0,0.45,0.9,0.675,0.7,0,0.0,0.45,0.9,0.675,0.7
1745,no_strict_e1_improvement,0,,,,,1,0,1,1,0,1,0,1,0,0,-1,current,0,0,0.07395577426068485,0.07395577426068485,32,0,0,0,0,0,0,0,0.0,0.75,0.95,0.85,0.85,0,0.0,0.75,0.95,0.85,0.85,0,0.0,0.75,0.95,0.85,0.85,0,0.0,0.75,0.95,0.85,0.85
1746,max_rounds,0,,,,,1,1,2,1,1,1,1,1,0,0,0,s1a3_greedy,1,0,0.2183549009496346,0.12541719583095984,23,0,0,0,0,0,0,0,0.0,0.55,0.4,0.475,0.525,0,0.0,0.55,0.4,0.475,0.525,0,0.0,0.55,0.65,0.6,0.65,0,0.0,0.55,0.65,0.6,0.65
1747,no_strict_e1_improvement,0,,,,,1,0,2,1,1,1,1,1,0,0,-1,current,0,0,0.2607672493904829,0.2607672493904829,19,2,2,2,2,0,0,0,0.08,0.25,0.65,0.45,0.575,0,0.08,0.25,0.65,0.45,0.575,0,0.08,0.25,0.65,0.45,0.575,0,0.08,0.25,0.65,0.45,0.575
1748,max_rounds,0,,,,,1,1,2,1,1,1,1,1,0,0,0,s1a3_greedy,1,0,0.13254180008079858,0.12173686258029193,25,11,11,19,19,8,0,0,0.44,0.6,0.65,0.625,0.7,0,0.44,0.6,0.65,0.625,0.7,0,0.76,0.55,0.7,0.625,0.725,0,0.76,0.55,0.7,0.625,0.725
1749,max_rounds,0,,,,,1,1,2,1,1,1,1,1,0,0,0,s1a3_greedy,1,0,0.351226806640625,0.2313183105783537,15,0,0,0,0,0,0,0,0.0,0.25,0.3,0.275,0.35,0,0.0,0.25,0.3,0.275,0.35,0,0.0,0.25,0.35,0.3,0.325,0,0.0,0.25,0.35,0.3,0.325
1750,max_rounds,0,,,,,1,1,2,1,1,1,1,1,0,0,0,s1a3_greedy,1,0,0.1905886360560544,0.08865871480084024,23,3,3,1,1,-2,0,0,0.12,0.45,0.55,0.5,0.525,0,0.12,0.45,0.55,0.5,0.525,0,0.04,0.7,0.75,0.725,0.725,0,0.04,0.7,0.75,0.725,0.725
1751,no_strict_e1_improvement,0,,,,,1,0,2,1,1,1,1,1,0,0,-1,current,0,0,0.1081175743136555,0.1081175743136555,29,0,0,0,0,0,0,0,0.0,1.0,0.75,0.875,0.875,0,0.0,1.0,0.75,0.875,0.875,0,0.0,1.0,0.75,0.875,0.875,0,0.0,1.0,0.75,0.875,0.875
1752,no_strict_e1_improvement,0,,,,,1,0,1,1,0,1,0,1,0,0,-1,current,0,0,0.03849462526850402,0.03849462526850402,33,25,25,25,25,0,0,1,1.0,1.0,1.0,1.0,1.0,1,1.0,1.0,1.0,1.0,1.0,1,1.0,1.0,1.0,1.0,1.0,1,1.0,1.0,1.0,1.0,1.0
1753,no_strict_e1_improvement,0,,,,,1,0,1,1,0,1,0,1,0,0,-1,current,0,0,0.027169954805867747,0.027169954805867747,33,25,25,25,25,0,0,1,1.0,1.0,1.0,1.0,1.0,1,1.0,1.0,1.0,1.0,1.0,1,1.0,1.0,1.0,1.0,1.0,1,1.0,1.0,1.0,1.0,1.0
1754,no_strict_e1_improvement,0,,,,,1,0,1,1,0,1,0,1,0,0,-1,current,0,0,0.042592348624020816,0.042592348624020816,27,25,25,25,25,0,0,1,1.0,1.0,1.0,1.0,1.0,1,1.0,1.0,1.0,1.0,1.0,1,1.0,1.0,1.0,1.0,1.0,1,1.0,1.0,1.0,1.0,1.0
1755,no_strict_e1_improvement,0,,,,,1,0,1,1,0,1,0,1,0,0,-1,current,0,0,0.044291223953405276,0.044291223953405276,31,25,25,25,25,0,0,1,1.0,1.0,1.0,1.0,1.0,1,1.0,1.0,1.0,1.0,1.0,1,1.0,1.0,1.0,1.0,1.0,1,1.0,1.0,1.0,1.0,1.0
1756,no_strict_e1_improvement,0,,,,,1,0,1,1,0,1,0,1,0,0,-1,current,0,0,0.06114322654902935,0.06114322654902935,27,25,25,25,25,0,0,1,1.0,1.0,1.0,1.0,1.0,1,1.0,1.0,1.0,1.0,1.0,1,1.0,1.0,1.0,1.0,1.0,1,1.0,1.0,1.0,1.0,1.0
1757,no_strict_e1_improvement,0,,,,,1,0,2,1,1,1,1,1,0,0,-1,current,0,0,0.04420002084225416,0.04420002084225416,35,25,25,25,25,0,0,1,1.0,1.0,1.0,1.0,1.0,1,1.0,1.0,1.0,1.0,1.0,1,1.0,1.0,1.0,1.0,1.0,1,1.0,1.0,1.0,1.0,1.0
1758,max_rounds,0,,,,,1,1,2,1,1,1,1,1,0,0,0,s1a3_greedy,1,0,0.18335566725581884,0.12456261599436402,25,0,0,1,1,1,0,0,0.0,0.6,0.55,0.575,0.6,0,0.0,0.6,0.55,0.575,0.6,0,0.04,0.85,0.7,0.775,0.775,0,0.04,0.85,0.7,0.775,0.775
1759,max_rounds,0,,,,,1,1,2,1,1,1,1,1,0,0,0,s1a3_greedy,1,0,0.1778086058620829,0.11154299844056367,20,0,0,0,0,0,0,0,0.0,0.45,0.25,0.35,0.425,0,0.0,0.45,0.25,0.35,0.425,0,0.0,0.45,0.25,0.35,0.475,0,0.0,0.45,0.25,0.35,0.475
1760,no_strict_e1_improvement,0,,,,,1,0,1,1,0,1,0,1,0,0,-1,current,0,0,0.016080280172172935,0.016080280172172935,37,25,25,25,25,0,0,1,1.0,1.0,1.0,1.0,1.0,1,1.0,1.0,1.0,1.0,1.0,1,1.0,1.0,1.0,1.0,1.0,1,1.0,1.0,1.0,1.0,1.0
1761,no_strict_e1_improvement,0,,,,,1,0,1,1,0,1,0,1,0,0,-1,current,0,0,0.06724810164887458,0.06724810164887458,29,25,25,25,25,0,0,1,1.0,1.0,1.0,1.0,1.0,1,1.0,1.0,1.0,1.0,1.0,1,1.0,1.0,1.0,1.0,1.0,1,1.0,1.0,1.0,1.0,1.0
1762,partial_completed__no_strict_e1_improvement,1,,5,2,4,1,0,2,1,1,1,1,1,0,0,-1,current,1,0,0.16575746118578535,0.16575746118578535,17,0,1,1,1,1,0,0,0.0,0.25,0.4,0.325,0.35,0,0.04,0.25,0.4,0.325,0.375,0,0.04,0.25,0.4,0.325,0.375,0,0.04,0.25,0.4,0.325,0.375
1763,no_strict_e1_improvement,0,,,,,1,0,1,1,0,1,0,1,0,0,-1,current,0,0,0.03922148067504168,0.03922148067504168,33,25,25,25,25,0,0,1,1.0,1.0,1.0,1.0,1.0,1,1.0,1.0,1.0,1.0,1.0,1,1.0,1.0,1.0,1.0,1.0,1,1.0,1.0,1.0,1.0,1.0
1764,max_rounds,0,,,,,1,1,2,1,1,1,1,1,0,0,0,s1a3_greedy,1,0,0.17139330003410577,0.05801819491753122,25,0,0,0,0,0,0,0,0.0,0.4,0.6,0.5,0.55,0,0.0,0.4,0.6,0.5,0.55,0,0.0,0.75,1.0,0.875,0.875,0,0.0,0.75,1.0,0.875,0.875
1765,no_strict_e1_improvement,0,,,,,1,0,2,1,1,1,1,1,0,0,-1,current,0,0,0.2303536776918918,0.2303536776918918,18,0,0,0,0,0,0,0,0.0,0.5,0.2,0.35,0.475,0,0.0,0.5,0.2,0.35,0.475,0,0.0,0.5,0.2,0.35,0.475,0,0.0,0.5,0.2,0.35,0.475
1766,partial_completed__small_component,1,,5,2,4,1,0,0,0,0,0,0,1,0,0,-1,current,1,0,0.19509194807615132,0.19509194807615132,13,0,0,0,0,0,0,0,0.0,0.05,0.0,0.025,0.125,0,0.0,0.15,0.15,0.15,0.25,0,0.0,0.15,0.15,0.15,0.25,0,0.0,0.15,0.15,0.15,0.25
1767,max_rounds,0,,,,,1,1,2,1,1,1,1,1,0,0,0,s1a3_greedy,1,0,0.239817704888992,0.23508184895617887,14,0,0,0,0,0,0,0,0.0,0.05,0.25,0.15,0.275,0,0.0,0.05,0.25,0.15,0.275,0,0.0,0.0,0.4,0.2,0.375,0,0.0,0.0,0.4,0.2,0.375
1768,max_rounds,0,,,,,1,1,2,1,1,1,1,1,0,0,0,s1a3_greedy,1,0,0.2409606789704412,0.06979219280183316,25,16,16,25,25,9,0,0,0.64,0.65,0.7,0.675,0.675,0,0.64,0.65,0.7,0.675,0.675,1,1.0,1.0,1.0,1.0,1.0,1,1.0,1.0,1.0,1.0,1.0
1769,no_strict_e1_improvement,0,,,,,1,0,2,1,1,1,1,1,0,0,-1,current,0,0,0.03165863456379157,0.03165863456379157,30,23,23,23,23,0,0,0,0.92,0.9,0.9,0.9,0.925,0,0.92,0.9,0.9,0.9,0.925,0,0.92,0.9,0.9,0.9,0.925,0,0.92,0.9,0.9,0.9,0.925
1770,max_rounds,0,,,,,1,1,2,1,1,1,1,1,0,0,0,s1a3_greedy,1,0,0.2483504418283701,0.16201547088567167,21,0,0,1,1,1,0,0,0.0,0.35,0.45,0.4,0.45,0,0.0,0.35,0.45,0.4,0.45,0,0.04,0.35,0.6,0.475,0.5,0,0.04,0.35,0.6,0.475,0.5
1771,no_strict_e1_improvement,0,,,,,1,0,2,1,1,1,1,1,0,0,-1,current,0,0,0.1300069886026904,0.1300069886026904,23,16,16,16,16,0,0,0,0.64,0.55,0.7,0.625,0.625,0,0.64,0.55,0.7,0.625,0.625,0,0.64,0.55,0.7,0.625,0.625,0,0.64,0.55,0.7,0.625,0.625
1772,max_rounds,0,,,,,1,1,2,1,1,1,1,1,0,0,0,s1a3_greedy,1,0,0.3311583995819092,0.30993002858012914,14,0,0,0,0,0,0,0,0.0,0.4,0.5,0.45,0.5,0,0.0,0.4,0.5,0.45,0.5,0,0.0,0.4,0.45,0.425,0.45,0,0.0,0.4,0.45,0.425,0.45
1773,max_rounds,0,,,,,1,1,2,1,1,1,1,1,0,0,0,s1a3_greedy,1,0,0.29531600228510796,0.27931917826645075,16,0,0,1,1,1,0,0,0.0,0.45,0.45,0.45,0.45,0,0.0,0.45,0.45,0.45,0.45,0,0.04,0.45,0.45,0.45,0.5,0,0.04,0.45,0.45,0.45,0.5
1774,max_rounds,0,,,,,1,1,2,1,1,1,1,1,0,0,0,s1a3_greedy,1,0,0.09762201891280711,0.07197794392704963,32,20,20,23,23,3,0,0,0.8,0.85,0.75,0.8,0.825,0,0.8,0.85,0.75,0.8,0.825,0,0.92,0.9,0.9,0.9,0.925,0,0.92,0.9,0.9,0.9,0.925
1775,max_rounds,0,,,,,1,1,2,1,1,1,1,1,0,0,0,s1a3_greedy,1,0,0.09248397023184225,0.07237769606290385,25,20,20,22,22,2,0,0,0.8,0.75,0.95,0.85,0.85,0,0.8,0.75,0.95,0.85,0.85,0,0.88,0.85,0.9,0.875,0.875,0,0.88,0.85,0.9,0.875,0.875
1776,max_rounds,0,,,,,1,1,2,1,1,1,1,1,0,0,0,s1a3_greedy,1,0,0.10186114571988583,0.08715439960360527,26,1,1,2,2,1,0,0,0.04,0.5,0.8,0.65,0.675,0,0.04,0.5,0.8,0.65,0.675,0,0.08,0.45,0.8,0.625,0.7,0,0.08,0.45,0.8,0.625,0.7
1777,max_rounds,0,,,,,1,1,2,1,1,1,1,1,0,0,0,s1a3_greedy,1,0,0.07276814803481102,0.061581171955913304,21,18,18,17,17,-1,0,0,0.72,0.8,0.5,0.65,0.65,0,0.72,0.8,0.5,0.65,0.65,0,0.68,0.85,0.45,0.65,0.65,0,0.68,0.85,0.45,0.65,0.65
1778,partial_completed__max_rounds,1,,5,2,4,1,1,2,1,1,1,1,1,0,0,0,s1a3_greedy,1,0,0.2793628242332488,0.18867233940400183,19,0,19,19,19,19,0,0,0.0,0.45,0.5,0.475,0.55,0,0.76,0.6,0.7,0.65,0.75,0,0.76,0.7,0.75,0.725,0.75,0,0.76,0.7,0.75,0.725,0.75
1779,max_rounds,0,,,,,1,1,2,1,1,1,1,1,0,0,0,s1a3_greedy,1,0,0.16073607460130007,0.14722050968630357,22,17,17,12,12,-5,0,0,0.68,0.7,0.6,0.65,0.75,0,0.68,0.7,0.6,0.65,0.75,0,0.48,0.75,0.4,0.575,0.575,0,0.48,0.75,0.4,0.575,0.575
1780,small_component,0,,,,,1,0,0,0,0,0,0,1,0,0,-1,current,0,0,0.266532619332429,0.266532619332429,13,0,0,0,0,0,0,0,0.0,0.25,0.05,0.15,0.3,0,0.0,0.25,0.05,0.15,0.3,0,0.0,0.25,0.05,0.15,0.3,0,0.0,0.25,0.05,0.15,0.3
1781,max_rounds,0,,,,,1,1,2,1,1,1,1,1,0,0,0,s1a3_greedy,1,0,0.21773411858011968,0.21527231913642025,14,0,0,0,0,0,0,0,0.0,0.45,0.6,0.525,0.6,0,0.0,0.45,0.6,0.525,0.6,0,0.0,0.35,0.45,0.4,0.45,0,0.0,0.35,0.45,0.4,0.45
1782,small_component,0,,,,,1,0,0,0,0,0,0,1,0,0,-1,current,0,0,0.2292455745569896,0.2292455745569896,18,1,1,1,1,0,0,0,0.04,0.1,0.05,0.075,0.375,0,0.04,0.1,0.05,0.075,0.375,0,0.04,0.1,0.05,0.075,0.375,0,0.04,0.1,0.05,0.075,0.375
1783,max_rounds,0,,,,,1,1,2,1,1,1,1,1,0,0,0,s1a3_greedy,1,0,0.15539167447714136,0.1442642083275132,19,1,1,0,0,-1,0,0,0.04,0.55,0.5,0.525,0.55,0,0.04,0.55,0.5,0.525,0.55,0,0.0,0.6,0.55,0.575,0.675,0,0.0,0.6,0.55,0.575,0.675
1784,max_rounds,0,,,,,1,1,2,1,1,1,1,1,0,0,0,s1a3_greedy,1,0,0.2113457214552909,0.13815946503309534,22,7,7,0,0,-7,0,0,0.28,0.5,0.55,0.525,0.6,0,0.28,0.5,0.55,0.525,0.6,0,0.0,0.75,0.65,0.7,0.725,0,0.0,0.75,0.65,0.7,0.725
1785,no_strict_e1_improvement,0,,,,,1,0,2,1,1,1,1,1,0,0,-1,current,0,0,0.09621668844483793,0.09621668844483793,28,1,1,1,1,0,0,0,0.04,0.8,0.65,0.725,0.75,0,0.04,0.8,0.65,0.725,0.75,0,0.04,0.8,0.65,0.725,0.75,0,0.04,0.8,0.65,0.725,0.75
1786,max_rounds,0,,,,,1,1,2,1,1,1,1,1,0,0,0,s1a3_greedy,1,0,0.23265722463838756,0.1708819843363017,26,0,0,0,0,0,0,0,0.0,0.55,0.75,0.65,0.65,0,0.0,0.55,0.75,0.65,0.65,0,0.0,0.75,0.75,0.75,0.75,0,0.0,0.75,0.75,0.75,0.75
1787,max_rounds,0,,,,,1,1,2,1,1,1,1,1,0,0,0,s1a3_greedy,1,0,0.2804004518140573,0.1591799073430593,15,0,0,0,0,0,0,0,0.0,0.25,0.3,0.275,0.375,0,0.0,0.25,0.3,0.275,0.375,0,0.0,0.6,0.6,0.6,0.65,0,0.0,0.6,0.6,0.6,0.65
1788,no_strict_e1_improvement,0,,,,,1,0,1,1,0,1,0,1,0,0,-1,current,0,0,0.04955729020293802,0.04955729020293802,34,0,0,0,0,0,0,0,0.0,0.75,1.0,0.875,0.875,0,0.0,0.75,1.0,0.875,0.875,0,0.0,0.75,1.0,0.875,0.875,0,0.0,0.75,1.0,0.875,0.875
1789,max_rounds,0,,,,,1,1,2,1,1,1,1,1,0,0,0,s1a3_greedy,1,0,0.15164500987157226,0.09878658382222057,21,0,0,0,0,0,0,0,0.0,0.65,0.55,0.6,0.675,0,0.0,0.65,0.55,0.6,0.675,0,0.0,0.8,0.55,0.675,0.7,0,0.0,0.8,0.55,0.675,0.7
1790,max_rounds,0,,,,,1,1,2,1,1,1,1,1,0,0,0,s1a3_greedy,1,0,0.23027106310619275,0.12312426080461591,19,1,1,0,0,-1,0,0,0.04,0.3,0.45,0.375,0.425,0,0.04,0.3,0.45,0.375,0.425,0,0.0,0.3,0.5,0.4,0.475,0,0.0,0.3,0.5,0.4,0.475
1791,no_strict_e1_improvement,0,,,,,1,0,2,1,1,1,1,1,0,0,-1,current,0,0,0.11146936952136458,0.11146936952136458,27,0,0,0,0,0,0,0,0.0,0.75,1.0,0.875,0.875,0,0.0,0.75,1.0,0.875,0.875,0,0.0,0.75,1.0,0.875,0.875,0,0.0,0.75,1.0,0.875,0.875
1792,max_rounds,0,,,,,1,1,2,1,1,1,1,1,0,0,0,s1a3_greedy,1,0,0.17742347726598381,0.13091822625137867,27,0,0,1,1,1,0,0,0.0,0.55,0.6,0.575,0.65,0,0.0,0.55,0.6,0.575,0.65,0,0.04,0.55,0.65,0.6,0.65,0,0.04,0.55,0.65,0.6,0.65
1793,max_rounds,0,,,,,1,1,2,1,1,1,1,1,0,0,0,s1a3_greedy,1,0,0.11520476760342717,0.045031073945574464,25,21,21,25,25,4,0,0,0.84,0.8,0.75,0.775,0.825,0,0.84,0.8,0.75,0.775,0.825,1,1.0,1.0,1.0,1.0,1.0,1,1.0,1.0,1.0,1.0,1.0
1794,no_strict_e1_improvement,0,,,,,1,0,2,1,1,1,1,1,0,0,-1,current,0,0,0.13372695257130546,0.13372695257130546,24,10,10,10,10,0,0,0,0.4,0.5,0.85,0.675,0.675,0,0.4,0.5,0.85,0.675,0.675,0,0.4,0.5,0.85,0.675,0.675,0,0.4,0.5,0.85,0.675,0.675
1795,no_strict_e1_improvement,0,,,,,1,0,1,1,0,1,0,1,0,0,-1,current,0,0,0.02772156484425068,0.02772156484425068,34,25,25,25,25,0,0,1,1.0,1.0,1.0,1.0,1.0,1,1.0,1.0,1.0,1.0,1.0,1,1.0,1.0,1.0,1.0,1.0,1,1.0,1.0,1.0,1.0,1.0
1796,max_rounds,0,,,,,1,1,2,1,1,1,1,1,0,0,0,s1a3_greedy,1,0,0.21049587475135922,0.20533081717148888,17,2,2,8,8,6,0,0,0.08,0.5,0.55,0.525,0.575,0,0.08,0.5,0.55,0.525,0.575,0,0.32,0.7,0.35,0.525,0.525,0,0.32,0.7,0.35,0.525,0.525
1797,no_strict_e1_improvement,0,,,,,1,0,2,1,1,1,1,1,0,0,-1,current,0,0,0.1884480188600719,0.1884480188600719,18,1,1,1,1,0,0,0,0.04,0.4,0.1,0.25,0.35,0,0.04,0.4,0.1,0.25,0.35,0,0.04,0.4,0.1,0.25,0.35,0,0.04,0.4,0.1,0.25,0.35
1798,max_rounds,0,,,,,1,1,2,1,1,1,1,1,0,0,0,s1a3_greedy,1,0,0.09407133273780346,0.0422426238656044,33,23,23,25,25,2,0,0,0.92,0.9,0.9,0.9,0.925,0,0.92,0.9,0.9,0.9,0.925,1,1.0,1.0,1.0,1.0,1.0,1,1.0,1.0,1.0,1.0,1.0
1799,max_rounds,0,,,,,1,1,2,1,1,1,1,1,0,0,0,s1a3_greedy,1,0,0.19631893180776389,0.1882869464578107,15,0,0,1,1,1,0,0,0.0,0.45,0.35,0.4,0.45,0,0.0,0.45,0.35,0.4,0.45,0,0.04,0.5,0.45,0.475,0.525,0,0.04,0.5,0.45,0.475,0.525
1800,max_rounds,0,,,,,1,1,2,1,1,1,1,1,0,0,0,s1a3_greedy,1,0,0.2475462074857205,0.2140239267144352,18,1,1,0,0,-1,0,0,0.04,0.3,0.55,0.425,0.525,0,0.04,0.3,0.55,0.425,0.525,0,0.0,0.45,0.55,0.5,0.55,0,0.0,0.45,0.55,0.5,0.55
1801,max_rounds,0,,,,,1,1,2,1,1,1,1,1,0,0,0,s1a3_greedy,1,0,0.19028868773020804,0.0573439262341708,27,18,18,25,25,7,0,0,0.72,0.55,0.75,0.65,0.65,0,0.72,0.55,0.75,0.65,0.65,1,1.0,1.0,1.0,1.0,1.0,1,1.0,1.0,1.0,1.0,1.0
1802,max_rounds,0,,,,,1,1,2,1,1,1,1,1,0,0,0,s1a3_greedy,1,0,0.16282982215634548,0.05564726470038295,21,0,0,0,0,0,0,0,0.0,0.55,0.6,0.575,0.65,0,0.0,0.55,0.6,0.575,0.65,0,0.0,0.75,1.0,0.875,0.875,0,0.0,0.75,1.0,0.875,0.875
1803,max_rounds,0,,,,,1,1,2,1,1,1,1,1,0,0,0,s1a3_greedy,1,0,0.21570897457422689,0.20781458206474782,11,0,0,1,1,1,0,0,0.0,0.3,0.6,0.45,0.45,0,0.0,0.3,0.6,0.45,0.45,0,0.04,0.1,0.4,0.25,0.4,0,0.04,0.1,0.4,0.25,0.4
1804,max_rounds,0,,,,,1,1,2,1,1,1,1,1,0,0,0,s1a3_greedy,1,0,0.2506873444945086,0.2161065497137315,17,9,9,2,2,-7,0,0,0.36,0.3,0.25,0.275,0.475,0,0.36,0.3,0.25,0.275,0.475,0,0.08,0.35,0.45,0.4,0.425,0,0.08,0.35,0.45,0.4,0.425
1805,no_strict_e1_improvement,0,,,,,1,0,1,1,0,1,0,1,0,0,-1,current,0,0,0.04125520721427165,0.04125520721427165,27,25,25,25,25,0,0,1,1.0,1.0,1.0,1.0,1.0,1,1.0,1.0,1.0,1.0,1.0,1,1.0,1.0,1.0,1.0,1.0,1,1.0,1.0,1.0,1.0,1.0
1806,small_component,0,,,,,1,0,0,0,0,0,0,1,0,0,-1,current,0,0,0.2400559816043824,0.2400559816043824,18,1,1,1,1,0,0,0,0.04,0.25,0.3,0.275,0.4,0,0.04,0.25,0.3,0.275,0.4,0,0.04,0.25,0.3,0.275,0.4,0,0.04,0.25,0.3,0.275,0.4
1807,no_strict_e1_improvement,0,,,,,1,0,2,1,1,1,1,1,0,0,-1,current,0,0,0.1102575480224914,0.1102575480224914,21,0,0,0,0,0,0,0,0.0,0.3,0.3,0.3,0.35,0,0.0,0.3,0.3,0.3,0.35,0,0.0,0.3,0.3,0.3,0.35,0,0.0,0.3,0.3,0.3,0.35
1808,small_component,0,,,,,1,0,0,0,0,0,0,1,0,0,-1,current,0,0,0.08002249033961562,0.08002249033961562,14,2,2,2,2,0,0,0,0.08,0.05,0.1,0.075,0.125,0,0.08,0.05,0.1,0.075,0.125,0,0.08,0.05,0.1,0.075,0.125,0,0.08,0.05,0.1,0.075,0.125
1809,no_strict_e1_improvement,0,,,,,1,0,1,1,0,1,0,1,0,0,-1,current,0,0,0.018985582422465085,0.018985582422465085,33,25,25,25,25,0,0,1,1.0,1.0,1.0,1.0,1.0,1,1.0,1.0,1.0,1.0,1.0,1,1.0,1.0,1.0,1.0,1.0,1,1.0,1.0,1.0,1.0,1.0
1810,max_rounds,0,,,,,1,1,2,1,1,1,1,1,0,0,0,s1a3_greedy,1,0,0.3114331064745784,0.09407743770861998,22,10,10,21,21,11,0,0,0.4,0.2,0.7,0.45,0.475,0,0.4,0.2,0.7,0.45,0.475,0,0.84,0.75,0.75,0.75,0.8,0,0.84,0.75,0.75,0.75,0.8
1811,small_component,0,,,,,1,0,0,0,0,0,0,1,0,0,-1,current,0,0,0.3429764712869655,0.3429764712869655,14,0,0,0,0,0,0,0,0.0,0.35,0.1,0.225,0.35,0,0.0,0.35,0.1,0.225,0.35,0,0.0,0.35,0.1,0.225,0.35,0,0.0,0.35,0.1,0.225,0.35
1812,no_strict_e1_improvement,0,,,,,1,0,1,1,0,1,0,1,0,0,-1,current,0,0,0.06268894174136222,0.06268894174136222,26,0,0,0,0,0,0,0,0.0,0.65,0.65,0.65,0.675,0,0.0,0.65,0.65,0.65,0.675,0,0.0,0.65,0.65,0.65,0.675,0,0.0,0.65,0.65,0.65,0.675
1813,no_strict_e1_improvement,0,,,,,1,0,2,1,1,1,1,1,0,0,-1,current,0,0,0.19023915010038764,0.19023915010038764,24,0,0,0,0,0,0,0,0.0,0.6,0.5,0.55,0.6,0,0.0,0.6,0.5,0.55,0.6,0,0.0,0.6,0.5,0.55,0.6,0,0.0,0.6,0.5,0.55,0.6
1814,max_rounds,0,,,,,1,1,2,1,1,1,1,1,0,0,0,s1a3_greedy,1,0,0.20490208982955666,0.18686311568599195,17,0,0,0,0,0,0,0,0.0,0.55,0.65,0.6,0.625,0,0.0,0.55,0.65,0.6,0.625,0,0.0,0.5,0.55,0.525,0.525,0,0.0,0.5,0.55,0.525,0.525
1815,partial_completed__max_rounds,1,,5,2,4,1,1,2,1,1,1,1,1,0,0,0,s1a3_greedy,1,0,0.12941042215097695,0.11161432040389627,17,1,0,0,0,-1,0,0,0.04,0.35,0.2,0.275,0.3,0,0.0,0.4,0.25,0.325,0.375,0,0.0,0.5,0.15,0.325,0.375,0,0.0,0.5,0.15,0.325,0.375
1816,max_rounds,0,,,,,1,1,2,1,1,1,1,1,0,0,0,s1a3_greedy,1,0,0.24572629108297406,0.24514760555466636,13,2,2,1,1,-1,0,0,0.08,0.55,0.45,0.5,0.55,0,0.08,0.55,0.45,0.5,0.55,0,0.04,0.4,0.35,0.375,0.45,0,0.04,0.4,0.35,0.375,0.45
1817,no_strict_e1_improvement,0,,,,,1,0,2,1,1,1,1,1,0,0,-1,current,0,0,0.12069429880939424,0.12069429880939424,25,0,0,0,0,0,0,0,0.0,0.75,0.3,0.525,0.575,0,0.0,0.75,0.3,0.525,0.575,0,0.0,0.75,0.3,0.525,0.575,0,0.0,0.75,0.3,0.525,0.575
1818,max_rounds,0,,,,,1,1,2,1,1,1,1,1,0,0,0,s1a3_greedy,1,0,0.16713346589822323,0.1510541967349127,19,15,15,12,12,-3,0,0,0.6,0.55,0.65,0.6,0.625,0,0.6,0.55,0.65,0.6,0.625,0,0.48,0.5,0.8,0.65,0.65,0,0.48,0.5,0.8,0.65,0.65
1819,partial_completed__max_rounds,1,,5,2,4,1,1,2,1,1,1,1,1,0,0,0,s1a3_greedy,1,0,0.24728964287787675,0.1555017451697495,14,6,0,0,0,-6,0,0,0.24,0.4,0.2,0.3,0.325,0,0.0,0.5,0.2,0.35,0.375,0,0.0,0.75,0.1,0.425,0.475,0,0.0,0.75,0.1,0.425,0.475
1820,partial_completed__no_strict_e1_improvement,1,,5,2,4,1,0,2,1,1,1,1,1,0,0,-1,current,1,0,0.1402833635918796,0.1402833635918796,25,0,0,0,0,0,0,0,0.0,0.45,0.5,0.475,0.5,0,0.0,0.55,0.65,0.6,0.65,0,0.0,0.55,0.65,0.6,0.65,0,0.0,0.55,0.65,0.6,0.65
1821,max_rounds,0,,,,,1,1,2,1,1,1,1,1,0,0,0,s1a3_greedy,1,0,0.07680543512105942,0.0754710540175438,32,22,22,21,21,-1,0,0,0.88,0.85,0.75,0.8,0.8,0,0.88,0.85,0.75,0.8,0.8,0,0.84,0.8,0.8,0.8,0.8,0,0.84,0.8,0.8,0.8,0.8
1822,max_rounds,0,,,,,1,1,2,1,1,1,1,1,0,0,0,s1a3_greedy,1,0,0.2079362278804183,0.15084600052796304,22,1,1,1,1,0,0,0,0.04,0.6,0.6,0.6,0.65,0,0.04,0.6,0.6,0.6,0.65,0,0.04,0.65,0.75,0.7,0.75,0,0.04,0.65,0.75,0.7,0.75
1823,partial_completed__max_rounds,1,,5,2,4,1,1,2,1,1,1,1,1,0,0,0,s1a3_greedy,1,0,0.22075393912382424,0.18363328487612307,14,13,13,14,14,1,0,0,0.52,0.7,0.45,0.575,0.575,0,0.52,0.75,0.45,0.6,0.675,0,0.56,0.65,0.5,0.575,0.6,0,0.56,0.65,0.5,0.575,0.6
1824,max_rounds,0,,,,,1,1,2,1,1,1,1,1,0,0,0,s1a3_greedy,1,0,0.11905054429080338,0.1078728819033131,27,0,0,0,0,0,0,0,0.0,0.75,0.8,0.775,0.775,0,0.0,0.75,0.8,0.775,0.775,0,0.0,0.75,0.85,0.8,0.825,0,0.0,0.75,0.85,0.8,0.825
1825,no_strict_e1_improvement,0,,,,,1,0,1,1,0,1,0,1,0,0,-1,current,0,0,0.12277962386142463,0.12277962386142463,29,0,0,0,0,0,0,0,0.0,0.7,0.9,0.8,0.825,0,0.0,0.7,0.9,0.8,0.825,0,0.0,0.7,0.9,0.8,0.825,0,0.0,0.7,0.9,0.8,0.825
1826,max_rounds,0,,,,,1,1,2,1,1,1,1,1,0,0,0,s1a3_greedy,1,0,0.19583528840448708,0.19015407115221022,21,16,16,18,18,2,0,0,0.64,0.5,0.5,0.5,0.5,0,0.64,0.5,0.5,0.5,0.5,0,0.72,0.8,0.65,0.725,0.75,0,0.72,0.8,0.65,0.725,0.75
1827,max_rounds,0,,,,,1,1,2,1,1,1,1,1,0,0,0,s1a3_greedy,1,0,0.12182755543617532,0.08549534878693521,26,0,0,0,0,0,0,0,0.0,0.65,0.65,0.65,0.65,0,0.0,0.65,0.65,0.65,0.65,0,0.0,0.9,0.65,0.775,0.775,0,0.0,0.9,0.65,0.775,0.775
1828,no_strict_e1_improvement,0,,,,,1,0,1,1,0,1,0,1,0,0,-1,current,0,0,0.10582875534892082,0.10582875534892082,30,25,25,25,25,0,0,1,1.0,1.0,1.0,1.0,1.0,1,1.0,1.0,1.0,1.0,1.0,1,1.0,1.0,1.0,1.0,1.0,1,1.0,1.0,1.0,1.0,1.0
1829,max_rounds,0,,,,,1,1,2,1,1,1,1,1,0,0,0,s1a3_greedy,1,0,0.1371229080017656,0.1246522250585258,25,0,0,0,0,0,0,0,0.0,0.45,0.65,0.55,0.625,0,0.0,0.45,0.65,0.55,0.625,0,0.0,0.5,0.55,0.525,0.625,0,0.0,0.5,0.55,0.525,0.625
1830,no_strict_e1_improvement,0,,,,,1,0,1,1,0,1,0,1,0,0,-1,current,0,0,0.01995796534465626,0.01995796534465626,30,25,25,25,25,0,0,1,1.0,1.0,1.0,1.0,1.0,1,1.0,1.0,1.0,1.0,1.0,1,1.0,1.0,1.0,1.0,1.0,1,1.0,1.0,1.0,1.0,1.0
1831,max_rounds,0,,,,,1,1,2,1,1,1,1,1,0,0,0,s1a3_greedy,1,0,0.2634702411480248,0.2451244103955105,14,0,0,0,0,0,0,0,0.0,0.35,0.25,0.3,0.325,0,0.0,0.35,0.25,0.3,0.325,0,0.0,0.35,0.35,0.35,0.4,0,0.0,0.35,0.35,0.35,0.4
1832,max_rounds,0,,,,,1,1,2,1,1,1,1,1,0,0,0,s1a3_greedy,1,0,0.13829149261291604,0.09113989651377778,25,15,15,19,19,4,0,0,0.6,0.65,0.9,0.775,0.825,0,0.6,0.65,0.9,0.775,0.825,0,0.76,0.85,0.8,0.825,0.825,0,0.76,0.85,0.8,0.825,0.825
1833,max_rounds,0,,,,,1,1,2,1,1,1,1,1,0,0,0,s1a3_greedy,1,0,0.25038597305319854,0.13434579950771877,25,16,16,20,20,4,0,0,0.64,0.75,0.6,0.675,0.675,0,0.64,0.75,0.6,0.675,0.675,0,0.8,0.8,0.75,0.775,0.8,0,0.8,0.8,0.75,0.775,0.8
1834,partial_completed__max_rounds,1,,5,2,4,1,1,2,1,1,1,1,1,0,0,0,s1a3_greedy,1,0,0.3588803163183911,0.22981474841144517,14,1,0,1,1,0,0,0,0.04,0.3,0.1,0.2,0.275,0,0.0,0.3,0.1,0.2,0.325,0,0.04,0.4,0.3,0.35,0.525,0,0.04,0.4,0.3,0.35,0.525
1835,max_rounds,0,,,,,1,1,2,1,1,1,1,1,0,0,0,s1a3_greedy,1,0,0.2130979343317449,0.11705349119147286,24,1,1,0,0,-1,0,0,0.04,0.6,0.45,0.525,0.6,0,0.04,0.6,0.45,0.525,0.6,0,0.0,1.0,0.75,0.875,0.875,0,0.0,1.0,0.75,0.875,0.875
1836,no_strict_e1_improvement,0,,,,,1,0,1,1,0,1,0,1,0,0,-1,current,0,0,0.04568551420234144,0.04568551420234144,33,25,25,25,25,0,0,1,1.0,1.0,1.0,1.0,1.0,1,1.0,1.0,1.0,1.0,1.0,1,1.0,1.0,1.0,1.0,1.0,1,1.0,1.0,1.0,1.0,1.0
1837,max_rounds,0,,,,,1,1,2,1,1,1,1,1,0,0,0,s1a3_greedy,1,0,0.27033470121677966,0.15923092374578118,12,1,1,4,4,3,0,0,0.04,0.35,0.4,0.375,0.425,0,0.04,0.35,0.4,0.375,0.425,0,0.16,0.45,0.45,0.45,0.6,0,0.16,0.45,0.45,0.45,0.6
1838,max_rounds,0,,,,,1,1,2,1,1,1,1,1,0,0,0,s1a3_greedy,1,0,0.2575173264602199,0.20166364123579114,14,0,0,0,0,0,0,0,0.0,0.4,0.35,0.375,0.4,0,0.0,0.4,0.35,0.375,0.4,0,0.0,0.4,0.25,0.325,0.35,0,0.0,0.4,0.25,0.325,0.35
1839,no_strict_e1_improvement,0,,,,,1,0,2,1,1,1,1,1,0,0,-1,current,0,0,0.10382752455770969,0.10382752455770969,27,0,0,0,0,0,0,0,0.0,0.75,0.9,0.825,0.85,0,0.0,0.75,0.9,0.825,0.85,0,0.0,0.75,0.9,0.825,0.85,0,0.0,0.75,0.9,0.825,0.85
1840,max_rounds,0,,,,,1,1,2,1,1,1,1,1,0,0,0,s1a3_greedy,1,0,0.12758044160436838,0.11203893321508077,28,0,0,0,0,0,0,0,0.0,0.65,0.55,0.6,0.725,0,0.0,0.65,0.55,0.6,0.725,0,0.0,0.75,0.9,0.825,0.825,0,0.0,0.75,0.9,0.825,0.825
1841,no_strict_e1_improvement,0,,,,,1,0,1,1,0,1,0,1,0,0,-1,current,0,0,0.040828039357438686,0.040828039357438686,26,25,25,25,25,0,0,1,1.0,1.0,1.0,1.0,1.0,1,1.0,1.0,1.0,1.0,1.0,1,1.0,1.0,1.0,1.0,1.0,1,1.0,1.0,1.0,1.0,1.0
1842,no_strict_e1_improvement,0,,,,,1,0,2,1,1,1,1,1,0,0,-1,current,0,0,0.11104167239391245,0.11104167239391245,22,0,0,0,0,0,0,0,0.0,0.65,0.8,0.725,0.725,0,0.0,0.65,0.8,0.725,0.725,0,0.0,0.65,0.8,0.725,0.725,0,0.0,0.65,0.8,0.725,0.725
1843,no_strict_e1_improvement,0,,,,,1,0,1,1,0,1,0,1,0,0,-1,current,0,0,0.045711396541446445,0.045711396541446445,29,22,22,22,22,0,0,0,0.88,0.85,0.9,0.875,0.875,0,0.88,0.85,0.9,0.875,0.875,0,0.88,0.85,0.9,0.875,0.875,0,0.88,0.85,0.9,0.875,0.875
1844,partial_completed__no_strict_e1_improvement,1,,5,2,4,1,0,1,1,0,1,0,1,0,0,-1,current,1,0,0.05090470241884759,0.05090470241884759,30,20,0,0,0,-20,0,0,0.8,0.75,0.8,0.775,0.775,0,0.0,0.75,0.9,0.825,0.825,0,0.0,0.75,0.9,0.825,0.825,0,0.0,0.75,0.9,0.825,0.825
1845,no_strict_e1_improvement,0,,,,,1,0,2,1,1,1,1,1,0,0,-1,current,0,0,0.23711332185193895,0.23711332185193895,23,0,0,0,0,0,0,0,0.0,0.5,0.7,0.6,0.75,0,0.0,0.5,0.7,0.6,0.75,0,0.0,0.5,0.7,0.6,0.75,0,0.0,0.5,0.7,0.6,0.75
1846,no_strict_e1_improvement,0,,,,,1,0,1,1,0,1,0,1,0,0,-1,current,0,0,0.05180351213202812,0.05180351213202812,29,1,1,1,1,0,0,0,0.04,0.65,0.8,0.725,0.75,0,0.04,0.65,0.8,0.725,0.75,0,0.04,0.65,0.8,0.725,0.75,0,0.04,0.65,0.8,0.725,0.75
1847,max_rounds,0,,,,,1,1,2,1,1,1,1,1,0,0,0,s1a3_greedy,1,0,0.21715516391705023,0.08469113422179361,19,0,0,0,0,0,0,0,0.0,0.3,0.4,0.35,0.4,0,0.0,0.3,0.4,0.35,0.4,0,0.0,0.5,0.65,0.575,0.625,0,0.0,0.5,0.65,0.575,0.625
1848,no_strict_e1_improvement,0,,,,,1,0,1,1,0,1,0,1,0,0,-1,current,0,0,0.03024567832471803,0.03024567832471803,30,0,0,0,0,0,0,0,0.0,0.75,1.0,0.875,0.875,0,0.0,0.75,1.0,0.875,0.875,0,0.0,0.75,1.0,0.875,0.875,0,0.0,0.75,1.0,0.875,0.875
1849,max_rounds,0,,,,,1,1,2,1,1,1,1,1,0,0,0,s1a3_greedy,1,0,0.17037719116196967,0.11122979819774628,18,0,0,0,0,0,0,0,0.0,0.55,0.55,0.55,0.575,0,0.0,0.55,0.55,0.55,0.575,0,0.0,0.45,0.35,0.4,0.525,0,0.0,0.45,0.35,0.4,0.525
1850,max_rounds,0,,,,,1,1,2,1,1,1,1,1,0,0,0,s1a3_greedy,1,0,0.2315079593565315,0.10849864370538853,22,0,0,0,0,0,0,0,0.0,0.45,0.8,0.625,0.7,0,0.0,0.45,0.8,0.625,0.7,0,0.0,0.75,0.9,0.825,0.825,0,0.0,0.75,0.9,0.825,0.825
1851,max_rounds,0,,,,,1,1,2,1,1,1,1,1,0,0,0,s1a3_greedy,1,0,0.1378289506305009,0.06535905771888792,22,1,1,0,0,-1,0,0,0.04,0.7,0.75,0.725,0.725,0,0.04,0.7,0.75,0.725,0.725,0,0.0,0.65,0.8,0.725,0.775,0,0.0,0.65,0.8,0.725,0.775
1852,no_strict_e1_improvement,0,,,,,1,0,1,1,0,1,0,1,0,0,-1,current,0,0,0.00046187013504095376,0.00046187013504095376,39,25,25,25,25,0,0,1,1.0,1.0,1.0,1.0,1.0,1,1.0,1.0,1.0,1.0,1.0,1,1.0,1.0,1.0,1.0,1.0,1,1.0,1.0,1.0,1.0,1.0
1853,no_strict_e1_improvement,0,,,,,1,0,2,1,1,1,1,1,0,0,-1,current,0,0,0.1579075569548877,0.1579075569548877,25,0,0,0,0,0,0,0,0.0,0.6,0.6,0.6,0.675,0,0.0,0.6,0.6,0.6,0.675,0,0.0,0.6,0.6,0.6,0.675,0,0.0,0.6,0.6,0.6,0.675
1854,max_rounds,0,,,,,1,1,2,1,1,1,1,1,0,0,0,s1a3_greedy,1,0,0.21086464371619512,0.19922733289276948,17,0,0,0,0,0,0,0,0.0,0.4,0.5,0.45,0.475,0,0.0,0.4,0.5,0.45,0.475,0,0.0,0.5,0.45,0.475,0.475,0,0.0,0.5,0.45,0.475,0.475
1855,no_strict_e1_improvement,0,,,,,1,0,1,1,0,1,0,1,0,0,-1,current,0,0,0.026804300583899023,0.026804300583899023,33,25,25,25,25,0,0,1,1.0,1.0,1.0,1.0,1.0,1,1.0,1.0,1.0,1.0,1.0,1,1.0,1.0,1.0,1.0,1.0,1,1.0,1.0,1.0,1.0,1.0
1856,max_rounds,0,,,,,1,1,2,1,1,1,1,1,0,0,0,s1a3_greedy,1,0,0.12696300765965135,0.1207094106124714,19,0,0,0,0,0,0,0,0.0,0.65,0.5,0.575,0.6,0,0.0,0.65,0.5,0.575,0.6,0,0.0,0.65,0.55,0.6,0.675,0,0.0,0.65,0.55,0.6,0.675
1857,max_rounds,0,,,,,1,1,2,1,1,1,1,1,0,0,0,s1a3_greedy,1,0,0.12632452081888915,0.08968775110552088,24,0,0,0,0,0,0,0,0.0,0.55,0.6,0.575,0.6,0,0.0,0.55,0.6,0.575,0.6,0,0.0,0.65,0.6,0.625,0.675,0,0.0,0.65,0.6,0.625,0.675
1858,no_strict_e1_improvement,0,,,,,1,0,1,1,0,1,0,1,0,0,-1,current,0,0,0.0381612132769078,0.0381612132769078,33,25,25,25,25,0,0,1,1.0,1.0,1.0,1.0,1.0,1,1.0,1.0,1.0,1.0,1.0,1,1.0,1.0,1.0,1.0,1.0,1,1.0,1.0,1.0,1.0,1.0
1859,small_component,0,,,,,1,0,0,0,0,0,0,1,0,0,-1,current,0,0,0.2413575797341764,0.2413575797341764,18,1,1,1,1,0,0,0,0.04,0.15,0.55,0.35,0.45,0,0.04,0.15,0.55,0.35,0.45,0,0.04,0.15,0.55,0.35,0.45,0,0.04,0.15,0.55,0.35,0.45
1860,max_rounds,0,,,,,1,1,2,1,1,1,1,1,0,0,0,s1a3_greedy,1,0,0.27517925868742166,0.26361345308832823,17,0,0,0,0,0,0,0,0.0,0.25,0.4,0.325,0.4,0,0.0,0.25,0.4,0.325,0.4,0,0.0,0.3,0.4,0.35,0.4,0,0.0,0.3,0.4,0.35,0.4
1861,max_rounds,0,,,,,1,1,2,1,1,1,1,1,0,0,0,s1a3_greedy,1,0,0.24277801597490906,0.2239955569619269,17,13,13,15,15,2,0,0,0.52,0.5,0.55,0.525,0.6,0,0.52,0.5,0.55,0.525,0.6,0,0.6,0.5,0.6,0.55,0.65,0,0.6,0.5,0.6,0.55,0.65
1862,no_strict_e1_improvement,0,,,,,1,0,1,1,0,1,0,1,0,0,-1,current,0,0,0.020200039213523268,0.020200039213523268,33,25,25,25,25,0,0,1,1.0,1.0,1.0,1.0,1.0,1,1.0,1.0,1.0,1.0,1.0,1,1.0,1.0,1.0,1.0,1.0,1,1.0,1.0,1.0,1.0,1.0
1863,max_rounds,0,,,,,1,1,2,1,1,1,1,1,0,0,0,s1a3_greedy,1,0,0.2210320697748102,0.1619346055202186,18,1,1,0,0,-1,0,0,0.04,0.15,0.75,0.45,0.475,0,0.04,0.15,0.75,0.45,0.475,0,0.0,0.45,0.6,0.525,0.55,0,0.0,0.45,0.6,0.525,0.55
1864,no_strict_e1_improvement,0,,,,,1,0,1,1,0,1,0,1,0,0,-1,current,0,0,0.05281442314153537,0.05281442314153537,30,25,25,25,25,0,0,1,1.0,1.0,1.0,1.0,1.0,1,1.0,1.0,1.0,1.0,1.0,1,1.0,1.0,1.0,1.0,1.0,1,1.0,1.0,1.0,1.0,1.0
1865,no_strict_e1_improvement,0,,,,,1,0,1,1,0,1,0,1,0,0,-1,current,0,0,0.027782096015289425,0.027782096015289425,32,0,0,0,0,0,0,0,0.0,0.75,1.0,0.875,0.875,0,0.0,0.75,1.0,0.875,0.875,0,0.0,0.75,1.0,0.875,0.875,0,0.0,0.75,1.0,0.875,0.875
1866,small_component,0,,,,,1,0,0,0,0,0,0,1,0,0,-1,current,0,0,0.25174441691488025,0.25174441691488025,16,0,0,0,0,0,0,0,0.0,0.05,0.2,0.125,0.225,0,0.0,0.05,0.2,0.125,0.225,0,0.0,0.05,0.2,0.125,0.225,0,0.0,0.05,0.2,0.125,0.225
1867,max_rounds,0,,,,,1,1,2,1,1,1,1,1,0,0,0,s1a3_greedy,1,0,0.17295845440421545,0.07035527191364963,17,1,1,1,1,0,0,0,0.04,0.35,0.45,0.4,0.475,0,0.04,0.35,0.45,0.4,0.475,0,0.04,0.5,0.65,0.575,0.65,0,0.04,0.5,0.65,0.575,0.65
1868,no_strict_e1_improvement,0,,,,,1,0,1,1,0,1,0,1,0,0,-1,current,0,0,0.0179082102724351,0.0179082102724351,36,25,25,25,25,0,0,1,1.0,1.0,1.0,1.0,1.0,1,1.0,1.0,1.0,1.0,1.0,1,1.0,1.0,1.0,1.0,1.0,1,1.0,1.0,1.0,1.0,1.0
1869,no_strict_e1_improvement,0,,,,,1,0,1,1,0,1,0,1,0,0,-1,current,0,0,0.05356032398995012,0.05356032398995012,28,0,0,0,0,0,0,0,0.0,0.75,1.0,0.875,0.875,0,0.0,0.75,1.0,0.875,0.875,0,0.0,0.75,1.0,0.875,0.875,0,0.0,0.75,1.0,0.875,0.875
1870,no_strict_e1_improvement,0,,,,,1,0,1,1,0,1,0,1,0,0,-1,current,0,0,0.05473609659820795,0.05473609659820795,32,25,25,25,25,0,0,1,1.0,1.0,1.0,1.0,1.0,1,1.0,1.0,1.0,1.0,1.0,1,1.0,1.0,1.0,1.0,1.0,1,1.0,1.0,1.0,1.0,1.0
1871,max_rounds,0,,,,,1,1,2,1,1,1,1,1,0,0,0,s1a3_greedy,1,0,0.15006378592224792,0.11679239330114796,18,13,13,14,14,1,0,0,0.52,0.5,0.45,0.475,0.55,0,0.52,0.5,0.45,0.475,0.55,0,0.56,0.75,0.6,0.675,0.675,0,0.56,0.75,0.6,0.675,0.675
1872,no_strict_e1_improvement,0,,,,,1,0,2,1,1,1,1,1,0,0,-1,current,0,0,0.155088394228369,0.155088394228369,20,0,0,0,0,0,0,0,0.0,0.6,0.4,0.5,0.525,0,0.0,0.6,0.4,0.5,0.525,0,0.0,0.6,0.4,0.5,0.525,0,0.0,0.6,0.4,0.5,0.525
1873,no_strict_e1_improvement,0,,,,,1,0,1,1,0,1,0,1,0,0,-1,current,0,0,0.014338184311054648,0.014338184311054648,32,25,25,25,25,0,0,1,1.0,1.0,1.0,1.0,1.0,1,1.0,1.0,1.0,1.0,1.0,1,1.0,1.0,1.0,1.0,1.0,1,1.0,1.0,1.0,1.0,1.0
1874,max_rounds,0,,,,,1,1,2,1,1,1,1,1,0,0,0,s1a3_greedy,1,0,0.23128230904694647,0.1892141298390925,19,0,0,2,2,2,0,0,0.0,0.15,0.35,0.25,0.35,0,0.0,0.15,0.35,0.25,0.35,0,0.08,0.3,0.3,0.3,0.375,0,0.08,0.3,0.3,0.3,0.375
1875,no_strict_e1_improvement,0,,,,,1,0,1,1,0,1,0,1,0,0,-1,current,0,0,0.044168868102133274,0.044168868102133274,30,0,0,0,0,0,0,0,0.0,0.75,1.0,0.875,0.875,0,0.0,0.75,1.0,0.875,0.875,0,0.0,0.75,1.0,0.875,0.875,0,0.0,0.75,1.0,0.875,0.875
1876,max_rounds,0,,,,,1,1,2,1,1,1,1,1,0,0,0,s1a3_greedy,1,0,0.13852196426014415,0.12912918028305284,22,0,0,1,1,1,0,0,0.0,0.7,0.55,0.625,0.675,0,0.0,0.7,0.55,0.625,0.675,0,0.04,0.75,0.55,0.65,0.65,0,0.04,0.75,0.55,0.65,0.65
1877,max_rounds,0,,,,,1,1,2,1,1,1,1,1,0,0,0,s1a3_greedy,1,0,0.14283224791288376,0.07396470825187862,23,0,0,0,0,0,0,0,0.0,0.6,0.75,0.675,0.725,0,0.0,0.6,0.75,0.675,0.725,0,0.0,0.75,1.0,0.875,0.875,0,0.0,0.75,1.0,0.875,0.875
1878,no_strict_e1_improvement,0,,,,,1,0,1,1,0,1,0,1,0,0,-1,current,0,0,0.02524281805381179,0.02524281805381179,33,25,25,25,25,0,0,1,1.0,1.0,1.0,1.0,1.0,1,1.0,1.0,1.0,1.0,1.0,1,1.0,1.0,1.0,1.0,1.0,1,1.0,1.0,1.0,1.0,1.0
1879,no_strict_e1_improvement,0,,,,,1,0,1,1,0,1,0,1,0,0,-1,current,0,0,0.03576060389750637,0.03576060389750637,33,0,0,0,0,0,0,0,0.0,1.0,0.75,0.875,0.875,0,0.0,1.0,0.75,0.875,0.875,0,0.0,1.0,0.75,0.875,0.875,0,0.0,1.0,0.75,0.875,0.875
1880,max_rounds,0,,,,,1,1,2,1,1,1,1,1,0,0,0,s1a3_greedy,1,0,0.27525369843933734,0.21240005423896946,14,1,1,0,0,-1,0,0,0.04,0.25,0.35,0.3,0.4,0,0.04,0.25,0.35,0.3,0.4,0,0.0,0.3,0.45,0.375,0.525,0,0.0,0.3,0.45,0.375,0.525
1881,max_rounds,0,,,,,1,1,2,1,1,1,1,1,0,0,0,s1a3_greedy,1,0,0.06541990591213107,0.03890318437479436,32,23,23,25,25,2,0,0,0.92,0.9,0.9,0.9,0.925,0,0.92,0.9,0.9,0.9,0.925,1,1.0,1.0,1.0,1.0,1.0,1,1.0,1.0,1.0,1.0,1.0
1882,no_strict_e1_improvement,0,,,,,1,0,2,1,1,1,1,1,0,0,-1,current,0,0,0.11296599444467574,0.11296599444467574,25,0,0,0,0,0,0,0,0.0,0.65,0.65,0.65,0.675,0,0.0,0.65,0.65,0.65,0.675,0,0.0,0.65,0.65,0.65,0.675,0,0.0,0.65,0.65,0.65,0.675
1883,no_strict_e1_improvement,0,,,,,1,0,2,1,1,1,1,1,0,0,-1,current,0,0,0.20005496898666025,0.20005496898666025,24,0,0,0,0,0,0,0,0.0,0.6,0.75,0.675,0.725,0,0.0,0.6,0.75,0.675,0.725,0,0.0,0.6,0.75,0.675,0.725,0,0.0,0.6,0.75,0.675,0.725
1884,no_strict_e1_improvement,0,,,,,1,0,2,1,1,1,1,1,0,0,-1,current,0,0,0.10023716672149022,0.10023716672149022,14,0,0,0,0,0,0,0,0.0,0.15,0.25,0.2,0.25,0,0.0,0.15,0.25,0.2,0.25,0,0.0,0.15,0.25,0.2,0.25,0,0.0,0.15,0.25,0.2,0.25
1885,small_component,0,,,,,1,0,0,0,0,0,0,1,0,0,-1,current,0,0,0.3154567888006568,0.3154567888006568,15,2,2,2,2,0,0,0,0.08,0.15,0.3,0.225,0.35,0,0.08,0.15,0.3,0.225,0.35,0,0.08,0.15,0.3,0.225,0.35,0,0.08,0.15,0.3,0.225,0.35
1886,max_rounds,0,,,,,1,1,2,1,1,1,1,1,0,0,0,s1a3_greedy,1,0,0.16890293009782908,0.15789347774116322,13,0,0,1,1,1,0,0,0.0,0.3,0.4,0.35,0.4,0,0.0,0.3,0.4,0.35,0.4,0,0.04,0.25,0.25,0.25,0.3,0,0.04,0.25,0.25,0.25,0.3
1887,max_rounds,0,,,,,1,1,2,1,1,1,1,1,0,0,0,s1a3_greedy,1,0,0.2563455029390752,0.21737011130899192,13,1,1,0,0,-1,0,0,0.04,0.15,0.35,0.25,0.325,0,0.04,0.15,0.35,0.25,0.325,0,0.0,0.25,0.2,0.225,0.3,0,0.0,0.25,0.2,0.225,0.3
1888,no_strict_e1_improvement,0,,,,,1,0,2,1,1,1,1,1,0,0,-1,current,0,0,0.10784175423905254,0.10784175423905254,29,0,0,0,0,0,0,0,0.0,0.75,0.9,0.825,0.825,0,0.0,0.75,0.9,0.825,0.825,0,0.0,0.75,0.9,0.825,0.825,0,0.0,0.75,0.9,0.825,0.825
1889,partial_completed__no_strict_e1_improvement,1,,5,2,3,1,0,2,1,1,1,1,1,0,0,-1,current,1,0,0.11947154656518251,0.11947154656518251,24,0,7,7,7,7,0,0,0.0,0.35,0.6,0.475,0.475,0,0.28,0.45,0.75,0.6,0.625,0,0.28,0.45,0.75,0.6,0.625,0,0.28,0.45,0.75,0.6,0.625
1890,no_strict_e1_improvement,0,,,,,1,0,2,1,1,1,1,1,0,0,-1,current,0,0,0.20200267403852196,0.20200267403852196,23,0,0,0,0,0,0,0,0.0,0.65,0.8,0.725,0.775,0,0.0,0.65,0.8,0.725,0.775,0,0.0,0.65,0.8,0.725,0.775,0,0.0,0.65,0.8,0.725,0.775
1891,small_component,0,,,,,1,0,0,0,0,0,0,1,0,0,-1,current,0,0,0.21094471107935533,0.21094471107935533,17,10,10,10,10,0,0,0,0.4,0.3,0.6,0.45,0.475,0,0.4,0.3,0.6,0.45,0.475,0,0.4,0.3,0.6,0.45,0.475,0,0.4,0.3,0.6,0.45,0.475
1892,small_component,0,,,,,1,0,0,0,0,0,0,1,0,0,-1,current,0,0,0.13149924376630223,0.13149924376630223,15,1,1,1,1,0,0,0,0.04,0.0,0.0,0.0,0.175,0,0.04,0.0,0.0,0.0,0.175,0,0.04,0.0,0.0,0.0,0.175,0,0.04,0.0,0.0,0.0,0.175
1893,partial_completed__no_strict_e1_improvement,1,,5,2,3,1,0,1,1,0,1,0,1,0,0,-1,current,1,0,0.051025733537971976,0.051025733537971976,30,20,25,25,25,5,0,0,0.8,0.8,0.75,0.775,0.775,1,1.0,1.0,1.0,1.0,1.0,1,1.0,1.0,1.0,1.0,1.0,1,1.0,1.0,1.0,1.0,1.0
1894,partial_completed__max_rounds,1,,5,2,4,1,1,2,1,1,1,1,1,0,0,0,s1a3_greedy,1,0,0.12526236691956,0.11811729507498966,23,0,0,0,0,0,0,0,0.0,0.35,0.7,0.525,0.55,0,0.0,0.45,0.75,0.6,0.65,0,0.0,0.35,0.7,0.525,0.575,0,0.0,0.35,0.7,0.525,0.575
1895,max_rounds,0,,,,,1,1,2,1,1,1,1,1,0,0,0,s1a3_greedy,1,0,0.370046011544764,0.25340880141884553,16,1,1,1,1,0,0,0,0.04,0.25,0.55,0.4,0.45,0,0.04,0.25,0.55,0.4,0.45,0,0.04,0.3,0.55,0.425,0.475,0,0.04,0.3,0.55,0.425,0.475
1896,max_rounds,0,,,,,1,1,2,1,1,1,1,1,0,0,0,s1a3_greedy,1,0,0.14970024065114557,0.1438165480736643,27,0,0,0,0,0,0,0,0.0,0.7,0.75,0.725,0.725,0,0.0,0.7,0.75,0.725,0.725,0,0.0,0.6,0.8,0.7,0.75,0,0.0,0.6,0.8,0.7,0.75
1897,max_rounds,0,,,,,1,1,2,1,1,1,1,1,0,0,0,s1a3_greedy,1,0,0.28832699623890223,0.2128672124352306,12,0,0,0,0,0,0,0,0.0,0.4,0.2,0.3,0.3,0,0.0,0.4,0.2,0.3,0.3,0,0.0,0.4,0.1,0.25,0.35,0,0.0,0.4,0.1,0.25,0.35
1898,max_rounds,0,,,,,1,1,2,1,1,1,1,1,0,0,0,s1a3_greedy,1,0,0.21065613322425633,0.14091241967398674,17,0,0,0,0,0,0,0,0.0,0.4,0.55,0.475,0.55,0,0.0,0.4,0.55,0.475,0.55,0,0.0,0.45,0.55,0.5,0.525,0,0.0,0.45,0.55,0.5,0.525
1899,no_strict_e1_improvement,0,,,,,1,0,1,1,0,1,0,1,0,0,-1,current,0,0,0.01375998007133603,0.01375998007133603,35,25,25,25,25,0,0,1,1.0,1.0,1.0,1.0,1.0,1,1.0,1.0,1.0,1.0,1.0,1,1.0,1.0,1.0,1.0,1.0,1,1.0,1.0,1.0,1.0,1.0
1900,max_rounds,0,,,,,1,1,2,1,1,1,1,1,0,0,0,s1a3_greedy,1,0,0.22654930604621767,0.2128237242985051,18,0,0,0,0,0,0,0,0.0,0.4,0.4,0.4,0.5,0,0.0,0.4,0.4,0.4,0.5,0,0.0,0.45,0.25,0.35,0.475,0,0.0,0.45,0.25,0.35,0.475
1901,max_rounds,0,,,,,1,1,2,1,1,1,1,1,0,0,0,s1a3_greedy,1,0,0.15725166087504477,0.1168084480566904,15,0,0,0,0,0,0,0,0.0,0.2,0.55,0.375,0.375,0,0.0,0.2,0.55,0.375,0.375,0,0.0,0.1,0.35,0.225,0.3,0,0.0,0.1,0.35,0.225,0.3
1902,no_strict_e1_improvement,0,,,,,1,0,2,1,1,1,1,1,0,0,-1,current,0,0,0.06787457382306457,0.06787457382306457,28,0,0,0,0,0,0,0,0.0,0.75,0.85,0.8,0.8,0,0.0,0.75,0.85,0.8,0.8,0,0.0,0.75,0.85,0.8,0.8,0,0.0,0.75,0.85,0.8,0.8
1903,max_rounds,0,,,,,1,1,2,1,1,1,1,1,0,0,0,s1a3_greedy,1,0,0.1654359737643972,0.12175059712026268,24,0,0,0,0,0,0,0,0.0,0.55,0.85,0.7,0.725,0,0.0,0.55,0.85,0.7,0.725,0,0.0,0.6,0.85,0.725,0.725,0,0.0,0.6,0.85,0.725,0.725
1904,no_strict_e1_improvement,0,,,,,1,0,2,1,1,1,1,1,0,0,-1,current,0,0,0.1145765780704096,0.1145765780704096,22,0,0,0,0,0,0,0,0.0,0.7,0.55,0.625,0.7,0,0.0,0.7,0.55,0.625,0.7,0,0.0,0.7,0.55,0.625,0.7,0,0.0,0.7,0.55,0.625,0.7
1905,no_strict_e1_improvement,0,,,,,1,0,2,1,1,1,1,1,0,0,-1,current,0,0,0.12895315126515924,0.12895315126515924,28,0,0,0,0,0,0,0,0.0,0.85,0.6,0.725,0.725,0,0.0,0.85,0.6,0.725,0.725,0,0.0,0.85,0.6,0.725,0.725,0,0.0,0.85,0.6,0.725,0.725
1906,no_strict_e1_improvement,0,,,,,1,0,2,1,1,1,1,1,0,0,-1,current,0,0,0.21219642600044608,0.21219642600044608,24,0,0,0,0,0,0,0,0.0,0.5,0.5,0.5,0.525,0,0.0,0.5,0.5,0.5,0.525,0,0.0,0.5,0.5,0.5,0.525,0,0.0,0.5,0.5,0.5,0.525
1907,no_strict_e1_improvement,0,,,,,1,0,1,1,0,1,0,1,0,0,-1,current,0,0,0.01789384023286402,0.01789384023286402,34,25,25,25,25,0,0,1,1.0,1.0,1.0,1.0,1.0,1,1.0,1.0,1.0,1.0,1.0,1,1.0,1.0,1.0,1.0,1.0,1,1.0,1.0,1.0,1.0,1.0
1908,small_component,0,,,,,1,0,0,0,0,0,0,1,0,0,-1,current,0,0,0.20268876357004045,0.20268876357004045,17,1,1,1,1,0,0,0,0.04,0.3,0.2,0.25,0.375,0,0.04,0.3,0.2,0.25,0.375,0,0.04,0.3,0.2,0.25,0.375,0,0.04,0.3,0.2,0.25,0.375
1909,no_strict_e1_improvement,0,,,,,1,0,1,1,0,1,0,1,0,0,-1,current,0,0,0.03823534091934562,0.03823534091934562,37,25,25,25,25,0,0,1,1.0,1.0,1.0,1.0,1.0,1,1.0,1.0,1.0,1.0,1.0,1,1.0,1.0,1.0,1.0,1.0,1,1.0,1.0,1.0,1.0,1.0
1910,partial_completed__max_rounds,1,,5,2,4,1,1,2,1,1,1,1,1,0,0,0,s1a3_greedy,1,0,0.29142315293920545,0.23622283152653836,11,0,0,0,0,0,0,0,0.0,0.3,0.2,0.25,0.35,0,0.0,0.35,0.2,0.275,0.4,0,0.0,0.35,0.15,0.25,0.3,0,0.0,0.35,0.15,0.25,0.3
1911,max_rounds,0,,,,,1,1,2,1,1,1,1,1,0,0,0,s1a3_greedy,1,0,0.08242282895371318,0.051269964408129455,33,1,1,2,2,1,0,0,0.04,0.65,0.8,0.725,0.75,0,0.04,0.65,0.8,0.725,0.75,0,0.08,0.55,0.9,0.725,0.775,0,0.08,0.55,0.9,0.725,0.775
1912,max_rounds,0,,,,,1,1,2,1,1,1,1,1,0,0,0,s1a3_greedy,1,0,0.20917227582540363,0.1568929660221329,12,0,0,2,2,2,0,0,0.0,0.45,0.25,0.35,0.4,0,0.0,0.45,0.25,0.35,0.4,0,0.08,0.45,0.35,0.4,0.425,0,0.08,0.45,0.35,0.4,0.425
1913,max_rounds,0,,,,,1,1,2,1,1,1,1,1,0,0,0,s1a3_greedy,1,0,0.1051086720195599,0.08604561873944476,31,0,0,0,0,0,0,0,0.0,0.9,0.7,0.8,0.825,0,0.0,0.9,0.7,0.8,0.825,0,0.0,0.85,0.75,0.8,0.825,0,0.0,0.85,0.75,0.8,0.825
1914,max_rounds,0,,,,,1,1,2,1,1,1,1,1,0,0,0,s1a3_greedy,1,0,0.15594905597390607,0.07074209193233401,18,0,0,0,0,0,0,0,0.0,0.65,0.65,0.65,0.7,0,0.0,0.65,0.65,0.65,0.7,0,0.0,0.7,0.75,0.725,0.75,0,0.0,0.7,0.75,0.725,0.75
1915,max_rounds,0,,,,,1,1,2,1,1,1,1,1,0,0,0,s1a3_greedy,1,0,0.1628153801040753,0.036124337262663175,17,0,0,0,0,0,0,0,0.0,0.4,0.6,0.5,0.525,0,0.0,0.4,0.6,0.5,0.525,0,0.0,0.5,0.7,0.6,0.625,0,0.0,0.5,0.7,0.6,0.625
1916,no_strict_e1_improvement,0,,,,,1,0,1,1,0,1,0,1,0,0,-1,current,0,0,0.014648370048962533,0.014648370048962533,36,25,25,25,25,0,0,1,1.0,1.0,1.0,1.0,1.0,1,1.0,1.0,1.0,1.0,1.0,1,1.0,1.0,1.0,1.0,1.0,1,1.0,1.0,1.0,1.0,1.0
1917,max_rounds,0,,,,,1,1,2,1,1,1,1,1,0,0,0,s1a3_greedy,1,0,0.27062984663061795,0.22236348005826584,21,0,0,0,0,0,0,0,0.0,0.5,0.5,0.5,0.525,0,0.0,0.5,0.5,0.5,0.525,0,0.0,0.65,0.5,0.575,0.575,0,0.0,0.65,0.5,0.575,0.575
1918,no_strict_e1_improvement,0,,,,,1,0,2,1,1,1,1,1,0,0,-1,current,0,0,0.18652513404376805,0.18652513404376805,23,0,0,0,0,0,0,0,0.0,0.35,0.6,0.475,0.475,0,0.0,0.35,0.6,0.475,0.475,0,0.0,0.35,0.6,0.475,0.475,0,0.0,0.35,0.6,0.475,0.475
1919,no_strict_e1_improvement,0,,,,,1,0,2,1,1,1,1,1,0,0,-1,current,0,0,0.22500233756145463,0.22500233756145463,19,13,13,13,13,0,0,0,0.52,0.45,0.3,0.375,0.425,0,0.52,0.45,0.3,0.375,0.425,0,0.52,0.45,0.3,0.375,0.425,0,0.52,0.45,0.3,0.375,0.425
1920,no_strict_e1_improvement,0,,,,,1,0,2,1,1,1,1,1,0,0,-1,current,0,0,0.06061803344637155,0.06061803344637155,26,25,25,25,25,0,0,1,1.0,1.0,1.0,1.0,1.0,1,1.0,1.0,1.0,1.0,1.0,1,1.0,1.0,1.0,1.0,1.0,1,1.0,1.0,1.0,1.0,1.0
1921,max_rounds,0,,,,,1,1,2,1,1,1,1,1,0,0,0,s1a3_greedy,1,0,0.1745703853201121,0.14184612524695694,26,9,9,1,1,-8,0,0,0.36,0.7,0.65,0.675,0.7,0,0.36,0.7,0.65,0.675,0.7,0,0.04,0.7,0.8,0.75,0.775,0,0.04,0.7,0.8,0.75,0.775
1922,no_strict_e1_improvement,0,,,,,1,0,2,1,1,1,1,1,0,0,-1,current,0,0,0.10322373234666885,0.10322373234666885,25,21,21,21,21,0,0,0,0.84,0.75,0.65,0.7,0.725,0,0.84,0.75,0.65,0.7,0.725,0,0.84,0.75,0.65,0.7,0.725,0,0.84,0.75,0.65,0.7,0.725
1923,max_rounds,0,,,,,1,1,2,1,1,1,1,1,0,0,0,s1a3_greedy,1,0,0.12201818903558888,0.0581780910724774,30,21,21,23,23,2,0,0,0.84,0.75,0.75,0.75,0.8,0,0.84,0.75,0.75,0.75,0.8,0,0.92,0.9,0.9,0.9,0.925,0,0.92,0.9,0.9,0.9,0.925
1924,max_rounds,0,,,,,1,1,2,1,1,1,1,1,0,0,0,s1a3_greedy,1,0,0.28184670861810446,0.2005036765243858,16,0,0,0,0,0,0,0,0.0,0.45,0.3,0.375,0.45,0,0.0,0.45,0.3,0.375,0.45,0,0.0,0.55,0.3,0.425,0.45,0,0.0,0.55,0.3,0.425,0.45
1925,max_rounds,0,,,,,1,1,2,1,1,1,1,1,0,0,0,s1a3_greedy,1,0,0.11416065935627558,0.05298154457123019,34,0,0,0,0,0,0,0,0.0,0.85,0.7,0.775,0.8,0,0.0,0.85,0.7,0.775,0.8,0,0.0,0.9,0.75,0.825,0.825,0,0.0,0.9,0.75,0.825,0.825
1926,no_strict_e1_improvement,0,,,,,1,0,1,1,0,1,0,1,0,0,-1,current,0,0,0.004592397841042839,0.004592397841042839,36,25,25,25,25,0,0,1,1.0,1.0,1.0,1.0,1.0,1,1.0,1.0,1.0,1.0,1.0,1,1.0,1.0,1.0,1.0,1.0,1,1.0,1.0,1.0,1.0,1.0
1927,max_rounds,0,,,,,1,1,2,1,1,1,1,1,0,0,0,s1a3_greedy,1,0,0.11637614257633686,0.11022439636290074,30,0,0,0,0,0,0,0,0.0,0.7,0.75,0.725,0.75,0,0.0,0.7,0.75,0.725,0.75,0,0.0,0.75,0.75,0.75,0.75,0,0.0,0.75,0.75,0.75,0.75
1928,no_strict_e1_improvement,0,,,,,1,0,2,1,1,1,1,1,0,0,-1,current,0,0,0.20345521736890076,0.20345521736890076,26,2,2,2,2,0,0,0,0.08,0.65,0.6,0.625,0.65,0,0.08,0.65,0.6,0.625,0.65,0,0.08,0.65,0.6,0.625,0.65,0,0.08,0.65,0.6,0.625,0.65
1929,max_rounds,0,,,,,1,1,2,1,1,1,1,1,0,0,0,s1a3_greedy,1,0,0.14422188240569084,0.13864685173612087,25,0,0,0,0,0,0,0,0.0,0.65,0.8,0.725,0.75,0,0.0,0.65,0.8,0.725,0.75,0,0.0,0.65,0.7,0.675,0.725,0,0.0,0.65,0.7,0.675,0.725
1930,no_strict_e1_improvement,0,,,,,1,0,1,1,0,1,0,1,0,0,-1,current,0,0,0.033187251564231704,0.033187251564231704,33,25,25,25,25,0,0,1,1.0,1.0,1.0,1.0,1.0,1,1.0,1.0,1.0,1.0,1.0,1,1.0,1.0,1.0,1.0,1.0,1,1.0,1.0,1.0,1.0,1.0
1931,no_strict_e1_improvement,0,,,,,1,0,1,1,0,1,0,1,0,0,-1,current,0,0,0.0249961509660352,0.0249961509660352,33,25,25,25,25,0,0,1,1.0,1.0,1.0,1.0,1.0,1,1.0,1.0,1.0,1.0,1.0,1,1.0,1.0,1.0,1.0,1.0,1,1.0,1.0,1.0,1.0,1.0
1932,no_strict_e1_improvement,0,,,,,1,0,2,1,1,1,1,1,0,0,-1,current,0,0,0.1378726197523065,0.1378726197523065,21,0,0,0,0,0,0,0,0.0,0.6,0.7,0.65,0.725,0,0.0,0.6,0.7,0.65,0.725,0,0.0,0.6,0.7,0.65,0.725,0,0.0,0.6,0.7,0.65,0.725
1933,no_strict_e1_improvement,0,,,,,1,0,1,1,0,1,0,1,0,0,-1,current,0,0,0.03425837573595345,0.03425837573595345,31,25,25,25,25,0,0,1,1.0,1.0,1.0,1.0,1.0,1,1.0,1.0,1.0,1.0,1.0,1,1.0,1.0,1.0,1.0,1.0,1,1.0,1.0,1.0,1.0,1.0
1934,no_strict_e1_improvement,0,,,,,1,0,2,1,1,1,1,1,0,0,-1,current,0,0,0.0888940955279395,0.0888940955279395,28,0,0,0,0,0,0,0,0.0,0.8,0.65,0.725,0.75,0,0.0,0.8,0.65,0.725,0.75,0,0.0,0.8,0.65,0.725,0.75,0,0.0,0.8,0.65,0.725,0.75
1935,max_rounds,0,,,,,1,1,2,1,1,1,1,1,0,0,0,s1a3_greedy,1,0,0.1467522765044123,0.14453268903307617,25,0,0,2,2,2,0,0,0.0,0.75,0.9,0.825,0.825,0,0.0,0.75,0.9,0.825,0.825,0,0.08,0.65,0.75,0.7,0.75,0,0.08,0.65,0.75,0.7,0.75
1936,max_rounds,0,,,,,1,1,2,1,1,1,1,1,0,0,0,s1a3_greedy,1,0,0.32069969875738025,0.24770739753730595,13,0,0,0,0,0,0,0,0.0,0.3,0.15,0.225,0.325,0,0.0,0.3,0.15,0.225,0.325,0,0.0,0.5,0.15,0.325,0.4,0,0.0,0.5,0.15,0.325,0.4
1937,max_rounds,0,,,,,1,1,2,1,1,1,1,1,0,0,0,s1a3_greedy,1,0,0.18970422674319706,0.14533852492022561,14,0,0,0,0,0,0,0,0.0,0.4,0.2,0.3,0.325,0,0.0,0.4,0.2,0.3,0.325,0,0.0,0.3,0.1,0.2,0.3,0,0.0,0.3,0.1,0.2,0.3
1938,no_strict_e1_improvement,0,,,,,1,0,2,1,1,1,1,1,0,0,-1,current,0,0,0.16059836932690813,0.16059836932690813,22,0,0,0,0,0,0,0,0.0,0.6,0.45,0.525,0.575,0,0.0,0.6,0.45,0.525,0.575,0,0.0,0.6,0.45,0.525,0.575,0,0.0,0.6,0.45,0.525,0.575
1939,no_strict_e1_improvement,0,,,,,1,0,1,1,0,1,0,1,0,0,-1,current,0,0,0.06852349858963862,0.06852349858963862,29,25,25,25,25,0,0,1,1.0,1.0,1.0,1.0,1.0,1,1.0,1.0,1.0,1.0,1.0,1,1.0,1.0,1.0,1.0,1.0,1,1.0,1.0,1.0,1.0,1.0
1940,no_strict_e1_improvement,0,,,,,1,0,1,1,0,1,0,1,0,0,-1,current,0,0,0.07307023936882615,0.07307023936882615,26,0,0,0,0,0,0,0,0.0,0.75,0.95,0.85,0.85,0,0.0,0.75,0.95,0.85,0.85,0,0.0,0.75,0.95,0.85,0.85,0,0.0,0.75,0.95,0.85,0.85
1941,no_strict_e1_improvement,0,,,,,1,0,2,1,1,1,1,1,0,0,-1,current,0,0,0.17305540032684802,0.17305540032684802,22,0,0,0,0,0,0,0,0.0,0.5,0.75,0.625,0.675,0,0.0,0.5,0.75,0.625,0.675,0,0.0,0.5,0.75,0.625,0.675,0,0.0,0.5,0.75,0.625,0.675
1942,max_rounds,0,,,,,1,1,2,1,1,1,1,1,0,0,0,s1a3_greedy,1,0,0.21157407227437944,0.07850161637179554,26,19,19,25,25,6,0,0,0.76,0.7,0.65,0.675,0.7,0,0.76,0.7,0.65,0.675,0.7,1,1.0,1.0,1.0,1.0,1.0,1,1.0,1.0,1.0,1.0,1.0
1943,no_strict_e1_improvement,0,,,,,1,0,1,1,0,1,0,1,0,0,-1,current,0,0,0.022067493433132766,0.022067493433132766,32,25,25,25,25,0,0,1,1.0,1.0,1.0,1.0,1.0,1,1.0,1.0,1.0,1.0,1.0,1,1.0,1.0,1.0,1.0,1.0,1,1.0,1.0,1.0,1.0,1.0
1944,max_rounds,0,,,,,1,1,2,1,1,1,1,1,0,0,0,s1a3_greedy,1,0,0.10903418269008398,0.09510973385185935,24,17,17,16,16,-1,0,0,0.68,0.8,0.6,0.7,0.7,0,0.68,0.8,0.6,0.7,0.7,0,0.64,0.75,0.55,0.65,0.75,0,0.64,0.75,0.55,0.65,0.75
1945,no_strict_e1_improvement,0,,,,,1,0,2,1,1,1,1,1,0,0,-1,current,0,0,0.11820063470804598,0.11820063470804598,26,18,18,18,18,0,0,0,0.72,0.75,0.65,0.7,0.725,0,0.72,0.75,0.65,0.7,0.725,0,0.72,0.75,0.65,0.7,0.725,0,0.72,0.75,0.65,0.7,0.725
1946,no_strict_e1_improvement,0,,,,,1,0,1,1,0,1,0,1,0,0,-1,current,0,0,0.060787749476730824,0.060787749476730824,29,0,0,0,0,0,0,0,0.0,0.65,0.9,0.775,0.8,0,0.0,0.65,0.9,0.775,0.8,0,0.0,0.65,0.9,0.775,0.8,0,0.0,0.65,0.9,0.775,0.8
1947,no_strict_e1_improvement,0,,,,,1,0,1,1,0,1,0,1,0,0,-1,current,0,0,0.23773079216480256,0.23773079216480256,20,0,0,0,0,0,0,0,0.0,0.55,0.55,0.55,0.6,0,0.0,0.55,0.55,0.55,0.6,0,0.0,0.55,0.55,0.55,0.6,0,0.0,0.55,0.55,0.55,0.6
1948,no_strict_e1_improvement,0,,,,,1,0,2,1,1,1,1,1,0,0,-1,current,0,0,0.12969009559601546,0.12969009559601546,29,0,0,0,0,0,0,0,0.0,0.75,0.8,0.775,0.775,0,0.0,0.75,0.8,0.775,0.775,0,0.0,0.75,0.8,0.775,0.775,0,0.0,0.75,0.8,0.775,0.775
1949,small_component,0,,,,,1,0,0,0,0,0,0,1,0,0,-1,current,0,0,0.1849195955437608,0.1849195955437608,17,1,1,1,1,0,0,0,0.04,0.35,0.05,0.2,0.225,0,0.04,0.35,0.05,0.2,0.225,0,0.04,0.35,0.05,0.2,0.225,0,0.04,0.35,0.05,0.2,0.225
1950,small_component,0,,,,,1,0,0,0,0,0,0,1,0,0,-1,current,0,0,0.28856509616598486,0.28856509616598486,18,1,1,1,1,0,0,0,0.04,0.25,0.55,0.4,0.425,0,0.04,0.25,0.55,0.4,0.425,0,0.04,0.25,0.55,0.4,0.425,0,0.04,0.25,0.55,0.4,0.425
1951,max_rounds,0,,,,,1,1,2,1,1,1,1,1,0,0,0,s1a3_greedy,1,0,0.2603513108741026,0.15790764009743724,19,0,0,0,0,0,0,0,0.0,0.35,0.55,0.45,0.475,0,0.0,0.35,0.55,0.45,0.475,0,0.0,0.4,0.65,0.525,0.575,0,0.0,0.4,0.65,0.525,0.575
1952,small_component,0,,,,,1,0,0,0,0,0,0,1,0,0,-1,current,0,0,0.21122571378946303,0.21122571378946303,19,1,1,1,1,0,0,0,0.04,0.35,0.4,0.375,0.45,0,0.04,0.35,0.4,0.375,0.45,0,0.04,0.35,0.4,0.375,0.45,0,0.04,0.35,0.4,0.375,0.45
1953,no_strict_e1_improvement,0,,,,,1,0,1,1,0,1,0,1,0,0,-1,current,0,0,0.05660825865343213,0.05660825865343213,26,25,25,25,25,0,0,1,1.0,1.0,1.0,1.0,1.0,1,1.0,1.0,1.0,1.0,1.0,1,1.0,1.0,1.0,1.0,1.0,1,1.0,1.0,1.0,1.0,1.0
1954,no_strict_e1_improvement,0,,,,,1,0,1,1,0,1,0,1,0,0,-1,current,0,0,0.03280114885419607,0.03280114885419607,34,25,25,25,25,0,0,1,1.0,1.0,1.0,1.0,1.0,1,1.0,1.0,1.0,1.0,1.0,1,1.0,1.0,1.0,1.0,1.0,1,1.0,1.0,1.0,1.0,1.0
1955,no_strict_e1_improvement,0,,,,,1,0,1,1,0,1,0,1,0,0,-1,current,0,0,0.04834481133148074,0.04834481133148074,34,25,25,25,25,0,0,1,1.0,1.0,1.0,1.0,1.0,1,1.0,1.0,1.0,1.0,1.0,1,1.0,1.0,1.0,1.0,1.0,1,1.0,1.0,1.0,1.0,1.0
1956,max_rounds,0,,,,,1,1,2,1,1,1,1,1,0,0,0,s1a3_greedy,1,0,0.2101676909296657,0.18830426400963915,15,1,1,0,0,-1,0,0,0.04,0.4,0.55,0.475,0.5,0,0.04,0.4,0.55,0.475,0.5,0,0.0,0.65,0.65,0.65,0.675,0,0.0,0.65,0.65,0.65,0.675
1957,max_rounds,0,,,,,1,1,2,1,1,1,1,1,0,0,0,s1a3_greedy,1,0,0.21878785924054683,0.18724229694344102,13,0,0,0,0,0,0,0,0.0,0.25,0.3,0.275,0.35,0,0.0,0.25,0.3,0.275,0.35,0,0.0,0.25,0.3,0.275,0.325,0,0.0,0.25,0.3,0.275,0.325
1958,no_strict_e1_improvement,0,,,,,1,0,1,1,0,1,0,1,0,0,-1,current,0,0,0.04511114596389234,0.04511114596389234,32,25,25,25,25,0,0,1,1.0,1.0,1.0,1.0,1.0,1,1.0,1.0,1.0,1.0,1.0,1,1.0,1.0,1.0,1.0,1.0,1,1.0,1.0,1.0,1.0,1.0
1959,max_rounds,0,,,,,1,1,2,1,1,1,1,1,0,0,0,s1a3_greedy,1,0,0.23230505940155127,0.2138771941245068,15,0,0,1,1,1,0,0,0.0,0.3,0.6,0.45,0.5,0,0.0,0.3,0.6,0.45,0.5,0,0.04,0.15,0.35,0.25,0.4,0,0.04,0.15,0.35,0.25,0.4
1960,no_strict_e1_improvement,0,,,,,1,0,1,1,0,1,0,1,0,0,-1,current,0,0,0.038519548333715646,0.038519548333715646,33,25,25,25,25,0,0,1,1.0,1.0,1.0,1.0,1.0,1,1.0,1.0,1.0,1.0,1.0,1,1.0,1.0,1.0,1.0,1.0,1,1.0,1.0,1.0,1.0,1.0
1961,max_rounds,0,,,,,1,1,2,1,1,1,1,1,0,0,0,s1a3_greedy,1,0,0.247315720457118,0.16983036386081948,23,0,0,0,0,0,0,0,0.0,0.0,0.95,0.475,0.475,0,0.0,0.0,0.95,0.475,0.475,0,0.0,0.15,0.65,0.4,0.45,0,0.0,0.15,0.65,0.4,0.45
1962,max_rounds,0,,,,,1,1,2,1,1,1,1,1,0,0,0,s1a3_greedy,1,0,0.18706852726172657,0.0972638298808306,26,0,0,0,0,0,0,0,0.0,0.4,0.65,0.525,0.575,0,0.0,0.4,0.65,0.525,0.575,0,0.0,0.75,0.8,0.775,0.775,0,0.0,0.75,0.8,0.775,0.775
1963,max_rounds,0,,,,,1,1,2,1,1,1,1,1,0,0,0,s1a3_greedy,1,0,0.1214953102171421,0.047706662910059094,31,23,23,25,25,2,0,0,0.92,0.8,0.85,0.825,0.825,0,0.92,0.8,0.85,0.825,0.825,1,1.0,1.0,1.0,1.0,1.0,1,1.0,1.0,1.0,1.0,1.0
1964,max_rounds,0,,,,,1,1,2,1,1,1,1,1,0,0,0,s1a3_greedy,1,0,0.19617836019024254,0.12481997510185465,20,1,1,1,1,0,0,0,0.04,0.3,0.5,0.4,0.5,0,0.04,0.3,0.5,0.4,0.5,0,0.04,0.35,0.6,0.475,0.625,0,0.04,0.35,0.6,0.475,0.625
1965,no_strict_e1_improvement,0,,,,,1,0,1,1,0,1,0,1,0,0,-1,current,0,0,0.008683821745216846,0.008683821745216846,38,25,25,25,25,0,0,1,1.0,1.0,1.0,1.0,1.0,1,1.0,1.0,1.0,1.0,1.0,1,1.0,1.0,1.0,1.0,1.0,1,1.0,1.0,1.0,1.0,1.0
1966,no_strict_e1_improvement,0,,,,,1,0,2,1,1,1,1,1,0,0,-1,current,0,0,0.11383124541025609,0.11383124541025609,19,0,0,0,0,0,0,0,0.0,0.55,0.4,0.475,0.5,0,0.0,0.55,0.4,0.475,0.5,0,0.0,0.55,0.4,0.475,0.5,0,0.0,0.55,0.4,0.475,0.5
1967,max_rounds,0,,,,,1,1,2,1,1,1,1,1,0,0,0,s1a3_greedy,1,0,0.08369534699013456,0.0673716458142735,26,21,21,21,21,0,0,0,0.84,0.8,0.8,0.8,0.85,0,0.84,0.8,0.8,0.8,0.85,0,0.84,0.9,0.8,0.85,0.9,0,0.84,0.9,0.8,0.85,0.9
1968,max_rounds,0,,,,,1,1,2,1,1,1,1,1,0,0,0,s1a3_greedy,1,0,0.31423580021989894,0.16286704063356866,15,1,1,1,1,0,0,0,0.04,0.4,0.4,0.4,0.425,0,0.04,0.4,0.4,0.4,0.425,0,0.04,0.35,0.4,0.375,0.45,0,0.04,0.35,0.4,0.375,0.45
1969,max_rounds,0,,,,,1,1,2,1,1,1,1,1,0,0,0,s1a3_greedy,1,0,0.16137100169144106,0.10270164184912574,19,18,18,16,16,-2,0,0,0.72,0.5,0.7,0.6,0.65,0,0.72,0.5,0.7,0.6,0.65,0,0.64,0.75,0.45,0.6,0.75,0,0.64,0.75,0.45,0.6,0.75
1970,max_rounds,0,,,,,1,1,2,1,1,1,1,1,0,0,0,s1a3_greedy,1,0,0.0712040449026972,0.07060036349575967,27,0,0,0,0,0,0,0,0.0,0.65,0.85,0.75,0.75,0,0.0,0.65,0.85,0.75,0.75,0,0.0,0.75,0.9,0.825,0.825,0,0.0,0.75,0.9,0.825,0.825
1971,no_strict_e1_improvement,0,,,,,1,0,1,1,0,1,0,1,0,0,-1,current,0,0,0.022300078230910004,0.022300078230910004,35,25,25,25,25,0,0,1,1.0,1.0,1.0,1.0,1.0,1,1.0,1.0,1.0,1.0,1.0,1,1.0,1.0,1.0,1.0,1.0,1,1.0,1.0,1.0,1.0,1.0
1972,max_rounds,0,,,,,1,1,2,1,1,1,1,1,0,0,0,s1a3_greedy,1,0,0.14696502654114738,0.046994182467460635,25,20,20,25,25,5,0,0,0.8,0.75,0.75,0.75,0.775,0,0.8,0.75,0.75,0.75,0.775,1,1.0,1.0,1.0,1.0,1.0,1,1.0,1.0,1.0,1.0,1.0
1973,max_rounds,0,,,,,1,1,2,1,1,1,1,1,0,0,0,s1a3_greedy,1,0,0.16948565870989113,0.10448650519829243,19,0,0,0,0,0,0,0,0.0,0.65,0.5,0.575,0.575,0,0.0,0.65,0.5,0.575,0.575,0,0.0,0.65,0.55,0.6,0.65,0,0.0,0.65,0.55,0.6,0.65
1974,no_strict_e1_improvement,0,,,,,1,0,2,1,1,1,1,1,0,0,-1,current,0,0,0.11671775647555478,0.11671775647555478,24,0,0,0,0,0,0,0,0.0,0.65,0.75,0.7,0.725,0,0.0,0.65,0.75,0.7,0.725,0,0.0,0.65,0.75,0.7,0.725,0,0.0,0.65,0.75,0.7,0.725
1975,max_rounds,0,,,,,1,1,2,1,1,1,1,1,0,0,0,s1a3_greedy,1,0,0.22511469572782516,0.16623416342772543,16,1,1,0,0,-1,0,0,0.04,0.5,0.4,0.45,0.5,0,0.04,0.5,0.4,0.45,0.5,0,0.0,0.35,0.4,0.375,0.475,0,0.0,0.35,0.4,0.375,0.475
1976,no_strict_e1_improvement,0,,,,,1,0,1,1,0,1,0,1,0,0,-1,current,0,0,0.006568525923648849,0.006568525923648849,38,25,25,25,25,0,0,1,1.0,1.0,1.0,1.0,1.0,1,1.0,1.0,1.0,1.0,1.0,1,1.0,1.0,1.0,1.0,1.0,1,1.0,1.0,1.0,1.0,1.0
1977,no_strict_e1_improvement,0,,,,,1,0,2,1,1,1,1,1,0,0,-1,current,0,0,0.26166889602318405,0.26166889602318405,20,6,6,6,6,0,0,0,0.24,0.5,0.3,0.4,0.5,0,0.24,0.5,0.3,0.4,0.5,0,0.24,0.5,0.3,0.4,0.5,0,0.24,0.5,0.3,0.4,0.5
1978,max_rounds,0,,,,,1,1,2,1,1,1,1,1,0,0,0,s1a3_greedy,1,0,0.0694840790318267,0.032095952782401585,26,21,21,25,25,4,0,0,0.84,0.9,0.8,0.85,0.85,0,0.84,0.9,0.8,0.85,0.85,1,1.0,1.0,1.0,1.0,1.0,1,1.0,1.0,1.0,1.0,1.0
1979,no_strict_e1_improvement,0,,,,,1,0,1,1,0,1,0,1,0,0,-1,current,0,0,0.022412062063813208,0.022412062063813208,36,25,25,25,25,0,0,1,1.0,1.0,1.0,1.0,1.0,1,1.0,1.0,1.0,1.0,1.0,1,1.0,1.0,1.0,1.0,1.0,1,1.0,1.0,1.0,1.0,1.0
1980,no_strict_e1_improvement,0,,,,,1,0,1,1,0,1,0,1,0,0,-1,current,0,0,0.0745794664893765,0.0745794664893765,29,22,22,22,22,0,0,0,0.88,0.85,0.85,0.85,0.85,0,0.88,0.85,0.85,0.85,0.85,0,0.88,0.85,0.85,0.85,0.85,0,0.88,0.85,0.85,0.85,0.85
1981,partial_completed__no_strict_e1_improvement,1,,10,3,5,1,0,2,1,1,1,1,1,0,0,-1,current,1,0,0.03675500960089266,0.03675500960089266,22,0,0,0,0,0,0,0,0.0,0.6,0.5,0.55,0.55,0,0.0,1.0,0.75,0.875,0.875,0,0.0,1.0,0.75,0.875,0.875,0,0.0,1.0,0.75,0.875,0.875
1982,max_rounds,0,,,,,1,1,2,1,1,1,1,1,0,0,0,s1a3_greedy,1,0,0.10773366466164588,0.10476055121980607,29,0,0,0,0,0,0,0,0.0,0.95,0.75,0.85,0.85,0,0.0,0.95,0.75,0.85,0.85,0,0.0,0.85,0.75,0.8,0.825,0,0.0,0.85,0.75,0.8,0.825
1983,max_rounds,0,,,,,1,1,2,1,1,1,1,1,0,0,0,s1a3_greedy,1,0,0.18008086504996754,0.17405532049597242,24,0,0,0,0,0,0,0,0.0,0.85,0.6,0.725,0.725,0,0.0,0.85,0.6,0.725,0.725,0,0.0,0.8,0.7,0.75,0.775,0,0.0,0.8,0.7,0.75,0.775
1984,max_rounds,0,,,,,1,1,2,1,1,1,1,1,0,0,0,s1a3_greedy,1,0,0.1277436120901257,0.10062105283141136,18,20,20,23,23,3,0,0,0.8,0.7,0.75,0.725,0.8,0,0.8,0.7,0.75,0.725,0.8,0,0.92,0.85,0.8,0.825,0.85,0,0.92,0.85,0.8,0.825,0.85
1985,partial_completed__no_strict_e1_improvement,1,,5,2,4,1,0,2,1,1,1,1,1,0,0,-1,current,1,0,0.19473830065689982,0.19473830065689982,16,1,2,2,2,1,0,0,0.04,0.4,0.4,0.4,0.425,0,0.08,0.4,0.45,0.425,0.5,0,0.08,0.4,0.45,0.425,0.5,0,0.08,0.4,0.45,0.425,0.5
1986,max_rounds,0,,,,,1,1,2,1,1,1,1,1,0,0,0,s1a3_greedy,1,0,0.25798790897242724,0.22822707819286733,16,7,7,0,0,-7,0,0,0.28,0.55,0.4,0.475,0.475,0,0.28,0.55,0.4,0.475,0.475,0,0.0,0.3,0.5,0.4,0.5,0,0.0,0.3,0.5,0.4,0.5
1987,max_rounds,0,,,,,1,1,2,1,1,1,1,1,0,0,0,s1a3_greedy,1,0,0.21937006053776714,0.13459836057299981,12,2,2,1,1,-1,0,0,0.08,0.55,0.3,0.425,0.5,0,0.08,0.55,0.3,0.425,0.5,0,0.04,0.4,0.25,0.325,0.4,0,0.04,0.4,0.25,0.325,0.4
1988,no_strict_e1_improvement,0,,,,,1,0,2,1,1,1,1,1,0,0,-1,current,0,0,0.10412869750580285,0.10412869750580285,17,1,1,1,1,0,0,0,0.04,0.3,0.1,0.2,0.25,0,0.04,0.3,0.1,0.2,0.25,0,0.04,0.3,0.1,0.2,0.25,0,0.04,0.3,0.1,0.2,0.25
1989,max_rounds,0,,,,,1,1,2,1,1,1,1,1,0,0,0,s1a3_greedy,1,0,0.148977978003677,0.08246768117605825,23,0,0,0,0,0,0,0,0.0,0.55,0.45,0.5,0.525,0,0.0,0.55,0.45,0.5,0.525,0,0.0,0.55,0.5,0.525,0.55,0,0.0,0.55,0.5,0.525,0.55
1990,max_rounds,0,,,,,1,1,2,1,1,1,1,1,0,0,0,s1a3_greedy,1,0,0.055511380266398194,0.0474393828844768,30,23,23,22,22,-1,0,0,0.92,0.9,0.85,0.875,0.875,0,0.92,0.9,0.85,0.875,0.875,0,0.88,0.85,0.9,0.875,0.875,0,0.88,0.85,0.9,0.875,0.875
1991,no_strict_e1_improvement,0,,,,,1,0,2,1,1,1,1,1,0,0,-1,current,0,0,0.11383173719223123,0.11383173719223123,26,9,9,9,9,0,0,0,0.36,0.5,0.7,0.6,0.675,0,0.36,0.5,0.7,0.6,0.675,0,0.36,0.5,0.7,0.6,0.675,0,0.36,0.5,0.7,0.6,0.675
1992,no_strict_e1_improvement,0,,,,,1,0,2,1,1,1,1,1,0,0,-1,current,0,0,0.06399310757406056,0.06399310757406056,27,1,1,1,1,0,0,0,0.04,0.6,0.85,0.725,0.75,0,0.04,0.6,0.85,0.725,0.75,0,0.04,0.6,0.85,0.725,0.75,0,0.04,0.6,0.85,0.725,0.75
1993,no_strict_e1_improvement,0,,,,,1,0,1,1,0,1,0,1,0,0,-1,current,0,0,0.11688693966716528,0.11688693966716528,29,22,22,22,22,0,0,0,0.88,0.85,0.9,0.875,0.875,0,0.88,0.85,0.9,0.875,0.875,0,0.88,0.85,0.9,0.875,0.875,0,0.88,0.85,0.9,0.875,0.875
1994,no_strict_e1_improvement,0,,,,,1,0,2,1,1,1,1,1,0,0,-1,current,0,0,0.03228193451650441,0.03228193451650441,33,22,22,22,22,0,0,0,0.88,0.9,0.85,0.875,0.875,0,0.88,0.9,0.85,0.875,0.875,0,0.88,0.9,0.85,0.875,0.875,0,0.88,0.9,0.85,0.875,0.875
1995,no_strict_e1_improvement,0,,,,,1,0,1,1,0,1,0,1,0,0,-1,current,0,0,0.00682657005963847,0.00682657005963847,38,25,25,25,25,0,0,1,1.0,1.0,1.0,1.0,1.0,1,1.0,1.0,1.0,1.0,1.0,1,1.0,1.0,1.0,1.0,1.0,1,1.0,1.0,1.0,1.0,1.0
1996,no_strict_e1_improvement,0,,,,,1,0,2,1,1,1,1,1,0,0,-1,current,0,0,0.09930771451327018,0.09930771451327018,20,1,1,1,1,0,0,0,0.04,0.55,0.8,0.675,0.7,0,0.04,0.55,0.8,0.675,0.7,0,0.04,0.55,0.8,0.675,0.7,0,0.04,0.55,0.8,0.675,0.7
1997,no_strict_e1_improvement,0,,,,,1,0,1,1,0,1,0,1,0,0,-1,current,0,0,0.0266152727563167,0.0266152727563167,32,25,25,25,25,0,0,1,1.0,1.0,1.0,1.0,1.0,1,1.0,1.0,1.0,1.0,1.0,1,1.0,1.0,1.0,1.0,1.0,1,1.0,1.0,1.0,1.0,1.0
1998,partial_completed__max_rounds,1,,5,2,3,1,1,2,1,1,1,1,1,0,0,0,s1a3_greedy,1,0,0.28398173782043157,0.25877164260018615,11,0,0,0,0,0,0,0,0.0,0.1,0.05,0.075,0.2,0,0.0,0.15,0.1,0.125,0.325,0,0.0,0.3,0.1,0.2,0.3,0,0.0,0.3,0.1,0.2,0.3
1999,no_strict_e1_improvement,0,,,,,1,0,1,1,0,1,0,1,0,0,-1,current,0,0,0.023969150008633734,0.023969150008633734,34,25,25,25,25,0,0,1,1.0,1.0,1.0,1.0,1.0,1,1.0,1.0,1.0,1.0,1.0,1,1.0,1.0,1.0,1.0,1.0,1,1.0,1.0,1.0,1.0,1.0
2000,max_rounds,0,,,,,1,1,2,1,1,1,1,1,0,0,0,s1a3_greedy,1,0,0.11133546186611057,0.055772747518494724,25,0,0,0,0,0,0,0,0.0,0.75,0.6,0.675,0.675,0,0.0,0.75,0.6,0.675,0.675,0,0.0,0.95,0.75,0.85,0.85,0,0.0,0.95,0.75,0.85,0.85
2001,no_strict_e1_improvement,0,,,,,1,0,1,1,0,1,0,1,0,0,-1,current,0,0,0.012528845513588748,0.012528845513588748,36,25,25,25,25,0,0,1,1.0,1.0,1.0,1.0,1.0,1,1.0,1.0,1.0,1.0,1.0,1,1.0,1.0,1.0,1.0,1.0,1,1.0,1.0,1.0,1.0,1.0
2002,no_strict_e1_improvement,0,,,,,1,0,1,1,0,1,0,1,0,0,-1,current,0,0,0.06427233926951885,0.06427233926951885,29,15,15,15,15,0,0,0,0.6,0.75,0.9,0.825,0.825,0,0.6,0.75,0.9,0.825,0.825,0,0.6,0.75,0.9,0.825,0.825,0,0.6,0.75,0.9,0.825,0.825
2003,no_strict_e1_improvement,0,,,,,1,0,1,1,0,1,0,1,0,0,-1,current,0,0,0.031015142006799577,0.031015142006799577,32,25,25,25,25,0,0,1,1.0,1.0,1.0,1.0,1.0,1,1.0,1.0,1.0,1.0,1.0,1,1.0,1.0,1.0,1.0,1.0,1,1.0,1.0,1.0,1.0,1.0
2004,max_rounds,0,,,,,1,1,2,1,1,1,1,1,0,0,0,s1a3_greedy,1,0,0.10131179638556205,0.048946294182678686,31,22,22,25,25,3,0,0,0.88,0.85,0.9,0.875,0.875,0,0.88,0.85,0.9,0.875,0.875,1,1.0,1.0,1.0,1.0,1.0,1,1.0,1.0,1.0,1.0,1.0
2005,no_strict_e1_improvement,0,,,,,1,0,1,1,0,1,0,1,0,0,-1,current,0,0,0.025787823460996152,0.025787823460996152,35,25,25,25,25,0,0,1,1.0,1.0,1.0,1.0,1.0,1,1.0,1.0,1.0,1.0,1.0,1,1.0,1.0,1.0,1.0,1.0,1,1.0,1.0,1.0,1.0,1.0
2006,max_rounds,0,,,,,1,1,2,1,1,1,1,1,0,0,0,s1a3_greedy,1,0,0.22978532739798538,0.1689577048353385,11,0,0,0,0,0,0,0,0.0,0.35,0.4,0.375,0.425,0,0.0,0.35,0.4,0.375,0.425,0,0.0,0.25,0.3,0.275,0.3,0,0.0,0.25,0.3,0.275,0.3
2007,max_rounds,0,,,,,1,1,2,1,1,1,1,1,0,0,0,s1a3_greedy,1,0,0.21766119960229843,0.16538255910854788,25,0,0,0,0,0,0,0,0.0,0.65,0.5,0.575,0.625,0,0.0,0.65,0.5,0.575,0.625,0,0.0,0.7,0.7,0.7,0.775,0,0.0,0.7,0.7,0.7,0.775
2008,no_strict_e1_improvement,0,,,,,1,0,1,1,0,1,0,1,0,0,-1,current,0,0,0.09550846091005952,0.09550846091005952,24,0,0,0,0,0,0,0,0.0,0.4,0.7,0.55,0.575,0,0.0,0.4,0.7,0.55,0.575,0,0.0,0.4,0.7,0.55,0.575,0,0.0,0.4,0.7,0.55,0.575
2009,max_rounds,0,,,,,1,1,2,1,1,1,1,1,0,0,0,s1a3_greedy,1,0,0.09011680812982377,0.03054060045105871,28,21,21,25,25,4,0,0,0.84,0.8,0.85,0.825,0.825,0,0.84,0.8,0.85,0.825,0.825,1,1.0,1.0,1.0,1.0,1.0,1,1.0,1.0,1.0,1.0,1.0
2010,no_strict_e1_improvement,0,,,,,1,0,1,1,0,1,0,1,0,0,-1,current,0,0,0.024968050059396774,0.024968050059396774,31,25,25,25,25,0,0,1,1.0,1.0,1.0,1.0,1.0,1,1.0,1.0,1.0,1.0,1.0,1,1.0,1.0,1.0,1.0,1.0,1,1.0,1.0,1.0,1.0,1.0
2011,max_rounds,0,,,,,1,1,2,1,1,1,1,1,0,0,0,s1a3_greedy,1,0,0.24817804999329382,0.16690113545773783,22,0,0,2,2,2,0,0,0.0,0.45,0.5,0.475,0.525,0,0.0,0.45,0.5,0.475,0.525,0,0.08,0.45,0.75,0.6,0.625,0,0.08,0.45,0.75,0.6,0.625
2012,max_rounds,0,,,,,1,1,2,1,1,1,1,1,0,0,0,s1a3_greedy,1,0,0.232220618147403,0.16985359066165984,21,0,0,0,0,0,0,0,0.0,0.45,0.5,0.475,0.525,0,0.0,0.45,0.5,0.475,0.525,0,0.0,0.55,0.55,0.55,0.575,0,0.0,0.55,0.55,0.55,0.575
2013,no_strict_e1_improvement,0,,,,,1,0,1,1,0,1,0,1,0,0,-1,current,0,0,0.02472602523630485,0.02472602523630485,32,0,0,0,0,0,0,0,0.0,1.0,0.75,0.875,0.875,0,0.0,1.0,0.75,0.875,0.875,0,0.0,1.0,0.75,0.875,0.875,0,0.0,1.0,0.75,0.875,0.875
2014,max_rounds,0,,,,,1,1,2,1,1,1,1,1,0,0,0,s1a3_greedy,1,0,0.2353837598580867,0.17312940936535598,17,0,0,0,0,0,0,0,0.0,0.35,0.2,0.275,0.35,0,0.0,0.35,0.2,0.275,0.35,0,0.0,0.2,0.2,0.2,0.25,0,0.0,0.2,0.2,0.2,0.25
2015,max_rounds,0,,,,,1,1,2,1,1,1,1,1,0,0,0,s1a3_greedy,1,0,0.26004680399782953,0.22596260234713555,12,3,3,0,0,-3,0,0,0.12,0.45,0.3,0.375,0.425,0,0.12,0.45,0.3,0.375,0.425,0,0.0,0.45,0.3,0.375,0.425,0,0.0,0.45,0.3,0.375,0.425
2016,no_strict_e1_improvement,0,,,,,1,0,1,1,0,1,0,1,0,0,-1,current,0,0,0.03935793766286224,0.03935793766286224,32,25,25,25,25,0,0,1,1.0,1.0,1.0,1.0,1.0,1,1.0,1.0,1.0,1.0,1.0,1,1.0,1.0,1.0,1.0,1.0,1,1.0,1.0,1.0,1.0,1.0
2017,max_rounds,0,,,,,1,1,2,1,1,1,1,1,0,0,0,s1a3_greedy,1,0,0.1919218063587323,0.16294778282754124,15,0,0,2,2,2,0,0,0.0,0.3,0.35,0.325,0.475,0,0.0,0.3,0.35,0.325,0.475,0,0.08,0.1,0.35,0.225,0.25,0,0.08,0.1,0.35,0.225,0.25
2018,no_strict_e1_improvement,0,,,,,1,0,2,1,1,1,1,1,0,0,-1,current,0,0,0.08184636996593327,0.08184636996593327,27,0,0,0,0,0,0,0,0.0,0.8,0.75,0.775,0.775,0,0.0,0.8,0.75,0.775,0.775,0,0.0,0.8,0.75,0.775,0.775,0,0.0,0.8,0.75,0.775,0.775
2019,no_strict_e1_improvement,0,,,,,1,0,2,1,1,1,1,1,0,0,-1,current,0,0,0.15092922798357905,0.15092922798357905,25,0,0,0,0,0,0,0,0.0,0.65,0.75,0.7,0.725,0,0.0,0.65,0.75,0.7,0.725,0,0.0,0.65,0.75,0.7,0.725,0,0.0,0.65,0.75,0.7,0.725
2020,no_strict_e1_improvement,0,,,,,1,0,1,1,0,1,0,1,0,0,-1,current,0,0,0.03332517921226099,0.03332517921226099,31,25,25,25,25,0,0,1,1.0,1.0,1.0,1.0,1.0,1,1.0,1.0,1.0,1.0,1.0,1,1.0,1.0,1.0,1.0,1.0,1,1.0,1.0,1.0,1.0,1.0
2021,max_rounds,0,,,,,1,1,2,1,1,1,1,1,0,0,0,s1a3_greedy,1,0,0.2874935954925604,0.198044949315954,21,1,1,0,0,-1,0,0,0.04,0.4,0.4,0.4,0.45,0,0.04,0.4,0.4,0.4,0.45,0,0.0,0.25,0.65,0.45,0.45,0,0.0,0.25,0.65,0.45,0.45
2022,no_strict_e1_improvement,0,,,,,1,0,1,1,0,1,0,1,0,0,-1,current,0,0,0.034639972378499806,0.034639972378499806,32,25,25,25,25,0,0,1,1.0,1.0,1.0,1.0,1.0,1,1.0,1.0,1.0,1.0,1.0,1,1.0,1.0,1.0,1.0,1.0,1,1.0,1.0,1.0,1.0,1.0
2023,no_strict_e1_improvement,0,,,,,1,0,2,1,1,1,1,1,0,0,-1,current,0,0,0.09866260765120387,0.09866260765120387,25,1,1,1,1,0,0,0,0.04,0.7,0.85,0.775,0.775,0,0.04,0.7,0.85,0.775,0.775,0,0.04,0.7,0.85,0.775,0.775,0,0.04,0.7,0.85,0.775,0.775
2024,max_rounds,0,,,,,1,1,2,1,1,1,1,1,0,0,0,s1a3_greedy,1,0,0.22157763169379904,0.16522568552754818,20,1,1,0,0,-1,0,0,0.04,0.4,0.6,0.5,0.575,0,0.04,0.4,0.6,0.5,0.575,0,0.0,0.45,0.7,0.575,0.7,0,0.0,0.45,0.7,0.575,0.7
2025,max_rounds,0,,,,,1,1,2,1,1,1,1,1,0,0,0,s1a3_greedy,1,0,0.2808325643651187,0.11781901102513075,21,1,1,1,1,0,0,0,0.04,0.25,0.7,0.475,0.5,0,0.04,0.25,0.7,0.475,0.5,0,0.04,0.6,0.7,0.65,0.65,0,0.04,0.6,0.7,0.65,0.65
2026,max_rounds,0,,,,,1,1,2,1,1,1,1,1,0,0,0,s1a3_greedy,1,0,0.1147177061648108,0.11189200138906016,26,16,16,17,17,1,0,0,0.64,0.6,0.55,0.575,0.65,0,0.64,0.6,0.55,0.575,0.65,0,0.68,0.65,0.6,0.625,0.675,0,0.68,0.65,0.6,0.625,0.675
2027,max_rounds,0,,,,,1,1,2,1,1,1,1,1,0,0,0,s1a3_greedy,1,0,0.07067591473460197,0.050067927315831186,23,22,22,21,21,-1,0,0,0.88,0.8,0.85,0.825,0.85,0,0.88,0.8,0.85,0.825,0.85,0,0.84,0.9,0.8,0.85,0.85,0,0.84,0.9,0.8,0.85,0.85
2028,no_strict_e1_improvement,0,,,,,1,0,2,1,1,1,1,1,0,0,-1,current,0,0,0.09411332038107503,0.09411332038107503,31,0,0,0,0,0,0,0,0.0,0.75,0.75,0.75,0.75,0,0.0,0.75,0.75,0.75,0.75,0,0.0,0.75,0.75,0.75,0.75,0,0.0,0.75,0.75,0.75,0.75
2029,max_rounds,0,,,,,1,1,2,1,1,1,1,1,0,0,0,s1a3_greedy,1,0,0.33509668843471446,0.22862142905942165,15,0,0,2,2,2,0,0,0.0,0.4,0.35,0.375,0.45,0,0.0,0.4,0.35,0.375,0.45,0,0.08,0.35,0.35,0.35,0.425,0,0.08,0.35,0.35,0.35,0.425
2030,max_rounds,0,,,,,1,1,2,1,1,1,1,1,0,0,0,s1a3_greedy,1,0,0.13897561207413672,0.06159113363537472,30,0,0,0,0,0,0,0,0.0,0.75,0.5,0.625,0.675,0,0.0,0.75,0.5,0.625,0.675,0,0.0,1.0,0.75,0.875,0.875,0,0.0,1.0,0.75,0.875,0.875
2031,max_rounds,0,,,,,1,1,2,1,1,1,1,1,0,0,0,s1a3_greedy,1,0,0.16027356653939934,0.11319986761081964,21,0,0,0,0,0,0,0,0.0,0.5,0.35,0.425,0.475,0,0.0,0.5,0.35,0.425,0.475,0,0.0,0.5,0.45,0.475,0.55,0,0.0,0.5,0.45,0.475,0.55
2032,max_rounds,0,,,,,1,1,2,1,1,1,1,1,0,0,0,s1a3_greedy,1,0,0.22495484387036413,0.1251507310429588,15,0,0,0,0,0,0,0,0.0,0.35,0.3,0.325,0.35,0,0.0,0.35,0.3,0.325,0.35,0,0.0,0.35,0.55,0.45,0.475,0,0.0,0.35,0.55,0.45,0.475
2033,max_rounds,0,,,,,1,1,2,1,1,1,1,1,0,0,0,s1a3_greedy,1,0,0.26189181905938314,0.12228678878163919,15,5,5,4,4,-1,0,0,0.2,0.3,0.55,0.425,0.575,0,0.2,0.3,0.55,0.425,0.575,0,0.16,0.45,0.5,0.475,0.6,0,0.16,0.45,0.5,0.475,0.6
2034,no_strict_e1_improvement,0,,,,,1,0,1,1,0,1,0,1,0,0,-1,current,0,0,0.014149062999058515,0.014149062999058515,33,25,25,25,25,0,0,1,1.0,1.0,1.0,1.0,1.0,1,1.0,1.0,1.0,1.0,1.0,1,1.0,1.0,1.0,1.0,1.0,1,1.0,1.0,1.0,1.0,1.0
2035,max_rounds,0,,,,,1,1,2,1,1,1,1,1,0,0,0,s1a3_greedy,1,0,0.3184623901033774,0.30759413600899277,11,2,2,0,0,-2,0,0,0.08,0.2,0.2,0.2,0.35,0,0.08,0.2,0.2,0.2,0.35,0,0.0,0.25,0.25,0.25,0.325,0,0.0,0.25,0.25,0.25,0.325
2036,no_strict_e1_improvement,0,,,,,1,0,1,1,0,1,0,1,0,0,-1,current,0,0,0.021571516862604768,0.021571516862604768,33,25,25,25,25,0,0,1,1.0,1.0,1.0,1.0,1.0,1,1.0,1.0,1.0,1.0,1.0,1,1.0,1.0,1.0,1.0,1.0,1,1.0,1.0,1.0,1.0,1.0
2037,max_rounds,0,,,,,1,1,2,1,1,1,1,1,0,0,0,s1a3_greedy,1,0,0.15661196543369443,0.07184773765038699,27,23,23,25,25,2,0,0,0.92,0.85,0.85,0.85,0.85,0,0.92,0.85,0.85,0.85,0.85,1,1.0,1.0,1.0,1.0,1.0,1,1.0,1.0,1.0,1.0,1.0
2038,no_strict_e1_improvement,0,,,,,1,0,2,1,1,1,1,1,0,0,-1,current,0,0,0.1852460041577615,0.1852460041577615,20,0,0,0,0,0,0,0,0.0,0.7,0.6,0.65,0.65,0,0.0,0.7,0.6,0.65,0.65,0,0.0,0.7,0.6,0.65,0.65,0,0.0,0.7,0.6,0.65,0.65
2039,small_component,0,,,,,1,0,0,0,0,0,0,1,0,0,-1,current,0,0,0.16568147083744406,0.16568147083744406,15,2,2,2,2,0,0,0,0.08,0.2,0.3,0.25,0.275,0,0.08,0.2,0.3,0.25,0.275,0,0.08,0.2,0.3,0.25,0.275,0,0.08,0.2,0.3,0.25,0.275
2040,max_rounds,0,,,,,1,1,2,1,1,1,1,1,0,0,0,s1a3_greedy,1,0,0.26708870377624405,0.18218919918872417,16,0,0,1,1,1,0,0,0.0,0.1,0.45,0.275,0.35,0,0.0,0.1,0.45,0.275,0.35,0,0.04,0.05,0.45,0.25,0.4,0,0.04,0.05,0.45,0.25,0.4
2041,no_strict_e1_improvement,0,,,,,1,0,1,1,0,1,0,1,0,0,-1,current,0,0,0.01866358298866544,0.01866358298866544,34,25,25,25,25,0,0,1,1.0,1.0,1.0,1.0,1.0,1,1.0,1.0,1.0,1.0,1.0,1,1.0,1.0,1.0,1.0,1.0,1,1.0,1.0,1.0,1.0,1.0
2042,no_strict_e1_improvement,0,,,,,1,0,1,1,0,1,0,1,0,0,-1,current,0,0,0.0760491855442524,0.0760491855442524,32,0,0,0,0,0,0,0,0.0,0.6,0.9,0.75,0.8,0,0.0,0.6,0.9,0.75,0.8,0,0.0,0.6,0.9,0.75,0.8,0,0.0,0.6,0.9,0.75,0.8
2043,no_strict_e1_improvement,0,,,,,1,0,1,1,0,1,0,1,0,0,-1,current,0,0,0.12624627786935888,0.12624627786935888,27,0,0,0,0,0,0,0,0.0,0.65,0.7,0.675,0.725,0,0.0,0.65,0.7,0.675,0.725,0,0.0,0.65,0.7,0.675,0.725,0,0.0,0.65,0.7,0.675,0.725
2044,max_rounds,0,,,,,1,1,2,1,1,1,1,1,0,0,0,s1a3_greedy,1,0,0.27116010782774536,0.21564970789477228,17,1,1,0,0,-1,0,0,0.04,0.5,0.4,0.45,0.525,0,0.04,0.5,0.4,0.45,0.525,0,0.0,0.4,0.35,0.375,0.525,0,0.0,0.4,0.35,0.375,0.525
2045,max_rounds,0,,,,,1,1,2,1,1,1,1,1,0,0,0,s1a3_greedy,1,0,0.08428739743249025,0.0390848785842536,29,21,21,25,25,4,0,0,0.84,0.75,0.65,0.7,0.725,0,0.84,0.75,0.65,0.7,0.725,1,1.0,1.0,1.0,1.0,1.0,1,1.0,1.0,1.0,1.0,1.0
2046,max_rounds,0,,,,,1,1,2,1,1,1,1,1,0,0,0,s1a3_greedy,1,0,0.23783035073429346,0.21298917420208455,24,0,0,0,0,0,0,0,0.0,0.45,0.65,0.55,0.575,0,0.0,0.45,0.65,0.55,0.575,0,0.0,0.55,0.8,0.675,0.7,0,0.0,0.55,0.8,0.675,0.7
2047,max_rounds,0,,,,,1,1,2,1,1,1,1,1,0,0,0,s1a3_greedy,1,0,0.13900353215285577,0.1279551979212556,20,0,0,0,0,0,0,0,0.0,0.85,0.65,0.75,0.75,0,0.0,0.85,0.65,0.75,0.75,0,0.0,0.75,0.55,0.65,0.675,0,0.0,0.75,0.55,0.65,0.675
2048,no_strict_e1_improvement,0,,,,,1,0,1,1,0,1,0,1,0,0,-1,current,0,0,0.04216998447664082,0.04216998447664082,29,25,25,25,25,0,0,1,1.0,1.0,1.0,1.0,1.0,1,1.0,1.0,1.0,1.0,1.0,1,1.0,1.0,1.0,1.0,1.0,1,1.0,1.0,1.0,1.0,1.0
2049,max_rounds,0,,,,,1,1,2,1,1,1,1,1,0,0,0,s1a3_greedy,1,0,0.1445903583196923,0.14203118897276,10,0,0,0,0,0,0,0,0.0,0.25,0.05,0.15,0.225,0,0.0,0.25,0.05,0.15,0.225,0,0.0,0.15,0.0,0.075,0.275,0,0.0,0.15,0.0,0.075,0.275
2050,max_rounds,0,,,,,1,1,2,1,1,1,1,1,0,0,0,s1a3_greedy,1,0,0.1371600564030814,0.10367275303433417,21,0,0,0,0,0,0,0,0.0,0.55,0.6,0.575,0.575,0,0.0,0.55,0.6,0.575,0.575,0,0.0,0.65,0.75,0.7,0.7,0,0.0,0.65,0.75,0.7,0.7
2051,max_rounds,0,,,,,1,1,2,1,1,1,1,1,0,0,0,s1a3_greedy,1,0,0.27732056406093764,0.22815933467354627,12,3,3,3,3,0,0,0,0.12,0.25,0.25,0.25,0.35,0,0.12,0.25,0.25,0.25,0.35,0,0.12,0.2,0.3,0.25,0.4,0,0.12,0.2,0.3,0.25,0.4
2052,no_strict_e1_improvement,0,,,,,1,0,1,1,0,1,0,1,0,0,-1,current,0,0,0.024013257399201394,0.024013257399201394,33,25,25,25,25,0,0,1,1.0,1.0,1.0,1.0,1.0,1,1.0,1.0,1.0,1.0,1.0,1,1.0,1.0,1.0,1.0,1.0,1,1.0,1.0,1.0,1.0,1.0
2053,no_strict_e1_improvement,0,,,,,1,0,2,1,1,1,1,1,0,0,-1,current,0,0,0.04287101439258549,0.04287101439258549,30,25,25,25,25,0,0,1,1.0,1.0,1.0,1.0,1.0,1,1.0,1.0,1.0,1.0,1.0,1,1.0,1.0,1.0,1.0,1.0,1,1.0,1.0,1.0,1.0,1.0
2054,no_strict_e1_improvement,0,,,,,1,0,1,1,0,1,0,1,0,0,-1,current,0,0,0.018212460819631814,0.018212460819631814,35,25,25,25,25,0,0,1,1.0,1.0,1.0,1.0,1.0,1,1.0,1.0,1.0,1.0,1.0,1,1.0,1.0,1.0,1.0,1.0,1,1.0,1.0,1.0,1.0,1.0
2055,partial_completed__small_component,1,,5,2,4,1,0,0,0,0,0,0,1,0,0,-1,current,1,0,0.17739538494497537,0.17739538494497537,14,2,3,3,3,1,0,0,0.08,0.35,0.4,0.375,0.475,0,0.12,0.35,0.45,0.4,0.5,0,0.12,0.35,0.45,0.4,0.5,0,0.12,0.35,0.45,0.4,0.5
2056,max_rounds,0,,,,,1,1,2,1,1,1,1,1,0,0,0,s1a3_greedy,1,0,0.2231884831096977,0.20009242747910322,19,0,0,0,0,0,0,0,0.0,0.4,0.45,0.425,0.475,0,0.0,0.4,0.45,0.425,0.475,0,0.0,0.35,0.5,0.425,0.475,0,0.0,0.35,0.5,0.425,0.475
2057,no_strict_e1_improvement,0,,,,,1,0,2,1,1,1,1,1,0,0,-1,current,0,0,0.11979822218418121,0.11979822218418121,22,0,0,0,0,0,0,0,0.0,0.7,0.45,0.575,0.65,0,0.0,0.7,0.45,0.575,0.65,0,0.0,0.7,0.45,0.575,0.65,0,0.0,0.7,0.45,0.575,0.65
2058,partial_completed__max_rounds,1,,5,2,4,1,1,2,1,1,1,1,1,0,0,0,s1a3_greedy,1,0,0.20815765452280174,0.15744563154585195,18,7,11,10,10,3,0,0,0.28,0.55,0.4,0.475,0.475,0,0.44,0.6,0.45,0.525,0.525,0,0.4,0.45,0.8,0.625,0.625,0,0.4,0.45,0.8,0.625,0.625
2059,no_strict_e1_improvement,0,,,,,1,0,1,1,0,1,0,1,0,0,-1,current,0,0,0.0066072202716895845,0.0066072202716895845,40,25,25,25,25,0,0,1,1.0,1.0,1.0,1.0,1.0,1,1.0,1.0,1.0,1.0,1.0,1,1.0,1.0,1.0,1.0,1.0,1,1.0,1.0,1.0,1.0,1.0
2060,no_strict_e1_improvement,0,,,,,1,0,1,1,0,1,0,1,0,0,-1,current,0,0,0.04430091985850595,0.04430091985850595,27,25,25,25,25,0,0,1,1.0,1.0,1.0,1.0,1.0,1,1.0,1.0,1.0,1.0,1.0,1,1.0,1.0,1.0,1.0,1.0,1,1.0,1.0,1.0,1.0,1.0
2061,no_strict_e1_improvement,0,,,,,1,0,2,1,1,1,1,1,0,0,-1,current,0,0,0.14562995003070683,0.14562995003070683,22,0,0,0,0,0,0,0,0.0,0.6,0.35,0.475,0.5,0,0.0,0.6,0.35,0.475,0.5,0,0.0,0.6,0.35,0.475,0.5,0,0.0,0.6,0.35,0.475,0.5
2062,small_component,0,,,,,1,0,0,0,0,0,0,1,0,0,-1,current,0,0,0.21087376927025617,0.21087376927025617,20,0,0,0,0,0,0,0,0.0,0.4,0.15,0.275,0.3,0,0.0,0.4,0.15,0.275,0.3,0,0.0,0.4,0.15,0.275,0.3,0,0.0,0.4,0.15,0.275,0.3
2063,max_rounds,0,,,,,1,1,2,1,1,1,1,1,0,0,0,s1a3_greedy,1,0,0.21531824725680054,0.15799556584097446,20,0,0,1,1,1,0,0,0.0,0.5,0.55,0.525,0.55,0,0.0,0.5,0.55,0.525,0.55,0,0.04,0.7,0.6,0.65,0.675,0,0.04,0.7,0.6,0.65,0.675
2064,max_rounds,0,,,,,1,1,2,1,1,1,1,1,0,0,0,s1a3_greedy,1,0,0.16150191803462804,0.13583715413114988,24,0,0,1,1,1,0,0,0.0,0.85,0.5,0.675,0.675,0,0.0,0.85,0.5,0.675,0.675,0,0.04,0.8,0.5,0.65,0.65,0,0.04,0.8,0.5,0.65,0.65
2065,no_strict_e1_improvement,0,,,,,1,0,1,1,0,1,0,1,0,0,-1,current,0,0,0.07935605081729591,0.07935605081729591,29,25,25,25,25,0,0,1,1.0,1.0,1.0,1.0,1.0,1,1.0,1.0,1.0,1.0,1.0,1,1.0,1.0,1.0,1.0,1.0,1,1.0,1.0,1.0,1.0,1.0
2066,no_strict_e1_improvement,0,,,,,1,0,2,1,1,1,1,1,0,0,-1,current,0,0,0.1273164277052274,0.1273164277052274,25,19,19,19,19,0,0,0,0.76,0.7,0.65,0.675,0.675,0,0.76,0.7,0.65,0.675,0.675,0,0.76,0.7,0.65,0.675,0.675,0,0.76,0.7,0.65,0.675,0.675
2067,max_rounds,0,,,,,1,1,2,1,1,1,1,1,0,0,0,s1a3_greedy,1,0,0.2202987261582166,0.18948678843444214,17,0,0,3,3,3,0,0,0.0,0.45,0.35,0.4,0.425,0,0.0,0.45,0.35,0.4,0.425,0,0.12,0.45,0.55,0.5,0.525,0,0.12,0.45,0.55,0.5,0.525
2068,max_rounds,0,,,,,1,1,2,1,1,1,1,1,0,0,0,s1a3_greedy,1,0,0.13643445682246239,0.1096418137778528,26,4,4,5,5,1,0,0,0.16,0.75,0.75,0.75,0.75,0,0.16,0.75,0.75,0.75,0.75,0,0.2,0.65,0.65,0.65,0.65,0,0.2,0.65,0.65,0.65,0.65
2069,no_strict_e1_improvement,0,,,,,1,0,2,1,1,1,1,1,0,0,-1,current,0,0,0.13375384799437598,0.13375384799437598,21,0,0,0,0,0,0,0,0.0,0.85,0.65,0.75,0.75,0,0.0,0.85,0.65,0.75,0.75,0,0.0,0.85,0.65,0.75,0.75,0,0.0,0.85,0.65,0.75,0.75
2070,no_strict_e1_improvement,0,,,,,1,0,1,1,0,1,0,1,0,0,-1,current,0,0,0.04590236411895603,0.04590236411895603,23,23,23,23,23,0,0,0,0.92,0.9,0.85,0.875,0.9,0,0.92,0.9,0.85,0.875,0.9,0,0.92,0.9,0.85,0.875,0.9,0,0.92,0.9,0.85,0.875,0.9
2071,max_rounds,0,,,,,1,1,2,1,1,1,1,1,0,0,0,s1a3_greedy,1,0,0.30099464816739785,0.2695134165114723,13,0,0,0,0,0,0,0,0.0,0.2,0.35,0.275,0.45,0,0.0,0.2,0.35,0.275,0.45,0,0.0,0.2,0.2,0.2,0.325,0,0.0,0.2,0.2,0.2,0.325
2072,no_strict_e1_improvement,0,,,,,1,0,2,1,1,1,1,1,0,0,-1,current,0,0,0.13872893252555513,0.13872893252555513,20,0,0,0,0,0,0,0,0.0,0.3,0.55,0.425,0.475,0,0.0,0.3,0.55,0.425,0.475,0,0.0,0.3,0.55,0.425,0.475,0,0.0,0.3,0.55,0.425,0.475
2073,no_strict_e1_improvement,0,,,,,1,0,2,1,1,1,1,1,0,0,-1,current,0,0,0.1230585157056339,0.1230585157056339,23,3,3,3,3,0,0,0,0.12,0.6,0.75,0.675,0.675,0,0.12,0.6,0.75,0.675,0.675,0,0.12,0.6,0.75,0.675,0.675,0,0.12,0.6,0.75,0.675,0.675
2074,no_strict_e1_improvement,0,,,,,1,0,1,1,0,1,0,1,0,0,-1,current,0,0,0.018327314779162406,0.018327314779162406,31,25,25,25,25,0,0,1,1.0,1.0,1.0,1.0,1.0,1,1.0,1.0,1.0,1.0,1.0,1,1.0,1.0,1.0,1.0,1.0,1,1.0,1.0,1.0,1.0,1.0
2075,no_strict_e1_improvement,0,,,,,1,0,2,1,1,1,1,1,0,0,-1,current,0,0,0.18750847252085806,0.18750847252085806,23,0,0,0,0,0,0,0,0.0,0.7,0.45,0.575,0.6,0,0.0,0.7,0.45,0.575,0.6,0,0.0,0.7,0.45,0.575,0.6,0,0.0,0.7,0.45,0.575,0.6
2076,no_strict_e1_improvement,0,,,,,1,0,2,1,1,1,1,1,0,0,-1,current,0,0,0.14991530298721045,0.14991530298721045,28,15,15,15,15,0,0,0,0.6,0.5,0.8,0.65,0.675,0,0.6,0.5,0.8,0.65,0.675,0,0.6,0.5,0.8,0.65,0.675,0,0.6,0.5,0.8,0.65,0.675
2077,max_rounds,0,,,,,1,1,2,1,1,1,1,1,0,0,0,s1a3_greedy,1,0,0.30633597749983893,0.1770462200165639,17,0,0,0,0,0,0,0,0.0,0.3,0.25,0.275,0.375,0,0.0,0.3,0.25,0.275,0.375,0,0.0,0.45,0.3,0.375,0.375,0,0.0,0.45,0.3,0.375,0.375
2078,no_strict_e1_improvement,0,,,,,1,0,1,1,0,1,0,1,0,0,-1,current,0,0,0.10365610187873245,0.10365610187873245,30,0,0,0,0,0,0,0,0.0,0.75,1.0,0.875,0.875,0,0.0,0.75,1.0,0.875,0.875,0,0.0,0.75,1.0,0.875,0.875,0,0.0,0.75,1.0,0.875,0.875
2079,no_strict_e1_improvement,0,,,,,1,0,2,1,1,1,1,1,0,0,-1,current,0,0,0.12703232675557957,0.12703232675557957,20,0,0,0,0,0,0,0,0.0,0.5,0.5,0.5,0.55,0,0.0,0.5,0.5,0.5,0.55,0,0.0,0.5,0.5,0.5,0.55,0,0.0,0.5,0.5,0.5,0.55
2080,max_rounds,0,,,,,1,1,2,1,1,1,1,1,0,0,0,s1a3_greedy,1,0,0.07897449706215412,0.06775188159372192,24,20,20,21,21,1,0,0,0.8,0.7,0.75,0.725,0.775,0,0.8,0.7,0.75,0.725,0.775,0,0.84,0.8,0.9,0.85,0.9,0,0.84,0.8,0.9,0.85,0.9
2081,max_rounds,0,,,,,1,1,2,1,1,1,1,1,0,0,0,s1a3_greedy,1,0,0.03444453845731914,0.019127337090503717,32,23,23,25,25,2,0,0,0.92,0.85,0.9,0.875,0.9,0,0.92,0.85,0.9,0.875,0.9,1,1.0,1.0,1.0,1.0,1.0,1,1.0,1.0,1.0,1.0,1.0
2082,no_strict_e1_improvement,0,,,,,1,0,1,1,0,1,0,1,0,0,-1,current,0,0,0.04725760460132733,0.04725760460132733,26,23,23,23,23,0,0,0,0.92,0.85,0.9,0.875,0.9,0,0.92,0.85,0.9,0.875,0.9,0,0.92,0.85,0.9,0.875,0.9,0,0.92,0.85,0.9,0.875,0.9
2083,max_rounds,0,,,,,1,1,2,1,1,1,1,1,0,0,0,s1a3_greedy,1,0,0.09263447279809042,0.07043061609147117,28,21,21,22,22,1,0,0,0.84,0.85,0.8,0.825,0.85,0,0.84,0.85,0.8,0.825,0.85,0,0.88,0.8,0.85,0.825,0.85,0,0.88,0.8,0.85,0.825,0.85
2084,no_strict_e1_improvement,0,,,,,1,0,2,1,1,1,1,1,0,0,-1,current,0,0,0.08943298355443403,0.08943298355443403,30,0,0,0,0,0,0,0,0.0,0.95,0.75,0.85,0.85,0,0.0,0.95,0.75,0.85,0.85,0,0.0,0.95,0.75,0.85,0.85,0,0.0,0.95,0.75,0.85,0.85
2085,no_strict_e1_improvement,0,,,,,1,0,1,1,0,1,0,1,0,0,-1,current,0,0,0.043121982971206306,0.043121982971206306,29,0,0,0,0,0,0,0,0.0,0.75,1.0,0.875,0.875,0,0.0,0.75,1.0,0.875,0.875,0,0.0,0.75,1.0,0.875,0.875,0,0.0,0.75,1.0,0.875,0.875
2086,no_strict_e1_improvement,0,,,,,1,0,1,1,0,1,0,1,0,0,-1,current,0,0,0.010831203032284974,0.010831203032284974,28,25,25,25,25,0,0,1,1.0,1.0,1.0,1.0,1.0,1,1.0,1.0,1.0,1.0,1.0,1,1.0,1.0,1.0,1.0,1.0,1,1.0,1.0,1.0,1.0,1.0
2087,max_rounds,0,,,,,1,1,2,1,1,1,1,1,0,0,0,s1a3_greedy,1,0,0.15605587621685119,0.11846841406077147,14,0,0,0,0,0,0,0,0.0,0.15,0.2,0.175,0.225,0,0.0,0.15,0.2,0.175,0.225,0,0.0,0.25,0.5,0.375,0.45,0,0.0,0.25,0.5,0.375,0.45
2088,no_strict_e1_improvement,0,,,,,1,0,1,1,0,1,0,1,0,0,-1,current,0,0,0.042066993191838264,0.042066993191838264,33,0,0,0,0,0,0,0,0.0,0.75,1.0,0.875,0.875,0,0.0,0.75,1.0,0.875,0.875,0,0.0,0.75,1.0,0.875,0.875,0,0.0,0.75,1.0,0.875,0.875
2089,max_rounds,0,,,,,1,1,2,1,1,1,1,1,0,0,0,s1a3_greedy,1,0,0.07276437303517014,0.03951257944572717,29,21,21,23,23,2,0,0,0.84,0.8,0.8,0.8,0.8,0,0.84,0.8,0.8,0.8,0.8,0,0.92,0.85,0.9,0.875,0.875,0,0.92,0.85,0.9,0.875,0.875
2090,max_rounds,0,,,,,1,1,2,1,1,1,1,1,0,0,0,s1a3_greedy,1,0,0.13327987829688936,0.11859348805155605,23,16,16,18,18,2,0,0,0.64,0.85,0.55,0.7,0.7,0,0.64,0.85,0.55,0.7,0.7,0,0.72,0.75,0.65,0.7,0.7,0,0.72,0.75,0.65,0.7,0.7
2091,no_strict_e1_improvement,0,,,,,1,0,2,1,1,1,1,1,0,0,-1,current,0,0,0.04444592869986082,0.04444592869986082,29,25,25,25,25,0,0,1,1.0,1.0,1.0,1.0,1.0,1,1.0,1.0,1.0,1.0,1.0,1,1.0,1.0,1.0,1.0,1.0,1,1.0,1.0,1.0,1.0,1.0
2092,max_rounds,0,,,,,1,1,2,1,1,1,1,1,0,0,0,s1a3_greedy,1,0,0.16774704990675673,0.07746657124953345,24,1,1,2,2,1,0,0,0.04,0.5,0.7,0.6,0.625,0,0.04,0.5,0.7,0.6,0.625,0,0.08,0.55,0.9,0.725,0.775,0,0.08,0.55,0.9,0.725,0.775
2093,no_strict_e1_improvement,0,,,,,1,0,1,1,0,1,0,1,0,0,-1,current,0,0,0.033403790858574214,0.033403790858574214,34,25,25,25,25,0,0,1,1.0,1.0,1.0,1.0,1.0,1,1.0,1.0,1.0,1.0,1.0,1,1.0,1.0,1.0,1.0,1.0,1,1.0,1.0,1.0,1.0,1.0
2094,no_strict_e1_improvement,0,,,,,1,0,2,1,1,1,1,1,0,0,-1,current,0,0,0.12327166448812932,0.12327166448812932,17,13,13,13,13,0,0,0,0.52,0.6,0.4,0.5,0.6,0,0.52,0.6,0.4,0.5,0.6,0,0.52,0.6,0.4,0.5,0.6,0,0.52,0.6,0.4,0.5,0.6
2095,max_rounds,0,,,,,1,1,2,1,1,1,1,1,0,0,0,s1a3_greedy,1,0,0.16904918940272182,0.1305732322129188,21,4,4,2,2,-2,0,0,0.16,0.35,0.65,0.5,0.65,0,0.16,0.35,0.65,0.5,0.65,0,0.08,0.25,0.6,0.425,0.525,0,0.08,0.25,0.6,0.425,0.525
2096,max_rounds,0,,,,,1,1,2,1,1,1,1,1,0,0,0,s1a3_greedy,1,0,0.20755264156032355,0.17515723439864814,22,1,1,1,1,0,0,0,0.04,0.55,0.65,0.6,0.675,0,0.04,0.55,0.65,0.6,0.675,0,0.04,0.65,0.75,0.7,0.75,0,0.04,0.65,0.75,0.7,0.75
2097,no_strict_e1_improvement,0,,,,,1,0,1,1,0,1,0,1,0,0,-1,current,0,0,0.04915206818841398,0.04915206818841398,33,20,20,20,20,0,0,0,0.8,0.95,0.75,0.85,0.85,0,0.8,0.95,0.75,0.85,0.85,0,0.8,0.95,0.75,0.85,0.85,0,0.8,0.95,0.75,0.85,0.85
2098,max_rounds,0,,,,,1,1,2,1,1,1,1,1,0,0,0,s1a3_greedy,1,0,0.20635149090085178,0.16373085391242057,20,0,0,0,0,0,0,0,0.0,0.35,0.65,0.5,0.575,0,0.0,0.35,0.65,0.5,0.575,0,0.0,0.6,0.75,0.675,0.7,0,0.0,0.6,0.75,0.675,0.7
2099,partial_completed__max_rounds,1,,5,2,4,1,1,2,1,1,1,1,1,0,0,0,s1a3_greedy,1,0,0.15443066288717092,0.08852117168571567,19,0,18,15,15,15,0,0,0.0,0.65,0.5,0.575,0.575,0,0.72,0.8,0.5,0.65,0.65,0,0.6,0.7,0.5,0.6,0.625,0,0.6,0.7,0.5,0.6,0.625
2100,max_rounds,0,,,,,1,1,2,1,1,1,1,1,0,0,0,s1a3_greedy,1,0,0.15055451226653532,0.12020871092099697,13,10,10,8,8,-2,0,0,0.4,0.65,0.5,0.575,0.625,0,0.4,0.65,0.5,0.575,0.625,0,0.32,0.45,0.35,0.4,0.45,0,0.32,0.45,0.35,0.4,0.45
2101,small_component,0,,,,,1,0,0,0,0,0,0,1,0,0,-1,current,0,0,0.2832708111731336,0.2832708111731336,18,9,9,9,9,0,0,0,0.36,0.35,0.4,0.375,0.425,0,0.36,0.35,0.4,0.375,0.425,0,0.36,0.35,0.4,0.375,0.425,0,0.36,0.35,0.4,0.375,0.425
2102,small_component,0,,,,,1,0,0,0,0,0,0,1,0,0,-1,current,0,0,0.21257660164264963,0.21257660164264963,15,8,8,8,8,0,0,0,0.32,0.4,0.2,0.3,0.35,0,0.32,0.4,0.2,0.3,0.35,0,0.32,0.4,0.2,0.3,0.35,0,0.32,0.4,0.2,0.3,0.35
2103,no_strict_e1_improvement,0,,,,,1,0,2,1,1,1,1,1,0,0,-1,current,0,0,0.1367656322196126,0.1367656322196126,28,0,0,0,0,0,0,0,0.0,0.9,0.65,0.775,0.825,0,0.0,0.9,0.65,0.775,0.825,0,0.0,0.9,0.65,0.775,0.825,0,0.0,0.9,0.65,0.775,0.825
2104,max_rounds,0,,,,,1,1,2,1,1,1,1,1,0,0,0,s1a3_greedy,1,0,0.16939132660627365,0.080740108480677,24,20,20,25,25,5,0,0,0.8,0.6,0.6,0.6,0.65,0,0.8,0.6,0.6,0.6,0.65,1,1.0,1.0,1.0,1.0,1.0,1,1.0,1.0,1.0,1.0,1.0
2105,max_rounds,0,,,,,1,1,2,1,1,1,1,1,0,0,0,s1a3_greedy,1,0,0.2177095652325079,0.19964214327046648,16,16,16,14,14,-2,0,0,0.64,0.5,0.45,0.475,0.625,0,0.64,0.5,0.45,0.475,0.625,0,0.56,0.45,0.4,0.425,0.475,0,0.56,0.45,0.4,0.425,0.475
2106,partial_completed__no_strict_e1_improvement,1,,5,2,4,1,0,2,1,1,1,1,1,0,0,-1,current,1,0,0.2175789312364941,0.2175789312364941,23,15,19,19,19,4,0,0,0.6,0.45,0.5,0.475,0.5,0,0.76,0.55,0.6,0.575,0.625,0,0.76,0.55,0.6,0.575,0.625,0,0.76,0.55,0.6,0.575,0.625
2107,max_rounds,0,,,,,1,1,2,1,1,1,1,1,0,0,0,s1a3_greedy,1,0,0.1569796020630747,0.10399337853305042,24,13,13,15,15,2,0,0,0.52,0.55,0.55,0.55,0.55,0,0.52,0.55,0.55,0.55,0.55,0,0.6,0.6,0.75,0.675,0.725,0,0.6,0.6,0.75,0.675,0.725
2108,max_rounds,0,,,,,1,1,2,1,1,1,1,1,0,0,0,s1a3_greedy,1,0,0.1734128164476715,0.16620498667471112,18,0,0,0,0,0,0,0,0.0,0.4,0.15,0.275,0.375,0,0.0,0.4,0.15,0.275,0.375,0,0.0,0.45,0.3,0.375,0.375,0,0.0,0.45,0.3,0.375,0.375
2109,max_rounds,0,,,,,1,1,2,1,1,1,1,1,0,0,0,s1a3_greedy,1,0,0.15984427933290135,0.12705711605667602,19,15,15,18,18,3,0,0,0.6,0.25,0.7,0.475,0.5,0,0.6,0.25,0.7,0.475,0.5,0,0.72,0.4,0.75,0.575,0.6,0,0.72,0.4,0.75,0.575,0.6
2110,max_rounds,0,,,,,1,1,2,1,1,1,1,1,0,0,0,s1a3_greedy,1,0,0.2554626365657896,0.24899945189245046,18,1,1,2,2,1,0,0,0.04,0.4,0.55,0.475,0.5,0,0.04,0.4,0.55,0.475,0.5,0,0.08,0.35,0.45,0.4,0.475,0,0.08,0.35,0.45,0.4,0.475
2111,no_strict_e1_improvement,0,,,,,1,0,1,1,0,1,0,1,0,0,-1,current,0,0,0.0778386929538101,0.0778386929538101,29,0,0,0,0,0,0,0,0.0,0.75,0.95,0.85,0.85,0,0.0,0.75,0.95,0.85,0.85,0,0.0,0.75,0.95,0.85,0.85,0,0.0,0.75,0.95,0.85,0.85
2112,no_strict_e1_improvement,0,,,,,1,0,2,1,1,1,1,1,0,0,-1,current,0,0,0.16700792319606989,0.16700792319606989,22,11,11,11,11,0,0,0,0.44,0.5,0.6,0.55,0.6,0,0.44,0.5,0.6,0.55,0.6,0,0.44,0.5,0.6,0.55,0.6,0,0.44,0.5,0.6,0.55,0.6
2113,no_strict_e1_improvement,0,,,,,1,0,1,1,0,1,0,1,0,0,-1,current,0,0,0.02317781075835228,0.02317781075835228,32,25,25,25,25,0,0,1,1.0,1.0,1.0,1.0,1.0,1,1.0,1.0,1.0,1.0,1.0,1,1.0,1.0,1.0,1.0,1.0,1,1.0,1.0,1.0,1.0,1.0
2114,no_strict_e1_improvement,0,,,,,1,0,1,1,0,1,0,1,0,0,-1,current,0,0,0.11354849372582976,0.11354849372582976,27,1,1,1,1,0,0,0,0.04,0.65,0.85,0.75,0.775,0,0.04,0.65,0.85,0.75,0.775,0,0.04,0.65,0.85,0.75,0.775,0,0.04,0.65,0.85,0.75,0.775
2115,no_strict_e1_improvement,0,,,,,1,0,2,1,1,1,1,1,0,0,-1,current,0,0,0.07305326332279946,0.07305326332279946,18,15,15,15,15,0,0,0,0.6,0.4,0.6,0.5,0.55,0,0.6,0.4,0.6,0.5,0.55,0,0.6,0.4,0.6,0.5,0.55,0,0.6,0.4,0.6,0.5,0.55
2116,max_rounds,0,,,,,1,1,2,1,1,1,1,1,0,0,0,s1a3_greedy,1,0,0.2587341845035553,0.11097212806344033,29,11,11,25,25,14,0,0,0.44,0.5,0.7,0.6,0.65,0,0.44,0.5,0.7,0.6,0.65,1,1.0,1.0,1.0,1.0,1.0,1,1.0,1.0,1.0,1.0,1.0
2117,no_strict_e1_improvement,0,,,,,1,0,2,1,1,1,1,1,0,0,-1,current,0,0,0.09843421987025067,0.09843421987025067,27,0,0,0,0,0,0,0,0.0,0.75,0.75,0.75,0.75,0,0.0,0.75,0.75,0.75,0.75,0,0.0,0.75,0.75,0.75,0.75,0,0.0,0.75,0.75,0.75,0.75
2118,no_strict_e1_improvement,0,,,,,1,0,1,1,0,1,0,1,0,0,-1,current,0,0,0.0524248574860394,0.0524248574860394,32,25,25,25,25,0,0,1,1.0,1.0,1.0,1.0,1.0,1,1.0,1.0,1.0,1.0,1.0,1,1.0,1.0,1.0,1.0,1.0,1,1.0,1.0,1.0,1.0,1.0
2119,max_rounds,0,,,,,1,1,2,1,1,1,1,1,0,0,0,s1a3_greedy,1,0,0.18442509234882892,0.14413396923919208,22,2,2,2,2,0,0,0,0.08,0.55,0.45,0.5,0.625,0,0.08,0.55,0.45,0.5,0.625,0,0.08,0.7,0.55,0.625,0.7,0,0.08,0.7,0.55,0.625,0.7
2120,max_rounds,0,,,,,1,1,2,1,1,1,1,1,0,0,0,s1a3_greedy,1,0,0.22130397323489887,0.10166982468654169,19,0,0,0,0,0,0,0,0.0,0.5,0.35,0.425,0.425,0,0.0,0.5,0.35,0.425,0.425,0,0.0,0.75,0.65,0.7,0.725,0,0.0,0.75,0.65,0.7,0.725
2121,max_rounds,0,,,,,1,1,2,1,1,1,1,1,0,0,0,s1a3_greedy,1,0,0.2857991483062506,0.18396950913593174,23,1,1,1,1,0,0,0,0.04,0.2,0.55,0.375,0.475,0,0.04,0.2,0.55,0.375,0.475,0,0.04,0.55,0.75,0.65,0.775,0,0.04,0.55,0.75,0.65,0.775
2122,max_rounds,0,,,,,1,1,2,1,1,1,1,1,0,0,0,s1a3_greedy,1,0,0.19071039645932614,0.15988606058526783,14,2,2,0,0,-2,0,0,0.08,0.25,0.4,0.325,0.45,0,0.08,0.25,0.4,0.325,0.45,0,0.0,0.35,0.15,0.25,0.45,0,0.0,0.35,0.15,0.25,0.45
2123,no_strict_e1_improvement,0,,,,,1,0,1,1,0,1,0,1,0,0,-1,current,0,0,0.02856369175715372,0.02856369175715372,31,15,15,15,15,0,0,0,0.6,0.9,0.75,0.825,0.825,0,0.6,0.9,0.75,0.825,0.825,0,0.6,0.9,0.75,0.825,0.825,0,0.6,0.9,0.75,0.825,0.825
2124,no_strict_e1_improvement,0,,,,,1,0,1,1,0,1,0,1,0,0,-1,current,0,0,0.03758327378891409,0.03758327378891409,36,25,25,25,25,0,0,1,1.0,1.0,1.0,1.0,1.0,1,1.0,1.0,1.0,1.0,1.0,1,1.0,1.0,1.0,1.0,1.0,1,1.0,1.0,1.0,1.0,1.0
2125,no_strict_e1_improvement,0,,,,,1,0,1,1,0,1,0,1,0,0,-1,current,0,0,0.028977835585828872,0.028977835585828872,32,25,25,25,25,0,0,1,1.0,1.0,1.0,1.0,1.0,1,1.0,1.0,1.0,1.0,1.0,1,1.0,1.0,1.0,1.0,1.0,1,1.0,1.0,1.0,1.0,1.0
2126,max_rounds,0,,,,,1,1,2,1,1,1,1,1,0,0,0,s1a3_greedy,1,0,0.29738414833555,0.18541104098549113,21,4,4,7,7,3,0,0,0.16,0.45,0.45,0.45,0.575,0,0.16,0.45,0.45,0.45,0.575,0,0.28,0.45,0.7,0.575,0.625,0,0.28,0.45,0.7,0.575,0.625
2127,max_rounds,0,,,,,1,1,2,1,1,1,1,1,0,0,0,s1a3_greedy,1,0,0.15112504687858747,0.13573408339871093,13,0,0,0,0,0,0,0,0.0,0.35,0.0,0.175,0.25,0,0.0,0.35,0.0,0.175,0.25,0,0.0,0.25,0.05,0.15,0.2,0,0.0,0.25,0.05,0.15,0.2
2128,max_rounds,0,,,,,1,1,2,1,1,1,1,1,0,0,0,s1a3_greedy,1,0,0.1946346248034388,0.12217802362283692,17,0,0,0,0,0,0,0,0.0,0.2,0.55,0.375,0.4,0,0.0,0.2,0.55,0.375,0.4,0,0.0,0.25,0.55,0.4,0.475,0,0.0,0.25,0.55,0.4,0.475
2129,no_strict_e1_improvement,0,,,,,1,0,1,1,0,1,0,1,0,0,-1,current,0,0,0.0242274631629698,0.0242274631629698,33,25,25,25,25,0,0,1,1.0,1.0,1.0,1.0,1.0,1,1.0,1.0,1.0,1.0,1.0,1,1.0,1.0,1.0,1.0,1.0,1,1.0,1.0,1.0,1.0,1.0
2130,no_strict_e1_improvement,0,,,,,1,0,2,1,1,1,1,1,0,0,-1,current,0,0,0.23171901987807358,0.23171901987807358,19,6,6,6,6,0,0,0,0.24,0.45,0.55,0.5,0.575,0,0.24,0.45,0.55,0.5,0.575,0,0.24,0.45,0.55,0.5,0.575,0,0.24,0.45,0.55,0.5,0.575
2131,no_strict_e1_improvement,0,,,,,1,0,2,1,1,1,1,1,0,0,-1,current,0,0,0.19817290184146258,0.19817290184146258,20,1,1,1,1,0,0,0,0.04,0.2,0.25,0.225,0.25,0,0.04,0.2,0.25,0.225,0.25,0,0.04,0.2,0.25,0.225,0.25,0,0.04,0.2,0.25,0.225,0.25
2132,no_strict_e1_improvement,0,,,,,1,0,1,1,0,1,0,1,0,0,-1,current,0,0,0.1044445050181821,0.1044445050181821,26,23,23,23,23,0,0,0,0.92,0.85,0.85,0.85,0.95,0,0.92,0.85,0.85,0.85,0.95,0,0.92,0.85,0.85,0.85,0.95,0,0.92,0.85,0.85,0.85,0.95
2133,max_rounds,0,,,,,1,1,2,1,1,1,1,1,0,0,0,s1a3_greedy,1,0,0.18954051521141083,0.15227606652770193,24,1,1,1,1,0,0,0,0.04,0.55,0.8,0.675,0.675,0,0.04,0.55,0.8,0.675,0.675,0,0.04,0.65,0.9,0.775,0.8,0,0.04,0.65,0.9,0.775,0.8
2134,no_strict_e1_improvement,0,,,,,1,0,1,1,0,1,0,1,0,0,-1,current,0,0,0.01557635902427137,0.01557635902427137,39,25,25,25,25,0,0,1,1.0,1.0,1.0,1.0,1.0,1,1.0,1.0,1.0,1.0,1.0,1,1.0,1.0,1.0,1.0,1.0,1,1.0,1.0,1.0,1.0,1.0
2135,max_rounds,0,,,,,1,1,2,1,1,1,1,1,0,0,0,s1a3_greedy,1,0,0.12433601637894753,0.0738194315083092,19,11,11,18,18,7,0,0,0.44,0.3,0.5,0.4,0.4,0,0.44,0.3,0.5,0.4,0.4,0,0.72,0.65,0.65,0.65,0.7,0,0.72,0.65,0.65,0.65,0.7
2136,max_rounds,0,,,,,1,1,2,1,1,1,1,1,0,0,0,s1a3_greedy,1,0,0.20940015210653656,0.16470329115982169,24,0,0,0,0,0,0,0,0.0,0.75,0.4,0.575,0.625,0,0.0,0.75,0.4,0.575,0.625,0,0.0,0.75,0.55,0.65,0.7,0,0.0,0.75,0.55,0.65,0.7
2137,max_rounds,0,,,,,1,1,2,1,1,1,1,1,0,0,0,s1a3_greedy,1,0,0.2699669662863016,0.11594875308219343,19,0,0,0,0,0,0,0,0.0,0.6,0.35,0.475,0.525,0,0.0,0.6,0.35,0.475,0.525,0,0.0,0.95,0.75,0.85,0.85,0,0.0,0.95,0.75,0.85,0.85
2138,max_rounds,0,,,,,1,1,2,1,1,1,1,1,0,0,0,s1a3_greedy,1,0,0.18420175332576036,0.11660810148459859,26,13,13,15,15,2,0,0,0.52,0.55,0.65,0.6,0.625,0,0.52,0.55,0.65,0.6,0.625,0,0.6,0.7,0.75,0.725,0.725,0,0.6,0.7,0.75,0.725,0.725
2139,no_strict_e1_improvement,0,,,,,1,0,2,1,1,1,1,1,0,0,-1,current,0,0,0.11229769648052752,0.11229769648052752,26,22,22,22,22,0,0,0,0.88,0.8,0.8,0.8,0.85,0,0.88,0.8,0.8,0.8,0.85,0,0.88,0.8,0.8,0.8,0.85,0,0.88,0.8,0.8,0.8,0.85
2140,max_rounds,0,,,,,1,1,2,1,1,1,1,1,0,0,0,s1a3_greedy,1,0,0.08871953890193254,0.06836537902709097,24,19,19,21,21,2,0,0,0.76,0.7,0.8,0.75,0.775,0,0.76,0.7,0.8,0.75,0.775,0,0.84,0.9,0.8,0.85,0.9,0,0.84,0.9,0.8,0.85,0.9
2141,max_rounds,0,,,,,1,1,2,1,1,1,1,1,0,0,0,s1a3_greedy,1,0,0.205971983470954,0.19975415959488602,16,1,1,2,2,1,0,0,0.04,0.4,0.15,0.275,0.4,0,0.04,0.4,0.15,0.275,0.4,0,0.08,0.35,0.15,0.25,0.275,0,0.08,0.35,0.15,0.25,0.275
2142,max_rounds,0,,,,,1,1,2,1,1,1,1,1,0,0,0,s1a3_greedy,1,0,0.24586744828848167,0.23556538887205533,19,12,12,13,13,1,0,0,0.48,0.6,0.25,0.425,0.5,0,0.48,0.6,0.25,0.425,0.5,0,0.52,0.6,0.45,0.525,0.55,0,0.52,0.6,0.45,0.525,0.55
2143,no_strict_e1_improvement,0,,,,,1,0,1,1,0,1,0,1,0,0,-1,current,0,0,0.09032903808401897,0.09032903808401897,17,0,0,0,0,0,0,0,0.0,0.5,0.3,0.4,0.55,0,0.0,0.5,0.3,0.4,0.55,0,0.0,0.5,0.3,0.4,0.55,0,0.0,0.5,0.3,0.4,0.55
2144,max_rounds,0,,,,,1,1,2,1,1,1,1,1,0,0,0,s1a3_greedy,1,0,0.26397438717540356,0.19474107285495848,15,0,0,1,1,1,0,0,0.0,0.5,0.5,0.5,0.525,0,0.0,0.5,0.5,0.5,0.525,0,0.04,0.75,0.7,0.725,0.75,0,0.04,0.75,0.7,0.725,0.75
2145,max_rounds,0,,,,,1,1,2,1,1,1,1,1,0,0,0,s1a3_greedy,1,0,0.2242793759331107,0.18191107977181672,18,9,9,10,10,1,0,0,0.36,0.4,0.35,0.375,0.45,0,0.36,0.4,0.35,0.375,0.45,0,0.4,0.2,0.4,0.3,0.375,0,0.4,0.2,0.4,0.3,0.375
2146,no_strict_e1_improvement,0,,,,,1,0,1,1,0,1,0,1,0,0,-1,current,0,0,0.07232589972118149,0.07232589972118149,27,23,23,23,23,0,0,0,0.92,0.85,0.8,0.825,0.825,0,0.92,0.85,0.8,0.825,0.825,0,0.92,0.85,0.8,0.825,0.825,0,0.92,0.85,0.8,0.825,0.825
2147,max_rounds,0,,,,,1,1,2,1,1,1,1,1,0,0,0,s1a3_greedy,1,0,0.2737782583164517,0.1908857647154946,21,2,2,0,0,-2,0,0,0.08,0.55,0.45,0.5,0.625,0,0.08,0.55,0.45,0.5,0.625,0,0.0,0.75,0.85,0.8,0.825,0,0.0,0.75,0.85,0.8,0.825
2148,no_strict_e1_improvement,0,,,,,1,0,2,1,1,1,1,1,0,0,-1,current,0,0,0.1686324672307819,0.1686324672307819,22,0,0,0,0,0,0,0,0.0,0.65,0.35,0.5,0.525,0,0.0,0.65,0.35,0.5,0.525,0,0.0,0.65,0.35,0.5,0.525,0,0.0,0.65,0.35,0.5,0.525
2149,small_component,0,,,,,1,0,0,0,0,0,0,1,0,0,-1,current,0,0,0.1756897264625877,0.1756897264625877,12,0,0,0,0,0,0,0,0.0,0.35,0.05,0.2,0.35,0,0.0,0.35,0.05,0.2,0.35,0,0.0,0.35,0.05,0.2,0.35,0,0.0,0.35,0.05,0.2,0.35
2150,no_strict_e1_improvement,0,,,,,1,0,2,1,1,1,1,1,0,0,-1,current,0,0,0.11937713350635022,0.11937713350635022,24,9,9,9,9,0,0,0,0.36,0.75,0.35,0.55,0.55,0,0.36,0.75,0.35,0.55,0.55,0,0.36,0.75,0.35,0.55,0.55,0,0.36,0.75,0.35,0.55,0.55
2151,max_rounds,0,,,,,1,1,2,1,1,1,1,1,0,0,0,s1a3_greedy,1,0,0.27709990276489405,0.16202562488615513,19,0,0,0,0,0,0,0,0.0,0.15,0.4,0.275,0.375,0,0.0,0.15,0.4,0.275,0.375,0,0.0,0.35,0.5,0.425,0.475,0,0.0,0.35,0.5,0.425,0.475
2152,partial_completed__no_strict_e1_improvement,1,,5,2,4,1,0,2,1,1,1,1,1,0,0,-1,current,1,0,0.18099369779229163,0.18099369779229163,19,6,6,6,6,0,0,0,0.24,0.3,0.35,0.325,0.35,0,0.24,0.4,0.35,0.375,0.4,0,0.24,0.4,0.35,0.375,0.4,0,0.24,0.4,0.35,0.375,0.4
2153,max_rounds,0,,,,,1,1,2,1,1,1,1,1,0,0,0,s1a3_greedy,1,0,0.28060281220823524,0.21243731873109936,16,0,0,0,0,0,0,0,0.0,0.35,0.4,0.375,0.525,0,0.0,0.35,0.4,0.375,0.525,0,0.0,0.5,0.45,0.475,0.55,0,0.0,0.5,0.45,0.475,0.55
2154,max_rounds,0,,,,,1,1,2,1,1,1,1,1,0,0,0,s1a3_greedy,1,0,0.06740573020651937,0.06425088690593839,27,22,22,23,23,1,0,0,0.88,0.85,0.9,0.875,0.875,0,0.88,0.85,0.9,0.875,0.875,0,0.92,0.9,0.85,0.875,0.9,0,0.92,0.9,0.85,0.875,0.9
2155,max_rounds,0,,,,,1,1,2,1,1,1,1,1,0,0,0,s1a3_greedy,1,0,0.1755996085703373,0.16317526032216847,23,1,1,1,1,0,0,0,0.04,0.7,0.55,0.625,0.75,0,0.04,0.7,0.55,0.625,0.75,0,0.04,0.6,0.6,0.6,0.7,0,0.04,0.6,0.6,0.6,0.7
2156,no_strict_e1_improvement,0,,,,,1,0,2,1,1,1,1,1,0,0,-1,current,0,0,0.2954392152139917,0.2954392152139917,16,3,3,3,3,0,0,0,0.12,0.35,0.0,0.175,0.275,0,0.12,0.35,0.0,0.175,0.275,0,0.12,0.35,0.0,0.175,0.275,0,0.12,0.35,0.0,0.175,0.275
2157,max_rounds,0,,,,,1,1,2,1,1,1,1,1,0,0,0,s1a3_greedy,1,0,0.23182489826867822,0.09641930116340518,24,18,18,23,23,5,0,0,0.72,0.65,0.6,0.625,0.65,0,0.72,0.65,0.6,0.625,0.65,0,0.92,0.8,0.8,0.8,0.85,0,0.92,0.8,0.8,0.8,0.85
2158,max_rounds,0,,,,,1,1,2,1,1,1,1,1,0,0,0,s1a3_greedy,1,0,0.10991505803831388,0.07273865714960266,27,0,0,0,0,0,0,0,0.0,0.6,0.8,0.7,0.75,0,0.0,0.6,0.8,0.7,0.75,0,0.0,0.7,0.9,0.8,0.825,0,0.0,0.7,0.9,0.8,0.825
2159,max_rounds,0,,,,,1,1,2,1,1,1,1,1,0,0,0,s1a3_greedy,1,0,0.26950538394157775,0.049178968323394655,31,15,15,25,25,10,0,0,0.6,0.45,0.65,0.55,0.625,0,0.6,0.45,0.65,0.55,0.625,1,1.0,1.0,1.0,1.0,1.0,1,1.0,1.0,1.0,1.0,1.0
2160,no_strict_e1_improvement,0,,,,,1,0,1,1,0,1,0,1,0,0,-1,current,0,0,0.13817765498533846,0.13817765498533846,21,0,0,0,0,0,0,0,0.0,0.7,0.75,0.725,0.825,0,0.0,0.7,0.75,0.725,0.825,0,0.0,0.7,0.75,0.725,0.825,0,0.0,0.7,0.75,0.725,0.825
2161,no_strict_e1_improvement,0,,,,,1,0,1,1,0,1,0,1,0,0,-1,current,0,0,0.04659063366125338,0.04659063366125338,34,25,25,25,25,0,0,1,1.0,1.0,1.0,1.0,1.0,1,1.0,1.0,1.0,1.0,1.0,1,1.0,1.0,1.0,1.0,1.0,1,1.0,1.0,1.0,1.0,1.0
2162,max_rounds,0,,,,,1,1,2,1,1,1,1,1,0,0,0,s1a3_greedy,1,0,0.23389063886424993,0.20373587018111722,17,5,5,3,3,-2,0,0,0.2,0.55,0.35,0.45,0.575,0,0.2,0.55,0.35,0.45,0.575,0,0.12,0.6,0.3,0.45,0.55,0,0.12,0.6,0.3,0.45,0.55
2163,max_rounds,0,,,,,1,1,2,1,1,1,1,1,0,0,0,s1a3_greedy,1,0,0.09206037478870713,0.05149964969023131,26,21,21,23,23,2,0,0,0.84,0.8,0.85,0.825,0.85,0,0.84,0.8,0.85,0.825,0.85,0,0.92,0.9,0.85,0.875,0.925,0,0.92,0.9,0.85,0.875,0.925
2164,partial_completed__no_strict_e1_improvement,1,,10,3,6,1,0,2,1,1,1,1,1,0,0,-1,current,1,0,0.2010429016663693,0.2010429016663693,19,0,7,7,7,7,0,0,0.0,0.3,0.1,0.2,0.225,0,0.28,0.5,0.2,0.35,0.4,0,0.28,0.5,0.2,0.35,0.4,0,0.28,0.5,0.2,0.35,0.4
2165,max_rounds,0,,,,,1,1,2,1,1,1,1,1,0,0,0,s1a3_greedy,1,0,0.18311062885477442,0.06793523175438168,28,18,18,25,25,7,0,0,0.72,0.75,0.65,0.7,0.725,0,0.72,0.75,0.65,0.7,0.725,1,1.0,1.0,1.0,1.0,1.0,1,1.0,1.0,1.0,1.0,1.0
2166,max_rounds,0,,,,,1,1,2,1,1,1,1,1,0,0,0,s1a3_greedy,1,0,0.1675477354321629,0.12618087944574655,23,0,0,0,0,0,0,0,0.0,0.5,0.75,0.625,0.65,0,0.0,0.5,0.75,0.625,0.65,0,0.0,0.5,0.9,0.7,0.7,0,0.0,0.5,0.9,0.7,0.7
2167,max_rounds,0,,,,,1,1,2,1,1,1,1,1,0,0,0,s1a3_greedy,1,0,0.3209383761510253,0.21330798766211956,11,1,1,2,2,1,0,0,0.04,0.15,0.1,0.125,0.15,0,0.04,0.15,0.1,0.125,0.15,0,0.08,0.2,0.2,0.2,0.35,0,0.08,0.2,0.2,0.2,0.35
2168,no_strict_e1_improvement,0,,,,,1,0,1,1,0,1,0,1,0,0,-1,current,0,0,0.0730827940395102,0.0730827940395102,29,25,25,25,25,0,0,1,1.0,1.0,1.0,1.0,1.0,1,1.0,1.0,1.0,1.0,1.0,1,1.0,1.0,1.0,1.0,1.0,1,1.0,1.0,1.0,1.0,1.0
2169,no_strict_e1_improvement,0,,,,,1,0,1,1,0,1,0,1,0,0,-1,current,0,0,0.04828232018626295,0.04828232018626295,28,25,25,25,25,0,0,1,1.0,1.0,1.0,1.0,1.0,1,1.0,1.0,1.0,1.0,1.0,1,1.0,1.0,1.0,1.0,1.0,1,1.0,1.0,1.0,1.0,1.0
2170,max_rounds,0,,,,,1,1,2,1,1,1,1,1,0,0,0,s1a3_greedy,1,0,0.13361118522589094,0.1213511141773779,27,0,0,0,0,0,0,0,0.0,0.65,0.7,0.675,0.675,0,0.0,0.65,0.7,0.675,0.675,0,0.0,0.75,0.7,0.725,0.75,0,0.0,0.75,0.7,0.725,0.75
2171,no_strict_e1_improvement,0,,,,,1,0,1,1,0,1,0,1,0,0,-1,current,0,0,0.0442556438036263,0.0442556438036263,23,0,0,0,0,0,0,0,0.0,0.9,0.75,0.825,0.825,0,0.0,0.9,0.75,0.825,0.825,0,0.0,0.9,0.75,0.825,0.825,0,0.0,0.9,0.75,0.825,0.825
2172,partial_completed__max_rounds,1,,5,2,4,1,1,2,1,1,1,1,1,0,0,0,s1a3_greedy,1,0,0.21350448902885547,0.21100345833183382,18,0,0,0,0,0,0,0,0.0,0.4,0.5,0.45,0.525,0,0.0,0.4,0.5,0.45,0.575,0,0.0,0.4,0.55,0.475,0.575,0,0.0,0.4,0.55,0.475,0.575
2173,partial_completed__max_rounds,1,,5,2,4,1,1,2,1,1,1,1,1,0,0,0,s1a3_greedy,1,0,0.1856640356068965,0.14351563513628207,25,0,0,0,0,0,0,0,0.0,0.4,0.45,0.425,0.475,0,0.0,0.4,0.5,0.45,0.55,0,0.0,0.5,0.65,0.575,0.575,0,0.0,0.5,0.65,0.575,0.575
2174,no_strict_e1_improvement,0,,,,,1,0,1,1,0,1,0,1,0,0,-1,current,0,0,0.057752770531806163,0.057752770531806163,29,1,1,1,1,0,0,0,0.04,0.65,0.85,0.75,0.775,0,0.04,0.65,0.85,0.75,0.775,0,0.04,0.65,0.85,0.75,0.775,0,0.04,0.65,0.85,0.75,0.775
2175,no_strict_e1_improvement,0,,,,,1,0,2,1,1,1,1,1,0,0,-1,current,0,0,0.11427059906418435,0.11427059906418435,34,0,0,0,0,0,0,0,0.0,0.7,0.9,0.8,0.825,0,0.0,0.7,0.9,0.8,0.825,0,0.0,0.7,0.9,0.8,0.825,0,0.0,0.7,0.9,0.8,0.825
2176,max_rounds,0,,,,,1,1,2,1,1,1,1,1,0,0,0,s1a3_greedy,1,0,0.2085369473323226,0.15137383677065372,13,0,0,0,0,0,0,0,0.0,0.45,0.3,0.375,0.45,0,0.0,0.45,0.3,0.375,0.45,0,0.0,0.45,0.2,0.325,0.475,0,0.0,0.45,0.2,0.325,0.475
2177,max_rounds,0,,,,,1,1,2,1,1,1,1,1,0,0,0,s1a3_greedy,1,0,0.18905203782487662,0.1358222807990387,24,0,0,0,0,0,0,0,0.0,0.5,0.8,0.65,0.7,0,0.0,0.5,0.8,0.65,0.7,0,0.0,0.7,0.85,0.775,0.775,0,0.0,0.7,0.85,0.775,0.775
2178,no_strict_e1_improvement,0,,,,,1,0,1,1,0,1,0,1,0,0,-1,current,0,0,0.024460129637736826,0.024460129637736826,30,25,25,25,25,0,0,1,1.0,1.0,1.0,1.0,1.0,1,1.0,1.0,1.0,1.0,1.0,1,1.0,1.0,1.0,1.0,1.0,1,1.0,1.0,1.0,1.0,1.0
2179,no_strict_e1_improvement,0,,,,,1,0,2,1,1,1,1,1,0,0,-1,current,0,0,0.09061258595902473,0.09061258595902473,30,21,21,21,21,0,0,0,0.84,0.9,0.8,0.85,0.85,0,0.84,0.9,0.8,0.85,0.85,0,0.84,0.9,0.8,0.85,0.85,0,0.84,0.9,0.8,0.85,0.85
2180,no_strict_e1_improvement,0,,,,,1,0,1,1,0,1,0,1,0,0,-1,current,0,0,0.0485469582490623,0.0485469582490623,36,0,0,0,0,0,0,0,0.0,0.75,1.0,0.875,0.875,0,0.0,0.75,1.0,0.875,0.875,0,0.0,0.75,1.0,0.875,0.875,0,0.0,0.75,1.0,0.875,0.875
2181,max_rounds,0,,,,,1,1,2,1,1,1,1,1,0,0,0,s1a3_greedy,1,0,0.27614523728843776,0.23843343779444695,12,1,1,0,0,-1,0,0,0.04,0.55,0.05,0.3,0.325,0,0.04,0.55,0.05,0.3,0.325,0,0.0,0.3,0.2,0.25,0.3,0,0.0,0.3,0.2,0.25,0.3
2182,max_rounds,0,,,,,1,1,2,1,1,1,1,1,0,0,0,s1a3_greedy,1,0,0.20439882166683673,0.17342960779787972,15,0,0,0,0,0,0,0,0.0,0.25,0.4,0.325,0.425,0,0.0,0.25,0.4,0.325,0.425,0,0.0,0.3,0.6,0.45,0.5,0,0.0,0.3,0.6,0.45,0.5
2183,no_strict_e1_improvement,0,,,,,1,0,1,1,0,1,0,1,0,0,-1,current,0,0,0.036713450239039956,0.036713450239039956,31,25,25,25,25,0,0,1,1.0,1.0,1.0,1.0,1.0,1,1.0,1.0,1.0,1.0,1.0,1,1.0,1.0,1.0,1.0,1.0,1,1.0,1.0,1.0,1.0,1.0
2184,no_strict_e1_improvement,0,,,,,1,0,1,1,0,1,0,1,0,0,-1,current,0,0,0.03304982428671792,0.03304982428671792,33,0,0,0,0,0,0,0,0.0,1.0,0.75,0.875,0.875,0,0.0,1.0,0.75,0.875,0.875,0,0.0,1.0,0.75,0.875,0.875,0,0.0,1.0,0.75,0.875,0.875
2185,max_rounds,0,,,,,1,1,2,1,1,1,1,1,0,0,0,s1a3_greedy,1,0,0.11103351241908968,0.10821154657751322,29,5,5,1,1,-4,0,0,0.2,0.75,0.8,0.775,0.775,0,0.2,0.75,0.8,0.775,0.775,0,0.04,0.85,0.6,0.725,0.725,0,0.04,0.85,0.6,0.725,0.725
2186,max_rounds,0,,,,,1,1,2,1,1,1,1,1,0,0,0,s1a3_greedy,1,0,0.21113521247352765,0.1944514849124971,16,0,0,0,0,0,0,0,0.0,0.35,0.2,0.275,0.4,0,0.0,0.35,0.2,0.275,0.4,0,0.0,0.25,0.15,0.2,0.325,0,0.0,0.25,0.15,0.2,0.325
2187,small_component,0,,,,,1,0,0,0,0,0,0,1,0,0,-1,current,0,0,0.32143986036535355,0.32143986036535355,14,1,1,1,1,0,0,0,0.04,0.15,0.2,0.175,0.4,0,0.04,0.15,0.2,0.175,0.4,0,0.04,0.15,0.2,0.175,0.4,0,0.04,0.15,0.2,0.175,0.4
2188,max_rounds,0,,,,,1,1,2,1,1,1,1,1,0,0,0,s1a3_greedy,1,0,0.2569809523411095,0.22680444511934184,16,1,1,1,1,0,0,0,0.04,0.4,0.4,0.4,0.45,0,0.04,0.4,0.4,0.4,0.45,0,0.04,0.25,0.4,0.325,0.4,0,0.04,0.25,0.4,0.325,0.4
2189,no_strict_e1_improvement,0,,,,,1,0,2,1,1,1,1,1,0,0,-1,current,0,0,0.12497415514662862,0.12497415514662862,24,0,0,0,0,0,0,0,0.0,0.75,0.9,0.825,0.85,0,0.0,0.75,0.9,0.825,0.85,0,0.0,0.75,0.9,0.825,0.85,0,0.0,0.75,0.9,0.825,0.85
2190,no_strict_e1_improvement,0,,,,,1,0,2,1,1,1,1,1,0,0,-1,current,0,0,0.16682869656942784,0.16682869656942784,23,19,19,19,19,0,0,0,0.76,0.55,0.8,0.675,0.675,0,0.76,0.55,0.8,0.675,0.675,0,0.76,0.55,0.8,0.675,0.675,0,0.76,0.55,0.8,0.675,0.675
2191,no_strict_e1_improvement,0,,,,,1,0,2,1,1,1,1,1,0,0,-1,current,0,0,0.15942998412065207,0.15942998412065207,23,7,7,7,7,0,0,0,0.28,0.6,0.75,0.675,0.7,0,0.28,0.6,0.75,0.675,0.7,0,0.28,0.6,0.75,0.675,0.7,0,0.28,0.6,0.75,0.675,0.7
2192,no_strict_e1_improvement,0,,,,,1,0,2,1,1,1,1,1,0,0,-1,current,0,0,0.12609419822692872,0.12609419822692872,21,0,0,0,0,0,0,0,0.0,0.55,0.65,0.6,0.675,0,0.0,0.55,0.65,0.6,0.675,0,0.0,0.55,0.65,0.6,0.675,0,0.0,0.55,0.65,0.6,0.675
2193,max_rounds,0,,,,,1,1,2,1,1,1,1,1,0,0,0,s1a3_greedy,1,0,0.24108691555447875,0.19220689358189702,17,0,0,1,1,1,0,0,0.0,0.35,0.25,0.3,0.4,0,0.0,0.35,0.25,0.3,0.4,0,0.04,0.35,0.3,0.325,0.425,0,0.04,0.35,0.3,0.325,0.425
2194,max_rounds,0,,,,,1,1,2,1,1,1,1,1,0,0,0,s1a3_greedy,1,0,0.1918909682892263,0.1388670181389898,20,0,0,0,0,0,0,0,0.0,0.4,0.65,0.525,0.575,0,0.0,0.4,0.65,0.525,0.575,0,0.0,0.45,0.4,0.425,0.55,0,0.0,0.45,0.4,0.425,0.55
2195,max_rounds,0,,,,,1,1,2,1,1,1,1,1,0,0,0,s1a3_greedy,1,0,0.14138042023405434,0.09319703811779619,21,0,0,0,0,0,0,0,0.0,0.6,0.55,0.575,0.675,0,0.0,0.6,0.55,0.575,0.675,0,0.0,0.75,0.8,0.775,0.775,0,0.0,0.75,0.8,0.775,0.775
2196,partial_completed__max_rounds,1,,10,3,6,1,1,2,1,1,1,1,1,0,0,0,s1a3_greedy,1,0,0.22297783262329177,0.22173884528456256,16,0,0,0,0,0,0,0,0.0,0.2,0.35,0.275,0.35,0,0.0,0.2,0.4,0.3,0.475,0,0.0,0.2,0.4,0.3,0.425,0,0.0,0.2,0.4,0.3,0.425
2197,no_strict_e1_improvement,0,,,,,1,0,2,1,1,1,1,1,0,0,-1,current,0,0,0.12401474964572116,0.12401474964572116,19,1,1,1,1,0,0,0,0.04,0.45,0.2,0.325,0.425,0,0.04,0.45,0.2,0.325,0.425,0,0.04,0.45,0.2,0.325,0.425,0,0.04,0.45,0.2,0.325,0.425
2198,max_rounds,0,,,,,1,1,2,1,1,1,1,1,0,0,0,s1a3_greedy,1,0,0.26647953991778195,0.13931385886389763,20,0,0,0,0,0,0,0,0.0,0.1,0.6,0.35,0.4,0,0.0,0.1,0.6,0.35,0.4,0,0.0,0.45,0.65,0.55,0.575,0,0.0,0.45,0.65,0.55,0.575
2199,no_strict_e1_improvement,0,,,,,1,0,1,1,0,1,0,1,0,0,-1,current,0,0,0.01640210241312161,0.01640210241312161,37,25,25,25,25,0,0,1,1.0,1.0,1.0,1.0,1.0,1,1.0,1.0,1.0,1.0,1.0,1,1.0,1.0,1.0,1.0,1.0,1,1.0,1.0,1.0,1.0,1.0
2200,no_strict_e1_improvement,0,,,,,1,0,2,1,1,1,1,1,0,0,-1,current,0,0,0.11701825546333566,0.11701825546333566,23,0,0,0,0,0,0,0,0.0,1.0,0.75,0.875,0.875,0,0.0,1.0,0.75,0.875,0.875,0,0.0,1.0,0.75,0.875,0.875,0,0.0,1.0,0.75,0.875,0.875
2201,max_rounds,0,,,,,1,1,2,1,1,1,1,1,0,0,0,s1a3_greedy,1,0,0.25580263333395126,0.08481966983526945,30,0,0,0,0,0,0,0,0.0,0.5,0.6,0.55,0.575,0,0.0,0.5,0.6,0.55,0.575,0,0.0,0.75,1.0,0.875,0.875,0,0.0,0.75,1.0,0.875,0.875
2202,max_rounds,0,,,,,1,1,2,1,1,1,1,1,0,0,0,s1a3_greedy,1,0,0.1140817272476852,0.06291302954778075,28,23,23,25,25,2,0,0,0.92,0.85,0.85,0.85,0.95,0,0.92,0.85,0.85,0.85,0.95,1,1.0,1.0,1.0,1.0,1.0,1,1.0,1.0,1.0,1.0,1.0
2203,max_rounds,0,,,,,1,1,2,1,1,1,1,1,0,0,0,s1a3_greedy,1,0,0.20390845667570828,0.10503934693988412,21,1,1,0,0,-1,0,0,0.04,0.15,0.75,0.45,0.525,0,0.04,0.15,0.75,0.45,0.525,0,0.0,0.6,0.8,0.7,0.7,0,0.0,0.6,0.8,0.7,0.7
2204,max_rounds,0,,,,,1,1,2,1,1,1,1,1,0,0,0,s1a3_greedy,1,0,0.20893076905049385,0.20457066423259676,19,0,0,0,0,0,0,0,0.0,0.5,0.8,0.65,0.65,0,0.0,0.5,0.8,0.65,0.65,0,0.0,0.55,0.6,0.575,0.575,0,0.0,0.55,0.6,0.575,0.575
2205,no_strict_e1_improvement,0,,,,,1,0,2,1,1,1,1,1,0,0,-1,current,0,0,0.1270795569056645,0.1270795569056645,25,15,15,15,15,0,0,0,0.6,0.9,0.7,0.8,0.825,0,0.6,0.9,0.7,0.8,0.825,0,0.6,0.9,0.7,0.8,0.825,0,0.6,0.9,0.7,0.8,0.825
2206,max_rounds,0,,,,,1,1,2,1,1,1,1,1,0,0,0,s1a3_greedy,1,0,0.2493109200615436,0.18749817162752153,20,1,1,2,2,1,0,0,0.04,0.5,0.5,0.5,0.6,0,0.04,0.5,0.5,0.5,0.6,0,0.08,0.55,0.6,0.575,0.625,0,0.08,0.55,0.6,0.575,0.625
2207,no_strict_e1_improvement,0,,,,,1,0,1,1,0,1,0,1,0,0,-1,current,0,0,0.07979096896015107,0.07979096896015107,24,0,0,0,0,0,0,0,0.0,0.75,0.85,0.8,0.825,0,0.0,0.75,0.85,0.8,0.825,0,0.0,0.75,0.85,0.8,0.825,0,0.0,0.75,0.85,0.8,0.825
2208,small_component,0,,,,,1,0,0,0,0,0,0,1,0,0,-1,current,0,0,0.18697346227418166,0.18697346227418166,18,0,0,0,0,0,0,0,0.0,0.45,0.55,0.5,0.575,0,0.0,0.45,0.55,0.5,0.575,0,0.0,0.45,0.55,0.5,0.575,0,0.0,0.45,0.55,0.5,0.575
2209,partial_completed__max_rounds,1,,5,2,4,1,1,2,1,1,1,1,1,0,0,0,s1a3_greedy,1,0,0.23091338947415352,0.20098400157876312,23,0,0,0,0,0,0,0,0.0,0.5,0.45,0.475,0.5,0,0.0,0.65,0.5,0.575,0.6,0,0.0,0.8,0.5,0.65,0.725,0,0.0,0.8,0.5,0.65,0.725
2210,no_strict_e1_improvement,0,,,,,1,0,1,1,0,1,0,1,0,0,-1,current,0,0,0.05823571040818933,0.05823571040818933,32,0,0,0,0,0,0,0,0.0,0.75,1.0,0.875,0.875,0,0.0,0.75,1.0,0.875,0.875,0,0.0,0.75,1.0,0.875,0.875,0,0.0,0.75,1.0,0.875,0.875
2211,max_rounds,0,,,,,1,1,2,1,1,1,1,1,0,0,0,s1a3_greedy,1,0,0.15691921762190758,0.1282119291834533,27,0,0,0,0,0,0,0,0.0,0.65,0.9,0.775,0.775,0,0.0,0.65,0.9,0.775,0.775,0,0.0,0.6,0.85,0.725,0.725,0,0.0,0.6,0.85,0.725,0.725
2212,no_strict_e1_improvement,0,,,,,1,0,2,1,1,1,1,1,0,0,-1,current,0,0,0.2698569543194026,0.2698569543194026,20,0,0,0,0,0,0,0,0.0,0.55,0.45,0.5,0.55,0,0.0,0.55,0.45,0.5,0.55,0,0.0,0.55,0.45,0.5,0.55,0,0.0,0.55,0.45,0.5,0.55
2213,no_strict_e1_improvement,0,,,,,1,0,2,1,1,1,1,1,0,0,-1,current,0,0,0.09959179352154024,0.09959179352154024,30,0,0,0,0,0,0,0,0.0,0.75,1.0,0.875,0.875,0,0.0,0.75,1.0,0.875,0.875,0,0.0,0.75,1.0,0.875,0.875,0,0.0,0.75,1.0,0.875,0.875
2214,no_strict_e1_improvement,0,,,,,1,0,2,1,1,1,1,1,0,0,-1,current,0,0,0.09865328083978966,0.09865328083978966,29,0,0,0,0,0,0,0,0.0,0.75,0.85,0.8,0.85,0,0.0,0.75,0.85,0.8,0.85,0,0.0,0.75,0.85,0.8,0.85,0,0.0,0.75,0.85,0.8,0.85
2215,max_rounds,0,,,,,1,1,2,1,1,1,1,1,0,0,0,s1a3_greedy,1,0,0.08246084663551301,0.05678242191206664,30,17,17,25,25,8,0,0,0.68,0.7,0.8,0.75,0.8,0,0.68,0.7,0.8,0.75,0.8,1,1.0,1.0,1.0,1.0,1.0,1,1.0,1.0,1.0,1.0,1.0
2216,partial_completed__max_rounds,1,,5,2,4,1,1,2,1,1,1,1,1,0,0,0,s1a3_greedy,1,0,0.2725041678058915,0.2618076479528099,12,5,6,1,1,-4,0,0,0.2,0.25,0.4,0.325,0.325,0,0.24,0.3,0.45,0.375,0.375,0,0.04,0.15,0.2,0.175,0.275,0,0.04,0.15,0.2,0.175,0.275
2217,no_strict_e1_improvement,0,,,,,1,0,2,1,1,1,1,1,0,0,-1,current,0,0,0.24345043245702983,0.24345043245702983,20,6,6,6,6,0,0,0,0.24,0.2,0.5,0.35,0.425,0,0.24,0.2,0.5,0.35,0.425,0,0.24,0.2,0.5,0.35,0.425,0,0.24,0.2,0.5,0.35,0.425
2218,max_rounds,0,,,,,1,1,2,1,1,1,1,1,0,0,0,s1a3_greedy,1,0,0.2606657816795632,0.24380966629832984,17,7,7,4,4,-3,0,0,0.28,0.3,0.55,0.425,0.525,0,0.28,0.3,0.55,0.425,0.525,0,0.16,0.35,0.55,0.45,0.475,0,0.16,0.35,0.55,0.45,0.475
2219,no_strict_e1_improvement,0,,,,,1,0,1,1,0,1,0,1,0,0,-1,current,0,0,0.007798728533089161,0.007798728533089161,38,25,25,25,25,0,0,1,1.0,1.0,1.0,1.0,1.0,1,1.0,1.0,1.0,1.0,1.0,1,1.0,1.0,1.0,1.0,1.0,1,1.0,1.0,1.0,1.0,1.0
2220,no_strict_e1_improvement,0,,,,,1,0,1,1,0,1,0,1,0,0,-1,current,0,0,0.07787919212132692,0.07787919212132692,27,25,25,25,25,0,0,1,1.0,1.0,1.0,1.0,1.0,1,1.0,1.0,1.0,1.0,1.0,1,1.0,1.0,1.0,1.0,1.0,1,1.0,1.0,1.0,1.0,1.0
2221,no_strict_e1_improvement,0,,,,,1,0,1,1,0,1,0,1,0,0,-1,current,0,0,0.04206659961491823,0.04206659961491823,33,25,25,25,25,0,0,1,1.0,1.0,1.0,1.0,1.0,1,1.0,1.0,1.0,1.0,1.0,1,1.0,1.0,1.0,1.0,1.0,1,1.0,1.0,1.0,1.0,1.0
2222,no_strict_e1_improvement,0,,,,,1,0,2,1,1,1,1,1,0,0,-1,current,0,0,0.10267551119613927,0.10267551119613927,25,0,0,0,0,0,0,0,0.0,0.75,0.9,0.825,0.85,0,0.0,0.75,0.9,0.825,0.85,0,0.0,0.75,0.9,0.825,0.85,0,0.0,0.75,0.9,0.825,0.85
2223,no_strict_e1_improvement,0,,,,,1,0,2,1,1,1,1,1,0,0,-1,current,0,0,0.09339893510332331,0.09339893510332331,30,21,21,21,21,0,0,0,0.84,0.75,0.7,0.725,0.725,0,0.84,0.75,0.7,0.725,0.725,0,0.84,0.75,0.7,0.725,0.725,0,0.84,0.75,0.7,0.725,0.725
2224,max_rounds,0,,,,,1,1,2,1,1,1,1,1,0,0,0,s1a3_greedy,1,0,0.21249266389058902,0.13243681385647504,15,0,0,0,0,0,0,0,0.0,0.3,0.45,0.375,0.4,0,0.0,0.3,0.45,0.375,0.4,0,0.0,0.4,0.3,0.35,0.425,0,0.0,0.4,0.3,0.35,0.425
2225,no_strict_e1_improvement,0,,,,,1,0,1,1,0,1,0,1,0,0,-1,current,0,0,0.049197975674178454,0.049197975674178454,32,25,25,25,25,0,0,1,1.0,1.0,1.0,1.0,1.0,1,1.0,1.0,1.0,1.0,1.0,1,1.0,1.0,1.0,1.0,1.0,1,1.0,1.0,1.0,1.0,1.0
2226,no_strict_e1_improvement,0,,,,,1,0,2,1,1,1,1,1,0,0,-1,current,0,0,0.15491004440409598,0.15491004440409598,19,0,0,0,0,0,0,0,0.0,0.4,0.7,0.55,0.575,0,0.0,0.4,0.7,0.55,0.575,0,0.0,0.4,0.7,0.55,0.575,0,0.0,0.4,0.7,0.55,0.575
2227,partial_completed__max_rounds,1,,15,4,8,1,1,2,1,1,1,1,1,0,0,0,s1a3_greedy,1,0,0.24942612679733428,0.24209949303476605,17,0,0,1,1,1,0,0,0.0,0.0,0.35,0.175,0.175,0,0.0,0.3,0.55,0.425,0.525,0,0.04,0.2,0.65,0.425,0.45,0,0.04,0.2,0.65,0.425,0.45
2228,max_rounds,0,,,,,1,1,2,1,1,1,1,1,0,0,0,s1a3_greedy,1,0,0.10419049904448911,0.08204566481290385,33,1,1,0,0,-1,0,0,0.04,0.65,0.9,0.775,0.8,0,0.04,0.65,0.9,0.775,0.8,0,0.0,0.75,1.0,0.875,0.875,0,0.0,0.75,1.0,0.875,0.875
2229,max_rounds,0,,,,,1,1,2,1,1,1,1,1,0,0,0,s1a3_greedy,1,0,0.1790481106378138,0.12636488284915687,18,0,0,0,0,0,0,0,0.0,0.3,0.55,0.425,0.475,0,0.0,0.3,0.55,0.425,0.475,0,0.0,0.35,0.45,0.4,0.475,0,0.0,0.35,0.45,0.4,0.475
2230,no_strict_e1_improvement,0,,,,,1,0,1,1,0,1,0,1,0,0,-1,current,0,0,0.022353184630628676,0.022353184630628676,33,25,25,25,25,0,0,1,1.0,1.0,1.0,1.0,1.0,1,1.0,1.0,1.0,1.0,1.0,1,1.0,1.0,1.0,1.0,1.0,1,1.0,1.0,1.0,1.0,1.0
2231,max_rounds,0,,,,,1,1,2,1,1,1,1,1,0,0,0,s1a3_greedy,1,0,0.2170670234365389,0.12185327553452226,19,1,1,0,0,-1,0,0,0.04,0.55,0.3,0.425,0.5,0,0.04,0.55,0.3,0.425,0.5,0,0.0,0.7,0.5,0.6,0.675,0,0.0,0.7,0.5,0.6,0.675
2232,no_strict_e1_improvement,0,,,,,1,0,1,1,0,1,0,1,0,0,-1,current,0,0,0.07185215467470699,0.07185215467470699,32,25,25,25,25,0,0,1,1.0,1.0,1.0,1.0,1.0,1,1.0,1.0,1.0,1.0,1.0,1,1.0,1.0,1.0,1.0,1.0,1,1.0,1.0,1.0,1.0,1.0
2233,no_strict_e1_improvement,0,,,,,1,0,2,1,1,1,1,1,0,0,-1,current,0,0,0.17225019056349994,0.17225019056349994,18,0,0,0,0,0,0,0,0.0,0.5,0.35,0.425,0.45,0,0.0,0.5,0.35,0.425,0.45,0,0.0,0.5,0.35,0.425,0.45,0,0.0,0.5,0.35,0.425,0.45
2234,max_rounds,0,,,,,1,1,2,1,1,1,1,1,0,0,0,s1a3_greedy,1,0,0.09143035227816654,0.07195934888359261,31,21,21,22,22,1,0,0,0.84,0.8,0.8,0.8,0.825,0,0.84,0.8,0.8,0.8,0.825,0,0.88,0.85,0.85,0.85,0.85,0,0.88,0.85,0.85,0.85,0.85
2235,max_rounds,0,,,,,1,1,2,1,1,1,1,1,0,0,0,s1a3_greedy,1,0,0.15246765031479298,0.06564484722912312,31,0,0,1,1,1,0,0,0.0,0.55,0.8,0.675,0.675,0,0.0,0.55,0.8,0.675,0.675,0,0.04,0.7,0.9,0.8,0.8,0,0.04,0.7,0.9,0.8,0.8
2236,max_rounds,0,,,,,1,1,2,1,1,1,1,1,0,0,0,s1a3_greedy,1,0,0.1223920802527573,0.09826159970252775,22,19,19,17,17,-2,0,0,0.76,0.7,0.6,0.65,0.725,0,0.76,0.7,0.6,0.65,0.725,0,0.68,0.7,0.7,0.7,0.75,0,0.68,0.7,0.7,0.7,0.75
2237,no_strict_e1_improvement,0,,,,,1,0,2,1,1,1,1,1,0,0,-1,current,0,0,0.07614278602413833,0.07614278602413833,30,0,0,0,0,0,0,0,0.0,0.75,1.0,0.875,0.875,0,0.0,0.75,1.0,0.875,0.875,0,0.0,0.75,1.0,0.875,0.875,0,0.0,0.75,1.0,0.875,0.875
2238,max_rounds,0,,,,,1,1,2,1,1,1,1,1,0,0,0,s1a3_greedy,1,0,0.2479051632224582,0.187343959545251,14,0,0,1,1,1,0,0,0.0,0.3,0.25,0.275,0.35,0,0.0,0.3,0.25,0.275,0.35,0,0.04,0.25,0.25,0.25,0.375,0,0.04,0.25,0.25,0.25,0.375
2239,partial_completed__max_rounds,1,,5,2,4,1,1,2,1,1,1,1,1,0,0,0,s1a3_greedy,1,0,0.2692781102843583,0.24985448165098206,12,6,0,1,1,-5,0,0,0.24,0.35,0.35,0.35,0.4,0,0.0,0.4,0.35,0.375,0.45,0,0.04,0.25,0.35,0.3,0.425,0,0.04,0.25,0.35,0.3,0.425
2240,max_rounds,0,,,,,1,1,2,1,1,1,1,1,0,0,0,s1a3_greedy,1,0,0.21924892490496858,0.19487771793501452,20,6,6,9,9,3,0,0,0.24,0.55,0.55,0.55,0.575,0,0.24,0.55,0.55,0.55,0.575,0,0.36,0.45,0.35,0.4,0.55,0,0.36,0.45,0.35,0.4,0.55
2241,max_rounds,0,,,,,1,1,2,1,1,1,1,1,0,0,0,s1a3_greedy,1,0,0.1735547338059405,0.07100762104673777,29,18,18,25,25,7,0,0,0.72,0.65,0.75,0.7,0.75,0,0.72,0.65,0.75,0.7,0.75,1,1.0,1.0,1.0,1.0,1.0,1,1.0,1.0,1.0,1.0,1.0
2242,max_rounds,0,,,,,1,1,2,1,1,1,1,1,0,0,0,s1a3_greedy,1,0,0.05002664527273737,0.024811282701557504,32,21,21,25,25,4,0,0,0.84,0.8,0.9,0.85,0.9,0,0.84,0.8,0.9,0.85,0.9,1,1.0,1.0,1.0,1.0,1.0,1,1.0,1.0,1.0,1.0,1.0
2243,max_rounds,0,,,,,1,1,2,1,1,1,1,1,0,0,0,s1a3_greedy,1,0,0.1809501903364435,0.14311475526192224,19,0,0,0,0,0,0,0,0.0,0.3,0.75,0.525,0.6,0,0.0,0.3,0.75,0.525,0.6,0,0.0,0.3,0.55,0.425,0.5,0,0.0,0.3,0.55,0.425,0.5
2244,no_strict_e1_improvement,0,,,,,1,0,2,1,1,1,1,1,0,0,-1,current,0,0,0.11962412730790675,0.11962412730790675,22,0,0,0,0,0,0,0,0.0,0.6,0.5,0.55,0.55,0,0.0,0.6,0.5,0.55,0.55,0,0.0,0.6,0.5,0.55,0.55,0,0.0,0.6,0.5,0.55,0.55
2245,no_strict_e1_improvement,0,,,,,1,0,2,1,1,1,1,1,0,0,-1,current,0,0,0.1068747442390304,0.1068747442390304,25,23,23,23,23,0,0,0,0.92,0.9,0.8,0.85,0.875,0,0.92,0.9,0.8,0.85,0.875,0,0.92,0.9,0.8,0.85,0.875,0,0.92,0.9,0.8,0.85,0.875
2246,max_rounds,0,,,,,1,1,2,1,1,1,1,1,0,0,0,s1a3_greedy,1,0,0.22054330785758794,0.16532070189714432,18,1,1,0,0,-1,0,0,0.04,0.25,0.55,0.4,0.475,0,0.04,0.25,0.55,0.4,0.475,0,0.0,0.25,0.45,0.35,0.5,0,0.0,0.25,0.45,0.35,0.5
2247,no_strict_e1_improvement,0,,,,,1,0,1,1,0,1,0,1,0,0,-1,current,0,0,0.041897869459353386,0.041897869459353386,34,23,23,23,23,0,0,0,0.92,0.9,0.9,0.9,0.925,0,0.92,0.9,0.9,0.9,0.925,0,0.92,0.9,0.9,0.9,0.925,0,0.92,0.9,0.9,0.9,0.925
2248,no_strict_e1_improvement,0,,,,,1,0,2,1,1,1,1,1,0,0,-1,current,0,0,0.1831388737191446,0.1831388737191446,23,0,0,0,0,0,0,0,0.0,0.65,0.75,0.7,0.7,0,0.0,0.65,0.75,0.7,0.7,0,0.0,0.65,0.75,0.7,0.7,0,0.0,0.65,0.75,0.7,0.7
2249,no_strict_e1_improvement,0,,,,,1,0,2,1,1,1,1,1,0,0,-1,current,0,0,0.09735801354981959,0.09735801354981959,26,0,0,0,0,0,0,0,0.0,0.5,0.8,0.65,0.65,0,0.0,0.5,0.8,0.65,0.65,0,0.0,0.5,0.8,0.65,0.65,0,0.0,0.5,0.8,0.65,0.65
2250,no_strict_e1_improvement,0,,,,,1,0,2,1,1,1,1,1,0,0,-1,current,0,0,0.20680384131264873,0.20680384131264873,19,1,1,1,1,0,0,0,0.04,0.55,0.5,0.525,0.6,0,0.04,0.55,0.5,0.525,0.6,0,0.04,0.55,0.5,0.525,0.6,0,0.04,0.55,0.5,0.525,0.6
2251,max_rounds,0,,,,,1,1,2,1,1,1,1,1,0,0,0,s1a3_greedy,1,0,0.1431815376257873,0.061125508894474476,26,0,0,0,0,0,0,0,0.0,0.55,0.8,0.675,0.675,0,0.0,0.55,0.8,0.675,0.675,0,0.0,0.6,0.85,0.725,0.775,0,0.0,0.6,0.85,0.725,0.775
2252,max_rounds,0,,,,,1,1,2,1,1,1,1,1,0,0,0,s1a3_greedy,1,0,0.052022625610698016,0.020385679269384126,34,0,0,0,0,0,0,0,0.0,0.7,0.9,0.8,0.825,0,0.0,0.7,0.9,0.8,0.825,0,0.0,0.75,1.0,0.875,0.875,0,0.0,0.75,1.0,0.875,0.875
2253,max_rounds,0,,,,,1,1,2,1,1,1,1,1,0,0,0,s1a3_greedy,1,0,0.2837120965588838,0.1553194597363472,20,0,0,0,0,0,0,0,0.0,0.2,0.5,0.35,0.375,0,0.0,0.2,0.5,0.35,0.375,0,0.0,0.45,0.75,0.6,0.6,0,0.0,0.45,0.75,0.6,0.6
2254,max_rounds,0,,,,,1,1,2,1,1,1,1,1,0,0,0,s1a3_greedy,1,0,0.1959883346920833,0.1850555565673858,13,0,0,0,0,0,0,0,0.0,0.35,0.35,0.35,0.425,0,0.0,0.35,0.35,0.35,0.425,0,0.0,0.3,0.5,0.4,0.45,0,0.0,0.3,0.5,0.4,0.45
2255,max_rounds,0,,,,,1,1,2,1,1,1,1,1,0,0,0,s1a3_greedy,1,0,0.16422917847521604,0.1354703615841572,21,20,20,15,15,-5,0,0,0.8,0.7,0.55,0.625,0.7,0,0.8,0.7,0.55,0.625,0.7,0,0.6,0.6,0.6,0.6,0.675,0,0.6,0.6,0.6,0.6,0.675
2256,max_rounds,0,,,,,1,1,2,1,1,1,1,1,0,0,0,s1a3_greedy,1,0,0.2337529666721821,0.17351968372240661,26,14,14,17,17,3,0,0,0.56,0.7,0.55,0.625,0.625,0,0.56,0.7,0.55,0.625,0.625,0,0.68,0.85,0.6,0.725,0.725,0,0.68,0.85,0.6,0.725,0.725
2257,max_rounds,0,,,,,1,1,2,1,1,1,1,1,0,0,0,s1a3_greedy,1,0,0.11534213193226606,0.10160551213193685,24,19,19,22,22,3,0,0,0.76,0.7,0.7,0.7,0.725,0,0.76,0.7,0.7,0.7,0.725,0,0.88,0.85,0.85,0.85,0.85,0,0.88,0.85,0.85,0.85,0.85
2258,no_strict_e1_improvement,0,,,,,1,0,1,1,0,1,0,1,0,0,-1,current,0,0,0.11065624802722596,0.11065624802722596,29,3,3,3,3,0,0,0,0.12,0.8,0.65,0.725,0.75,0,0.12,0.8,0.65,0.725,0.75,0,0.12,0.8,0.65,0.725,0.75,0,0.12,0.8,0.65,0.725,0.75
2259,no_strict_e1_improvement,0,,,,,1,0,1,1,0,1,0,1,0,0,-1,current,0,0,0.01220415533389314,0.01220415533389314,36,25,25,25,25,0,0,1,1.0,1.0,1.0,1.0,1.0,1,1.0,1.0,1.0,1.0,1.0,1,1.0,1.0,1.0,1.0,1.0,1,1.0,1.0,1.0,1.0,1.0
2260,no_strict_e1_improvement,0,,,,,1,0,2,1,1,1,1,1,0,0,-1,current,0,0,0.1058423905284144,0.1058423905284144,27,0,0,0,0,0,0,0,0.0,0.6,0.85,0.725,0.725,0,0.0,0.6,0.85,0.725,0.725,0,0.0,0.6,0.85,0.725,0.725,0,0.0,0.6,0.85,0.725,0.725
2261,max_rounds,0,,,,,1,1,2,1,1,1,1,1,0,0,0,s1a3_greedy,1,0,0.19149646926671265,0.061664651799947026,33,0,0,0,0,0,0,0,0.0,0.5,0.75,0.625,0.65,0,0.0,0.5,0.75,0.625,0.65,0,0.0,0.75,1.0,0.875,0.875,0,0.0,0.75,1.0,0.875,0.875
2262,no_strict_e1_improvement,0,,,,,1,0,2,1,1,1,1,1,0,0,-1,current,0,0,0.14756268152268603,0.14756268152268603,24,0,0,0,0,0,0,0,0.0,0.2,0.75,0.475,0.6,0,0.0,0.2,0.75,0.475,0.6,0,0.0,0.2,0.75,0.475,0.6,0,0.0,0.2,0.75,0.475,0.6
2263,max_rounds,0,,,,,1,1,2,1,1,1,1,1,0,0,0,s1a3_greedy,1,0,0.19345349969808012,0.12515675933100284,22,18,18,21,21,3,0,0,0.72,0.55,0.65,0.6,0.675,0,0.72,0.55,0.65,0.6,0.675,0,0.84,0.8,0.7,0.75,0.75,0,0.84,0.8,0.7,0.75,0.75
2264,no_strict_e1_improvement,0,,,,,1,0,2,1,1,1,1,1,0,0,-1,current,0,0,0.12482087703247088,0.12482087703247088,32,0,0,0,0,0,0,0,0.0,0.55,0.85,0.7,0.725,0,0.0,0.55,0.85,0.7,0.725,0,0.0,0.55,0.85,0.7,0.725,0,0.0,0.55,0.85,0.7,0.725
2265,no_strict_e1_improvement,0,,,,,1,0,2,1,1,1,1,1,0,0,-1,current,0,0,0.04296470205299556,0.04296470205299556,25,23,23,23,23,0,0,0,0.92,0.9,0.9,0.9,0.925,0,0.92,0.9,0.9,0.9,0.925,0,0.92,0.9,0.9,0.9,0.925,0,0.92,0.9,0.9,0.9,0.925
2266,no_strict_e1_improvement,0,,,,,1,0,2,1,1,1,1,1,0,0,-1,current,0,0,0.20498334569856524,0.20498334569856524,21,1,1,1,1,0,0,0,0.04,0.45,0.55,0.5,0.5,0,0.04,0.45,0.55,0.5,0.5,0,0.04,0.45,0.55,0.5,0.5,0,0.04,0.45,0.55,0.5,0.5
2267,no_strict_e1_improvement,0,,,,,1,0,2,1,1,1,1,1,0,0,-1,current,0,0,0.13337588973809034,0.13337588973809034,23,0,0,0,0,0,0,0,0.0,0.55,0.8,0.675,0.775,0,0.0,0.55,0.8,0.675,0.775,0,0.0,0.55,0.8,0.675,0.775,0,0.0,0.55,0.8,0.675,0.775
2268,max_rounds,0,,,,,1,1,2,1,1,1,1,1,0,0,0,s1a3_greedy,1,0,0.29315054322360085,0.20597998928278685,11,0,0,0,0,0,0,0,0.0,0.25,0.3,0.275,0.3,0,0.0,0.25,0.3,0.275,0.3,0,0.0,0.3,0.5,0.4,0.425,0,0.0,0.3,0.5,0.4,0.425
2269,partial_completed__small_component,1,,10,3,6,1,0,0,0,0,0,0,1,0,0,-1,current,1,0,0.1693260010855738,0.1693260010855738,14,1,3,3,3,2,0,0,0.04,0.1,0.1,0.1,0.2,0,0.12,0.25,0.1,0.175,0.35,0,0.12,0.25,0.1,0.175,0.35,0,0.12,0.25,0.1,0.175,0.35
2270,max_rounds,0,,,,,1,1,2,1,1,1,1,1,0,0,0,s1a3_greedy,1,0,0.10258559519425034,0.04708991390652954,29,3,3,0,0,-3,0,0,0.12,0.7,0.75,0.725,0.725,0,0.12,0.7,0.75,0.725,0.725,0,0.0,0.75,0.95,0.85,0.85,0,0.0,0.75,0.95,0.85,0.85
2271,no_strict_e1_improvement,0,,,,,1,0,1,1,0,1,0,1,0,0,-1,current,0,0,0.02699023257009685,0.02699023257009685,30,25,25,25,25,0,0,1,1.0,1.0,1.0,1.0,1.0,1,1.0,1.0,1.0,1.0,1.0,1,1.0,1.0,1.0,1.0,1.0,1,1.0,1.0,1.0,1.0,1.0
2272,max_rounds,0,,,,,1,1,2,1,1,1,1,1,0,0,0,s1a3_greedy,1,0,0.3273024708032608,0.253906364942668,18,13,13,17,17,4,0,0,0.52,0.65,0.3,0.475,0.5,0,0.52,0.65,0.3,0.475,0.5,0,0.68,0.6,0.5,0.55,0.65,0,0.68,0.6,0.5,0.55,0.65
2273,max_rounds,0,,,,,1,1,2,1,1,1,1,1,0,0,0,s1a3_greedy,1,0,0.32555438873823733,0.2602237114566378,13,1,1,1,1,0,0,0,0.04,0.35,0.1,0.225,0.325,0,0.04,0.35,0.1,0.225,0.325,0,0.04,0.2,0.15,0.175,0.325,0,0.04,0.2,0.15,0.175,0.325
2274,no_strict_e1_improvement,0,,,,,1,0,1,1,0,1,0,1,0,0,-1,current,0,0,0.039873957121744755,0.039873957121744755,33,0,0,0,0,0,0,0,0.0,0.75,0.95,0.85,0.85,0,0.0,0.75,0.95,0.85,0.85,0,0.0,0.75,0.95,0.85,0.85,0,0.0,0.75,0.95,0.85,0.85
2275,max_rounds,0,,,,,1,1,2,1,1,1,1,1,0,0,0,s1a3_greedy,1,0,0.12916763578541576,0.05721165589056909,28,21,21,25,25,4,0,0,0.84,0.65,0.8,0.725,0.8,0,0.84,0.65,0.8,0.725,0.8,1,1.0,1.0,1.0,1.0,1.0,1,1.0,1.0,1.0,1.0,1.0
2276,small_component,0,,,,,1,0,0,0,0,0,0,1,0,0,-1,current,0,0,0.3491183385252953,0.3491183385252953,17,3,3,3,3,0,0,0,0.12,0.2,0.1,0.15,0.3,0,0.12,0.2,0.1,0.15,0.3,0,0.12,0.2,0.1,0.15,0.3,0,0.12,0.2,0.1,0.15,0.3
2277,no_strict_e1_improvement,0,,,,,1,0,2,1,1,1,1,1,0,0,-1,current,0,0,0.12947874998208136,0.12947874998208136,27,0,0,0,0,0,0,0,0.0,0.75,0.95,0.85,0.85,0,0.0,0.75,0.95,0.85,0.85,0,0.0,0.75,0.95,0.85,0.85,0,0.0,0.75,0.95,0.85,0.85
2278,no_strict_e1_improvement,0,,,,,1,0,1,1,0,1,0,1,0,0,-1,current,0,0,0.040834213211201134,0.040834213211201134,31,25,25,25,25,0,0,1,1.0,1.0,1.0,1.0,1.0,1,1.0,1.0,1.0,1.0,1.0,1,1.0,1.0,1.0,1.0,1.0,1,1.0,1.0,1.0,1.0,1.0
2279,no_strict_e1_improvement,0,,,,,1,0,2,1,1,1,1,1,0,0,-1,current,0,0,0.1731413122266531,0.1731413122266531,25,0,0,0,0,0,0,0,0.0,0.6,0.85,0.725,0.775,0,0.0,0.6,0.85,0.725,0.775,0,0.0,0.6,0.85,0.725,0.775,0,0.0,0.6,0.85,0.725,0.775
2280,max_rounds,0,,,,,1,1,2,1,1,1,1,1,0,0,0,s1a3_greedy,1,0,0.2964051060145721,0.21847267665434628,16,2,2,0,0,-2,0,0,0.08,0.4,0.35,0.375,0.5,0,0.08,0.4,0.35,0.375,0.5,0,0.0,0.4,0.45,0.425,0.5,0,0.0,0.4,0.45,0.425,0.5
2281,max_rounds,0,,,,,1,1,2,1,1,1,1,1,0,0,0,s1a3_greedy,1,0,0.2838754805969074,0.24737410319503397,16,0,0,0,0,0,0,0,0.0,0.45,0.4,0.425,0.45,0,0.0,0.45,0.4,0.425,0.45,0,0.0,0.5,0.35,0.425,0.5,0,0.0,0.5,0.35,0.425,0.5
2282,no_strict_e1_improvement,0,,,,,1,0,1,1,0,1,0,1,0,0,-1,current,0,0,0.02452615990769118,0.02452615990769118,34,25,25,25,25,0,0,1,1.0,1.0,1.0,1.0,1.0,1,1.0,1.0,1.0,1.0,1.0,1,1.0,1.0,1.0,1.0,1.0,1,1.0,1.0,1.0,1.0,1.0
2283,no_strict_e1_improvement,0,,,,,1,0,2,1,1,1,1,1,0,0,-1,current,0,0,0.05638621172765852,0.05638621172765852,30,25,25,25,25,0,0,1,1.0,1.0,1.0,1.0,1.0,1,1.0,1.0,1.0,1.0,1.0,1,1.0,1.0,1.0,1.0,1.0,1,1.0,1.0,1.0,1.0,1.0
2284,max_rounds,0,,,,,1,1,2,1,1,1,1,1,0,0,0,s1a3_greedy,1,0,0.14933406427735463,0.11131230952451006,25,0,0,0,0,0,0,0,0.0,0.65,0.55,0.6,0.625,0,0.0,0.65,0.55,0.6,0.625,0,0.0,0.75,0.6,0.675,0.675,0,0.0,0.75,0.6,0.675,0.675
2285,max_rounds,0,,,,,1,1,2,1,1,1,1,1,0,0,0,s1a3_greedy,1,0,0.14239368681737688,0.11395732089877128,20,0,0,0,0,0,0,0,0.0,0.5,0.65,0.575,0.575,0,0.0,0.5,0.65,0.575,0.575,0,0.0,0.7,0.75,0.725,0.725,0,0.0,0.7,0.75,0.725,0.725
2286,no_strict_e1_improvement,0,,,,,1,0,1,1,0,1,0,1,0,0,-1,current,0,0,0.06939267497509718,0.06939267497509718,32,25,25,25,25,0,0,1,1.0,1.0,1.0,1.0,1.0,1,1.0,1.0,1.0,1.0,1.0,1,1.0,1.0,1.0,1.0,1.0,1,1.0,1.0,1.0,1.0,1.0
2287,no_strict_e1_improvement,0,,,,,1,0,1,1,0,1,0,1,0,0,-1,current,0,0,0.12739158726544703,0.12739158726544703,20,0,0,0,0,0,0,0,0.0,0.6,0.65,0.625,0.725,0,0.0,0.6,0.65,0.625,0.725,0,0.0,0.6,0.65,0.625,0.725,0,0.0,0.6,0.65,0.625,0.725
2288,no_strict_e1_improvement,0,,,,,1,0,1,1,0,1,0,1,0,0,-1,current,0,0,0.03485659165889956,0.03485659165889956,30,25,25,25,25,0,0,1,1.0,1.0,1.0,1.0,1.0,1,1.0,1.0,1.0,1.0,1.0,1,1.0,1.0,1.0,1.0,1.0,1,1.0,1.0,1.0,1.0,1.0
2289,no_strict_e1_improvement,0,,,,,1,0,1,1,0,1,0,1,0,0,-1,current,0,0,0.043869297800483764,0.043869297800483764,32,25,25,25,25,0,0,1,1.0,1.0,1.0,1.0,1.0,1,1.0,1.0,1.0,1.0,1.0,1,1.0,1.0,1.0,1.0,1.0,1,1.0,1.0,1.0,1.0,1.0
2290,no_strict_e1_improvement,0,,,,,1,0,1,1,0,1,0,1,0,0,-1,current,0,0,0.016153384200879372,0.016153384200879372,35,25,25,25,25,0,0,1,1.0,1.0,1.0,1.0,1.0,1,1.0,1.0,1.0,1.0,1.0,1,1.0,1.0,1.0,1.0,1.0,1,1.0,1.0,1.0,1.0,1.0
2291,max_rounds,0,,,,,1,1,2,1,1,1,1,1,0,0,0,s1a3_greedy,1,0,0.14181375936605037,0.125814665062353,22,0,0,0,0,0,0,0,0.0,0.8,0.65,0.725,0.725,0,0.0,0.8,0.65,0.725,0.725,0,0.0,1.0,0.75,0.875,0.875,0,0.0,1.0,0.75,0.875,0.875
2292,no_strict_e1_improvement,0,,,,,1,0,2,1,1,1,1,1,0,0,-1,current,0,0,0.1947325804270804,0.1947325804270804,22,0,0,0,0,0,0,0,0.0,0.75,0.6,0.675,0.725,0,0.0,0.75,0.6,0.675,0.725,0,0.0,0.75,0.6,0.675,0.725,0,0.0,0.75,0.6,0.675,0.725
2293,no_strict_e1_improvement,0,,,,,1,0,2,1,1,1,1,1,0,0,-1,current,0,0,0.10731970877386629,0.10731970877386629,26,21,21,21,21,0,0,0,0.84,0.8,0.7,0.75,0.8,0,0.84,0.8,0.7,0.75,0.8,0,0.84,0.8,0.7,0.75,0.8,0,0.84,0.8,0.7,0.75,0.8
2294,no_strict_e1_improvement,0,,,,,1,0,1,1,0,1,0,1,0,0,-1,current,0,0,0.031209990534262034,0.031209990534262034,28,0,0,0,0,0,0,0,0.0,0.75,1.0,0.875,0.875,0,0.0,0.75,1.0,0.875,0.875,0,0.0,0.75,1.0,0.875,0.875,0,0.0,0.75,1.0,0.875,0.875
2295,no_strict_e1_improvement,0,,,,,1,0,1,1,0,1,0,1,0,0,-1,current,0,0,0.042101548163191185,0.042101548163191185,23,23,23,23,23,0,0,0,0.92,0.85,0.9,0.875,0.875,0,0.92,0.85,0.9,0.875,0.875,0,0.92,0.85,0.9,0.875,0.875,0,0.92,0.85,0.9,0.875,0.875
2296,no_strict_e1_improvement,0,,,,,1,0,2,1,1,1,1,1,0,0,-1,current,0,0,0.1654968135524541,0.1654968135524541,19,0,0,0,0,0,0,0,0.0,0.35,0.5,0.425,0.45,0,0.0,0.35,0.5,0.425,0.45,0,0.0,0.35,0.5,0.425,0.45,0,0.0,0.35,0.5,0.425,0.45
2297,no_strict_e1_improvement,0,,,,,1,0,2,1,1,1,1,1,0,0,-1,current,0,0,0.0765453995030839,0.0765453995030839,27,2,2,2,2,0,0,0,0.08,0.7,0.8,0.75,0.75,0,0.08,0.7,0.8,0.75,0.75,0,0.08,0.7,0.8,0.75,0.75,0,0.08,0.7,0.8,0.75,0.75
2298,no_strict_e1_improvement,0,,,,,1,0,1,1,0,1,0,1,0,0,-1,current,0,0,0.023831232776865365,0.023831232776865365,32,25,25,25,25,0,0,1,1.0,1.0,1.0,1.0,1.0,1,1.0,1.0,1.0,1.0,1.0,1,1.0,1.0,1.0,1.0,1.0,1,1.0,1.0,1.0,1.0,1.0
2299,small_component,0,,,,,1,0,0,0,0,0,0,1,0,0,-1,current,0,0,0.24982260982505977,0.24982260982505977,17,0,0,0,0,0,0,0,0.0,0.25,0.4,0.325,0.375,0,0.0,0.25,0.4,0.325,0.375,0,0.0,0.25,0.4,0.325,0.375,0,0.0,0.25,0.4,0.325,0.375
2300,max_rounds,0,,,,,1,1,2,1,1,1,1,1,0,0,0,s1a3_greedy,1,0,0.18795041642151772,0.04594032557215542,23,16,16,25,25,9,0,0,0.64,0.65,0.55,0.6,0.65,0,0.64,0.65,0.55,0.6,0.65,1,1.0,1.0,1.0,1.0,1.0,1,1.0,1.0,1.0,1.0,1.0
2301,no_strict_e1_improvement,0,,,,,1,0,1,1,0,1,0,1,0,0,-1,current,0,0,0.010433329711668193,0.010433329711668193,29,25,25,25,25,0,0,1,1.0,1.0,1.0,1.0,1.0,1,1.0,1.0,1.0,1.0,1.0,1,1.0,1.0,1.0,1.0,1.0,1,1.0,1.0,1.0,1.0,1.0
2302,no_strict_e1_improvement,0,,,,,1,0,2,1,1,1,1,1,0,0,-1,current,0,0,0.13348552298266442,0.13348552298266442,21,0,0,0,0,0,0,0,0.0,0.5,0.4,0.45,0.5,0,0.0,0.5,0.4,0.45,0.5,0,0.0,0.5,0.4,0.45,0.5,0,0.0,0.5,0.4,0.45,0.5
2303,no_strict_e1_improvement,0,,,,,1,0,2,1,1,1,1,1,0,0,-1,current,0,0,0.17634561838349327,0.17634561838349327,25,0,0,0,0,0,0,0,0.0,0.6,0.65,0.625,0.625,0,0.0,0.6,0.65,0.625,0.625,0,0.0,0.6,0.65,0.625,0.625,0,0.0,0.6,0.65,0.625,0.625
2304,max_rounds,0,,,,,1,1,2,1,1,1,1,1,0,0,0,s1a3_greedy,1,0,0.21132460040971637,0.20276551498100162,16,0,0,0,0,0,0,0,0.0,0.35,0.7,0.525,0.525,0,0.0,0.35,0.7,0.525,0.525,0,0.0,0.3,0.65,0.475,0.6,0,0.0,0.3,0.65,0.475,0.6
2305,partial_completed__no_strict_e1_improvement,1,,5,2,4,1,0,2,1,1,1,1,1,0,0,-1,current,1,0,0.15892322016879917,0.15892322016879917,19,0,19,19,19,19,0,0,0.0,0.55,0.6,0.575,0.575,0,0.76,0.65,0.75,0.7,0.725,0,0.76,0.65,0.75,0.7,0.725,0,0.76,0.65,0.75,0.7,0.725
2306,max_rounds,0,,,,,1,1,2,1,1,1,1,1,0,0,0,s1a3_greedy,1,0,0.2910209914436564,0.2552636342115875,10,0,0,0,0,0,0,0,0.0,0.3,0.1,0.2,0.3,0,0.0,0.3,0.1,0.2,0.3,0,0.0,0.25,0.05,0.15,0.25,0,0.0,0.25,0.05,0.15,0.25
2307,max_rounds,0,,,,,1,1,2,1,1,1,1,1,0,0,0,s1a3_greedy,1,0,0.08797172589693218,0.07263979334384203,28,2,2,1,1,-1,0,0,0.08,0.65,0.75,0.7,0.7,0,0.08,0.65,0.75,0.7,0.7,0,0.04,0.7,0.8,0.75,0.75,0,0.04,0.7,0.8,0.75,0.75
2308,max_rounds,0,,,,,1,1,2,1,1,1,1,1,0,0,0,s1a3_greedy,1,0,0.18849972486495972,0.13535470375791192,24,1,1,0,0,-1,0,0,0.04,0.55,0.65,0.6,0.675,0,0.04,0.55,0.65,0.6,0.675,0,0.0,0.75,0.8,0.775,0.825,0,0.0,0.75,0.8,0.775,0.825
2309,max_rounds,0,,,,,1,1,2,1,1,1,1,1,0,0,0,s1a3_greedy,1,0,0.10147059131413698,0.025702996412292123,31,22,22,23,23,1,0,0,0.88,0.8,0.8,0.8,0.825,0,0.88,0.8,0.8,0.8,0.825,0,0.92,0.9,0.9,0.9,0.925,0,0.92,0.9,0.9,0.9,0.925
2310,max_rounds,0,,,,,1,1,2,1,1,1,1,1,0,0,0,s1a3_greedy,1,0,0.21713655428029596,0.07637342289090157,27,0,0,0,0,0,0,0,0.0,0.55,0.75,0.65,0.675,0,0.0,0.55,0.75,0.65,0.675,0,0.0,0.75,0.95,0.85,0.85,0,0.0,0.75,0.95,0.85,0.85
2311,max_rounds,0,,,,,1,1,2,1,1,1,1,1,0,0,0,s1a3_greedy,1,0,0.2303369382279925,0.2013740184949711,16,0,0,0,0,0,0,0,0.0,0.35,0.4,0.375,0.425,0,0.0,0.35,0.4,0.375,0.425,0,0.0,0.5,0.4,0.45,0.5,0,0.0,0.5,0.4,0.45,0.5
2312,max_rounds,0,,,,,1,1,2,1,1,1,1,1,0,0,0,s1a3_greedy,1,0,0.1567100312502589,0.07591718923649751,26,0,0,0,0,0,0,0,0.0,0.55,0.85,0.7,0.725,0,0.0,0.55,0.85,0.7,0.725,0,0.0,0.75,0.95,0.85,0.85,0,0.0,0.75,0.95,0.85,0.85
2313,max_rounds,0,,,,,1,1,2,1,1,1,1,1,0,0,0,s1a3_greedy,1,0,0.1181447606999427,0.09253848721273243,26,0,0,0,0,0,0,0,0.0,0.75,0.85,0.8,0.8,0,0.0,0.75,0.85,0.8,0.8,0,0.0,0.75,1.0,0.875,0.875,0,0.0,0.75,1.0,0.875,0.875
2314,max_rounds,0,,,,,1,1,2,1,1,1,1,1,0,0,0,s1a3_greedy,1,0,0.11773694543808233,0.10182618513645139,25,21,21,21,21,0,0,0,0.84,0.8,0.85,0.825,0.875,0,0.84,0.8,0.85,0.825,0.875,0,0.84,0.8,0.9,0.85,0.85,0,0.84,0.8,0.9,0.85,0.85
2315,small_component,0,,,,,1,0,0,0,0,0,0,1,0,0,-1,current,0,0,0.2919573881838005,0.2919573881838005,16,3,3,3,3,0,0,0,0.12,0.05,0.15,0.1,0.325,0,0.12,0.05,0.15,0.1,0.325,0,0.12,0.05,0.15,0.1,0.325,0,0.12,0.05,0.15,0.1,0.325
2316,max_rounds,0,,,,,1,1,2,1,1,1,1,1,0,0,0,s1a3_greedy,1,0,0.23612602665089072,0.1075447334907949,15,2,2,2,2,0,0,0,0.08,0.3,0.45,0.375,0.425,0,0.08,0.3,0.45,0.375,0.425,0,0.08,0.25,0.5,0.375,0.5,0,0.08,0.25,0.5,0.375,0.5
2317,max_rounds,0,,,,,1,1,2,1,1,1,1,1,0,0,0,s1a3_greedy,1,0,0.22104246725793927,0.18645985228940845,20,13,13,13,13,0,0,0,0.52,0.4,0.7,0.55,0.6,0,0.52,0.4,0.7,0.55,0.6,0,0.52,0.5,0.65,0.575,0.6,0,0.52,0.5,0.65,0.575,0.6
2318,max_rounds,0,,,,,1,1,2,1,1,1,1,1,0,0,0,s1a3_greedy,1,0,0.13723756429972128,0.07258111913106405,18,9,9,1,1,-8,0,0,0.36,0.55,0.35,0.45,0.55,0,0.36,0.55,0.35,0.45,0.55,0,0.04,0.55,0.65,0.6,0.65,0,0.04,0.55,0.65,0.6,0.65
2319,no_strict_e1_improvement,0,,,,,1,0,1,1,0,1,0,1,0,0,-1,current,0,0,0.033743137936107816,0.033743137936107816,35,25,25,25,25,0,0,1,1.0,1.0,1.0,1.0,1.0,1,1.0,1.0,1.0,1.0,1.0,1,1.0,1.0,1.0,1.0,1.0,1,1.0,1.0,1.0,1.0,1.0
2320,no_strict_e1_improvement,0,,,,,1,0,1,1,0,1,0,1,0,0,-1,current,0,0,0.04762173473718576,0.04762173473718576,31,23,23,23,23,0,0,0,0.92,0.9,0.8,0.85,0.875,0,0.92,0.9,0.8,0.85,0.875,0,0.92,0.9,0.8,0.85,0.875,0,0.92,0.9,0.8,0.85,0.875
2321,no_strict_e1_improvement,0,,,,,1,0,1,1,0,1,0,1,0,0,-1,current,0,0,0.022388469893485308,0.022388469893485308,34,25,25,25,25,0,0,1,1.0,1.0,1.0,1.0,1.0,1,1.0,1.0,1.0,1.0,1.0,1,1.0,1.0,1.0,1.0,1.0,1,1.0,1.0,1.0,1.0,1.0
2322,no_strict_e1_improvement,0,,,,,1,0,1,1,0,1,0,1,0,0,-1,current,0,0,0.05117826265050098,0.05117826265050098,26,25,25,25,25,0,0,1,1.0,1.0,1.0,1.0,1.0,1,1.0,1.0,1.0,1.0,1.0,1,1.0,1.0,1.0,1.0,1.0,1,1.0,1.0,1.0,1.0,1.0
2323,max_rounds,0,,,,,1,1,2,1,1,1,1,1,0,0,0,s1a3_greedy,1,0,0.1520679249195382,0.14859932936960832,22,14,14,14,14,0,0,0,0.56,0.5,0.55,0.525,0.625,0,0.56,0.5,0.55,0.525,0.625,0,0.56,0.5,0.5,0.5,0.55,0,0.56,0.5,0.5,0.5,0.55
2324,max_rounds,0,,,,,1,1,2,1,1,1,1,1,0,0,0,s1a3_greedy,1,0,0.09024627860635519,0.08509179011452943,26,3,3,5,5,2,0,0,0.12,0.7,0.75,0.725,0.725,0,0.12,0.7,0.75,0.725,0.725,0,0.2,0.8,0.7,0.75,0.75,0,0.2,0.8,0.7,0.75,0.75
2325,max_rounds,0,,,,,1,1,2,1,1,1,1,1,0,0,0,s1a3_greedy,1,0,0.2692755689378828,0.2286704609869048,22,0,0,1,1,1,0,0,0.0,0.35,0.45,0.4,0.425,0,0.0,0.35,0.45,0.4,0.425,0,0.04,0.35,0.5,0.425,0.55,0,0.04,0.35,0.5,0.425,0.55
2326,no_strict_e1_improvement,0,,,,,1,0,1,1,0,1,0,1,0,0,-1,current,0,0,0.03938739974983037,0.03938739974983037,34,25,25,25,25,0,0,1,1.0,1.0,1.0,1.0,1.0,1,1.0,1.0,1.0,1.0,1.0,1,1.0,1.0,1.0,1.0,1.0,1,1.0,1.0,1.0,1.0,1.0
2327,partial_completed__no_strict_e1_improvement,1,,5,2,4,1,0,2,1,1,1,1,1,0,0,-1,current,1,0,0.1077167927287519,0.1077167927287519,26,0,4,4,4,4,0,0,0.0,0.6,0.65,0.625,0.625,0,0.16,0.7,0.65,0.675,0.675,0,0.16,0.7,0.65,0.675,0.675,0,0.16,0.7,0.65,0.675,0.675
2328,no_strict_e1_improvement,0,,,,,1,0,2,1,1,1,1,1,0,0,-1,current,0,0,0.07110136157134547,0.07110136157134547,28,0,0,0,0,0,0,0,0.0,0.75,0.9,0.825,0.825,0,0.0,0.75,0.9,0.825,0.825,0,0.0,0.75,0.9,0.825,0.825,0,0.0,0.75,0.9,0.825,0.825
2329,partial_completed__max_rounds,1,,10,3,6,1,1,2,1,1,1,1,1,0,0,0,s1a3_greedy,1,0,0.20999920614995063,0.12080715819029138,19,10,13,22,22,12,0,0,0.4,0.25,0.3,0.275,0.275,0,0.52,0.4,0.4,0.4,0.525,0,0.88,0.85,0.9,0.875,0.875,0,0.88,0.85,0.9,0.875,0.875
2330,no_strict_e1_improvement,0,,,,,1,0,2,1,1,1,1,1,0,0,-1,current,0,0,0.07592370422789826,0.07592370422789826,25,0,0,0,0,0,0,0,0.0,0.55,0.85,0.7,0.725,0,0.0,0.55,0.85,0.7,0.725,0,0.0,0.55,0.85,0.7,0.725,0,0.0,0.55,0.85,0.7,0.725
2331,partial_completed__small_component,1,,5,2,4,1,0,0,0,0,0,0,1,0,0,-1,current,1,0,0.2880965503398329,0.2880965503398329,20,0,0,0,0,0,0,0,0.0,0.1,0.4,0.25,0.325,0,0.0,0.15,0.4,0.275,0.375,0,0.0,0.15,0.4,0.275,0.375,0,0.0,0.15,0.4,0.275,0.375
2332,max_rounds,0,,,,,1,1,2,1,1,1,1,1,0,0,0,s1a3_greedy,1,0,0.28854556085061633,0.23030882008315529,16,0,0,0,0,0,0,0,0.0,0.2,0.3,0.25,0.325,0,0.0,0.2,0.3,0.25,0.325,0,0.0,0.15,0.2,0.175,0.25,0,0.0,0.15,0.2,0.175,0.25
2333,max_rounds,0,,,,,1,1,2,1,1,1,1,1,0,0,0,s1a3_greedy,1,0,0.14747383411595366,0.05058660768991104,22,5,5,0,0,-5,0,0,0.2,0.35,0.6,0.475,0.55,0,0.2,0.35,0.6,0.475,0.55,0,0.0,0.75,0.8,0.775,0.8,0,0.0,0.75,0.8,0.775,0.8
2334,max_rounds,0,,,,,1,1,2,1,1,1,1,1,0,0,0,s1a3_greedy,1,0,0.21433571707748342,0.18780399253300856,20,4,4,1,1,-3,0,0,0.16,0.3,0.4,0.35,0.4,0,0.16,0.3,0.4,0.35,0.4,0,0.04,0.4,0.55,0.475,0.55,0,0.04,0.4,0.55,0.475,0.55
2335,max_rounds,0,,,,,1,1,2,1,1,1,1,1,0,0,0,s1a3_greedy,1,0,0.16934172318142374,0.16092874363821466,27,0,0,0,0,0,0,0,0.0,0.8,0.65,0.725,0.775,0,0.0,0.8,0.65,0.725,0.775,0,0.0,0.85,0.75,0.8,0.825,0,0.0,0.85,0.75,0.8,0.825
2336,max_rounds,0,,,,,1,1,2,1,1,1,1,1,0,0,0,s1a3_greedy,1,0,0.1436639353109058,0.050343766871083065,28,17,17,23,23,6,0,0,0.68,0.85,0.65,0.75,0.75,0,0.68,0.85,0.65,0.75,0.75,0,0.92,0.8,0.9,0.85,0.9,0,0.92,0.8,0.9,0.85,0.9
2337,max_rounds,0,,,,,1,1,2,1,1,1,1,1,0,0,0,s1a3_greedy,1,0,0.24297023927792907,0.1770018108189106,14,0,0,0,0,0,0,0,0.0,0.3,0.45,0.375,0.45,0,0.0,0.3,0.45,0.375,0.45,0,0.0,0.4,0.5,0.45,0.475,0,0.0,0.4,0.5,0.45,0.475
2338,max_rounds,0,,,,,1,1,2,1,1,1,1,1,0,0,0,s1a3_greedy,1,0,0.30132531390991063,0.18738143767695875,15,0,0,0,0,0,0,0,0.0,0.35,0.2,0.275,0.375,0,0.0,0.35,0.2,0.275,0.375,0,0.0,0.45,0.4,0.425,0.475,0,0.0,0.45,0.4,0.425,0.475
2339,max_rounds,0,,,,,1,1,2,1,1,1,1,1,0,0,0,s1a3_greedy,1,0,0.2151042828336358,0.131114118732512,29,18,18,20,20,2,0,0,0.72,0.8,0.65,0.725,0.775,0,0.72,0.8,0.65,0.725,0.775,0,0.8,0.95,0.75,0.85,0.85,0,0.8,0.95,0.75,0.85,0.85
2340,max_rounds,0,,,,,1,1,2,1,1,1,1,1,0,0,0,s1a3_greedy,1,0,0.2352978750015609,0.1923165594582315,17,0,0,0,0,0,0,0,0.0,0.35,0.15,0.25,0.3,0,0.0,0.35,0.15,0.25,0.3,0,0.0,0.45,0.25,0.35,0.4,0,0.0,0.45,0.25,0.35,0.4
2341,no_strict_e1_improvement,0,,,,,1,0,2,1,1,1,1,1,0,0,-1,current,0,0,0.11407943037338555,0.11407943037338555,26,0,0,0,0,0,0,0,0.0,0.75,0.75,0.75,0.75,0,0.0,0.75,0.75,0.75,0.75,0,0.0,0.75,0.75,0.75,0.75,0,0.0,0.75,0.75,0.75,0.75
2342,no_strict_e1_improvement,0,,,,,1,0,1,1,0,1,0,1,0,0,-1,current,0,0,0.06443591206334531,0.06443591206334531,29,25,25,25,25,0,0,1,1.0,1.0,1.0,1.0,1.0,1,1.0,1.0,1.0,1.0,1.0,1,1.0,1.0,1.0,1.0,1.0,1,1.0,1.0,1.0,1.0,1.0
2343,max_rounds,0,,,,,1,1,2,1,1,1,1,1,0,0,0,s1a3_greedy,1,0,0.13483356864890084,0.10753499449929223,23,0,0,0,0,0,0,0,0.0,0.8,0.4,0.6,0.65,0,0.0,0.8,0.4,0.6,0.65,0,0.0,0.65,0.45,0.55,0.55,0,0.0,0.65,0.45,0.55,0.55
2344,max_rounds,0,,,,,1,1,2,1,1,1,1,1,0,0,0,s1a3_greedy,1,0,0.29628785707427596,0.28599507964681836,17,0,0,1,1,1,0,0,0.0,0.35,0.55,0.45,0.55,0,0.0,0.35,0.55,0.45,0.55,0,0.04,0.3,0.6,0.45,0.5,0,0.04,0.3,0.6,0.45,0.5
2345,max_rounds,0,,,,,1,1,2,1,1,1,1,1,0,0,0,s1a3_greedy,1,0,0.2695740211638622,0.20384412914863786,21,0,0,0,0,0,0,0,0.0,0.6,0.35,0.475,0.575,0,0.0,0.6,0.35,0.475,0.575,0,0.0,0.5,0.4,0.45,0.5,0,0.0,0.5,0.4,0.45,0.5
2346,max_rounds,0,,,,,1,1,2,1,1,1,1,1,0,0,0,s1a3_greedy,1,0,0.1885206268110778,0.07358042855630628,24,2,2,10,10,8,0,0,0.08,0.65,0.3,0.475,0.5,0,0.08,0.65,0.3,0.475,0.5,0,0.4,1.0,0.25,0.625,0.625,0,0.4,1.0,0.25,0.625,0.625
2347,no_strict_e1_improvement,0,,,,,1,0,2,1,1,1,1,1,0,0,-1,current,0,0,0.065197447699029,0.065197447699029,30,25,25,25,25,0,0,1,1.0,1.0,1.0,1.0,1.0,1,1.0,1.0,1.0,1.0,1.0,1,1.0,1.0,1.0,1.0,1.0,1,1.0,1.0,1.0,1.0,1.0
2348,no_strict_e1_improvement,0,,,,,1,0,1,1,0,1,0,1,0,0,-1,current,0,0,0.0720429876120761,0.0720429876120761,22,22,22,22,22,0,0,0,0.88,0.9,0.85,0.875,0.875,0,0.88,0.9,0.85,0.875,0.875,0,0.88,0.9,0.85,0.875,0.875,0,0.88,0.9,0.85,0.875,0.875
2349,partial_completed__no_strict_e1_improvement,1,,5,2,4,1,0,2,1,1,1,1,1,0,0,-1,current,1,0,0.18106478310655802,0.18106478310655802,24,0,9,9,9,9,0,0,0.0,0.5,0.65,0.575,0.625,0,0.36,0.55,0.65,0.6,0.65,0,0.36,0.55,0.65,0.6,0.65,0,0.36,0.55,0.65,0.6,0.65
2350,partial_completed__no_strict_e1_improvement,1,,10,3,6,1,0,2,1,1,1,1,1,0,0,-1,current,1,0,0.039167334166995714,0.039167334166995714,14,1,2,2,2,1,0,0,0.04,0.35,0.3,0.325,0.325,0,0.08,0.35,0.3,0.325,0.35,0,0.08,0.35,0.3,0.325,0.35,0,0.08,0.35,0.3,0.325,0.35
2351,no_strict_e1_improvement,0,,,,,1,0,2,1,1,1,1,1,0,0,-1,current,0,0,0.14242268076050096,0.14242268076050096,20,3,3,3,3,0,0,0,0.12,0.6,0.65,0.625,0.625,0,0.12,0.6,0.65,0.625,0.625,0,0.12,0.6,0.65,0.625,0.625,0,0.12,0.6,0.65,0.625,0.625
2352,small_component,0,,,,,1,0,0,0,0,0,0,1,0,0,-1,current,0,0,0.21957053680089303,0.21957053680089303,16,0,0,0,0,0,0,0,0.0,0.25,0.05,0.15,0.275,0,0.0,0.25,0.05,0.15,0.275,0,0.0,0.25,0.05,0.15,0.275,0,0.0,0.25,0.05,0.15,0.275
2353,max_rounds,0,,,,,1,1,2,1,1,1,1,1,0,0,0,s1a3_greedy,1,0,0.16529438084689901,0.05629328895593062,28,0,0,0,0,0,0,0,0.0,0.45,0.6,0.525,0.575,0,0.0,0.45,0.6,0.525,0.575,0,0.0,0.75,0.9,0.825,0.825,0,0.0,0.75,0.9,0.825,0.825
2354,no_strict_e1_improvement,0,,,,,1,0,2,1,1,1,1,1,0,0,-1,current,0,0,0.07537169582210482,0.07537169582210482,26,23,23,23,23,0,0,0,0.92,0.85,0.8,0.825,0.825,0,0.92,0.85,0.8,0.825,0.825,0,0.92,0.85,0.8,0.825,0.825,0,0.92,0.85,0.8,0.825,0.825
2355,max_rounds,0,,,,,1,1,2,1,1,1,1,1,0,0,0,s1a3_greedy,1,0,0.07768756175646559,0.06453204645076767,31,21,21,25,25,4,0,0,0.84,0.9,0.8,0.85,0.9,0,0.84,0.9,0.8,0.85,0.9,1,1.0,1.0,1.0,1.0,1.0,1,1.0,1.0,1.0,1.0,1.0
2356,max_rounds,0,,,,,1,1,2,1,1,1,1,1,0,0,0,s1a3_greedy,1,0,0.16433341195224785,0.14011606760323048,21,19,19,16,16,-3,0,0,0.76,0.8,0.75,0.775,0.775,0,0.76,0.8,0.75,0.775,0.775,0,0.64,0.65,0.5,0.575,0.625,0,0.64,0.65,0.5,0.575,0.625
2357,no_strict_e1_improvement,0,,,,,1,0,2,1,1,1,1,1,0,0,-1,current,0,0,0.08952444374444894,0.08952444374444894,31,20,20,20,20,0,0,0,0.8,0.7,0.8,0.75,0.75,0,0.8,0.7,0.8,0.75,0.75,0,0.8,0.7,0.8,0.75,0.75,0,0.8,0.7,0.8,0.75,0.75
2358,max_rounds,0,,,,,1,1,2,1,1,1,1,1,0,0,0,s1a3_greedy,1,0,0.22677029883489014,0.19894686366897077,17,1,1,1,1,0,0,0,0.04,0.4,0.3,0.35,0.45,0,0.04,0.4,0.3,0.35,0.45,0,0.04,0.3,0.5,0.4,0.525,0,0.04,0.3,0.5,0.4,0.525
2359,max_rounds,0,,,,,1,1,2,1,1,1,1,1,0,0,0,s1a3_greedy,1,0,0.17722260602749884,0.1565097608603537,17,0,0,0,0,0,0,0,0.0,0.5,0.55,0.525,0.55,0,0.0,0.5,0.55,0.525,0.55,0,0.0,0.4,0.4,0.4,0.425,0,0.0,0.4,0.4,0.4,0.425
2360,no_strict_e1_improvement,0,,,,,1,0,2,1,1,1,1,1,0,0,-1,current,0,0,0.1347622762201354,0.1347622762201354,25,0,0,0,0,0,0,0,0.0,0.65,0.65,0.65,0.675,0,0.0,0.65,0.65,0.65,0.675,0,0.0,0.65,0.65,0.65,0.675,0,0.0,0.65,0.65,0.65,0.675
2361,partial_completed__small_component,1,,5,2,4,1,0,0,0,0,0,0,1,0,0,-1,current,1,0,0.30459970684023574,0.30459970684023574,16,1,1,1,1,0,0,0,0.04,0.4,0.05,0.225,0.275,0,0.04,0.4,0.05,0.225,0.325,0,0.04,0.4,0.05,0.225,0.325,0,0.04,0.4,0.05,0.225,0.325
2362,no_strict_e1_improvement,0,,,,,1,0,1,1,0,1,0,1,0,0,-1,current,0,0,0.04466190076200292,0.04466190076200292,35,0,0,0,0,0,0,0,0.0,0.75,0.75,0.75,0.75,0,0.0,0.75,0.75,0.75,0.75,0,0.0,0.75,0.75,0.75,0.75,0,0.0,0.75,0.75,0.75,0.75
2363,small_component,0,,,,,1,0,0,0,0,0,0,1,0,0,-1,current,0,0,0.17658355702151313,0.17658355702151313,16,0,0,0,0,0,0,0,0.0,0.45,0.05,0.25,0.275,0,0.0,0.45,0.05,0.25,0.275,0,0.0,0.45,0.05,0.25,0.275,0,0.0,0.45,0.05,0.25,0.275
2364,no_strict_e1_improvement,0,,,,,1,0,1,1,0,1,0,1,0,0,-1,current,0,0,0.018820348009467126,0.018820348009467126,34,25,25,25,25,0,0,1,1.0,1.0,1.0,1.0,1.0,1,1.0,1.0,1.0,1.0,1.0,1,1.0,1.0,1.0,1.0,1.0,1,1.0,1.0,1.0,1.0,1.0
2365,max_rounds,0,,,,,1,1,2,1,1,1,1,1,0,0,0,s1a3_greedy,1,0,0.22184745333074715,0.2207459696481237,10,0,0,0,0,0,0,0,0.0,0.35,0.45,0.4,0.4,0,0.0,0.35,0.45,0.4,0.4,0,0.0,0.25,0.6,0.425,0.45,0,0.0,0.25,0.6,0.425,0.45
2366,no_strict_e1_improvement,0,,,,,1,0,1,1,0,1,0,1,0,0,-1,current,0,0,0.0279365552472882,0.0279365552472882,32,25,25,25,25,0,0,1,1.0,1.0,1.0,1.0,1.0,1,1.0,1.0,1.0,1.0,1.0,1,1.0,1.0,1.0,1.0,1.0,1,1.0,1.0,1.0,1.0,1.0
2367,no_strict_e1_improvement,0,,,,,1,0,2,1,1,1,1,1,0,0,-1,current,0,0,0.23898227935424074,0.23898227935424074,17,1,1,1,1,0,0,0,0.04,0.6,0.3,0.45,0.575,0,0.04,0.6,0.3,0.45,0.575,0,0.04,0.6,0.3,0.45,0.575,0,0.04,0.6,0.3,0.45,0.575
2368,no_strict_e1_improvement,0,,,,,1,0,2,1,1,1,1,1,0,0,-1,current,0,0,0.2498306519468315,0.2498306519468315,16,0,0,0,0,0,0,0,0.0,0.0,0.15,0.075,0.25,0,0.0,0.0,0.15,0.075,0.25,0,0.0,0.0,0.15,0.075,0.25,0,0.0,0.0,0.15,0.075,0.25
2369,max_rounds,0,,,,,1,1,2,1,1,1,1,1,0,0,0,s1a3_greedy,1,0,0.29796139902900903,0.2787511643720791,17,0,0,0,0,0,0,0,0.0,0.35,0.5,0.425,0.525,0,0.0,0.35,0.5,0.425,0.525,0,0.0,0.3,0.5,0.4,0.525,0,0.0,0.3,0.5,0.4,0.525
2370,no_strict_e1_improvement,0,,,,,1,0,1,1,0,1,0,1,0,0,-1,current,0,0,0.068810791708529,0.068810791708529,31,25,25,25,25,0,0,1,1.0,1.0,1.0,1.0,1.0,1,1.0,1.0,1.0,1.0,1.0,1,1.0,1.0,1.0,1.0,1.0,1,1.0,1.0,1.0,1.0,1.0
2371,max_rounds,0,,,,,1,1,2,1,1,1,1,1,0,0,0,s1a3_greedy,1,0,0.3361538162454963,0.2790611799573526,14,0,0,0,0,0,0,0,0.0,0.4,0.3,0.35,0.425,0,0.0,0.4,0.3,0.35,0.425,0,0.0,0.55,0.3,0.425,0.525,0,0.0,0.55,0.3,0.425,0.525
2372,max_rounds,0,,,,,1,1,2,1,1,1,1,1,0,0,0,s1a3_greedy,1,0,0.24866862201597542,0.12128070424078033,14,3,3,2,2,-1,0,0,0.12,0.15,0.55,0.35,0.425,0,0.12,0.15,0.55,0.35,0.425,0,0.08,0.35,0.5,0.425,0.55,0,0.08,0.35,0.5,0.425,0.55
2373,max_rounds,0,,,,,1,1,2,1,1,1,1,1,0,0,0,s1a3_greedy,1,0,0.30085355658084156,0.0735685286577791,27,15,15,23,23,8,0,0,0.6,0.55,0.6,0.575,0.625,0,0.6,0.55,0.6,0.575,0.625,0,0.92,0.8,0.85,0.825,0.85,0,0.92,0.8,0.85,0.825,0.85
2374,small_component,0,,,,,1,0,0,0,0,0,0,1,0,0,-1,current,0,0,0.22081762060552138,0.22081762060552138,22,2,2,2,2,0,0,0,0.08,0.65,0.8,0.725,0.725,0,0.08,0.65,0.8,0.725,0.725,0,0.08,0.65,0.8,0.725,0.725,0,0.08,0.65,0.8,0.725,0.725
2375,no_strict_e1_improvement,0,,,,,1,0,1,1,0,1,0,1,0,0,-1,current,0,0,0.097447022004053,0.097447022004053,30,0,0,0,0,0,0,0,0.0,0.9,0.75,0.825,0.825,0,0.0,0.9,0.75,0.825,0.825,0,0.0,0.9,0.75,0.825,0.825,0,0.0,0.9,0.75,0.825,0.825
2376,max_rounds,0,,,,,1,1,2,1,1,1,1,1,0,0,0,s1a3_greedy,1,0,0.21739609974902124,0.08882951044943184,24,18,18,21,21,3,0,0,0.72,0.7,0.7,0.7,0.85,0,0.72,0.7,0.7,0.7,0.85,0,0.84,0.65,0.8,0.725,0.8,0,0.84,0.65,0.8,0.725,0.8
2377,max_rounds,0,,,,,1,1,2,1,1,1,1,1,0,0,0,s1a3_greedy,1,0,0.16459899144247175,0.11534111821238184,20,20,20,15,15,-5,0,0,0.8,0.65,0.6,0.625,0.65,0,0.8,0.65,0.6,0.625,0.65,0,0.6,0.55,0.75,0.65,0.725,0,0.6,0.55,0.75,0.65,0.725
2378,no_strict_e1_improvement,0,,,,,1,0,2,1,1,1,1,1,0,0,-1,current,0,0,0.20872797542251648,0.20872797542251648,20,0,0,0,0,0,0,0,0.0,0.5,0.35,0.425,0.45,0,0.0,0.5,0.35,0.425,0.45,0,0.0,0.5,0.35,0.425,0.45,0,0.0,0.5,0.35,0.425,0.45
2379,max_rounds,0,,,,,1,1,2,1,1,1,1,1,0,0,0,s1a3_greedy,1,0,0.17135368349263444,0.10724178614327684,25,0,0,0,0,0,0,0,0.0,0.55,0.6,0.575,0.625,0,0.0,0.55,0.6,0.575,0.625,0,0.0,0.7,0.65,0.675,0.7,0,0.0,0.7,0.65,0.675,0.7
2380,no_strict_e1_improvement,0,,,,,1,0,2,1,1,1,1,1,0,0,-1,current,0,0,0.2797482426627539,0.2797482426627539,15,0,0,0,0,0,0,0,0.0,0.2,0.15,0.175,0.225,0,0.0,0.2,0.15,0.175,0.225,0,0.0,0.2,0.15,0.175,0.225,0,0.0,0.2,0.15,0.175,0.225
2381,no_strict_e1_improvement,0,,,,,1,0,1,1,0,1,0,1,0,0,-1,current,0,0,0.13817010829225182,0.13817010829225182,25,0,0,0,0,0,0,0,0.0,0.65,0.7,0.675,0.675,0,0.0,0.65,0.7,0.675,0.675,0,0.0,0.65,0.7,0.675,0.675,0,0.0,0.65,0.7,0.675,0.675
2382,max_rounds,0,,,,,1,1,2,1,1,1,1,1,0,0,0,s1a3_greedy,1,0,0.27101593723054973,0.18497198026052503,16,0,0,0,0,0,0,0,0.0,0.2,0.3,0.25,0.375,0,0.0,0.2,0.3,0.25,0.375,0,0.0,0.5,0.5,0.5,0.575,0,0.0,0.5,0.5,0.5,0.575
2383,no_strict_e1_improvement,0,,,,,1,0,2,1,1,1,1,1,0,0,-1,current,0,0,0.1480507097672671,0.1480507097672671,18,0,0,0,0,0,0,0,0.0,0.55,0.85,0.7,0.75,0,0.0,0.55,0.85,0.7,0.75,0,0.0,0.55,0.85,0.7,0.75,0,0.0,0.55,0.85,0.7,0.75
2384,max_rounds,0,,,,,1,1,2,1,1,1,1,1,0,0,0,s1a3_greedy,1,0,0.12050389335490763,0.055399662884883585,27,22,22,25,25,3,0,0,0.88,0.8,0.75,0.775,0.775,0,0.88,0.8,0.75,0.775,0.775,1,1.0,1.0,1.0,1.0,1.0,1,1.0,1.0,1.0,1.0,1.0
2385,no_strict_e1_improvement,0,,,,,1,0,1,1,0,1,0,1,0,0,-1,current,0,0,0.02404089067131281,0.02404089067131281,33,23,23,23,23,0,0,0,0.92,0.8,0.85,0.825,0.85,0,0.92,0.8,0.85,0.825,0.85,0,0.92,0.8,0.85,0.825,0.85,0,0.92,0.8,0.85,0.825,0.85
2386,max_rounds,0,,,,,1,1,2,1,1,1,1,1,0,0,0,s1a3_greedy,1,0,0.28367600664496423,0.1585032443283126,17,1,1,0,0,-1,0,0,0.04,0.25,0.3,0.275,0.325,0,0.04,0.25,0.3,0.275,0.325,0,0.0,0.55,0.75,0.65,0.65,0,0.0,0.55,0.75,0.65,0.65
2387,partial_completed__no_strict_e1_improvement,1,,5,2,4,1,0,2,1,1,1,1,1,0,0,-1,current,1,0,0.1291142538189888,0.1291142538189888,24,0,0,0,0,0,0,0,0.0,0.5,0.5,0.5,0.525,0,0.0,0.6,0.65,0.625,0.65,0,0.0,0.6,0.65,0.625,0.65,0,0.0,0.6,0.65,0.625,0.65
2388,no_strict_e1_improvement,0,,,,,1,0,1,1,0,1,0,1,0,0,-1,current,0,0,0.013910365547053516,0.013910365547053516,36,25,25,25,25,0,0,1,1.0,1.0,1.0,1.0,1.0,1,1.0,1.0,1.0,1.0,1.0,1,1.0,1.0,1.0,1.0,1.0,1,1.0,1.0,1.0,1.0,1.0
2389,no_strict_e1_improvement,0,,,,,1,0,1,1,0,1,0,1,0,0,-1,current,0,0,0.08964020537678152,0.08964020537678152,30,13,13,13,13,0,0,0,0.52,0.7,0.8,0.75,0.775,0,0.52,0.7,0.8,0.75,0.775,0,0.52,0.7,0.8,0.75,0.775,0,0.52,0.7,0.8,0.75,0.775
2390,no_strict_e1_improvement,0,,,,,1,0,1,1,0,1,0,1,0,0,-1,current,0,0,0.02472186032391619,0.02472186032391619,34,23,23,23,23,0,0,0,0.92,0.9,0.9,0.9,0.9,0,0.92,0.9,0.9,0.9,0.9,0,0.92,0.9,0.9,0.9,0.9,0,0.92,0.9,0.9,0.9,0.9
2391,no_strict_e1_improvement,0,,,,,1,0,1,1,0,1,0,1,0,0,-1,current,0,0,0.05508818319067359,0.05508818319067359,31,25,25,25,25,0,0,1,1.0,1.0,1.0,1.0,1.0,1,1.0,1.0,1.0,1.0,1.0,1,1.0,1.0,1.0,1.0,1.0,1,1.0,1.0,1.0,1.0,1.0
2392,no_strict_e1_improvement,0,,,,,1,0,2,1,1,1,1,1,0,0,-1,current,0,0,0.056313367746770385,0.056313367746770385,32,0,0,0,0,0,0,0,0.0,0.7,0.9,0.8,0.825,0,0.0,0.7,0.9,0.8,0.825,0,0.0,0.7,0.9,0.8,0.825,0,0.0,0.7,0.9,0.8,0.825
2393,no_strict_e1_improvement,0,,,,,1,0,1,1,0,1,0,1,0,0,-1,current,0,0,0.10738078982685692,0.10738078982685692,30,0,0,0,0,0,0,0,0.0,1.0,0.75,0.875,0.875,0,0.0,1.0,0.75,0.875,0.875,0,0.0,1.0,0.75,0.875,0.875,0,0.0,1.0,0.75,0.875,0.875
2394,max_rounds,0,,,,,1,1,2,1,1,1,1,1,0,0,0,s1a3_greedy,1,0,0.18895394501741974,0.14289880038704722,24,9,9,10,10,1,0,0,0.36,0.45,0.8,0.625,0.625,0,0.36,0.45,0.8,0.625,0.625,0,0.4,0.5,0.95,0.725,0.725,0,0.4,0.5,0.95,0.725,0.725
2395,partial_completed__max_rounds,1,,5,2,4,1,1,2,1,1,1,1,1,0,0,0,s1a3_greedy,1,0,0.1566854756580142,0.1344529391055403,14,0,8,9,9,9,0,0,0.0,0.3,0.1,0.2,0.3,0,0.32,0.3,0.1,0.2,0.375,0,0.36,0.3,0.1,0.2,0.25,0,0.36,0.3,0.1,0.2,0.25
2396,max_rounds,0,,,,,1,1,2,1,1,1,1,1,0,0,0,s1a3_greedy,1,0,0.2277949271723628,0.10195530201453948,28,0,0,0,0,0,0,0,0.0,0.4,0.7,0.55,0.55,0,0.0,0.4,0.7,0.55,0.55,0,0.0,0.6,0.85,0.725,0.725,0,0.0,0.6,0.85,0.725,0.725
2397,partial_completed__max_rounds,1,,5,2,4,1,1,2,1,1,1,1,1,0,0,0,s1a3_greedy,1,0,0.1058130646684731,0.08822483712574467,18,15,0,0,0,-15,0,0,0.6,0.5,0.65,0.575,0.575,0,0.0,0.5,0.65,0.575,0.575,0,0.0,0.5,0.5,0.5,0.6,0,0.0,0.5,0.5,0.5,0.6
2398,max_rounds,0,,,,,1,1,2,1,1,1,1,1,0,0,0,s1a3_greedy,1,0,0.20202142534544693,0.1077143923350377,24,0,0,0,0,0,0,0,0.0,0.85,0.5,0.675,0.7,0,0.0,0.85,0.5,0.675,0.7,0,0.0,1.0,0.75,0.875,0.875,0,0.0,1.0,0.75,0.875,0.875
2399,small_component,0,,,,,1,0,0,0,0,0,0,1,0,0,-1,current,0,0,0.10257789029274136,0.10257789029274136,13,1,1,1,1,0,0,0,0.04,0.05,0.0,0.025,0.175,0,0.04,0.05,0.0,0.025,0.175,0,0.04,0.05,0.0,0.025,0.175,0,0.04,0.05,0.0,0.025,0.175
2400,max_rounds,0,,,,,1,1,2,1,1,1,1,1,0,0,0,s1a3_greedy,1,0,0.19226296469569207,0.15686630941345356,20,0,0,1,1,1,0,0,0.0,0.4,0.7,0.55,0.575,0,0.0,0.4,0.7,0.55,0.575,0,0.04,0.5,0.65,0.575,0.625,0,0.04,0.5,0.65,0.575,0.625
2401,no_strict_e1_improvement,0,,,,,1,0,1,1,0,1,0,1,0,0,-1,current,0,0,0.05133258544374257,0.05133258544374257,30,0,0,0,0,0,0,0,0.0,0.75,0.85,0.8,0.825,0,0.0,0.75,0.85,0.8,0.825,0,0.0,0.75,0.85,0.8,0.825,0,0.0,0.75,0.85,0.8,0.825
2402,max_rounds,0,,,,,1,1,2,1,1,1,1,1,0,0,0,s1a3_greedy,1,0,0.1784382845828077,0.15645978165557609,16,1,1,0,0,-1,0,0,0.04,0.3,0.35,0.325,0.4,0,0.04,0.3,0.35,0.325,0.4,0,0.0,0.55,0.4,0.475,0.525,0,0.0,0.55,0.4,0.475,0.525
2403,no_strict_e1_improvement,0,,,,,1,0,1,1,0,1,0,1,0,0,-1,current,0,0,0.0350659184565302,0.0350659184565302,24,0,0,0,0,0,0,0,0.0,0.75,0.85,0.8,0.8,0,0.0,0.75,0.85,0.8,0.8,0,0.0,0.75,0.85,0.8,0.8,0,0.0,0.75,0.85,0.8,0.8
2404,no_strict_e1_improvement,0,,,,,1,0,2,1,1,1,1,1,0,0,-1,current,0,0,0.1745429860893637,0.1745429860893637,18,0,0,0,0,0,0,0,0.0,0.2,0.6,0.4,0.45,0,0.0,0.2,0.6,0.4,0.45,0,0.0,0.2,0.6,0.4,0.45,0,0.0,0.2,0.6,0.4,0.45
2405,max_rounds,0,,,,,1,1,2,1,1,1,1,1,0,0,0,s1a3_greedy,1,0,0.1869633039284963,0.15554454382508992,20,16,16,18,18,2,0,0,0.64,0.85,0.35,0.6,0.6,0,0.64,0.85,0.35,0.6,0.6,0,0.72,0.85,0.55,0.7,0.7,0,0.72,0.85,0.55,0.7,0.7
2406,no_strict_e1_improvement,0,,,,,1,0,2,1,1,1,1,1,0,0,-1,current,0,0,0.10199355843942612,0.10199355843942612,21,0,0,0,0,0,0,0,0.0,0.3,0.65,0.475,0.55,0,0.0,0.3,0.65,0.475,0.55,0,0.0,0.3,0.65,0.475,0.55,0,0.0,0.3,0.65,0.475,0.55
2407,max_rounds,0,,,,,1,1,2,1,1,1,1,1,0,0,0,s1a3_greedy,1,0,0.05248084422200918,0.0264837758615613,35,23,23,25,25,2,0,0,0.92,0.8,0.85,0.825,0.85,0,0.92,0.8,0.85,0.825,0.85,1,1.0,1.0,1.0,1.0,1.0,1,1.0,1.0,1.0,1.0,1.0
2408,no_strict_e1_improvement,0,,,,,1,0,1,1,0,1,0,1,0,0,-1,current,0,0,0.026013608463108538,0.026013608463108538,33,25,25,25,25,0,0,1,1.0,1.0,1.0,1.0,1.0,1,1.0,1.0,1.0,1.0,1.0,1,1.0,1.0,1.0,1.0,1.0,1,1.0,1.0,1.0,1.0,1.0
2409,max_rounds,0,,,,,1,1,2,1,1,1,1,1,0,0,0,s1a3_greedy,1,0,0.2498575635254383,0.22241925597190856,16,0,0,0,0,0,0,0,0.0,0.5,0.55,0.525,0.525,0,0.0,0.5,0.55,0.525,0.525,0,0.0,0.55,0.5,0.525,0.55,0,0.0,0.55,0.5,0.525,0.55
2410,no_strict_e1_improvement,0,,,,,1,0,2,1,1,1,1,1,0,0,-1,current,0,0,0.04344312782632187,0.04344312782632187,26,25,25,25,25,0,0,1,1.0,1.0,1.0,1.0,1.0,1,1.0,1.0,1.0,1.0,1.0,1,1.0,1.0,1.0,1.0,1.0,1,1.0,1.0,1.0,1.0,1.0
2411,max_rounds,0,,,,,1,1,2,1,1,1,1,1,0,0,0,s1a3_greedy,1,0,0.20786107157473452,0.2034866234869696,17,0,0,0,0,0,0,0,0.0,0.55,0.65,0.6,0.625,0,0.0,0.55,0.65,0.6,0.625,0,0.0,0.35,0.55,0.45,0.525,0,0.0,0.35,0.55,0.45,0.525
2412,no_strict_e1_improvement,0,,,,,1,0,1,1,0,1,0,1,0,0,-1,current,0,0,0.04105534998634539,0.04105534998634539,27,0,0,0,0,0,0,0,0.0,0.75,1.0,0.875,0.875,0,0.0,0.75,1.0,0.875,0.875,0,0.0,0.75,1.0,0.875,0.875,0,0.0,0.75,1.0,0.875,0.875
2413,no_strict_e1_improvement,0,,,,,1,0,1,1,0,1,0,1,0,0,-1,current,0,0,0.05711868579383008,0.05711868579383008,30,25,25,25,25,0,0,1,1.0,1.0,1.0,1.0,1.0,1,1.0,1.0,1.0,1.0,1.0,1,1.0,1.0,1.0,1.0,1.0,1,1.0,1.0,1.0,1.0,1.0
2414,max_rounds,0,,,,,1,1,2,1,1,1,1,1,0,0,0,s1a3_greedy,1,0,0.18753044814802705,0.08550695930607617,22,1,1,0,0,-1,0,0,0.04,0.75,0.6,0.675,0.725,0,0.04,0.75,0.6,0.675,0.725,0,0.0,0.95,0.75,0.85,0.85,0,0.0,0.95,0.75,0.85,0.85
2415,no_strict_e1_improvement,0,,,,,1,0,2,1,1,1,1,1,0,0,-1,current,0,0,0.14791332122404127,0.14791332122404127,28,0,0,0,0,0,0,0,0.0,0.65,0.9,0.775,0.775,0,0.0,0.65,0.9,0.775,0.775,0,0.0,0.65,0.9,0.775,0.775,0,0.0,0.65,0.9,0.775,0.775
2416,partial_completed__no_strict_e1_improvement,1,,5,2,4,1,0,2,1,1,1,1,1,0,0,-1,current,1,0,0.14811714353854769,0.14811714353854769,16,1,1,1,1,0,0,0,0.04,0.35,0.25,0.3,0.375,0,0.04,0.4,0.25,0.325,0.425,0,0.04,0.4,0.25,0.325,0.425,0,0.04,0.4,0.25,0.325,0.425
2417,max_rounds,0,,,,,1,1,2,1,1,1,1,1,0,0,0,s1a3_greedy,1,0,0.14172789761796595,0.11721905833110213,20,0,0,0,0,0,0,0,0.0,0.65,0.8,0.725,0.75,0,0.0,0.65,0.8,0.725,0.75,0,0.0,0.65,0.85,0.75,0.775,0,0.0,0.65,0.85,0.75,0.775
2418,max_rounds,0,,,,,1,1,2,1,1,1,1,1,0,0,0,s1a3_greedy,1,0,0.24951124810031616,0.13490679356618784,29,0,0,0,0,0,0,0,0.0,0.55,0.55,0.55,0.575,0,0.0,0.55,0.55,0.55,0.575,0,0.0,0.65,0.8,0.725,0.725,0,0.0,0.65,0.8,0.725,0.725
2419,small_component,0,,,,,1,0,0,0,0,0,0,1,0,0,-1,current,0,0,0.2785859643947333,0.2785859643947333,17,1,1,1,1,0,0,0,0.04,0.2,0.25,0.225,0.25,0,0.04,0.2,0.25,0.225,0.25,0,0.04,0.2,0.25,0.225,0.25,0,0.04,0.2,0.25,0.225,0.25
2420,no_strict_e1_improvement,0,,,,,1,0,2,1,1,1,1,1,0,0,-1,current,0,0,0.08680096108000726,0.08680096108000726,20,0,0,0,0,0,0,0,0.0,0.5,0.7,0.6,0.6,0,0.0,0.5,0.7,0.6,0.6,0,0.0,0.5,0.7,0.6,0.6,0,0.0,0.5,0.7,0.6,0.6
2421,max_rounds,0,,,,,1,1,2,1,1,1,1,1,0,0,0,s1a3_greedy,1,0,0.2273643935099244,0.19892305824905634,16,1,1,0,0,-1,0,0,0.04,0.25,0.5,0.375,0.4,0,0.04,0.25,0.5,0.375,0.4,0,0.0,0.35,0.55,0.45,0.475,0,0.0,0.35,0.55,0.45,0.475
2422,no_strict_e1_improvement,0,,,,,1,0,1,1,0,1,0,1,0,0,-1,current,0,0,0.01011665866826661,0.01011665866826661,36,25,25,25,25,0,0,1,1.0,1.0,1.0,1.0,1.0,1,1.0,1.0,1.0,1.0,1.0,1,1.0,1.0,1.0,1.0,1.0,1,1.0,1.0,1.0,1.0,1.0
2423,no_strict_e1_improvement,0,,,,,1,0,2,1,1,1,1,1,0,0,-1,current,0,0,0.1988445990602486,0.1988445990602486,24,0,0,0,0,0,0,0,0.0,0.55,0.55,0.55,0.65,0,0.0,0.55,0.55,0.55,0.65,0,0.0,0.55,0.55,0.55,0.65,0,0.0,0.55,0.55,0.55,0.65
2424,small_component,0,,,,,1,0,0,0,0,0,0,1,0,0,-1,current,0,0,0.018550742603201796,0.018550742603201796,13,1,1,1,1,0,0,0,0.04,0.1,0.1,0.1,0.225,0,0.04,0.1,0.1,0.1,0.225,0,0.04,0.1,0.1,0.1,0.225,0,0.04,0.1,0.1,0.1,0.225
2425,max_rounds,0,,,,,1,1,2,1,1,1,1,1,0,0,0,s1a3_greedy,1,0,0.15746706583886408,0.15575728178955614,15,0,0,0,0,0,0,0,0.0,0.05,0.5,0.275,0.325,0,0.0,0.05,0.5,0.275,0.325,0,0.0,0.25,0.45,0.35,0.4,0,0.0,0.25,0.45,0.35,0.4
2426,max_rounds,0,,,,,1,1,2,1,1,1,1,1,0,0,0,s1a3_greedy,1,0,0.14256301856512438,0.0843386421809555,23,16,16,21,21,5,0,0,0.64,0.85,0.55,0.7,0.7,0,0.64,0.85,0.55,0.7,0.7,0,0.84,0.8,0.8,0.8,0.875,0,0.84,0.8,0.8,0.8,0.875
2427,max_rounds,0,,,,,1,1,2,1,1,1,1,1,0,0,0,s1a3_greedy,1,0,0.08046072698198259,0.051305364846484736,27,21,21,21,21,0,0,0,0.84,0.75,0.65,0.7,0.725,0,0.84,0.75,0.65,0.7,0.725,0,0.84,0.8,0.9,0.85,0.85,0,0.84,0.8,0.9,0.85,0.85
2428,max_rounds,0,,,,,1,1,2,1,1,1,1,1,0,0,0,s1a3_greedy,1,0,0.3003311255248263,0.1642161825147923,13,0,0,0,0,0,0,0,0.0,0.3,0.2,0.25,0.375,0,0.0,0.3,0.2,0.25,0.375,0,0.0,0.2,0.0,0.1,0.225,0,0.0,0.2,0.0,0.1,0.225
2429,no_strict_e1_improvement,0,,,,,1,0,2,1,1,1,1,1,0,0,-1,current,0,0,0.13793815532699227,0.13793815532699227,27,0,0,0,0,0,0,0,0.0,0.75,0.9,0.825,0.825,0,0.0,0.75,0.9,0.825,0.825,0,0.0,0.75,0.9,0.825,0.825,0,0.0,0.75,0.9,0.825,0.825
2430,max_rounds,0,,,,,1,1,2,1,1,1,1,1,0,0,0,s1a3_greedy,1,0,0.15283759231679142,0.1048720651306212,22,0,0,0,0,0,0,0,0.0,0.3,0.6,0.45,0.5,0,0.0,0.3,0.6,0.45,0.5,0,0.0,0.75,0.75,0.75,0.75,0,0.0,0.75,0.75,0.75,0.75
2431,max_rounds,0,,,,,1,1,2,1,1,1,1,1,0,0,0,s1a3_greedy,1,0,0.21647384455427526,0.1285438325139694,18,0,0,0,0,0,0,0,0.0,0.45,0.35,0.4,0.425,0,0.0,0.45,0.35,0.4,0.425,0,0.0,0.55,0.55,0.55,0.6,0,0.0,0.55,0.55,0.55,0.6
2432,no_strict_e1_improvement,0,,,,,1,0,2,1,1,1,1,1,0,0,-1,current,0,0,0.04043898186646402,0.04043898186646402,31,25,25,25,25,0,0,1,1.0,1.0,1.0,1.0,1.0,1,1.0,1.0,1.0,1.0,1.0,1,1.0,1.0,1.0,1.0,1.0,1,1.0,1.0,1.0,1.0,1.0
2433,small_component,0,,,,,1,0,0,0,0,0,0,1,0,0,-1,current,0,0,0.27411560495384035,0.27411560495384035,18,0,0,0,0,0,0,0,0.0,0.3,0.35,0.325,0.4,0,0.0,0.3,0.35,0.325,0.4,0,0.0,0.3,0.35,0.325,0.4,0,0.0,0.3,0.35,0.325,0.4
2434,small_component,0,,,,,1,0,0,0,0,0,0,1,0,0,-1,current,0,0,0.3264735222328454,0.3264735222328454,15,1,1,1,1,0,0,0,0.04,0.4,0.25,0.325,0.35,0,0.04,0.4,0.25,0.325,0.35,0,0.04,0.4,0.25,0.325,0.35,0,0.04,0.4,0.25,0.325,0.35
2435,max_rounds,0,,,,,1,1,2,1,1,1,1,1,0,0,0,s1a3_greedy,1,0,0.13729512142017483,0.10283081466332078,32,0,0,0,0,0,0,0,0.0,0.65,0.8,0.725,0.725,0,0.0,0.65,0.8,0.725,0.725,0,0.0,0.75,0.85,0.8,0.8,0,0.0,0.75,0.85,0.8,0.8
2436,no_strict_e1_improvement,0,,,,,1,0,1,1,0,1,0,1,0,0,-1,current,0,0,0.07802194701507688,0.07802194701507688,30,0,0,0,0,0,0,0,0.0,0.75,0.95,0.85,0.85,0,0.0,0.75,0.95,0.85,0.85,0,0.0,0.75,0.95,0.85,0.85,0,0.0,0.75,0.95,0.85,0.85
2437,max_rounds,0,,,,,1,1,2,1,1,1,1,1,0,0,0,s1a3_greedy,1,0,0.12225612257607281,0.11250178120099008,29,0,0,0,0,0,0,0,0.0,0.75,0.7,0.725,0.725,0,0.0,0.75,0.7,0.725,0.725,0,0.0,0.75,0.7,0.725,0.725,0,0.0,0.75,0.7,0.725,0.725
2438,max_rounds,0,,,,,1,1,2,1,1,1,1,1,0,0,0,s1a3_greedy,1,0,0.10701701240614056,0.07448394550010562,29,0,0,0,0,0,0,0,0.0,0.65,0.65,0.65,0.65,0,0.0,0.65,0.65,0.65,0.65,0,0.0,0.75,0.75,0.75,0.75,0,0.0,0.75,0.75,0.75,0.75
2439,no_strict_e1_improvement,0,,,,,1,0,2,1,1,1,1,1,0,0,-1,current,0,0,0.2173152672825381,0.2173152672825381,24,0,0,0,0,0,0,0,0.0,0.45,0.55,0.5,0.525,0,0.0,0.45,0.55,0.5,0.525,0,0.0,0.45,0.55,0.5,0.525,0,0.0,0.45,0.55,0.5,0.525
2440,max_rounds,0,,,,,1,1,2,1,1,1,1,1,0,0,0,s1a3_greedy,1,0,0.2233544059796259,0.20254113264381884,18,0,0,0,0,0,0,0,0.0,0.1,0.55,0.325,0.35,0,0.0,0.1,0.55,0.325,0.35,0,0.0,0.2,0.6,0.4,0.45,0,0.0,0.2,0.6,0.4,0.45
2441,no_strict_e1_improvement,0,,,,,1,0,1,1,0,1,0,1,0,0,-1,current,0,0,0.03532295459881425,0.03532295459881425,35,25,25,25,25,0,0,1,1.0,1.0,1.0,1.0,1.0,1,1.0,1.0,1.0,1.0,1.0,1,1.0,1.0,1.0,1.0,1.0,1,1.0,1.0,1.0,1.0,1.0
2442,max_rounds,0,,,,,1,1,2,1,1,1,1,1,0,0,0,s1a3_greedy,1,0,0.3580916104838252,0.2750462336000055,14,6,6,6,6,0,0,0,0.24,0.05,0.5,0.275,0.325,0,0.24,0.05,0.5,0.275,0.325,0,0.24,0.15,0.35,0.25,0.275,0,0.24,0.15,0.35,0.25,0.275
2443,no_strict_e1_improvement,0,,,,,1,0,1,1,0,1,0,1,0,0,-1,current,0,0,0.08255943268304691,0.08255943268304691,30,0,0,0,0,0,0,0,0.0,0.95,0.75,0.85,0.85,0,0.0,0.95,0.75,0.85,0.85,0,0.0,0.95,0.75,0.85,0.85,0,0.0,0.95,0.75,0.85,0.85
2444,no_strict_e1_improvement,0,,,,,1,0,2,1,1,1,1,1,0,0,-1,current,0,0,0.1362891082651913,0.1362891082651913,22,0,0,0,0,0,0,0,0.0,0.55,0.75,0.65,0.675,0,0.0,0.55,0.75,0.65,0.675,0,0.0,0.55,0.75,0.65,0.675,0,0.0,0.55,0.75,0.65,0.675
2445,max_rounds,0,,,,,1,1,2,1,1,1,1,1,0,0,0,s1a3_greedy,1,0,0.09412054038839415,0.05629303074674681,27,0,0,0,0,0,0,0,0.0,0.65,0.65,0.65,0.65,0,0.0,0.65,0.65,0.65,0.65,0,0.0,0.75,0.65,0.7,0.7,0,0.0,0.75,0.65,0.7,0.7
2446,max_rounds,0,,,,,1,1,2,1,1,1,1,1,0,0,0,s1a3_greedy,1,0,0.1764017693232745,0.14037417634390295,19,0,0,0,0,0,0,0,0.0,0.7,0.75,0.725,0.725,0,0.0,0.7,0.75,0.725,0.725,0,0.0,0.7,0.7,0.7,0.7,0,0.0,0.7,0.7,0.7,0.7
2447,max_rounds,0,,,,,1,1,2,1,1,1,1,1,0,0,0,s1a3_greedy,1,0,0.23482608189806342,0.13570872810669243,19,0,0,0,0,0,0,0,0.0,0.2,0.65,0.425,0.525,0,0.0,0.2,0.65,0.425,0.525,0,0.0,0.4,0.65,0.525,0.575,0,0.0,0.4,0.65,0.525,0.575
2448,max_rounds,0,,,,,1,1,2,1,1,1,1,1,0,0,0,s1a3_greedy,1,0,0.06363356176298111,0.060533147351816294,27,3,3,0,0,-3,0,0,0.12,0.7,0.75,0.725,0.725,0,0.12,0.7,0.75,0.725,0.725,0,0.0,0.6,0.8,0.7,0.75,0,0.0,0.6,0.8,0.7,0.75
2449,no_strict_e1_improvement,0,,,,,1,0,1,1,0,1,0,1,0,0,-1,current,0,0,0.024439293355681003,0.024439293355681003,35,23,23,23,23,0,0,0,0.92,0.9,0.85,0.875,0.9,0,0.92,0.9,0.85,0.875,0.9,0,0.92,0.9,0.85,0.875,0.9,0,0.92,0.9,0.85,0.875,0.9
2450,no_strict_e1_improvement,0,,,,,1,0,1,1,0,1,0,1,0,0,-1,current,0,0,0.11642851275391877,0.11642851275391877,27,0,0,0,0,0,0,0,0.0,0.75,0.75,0.75,0.75,0,0.0,0.75,0.75,0.75,0.75,0,0.0,0.75,0.75,0.75,0.75,0,0.0,0.75,0.75,0.75,0.75
2451,max_rounds,0,,,,,1,1,2,1,1,1,1,1,0,0,0,s1a3_greedy,1,0,0.05732365113217384,0.05373562639579177,30,3,3,5,5,2,0,0,0.12,0.65,0.75,0.7,0.7,0,0.12,0.65,0.75,0.7,0.7,0,0.2,0.8,0.75,0.775,0.775,0,0.2,0.8,0.75,0.775,0.775
2452,no_strict_e1_improvement,0,,,,,1,0,2,1,1,1,1,1,0,0,-1,current,0,0,0.08849620656110346,0.08849620656110346,24,23,23,23,23,0,0,0,0.92,0.85,0.85,0.85,0.95,0,0.92,0.85,0.85,0.85,0.95,0,0.92,0.85,0.85,0.85,0.95,0,0.92,0.85,0.85,0.85,0.95
2453,max_rounds,0,,,,,1,1,2,1,1,1,1,1,0,0,0,s1a3_greedy,1,0,0.16048995775636285,0.13292663174215705,24,2,2,0,0,-2,0,0,0.08,0.45,0.85,0.65,0.7,0,0.08,0.45,0.85,0.65,0.7,0,0.0,0.6,0.85,0.725,0.725,0,0.0,0.6,0.85,0.725,0.725
2454,no_strict_e1_improvement,0,,,,,1,0,2,1,1,1,1,1,0,0,-1,current,0,0,0.070830906892661,0.070830906892661,26,18,18,18,18,0,0,0,0.72,0.8,0.65,0.725,0.75,0,0.72,0.8,0.65,0.725,0.75,0,0.72,0.8,0.65,0.725,0.75,0,0.72,0.8,0.65,0.725,0.75
2455,max_rounds,0,,,,,1,1,2,1,1,1,1,1,0,0,0,s1a3_greedy,1,0,0.12263359404169023,0.05812466989737004,21,2,2,0,0,-2,0,0,0.08,0.6,0.75,0.675,0.675,0,0.08,0.6,0.75,0.675,0.675,0,0.0,0.75,1.0,0.875,0.875,0,0.0,0.75,1.0,0.875,0.875
2456,max_rounds,0,,,,,1,1,2,1,1,1,1,1,0,0,0,s1a3_greedy,1,0,0.1076089481706731,0.10219170091440902,15,0,0,0,0,0,0,0,0.0,0.5,0.25,0.375,0.4,0,0.0,0.5,0.25,0.375,0.4,0,0.0,0.4,0.3,0.35,0.375,0,0.0,0.4,0.3,0.35,0.375
2457,partial_completed__small_component,1,,5,2,3,1,0,0,0,0,0,0,1,0,0,-1,current,1,0,0.2950340492534451,0.2950340492534451,15,0,0,0,0,0,0,0,0.0,0.0,0.0,0.0,0.075,0,0.0,0.05,0.2,0.125,0.2,0,0.0,0.05,0.2,0.125,0.2,0,0.0,0.05,0.2,0.125,0.2
2458,no_strict_e1_improvement,0,,,,,1,0,2,1,1,1,1,1,0,0,-1,current,0,0,0.07650582260685042,0.07650582260685042,35,0,0,0,0,0,0,0,0.0,0.75,0.75,0.75,0.75,0,0.0,0.75,0.75,0.75,0.75,0,0.0,0.75,0.75,0.75,0.75,0,0.0,0.75,0.75,0.75,0.75
2459,max_rounds,0,,,,,1,1,2,1,1,1,1,1,0,0,0,s1a3_greedy,1,0,0.2580125091597438,0.11918825716711581,23,0,0,1,1,1,0,0,0.0,0.4,0.35,0.375,0.425,0,0.0,0.4,0.35,0.375,0.425,0,0.04,0.55,0.7,0.625,0.725,0,0.04,0.55,0.7,0.625,0.725
2460,max_rounds,0,,,,,1,1,2,1,1,1,1,1,0,0,0,s1a3_greedy,1,0,0.2622641362249851,0.1434780114184832,20,0,0,0,0,0,0,0,0.0,0.4,0.55,0.475,0.475,0,0.0,0.4,0.55,0.475,0.475,0,0.0,0.7,0.6,0.65,0.65,0,0.0,0.7,0.6,0.65,0.65
2461,no_strict_e1_improvement,0,,,,,1,0,2,1,1,1,1,1,0,0,-1,current,0,0,0.21714828666299582,0.21714828666299582,19,2,2,2,2,0,0,0,0.08,0.35,0.35,0.35,0.45,0,0.08,0.35,0.35,0.35,0.45,0,0.08,0.35,0.35,0.35,0.45,0,0.08,0.35,0.35,0.35,0.45
2462,partial_completed__max_rounds,1,,5,2,4,1,1,2,1,1,1,1,1,0,0,0,s1a3_greedy,1,0,0.3144556633196771,0.24964005555957555,15,6,6,5,5,-1,0,0,0.24,0.15,0.4,0.275,0.35,0,0.24,0.15,0.45,0.3,0.4,0,0.2,0.1,0.5,0.3,0.425,0,0.2,0.1,0.5,0.3,0.425
2463,partial_completed__no_strict_e1_improvement,1,,10,3,6,1,0,2,1,1,1,1,1,0,0,-1,current,1,0,0.22547144921845758,0.22547144921845758,14,2,5,5,5,3,0,0,0.08,0.1,0.25,0.175,0.2,0,0.2,0.2,0.25,0.225,0.325,0,0.2,0.2,0.25,0.225,0.325,0,0.2,0.2,0.25,0.225,0.325
2464,no_strict_e1_improvement,0,,,,,1,0,1,1,0,1,0,1,0,0,-1,current,0,0,0.03582023470662534,0.03582023470662534,27,25,25,25,25,0,0,1,1.0,1.0,1.0,1.0,1.0,1,1.0,1.0,1.0,1.0,1.0,1,1.0,1.0,1.0,1.0,1.0,1,1.0,1.0,1.0,1.0,1.0
2465,max_rounds,0,,,,,1,1,2,1,1,1,1,1,0,0,0,s1a3_greedy,1,0,0.2536454736953601,0.14978656338062138,15,0,0,0,0,0,0,0,0.0,0.3,0.45,0.375,0.45,0,0.0,0.3,0.45,0.375,0.45,0,0.0,0.4,0.3,0.35,0.375,0,0.0,0.4,0.3,0.35,0.375
2466,no_strict_e1_improvement,0,,,,,1,0,1,1,0,1,0,1,0,0,-1,current,0,0,0.02360857992898673,0.02360857992898673,35,25,25,25,25,0,0,1,1.0,1.0,1.0,1.0,1.0,1,1.0,1.0,1.0,1.0,1.0,1,1.0,1.0,1.0,1.0,1.0,1,1.0,1.0,1.0,1.0,1.0
2467,no_strict_e1_improvement,0,,,,,1,0,1,1,0,1,0,1,0,0,-1,current,0,0,0.09482178939506411,0.09482178939506411,29,0,0,0,0,0,0,0,0.0,0.75,0.95,0.85,0.85,0,0.0,0.75,0.95,0.85,0.85,0,0.0,0.75,0.95,0.85,0.85,0,0.0,0.75,0.95,0.85,0.85
2468,no_strict_e1_improvement,0,,,,,1,0,1,1,0,1,0,1,0,0,-1,current,0,0,0.054448939370922746,0.054448939370922746,29,25,25,25,25,0,0,1,1.0,1.0,1.0,1.0,1.0,1,1.0,1.0,1.0,1.0,1.0,1,1.0,1.0,1.0,1.0,1.0,1,1.0,1.0,1.0,1.0,1.0
2469,no_strict_e1_improvement,0,,,,,1,0,2,1,1,1,1,1,0,0,-1,current,0,0,0.3033458162099123,0.3033458162099123,21,0,0,0,0,0,0,0,0.0,0.3,0.4,0.35,0.425,0,0.0,0.3,0.4,0.35,0.425,0,0.0,0.3,0.4,0.35,0.425,0,0.0,0.3,0.4,0.35,0.425
2470,max_rounds,0,,,,,1,1,2,1,1,1,1,1,0,0,0,s1a3_greedy,1,0,0.16218406197840524,0.12707959023537113,16,1,1,1,1,0,0,0,0.04,0.15,0.3,0.225,0.325,0,0.04,0.15,0.3,0.225,0.325,0,0.04,0.15,0.4,0.275,0.325,0,0.04,0.15,0.4,0.275,0.325
2471,max_rounds,0,,,,,1,1,2,1,1,1,1,1,0,0,0,s1a3_greedy,1,0,0.1754512131912634,0.11805616247002035,21,0,0,0,0,0,0,0,0.0,0.65,0.6,0.625,0.625,0,0.0,0.65,0.6,0.625,0.625,0,0.0,0.75,0.8,0.775,0.775,0,0.0,0.75,0.8,0.775,0.775
2472,no_strict_e1_improvement,0,,,,,1,0,1,1,0,1,0,1,0,0,-1,current,0,0,0.018343813437968492,0.018343813437968492,36,25,25,25,25,0,0,1,1.0,1.0,1.0,1.0,1.0,1,1.0,1.0,1.0,1.0,1.0,1,1.0,1.0,1.0,1.0,1.0,1,1.0,1.0,1.0,1.0,1.0
2473,max_rounds,0,,,,,1,1,2,1,1,1,1,1,0,0,0,s1a3_greedy,1,0,0.17911009545641718,0.07949935563374311,22,12,12,3,3,-9,0,0,0.48,0.5,0.6,0.55,0.575,0,0.48,0.5,0.6,0.55,0.575,0,0.12,0.7,0.5,0.6,0.65,0,0.12,0.7,0.5,0.6,0.65
2474,max_rounds,0,,,,,1,1,2,1,1,1,1,1,0,0,0,s1a3_greedy,1,0,0.1006430615670979,0.09942339351400734,27,0,0,0,0,0,0,0,0.0,0.75,0.95,0.85,0.85,0,0.0,0.75,0.95,0.85,0.85,0,0.0,0.75,0.9,0.825,0.825,0,0.0,0.75,0.9,0.825,0.825
2475,max_rounds,0,,,,,1,1,2,1,1,1,1,1,0,0,0,s1a3_greedy,1,0,0.12095431704074144,0.05658939133863896,25,21,21,23,23,2,0,0,0.84,0.85,0.75,0.8,0.9,0,0.84,0.85,0.75,0.8,0.9,0,0.92,0.9,0.85,0.875,0.9,0,0.92,0.9,0.85,0.875,0.9
2476,no_strict_e1_improvement,0,,,,,1,0,1,1,0,1,0,1,0,0,-1,current,0,0,0.017881850828416646,0.017881850828416646,37,25,25,25,25,0,0,1,1.0,1.0,1.0,1.0,1.0,1,1.0,1.0,1.0,1.0,1.0,1,1.0,1.0,1.0,1.0,1.0,1,1.0,1.0,1.0,1.0,1.0
2477,no_strict_e1_improvement,0,,,,,1,0,2,1,1,1,1,1,0,0,-1,current,0,0,0.07115452322177589,0.07115452322177589,32,21,21,21,21,0,0,0,0.84,0.8,0.9,0.85,0.9,0,0.84,0.8,0.9,0.85,0.9,0,0.84,0.8,0.9,0.85,0.9,0,0.84,0.8,0.9,0.85,0.9
2478,max_rounds,0,,,,,1,1,2,1,1,1,1,1,0,0,0,s1a3_greedy,1,0,0.20048914088401942,0.18948040236718952,12,0,0,2,2,2,0,0,0.0,0.3,0.15,0.225,0.25,0,0.0,0.3,0.15,0.225,0.25,0,0.08,0.3,0.25,0.275,0.4,0,0.08,0.3,0.25,0.275,0.4
2479,max_rounds,0,,,,,1,1,2,1,1,1,1,1,0,0,0,s1a3_greedy,1,0,0.1704009511566255,0.16689754445105792,18,0,0,2,2,2,0,0,0.0,0.3,0.55,0.425,0.5,0,0.0,0.3,0.55,0.425,0.5,0,0.08,0.2,0.55,0.375,0.425,0,0.08,0.2,0.55,0.375,0.425
2480,partial_completed__no_strict_e1_improvement,1,,5,2,4,1,0,2,1,1,1,1,1,0,0,-1,current,1,0,0.16281110690906644,0.16281110690906644,25,0,0,0,0,0,0,0,0.0,0.5,0.55,0.525,0.525,0,0.0,0.75,0.7,0.725,0.725,0,0.0,0.75,0.7,0.725,0.725,0,0.0,0.75,0.7,0.725,0.725
2481,no_strict_e1_improvement,0,,,,,1,0,2,1,1,1,1,1,0,0,-1,current,0,0,0.23176009841263295,0.23176009841263295,19,4,4,4,4,0,0,0,0.16,0.3,0.4,0.35,0.35,0,0.16,0.3,0.4,0.35,0.35,0,0.16,0.3,0.4,0.35,0.35,0,0.16,0.3,0.4,0.35,0.35
2482,max_rounds,0,,,,,1,1,2,1,1,1,1,1,0,0,0,s1a3_greedy,1,0,0.21636402491130866,0.16642452744417824,22,0,0,0,0,0,0,0,0.0,0.4,0.5,0.45,0.5,0,0.0,0.4,0.5,0.45,0.5,0,0.0,0.55,0.45,0.5,0.575,0,0.0,0.55,0.45,0.5,0.575
2483,small_component,0,,,,,1,0,0,0,0,0,0,1,0,0,-1,current,0,0,0.2588698574807495,0.2588698574807495,17,2,2,2,2,0,0,0,0.08,0.45,0.15,0.3,0.425,0,0.08,0.45,0.15,0.3,0.425,0,0.08,0.45,0.15,0.3,0.425,0,0.08,0.45,0.15,0.3,0.425
2484,max_rounds,0,,,,,1,1,2,1,1,1,1,1,0,0,0,s1a3_greedy,1,0,0.17475464389426634,0.10351413120515644,24,0,0,0,0,0,0,0,0.0,0.75,0.65,0.7,0.75,0,0.0,0.75,0.65,0.7,0.75,0,0.0,0.95,0.75,0.85,0.85,0,0.0,0.95,0.75,0.85,0.85
2485,max_rounds,0,,,,,1,1,2,1,1,1,1,1,0,0,0,s1a3_greedy,1,0,0.20439432574203237,0.09880067553021946,16,0,0,1,1,1,0,0,0.0,0.35,0.45,0.4,0.475,0,0.0,0.35,0.45,0.4,0.475,0,0.04,0.6,0.6,0.6,0.675,0,0.04,0.6,0.6,0.6,0.675
2486,no_strict_e1_improvement,0,,,,,1,0,2,1,1,1,1,1,0,0,-1,current,0,0,0.11443503443151712,0.11443503443151712,25,13,13,13,13,0,0,0,0.52,0.7,0.6,0.65,0.675,0,0.52,0.7,0.6,0.65,0.675,0,0.52,0.7,0.6,0.65,0.675,0,0.52,0.7,0.6,0.65,0.675
2487,no_strict_e1_improvement,0,,,,,1,0,1,1,0,1,0,1,0,0,-1,current,0,0,0.00929330289363861,0.00929330289363861,39,25,25,25,25,0,0,1,1.0,1.0,1.0,1.0,1.0,1,1.0,1.0,1.0,1.0,1.0,1,1.0,1.0,1.0,1.0,1.0,1,1.0,1.0,1.0,1.0,1.0
2488,no_strict_e1_improvement,0,,,,,1,0,2,1,1,1,1,1,0,0,-1,current,0,0,0.07254010383039713,0.07254010383039713,32,0,0,0,0,0,0,0,0.0,1.0,0.75,0.875,0.875,0,0.0,1.0,0.75,0.875,0.875,0,0.0,1.0,0.75,0.875,0.875,0,0.0,1.0,0.75,0.875,0.875
2489,no_strict_e1_improvement,0,,,,,1,0,1,1,0,1,0,1,0,0,-1,current,0,0,0.0385803707089508,0.0385803707089508,30,25,25,25,25,0,0,1,1.0,1.0,1.0,1.0,1.0,1,1.0,1.0,1.0,1.0,1.0,1,1.0,1.0,1.0,1.0,1.0,1,1.0,1.0,1.0,1.0,1.0
2490,no_strict_e1_improvement,0,,,,,1,0,1,1,0,1,0,1,0,0,-1,current,0,0,0.083545499201864,0.083545499201864,27,0,0,0,0,0,0,0,0.0,0.65,0.8,0.725,0.75,0,0.0,0.65,0.8,0.725,0.75,0,0.0,0.65,0.8,0.725,0.75,0,0.0,0.65,0.8,0.725,0.75
2491,no_strict_e1_improvement,0,,,,,1,0,2,1,1,1,1,1,0,0,-1,current,0,0,0.25354313941206785,0.25354313941206785,20,0,0,0,0,0,0,0,0.0,0.6,0.4,0.5,0.6,0,0.0,0.6,0.4,0.5,0.6,0,0.0,0.6,0.4,0.5,0.6,0,0.0,0.6,0.4,0.5,0.6
2492,no_strict_e1_improvement,0,,,,,1,0,1,1,0,1,0,1,0,0,-1,current,0,0,0.09300118974642828,0.09300118974642828,28,1,1,1,1,0,0,0,0.04,0.7,0.8,0.75,0.75,0,0.04,0.7,0.8,0.75,0.75,0,0.04,0.7,0.8,0.75,0.75,0,0.04,0.7,0.8,0.75,0.75
2493,max_rounds,0,,,,,1,1,2,1,1,1,1,1,0,0,0,s1a3_greedy,1,0,0.10643934084801003,0.057504179670650045,22,0,0,0,0,0,0,0,0.0,0.5,0.85,0.675,0.675,0,0.0,0.5,0.85,0.675,0.675,0,0.0,0.75,0.9,0.825,0.825,0,0.0,0.75,0.9,0.825,0.825
2494,no_strict_e1_improvement,0,,,,,1,0,2,1,1,1,1,1,0,0,-1,current,0,0,0.13506865680683405,0.13506865680683405,22,0,0,0,0,0,0,0,0.0,0.05,0.4,0.225,0.35,0,0.0,0.05,0.4,0.225,0.35,0,0.0,0.05,0.4,0.225,0.35,0,0.0,0.05,0.4,0.225,0.35
2495,max_rounds,0,,,,,1,1,2,1,1,1,1,1,0,0,0,s1a3_greedy,1,0,0.14671997847035528,0.03843259012792259,30,18,18,25,25,7,0,0,0.72,0.85,0.6,0.725,0.725,0,0.72,0.85,0.6,0.725,0.725,1,1.0,1.0,1.0,1.0,1.0,1,1.0,1.0,1.0,1.0,1.0
2496,no_strict_e1_improvement,0,,,,,1,0,1,1,0,1,0,1,0,0,-1,current,0,0,0.029357520677149297,0.029357520677149297,37,0,0,0,0,0,0,0,0.0,0.75,1.0,0.875,0.875,0,0.0,0.75,1.0,0.875,0.875,0,0.0,0.75,1.0,0.875,0.875,0,0.0,0.75,1.0,0.875,0.875
2497,no_strict_e1_improvement,0,,,,,1,0,1,1,0,1,0,1,0,0,-1,current,0,0,0.07292891321703791,0.07292891321703791,34,0,0,0,0,0,0,0,0.0,0.7,0.85,0.775,0.775,0,0.0,0.7,0.85,0.775,0.775,0,0.0,0.7,0.85,0.775,0.775,0,0.0,0.7,0.85,0.775,0.775
2498,max_rounds,0,,,,,1,1,2,1,1,1,1,1,0,0,0,s1a3_greedy,1,0,0.15707853357307613,0.11222456900868565,20,0,0,0,0,0,0,0,0.0,0.5,0.45,0.475,0.525,0,0.0,0.5,0.45,0.475,0.525,0,0.0,0.65,0.65,0.65,0.725,0,0.0,0.65,0.65,0.65,0.725
2499,max_rounds,0,,,,,1,1,2,1,1,1,1,1,0,0,0,s1a3_greedy,1,0,0.23774887723848223,0.22912049700971693,15,16,16,12,12,-4,0,0,0.64,0.6,0.65,0.625,0.675,0,0.64,0.6,0.65,0.625,0.675,0,0.48,0.4,0.65,0.525,0.575,0,0.48,0.4,0.65,0.525,0.575
2500,no_strict_e1_improvement,0,,,,,1,0,1,1,0,1,0,1,0,0,-1,current,0,0,0.05035442970693112,0.05035442970693112,31,25,25,25,25,0,0,1,1.0,1.0,1.0,1.0,1.0,1,1.0,1.0,1.0,1.0,1.0,1,1.0,1.0,1.0,1.0,1.0,1,1.0,1.0,1.0,1.0,1.0
2501,max_rounds,0,,,,,1,1,2,1,1,1,1,1,0,0,0,s1a3_greedy,1,0,0.31237606586655603,0.2844278350821696,18,0,0,1,1,1,0,0,0.0,0.25,0.55,0.4,0.4,0,0.0,0.25,0.55,0.4,0.4,0,0.04,0.2,0.45,0.325,0.4,0,0.04,0.2,0.45,0.325,0.4
2502,no_strict_e1_improvement,0,,,,,1,0,2,1,1,1,1,1,0,0,-1,current,0,0,0.06691923658363522,0.06691923658363522,30,25,25,25,25,0,0,1,1.0,1.0,1.0,1.0,1.0,1,1.0,1.0,1.0,1.0,1.0,1,1.0,1.0,1.0,1.0,1.0,1,1.0,1.0,1.0,1.0,1.0
2503,no_strict_e1_improvement,0,,,,,1,0,1,1,0,1,0,1,0,0,-1,current,0,0,0.04848149905446917,0.04848149905446917,30,25,25,25,25,0,0,1,1.0,1.0,1.0,1.0,1.0,1,1.0,1.0,1.0,1.0,1.0,1,1.0,1.0,1.0,1.0,1.0,1,1.0,1.0,1.0,1.0,1.0
2504,no_strict_e1_improvement,0,,,,,1,0,2,1,1,1,1,1,0,0,-1,current,0,0,0.05315519809955731,0.05315519809955731,30,23,23,23,23,0,0,0,0.92,0.9,0.9,0.9,0.925,0,0.92,0.9,0.9,0.9,0.925,0,0.92,0.9,0.9,0.9,0.925,0,0.92,0.9,0.9,0.9,0.925
2505,max_rounds,0,,,,,1,1,2,1,1,1,1,1,0,0,0,s1a3_greedy,1,0,0.18521196122746914,0.1418074916349724,23,17,17,19,19,2,0,0,0.68,0.5,0.6,0.55,0.575,0,0.68,0.5,0.6,0.55,0.575,0,0.76,0.6,0.7,0.65,0.675,0,0.76,0.6,0.7,0.65,0.675
2506,no_strict_e1_improvement,0,,,,,1,0,1,1,0,1,0,1,0,0,-1,current,0,0,0.07108319234102964,0.07108319234102964,27,25,25,25,25,0,0,1,1.0,1.0,1.0,1.0,1.0,1,1.0,1.0,1.0,1.0,1.0,1,1.0,1.0,1.0,1.0,1.0,1,1.0,1.0,1.0,1.0,1.0
2507,max_rounds,0,,,,,1,1,2,1,1,1,1,1,0,0,0,s1a3_greedy,1,0,0.2811749266453262,0.25373641764672356,17,11,11,10,10,-1,0,0,0.44,0.35,0.55,0.45,0.5,0,0.44,0.35,0.55,0.45,0.5,0,0.4,0.3,0.45,0.375,0.475,0,0.4,0.3,0.45,0.375,0.475
2508,max_rounds,0,,,,,1,1,2,1,1,1,1,1,0,0,0,s1a3_greedy,1,0,0.32135015954554547,0.19649507668800653,21,1,1,2,2,1,0,0,0.04,0.35,0.55,0.45,0.575,0,0.04,0.35,0.55,0.45,0.575,0,0.08,0.5,0.65,0.575,0.575,0,0.08,0.5,0.65,0.575,0.575
2509,max_rounds,0,,,,,1,1,2,1,1,1,1,1,0,0,0,s1a3_greedy,1,0,0.20352546393114607,0.12553470046259463,16,2,2,6,6,4,0,0,0.08,0.25,0.15,0.2,0.3,0,0.08,0.25,0.15,0.2,0.3,0,0.24,0.4,0.2,0.3,0.4,0,0.24,0.4,0.2,0.3,0.4
2510,no_strict_e1_improvement,0,,,,,1,0,1,1,0,1,0,1,0,0,-1,current,0,0,0.013575142342597246,0.013575142342597246,38,25,25,25,25,0,0,1,1.0,1.0,1.0,1.0,1.0,1,1.0,1.0,1.0,1.0,1.0,1,1.0,1.0,1.0,1.0,1.0,1,1.0,1.0,1.0,1.0,1.0
2511,no_strict_e1_improvement,0,,,,,1,0,1,1,0,1,0,1,0,0,-1,current,0,0,0.012524189945543185,0.012524189945543185,31,21,21,21,21,0,0,0,0.84,0.8,0.8,0.8,0.85,0,0.84,0.8,0.8,0.8,0.85,0,0.84,0.8,0.8,0.8,0.85,0,0.84,0.8,0.8,0.8,0.85
2512,no_strict_e1_improvement,0,,,,,1,0,1,1,0,1,0,1,0,0,-1,current,0,0,0.02016287114820443,0.02016287114820443,35,25,25,25,25,0,0,1,1.0,1.0,1.0,1.0,1.0,1,1.0,1.0,1.0,1.0,1.0,1,1.0,1.0,1.0,1.0,1.0,1,1.0,1.0,1.0,1.0,1.0
2513,no_strict_e1_improvement,0,,,,,1,0,2,1,1,1,1,1,0,0,-1,current,0,0,0.09134857612079941,0.09134857612079941,28,0,0,0,0,0,0,0,0.0,0.75,1.0,0.875,0.875,0,0.0,0.75,1.0,0.875,0.875,0,0.0,0.75,1.0,0.875,0.875,0,0.0,0.75,1.0,0.875,0.875
2514,max_rounds,0,,,,,1,1,2,1,1,1,1,1,0,0,0,s1a3_greedy,1,0,0.06980483571533114,0.054983190796338025,26,18,18,20,20,2,0,0,0.72,0.8,0.65,0.725,0.775,0,0.72,0.8,0.65,0.725,0.775,0,0.8,0.75,0.8,0.775,0.825,0,0.8,0.75,0.8,0.775,0.825
2515,max_rounds,0,,,,,1,1,2,1,1,1,1,1,0,0,0,s1a3_greedy,1,0,0.15110453130328097,0.1458510069467593,18,3,3,2,2,-1,0,0,0.12,0.6,0.9,0.75,0.75,0,0.12,0.6,0.9,0.75,0.75,0,0.08,0.65,0.9,0.775,0.775,0,0.08,0.65,0.9,0.775,0.775
2516,no_strict_e1_improvement,0,,,,,1,0,1,1,0,1,0,1,0,0,-1,current,0,0,0.1485717256553471,0.1485717256553471,26,12,12,12,12,0,0,0,0.48,0.7,0.75,0.725,0.75,0,0.48,0.7,0.75,0.725,0.75,0,0.48,0.7,0.75,0.725,0.75,0,0.48,0.7,0.75,0.725,0.75
2517,no_strict_e1_improvement,0,,,,,1,0,2,1,1,1,1,1,0,0,-1,current,0,0,0.16867846017703414,0.16867846017703414,27,2,2,2,2,0,0,0,0.08,0.65,0.8,0.725,0.725,0,0.08,0.65,0.8,0.725,0.725,0,0.08,0.65,0.8,0.725,0.725,0,0.08,0.65,0.8,0.725,0.725
2518,partial_completed__max_rounds,1,,5,2,4,1,1,2,1,1,1,1,1,0,0,0,s1a3_greedy,1,0,0.2650621452368796,0.08716736426576972,25,0,1,1,1,1,0,0,0.0,0.45,0.3,0.375,0.45,0,0.04,0.5,0.3,0.4,0.5,0,0.04,0.9,0.6,0.75,0.775,0,0.04,0.9,0.6,0.75,0.775
2519,max_rounds,0,,,,,1,1,2,1,1,1,1,1,0,0,0,s1a3_greedy,1,0,0.032215862593147904,0.01647767701651901,31,23,23,25,25,2,0,0,0.92,0.9,0.85,0.875,0.9,0,0.92,0.9,0.85,0.875,0.9,1,1.0,1.0,1.0,1.0,1.0,1,1.0,1.0,1.0,1.0,1.0
2520,max_rounds,0,,,,,1,1,2,1,1,1,1,1,0,0,0,s1a3_greedy,1,0,0.19468048140406607,0.09900525826960802,25,1,1,0,0,-1,0,0,0.04,0.55,0.7,0.625,0.725,0,0.04,0.55,0.7,0.625,0.725,0,0.0,0.75,1.0,0.875,0.875,0,0.0,0.75,1.0,0.875,0.875
2521,partial_completed__no_strict_e1_improvement,1,,15,4,8,1,0,2,1,1,1,1,1,0,0,-1,current,1,0,0.18857238879427313,0.18857238879427313,16,0,2,2,2,2,0,0,0.0,0.0,0.3,0.15,0.15,0,0.08,0.0,0.5,0.25,0.3,0,0.08,0.0,0.5,0.25,0.3,0,0.08,0.0,0.5,0.25,0.3
2522,max_rounds,0,,,,,1,1,2,1,1,1,1,1,0,0,0,s1a3_greedy,1,0,0.2871966739417985,0.2801694385241717,13,2,2,1,1,-1,0,0,0.08,0.3,0.15,0.225,0.275,0,0.08,0.3,0.15,0.225,0.275,0,0.04,0.25,0.0,0.125,0.2,0,0.04,0.25,0.0,0.125,0.2
2523,no_strict_e1_improvement,0,,,,,1,0,2,1,1,1,1,1,0,0,-1,current,0,0,0.06598327741958201,0.06598327741958201,30,0,0,0,0,0,0,0,0.0,0.95,0.75,0.85,0.85,0,0.0,0.95,0.75,0.85,0.85,0,0.0,0.95,0.75,0.85,0.85,0,0.0,0.95,0.75,0.85,0.85
2524,max_rounds,0,,,,,1,1,2,1,1,1,1,1,0,0,0,s1a3_greedy,1,0,0.18980546508100815,0.09046170841320418,26,18,18,23,23,5,0,0,0.72,0.65,0.6,0.625,0.7,0,0.72,0.65,0.6,0.625,0.7,0,0.92,0.9,0.85,0.875,0.875,0,0.92,0.9,0.85,0.875,0.875
2525,max_rounds,0,,,,,1,1,2,1,1,1,1,1,0,0,0,s1a3_greedy,1,0,0.25179641554132104,0.23246968983003172,17,1,1,0,0,-1,0,0,0.04,0.4,0.55,0.475,0.5,0,0.04,0.4,0.55,0.475,0.5,0,0.0,0.5,0.7,0.6,0.65,0,0.0,0.5,0.7,0.6,0.65
2526,max_rounds,0,,,,,1,1,2,1,1,1,1,1,0,0,0,s1a3_greedy,1,0,0.22707924871938304,0.17210764384362848,21,0,0,0,0,0,0,0,0.0,0.5,0.65,0.575,0.575,0,0.0,0.5,0.65,0.575,0.575,0,0.0,0.5,0.5,0.5,0.575,0,0.0,0.5,0.5,0.5,0.575
2527,max_rounds,0,,,,,1,1,2,1,1,1,1,1,0,0,0,s1a3_greedy,1,0,0.11939181038178504,0.0826883290661499,32,0,0,0,0,0,0,0,0.0,0.6,0.8,0.7,0.7,0,0.0,0.6,0.8,0.7,0.7,0,0.0,0.65,0.9,0.775,0.8,0,0.0,0.65,0.9,0.775,0.8
2528,max_rounds,0,,,,,1,1,2,1,1,1,1,1,0,0,0,s1a3_greedy,1,0,0.18491308179218321,0.15271129228640348,20,1,1,0,0,-1,0,0,0.04,0.5,0.55,0.525,0.55,0,0.04,0.5,0.55,0.525,0.55,0,0.0,0.4,0.55,0.475,0.55,0,0.0,0.4,0.55,0.475,0.55
2529,max_rounds,0,,,,,1,1,2,1,1,1,1,1,0,0,0,s1a3_greedy,1,0,0.37524922771845015,0.2083930246764794,14,0,0,0,0,0,0,0,0.0,0.3,0.35,0.325,0.45,0,0.0,0.3,0.35,0.325,0.45,0,0.0,0.35,0.35,0.35,0.5,0,0.0,0.35,0.35,0.35,0.5
2530,partial_completed__no_strict_e1_improvement,1,,5,2,4,1,0,2,1,1,1,1,1,0,0,-1,current,1,0,0.1982193099334836,0.1982193099334836,20,1,4,4,4,3,0,0,0.04,0.45,0.45,0.45,0.475,0,0.16,0.6,0.55,0.575,0.6,0,0.16,0.6,0.55,0.575,0.6,0,0.16,0.6,0.55,0.575,0.6
2531,no_strict_e1_improvement,0,,,,,1,0,2,1,1,1,1,1,0,0,-1,current,0,0,0.16072423483710735,0.16072423483710735,23,18,18,18,18,0,0,0,0.72,0.6,0.6,0.6,0.625,0,0.72,0.6,0.6,0.6,0.625,0,0.72,0.6,0.6,0.6,0.625,0,0.72,0.6,0.6,0.6,0.625
2532,max_rounds,0,,,,,1,1,2,1,1,1,1,1,0,0,0,s1a3_greedy,1,0,0.2407353175454773,0.234414633421693,19,2,2,2,2,0,0,0,0.08,0.3,0.4,0.35,0.4,0,0.08,0.3,0.4,0.35,0.4,0,0.08,0.3,0.4,0.35,0.425,0,0.08,0.3,0.4,0.35,0.425
2533,partial_completed__max_rounds,1,,5,2,4,1,1,2,1,1,1,1,1,0,0,0,s1a3_greedy,1,0,0.27339379200711844,0.2190797982737422,18,11,11,8,8,-3,0,0,0.44,0.3,0.5,0.4,0.4,0,0.44,0.4,0.5,0.45,0.475,0,0.32,0.25,0.55,0.4,0.425,0,0.32,0.25,0.55,0.4,0.425
2534,max_rounds,0,,,,,1,1,2,1,1,1,1,1,0,0,0,s1a3_greedy,1,0,0.10640290589944926,0.07799452716426458,28,4,4,0,0,-4,0,0,0.16,0.75,0.7,0.725,0.725,0,0.16,0.75,0.7,0.725,0.725,0,0.0,0.7,0.85,0.775,0.8,0,0.0,0.7,0.85,0.775,0.8
2535,small_component,0,,,,,1,0,0,0,0,0,0,1,0,0,-1,current,0,0,0.27006988854991504,0.27006988854991504,15,3,3,3,3,0,0,0,0.12,0.0,0.5,0.25,0.375,0,0.12,0.0,0.5,0.25,0.375,0,0.12,0.0,0.5,0.25,0.375,0,0.12,0.0,0.5,0.25,0.375
2536,max_rounds,0,,,,,1,1,2,1,1,1,1,1,0,0,0,s1a3_greedy,1,0,0.28186572534032167,0.20164820684585721,20,0,0,1,1,1,0,0,0.0,0.35,0.45,0.4,0.45,0,0.0,0.35,0.45,0.4,0.45,0,0.04,0.55,0.65,0.6,0.7,0,0.04,0.55,0.65,0.6,0.7
2537,max_rounds,0,,,,,1,1,2,1,1,1,1,1,0,0,0,s1a3_greedy,1,0,0.2225109145278111,0.14166008041938766,18,2,2,3,3,1,0,0,0.08,0.4,0.5,0.45,0.575,0,0.08,0.4,0.5,0.45,0.575,0,0.12,0.45,0.6,0.525,0.55,0,0.12,0.45,0.6,0.525,0.55
2538,small_component,0,,,,,1,0,0,0,0,0,0,1,0,0,-1,current,0,0,0.22434531691251322,0.22434531691251322,17,4,4,4,4,0,0,0,0.16,0.5,0.1,0.3,0.425,0,0.16,0.5,0.1,0.3,0.425,0,0.16,0.5,0.1,0.3,0.425,0,0.16,0.5,0.1,0.3,0.425
2539,no_strict_e1_improvement,0,,,,,1,0,1,1,0,1,0,1,0,0,-1,current,0,0,0.016657337255310267,0.016657337255310267,32,25,25,25,25,0,0,1,1.0,1.0,1.0,1.0,1.0,1,1.0,1.0,1.0,1.0,1.0,1,1.0,1.0,1.0,1.0,1.0,1,1.0,1.0,1.0,1.0,1.0
2540,no_strict_e1_improvement,0,,,,,1,0,1,1,0,1,0,1,0,0,-1,current,0,0,0.1072787094861269,0.1072787094861269,24,0,0,0,0,0,0,0,0.0,0.65,0.8,0.725,0.775,0,0.0,0.65,0.8,0.725,0.775,0,0.0,0.65,0.8,0.725,0.775,0,0.0,0.65,0.8,0.725,0.775
2541,max_rounds,0,,,,,1,1,2,1,1,1,1,1,0,0,0,s1a3_greedy,1,0,0.1389196009724401,0.09063282829010859,25,15,15,15,15,0,0,0,0.6,0.5,0.85,0.675,0.7,0,0.6,0.5,0.85,0.675,0.7,0,0.6,0.55,0.85,0.7,0.725,0,0.6,0.55,0.85,0.7,0.725
2542,small_component,0,,,,,1,0,0,0,0,0,0,1,0,0,-1,current,0,0,0.3302961019799113,0.3302961019799113,17,2,2,2,2,0,0,0,0.08,0.2,0.25,0.225,0.4,0,0.08,0.2,0.25,0.225,0.4,0,0.08,0.2,0.25,0.225,0.4,0,0.08,0.2,0.25,0.225,0.4
2543,max_rounds,0,,,,,1,1,2,1,1,1,1,1,0,0,0,s1a3_greedy,1,0,0.13538159225136043,0.13259504736197414,20,0,0,1,1,1,0,0,0.0,0.55,0.6,0.575,0.6,0,0.0,0.55,0.6,0.575,0.6,0,0.04,0.55,0.7,0.625,0.65,0,0.04,0.55,0.7,0.625,0.65
2544,no_strict_e1_improvement,0,,,,,1,0,1,1,0,1,0,1,0,0,-1,current,0,0,0.059699590969830754,0.059699590969830754,32,0,0,0,0,0,0,0,0.0,0.75,1.0,0.875,0.875,0,0.0,0.75,1.0,0.875,0.875,0,0.0,0.75,1.0,0.875,0.875,0,0.0,0.75,1.0,0.875,0.875
2545,max_rounds,0,,,,,1,1,2,1,1,1,1,1,0,0,0,s1a3_greedy,1,0,0.08921206582745071,0.07280584225372877,16,0,0,0,0,0,0,0,0.0,0.35,0.25,0.3,0.375,0,0.0,0.35,0.25,0.3,0.375,0,0.0,0.3,0.25,0.275,0.375,0,0.0,0.3,0.25,0.275,0.375
2546,max_rounds,0,,,,,1,1,2,1,1,1,1,1,0,0,0,s1a3_greedy,1,0,0.3177783789113164,0.2893603088334203,13,1,1,0,0,-1,0,0,0.04,0.35,0.1,0.225,0.3,0,0.04,0.35,0.1,0.225,0.3,0,0.0,0.15,0.25,0.2,0.25,0,0.0,0.15,0.25,0.2,0.25
2547,no_strict_e1_improvement,0,,,,,1,0,2,1,1,1,1,1,0,0,-1,current,0,0,0.15267125735990703,0.15267125735990703,26,18,18,18,18,0,0,0,0.72,0.6,0.7,0.65,0.725,0,0.72,0.6,0.7,0.65,0.725,0,0.72,0.6,0.7,0.65,0.725,0,0.72,0.6,0.7,0.65,0.725
2548,max_rounds,0,,,,,1,1,2,1,1,1,1,1,0,0,0,s1a3_greedy,1,0,0.16272060787305237,0.12536511450307444,26,3,3,5,5,2,0,0,0.12,0.4,0.75,0.575,0.65,0,0.12,0.4,0.75,0.575,0.65,0,0.2,0.25,1.0,0.625,0.75,0,0.2,0.25,1.0,0.625,0.75
2549,no_strict_e1_improvement,0,,,,,1,0,2,1,1,1,1,1,0,0,-1,current,0,0,0.1837014963151887,0.1837014963151887,21,0,0,0,0,0,0,0,0.0,0.7,0.45,0.575,0.65,0,0.0,0.7,0.45,0.575,0.65,0,0.0,0.7,0.45,0.575,0.65,0,0.0,0.7,0.45,0.575,0.65
2550,max_rounds,0,,,,,1,1,2,1,1,1,1,1,0,0,0,s1a3_greedy,1,0,0.20139540744712575,0.19023532695136963,15,0,0,1,1,1,0,0,0.0,0.6,0.35,0.475,0.475,0,0.0,0.6,0.35,0.475,0.475,0,0.04,0.35,0.4,0.375,0.45,0,0.04,0.35,0.4,0.375,0.45
2551,max_rounds,0,,,,,1,1,2,1,1,1,1,1,0,0,0,s1a3_greedy,1,0,0.1257415684289299,0.08198820424149744,30,0,0,0,0,0,0,0,0.0,0.7,0.75,0.725,0.75,0,0.0,0.7,0.75,0.725,0.75,0,0.0,0.75,1.0,0.875,0.875,0,0.0,0.75,1.0,0.875,0.875
2552,no_strict_e1_improvement,0,,,,,1,0,2,1,1,1,1,1,0,0,-1,current,0,0,0.23879116114694626,0.23879116114694626,19,1,1,1,1,0,0,0,0.04,0.4,0.0,0.2,0.275,0,0.04,0.4,0.0,0.2,0.275,0,0.04,0.4,0.0,0.2,0.275,0,0.04,0.4,0.0,0.2,0.275
2553,max_rounds,0,,,,,1,1,2,1,1,1,1,1,0,0,0,s1a3_greedy,1,0,0.10825124464463443,0.09665359863283811,23,0,0,0,0,0,0,0,0.0,0.55,0.6,0.575,0.6,0,0.0,0.55,0.6,0.575,0.6,0,0.0,0.6,0.65,0.625,0.65,0,0.0,0.6,0.65,0.625,0.65
2554,max_rounds,0,,,,,1,1,2,1,1,1,1,1,0,0,0,s1a3_greedy,1,0,0.2392914465162903,0.14729918765078764,17,0,0,1,1,1,0,0,0.0,0.4,0.35,0.375,0.475,0,0.0,0.4,0.35,0.375,0.475,0,0.04,0.5,0.3,0.4,0.5,0,0.04,0.5,0.3,0.4,0.5
2555,small_component,0,,,,,1,0,0,0,0,0,0,1,0,0,-1,current,0,0,0.2565176890231669,0.2565176890231669,16,11,11,11,11,0,0,0,0.44,0.3,0.25,0.275,0.35,0,0.44,0.3,0.25,0.275,0.35,0,0.44,0.3,0.25,0.275,0.35,0,0.44,0.3,0.25,0.275,0.35
2556,small_component,0,,,,,1,0,0,0,0,0,0,1,0,0,-1,current,0,0,0.33429270184133203,0.33429270184133203,16,4,4,4,4,0,0,0,0.16,0.25,0.25,0.25,0.275,0,0.16,0.25,0.25,0.25,0.275,0,0.16,0.25,0.25,0.25,0.275,0,0.16,0.25,0.25,0.25,0.275
2557,no_strict_e1_improvement,0,,,,,1,0,1,1,0,1,0,1,0,0,-1,current,0,0,0.10181395532563328,0.10181395532563328,25,0,0,0,0,0,0,0,0.0,0.75,0.9,0.825,0.825,0,0.0,0.75,0.9,0.825,0.825,0,0.0,0.75,0.9,0.825,0.825,0,0.0,0.75,0.9,0.825,0.825
2558,max_rounds,0,,,,,1,1,2,1,1,1,1,1,0,0,0,s1a3_greedy,1,0,0.022328676411416382,0.007808445749105886,38,23,23,25,25,2,0,0,0.92,0.85,0.9,0.875,0.9,0,0.92,0.85,0.9,0.875,0.9,1,1.0,1.0,1.0,1.0,1.0,1,1.0,1.0,1.0,1.0,1.0
2559,max_rounds,0,,,,,1,1,2,1,1,1,1,1,0,0,0,s1a3_greedy,1,0,0.12655407581478356,0.04529251956846565,24,19,19,25,25,6,0,0,0.76,0.6,0.7,0.65,0.7,0,0.76,0.6,0.7,0.65,0.7,1,1.0,1.0,1.0,1.0,1.0,1,1.0,1.0,1.0,1.0,1.0
2560,max_rounds,0,,,,,1,1,2,1,1,1,1,1,0,0,0,s1a3_greedy,1,0,0.09578150808010832,0.06085221539615304,26,0,0,0,0,0,0,0,0.0,0.65,0.85,0.75,0.75,0,0.0,0.65,0.85,0.75,0.75,0,0.0,0.75,1.0,0.875,0.875,0,0.0,0.75,1.0,0.875,0.875
2561,max_rounds,0,,,,,1,1,2,1,1,1,1,1,0,0,0,s1a3_greedy,1,0,0.22675277534872293,0.1900640372885391,11,1,1,0,0,-1,0,0,0.04,0.05,0.25,0.15,0.25,0,0.04,0.05,0.25,0.15,0.25,0,0.0,0.1,0.3,0.2,0.25,0,0.0,0.1,0.3,0.2,0.25
2562,max_rounds,0,,,,,1,1,2,1,1,1,1,1,0,0,0,s1a3_greedy,1,0,0.1631418912205845,0.07935914327390492,30,0,0,0,0,0,0,0,0.0,0.55,0.7,0.625,0.65,0,0.0,0.55,0.7,0.625,0.65,0,0.0,0.75,0.9,0.825,0.825,0,0.0,0.75,0.9,0.825,0.825
2563,max_rounds,0,,,,,1,1,2,1,1,1,1,1,0,0,0,s1a3_greedy,1,0,0.19233396707568318,0.17265718569979072,11,8,8,0,0,-8,0,0,0.32,0.3,0.25,0.275,0.4,0,0.32,0.3,0.25,0.275,0.4,0,0.0,0.3,0.2,0.25,0.325,0,0.0,0.3,0.2,0.25,0.325
2564,small_component,0,,,,,1,0,0,0,0,0,0,1,0,0,-1,current,0,0,0.1353575360160903,0.1353575360160903,13,0,0,0,0,0,0,0,0.0,0.15,0.0,0.075,0.25,0,0.0,0.15,0.0,0.075,0.25,0,0.0,0.15,0.0,0.075,0.25,0,0.0,0.15,0.0,0.075,0.25
2565,max_rounds,0,,,,,1,1,2,1,1,1,1,1,0,0,0,s1a3_greedy,1,0,0.11685052022803574,0.07734459501225502,29,20,20,22,22,2,0,0,0.8,0.95,0.75,0.85,0.85,0,0.8,0.95,0.75,0.85,0.85,0,0.88,0.85,0.85,0.85,0.85,0,0.88,0.85,0.85,0.85,0.85
2566,no_strict_e1_improvement,0,,,,,1,0,1,1,0,1,0,1,0,0,-1,current,0,0,0.03935425514355302,0.03935425514355302,34,0,0,0,0,0,0,0,0.0,1.0,0.75,0.875,0.875,0,0.0,1.0,0.75,0.875,0.875,0,0.0,1.0,0.75,0.875,0.875,0,0.0,1.0,0.75,0.875,0.875
2567,no_strict_e1_improvement,0,,,,,1,0,1,1,0,1,0,1,0,0,-1,current,0,0,0.02576115495758131,0.02576115495758131,33,25,25,25,25,0,0,1,1.0,1.0,1.0,1.0,1.0,1,1.0,1.0,1.0,1.0,1.0,1,1.0,1.0,1.0,1.0,1.0,1,1.0,1.0,1.0,1.0,1.0
2568,max_rounds,0,,,,,1,1,2,1,1,1,1,1,0,0,0,s1a3_greedy,1,0,0.20451202557887882,0.18192241895012556,18,10,10,11,11,1,0,0,0.4,0.45,0.5,0.475,0.5,0,0.4,0.45,0.5,0.475,0.5,0,0.44,0.6,0.6,0.6,0.65,0,0.44,0.6,0.6,0.6,0.65
2569,max_rounds,0,,,,,1,1,2,1,1,1,1,1,0,0,0,s1a3_greedy,1,0,0.2327381433919072,0.18845080431783573,18,9,9,1,1,-8,0,0,0.36,0.55,0.45,0.5,0.6,0,0.36,0.55,0.45,0.5,0.6,0,0.04,0.65,0.7,0.675,0.725,0,0.04,0.65,0.7,0.675,0.725
2570,max_rounds,0,,,,,1,1,2,1,1,1,1,1,0,0,0,s1a3_greedy,1,0,0.25654308900702744,0.16057235517073423,13,2,2,9,9,7,0,0,0.08,0.25,0.15,0.2,0.375,0,0.08,0.25,0.15,0.2,0.375,0,0.36,0.25,0.2,0.225,0.45,0,0.36,0.25,0.2,0.225,0.45
2571,no_strict_e1_improvement,0,,,,,1,0,1,1,0,1,0,1,0,0,-1,current,0,0,0.04359567530918866,0.04359567530918866,29,0,0,0,0,0,0,0,0.0,0.75,1.0,0.875,0.875,0,0.0,0.75,1.0,0.875,0.875,0,0.0,0.75,1.0,0.875,0.875,0,0.0,0.75,1.0,0.875,0.875
2572,max_rounds,0,,,,,1,1,2,1,1,1,1,1,0,0,0,s1a3_greedy,1,0,0.1420923364814371,0.13638643375597895,26,0,0,0,0,0,0,0,0.0,0.5,0.6,0.55,0.6,0,0.0,0.5,0.6,0.55,0.6,0,0.0,0.55,0.55,0.55,0.575,0,0.0,0.55,0.55,0.55,0.575
2573,max_rounds,0,,,,,1,1,2,1,1,1,1,1,0,0,0,s1a3_greedy,1,0,0.1930426268838346,0.05963218668475747,26,18,18,25,25,7,0,0,0.72,0.55,0.6,0.575,0.725,0,0.72,0.55,0.6,0.575,0.725,1,1.0,1.0,1.0,1.0,1.0,1,1.0,1.0,1.0,1.0,1.0
2574,no_strict_e1_improvement,0,,,,,1,0,1,1,0,1,0,1,0,0,-1,current,0,0,0.007838001498021186,0.007838001498021186,37,25,25,25,25,0,0,1,1.0,1.0,1.0,1.0,1.0,1,1.0,1.0,1.0,1.0,1.0,1,1.0,1.0,1.0,1.0,1.0,1,1.0,1.0,1.0,1.0,1.0
2575,no_strict_e1_improvement,0,,,,,1,0,2,1,1,1,1,1,0,0,-1,current,0,0,0.24986271783709527,0.24986271783709527,18,0,0,0,0,0,0,0,0.0,0.5,0.4,0.45,0.5,0,0.0,0.5,0.4,0.45,0.5,0,0.0,0.5,0.4,0.45,0.5,0,0.0,0.5,0.4,0.45,0.5
2576,max_rounds,0,,,,,1,1,2,1,1,1,1,1,0,0,0,s1a3_greedy,1,0,0.05173804961377755,0.0403730800957419,27,16,16,17,17,1,0,0,0.64,0.7,0.55,0.625,0.675,0,0.64,0.7,0.55,0.625,0.675,0,0.68,0.65,0.6,0.625,0.675,0,0.68,0.65,0.6,0.625,0.675
2577,max_rounds,0,,,,,1,1,2,1,1,1,1,1,0,0,0,s1a3_greedy,1,0,0.07436145121646405,0.06638581218612671,28,0,0,0,0,0,0,0,0.0,0.9,0.75,0.825,0.825,0,0.0,0.9,0.75,0.825,0.825,0,0.0,0.85,0.75,0.8,0.825,0,0.0,0.85,0.75,0.8,0.825
2578,no_strict_e1_improvement,0,,,,,1,0,1,1,0,1,0,1,0,0,-1,current,0,0,0.007673841767245904,0.007673841767245904,36,25,25,25,25,0,0,1,1.0,1.0,1.0,1.0,1.0,1,1.0,1.0,1.0,1.0,1.0,1,1.0,1.0,1.0,1.0,1.0,1,1.0,1.0,1.0,1.0,1.0
2579,small_component,0,,,,,1,0,0,0,0,0,0,1,0,0,-1,current,0,0,0.38981730290688577,0.38981730290688577,15,4,4,4,4,0,0,0,0.16,0.15,0.25,0.2,0.35,0,0.16,0.15,0.25,0.2,0.35,0,0.16,0.15,0.25,0.2,0.35,0,0.16,0.15,0.25,0.2,0.35
2580,no_strict_e1_improvement,0,,,,,1,0,2,1,1,1,1,1,0,0,-1,current,0,0,0.12488994124578312,0.12488994124578312,23,0,0,0,0,0,0,0,0.0,0.6,0.5,0.55,0.55,0,0.0,0.6,0.5,0.55,0.55,0,0.0,0.6,0.5,0.55,0.55,0,0.0,0.6,0.5,0.55,0.55
2581,max_rounds,0,,,,,1,1,2,1,1,1,1,1,0,0,0,s1a3_greedy,1,0,0.24655973396729677,0.21111673780251294,16,0,0,0,0,0,0,0,0.0,0.5,0.4,0.45,0.475,0,0.0,0.5,0.4,0.45,0.475,0,0.0,0.5,0.55,0.525,0.6,0,0.0,0.5,0.55,0.525,0.6
2582,max_rounds,0,,,,,1,1,2,1,1,1,1,1,0,0,0,s1a3_greedy,1,0,0.2503444868925726,0.20807856563951646,10,2,2,0,0,-2,0,0,0.08,0.0,0.2,0.1,0.25,0,0.08,0.0,0.2,0.1,0.25,0,0.0,0.0,0.25,0.125,0.175,0,0.0,0.0,0.25,0.125,0.175
2583,max_rounds,0,,,,,1,1,2,1,1,1,1,1,0,0,0,s1a3_greedy,1,0,0.2652921572618652,0.1853544290235732,19,0,0,1,1,1,0,0,0.0,0.45,0.35,0.4,0.425,0,0.0,0.45,0.35,0.4,0.425,0,0.04,0.3,0.45,0.375,0.5,0,0.04,0.3,0.45,0.375,0.5
2584,no_strict_e1_improvement,0,,,,,1,0,2,1,1,1,1,1,0,0,-1,current,0,0,0.15283509824657812,0.15283509824657812,19,9,9,9,9,0,0,0,0.36,0.4,0.65,0.525,0.525,0,0.36,0.4,0.65,0.525,0.525,0,0.36,0.4,0.65,0.525,0.525,0,0.36,0.4,0.65,0.525,0.525
2585,no_strict_e1_improvement,0,,,,,1,0,1,1,0,1,0,1,0,0,-1,current,0,0,0.016819797818789083,0.016819797818789083,33,25,25,25,25,0,0,1,1.0,1.0,1.0,1.0,1.0,1,1.0,1.0,1.0,1.0,1.0,1,1.0,1.0,1.0,1.0,1.0,1,1.0,1.0,1.0,1.0,1.0
2586,no_strict_e1_improvement,0,,,,,1,0,1,1,0,1,0,1,0,0,-1,current,0,0,0.006857867352664471,0.006857867352664471,39,25,25,25,25,0,0,1,1.0,1.0,1.0,1.0,1.0,1,1.0,1.0,1.0,1.0,1.0,1,1.0,1.0,1.0,1.0,1.0,1,1.0,1.0,1.0,1.0,1.0
2587,no_strict_e1_improvement,0,,,,,1,0,1,1,0,1,0,1,0,0,-1,current,0,0,0.03174872747258632,0.03174872747258632,31,23,23,23,23,0,0,0,0.92,0.9,0.9,0.9,0.925,0,0.92,0.9,0.9,0.9,0.925,0,0.92,0.9,0.9,0.9,0.925,0,0.92,0.9,0.9,0.9,0.925
2588,no_strict_e1_improvement,0,,,,,1,0,2,1,1,1,1,1,0,0,-1,current,0,0,0.19868951933458448,0.19868951933458448,24,20,20,20,20,0,0,0,0.8,0.8,0.75,0.775,0.85,0,0.8,0.8,0.75,0.775,0.85,0,0.8,0.8,0.75,0.775,0.85,0,0.8,0.8,0.75,0.775,0.85
2589,no_strict_e1_improvement,0,,,,,1,0,1,1,0,1,0,1,0,0,-1,current,0,0,0.11688294378109276,0.11688294378109276,29,0,0,0,0,0,0,0,0.0,0.75,0.8,0.775,0.775,0,0.0,0.75,0.8,0.775,0.775,0,0.0,0.75,0.8,0.775,0.775,0,0.0,0.75,0.8,0.775,0.775
2590,max_rounds,0,,,,,1,1,2,1,1,1,1,1,0,0,0,s1a3_greedy,1,0,0.12172544913482852,0.12085899243247696,20,6,6,4,4,-2,0,0,0.24,0.8,0.45,0.625,0.625,0,0.24,0.8,0.45,0.625,0.625,0,0.16,0.7,0.4,0.55,0.6,0,0.16,0.7,0.4,0.55,0.6
2591,max_rounds,0,,,,,1,1,2,1,1,1,1,1,0,0,0,s1a3_greedy,1,0,0.19728629152959912,0.09706070856191218,23,0,0,5,5,5,0,0,0.0,0.55,0.75,0.65,0.675,0,0.0,0.55,0.75,0.65,0.675,0,0.2,0.5,1.0,0.75,0.75,0,0.2,0.5,1.0,0.75,0.75
2592,small_component,0,,,,,1,0,0,0,0,0,0,1,0,0,-1,current,0,0,0.2491761516779661,0.2491761516779661,16,1,1,1,1,0,0,0,0.04,0.45,0.05,0.25,0.4,0,0.04,0.45,0.05,0.25,0.4,0,0.04,0.45,0.05,0.25,0.4,0,0.04,0.45,0.05,0.25,0.4
2593,max_rounds,0,,,,,1,1,2,1,1,1,1,1,0,0,0,s1a3_greedy,1,0,0.26888474165461956,0.1654705702327192,14,2,2,0,0,-2,0,0,0.08,0.2,0.3,0.25,0.4,0,0.08,0.2,0.3,0.25,0.4,0,0.0,0.15,0.25,0.2,0.4,0,0.0,0.15,0.25,0.2,0.4
2594,max_rounds,0,,,,,1,1,2,1,1,1,1,1,0,0,0,s1a3_greedy,1,0,0.05722471720655449,0.028644706873456015,27,20,20,25,25,5,0,0,0.8,0.7,0.7,0.7,0.7,0,0.8,0.7,0.7,0.7,0.7,1,1.0,1.0,1.0,1.0,1.0,1,1.0,1.0,1.0,1.0,1.0
2595,partial_completed__max_rounds,1,,5,2,4,1,1,2,1,1,1,1,1,0,0,0,s1a3_greedy,1,0,0.22561637756880373,0.20316720786504447,15,6,6,0,0,-6,0,0,0.24,0.3,0.45,0.375,0.425,0,0.24,0.4,0.45,0.425,0.475,0,0.0,0.55,0.55,0.55,0.6,0,0.0,0.55,0.55,0.55,0.6
2596,no_strict_e1_improvement,0,,,,,1,0,1,1,0,1,0,1,0,0,-1,current,0,0,0.01232463694177568,0.01232463694177568,34,25,25,25,25,0,0,1,1.0,1.0,1.0,1.0,1.0,1,1.0,1.0,1.0,1.0,1.0,1,1.0,1.0,1.0,1.0,1.0,1,1.0,1.0,1.0,1.0,1.0
2597,max_rounds,0,,,,,1,1,2,1,1,1,1,1,0,0,0,s1a3_greedy,1,0,0.2511661789565551,0.216833935957402,9,3,3,2,2,-1,0,0,0.12,0.0,0.1,0.05,0.175,0,0.12,0.0,0.1,0.05,0.175,0,0.08,0.05,0.1,0.075,0.15,0,0.08,0.05,0.1,0.075,0.15
2598,max_rounds,0,,,,,1,1,2,1,1,1,1,1,0,0,0,s1a3_greedy,1,0,0.22184703047387302,0.10469826548360288,17,0,0,0,0,0,0,0,0.0,0.4,0.45,0.425,0.525,0,0.0,0.4,0.45,0.425,0.525,0,0.0,0.65,0.75,0.7,0.725,0,0.0,0.65,0.75,0.7,0.725
2599,no_strict_e1_improvement,0,,,,,1,0,2,1,1,1,1,1,0,0,-1,current,0,0,0.13923176259268075,0.13923176259268075,23,0,0,0,0,0,0,0,0.0,0.75,0.85,0.8,0.8,0,0.0,0.75,0.85,0.8,0.8,0,0.0,0.75,0.85,0.8,0.8,0,0.0,0.75,0.85,0.8,0.8
2600,no_strict_e1_improvement,0,,,,,1,0,2,1,1,1,1,1,0,0,-1,current,0,0,0.24503792239847827,0.24503792239847827,18,0,0,0,0,0,0,0,0.0,0.35,0.5,0.425,0.5,0,0.0,0.35,0.5,0.425,0.5,0,0.0,0.35,0.5,0.425,0.5,0,0.0,0.35,0.5,0.425,0.5
2601,no_strict_e1_improvement,0,,,,,1,0,1,1,0,1,0,1,0,0,-1,current,0,0,0.06605937239946798,0.06605937239946798,30,0,0,0,0,0,0,0,0.0,0.75,0.85,0.8,0.8,0,0.0,0.75,0.85,0.8,0.8,0,0.0,0.75,0.85,0.8,0.8,0,0.0,0.75,0.85,0.8,0.8
2602,no_strict_e1_improvement,0,,,,,1,0,1,1,0,1,0,1,0,0,-1,current,0,0,0.047954094409942624,0.047954094409942624,32,23,23,23,23,0,0,0,0.92,0.85,0.85,0.85,0.95,0,0.92,0.85,0.85,0.85,0.95,0,0.92,0.85,0.85,0.85,0.95,0,0.92,0.85,0.85,0.85,0.95
2603,max_rounds,0,,,,,1,1,2,1,1,1,1,1,0,0,0,s1a3_greedy,1,0,0.21992714758962392,0.12439541146159172,24,0,0,0,0,0,0,0,0.0,0.45,0.45,0.45,0.5,0,0.0,0.45,0.45,0.45,0.5,0,0.0,0.55,0.6,0.575,0.575,0,0.0,0.55,0.6,0.575,0.575
2604,no_strict_e1_improvement,0,,,,,1,0,1,1,0,1,0,1,0,0,-1,current,0,0,0.03038060888648033,0.03038060888648033,32,25,25,25,25,0,0,1,1.0,1.0,1.0,1.0,1.0,1,1.0,1.0,1.0,1.0,1.0,1,1.0,1.0,1.0,1.0,1.0,1,1.0,1.0,1.0,1.0,1.0
2605,max_rounds,0,,,,,1,1,2,1,1,1,1,1,0,0,0,s1a3_greedy,1,0,0.3273253246079548,0.30139927761629226,13,0,0,1,1,1,0,0,0.0,0.35,0.45,0.4,0.525,0,0.0,0.35,0.45,0.4,0.525,0,0.04,0.05,0.35,0.2,0.3,0,0.04,0.05,0.35,0.2,0.3
2606,no_strict_e1_improvement,0,,,,,1,0,1,1,0,1,0,1,0,0,-1,current,0,0,0.09484264876809903,0.09484264876809903,29,15,15,15,15,0,0,0,0.6,0.75,0.9,0.825,0.825,0,0.6,0.75,0.9,0.825,0.825,0,0.6,0.75,0.9,0.825,0.825,0,0.6,0.75,0.9,0.825,0.825
2607,max_rounds,0,,,,,1,1,2,1,1,1,1,1,0,0,0,s1a3_greedy,1,0,0.29368059027474375,0.12694471701979637,17,0,0,0,0,0,0,0,0.0,0.5,0.3,0.4,0.45,0,0.0,0.5,0.3,0.4,0.45,0,0.0,0.75,0.45,0.6,0.625,0,0.0,0.75,0.45,0.6,0.625
2608,max_rounds,0,,,,,1,1,2,1,1,1,1,1,0,0,0,s1a3_greedy,1,0,0.19124888340593316,0.14494693899177946,20,13,13,15,15,2,0,0,0.52,0.85,0.4,0.625,0.625,0,0.52,0.85,0.4,0.625,0.625,0,0.6,0.75,0.5,0.625,0.65,0,0.6,0.75,0.5,0.625,0.65
2609,max_rounds,0,,,,,1,1,2,1,1,1,1,1,0,0,0,s1a3_greedy,1,0,0.27881768874358387,0.20830672138836234,12,0,0,0,0,0,0,0,0.0,0.35,0.3,0.325,0.375,0,0.0,0.35,0.3,0.325,0.375,0,0.0,0.35,0.4,0.375,0.4,0,0.0,0.35,0.4,0.375,0.4
2610,max_rounds,0,,,,,1,1,2,1,1,1,1,1,0,0,0,s1a3_greedy,1,0,0.20618936896207743,0.12720810053870082,16,0,0,3,3,3,0,0,0.0,0.25,0.6,0.425,0.425,0,0.0,0.25,0.6,0.425,0.425,0,0.12,0.05,0.65,0.35,0.45,0,0.12,0.05,0.65,0.35,0.45
2611,no_strict_e1_improvement,0,,,,,1,0,1,1,0,1,0,1,0,0,-1,current,0,0,0.04367850031703711,0.04367850031703711,32,0,0,0,0,0,0,0,0.0,0.75,1.0,0.875,0.875,0,0.0,0.75,1.0,0.875,0.875,0,0.0,0.75,1.0,0.875,0.875,0,0.0,0.75,1.0,0.875,0.875
2612,no_strict_e1_improvement,0,,,,,1,0,1,1,0,1,0,1,0,0,-1,current,0,0,0.02454875558614731,0.02454875558614731,34,25,25,25,25,0,0,1,1.0,1.0,1.0,1.0,1.0,1,1.0,1.0,1.0,1.0,1.0,1,1.0,1.0,1.0,1.0,1.0,1,1.0,1.0,1.0,1.0,1.0
2613,no_strict_e1_improvement,0,,,,,1,0,2,1,1,1,1,1,0,0,-1,current,0,0,0.21249557808041572,0.21249557808041572,18,1,1,1,1,0,0,0,0.04,0.65,0.45,0.55,0.65,0,0.04,0.65,0.45,0.55,0.65,0,0.04,0.65,0.45,0.55,0.65,0,0.04,0.65,0.45,0.55,0.65
2614,max_rounds,0,,,,,1,1,2,1,1,1,1,1,0,0,0,s1a3_greedy,1,0,0.23206240832805633,0.2259141712449491,16,0,0,0,0,0,0,0,0.0,0.2,0.5,0.35,0.375,0,0.0,0.2,0.5,0.35,0.375,0,0.0,0.4,0.4,0.4,0.5,0,0.0,0.4,0.4,0.4,0.5
2615,max_rounds,0,,,,,1,1,2,1,1,1,1,1,0,0,0,s1a3_greedy,1,0,0.1539858643664047,0.11064361098688096,28,19,19,21,21,2,0,0,0.76,0.6,0.65,0.625,0.725,0,0.76,0.6,0.65,0.625,0.725,0,0.84,0.7,0.85,0.775,0.8,0,0.84,0.7,0.85,0.775,0.8
2616,max_rounds,0,,,,,1,1,2,1,1,1,1,1,0,0,0,s1a3_greedy,1,0,0.1522781364095863,0.07231066318927333,21,1,1,0,0,-1,0,0,0.04,0.5,0.55,0.525,0.575,0,0.04,0.5,0.55,0.525,0.575,0,0.0,0.65,0.75,0.7,0.725,0,0.0,0.65,0.75,0.7,0.725
2617,max_rounds,0,,,,,1,1,2,1,1,1,1,1,0,0,0,s1a3_greedy,1,0,0.13652034870465285,0.1125281534914393,23,0,0,0,0,0,0,0,0.0,0.3,0.6,0.45,0.525,0,0.0,0.3,0.6,0.45,0.525,0,0.0,0.3,0.6,0.45,0.525,0,0.0,0.3,0.6,0.45,0.525
2618,max_rounds,0,,,,,1,1,2,1,1,1,1,1,0,0,0,s1a3_greedy,1,0,0.24455470148241149,0.24390618266770617,12,1,1,2,2,1,0,0,0.04,0.3,0.2,0.25,0.375,0,0.04,0.3,0.2,0.25,0.375,0,0.08,0.25,0.3,0.275,0.35,0,0.08,0.25,0.3,0.275,0.35
2619,max_rounds,0,,,,,1,1,2,1,1,1,1,1,0,0,0,s1a3_greedy,1,0,0.2516712032724172,0.20416928781196475,9,2,2,0,0,-2,0,0,0.08,0.3,0.2,0.25,0.35,0,0.08,0.3,0.2,0.25,0.35,0,0.0,0.2,0.35,0.275,0.45,0,0.0,0.2,0.35,0.275,0.45
2620,max_rounds,0,,,,,1,1,2,1,1,1,1,1,0,0,0,s1a3_greedy,1,0,0.11369951241649687,0.0914617299567908,25,0,0,1,1,1,0,0,0.0,0.75,0.85,0.8,0.85,0,0.0,0.75,0.85,0.8,0.85,0,0.04,0.65,0.75,0.7,0.75,0,0.04,0.65,0.75,0.7,0.75
2621,max_rounds,0,,,,,1,1,2,1,1,1,1,1,0,0,0,s1a3_greedy,1,0,0.20143889223400038,0.16548266869212966,22,1,1,0,0,-1,0,0,0.04,0.55,0.5,0.525,0.55,0,0.04,0.55,0.5,0.525,0.55,0,0.0,0.55,0.55,0.55,0.6,0,0.0,0.55,0.55,0.55,0.6
2622,no_strict_e1_improvement,0,,,,,1,0,1,1,0,1,0,1,0,0,-1,current,0,0,0.09729049606248737,0.09729049606248737,29,0,0,0,0,0,0,0,0.0,0.75,0.95,0.85,0.85,0,0.0,0.75,0.95,0.85,0.85,0,0.0,0.75,0.95,0.85,0.85,0,0.0,0.75,0.95,0.85,0.85
2623,max_rounds,0,,,,,1,1,2,1,1,1,1,1,0,0,0,s1a3_greedy,1,0,0.10316183650866151,0.09552879789844156,25,0,0,0,0,0,0,0,0.0,0.9,0.75,0.825,0.85,0,0.0,0.9,0.75,0.825,0.85,0,0.0,0.85,0.75,0.8,0.85,0,0.0,0.85,0.75,0.8,0.85
2624,max_rounds,0,,,,,1,1,2,1,1,1,1,1,0,0,0,s1a3_greedy,1,0,0.19694115355960093,0.19645224878913722,13,11,11,2,2,-9,0,0,0.44,0.55,0.45,0.5,0.575,0,0.44,0.55,0.45,0.5,0.575,0,0.08,0.3,0.35,0.325,0.375,0,0.08,0.3,0.35,0.325,0.375
2625,max_rounds,0,,,,,1,1,2,1,1,1,1,1,0,0,0,s1a3_greedy,1,0,0.1492823078238871,0.11375019018887542,22,17,17,20,20,3,0,0,0.68,0.7,0.6,0.65,0.7,0,0.68,0.7,0.6,0.65,0.7,0,0.8,0.95,0.75,0.85,0.85,0,0.8,0.95,0.75,0.85,0.85
2626,max_rounds,0,,,,,1,1,2,1,1,1,1,1,0,0,0,s1a3_greedy,1,0,0.25937722786329687,0.2168111245147884,12,0,0,1,1,1,0,0,0.0,0.3,0.25,0.275,0.375,0,0.0,0.3,0.25,0.275,0.375,0,0.04,0.3,0.25,0.275,0.4,0,0.04,0.3,0.25,0.275,0.4
2627,max_rounds,0,,,,,1,1,2,1,1,1,1,1,0,0,0,s1a3_greedy,1,0,0.12590968338772654,0.08518915912136435,23,0,0,0,0,0,0,0,0.0,0.55,0.5,0.525,0.625,0,0.0,0.55,0.5,0.525,0.625,0,0.0,0.7,0.6,0.65,0.65,0,0.0,0.7,0.6,0.65,0.65
2628,no_strict_e1_improvement,0,,,,,1,0,2,1,1,1,1,1,0,0,-1,current,0,0,0.23341402863152325,0.23341402863152325,20,1,1,1,1,0,0,0,0.04,0.15,0.45,0.3,0.375,0,0.04,0.15,0.45,0.3,0.375,0,0.04,0.15,0.45,0.3,0.375,0,0.04,0.15,0.45,0.3,0.375
2629,max_rounds,0,,,,,1,1,2,1,1,1,1,1,0,0,0,s1a3_greedy,1,0,0.1603391451528296,0.135379940783605,15,12,12,18,18,6,0,0,0.48,0.45,0.7,0.575,0.575,0,0.48,0.45,0.7,0.575,0.575,0,0.72,0.5,0.55,0.525,0.625,0,0.72,0.5,0.55,0.525,0.625
2630,max_rounds,0,,,,,1,1,2,1,1,1,1,1,0,0,0,s1a3_greedy,1,0,0.24977095352951437,0.2146986639825627,22,0,0,1,1,1,0,0,0.0,0.5,0.6,0.55,0.65,0,0.0,0.5,0.6,0.55,0.65,0,0.04,0.55,0.55,0.55,0.575,0,0.04,0.55,0.55,0.55,0.575
2631,max_rounds,0,,,,,1,1,2,1,1,1,1,1,0,0,0,s1a3_greedy,1,0,0.0921631530392915,0.056492811237694694,28,21,21,20,20,-1,0,0,0.84,0.75,0.8,0.775,0.825,0,0.84,0.75,0.8,0.775,0.825,0,0.8,0.8,0.8,0.8,0.825,0,0.8,0.8,0.8,0.8,0.825
2632,max_rounds,0,,,,,1,1,2,1,1,1,1,1,0,0,0,s1a3_greedy,1,0,0.11080447938293218,0.09581859232857823,27,22,22,23,23,1,0,0,0.88,0.85,0.75,0.8,0.8,0,0.88,0.85,0.75,0.8,0.8,0,0.92,0.9,0.85,0.875,0.9,0,0.92,0.9,0.85,0.875,0.9
2633,small_component,0,,,,,1,0,0,0,0,0,0,1,0,0,-1,current,0,0,0.30801045313419306,0.30801045313419306,17,1,1,1,1,0,0,0,0.04,0.4,0.15,0.275,0.35,0,0.04,0.4,0.15,0.275,0.35,0,0.04,0.4,0.15,0.275,0.35,0,0.04,0.4,0.15,0.275,0.35
2634,max_rounds,0,,,,,1,1,2,1,1,1,1,1,0,0,0,s1a3_greedy,1,0,0.18304241474252195,0.11943762103037443,20,0,0,0,0,0,0,0,0.0,0.7,0.6,0.65,0.65,0,0.0,0.7,0.6,0.65,0.65,0,0.0,0.65,0.6,0.625,0.725,0,0.0,0.65,0.6,0.625,0.725
2635,max_rounds,0,,,,,1,1,2,1,1,1,1,1,0,0,0,s1a3_greedy,1,0,0.20551768897566944,0.20477890542242677,15,0,0,0,0,0,0,0,0.0,0.4,0.5,0.45,0.5,0,0.0,0.4,0.5,0.45,0.5,0,0.0,0.3,0.4,0.35,0.425,0,0.0,0.3,0.4,0.35,0.425
2636,max_rounds,0,,,,,1,1,2,1,1,1,1,1,0,0,0,s1a3_greedy,1,0,0.19166958092246206,0.1819445992819965,18,2,2,5,5,3,0,0,0.08,0.45,0.1,0.275,0.3,0,0.08,0.45,0.1,0.275,0.3,0,0.2,0.3,0.1,0.2,0.275,0,0.2,0.3,0.1,0.2,0.275
2637,max_rounds,0,,,,,1,1,2,1,1,1,1,1,0,0,0,s1a3_greedy,1,0,0.14167546485550703,0.04774709154153243,26,0,0,0,0,0,0,0,0.0,0.55,0.65,0.6,0.625,0,0.0,0.55,0.65,0.6,0.625,0,0.0,0.75,0.8,0.775,0.85,0,0.0,0.75,0.8,0.775,0.85
2638,max_rounds,0,,,,,1,1,2,1,1,1,1,1,0,0,0,s1a3_greedy,1,0,0.20739364961045795,0.09228217306081206,11,3,3,2,2,-1,0,0,0.12,0.15,0.15,0.15,0.275,0,0.12,0.15,0.15,0.15,0.275,0,0.08,0.1,0.2,0.15,0.225,0,0.08,0.1,0.2,0.15,0.225
2639,max_rounds,0,,,,,1,1,2,1,1,1,1,1,0,0,0,s1a3_greedy,1,0,0.08870917719323188,0.0658013375243172,25,9,9,9,9,0,0,0,0.36,0.5,0.7,0.6,0.65,0,0.36,0.5,0.7,0.6,0.65,0,0.36,0.6,0.8,0.7,0.7,0,0.36,0.6,0.8,0.7,0.7
2640,max_rounds,0,,,,,1,1,2,1,1,1,1,1,0,0,0,s1a3_greedy,1,0,0.10198311707936228,0.042291266517713665,32,22,22,25,25,3,0,0,0.88,0.85,0.9,0.875,0.875,0,0.88,0.85,0.9,0.875,0.875,1,1.0,1.0,1.0,1.0,1.0,1,1.0,1.0,1.0,1.0,1.0
2641,max_rounds,0,,,,,1,1,2,1,1,1,1,1,0,0,0,s1a3_greedy,1,0,0.16709592891857028,0.12494127918034792,23,0,0,0,0,0,0,0,0.0,0.7,0.7,0.7,0.7,0,0.0,0.7,0.7,0.7,0.7,0,0.0,0.65,0.55,0.6,0.65,0,0.0,0.65,0.55,0.6,0.65
2642,no_strict_e1_improvement,0,,,,,1,0,1,1,0,1,0,1,0,0,-1,current,0,0,0.10117898533353582,0.10117898533353582,22,0,0,0,0,0,0,0,0.0,0.75,0.9,0.825,0.825,0,0.0,0.75,0.9,0.825,0.825,0,0.0,0.75,0.9,0.825,0.825,0,0.0,0.75,0.9,0.825,0.825
2643,partial_completed__max_rounds,1,,5,2,4,1,1,2,1,1,1,1,1,0,0,0,s1a3_greedy,1,0,0.2582389197777957,0.21774883451871574,15,1,2,1,1,0,0,0,0.04,0.15,0.1,0.125,0.15,0,0.08,0.15,0.1,0.125,0.2,0,0.04,0.2,0.1,0.15,0.275,0,0.04,0.2,0.1,0.15,0.275
2644,no_strict_e1_improvement,0,,,,,1,0,2,1,1,1,1,1,0,0,-1,current,0,0,0.15531203066930174,0.15531203066930174,22,17,17,17,17,0,0,0,0.68,0.55,0.6,0.575,0.65,0,0.68,0.55,0.6,0.575,0.65,0,0.68,0.55,0.6,0.575,0.65,0,0.68,0.55,0.6,0.575,0.65
2645,no_strict_e1_improvement,0,,,,,1,0,1,1,0,1,0,1,0,0,-1,current,0,0,0.008155782800167799,0.008155782800167799,36,25,25,25,25,0,0,1,1.0,1.0,1.0,1.0,1.0,1,1.0,1.0,1.0,1.0,1.0,1,1.0,1.0,1.0,1.0,1.0,1,1.0,1.0,1.0,1.0,1.0
2646,small_component,0,,,,,1,0,0,0,0,0,0,1,0,0,-1,current,0,0,0.25724022430367766,0.25724022430367766,18,0,0,0,0,0,0,0,0.0,0.25,0.4,0.325,0.375,0,0.0,0.25,0.4,0.325,0.375,0,0.0,0.25,0.4,0.325,0.375,0,0.0,0.25,0.4,0.325,0.375
2647,max_rounds,0,,,,,1,1,2,1,1,1,1,1,0,0,0,s1a3_greedy,1,0,0.21588704558089375,0.19602838321588933,20,0,0,0,0,0,0,0,0.0,0.45,0.75,0.6,0.6,0,0.0,0.45,0.75,0.6,0.6,0,0.0,0.55,0.55,0.55,0.575,0,0.0,0.55,0.55,0.55,0.575
2648,partial_completed__small_component,1,,5,2,4,1,0,0,0,0,0,0,1,0,0,-1,current,1,0,0.1621693667024374,0.1621693667024374,16,0,0,0,0,0,0,0,0.0,0.3,0.1,0.2,0.225,0,0.0,0.35,0.1,0.225,0.275,0,0.0,0.35,0.1,0.225,0.275,0,0.0,0.35,0.1,0.225,0.275
2649,max_rounds,0,,,,,1,1,2,1,1,1,1,1,0,0,0,s1a3_greedy,1,0,0.13826174807036296,0.0706193565041758,25,0,0,0,0,0,0,0,0.0,0.45,0.75,0.6,0.625,0,0.0,0.45,0.75,0.6,0.625,0,0.0,0.6,0.75,0.675,0.675,0,0.0,0.6,0.75,0.675,0.675
2650,max_rounds,0,,,,,1,1,2,1,1,1,1,1,0,0,0,s1a3_greedy,1,0,0.1251503462466644,0.09342980948567856,26,12,12,13,13,1,0,0,0.48,0.7,0.75,0.725,0.725,0,0.48,0.7,0.75,0.725,0.725,0,0.52,0.8,0.7,0.75,0.75,0,0.52,0.8,0.7,0.75,0.75
2651,no_strict_e1_improvement,0,,,,,1,0,1,1,0,1,0,1,0,0,-1,current,0,0,0.023914773680735378,0.023914773680735378,32,25,25,25,25,0,0,1,1.0,1.0,1.0,1.0,1.0,1,1.0,1.0,1.0,1.0,1.0,1,1.0,1.0,1.0,1.0,1.0,1,1.0,1.0,1.0,1.0,1.0
2652,no_strict_e1_improvement,0,,,,,1,0,1,1,0,1,0,1,0,0,-1,current,0,0,0.010911650955677032,0.010911650955677032,34,25,25,25,25,0,0,1,1.0,1.0,1.0,1.0,1.0,1,1.0,1.0,1.0,1.0,1.0,1,1.0,1.0,1.0,1.0,1.0,1,1.0,1.0,1.0,1.0,1.0
2653,max_rounds,0,,,,,1,1,2,1,1,1,1,1,0,0,0,s1a3_greedy,1,0,0.21452624602243303,0.15614287101197988,12,0,0,0,0,0,0,0,0.0,0.3,0.05,0.175,0.3,0,0.0,0.3,0.05,0.175,0.3,0,0.0,0.25,0.05,0.15,0.3,0,0.0,0.25,0.05,0.15,0.3
2654,no_strict_e1_improvement,0,,,,,1,0,1,1,0,1,0,1,0,0,-1,current,0,0,0.040442348225042224,0.040442348225042224,32,25,25,25,25,0,0,1,1.0,1.0,1.0,1.0,1.0,1,1.0,1.0,1.0,1.0,1.0,1,1.0,1.0,1.0,1.0,1.0,1,1.0,1.0,1.0,1.0,1.0
2655,max_rounds,0,,,,,1,1,2,1,1,1,1,1,0,0,0,s1a3_greedy,1,0,0.19141114465892314,0.05335524307301966,26,12,12,20,20,8,0,0,0.48,0.55,0.5,0.525,0.55,0,0.48,0.55,0.5,0.525,0.55,0,0.8,0.6,0.7,0.65,0.675,0,0.8,0.6,0.7,0.65,0.675
2656,no_strict_e1_improvement,0,,,,,1,0,1,1,0,1,0,1,0,0,-1,current,0,0,0.07828434484545141,0.07828434484545141,32,0,0,0,0,0,0,0,0.0,0.75,0.95,0.85,0.85,0,0.0,0.75,0.95,0.85,0.85,0,0.0,0.75,0.95,0.85,0.85,0,0.0,0.75,0.95,0.85,0.85
2657,no_strict_e1_improvement,0,,,,,1,0,1,1,0,1,0,1,0,0,-1,current,0,0,0.06618294259533286,0.06618294259533286,33,0,0,0,0,0,0,0,0.0,0.75,1.0,0.875,0.875,0,0.0,0.75,1.0,0.875,0.875,0,0.0,0.75,1.0,0.875,0.875,0,0.0,0.75,1.0,0.875,0.875
2658,max_rounds,0,,,,,1,1,2,1,1,1,1,1,0,0,0,s1a3_greedy,1,0,0.15560430283658205,0.11440787292085589,26,5,5,2,2,-3,0,0,0.2,0.5,0.65,0.575,0.6,0,0.2,0.5,0.65,0.575,0.6,0,0.08,0.45,0.8,0.625,0.675,0,0.08,0.45,0.8,0.625,0.675
2659,small_component,0,,,,,1,0,0,0,0,0,0,1,0,0,-1,current,0,0,0.30998038343386725,0.30998038343386725,18,0,0,0,0,0,0,0,0.0,0.25,0.1,0.175,0.275,0,0.0,0.25,0.1,0.175,0.275,0,0.0,0.25,0.1,0.175,0.275,0,0.0,0.25,0.1,0.175,0.275
2660,no_strict_e1_improvement,0,,,,,1,0,1,1,0,1,0,1,0,0,-1,current,0,0,0.05226769484579563,0.05226769484579563,35,0,0,0,0,0,0,0,0.0,0.75,1.0,0.875,0.875,0,0.0,0.75,1.0,0.875,0.875,0,0.0,0.75,1.0,0.875,0.875,0,0.0,0.75,1.0,0.875,0.875
2661,no_strict_e1_improvement,0,,,,,1,0,2,1,1,1,1,1,0,0,-1,current,0,0,0.17879456216469408,0.17879456216469408,22,0,0,0,0,0,0,0,0.0,0.4,0.5,0.45,0.5,0,0.0,0.4,0.5,0.45,0.5,0,0.0,0.4,0.5,0.45,0.5,0,0.0,0.4,0.5,0.45,0.5
2662,partial_completed__no_strict_e1_improvement,1,,5,2,4,1,0,2,1,1,1,1,1,0,0,-1,current,1,0,0.15057235721033066,0.15057235721033066,23,9,9,9,9,0,0,0,0.36,0.5,0.75,0.625,0.625,0,0.36,0.5,0.8,0.65,0.65,0,0.36,0.5,0.8,0.65,0.65,0,0.36,0.5,0.8,0.65,0.65
2663,no_strict_e1_improvement,0,,,,,1,0,1,1,0,1,0,1,0,0,-1,current,0,0,0.028746934781520395,0.028746934781520395,36,25,25,25,25,0,0,1,1.0,1.0,1.0,1.0,1.0,1,1.0,1.0,1.0,1.0,1.0,1,1.0,1.0,1.0,1.0,1.0,1,1.0,1.0,1.0,1.0,1.0
2664,no_strict_e1_improvement,0,,,,,1,0,1,1,0,1,0,1,0,0,-1,current,0,0,0.06302882095333188,0.06302882095333188,25,17,17,17,17,0,0,0,0.68,0.45,0.85,0.65,0.65,0,0.68,0.45,0.85,0.65,0.65,0,0.68,0.45,0.85,0.65,0.65,0,0.68,0.45,0.85,0.65,0.65
2665,max_rounds,0,,,,,1,1,2,1,1,1,1,1,0,0,0,s1a3_greedy,1,0,0.2624868100974709,0.21867114170454444,13,1,1,0,0,-1,0,0,0.04,0.1,0.25,0.175,0.275,0,0.04,0.1,0.25,0.175,0.275,0,0.0,0.0,0.2,0.1,0.225,0,0.0,0.0,0.2,0.1,0.225
2666,no_strict_e1_improvement,0,,,,,1,0,2,1,1,1,1,1,0,0,-1,current,0,0,0.14141981133725495,0.14141981133725495,21,9,9,9,9,0,0,0,0.36,0.35,0.55,0.45,0.525,0,0.36,0.35,0.55,0.45,0.525,0,0.36,0.35,0.55,0.45,0.525,0,0.36,0.35,0.55,0.45,0.525
2667,partial_completed__no_strict_e1_improvement,1,,5,2,3,1,0,2,1,1,1,1,1,0,0,-1,current,1,0,0.12487738889176399,0.12487738889176399,18,0,1,1,1,1,0,0,0.0,0.35,0.6,0.475,0.475,0,0.04,0.4,0.7,0.55,0.625,0,0.04,0.4,0.7,0.55,0.625,0,0.04,0.4,0.7,0.55,0.625
2668,no_strict_e1_improvement,0,,,,,1,0,1,1,0,1,0,1,0,0,-1,current,0,0,0.0341299441002775,0.0341299441002775,32,0,0,0,0,0,0,0,0.0,0.75,1.0,0.875,0.875,0,0.0,0.75,1.0,0.875,0.875,0,0.0,0.75,1.0,0.875,0.875,0,0.0,0.75,1.0,0.875,0.875
2669,no_strict_e1_improvement,0,,,,,1,0,1,1,0,1,0,1,0,0,-1,current,0,0,0.019048629130702467,0.019048629130702467,36,25,25,25,25,0,0,1,1.0,1.0,1.0,1.0,1.0,1,1.0,1.0,1.0,1.0,1.0,1,1.0,1.0,1.0,1.0,1.0,1,1.0,1.0,1.0,1.0,1.0
2670,no_strict_e1_improvement,0,,,,,1,0,1,1,0,1,0,1,0,0,-1,current,0,0,0.0519140109885484,0.0519140109885484,33,23,23,23,23,0,0,0,0.92,0.9,0.9,0.9,0.925,0,0.92,0.9,0.9,0.9,0.925,0,0.92,0.9,0.9,0.9,0.925,0,0.92,0.9,0.9,0.9,0.925
2671,max_rounds,0,,,,,1,1,2,1,1,1,1,1,0,0,0,s1a3_greedy,1,0,0.18226541291805914,0.13510744114755652,18,0,0,0,0,0,0,0,0.0,0.65,0.2,0.425,0.5,0,0.0,0.65,0.2,0.425,0.5,0,0.0,0.7,0.4,0.55,0.6,0,0.0,0.7,0.4,0.55,0.6
2672,no_strict_e1_improvement,0,,,,,1,0,1,1,0,1,0,1,0,0,-1,current,0,0,0.02128195106051862,0.02128195106051862,28,18,18,18,18,0,0,0,0.72,0.65,0.65,0.65,0.7,0,0.72,0.65,0.65,0.65,0.7,0,0.72,0.65,0.65,0.65,0.7,0,0.72,0.65,0.65,0.65,0.7
2673,no_strict_e1_improvement,0,,,,,1,0,2,1,1,1,1,1,0,0,-1,current,0,0,0.21671770144021138,0.21671770144021138,23,0,0,0,0,0,0,0,0.0,0.45,0.5,0.475,0.55,0,0.0,0.45,0.5,0.475,0.55,0,0.0,0.45,0.5,0.475,0.55,0,0.0,0.45,0.5,0.475,0.55
2674,max_rounds,0,,,,,1,1,2,1,1,1,1,1,0,0,0,s1a3_greedy,1,0,0.1292382139712572,0.12168904063291848,22,0,0,0,0,0,0,0,0.0,0.7,0.6,0.65,0.7,0,0.0,0.7,0.6,0.65,0.7,0,0.0,0.75,0.55,0.65,0.65,0,0.0,0.75,0.55,0.65,0.65
2675,max_rounds,0,,,,,1,1,2,1,1,1,1,1,0,0,0,s1a3_greedy,1,0,0.07433280209079385,0.0604083095677197,26,0,0,0,0,0,0,0,0.0,0.75,0.75,0.75,0.75,0,0.0,0.75,0.75,0.75,0.75,0,0.0,0.75,0.75,0.75,0.75,0,0.0,0.75,0.75,0.75,0.75
2676,max_rounds,0,,,,,1,1,2,1,1,1,1,1,0,0,0,s1a3_greedy,1,0,0.3727966713253409,0.2603922534850426,9,0,0,2,2,2,0,0,0.0,0.25,0.45,0.35,0.425,0,0.0,0.25,0.45,0.35,0.425,0,0.08,0.25,0.4,0.325,0.425,0,0.08,0.25,0.4,0.325,0.425
2677,max_rounds,0,,,,,1,1,2,1,1,1,1,1,0,0,0,s1a3_greedy,1,0,0.23462340333499015,0.19942151522263885,13,0,0,1,1,1,0,0,0.0,0.25,0.2,0.225,0.325,0,0.0,0.25,0.2,0.225,0.325,0,0.04,0.35,0.2,0.275,0.375,0,0.04,0.35,0.2,0.275,0.375
2678,max_rounds,0,,,,,1,1,2,1,1,1,1,1,0,0,0,s1a3_greedy,1,0,0.2768517733551562,0.14257210474461318,20,1,1,0,0,-1,0,0,0.04,0.3,0.3,0.3,0.375,0,0.04,0.3,0.3,0.3,0.375,0,0.0,0.65,0.7,0.675,0.7,0,0.0,0.65,0.7,0.675,0.7
2679,no_strict_e1_improvement,0,,,,,1,0,1,1,0,1,0,1,0,0,-1,current,0,0,0.05451669376343489,0.05451669376343489,32,25,25,25,25,0,0,1,1.0,1.0,1.0,1.0,1.0,1,1.0,1.0,1.0,1.0,1.0,1,1.0,1.0,1.0,1.0,1.0,1,1.0,1.0,1.0,1.0,1.0
2680,no_strict_e1_improvement,0,,,,,1,0,1,1,0,1,0,1,0,0,-1,current,0,0,0.03532732327003032,0.03532732327003032,31,23,23,23,23,0,0,0,0.92,0.9,0.9,0.9,0.925,0,0.92,0.9,0.9,0.9,0.925,0,0.92,0.9,0.9,0.9,0.925,0,0.92,0.9,0.9,0.9,0.925
2681,no_strict_e1_improvement,0,,,,,1,0,2,1,1,1,1,1,0,0,-1,current,0,0,0.20791140701621771,0.20791140701621771,17,1,1,1,1,0,0,0,0.04,0.25,0.6,0.425,0.45,0,0.04,0.25,0.6,0.425,0.45,0,0.04,0.25,0.6,0.425,0.45,0,0.04,0.25,0.6,0.425,0.45
2682,max_rounds,0,,,,,1,1,2,1,1,1,1,1,0,0,0,s1a3_greedy,1,0,0.22242816486395894,0.16408866913989187,19,4,4,1,1,-3,0,0,0.16,0.65,0.45,0.55,0.55,0,0.16,0.65,0.45,0.55,0.55,0,0.04,0.4,0.35,0.375,0.425,0,0.04,0.4,0.35,0.375,0.425
2683,max_rounds,0,,,,,1,1,2,1,1,1,1,1,0,0,0,s1a3_greedy,1,0,0.23807362433290108,0.20517791838792618,13,0,0,0,0,0,0,0,0.0,0.4,0.25,0.325,0.425,0,0.0,0.4,0.25,0.325,0.425,0,0.0,0.45,0.25,0.35,0.4,0,0.0,0.45,0.25,0.35,0.4
2684,no_strict_e1_improvement,0,,,,,1,0,1,1,0,1,0,1,0,0,-1,current,0,0,0.06876410935074091,0.06876410935074091,26,21,21,21,21,0,0,0,0.84,0.8,0.85,0.825,0.875,0,0.84,0.8,0.85,0.825,0.875,0,0.84,0.8,0.85,0.825,0.875,0,0.84,0.8,0.85,0.825,0.875
2685,no_strict_e1_improvement,0,,,,,1,0,2,1,1,1,1,1,0,0,-1,current,0,0,0.14365245734807103,0.14365245734807103,23,1,1,1,1,0,0,0,0.04,0.65,0.5,0.575,0.6,0,0.04,0.65,0.5,0.575,0.6,0,0.04,0.65,0.5,0.575,0.6,0,0.04,0.65,0.5,0.575,0.6
2686,max_rounds,0,,,,,1,1,2,1,1,1,1,1,0,0,0,s1a3_greedy,1,0,0.035245497319556306,0.03365105566335842,19,0,0,0,0,0,0,0,0.0,0.45,0.55,0.5,0.525,0,0.0,0.45,0.55,0.5,0.525,0,0.0,0.45,0.55,0.5,0.5,0,0.0,0.45,0.55,0.5,0.5
2687,no_strict_e1_improvement,0,,,,,1,0,2,1,1,1,1,1,0,0,-1,current,0,0,0.12261213838064577,0.12261213838064577,20,1,1,1,1,0,0,0,0.04,0.4,0.65,0.525,0.575,0,0.04,0.4,0.65,0.525,0.575,0,0.04,0.4,0.65,0.525,0.575,0,0.04,0.4,0.65,0.525,0.575
2688,max_rounds,0,,,,,1,1,2,1,1,1,1,1,0,0,0,s1a3_greedy,1,0,0.21960834445198998,0.16169747593812644,18,0,0,0,0,0,0,0,0.0,0.45,0.65,0.55,0.625,0,0.0,0.45,0.65,0.55,0.625,0,0.0,0.45,0.6,0.525,0.575,0,0.0,0.45,0.6,0.525,0.575
2689,max_rounds,0,,,,,1,1,2,1,1,1,1,1,0,0,0,s1a3_greedy,1,0,0.20976179788121954,0.10435431186342611,16,17,17,21,21,4,0,0,0.68,0.6,0.6,0.6,0.625,0,0.68,0.6,0.6,0.6,0.625,0,0.84,0.7,0.6,0.65,0.7,0,0.84,0.7,0.6,0.65,0.7
2690,max_rounds,0,,,,,1,1,2,1,1,1,1,1,0,0,0,s1a3_greedy,1,0,0.2005617361050099,0.11760433684103191,18,0,0,0,0,0,0,0,0.0,0.2,0.45,0.325,0.45,0,0.0,0.2,0.45,0.325,0.45,0,0.0,0.3,0.6,0.45,0.5,0,0.0,0.3,0.6,0.45,0.5
2691,partial_completed__no_strict_e1_improvement,1,,10,3,6,1,0,1,1,0,1,0,1,0,0,-1,current,1,0,0.020719675776490476,0.020719675776490476,25,0,0,0,0,0,0,0,0.0,0.5,0.6,0.55,0.55,0,0.0,0.55,0.65,0.6,0.65,0,0.0,0.55,0.65,0.6,0.65,0,0.0,0.55,0.65,0.6,0.65
2692,no_strict_e1_improvement,0,,,,,1,0,1,1,0,1,0,1,0,0,-1,current,0,0,0.06943609868176281,0.06943609868176281,32,0,0,0,0,0,0,0,0.0,1.0,0.75,0.875,0.875,0,0.0,1.0,0.75,0.875,0.875,0,0.0,1.0,0.75,0.875,0.875,0,0.0,1.0,0.75,0.875,0.875
2693,max_rounds,0,,,,,1,1,2,1,1,1,1,1,0,0,0,s1a3_greedy,1,0,0.1870636991225183,0.07241969901660923,21,1,1,0,0,-1,0,0,0.04,0.65,0.3,0.475,0.525,0,0.04,0.65,0.3,0.475,0.525,0,0.0,0.85,0.75,0.8,0.825,0,0.0,0.85,0.75,0.8,0.825
2694,no_strict_e1_improvement,0,,,,,1,0,1,1,0,1,0,1,0,0,-1,current,0,0,0.014416784059721976,0.014416784059721976,31,0,0,0,0,0,0,0,0.0,0.75,1.0,0.875,0.875,0,0.0,0.75,1.0,0.875,0.875,0,0.0,0.75,1.0,0.875,0.875,0,0.0,0.75,1.0,0.875,0.875
2695,no_strict_e1_improvement,0,,,,,1,0,2,1,1,1,1,1,0,0,-1,current,0,0,0.1973040587035939,0.1973040587035939,19,0,0,0,0,0,0,0,0.0,0.4,0.25,0.325,0.475,0,0.0,0.4,0.25,0.325,0.475,0,0.0,0.4,0.25,0.325,0.475,0,0.0,0.4,0.25,0.325,0.475
2696,max_rounds,0,,,,,1,1,2,1,1,1,1,1,0,0,0,s1a3_greedy,1,0,0.19349161200225354,0.15927250911481677,17,0,0,0,0,0,0,0,0.0,0.45,0.55,0.5,0.575,0,0.0,0.45,0.55,0.5,0.575,0,0.0,0.3,0.35,0.325,0.5,0,0.0,0.3,0.35,0.325,0.5
2697,max_rounds,0,,,,,1,1,2,1,1,1,1,1,0,0,0,s1a3_greedy,1,0,0.2934786944184452,0.060853310162201524,20,0,0,0,0,0,0,0,0.0,0.4,0.45,0.425,0.5,0,0.0,0.4,0.45,0.425,0.5,0,0.0,0.55,0.65,0.6,0.675,0,0.0,0.55,0.65,0.6,0.675
2698,max_rounds,0,,,,,1,1,2,1,1,1,1,1,0,0,0,s1a3_greedy,1,0,0.18252748287050052,0.1470722041442059,20,0,0,1,1,1,0,0,0.0,0.35,0.5,0.425,0.5,0,0.0,0.35,0.5,0.425,0.5,0,0.04,0.3,0.5,0.4,0.475,0,0.04,0.3,0.5,0.4,0.475
2699,max_rounds,0,,,,,1,1,2,1,1,1,1,1,0,0,0,s1a3_greedy,1,0,0.15926770852092886,0.08184014442522311,28,0,0,0,0,0,0,0,0.0,0.6,0.7,0.65,0.675,0,0.0,0.6,0.7,0.65,0.675,0,0.0,0.65,0.8,0.725,0.725,0,0.0,0.65,0.8,0.725,0.725
2700,max_rounds,0,,,,,1,1,2,1,1,1,1,1,0,0,0,s1a3_greedy,1,0,0.24047088413499296,0.16102244462817908,21,0,0,0,0,0,0,0,0.0,0.15,0.55,0.35,0.45,0,0.0,0.15,0.55,0.35,0.45,0,0.0,0.25,0.6,0.425,0.475,0,0.0,0.25,0.6,0.425,0.475
2701,no_strict_e1_improvement,0,,,,,1,0,2,1,1,1,1,1,0,0,-1,current,0,0,0.07580458914162591,0.07580458914162591,27,0,0,0,0,0,0,0,0.0,0.75,0.75,0.75,0.75,0,0.0,0.75,0.75,0.75,0.75,0,0.0,0.75,0.75,0.75,0.75,0,0.0,0.75,0.75,0.75,0.75
2702,max_rounds,0,,,,,1,1,2,1,1,1,1,1,0,0,0,s1a3_greedy,1,0,0.23254264062270522,0.2110198508016765,18,0,0,0,0,0,0,0,0.0,0.6,0.7,0.65,0.725,0,0.0,0.6,0.7,0.65,0.725,0,0.0,0.55,0.85,0.7,0.7,0,0.0,0.55,0.85,0.7,0.7
2703,no_strict_e1_improvement,0,,,,,1,0,1,1,0,1,0,1,0,0,-1,current,0,0,0.024974644370377063,0.024974644370377063,34,25,25,25,25,0,0,1,1.0,1.0,1.0,1.0,1.0,1,1.0,1.0,1.0,1.0,1.0,1,1.0,1.0,1.0,1.0,1.0,1,1.0,1.0,1.0,1.0,1.0
2704,max_rounds,0,,,,,1,1,2,1,1,1,1,1,0,0,0,s1a3_greedy,1,0,0.15748003347543998,0.12475535477278754,22,1,1,0,0,-1,0,0,0.04,0.6,0.4,0.5,0.6,0,0.04,0.6,0.4,0.5,0.6,0,0.0,0.7,0.5,0.6,0.675,0,0.0,0.7,0.5,0.6,0.675
2705,no_strict_e1_improvement,0,,,,,1,0,2,1,1,1,1,1,0,0,-1,current,0,0,0.04911718708463013,0.04911718708463013,29,0,0,0,0,0,0,0,0.0,0.75,0.95,0.85,0.85,0,0.0,0.75,0.95,0.85,0.85,0,0.0,0.75,0.95,0.85,0.85,0,0.0,0.75,0.95,0.85,0.85
2706,no_strict_e1_improvement,0,,,,,1,0,2,1,1,1,1,1,0,0,-1,current,0,0,0.04655627098400146,0.04655627098400146,34,25,25,25,25,0,0,1,1.0,1.0,1.0,1.0,1.0,1,1.0,1.0,1.0,1.0,1.0,1,1.0,1.0,1.0,1.0,1.0,1,1.0,1.0,1.0,1.0,1.0
2707,no_strict_e1_improvement,0,,,,,1,0,2,1,1,1,1,1,0,0,-1,current,0,0,0.07732357468921691,0.07732357468921691,34,25,25,25,25,0,0,1,1.0,1.0,1.0,1.0,1.0,1,1.0,1.0,1.0,1.0,1.0,1,1.0,1.0,1.0,1.0,1.0,1,1.0,1.0,1.0,1.0,1.0
2708,no_strict_e1_improvement,0,,,,,1,0,2,1,1,1,1,1,0,0,-1,current,0,0,0.11817470613459591,0.11817470613459591,18,0,0,0,0,0,0,0,0.0,0.35,0.4,0.375,0.475,0,0.0,0.35,0.4,0.375,0.475,0,0.0,0.35,0.4,0.375,0.475,0,0.0,0.35,0.4,0.375,0.475
2709,max_rounds,0,,,,,1,1,2,1,1,1,1,1,0,0,0,s1a3_greedy,1,0,0.2262997209560126,0.12453456396469846,19,0,0,0,0,0,0,0,0.0,0.4,0.6,0.5,0.575,0,0.0,0.4,0.6,0.5,0.575,0,0.0,0.55,0.7,0.625,0.65,0,0.0,0.55,0.7,0.625,0.65
2710,no_strict_e1_improvement,0,,,,,1,0,1,1,0,1,0,1,0,0,-1,current,0,0,0.1067672201897949,0.1067672201897949,29,0,0,0,0,0,0,0,0.0,0.75,1.0,0.875,0.875,0,0.0,0.75,1.0,0.875,0.875,0,0.0,0.75,1.0,0.875,0.875,0,0.0,0.75,1.0,0.875,0.875
2711,max_rounds,0,,,,,1,1,2,1,1,1,1,1,0,0,0,s1a3_greedy,1,0,0.345089319490944,0.2957711205497617,18,1,1,2,2,1,0,0,0.04,0.45,0.4,0.425,0.475,0,0.04,0.45,0.4,0.425,0.475,0,0.08,0.35,0.4,0.375,0.5,0,0.08,0.35,0.4,0.375,0.5
2712,partial_completed__no_strict_e1_improvement,1,,5,2,4,1,0,2,1,1,1,1,1,0,0,-1,current,1,0,0.13607047451660037,0.13607047451660037,23,4,6,6,6,2,0,0,0.16,0.55,0.55,0.55,0.55,0,0.24,0.6,0.65,0.625,0.65,0,0.24,0.6,0.65,0.625,0.65,0,0.24,0.6,0.65,0.625,0.65
2713,partial_completed__no_strict_e1_improvement,1,,5,2,3,1,0,2,1,1,1,1,1,0,0,-1,current,1,0,0.17132581491023302,0.17132581491023302,19,0,1,1,1,1,0,0,0.0,0.55,0.5,0.525,0.55,0,0.04,0.6,0.6,0.6,0.65,0,0.04,0.6,0.6,0.6,0.65,0,0.04,0.6,0.6,0.6,0.65
2714,no_strict_e1_improvement,0,,,,,1,0,2,1,1,1,1,1,0,0,-1,current,0,0,0.15357358017936348,0.15357358017936348,23,10,10,10,10,0,0,0,0.4,0.4,0.55,0.475,0.6,0,0.4,0.4,0.55,0.475,0.6,0,0.4,0.4,0.55,0.475,0.6,0,0.4,0.4,0.55,0.475,0.6
2715,no_strict_e1_improvement,0,,,,,1,0,1,1,0,1,0,1,0,0,-1,current,0,0,0.03335218497086316,0.03335218497086316,33,25,25,25,25,0,0,1,1.0,1.0,1.0,1.0,1.0,1,1.0,1.0,1.0,1.0,1.0,1,1.0,1.0,1.0,1.0,1.0,1,1.0,1.0,1.0,1.0,1.0
2716,no_strict_e1_improvement,0,,,,,1,0,1,1,0,1,0,1,0,0,-1,current,0,0,0.04241572256578365,0.04241572256578365,31,25,25,25,25,0,0,1,1.0,1.0,1.0,1.0,1.0,1,1.0,1.0,1.0,1.0,1.0,1,1.0,1.0,1.0,1.0,1.0,1,1.0,1.0,1.0,1.0,1.0
2717,max_rounds,0,,,,,1,1,2,1,1,1,1,1,0,0,0,s1a3_greedy,1,0,0.24597739048767836,0.1312703764298931,14,0,0,0,0,0,0,0,0.0,0.1,0.45,0.275,0.325,0,0.0,0.1,0.45,0.275,0.325,0,0.0,0.1,0.4,0.25,0.3,0,0.0,0.1,0.4,0.25,0.3
2718,max_rounds,0,,,,,1,1,2,1,1,1,1,1,0,0,0,s1a3_greedy,1,0,0.16534989997162483,0.06720596760278567,25,0,0,1,1,1,0,0,0.0,0.85,0.5,0.675,0.675,0,0.0,0.85,0.5,0.675,0.675,0,0.04,0.9,0.6,0.75,0.775,0,0.04,0.9,0.6,0.75,0.775
2719,max_rounds,0,,,,,1,1,2,1,1,1,1,1,0,0,0,s1a3_greedy,1,0,0.2489628708688542,0.21782058223616332,19,3,3,3,3,0,0,0,0.12,0.4,0.25,0.325,0.5,0,0.12,0.4,0.25,0.325,0.5,0,0.12,0.4,0.4,0.4,0.475,0,0.12,0.4,0.4,0.4,0.475
2720,max_rounds,0,,,,,1,1,2,1,1,1,1,1,0,0,0,s1a3_greedy,1,0,0.19381197687471285,0.1618495528353378,15,1,1,1,1,0,0,0,0.04,0.1,0.1,0.1,0.275,0,0.04,0.1,0.1,0.1,0.275,0,0.04,0.25,0.1,0.175,0.4,0,0.04,0.25,0.1,0.175,0.4
2721,no_strict_e1_improvement,0,,,,,1,0,2,1,1,1,1,1,0,0,-1,current,0,0,0.17309814924374223,0.17309814924374223,21,13,13,13,13,0,0,0,0.52,0.4,0.6,0.5,0.55,0,0.52,0.4,0.6,0.5,0.55,0,0.52,0.4,0.6,0.5,0.55,0,0.52,0.4,0.6,0.5,0.55
2722,no_strict_e1_improvement,0,,,,,1,0,1,1,0,1,0,1,0,0,-1,current,0,0,0.04768343539908528,0.04768343539908528,31,25,25,25,25,0,0,1,1.0,1.0,1.0,1.0,1.0,1,1.0,1.0,1.0,1.0,1.0,1,1.0,1.0,1.0,1.0,1.0,1,1.0,1.0,1.0,1.0,1.0
2723,no_strict_e1_improvement,0,,,,,1,0,2,1,1,1,1,1,0,0,-1,current,0,0,0.060460326878819616,0.060460326878819616,28,25,25,25,25,0,0,1,1.0,1.0,1.0,1.0,1.0,1,1.0,1.0,1.0,1.0,1.0,1,1.0,1.0,1.0,1.0,1.0,1,1.0,1.0,1.0,1.0,1.0
2724,no_strict_e1_improvement,0,,,,,1,0,2,1,1,1,1,1,0,0,-1,current,0,0,0.1429700918321032,0.1429700918321032,23,0,0,0,0,0,0,0,0.0,0.4,0.8,0.6,0.65,0,0.0,0.4,0.8,0.6,0.65,0,0.0,0.4,0.8,0.6,0.65,0,0.0,0.4,0.8,0.6,0.65
2725,max_rounds,0,,,,,1,1,2,1,1,1,1,1,0,0,0,s1a3_greedy,1,0,0.23461182713508605,0.17937951398489532,15,0,0,0,0,0,0,0,0.0,0.25,0.3,0.275,0.45,0,0.0,0.25,0.3,0.275,0.45,0,0.0,0.45,0.4,0.425,0.5,0,0.0,0.45,0.4,0.425,0.5
2726,no_strict_e1_improvement,0,,,,,1,0,1,1,0,1,0,1,0,0,-1,current,0,0,0.027221350459149106,0.027221350459149106,34,25,25,25,25,0,0,1,1.0,1.0,1.0,1.0,1.0,1,1.0,1.0,1.0,1.0,1.0,1,1.0,1.0,1.0,1.0,1.0,1,1.0,1.0,1.0,1.0,1.0
2727,no_strict_e1_improvement,0,,,,,1,0,1,1,0,1,0,1,0,0,-1,current,0,0,0.03342282362864353,0.03342282362864353,30,25,25,25,25,0,0,1,1.0,1.0,1.0,1.0,1.0,1,1.0,1.0,1.0,1.0,1.0,1,1.0,1.0,1.0,1.0,1.0,1,1.0,1.0,1.0,1.0,1.0
2728,no_strict_e1_improvement,0,,,,,1,0,2,1,1,1,1,1,0,0,-1,current,0,0,0.1370039382018149,0.1370039382018149,22,1,1,1,1,0,0,0,0.04,0.85,0.25,0.55,0.575,0,0.04,0.85,0.25,0.55,0.575,0,0.04,0.85,0.25,0.55,0.575,0,0.04,0.85,0.25,0.55,0.575
2729,small_component,0,,,,,1,0,0,0,0,0,0,1,0,0,-1,current,0,0,0.32249809755012393,0.32249809755012393,13,1,1,1,1,0,0,0,0.04,0.0,0.2,0.1,0.25,0,0.04,0.0,0.2,0.1,0.25,0,0.04,0.0,0.2,0.1,0.25,0,0.04,0.0,0.2,0.1,0.25
2730,max_rounds,0,,,,,1,1,2,1,1,1,1,1,0,0,0,s1a3_greedy,1,0,0.09716949192807078,0.07540758596733213,27,0,0,0,0,0,0,0,0.0,0.6,0.75,0.675,0.7,0,0.0,0.6,0.75,0.675,0.7,0,0.0,0.65,0.75,0.7,0.7,0,0.0,0.65,0.75,0.7,0.7
2731,partial_completed__no_strict_e1_improvement,1,,5,2,4,1,0,2,1,1,1,1,1,0,0,-1,current,1,0,0.14669764845602912,0.14669764845602912,23,10,10,10,10,0,0,0,0.4,0.5,0.8,0.65,0.65,0,0.4,0.5,0.9,0.7,0.7,0,0.4,0.5,0.9,0.7,0.7,0,0.4,0.5,0.9,0.7,0.7
2732,max_rounds,0,,,,,1,1,2,1,1,1,1,1,0,0,0,s1a3_greedy,1,0,0.21658246696460992,0.20845426816958934,24,0,0,0,0,0,0,0,0.0,0.55,0.6,0.575,0.625,0,0.0,0.55,0.6,0.575,0.625,0,0.0,0.55,0.65,0.6,0.65,0,0.0,0.55,0.65,0.6,0.65
2733,max_rounds,0,,,,,1,1,2,1,1,1,1,1,0,0,0,s1a3_greedy,1,0,0.16906208558939398,0.15540556735359132,21,0,0,0,0,0,0,0,0.0,0.3,0.75,0.525,0.6,0,0.0,0.3,0.75,0.525,0.6,0,0.0,0.3,0.85,0.575,0.675,0,0.0,0.3,0.85,0.575,0.675
2734,max_rounds,0,,,,,1,1,2,1,1,1,1,1,0,0,0,s1a3_greedy,1,0,0.11405259920284153,0.10696383844187948,22,0,0,0,0,0,0,0,0.0,0.75,0.6,0.675,0.7,0,0.0,0.75,0.6,0.675,0.7,0,0.0,0.8,0.75,0.775,0.775,0,0.0,0.8,0.75,0.775,0.775
2735,no_strict_e1_improvement,0,,,,,1,0,2,1,1,1,1,1,0,0,-1,current,0,0,0.03555213912623003,0.03555213912623003,27,25,25,25,25,0,0,1,1.0,1.0,1.0,1.0,1.0,1,1.0,1.0,1.0,1.0,1.0,1,1.0,1.0,1.0,1.0,1.0,1,1.0,1.0,1.0,1.0,1.0
2736,small_component,0,,,,,1,0,0,0,0,0,0,1,0,0,-1,current,0,0,0.10928621071216185,0.10928621071216185,19,0,0,0,0,0,0,0,0.0,0.25,0.0,0.125,0.2,0,0.0,0.25,0.0,0.125,0.2,0,0.0,0.25,0.0,0.125,0.2,0,0.0,0.25,0.0,0.125,0.2
2737,max_rounds,0,,,,,1,1,2,1,1,1,1,1,0,0,0,s1a3_greedy,1,0,0.1848821922438219,0.10621900290716439,20,0,0,0,0,0,0,0,0.0,0.35,0.8,0.575,0.6,0,0.0,0.35,0.8,0.575,0.6,0,0.0,0.75,0.9,0.825,0.85,0,0.0,0.75,0.9,0.825,0.85
2738,no_strict_e1_improvement,0,,,,,1,0,1,1,0,1,0,1,0,0,-1,current,0,0,0.03970234948210418,0.03970234948210418,30,22,22,22,22,0,0,0,0.88,0.9,0.85,0.875,0.875,0,0.88,0.9,0.85,0.875,0.875,0,0.88,0.9,0.85,0.875,0.875,0,0.88,0.9,0.85,0.875,0.875
2739,no_strict_e1_improvement,0,,,,,1,0,2,1,1,1,1,1,0,0,-1,current,0,0,0.05920688502956182,0.05920688502956182,31,0,0,0,0,0,0,0,0.0,0.75,1.0,0.875,0.875,0,0.0,0.75,1.0,0.875,0.875,0,0.0,0.75,1.0,0.875,0.875,0,0.0,0.75,1.0,0.875,0.875
2740,no_strict_e1_improvement,0,,,,,1,0,1,1,0,1,0,1,0,0,-1,current,0,0,0.01608318369835615,0.01608318369835615,31,25,25,25,25,0,0,1,1.0,1.0,1.0,1.0,1.0,1,1.0,1.0,1.0,1.0,1.0,1,1.0,1.0,1.0,1.0,1.0,1,1.0,1.0,1.0,1.0,1.0
2741,partial_completed__no_strict_e1_improvement,1,,10,3,5,1,0,1,1,0,1,0,1,0,0,-1,current,1,0,0.05710711043793708,0.05710711043793708,29,1,4,4,4,3,0,0,0.04,0.4,0.5,0.45,0.475,0,0.16,0.6,0.75,0.675,0.7,0,0.16,0.6,0.75,0.675,0.7,0,0.16,0.6,0.75,0.675,0.7
2742,max_rounds,0,,,,,1,1,2,1,1,1,1,1,0,0,0,s1a3_greedy,1,0,0.22037034211680293,0.1956509041134268,18,1,1,3,3,2,0,0,0.04,0.55,0.2,0.375,0.4,0,0.04,0.55,0.2,0.375,0.4,0,0.12,0.55,0.2,0.375,0.425,0,0.12,0.55,0.2,0.375,0.425
2743,no_strict_e1_improvement,0,,,,,1,0,1,1,0,1,0,1,0,0,-1,current,0,0,0.03573640641989186,0.03573640641989186,32,25,25,25,25,0,0,1,1.0,1.0,1.0,1.0,1.0,1,1.0,1.0,1.0,1.0,1.0,1,1.0,1.0,1.0,1.0,1.0,1,1.0,1.0,1.0,1.0,1.0
2744,no_strict_e1_improvement,0,,,,,1,0,1,1,0,1,0,1,0,0,-1,current,0,0,0.031080565706361085,0.031080565706361085,32,25,25,25,25,0,0,1,1.0,1.0,1.0,1.0,1.0,1,1.0,1.0,1.0,1.0,1.0,1,1.0,1.0,1.0,1.0,1.0,1,1.0,1.0,1.0,1.0,1.0
2745,no_strict_e1_improvement,0,,,,,1,0,1,1,0,1,0,1,0,0,-1,current,0,0,0.02859762837179005,0.02859762837179005,28,0,0,0,0,0,0,0,0.0,0.75,1.0,0.875,0.875,0,0.0,0.75,1.0,0.875,0.875,0,0.0,0.75,1.0,0.875,0.875,0,0.0,0.75,1.0,0.875,0.875
2746,no_strict_e1_improvement,0,,,,,1,0,2,1,1,1,1,1,0,0,-1,current,0,0,0.3025856777327135,0.3025856777327135,16,0,0,0,0,0,0,0,0.0,0.25,0.4,0.325,0.325,0,0.0,0.25,0.4,0.325,0.325,0,0.0,0.25,0.4,0.325,0.325,0,0.0,0.25,0.4,0.325,0.325
2747,no_strict_e1_improvement,0,,,,,1,0,1,1,0,1,0,1,0,0,-1,current,0,0,0.026692342944443226,0.026692342944443226,35,25,25,25,25,0,0,1,1.0,1.0,1.0,1.0,1.0,1,1.0,1.0,1.0,1.0,1.0,1,1.0,1.0,1.0,1.0,1.0,1,1.0,1.0,1.0,1.0,1.0
2748,no_strict_e1_improvement,0,,,,,1,0,2,1,1,1,1,1,0,0,-1,current,0,0,0.08389572369633243,0.08389572369633243,23,0,0,0,0,0,0,0,0.0,0.65,0.65,0.65,0.7,0,0.0,0.65,0.65,0.65,0.7,0,0.0,0.65,0.65,0.65,0.7,0,0.0,0.65,0.65,0.65,0.7
2749,no_strict_e1_improvement,0,,,,,1,0,1,1,0,1,0,1,0,0,-1,current,0,0,0.04550110045820475,0.04550110045820475,31,0,0,0,0,0,0,0,0.0,0.75,1.0,0.875,0.875,0,0.0,0.75,1.0,0.875,0.875,0,0.0,0.75,1.0,0.875,0.875,0,0.0,0.75,1.0,0.875,0.875
2750,no_strict_e1_improvement,0,,,,,1,0,1,1,0,1,0,1,0,0,-1,current,0,0,0.03277812018059194,0.03277812018059194,34,25,25,25,25,0,0,1,1.0,1.0,1.0,1.0,1.0,1,1.0,1.0,1.0,1.0,1.0,1,1.0,1.0,1.0,1.0,1.0,1,1.0,1.0,1.0,1.0,1.0
2751,no_strict_e1_improvement,0,,,,,1,0,1,1,0,1,0,1,0,0,-1,current,0,0,0.021290236222557723,0.021290236222557723,36,25,25,25,25,0,0,1,1.0,1.0,1.0,1.0,1.0,1,1.0,1.0,1.0,1.0,1.0,1,1.0,1.0,1.0,1.0,1.0,1,1.0,1.0,1.0,1.0,1.0
2752,max_rounds,0,,,,,1,1,2,1,1,1,1,1,0,0,0,s1a3_greedy,1,0,0.297782342042774,0.22905085990205407,15,0,0,0,0,0,0,0,0.0,0.35,0.35,0.35,0.425,0,0.0,0.35,0.35,0.35,0.425,0,0.0,0.2,0.45,0.325,0.425,0,0.0,0.2,0.45,0.325,0.425
2753,no_strict_e1_improvement,0,,,,,1,0,1,1,0,1,0,1,0,0,-1,current,0,0,0.017113082663854584,0.017113082663854584,34,0,0,0,0,0,0,0,0.0,1.0,0.75,0.875,0.875,0,0.0,1.0,0.75,0.875,0.875,0,0.0,1.0,0.75,0.875,0.875,0,0.0,1.0,0.75,0.875,0.875
2754,max_rounds,0,,,,,1,1,2,1,1,1,1,1,0,0,0,s1a3_greedy,1,0,0.09802864160155877,0.04336699307896197,32,0,0,1,1,1,0,0,0.0,0.6,0.85,0.725,0.825,0,0.0,0.6,0.85,0.725,0.825,0,0.04,0.65,0.8,0.725,0.75,0,0.04,0.65,0.8,0.725,0.75
2755,max_rounds,0,,,,,1,1,2,1,1,1,1,1,0,0,0,s1a3_greedy,1,0,0.11404203356942162,0.07860798941692337,27,0,0,0,0,0,0,0,0.0,0.95,0.75,0.85,0.85,0,0.0,0.95,0.75,0.85,0.85,0,0.0,1.0,0.75,0.875,0.875,0,0.0,1.0,0.75,0.875,0.875
2756,no_strict_e1_improvement,0,,,,,1,0,2,1,1,1,1,1,0,0,-1,current,0,0,0.16728780574630947,0.16728780574630947,22,0,0,0,0,0,0,0,0.0,0.65,0.55,0.6,0.625,0,0.0,0.65,0.55,0.6,0.625,0,0.0,0.65,0.55,0.6,0.625,0,0.0,0.65,0.55,0.6,0.625
2757,max_rounds,0,,,,,1,1,2,1,1,1,1,1,0,0,0,s1a3_greedy,1,0,0.23088847876060753,0.08195966321509332,21,0,0,4,4,4,0,0,0.0,0.55,0.55,0.55,0.575,0,0.0,0.55,0.55,0.55,0.575,0,0.16,0.85,0.4,0.625,0.65,0,0.16,0.85,0.4,0.625,0.65
2758,max_rounds,0,,,,,1,1,2,1,1,1,1,1,0,0,0,s1a3_greedy,1,0,0.24868574202992022,0.21720500444062055,20,0,0,2,2,2,0,0,0.0,0.4,0.55,0.475,0.575,0,0.0,0.4,0.55,0.475,0.575,0,0.08,0.3,0.55,0.425,0.45,0,0.08,0.3,0.55,0.425,0.45
2759,max_rounds,0,,,,,1,1,2,1,1,1,1,1,0,0,0,s1a3_greedy,1,0,0.07281745751970448,0.06020004325546324,20,0,0,0,0,0,0,0,0.0,0.6,0.65,0.625,0.675,0,0.0,0.6,0.65,0.625,0.675,0,0.0,0.55,0.6,0.575,0.65,0,0.0,0.55,0.6,0.575,0.65
2760,max_rounds,0,,,,,1,1,2,1,1,1,1,1,0,0,0,s1a3_greedy,1,0,0.14031816569804506,0.09417097977311642,23,8,8,8,8,0,0,0,0.32,0.7,0.6,0.65,0.7,0,0.32,0.7,0.6,0.65,0.7,0,0.32,0.7,0.65,0.675,0.7,0,0.32,0.7,0.65,0.675,0.7
2761,no_strict_e1_improvement,0,,,,,1,0,2,1,1,1,1,1,0,0,-1,current,0,0,0.20372487904460285,0.20372487904460285,23,2,2,2,2,0,0,0,0.08,0.5,0.5,0.5,0.55,0,0.08,0.5,0.5,0.5,0.55,0,0.08,0.5,0.5,0.5,0.55,0,0.08,0.5,0.5,0.5,0.55
2762,max_rounds,0,,,,,1,1,2,1,1,1,1,1,0,0,0,s1a3_greedy,1,0,0.19136740644171368,0.14024109009187669,14,0,0,0,0,0,0,0,0.0,0.35,0.25,0.3,0.35,0,0.0,0.35,0.25,0.3,0.35,0,0.0,0.25,0.3,0.275,0.475,0,0.0,0.25,0.3,0.275,0.475
2763,max_rounds,0,,,,,1,1,2,1,1,1,1,1,0,0,0,s1a3_greedy,1,0,0.24746632035821675,0.15027904184535146,17,1,1,0,0,-1,0,0,0.04,0.2,0.3,0.25,0.45,0,0.04,0.2,0.3,0.25,0.45,0,0.0,0.2,0.35,0.275,0.375,0,0.0,0.2,0.35,0.275,0.375
2764,no_strict_e1_improvement,0,,,,,1,0,1,1,0,1,0,1,0,0,-1,current,0,0,0.021901044831611215,0.021901044831611215,35,25,25,25,25,0,0,1,1.0,1.0,1.0,1.0,1.0,1,1.0,1.0,1.0,1.0,1.0,1,1.0,1.0,1.0,1.0,1.0,1,1.0,1.0,1.0,1.0,1.0
2765,max_rounds,0,,,,,1,1,2,1,1,1,1,1,0,0,0,s1a3_greedy,1,0,0.18771611966658383,0.1484387518139556,21,0,0,0,0,0,0,0,0.0,0.4,0.65,0.525,0.575,0,0.0,0.4,0.65,0.525,0.575,0,0.0,0.5,0.6,0.55,0.6,0,0.0,0.5,0.6,0.55,0.6
2766,no_strict_e1_improvement,0,,,,,1,0,1,1,0,1,0,1,0,0,-1,current,0,0,0.0323304099496454,0.0323304099496454,32,0,0,0,0,0,0,0,0.0,0.75,1.0,0.875,0.875,0,0.0,0.75,1.0,0.875,0.875,0,0.0,0.75,1.0,0.875,0.875,0,0.0,0.75,1.0,0.875,0.875
2767,partial_completed__no_strict_e1_improvement,1,,5,2,2,1,0,2,1,1,1,1,1,0,0,-1,current,1,0,0.11268163833301514,0.11268163833301514,20,0,0,0,0,0,0,0,0.0,0.4,0.55,0.475,0.525,0,0.0,0.4,0.65,0.525,0.65,0,0.0,0.4,0.65,0.525,0.65,0,0.0,0.4,0.65,0.525,0.65
2768,no_strict_e1_improvement,0,,,,,1,0,2,1,1,1,1,1,0,0,-1,current,0,0,0.16575590558350087,0.16575590558350087,22,20,20,20,20,0,0,0,0.8,0.8,0.8,0.8,0.8,0,0.8,0.8,0.8,0.8,0.8,0,0.8,0.8,0.8,0.8,0.8,0,0.8,0.8,0.8,0.8,0.8
2769,no_strict_e1_improvement,0,,,,,1,0,2,1,1,1,1,1,0,0,-1,current,0,0,0.10658491014037282,0.10658491014037282,20,12,12,12,12,0,0,0,0.48,0.4,0.45,0.425,0.55,0,0.48,0.4,0.45,0.425,0.55,0,0.48,0.4,0.45,0.425,0.55,0,0.48,0.4,0.45,0.425,0.55
2770,no_strict_e1_improvement,0,,,,,1,0,2,1,1,1,1,1,0,0,-1,current,0,0,0.08565394582110457,0.08565394582110457,20,0,0,0,0,0,0,0,0.0,0.75,0.55,0.65,0.675,0,0.0,0.75,0.55,0.65,0.675,0,0.0,0.75,0.55,0.65,0.675,0,0.0,0.75,0.55,0.65,0.675
2771,small_component,0,,,,,1,0,0,0,0,0,0,1,0,0,-1,current,0,0,0.17655951502965764,0.17655951502965764,19,0,0,0,0,0,0,0,0.0,0.45,0.15,0.3,0.45,0,0.0,0.45,0.15,0.3,0.45,0,0.0,0.45,0.15,0.3,0.45,0,0.0,0.45,0.15,0.3,0.45
2772,no_strict_e1_improvement,0,,,,,1,0,1,1,0,1,0,1,0,0,-1,current,0,0,0.006208019051700831,0.006208019051700831,38,25,25,25,25,0,0,1,1.0,1.0,1.0,1.0,1.0,1,1.0,1.0,1.0,1.0,1.0,1,1.0,1.0,1.0,1.0,1.0,1,1.0,1.0,1.0,1.0,1.0
2773,no_strict_e1_improvement,0,,,,,1,0,1,1,0,1,0,1,0,0,-1,current,0,0,0.07232710353564471,0.07232710353564471,28,25,25,25,25,0,0,1,1.0,1.0,1.0,1.0,1.0,1,1.0,1.0,1.0,1.0,1.0,1,1.0,1.0,1.0,1.0,1.0,1,1.0,1.0,1.0,1.0,1.0
2774,max_rounds,0,,,,,1,1,2,1,1,1,1,1,0,0,0,s1a3_greedy,1,0,0.21661980566568673,0.04991700279642828,32,17,17,25,25,8,0,0,0.68,0.55,0.7,0.625,0.675,0,0.68,0.55,0.7,0.625,0.675,1,1.0,1.0,1.0,1.0,1.0,1,1.0,1.0,1.0,1.0,1.0
2775,no_strict_e1_improvement,0,,,,,1,0,1,1,0,1,0,1,0,0,-1,current,0,0,0.05332125936402008,0.05332125936402008,30,25,25,25,25,0,0,1,1.0,1.0,1.0,1.0,1.0,1,1.0,1.0,1.0,1.0,1.0,1,1.0,1.0,1.0,1.0,1.0,1,1.0,1.0,1.0,1.0,1.0
2776,no_strict_e1_improvement,0,,,,,1,0,2,1,1,1,1,1,0,0,-1,current,0,0,0.25763835563193427,0.25763835563193427,16,0,0,0,0,0,0,0,0.0,0.4,0.4,0.4,0.425,0,0.0,0.4,0.4,0.4,0.425,0,0.0,0.4,0.4,0.4,0.425,0,0.0,0.4,0.4,0.4,0.425
2777,max_rounds,0,,,,,1,1,2,1,1,1,1,1,0,0,0,s1a3_greedy,1,0,0.2233731468746555,0.1790097301825881,16,0,0,0,0,0,0,0,0.0,0.3,0.45,0.375,0.45,0,0.0,0.3,0.45,0.375,0.45,0,0.0,0.6,0.25,0.425,0.55,0,0.0,0.6,0.25,0.425,0.55
2778,no_strict_e1_improvement,0,,,,,1,0,2,1,1,1,1,1,0,0,-1,current,0,0,0.059299485734663905,0.059299485734663905,28,0,0,0,0,0,0,0,0.0,0.6,0.8,0.7,0.725,0,0.0,0.6,0.8,0.7,0.725,0,0.0,0.6,0.8,0.7,0.725,0,0.0,0.6,0.8,0.7,0.725
2779,no_strict_e1_improvement,0,,,,,1,0,1,1,0,1,0,1,0,0,-1,current,0,0,0.0675865619443357,0.0675865619443357,22,4,4,4,4,0,0,0,0.16,0.65,0.85,0.75,0.75,0,0.16,0.65,0.85,0.75,0.75,0,0.16,0.65,0.85,0.75,0.75,0,0.16,0.65,0.85,0.75,0.75
2780,no_strict_e1_improvement,0,,,,,1,0,1,1,0,1,0,1,0,0,-1,current,0,0,0.05807323822227772,0.05807323822227772,28,0,0,0,0,0,0,0,0.0,0.9,0.75,0.825,0.825,0,0.0,0.9,0.75,0.825,0.825,0,0.0,0.9,0.75,0.825,0.825,0,0.0,0.9,0.75,0.825,0.825
2781,no_strict_e1_improvement,0,,,,,1,0,1,1,0,1,0,1,0,0,-1,current,0,0,0.06108026774600148,0.06108026774600148,34,0,0,0,0,0,0,0,0.0,0.75,1.0,0.875,0.875,0,0.0,0.75,1.0,0.875,0.875,0,0.0,0.75,1.0,0.875,0.875,0,0.0,0.75,1.0,0.875,0.875
2782,no_strict_e1_improvement,0,,,,,1,0,1,1,0,1,0,1,0,0,-1,current,0,0,0.015405783703317865,0.015405783703317865,36,25,25,25,25,0,0,1,1.0,1.0,1.0,1.0,1.0,1,1.0,1.0,1.0,1.0,1.0,1,1.0,1.0,1.0,1.0,1.0,1,1.0,1.0,1.0,1.0,1.0
2783,max_rounds,0,,,,,1,1,2,1,1,1,1,1,0,0,0,s1a3_greedy,1,0,0.17010777089599288,0.1644803872317425,19,0,0,0,0,0,0,0,0.0,0.65,0.55,0.6,0.7,0,0.0,0.65,0.55,0.6,0.7,0,0.0,0.6,0.45,0.525,0.6,0,0.0,0.6,0.45,0.525,0.6
2784,no_strict_e1_improvement,0,,,,,1,0,1,1,0,1,0,1,0,0,-1,current,0,0,0.022135794884525238,0.022135794884525238,34,25,25,25,25,0,0,1,1.0,1.0,1.0,1.0,1.0,1,1.0,1.0,1.0,1.0,1.0,1,1.0,1.0,1.0,1.0,1.0,1,1.0,1.0,1.0,1.0,1.0
2785,max_rounds,0,,,,,1,1,2,1,1,1,1,1,0,0,0,s1a3_greedy,1,0,0.08954589390195906,0.0622295958804898,30,0,0,6,6,6,0,0,0.0,0.6,0.6,0.6,0.625,0,0.0,0.6,0.6,0.6,0.625,0,0.24,0.75,0.65,0.7,0.7,0,0.24,0.75,0.65,0.7,0.7
2786,no_strict_e1_improvement,0,,,,,1,0,2,1,1,1,1,1,0,0,-1,current,0,0,0.05543840667232871,0.05543840667232871,29,25,25,25,25,0,0,1,1.0,1.0,1.0,1.0,1.0,1,1.0,1.0,1.0,1.0,1.0,1,1.0,1.0,1.0,1.0,1.0,1,1.0,1.0,1.0,1.0,1.0
2787,no_strict_e1_improvement,0,,,,,1,0,2,1,1,1,1,1,0,0,-1,current,0,0,0.13429526117397472,0.13429526117397472,20,0,0,0,0,0,0,0,0.0,0.15,0.65,0.4,0.525,0,0.0,0.15,0.65,0.4,0.525,0,0.0,0.15,0.65,0.4,0.525,0,0.0,0.15,0.65,0.4,0.525
2788,no_strict_e1_improvement,0,,,,,1,0,2,1,1,1,1,1,0,0,-1,current,0,0,0.05622425131150521,0.05622425131150521,31,0,0,0,0,0,0,0,0.0,0.75,1.0,0.875,0.875,0,0.0,0.75,1.0,0.875,0.875,0,0.0,0.75,1.0,0.875,0.875,0,0.0,0.75,1.0,0.875,0.875
2789,max_rounds,0,,,,,1,1,2,1,1,1,1,1,0,0,0,s1a3_greedy,1,0,0.2059704635757953,0.05148981871316209,32,2,2,0,0,-2,0,0,0.08,0.4,0.7,0.55,0.6,0,0.08,0.4,0.7,0.55,0.6,0,0.0,0.75,1.0,0.875,0.875,0,0.0,0.75,1.0,0.875,0.875
2790,small_component,0,,,,,1,0,0,0,0,0,0,1,0,0,-1,current,0,0,0.34982727754395454,0.34982727754395454,16,2,2,2,2,0,0,0,0.08,0.2,0.25,0.225,0.375,0,0.08,0.2,0.25,0.225,0.375,0,0.08,0.2,0.25,0.225,0.375,0,0.08,0.2,0.25,0.225,0.375
2791,no_strict_e1_improvement,0,,,,,1,0,1,1,0,1,0,1,0,0,-1,current,0,0,0.03935413370491005,0.03935413370491005,29,21,21,21,21,0,0,0,0.84,0.9,0.8,0.85,0.85,0,0.84,0.9,0.8,0.85,0.85,0,0.84,0.9,0.8,0.85,0.85,0,0.84,0.9,0.8,0.85,0.85
2792,max_rounds,0,,,,,1,1,2,1,1,1,1,1,0,0,0,s1a3_greedy,1,0,0.04417689247056842,0.040444029960781336,32,25,25,23,23,-2,0,1,1.0,1.0,1.0,1.0,1.0,1,1.0,1.0,1.0,1.0,1.0,0,0.92,0.9,0.9,0.9,0.925,0,0.92,0.9,0.9,0.9,0.925
2793,no_strict_e1_improvement,0,,,,,1,0,2,1,1,1,1,1,0,0,-1,current,0,0,0.07335601283120922,0.07335601283120922,30,0,0,0,0,0,0,0,0.0,0.65,0.9,0.775,0.8,0,0.0,0.65,0.9,0.775,0.8,0,0.0,0.65,0.9,0.775,0.8,0,0.0,0.65,0.9,0.775,0.8
2794,no_strict_e1_improvement,0,,,,,1,0,2,1,1,1,1,1,0,0,-1,current,0,0,0.08310076108318754,0.08310076108318754,30,0,0,0,0,0,0,0,0.0,0.75,1.0,0.875,0.875,0,0.0,0.75,1.0,0.875,0.875,0,0.0,0.75,1.0,0.875,0.875,0,0.0,0.75,1.0,0.875,0.875
2795,max_rounds,0,,,,,1,1,2,1,1,1,1,1,0,0,0,s1a3_greedy,1,0,0.13761299345642328,0.13068760968744755,25,23,23,19,19,-4,0,0,0.92,0.8,0.85,0.825,0.825,0,0.92,0.8,0.85,0.825,0.825,0,0.76,0.8,0.8,0.8,0.825,0,0.76,0.8,0.8,0.8,0.825
2796,no_strict_e1_improvement,0,,,,,1,0,2,1,1,1,1,1,0,0,-1,current,0,0,0.1948102314665448,0.1948102314665448,22,8,8,8,8,0,0,0,0.32,0.65,0.4,0.525,0.6,0,0.32,0.65,0.4,0.525,0.6,0,0.32,0.65,0.4,0.525,0.6,0,0.32,0.65,0.4,0.525,0.6
2797,max_rounds,0,,,,,1,1,2,1,1,1,1,1,0,0,0,s1a3_greedy,1,0,0.16922571491450072,0.08163041132647778,25,15,15,20,20,5,0,0,0.6,0.7,0.7,0.7,0.7,0,0.6,0.7,0.7,0.7,0.7,0,0.8,0.8,0.7,0.75,0.825,0,0.8,0.8,0.7,0.75,0.825
2798,no_strict_e1_improvement,0,,,,,1,0,1,1,0,1,0,1,0,0,-1,current,0,0,0.031601222883909943,0.031601222883909943,34,0,0,0,0,0,0,0,0.0,0.75,1.0,0.875,0.875,0,0.0,0.75,1.0,0.875,0.875,0,0.0,0.75,1.0,0.875,0.875,0,0.0,0.75,1.0,0.875,0.875
2799,no_strict_e1_improvement,0,,,,,1,0,1,1,0,1,0,1,0,0,-1,current,0,0,0.0066856032004579905,0.0066856032004579905,38,25,25,25,25,0,0,1,1.0,1.0,1.0,1.0,1.0,1,1.0,1.0,1.0,1.0,1.0,1,1.0,1.0,1.0,1.0,1.0,1,1.0,1.0,1.0,1.0,1.0
2800,no_strict_e1_improvement,0,,,,,1,0,1,1,0,1,0,1,0,0,-1,current,0,0,0.028332154941745104,0.028332154941745104,33,0,0,0,0,0,0,0,0.0,0.75,1.0,0.875,0.875,0,0.0,0.75,1.0,0.875,0.875,0,0.0,0.75,1.0,0.875,0.875,0,0.0,0.75,1.0,0.875,0.875
2801,no_strict_e1_improvement,0,,,,,1,0,1,1,0,1,0,1,0,0,-1,current,0,0,0.07849384332075715,0.07849384332075715,26,0,0,0,0,0,0,0,0.0,0.65,0.9,0.775,0.775,0,0.0,0.65,0.9,0.775,0.775,0,0.0,0.65,0.9,0.775,0.775,0,0.0,0.65,0.9,0.775,0.775
2802,no_strict_e1_improvement,0,,,,,1,0,2,1,1,1,1,1,0,0,-1,current,0,0,0.16465068256802623,0.16465068256802623,16,1,1,1,1,0,0,0,0.04,0.35,0.2,0.275,0.35,0,0.04,0.35,0.2,0.275,0.35,0,0.04,0.35,0.2,0.275,0.35,0,0.04,0.35,0.2,0.275,0.35
2803,max_rounds,0,,,,,1,1,2,1,1,1,1,1,0,0,0,s1a3_greedy,1,0,0.17634742856025695,0.14140746919438243,21,0,0,0,0,0,0,0,0.0,0.3,0.55,0.425,0.475,0,0.0,0.3,0.55,0.425,0.475,0,0.0,0.65,0.8,0.725,0.725,0,0.0,0.65,0.8,0.725,0.725
2804,no_strict_e1_improvement,0,,,,,1,0,2,1,1,1,1,1,0,0,-1,current,0,0,0.24729549250914715,0.24729549250914715,22,0,0,0,0,0,0,0,0.0,0.6,0.5,0.55,0.6,0,0.0,0.6,0.5,0.55,0.6,0,0.0,0.6,0.5,0.55,0.6,0,0.0,0.6,0.5,0.55,0.6
2805,no_strict_e1_improvement,0,,,,,1,0,2,1,1,1,1,1,0,0,-1,current,0,0,0.04056807085871696,0.04056807085871696,28,25,25,25,25,0,0,1,1.0,1.0,1.0,1.0,1.0,1,1.0,1.0,1.0,1.0,1.0,1,1.0,1.0,1.0,1.0,1.0,1,1.0,1.0,1.0,1.0,1.0
2806,max_rounds,0,,,,,1,1,2,1,1,1,1,1,0,0,0,s1a3_greedy,1,0,0.15239139076147695,0.0990300313802436,13,0,0,0,0,0,0,0,0.0,0.2,0.1,0.15,0.25,0,0.0,0.2,0.1,0.15,0.25,0,0.0,0.2,0.15,0.175,0.225,0,0.0,0.2,0.15,0.175,0.225
2807,max_rounds,0,,,,,1,1,2,1,1,1,1,1,0,0,0,s1a3_greedy,1,0,0.06196630854974501,0.03711087079718709,33,22,22,23,23,1,0,0,0.88,0.9,0.85,0.875,0.875,0,0.88,0.9,0.85,0.875,0.875,0,0.92,0.9,0.9,0.9,0.925,0,0.92,0.9,0.9,0.9,0.925
2808,max_rounds,0,,,,,1,1,2,1,1,1,1,1,0,0,0,s1a3_greedy,1,0,0.15259116077795626,0.14004602474160494,17,0,0,0,0,0,0,0,0.0,0.2,0.3,0.25,0.275,0,0.0,0.2,0.3,0.25,0.275,0,0.0,0.2,0.25,0.225,0.25,0,0.0,0.2,0.25,0.225,0.25
2809,max_rounds,0,,,,,1,1,2,1,1,1,1,1,0,0,0,s1a3_greedy,1,0,0.30294497687136757,0.16874109408818186,18,14,14,17,17,3,0,0,0.56,0.5,0.55,0.525,0.6,0,0.56,0.5,0.55,0.525,0.6,0,0.68,0.7,0.6,0.65,0.75,0,0.68,0.7,0.6,0.65,0.75
2810,max_rounds,0,,,,,1,1,2,1,1,1,1,1,0,0,0,s1a3_greedy,1,0,0.27860984039725734,0.21748589695198461,10,0,0,0,0,0,0,0,0.0,0.1,0.35,0.225,0.25,0,0.0,0.1,0.35,0.225,0.25,0,0.0,0.1,0.25,0.175,0.275,0,0.0,0.1,0.25,0.175,0.275
2811,max_rounds,0,,,,,1,1,2,1,1,1,1,1,0,0,0,s1a3_greedy,1,0,0.16567572077619844,0.13592016277834773,19,0,0,0,0,0,0,0,0.0,0.45,0.35,0.4,0.45,0,0.0,0.45,0.35,0.4,0.45,0,0.0,0.3,0.5,0.4,0.45,0,0.0,0.3,0.5,0.4,0.45
2812,no_strict_e1_improvement,0,,,,,1,0,2,1,1,1,1,1,0,0,-1,current,0,0,0.21253545675426722,0.21253545675426722,21,0,0,0,0,0,0,0,0.0,0.45,0.6,0.525,0.525,0,0.0,0.45,0.6,0.525,0.525,0,0.0,0.45,0.6,0.525,0.525,0,0.0,0.45,0.6,0.525,0.525
2813,no_strict_e1_improvement,0,,,,,1,0,1,1,0,1,0,1,0,0,-1,current,0,0,0.01741318714339286,0.01741318714339286,34,25,25,25,25,0,0,1,1.0,1.0,1.0,1.0,1.0,1,1.0,1.0,1.0,1.0,1.0,1,1.0,1.0,1.0,1.0,1.0,1,1.0,1.0,1.0,1.0,1.0
2814,no_strict_e1_improvement,0,,,,,1,0,2,1,1,1,1,1,0,0,-1,current,0,0,0.12137567232130095,0.12137567232130095,30,1,1,1,1,0,0,0,0.04,0.65,0.8,0.725,0.75,0,0.04,0.65,0.8,0.725,0.75,0,0.04,0.65,0.8,0.725,0.75,0,0.04,0.65,0.8,0.725,0.75
2815,max_rounds,0,,,,,1,1,2,1,1,1,1,1,0,0,0,s1a3_greedy,1,0,0.22581359732430428,0.18935426471289246,18,0,0,0,0,0,0,0,0.0,0.5,0.55,0.525,0.575,0,0.0,0.5,0.55,0.525,0.575,0,0.0,0.45,0.6,0.525,0.55,0,0.0,0.45,0.6,0.525,0.55
2816,max_rounds,0,,,,,1,1,2,1,1,1,1,1,0,0,0,s1a3_greedy,1,0,0.17878338765731314,0.05581643671175698,26,18,18,25,25,7,0,0,0.72,0.8,0.7,0.75,0.75,0,0.72,0.8,0.7,0.75,0.75,1,1.0,1.0,1.0,1.0,1.0,1,1.0,1.0,1.0,1.0,1.0
2817,small_component,0,,,,,1,0,0,0,0,0,0,1,0,0,-1,current,0,0,0.2648136572621297,0.2648136572621297,18,4,4,4,4,0,0,0,0.16,0.2,0.5,0.35,0.425,0,0.16,0.2,0.5,0.35,0.425,0,0.16,0.2,0.5,0.35,0.425,0,0.16,0.2,0.5,0.35,0.425
2818,max_rounds,0,,,,,1,1,2,1,1,1,1,1,0,0,0,s1a3_greedy,1,0,0.2922954808920622,0.10016765529289842,26,7,7,10,10,3,0,0,0.28,0.3,0.65,0.475,0.5,0,0.28,0.3,0.65,0.475,0.5,0,0.4,0.75,0.85,0.8,0.8,0,0.4,0.75,0.85,0.8,0.8
2819,max_rounds,0,,,,,1,1,2,1,1,1,1,1,0,0,0,s1a3_greedy,1,0,0.1756525000469992,0.09764343964925501,28,0,0,0,0,0,0,0,0.0,0.65,0.8,0.725,0.725,0,0.0,0.65,0.8,0.725,0.725,0,0.0,0.75,0.95,0.85,0.85,0,0.0,0.75,0.95,0.85,0.85
2820,no_strict_e1_improvement,0,,,,,1,0,2,1,1,1,1,1,0,0,-1,current,0,0,0.15683567775413393,0.15683567775413393,18,2,2,2,2,0,0,0,0.08,0.2,0.1,0.15,0.2,0,0.08,0.2,0.1,0.15,0.2,0,0.08,0.2,0.1,0.15,0.2,0,0.08,0.2,0.1,0.15,0.2
2821,no_strict_e1_improvement,0,,,,,1,0,2,1,1,1,1,1,0,0,-1,current,0,0,0.09240514249540865,0.09240514249540865,26,0,0,0,0,0,0,0,0.0,0.75,0.6,0.675,0.775,0,0.0,0.75,0.6,0.675,0.775,0,0.0,0.75,0.6,0.675,0.775,0,0.0,0.75,0.6,0.675,0.775
2822,small_component,0,,,,,1,0,0,0,0,0,0,1,0,0,-1,current,0,0,0.31025474828202276,0.31025474828202276,12,1,1,1,1,0,0,0,0.04,0.2,0.45,0.325,0.425,0,0.04,0.2,0.45,0.325,0.425,0,0.04,0.2,0.45,0.325,0.425,0,0.04,0.2,0.45,0.325,0.425
2823,max_rounds,0,,,,,1,1,2,1,1,1,1,1,0,0,0,s1a3_greedy,1,0,0.07940503840800375,0.06811780051793903,26,5,5,1,1,-4,0,0,0.2,0.8,0.75,0.775,0.775,0,0.2,0.8,0.75,0.775,0.775,0,0.04,0.7,0.9,0.8,0.8,0,0.04,0.7,0.9,0.8,0.8
2824,no_strict_e1_improvement,0,,,,,1,0,1,1,0,1,0,1,0,0,-1,current,0,0,0.05074757951078936,0.05074757951078936,27,0,0,0,0,0,0,0,0.0,0.75,1.0,0.875,0.875,0,0.0,0.75,1.0,0.875,0.875,0,0.0,0.75,1.0,0.875,0.875,0,0.0,0.75,1.0,0.875,0.875
2825,max_rounds,0,,,,,1,1,2,1,1,1,1,1,0,0,0,s1a3_greedy,1,0,0.23973604189231992,0.2396119073033333,18,9,9,12,12,3,0,0,0.36,0.5,0.35,0.425,0.425,0,0.36,0.5,0.35,0.425,0.425,0,0.48,0.45,0.4,0.425,0.525,0,0.48,0.45,0.4,0.425,0.525
2826,max_rounds,0,,,,,1,1,2,1,1,1,1,1,0,0,0,s1a3_greedy,1,0,0.1342987316660583,0.11260218042880296,29,1,1,0,0,-1,0,0,0.04,0.7,0.85,0.775,0.775,0,0.04,0.7,0.85,0.775,0.775,0,0.0,0.75,0.95,0.85,0.85,0,0.0,0.75,0.95,0.85,0.85
2827,no_strict_e1_improvement,0,,,,,1,0,2,1,1,1,1,1,0,0,-1,current,0,0,0.10704183433845174,0.10704183433845174,27,0,0,0,0,0,0,0,0.0,0.75,0.6,0.675,0.725,0,0.0,0.75,0.6,0.675,0.725,0,0.0,0.75,0.6,0.675,0.725,0,0.0,0.75,0.6,0.675,0.725
2828,no_strict_e1_improvement,0,,,,,1,0,1,1,0,1,0,1,0,0,-1,current,0,0,0.005053050734568387,0.005053050734568387,37,25,25,25,25,0,0,1,1.0,1.0,1.0,1.0,1.0,1,1.0,1.0,1.0,1.0,1.0,1,1.0,1.0,1.0,1.0,1.0,1,1.0,1.0,1.0,1.0,1.0
2829,max_rounds,0,,,,,1,1,2,1,1,1,1,1,0,0,0,s1a3_greedy,1,0,0.19332075223792344,0.15856681254226715,25,2,2,5,5,3,0,0,0.08,0.35,0.75,0.55,0.6,0,0.08,0.35,0.75,0.55,0.6,0,0.2,0.25,1.0,0.625,0.75,0,0.2,0.25,1.0,0.625,0.75
2830,max_rounds,0,,,,,1,1,2,1,1,1,1,1,0,0,0,s1a3_greedy,1,0,0.10860404162667692,0.09816088923253119,25,0,0,0,0,0,0,0,0.0,0.8,0.6,0.7,0.7,0,0.0,0.8,0.6,0.7,0.7,0,0.0,0.8,0.65,0.725,0.725,0,0.0,0.8,0.65,0.725,0.725
2831,max_rounds,0,,,,,1,1,2,1,1,1,1,1,0,0,0,s1a3_greedy,1,0,0.09891504351689946,0.06214069635316264,34,0,0,0,0,0,0,0,0.0,0.75,0.9,0.825,0.825,0,0.0,0.75,0.9,0.825,0.825,0,0.0,0.75,0.9,0.825,0.825,0,0.0,0.75,0.9,0.825,0.825
2832,max_rounds,0,,,,,1,1,2,1,1,1,1,1,0,0,0,s1a3_greedy,1,0,0.17742286187567516,0.14287208758614725,14,0,0,0,0,0,0,0,0.0,0.45,0.25,0.35,0.4,0,0.0,0.45,0.25,0.35,0.4,0,0.0,0.45,0.3,0.375,0.425,0,0.0,0.45,0.3,0.375,0.425
2833,max_rounds,0,,,,,1,1,2,1,1,1,1,1,0,0,0,s1a3_greedy,1,0,0.280382533185184,0.2775472565204836,11,4,4,4,4,0,0,0,0.16,0.35,0.5,0.425,0.475,0,0.16,0.35,0.5,0.425,0.475,0,0.16,0.2,0.4,0.3,0.375,0,0.16,0.2,0.4,0.3,0.375
2834,no_strict_e1_improvement,0,,,,,1,0,2,1,1,1,1,1,0,0,-1,current,0,0,0.20197269789587152,0.20197269789587152,20,0,0,0,0,0,0,0,0.0,0.55,0.5,0.525,0.525,0,0.0,0.55,0.5,0.525,0.525,0,0.0,0.55,0.5,0.525,0.525,0,0.0,0.55,0.5,0.525,0.525
2835,max_rounds,0,,,,,1,1,2,1,1,1,1,1,0,0,0,s1a3_greedy,1,0,0.3060285158455372,0.2501724479952827,20,0,0,0,0,0,0,0,0.0,0.55,0.3,0.425,0.45,0,0.0,0.55,0.3,0.425,0.45,0,0.0,0.5,0.5,0.5,0.5,0,0.0,0.5,0.5,0.5,0.5
2836,max_rounds,0,,,,,1,1,2,1,1,1,1,1,0,0,0,s1a3_greedy,1,0,0.13361533588840757,0.08860343876876868,13,1,1,2,2,1,0,0,0.04,0.2,0.2,0.2,0.2,0,0.04,0.2,0.2,0.2,0.2,0,0.08,0.3,0.25,0.275,0.3,0,0.08,0.3,0.25,0.275,0.3
2837,max_rounds,0,,,,,1,1,2,1,1,1,1,1,0,0,0,s1a3_greedy,1,0,0.15270311175845563,0.10889887153171003,22,17,17,21,21,4,0,0,0.68,0.7,0.55,0.625,0.65,0,0.68,0.7,0.55,0.625,0.65,0,0.84,0.8,0.8,0.8,0.825,0,0.84,0.8,0.8,0.8,0.825
2838,max_rounds,0,,,,,1,1,2,1,1,1,1,1,0,0,0,s1a3_greedy,1,0,0.22200778425612952,0.08838836902286858,17,0,0,0,0,0,0,0,0.0,0.35,0.25,0.3,0.35,0,0.0,0.35,0.25,0.3,0.35,0,0.0,0.3,0.5,0.4,0.5,0,0.0,0.3,0.5,0.4,0.5
2839,no_strict_e1_improvement,0,,,,,1,0,2,1,1,1,1,1,0,0,-1,current,0,0,0.22496529598720372,0.22496529598720372,23,0,0,0,0,0,0,0,0.0,0.7,0.3,0.5,0.55,0,0.0,0.7,0.3,0.5,0.55,0,0.0,0.7,0.3,0.5,0.55,0,0.0,0.7,0.3,0.5,0.55
2840,no_strict_e1_improvement,0,,,,,1,0,2,1,1,1,1,1,0,0,-1,current,0,0,0.21298061439301819,0.21298061439301819,14,0,0,0,0,0,0,0,0.0,0.15,0.15,0.15,0.225,0,0.0,0.15,0.15,0.15,0.225,0,0.0,0.15,0.15,0.15,0.225,0,0.0,0.15,0.15,0.15,0.225
2841,partial_completed__no_strict_e1_improvement,1,,5,2,4,1,0,2,1,1,1,1,1,0,0,-1,current,1,0,0.01905667006967633,0.01905667006967633,23,0,0,0,0,0,0,0,0.0,0.55,0.65,0.6,0.6,0,0.0,0.55,0.7,0.625,0.625,0,0.0,0.55,0.7,0.625,0.625,0,0.0,0.55,0.7,0.625,0.625
2842,max_rounds,0,,,,,1,1,2,1,1,1,1,1,0,0,0,s1a3_greedy,1,0,0.14014256650116294,0.1298301885894034,27,1,1,2,2,1,0,0,0.04,0.55,0.65,0.6,0.625,0,0.04,0.55,0.65,0.6,0.625,0,0.08,0.65,0.65,0.65,0.675,0,0.08,0.65,0.65,0.65,0.675
2843,no_strict_e1_improvement,0,,,,,1,0,1,1,0,1,0,1,0,0,-1,current,0,0,0.029760162718594073,0.029760162718594073,34,0,0,0,0,0,0,0,0.0,0.75,1.0,0.875,0.875,0,0.0,0.75,1.0,0.875,0.875,0,0.0,0.75,1.0,0.875,0.875,0,0.0,0.75,1.0,0.875,0.875
2844,small_component,0,,,,,1,0,0,0,0,0,0,1,0,0,-1,current,0,0,0.324315024074167,0.324315024074167,16,0,0,0,0,0,0,0,0.0,0.4,0.1,0.25,0.35,0,0.0,0.4,0.1,0.25,0.35,0,0.0,0.4,0.1,0.25,0.35,0,0.0,0.4,0.1,0.25,0.35
2845,max_rounds,0,,,,,1,1,2,1,1,1,1,1,0,0,0,s1a3_greedy,1,0,0.3247960573178716,0.2614644108340144,18,3,3,1,1,-2,0,0,0.12,0.1,0.35,0.225,0.275,0,0.12,0.1,0.35,0.225,0.275,0,0.04,0.35,0.4,0.375,0.4,0,0.04,0.35,0.4,0.375,0.4
2846,partial_completed__small_component,1,,5,2,4,1,0,0,0,0,0,0,1,0,0,-1,current,1,0,0.29480593572370706,0.29480593572370706,15,0,0,0,0,0,0,0,0.0,0.25,0.3,0.275,0.325,0,0.0,0.3,0.3,0.3,0.35,0,0.0,0.3,0.3,0.3,0.35,0,0.0,0.3,0.3,0.3,0.35
2847,no_strict_e1_improvement,0,,,,,1,0,2,1,1,1,1,1,0,0,-1,current,0,0,0.20423551951535046,0.20423551951535046,18,0,0,0,0,0,0,0,0.0,0.15,0.5,0.325,0.4,0,0.0,0.15,0.5,0.325,0.4,0,0.0,0.15,0.5,0.325,0.4,0,0.0,0.15,0.5,0.325,0.4
2848,no_strict_e1_improvement,0,,,,,1,0,2,1,1,1,1,1,0,0,-1,current,0,0,0.05350812647520797,0.05350812647520797,33,23,23,23,23,0,0,0,0.92,0.9,0.85,0.875,0.9,0,0.92,0.9,0.85,0.875,0.9,0,0.92,0.9,0.85,0.875,0.9,0,0.92,0.9,0.85,0.875,0.9
2849,max_rounds,0,,,,,1,1,2,1,1,1,1,1,0,0,0,s1a3_greedy,1,0,0.1078752397093922,0.0792376205790788,30,22,22,23,23,1,0,0,0.88,0.8,0.85,0.825,0.85,0,0.88,0.8,0.85,0.825,0.85,0,0.92,0.85,0.9,0.875,0.9,0,0.92,0.85,0.9,0.875,0.9
2850,max_rounds,0,,,,,1,1,2,1,1,1,1,1,0,0,0,s1a3_greedy,1,0,0.2485184934688732,0.22735251449048519,19,0,0,1,1,1,0,0,0.0,0.55,0.65,0.6,0.65,0,0.0,0.55,0.65,0.6,0.65,0,0.04,0.4,0.65,0.525,0.575,0,0.04,0.4,0.65,0.525,0.575
2851,small_component,0,,,,,1,0,0,0,0,0,0,1,0,0,-1,current,0,0,0.34913945822045206,0.34913945822045206,16,2,2,2,2,0,0,0,0.08,0.6,0.3,0.45,0.525,0,0.08,0.6,0.3,0.45,0.525,0,0.08,0.6,0.3,0.45,0.525,0,0.08,0.6,0.3,0.45,0.525
2852,max_rounds,0,,,,,1,1,2,1,1,1,1,1,0,0,0,s1a3_greedy,1,0,0.1112391661386937,0.07573620088514872,24,16,16,20,20,4,0,0,0.64,0.7,0.6,0.65,0.65,0,0.64,0.7,0.6,0.65,0.65,0,0.8,0.8,0.8,0.8,0.8,0,0.8,0.8,0.8,0.8,0.8
2853,no_strict_e1_improvement,0,,,,,1,0,2,1,1,1,1,1,0,0,-1,current,0,0,0.09728921968489886,0.09728921968489886,23,18,18,18,18,0,0,0,0.72,0.7,0.8,0.75,0.775,0,0.72,0.7,0.8,0.75,0.775,0,0.72,0.7,0.8,0.75,0.775,0,0.72,0.7,0.8,0.75,0.775
2854,max_rounds,0,,,,,1,1,2,1,1,1,1,1,0,0,0,s1a3_greedy,1,0,0.1869864145293832,0.1637901311740279,19,0,0,0,0,0,0,0,0.0,0.5,0.65,0.575,0.65,0,0.0,0.5,0.65,0.575,0.65,0,0.0,0.5,0.45,0.475,0.575,0,0.0,0.5,0.45,0.475,0.575
2855,no_strict_e1_improvement,0,,,,,1,0,2,1,1,1,1,1,0,0,-1,current,0,0,0.06284092296846211,0.06284092296846211,21,21,21,21,21,0,0,0,0.84,0.85,0.8,0.825,0.85,0,0.84,0.85,0.8,0.825,0.85,0,0.84,0.85,0.8,0.825,0.85,0,0.84,0.85,0.8,0.825,0.85
2856,no_strict_e1_improvement,0,,,,,1,0,2,1,1,1,1,1,0,0,-1,current,0,0,0.18884061607532204,0.18884061607532204,23,0,0,0,0,0,0,0,0.0,0.65,0.75,0.7,0.75,0,0.0,0.65,0.75,0.7,0.75,0,0.0,0.65,0.75,0.7,0.75,0,0.0,0.65,0.75,0.7,0.75
2857,no_strict_e1_improvement,0,,,,,1,0,1,1,0,1,0,1,0,0,-1,current,0,0,0.04703785171441268,0.04703785171441268,32,25,25,25,25,0,0,1,1.0,1.0,1.0,1.0,1.0,1,1.0,1.0,1.0,1.0,1.0,1,1.0,1.0,1.0,1.0,1.0,1,1.0,1.0,1.0,1.0,1.0
2858,max_rounds,0,,,,,1,1,2,1,1,1,1,1,0,0,0,s1a3_greedy,1,0,0.21293637044727803,0.029272982478141786,37,13,13,25,25,12,0,0,0.52,0.55,0.7,0.625,0.675,0,0.52,0.55,0.7,0.625,0.675,1,1.0,1.0,1.0,1.0,1.0,1,1.0,1.0,1.0,1.0,1.0
2859,max_rounds,0,,,,,1,1,2,1,1,1,1,1,0,0,0,s1a3_greedy,1,0,0.07488286059815437,0.07347305587027222,25,0,0,0,0,0,0,0,0.0,0.75,0.9,0.825,0.85,0,0.0,0.75,0.9,0.825,0.85,0,0.0,0.75,0.85,0.8,0.825,0,0.0,0.75,0.85,0.8,0.825
2860,max_rounds,0,,,,,1,1,2,1,1,1,1,1,0,0,0,s1a3_greedy,1,0,0.2613310148008168,0.18696443086955697,23,0,0,2,2,2,0,0,0.0,0.6,0.4,0.5,0.5,0,0.0,0.6,0.4,0.5,0.5,0,0.08,0.8,0.7,0.75,0.75,0,0.08,0.8,0.7,0.75,0.75
2861,no_strict_e1_improvement,0,,,,,1,0,2,1,1,1,1,1,0,0,-1,current,0,0,0.11428026338107884,0.11428026338107884,19,0,0,0,0,0,0,0,0.0,0.65,0.75,0.7,0.725,0,0.0,0.65,0.75,0.7,0.725,0,0.0,0.65,0.75,0.7,0.725,0,0.0,0.65,0.75,0.7,0.725
2862,max_rounds,0,,,,,1,1,2,1,1,1,1,1,0,0,0,s1a3_greedy,1,0,0.25773509559221564,0.1578303551534191,20,0,0,0,0,0,0,0,0.0,0.35,0.4,0.375,0.4,0,0.0,0.35,0.4,0.375,0.4,0,0.0,0.35,0.35,0.35,0.4,0,0.0,0.35,0.35,0.35,0.4
2863,no_strict_e1_improvement,0,,,,,1,0,1,1,0,1,0,1,0,0,-1,current,0,0,0.008459284983109683,0.008459284983109683,37,25,25,25,25,0,0,1,1.0,1.0,1.0,1.0,1.0,1,1.0,1.0,1.0,1.0,1.0,1,1.0,1.0,1.0,1.0,1.0,1,1.0,1.0,1.0,1.0,1.0
2864,no_strict_e1_improvement,0,,,,,1,0,1,1,0,1,0,1,0,0,-1,current,0,0,0.12383438376709818,0.12383438376709818,25,0,0,0,0,0,0,0,0.0,0.95,0.75,0.85,0.85,0,0.0,0.95,0.75,0.85,0.85,0,0.0,0.95,0.75,0.85,0.85,0,0.0,0.95,0.75,0.85,0.85
2865,max_rounds,0,,,,,1,1,2,1,1,1,1,1,0,0,0,s1a3_greedy,1,0,0.10930518357781693,0.07973681822186336,27,16,16,18,18,2,0,0,0.64,0.8,0.65,0.725,0.725,0,0.64,0.8,0.65,0.725,0.725,0,0.72,0.8,0.75,0.775,0.775,0,0.72,0.8,0.75,0.775,0.775
2866,partial_completed__no_strict_e1_improvement,1,,5,2,3,1,0,2,1,1,1,1,1,0,0,-1,current,1,0,0.1617977991292719,0.1617977991292719,17,0,2,2,2,2,0,0,0.0,0.4,0.0,0.2,0.325,0,0.08,0.45,0.0,0.225,0.35,0,0.08,0.45,0.0,0.225,0.35,0,0.08,0.45,0.0,0.225,0.35
2867,no_strict_e1_improvement,0,,,,,1,0,2,1,1,1,1,1,0,0,-1,current,0,0,0.10259361830540001,0.10259361830540001,29,0,0,0,0,0,0,0,0.0,0.9,0.75,0.825,0.825,0,0.0,0.9,0.75,0.825,0.825,0,0.0,0.9,0.75,0.825,0.825,0,0.0,0.9,0.75,0.825,0.825
2868,max_rounds,0,,,,,1,1,2,1,1,1,1,1,0,0,0,s1a3_greedy,1,0,0.25547533566132186,0.24424056056886911,19,0,0,0,0,0,0,0,0.0,0.4,0.6,0.5,0.575,0,0.0,0.4,0.6,0.5,0.575,0,0.0,0.3,0.55,0.425,0.55,0,0.0,0.3,0.55,0.425,0.55
2869,max_rounds,0,,,,,1,1,2,1,1,1,1,1,0,0,0,s1a3_greedy,1,0,0.1471591465175152,0.11360779207898304,24,1,1,0,0,-1,0,0,0.04,0.5,0.75,0.625,0.65,0,0.04,0.5,0.75,0.625,0.65,0,0.0,0.6,0.9,0.75,0.75,0,0.0,0.6,0.9,0.75,0.75
2870,no_strict_e1_improvement,0,,,,,1,0,1,1,0,1,0,1,0,0,-1,current,0,0,0.04503673436120152,0.04503673436120152,32,0,0,0,0,0,0,0,0.0,0.75,1.0,0.875,0.875,0,0.0,0.75,1.0,0.875,0.875,0,0.0,0.75,1.0,0.875,0.875,0,0.0,0.75,1.0,0.875,0.875
2871,no_strict_e1_improvement,0,,,,,1,0,2,1,1,1,1,1,0,0,-1,current,0,0,0.1511054251343012,0.1511054251343012,23,6,6,6,6,0,0,0,0.24,0.3,0.65,0.475,0.525,0,0.24,0.3,0.65,0.475,0.525,0,0.24,0.3,0.65,0.475,0.525,0,0.24,0.3,0.65,0.475,0.525
2872,max_rounds,0,,,,,1,1,2,1,1,1,1,1,0,0,0,s1a3_greedy,1,0,0.06800301037728787,0.04734511375427246,29,22,22,22,22,0,0,0,0.88,0.85,0.85,0.85,0.85,0,0.88,0.85,0.85,0.85,0.85,0,0.88,0.9,0.85,0.875,0.875,0,0.88,0.9,0.85,0.875,0.875
2873,max_rounds,0,,,,,1,1,2,1,1,1,1,1,0,0,0,s1a3_greedy,1,0,0.2785741379484534,0.09181561277073343,24,0,0,0,0,0,0,0,0.0,0.5,0.35,0.425,0.475,0,0.0,0.5,0.35,0.425,0.475,0,0.0,0.9,0.6,0.75,0.75,0,0.0,0.9,0.6,0.75,0.75
2874,small_component,0,,,,,1,0,0,0,0,0,0,1,0,0,-1,current,0,0,0.2725658925250173,0.2725658925250173,17,0,0,0,0,0,0,0,0.0,0.25,0.25,0.25,0.275,0,0.0,0.25,0.25,0.25,0.275,0,0.0,0.25,0.25,0.25,0.275,0,0.0,0.25,0.25,0.25,0.275
2875,partial_completed__max_rounds,1,,5,2,4,1,1,2,1,1,1,1,1,0,0,0,s1a3_greedy,1,0,0.3057375203818083,0.2541599763557315,15,0,13,9,9,9,0,0,0.0,0.5,0.15,0.325,0.35,0,0.52,0.55,0.15,0.35,0.475,0,0.36,0.4,0.35,0.375,0.475,0,0.36,0.4,0.35,0.375,0.475
2876,no_strict_e1_improvement,0,,,,,1,0,1,1,0,1,0,1,0,0,-1,current,0,0,0.03697039156686514,0.03697039156686514,29,25,25,25,25,0,0,1,1.0,1.0,1.0,1.0,1.0,1,1.0,1.0,1.0,1.0,1.0,1,1.0,1.0,1.0,1.0,1.0,1,1.0,1.0,1.0,1.0,1.0
2877,partial_completed__max_rounds,1,,5,2,4,1,1,2,1,1,1,1,1,0,0,0,s1a3_greedy,1,0,0.2789985118317418,0.14020118778571486,17,2,3,6,6,4,0,0,0.08,0.35,0.3,0.325,0.375,0,0.12,0.35,0.35,0.35,0.45,0,0.24,0.55,0.5,0.525,0.55,0,0.24,0.55,0.5,0.525,0.55
2878,max_rounds,0,,,,,1,1,2,1,1,1,1,1,0,0,0,s1a3_greedy,1,0,0.16044471022178186,0.15884560049016727,20,18,18,15,15,-3,0,0,0.72,0.75,0.65,0.7,0.75,0,0.72,0.75,0.65,0.7,0.75,0,0.6,0.55,0.55,0.55,0.575,0,0.6,0.55,0.55,0.55,0.575
2879,no_strict_e1_improvement,0,,,,,1,0,1,1,0,1,0,1,0,0,-1,current,0,0,0.009071990428492428,0.009071990428492428,37,25,25,25,25,0,0,1,1.0,1.0,1.0,1.0,1.0,1,1.0,1.0,1.0,1.0,1.0,1,1.0,1.0,1.0,1.0,1.0,1,1.0,1.0,1.0,1.0,1.0
2880,no_strict_e1_improvement,0,,,,,1,0,1,1,0,1,0,1,0,0,-1,current,0,0,0.02690235888585448,0.02690235888585448,34,25,25,25,25,0,0,1,1.0,1.0,1.0,1.0,1.0,1,1.0,1.0,1.0,1.0,1.0,1,1.0,1.0,1.0,1.0,1.0,1,1.0,1.0,1.0,1.0,1.0
2881,no_strict_e1_improvement,0,,,,,1,0,1,1,0,1,0,1,0,0,-1,current,0,0,0.014062735205516218,0.014062735205516218,38,25,25,25,25,0,0,1,1.0,1.0,1.0,1.0,1.0,1,1.0,1.0,1.0,1.0,1.0,1,1.0,1.0,1.0,1.0,1.0,1,1.0,1.0,1.0,1.0,1.0
2882,max_rounds,0,,,,,1,1,2,1,1,1,1,1,0,0,0,s1a3_greedy,1,0,0.21162889371626079,0.10631142486818135,19,15,15,20,20,5,0,0,0.6,0.6,0.55,0.575,0.6,0,0.6,0.6,0.55,0.575,0.6,0,0.8,0.7,0.75,0.725,0.75,0,0.8,0.7,0.75,0.725,0.75
2883,no_strict_e1_improvement,0,,,,,1,0,1,1,0,1,0,1,0,0,-1,current,0,0,0.06399697901215404,0.06399697901215404,27,15,15,15,15,0,0,0,0.6,0.75,0.9,0.825,0.825,0,0.6,0.75,0.9,0.825,0.825,0,0.6,0.75,0.9,0.825,0.825,0,0.6,0.75,0.9,0.825,0.825
2884,no_strict_e1_improvement,0,,,,,1,0,2,1,1,1,1,1,0,0,-1,current,0,0,0.1521673502633348,0.1521673502633348,25,21,21,21,21,0,0,0,0.84,0.8,0.8,0.8,0.9,0,0.84,0.8,0.8,0.8,0.9,0,0.84,0.8,0.8,0.8,0.9,0,0.84,0.8,0.8,0.8,0.9
2885,small_component,0,,,,,1,0,0,0,0,0,0,1,0,0,-1,current,0,0,0.3152686980552971,0.3152686980552971,17,0,0,0,0,0,0,0,0.0,0.25,0.35,0.3,0.35,0,0.0,0.25,0.35,0.3,0.35,0,0.0,0.25,0.35,0.3,0.35,0,0.0,0.25,0.35,0.3,0.35
2886,no_strict_e1_improvement,0,,,,,1,0,1,1,0,1,0,1,0,0,-1,current,0,0,0.07251367266871966,0.07251367266871966,26,0,0,0,0,0,0,0,0.0,0.95,0.75,0.85,0.85,0,0.0,0.95,0.75,0.85,0.85,0,0.0,0.95,0.75,0.85,0.85,0,0.0,0.95,0.75,0.85,0.85
2887,no_strict_e1_improvement,0,,,,,1,0,1,1,0,1,0,1,0,0,-1,current,0,0,0.024102918957942164,0.024102918957942164,33,23,23,23,23,0,0,0,0.92,0.9,0.9,0.9,0.925,0,0.92,0.9,0.9,0.9,0.925,0,0.92,0.9,0.9,0.9,0.925,0,0.92,0.9,0.9,0.9,0.925
2888,max_rounds,0,,,,,1,1,2,1,1,1,1,1,0,0,0,s1a3_greedy,1,0,0.1524350147228688,0.09095946890302002,27,0,0,0,0,0,0,0,0.0,0.8,0.25,0.525,0.525,0,0.0,0.8,0.25,0.525,0.525,0,0.0,0.75,0.75,0.75,0.75,0,0.0,0.75,0.75,0.75,0.75
2889,max_rounds,0,,,,,1,1,2,1,1,1,1,1,0,0,0,s1a3_greedy,1,0,0.16689166389405727,0.11703254580497742,21,0,0,0,0,0,0,0,0.0,0.6,0.75,0.675,0.7,0,0.0,0.6,0.75,0.675,0.7,0,0.0,0.65,0.5,0.575,0.675,0,0.0,0.65,0.5,0.575,0.675
2890,max_rounds,0,,,,,1,1,2,1,1,1,1,1,0,0,0,s1a3_greedy,1,0,0.316854217366199,0.16426642303995323,15,1,1,0,0,-1,0,0,0.04,0.15,0.3,0.225,0.35,0,0.04,0.15,0.3,0.225,0.35,0,0.0,0.45,0.45,0.45,0.65,0,0.0,0.45,0.45,0.45,0.65
2891,no_strict_e1_improvement,0,,,,,1,0,1,1,0,1,0,1,0,0,-1,current,0,0,0.011943548894487321,0.011943548894487321,36,25,25,25,25,0,0,1,1.0,1.0,1.0,1.0,1.0,1,1.0,1.0,1.0,1.0,1.0,1,1.0,1.0,1.0,1.0,1.0,1,1.0,1.0,1.0,1.0,1.0
2892,max_rounds,0,,,,,1,1,2,1,1,1,1,1,0,0,0,s1a3_greedy,1,0,0.10270615620538592,0.10034881997853518,25,0,0,0,0,0,0,0,0.0,0.9,0.75,0.825,0.85,0,0.0,0.9,0.75,0.825,0.85,0,0.0,0.9,0.75,0.825,0.825,0,0.0,0.9,0.75,0.825,0.825
2893,max_rounds,0,,,,,1,1,2,1,1,1,1,1,0,0,0,s1a3_greedy,1,0,0.13281397505197673,0.09151242757216096,27,0,0,0,0,0,0,0,0.0,0.55,0.75,0.65,0.675,0,0.0,0.55,0.75,0.65,0.675,0,0.0,0.65,0.8,0.725,0.725,0,0.0,0.65,0.8,0.725,0.725
2894,no_strict_e1_improvement,0,,,,,1,0,2,1,1,1,1,1,0,0,-1,current,0,0,0.3032639698823914,0.3032639698823914,14,5,5,5,5,0,0,0,0.2,0.35,0.4,0.375,0.4,0,0.2,0.35,0.4,0.375,0.4,0,0.2,0.35,0.4,0.375,0.4,0,0.2,0.35,0.4,0.375,0.4
2895,max_rounds,0,,,,,1,1,2,1,1,1,1,1,0,0,0,s1a3_greedy,1,0,0.20375206286553293,0.13969245564658195,20,0,0,0,0,0,0,0,0.0,0.55,0.4,0.475,0.55,0,0.0,0.55,0.4,0.475,0.55,0,0.0,0.6,0.4,0.5,0.6,0,0.0,0.6,0.4,0.5,0.6
2896,max_rounds,0,,,,,1,1,2,1,1,1,1,1,0,0,0,s1a3_greedy,1,0,0.07792639007093385,0.056373049458488825,25,19,19,17,17,-2,0,0,0.76,0.8,0.65,0.725,0.75,0,0.76,0.8,0.65,0.725,0.75,0,0.68,0.8,0.8,0.8,0.8,0,0.68,0.8,0.8,0.8,0.8
2897,max_rounds,0,,,,,1,1,2,1,1,1,1,1,0,0,0,s1a3_greedy,1,0,0.23182242207694798,0.19938338312786072,18,1,1,2,2,1,0,0,0.04,0.5,0.55,0.525,0.55,0,0.04,0.5,0.55,0.525,0.55,0,0.08,0.3,0.6,0.45,0.575,0,0.08,0.3,0.6,0.45,0.575
2898,max_rounds,0,,,,,1,1,2,1,1,1,1,1,0,0,0,s1a3_greedy,1,0,0.2022624012082815,0.19613018882228062,23,0,0,3,3,3,0,0,0.0,0.55,0.75,0.65,0.65,0,0.0,0.55,0.75,0.65,0.65,0,0.12,0.55,0.6,0.575,0.675,0,0.12,0.55,0.6,0.575,0.675
2899,no_strict_e1_improvement,0,,,,,1,0,2,1,1,1,1,1,0,0,-1,current,0,0,0.16338583069154994,0.16338583069154994,23,13,13,13,13,0,0,0,0.52,0.6,0.5,0.55,0.6,0,0.52,0.6,0.5,0.55,0.6,0,0.52,0.6,0.5,0.55,0.6,0,0.52,0.6,0.5,0.55,0.6
2900,max_rounds,0,,,,,1,1,2,1,1,1,1,1,0,0,0,s1a3_greedy,1,0,0.19460554818506354,0.12594027938321234,16,0,0,0,0,0,0,0,0.0,0.35,0.2,0.275,0.45,0,0.0,0.35,0.2,0.275,0.45,0,0.0,0.55,0.4,0.475,0.55,0,0.0,0.55,0.4,0.475,0.55
2901,max_rounds,0,,,,,1,1,2,1,1,1,1,1,0,0,0,s1a3_greedy,1,0,0.2536303444940131,0.16959195367526264,14,0,0,0,0,0,0,0,0.0,0.3,0.35,0.325,0.45,0,0.0,0.3,0.35,0.325,0.45,0,0.0,0.35,0.35,0.35,0.425,0,0.0,0.35,0.35,0.35,0.425
2902,no_strict_e1_improvement,0,,,,,1,0,1,1,0,1,0,1,0,0,-1,current,0,0,0.026734319003298878,0.026734319003298878,34,25,25,25,25,0,0,1,1.0,1.0,1.0,1.0,1.0,1,1.0,1.0,1.0,1.0,1.0,1,1.0,1.0,1.0,1.0,1.0,1,1.0,1.0,1.0,1.0,1.0
2903,no_strict_e1_improvement,0,,,,,1,0,2,1,1,1,1,1,0,0,-1,current,0,0,0.23941151541657746,0.23941151541657746,20,0,0,0,0,0,0,0,0.0,0.3,0.5,0.4,0.425,0,0.0,0.3,0.5,0.4,0.425,0,0.0,0.3,0.5,0.4,0.425,0,0.0,0.3,0.5,0.4,0.425
2904,no_strict_e1_improvement,0,,,,,1,0,2,1,1,1,1,1,0,0,-1,current,0,0,0.09014180353842675,0.09014180353842675,27,22,22,22,22,0,0,0,0.88,0.85,0.9,0.875,0.875,0,0.88,0.85,0.9,0.875,0.875,0,0.88,0.85,0.9,0.875,0.875,0,0.88,0.85,0.9,0.875,0.875
2905,small_component,0,,,,,1,0,0,0,0,0,0,1,0,0,-1,current,0,0,0.2033603563439101,0.2033603563439101,22,0,0,0,0,0,0,0,0.0,0.8,0.6,0.7,0.7,0,0.0,0.8,0.6,0.7,0.7,0,0.0,0.8,0.6,0.7,0.7,0,0.0,0.8,0.6,0.7,0.7
2906,max_rounds,0,,,,,1,1,2,1,1,1,1,1,0,0,0,s1a3_greedy,1,0,0.15229111020453273,0.09866552581079305,24,17,17,19,19,2,0,0,0.68,0.6,0.6,0.6,0.65,0,0.68,0.6,0.6,0.6,0.65,0,0.76,0.7,0.75,0.725,0.775,0,0.76,0.7,0.75,0.725,0.775
2907,no_strict_e1_improvement,0,,,,,1,0,1,1,0,1,0,1,0,0,-1,current,0,0,0.041531121847219764,0.041531121847219764,29,25,25,25,25,0,0,1,1.0,1.0,1.0,1.0,1.0,1,1.0,1.0,1.0,1.0,1.0,1,1.0,1.0,1.0,1.0,1.0,1,1.0,1.0,1.0,1.0,1.0
2908,no_strict_e1_improvement,0,,,,,1,0,2,1,1,1,1,1,0,0,-1,current,0,0,0.06976041954476386,0.06976041954476386,29,0,0,0,0,0,0,0,0.0,0.75,1.0,0.875,0.875,0,0.0,0.75,1.0,0.875,0.875,0,0.0,0.75,1.0,0.875,0.875,0,0.0,0.75,1.0,0.875,0.875
2909,partial_completed__no_strict_e1_improvement,1,,10,3,6,1,0,2,1,1,1,1,1,0,0,-1,current,1,0,0.21015833290293812,0.21015833290293812,16,0,0,0,0,0,0,0,0.0,0.15,0.25,0.2,0.2,0,0.0,0.3,0.25,0.275,0.375,0,0.0,0.3,0.25,0.275,0.375,0,0.0,0.3,0.25,0.275,0.375
2910,max_rounds,0,,,,,1,1,2,1,1,1,1,1,0,0,0,s1a3_greedy,1,0,0.18292994670337065,0.14380892498156755,15,17,17,14,14,-3,0,0,0.68,0.5,0.7,0.6,0.65,0,0.68,0.5,0.7,0.6,0.65,0,0.56,0.4,0.6,0.5,0.575,0,0.56,0.4,0.6,0.5,0.575
2911,max_rounds,0,,,,,1,1,2,1,1,1,1,1,0,0,0,s1a3_greedy,1,0,0.14952832581475378,0.13393796999007462,21,0,0,1,1,1,0,0,0.0,0.6,0.65,0.625,0.65,0,0.0,0.6,0.65,0.625,0.65,0,0.04,0.5,0.55,0.525,0.575,0,0.04,0.5,0.55,0.525,0.575
2912,max_rounds,0,,,,,1,1,2,1,1,1,1,1,0,0,0,s1a3_greedy,1,0,0.24223401413764806,0.1950463868211955,16,6,6,1,1,-5,0,0,0.24,0.35,0.65,0.5,0.525,0,0.24,0.35,0.65,0.5,0.525,0,0.04,0.25,0.55,0.4,0.475,0,0.04,0.25,0.55,0.4,0.475
2913,max_rounds,0,,,,,1,1,2,1,1,1,1,1,0,0,0,s1a3_greedy,1,0,0.26565013437066226,0.2224691369337961,21,0,0,0,0,0,0,0,0.0,0.2,0.55,0.375,0.4,0,0.0,0.2,0.55,0.375,0.4,0,0.0,0.3,0.55,0.425,0.475,0,0.0,0.3,0.55,0.425,0.475
2914,small_component,0,,,,,1,0,0,0,0,0,0,1,0,0,-1,current,0,0,0.23773339574690908,0.23773339574690908,19,1,1,1,1,0,0,0,0.04,0.35,0.45,0.4,0.475,0,0.04,0.35,0.45,0.4,0.475,0,0.04,0.35,0.45,0.4,0.475,0,0.04,0.35,0.45,0.4,0.475
2915,partial_completed__small_component,1,,9,4,8,1,0,0,0,0,0,0,1,0,0,-1,current,1,0,0.30062744895403737,0.30062744895403737,15,0,6,6,6,6,0,0,0.0,0.35,0.25,0.3,0.325,0,0.24,0.4,0.3,0.35,0.425,0,0.24,0.4,0.3,0.35,0.425,0,0.24,0.4,0.3,0.35,0.425
2916,no_strict_e1_improvement,0,,,,,1,0,1,1,0,1,0,1,0,0,-1,current,0,0,0.03377669260080438,0.03377669260080438,26,1,1,1,1,0,0,0,0.04,0.7,0.9,0.8,0.8,0,0.04,0.7,0.9,0.8,0.8,0,0.04,0.7,0.9,0.8,0.8,0,0.04,0.7,0.9,0.8,0.8
2917,max_rounds,0,,,,,1,1,2,1,1,1,1,1,0,0,0,s1a3_greedy,1,0,0.24100912844296546,0.11717227804474532,20,6,6,14,14,8,0,0,0.24,0.3,0.3,0.3,0.325,0,0.24,0.3,0.3,0.3,0.325,0,0.56,0.6,0.55,0.575,0.625,0,0.56,0.6,0.55,0.575,0.625
2918,max_rounds,0,,,,,1,1,2,1,1,1,1,1,0,0,0,s1a3_greedy,1,0,0.2656160854476184,0.23990865752311946,15,6,6,2,2,-4,0,0,0.24,0.25,0.35,0.3,0.375,0,0.24,0.25,0.35,0.3,0.375,0,0.08,0.25,0.3,0.275,0.45,0,0.08,0.25,0.3,0.275,0.45
2919,max_rounds,0,,,,,1,1,2,1,1,1,1,1,0,0,0,s1a3_greedy,1,0,0.04413150969776325,0.042044598166830836,10,3,3,1,1,-2,0,0,0.12,0.2,0.3,0.25,0.425,0,0.12,0.2,0.3,0.25,0.425,0,0.04,0.25,0.35,0.3,0.425,0,0.04,0.25,0.35,0.3,0.425
2920,max_rounds,0,,,,,1,1,2,1,1,1,1,1,0,0,0,s1a3_greedy,1,0,0.15586735305842012,0.14834971295204014,19,5,5,4,4,-1,0,0,0.2,0.2,0.8,0.5,0.575,0,0.2,0.2,0.8,0.5,0.575,0,0.16,0.15,0.9,0.525,0.625,0,0.16,0.15,0.9,0.525,0.625
2921,max_rounds,0,,,,,1,1,2,1,1,1,1,1,0,0,0,s1a3_greedy,1,0,0.02785037987632677,0.027509681989613455,31,25,25,23,23,-2,0,1,1.0,1.0,1.0,1.0,1.0,1,1.0,1.0,1.0,1.0,1.0,0,0.92,0.85,0.9,0.875,0.9,0,0.92,0.85,0.9,0.875,0.9
2922,no_strict_e1_improvement,0,,,,,1,0,1,1,0,1,0,1,0,0,-1,current,0,0,0.02315083786379546,0.02315083786379546,32,25,25,25,25,0,0,1,1.0,1.0,1.0,1.0,1.0,1,1.0,1.0,1.0,1.0,1.0,1,1.0,1.0,1.0,1.0,1.0,1,1.0,1.0,1.0,1.0,1.0
2923,small_component,0,,,,,1,0,0,0,0,0,0,1,0,0,-1,current,0,0,0.28424710053950547,0.28424710053950547,16,0,0,0,0,0,0,0,0.0,0.15,0.3,0.225,0.3,0,0.0,0.15,0.3,0.225,0.3,0,0.0,0.15,0.3,0.225,0.3,0,0.0,0.15,0.3,0.225,0.3
2924,max_rounds,0,,,,,1,1,2,1,1,1,1,1,0,0,0,s1a3_greedy,1,0,0.3017238987667952,0.2028580760641489,17,4,4,0,0,-4,0,0,0.16,0.25,0.3,0.275,0.3,0,0.16,0.25,0.3,0.275,0.3,0,0.0,0.3,0.3,0.3,0.35,0,0.0,0.3,0.3,0.3,0.35
2925,partial_completed__max_rounds,1,,5,2,4,1,1,2,1,1,1,1,1,0,0,0,s1a3_greedy,1,0,0.3175906947115436,0.2687705999240279,14,5,2,0,0,-5,0,0,0.2,0.3,0.05,0.175,0.25,0,0.08,0.35,0.05,0.2,0.3,0,0.0,0.35,0.1,0.225,0.275,0,0.0,0.35,0.1,0.225,0.275
2926,max_rounds,0,,,,,1,1,2,1,1,1,1,1,0,0,0,s1a3_greedy,1,0,0.2984128588461317,0.1522004044149071,18,0,0,0,0,0,0,0,0.0,0.2,0.6,0.4,0.425,0,0.0,0.2,0.6,0.4,0.425,0,0.0,0.3,0.6,0.45,0.5,0,0.0,0.3,0.6,0.45,0.5
2927,no_strict_e1_improvement,0,,,,,1,0,1,1,0,1,0,1,0,0,-1,current,0,0,0.05012877129483968,0.05012877129483968,27,25,25,25,25,0,0,1,1.0,1.0,1.0,1.0,1.0,1,1.0,1.0,1.0,1.0,1.0,1,1.0,1.0,1.0,1.0,1.0,1,1.0,1.0,1.0,1.0,1.0
2928,no_strict_e1_improvement,0,,,,,1,0,1,1,0,1,0,1,0,0,-1,current,0,0,0.02277775648399256,0.02277775648399256,36,25,25,25,25,0,0,1,1.0,1.0,1.0,1.0,1.0,1,1.0,1.0,1.0,1.0,1.0,1,1.0,1.0,1.0,1.0,1.0,1,1.0,1.0,1.0,1.0,1.0
2929,no_strict_e1_improvement,0,,,,,1,0,1,1,0,1,0,1,0,0,-1,current,0,0,0.015082034253282472,0.015082034253282472,32,25,25,25,25,0,0,1,1.0,1.0,1.0,1.0,1.0,1,1.0,1.0,1.0,1.0,1.0,1,1.0,1.0,1.0,1.0,1.0,1,1.0,1.0,1.0,1.0,1.0
2930,max_rounds,0,,,,,1,1,2,1,1,1,1,1,0,0,0,s1a3_greedy,1,0,0.26795812013442627,0.1994592731760349,14,1,1,4,4,3,0,0,0.04,0.0,0.2,0.1,0.2,0,0.04,0.0,0.2,0.1,0.2,0,0.16,0.1,0.1,0.1,0.3,0,0.16,0.1,0.1,0.1,0.3
2931,small_component,0,,,,,1,0,0,0,0,0,0,1,0,0,-1,current,0,0,0.24429115405364427,0.24429115405364427,18,0,0,0,0,0,0,0,0.0,0.1,0.15,0.125,0.175,0,0.0,0.1,0.15,0.125,0.175,0,0.0,0.1,0.15,0.125,0.175,0,0.0,0.1,0.15,0.125,0.175
2932,small_component,0,,,,,1,0,0,0,0,0,0,1,0,0,-1,current,0,0,0.2876520077930763,0.2876520077930763,17,3,3,3,3,0,0,0,0.12,0.2,0.35,0.275,0.375,0,0.12,0.2,0.35,0.275,0.375,0,0.12,0.2,0.35,0.275,0.375,0,0.12,0.2,0.35,0.275,0.375
2933,max_rounds,0,,,,,1,1,2,1,1,1,1,1,0,0,0,s1a3_greedy,1,0,0.060369765746872875,0.0318160409340635,22,17,17,18,18,1,0,0,0.68,0.6,0.6,0.6,0.65,0,0.68,0.6,0.6,0.6,0.65,0,0.72,0.65,0.7,0.675,0.7,0,0.72,0.65,0.7,0.675,0.7
2934,no_strict_e1_improvement,0,,,,,1,0,1,1,0,1,0,1,0,0,-1,current,0,0,0.04070145126315765,0.04070145126315765,30,0,0,0,0,0,0,0,0.0,0.75,1.0,0.875,0.875,0,0.0,0.75,1.0,0.875,0.875,0,0.0,0.75,1.0,0.875,0.875,0,0.0,0.75,1.0,0.875,0.875
2935,no_strict_e1_improvement,0,,,,,1,0,1,1,0,1,0,1,0,0,-1,current,0,0,0.054093017568811776,0.054093017568811776,27,0,0,0,0,0,0,0,0.0,0.75,1.0,0.875,0.875,0,0.0,0.75,1.0,0.875,0.875,0,0.0,0.75,1.0,0.875,0.875,0,0.0,0.75,1.0,0.875,0.875
2936,max_rounds,0,,,,,1,1,2,1,1,1,1,1,0,0,0,s1a3_greedy,1,0,0.21895746831978613,0.19045950808758788,23,0,0,0,0,0,0,0,0.0,0.6,0.65,0.625,0.7,0,0.0,0.6,0.65,0.625,0.7,0,0.0,0.5,0.6,0.55,0.6,0,0.0,0.5,0.6,0.55,0.6
2937,no_strict_e1_improvement,0,,,,,1,0,1,1,0,1,0,1,0,0,-1,current,0,0,0.015141158970072866,0.015141158970072866,36,25,25,25,25,0,0,1,1.0,1.0,1.0,1.0,1.0,1,1.0,1.0,1.0,1.0,1.0,1,1.0,1.0,1.0,1.0,1.0,1,1.0,1.0,1.0,1.0,1.0
2938,no_strict_e1_improvement,0,,,,,1,0,1,1,0,1,0,1,0,0,-1,current,0,0,0.08213745893444865,0.08213745893444865,29,0,0,0,0,0,0,0,0.0,0.75,0.75,0.75,0.75,0,0.0,0.75,0.75,0.75,0.75,0,0.0,0.75,0.75,0.75,0.75,0,0.0,0.75,0.75,0.75,0.75
2939,no_strict_e1_improvement,0,,,,,1,0,2,1,1,1,1,1,0,0,-1,current,0,0,0.0840077659173403,0.0840077659173403,29,0,0,0,0,0,0,0,0.0,0.75,1.0,0.875,0.875,0,0.0,0.75,1.0,0.875,0.875,0,0.0,0.75,1.0,0.875,0.875,0,0.0,0.75,1.0,0.875,0.875
2940,max_rounds,0,,,,,1,1,2,1,1,1,1,1,0,0,0,s1a3_greedy,1,0,0.26445295442827044,0.26306604272685946,16,1,1,1,1,0,0,0,0.04,0.45,0.45,0.45,0.475,0,0.04,0.45,0.45,0.45,0.475,0,0.04,0.45,0.5,0.475,0.55,0,0.04,0.45,0.5,0.475,0.55
2941,small_component,0,,,,,1,0,0,0,0,0,0,1,0,0,-1,current,0,0,0.3087326750974171,0.3087326750974171,12,1,1,1,1,0,0,0,0.04,0.25,0.0,0.125,0.175,0,0.04,0.25,0.0,0.125,0.175,0,0.04,0.25,0.0,0.125,0.175,0,0.04,0.25,0.0,0.125,0.175
2942,max_rounds,0,,,,,1,1,2,1,1,1,1,1,0,0,0,s1a3_greedy,1,0,0.2513993346597999,0.23510954320663585,19,0,0,2,2,2,0,0,0.0,0.45,0.4,0.425,0.5,0,0.0,0.45,0.4,0.425,0.5,0,0.08,0.2,0.55,0.375,0.425,0,0.08,0.2,0.55,0.375,0.425
2943,max_rounds,0,,,,,1,1,2,1,1,1,1,1,0,0,0,s1a3_greedy,1,0,0.17930288589559495,0.1564868354005739,18,0,0,0,0,0,0,0,0.0,0.5,0.65,0.575,0.6,0,0.0,0.5,0.65,0.575,0.6,0,0.0,0.5,0.7,0.6,0.675,0,0.0,0.5,0.7,0.6,0.675
2944,partial_completed__no_strict_e1_improvement,1,,5,2,4,1,0,2,1,1,1,1,1,0,0,-1,current,1,0,0.10286097283824347,0.10286097283824347,20,0,0,0,0,0,0,0,0.0,0.4,0.5,0.45,0.475,0,0.0,0.55,0.5,0.525,0.575,0,0.0,0.55,0.5,0.525,0.575,0,0.0,0.55,0.5,0.525,0.575
2945,max_rounds,0,,,,,1,1,2,1,1,1,1,1,0,0,0,s1a3_greedy,1,0,0.09767864104360342,0.03580551780760288,32,23,23,25,25,2,0,0,0.92,0.85,0.8,0.825,0.85,0,0.92,0.85,0.8,0.825,0.85,1,1.0,1.0,1.0,1.0,1.0,1,1.0,1.0,1.0,1.0,1.0
2946,partial_completed__max_rounds,1,,5,2,4,1,1,2,1,1,1,1,1,0,0,0,s1a3_greedy,1,0,0.22305277483537794,0.1755816845688969,17,2,2,0,0,-2,0,0,0.08,0.1,0.35,0.225,0.3,0,0.08,0.1,0.5,0.3,0.4,0,0.0,0.15,0.55,0.35,0.4,0,0.0,0.15,0.55,0.35,0.4
2947,no_strict_e1_improvement,0,,,,,1,0,2,1,1,1,1,1,0,0,-1,current,0,0,0.03867991116130724,0.03867991116130724,31,25,25,25,25,0,0,1,1.0,1.0,1.0,1.0,1.0,1,1.0,1.0,1.0,1.0,1.0,1,1.0,1.0,1.0,1.0,1.0,1,1.0,1.0,1.0,1.0,1.0
2948,no_strict_e1_improvement,0,,,,,1,0,1,1,0,1,0,1,0,0,-1,current,0,0,0.012878355634165927,0.012878355634165927,34,25,25,25,25,0,0,1,1.0,1.0,1.0,1.0,1.0,1,1.0,1.0,1.0,1.0,1.0,1,1.0,1.0,1.0,1.0,1.0,1,1.0,1.0,1.0,1.0,1.0
2949,no_strict_e1_improvement,0,,,,,1,0,1,1,0,1,0,1,0,0,-1,current,0,0,0.034340338152833286,0.034340338152833286,31,25,25,25,25,0,0,1,1.0,1.0,1.0,1.0,1.0,1,1.0,1.0,1.0,1.0,1.0,1,1.0,1.0,1.0,1.0,1.0,1,1.0,1.0,1.0,1.0,1.0
2950,no_strict_e1_improvement,0,,,,,1,0,1,1,0,1,0,1,0,0,-1,current,0,0,0.08017240388435312,0.08017240388435312,31,22,22,22,22,0,0,0,0.88,0.85,0.85,0.85,0.85,0,0.88,0.85,0.85,0.85,0.85,0,0.88,0.85,0.85,0.85,0.85,0,0.88,0.85,0.85,0.85,0.85
2951,no_strict_e1_improvement,0,,,,,1,0,1,1,0,1,0,1,0,0,-1,current,0,0,0.053529236512258646,0.053529236512258646,29,0,0,0,0,0,0,0,0.0,0.95,0.75,0.85,0.85,0,0.0,0.95,0.75,0.85,0.85,0,0.0,0.95,0.75,0.85,0.85,0,0.0,0.95,0.75,0.85,0.85
2952,no_strict_e1_improvement,0,,,,,1,0,2,1,1,1,1,1,0,0,-1,current,0,0,0.069210119638592,0.069210119638592,28,23,23,23,23,0,0,0,0.92,0.85,0.9,0.875,0.9,0,0.92,0.85,0.9,0.875,0.9,0,0.92,0.85,0.9,0.875,0.9,0,0.92,0.85,0.9,0.875,0.9
2953,max_rounds,0,,,,,1,1,2,1,1,1,1,1,0,0,0,s1a3_greedy,1,0,0.24733109986409546,0.16569868950173258,22,0,0,0,0,0,0,0,0.0,0.4,0.7,0.55,0.625,0,0.0,0.4,0.7,0.55,0.625,0,0.0,0.65,0.6,0.625,0.675,0,0.0,0.65,0.6,0.625,0.675
2954,max_rounds,0,,,,,1,1,2,1,1,1,1,1,0,0,0,s1a3_greedy,1,0,0.13243335796287284,0.10975242279237137,21,0,0,0,0,0,0,0,0.0,0.5,0.55,0.525,0.6,0,0.0,0.5,0.55,0.525,0.6,0,0.0,0.45,0.75,0.6,0.675,0,0.0,0.45,0.75,0.6,0.675
2955,max_rounds,0,,,,,1,1,2,1,1,1,1,1,0,0,0,s1a3_greedy,1,0,0.2548845914658159,0.2003316381946206,21,0,0,0,0,0,0,0,0.0,0.5,0.75,0.625,0.7,0,0.0,0.5,0.75,0.625,0.7,0,0.0,0.55,0.75,0.65,0.725,0,0.0,0.55,0.75,0.65,0.725
2956,max_rounds,0,,,,,1,1,2,1,1,1,1,1,0,0,0,s1a3_greedy,1,0,0.19305065763182938,0.1544405913213268,25,10,10,2,2,-8,0,0,0.4,0.5,0.65,0.575,0.575,0,0.4,0.5,0.65,0.575,0.575,0,0.08,0.55,0.6,0.575,0.6,0,0.08,0.55,0.6,0.575,0.6
2957,max_rounds,0,,,,,1,1,2,1,1,1,1,1,0,0,0,s1a3_greedy,1,0,0.2571866957936436,0.18550878181122243,19,8,8,7,7,-1,0,0,0.32,0.25,0.45,0.35,0.425,0,0.32,0.25,0.45,0.35,0.425,0,0.28,0.2,0.5,0.35,0.375,0,0.28,0.2,0.5,0.35,0.375
2958,no_strict_e1_improvement,0,,,,,1,0,2,1,1,1,1,1,0,0,-1,current,0,0,0.22009245646186174,0.22009245646186174,19,6,6,6,6,0,0,0,0.24,0.35,0.6,0.475,0.575,0,0.24,0.35,0.6,0.475,0.575,0,0.24,0.35,0.6,0.475,0.575,0,0.24,0.35,0.6,0.475,0.575
2959,max_rounds,0,,,,,1,1,2,1,1,1,1,1,0,0,0,s1a3_greedy,1,0,0.181185710785212,0.14669522592012071,22,1,1,1,1,0,0,0,0.04,0.3,0.65,0.475,0.475,0,0.04,0.3,0.65,0.475,0.475,0,0.04,0.3,0.6,0.45,0.525,0,0.04,0.3,0.6,0.45,0.525
2960,no_strict_e1_improvement,0,,,,,1,0,1,1,0,1,0,1,0,0,-1,current,0,0,0.04619651003740728,0.04619651003740728,30,25,25,25,25,0,0,1,1.0,1.0,1.0,1.0,1.0,1,1.0,1.0,1.0,1.0,1.0,1,1.0,1.0,1.0,1.0,1.0,1,1.0,1.0,1.0,1.0,1.0
2961,max_rounds,0,,,,,1,1,2,1,1,1,1,1,0,0,0,s1a3_greedy,1,0,0.18680273277277593,0.10132329116167967,23,15,15,21,21,6,0,0,0.6,0.6,0.55,0.575,0.575,0,0.6,0.6,0.55,0.575,0.575,0,0.84,0.7,0.8,0.75,0.825,0,0.84,0.7,0.8,0.75,0.825
2962,max_rounds,0,,,,,1,1,2,1,1,1,1,1,0,0,0,s1a3_greedy,1,0,0.13378521730192006,0.12839338008780032,21,0,0,0,0,0,0,0,0.0,0.75,0.5,0.625,0.65,0,0.0,0.75,0.5,0.625,0.65,0,0.0,0.8,0.6,0.7,0.725,0,0.0,0.8,0.6,0.7,0.725
2963,max_rounds,0,,,,,1,1,2,1,1,1,1,1,0,0,0,s1a3_greedy,1,0,0.09445096942727105,0.04427488631699816,15,0,0,0,0,0,0,0,0.0,0.3,0.45,0.375,0.475,0,0.0,0.3,0.45,0.375,0.475,0,0.0,0.2,0.4,0.3,0.425,0,0.0,0.2,0.4,0.3,0.425
2964,max_rounds,0,,,,,1,1,2,1,1,1,1,1,0,0,0,s1a3_greedy,1,0,0.2653685956262052,0.16783458632417023,21,0,0,0,0,0,0,0,0.0,0.55,0.3,0.425,0.45,0,0.0,0.55,0.3,0.425,0.45,0,0.0,0.55,0.4,0.475,0.55,0,0.0,0.55,0.4,0.475,0.55
2965,small_component,0,,,,,1,0,0,0,0,0,0,1,0,0,-1,current,0,0,0.2330958570819348,0.2330958570819348,16,2,2,2,2,0,0,0,0.08,0.2,0.05,0.125,0.125,0,0.08,0.2,0.05,0.125,0.125,0,0.08,0.2,0.05,0.125,0.125,0,0.08,0.2,0.05,0.125,0.125
2966,no_strict_e1_improvement,0,,,,,1,0,1,1,0,1,0,1,0,0,-1,current,0,0,0.018388905725441874,0.018388905725441874,35,25,25,25,25,0,0,1,1.0,1.0,1.0,1.0,1.0,1,1.0,1.0,1.0,1.0,1.0,1,1.0,1.0,1.0,1.0,1.0,1,1.0,1.0,1.0,1.0,1.0
2967,max_rounds,0,,,,,1,1,2,1,1,1,1,1,0,0,0,s1a3_greedy,1,0,0.1275576678395737,0.05397137648542412,32,1,1,0,0,-1,0,0,0.04,0.6,0.8,0.7,0.725,0,0.04,0.6,0.8,0.7,0.725,0,0.0,0.75,1.0,0.875,0.875,0,0.0,0.75,1.0,0.875,0.875
2968,no_strict_e1_improvement,0,,,,,1,0,1,1,0,1,0,1,0,0,-1,current,0,0,0.114653329027351,0.114653329027351,22,0,0,0,0,0,0,0,0.0,0.5,0.4,0.45,0.5,0,0.0,0.5,0.4,0.45,0.5,0,0.0,0.5,0.4,0.45,0.5,0,0.0,0.5,0.4,0.45,0.5
2969,no_strict_e1_improvement,0,,,,,1,0,1,1,0,1,0,1,0,0,-1,current,0,0,0.04019619389437139,0.04019619389437139,33,0,0,0,0,0,0,0,0.0,0.75,1.0,0.875,0.875,0,0.0,0.75,1.0,0.875,0.875,0,0.0,0.75,1.0,0.875,0.875,0,0.0,0.75,1.0,0.875,0.875
2970,no_strict_e1_improvement,0,,,,,1,0,1,1,0,1,0,1,0,0,-1,current,0,0,0.07817639957938809,0.07817639957938809,31,0,0,0,0,0,0,0,0.0,0.75,1.0,0.875,0.875,0,0.0,0.75,1.0,0.875,0.875,0,0.0,0.75,1.0,0.875,0.875,0,0.0,0.75,1.0,0.875,0.875
2971,max_rounds,0,,,,,1,1,2,1,1,1,1,1,0,0,0,s1a3_greedy,1,0,0.26852266252972185,0.24545066929422318,15,0,0,0,0,0,0,0,0.0,0.45,0.5,0.475,0.525,0,0.0,0.45,0.5,0.475,0.525,0,0.0,0.4,0.5,0.45,0.475,0,0.0,0.4,0.5,0.45,0.475
2972,max_rounds,0,,,,,1,1,2,1,1,1,1,1,0,0,0,s1a3_greedy,1,0,0.27941328887827693,0.2144787964178249,19,0,0,0,0,0,0,0,0.0,0.2,0.4,0.3,0.325,0,0.0,0.2,0.4,0.3,0.325,0,0.0,0.45,0.65,0.55,0.6,0,0.0,0.45,0.65,0.55,0.6
2973,max_rounds,0,,,,,1,1,2,1,1,1,1,1,0,0,0,s1a3_greedy,1,0,0.2855252527515404,0.24855576985282823,16,1,1,0,0,-1,0,0,0.04,0.2,0.4,0.3,0.375,0,0.04,0.2,0.4,0.3,0.375,0,0.0,0.25,0.4,0.325,0.45,0,0.0,0.25,0.4,0.325,0.45
2974,no_strict_e1_improvement,0,,,,,1,0,1,1,0,1,0,1,0,0,-1,current,0,0,0.0657424514181912,0.0657424514181912,32,0,0,0,0,0,0,0,0.0,1.0,0.75,0.875,0.875,0,0.0,1.0,0.75,0.875,0.875,0,0.0,1.0,0.75,0.875,0.875,0,0.0,1.0,0.75,0.875,0.875
2975,no_strict_e1_improvement,0,,,,,1,0,2,1,1,1,1,1,0,0,-1,current,0,0,0.10766458042198793,0.10766458042198793,21,1,1,1,1,0,0,0,0.04,0.4,0.6,0.5,0.575,0,0.04,0.4,0.6,0.5,0.575,0,0.04,0.4,0.6,0.5,0.575,0,0.04,0.4,0.6,0.5,0.575
2976,no_strict_e1_improvement,0,,,,,1,0,2,1,1,1,1,1,0,0,-1,current,0,0,0.1048663331195712,0.1048663331195712,30,0,0,0,0,0,0,0,0.0,0.5,0.9,0.7,0.7,0,0.0,0.5,0.9,0.7,0.7,0,0.0,0.5,0.9,0.7,0.7,0,0.0,0.5,0.9,0.7,0.7
2977,small_component,0,,,,,1,0,0,0,0,0,0,1,0,0,-1,current,0,0,0.31201132084243,0.31201132084243,16,1,1,1,1,0,0,0,0.04,0.2,0.4,0.3,0.35,0,0.04,0.2,0.4,0.3,0.35,0,0.04,0.2,0.4,0.3,0.35,0,0.04,0.2,0.4,0.3,0.35
2978,no_strict_e1_improvement,0,,,,,1,0,2,1,1,1,1,1,0,0,-1,current,0,0,0.1514431680087,0.1514431680087,29,0,0,0,0,0,0,0,0.0,0.75,0.6,0.675,0.675,0,0.0,0.75,0.6,0.675,0.675,0,0.0,0.75,0.6,0.675,0.675,0,0.0,0.75,0.6,0.675,0.675
2979,no_strict_e1_improvement,0,,,,,1,0,2,1,1,1,1,1,0,0,-1,current,0,0,0.10133793361019343,0.10133793361019343,26,0,0,0,0,0,0,0,0.0,0.75,0.75,0.75,0.75,0,0.0,0.75,0.75,0.75,0.75,0,0.0,0.75,0.75,0.75,0.75,0,0.0,0.75,0.75,0.75,0.75
2980,no_strict_e1_improvement,0,,,,,1,0,2,1,1,1,1,1,0,0,-1,current,0,0,0.22719249753281473,0.22719249753281473,20,0,0,0,0,0,0,0,0.0,0.5,0.35,0.425,0.475,0,0.0,0.5,0.35,0.425,0.475,0,0.0,0.5,0.35,0.425,0.475,0,0.0,0.5,0.35,0.425,0.475
2981,no_strict_e1_improvement,0,,,,,1,0,1,1,0,1,0,1,0,0,-1,current,0,0,0.06532322907587514,0.06532322907587514,31,0,0,0,0,0,0,0,0.0,0.75,1.0,0.875,0.875,0,0.0,0.75,1.0,0.875,0.875,0,0.0,0.75,1.0,0.875,0.875,0,0.0,0.75,1.0,0.875,0.875
2982,max_rounds,0,,,,,1,1,2,1,1,1,1,1,0,0,0,s1a3_greedy,1,0,0.14206128707155585,0.08180021392181516,29,0,0,0,0,0,0,0,0.0,0.6,0.8,0.7,0.725,0,0.0,0.6,0.8,0.7,0.725,0,0.0,0.75,0.95,0.85,0.85,0,0.0,0.75,0.95,0.85,0.85
2983,no_strict_e1_improvement,0,,,,,1,0,1,1,0,1,0,1,0,0,-1,current,0,0,0.018534579128026963,0.018534579128026963,38,25,25,25,25,0,0,1,1.0,1.0,1.0,1.0,1.0,1,1.0,1.0,1.0,1.0,1.0,1,1.0,1.0,1.0,1.0,1.0,1,1.0,1.0,1.0,1.0,1.0
2984,partial_completed__no_strict_e1_improvement,1,,5,2,4,1,0,2,1,1,1,1,1,0,0,-1,current,1,0,0.21462120070355012,0.21462120070355012,16,0,1,1,1,1,0,0,0.0,0.1,0.25,0.175,0.2,0,0.04,0.1,0.3,0.2,0.225,0,0.04,0.1,0.3,0.2,0.225,0,0.04,0.1,0.3,0.2,0.225
2985,max_rounds,0,,,,,1,1,2,1,1,1,1,1,0,0,0,s1a3_greedy,1,0,0.09857730069197715,0.04853318447712809,26,19,19,23,23,4,0,0,0.76,0.8,0.8,0.8,0.825,0,0.76,0.8,0.8,0.8,0.825,0,0.92,0.85,0.9,0.875,0.9,0,0.92,0.85,0.9,0.875,0.9
2986,small_component,0,,,,,1,0,0,0,0,0,0,1,0,0,-1,current,0,0,0.2760681450890843,0.2760681450890843,15,0,0,0,0,0,0,0,0.0,0.1,0.15,0.125,0.275,0,0.0,0.1,0.15,0.125,0.275,0,0.0,0.1,0.15,0.125,0.275,0,0.0,0.1,0.15,0.125,0.275
2987,max_rounds,0,,,,,1,1,2,1,1,1,1,1,0,0,0,s1a3_greedy,1,0,0.14151012301445007,0.1078069151379168,28,0,0,0,0,0,0,0,0.0,0.6,0.75,0.675,0.675,0,0.0,0.6,0.75,0.675,0.675,0,0.0,0.65,0.8,0.725,0.725,0,0.0,0.65,0.8,0.725,0.725
2988,max_rounds,0,,,,,1,1,2,1,1,1,1,1,0,0,0,s1a3_greedy,1,0,0.08306051134131849,0.03110387814231217,34,23,23,25,25,2,0,0,0.92,0.8,0.9,0.85,0.875,0,0.92,0.8,0.9,0.85,0.875,1,1.0,1.0,1.0,1.0,1.0,1,1.0,1.0,1.0,1.0,1.0
2989,max_rounds,0,,,,,1,1,2,1,1,1,1,1,0,0,0,s1a3_greedy,1,0,0.14101664959453047,0.07264610147103667,23,4,4,1,1,-3,0,0,0.16,0.65,0.6,0.625,0.625,0,0.16,0.65,0.6,0.625,0.625,0,0.04,0.65,0.8,0.725,0.775,0,0.04,0.65,0.8,0.725,0.775
2990,no_strict_e1_improvement,0,,,,,1,0,1,1,0,1,0,1,0,0,-1,current,0,0,0.05147766036679968,0.05147766036679968,28,0,0,0,0,0,0,0,0.0,0.75,0.85,0.8,0.8,0,0.0,0.75,0.85,0.8,0.8,0,0.0,0.75,0.85,0.8,0.8,0,0.0,0.75,0.85,0.8,0.8
2991,max_rounds,0,,,,,1,1,2,1,1,1,1,1,0,0,0,s1a3_greedy,1,0,0.14229888687841594,0.08351200795732439,26,0,0,1,1,1,0,0,0.0,0.75,0.5,0.625,0.65,0,0.0,0.75,0.5,0.625,0.65,0,0.04,0.85,0.65,0.75,0.775,0,0.04,0.85,0.65,0.75,0.775
2992,max_rounds,0,,,,,1,1,2,1,1,1,1,1,0,0,0,s1a3_greedy,1,0,0.13867495061131194,0.1343239131500013,28,21,21,21,21,0,0,0,0.84,0.8,0.9,0.85,0.85,0,0.84,0.8,0.9,0.85,0.85,0,0.84,0.8,0.9,0.85,0.85,0,0.84,0.8,0.9,0.85,0.85
2993,no_strict_e1_improvement,0,,,,,1,0,1,1,0,1,0,1,0,0,-1,current,0,0,0.07214482156559825,0.07214482156559825,30,0,0,0,0,0,0,0,0.0,0.75,0.95,0.85,0.85,0,0.0,0.75,0.95,0.85,0.85,0,0.0,0.75,0.95,0.85,0.85,0,0.0,0.75,0.95,0.85,0.85
2994,max_rounds,0,,,,,1,1,2,1,1,1,1,1,0,0,0,s1a3_greedy,1,0,0.2042733674225019,0.059915653755888344,19,14,14,20,20,6,0,0,0.56,0.45,0.55,0.5,0.575,0,0.56,0.45,0.55,0.5,0.575,0,0.8,0.75,0.8,0.775,0.8,0,0.8,0.75,0.8,0.775,0.8
2995,max_rounds,0,,,,,1,1,2,1,1,1,1,1,0,0,0,s1a3_greedy,1,0,0.16307764314115047,0.0695229915669188,29,0,0,0,0,0,0,0,0.0,0.4,0.85,0.625,0.65,0,0.0,0.4,0.85,0.625,0.65,0,0.0,0.75,1.0,0.875,0.875,0,0.0,0.75,1.0,0.875,0.875
2996,max_rounds,0,,,,,1,1,2,1,1,1,1,1,0,0,0,s1a3_greedy,1,0,0.21564676150446757,0.1126306832069531,24,15,15,20,20,5,0,0,0.6,0.5,0.5,0.5,0.575,0,0.6,0.5,0.5,0.5,0.575,0,0.8,0.7,0.75,0.725,0.775,0,0.8,0.7,0.75,0.725,0.775
2997,max_rounds,0,,,,,1,1,2,1,1,1,1,1,0,0,0,s1a3_greedy,1,0,0.1476794004207477,0.10669289024081081,17,17,17,21,21,4,0,0,0.68,0.6,0.7,0.65,0.725,0,0.68,0.6,0.7,0.65,0.725,0,0.84,0.7,0.75,0.725,0.75,0,0.84,0.7,0.75,0.725,0.75
2998,partial_completed__no_strict_e1_improvement,1,,5,2,4,1,0,1,1,0,1,0,1,0,0,-1,current,1,0,0.12244797779130749,0.12244797779130749,28,18,0,0,0,-18,0,0,0.72,0.65,0.65,0.65,0.7,0,0.0,0.85,0.65,0.75,0.8,0,0.0,0.85,0.65,0.75,0.8,0,0.0,0.85,0.65,0.75,0.8
2999,no_strict_e1_improvement,0,,,,,1,0,2,1,1,1,1,1,0,0,-1,current,0,0,0.08267887560650707,0.08267887560650707,29,25,25,25,25,0,0,1,1.0,1.0,1.0,1.0,1.0,1,1.0,1.0,1.0,1.0,1.0,1,1.0,1.0,1.0,1.0,1.0,1,1.0,1.0,1.0,1.0,1.0
